  0
SECTION
  2
HEADER
  9
$ACADVER
  1
AC1018
  9
$ACADMAINTVER
 70
     0
  9
$DWGCODEPAGE
  3
ANSI_932
  9
$COMMENTS
  1
File was created by Cadenas
  9
$CUSTOMPROPERTYTAG
  1
NN
  9
$CUSTOMPROPERTY
  1
Amp
  9
$CUSTOMPROPERTYTAG
  1
NT
  9
$CUSTOMPROPERTY
  1

  9
$CUSTOMPROPERTYTAG
  1
NB
  9
$CUSTOMPROPERTY
  1
MBDLN25SE
  9
$CUSTOMPROPERTYTAG
  1
NBSYN
  9
$CUSTOMPROPERTY
  1
$CNSORDERNO.
  9
$CUSTOMPROPERTYTAG
  1
LINA
  9
$CUSTOMPROPERTY
  1
MBDLN25SE
  9
$CUSTOMPROPERTYTAG
  1
CNSORDERNO
  9
$CUSTOMPROPERTY
  1
MBDLN25SE
  9
$CUSTOMPROPERTYTAG
  1
F
  9
$CUSTOMPROPERTY
  1
B
  9
$CUSTOMPROPERTYTAG
  1
MC
  9
$CUSTOMPROPERTY
  1
400W
  9
$CUSTOMPROPERTYTAG
  1
PSV
  9
$CUSTOMPROPERTY
  1
200V
  9
$CUSTOMPROPERTYTAG
  1
ES
  9
$CUSTOMPROPERTY
  1
E : Standard type
  9
$CUSTOMPROPERTYTAG
  1
COMPANY
  9
$CUSTOMPROPERTY
  1
matsushita
  9
$INSBASE
 10
0.0
 20
0.0
 30
0.0
  9
$EXTMIN
 10
1.000000000000000E+20
 20
1.000000000000000E+20
 30
1.000000000000000E+20
  9
$EXTMAX
 10
-1.000000000000000E+20
 20
-1.000000000000000E+20
 30
-1.000000000000000E+20
  9
$LIMMIN
 10
0.0
 20
0.0
  9
$LIMMAX
 10
420.0
 20
297.0
  9
$ORTHOMODE
 70
     0
  9
$REGENMODE
 70
     1
  9
$FILLMODE
 70
     1
  9
$QTEXTMODE
 70
     0
  9
$MIRRTEXT
 70
     1
  9
$LTSCALE
 40
1.0
  9
$ATTMODE
 70
     1
  9
$TEXTSIZE
 40
2.5
  9
$TRACEWID
 40
1.0
  9
$TEXTSTYLE
  7
Standard
  9
$CLAYER
  8
0
  9
$CELTYPE
  6
ByLayer
  9
$CECOLOR
 62
   256
  9
$CELTSCALE
 40
1.0
  9
$DISPSILH
 70
     0
  9
$DIMSCALE
 40
1.0
  9
$DIMASZ
 40
2.5
  9
$DIMEXO
 40
0.625
  9
$DIMDLI
 40
3.75
  9
$DIMRND
 40
0.0
  9
$DIMDLE
 40
0.0
  9
$DIMEXE
 40
1.25
  9
$DIMTP
 40
0.0
  9
$DIMTM
 40
0.0
  9
$DIMTXT
 40
2.5
  9
$DIMCEN
 40
2.5
  9
$DIMTSZ
 40
0.0
  9
$DIMTOL
 70
     0
  9
$DIMLIM
 70
     0
  9
$DIMTIH
 70
     0
  9
$DIMTOH
 70
     0
  9
$DIMSE1
 70
     0
  9
$DIMSE2
 70
     0
  9
$DIMTAD
 70
     1
  9
$DIMZIN
 70
     8
  9
$DIMBLK
  1

  9
$DIMASO
 70
     1
  9
$DIMSHO
 70
     1
  9
$DIMPOST
  1

  9
$DIMAPOST
  1

  9
$DIMALT
 70
     0
  9
$DIMALTD
 70
     3
  9
$DIMALTF
 40
0.03937007874016
  9
$DIMLFAC
 40
1.0
  9
$DIMTOFL
 70
     1
  9
$DIMTVP
 40
0.0
  9
$DIMTIX
 70
     0
  9
$DIMSOXD
 70
     0
  9
$DIMSAH
 70
     0
  9
$DIMBLK1
  1

  9
$DIMBLK2
  1

  9
$DIMSTYLE
  2
ISO-25
  9
$DIMCLRD
 70
     0
  9
$DIMCLRE
 70
     0
  9
$DIMCLRT
 70
     0
  9
$DIMTFAC
 40
1.0
  9
$DIMGAP
 40
0.625
  9
$DIMJUST
 70
     0
  9
$DIMSD1
 70
     0
  9
$DIMSD2
 70
     0
  9
$DIMTOLJ
 70
     0
  9
$DIMTZIN
 70
     8
  9
$DIMALTZ
 70
     0
  9
$DIMALTTZ
 70
     0
  9
$DIMUPT
 70
     0
  9
$DIMDEC
 70
     2
  9
$DIMTDEC
 70
     2
  9
$DIMALTU
 70
     2
  9
$DIMALTTD
 70
     3
  9
$DIMTXSTY
  7
Standard
  9
$DIMAUNIT
 70
     0
  9
$DIMADEC
 70
     0
  9
$DIMALTRND
 40
0.0
  9
$DIMAZIN
 70
     0
  9
$DIMDSEP
 70
    44
  9
$DIMATFIT
 70
     3
  9
$DIMFRAC
 70
     0
  9
$DIMLDRBLK
  1

  9
$DIMLUNIT
 70
     2
  9
$DIMLWD
 70
    -2
  9
$DIMLWE
 70
    -2
  9
$DIMTMOVE
 70
     0
  9
$LUNITS
 70
     2
  9
$LUPREC
 70
     4
  9
$SKETCHINC
 40
1.0
  9
$FILLETRAD
 40
10.0
  9
$AUNITS
 70
     0
  9
$AUPREC
 70
     0
  9
$MENU
  1
.
  9
$ELEVATION
 40
0.0
  9
$PELEVATION
 40
0.0
  9
$THICKNESS
 40
0.0
  9
$LIMCHECK
 70
     0
  9
$CHAMFERA
 40
0.0
  9
$CHAMFERB
 40
0.0
  9
$CHAMFERC
 40
0.0
  9
$CHAMFERD
 40
0.0
  9
$SKPOLY
 70
     0
  9
$TDCREATE
 40
2457395.801303704
  9
$TDUCREATE
 40
2457395.426303704
  9
$TDUPDATE
 40
2457395.801305868
  9
$TDUUPDATE
 40
2457395.426305868
  9
$TDINDWG
 40
0.0000000116
  9
$TDUSRTIMER
 40
0.0000000116
  9
$USRTIMER
 70
     1
  9
$ANGBASE
 50
0.0
  9
$ANGDIR
 70
     0
  9
$PDMODE
 70
     0
  9
$PDSIZE
 40
0.0
  9
$PLINEWID
 40
0.0
  9
$SPLFRAME
 70
     0
  9
$SPLINETYPE
 70
     6
  9
$SPLINESEGS
 70
     8
  9
$HANDSEED
  5
F8F
  9
$SURFTAB1
 70
     6
  9
$SURFTAB2
 70
     6
  9
$SURFTYPE
 70
     6
  9
$SURFU
 70
     6
  9
$SURFV
 70
     6
  9
$UCSBASE
  2

  9
$UCSNAME
  2

  9
$UCSORG
 10
0.0
 20
0.0
 30
0.0
  9
$UCSXDIR
 10
1.0
 20
0.0
 30
0.0
  9
$UCSYDIR
 10
0.0
 20
1.0
 30
0.0
  9
$UCSORTHOREF
  2

  9
$UCSORTHOVIEW
 70
     0
  9
$UCSORGTOP
 10
0.0
 20
0.0
 30
0.0
  9
$UCSORGBOTTOM
 10
0.0
 20
0.0
 30
0.0
  9
$UCSORGLEFT
 10
0.0
 20
0.0
 30
0.0
  9
$UCSORGRIGHT
 10
0.0
 20
0.0
 30
0.0
  9
$UCSORGFRONT
 10
0.0
 20
0.0
 30
0.0
  9
$UCSORGBACK
 10
0.0
 20
0.0
 30
0.0
  9
$PUCSBASE
  2

  9
$PUCSNAME
  2

  9
$PUCSORG
 10
0.0
 20
0.0
 30
0.0
  9
$PUCSXDIR
 10
1.0
 20
0.0
 30
0.0
  9
$PUCSYDIR
 10
0.0
 20
1.0
 30
0.0
  9
$PUCSORTHOREF
  2

  9
$PUCSORTHOVIEW
 70
     0
  9
$PUCSORGTOP
 10
0.0
 20
0.0
 30
0.0
  9
$PUCSORGBOTTOM
 10
0.0
 20
0.0
 30
0.0
  9
$PUCSORGLEFT
 10
0.0
 20
0.0
 30
0.0
  9
$PUCSORGRIGHT
 10
0.0
 20
0.0
 30
0.0
  9
$PUCSORGFRONT
 10
0.0
 20
0.0
 30
0.0
  9
$PUCSORGBACK
 10
0.0
 20
0.0
 30
0.0
  9
$USERI1
 70
     0
  9
$USERI2
 70
     0
  9
$USERI3
 70
     0
  9
$USERI4
 70
     0
  9
$USERI5
 70
     0
  9
$USERR1
 40
0.0
  9
$USERR2
 40
0.0
  9
$USERR3
 40
0.0
  9
$USERR4
 40
0.0
  9
$USERR5
 40
0.0
  9
$WORLDVIEW
 70
     1
  9
$SHADEDGE
 70
     3
  9
$SHADEDIF
 70
    70
  9
$TILEMODE
 70
     1
  9
$MAXACTVP
 70
    64
  9
$PINSBASE
 10
0.0
 20
0.0
 30
0.0
  9
$PLIMCHECK
 70
     0
  9
$PEXTMIN
 10
1.000000000000000E+20
 20
1.000000000000000E+20
 30
1.000000000000000E+20
  9
$PEXTMAX
 10
-1.000000000000000E+20
 20
-1.000000000000000E+20
 30
-1.000000000000000E+20
  9
$PLIMMIN
 10
0.0
 20
0.0
  9
$PLIMMAX
 10
420.0
 20
297.0
  9
$UNITMODE
 70
     0
  9
$VISRETAIN
 70
     1
  9
$PLINEGEN
 70
     0
  9
$PSLTSCALE
 70
     1
  9
$TREEDEPTH
 70
  3020
  9
$CMLSTYLE
  2
Standard
  9
$CMLJUST
 70
     0
  9
$CMLSCALE
 40
20.0
  9
$PROXYGRAPHICS
 70
     1
  9
$MEASUREMENT
 70
     1
  9
$CELWEIGHT
370
    -1
  9
$ENDCAPS
280
     0
  9
$JOINSTYLE
280
     0
  9
$LWDISPLAY
290
     0
  9
$INSUNITS
 70
     4
  9
$HYPERLINKBASE
  1

  9
$STYLESHEET
  1

  9
$XEDIT
290
     1
  9
$CEPSNTYPE
380
     0
  9
$PSTYLEMODE
290
     1
  9
$FINGERPRINTGUID
  2
{551F7F0C-D390-477D-846D-67286BD37936}
  9
$VERSIONGUID
  2
{FAEB1C32-E019-11D5-929B-00C0DF256EC4}
  9
$EXTNAMES
290
     1
  9
$PSVPSCALE
 40
0.0
  9
$OLESTARTUP
290
     0
  9
$SORTENTS
280
   127
  9
$INDEXCTL
280
     0
  9
$HIDETEXT
280
     1
  9
$XCLIPFRAME
290
     0
  9
$HALOGAP
280
     0
  9
$OBSCOLOR
 70
   257
  9
$OBSLTYPE
280
     0
  9
$INTERSECTIONDISPLAY
280
     0
  9
$INTERSECTIONCOLOR
 70
   257
  9
$DIMASSOC
280
     2
  9
$PROJECTNAME
  1

  0
ENDSEC
  0
SECTION
  2
CLASSES
  0
CLASS
  1
ACDBDICTIONARYWDFLT
  2
AcDbDictionaryWithDefault
  3
ObjectDBX Classes
 90
        0
 91
        4
280
     0
281
     0
  0
CLASS
  1
VISUALSTYLE
  2
AcDbVisualStyle
  3
ObjectDBX Classes
 90
     4095
 91
        4
280
     0
281
     0
  0
CLASS
  1
MATERIAL
  2
AcDbMaterial
  3
ObjectDBX Classes
 90
     1153
 91
        4
280
     0
281
     0
  0
CLASS
  1
SCALE
  2
AcDbScale
  3
ObjectDBX Classes
 90
     1153
 91
        4
280
     0
281
     0
  0
CLASS
  1
TABLESTYLE
  2
AcDbTableStyle
  3
ObjectDBX Classes
 90
     4095
 91
        4
280
     0
281
     0
  0
CLASS
  1
MLEADERSTYLE
  2
AcDbMLeaderStyle
  3
ACDB_MLEADERSTYLE_CLASS
 90
     4095
 91
        4
280
     0
281
     0
  0
CLASS
  1
SUN
  2
AcDbSun
  3
SCENEOE
 90
     1153
 91
        4
280
     0
281
     0
  0
CLASS
  1
DICTIONARYVAR
  2
AcDbDictionaryVar
  3
ObjectDBX Classes
 90
        0
 91
        4
280
     0
281
     0
  0
CLASS
  1
CELLSTYLEMAP
  2
AcDbCellStyleMap
  3
ObjectDBX Classes
 90
     1152
 91
        4
280
     0
281
     0
  0
ENDSEC
  0
SECTION
  2
TABLES
  0
TABLE
  2
VPORT
  5
8
102
{ACAD_XDICTIONARY
360
F48
102
}
330
0
100
AcDbSymbolTable
 70
     1
  0
VPORT
  5
29
330
8
100
AcDbSymbolTableRecord
100
AcDbViewportTableRecord
  2
*Active
 70
     0
 10
0.0
 20
0.0
 11
1.0
 21
1.0
 12
114.4801221446814
 22
174.3470030784607
 13
0.0
 23
0.0
 14
10.0
 24
10.0
 15
10.0
 25
10.0
 16
0.0
 26
0.0
 36
1.0
 17
0.0
 27
0.0
 37
0.0
 40
356.0758800544739
 41
0.6558698875010028
 42
50.0
 43
0.0
 44
0.0
 50
0.0
 51
0.0
 71
     0
 72
   100
 73
     1
 74
     3
 75
     0
 76
     0
 77
     0
 78
     0
281
     0
 65
     1
110
0.0
120
0.0
130
0.0
111
1.0
121
0.0
131
0.0
112
0.0
122
1.0
132
0.0
 79
     0
146
0.0
  0
ENDTAB
  0
TABLE
  2
LTYPE
  5
5
330
0
100
AcDbSymbolTable
 70
     3
  0
LTYPE
  5
14
330
5
100
AcDbSymbolTableRecord
100
AcDbLinetypeTableRecord
  2
ByBlock
 70
     0
  3

 72
    65
 73
     0
 40
0.0
  0
LTYPE
  5
15
330
5
100
AcDbSymbolTableRecord
100
AcDbLinetypeTableRecord
  2
ByLayer
 70
     0
  3

 72
    65
 73
     0
 40
0.0
  0
LTYPE
  5
16
330
5
100
AcDbSymbolTableRecord
100
AcDbLinetypeTableRecord
  2
Continuous
 70
     0
  3
Solid line
 72
    65
 73
     0
 40
0.0
  0
LTYPE
  5
8D
330
5
100
AcDbSymbolTableRecord
100
AcDbLinetypeTableRecord
  2
Dashed
 70
     0
  3

 72
    65
 73
     2
 40
2.0
 49
1.0
 74
     0
 49
-1.0
 74
     0
  0
LTYPE
  5
260
330
5
100
AcDbSymbolTableRecord
100
AcDbLinetypeTableRecord
  2
Center
 70
     0
  3

 72
    65
 73
     4
 40
1.5
 49
0.45
 74
     0
 49
-0.5
 74
     0
 49
0.05
 74
     0
 49
-0.5
 74
     0
  0
ENDTAB
  0
TABLE
  2
LAYER
  5
2
330
0
100
AcDbSymbolTable
 70
     5
  0
LAYER
  5
10
330
2
100
AcDbSymbolTableRecord
100
AcDbLayerTableRecord
  2
0
 70
     0
 62
     7
  6
Continuous
370
    -3
390
F
  0
LAYER
  5
72
330
2
100
AcDbSymbolTableRecord
100
AcDbLayerTableRecord
  2
AM_6
 70
     0
 62
     2
  6
Continuous
370
    35
390
F
  0
LAYER
  5
8E
330
2
100
AcDbSymbolTableRecord
100
AcDbLayerTableRecord
  2
AM_9
 70
     0
 62
     6
  6
Dashed
370
    25
390
F
  0
LAYER
  5
261
330
2
100
AcDbSymbolTableRecord
100
AcDbLayerTableRecord
  2
AM_7
 70
     0
 62
     7
  6
Center
370
    25
390
F
  0
LAYER
  5
27B
330
2
100
AcDbSymbolTableRecord
100
AcDbLayerTableRecord
  2
AM_4
 70
     0
 62
     7
  6
Continuous
370
    50
390
F
  0
ENDTAB
  0
TABLE
  2
STYLE
  5
3
330
0
100
AcDbSymbolTable
 70
     1
  0
STYLE
  5
11
330
3
100
AcDbSymbolTableRecord
100
AcDbTextStyleTableRecord
  2
Standard
 70
     0
 40
0.0
 41
1.0
 50
0.0
 71
     0
 42
2.5
  3
txt
  4

  0
ENDTAB
  0
TABLE
  2
VIEW
  5
6
330
0
100
AcDbSymbolTable
 70
     0
  0
ENDTAB
  0
TABLE
  2
UCS
  5
7
330
0
100
AcDbSymbolTable
 70
     0
  0
ENDTAB
  0
TABLE
  2
APPID
  5
9
330
0
100
AcDbSymbolTable
 70
     2
  0
APPID
  5
12
330
9
100
AcDbSymbolTableRecord
100
AcDbRegAppTableRecord
  2
ACAD
 70
     0
  0
APPID
  5
F87
330
9
100
AcDbSymbolTableRecord
100
AcDbRegAppTableRecord
  2
ACAD_MLEADERVER
 70
     0
  0
ENDTAB
  0
TABLE
  2
DIMSTYLE
  5
A
330
0
100
AcDbSymbolTable
 70
     1
100
AcDbDimStyleTable
  0
DIMSTYLE
105
27
330
A
100
AcDbSymbolTableRecord
100
AcDbDimStyleTableRecord
  2
ISO-25
 70
     0
 41
2.5
 42
0.625
 43
3.75
 44
1.25
 73
     0
 74
     0
 77
     1
 78
     8
140
2.5
141
2.5
143
0.03937007874016
147
0.625
171
     3
172
     1
178
     0
271
     2
272
     2
274
     3
278
    44
283
     0
284
     8
340
11
  0
ENDTAB
  0
TABLE
  2
BLOCK_RECORD
  5
1
330
0
100
AcDbSymbolTable
 70
     5
  0
BLOCK_RECORD
  5
1F
330
1
100
AcDbSymbolTableRecord
100
AcDbBlockTableRecord
  2
*Model_Space
340
22
  0
BLOCK_RECORD
  5
1B
330
1
100
AcDbSymbolTableRecord
100
AcDbBlockTableRecord
  2
*Paper_Space
340
1E
  0
BLOCK_RECORD
  5
23
330
1
100
AcDbSymbolTableRecord
100
AcDbBlockTableRecord
  2
*Paper_Space0
340
26
  0
BLOCK_RECORD
  5
6E
330
1
100
AcDbSymbolTableRecord
100
AcDbBlockTableRecord
  2
1_MBDLN25SE_1100
340
0
102
{BLKREFS
331
6F
102
}
  0
BLOCK_RECORD
  5
7E
330
1
100
AcDbSymbolTableRecord
100
AcDbBlockTableRecord
  2
2_MBDLN25SE_5_in_MBDLN25SE_1100
340
0
102
{BLKREFS
331
7F
102
}
  0
BLOCK_RECORD
  5
4C9
330
1
100
AcDbSymbolTableRecord
100
AcDbBlockTableRecord
  2
3_MBDLN25SE_0_in_MBDLN25SE_1100
340
0
102
{BLKREFS
331
4CA
102
}
  0
BLOCK_RECORD
  5
A07
330
1
100
AcDbSymbolTableRecord
100
AcDbBlockTableRecord
  2
4_MBDLN25SE_2_in_MBDLN25SE_1100
340
0
102
{BLKREFS
331
A08
102
}
  0
ENDTAB
  0
ENDSEC
  0
SECTION
  2
BLOCKS
  0
BLOCK
  5
20
330
1F
100
AcDbEntity
  8
0
100
AcDbBlockBegin
  2
*Model_Space
 70
     0
 10
0.0
 20
0.0
 30
0.0
  3
*Model_Space
  1

  0
ENDBLK
  5
21
330
1F
100
AcDbEntity
  8
0
100
AcDbBlockEnd
  0
BLOCK
  5
1C
330
1B
100
AcDbEntity
 67
     1
  8
0
100
AcDbBlockBegin
  2
*Paper_Space
 70
     0
 10
0.0
 20
0.0
 30
0.0
  3
*Paper_Space
  1

  0
ENDBLK
  5
1D
330
1B
100
AcDbEntity
 67
     1
  8
0
100
AcDbBlockEnd
  0
BLOCK
  5
24
330
23
100
AcDbEntity
  8
0
100
AcDbBlockBegin
  2
*Paper_Space0
 70
     0
 10
0.0
 20
0.0
 30
0.0
  3
*Paper_Space0
  1

  0
ENDBLK
  5
25
330
23
100
AcDbEntity
  8
0
100
AcDbBlockEnd
  0
BLOCK
  5
70
330
6E
100
AcDbEntity
  8
0
100
AcDbBlockBegin
  2
1_MBDLN25SE_1100
 70
     2
 10
0.0
 20
0.0
 30
0.0
  3
1_MBDLN25SE_1100
  1

  0
ATTDEF
  5
73
330
6E
100
AcDbEntity
  8
AM_6
100
AcDbText
 10
233.9602434158326
 20
348.8940031051636
 30
0.0
 40
0.5
  1
Amp
100
AcDbAttributeDefinition
  3

  2
NN
 70
     8
  0
ATTDEF
  5
74
330
6E
100
AcDbEntity
  8
AM_6
100
AcDbText
 10
233.9602434158326
 20
348.3940031051636
 30
0.0
 40
0.5
  1

100
AcDbAttributeDefinition
  3

  2
NT
 70
     8
  0
ATTDEF
  5
75
330
6E
100
AcDbEntity
  8
AM_6
100
AcDbText
 10
233.9602434158326
 20
347.8940031051636
 30
0.0
 40
0.5
  1
MBDLN25SE
100
AcDbAttributeDefinition
  3

  2
NB
 70
     8
  0
ATTDEF
  5
76
330
6E
100
AcDbEntity
  8
AM_6
100
AcDbText
 10
233.9602434158326
 20
347.3940031051636
 30
0.0
 40
0.5
  1
$CNSORDERNO.
100
AcDbAttributeDefinition
  3

  2
NBSYN
 70
     8
  0
ATTDEF
  5
77
330
6E
100
AcDbEntity
  8
AM_6
100
AcDbText
 10
233.9602434158326
 20
346.8940031051636
 30
0.0
 40
0.5
  1
MBDLN25SE
100
AcDbAttributeDefinition
  3

  2
LINA
 70
     8
  0
ATTDEF
  5
78
330
6E
100
AcDbEntity
  8
AM_6
100
AcDbText
 10
233.9602434158326
 20
346.3940031051636
 30
0.0
 40
0.5
  1
MBDLN25SE
100
AcDbAttributeDefinition
  3

  2
CNSORDERNO
 70
     8
  0
ATTDEF
  5
79
330
6E
100
AcDbEntity
  8
AM_6
100
AcDbText
 10
233.9602434158326
 20
345.8940031051636
 30
0.0
 40
0.5
  1
B
100
AcDbAttributeDefinition
  3

  2
F
 70
     8
  0
ATTDEF
  5
7A
330
6E
100
AcDbEntity
  8
AM_6
100
AcDbText
 10
233.9602434158326
 20
345.3940031051636
 30
0.0
 40
0.5
  1
400W
100
AcDbAttributeDefinition
  3

  2
MC
 70
     8
  0
ATTDEF
  5
7B
330
6E
100
AcDbEntity
  8
AM_6
100
AcDbText
 10
233.9602434158326
 20
344.8940031051636
 30
0.0
 40
0.5
  1
200V
100
AcDbAttributeDefinition
  3

  2
PSV
 70
     8
  0
ATTDEF
  5
7C
330
6E
100
AcDbEntity
  8
AM_6
100
AcDbText
 10
233.9602434158326
 20
344.3940031051636
 30
0.0
 40
0.5
  1
E : Standard type
100
AcDbAttributeDefinition
  3

  2
ES
 70
     8
  0
ATTDEF
  5
7D
330
6E
100
AcDbEntity
  8
AM_6
100
AcDbText
 10
233.9602434158326
 20
343.8940031051636
 30
0.0
 40
0.5
  1
matsushita
100
AcDbAttributeDefinition
  3

  2
COMPANY
 70
     8
  0
INSERT
  5
7F
330
6E
100
AcDbEntity
  8
0
100
AcDbBlockReference
  2
2_MBDLN25SE_5_in_MBDLN25SE_1100
 10
0.0
 20
0.0
 30
0.0
  0
INSERT
  5
4CA
330
6E
100
AcDbEntity
  8
0
100
AcDbBlockReference
  2
3_MBDLN25SE_0_in_MBDLN25SE_1100
 10
0.0
 20
0.0
 30
0.0
  0
INSERT
  5
A08
330
6E
100
AcDbEntity
  8
0
100
AcDbBlockReference
  2
4_MBDLN25SE_2_in_MBDLN25SE_1100
 10
0.0
 20
0.0
 30
0.0
  0
ENDBLK
  5
71
330
6E
100
AcDbEntity
  8
0
100
AcDbBlockEnd
  0
BLOCK
  5
80
330
7E
100
AcDbEntity
  8
0
100
AcDbBlockBegin
  2
2_MBDLN25SE_5_in_MBDLN25SE_1100
 70
     2
 10
0.0
 20
0.0
 30
0.0
  3
2_MBDLN25SE_5_in_MBDLN25SE_1100
  1

  0
ATTDEF
  5
82
330
7E
100
AcDbEntity
  8
AM_6
100
AcDbText
 10
65.31624336242676
 20
153.5387794740514
 30
0.0
 40
0.5
  1
Amp
100
AcDbAttributeDefinition
  3

  2
NN
 70
     8
  0
ATTDEF
  5
83
330
7E
100
AcDbEntity
  8
AM_6
100
AcDbText
 10
65.31624336242676
 20
153.0387794740514
 30
0.0
 40
0.5
  1

100
AcDbAttributeDefinition
  3

  2
NT
 70
     8
  0
ATTDEF
  5
84
330
7E
100
AcDbEntity
  8
AM_6
100
AcDbText
 10
65.31624336242676
 20
152.5387794740514
 30
0.0
 40
0.5
  1
MBDLN25SE
100
AcDbAttributeDefinition
  3

  2
NB
 70
     8
  0
ATTDEF
  5
85
330
7E
100
AcDbEntity
  8
AM_6
100
AcDbText
 10
65.31624336242676
 20
152.0387794740514
 30
0.0
 40
0.5
  1
$CNSORDERNO.
100
AcDbAttributeDefinition
  3

  2
NBSYN
 70
     8
  0
ATTDEF
  5
86
330
7E
100
AcDbEntity
  8
AM_6
100
AcDbText
 10
65.31624336242676
 20
151.5387794740514
 30
0.0
 40
0.5
  1
MBDLN25SE
100
AcDbAttributeDefinition
  3

  2
LINA
 70
     8
  0
ATTDEF
  5
87
330
7E
100
AcDbEntity
  8
AM_6
100
AcDbText
 10
65.31624336242676
 20
151.0387794740514
 30
0.0
 40
0.5
  1
MBDLN25SE
100
AcDbAttributeDefinition
  3

  2
CNSORDERNO
 70
     8
  0
ATTDEF
  5
88
330
7E
100
AcDbEntity
  8
AM_6
100
AcDbText
 10
65.31624336242676
 20
150.5387794740514
 30
0.0
 40
0.5
  1
B
100
AcDbAttributeDefinition
  3

  2
F
 70
     8
  0
ATTDEF
  5
89
330
7E
100
AcDbEntity
  8
AM_6
100
AcDbText
 10
65.31624336242676
 20
150.0387794740514
 30
0.0
 40
0.5
  1
400W
100
AcDbAttributeDefinition
  3

  2
MC
 70
     8
  0
ATTDEF
  5
8A
330
7E
100
AcDbEntity
  8
AM_6
100
AcDbText
 10
65.31624336242676
 20
149.5387794740514
 30
0.0
 40
0.5
  1
200V
100
AcDbAttributeDefinition
  3

  2
PSV
 70
     8
  0
ATTDEF
  5
8B
330
7E
100
AcDbEntity
  8
AM_6
100
AcDbText
 10
65.31624336242676
 20
149.0387794740514
 30
0.0
 40
0.5
  1
E : Standard type
100
AcDbAttributeDefinition
  3

  2
ES
 70
     8
  0
ATTDEF
  5
8C
330
7E
100
AcDbEntity
  8
AM_6
100
AcDbText
 10
65.31624336242676
 20
148.5387794740514
 30
0.0
 40
0.5
  1
matsushita
100
AcDbAttributeDefinition
  3

  2
COMPANY
 70
     8
  0
LINE
  5
8F
330
7E
100
AcDbEntity
  8
AM_9
100
AcDbLine
 10
46.86624336242676
 20
90.75000305175783
 30
0.0
 11
58.86624336242676
 21
90.75000305175783
 31
0.0
  0
LINE
  5
90
330
7E
100
AcDbEntity
  8
AM_9
100
AcDbLine
 10
58.40787793588036
 20
120.1000030517578
 30
0.0
 11
4.324608788973158
 21
120.1000030517578
 31
0.0
  0
LINE
  5
91
330
7E
100
AcDbEntity
  8
AM_9
100
AcDbLine
 10
15.82624336242676
 20
121.3700030517578
 30
0.0
 11
4.346776721431983
 21
121.3700030517578
 31
0.0
  0
LINE
  5
92
330
7E
100
AcDbEntity
  8
AM_9
100
AcDbLine
 10
58.38571000342152
 20
121.3700030517578
 30
0.0
 11
55.29624336242676
 21
121.3700030517578
 31
0.0
  0
LINE
  5
93
330
7E
100
AcDbEntity
  8
AM_9
100
AcDbLine
 10
19.36624336242676
 20
60.32000305175784
 30
0.0
 11
19.36624336242676
 21
65.90865442019997
 31
0.0
  0
ARC
  5
94
330
7E
100
AcDbEntity
  8
AM_9
100
AcDbCircle
 10
18.20624336242673
 20
24.04000305175787
 30
0.0
 40
0.3000000000000291
100
AcDbArc
 50
270.0
 51
0.0
  0
ARC
  5
95
330
7E
100
AcDbEntity
  8
AM_9
100
AcDbCircle
 10
16.3762433624267
 20
26.37000305175776
 30
0.0
 40
0.9999999999999414
100
AcDbArc
 50
180.0
 51
270.0
  0
ARC
  5
96
330
7E
100
AcDbEntity
  8
AM_9
100
AcDbCircle
 10
8.86624336242675
 20
67.5966487059896
 30
0.0
 40
0.499999999999978
100
AcDbArc
 50
90.99999999999937
 51
180.0
  0
LINE
  5
97
330
7E
100
AcDbEntity
  8
AM_9
100
AcDbLine
 10
17.33624336242677
 20
25.37000305175783
 30
0.0
 11
16.37624336242676
 21
25.37000305175782
 31
0.0
  0
ARC
  5
98
330
7E
100
AcDbEntity
  8
AM_9
100
AcDbCircle
 10
8.86624336242679
 20
67.08335739752611
 30
0.0
 40
0.500000000000032
100
AcDbArc
 50
180.0
 51
268.9999999999962
  0
ARC
  5
99
330
7E
100
AcDbEntity
  8
AM_9
100
AcDbCircle
 10
15.03624336242673
 20
24.0400030517578
 30
0.0
 40
0.2999999999999741
100
AcDbArc
 50
180.0
 51
270.0
  0
LINE
  5
9A
330
7E
100
AcDbEntity
  8
AM_9
100
AcDbLine
 10
16.37624336242674
 20
29.37000305175783
 30
0.0
 11
17.33624336242676
 21
29.37000305175783
 31
0.0
  0
LINE
  5
9B
330
7E
100
AcDbEntity
  8
AM_9
100
AcDbLine
 10
21.36624336242676
 20
34.86000305175783
 30
0.0
 11
18.21624336242676
 21
34.86000305175783
 31
0.0
  0
ARC
  5
9C
330
7E
100
AcDbEntity
  8
AM_9
100
AcDbCircle
 10
17.33624336242677
 20
26.37000305175782
 30
0.0
 40
0.9999999999999822
100
AcDbArc
 50
270.0
 51
0.0
  0
ARC
  5
9D
330
7E
100
AcDbEntity
  8
AM_9
100
AcDbCircle
 10
28.83624336242678
 20
67.66646896570248
 30
0.0
 40
0.4999999999999751
100
AcDbArc
 50
0.0
 51
89.00000000000222
  0
ARC
  5
9E
330
7E
100
AcDbEntity
  8
AM_9
100
AcDbCircle
 10
16.37624336242677
 20
28.37000305175783
 30
0.0
 40
1.000000000000007
100
AcDbArc
 50
90.0
 51
180.0
  0
LINE
  5
9F
330
7E
100
AcDbEntity
  8
AM_9
100
AcDbLine
 10
21.36624336242676
 20
19.91135167586511
 30
0.0
 11
21.36624336242676
 21
34.86000305175783
 31
0.0
  0
LINE
  5
A0
330
7E
100
AcDbEntity
  8
AM_9
100
AcDbLine
 10
18.50624336242677
 20
30.70000305175779
 30
0.0
 11
18.50624336242676
 21
24.04000305175782
 31
0.0
  0
LINE
  5
A1
330
7E
100
AcDbEntity
  8
AM_9
100
AcDbLine
 10
22.82751715920811
 20
68.27142783573747
 30
0.0
 11
28.8449695656454
 21
68.16639281328064
 31
0.0
  0
LINE
  5
A2
330
7E
100
AcDbEntity
  8
AM_9
100
AcDbLine
 10
22.37624336242676
 20
30.91000305175783
 30
0.0
 11
23.37624336242676
 21
30.91000305175783
 31
0.0
  0
LINE
  5
A3
330
7E
100
AcDbEntity
  8
AM_9
100
AcDbLine
 10
8.366243362426758
 20
67.08335739752609
 30
0.0
 11
8.366243362426758
 21
67.59664870598957
 31
0.0
  0
LINE
  5
A4
330
7E
100
AcDbEntity
  8
AM_9
100
AcDbLine
 10
21.87624336242676
 20
34.86000305175783
 30
0.0
 11
21.87624336242676
 21
31.41000305175783
 31
0.0
  0
LINE
  5
A5
330
7E
100
AcDbEntity
  8
AM_9
100
AcDbLine
 10
22.20624336242676
 20
34.86000305175783
 30
0.0
 11
21.87624336242676
 21
34.86000305175783
 31
0.0
  0
LINE
  5
A6
330
7E
100
AcDbEntity
  8
AM_9
100
AcDbLine
 10
23.34624336242676
 20
42.4176326673353
 30
0.0
 11
23.34624336242676
 21
34.86000305175783
 31
0.0
  0
ARC
  5
A7
330
7E
100
AcDbEntity
  8
AM_9
100
AcDbCircle
 10
17.33624336242675
 20
28.37000305175784
 30
0.0
 40
0.9999999999999964
100
AcDbArc
 50
0.0
 51
90.0
  0
LINE
  5
A8
330
7E
100
AcDbEntity
  8
AM_9
100
AcDbLine
 10
18.33624336242675
 20
28.37000305175786
 30
0.0
 11
18.33624336242676
 21
26.37000305175782
 31
0.0
  0
ARC
  5
A9
330
7E
100
AcDbEntity
  8
AM_9
100
AcDbCircle
 10
18.21624336242676
 20
39.86000305175783
 30
0.0
 40
5.0
100
AcDbArc
 50
180.0
 51
270.0
  0
ARC
  5
AA
330
7E
100
AcDbEntity
  8
AM_9
100
AcDbCircle
 10
28.83624336242676
 20
43.66646896570244
 30
0.0
 40
0.4999999999999929
100
AcDbArc
 50
0.0
 51
88.99999999999984
  0
LINE
  5
AB
330
7E
100
AcDbEntity
  8
AM_9
100
AcDbLine
 10
23.34624336242676
 20
44.26237343618033
 30
0.0
 11
28.8449695656454
 21
44.16639281328062
 31
0.0
  0
LINE
  5
AC
330
7E
100
AcDbEntity
  8
AM_9
100
AcDbLine
 10
23.34624336242676
 20
54.91763266733531
 30
0.0
 11
23.34624336242676
 21
44.26237343618033
 31
0.0
  0
ARC
  5
AD
330
7E
100
AcDbEntity
  8
AM_9
100
AcDbCircle
 10
18.2062433624267
 20
30.70000305175776
 30
0.0
 40
0.3000000000000682
100
AcDbArc
 50
0.0
 51
90.0
  0
LINE
  5
AE
330
7E
100
AcDbEntity
  8
AM_9
100
AcDbLine
 10
15.03624336242679
 20
31.00000305175783
 30
0.0
 11
18.20624336242676
 21
31.00000305175783
 31
0.0
  0
LINE
  5
AF
330
7E
100
AcDbEntity
  8
AM_9
100
AcDbLine
 10
15.37624336242676
 20
26.37000305175782
 30
0.0
 11
15.37624336242676
 21
28.37000305175783
 31
0.0
  0
ARC
  5
B0
330
7E
100
AcDbEntity
  8
AM_9
100
AcDbCircle
 10
28.83624336242674
 20
56.16646896570243
 30
0.0
 40
0.5000000000000178
100
AcDbArc
 50
0.0
 51
88.99999999999784
  0
ARC
  5
B1
330
7E
100
AcDbEntity
  8
AM_9
100
AcDbCircle
 10
16.20624336242674
 20
73.04000305175784
 30
0.0
 40
0.3000000000000256
100
AcDbArc
 50
270.0
 51
0.0
  0
LINE
  5
B2
330
7E
100
AcDbEntity
  8
AM_9
100
AcDbLine
 10
21.36624336242676
 20
4.000003051757787
 30
0.0
 11
21.36624336242676
 21
17.04865442019997
 31
0.0
  0
ARC
  5
B3
330
7E
100
AcDbEntity
  8
AM_9
100
AcDbCircle
 10
16.20624336242676
 20
79.70000305175782
 30
0.0
 40
0.2999999999999972
100
AcDbArc
 50
0.0
 51
90.0
  0
ARC
  5
B4
330
7E
100
AcDbEntity
  8
AM_9
100
AcDbCircle
 10
22.83624336242679
 20
65.90865442019994
 30
0.0
 40
0.5000000000000355
100
AcDbArc
 50
91.00000000000374
 51
168.5216590454648
  0
LINE
  5
B5
330
7E
100
AcDbEntity
  8
AM_9
100
AcDbLine
 10
28.8449695656454
 20
66.513613290235
 30
0.0
 11
22.82751715920811
 21
66.40857826777817
 31
0.0
  0
ARC
  5
B6
330
7E
100
AcDbEntity
  8
AM_9
100
AcDbCircle
 10
28.83624336242673
 20
67.01353713781323
 30
0.0
 40
0.5000000000000355
100
AcDbArc
 50
271.0000000000038
 51
0.0
  0
LINE
  5
B7
330
7E
100
AcDbEntity
  8
AM_9
100
AcDbLine
 10
29.33624336242675
 20
67.66646896570246
 30
0.0
 11
29.33624336242676
 21
67.0135371378132
 31
0.0
  0
ARC
  5
B8
330
7E
100
AcDbEntity
  8
AM_9
100
AcDbCircle
 10
13.03624336242676
 20
73.04000305175781
 30
0.0
 40
0.3000000000000043
100
AcDbArc
 50
180.0
 51
270.0
  0
LINE
  5
B9
330
7E
100
AcDbEntity
  8
AM_9
100
AcDbLine
 10
28.8449695656454
 20
55.013613290235
 30
0.0
 11
23.34624336242676
 21
54.91763266733531
 31
0.0
  0
LINE
  5
BA
330
7E
100
AcDbEntity
  8
AM_9
100
AcDbLine
 10
18.20624336242672
 20
23.74000305175784
 30
0.0
 11
15.03624336242676
 21
23.74000305175782
 31
0.0
  0
ARC
  5
BB
330
7E
100
AcDbEntity
  8
AM_9
100
AcDbCircle
 10
22.37624336242676
 20
31.41000305175783
 30
0.0
 40
0.5000000000000036
100
AcDbArc
 50
180.0
 51
270.0
  0
ARC
  5
BC
330
7E
100
AcDbEntity
  8
AM_9
100
AcDbCircle
 10
28.71624336242676
 20
79.70000305175782
 30
0.0
 40
0.3000000000000043
100
AcDbArc
 50
0.0
 51
90.0
  0
ARC
  5
BD
330
7E
100
AcDbEntity
  8
AM_9
100
AcDbCircle
 10
18.86624336242676
 20
65.90865442019997
 30
0.0
 40
0.4999999999999929
100
AcDbArc
 50
0.0
 51
89.0000000000007
  0
LINE
  5
BE
330
7E
100
AcDbEntity
  8
AM_9
100
AcDbLine
 10
28.8449695656454
 20
42.51361329023499
 30
0.0
 11
23.34624336242676
 21
42.4176326673353
 31
0.0
  0
LINE
  5
BF
330
7E
100
AcDbEntity
  8
AM_9
100
AcDbLine
 10
18.21624336242676
 20
60.32000305175784
 30
0.0
 11
19.36624336242676
 21
60.32000305175784
 31
0.0
  0
ARC
  5
C0
330
7E
100
AcDbEntity
  8
AM_9
100
AcDbCircle
 10
18.21624336242676
 20
55.32000305175784
 30
0.0
 40
5.0
100
AcDbArc
 50
90.0
 51
180.0
  0
LINE
  5
C1
330
7E
100
AcDbEntity
  8
AM_9
100
AcDbLine
 10
13.21624336242676
 20
39.86000305175783
 30
0.0
 11
13.21624336242676
 21
55.32000305175784
 31
0.0
  0
LINE
  5
C2
330
7E
100
AcDbEntity
  8
AM_9
100
AcDbLine
 10
16.20624336242677
 20
72.74000305175781
 30
0.0
 11
13.03624336242676
 21
72.74000305175781
 31
0.0
  0
ARC
  5
C3
330
7E
100
AcDbEntity
  8
AM_9
100
AcDbCircle
 10
20.86624336242676
 20
19.91135168331566
 30
0.0
 40
0.4999999999999958
100
AcDbArc
 50
270.9999999999997
 51
0.0000999999999749
  0
LINE
  5
C4
330
7E
100
AcDbEntity
  8
AM_9
100
AcDbLine
 10
10.85751715920811
 20
19.23657255356777
 30
0.0
 11
20.8749695656454
 21
19.41142783573747
 31
0.0
  0
ARC
  5
C5
330
7E
100
AcDbEntity
  8
AM_9
100
AcDbCircle
 10
10.86624336242679
 20
18.73664870598954
 30
0.0
 40
0.5000000000000284
100
AcDbArc
 50
91.00000000000355
 51
180.0
  0
ARC
  5
C6
330
7E
100
AcDbEntity
  8
AM_9
100
AcDbCircle
 10
18.86624336242676
 20
68.77135168331566
 30
0.0
 40
0.4999999999999923
100
AcDbArc
 50
270.9999999999997
 51
0.0
  0
LINE
  5
C7
330
7E
100
AcDbEntity
  8
AM_9
100
AcDbLine
 10
25.41624336242676
 20
75.37000305175782
 30
0.0
 11
25.41624336242676
 21
77.3700030517578
 31
0.0
  0
LINE
  5
C8
330
7E
100
AcDbEntity
  8
AM_9
100
AcDbLine
 10
25.24624336242676
 20
73.04000305175781
 30
0.0
 11
25.24624336242676
 21
79.70000305175782
 31
0.0
  0
ARC
  5
C9
330
7E
100
AcDbEntity
  8
AM_9
100
AcDbCircle
 10
25.54624336242675
 20
79.70000305175782
 30
0.0
 40
0.2999999999999972
100
AcDbArc
 50
90.0
 51
179.9999991462263
  0
LINE
  5
CA
330
7E
100
AcDbEntity
  8
AM_9
100
AcDbLine
 10
25.54624336242674
 20
80.00000305175782
 30
0.0
 11
28.71624336242676
 21
80.00000305175782
 31
0.0
  0
LINE
  5
CB
330
7E
100
AcDbEntity
  8
AM_9
100
AcDbLine
 10
29.01624336242676
 20
79.70000305175782
 30
0.0
 11
29.01624336242676
 21
73.04000305175782
 31
0.0
  0
ARC
  5
CC
330
7E
100
AcDbEntity
  8
AM_9
100
AcDbCircle
 10
28.71624336242675
 20
73.04000305175781
 30
0.0
 40
0.2999999999999972
100
AcDbArc
 50
270.0
 51
0.0
  0
LINE
  5
CD
330
7E
100
AcDbEntity
  8
AM_9
100
AcDbLine
 10
28.71624336242677
 20
72.74000305175781
 30
0.0
 11
25.54624336242676
 21
72.74000305175781
 31
0.0
  0
ARC
  5
CE
330
7E
100
AcDbEntity
  8
AM_9
100
AcDbCircle
 10
26.41624336242677
 20
75.37000305175783
 30
0.0
 40
1.000000000000004
100
AcDbArc
 50
180.0
 51
270.0
  0
LINE
  5
CF
330
7E
100
AcDbEntity
  8
AM_9
100
AcDbLine
 10
27.37624336242675
 20
74.3700030517578
 30
0.0
 11
26.41624336242676
 21
74.37000305175782
 31
0.0
  0
ARC
  5
D0
330
7E
100
AcDbEntity
  8
AM_9
100
AcDbCircle
 10
27.37624336242674
 20
75.37000305175782
 30
0.0
 40
1.000000000000014
100
AcDbArc
 50
270.0
 51
0.0
  0
LINE
  5
D1
330
7E
100
AcDbEntity
  8
AM_9
100
AcDbLine
 10
28.37624336242676
 20
77.3700030517578
 30
0.0
 11
28.37624336242676
 21
75.37000305175782
 31
0.0
  0
ARC
  5
D2
330
7E
100
AcDbEntity
  8
AM_9
100
AcDbCircle
 10
27.37624336242678
 20
77.37000305175782
 30
0.0
 40
0.9999999999999787
100
AcDbArc
 50
0.0
 51
90.0
  0
LINE
  5
D3
330
7E
100
AcDbEntity
  8
AM_9
100
AcDbLine
 10
26.41624336242677
 20
78.3700030517578
 30
0.0
 11
27.37624336242676
 21
78.3700030517578
 31
0.0
  0
ARC
  5
D4
330
7E
100
AcDbEntity
  8
AM_9
100
AcDbCircle
 10
26.41624336242675
 20
77.37000305175782
 30
0.0
 40
0.9999999999999858
100
AcDbArc
 50
90.0
 51
180.0
  0
ARC
  5
D5
330
7E
100
AcDbEntity
  8
AM_9
100
AcDbCircle
 10
25.54624336242677
 20
73.04000305175782
 30
0.0
 40
0.3000000000000114
100
AcDbArc
 50
180.0
 51
270.0
  0
LINE
  5
D6
330
7E
100
AcDbEntity
  8
AM_9
100
AcDbLine
 10
8.857517159208115
 20
68.09657255356777
 30
0.0
 11
18.8749695656454
 21
68.27142783573747
 31
0.0
  0
LINE
  5
D7
330
7E
100
AcDbEntity
  8
AM_9
100
AcDbLine
 10
13.90624336242676
 20
40.61000305175783
 30
0.0
 11
13.90624336242676
 21
54.57000305175784
 31
0.0
  0
LINE
  5
D8
330
7E
100
AcDbEntity
  8
AM_9
100
AcDbLine
 10
18.90624336242676
 20
59.57000305175784
 30
0.0
 11
19.91624336242676
 21
59.57000305175784
 31
0.0
  0
ARC
  5
D9
330
7E
100
AcDbEntity
  8
AM_9
100
AcDbCircle
 10
28.83624336242674
 20
43.01353713781319
 30
0.0
 40
0.500000000000014
100
AcDbArc
 50
271.0000000000022
 51
0.0
  0
LINE
  5
DA
330
7E
100
AcDbEntity
  8
AM_9
100
AcDbLine
 10
29.33624336242675
 20
43.66646896570244
 30
0.0
 11
29.33624336242676
 21
43.0135371378132
 31
0.0
  0
ARC
  5
DB
330
7E
100
AcDbEntity
  8
AM_9
100
AcDbCircle
 10
15.33624336242677
 20
77.37000305175782
 30
0.0
 40
0.9999999999999858
100
AcDbArc
 50
0.0
 51
90.0
  0
LINE
  5
DC
330
7E
100
AcDbEntity
  8
AM_9
100
AcDbLine
 10
16.50624336242675
 20
79.70000305175782
 30
0.0
 11
16.50624336242676
 21
73.04000305175782
 31
0.0
  0
ARC
  5
DD
330
7E
100
AcDbEntity
  8
AM_9
100
AcDbCircle
 10
14.37624336242677
 20
75.37000305175783
 30
0.0
 40
1.000000000000009
100
AcDbArc
 50
180.0
 51
270.0
  0
ARC
  5
DE
330
7E
100
AcDbEntity
  8
AM_9
100
AcDbCircle
 10
15.33624336242675
 20
75.37000305175785
 30
0.0
 40
1.000000000000014
100
AcDbArc
 50
270.0
 51
0.0
  0
LINE
  5
DF
330
7E
100
AcDbEntity
  8
AM_9
100
AcDbLine
 10
16.33624336242676
 20
77.3700030517578
 30
0.0
 11
16.33624336242676
 21
75.37000305175782
 31
0.0
  0
LINE
  5
E0
330
7E
100
AcDbEntity
  8
AM_9
100
AcDbLine
 10
15.33624336242675
 20
74.37000305175783
 30
0.0
 11
14.37624336242676
 21
74.37000305175782
 31
0.0
  0
ARC
  5
E1
330
7E
100
AcDbEntity
  8
AM_9
100
AcDbCircle
 10
13.03624336242674
 20
79.70000305175783
 30
0.0
 40
0.2999999999999829
100
AcDbArc
 50
90.0
 51
180.0
  0
LINE
  5
E2
330
7E
100
AcDbEntity
  8
AM_9
100
AcDbLine
 10
13.03624336242675
 20
80.00000305175782
 30
0.0
 11
16.20624336242676
 21
80.00000305175782
 31
0.0
  0
LINE
  5
E3
330
7E
100
AcDbEntity
  8
AM_9
100
AcDbLine
 10
14.37624336242677
 20
78.3700030517578
 30
0.0
 11
15.33624336242676
 21
78.3700030517578
 31
0.0
  0
ARC
  5
E4
330
7E
100
AcDbEntity
  8
AM_9
100
AcDbCircle
 10
14.37624336242676
 20
77.3700030517578
 30
0.0
 40
1.0
100
AcDbArc
 50
90.0
 51
180.0
  0
LINE
  5
E5
330
7E
100
AcDbEntity
  8
AM_9
100
AcDbLine
 10
13.37624336242676
 20
75.37000305175782
 30
0.0
 11
13.37624336242676
 21
77.3700030517578
 31
0.0
  0
LINE
  5
E6
330
7E
100
AcDbEntity
  8
AM_9
100
AcDbLine
 10
12.73624336242676
 20
73.04000305175782
 30
0.0
 11
12.73624336242676
 21
79.70000305175782
 31
0.0
  0
LINE
  5
E7
330
7E
100
AcDbEntity
  8
AM_9
100
AcDbLine
 10
29.33624336242676
 20
56.16646896570241
 30
0.0
 11
29.33624336242676
 21
55.5135371378132
 31
0.0
  0
LINE
  5
E8
330
7E
100
AcDbEntity
  8
AM_9
100
AcDbLine
 10
18.8749695656454
 20
66.40857826777817
 30
0.0
 11
8.857517159208115
 21
66.58343354994788
 31
0.0
  0
LINE
  5
E9
330
7E
100
AcDbEntity
  8
AM_9
100
AcDbLine
 10
14.73624336242676
 20
24.04000305175782
 30
0.0
 11
14.73624336242676
 21
30.70000305175783
 31
0.0
  0
ARC
  5
EA
330
7E
100
AcDbEntity
  8
AM_9
100
AcDbCircle
 10
18.90624336242676
 20
54.57000305175784
 30
0.0
 40
5.0
100
AcDbArc
 50
90.0
 51
179.9999991462263
  0
LINE
  5
EB
330
7E
100
AcDbEntity
  8
AM_9
100
AcDbLine
 10
20.8749695656454
 20
17.54857826777817
 30
0.0
 11
10.85751715920811
 21
17.72343354994788
 31
0.0
  0
LINE
  5
EC
330
7E
100
AcDbEntity
  8
AM_9
100
AcDbLine
 10
19.91624336242676
 20
59.57000305175784
 30
0.0
 11
19.91624336242676
 21
72.33000305175779
 31
0.0
  0
LINE
  5
ED
330
7E
100
AcDbEntity
  8
AM_9
100
AcDbLine
 10
23.37624336242678
 20
23.83000305175783
 30
0.0
 11
22.37624336242676
 21
23.83000305175783
 31
0.0
  0
LINE
  5
EE
330
7E
100
AcDbEntity
  8
AM_9
100
AcDbLine
 10
20.41624336242676
 20
72.83000305175779
 30
0.0
 11
21.33624336242675
 21
72.83000305175781
 31
0.0
  0
ARC
  5
EF
330
7E
100
AcDbEntity
  8
AM_9
100
AcDbCircle
 10
21.33624336242676
 20
72.33000305175781
 30
0.0
 40
0.5000000000000036
100
AcDbArc
 50
0.0
 51
90.0
  0
ARC
  5
F0
330
7E
100
AcDbEntity
  8
AM_9
100
AcDbCircle
 10
22.83624336242674
 20
68.77135168331564
 30
0.0
 40
0.4999999999999802
100
AcDbArc
 50
191.4783409545315
 51
269.0000000000014
  0
ARC
  5
F1
330
7E
100
AcDbEntity
  8
AM_9
100
AcDbCircle
 10
18.90624336242676
 20
40.61000305175783
 30
0.0
 40
5.0
100
AcDbArc
 50
180.0
 51
270.0
  0
LINE
  5
F2
330
7E
100
AcDbEntity
  8
AM_9
100
AcDbLine
 10
21.33624336242678
 20
35.61000305175783
 30
0.0
 11
18.90624336242676
 21
35.61000305175783
 31
0.0
  0
ARC
  5
F3
330
7E
100
AcDbEntity
  8
AM_9
100
AcDbCircle
 10
28.83624336242676
 20
55.51353713781319
 30
0.0
 40
0.4999999999999923
100
AcDbArc
 50
270.9999999999997
 51
0.0
  0
ARC
  5
F4
330
7E
100
AcDbEntity
  8
AM_9
100
AcDbCircle
 10
20.86624336242668
 20
17.0486544201999
 30
0.0
 40
0.5000000000000746
100
AcDbArc
 50
0.0
 51
88.99999999999145
  0
ARC
  5
F5
330
7E
100
AcDbEntity
  8
AM_9
100
AcDbCircle
 10
22.37624336242674
 20
23.33000305175784
 30
0.0
 40
0.4999999999999893
100
AcDbArc
 50
90.0
 51
180.0
  0
ARC
  5
F6
330
7E
100
AcDbEntity
  8
AM_9
100
AcDbCircle
 10
20.41624336242675
 20
72.3300030517578
 30
0.0
 40
0.4999999999999858
100
AcDbArc
 50
90.0
 51
180.0
  0
ARC
  5
F7
330
7E
100
AcDbEntity
  8
AM_9
100
AcDbCircle
 10
23.37624336242678
 20
24.3300030517578
 30
0.0
 40
0.4999999999999751
100
AcDbArc
 50
270.0
 51
0.0
  0
ARC
  5
F8
330
7E
100
AcDbEntity
  8
AM_9
100
AcDbCircle
 10
23.37624336242676
 20
30.41000305175782
 30
0.0
 40
0.5000000000000036
100
AcDbArc
 50
0.0
 51
90.0
  0
LINE
  5
F9
330
7E
100
AcDbEntity
  8
AM_9
100
AcDbLine
 10
10.36624336242676
 20
18.2233573975261
 30
0.0
 11
10.36624336242676
 21
18.73664870598957
 31
0.0
  0
ARC
  5
FA
330
7E
100
AcDbEntity
  8
AM_9
100
AcDbCircle
 10
15.0362433624268
 20
30.70000305175779
 30
0.0
 40
0.3000000000000398
100
AcDbArc
 50
90.0
 51
180.0
  0
ARC
  5
FB
330
7E
100
AcDbEntity
  8
AM_9
100
AcDbCircle
 10
10.86624336242678
 20
18.2233573975261
 30
0.0
 40
0.5000000000000178
100
AcDbArc
 50
180.0
 51
268.9999999999975
  0
LINE
  5
FC
330
7E
100
AcDbEntity
  8
AM_9
100
AcDbLine
 10
21.87624336242676
 20
4.000003051757787
 30
0.0
 11
21.36624336242676
 21
4.000003051757787
 31
0.0
  0
LINE
  5
FD
330
7E
100
AcDbEntity
  8
AM_9
100
AcDbLine
 10
21.87624336242675
 20
23.33000305175781
 30
0.0
 11
21.87624336242676
 21
4.000003051757787
 31
0.0
  0
LINE
  5
FE
330
7E
100
AcDbEntity
  8
AM_9
100
AcDbLine
 10
22.34624336242676
 20
66.00815316391062
 30
0.0
 11
22.34624336242676
 21
57.17185293960502
 31
0.0
  0
ARC
  5
FF
330
7E
100
AcDbEntity
  8
AM_9
100
AcDbCircle
 10
21.33624336242678
 20
36.1100030517578
 30
0.0
 40
0.4999999999999716
100
AcDbArc
 50
270.0
 51
0.0
  0
LINE
  5
100
330
7E
100
AcDbEntity
  8
AM_9
100
AcDbLine
 10
19.36624336242675
 20
68.77135168331566
 30
0.0
 11
19.36624336242676
 21
82.50000305175783
 31
0.0
  0
ARC
  5
101
330
7E
100
AcDbEntity
  8
AM_9
100
AcDbCircle
 10
22.83624336242679
 20
57.27135168331571
 30
0.0
 40
0.5000000000000389
100
AcDbArc
 50
191.478340954536
 51
268.9999999999959
  0
LINE
  5
102
330
7E
100
AcDbEntity
  8
AM_9
100
AcDbLine
 10
21.83624336242676
 20
72.33000305175781
 30
0.0
 11
21.83624336242676
 21
36.11000305175783
 31
0.0
  0
LINE
  5
103
330
7E
100
AcDbEntity
  8
AM_9
100
AcDbLine
 10
23.87624336242676
 20
30.41000305175783
 30
0.0
 11
23.87624336242676
 21
24.33000305175783
 31
0.0
  0
LINE
  5
104
330
7E
100
AcDbEntity
  8
AM_9
100
AcDbLine
 10
22.82751715920811
 20
56.77142783573747
 30
0.0
 11
28.8449695656454
 21
56.66639281328064
 31
0.0
  0
LINE
  5
105
330
7E
100
AcDbEntity
  8
AM_9
100
AcDbLine
 10
22.34624336242676
 20
82.50000305175783
 30
0.0
 11
22.34624336242676
 21
68.671852939605
 31
0.0
  0
LINE
  5
106
330
7E
100
AcDbEntity
  8
AM_9
100
AcDbLine
 10
31.76624336242676
 20
115.0000030517578
 30
0.0
 11
31.76624336242676
 21
114.3500030517578
 31
0.0
  0
ARC
  5
107
330
7E
100
AcDbEntity
  8
AM_9
100
AcDbCircle
 10
32.46624336242679
 20
115.0000030517578
 30
0.0
 40
0.7000000000000313
100
AcDbArc
 50
90.0
 51
180.0
  0
LINE
  5
108
330
7E
100
AcDbEntity
  8
AM_9
100
AcDbLine
 10
33.11624336242676
 20
115.7000030517578
 30
0.0
 11
32.46624336242676
 21
115.7000030517578
 31
0.0
  0
ARC
  5
109
330
7E
100
AcDbEntity
  8
AM_9
100
AcDbCircle
 10
30.26624336242677
 20
115.0000030517579
 30
0.0
 40
0.6999999999999851
100
AcDbArc
 50
0.0
 51
90.0
  0
LINE
  5
10A
330
7E
100
AcDbEntity
  8
AM_9
100
AcDbLine
 10
30.96624336242676
 20
114.3500030517578
 30
0.0
 11
30.96624336242676
 21
115.0000030517578
 31
0.0
  0
LINE
  5
10B
330
7E
100
AcDbEntity
  8
AM_9
100
AcDbLine
 10
30.96624336242676
 20
117.8500030517578
 30
0.0
 11
31.76624336242676
 21
117.8500030517578
 31
0.0
  0
LINE
  5
10C
330
7E
100
AcDbEntity
  8
AM_9
100
AcDbLine
 10
31.76624336242676
 20
117.8500030517578
 30
0.0
 11
31.76624336242676
 21
117.2000030517578
 31
0.0
  0
ARC
  5
10D
330
7E
100
AcDbEntity
  8
AM_9
100
AcDbCircle
 10
30.26624336242677
 20
117.2000030517578
 30
0.0
 40
0.7000000000000028
100
AcDbArc
 50
270.0
 51
0.0
  0
LINE
  5
10E
330
7E
100
AcDbEntity
  8
AM_9
100
AcDbLine
 10
30.26624336242676
 20
115.7000030517578
 30
0.0
 11
29.61624336242676
 21
115.7000030517578
 31
0.0
  0
LINE
  5
10F
330
7E
100
AcDbEntity
  8
AM_9
100
AcDbLine
 10
29.61624336242676
 20
115.7000030517578
 30
0.0
 11
29.61624336242676
 21
116.5000030517578
 31
0.0
  0
ARC
  5
110
330
7E
100
AcDbEntity
  8
AM_9
100
AcDbCircle
 10
32.46624336242676
 20
117.2000030517578
 30
0.0
 40
0.7000000000000028
100
AcDbArc
 50
180.0
 51
270.0
  0
LINE
  5
111
330
7E
100
AcDbEntity
  8
AM_9
100
AcDbLine
 10
30.96624336242676
 20
117.2000030517578
 30
0.0
 11
30.96624336242676
 21
117.8500030517578
 31
0.0
  0
LINE
  5
112
330
7E
100
AcDbEntity
  8
AM_9
100
AcDbLine
 10
33.11624336242676
 20
116.5000030517578
 30
0.0
 11
33.11624336242676
 21
115.7000030517578
 31
0.0
  0
LINE
  5
113
330
7E
100
AcDbEntity
  8
AM_9
100
AcDbLine
 10
31.76624336242676
 20
114.3500030517578
 30
0.0
 11
30.96624336242676
 21
114.3500030517578
 31
0.0
  0
LINE
  5
114
330
7E
100
AcDbEntity
  8
AM_9
100
AcDbLine
 10
32.46624336242675
 20
116.5000030517578
 30
0.0
 11
33.11624336242676
 21
116.5000030517578
 31
0.0
  0
LINE
  5
115
330
7E
100
AcDbEntity
  8
AM_9
100
AcDbLine
 10
29.61624336242676
 20
116.5000030517578
 30
0.0
 11
30.26624336242676
 21
116.5000030517578
 31
0.0
  0
LINE
  5
116
330
7E
100
AcDbEntity
  8
AM_9
100
AcDbLine
 10
8.866243362426758
 20
38.70000305175782
 30
0.0
 11
3.866243362426758
 21
38.70000305175782
 31
0.0
  0
LINE
  5
117
330
7E
100
AcDbEntity
  8
AM_9
100
AcDbLine
 10
8.866243362426758
 20
34.23000305175782
 30
0.0
 11
3.866243362426758
 21
34.23000305175782
 31
0.0
  0
LINE
  5
118
330
7E
100
AcDbEntity
  8
AM_9
100
AcDbLine
 10
3.866243362426758
 20
36.73000305175782
 30
0.0
 11
8.866243362426758
 21
36.73000305175782
 31
0.0
  0
LINE
  5
119
330
7E
100
AcDbEntity
  8
AM_9
100
AcDbLine
 10
8.866243362426758
 20
36.73000305175782
 30
0.0
 11
8.866243362426758
 21
34.23000305175782
 31
0.0
  0
LINE
  5
11A
330
7E
100
AcDbEntity
  8
AM_9
100
AcDbLine
 10
8.866243362426758
 20
59.08000305175781
 30
0.0
 11
8.866243362426758
 21
56.58000305175781
 31
0.0
  0
LINE
  5
11B
330
7E
100
AcDbEntity
  8
AM_9
100
AcDbLine
 10
3.866243362426758
 20
59.08000305175781
 30
0.0
 11
8.866243362426758
 21
59.08000305175781
 31
0.0
  0
LINE
  5
11C
330
7E
100
AcDbEntity
  8
AM_9
100
AcDbLine
 10
9.066243362426757
 20
25.82000305175782
 30
0.0
 11
6.566243362426754
 21
25.82000305175782
 31
0.0
  0
LINE
  5
11D
330
7E
100
AcDbEntity
  8
AM_9
100
AcDbLine
 10
6.566243362426754
 20
32.05000305175783
 30
0.0
 11
9.066243362426757
 21
32.05000305175783
 31
0.0
  0
LINE
  5
11E
330
7E
100
AcDbEntity
  8
AM_9
100
AcDbLine
 10
9.066243362426757
 20
32.05000305175783
 30
0.0
 11
9.066243362426757
 21
29.79000305175782
 31
0.0
  0
LINE
  5
11F
330
7E
100
AcDbEntity
  8
AM_9
100
AcDbLine
 10
6.566243362426754
 20
29.79000305175782
 30
0.0
 11
6.566243362426754
 21
32.05000305175783
 31
0.0
  0
LINE
  5
120
330
7E
100
AcDbEntity
  8
AM_9
100
AcDbLine
 10
9.066243362426757
 20
29.79000305175782
 30
0.0
 11
6.566243362426754
 21
29.79000305175782
 31
0.0
  0
LINE
  5
121
330
7E
100
AcDbEntity
  8
AM_9
100
AcDbLine
 10
3.866243362426758
 20
41.20000305175783
 30
0.0
 11
8.866243362426758
 21
41.20000305175783
 31
0.0
  0
LINE
  5
122
330
7E
100
AcDbEntity
  8
AM_9
100
AcDbLine
 10
8.866243362426758
 20
56.58000305175781
 30
0.0
 11
3.866243362426758
 21
56.58000305175781
 31
0.0
  0
LINE
  5
123
330
7E
100
AcDbEntity
  8
AM_9
100
AcDbLine
 10
8.866243362426758
 20
45.67000305175783
 30
0.0
 11
8.866243362426758
 21
43.17000305175783
 31
0.0
  0
LINE
  5
124
330
7E
100
AcDbEntity
  8
AM_9
100
AcDbLine
 10
26.36624336242676
 20
116.1000030517578
 30
0.0
 11
26.08653611465272
 21
120.1000030517578
 31
0.0
  0
LINE
  5
125
330
7E
100
AcDbEntity
  8
AM_9
100
AcDbLine
 10
3.866243362426758
 20
45.67000305175783
 30
0.0
 11
8.866243362426758
 21
45.67000305175783
 31
0.0
  0
LINE
  5
126
330
7E
100
AcDbEntity
  8
AM_9
100
AcDbLine
 10
8.866243362426758
 20
43.17000305175783
 30
0.0
 11
3.866243362426758
 21
43.17000305175783
 31
0.0
  0
CIRCLE
  5
127
330
7E
100
AcDbEntity
  8
AM_9
100
AcDbCircle
 10
31.36624336242676
 20
116.1000030517578
 30
0.0
 40
3.250000000000011
  0
LINE
  5
128
330
7E
100
AcDbEntity
  8
AM_9
100
AcDbLine
 10
8.866243362426758
 20
41.20000305175783
 30
0.0
 11
8.866243362426758
 21
38.70000305175782
 31
0.0
  0
LINE
  5
129
330
7E
100
AcDbEntity
  8
AM_9
100
AcDbLine
 10
26.5877570636933
 20
120.1000030517578
 30
0.0
 11
26.86627547785617
 21
116.117004164466
 31
0.0
  0
LINE
  5
12A
330
7E
100
AcDbEntity
  8
AM_9
100
AcDbLine
 10
8.866243362426758
 20
54.61000305175781
 30
0.0
 11
8.866243362426758
 21
52.11000305175781
 31
0.0
  0
LINE
  5
12B
330
7E
100
AcDbEntity
  8
AM_9
100
AcDbLine
 10
3.866243362426758
 20
54.61000305175781
 30
0.0
 11
8.866243362426758
 21
54.61000305175781
 31
0.0
  0
LINE
  5
12C
330
7E
100
AcDbEntity
  8
AM_9
100
AcDbLine
 10
3.752243601051081
 20
15.25000305175783
 30
0.0
 11
8.866243362426758
 21
15.25000305175783
 31
0.0
  0
LINE
  5
12D
330
7E
100
AcDbEntity
  8
AM_9
100
AcDbLine
 10
8.866243362426758
 20
12.75000305175783
 30
0.0
 11
3.366243362426758
 21
12.75000305175783
 31
0.0
  0
CIRCLE
  5
12E
330
7E
100
AcDbEntity
  8
AM_9
100
AcDbCircle
 10
31.36624336242676
 20
116.1000030517578
 30
0.0
 40
2.750000000000008
  0
LINE
  5
12F
330
7E
100
AcDbEntity
  8
AM_9
100
AcDbLine
 10
36.6459506102008
 20
120.1000030517578
 30
0.0
 11
36.36624336242676
 21
116.1000030517578
 31
0.0
  0
LINE
  5
130
330
7E
100
AcDbEntity
  8
AM_9
100
AcDbLine
 10
35.86621124699734
 20
116.1170041644661
 30
0.0
 11
36.14472966116021
 21
120.1000030517578
 31
0.0
  0
LINE
  5
131
330
7E
100
AcDbEntity
  8
AM_9
100
AcDbLine
 10
8.866243362426758
 20
15.25000305175783
 30
0.0
 11
8.866243362426758
 21
12.75000305175783
 31
0.0
  0
LINE
  5
132
330
7E
100
AcDbEntity
  8
AM_9
100
AcDbLine
 10
3.866243362426758
 20
63.55000305175783
 30
0.0
 11
8.866243362426758
 21
63.55000305175783
 31
0.0
  0
LINE
  5
133
330
7E
100
AcDbEntity
  8
AM_9
100
AcDbLine
 10
6.566243362426754
 20
21.85000305175782
 30
0.0
 11
6.566243362426754
 21
24.11000305175783
 31
0.0
  0
LINE
  5
134
330
7E
100
AcDbEntity
  8
AM_9
100
AcDbLine
 10
9.066243362426757
 20
21.85000305175782
 30
0.0
 11
6.566243362426754
 21
21.85000305175782
 31
0.0
  0
LINE
  5
135
330
7E
100
AcDbEntity
  8
AM_9
100
AcDbLine
 10
9.066243362426757
 20
24.11000305175783
 30
0.0
 11
9.066243362426757
 21
21.85000305175782
 31
0.0
  0
LINE
  5
136
330
7E
100
AcDbEntity
  8
AM_9
100
AcDbLine
 10
6.566243362426754
 20
24.11000305175783
 30
0.0
 11
9.066243362426757
 21
24.11000305175783
 31
0.0
  0
ARC
  5
137
330
7E
100
AcDbEntity
  8
AM_9
100
AcDbCircle
 10
31.36624336242676
 20
116.1000030517579
 30
0.0
 40
4.500000000000004
100
AcDbArc
 50
179.7835345950008
 51
0.2164654049992565
  0
ARC
  5
138
330
7E
100
AcDbEntity
  8
AM_9
100
AcDbCircle
 10
31.36624336242676
 20
116.1000030517578
 30
0.0
 40
5.0
100
AcDbArc
 50
180.0
 51
0.0
  0
LINE
  5
139
330
7E
100
AcDbEntity
  8
AM_9
100
AcDbLine
 10
8.866243362426758
 20
63.55000305175783
 30
0.0
 11
8.866243362426758
 21
61.05000305175781
 31
0.0
  0
LINE
  5
13A
330
7E
100
AcDbEntity
  8
AM_9
100
AcDbLine
 10
8.866243362426758
 20
61.05000305175781
 30
0.0
 11
3.866243362426758
 21
61.05000305175781
 31
0.0
  0
LINE
  5
13B
330
7E
100
AcDbEntity
  8
AM_9
100
AcDbLine
 10
8.866243362426758
 20
52.11000305175781
 30
0.0
 11
3.866243362426758
 21
52.11000305175781
 31
0.0
  0
LINE
  5
13C
330
7E
100
AcDbEntity
  8
AM_9
100
AcDbLine
 10
6.566243362426754
 20
25.82000305175782
 30
0.0
 11
6.566243362426754
 21
28.08000305175781
 31
0.0
  0
LINE
  5
13D
330
7E
100
AcDbEntity
  8
AM_9
100
AcDbLine
 10
6.566243362426754
 20
28.08000305175781
 30
0.0
 11
9.066243362426757
 21
28.08000305175781
 31
0.0
  0
LINE
  5
13E
330
7E
100
AcDbEntity
  8
AM_9
100
AcDbLine
 10
8.866243362426758
 20
47.64000305175783
 30
0.0
 11
3.866243362426758
 21
47.64000305175783
 31
0.0
  0
LINE
  5
13F
330
7E
100
AcDbEntity
  8
AM_9
100
AcDbLine
 10
3.866243362426758
 20
50.14000305175783
 30
0.0
 11
8.866243362426758
 21
50.14000305175783
 31
0.0
  0
LINE
  5
140
330
7E
100
AcDbEntity
  8
AM_9
100
AcDbLine
 10
8.866243362426758
 20
50.14000305175783
 30
0.0
 11
8.866243362426758
 21
47.64000305175783
 31
0.0
  0
LINE
  5
141
330
7E
100
AcDbEntity
  8
AM_9
100
AcDbLine
 10
9.066243362426757
 20
28.08000305175781
 30
0.0
 11
9.066243362426757
 21
25.82000305175782
 31
0.0
  0
LINE
  5
142
330
7E
100
AcDbEntity
  8
AM_9
100
AcDbLine
 10
3.616243368616828
 20
15.03732448385611
 30
0.0
 11
3.752243601051081
 21
15.25000305175783
 31
0.0
  0
LWPOLYLINE
  5
143
330
7E
100
AcDbEntity
  8
AM_9
100
AcDbPolyline
 90
        4
 70
     0
 43
0.0
 10
3.616243368616828
 20
15.03732448385611
 10
3.496137917830016
 20
14.85474043129705
 10
3.383791834729788
 20
14.51924725806418
 10
3.366243362426758
 20
14.31213294697983
  0
LINE
  5
144
330
7E
100
AcDbEntity
  8
AM_9
100
AcDbLine
 10
50.26624336242676
 20
4.000003051757787
 30
0.0
 11
50.26624336242676
 21
0.0000030517577727
 31
0.0
  0
LINE
  5
145
330
7E
100
AcDbEntity
  8
AM_9
100
AcDbLine
 10
55.46624336242677
 20
0.0000030517577727
 30
0.0
 11
55.46624336242677
 21
4.000003051757787
 31
0.0
  0
LINE
  5
146
330
7E
100
AcDbEntity
  8
AM_9
100
AcDbLine
 10
46.86624336242676
 20
90.75000305175783
 30
0.0
 11
46.86624336242676
 21
34.88170564256481
 31
0.0
  0
LINE
  5
147
330
7E
100
AcDbEntity
  8
AM_9
100
AcDbLine
 10
4.813907406183816
 20
1.000003051757773
 30
0.0
 11
4.813907406183816
 21
0.0000030517578296
 31
0.0
  0
LINE
  5
148
330
7E
100
AcDbEntity
  8
AM_9
100
AcDbLine
 10
46.86624336242676
 20
30.69699244789199
 30
0.0
 11
46.86624336242676
 21
28.17170564256482
 31
0.0
  0
LINE
  5
149
330
7E
100
AcDbEntity
  8
AM_9
100
AcDbLine
 10
46.86624336242676
 20
23.98699244789199
 30
0.0
 11
46.86624336242676
 21
21.46170564256482
 31
0.0
  0
LINE
  5
14A
330
7E
100
AcDbEntity
  8
AM_9
100
AcDbLine
 10
54.63624336242675
 20
51.67000305175785
 30
0.0
 11
54.63624336242675
 21
50.10000305175787
 31
0.0
  0
ARC
  5
14B
330
7E
100
AcDbEntity
  8
AM_9
100
AcDbCircle
 10
54.63624336242672
 20
85.56000305175785
 30
0.0
 40
0.2000000000000313
100
AcDbArc
 50
270.0
 51
0.0
  0
ARC
  5
14C
330
7E
100
AcDbEntity
  8
AM_9
100
AcDbCircle
 10
48.86624336242674
 20
57.98000305175782
 30
0.0
 40
0.1999999999999744
100
AcDbArc
 50
180.0
 51
270.0
  0
LINE
  5
14D
330
7E
100
AcDbEntity
  8
AM_9
100
AcDbLine
 10
54.63624336242674
 20
85.36000305175781
 30
0.0
 11
48.86624336242676
 21
85.36000305175781
 31
0.0
  0
LINE
  5
14E
330
7E
100
AcDbEntity
  8
AM_9
100
AcDbLine
 10
48.66624336242676
 20
85.56000305175783
 30
0.0
 11
48.66624336242676
 21
87.13000305175781
 31
0.0
  0
LINE
  5
14F
330
7E
100
AcDbEntity
  8
AM_9
100
AcDbLine
 10
54.83624336242676
 20
87.13000305175781
 30
0.0
 11
54.83624336242676
 21
85.56000305175783
 31
0.0
  0
ARC
  5
150
330
7E
100
AcDbEntity
  8
AM_9
100
AcDbCircle
 10
54.43624336242674
 20
83.19000305175781
 30
0.0
 40
0.2000000000000099
100
AcDbArc
 50
0.0
 51
90.0
  0
ARC
  5
151
330
7E
100
AcDbEntity
  8
AM_9
100
AcDbCircle
 10
54.43624336242677
 20
55.61000305175784
 30
0.0
 40
0.1999999999999886
100
AcDbArc
 50
0.0
 51
90.0
  0
ARC
  5
152
330
7E
100
AcDbEntity
  8
AM_9
100
AcDbCircle
 10
54.43624336242672
 20
46.16000305175788
 30
0.0
 40
0.2000000000000384
100
AcDbArc
 50
270.0
 51
0.0
  0
LINE
  5
153
330
7E
100
AcDbEntity
  8
AM_9
100
AcDbLine
 10
54.63624336242675
 20
47.73000305175785
 30
0.0
 11
54.63624336242675
 21
46.16000305175785
 31
0.0
  0
ARC
  5
154
330
7E
100
AcDbEntity
  8
AM_9
100
AcDbCircle
 10
54.43624336242674
 20
47.73000305175784
 30
0.0
 40
0.2000000000000171
100
AcDbArc
 50
0.0
 51
90.0
  0
LINE
  5
155
330
7E
100
AcDbEntity
  8
AM_9
100
AcDbLine
 10
48.66624336242676
 20
46.16000305175785
 30
0.0
 11
48.66624336242676
 21
47.73000305175785
 31
0.0
  0
ARC
  5
156
330
7E
100
AcDbEntity
  8
AM_9
100
AcDbCircle
 10
48.86624336242676
 20
47.73000305175785
 30
0.0
 40
0.2000000000000028
100
AcDbArc
 50
90.0
 51
180.0
  0
LINE
  5
157
330
7E
100
AcDbEntity
  8
AM_9
100
AcDbLine
 10
48.86624336242676
 20
47.93000305175785
 30
0.0
 11
54.43624336242676
 21
47.93000305175785
 31
0.0
  0
LINE
  5
158
330
7E
100
AcDbEntity
  8
AM_9
100
AcDbLine
 10
54.43624336242674
 20
45.96000305175784
 30
0.0
 11
48.86624336242676
 21
45.96000305175785
 31
0.0
  0
ARC
  5
159
330
7E
100
AcDbEntity
  8
AM_9
100
AcDbCircle
 10
48.86624336242674
 20
46.16000305175783
 30
0.0
 40
0.1999999999999744
100
AcDbArc
 50
180.0
 51
270.0
  0
ARC
  5
15A
330
7E
100
AcDbEntity
  8
AM_9
100
AcDbCircle
 10
54.43624336242675
 20
54.04000305175783
 30
0.0
 40
0.1999999999999957
100
AcDbArc
 50
270.0
 51
0.0
  0
LINE
  5
15B
330
7E
100
AcDbEntity
  8
AM_9
100
AcDbLine
 10
54.63624336242675
 20
55.61000305175783
 30
0.0
 11
54.63624336242675
 21
54.04000305175785
 31
0.0
  0
ARC
  5
15C
330
7E
100
AcDbEntity
  8
AM_9
100
AcDbCircle
 10
48.86624336242676
 20
63.49000305175785
 30
0.0
 40
0.1999999999999957
100
AcDbArc
 50
90.0
 51
180.0
  0
LINE
  5
15D
330
7E
100
AcDbEntity
  8
AM_9
100
AcDbLine
 10
48.86624336242676
 20
55.81000305175783
 30
0.0
 11
54.43624336242676
 21
55.81000305175783
 31
0.0
  0
ARC
  5
15E
330
7E
100
AcDbEntity
  8
AM_9
100
AcDbCircle
 10
48.86624336242673
 20
55.61000305175786
 30
0.0
 40
0.1999999999999673
100
AcDbArc
 50
90.0
 51
180.0
  0
LINE
  5
15F
330
7E
100
AcDbEntity
  8
AM_9
100
AcDbLine
 10
48.86624336242676
 20
87.33000305175781
 30
0.0
 11
54.63624336242675
 21
87.33000305175781
 31
0.0
  0
LINE
  5
160
330
7E
100
AcDbEntity
  8
AM_9
100
AcDbLine
 10
54.63624336242675
 20
83.19000305175781
 30
0.0
 11
54.63624336242675
 21
81.62000305175783
 31
0.0
  0
ARC
  5
161
330
7E
100
AcDbEntity
  8
AM_9
100
AcDbCircle
 10
48.86624336242674
 20
50.10000305175782
 30
0.0
 40
0.1999999999999744
100
AcDbArc
 50
180.0
 51
270.0
  0
LINE
  5
162
330
7E
100
AcDbEntity
  8
AM_9
100
AcDbLine
 10
48.86624336242676
 20
83.39000305175782
 30
0.0
 11
54.43624336242676
 21
83.39000305175782
 31
0.0
  0
ARC
  5
163
330
7E
100
AcDbEntity
  8
AM_9
100
AcDbCircle
 10
48.86624336242679
 20
83.19000305175778
 30
0.0
 40
0.2000000000000313
100
AcDbArc
 50
90.0
 51
180.0
  0
ARC
  5
164
330
7E
100
AcDbEntity
  8
AM_9
100
AcDbCircle
 10
48.86624336242676
 20
87.13000305175781
 30
0.0
 40
0.2000000000000028
100
AcDbArc
 50
90.0
 51
180.0
  0
LINE
  5
165
330
7E
100
AcDbEntity
  8
AM_9
100
AcDbLine
 10
48.66624336242676
 20
50.10000305175787
 30
0.0
 11
48.66624336242676
 21
51.67000305175785
 31
0.0
  0
ARC
  5
166
330
7E
100
AcDbEntity
  8
AM_9
100
AcDbCircle
 10
48.86624336242676
 20
85.56000305175782
 30
0.0
 40
0.2000000000000028
100
AcDbArc
 50
180.0
 51
270.0
  0
ARC
  5
167
330
7E
100
AcDbEntity
  8
AM_9
100
AcDbCircle
 10
54.63624336242678
 20
87.13000305175783
 30
0.0
 40
0.1999999999999815
100
AcDbArc
 50
0.0
 51
90.0
  0
LINE
  5
168
330
7E
100
AcDbEntity
  8
AM_9
100
AcDbLine
 10
48.86624336242676
 20
63.69000305175784
 30
0.0
 11
54.43624336242676
 21
63.69000305175784
 31
0.0
  0
LINE
  5
169
330
7E
100
AcDbEntity
  8
AM_9
100
AcDbLine
 10
54.43624336242674
 20
53.84000305175783
 30
0.0
 11
48.86624336242676
 21
53.84000305175783
 31
0.0
  0
LINE
  5
16A
330
7E
100
AcDbEntity
  8
AM_9
100
AcDbLine
 10
48.66624336242676
 20
61.92000305175786
 30
0.0
 11
48.66624336242676
 21
63.49000305175782
 31
0.0
  0
LINE
  5
16B
330
7E
100
AcDbEntity
  8
AM_9
100
AcDbLine
 10
48.66624336242676
 20
54.04000305175786
 30
0.0
 11
48.66624336242676
 21
55.61000305175783
 31
0.0
  0
ARC
  5
16C
330
7E
100
AcDbEntity
  8
AM_9
100
AcDbCircle
 10
48.86624336242676
 20
59.55000305175785
 30
0.0
 40
0.1999999999999957
100
AcDbArc
 50
90.0
 51
180.0
  0
LINE
  5
16D
330
7E
100
AcDbEntity
  8
AM_9
100
AcDbLine
 10
48.86624336242676
 20
59.75000305175784
 30
0.0
 11
54.43624336242676
 21
59.75000305175784
 31
0.0
  0
ARC
  5
16E
330
7E
100
AcDbEntity
  8
AM_9
100
AcDbCircle
 10
54.43624336242674
 20
59.55000305175783
 30
0.0
 40
0.2000000000000171
100
AcDbArc
 50
0.0
 51
90.0
  0
LINE
  5
16F
330
7E
100
AcDbEntity
  8
AM_9
100
AcDbLine
 10
54.63624336242675
 20
59.55000305175783
 30
0.0
 11
54.63624336242675
 21
57.98000305175785
 31
0.0
  0
ARC
  5
170
330
7E
100
AcDbEntity
  8
AM_9
100
AcDbCircle
 10
54.43624336242679
 20
57.98000305175781
 30
0.0
 40
0.1999999999999602
100
AcDbArc
 50
270.0
 51
0.0
  0
LINE
  5
171
330
7E
100
AcDbEntity
  8
AM_9
100
AcDbLine
 10
54.43624336242674
 20
57.78000305175784
 30
0.0
 11
48.86624336242676
 21
57.78000305175784
 31
0.0
  0
LINE
  5
172
330
7E
100
AcDbEntity
  8
AM_9
100
AcDbLine
 10
48.66624336242676
 20
57.98000305175786
 30
0.0
 11
48.66624336242676
 21
59.55000305175783
 31
0.0
  0
LINE
  5
173
330
7E
100
AcDbEntity
  8
AM_9
100
AcDbLine
 10
48.86624336242676
 20
79.45000305175782
 30
0.0
 11
54.43624336242676
 21
79.45000305175782
 31
0.0
  0
LINE
  5
174
330
7E
100
AcDbEntity
  8
AM_9
100
AcDbLine
 10
48.66624336242676
 20
77.68000305175784
 30
0.0
 11
48.66624336242676
 21
79.25000305175782
 31
0.0
  0
ARC
  5
175
330
7E
100
AcDbEntity
  8
AM_9
100
AcDbCircle
 10
54.43624336242674
 20
79.25000305175782
 30
0.0
 40
0.2000000000000099
100
AcDbArc
 50
0.0
 51
90.0
  0
LINE
  5
176
330
7E
100
AcDbEntity
  8
AM_9
100
AcDbLine
 10
54.63624336242675
 20
79.25000305175782
 30
0.0
 11
54.63624336242675
 21
77.68000305175782
 31
0.0
  0
ARC
  5
177
330
7E
100
AcDbEntity
  8
AM_9
100
AcDbCircle
 10
48.86624336242679
 20
79.25000305175779
 30
0.0
 40
0.2000000000000313
100
AcDbArc
 50
90.0
 51
180.0
  0
ARC
  5
178
330
7E
100
AcDbEntity
  8
AM_9
100
AcDbCircle
 10
48.86624336242678
 20
77.68000305175784
 30
0.0
 40
0.2000000000000171
100
AcDbArc
 50
180.0
 51
270.0
  0
ARC
  5
179
330
7E
100
AcDbEntity
  8
AM_9
100
AcDbCircle
 10
54.43624336242672
 20
77.68000305175785
 30
0.0
 40
0.2000000000000313
100
AcDbArc
 50
270.0
 51
0.0
  0
LINE
  5
17A
330
7E
100
AcDbEntity
  8
AM_9
100
AcDbLine
 10
54.43624336242674
 20
77.48000305175782
 30
0.0
 11
48.86624336242676
 21
77.48000305175782
 31
0.0
  0
ARC
  5
17B
330
7E
100
AcDbEntity
  8
AM_9
100
AcDbCircle
 10
54.43624336242674
 20
51.67000305175784
 30
0.0
 40
0.2000000000000171
100
AcDbArc
 50
0.0
 51
90.0
  0
ARC
  5
17C
330
7E
100
AcDbEntity
  8
AM_9
100
AcDbCircle
 10
54.43624336242673
 20
67.43000305175782
 30
0.0
 40
0.2000000000000242
100
AcDbArc
 50
0.0
 51
90.0
  0
ARC
  5
17D
330
7E
100
AcDbEntity
  8
AM_9
100
AcDbCircle
 10
48.86624336242676
 20
54.04000305175783
 30
0.0
 40
0.1999999999999957
100
AcDbArc
 50
180.0
 51
270.0
  0
ARC
  5
17E
330
7E
100
AcDbEntity
  8
AM_9
100
AcDbCircle
 10
48.86624336242676
 20
81.62000305175782
 30
0.0
 40
0.2000000000000028
100
AcDbArc
 50
180.0
 51
270.0
  0
ARC
  5
17F
330
7E
100
AcDbEntity
  8
AM_9
100
AcDbCircle
 10
54.43624336242677
 20
75.31000305175783
 30
0.0
 40
0.1999999999999886
100
AcDbArc
 50
0.0
 51
90.0
  0
LINE
  5
180
330
7E
100
AcDbEntity
  8
AM_9
100
AcDbLine
 10
48.86624336242676
 20
75.51000305175782
 30
0.0
 11
54.43624336242676
 21
75.51000305175782
 31
0.0
  0
ARC
  5
181
330
7E
100
AcDbEntity
  8
AM_9
100
AcDbCircle
 10
54.43624336242672
 20
81.62000305175785
 30
0.0
 40
0.2000000000000313
100
AcDbArc
 50
270.0
 51
0.0
  0
ARC
  5
182
330
7E
100
AcDbEntity
  8
AM_9
100
AcDbCircle
 10
54.43624336242674
 20
61.92000305175785
 30
0.0
 40
0.2000000000000099
100
AcDbArc
 50
270.0
 51
0.0
  0
ARC
  5
183
330
7E
100
AcDbEntity
  8
AM_9
100
AcDbCircle
 10
54.43624336242674
 20
63.49000305175783
 30
0.0
 40
0.2000000000000171
100
AcDbArc
 50
0.0
 51
90.0
  0
LINE
  5
184
330
7E
100
AcDbEntity
  8
AM_9
100
AcDbLine
 10
54.63624336242675
 20
63.49000305175782
 30
0.0
 11
54.63624336242675
 21
61.92000305175785
 31
0.0
  0
LINE
  5
185
330
7E
100
AcDbEntity
  8
AM_9
100
AcDbLine
 10
54.43624336242674
 20
61.72000305175784
 30
0.0
 11
48.86624336242676
 21
61.72000305175784
 31
0.0
  0
ARC
  5
186
330
7E
100
AcDbEntity
  8
AM_9
100
AcDbCircle
 10
48.86624336242676
 20
61.92000305175785
 30
0.0
 40
0.2000000000000028
100
AcDbArc
 50
180.0
 51
270.0
  0
LINE
  5
187
330
7E
100
AcDbEntity
  8
AM_9
100
AcDbLine
 10
48.66624336242676
 20
81.62000305175783
 30
0.0
 11
48.66624336242676
 21
83.19000305175781
 31
0.0
  0
LINE
  5
188
330
7E
100
AcDbEntity
  8
AM_9
100
AcDbLine
 10
48.86624336242676
 20
51.87000305175785
 30
0.0
 11
54.43624336242676
 21
51.87000305175785
 31
0.0
  0
ARC
  5
189
330
7E
100
AcDbEntity
  8
AM_9
100
AcDbCircle
 10
48.86624336242676
 20
51.67000305175785
 30
0.0
 40
0.2000000000000028
100
AcDbArc
 50
90.0
 51
180.0
  0
LINE
  5
18A
330
7E
100
AcDbEntity
  8
AM_9
100
AcDbLine
 10
54.43624336242674
 20
81.42000305175782
 30
0.0
 11
48.86624336242676
 21
81.42000305175782
 31
0.0
  0
LINE
  5
18B
330
7E
100
AcDbEntity
  8
AM_9
100
AcDbLine
 10
48.66624336242676
 20
65.86000305175786
 30
0.0
 11
48.66624336242676
 21
67.43000305175784
 31
0.0
  0
ARC
  5
18C
330
7E
100
AcDbEntity
  8
AM_9
100
AcDbCircle
 10
54.43624336242674
 20
65.86000305175786
 30
0.0
 40
0.2000000000000171
100
AcDbArc
 50
270.0
 51
0.0
  0
ARC
  5
18D
330
7E
100
AcDbEntity
  8
AM_9
100
AcDbCircle
 10
48.86624336242675
 20
67.43000305175785
 30
0.0
 40
0.1999999999999886
100
AcDbArc
 50
90.0
 51
180.0
  0
LINE
  5
18E
330
7E
100
AcDbEntity
  8
AM_9
100
AcDbLine
 10
48.86624336242676
 20
67.63000305175784
 30
0.0
 11
54.43624336242676
 21
67.63000305175784
 31
0.0
  0
LINE
  5
18F
330
7E
100
AcDbEntity
  8
AM_9
100
AcDbLine
 10
54.63624336242675
 20
67.43000305175784
 30
0.0
 11
54.63624336242675
 21
65.86000305175784
 31
0.0
  0
LINE
  5
190
330
7E
100
AcDbEntity
  8
AM_9
100
AcDbLine
 10
54.43624336242674
 20
65.66000305175784
 30
0.0
 11
48.86624336242676
 21
65.66000305175784
 31
0.0
  0
ARC
  5
191
330
7E
100
AcDbEntity
  8
AM_9
100
AcDbCircle
 10
48.86624336242677
 20
65.86000305175786
 30
0.0
 40
0.2000000000000099
100
AcDbArc
 50
180.0
 51
270.0
  0
ARC
  5
192
330
7E
100
AcDbEntity
  8
AM_9
100
AcDbCircle
 10
54.43624336242674
 20
50.10000305175785
 30
0.0
 40
0.2000000000000099
100
AcDbArc
 50
270.0
 51
0.0
  0
LINE
  5
193
330
7E
100
AcDbEntity
  8
AM_9
100
AcDbLine
 10
54.43624336242674
 20
49.90000305175784
 30
0.0
 11
48.86624336242676
 21
49.90000305175785
 31
0.0
  0
ARC
  5
194
330
7E
100
AcDbEntity
  8
AM_9
100
AcDbCircle
 10
48.86624336242676
 20
71.37000305175782
 30
0.0
 40
0.2000000000000028
100
AcDbArc
 50
90.0
 51
180.0
  0
ARC
  5
195
330
7E
100
AcDbEntity
  8
AM_9
100
AcDbCircle
 10
48.86624336242682
 20
73.7400030517579
 30
0.0
 40
0.2000000000000597
100
AcDbArc
 50
180.0
 51
270.0
  0
LINE
  5
196
330
7E
100
AcDbEntity
  8
AM_9
100
AcDbLine
 10
54.43624336242674
 20
73.54000305175782
 30
0.0
 11
48.86624336242676
 21
73.54000305175782
 31
0.0
  0
ARC
  5
197
330
7E
100
AcDbEntity
  8
AM_9
100
AcDbCircle
 10
54.43624336242672
 20
73.74000305175785
 30
0.0
 40
0.2000000000000313
100
AcDbArc
 50
270.0
 51
0.0
  0
LINE
  5
198
330
7E
100
AcDbEntity
  8
AM_9
100
AcDbLine
 10
54.63624336242675
 20
75.31000305175783
 30
0.0
 11
54.63624336242675
 21
73.74000305175784
 31
0.0
  0
ARC
  5
199
330
7E
100
AcDbEntity
  8
AM_9
100
AcDbCircle
 10
54.43624336242672
 20
69.80000305175786
 30
0.0
 40
0.2000000000000313
100
AcDbArc
 50
270.0
 51
0.0
  0
ARC
  5
19A
330
7E
100
AcDbEntity
  8
AM_9
100
AcDbCircle
 10
48.86624336242676
 20
75.3100030517578
 30
0.0
 40
0.2000000000000171
100
AcDbArc
 50
90.0
 51
180.0
  0
LINE
  5
19B
330
7E
100
AcDbEntity
  8
AM_9
100
AcDbLine
 10
48.66624336242676
 20
73.74000305175784
 30
0.0
 11
48.66624336242676
 21
75.31000305175783
 31
0.0
  0
ARC
  5
19C
330
7E
100
AcDbEntity
  8
AM_9
100
AcDbCircle
 10
48.86624336242676
 20
69.80000305175783
 30
0.0
 40
0.2000000000000028
100
AcDbArc
 50
180.0
 51
270.0
  0
ARC
  5
19D
330
7E
100
AcDbEntity
  8
AM_9
100
AcDbCircle
 10
54.43624336242677
 20
71.37000305175783
 30
0.0
 40
0.1999999999999815
100
AcDbArc
 50
0.0
 51
90.0
  0
LINE
  5
19E
330
7E
100
AcDbEntity
  8
AM_9
100
AcDbLine
 10
48.86624336242676
 20
71.57000305175782
 30
0.0
 11
54.43624336242676
 21
71.57000305175782
 31
0.0
  0
LINE
  5
19F
330
7E
100
AcDbEntity
  8
AM_9
100
AcDbLine
 10
48.66624336242676
 20
69.80000305175784
 30
0.0
 11
48.66624336242676
 21
71.37000305175782
 31
0.0
  0
LINE
  5
1A0
330
7E
100
AcDbEntity
  8
AM_9
100
AcDbLine
 10
54.63624336242675
 20
71.37000305175782
 30
0.0
 11
54.63624336242675
 21
69.80000305175784
 31
0.0
  0
LINE
  5
1A1
330
7E
100
AcDbEntity
  8
AM_9
100
AcDbLine
 10
54.43624336242674
 20
69.60000305175782
 30
0.0
 11
48.86624336242676
 21
69.60000305175782
 31
0.0
  0
LINE
  5
1A2
330
7E
100
AcDbEntity
  8
AM_9
100
AcDbLine
 10
46.86624336242676
 20
17.27699244789201
 30
0.0
 11
46.86624336242676
 21
14.75170564256483
 31
0.0
  0
LINE
  5
1A3
330
7E
100
AcDbEntity
  8
AM_9
100
AcDbLine
 10
55.66624336242675
 20
83.86000305175779
 30
0.0
 11
58.36624336242676
 21
83.86000305175779
 31
0.0
  0
LINE
  5
1A4
330
7E
100
AcDbEntity
  8
AM_9
100
AcDbLine
 10
58.36624336242676
 20
86.46000305175784
 30
0.0
 11
55.66624336242675
 21
86.46000305175784
 31
0.0
  0
LINE
  5
1A5
330
7E
100
AcDbEntity
  8
AM_9
100
AcDbLine
 10
55.66624336242675
 20
86.46000305175784
 30
0.0
 11
55.66624336242675
 21
83.86000305175779
 31
0.0
  0
LINE
  5
1A6
330
7E
100
AcDbEntity
  8
AM_9
100
AcDbLine
 10
46.86624336242676
 20
10.56699244789201
 30
0.0
 11
46.86624336242676
 21
8.041705642564835
 31
0.0
  0
LINE
  5
1A7
330
7E
100
AcDbEntity
  8
AM_9
100
AcDbLine
 10
58.36624336242676
 20
83.86000305175779
 30
0.0
 11
58.86624336242676
 21
83.36000305175779
 31
0.0
  0
LINE
  5
1A8
330
7E
100
AcDbEntity
  8
AM_9
100
AcDbLine
 10
58.86624336242676
 20
86.96000305175784
 30
0.0
 11
58.36624336242676
 21
86.46000305175784
 31
0.0
  0
LINE
  5
1A9
330
7E
100
AcDbEntity
  8
AM_9
100
AcDbLine
 10
58.36624336242676
 20
86.46000305175784
 30
0.0
 11
58.36624336242676
 21
83.86000305175779
 31
0.0
  0
LINE
  5
1AA
330
7E
100
AcDbEntity
  8
AM_9
100
AcDbLine
 10
15.82624336242676
 20
124.014808344893
 30
0.0
 11
4.392941969546161
 21
124.014808344893
 31
0.0
  0
LINE
  5
1AB
330
7E
100
AcDbEntity
  8
AM_9
100
AcDbLine
 10
58.33954475530735
 20
124.014808344893
 30
0.0
 11
55.29624336242676
 21
124.014808344893
 31
0.0
  0
LINE
  5
1AC
330
7E
100
AcDbEntity
  8
AM_9
100
AcDbLine
 10
50.86624336242676
 20
42.00000305175782
 30
0.0
 11
58.36624336242676
 21
42.00000305175782
 31
0.0
  0
LINE
  5
1AD
330
7E
100
AcDbEntity
  8
AM_9
100
AcDbLine
 10
58.36624336242676
 20
45.00000305175783
 30
0.0
 11
50.86624336242676
 21
45.00000305175783
 31
0.0
  0
LINE
  5
1AE
330
7E
100
AcDbEntity
  8
AM_9
100
AcDbLine
 10
58.36624336242676
 20
42.00000305175782
 30
0.0
 11
58.86624336242676
 21
41.50000305175782
 31
0.0
  0
LINE
  5
1AF
330
7E
100
AcDbEntity
  8
AM_9
100
AcDbLine
 10
58.86624336242676
 20
45.50000305175783
 30
0.0
 11
58.36624336242676
 21
45.00000305175783
 31
0.0
  0
LINE
  5
1B0
330
7E
100
AcDbEntity
  8
AM_9
100
AcDbLine
 10
58.36624336242676
 20
45.00000305175783
 30
0.0
 11
58.36624336242676
 21
42.00000305175782
 31
0.0
  0
LINE
  5
1B1
330
7E
100
AcDbEntity
  8
AM_9
100
AcDbLine
 10
50.86624336242676
 20
40.05000305175784
 30
0.0
 11
58.86624336242676
 21
40.05000305175784
 31
0.0
  0
LINE
  5
1B2
330
7E
100
AcDbEntity
  8
AM_9
100
AcDbLine
 10
58.86624336242676
 20
46.9500030517578
 30
0.0
 11
50.86624336242676
 21
46.9500030517578
 31
0.0
  0
LINE
  5
1B3
330
7E
100
AcDbEntity
  8
AM_9
100
AcDbLine
 10
50.86624336242676
 20
39.63500305175782
 30
0.0
 11
58.86624336242676
 21
39.63500305175782
 31
0.0
  0
LINE
  5
1B4
330
7E
100
AcDbEntity
  8
AM_9
100
AcDbLine
 10
58.86624336242676
 20
47.36500305175782
 30
0.0
 11
50.86624336242676
 21
47.36500305175782
 31
0.0
  0
LINE
  5
1B5
330
7E
100
AcDbEntity
  8
AM_9
100
AcDbLine
 10
50.86624336242676
 20
47.36500305175782
 30
0.0
 11
50.86624336242676
 21
39.63500305175782
 31
0.0
  0
LINE
  5
1B6
330
7E
100
AcDbEntity
  8
AM_9
100
AcDbLine
 10
23.86624336242676
 20
1.000003051757773
 30
0.0
 11
23.86624336242673
 21
0.0000030517578296
 31
0.0
  0
LINE
  5
1B7
330
7E
100
AcDbEntity
  8
AM_9
100
AcDbLine
 10
24.83134386572425
 20
0.5000030517577727
 30
0.0
 11
24.83134386572425
 21
0.0000030517578296
 31
0.0
  0
LINE
  5
1B8
330
7E
100
AcDbEntity
  8
AM_9
100
AcDbLine
 10
39.06624336242676
 20
130.5250030517578
 30
0.0
 11
39.06624336242676
 21
131.2400661903644
 31
0.0
  0
LINE
  5
1B9
330
7E
100
AcDbEntity
  8
AM_9
100
AcDbLine
 10
43.66624336242676
 20
130.5250030517578
 30
0.0
 11
43.66624336242676
 21
130.7069837875959
 31
0.0
  0
LINE
  5
1BA
330
7E
100
AcDbEntity
  8
AM_9
100
AcDbLine
 10
31.26624336242676
 20
130.5250030517578
 30
0.0
 11
31.26624336242676
 21
131.2633634885728
 31
0.0
  0
LINE
  5
1BB
330
7E
100
AcDbEntity
  8
AM_9
100
AcDbLine
 10
26.66624336242676
 20
130.5250030517578
 30
0.0
 11
26.66624336242676
 21
131.2633634885728
 31
0.0
  0
LINE
  5
1BC
330
7E
100
AcDbEntity
  8
AM_9
100
AcDbLine
 10
25.06624336242676
 20
130.5250030517578
 30
0.0
 11
25.06624336242676
 21
131.2633634885728
 31
0.0
  0
LINE
  5
1BD
330
7E
100
AcDbEntity
  8
AM_9
100
AcDbLine
 10
20.46624336242676
 20
131.3000030517578
 30
0.0
 11
23.61624336242675
 21
131.3000030517578
 31
0.0
  0
LINE
  5
1BE
330
7E
100
AcDbEntity
  8
AM_9
100
AcDbLine
 10
20.46624336242676
 20
130.5250030517578
 30
0.0
 11
20.46624336242676
 21
131.3000030517578
 31
0.0
  0
LINE
  5
1BF
330
7E
100
AcDbEntity
  8
AM_9
100
AcDbLine
 10
32.86624336242676
 20
130.5250030517578
 30
0.0
 11
32.86624336242676
 21
131.2633634885728
 31
0.0
  0
LINE
  5
1C0
330
7E
100
AcDbEntity
  8
AM_9
100
AcDbLine
 10
37.46624336242676
 20
130.5250030517578
 30
0.0
 11
37.46624336242676
 21
131.2400661903644
 31
0.0
  0
LINE
  5
1C1
330
7E
100
AcDbEntity
  8
AM_9
100
AcDbLine
 10
49.86624336242676
 20
130.5250030517578
 30
0.0
 11
49.86624336242676
 21
130.7069837875959
 31
0.0
  0
LINE
  5
1C2
330
7E
100
AcDbEntity
  8
AM_9
100
AcDbLine
 10
45.26624336242676
 20
130.5250030517578
 30
0.0
 11
45.26624336242676
 21
130.7069837875959
 31
0.0
  0
LINE
  5
1C3
330
7E
100
AcDbEntity
  8
AM_9
100
AcDbLine
 10
16.32624336242676
 20
130.5250030517578
 30
0.0
 11
54.79624336242676
 21
130.5250030517578
 31
0.0
  0
LINE
  5
1C4
330
7E
100
AcDbEntity
  8
AM_9
100
AcDbLine
 10
16.32624336242676
 20
130.5250030517578
 30
0.0
 11
16.32624336242676
 21
120.1000030517578
 31
0.0
  0
LINE
  5
1C5
330
7E
100
AcDbEntity
  8
AM_9
100
AcDbLine
 10
54.79624336242676
 20
130.5250030517578
 30
0.0
 11
54.79624336242676
 21
120.1000030517578
 31
0.0
  0
LINE
  5
1C6
330
7E
100
AcDbEntity
  8
AM_9
100
AcDbLine
 10
15.82624336242676
 20
130.6755879468374
 30
0.0
 11
15.82624336242676
 21
120.1000030517578
 31
0.0
  0
LINE
  5
1C7
330
7E
100
AcDbEntity
  8
AM_9
100
AcDbLine
 10
55.29624336242676
 20
130.6755879468374
 30
0.0
 11
55.29624336242676
 21
120.1000030517578
 31
0.0
  0
LINE
  5
1C8
330
7E
100
AcDbEntity
  8
AM_9
100
AcDbLine
 10
48.66624336242675
 20
124.7900030517578
 30
0.0
 11
48.66624336242675
 21
129.6400030517578
 31
0.0
  0
LINE
  5
1C9
330
7E
100
AcDbEntity
  8
AM_9
100
AcDbLine
 10
48.96624336242675
 20
124.7900030517578
 30
0.0
 11
48.96624336242675
 21
129.6400030517578
 31
0.0
  0
LINE
  5
1CA
330
7E
100
AcDbEntity
  8
AM_9
100
AcDbLine
 10
47.36624336242676
 20
124.7900030517578
 30
0.0
 11
47.36624336242676
 21
129.6400030517578
 31
0.0
  0
LINE
  5
1CB
330
7E
100
AcDbEntity
  8
AM_9
100
AcDbLine
 10
49.46624336242676
 20
124.7900030517578
 30
0.0
 11
49.46624336242677
 21
129.6400030517578
 31
0.0
  0
LINE
  5
1CC
330
7E
100
AcDbEntity
  8
AM_9
100
AcDbLine
 10
47.86624336242679
 20
124.7900030517578
 30
0.0
 11
47.86624336242679
 21
129.6400030517578
 31
0.0
  0
LINE
  5
1CD
330
7E
100
AcDbEntity
  8
AM_9
100
AcDbLine
 10
46.06624336242676
 20
124.7900030517578
 30
0.0
 11
46.06624336242676
 21
129.6400030517578
 31
0.0
  0
LINE
  5
1CE
330
7E
100
AcDbEntity
  8
AM_9
100
AcDbLine
 10
46.36624336242675
 20
124.7900030517578
 30
0.0
 11
46.36624336242675
 21
129.6400030517578
 31
0.0
  0
LINE
  5
1CF
330
7E
100
AcDbEntity
  8
AM_9
100
AcDbLine
 10
46.76624336242676
 20
124.7900030517578
 30
0.0
 11
46.76624336242676
 21
129.6400030517578
 31
0.0
  0
LINE
  5
1D0
330
7E
100
AcDbEntity
  8
AM_9
100
AcDbLine
 10
47.06624336242675
 20
124.7900030517578
 30
0.0
 11
47.06624336242675
 21
129.6400030517578
 31
0.0
  0
LINE
  5
1D1
330
7E
100
AcDbEntity
  8
AM_9
100
AcDbLine
 10
45.56624336242676
 20
124.7900030517578
 30
0.0
 11
45.56624336242676
 21
129.6400030517578
 31
0.0
  0
LINE
  5
1D2
330
7E
100
AcDbEntity
  8
AM_9
100
AcDbLine
 10
47.56624336242676
 20
124.7900030517578
 30
0.0
 11
47.56624336242676
 21
129.6400030517578
 31
0.0
  0
LINE
  5
1D3
330
7E
100
AcDbEntity
  8
AM_9
100
AcDbLine
 10
45.56624336242676
 20
129.6400030517578
 30
0.0
 11
49.46624336242677
 21
129.6400030517578
 31
0.0
  0
LINE
  5
1D4
330
7E
100
AcDbEntity
  8
AM_9
100
AcDbLine
 10
46.26624336242676
 20
124.7900030517578
 30
0.0
 11
46.26624336242676
 21
129.6400030517578
 31
0.0
  0
LINE
  5
1D5
330
7E
100
AcDbEntity
  8
AM_9
100
AcDbLine
 10
46.86624336242676
 20
124.7900030517578
 30
0.0
 11
46.86624336242676
 21
129.6400030517578
 31
0.0
  0
LINE
  5
1D6
330
7E
100
AcDbEntity
  8
AM_9
100
AcDbLine
 10
41.91624336242675
 20
124.7900030517578
 30
0.0
 11
41.91624336242675
 21
130.6782161242573
 31
0.0
  0
LINE
  5
1D7
330
7E
100
AcDbEntity
  8
AM_9
100
AcDbLine
 10
39.11624336242676
 20
124.7900030517578
 30
0.0
 11
39.11624336242676
 21
130.6782161242573
 31
0.0
  0
LINE
  5
1D8
330
7E
100
AcDbEntity
  8
AM_9
100
AcDbLine
 10
50.53624336242676
 20
124.7900030517578
 30
0.0
 11
50.53624336242676
 21
130.6782161242573
 31
0.0
  0
LINE
  5
1D9
330
7E
100
AcDbEntity
  8
AM_9
100
AcDbLine
 10
17.77124336242676
 20
149.7000030517578
 30
0.0
 11
17.77124336242677
 21
141.7000030517578
 31
0.0
  0
LINE
  5
1DA
330
7E
100
AcDbEntity
  8
AM_9
100
AcDbLine
 10
16.27124336242676
 20
149.7000030517578
 30
0.0
 11
16.27124336242676
 21
141.7000030517578
 31
0.0
  0
LINE
  5
1DB
330
7E
100
AcDbEntity
  8
AM_9
100
AcDbLine
 10
19.77124336242676
 20
149.7000030517578
 30
0.0
 11
19.77124336242676
 21
141.7000030517578
 31
0.0
  0
LINE
  5
1DC
330
7E
100
AcDbEntity
  8
AM_9
100
AcDbLine
 10
21.27124336242676
 20
149.7000030517578
 30
0.0
 11
21.27124336242676
 21
141.7000030517578
 31
0.0
  0
LINE
  5
1DD
330
7E
100
AcDbEntity
  8
AM_9
100
AcDbLine
 10
22.04624336242676
 20
141.7000030517578
 30
0.0
 11
15.49624336242676
 21
141.7000030517578
 31
0.0
  0
LINE
  5
1DE
330
7E
100
AcDbEntity
  8
AM_9
100
AcDbLine
 10
22.04624336242676
 20
137.2000030517578
 30
0.0
 11
15.59124336242676
 21
137.2000030517578
 31
0.0
  0
LINE
  5
1DF
330
7E
100
AcDbEntity
  8
AM_9
100
AcDbLine
 10
14.26624336242676
 20
134.2000030517578
 30
0.0
 11
14.26624336242676
 21
130.9148755790289
 31
0.0
  0
LINE
  5
1E0
330
7E
100
AcDbEntity
  8
AM_9
100
AcDbLine
 10
15.36624336242676
 20
134.2000030517578
 30
0.0
 11
15.36624336242676
 21
130.8922431319678
 31
0.0
  0
LINE
  5
1E1
330
7E
100
AcDbEntity
  8
AM_9
100
AcDbLine
 10
19.77124336242676
 20
137.7000030517578
 30
0.0
 11
17.77124336242676
 21
137.7000030517578
 31
0.0
  0
LINE
  5
1E2
330
7E
100
AcDbEntity
  8
AM_9
100
AcDbLine
 10
17.77124336242676
 20
138.1000030517578
 30
0.0
 11
17.77124336242676
 21
137.7000030517578
 31
0.0
  0
LINE
  5
1E3
330
7E
100
AcDbEntity
  8
AM_9
100
AcDbLine
 10
19.77124336242676
 20
138.1000030517578
 30
0.0
 11
19.77124336242676
 21
137.7000030517578
 31
0.0
  0
LINE
  5
1E4
330
7E
100
AcDbEntity
  8
AM_9
100
AcDbLine
 10
19.77124336242676
 20
141.2000030517578
 30
0.0
 11
17.77124336242676
 21
141.2000030517578
 31
0.0
  0
LINE
  5
1E5
330
7E
100
AcDbEntity
  8
AM_9
100
AcDbLine
 10
21.16973384371422
 20
1.730003051757791
 30
0.0
 11
21.16973384371422
 21
1.000003051757773
 31
0.0
  0
LINE
  5
1E6
330
7E
100
AcDbEntity
  8
AM_9
100
AcDbLine
 10
21.36624336242675
 20
1.730003051757791
 30
0.0
 11
21.36624336242675
 21
1.000003051757773
 31
0.0
  0
LINE
  5
1E7
330
7E
100
AcDbEntity
  8
AM_9
100
AcDbLine
 10
3.866243362426758
 20
1.730003051757791
 30
0.0
 11
21.36624336242675
 21
1.730003051757791
 31
0.0
  0
LINE
  5
1E8
330
7E
100
AcDbEntity
  8
AM_9
100
AcDbLine
 10
13.49624336242676
 20
144.8900030517578
 30
0.0
 11
11.49624336242676
 21
144.8900030517578
 31
0.0
  0
LINE
  5
1E9
330
7E
100
AcDbEntity
  8
AM_9
100
AcDbLine
 10
13.49600594437927
 20
149.7000030517578
 30
0.0
 11
13.49624336242676
 21
144.8900030517578
 31
0.0
  0
LINE
  5
1EA
330
7E
100
AcDbEntity
  8
AM_9
100
AcDbLine
 10
43.16624336242675
 20
130.6400030517578
 30
0.0
 11
43.16624336242675
 21
126.6400030517578
 31
0.0
  0
LINE
  5
1EB
330
7E
100
AcDbEntity
  8
AM_9
100
AcDbLine
 10
45.96624336242676
 20
130.6400030517578
 30
0.0
 11
45.96624336242676
 21
126.6400030517578
 31
0.0
  0
LINE
  5
1EC
330
7E
100
AcDbEntity
  8
AM_9
100
AcDbLine
 10
47.81624336242676
 20
130.6400030517578
 30
0.0
 11
47.81624336242676
 21
126.6400030517578
 31
0.0
  0
LINE
  5
1ED
330
7E
100
AcDbEntity
  8
AM_9
100
AcDbLine
 10
47.07506240752927
 20
130.6400030517578
 30
0.0
 11
47.07506240752927
 21
126.6400030517578
 31
0.0
  0
LINE
  5
1EE
330
7E
100
AcDbEntity
  8
AM_9
100
AcDbLine
 10
41.41624336242675
 20
130.6400030517578
 30
0.0
 11
47.81624336242676
 21
130.6400030517578
 31
0.0
  0
LINE
  5
1EF
330
7E
100
AcDbEntity
  8
AM_9
100
AcDbLine
 10
42.67506240752927
 20
130.6400030517578
 30
0.0
 11
42.67506240752927
 21
126.6400030517578
 31
0.0
  0
LINE
  5
1F0
330
7E
100
AcDbEntity
  8
AM_9
100
AcDbLine
 10
41.41624336242675
 20
130.6400030517578
 30
0.0
 11
41.41624336242675
 21
126.6400030517578
 31
0.0
  0
LINE
  5
1F1
330
7E
100
AcDbEntity
  8
AM_9
100
AcDbLine
 10
3.866243362426761
 20
13.00000305175784
 30
0.0
 11
3.866243362426761
 21
15.02277556522078
 31
0.0
  0
LINE
  5
1F2
330
7E
100
AcDbEntity
  8
AM_9
100
AcDbLine
 10
3.616243359300196
 20
13.00000305175783
 30
0.0
 11
3.616243359300196
 21
14.275314009081
 31
0.0
  0
LINE
  5
1F3
330
7E
100
AcDbEntity
  8
AM_9
100
AcDbLine
 10
45.66624336242676
 20
122.7400030517578
 30
0.0
 11
45.86624336242676
 21
126.2400030517578
 31
0.0
  0
LINE
  5
1F4
330
7E
100
AcDbEntity
  8
AM_9
100
AcDbLine
 10
43.46624336242675
 20
126.2400030517578
 30
0.0
 11
43.66624336242675
 21
122.7400030517578
 31
0.0
  0
LINE
  5
1F5
330
7E
100
AcDbEntity
  8
AM_9
100
AcDbLine
 10
45.66624336242676
 20
122.7400030517578
 30
0.0
 11
43.66624336242675
 21
122.7400030517578
 31
0.0
  0
LINE
  5
1F6
330
7E
100
AcDbEntity
  8
AM_9
100
AcDbLine
 10
42.76624336242676
 20
126.6400030517578
 30
0.0
 11
42.76624336242676
 21
126.2400030517578
 31
0.0
  0
LINE
  5
1F7
330
7E
100
AcDbEntity
  8
AM_9
100
AcDbLine
 10
46.56624336242676
 20
126.2400030517578
 30
0.0
 11
46.56624336242676
 21
126.6400030517578
 31
0.0
  0
LINE
  5
1F8
330
7E
100
AcDbEntity
  8
AM_9
100
AcDbLine
 10
46.56624336242676
 20
126.2400030517578
 30
0.0
 11
42.76624336242676
 21
126.2400030517578
 31
0.0
  0
LINE
  5
1F9
330
7E
100
AcDbEntity
  8
AM_9
100
AcDbLine
 10
40.71624336242676
 20
124.7900030517578
 30
0.0
 11
40.71624336242676
 21
126.6400030517578
 31
0.0
  0
LINE
  5
1FA
330
7E
100
AcDbEntity
  8
AM_9
100
AcDbLine
 10
40.71624336242676
 20
126.6400030517578
 30
0.0
 11
49.21624336242676
 21
126.6400030517578
 31
0.0
  0
LINE
  5
1FB
330
7E
100
AcDbEntity
  8
AM_9
100
AcDbLine
 10
49.21624336242676
 20
124.7900030517578
 30
0.0
 11
49.21624336242676
 21
126.6400030517578
 31
0.0
  0
LINE
  5
1FC
330
7E
100
AcDbEntity
  8
AM_9
100
AcDbLine
 10
36.08624336242676
 20
124.7900030517578
 30
0.0
 11
36.08624336242676
 21
130.6782161242573
 31
0.0
  0
LINE
  5
1FD
330
7E
100
AcDbEntity
  8
AM_9
100
AcDbLine
 10
36.08624336242676
 20
124.7900030517578
 30
0.0
 11
51.88624336242676
 21
124.7900030517578
 31
0.0
  0
LINE
  5
1FE
330
7E
100
AcDbEntity
  8
AM_9
100
AcDbLine
 10
51.88624336242676
 20
124.7900030517578
 30
0.0
 11
51.88624336242675
 21
130.6782161242573
 31
0.0
  0
LINE
  5
1FF
330
7E
100
AcDbEntity
  8
AM_9
100
AcDbLine
 10
15.49624336242676
 20
141.7600030517578
 30
0.0
 11
15.49624336242676
 21
149.7000030517578
 31
0.0
  0
LINE
  5
200
330
7E
100
AcDbEntity
  8
AM_9
100
AcDbLine
 10
11.49624336242676
 20
149.7000030517578
 30
0.0
 11
11.49624336242676
 21
135.2000030517578
 31
0.0
  0
LINE
  5
201
330
7E
100
AcDbEntity
  8
AM_9
100
AcDbLine
 10
36.86624336242676
 20
0.5000030517577727
 30
0.0
 11
36.86624336242676
 21
0.0000030517578296
 31
0.0
  0
LINE
  5
202
330
7E
100
AcDbEntity
  8
AM_9
100
AcDbLine
 10
13.51624336242676
 20
133.3000030517578
 30
0.0
 11
13.51624336242676
 21
130.4181656278473
 31
0.0
  0
LINE
  5
203
330
7E
100
AcDbEntity
  8
AM_9
100
AcDbLine
 10
14.61624336242676
 20
133.3000030517578
 30
0.0
 11
14.61624336242676
 21
130.3831096119791
 31
0.0
  0
LINE
  5
204
330
7E
100
AcDbEntity
  8
AM_9
100
AcDbLine
 10
57.90114285912926
 20
0.5000030517577727
 30
0.0
 11
57.90114285912926
 21
0.0000030517578296
 31
0.0
  0
LINE
  5
205
330
7E
100
AcDbEntity
  8
AM_9
100
AcDbLine
 10
23.86624336242676
 20
1.000003051757773
 30
0.0
 11
3.866243362426758
 21
1.000003051757773
 31
0.0
  0
LINE
  5
206
330
7E
100
AcDbEntity
  8
AM_9
100
AcDbLine
 10
4.831343865724254
 20
1.000003051757773
 30
0.0
 11
4.831343865724254
 21
0.0000030517578296
 31
0.0
  0
LINE
  5
207
330
7E
100
AcDbEntity
  8
AM_9
100
AcDbLine
 10
58.86624336242676
 20
0.5000030517577727
 30
0.0
 11
3.866243362426758
 21
0.5000030517577727
 31
0.0
  0
LINE
  5
208
330
7E
100
AcDbEntity
  8
AM_9
100
AcDbLine
 10
12.51130589662183
 20
130.3175450046891
 30
0.0
 11
12.51130589662183
 21
110.8000030517578
 31
0.0
  0
LINE
  5
209
330
7E
100
AcDbEntity
  8
AM_9
100
AcDbLine
 10
52.43624336242676
 20
128.3000030517578
 30
0.0
 11
52.43624336242676
 21
130.2182898523508
 31
0.0
  0
LINE
  5
20A
330
7E
100
AcDbEntity
  8
AM_9
100
AcDbLine
 10
36.04624336242676
 20
128.3000030517578
 30
0.0
 11
36.04624336242676
 21
130.2182898523508
 31
0.0
  0
LINE
  5
20B
330
7E
100
AcDbEntity
  8
AM_9
100
AcDbLine
 10
10.31624336242675
 20
133.2781074274944
 30
0.0
 11
10.31624336242675
 21
131.3000030517578
 31
0.0
  0
LINE
  5
20C
330
7E
100
AcDbEntity
  8
AM_9
100
AcDbLine
 10
6.816243362426757
 20
133.2781074274936
 30
0.0
 11
6.816243362426757
 21
131.3000030517578
 31
0.0
  0
LINE
  5
20D
330
7E
100
AcDbEntity
  8
AM_9
100
AcDbLine
 10
37.96624336242676
 20
129.8298067360836
 30
0.0
 11
37.96624336242676
 21
130.0993155205182
 31
0.0
  0
LINE
  5
20E
330
7E
100
AcDbEntity
  8
AM_9
100
AcDbLine
 10
46.68634437510443
 20
129.8298067360836
 30
0.0
 11
46.68634437510443
 21
130.0993155205182
 31
0.0
  0
LINE
  5
20F
330
7E
100
AcDbEntity
  8
AM_9
100
AcDbLine
 10
7.466243362426759
 20
133.3000030517578
 30
0.0
 11
7.466243362426759
 21
131.3000030517578
 31
0.0
  0
LINE
  5
210
330
7E
100
AcDbEntity
  8
AM_9
100
AcDbLine
 10
8.966243362426756
 20
133.3000030517578
 30
0.0
 11
8.966243362426756
 21
131.3000030517578
 31
0.0
  0
LINE
  5
211
330
7E
100
AcDbEntity
  8
AM_9
100
AcDbLine
 10
9.666243362426755
 20
133.3000030517578
 30
0.0
 11
9.666243362426755
 21
131.3000030517578
 31
0.0
  0
LINE
  5
212
330
7E
100
AcDbEntity
  8
AM_9
100
AcDbLine
 10
47.67629386876559
 20
129.8466075550136
 30
0.0
 11
47.67629386876559
 21
130.0840837041179
 31
0.0
  0
LINE
  5
213
330
7E
100
AcDbEntity
  8
AM_9
100
AcDbLine
 10
8.166243362426759
 20
133.2781074274944
 30
0.0
 11
8.166243362426759
 21
131.3000030517578
 31
0.0
  0
LINE
  5
214
330
7E
100
AcDbEntity
  8
AM_9
100
AcDbLine
 10
46.69806055375773
 20
128.3000030517578
 30
0.0
 11
46.69806055375773
 21
129.8504000688551
 31
0.0
  0
LINE
  5
215
330
7E
100
AcDbEntity
  8
AM_9
100
AcDbLine
 10
47.40516733494427
 20
128.3000030517578
 30
0.0
 11
47.40516733494427
 21
129.8643620241043
 31
0.0
  0
LINE
  5
216
330
7E
100
AcDbEntity
  8
AM_9
100
AcDbLine
 10
48.98799480455398
 20
129.8996854089942
 30
0.0
 11
48.98799480455398
 21
130.034693364755
 31
0.0
  0
ARC
  5
217
330
7E
100
AcDbEntity
  8
AM_9
100
AcDbCircle
 10
10.06624336242678
 20
131.3000030517578
 30
0.0
 40
1.999999999999977
100
AcDbArc
 50
0.0
 51
49.45839812649578
  0
LINE
  5
218
330
7E
100
AcDbEntity
  8
AM_9
100
AcDbLine
 10
12.06624336242676
 20
130.9500030517578
 30
0.0
 11
12.06624336242676
 21
131.3000030517578
 31
0.0
  0
LINE
  5
219
330
7E
100
AcDbEntity
  8
AM_9
100
AcDbLine
 10
12.18624336242676
 20
130.2500030517578
 30
0.0
 11
12.18624336242676
 21
130.9500030517578
 31
0.0
  0
LINE
  5
21A
330
7E
100
AcDbEntity
  8
AM_9
100
AcDbLine
 10
12.56624336242676
 20
130.1360132158013
 30
0.0
 11
12.56624336242676
 21
130.2500030517578
 31
0.0
  0
LWPOLYLINE
  5
21B
330
7E
100
AcDbEntity
  8
AM_9
100
AcDbPolyline
 90
        9
 70
     0
 43
0.0
 10
10.17097016205738
 20
129.9985884988167
 10
10.60206072441088
 20
130.0070968378155
 10
11.15060113621819
 20
130.0220783288419
 10
11.62634563936873
 20
130.0402315430538
 10
12.01493995078632
 20
130.0610290844434
 10
12.30635373452398
 20
130.0837762561537
 10
12.49101685250533
 20
130.1078131293584
 10
12.56499194117406
 20
130.1323978205005
 10
12.56624333869347
 20
130.1360302713023
  0
LWPOLYLINE
  5
21C
330
7E
100
AcDbEntity
  8
AM_9
100
AcDbPolyline
 90
        7
 70
     0
 43
0.0
 10
12.56624333869347
 20
130.1360302713023
 10
12.5245731585052
 20
130.1568276189944
 10
12.37242629082272
 20
130.1804175191176
 10
12.11131843164708
 20
130.2025068285336
 10
11.7501006861888
 20
130.222543361162
 10
11.37854162523996
 20
130.2372927137753
 10
10.95152519641952
 20
130.2500030517579
  0
LINE
  5
21D
330
7E
100
AcDbEntity
  8
AM_9
100
AcDbLine
 10
12.72624336242676
 20
130.3308464671665
 30
0.0
 11
12.72624336242676
 21
110.8000030517578
 31
0.0
  0
LINE
  5
21E
330
7E
100
AcDbEntity
  8
AM_9
100
AcDbLine
 10
48.60515209207936
 20
128.3000030517578
 30
0.0
 11
48.60515209207936
 21
129.9126503191442
 31
0.0
  0
LINE
  5
21F
330
7E
100
AcDbEntity
  8
AM_9
100
AcDbLine
 10
48.76624336242676
 20
124.7900030517578
 30
0.0
 11
48.76624336242676
 21
129.9281181179946
 31
0.0
  0
LINE
  5
220
330
7E
100
AcDbEntity
  8
AM_9
100
AcDbLine
 10
49.26624336242676
 20
128.3000030517578
 30
0.0
 11
49.26624336242676
 21
129.7758868943041
 31
0.0
  0
LINE
  5
221
330
7E
100
AcDbEntity
  8
AM_9
100
AcDbLine
 10
47.35202980005366
 20
128.3000030517578
 30
0.0
 11
47.35202980005366
 21
129.8622040969235
 31
0.0
  0
LINE
  5
222
330
7E
100
AcDbEntity
  8
AM_9
100
AcDbLine
 10
46.64492301886711
 20
128.3000030517578
 30
0.0
 11
46.64492301886711
 21
129.850279754934
 31
0.0
  0
LINE
  5
223
330
7E
100
AcDbEntity
  8
AM_9
100
AcDbLine
 10
38.06624336242676
 20
128.3000030517578
 30
0.0
 11
38.06624336242676
 21
129.850279754934
 31
0.0
  0
LINE
  5
224
330
7E
100
AcDbEntity
  8
AM_9
100
AcDbLine
 10
37.66624336242675
 20
128.3000030517578
 30
0.0
 11
37.66624336242675
 21
129.8665520231704
 31
0.0
  0
LINE
  5
225
330
7E
100
AcDbEntity
  8
AM_9
100
AcDbLine
 10
53.31624336242676
 20
128.3000030517578
 30
0.0
 11
53.31624336242676
 21
129.8482390873136
 31
0.0
  0
LINE
  5
226
330
7E
100
AcDbEntity
  8
AM_9
100
AcDbLine
 10
33.01624336242676
 20
128.3000030517578
 30
0.0
 11
53.31624336242676
 21
128.3000030517578
 31
0.0
  0
LINE
  5
227
330
7E
100
AcDbEntity
  8
AM_9
100
AcDbLine
 10
33.01624336242676
 20
128.3000030517578
 30
0.0
 11
33.01624336242676
 21
129.8482390873136
 31
0.0
  0
LINE
  5
228
330
7E
100
AcDbEntity
  8
AM_9
100
AcDbLine
 10
48.98799480455398
 20
128.3000030517578
 30
0.0
 11
48.98799480455398
 21
129.7758868943041
 31
0.0
  0
LINE
  5
229
330
7E
100
AcDbEntity
  8
AM_9
100
AcDbLine
 10
37.16624336242675
 20
128.3000030517578
 30
0.0
 11
37.16624336242675
 21
129.7758868943041
 31
0.0
  0
LINE
  5
22A
330
7E
100
AcDbEntity
  8
AM_9
100
AcDbLine
 10
37.96624336242676
 20
128.3000030517578
 30
0.0
 11
37.96624336242676
 21
129.7758868943041
 31
0.0
  0
LINE
  5
22B
330
7E
100
AcDbEntity
  8
AM_9
100
AcDbLine
 10
46.68634437510443
 20
128.3000030517578
 30
0.0
 11
46.68634437510443
 21
129.7758868943041
 31
0.0
  0
LINE
  5
22C
330
7E
100
AcDbEntity
  8
AM_9
100
AcDbLine
 10
47.67629386876559
 20
128.3000030517578
 30
0.0
 11
47.67629386876559
 21
129.7758868943041
 31
0.0
  0
LINE
  5
22D
330
7E
100
AcDbEntity
  8
AM_9
100
AcDbLine
 10
50.86624336242676
 20
72.10000305175781
 30
0.0
 11
58.36624336242676
 21
72.10000305175781
 31
0.0
  0
LINE
  5
22E
330
7E
100
AcDbEntity
  8
AM_9
100
AcDbLine
 10
58.36624336242676
 20
75.10000305175781
 30
0.0
 11
50.86624336242676
 21
75.10000305175781
 31
0.0
  0
LINE
  5
22F
330
7E
100
AcDbEntity
  8
AM_9
100
AcDbLine
 10
12.41624336242676
 20
133.2781074274936
 30
0.0
 11
12.41624336242676
 21
131.3000030517578
 31
0.0
  0
LINE
  5
230
330
7E
100
AcDbEntity
  8
AM_9
100
AcDbLine
 10
15.91624336242676
 20
133.2781074274944
 30
0.0
 11
15.91624336242676
 21
131.3000030517578
 31
0.0
  0
LINE
  5
231
330
7E
100
AcDbEntity
  8
AM_9
100
AcDbLine
 10
3.616243367762856
 20
80.05000305175781
 30
0.0
 11
3.616243367762856
 21
82.55000305175781
 31
0.0
  0
LINE
  5
232
330
7E
100
AcDbEntity
  8
AM_9
100
AcDbLine
 10
3.616243367762856
 20
77.39440707900879
 30
0.0
 11
3.616243367762856
 21
78.08000305175781
 31
0.0
  0
LINE
  5
233
330
7E
100
AcDbEntity
  8
AM_9
100
AcDbLine
 10
3.866243362426758
 20
78.08000305175781
 30
0.0
 11
3.866243362426758
 21
76.56335520332384
 31
0.0
  0
LINE
  5
234
330
7E
100
AcDbEntity
  8
AM_9
100
AcDbLine
 10
3.866243362426758
 20
82.55000305175781
 30
0.0
 11
3.866243362426758
 21
80.0500030517578
 31
0.0
  0
LINE
  5
235
330
7E
100
AcDbEntity
  8
AM_9
100
AcDbLine
 10
58.36624336242676
 20
72.10000305175781
 30
0.0
 11
58.86624336242676
 21
71.60000305175781
 31
0.0
  0
LINE
  5
236
330
7E
100
AcDbEntity
  8
AM_9
100
AcDbLine
 10
58.86624336242676
 20
75.60000305175781
 30
0.0
 11
58.36624336242676
 21
75.10000305175781
 31
0.0
  0
LINE
  5
237
330
7E
100
AcDbEntity
  8
AM_9
100
AcDbLine
 10
58.36624336242676
 20
75.10000305175781
 30
0.0
 11
58.36624336242676
 21
72.10000305175781
 31
0.0
  0
LINE
  5
238
330
7E
100
AcDbEntity
  8
AM_9
100
AcDbLine
 10
36.21624336242676
 20
128.3000030517578
 30
0.0
 11
36.21624336242676
 21
129.7758868943041
 31
0.0
  0
LINE
  5
239
330
7E
100
AcDbEntity
  8
AM_9
100
AcDbLine
 10
50.71624336242675
 20
128.3000030517578
 30
0.0
 11
50.71624336242675
 21
129.7758868943041
 31
0.0
  0
LINE
  5
23A
330
7E
100
AcDbEntity
  8
AM_9
100
AcDbLine
 10
14.56624336242676
 20
133.3000030517578
 30
0.0
 11
14.56624336242676
 21
131.3000030517578
 31
0.0
  0
LINE
  5
23B
330
7E
100
AcDbEntity
  8
AM_9
100
AcDbLine
 10
15.26624336242676
 20
133.3000030517578
 30
0.0
 11
15.26624336242676
 21
131.3000030517578
 31
0.0
  0
LINE
  5
23C
330
7E
100
AcDbEntity
  8
AM_9
100
AcDbLine
 10
13.06624336242676
 20
133.3000030517578
 30
0.0
 11
13.06624336242676
 21
131.3000030517578
 31
0.0
  0
LINE
  5
23D
330
7E
100
AcDbEntity
  8
AM_9
100
AcDbLine
 10
13.76624336242676
 20
133.2781074274944
 30
0.0
 11
13.76624336242676
 21
131.3000030517578
 31
0.0
  0
LINE
  5
23E
330
7E
100
AcDbEntity
  8
AM_9
100
AcDbLine
 10
50.86624336242676
 20
70.1500030517578
 30
0.0
 11
58.86624336242676
 21
70.1500030517578
 31
0.0
  0
LINE
  5
23F
330
7E
100
AcDbEntity
  8
AM_9
100
AcDbLine
 10
58.86624336242676
 20
77.05000305175781
 30
0.0
 11
50.86624336242676
 21
77.05000305175781
 31
0.0
  0
LINE
  5
240
330
7E
100
AcDbEntity
  8
AM_9
100
AcDbLine
 10
4.866243362426758
 20
105.1000030517578
 30
0.0
 11
3.866243362426758
 21
105.1000030517578
 31
0.0
  0
LINE
  5
241
330
7E
100
AcDbEntity
  8
AM_9
100
AcDbLine
 10
4.866243362426758
 20
105.1000030517578
 30
0.0
 11
4.866243362426758
 21
105.3000030517578
 31
0.0
  0
LINE
  5
242
330
7E
100
AcDbEntity
  8
AM_9
100
AcDbLine
 10
3.866243362426594
 20
105.3000030517393
 30
0.0
 11
4.866243362426758
 21
105.3000030517578
 31
0.0
  0
LINE
  5
243
330
7E
100
AcDbEntity
  8
AM_9
100
AcDbLine
 10
50.86624336242676
 20
69.73500305175781
 30
0.0
 11
58.86624336242676
 21
69.73500305175781
 31
0.0
  0
LINE
  5
244
330
7E
100
AcDbEntity
  8
AM_9
100
AcDbLine
 10
58.86624336242676
 20
77.4650030517578
 30
0.0
 11
50.86624336242676
 21
77.4650030517578
 31
0.0
  0
LINE
  5
245
330
7E
100
AcDbEntity
  8
AM_9
100
AcDbLine
 10
50.86624336242676
 20
77.4650030517578
 30
0.0
 11
50.86624336242676
 21
69.73500305175781
 31
0.0
  0
LWPOLYLINE
  5
246
330
7E
100
AcDbEntity
  8
AM_9
100
AcDbPolyline
 90
        7
 70
     0
 43
0.0
 10
6.180961528433993
 20
130.2500030517578
 10
5.675930428733263
 20
130.234523125242
 10
5.252446335109141
 20
130.2161929765215
 10
4.923745681018811
 20
130.1954314379159
 10
4.697733383571713
 20
130.1728026908858
 10
4.582259043774275
 20
130.1488715841316
 10
4.56624336300445
 20
130.136043670829
  0
LINE
  5
247
330
7E
100
AcDbEntity
  8
AM_9
100
AcDbLine
 10
4.946243362426756
 20
130.317545004689
 30
0.0
 11
12.51130589662183
 21
130.3175450046891
 31
0.0
  0
LINE
  5
248
330
7E
100
AcDbEntity
  8
AM_9
100
AcDbLine
 10
12.51130589662176
 20
130.3175450046897
 30
0.0
 11
18.16624336242685
 21
130.0108942040553
 31
0.0
  0
LINE
  5
249
330
7E
100
AcDbEntity
  8
AM_9
100
AcDbLine
 10
23.61624336242756
 20
131.194512231405
 30
0.0
 11
13.5162433624281
 21
131.1945122314048
 31
0.0
  0
LINE
  5
24A
330
7E
100
AcDbEntity
  8
AM_9
100
AcDbLine
 10
14.61624336242676
 20
130.3831096119791
 30
0.0
 11
17.78624336242676
 21
130.383109611979
 31
0.0
  0
LINE
  5
24B
330
7E
100
AcDbEntity
  8
AM_9
100
AcDbLine
 10
13.51624336242688
 20
130.4181656278472
 30
0.0
 11
14.61624336242661
 21
130.3831096119791
 31
0.0
  0
LINE
  5
24C
330
7E
100
AcDbEntity
  8
AM_9
100
AcDbLine
 10
15.3662433624271
 20
130.8922431319678
 30
0.0
 11
14.266243362427
 21
130.9148755790289
 31
0.0
  0
LINE
  5
24D
330
7E
100
AcDbEntity
  8
AM_9
100
AcDbLine
 10
22.51624336242676
 20
130.8922431319678
 30
0.0
 11
15.36624336242676
 21
130.8922431319678
 31
0.0
  0
LINE
  5
24E
330
7E
100
AcDbEntity
  8
AM_9
100
AcDbLine
 10
23.61624336242714
 20
130.9148755790289
 30
0.0
 11
22.51624336242703
 21
130.8922431319678
 31
0.0
  0
LINE
  5
24F
330
7E
100
AcDbEntity
  8
AM_9
100
AcDbLine
 10
14.26624336242667
 20
131.2618075848987
 30
0.0
 11
23.61624336242664
 21
131.2618075848987
 31
0.0
  0
LINE
  5
250
330
7E
100
AcDbEntity
  8
AM_9
100
AcDbLine
 10
15.82624336242676
 20
130.5448769801942
 30
0.0
 11
4.506924741561122
 21
130.5448769801981
 31
0.0
  0
LINE
  5
251
330
7E
100
AcDbEntity
  8
AM_9
100
AcDbLine
 10
12.72624336242676
 20
130.3308464671665
 30
0.0
 11
4.946243362426756
 21
130.3308464671662
 31
0.0
  0
LINE
  5
252
330
7E
100
AcDbEntity
  8
AM_9
100
AcDbLine
 10
18.16624336242707
 20
130.0385755340861
 30
0.0
 11
12.72624336242739
 21
130.330846467167
 31
0.0
  0
LINE
  5
253
330
7E
100
AcDbEntity
  8
AM_9
100
AcDbLine
 10
58.22556198329238
 20
130.5448769801981
 30
0.0
 11
55.29624336242676
 21
130.5448769801942
 31
0.0
  0
LINE
  5
254
330
7E
100
AcDbEntity
  8
AM_9
100
AcDbLine
 10
15.82624336242676
 20
130.6755879468374
 30
0.0
 11
55.29624336242676
 21
130.6755879468374
 31
0.0
  0
LINE
  5
255
330
7E
100
AcDbEntity
  8
AM_9
100
AcDbLine
 10
23.61624336242675
 20
131.2633634885728
 30
0.0
 11
5.066243362426754
 21
131.2633634885728
 31
0.0
  0
LWPOLYLINE
  5
256
330
7E
100
AcDbEntity
  8
AM_9
100
AcDbPolyline
 90
       21
 70
     0
 43
0.0
 10
18.16624335333664
 20
129.8133110248785
 10
18.14471378668591
 20
129.8304006872985
 10
18.01590259648315
 20
129.8578717273702
 10
17.78276330976291
 20
129.8830940675677
 10
17.43854742803423
 20
129.9068375221152
 10
17.01237752117108
 20
129.9271536399252
 10
16.49178885115791
 20
129.9447060206584
 10
15.92098179325469
 20
129.9580735451668
 10
15.28311108692149
 20
129.9677148950482
 10
14.63226245854139
 20
129.9728603624179
 10
13.94923347628359
 20
129.9736925364622
 10
13.29166108521357
 20
129.9701476725683
 10
12.64033623902875
 20
129.9621070390477
 10
12.04988267587458
 20
129.9502079254807
 10
11.50333668742644
 20
129.9340545341435
 10
11.04629999854641
 20
129.9149298185135
 10
10.66588812036743
 20
129.8922246093416
 10
10.39378575483025
 20
129.8677635116679
 10
10.22246044624874
 20
129.840809399978
 10
10.16624788867824
 20
129.8135708582637
 10
10.16624336265552
 20
129.813323938654
  0
LINE
  5
257
330
7E
100
AcDbEntity
  8
AM_9
100
AcDbLine
 10
20.02624336242676
 20
110.8000030517578
 30
0.0
 11
20.02624336242676
 21
111.5000030517578
 31
0.0
  0
LINE
  5
258
330
7E
100
AcDbEntity
  8
AM_9
100
AcDbLine
 10
4.162276685140736
 20
110.8000030517578
 30
0.0
 11
4.174495230590487
 21
111.5000030517578
 31
0.0
  0
LINE
  5
259
330
7E
100
AcDbEntity
  8
AM_9
100
AcDbLine
 10
19.62624336242676
 20
111.5000030517578
 30
0.0
 11
19.62624336242676
 21
110.8000030517578
 31
0.0
  0
LINE
  5
25A
330
7E
100
AcDbEntity
  8
AM_9
100
AcDbLine
 10
11.86624336242675
 20
82.55000305175781
 30
0.0
 11
11.86624336242675
 21
82.50000305175782
 31
0.0
  0
LINE
  5
25B
330
7E
100
AcDbEntity
  8
AM_9
100
AcDbLine
 10
11.86624336242675
 20
82.55000305175781
 30
0.0
 11
8.816243362426764
 21
82.55000305175781
 31
0.0
  0
LINE
  5
25C
330
7E
100
AcDbEntity
  8
AM_9
100
AcDbLine
 10
31.86624336242676
 20
110.8000030517578
 30
0.0
 11
3.962246219531952
 21
110.8000030517578
 31
0.0
  0
LINE
  5
25D
330
7E
100
AcDbEntity
  8
AM_9
100
AcDbLine
 10
3.866243362426594
 20
105.3000030517393
 30
0.0
 11
3.962246219531952
 21
110.8000030517578
 31
0.0
  0
LINE
  5
25E
330
7E
100
AcDbEntity
  8
AM_9
100
AcDbLine
 10
27.46624336242676
 20
109.0000030517578
 30
0.0
 11
27.46624336242676
 21
111.5000030517578
 31
0.0
  0
LINE
  5
25F
330
7E
100
AcDbEntity
  8
AM_9
100
AcDbLine
 10
22.26624336242676
 20
111.5000030517578
 30
0.0
 11
22.26624336242676
 21
109.0000030517578
 31
0.0
  0
LINE
  5
262
330
7E
100
AcDbEntity
  8
AM_7
100
AcDbLine
 10
13.35124336242676
 20
90.0000030517578
 30
0.0
 11
22.38124336242676
 21
90.0000030517578
 31
0.0
  0
LINE
  5
263
330
7E
100
AcDbEntity
  8
AM_7
100
AcDbLine
 10
17.86624336242676
 20
85.4850030517578
 30
0.0
 11
17.86624336242676
 21
94.5150030517578
 31
0.0
  0
LINE
  5
264
330
7E
100
AcDbEntity
  8
AM_7
100
AcDbLine
 10
13.35124336242676
 20
100.0000030517578
 30
0.0
 11
22.38124336242676
 21
100.0000030517578
 31
0.0
  0
LINE
  5
265
330
7E
100
AcDbEntity
  8
AM_7
100
AcDbLine
 10
17.86624336242676
 20
95.4850030517578
 30
0.0
 11
17.86624336242676
 21
104.5150030517578
 31
0.0
  0
LINE
  5
266
330
7E
100
AcDbEntity
  8
AM_7
100
AcDbLine
 10
55.50624336242676
 20
85.16000305175783
 30
0.0
 11
59.02624336242675
 21
85.16000305175783
 31
0.0
  0
LINE
  5
267
330
7E
100
AcDbEntity
  8
AM_7
100
AcDbLine
 10
50.41624336242675
 20
73.60000305175781
 30
0.0
 11
60.31624336242676
 21
73.60000305175781
 31
0.0
  0
LINE
  5
268
330
7E
100
AcDbEntity
  8
AM_7
100
AcDbLine
 10
50.41624336242675
 20
43.50000305175783
 30
0.0
 11
60.31624336242676
 21
43.50000305175783
 31
0.0
  0
LINE
  5
269
330
7E
100
AcDbEntity
  8
AM_7
100
AcDbLine
 10
35.76624336242675
 20
29.42000305175782
 30
0.0
 11
59.96624336242676
 21
29.42000305175782
 31
0.0
  0
LINE
  5
26A
330
7E
100
AcDbEntity
  8
AM_7
100
AcDbLine
 10
35.76624336242675
 20
16.17000305175782
 30
0.0
 11
59.96624336242676
 21
16.17000305175782
 31
0.0
  0
LINE
  5
26B
330
7E
100
AcDbEntity
  8
AM_7
100
AcDbLine
 10
35.76624336242675
 20
2.920003051757817
 30
0.0
 11
59.96624336242676
 21
2.920003051757817
 31
0.0
  0
LINE
  5
26C
330
7E
100
AcDbEntity
  8
AM_7
100
AcDbLine
 10
35.76624336242676
 20
36.08000305175783
 30
0.0
 11
59.96624336242675
 21
36.08000305175783
 31
0.0
  0
LINE
  5
26D
330
7E
100
AcDbEntity
  8
AM_7
100
AcDbLine
 10
35.76624336242676
 20
22.78000305175783
 30
0.0
 11
59.96624336242675
 21
22.78000305175783
 31
0.0
  0
LINE
  5
26E
330
7E
100
AcDbEntity
  8
AM_7
100
AcDbLine
 10
35.76624336242676
 20
9.480003051757834
 30
0.0
 11
59.96624336242675
 21
9.480003051757834
 31
0.0
  0
LINE
  5
26F
330
7E
100
AcDbEntity
  8
AM_7
100
AcDbLine
 10
52.86624336242676
 20
-0.1999969482422159
 30
0.0
 11
52.86624336242676
 21
4.20000305175779
 31
0.0
  0
LINE
  5
270
330
7E
100
AcDbEntity
  8
AM_7
100
AcDbLine
 10
3.291243362426759
 20
81.00000305175782
 30
0.0
 11
4.941243362426757
 21
81.00000305175782
 31
0.0
  0
LINE
  5
271
330
7E
100
AcDbEntity
  8
AM_7
100
AcDbLine
 10
3.291243362426759
 20
11.10000305175781
 30
0.0
 11
4.941243362426757
 21
11.10000305175781
 31
0.0
  0
LINE
  5
272
330
7E
100
AcDbEntity
  8
AM_7
100
AcDbLine
 10
10.86624336242676
 20
133.8000030517578
 30
0.0
 11
10.86624336242676
 21
78.80000305175781
 31
0.0
  0
LINE
  5
273
330
7E
100
AcDbEntity
  8
AM_7
100
AcDbLine
 10
24.86624336242676
 20
132.8000030517578
 30
0.0
 11
24.86624336242676
 21
99.80000305175781
 31
0.0
  0
LINE
  5
274
330
7E
100
AcDbEntity
  8
AM_7
100
AcDbLine
 10
44.66624336242675
 20
126.9400030517578
 30
0.0
 11
44.66624336242675
 21
122.5400030517578
 31
0.0
  0
LINE
  5
275
330
7E
100
AcDbEntity
  8
AM_7
100
AcDbLine
 10
8.566243362426757
 20
133.4800030517578
 30
0.0
 11
8.566243362426757
 21
129.5200030517578
 31
0.0
  0
LINE
  5
276
330
7E
100
AcDbEntity
  8
AM_7
100
AcDbLine
 10
14.16624336242675
 20
133.4800030517578
 30
0.0
 11
14.16624336242675
 21
129.5200030517578
 31
0.0
  0
LINE
  5
277
330
7E
100
AcDbEntity
  8
AM_7
100
AcDbLine
 10
26.11624336242676
 20
116.1000030517578
 30
0.0
 11
36.61624336242675
 21
116.1000030517578
 31
0.0
  0
LINE
  5
278
330
7E
100
AcDbEntity
  8
AM_7
100
AcDbLine
 10
31.36624336242676
 20
110.8500030517578
 30
0.0
 11
31.36624336242676
 21
121.3500030517578
 31
0.0
  0
LINE
  5
279
330
7E
100
AcDbEntity
  8
AM_7
100
AcDbLine
 10
0.8496614444806347
 20
137.559317359221
 30
0.0
 11
2.109651312006687
 21
137.559317359221
 31
0.0
  0
LINE
  5
27A
330
7E
100
AcDbEntity
  8
AM_7
100
AcDbLine
 10
1.479656378243661
 20
136.9293224254579
 30
0.0
 11
1.479656378243661
 21
138.189312292984
 31
0.0
  0
LINE
  5
27C
330
7E
100
AcDbEntity
  8
AM_4
100
AcDbLine
 10
39.06624336242676
 20
131.2400661903644
 30
0.0
 11
39.06624336242676
 21
131.3000030517578
 31
0.0
  0
LINE
  5
27D
330
7E
100
AcDbEntity
  8
AM_4
100
AcDbLine
 10
43.66624336242676
 20
130.7069837875959
 30
0.0
 11
43.66624336242676
 21
131.3000030517578
 31
0.0
  0
LINE
  5
27E
330
7E
100
AcDbEntity
  8
AM_4
100
AcDbLine
 10
39.06624336242676
 20
131.3000030517578
 30
0.0
 11
43.66624336242676
 21
131.3000030517578
 31
0.0
  0
LINE
  5
27F
330
7E
100
AcDbEntity
  8
AM_4
100
AcDbLine
 10
31.26624336242676
 20
131.2633634885728
 30
0.0
 11
31.26624336242676
 21
131.3000030517578
 31
0.0
  0
LINE
  5
280
330
7E
100
AcDbEntity
  8
AM_4
100
AcDbLine
 10
26.66624336242676
 20
131.2633634885728
 30
0.0
 11
26.66624336242676
 21
131.3000030517578
 31
0.0
  0
LINE
  5
281
330
7E
100
AcDbEntity
  8
AM_4
100
AcDbLine
 10
26.66624336242676
 20
131.3000030517578
 30
0.0
 11
31.26624336242676
 21
131.3000030517578
 31
0.0
  0
LINE
  5
282
330
7E
100
AcDbEntity
  8
AM_4
100
AcDbLine
 10
25.06624336242676
 20
131.2633634885728
 30
0.0
 11
25.06624336242676
 21
131.3000030517578
 31
0.0
  0
LINE
  5
283
330
7E
100
AcDbEntity
  8
AM_4
100
AcDbLine
 10
23.61624336242675
 20
131.3000030517578
 30
0.0
 11
25.06624336242676
 21
131.3000030517578
 31
0.0
  0
LINE
  5
284
330
7E
100
AcDbEntity
  8
AM_4
100
AcDbLine
 10
32.86624336242676
 20
131.3000030517578
 30
0.0
 11
37.46624336242676
 21
131.3000030517578
 31
0.0
  0
LINE
  5
285
330
7E
100
AcDbEntity
  8
AM_4
100
AcDbLine
 10
32.86624336242676
 20
131.2633634885728
 30
0.0
 11
32.86624336242676
 21
131.3000030517578
 31
0.0
  0
LINE
  5
286
330
7E
100
AcDbEntity
  8
AM_4
100
AcDbLine
 10
37.46624336242676
 20
131.2400661903644
 30
0.0
 11
37.46624336242676
 21
131.3000030517578
 31
0.0
  0
LINE
  5
287
330
7E
100
AcDbEntity
  8
AM_4
100
AcDbLine
 10
49.86624336242676
 20
130.7069837875959
 30
0.0
 11
49.86624336242676
 21
131.3000030517578
 31
0.0
  0
LINE
  5
288
330
7E
100
AcDbEntity
  8
AM_4
100
AcDbLine
 10
45.26624336242676
 20
130.7069837875959
 30
0.0
 11
45.26624336242676
 21
131.3000030517578
 31
0.0
  0
LINE
  5
289
330
7E
100
AcDbEntity
  8
AM_4
100
AcDbLine
 10
45.26624336242676
 20
131.3000030517578
 30
0.0
 11
49.86624336242676
 21
131.3000030517578
 31
0.0
  0
LINE
  5
28A
330
7E
100
AcDbEntity
  8
AM_4
100
AcDbLine
 10
41.91624336242675
 20
130.6782161242573
 30
0.0
 11
41.91624336242675
 21
130.9490293997962
 31
0.0
  0
LINE
  5
28B
330
7E
100
AcDbEntity
  8
AM_4
100
AcDbLine
 10
39.11624336242676
 20
130.6782161242573
 30
0.0
 11
39.11624336242676
 21
131.2400661903644
 31
0.0
  0
LINE
  5
28C
330
7E
100
AcDbEntity
  8
AM_4
100
AcDbLine
 10
50.53624336242676
 20
130.6782161242573
 30
0.0
 11
50.53624336242676
 21
131.2400661903644
 31
0.0
  0
ARC
  5
28D
330
7E
100
AcDbEntity
  8
AM_4
100
AcDbCircle
 10
10.49624336242677
 20
150.1294592725709
 30
0.0
 40
0.9999999999999911
100
AcDbArc
 50
0.0
 51
155.7550275792539
  0
LINE
  5
28E
330
7E
100
AcDbEntity
  8
AM_4
100
AcDbLine
 10
11.49624336242676
 20
149.7000030517578
 30
0.0
 11
11.49624336242676
 21
150.1294592725709
 31
0.0
  0
LINE
  5
28F
330
7E
100
AcDbEntity
  8
AM_4
100
AcDbLine
 10
13.4959862006747
 20
150.1000030517578
 30
0.0
 11
13.49600594437927
 21
149.7000030517578
 31
0.0
  0
ARC
  5
290
330
7E
100
AcDbEntity
  8
AM_4
100
AcDbCircle
 10
9.996491035265864
 20
150.0405590673676
 30
0.0
 40
3.500000000000004
100
AcDbArc
 50
0.9731580531027255
 51
155.9947713526619
  0
LINE
  5
291
330
7E
100
AcDbEntity
  8
AM_4
100
AcDbLine
 10
7.714489130248783
 20
145.1703615458976
 30
0.0
 11
9.386243362426761
 21
144.4174676280529
 31
0.0
  0
ARC
  5
292
330
7E
100
AcDbEntity
  8
AM_4
100
AcDbCircle
 10
6.318317054159713
 20
142.0702480747568
 30
0.0
 40
0.5000000000000207
100
AcDbArc
 50
65.75502757925616
 51
155.755027579253
  0
LINE
  5
293
330
7E
100
AcDbEntity
  8
AM_4
100
AcDbLine
 10
9.386243362426761
 20
141.2369388855448
 30
0.0
 11
6.523636477113978
 21
142.5261471146304
 31
0.0
  0
LINE
  5
294
330
7E
100
AcDbEntity
  8
AM_4
100
AcDbLine
 10
9.386243362426761
 20
144.4174676280529
 30
0.0
 11
9.386243362426761
 21
141.2369388855448
 31
0.0
  0
ARC
  5
295
330
7E
100
AcDbEntity
  8
AM_4
100
AcDbCircle
 10
7.919808553203089
 20
145.6262605857713
 30
0.0
 40
0.5000000000000181
100
AcDbArc
 50
155.7550275792566
 51
245.7550275792519
  0
LINE
  5
296
330
7E
100
AcDbEntity
  8
AM_4
100
AcDbLine
 10
2.080344322553099
 20
135.0953224747121
 30
0.0
 11
0.1178731043484689
 21
135.9791441607543
 31
0.0
  0
ARC
  5
297
330
7E
100
AcDbEntity
  8
AM_4
100
AcDbCircle
 10
2.285663745507363
 20
135.5512215145858
 30
0.0
 40
0.5000000000000198
100
AcDbArc
 50
245.7550275792564
 51
335.7550275792531
  0
LINE
  5
298
330
7E
100
AcDbEntity
  8
AM_4
100
AcDbLine
 10
10.88394576583002
 20
153.4255583153729
 30
0.0
 11
2.741562785381035
 21
135.3459020916315
 31
0.0
  0
LINE
  5
299
330
7E
100
AcDbEntity
  8
AM_4
100
AcDbLine
 10
0.9943949713774352
 20
138.4358956026123
 30
0.0
 11
6.799211858469505
 21
151.4644290985236
 31
0.0
  0
LINE
  5
29A
330
7E
100
AcDbEntity
  8
AM_4
100
AcDbLine
 10
4.634334845718268
 20
144.6397996036959
 30
0.0
 11
2.53624336242676
 21
139.9307698962587
 31
0.0
  0
LINE
  5
29B
330
7E
100
AcDbEntity
  8
AM_4
100
AcDbLine
 10
1.726033305039067
 20
138.1063937889646
 30
0.0
 11
0.9943949713774352
 21
138.4358956026123
 31
0.0
  0
ARC
  5
29C
330
7E
100
AcDbEntity
  8
AM_4
100
AcDbCircle
 10
1.479656378243657
 20
137.559317359221
 30
0.0
 40
0.5999951750124161
100
AcDbArc
 50
245.7545668231737
 51
65.75548833533405
  0
LINE
  5
29D
330
7E
100
AcDbEntity
  8
AM_4
100
AcDbLine
 10
0.506020326772024
 20
137.3397705155413
 30
0.0
 11
1.23327065261941
 21
137.012244892132
 31
0.0
  0
ARC
  5
29E
330
7E
100
AcDbEntity
  8
AM_4
100
AcDbCircle
 10
4.314631695322547
 20
144.7822422083725
 30
0.0
 40
0.350000000000006
100
AcDbArc
 50
335.9848070736945
 51
65.75502757925393
  0
ARC
  5
29F
330
7E
100
AcDbEntity
  8
AM_4
100
AcDbCircle
 10
2.135315975355742
 20
135.9479525922825
 30
0.0
 40
0.8000000000000057
100
AcDbArc
 50
245.7550275792545
 51
335.7550275792522
  0
LINE
  5
2A0
330
7E
100
AcDbEntity
  8
AM_4
100
AcDbLine
 10
2.53624336242676
 20
139.9307698962587
 30
0.0
 11
3.357521054243868
 21
136.7135992112524
 31
0.0
  0
LINE
  5
2A1
330
7E
100
AcDbEntity
  8
AM_4
100
AcDbLine
 10
4.358020129023441
 20
145.1465586409661
 30
0.0
 11
4.458355291390536
 21
145.101371536284
 31
0.0
  0
ARC
  5
2A2
330
7E
100
AcDbEntity
  8
AM_4
100
AcDbCircle
 10
4.218402921414544
 20
144.836547293852
 30
0.0
 40
0.3400000000000187
100
AcDbArc
 50
65.75502757925724
 51
155.9848070736942
  0
LINE
  5
2A3
330
7E
100
AcDbEntity
  8
AM_4
100
AcDbLine
 10
0.0173133590183348
 20
136.2428995508047
 30
0.0
 11
0.506020326772024
 21
137.3397705155413
 31
0.0
  0
ARC
  5
2A4
330
7E
100
AcDbEntity
  8
AM_4
100
AcDbCircle
 10
0.2000008735301592
 20
136.1615037767038
 30
0.0
 40
0.1999999999999753
100
AcDbArc
 50
155.9848070737011
 51
245.755027579261
  0
LINE
  5
2A5
330
7E
100
AcDbEntity
  8
AM_4
100
AcDbLine
 10
36.86624336242675
 20
13.15174612293937
 30
0.0
 11
58.86624336242676
 21
13.92000305175782
 31
0.0
  0
LINE
  5
2A6
330
7E
100
AcDbEntity
  8
AM_4
100
AcDbLine
 10
58.86624336242676
 20
31.6700030517578
 30
0.0
 11
36.86624336242676
 21
32.43825998057625
 31
0.0
  0
LINE
  5
2A7
330
7E
100
AcDbEntity
  8
AM_4
100
AcDbLine
 10
58.86624336242676
 20
31.6700030517578
 30
0.0
 11
58.86624336242676
 21
27.1700030517578
 31
0.0
  0
LINE
  5
2A8
330
7E
100
AcDbEntity
  8
AM_4
100
AcDbLine
 10
36.86624336242676
 20
26.40174612293936
 30
0.0
 11
58.86624336242676
 21
27.1700030517578
 31
0.0
  0
LINE
  5
2A9
330
7E
100
AcDbEntity
  8
AM_4
100
AcDbLine
 10
58.86624336242676
 20
18.42000305175782
 30
0.0
 11
36.86624336242675
 21
19.18825998057626
 31
0.0
  0
LINE
  5
2AA
330
7E
100
AcDbEntity
  8
AM_4
100
AcDbLine
 10
58.86624336242676
 20
18.42000305175782
 30
0.0
 11
58.86624336242676
 21
13.92000305175782
 31
0.0
  0
LINE
  5
2AB
330
7E
100
AcDbEntity
  8
AM_4
100
AcDbLine
 10
58.86624336242676
 20
5.170003051757845
 30
0.0
 11
36.86624336242675
 21
5.938259980576277
 31
0.0
  0
LINE
  5
2AC
330
7E
100
AcDbEntity
  8
AM_4
100
AcDbLine
 10
58.86624336242676
 20
5.170003051757845
 30
0.0
 11
58.86624336242676
 21
0.0000030517578296
 31
0.0
  0
LINE
  5
2AD
330
7E
100
AcDbEntity
  8
AM_4
100
AcDbLine
 10
12.59124336242676
 20
139.2000030517578
 30
0.0
 11
12.59124336242676
 21
135.2000030517578
 31
0.0
  0
LINE
  5
2AE
330
7E
100
AcDbEntity
  8
AM_4
100
AcDbLine
 10
13.59124336242676
 20
139.2000030517578
 30
0.0
 11
12.59124336242676
 21
139.2000030517578
 31
0.0
  0
LINE
  5
2AF
330
7E
100
AcDbEntity
  8
AM_4
100
AcDbLine
 10
9.49624336242676
 20
135.2000030517578
 30
0.0
 11
12.59124336242676
 21
135.2000030517578
 31
0.0
  0
LINE
  5
2B0
330
7E
100
AcDbEntity
  8
AM_4
100
AcDbLine
 10
9.49624336242676
 20
149.7000030517578
 30
0.0
 11
22.64624336242676
 21
149.7000030517578
 31
0.0
  0
LINE
  5
2B1
330
7E
100
AcDbEntity
  8
AM_4
100
AcDbLine
 10
22.64624336242676
 20
149.7000030517578
 30
0.0
 11
22.64624336242676
 21
135.2600030517578
 31
0.0
  0
LINE
  5
2B2
330
7E
100
AcDbEntity
  8
AM_4
100
AcDbLine
 10
9.49624336242676
 20
149.7000030517578
 30
0.0
 11
9.49624336242676
 21
135.2000030517578
 31
0.0
  0
LINE
  5
2B3
330
7E
100
AcDbEntity
  8
AM_4
100
AcDbLine
 10
15.49624336242676
 20
141.7600030517578
 30
0.0
 11
15.49624336242676
 21
137.2950030517578
 31
0.0
  0
LINE
  5
2B4
330
7E
100
AcDbEntity
  8
AM_4
100
AcDbLine
 10
22.04624336242676
 20
141.7600030517578
 30
0.0
 11
22.04624336242676
 21
135.2600030517578
 31
0.0
  0
LINE
  5
2B5
330
7E
100
AcDbEntity
  8
AM_4
100
AcDbLine
 10
22.04624336242676
 20
141.7600030517578
 30
0.0
 11
15.49624336242676
 21
141.7600030517578
 31
0.0
  0
LINE
  5
2B6
330
7E
100
AcDbEntity
  8
AM_4
100
AcDbLine
 10
22.04624336242676
 20
137.2600030517578
 30
0.0
 11
15.53124336242676
 21
137.2600030517578
 31
0.0
  0
LINE
  5
2B7
330
7E
100
AcDbEntity
  8
AM_4
100
AcDbLine
 10
17.53124336242676
 20
135.2600030517578
 30
0.0
 11
23.61624336242676
 21
135.2600030517578
 31
0.0
  0
LINE
  5
2B8
330
7E
100
AcDbEntity
  8
AM_4
100
AcDbLine
 10
23.61624336242676
 20
135.2600030517578
 30
0.0
 11
23.61624336242675
 21
130.418165627847
 31
0.0
  0
LINE
  5
2B9
330
7E
100
AcDbEntity
  8
AM_4
100
AcDbLine
 10
13.51624336242676
 20
134.2000030517578
 30
0.0
 11
17.59124336242676
 21
134.2000030517578
 31
0.0
  0
LINE
  5
2BA
330
7E
100
AcDbEntity
  8
AM_4
100
AcDbLine
 10
13.51624336242676
 20
134.2000030517578
 30
0.0
 11
13.51624336242676
 21
133.3000030517578
 31
0.0
  0
LINE
  5
2BB
330
7E
100
AcDbEntity
  8
AM_4
100
AcDbLine
 10
17.59124336242676
 20
135.2000030517578
 30
0.0
 11
13.59124336242676
 21
139.2000030517578
 31
0.0
  0
LINE
  5
2BC
330
7E
100
AcDbEntity
  8
AM_4
100
AcDbLine
 10
17.59124336242676
 20
134.2000030517578
 30
0.0
 11
17.59124336242676
 21
135.2000030517578
 31
0.0
  0
LINE
  5
2BD
330
7E
100
AcDbEntity
  8
AM_4
100
AcDbLine
 10
14.61624336242676
 20
134.2000030517578
 30
0.0
 11
14.61624336242676
 21
133.3000030517578
 31
0.0
  0
LINE
  5
2BE
330
7E
100
AcDbEntity
  8
AM_4
100
AcDbLine
 10
22.51624336242676
 20
135.2600030517578
 30
0.0
 11
22.51624336242676
 21
130.3831096119789
 31
0.0
  0
LINE
  5
2BF
330
7E
100
AcDbEntity
  8
AM_4
100
AcDbLine
 10
19.77124336242676
 20
138.1000030517578
 30
0.0
 11
17.77124336242676
 21
138.1000030517578
 31
0.0
  0
LINE
  5
2C0
330
7E
100
AcDbEntity
  8
AM_4
100
AcDbLine
 10
19.77124336242676
 20
141.6000030517578
 30
0.0
 11
19.77124336242676
 21
138.1000030517578
 31
0.0
  0
LINE
  5
2C1
330
7E
100
AcDbEntity
  8
AM_4
100
AcDbLine
 10
17.77124336242676
 20
141.6000030517578
 30
0.0
 11
17.77124336242676
 21
138.1000030517578
 31
0.0
  0
LINE
  5
2C2
330
7E
100
AcDbEntity
  8
AM_4
100
AcDbLine
 10
19.77124336242676
 20
141.6000030517578
 30
0.0
 11
17.77124336242676
 21
141.6000030517578
 31
0.0
  0
LINE
  5
2C3
330
7E
100
AcDbEntity
  8
AM_4
100
AcDbLine
 10
3.366243362426765
 20
7.511440879523974
 30
0.0
 11
3.366243362426758
 21
14.68856522399167
 31
0.0
  0
ARC
  5
2C4
330
7E
100
AcDbEntity
  8
AM_4
100
AcDbCircle
 10
4.366243362426715
 20
14.68856522399169
 30
0.0
 40
0.999999999999957
100
AcDbArc
 50
138.590377296904
 51
180.0
  0
LWPOLYLINE
  5
2C5
330
7E
100
AcDbEntity
  8
AM_4
100
AcDbPolyline
 90
        4
 70
     0
 43
0.0
 10
3.366243362426758
 20
13.48107226457452
 10
3.387150344394229
 20
13.73261674923309
 10
3.521593148317038
 20
14.12854045190682
 10
3.616243359300192
 20
14.275314009081
  0
LINE
  5
2C6
330
7E
100
AcDbEntity
  8
AM_4
100
AcDbLine
 10
11.86624336242675
 20
13.23473268729121
 30
0.0
 11
3.366243362426758
 21
13.23473268729121
 31
0.0
  0
LWPOLYLINE
  5
2C7
330
7E
100
AcDbEntity
  8
AM_4
100
AcDbPolyline
 90
        5
 70
     0
 43
0.0
 10
3.866243362426776
 20
15.02030665408034
 10
3.862470849941342
 20
14.92573376971261
 10
3.830102983015191
 20
14.72517948309218
 10
3.763418069262002
 20
14.52723594041795
 10
3.616243359300185
 20
14.275314009081
  0
ARC
  5
2C8
330
7E
100
AcDbEntity
  8
AM_4
100
AcDbCircle
 10
2.866244397790452
 20
16.011442053514
 30
0.0
 40
0.9999999999998704
100
AcDbArc
 50
318.5902879335958
 51
0.0
  0
LINE
  5
2C9
330
7E
100
AcDbEntity
  8
AM_4
100
AcDbLine
 10
3.616243359300192
 20
14.275314009081
 30
0.0
 11
3.616243369282024
 21
15.35000305953096
 31
0.0
  0
LINE
  5
2CA
330
7E
100
AcDbEntity
  8
AM_4
100
AcDbLine
 10
11.86624336242675
 20
15.33473268729121
 30
0.0
 11
3.866243362426758
 21
15.33473268729121
 31
0.0
  0
LINE
  5
2CB
330
7E
100
AcDbEntity
  8
AM_4
100
AcDbLine
 10
11.86624336242675
 20
17.70473268729121
 30
0.0
 11
3.866243362426758
 21
17.70473268729121
 31
0.0
  0
LINE
  5
2CC
330
7E
100
AcDbEntity
  8
AM_4
100
AcDbLine
 10
11.86624336242675
 20
19.80473268729121
 30
0.0
 11
3.866243362426758
 21
19.80473268729121
 31
0.0
  0
ARC
  5
2CD
330
7E
100
AcDbEntity
  8
AM_4
100
AcDbCircle
 10
4.366243362426606
 20
7.511440879523891
 30
0.0
 40
0.999999999999841
100
AcDbArc
 50
180.0
 51
221.4096227030967
  0
LINE
  5
2CE
330
7E
100
AcDbEntity
  8
AM_4
100
AcDbLine
 10
11.86624336242675
 20
22.17473268729121
 30
0.0
 11
3.866243362426758
 21
22.17473268729121
 31
0.0
  0
LINE
  5
2CF
330
7E
100
AcDbEntity
  8
AM_4
100
AcDbLine
 10
11.86624336242675
 20
24.27473268729121
 30
0.0
 11
3.866243362426758
 21
24.27473268729121
 31
0.0
  0
LINE
  5
2D0
330
7E
100
AcDbEntity
  8
AM_4
100
AcDbLine
 10
3.366243362423173
 20
13.00000305175783
 30
0.0
 11
11.86624336242675
 21
13.00000305175783
 31
0.0
  0
LINE
  5
2D1
330
7E
100
AcDbEntity
  8
AM_4
100
AcDbLine
 10
3.61624336928201
 20
6.850003043984685
 30
0.0
 11
3.616243359300181
 21
13.00000305175783
 31
0.0
  0
ARC
  5
2D2
330
7E
100
AcDbEntity
  8
AM_4
100
AcDbCircle
 10
2.866244397790331
 20
6.188564050001593
 30
0.0
 40
0.9999999999999902
100
AcDbArc
 50
0.0
 51
41.40971206640148
  0
LINE
  5
2D3
330
7E
100
AcDbEntity
  8
AM_4
100
AcDbLine
 10
11.86624336242675
 20
26.64473268729121
 30
0.0
 11
3.866243362426758
 21
26.64473268729121
 31
0.0
  0
LINE
  5
2D4
330
7E
100
AcDbEntity
  8
AM_4
100
AcDbLine
 10
11.86624336242675
 20
28.74473268729122
 30
0.0
 11
3.866243362426758
 21
28.74473268729122
 31
0.0
  0
LINE
  5
2D5
330
7E
100
AcDbEntity
  8
AM_4
100
AcDbLine
 10
11.86624336242675
 20
31.11473268729119
 30
0.0
 11
3.866243362426758
 21
31.11473268729119
 31
0.0
  0
LINE
  5
2D6
330
7E
100
AcDbEntity
  8
AM_4
100
AcDbLine
 10
11.86624336242675
 20
33.21473268729122
 30
0.0
 11
3.866243362426758
 21
33.2147326872912
 31
0.0
  0
LINE
  5
2D7
330
7E
100
AcDbEntity
  8
AM_4
100
AcDbLine
 10
11.86624336242675
 20
35.58473268729119
 30
0.0
 11
3.866243362426758
 21
35.58473268729119
 31
0.0
  0
LINE
  5
2D8
330
7E
100
AcDbEntity
  8
AM_4
100
AcDbLine
 10
11.86624336242675
 20
37.68473268729122
 30
0.0
 11
3.866243362426758
 21
37.68473268729122
 31
0.0
  0
LINE
  5
2D9
330
7E
100
AcDbEntity
  8
AM_4
100
AcDbLine
 10
11.86624336242675
 20
40.05473268729119
 30
0.0
 11
3.866243362426758
 21
40.05473268729119
 31
0.0
  0
LINE
  5
2DA
330
7E
100
AcDbEntity
  8
AM_4
100
AcDbLine
 10
11.86624336242675
 20
42.15473268729122
 30
0.0
 11
3.866243362426758
 21
42.15473268729122
 31
0.0
  0
LINE
  5
2DB
330
7E
100
AcDbEntity
  8
AM_4
100
AcDbLine
 10
36.21624336242675
 20
129.8482390873136
 30
0.0
 11
36.21624336242675
 21
130.0825944339953
 31
0.0
  0
LINE
  5
2DC
330
7E
100
AcDbEntity
  8
AM_4
100
AcDbLine
 10
50.71624336242675
 20
129.8482390873136
 30
0.0
 11
50.71624336242675
 21
130.0825944339953
 31
0.0
  0
LINE
  5
2DD
330
7E
100
AcDbEntity
  8
AM_4
100
AcDbLine
 10
11.86624336242675
 20
44.52473268729121
 30
0.0
 11
3.866243362426758
 21
44.52473268729121
 31
0.0
  0
LINE
  5
2DE
330
7E
100
AcDbEntity
  8
AM_4
100
AcDbLine
 10
46.69806055375773
 20
129.8504000688551
 30
0.0
 11
46.69806055375773
 21
130.0807291672731
 31
0.0
  0
LINE
  5
2DF
330
7E
100
AcDbEntity
  8
AM_4
100
AcDbLine
 10
38.06624336242676
 20
129.850279754934
 30
0.0
 11
38.06624336242676
 21
130.0807291672731
 31
0.0
  0
LINE
  5
2E0
330
7E
100
AcDbEntity
  8
AM_4
100
AcDbLine
 10
11.86624336242675
 20
46.6247326872912
 30
0.0
 11
3.866243362426758
 21
46.6247326872912
 31
0.0
  0
LINE
  5
2E1
330
7E
100
AcDbEntity
  8
AM_4
100
AcDbLine
 10
11.86624336242675
 20
48.9947326872912
 30
0.0
 11
3.866243362426758
 21
48.9947326872912
 31
0.0
  0
LINE
  5
2E2
330
7E
100
AcDbEntity
  8
AM_4
100
AcDbLine
 10
11.86624336242675
 20
51.09473268729121
 30
0.0
 11
3.866243362426758
 21
51.09473268729123
 31
0.0
  0
LINE
  5
2E3
330
7E
100
AcDbEntity
  8
AM_4
100
AcDbLine
 10
47.40516733494427
 20
129.8643620241043
 30
0.0
 11
47.40516733494427
 21
130.0697730873414
 31
0.0
  0
LINE
  5
2E4
330
7E
100
AcDbEntity
  8
AM_4
100
AcDbLine
 10
11.86624336242675
 20
53.4647326872912
 30
0.0
 11
3.866243362426758
 21
53.4647326872912
 31
0.0
  0
LINE
  5
2E5
330
7E
100
AcDbEntity
  8
AM_4
100
AcDbLine
 10
11.86624336242675
 20
55.56473268729121
 30
0.0
 11
3.866243362426758
 21
55.56473268729121
 31
0.0
  0
LINE
  5
2E6
330
7E
100
AcDbEntity
  8
AM_4
100
AcDbLine
 10
48.60515209207936
 20
129.9126503191441
 30
0.0
 11
48.60515209207936
 21
130.0243579680786
 31
0.0
  0
LINE
  5
2E7
330
7E
100
AcDbEntity
  8
AM_4
100
AcDbLine
 10
10.31624336242675
 20
133.2781074274944
 30
0.0
 11
10.01192659190685
 21
133.3000030517578
 31
0.0
  0
LINE
  5
2E8
330
7E
100
AcDbEntity
  8
AM_4
100
AcDbLine
 10
10.01192659190685
 20
133.3000030517578
 30
0.0
 11
8.966243362426756
 21
133.3000030517578
 31
0.0
  0
LWPOLYLINE
  5
2E9
330
7E
100
AcDbEntity
  8
AM_4
100
AcDbPolyline
 90
        3
 70
     0
 43
0.0
 10
8.966243362426756
 20
133.2781074274936
 10
8.566243362426757
 20
133.2843165350563
 10
8.166243362426759
 20
133.2781074274944
  0
LINE
  5
2EA
330
7E
100
AcDbEntity
  8
AM_4
100
AcDbLine
 10
8.166243362426759
 20
133.3000030517578
 30
0.0
 11
7.120560132946657
 21
133.3000030517578
 31
0.0
  0
LINE
  5
2EB
330
7E
100
AcDbEntity
  8
AM_4
100
AcDbLine
 10
7.120560132946657
 20
133.3000030517578
 30
0.0
 11
6.816243362426757
 21
133.2781074274936
 31
0.0
  0
ARC
  5
2EC
330
7E
100
AcDbEntity
  8
AM_4
100
AcDbCircle
 10
7.066243362426785
 20
131.3000030517578
 30
0.0
 40
2.000000000000058
100
AcDbArc
 50
97.17460916275004
 51
180.0
  0
ARC
  5
2ED
330
7E
100
AcDbEntity
  8
AM_4
100
AcDbCircle
 10
10.06624336242685
 20
131.3000030517579
 30
0.0
 40
1.999999999999867
100
AcDbArc
 50
49.45839812649554
 51
82.83235073256533
  0
LINE
  5
2EE
330
7E
100
AcDbEntity
  8
AM_4
100
AcDbLine
 10
5.066243362426757
 20
131.3000030517578
 30
0.0
 11
5.066243362426757
 21
130.9500030517578
 31
0.0
  0
LINE
  5
2EF
330
7E
100
AcDbEntity
  8
AM_4
100
AcDbLine
 10
17.66624336242675
 20
131.3000030517578
 30
0.0
 11
5.066243362426757
 21
131.3000030517578
 31
0.0
  0
LINE
  5
2F0
330
7E
100
AcDbEntity
  8
AM_4
100
AcDbLine
 10
4.946243362426756
 20
130.9500030517578
 30
0.0
 11
4.946243362426756
 21
130.2500030517578
 31
0.0
  0
LINE
  5
2F1
330
7E
100
AcDbEntity
  8
AM_4
100
AcDbLine
 10
17.78624336242676
 20
130.9500030517578
 30
0.0
 11
4.946243362426756
 21
130.9500030517578
 31
0.0
  0
LINE
  5
2F2
330
7E
100
AcDbEntity
  8
AM_4
100
AcDbLine
 10
11.86624336242675
 20
57.9347326872912
 30
0.0
 11
3.866243362426758
 21
57.9347326872912
 31
0.0
  0
LINE
  5
2F3
330
7E
100
AcDbEntity
  8
AM_4
100
AcDbLine
 10
11.86624336242675
 20
60.0347326872912
 30
0.0
 11
3.866243362426758
 21
60.0347326872912
 31
0.0
  0
LINE
  5
2F4
330
7E
100
AcDbEntity
  8
AM_4
100
AcDbLine
 10
4.566243362426757
 20
130.2500030517578
 30
0.0
 11
4.566243362426757
 21
130.1360094406604
 31
0.0
  0
LINE
  5
2F5
330
7E
100
AcDbEntity
  8
AM_4
100
AcDbLine
 10
18.16624336242675
 20
130.2500030517578
 30
0.0
 11
4.566243362426757
 21
130.2500030517578
 31
0.0
  0
LWPOLYLINE
  5
2F6
330
7E
100
AcDbEntity
  8
AM_4
100
AcDbPolyline
 90
       14
 70
     0
 43
0.0
 10
4.56624336300445
 20
130.136043670829
 10
4.579143099170821
 20
130.1243203940718
 10
4.690114955550104
 20
130.0998281687485
 10
4.910493987598773
 20
130.0761185883792
 10
5.235536383061444
 20
130.0539197108497
 10
5.654646527173618
 20
130.0338949549848
 10
6.15694874413899
 20
130.016720481527
 10
6.72729816083293
 20
130.0028987441128
 10
7.349896311140483
 20
129.9929417441363
 10
8.006828128930945
 20
129.9871113936865
 10
8.679357363245725
 20
129.9856654501303
 10
9.348696811388646
 20
129.9885828692335
 10
9.995514347518899
 20
129.9958277092545
 10
10.17097016205738
 20
129.9985884988167
  0
LINE
  5
2F7
330
7E
100
AcDbEntity
  8
AM_4
100
AcDbLine
 10
11.86624336242675
 20
62.4047326872912
 30
0.0
 11
3.866243362426758
 21
62.4047326872912
 31
0.0
  0
LINE
  5
2F8
330
7E
100
AcDbEntity
  8
AM_4
100
AcDbLine
 10
11.86624336242675
 20
64.5047326872912
 30
0.0
 11
3.866243362426758
 21
64.5047326872912
 31
0.0
  0
LINE
  5
2F9
330
7E
100
AcDbEntity
  8
AM_4
100
AcDbLine
 10
11.86624336242675
 20
66.8747326872912
 30
0.0
 11
3.866243362426758
 21
66.8747326872912
 31
0.0
  0
LINE
  5
2FA
330
7E
100
AcDbEntity
  8
AM_4
100
AcDbLine
 10
11.86624336242675
 20
68.97473268729121
 30
0.0
 11
3.866243362426758
 21
68.97473268729121
 31
0.0
  0
LINE
  5
2FB
330
7E
100
AcDbEntity
  8
AM_4
100
AcDbLine
 10
36.86624336242676
 20
6.46174612293936
 30
0.0
 11
58.86624336242676
 21
7.230003051757819
 31
0.0
  0
LINE
  5
2FC
330
7E
100
AcDbEntity
  8
AM_4
100
AcDbLine
 10
36.86624336242676
 20
19.76174612293937
 30
0.0
 11
58.86624336242676
 21
20.53000305175782
 31
0.0
  0
LINE
  5
2FD
330
7E
100
AcDbEntity
  8
AM_4
100
AcDbLine
 10
58.86624336242676
 20
25.03000305175782
 30
0.0
 11
36.86624336242676
 21
25.79825998057628
 31
0.0
  0
LINE
  5
2FE
330
7E
100
AcDbEntity
  8
AM_4
100
AcDbLine
 10
58.86624336242676
 20
25.03000305175782
 30
0.0
 11
58.86624336242676
 21
20.53000305175782
 31
0.0
  0
LINE
  5
2FF
330
7E
100
AcDbEntity
  8
AM_4
100
AcDbLine
 10
58.86624336242676
 20
105.1000030517578
 30
0.0
 11
58.86624336242676
 21
33.83000305175781
 31
0.0
  0
LINE
  5
300
330
7E
100
AcDbEntity
  8
AM_4
100
AcDbLine
 10
36.86624336242676
 20
33.06174612293937
 30
0.0
 11
58.86624336242676
 21
33.83000305175781
 31
0.0
  0
LINE
  5
301
330
7E
100
AcDbEntity
  8
AM_4
100
AcDbLine
 10
58.86624336242676
 20
11.73000305175782
 30
0.0
 11
36.86624336242676
 21
12.49825998057626
 31
0.0
  0
LINE
  5
302
330
7E
100
AcDbEntity
  8
AM_4
100
AcDbLine
 10
58.86624336242676
 20
11.73000305175782
 30
0.0
 11
58.86624336242676
 21
7.230003051757819
 31
0.0
  0
LINE
  5
303
330
7E
100
AcDbEntity
  8
AM_4
100
AcDbLine
 10
11.86624336242675
 20
71.34473268729121
 30
0.0
 11
3.866243362426758
 21
71.34473268729121
 31
0.0
  0
LINE
  5
304
330
7E
100
AcDbEntity
  8
AM_4
100
AcDbLine
 10
11.86624336242675
 20
73.44473268729121
 30
0.0
 11
3.866243362426758
 21
73.44473268729121
 31
0.0
  0
LINE
  5
305
330
7E
100
AcDbEntity
  8
AM_4
100
AcDbLine
 10
49.26624336242676
 20
129.7758868943041
 30
0.0
 11
49.26624336242676
 21
129.9264749383283
 31
0.0
  0
LINE
  5
306
330
7E
100
AcDbEntity
  8
AM_4
100
AcDbLine
 10
11.86624336242675
 20
75.8147326872912
 30
0.0
 11
3.866243362426758
 21
75.8147326872912
 31
0.0
  0
LINE
  5
307
330
7E
100
AcDbEntity
  8
AM_4
100
AcDbLine
 10
11.86624336242675
 20
77.9147326872912
 30
0.0
 11
3.407633562352235
 21
77.9147326872912
 31
0.0
  0
LINE
  5
308
330
7E
100
AcDbEntity
  8
AM_4
100
AcDbLine
 10
11.86624336242675
 20
80.28473268729121
 30
0.0
 11
3.366243362426758
 21
80.28473268729121
 31
0.0
  0
LINE
  5
309
330
7E
100
AcDbEntity
  8
AM_4
100
AcDbLine
 10
11.86624336242675
 20
82.3847326872912
 30
0.0
 11
3.366243362426758
 21
82.3847326872912
 31
0.0
  0
LINE
  5
30A
330
7E
100
AcDbEntity
  8
AM_4
100
AcDbLine
 10
48.98799480455398
 20
129.7758868943041
 30
0.0
 11
48.98799480455398
 21
129.8996854089942
 31
0.0
  0
LINE
  5
30B
330
7E
100
AcDbEntity
  8
AM_4
100
AcDbLine
 10
37.16624336242675
 20
129.7758868943041
 30
0.0
 11
37.16624336242675
 21
129.8624928013506
 31
0.0
  0
LINE
  5
30C
330
7E
100
AcDbEntity
  8
AM_4
100
AcDbLine
 10
37.96624336242676
 20
129.7758868943041
 30
0.0
 11
37.96624336242676
 21
129.8298067360836
 31
0.0
  0
LINE
  5
30D
330
7E
100
AcDbEntity
  8
AM_4
100
AcDbLine
 10
46.68634437510443
 20
129.7758868943041
 30
0.0
 11
46.68634437510443
 21
129.8298067360836
 31
0.0
  0
LINE
  5
30E
330
7E
100
AcDbEntity
  8
AM_4
100
AcDbLine
 10
47.67629386876559
 20
129.7758868943041
 30
0.0
 11
47.67629386876559
 21
129.8466075550136
 31
0.0
  0
LWPOLYLINE
  5
30F
330
7E
100
AcDbEntity
  8
AM_4
100
AcDbPolyline
 90
        6
 70
     0
 43
0.0
 10
38.06624336242676
 20
129.850279754934
 10
37.93392353194598
 20
129.8511983732334
 10
37.81652226880617
 20
129.8538484760218
 10
37.7272207725397
 20
129.8579279949392
 10
37.67607046096339
 20
129.86297535186
 10
37.66624336242675
 20
129.8665520231705
  0
LWPOLYLINE
  5
310
330
7E
100
AcDbEntity
  8
AM_4
100
AcDbPolyline
 90
        6
 70
     0
 43
0.0
 10
37.66624336242675
 20
130.0657539812709
 10
37.68881623296961
 20
130.0707238990923
 10
37.75400070250205
 20
130.0751248633842
 10
37.8544264613482
 20
130.0784632545256
 10
37.97870081650958
 20
130.0803672406545
 10
38.06624336242676
 20
130.0807291672732
  0
LINE
  5
311
330
7E
100
AcDbEntity
  8
AM_4
100
AcDbLine
 10
38.06624336242676
 20
130.0807291672731
 30
0.0
 11
46.69806055375773
 21
130.0807291672731
 31
0.0
  0
LWPOLYLINE
  5
312
330
7E
100
AcDbEntity
  8
AM_4
100
AcDbPolyline
 90
        4
 70
     0
 43
0.0
 10
46.69806055375773
 20
130.0807291672731
 10
47.02889272641585
 20
130.0786267248338
 10
47.32242503938572
 20
130.0725469221276
 10
47.40516733494428
 20
130.0697730873416
  0
LINE
  5
313
330
7E
100
AcDbEntity
  8
AM_4
100
AcDbLine
 10
47.40516733494411
 20
130.0697730873414
 30
0.0
 11
48.60515209207934
 21
130.0243579680788
 31
0.0
  0
LWPOLYLINE
  5
314
330
7E
100
AcDbEntity
  8
AM_4
100
AcDbPolyline
 90
        4
 70
     0
 43
0.0
 10
48.60515209207936
 20
130.0243579680785
 10
48.71199198768916
 20
130.0185937051505
 10
48.7628912879676
 20
130.0117859329522
 10
48.76624336242676
 20
130.0094570273848
  0
LWPOLYLINE
  5
315
330
7E
100
AcDbEntity
  8
AM_4
100
AcDbPolyline
 90
        4
 70
     0
 43
0.0
 10
48.76624336242676
 20
129.9281181179946
 10
48.73520113896657
 20
129.92088423584
 10
48.64555838721492
 20
129.9144495395786
 10
48.60515209207936
 20
129.9126503191441
  0
LINE
  5
316
330
7E
100
AcDbEntity
  8
AM_4
100
AcDbLine
 10
48.60515209207951
 20
129.9126503191442
 30
0.0
 11
47.35202980005322
 21
129.8622040969236
 31
0.0
  0
LWPOLYLINE
  5
317
330
7E
100
AcDbEntity
  8
AM_4
100
AcDbPolyline
 90
        4
 70
     0
 43
0.0
 10
47.35202980005366
 20
129.8622040969236
 10
47.07825036494135
 20
129.8543062882621
 10
46.75558099766154
 20
129.8505303065515
 10
46.64492301886711
 20
129.8502797549343
  0
LINE
  5
318
330
7E
100
AcDbEntity
  8
AM_4
100
AcDbLine
 10
46.64492301886711
 20
129.850279754934
 30
0.0
 11
38.06624336242676
 21
129.850279754934
 31
0.0
  0
LWPOLYLINE
  5
319
330
7E
100
AcDbEntity
  8
AM_4
100
AcDbPolyline
 90
        6
 70
     0
 43
0.0
 10
37.96624336242676
 20
129.8298067360836
 10
37.70160583405421
 20
129.8316569230475
 10
37.46680522076356
 20
129.8369911437298
 10
37.28820184672457
 20
129.8451928958049
 10
37.18589884823034
 20
129.8553242550732
 10
37.16624336242675
 20
129.8624928013506
  0
LINE
  5
31A
330
7E
100
AcDbEntity
  8
AM_4
100
AcDbLine
 10
46.68634437510443
 20
129.8298067360836
 30
0.0
 11
37.96624336242676
 21
129.8298067360836
 31
0.0
  0
LWPOLYLINE
  5
31B
330
7E
100
AcDbEntity
  8
AM_4
100
AcDbPolyline
 90
        4
 70
     0
 43
0.0
 10
47.67629386876559
 20
129.8466075550136
 10
47.29300429989061
 20
129.8354830739029
 10
46.84126781627126
 20
129.8301600477044
 10
46.68634437510443
 20
129.8298067360838
  0
LINE
  5
31C
330
7E
100
AcDbEntity
  8
AM_4
100
AcDbLine
 10
48.987994804555
 20
129.8996854089943
 30
0.0
 11
47.67629386876578
 21
129.8466075550136
 31
0.0
  0
LWPOLYLINE
  5
31D
330
7E
100
AcDbEntity
  8
AM_4
100
AcDbPolyline
 90
        4
 70
     0
 43
0.0
 10
49.26624336242676
 20
129.9264749383283
 10
49.21262442826277
 20
129.9139600149536
 10
49.05778580987875
 20
129.9028072171468
 10
48.98799480455398
 20
129.8996854089942
  0
LWPOLYLINE
  5
31E
330
7E
100
AcDbEntity
  8
AM_4
100
AcDbPolyline
 90
        4
 70
     0
 43
0.0
 10
48.98799480455398
 20
130.034693364755
 10
49.17253579763042
 20
130.0247701611964
 10
49.26045304332824
 20
130.013028887394
 10
49.26624336242676
 20
130.0090067413554
  0
LINE
  5
31F
330
7E
100
AcDbEntity
  8
AM_4
100
AcDbLine
 10
47.67629386876565
 20
130.0840837041181
 30
0.0
 11
48.98799480455381
 21
130.034693364755
 31
0.0
  0
LWPOLYLINE
  5
320
330
7E
100
AcDbEntity
  8
AM_4
100
AcDbPolyline
 90
        4
 70
     0
 43
0.0
 10
46.68634437510443
 20
130.0993155205182
 10
47.14951281719529
 20
130.0963947683271
 10
47.56046110524632
 20
130.0879425884704
 10
47.67629386876559
 20
130.0840837041181
  0
LINE
  5
321
330
7E
100
AcDbEntity
  8
AM_4
100
AcDbLine
 10
37.96624336242676
 20
130.0993155205182
 30
0.0
 11
46.68634437510443
 21
130.0993155205182
 31
0.0
  0
LWPOLYLINE
  5
322
330
7E
100
AcDbEntity
  8
AM_4
100
AcDbPolyline
 90
        6
 70
     0
 43
0.0
 10
37.16624336242676
 20
130.0695066203245
 10
37.21138857225626
 20
130.0794204367371
 10
37.34175627913901
 20
130.088181983105
 10
37.54260541750411
 20
130.0948172003059
 10
37.79115234680008
 20
130.0985972786858
 10
37.96624336242675
 20
130.0993155205184
  0
LWPOLYLINE
  5
323
330
7E
100
AcDbEntity
  8
AM_4
100
AcDbPolyline
 90
        6
 70
     0
 43
0.0
 10
3.407633562352235
 20
77.9147326872912
 10
3.397846432180305
 20
77.9757582440476
 10
3.394038673348934
 20
78.02736095345185
 10
3.395781670833475
 20
78.06300894631019
 10
3.403240014938532
 20
78.07918756941939
 10
3.406443648230212
 20
78.08000305175781
  0
LINE
  5
324
330
7E
100
AcDbEntity
  8
AM_4
100
AcDbLine
 10
3.366243362426758
 20
84.58856522396256
 30
0.0
 11
3.366243362426758
 21
77.41144087955307
 31
0.0
  0
LWPOLYLINE
  5
325
330
7E
100
AcDbEntity
  8
AM_4
100
AcDbPolyline
 90
        4
 70
     0
 43
0.0
 10
3.616243367762856
 20
77.39440707900879
 10
3.499574600481804
 20
77.61328130217898
 10
3.420581217353785
 20
77.85648607743022
 10
3.407633562352235
 20
77.9147326872912
  0
ARC
  5
326
330
7E
100
AcDbEntity
  8
AM_4
100
AcDbCircle
 10
4.366243362426722
 20
77.41144087952394
 30
0.0
 40
0.9999999999999645
100
AcDbArc
 50
180.0
 51
221.4096225715004
  0
ARC
  5
327
330
7E
100
AcDbEntity
  8
AM_4
100
AcDbCircle
 10
4.366243362426722
 20
84.5885652239917
 30
0.0
 40
0.9999999999999586
100
AcDbArc
 50
138.5903774284995
 51
180.0
  0
LWPOLYLINE
  5
328
330
7E
100
AcDbEntity
  8
AM_4
100
AcDbPolyline
 90
        3
 70
     0
 43
0.0
 10
3.616243367762856
 20
77.39440707900879
 10
3.8185072529539
 20
76.93659809904534
 10
3.866243362428179
 20
76.56335520332384
  0
LINE
  5
329
330
7E
100
AcDbEntity
  8
AM_4
100
AcDbLine
 10
3.616243367762856
 20
77.39440707900879
 30
0.0
 11
3.616243367762856
 21
76.75000304570725
 31
0.0
  0
ARC
  5
32A
330
7E
100
AcDbEntity
  8
AM_4
100
AcDbCircle
 10
2.86624439779032
 20
76.08856405000155
 30
0.0
 40
1.000000000000001
100
AcDbArc
 50
0.0824487558036164
 51
41.40971133334057
  0
ARC
  5
32B
330
7E
100
AcDbEntity
  8
AM_4
100
AcDbCircle
 10
2.86624439779032
 20
85.91144205351408
 30
0.0
 40
1.000000000000011
100
AcDbArc
 50
318.5902886666594
 51
359.9175512441964
  0
LINE
  5
32C
330
7E
100
AcDbEntity
  8
AM_4
100
AcDbLine
 10
3.616243367762856
 20
85.25000305780839
 30
0.0
 11
3.616243367762866
 21
82.55000305175781
 31
0.0
  0
LINE
  5
32D
330
7E
100
AcDbEntity
  8
AM_4
100
AcDbLine
 10
3.616243367762856
 20
80.05000305175781
 30
0.0
 11
3.616243367762671
 21
78.08000305175781
 31
0.0
  0
LINE
  5
32E
330
7E
100
AcDbEntity
  8
AM_4
100
AcDbLine
 10
57.86624336242676
 20
105.3000030517578
 30
0.0
 11
57.86624336242676
 21
105.1000030517578
 31
0.0
  0
LINE
  5
32F
330
7E
100
AcDbEntity
  8
AM_4
100
AcDbLine
 10
3.866243362426758
 20
13.00000305175784
 30
0.0
 11
3.866243362426758
 21
0.0000030517577727
 31
0.0
  0
LINE
  5
330
330
7E
100
AcDbEntity
  8
AM_4
100
AcDbLine
 10
7.266243362426756
 20
4.000003051757787
 30
0.0
 11
7.266243362426756
 21
0.0000030517577727
 31
0.0
  0
LINE
  5
331
330
7E
100
AcDbEntity
  8
AM_4
100
AcDbLine
 10
6.26624336242676
 20
4.000003051757815
 30
0.0
 11
6.266243362426756
 21
0.0000030517577727
 31
0.0
  0
LINE
  5
332
330
7E
100
AcDbEntity
  8
AM_4
100
AcDbLine
 10
10.66624336242675
 20
131.3000030517578
 30
0.0
 11
10.66624336242675
 21
130.9500030517578
 31
0.0
  0
LINE
  5
333
330
7E
100
AcDbEntity
  8
AM_4
100
AcDbLine
 10
17.66624336242675
 20
130.9500030517578
 30
0.0
 11
17.66624336242675
 21
131.3000030517578
 31
0.0
  0
LINE
  5
334
330
7E
100
AcDbEntity
  8
AM_4
100
AcDbLine
 10
15.91624336242676
 20
133.2781074274944
 30
0.0
 11
15.61192659190685
 21
133.3000030517578
 31
0.0
  0
LINE
  5
335
330
7E
100
AcDbEntity
  8
AM_4
100
AcDbLine
 10
15.61192659190685
 20
133.3000030517578
 30
0.0
 11
14.56624336242676
 21
133.3000030517578
 31
0.0
  0
LWPOLYLINE
  5
336
330
7E
100
AcDbEntity
  8
AM_4
100
AcDbPolyline
 90
        3
 70
     0
 43
0.0
 10
14.56624336242676
 20
133.2781074274936
 10
14.16624336242676
 20
133.2843165350563
 10
13.76624336242676
 20
133.2781074274944
  0
LINE
  5
337
330
7E
100
AcDbEntity
  8
AM_4
100
AcDbLine
 10
13.76624336242676
 20
133.3000030517578
 30
0.0
 11
12.72056013294666
 21
133.3000030517578
 31
0.0
  0
LINE
  5
338
330
7E
100
AcDbEntity
  8
AM_4
100
AcDbLine
 10
12.72056013294666
 20
133.3000030517578
 30
0.0
 11
12.41624336242676
 21
133.2781074274936
 31
0.0
  0
ARC
  5
339
330
7E
100
AcDbEntity
  8
AM_4
100
AcDbCircle
 10
12.66624336242673
 20
131.3000030517578
 30
0.0
 40
1.999999999999966
100
AcDbArc
 50
97.1746091627487
 51
180.0
  0
ARC
  5
33A
330
7E
100
AcDbEntity
  8
AM_4
100
AcDbCircle
 10
15.66624336242676
 20
131.3000030517578
 30
0.0
 40
1.999999999999991
100
AcDbArc
 50
0.0
 51
82.83235073256307
  0
LINE
  5
33B
330
7E
100
AcDbEntity
  8
AM_4
100
AcDbLine
 10
10.54624336242675
 20
130.9500030517578
 30
0.0
 11
10.54624336242675
 21
130.2500030517578
 31
0.0
  0
LINE
  5
33C
330
7E
100
AcDbEntity
  8
AM_4
100
AcDbLine
 10
17.78624336242676
 20
130.2500030517578
 30
0.0
 11
17.78624336242676
 21
130.9500030517578
 31
0.0
  0
LINE
  5
33D
330
7E
100
AcDbEntity
  8
AM_4
100
AcDbLine
 10
4.502956647168354
 20
130.317545004689
 30
0.0
 11
4.946243362426756
 21
130.317545004689
 31
0.0
  0
LINE
  5
33E
330
7E
100
AcDbEntity
  8
AM_4
100
AcDbLine
 10
18.16624336242685
 20
130.0108942040553
 30
0.0
 11
19.62624336242683
 21
129.924733081379
 31
0.0
  0
LINE
  5
33F
330
7E
100
AcDbEntity
  8
AM_4
100
AcDbLine
 10
22.5162433624267
 20
130.3831096119795
 30
0.0
 11
23.61624336242682
 21
130.4181656278477
 31
0.0
  0
LINE
  5
340
330
7E
100
AcDbEntity
  8
AM_4
100
AcDbLine
 10
17.78624336242676
 20
130.383109611979
 30
0.0
 11
22.51624336242676
 21
130.3831096119789
 31
0.0
  0
LINE
  5
341
330
7E
100
AcDbEntity
  8
AM_4
100
AcDbLine
 10
36.21624336242676
 20
129.8482390873136
 30
0.0
 11
33.01624336242676
 21
129.8482390873136
 31
0.0
  0
LINE
  5
342
330
7E
100
AcDbEntity
  8
AM_4
100
AcDbLine
 10
33.01624336242676
 20
130.0825944339953
 30
0.0
 11
36.21624336242675
 21
130.0825944339953
 31
0.0
  0
LINE
  5
343
330
7E
100
AcDbEntity
  8
AM_4
100
AcDbLine
 10
36.21624336242676
 20
130.1469503998954
 30
0.0
 11
50.71624336242675
 21
130.1469503998954
 31
0.0
  0
LINE
  5
344
330
7E
100
AcDbEntity
  8
AM_4
100
AcDbLine
 10
50.71624336242675
 20
130.0825944339953
 30
0.0
 11
53.31624336242676
 21
130.0825944339953
 31
0.0
  0
LINE
  5
345
330
7E
100
AcDbEntity
  8
AM_4
100
AcDbLine
 10
53.31624336242676
 20
129.8482390873136
 30
0.0
 11
50.71624336242675
 21
129.8482390873136
 31
0.0
  0
LINE
  5
346
330
7E
100
AcDbEntity
  8
AM_4
100
AcDbLine
 10
50.71624336242675
 20
129.7758868943041
 30
0.0
 11
36.21624336242676
 21
129.7758868943041
 31
0.0
  0
LINE
  5
347
330
7E
100
AcDbEntity
  8
AM_4
100
AcDbLine
 10
36.04624336242676
 20
130.2182898523508
 30
0.0
 11
36.04624336242676
 21
130.6436009276136
 31
0.0
  0
LINE
  5
348
330
7E
100
AcDbEntity
  8
AM_4
100
AcDbLine
 10
36.04624336242676
 20
130.6436009276136
 30
0.0
 11
52.43624336242676
 21
130.6436009276136
 31
0.0
  0
LINE
  5
349
330
7E
100
AcDbEntity
  8
AM_4
100
AcDbLine
 10
52.43624336242676
 20
130.6436009276136
 30
0.0
 11
52.43624336242676
 21
130.2182898523508
 31
0.0
  0
LINE
  5
34A
330
7E
100
AcDbEntity
  8
AM_4
100
AcDbLine
 10
52.43624336242676
 20
130.2182898523508
 30
0.0
 11
36.04624336242676
 21
130.2182898523508
 31
0.0
  0
LINE
  5
34B
330
7E
100
AcDbEntity
  8
AM_4
100
AcDbLine
 10
51.88624336242675
 20
130.6782161242573
 30
0.0
 11
36.08624336242676
 21
130.6782161242573
 31
0.0
  0
LINE
  5
34C
330
7E
100
AcDbEntity
  8
AM_4
100
AcDbLine
 10
36.08624336242676
 20
130.6782161242573
 30
0.0
 11
36.08624336242676
 21
131.2633634885728
 31
0.0
  0
LINE
  5
34D
330
7E
100
AcDbEntity
  8
AM_4
100
AcDbLine
 10
36.08624336242676
 20
131.2400661903644
 30
0.0
 11
39.11624336242676
 21
131.2400661903644
 31
0.0
  0
LINE
  5
34E
330
7E
100
AcDbEntity
  8
AM_4
100
AcDbLine
 10
39.11624336242676
 20
130.9490293997962
 30
0.0
 11
41.91624336242675
 21
130.9490293997962
 31
0.0
  0
LINE
  5
34F
330
7E
100
AcDbEntity
  8
AM_4
100
AcDbLine
 10
41.91624336242675
 20
130.7069837875959
 30
0.0
 11
50.53624336242676
 21
130.7069837875959
 31
0.0
  0
LINE
  5
350
330
7E
100
AcDbEntity
  8
AM_4
100
AcDbLine
 10
50.53624336242676
 20
131.2400661903644
 30
0.0
 11
51.88624336242675
 21
131.2400661903644
 31
0.0
  0
LINE
  5
351
330
7E
100
AcDbEntity
  8
AM_4
100
AcDbLine
 10
4.946243362426756
 20
130.3308464671662
 30
0.0
 11
4.503188825059532
 21
130.3308464671661
 31
0.0
  0
LINE
  5
352
330
7E
100
AcDbEntity
  8
AM_4
100
AcDbLine
 10
20.02624336242707
 20
129.9295087776496
 30
0.0
 11
18.16624336242707
 21
130.0385755340861
 31
0.0
  0
LWPOLYLINE
  5
353
330
7E
100
AcDbEntity
  8
AM_4
100
AcDbPolyline
 90
        6
 70
     0
 43
0.0
 10
58.21581129509246
 20
131.1034935330453
 10
58.21564233807764
 20
131.1089320733101
 10
58.21361791385912
 20
131.1297451331696
 10
58.19022197702145
 20
131.197939452232
 10
58.14234011128828
 20
131.2549164666951
 10
58.13122532371106
 20
131.2633634885729
  0
LINE
  5
354
330
7E
100
AcDbEntity
  8
AM_4
100
AcDbLine
 10
58.14003560297984
 20
131.2633634885728
 30
0.0
 11
51.88624336242675
 21
131.2633634885728
 31
0.0
  0
LINE
  5
355
330
7E
100
AcDbEntity
  8
AM_4
100
AcDbLine
 10
5.066243362426754
 20
131.2633634885728
 30
0.0
 11
4.592451121873882
 21
131.2633634885728
 31
0.0
  0
LINE
  5
356
330
7E
100
AcDbEntity
  8
AM_4
100
AcDbLine
 10
36.08624336242676
 20
131.2633634885728
 30
0.0
 11
23.61624336242675
 21
131.2633634885728
 31
0.0
  0
LINE
  5
357
330
7E
100
AcDbEntity
  8
AM_4
100
AcDbLine
 10
51.88624336242675
 20
131.2633634885728
 30
0.0
 11
51.88624336242675
 21
130.6782161242573
 31
0.0
  0
LWPOLYLINE
  5
358
330
7E
100
AcDbEntity
  8
AM_4
100
AcDbPolyline
 90
        4
 70
     0
 43
0.0
 10
4.601261401142438
 20
131.2633634885729
 10
4.594255845714507
 20
131.2581830206295
 10
4.548125977317437
 20
131.2077126126718
 10
4.516675429761044
 20
131.1034935330451
  0
LINE
  5
359
330
7E
100
AcDbEntity
  8
AM_4
100
AcDbLine
 10
3.866243362426758
 20
15.02277556522078
 30
0.0
 11
3.866243362428179
 21
76.56335520332384
 31
0.0
  0
LINE
  5
35A
330
7E
100
AcDbEntity
  8
AM_4
100
AcDbLine
 10
11.86624336242675
 20
80.05000305175781
 30
0.0
 11
11.86624336242675
 21
82.50000305175782
 31
0.0
  0
LINE
  5
35B
330
7E
100
AcDbEntity
  8
AM_4
100
AcDbLine
 10
3.866243362426758
 20
15.50000305175784
 30
0.0
 11
11.86624336242675
 21
15.50000305175783
 31
0.0
  0
LINE
  5
35C
330
7E
100
AcDbEntity
  8
AM_4
100
AcDbLine
 10
11.86624336242675
 20
13.00000305175783
 30
0.0
 11
11.86624336242675
 21
15.50000305175783
 31
0.0
  0
LINE
  5
35D
330
7E
100
AcDbEntity
  8
AM_4
100
AcDbLine
 10
11.86624336242675
 20
80.05000305175781
 30
0.0
 11
3.366243362426175
 21
80.05000305175781
 31
0.0
  0
LINE
  5
35E
330
7E
100
AcDbEntity
  8
AM_4
100
AcDbLine
 10
3.866243362426758
 20
78.08000305175781
 30
0.0
 11
3.866243362426758
 21
80.0500030517578
 31
0.0
  0
LINE
  5
35F
330
7E
100
AcDbEntity
  8
AM_4
100
AcDbLine
 10
3.406443648230212
 20
78.08000305175781
 30
0.0
 11
11.86624336242675
 21
78.08000305175781
 31
0.0
  0
LINE
  5
360
330
7E
100
AcDbEntity
  8
AM_4
100
AcDbLine
 10
11.86624336242675
 20
75.58000305175781
 30
0.0
 11
11.86624336242675
 21
78.08000305175781
 31
0.0
  0
LINE
  5
361
330
7E
100
AcDbEntity
  8
AM_4
100
AcDbLine
 10
11.86624336242675
 20
75.58000305175781
 30
0.0
 11
3.866243362426758
 21
75.58000305175781
 31
0.0
  0
LINE
  5
362
330
7E
100
AcDbEntity
  8
AM_4
100
AcDbLine
 10
3.866243362426758
 20
73.61000305175781
 30
0.0
 11
11.86624336242675
 21
73.61000305175781
 31
0.0
  0
LINE
  5
363
330
7E
100
AcDbEntity
  8
AM_4
100
AcDbLine
 10
11.86624336242675
 20
71.11000305175781
 30
0.0
 11
11.86624336242675
 21
73.61000305175781
 31
0.0
  0
LINE
  5
364
330
7E
100
AcDbEntity
  8
AM_4
100
AcDbLine
 10
11.86624336242675
 20
71.11000305175781
 30
0.0
 11
3.866243362426758
 21
71.11000305175781
 31
0.0
  0
LINE
  5
365
330
7E
100
AcDbEntity
  8
AM_4
100
AcDbLine
 10
3.866243362426758
 20
69.14000305175782
 30
0.0
 11
11.86624336242675
 21
69.14000305175782
 31
0.0
  0
LINE
  5
366
330
7E
100
AcDbEntity
  8
AM_4
100
AcDbLine
 10
11.86624336242675
 20
66.64000305175782
 30
0.0
 11
11.86624336242675
 21
69.14000305175782
 31
0.0
  0
LINE
  5
367
330
7E
100
AcDbEntity
  8
AM_4
100
AcDbLine
 10
11.86624336242675
 20
66.64000305175782
 30
0.0
 11
3.866243362426758
 21
66.64000305175782
 31
0.0
  0
LINE
  5
368
330
7E
100
AcDbEntity
  8
AM_4
100
AcDbLine
 10
3.866243362426758
 20
64.67000305175782
 30
0.0
 11
11.86624336242675
 21
64.67000305175782
 31
0.0
  0
LINE
  5
369
330
7E
100
AcDbEntity
  8
AM_4
100
AcDbLine
 10
11.86624336242675
 20
62.17000305175782
 30
0.0
 11
11.86624336242675
 21
64.67000305175782
 31
0.0
  0
LINE
  5
36A
330
7E
100
AcDbEntity
  8
AM_4
100
AcDbLine
 10
11.86624336242675
 20
62.17000305175782
 30
0.0
 11
3.866243362426758
 21
62.17000305175782
 31
0.0
  0
LINE
  5
36B
330
7E
100
AcDbEntity
  8
AM_4
100
AcDbLine
 10
3.866243362426758
 20
60.20000305175782
 30
0.0
 11
11.86624336242675
 21
60.20000305175782
 31
0.0
  0
LINE
  5
36C
330
7E
100
AcDbEntity
  8
AM_4
100
AcDbLine
 10
11.86624336242675
 20
57.70000305175782
 30
0.0
 11
11.86624336242675
 21
60.20000305175782
 31
0.0
  0
LINE
  5
36D
330
7E
100
AcDbEntity
  8
AM_4
100
AcDbLine
 10
11.86624336242675
 20
57.70000305175782
 30
0.0
 11
3.866243362426758
 21
57.70000305175782
 31
0.0
  0
LINE
  5
36E
330
7E
100
AcDbEntity
  8
AM_4
100
AcDbLine
 10
3.866243362426758
 20
55.73000305175782
 30
0.0
 11
11.86624336242675
 21
55.73000305175782
 31
0.0
  0
LINE
  5
36F
330
7E
100
AcDbEntity
  8
AM_4
100
AcDbLine
 10
11.86624336242675
 20
53.23000305175781
 30
0.0
 11
11.86624336242675
 21
55.73000305175782
 31
0.0
  0
LINE
  5
370
330
7E
100
AcDbEntity
  8
AM_4
100
AcDbLine
 10
11.86624336242675
 20
53.23000305175781
 30
0.0
 11
3.866243362426758
 21
53.23000305175781
 31
0.0
  0
LINE
  5
371
330
7E
100
AcDbEntity
  8
AM_4
100
AcDbLine
 10
3.866243362426758
 20
51.26000305175781
 30
0.0
 11
11.86624336242675
 21
51.26000305175781
 31
0.0
  0
LINE
  5
372
330
7E
100
AcDbEntity
  8
AM_4
100
AcDbLine
 10
11.86624336242675
 20
48.76000305175781
 30
0.0
 11
11.86624336242675
 21
51.26000305175781
 31
0.0
  0
LINE
  5
373
330
7E
100
AcDbEntity
  8
AM_4
100
AcDbLine
 10
11.86624336242675
 20
48.76000305175781
 30
0.0
 11
3.866243362426758
 21
48.76000305175781
 31
0.0
  0
LINE
  5
374
330
7E
100
AcDbEntity
  8
AM_4
100
AcDbLine
 10
3.866243362426758
 20
46.79000305175781
 30
0.0
 11
11.86624336242675
 21
46.79000305175781
 31
0.0
  0
LINE
  5
375
330
7E
100
AcDbEntity
  8
AM_4
100
AcDbLine
 10
11.86624336242675
 20
44.29000305175781
 30
0.0
 11
11.86624336242675
 21
46.79000305175781
 31
0.0
  0
LINE
  5
376
330
7E
100
AcDbEntity
  8
AM_4
100
AcDbLine
 10
11.86624336242675
 20
44.29000305175781
 30
0.0
 11
3.866243362426758
 21
44.29000305175781
 31
0.0
  0
LINE
  5
377
330
7E
100
AcDbEntity
  8
AM_4
100
AcDbLine
 10
3.866243362426758
 20
42.32000305175782
 30
0.0
 11
11.86624336242675
 21
42.32000305175782
 31
0.0
  0
LINE
  5
378
330
7E
100
AcDbEntity
  8
AM_4
100
AcDbLine
 10
11.86624336242675
 20
39.82000305175781
 30
0.0
 11
11.86624336242675
 21
42.32000305175782
 31
0.0
  0
LINE
  5
379
330
7E
100
AcDbEntity
  8
AM_4
100
AcDbLine
 10
11.86624336242675
 20
39.82000305175781
 30
0.0
 11
3.866243362426758
 21
39.82000305175781
 31
0.0
  0
LINE
  5
37A
330
7E
100
AcDbEntity
  8
AM_4
100
AcDbLine
 10
3.866243362426758
 20
37.85000305175782
 30
0.0
 11
11.86624336242675
 21
37.85000305175782
 31
0.0
  0
LINE
  5
37B
330
7E
100
AcDbEntity
  8
AM_4
100
AcDbLine
 10
11.86624336242675
 20
35.35000305175782
 30
0.0
 11
11.86624336242675
 21
37.85000305175782
 31
0.0
  0
LINE
  5
37C
330
7E
100
AcDbEntity
  8
AM_4
100
AcDbLine
 10
11.86624336242675
 20
35.35000305175782
 30
0.0
 11
3.866243362426758
 21
35.35000305175782
 31
0.0
  0
LINE
  5
37D
330
7E
100
AcDbEntity
  8
AM_4
100
AcDbLine
 10
3.866243362426758
 20
33.38000305175783
 30
0.0
 11
11.86624336242675
 21
33.38000305175783
 31
0.0
  0
LINE
  5
37E
330
7E
100
AcDbEntity
  8
AM_4
100
AcDbLine
 10
11.86624336242675
 20
30.88000305175781
 30
0.0
 11
11.86624336242675
 21
33.38000305175783
 31
0.0
  0
LINE
  5
37F
330
7E
100
AcDbEntity
  8
AM_4
100
AcDbLine
 10
11.86624336242675
 20
30.88000305175781
 30
0.0
 11
3.866243362426758
 21
30.88000305175781
 31
0.0
  0
LINE
  5
380
330
7E
100
AcDbEntity
  8
AM_4
100
AcDbLine
 10
3.866243362426758
 20
28.91000305175783
 30
0.0
 11
11.86624336242675
 21
28.91000305175783
 31
0.0
  0
LINE
  5
381
330
7E
100
AcDbEntity
  8
AM_4
100
AcDbLine
 10
11.86624336242675
 20
26.41000305175783
 30
0.0
 11
11.86624336242675
 21
28.91000305175783
 31
0.0
  0
LINE
  5
382
330
7E
100
AcDbEntity
  8
AM_4
100
AcDbLine
 10
11.86624336242675
 20
26.41000305175783
 30
0.0
 11
3.866243362426758
 21
26.41000305175783
 31
0.0
  0
LINE
  5
383
330
7E
100
AcDbEntity
  8
AM_4
100
AcDbLine
 10
3.866243362426758
 20
24.44000305175783
 30
0.0
 11
11.86624336242675
 21
24.44000305175783
 31
0.0
  0
LINE
  5
384
330
7E
100
AcDbEntity
  8
AM_4
100
AcDbLine
 10
11.86624336242675
 20
21.94000305175783
 30
0.0
 11
11.86624336242675
 21
24.44000305175783
 31
0.0
  0
LINE
  5
385
330
7E
100
AcDbEntity
  8
AM_4
100
AcDbLine
 10
11.86624336242675
 20
21.94000305175783
 30
0.0
 11
3.866243362426758
 21
21.94000305175783
 31
0.0
  0
LINE
  5
386
330
7E
100
AcDbEntity
  8
AM_4
100
AcDbLine
 10
3.866243362426758
 20
19.97000305175783
 30
0.0
 11
11.86624336242675
 21
19.97000305175783
 31
0.0
  0
LINE
  5
387
330
7E
100
AcDbEntity
  8
AM_4
100
AcDbLine
 10
11.86624336242675
 20
17.47000305175783
 30
0.0
 11
11.86624336242675
 21
19.97000305175783
 31
0.0
  0
LINE
  5
388
330
7E
100
AcDbEntity
  8
AM_4
100
AcDbLine
 10
11.86624336242675
 20
17.47000305175783
 30
0.0
 11
3.866243362426758
 21
17.47000305175784
 31
0.0
  0
LINE
  5
389
330
7E
100
AcDbEntity
  8
AM_4
100
AcDbLine
 10
17.1264354309019
 20
129.7000030517578
 30
0.0
 11
11.20605129395161
 21
129.7000030517578
 31
0.0
  0
LWPOLYLINE
  5
38A
330
7E
100
AcDbEntity
  8
AM_4
100
AcDbPolyline
 90
        6
 70
     0
 43
0.0
 10
17.1264354309019
 20
129.7000030517578
 10
17.53108101336365
 20
129.7225540204763
 10
17.85034853156
 20
129.7482151687781
 10
18.05745930806714
 20
129.7747765749106
 10
18.15840998855444
 20
129.8029626420671
 10
18.16624335333664
 20
129.8133110248785
  0
LINE
  5
38B
330
7E
100
AcDbEntity
  8
AM_4
100
AcDbLine
 10
10.16624336242675
 20
130.2500030517578
 30
0.0
 11
10.16624336242675
 21
129.8133227504002
 31
0.0
  0
LINE
  5
38C
330
7E
100
AcDbEntity
  8
AM_4
100
AcDbLine
 10
18.16624336242675
 20
129.8132805476499
 30
0.0
 11
18.16624336242675
 21
130.2500030517578
 31
0.0
  0
LWPOLYLINE
  5
38D
330
7E
100
AcDbEntity
  8
AM_4
100
AcDbPolyline
 90
        6
 70
     0
 43
0.0
 10
10.16624336265552
 20
129.813323938654
 10
10.22368364243918
 20
129.7852720255047
 10
10.39003037381472
 20
129.7582884669816
 10
10.6700985828701
 20
129.7318871278523
 10
10.91475609702753
 20
129.715433639949
 10
11.20605129395161
 20
129.7000030517579
  0
LINE
  5
38E
330
7E
100
AcDbEntity
  8
AM_4
100
AcDbLine
 10
20.02624336242676
 20
111.5000030517578
 30
0.0
 11
20.02624336242676
 21
129.6482131187319
 31
0.0
  0
LINE
  5
38F
330
7E
100
AcDbEntity
  8
AM_4
100
AcDbLine
 10
58.24121330921307
 20
129.6482131187319
 30
0.0
 11
20.02624336242676
 21
129.6482131187319
 31
0.0
  0
LINE
  5
390
330
7E
100
AcDbEntity
  8
AM_4
100
AcDbLine
 10
19.62624336242676
 20
129.6482131187319
 30
0.0
 11
19.62624336242676
 21
111.5000030517578
 31
0.0
  0
LINE
  5
391
330
7E
100
AcDbEntity
  8
AM_4
100
AcDbLine
 10
19.62624336242676
 20
129.6482131187319
 30
0.0
 11
4.491273415640443
 21
129.6482131187319
 31
0.0
  0
LINE
  5
392
330
7E
100
AcDbEntity
  8
AM_4
100
AcDbLine
 10
58.21581129509246
 20
131.1034935330456
 30
0.0
 11
58.57021003971278
 21
110.8000030517578
 31
0.0
  0
LINE
  5
393
330
7E
100
AcDbEntity
  8
AM_4
100
AcDbLine
 10
58.24464007885008
 20
129.4518936177095
 30
0.0
 11
20.02624336242676
 21
129.4518936177095
 31
0.0
  0
LINE
  5
394
330
7E
100
AcDbEntity
  8
AM_4
100
AcDbLine
 10
4.174495230590487
 20
111.5000030517578
 30
0.0
 11
4.516675429761055
 21
131.1034935330456
 31
0.0
  0
LINE
  5
395
330
7E
100
AcDbEntity
  8
AM_4
100
AcDbLine
 10
19.62624336242676
 20
129.4518936177095
 30
0.0
 11
4.487846646003433
 21
129.4518936177095
 31
0.0
  0
LINE
  5
396
330
7E
100
AcDbEntity
  8
AM_4
100
AcDbLine
 10
3.366243362426758
 20
82.55000305175781
 30
0.0
 11
8.816243362426771
 21
82.55000305175781
 31
0.0
  0
LINE
  5
397
330
7E
100
AcDbEntity
  8
AM_4
100
AcDbLine
 10
12.46624336242676
 20
4.000003051757787
 30
0.0
 11
12.46624336242676
 21
0.0000030517577727
 31
0.0
  0
LINE
  5
398
330
7E
100
AcDbEntity
  8
AM_4
100
AcDbLine
 10
19.37624336242676
 20
28.37000305175782
 30
0.0
 11
19.37624336242676
 21
26.37000305175781
 31
0.0
  0
ARC
  5
399
330
7E
100
AcDbEntity
  8
AM_4
100
AcDbCircle
 10
20.3762433624267
 20
26.37000305175774
 30
0.0
 40
0.9999999999999325
100
AcDbArc
 50
180.0
 51
270.0
  0
LINE
  5
39A
330
7E
100
AcDbEntity
  8
AM_4
100
AcDbLine
 10
20.37624336242676
 20
25.37000305175781
 30
0.0
 11
21.33624336242677
 21
25.37000305175782
 31
0.0
  0
ARC
  5
39B
330
7E
100
AcDbEntity
  8
AM_4
100
AcDbCircle
 10
21.33624336242677
 20
26.3700030517578
 30
0.0
 40
0.9999999999999822
100
AcDbArc
 50
270.0
 51
0.0
  0
LINE
  5
39C
330
7E
100
AcDbEntity
  8
AM_4
100
AcDbLine
 10
22.33624336242676
 20
26.37000305175781
 30
0.0
 11
22.33624336242676
 21
28.37000305175783
 31
0.0
  0
ARC
  5
39D
330
7E
100
AcDbEntity
  8
AM_4
100
AcDbCircle
 10
21.33624336242676
 20
28.37000305175783
 30
0.0
 40
0.9999999999999929
100
AcDbArc
 50
0.0
 51
90.0
  0
LINE
  5
39E
330
7E
100
AcDbEntity
  8
AM_4
100
AcDbLine
 10
21.33624336242676
 20
29.37000305175782
 30
0.0
 11
20.37624336242674
 21
29.37000305175782
 31
0.0
  0
ARC
  5
39F
330
7E
100
AcDbEntity
  8
AM_4
100
AcDbCircle
 10
20.37624336242676
 20
28.37000305175782
 30
0.0
 40
1.000000000000004
100
AcDbArc
 50
90.0
 51
180.0
  0
LINE
  5
3A0
330
7E
100
AcDbEntity
  8
AM_4
100
AcDbLine
 10
25.32624336242675
 20
72.8300030517578
 30
0.0
 11
24.40624336242675
 21
72.83000305175779
 31
0.0
  0
ARC
  5
3A1
330
7E
100
AcDbEntity
  8
AM_4
100
AcDbCircle
 10
25.32624336242675
 20
72.33000305175779
 30
0.0
 40
0.5000000000000142
100
AcDbArc
 50
0.0
 51
90.0
  0
ARC
  5
3A2
330
7E
100
AcDbEntity
  8
AM_4
100
AcDbCircle
 10
24.40624336242675
 20
72.3300030517578
 30
0.0
 40
0.4999999999999858
100
AcDbArc
 50
90.0
 51
180.0
  0
LINE
  5
3A3
330
7E
100
AcDbEntity
  8
AM_4
100
AcDbLine
 10
17.89624336242676
 20
54.57000305175782
 30
0.0
 11
17.89624336242676
 21
40.61000305175781
 31
0.0
  0
ARC
  5
3A4
330
7E
100
AcDbEntity
  8
AM_4
100
AcDbCircle
 10
22.89624336242676
 20
40.61000305175781
 30
0.0
 40
5.0
100
AcDbArc
 50
180.0
 51
270.0
  0
LINE
  5
3A5
330
7E
100
AcDbEntity
  8
AM_4
100
AcDbLine
 10
22.89624336242676
 20
35.61000305175781
 30
0.0
 11
25.32624336242678
 21
35.61000305175781
 31
0.0
  0
ARC
  5
3A6
330
7E
100
AcDbEntity
  8
AM_4
100
AcDbCircle
 10
25.32624336242679
 20
36.11000305175778
 30
0.0
 40
0.4999999999999645
100
AcDbArc
 50
270.0
 51
0.0
  0
LINE
  5
3A7
330
7E
100
AcDbEntity
  8
AM_4
100
AcDbLine
 10
25.82624336242676
 20
36.11000305175781
 30
0.0
 11
25.82624336242677
 21
72.3300030517578
 31
0.0
  0
LINE
  5
3A8
330
7E
100
AcDbEntity
  8
AM_4
100
AcDbLine
 10
23.90624336242676
 20
72.33000305175779
 30
0.0
 11
23.90624336242676
 21
59.57000305175782
 31
0.0
  0
LINE
  5
3A9
330
7E
100
AcDbEntity
  8
AM_4
100
AcDbLine
 10
23.90624336242676
 20
59.57000305175782
 30
0.0
 11
22.89624336242676
 21
59.57000305175782
 31
0.0
  0
ARC
  5
3AA
330
7E
100
AcDbEntity
  8
AM_4
100
AcDbCircle
 10
22.89624336242677
 20
54.57000305175781
 30
0.0
 40
5.000000000000014
100
AcDbArc
 50
90.0
 51
180.0
  0
ARC
  5
3AB
330
7E
100
AcDbEntity
  8
AM_4
100
AcDbCircle
 10
19.33624336242678
 20
77.37000305175782
 30
0.0
 40
0.9999999999999787
100
AcDbArc
 50
0.0
 51
90.0
  0
LINE
  5
3AC
330
7E
100
AcDbEntity
  8
AM_4
100
AcDbLine
 10
17.37624336242676
 20
77.3700030517578
 30
0.0
 11
17.37624336242676
 21
75.3700030517578
 31
0.0
  0
ARC
  5
3AD
330
7E
100
AcDbEntity
  8
AM_4
100
AcDbCircle
 10
18.37624336242676
 20
75.3700030517578
 30
0.0
 40
1.000000000000004
100
AcDbArc
 50
180.0
 51
270.0
  0
LINE
  5
3AE
330
7E
100
AcDbEntity
  8
AM_4
100
AcDbLine
 10
18.37624336242676
 20
74.3700030517578
 30
0.0
 11
19.33624336242675
 21
74.3700030517578
 31
0.0
  0
ARC
  5
3AF
330
7E
100
AcDbEntity
  8
AM_4
100
AcDbCircle
 10
19.33624336242677
 20
75.37000305175779
 30
0.0
 40
0.9999999999999858
100
AcDbArc
 50
270.0
 51
0.0
  0
LINE
  5
3B0
330
7E
100
AcDbEntity
  8
AM_4
100
AcDbLine
 10
20.33624336242676
 20
75.3700030517578
 30
0.0
 11
20.33624336242676
 21
77.3700030517578
 31
0.0
  0
LINE
  5
3B1
330
7E
100
AcDbEntity
  8
AM_4
100
AcDbLine
 10
19.33624336242676
 20
78.3700030517578
 30
0.0
 11
18.37624336242677
 21
78.3700030517578
 31
0.0
  0
ARC
  5
3B2
330
7E
100
AcDbEntity
  8
AM_4
100
AcDbCircle
 10
18.37624336242676
 20
77.3700030517578
 30
0.0
 40
1.0
100
AcDbArc
 50
90.0
 51
180.0
  0
LINE
  5
3B3
330
7E
100
AcDbEntity
  8
AM_4
100
AcDbLine
 10
31.37624336242676
 20
78.3700030517578
 30
0.0
 11
30.41624336242676
 21
78.3700030517578
 31
0.0
  0
ARC
  5
3B4
330
7E
100
AcDbEntity
  8
AM_4
100
AcDbCircle
 10
30.41624336242674
 20
77.37000305175782
 30
0.0
 40
0.9999999999999858
100
AcDbArc
 50
90.0
 51
180.0
  0
LINE
  5
3B5
330
7E
100
AcDbEntity
  8
AM_4
100
AcDbLine
 10
29.41624336242675
 20
77.3700030517578
 30
0.0
 11
29.41624336242676
 21
75.3700030517578
 31
0.0
  0
ARC
  5
3B6
330
7E
100
AcDbEntity
  8
AM_4
100
AcDbCircle
 10
30.41624336242676
 20
75.3700030517578
 30
0.0
 40
1.0
100
AcDbArc
 50
180.0
 51
270.0
  0
LINE
  5
3B7
330
7E
100
AcDbEntity
  8
AM_4
100
AcDbLine
 10
30.41624336242675
 20
74.3700030517578
 30
0.0
 11
31.37624336242675
 21
74.3700030517578
 31
0.0
  0
ARC
  5
3B8
330
7E
100
AcDbEntity
  8
AM_4
100
AcDbCircle
 10
31.37624336242677
 20
75.37000305175779
 30
0.0
 40
0.9999999999999858
100
AcDbArc
 50
270.0
 51
0.0
  0
LINE
  5
3B9
330
7E
100
AcDbEntity
  8
AM_4
100
AcDbLine
 10
32.37624336242676
 20
75.3700030517578
 30
0.0
 11
32.37624336242676
 21
77.3700030517578
 31
0.0
  0
ARC
  5
3BA
330
7E
100
AcDbEntity
  8
AM_4
100
AcDbCircle
 10
31.37624336242678
 20
77.37000305175783
 30
0.0
 40
0.9999999999999787
100
AcDbArc
 50
0.0
 51
90.0
  0
LINE
  5
3BB
330
7E
100
AcDbEntity
  8
AM_4
100
AcDbLine
 10
58.86624336242676
 20
105.1000030517578
 30
0.0
 11
31.86624336242676
 21
105.1000030517578
 31
0.0
  0
LINE
  5
3BC
330
7E
100
AcDbEntity
  8
AM_4
100
AcDbLine
 10
54.06224336242676
 20
43.46100305175779
 30
0.0
 11
47.86224336242675
 21
43.46100305175779
 31
0.0
  0
LINE
  5
3BD
330
7E
100
AcDbEntity
  8
AM_4
100
AcDbLine
 10
47.86224336242675
 20
43.46100305175779
 30
0.0
 11
47.86224336242675
 21
45.16100305175779
 31
0.0
  0
LINE
  5
3BE
330
7E
100
AcDbEntity
  8
AM_4
100
AcDbLine
 10
47.86224336242675
 20
45.16100305175779
 30
0.0
 11
54.06224336242676
 21
45.16100305175779
 31
0.0
  0
LINE
  5
3BF
330
7E
100
AcDbEntity
  8
AM_4
100
AcDbLine
 10
54.06224336242676
 20
45.16100305175779
 30
0.0
 11
54.06224336242676
 21
43.46100305175779
 31
0.0
  0
LINE
  5
3C0
330
7E
100
AcDbEntity
  8
AM_4
100
AcDbLine
 10
54.06224336242676
 20
47.46100305175779
 30
0.0
 11
47.86224336242675
 21
47.46100305175779
 31
0.0
  0
LINE
  5
3C1
330
7E
100
AcDbEntity
  8
AM_4
100
AcDbLine
 10
47.86224336242675
 20
47.46100305175779
 30
0.0
 11
47.86224336242675
 21
49.16100305175779
 31
0.0
  0
LINE
  5
3C2
330
7E
100
AcDbEntity
  8
AM_4
100
AcDbLine
 10
47.86224336242675
 20
49.16100305175779
 30
0.0
 11
54.06224336242676
 21
49.16100305175779
 31
0.0
  0
LINE
  5
3C3
330
7E
100
AcDbEntity
  8
AM_4
100
AcDbLine
 10
54.06224336242676
 20
49.16100305175779
 30
0.0
 11
54.06224336242676
 21
47.46100305175779
 31
0.0
  0
LINE
  5
3C4
330
7E
100
AcDbEntity
  8
AM_4
100
AcDbLine
 10
54.06224336242676
 20
51.46100305175779
 30
0.0
 11
47.86224336242675
 21
51.46100305175779
 31
0.0
  0
LINE
  5
3C5
330
7E
100
AcDbEntity
  8
AM_4
100
AcDbLine
 10
47.86224336242675
 20
51.46100305175779
 30
0.0
 11
47.86224336242675
 21
53.1610030517578
 31
0.0
  0
LINE
  5
3C6
330
7E
100
AcDbEntity
  8
AM_4
100
AcDbLine
 10
47.86224336242675
 20
53.1610030517578
 30
0.0
 11
54.06224336242676
 21
53.1610030517578
 31
0.0
  0
LINE
  5
3C7
330
7E
100
AcDbEntity
  8
AM_4
100
AcDbLine
 10
54.06224336242676
 20
53.1610030517578
 30
0.0
 11
54.06224336242676
 21
51.46100305175779
 31
0.0
  0
LINE
  5
3C8
330
7E
100
AcDbEntity
  8
AM_4
100
AcDbLine
 10
54.06224336242676
 20
55.4610030517578
 30
0.0
 11
47.86224336242675
 21
55.4610030517578
 31
0.0
  0
LINE
  5
3C9
330
7E
100
AcDbEntity
  8
AM_4
100
AcDbLine
 10
47.86224336242675
 20
55.4610030517578
 30
0.0
 11
47.86224336242675
 21
57.1610030517578
 31
0.0
  0
LINE
  5
3CA
330
7E
100
AcDbEntity
  8
AM_4
100
AcDbLine
 10
47.86224336242675
 20
57.1610030517578
 30
0.0
 11
54.06224336242676
 21
57.1610030517578
 31
0.0
  0
LINE
  5
3CB
330
7E
100
AcDbEntity
  8
AM_4
100
AcDbLine
 10
54.06224336242676
 20
57.1610030517578
 30
0.0
 11
54.06224336242676
 21
55.4610030517578
 31
0.0
  0
LINE
  5
3CC
330
7E
100
AcDbEntity
  8
AM_4
100
AcDbLine
 10
54.06224336242676
 20
59.4610030517578
 30
0.0
 11
47.86224336242675
 21
59.4610030517578
 31
0.0
  0
LINE
  5
3CD
330
7E
100
AcDbEntity
  8
AM_4
100
AcDbLine
 10
47.86224336242675
 20
59.4610030517578
 30
0.0
 11
47.86224336242675
 21
61.1610030517578
 31
0.0
  0
LINE
  5
3CE
330
7E
100
AcDbEntity
  8
AM_4
100
AcDbLine
 10
47.86224336242675
 20
61.1610030517578
 30
0.0
 11
54.06224336242676
 21
61.1610030517578
 31
0.0
  0
LINE
  5
3CF
330
7E
100
AcDbEntity
  8
AM_4
100
AcDbLine
 10
54.06224336242676
 20
61.1610030517578
 30
0.0
 11
54.06224336242676
 21
59.4610030517578
 31
0.0
  0
LINE
  5
3D0
330
7E
100
AcDbEntity
  8
AM_4
100
AcDbLine
 10
54.06224336242676
 20
63.4610030517578
 30
0.0
 11
47.86224336242675
 21
63.4610030517578
 31
0.0
  0
LINE
  5
3D1
330
7E
100
AcDbEntity
  8
AM_4
100
AcDbLine
 10
47.86224336242675
 20
63.4610030517578
 30
0.0
 11
47.86224336242675
 21
65.1610030517578
 31
0.0
  0
LINE
  5
3D2
330
7E
100
AcDbEntity
  8
AM_4
100
AcDbLine
 10
47.86224336242675
 20
65.1610030517578
 30
0.0
 11
54.06224336242676
 21
65.1610030517578
 31
0.0
  0
LINE
  5
3D3
330
7E
100
AcDbEntity
  8
AM_4
100
AcDbLine
 10
54.06224336242676
 20
65.1610030517578
 30
0.0
 11
54.06224336242676
 21
63.4610030517578
 31
0.0
  0
LINE
  5
3D4
330
7E
100
AcDbEntity
  8
AM_4
100
AcDbLine
 10
54.06224336242676
 20
67.46100305175781
 30
0.0
 11
47.86224336242675
 21
67.46100305175781
 31
0.0
  0
LINE
  5
3D5
330
7E
100
AcDbEntity
  8
AM_4
100
AcDbLine
 10
47.86224336242675
 20
67.46100305175781
 30
0.0
 11
47.86224336242675
 21
69.1610030517578
 31
0.0
  0
LINE
  5
3D6
330
7E
100
AcDbEntity
  8
AM_4
100
AcDbLine
 10
47.86224336242675
 20
69.1610030517578
 30
0.0
 11
54.06224336242676
 21
69.1610030517578
 31
0.0
  0
LINE
  5
3D7
330
7E
100
AcDbEntity
  8
AM_4
100
AcDbLine
 10
54.06224336242676
 20
69.1610030517578
 30
0.0
 11
54.06224336242676
 21
67.46100305175781
 31
0.0
  0
LINE
  5
3D8
330
7E
100
AcDbEntity
  8
AM_4
100
AcDbLine
 10
54.06224336242676
 20
71.4610030517578
 30
0.0
 11
47.86224336242675
 21
71.4610030517578
 31
0.0
  0
LINE
  5
3D9
330
7E
100
AcDbEntity
  8
AM_4
100
AcDbLine
 10
47.86224336242675
 20
71.4610030517578
 30
0.0
 11
47.86224336242675
 21
73.1610030517578
 31
0.0
  0
LINE
  5
3DA
330
7E
100
AcDbEntity
  8
AM_4
100
AcDbLine
 10
47.86224336242675
 20
73.1610030517578
 30
0.0
 11
54.06224336242676
 21
73.1610030517578
 31
0.0
  0
LINE
  5
3DB
330
7E
100
AcDbEntity
  8
AM_4
100
AcDbLine
 10
54.06224336242676
 20
73.1610030517578
 30
0.0
 11
54.06224336242676
 21
71.4610030517578
 31
0.0
  0
LINE
  5
3DC
330
7E
100
AcDbEntity
  8
AM_4
100
AcDbLine
 10
54.06224336242676
 20
75.4610030517578
 30
0.0
 11
47.86224336242675
 21
75.4610030517578
 31
0.0
  0
LINE
  5
3DD
330
7E
100
AcDbEntity
  8
AM_4
100
AcDbLine
 10
47.86224336242675
 20
75.4610030517578
 30
0.0
 11
47.86224336242675
 21
77.1610030517578
 31
0.0
  0
LINE
  5
3DE
330
7E
100
AcDbEntity
  8
AM_4
100
AcDbLine
 10
47.86224336242675
 20
77.1610030517578
 30
0.0
 11
54.06224336242676
 21
77.1610030517578
 31
0.0
  0
LINE
  5
3DF
330
7E
100
AcDbEntity
  8
AM_4
100
AcDbLine
 10
54.06224336242676
 20
77.1610030517578
 30
0.0
 11
54.06224336242676
 21
75.4610030517578
 31
0.0
  0
LINE
  5
3E0
330
7E
100
AcDbEntity
  8
AM_4
100
AcDbLine
 10
54.06224336242676
 20
79.4610030517578
 30
0.0
 11
47.86224336242675
 21
79.4610030517578
 31
0.0
  0
LINE
  5
3E1
330
7E
100
AcDbEntity
  8
AM_4
100
AcDbLine
 10
47.86224336242675
 20
79.4610030517578
 30
0.0
 11
47.86224336242675
 21
81.1610030517578
 31
0.0
  0
LINE
  5
3E2
330
7E
100
AcDbEntity
  8
AM_4
100
AcDbLine
 10
47.86224336242675
 20
81.1610030517578
 30
0.0
 11
54.06224336242676
 21
81.1610030517578
 31
0.0
  0
LINE
  5
3E3
330
7E
100
AcDbEntity
  8
AM_4
100
AcDbLine
 10
54.06224336242676
 20
81.1610030517578
 30
0.0
 11
54.06224336242676
 21
79.4610030517578
 31
0.0
  0
LINE
  5
3E4
330
7E
100
AcDbEntity
  8
AM_4
100
AcDbLine
 10
54.06224336242676
 20
83.46100305175781
 30
0.0
 11
47.86224336242675
 21
83.46100305175781
 31
0.0
  0
LINE
  5
3E5
330
7E
100
AcDbEntity
  8
AM_4
100
AcDbLine
 10
47.86224336242675
 20
83.46100305175781
 30
0.0
 11
47.86224336242675
 21
85.1610030517578
 31
0.0
  0
LINE
  5
3E6
330
7E
100
AcDbEntity
  8
AM_4
100
AcDbLine
 10
47.86224336242675
 20
85.1610030517578
 30
0.0
 11
54.06224336242676
 21
85.1610030517578
 31
0.0
  0
LINE
  5
3E7
330
7E
100
AcDbEntity
  8
AM_4
100
AcDbLine
 10
54.06224336242676
 20
85.1610030517578
 30
0.0
 11
54.06224336242676
 21
83.46100305175781
 31
0.0
  0
LINE
  5
3E8
330
7E
100
AcDbEntity
  8
AM_4
100
AcDbLine
 10
54.06224336242676
 20
87.4610030517578
 30
0.0
 11
47.86224336242675
 21
87.4610030517578
 31
0.0
  0
LINE
  5
3E9
330
7E
100
AcDbEntity
  8
AM_4
100
AcDbLine
 10
47.86224336242675
 20
87.4610030517578
 30
0.0
 11
47.86224336242675
 21
89.1610030517578
 31
0.0
  0
LINE
  5
3EA
330
7E
100
AcDbEntity
  8
AM_4
100
AcDbLine
 10
47.86224336242675
 20
89.1610030517578
 30
0.0
 11
54.06224336242676
 21
89.1610030517578
 31
0.0
  0
LINE
  5
3EB
330
7E
100
AcDbEntity
  8
AM_4
100
AcDbLine
 10
54.06224336242676
 20
89.1610030517578
 30
0.0
 11
54.06224336242676
 21
87.4610030517578
 31
0.0
  0
LINE
  5
3EC
330
7E
100
AcDbEntity
  8
AM_4
100
AcDbLine
 10
14.83624336242676
 20
82.50000305175782
 30
0.0
 11
14.83624336242676
 21
4.000003051757815
 31
0.0
  0
LINE
  5
3ED
330
7E
100
AcDbEntity
  8
AM_4
100
AcDbLine
 10
14.83624336242676
 20
4.000003051757815
 30
0.0
 11
3.866243362426754
 21
4.000003051757787
 31
0.0
  0
LINE
  5
3EE
330
7E
100
AcDbEntity
  8
AM_4
100
AcDbLine
 10
13.46624336242676
 20
4.000003051757787
 30
0.0
 11
13.46624336242676
 21
0.0000030517577727
 31
0.0
  0
LINE
  5
3EF
330
7E
100
AcDbEntity
  8
AM_4
100
AcDbLine
 10
58.86624336242676
 20
0.0000030517578296
 30
0.0
 11
3.866243362426758
 21
0.0000030517577727
 31
0.0
  0
LINE
  5
3F0
330
7E
100
AcDbEntity
  8
AM_4
100
AcDbLine
 10
25.35624336242676
 20
17.04865442019995
 30
0.0
 11
25.35624336242676
 21
0.0000030517578296
 31
0.0
  0
ARC
  5
3F1
330
7E
100
AcDbEntity
  8
AM_4
100
AcDbCircle
 10
24.85624336242673
 20
17.04865442019993
 30
0.0
 40
0.5000000000000284
100
AcDbArc
 50
0.0
 51
88.99999999999666
  0
LINE
  5
3F2
330
7E
100
AcDbEntity
  8
AM_4
100
AcDbLine
 10
17.34751715920812
 20
17.67979588762732
 30
0.0
 11
24.8649695656454
 21
17.54857826777815
 31
0.0
  0
ARC
  5
3F3
330
7E
100
AcDbEntity
  8
AM_4
100
AcDbCircle
 10
17.35624336242675
 20
18.17971973520551
 30
0.0
 40
0.4999999999999929
100
AcDbArc
 50
180.0
 51
269.0000000000007
  0
LINE
  5
3F4
330
7E
100
AcDbEntity
  8
AM_4
100
AcDbLine
 10
16.85624336242676
 20
18.78028636831009
 30
0.0
 11
16.85624336242676
 21
18.17971973520552
 31
0.0
  0
ARC
  5
3F5
330
7E
100
AcDbEntity
  8
AM_4
100
AcDbCircle
 10
17.35624336242677
 20
18.78028636831009
 30
0.0
 40
0.5000000000000175
100
AcDbArc
 50
91.00000000000216
 51
180.0
  0
LINE
  5
3F6
330
7E
100
AcDbEntity
  8
AM_4
100
AcDbLine
 10
24.8649695656454
 20
19.41142783573746
 30
0.0
 11
17.34751715920811
 21
19.2802102158883
 31
0.0
  0
ARC
  5
3F7
330
7E
100
AcDbEntity
  8
AM_4
100
AcDbCircle
 10
24.85624336242674
 20
19.91135168331567
 30
0.0
 40
0.5000000000000175
100
AcDbArc
 50
271.0000000000021
 51
0.0
  0
LINE
  5
3F8
330
7E
100
AcDbEntity
  8
AM_4
100
AcDbLine
 10
25.35624336242676
 20
34.86000305175781
 30
0.0
 11
25.35624336242676
 21
19.91135168331567
 31
0.0
  0
LINE
  5
3F9
330
7E
100
AcDbEntity
  8
AM_4
100
AcDbLine
 10
22.20624336242676
 20
34.86000305175781
 30
0.0
 11
25.35624336242676
 21
34.86000305175781
 31
0.0
  0
ARC
  5
3FA
330
7E
100
AcDbEntity
  8
AM_4
100
AcDbCircle
 10
22.20624336242676
 20
39.86000305175781
 30
0.0
 40
5.0
100
AcDbArc
 50
180.0
 51
270.0
  0
LINE
  5
3FB
330
7E
100
AcDbEntity
  8
AM_4
100
AcDbLine
 10
17.20624336242676
 20
55.32000305175782
 30
0.0
 11
17.20624336242676
 21
39.86000305175781
 31
0.0
  0
ARC
  5
3FC
330
7E
100
AcDbEntity
  8
AM_4
100
AcDbCircle
 10
22.20624336242676
 20
55.32000305175782
 30
0.0
 40
5.0
100
AcDbArc
 50
90.0
 51
180.0
  0
LINE
  5
3FD
330
7E
100
AcDbEntity
  8
AM_4
100
AcDbLine
 10
23.35624336242676
 20
60.32000305175782
 30
0.0
 11
22.20624336242676
 21
60.32000305175782
 31
0.0
  0
LINE
  5
3FE
330
7E
100
AcDbEntity
  8
AM_4
100
AcDbLine
 10
23.35624336242676
 20
65.90865442019995
 30
0.0
 11
23.35624336242676
 21
60.32000305175782
 31
0.0
  0
ARC
  5
3FF
330
7E
100
AcDbEntity
  8
AM_4
100
AcDbCircle
 10
22.85624336242676
 20
65.90865442019995
 30
0.0
 40
0.5000000000000036
100
AcDbArc
 50
0.0
 51
88.99999999999946
  0
LINE
  5
400
330
7E
100
AcDbEntity
  8
AM_4
100
AcDbLine
 10
17.34751715920811
 20
66.50488575777088
 30
0.0
 11
22.8649695656454
 21
66.40857826777815
 31
0.0
  0
ARC
  5
401
330
7E
100
AcDbEntity
  8
AM_4
100
AcDbCircle
 10
17.35624336242677
 20
67.00480960534908
 30
0.0
 40
0.5000000000000036
100
AcDbArc
 50
180.0
 51
268.9999999999982
  0
LINE
  5
402
330
7E
100
AcDbEntity
  8
AM_4
100
AcDbLine
 10
16.85624336242676
 20
67.67519649816654
 30
0.0
 11
16.85624336242677
 21
67.0048096053491
 31
0.0
  0
ARC
  5
403
330
7E
100
AcDbEntity
  8
AM_4
100
AcDbCircle
 10
17.35624336242677
 20
67.67519649816654
 30
0.0
 40
0.5000000000000069
100
AcDbArc
 50
91.00000000000216
 51
180.0
  0
LINE
  5
404
330
7E
100
AcDbEntity
  8
AM_4
100
AcDbLine
 10
22.8649695656454
 20
68.27142783573746
 30
0.0
 11
17.34751715920811
 21
68.17512034574474
 31
0.0
  0
ARC
  5
405
330
7E
100
AcDbEntity
  8
AM_4
100
AcDbCircle
 10
22.85624336242675
 20
68.77135168331564
 30
0.0
 40
0.4999999999999925
100
AcDbArc
 50
271.0000000000006
 51
0.0
  0
LINE
  5
406
330
7E
100
AcDbEntity
  8
AM_4
100
AcDbLine
 10
23.35624336242676
 20
78.3700030517578
 30
0.0
 11
23.35624336242675
 21
68.77135168331564
 31
0.0
  0
LINE
  5
407
330
7E
100
AcDbEntity
  8
AM_4
100
AcDbLine
 10
26.33624336242676
 20
78.3700030517578
 30
0.0
 11
23.35624336242676
 21
78.3700030517578
 31
0.0
  0
LINE
  5
408
330
7E
100
AcDbEntity
  8
AM_4
100
AcDbLine
 10
26.33624336242676
 20
68.67185293960499
 30
0.0
 11
26.33624336242676
 21
78.3700030517578
 31
0.0
  0
ARC
  5
409
330
7E
100
AcDbEntity
  8
AM_4
100
AcDbCircle
 10
26.82624336242671
 20
68.77135168331559
 30
0.0
 40
0.4999999999999439
100
AcDbArc
 50
191.4783409545273
 51
269.000000000005
  0
LINE
  5
40A
330
7E
100
AcDbEntity
  8
AM_4
100
AcDbLine
 10
32.8349695656454
 20
68.16639281328062
 30
0.0
 11
26.81751715920812
 21
68.27142783573746
 31
0.0
  0
ARC
  5
40B
330
7E
100
AcDbEntity
  8
AM_4
100
AcDbCircle
 10
32.82624336242676
 20
67.66646896570242
 30
0.0
 40
0.5000000000000071
100
AcDbArc
 50
0.0
 51
88.99999999999989
  0
LINE
  5
40C
330
7E
100
AcDbEntity
  8
AM_4
100
AcDbLine
 10
33.32624336242676
 20
67.01353713781319
 30
0.0
 11
33.32624336242677
 21
67.66646896570242
 31
0.0
  0
ARC
  5
40D
330
7E
100
AcDbEntity
  8
AM_4
100
AcDbCircle
 10
32.82624336242671
 20
67.01353713781323
 30
0.0
 40
0.5000000000000501
100
AcDbArc
 50
271.0000000000057
 51
0.0
  0
LINE
  5
40E
330
7E
100
AcDbEntity
  8
AM_4
100
AcDbLine
 10
26.81751715920812
 20
66.40857826777815
 30
0.0
 11
32.8349695656454
 21
66.51361329023499
 31
0.0
  0
ARC
  5
40F
330
7E
100
AcDbEntity
  8
AM_4
100
AcDbCircle
 10
26.8262433624268
 20
65.90865442019991
 30
0.0
 40
0.50000000000005
100
AcDbArc
 50
91.00000000000493
 51
168.5216590454635
  0
LINE
  5
410
330
7E
100
AcDbEntity
  8
AM_4
100
AcDbLine
 10
26.33624336242676
 20
57.171852939605
 30
0.0
 11
26.33624336242676
 21
66.0081531639106
 31
0.0
  0
ARC
  5
411
330
7E
100
AcDbEntity
  8
AM_4
100
AcDbCircle
 10
26.82624336242679
 20
57.27135168331569
 30
0.0
 40
0.5000000000000423
100
AcDbArc
 50
191.4783409545358
 51
268.9999999999959
  0
LINE
  5
412
330
7E
100
AcDbEntity
  8
AM_4
100
AcDbLine
 10
32.8349695656454
 20
56.66639281328062
 30
0.0
 11
26.81751715920812
 21
56.77142783573746
 31
0.0
  0
ARC
  5
413
330
7E
100
AcDbEntity
  8
AM_4
100
AcDbCircle
 10
32.82624336242675
 20
56.16646896570242
 30
0.0
 40
0.5000000000000071
100
AcDbArc
 50
0.0
 51
88.99999999999908
  0
LINE
  5
414
330
7E
100
AcDbEntity
  8
AM_4
100
AcDbLine
 10
33.32624336242676
 20
55.51353713781319
 30
0.0
 11
33.32624336242676
 21
56.16646896570239
 31
0.0
  0
ARC
  5
415
330
7E
100
AcDbEntity
  8
AM_4
100
AcDbCircle
 10
32.82624336242677
 20
55.51353713781317
 30
0.0
 40
0.499999999999985
100
AcDbArc
 50
270.9999999999985
 51
0.0
  0
LINE
  5
416
330
7E
100
AcDbEntity
  8
AM_4
100
AcDbLine
 10
27.33624336242676
 20
54.9176326673353
 30
0.0
 11
32.8349695656454
 21
55.01361329023499
 31
0.0
  0
LINE
  5
417
330
7E
100
AcDbEntity
  8
AM_4
100
AcDbLine
 10
27.33624336242676
 20
44.26237343618031
 30
0.0
 11
27.33624336242676
 21
54.9176326673353
 31
0.0
  0
LINE
  5
418
330
7E
100
AcDbEntity
  8
AM_4
100
AcDbLine
 10
32.8349695656454
 20
44.16639281328061
 30
0.0
 11
27.33624336242676
 21
44.26237343618031
 31
0.0
  0
ARC
  5
419
330
7E
100
AcDbEntity
  8
AM_4
100
AcDbCircle
 10
32.82624336242674
 20
43.66646896570241
 30
0.0
 40
0.5000000000000071
100
AcDbArc
 50
0.0
 51
88.99999999999825
  0
LINE
  5
41A
330
7E
100
AcDbEntity
  8
AM_4
100
AcDbLine
 10
33.32624336242676
 20
43.01353713781319
 30
0.0
 11
33.32624336242675
 21
43.66646896570244
 31
0.0
  0
ARC
  5
41B
330
7E
100
AcDbEntity
  8
AM_4
100
AcDbCircle
 10
32.82624336242674
 20
43.01353713781318
 30
0.0
 40
0.5000000000000139
100
AcDbArc
 50
271.0000000000018
 51
0.0
  0
LINE
  5
41C
330
7E
100
AcDbEntity
  8
AM_4
100
AcDbLine
 10
27.33624336242676
 20
42.41763266733528
 30
0.0
 11
32.8349695656454
 21
42.51361329023497
 31
0.0
  0
LINE
  5
41D
330
7E
100
AcDbEntity
  8
AM_4
100
AcDbLine
 10
27.33624336242676
 20
34.86000305175781
 30
0.0
 11
27.33624336242676
 21
42.41763266733528
 31
0.0
  0
LINE
  5
41E
330
7E
100
AcDbEntity
  8
AM_4
100
AcDbLine
 10
25.86624336242676
 20
34.86000305175781
 30
0.0
 11
27.33624336242676
 21
34.86000305175781
 31
0.0
  0
LINE
  5
41F
330
7E
100
AcDbEntity
  8
AM_4
100
AcDbLine
 10
25.86624336242676
 20
31.41000305175781
 30
0.0
 11
25.86624336242676
 21
34.86000305175781
 31
0.0
  0
ARC
  5
420
330
7E
100
AcDbEntity
  8
AM_4
100
AcDbCircle
 10
26.36624336242675
 20
31.41000305175781
 30
0.0
 40
0.4999999999999964
100
AcDbArc
 50
180.0
 51
270.0
  0
LINE
  5
421
330
7E
100
AcDbEntity
  8
AM_4
100
AcDbLine
 10
27.36624336242676
 20
30.91000305175781
 30
0.0
 11
26.36624336242676
 21
30.91000305175781
 31
0.0
  0
ARC
  5
422
330
7E
100
AcDbEntity
  8
AM_4
100
AcDbCircle
 10
27.36624336242676
 20
30.41000305175782
 30
0.0
 40
0.4999999999999964
100
AcDbArc
 50
0.0
 51
90.0
  0
LINE
  5
423
330
7E
100
AcDbEntity
  8
AM_4
100
AcDbLine
 10
27.86624336242676
 20
24.33000305175781
 30
0.0
 11
27.86624336242676
 21
30.41000305175781
 31
0.0
  0
ARC
  5
424
330
7E
100
AcDbEntity
  8
AM_4
100
AcDbCircle
 10
27.36624336242674
 20
24.33000305175783
 30
0.0
 40
0.5000000000000142
100
AcDbArc
 50
270.0
 51
0.0
  0
LINE
  5
425
330
7E
100
AcDbEntity
  8
AM_4
100
AcDbLine
 10
26.36624336242676
 20
23.83000305175781
 30
0.0
 11
27.36624336242678
 21
23.83000305175781
 31
0.0
  0
ARC
  5
426
330
7E
100
AcDbEntity
  8
AM_4
100
AcDbCircle
 10
26.36624336242674
 20
23.33000305175782
 30
0.0
 40
0.4999999999999964
100
AcDbArc
 50
90.0
 51
180.0
  0
LINE
  5
427
330
7E
100
AcDbEntity
  8
AM_4
100
AcDbLine
 10
25.86624336242676
 20
0.0000030517578296
 30
0.0
 11
25.86624336242675
 21
23.3300030517578
 31
0.0
  0
LINE
  5
428
330
7E
100
AcDbEntity
  8
AM_4
100
AcDbLine
 10
58.86624336242676
 20
4.000003051757815
 30
0.0
 11
37.86624336242676
 21
4.000003051757815
 31
0.0
  0
ARC
  5
429
330
7E
100
AcDbEntity
  8
AM_4
100
AcDbCircle
 10
37.86624336242677
 20
5.000003051757846
 30
0.0
 40
1.000000000000036
100
AcDbArc
 50
180.0
 51
270.0
  0
LINE
  5
42A
330
7E
100
AcDbEntity
  8
AM_4
100
AcDbLine
 10
36.86624336242674
 20
5.000003051757844
 30
0.0
 11
36.86624336242676
 21
6.647804471224873
 31
0.0
  0
ARC
  5
42B
330
7E
100
AcDbEntity
  8
AM_4
100
AcDbCircle
 10
37.86624336242676
 20
6.647804471224888
 30
0.0
 40
1.0
100
AcDbArc
 50
92.50000000000018
 51
180.0
  0
LINE
  5
42C
330
7E
100
AcDbEntity
  8
AM_4
100
AcDbLine
 10
37.82262397506142
 20
7.646852692806746
 30
0.0
 11
58.2967769335825
 21
8.540773516228867
 31
0.0
  0
ARC
  5
42D
330
7E
100
AcDbEntity
  8
AM_4
100
AcDbCircle
 10
58.26624336242676
 20
9.24010727133614
 30
0.0
 40
0.6999999999999716
100
AcDbArc
 50
272.5000000000002
 51
328.9972808661286
  0
ARC
  5
42E
330
7E
100
AcDbEntity
  8
AM_4
100
AcDbCircle
 10
58.2662433624267
 20
9.368590819120545
 30
0.0
 40
0.7000000000000879
100
AcDbArc
 50
31.0027191338767
 51
87.499999999995
  0
LINE
  5
42F
330
7E
100
AcDbEntity
  8
AM_4
100
AcDbLine
 10
58.2967769335825
 20
10.06792457422793
 30
0.0
 11
37.82262397506142
 21
10.96184539765004
 31
0.0
  0
ARC
  5
430
330
7E
100
AcDbEntity
  8
AM_4
100
AcDbCircle
 10
37.86624336242679
 20
11.96089361923192
 30
0.0
 40
1.000000000000028
100
AcDbArc
 50
180.0
 51
267.4999999999982
  0
LINE
  5
431
330
7E
100
AcDbEntity
  8
AM_4
100
AcDbLine
 10
36.86624336242676
 20
11.96089361923192
 30
0.0
 11
36.86624336242676
 21
13.35780447122488
 31
0.0
  0
ARC
  5
432
330
7E
100
AcDbEntity
  8
AM_4
100
AcDbCircle
 10
37.86624336242674
 20
13.3578044712249
 30
0.0
 40
0.9999999999999768
100
AcDbArc
 50
92.49999999999864
 51
180.0
  0
LINE
  5
433
330
7E
100
AcDbEntity
  8
AM_4
100
AcDbLine
 10
37.82262397506143
 20
14.35685269280674
 30
0.0
 11
58.2967769335825
 21
15.25077351622886
 31
0.0
  0
ARC
  5
434
330
7E
100
AcDbEntity
  8
AM_4
100
AcDbCircle
 10
58.26624336242681
 20
15.95010727133607
 30
0.0
 40
0.6999999999999112
100
AcDbArc
 50
272.4999999999969
 51
328.9972808661299
  0
ARC
  5
435
330
7E
100
AcDbEntity
  8
AM_4
100
AcDbCircle
 10
58.2662433624267
 20
16.07859081912054
 30
0.0
 40
0.7000000000000879
100
AcDbArc
 50
31.0027191338767
 51
87.499999999995
  0
LINE
  5
436
330
7E
100
AcDbEntity
  8
AM_4
100
AcDbLine
 10
58.2967769335825
 20
16.77792457422792
 30
0.0
 11
37.82262397506142
 21
17.67184539765005
 31
0.0
  0
ARC
  5
437
330
7E
100
AcDbEntity
  8
AM_4
100
AcDbCircle
 10
37.86624336242676
 20
18.6708936192319
 30
0.0
 40
1.0
100
AcDbArc
 50
180.0
 51
267.4999999999997
  0
LINE
  5
438
330
7E
100
AcDbEntity
  8
AM_4
100
AcDbLine
 10
36.86624336242676
 20
18.67089361923192
 30
0.0
 11
36.86624336242676
 21
20.06780447122487
 31
0.0
  0
ARC
  5
439
330
7E
100
AcDbEntity
  8
AM_4
100
AcDbCircle
 10
37.86624336242674
 20
20.0678044712249
 30
0.0
 40
0.999999999999975
100
AcDbArc
 50
92.49999999999864
 51
180.0
  0
LINE
  5
43A
330
7E
100
AcDbEntity
  8
AM_4
100
AcDbLine
 10
37.82262397506143
 20
21.06685269280673
 30
0.0
 11
58.2967769335825
 21
21.96077351622885
 31
0.0
  0
ARC
  5
43B
330
7E
100
AcDbEntity
  8
AM_4
100
AcDbCircle
 10
58.26624336242676
 20
22.66010727133613
 30
0.0
 40
0.6999999999999716
100
AcDbArc
 50
272.5000000000002
 51
328.9972808661286
  0
ARC
  5
43C
330
7E
100
AcDbEntity
  8
AM_4
100
AcDbCircle
 10
58.2662433624267
 20
22.78859081912053
 30
0.0
 40
0.7000000000000879
100
AcDbArc
 50
31.0027191338767
 51
87.499999999995
  0
LINE
  5
43D
330
7E
100
AcDbEntity
  8
AM_4
100
AcDbLine
 10
58.2967769335825
 20
23.48792457422792
 30
0.0
 11
37.82262397506142
 21
24.38184539765004
 31
0.0
  0
ARC
  5
43E
330
7E
100
AcDbEntity
  8
AM_4
100
AcDbCircle
 10
37.86624336242676
 20
25.3808936192319
 30
0.0
 40
1.0
100
AcDbArc
 50
180.0
 51
267.4999999999997
  0
LINE
  5
43F
330
7E
100
AcDbEntity
  8
AM_4
100
AcDbLine
 10
36.86624336242676
 20
25.38089361923191
 30
0.0
 11
36.86624336242676
 21
26.77780447122487
 31
0.0
  0
ARC
  5
440
330
7E
100
AcDbEntity
  8
AM_4
100
AcDbCircle
 10
37.86624336242674
 20
26.77780447122489
 30
0.0
 40
0.999999999999975
100
AcDbArc
 50
92.49999999999864
 51
180.0
  0
LINE
  5
441
330
7E
100
AcDbEntity
  8
AM_4
100
AcDbLine
 10
37.82262397506143
 20
27.77685269280673
 30
0.0
 11
58.2967769335825
 21
28.67077351622885
 31
0.0
  0
ARC
  5
442
330
7E
100
AcDbEntity
  8
AM_4
100
AcDbCircle
 10
58.26624336242681
 20
29.37010727133606
 30
0.0
 40
0.699999999999913
100
AcDbArc
 50
272.4999999999969
 51
328.9972808661298
  0
ARC
  5
443
330
7E
100
AcDbEntity
  8
AM_4
100
AcDbCircle
 10
58.2662433624267
 20
29.49859081912053
 30
0.0
 40
0.7000000000000879
100
AcDbArc
 50
31.0027191338767
 51
87.499999999995
  0
LINE
  5
444
330
7E
100
AcDbEntity
  8
AM_4
100
AcDbLine
 10
58.2967769335825
 20
30.19792457422791
 30
0.0
 11
37.82262397506142
 21
31.09184539765003
 31
0.0
  0
ARC
  5
445
330
7E
100
AcDbEntity
  8
AM_4
100
AcDbCircle
 10
37.86624336242676
 20
32.09089361923189
 30
0.0
 40
1.0
100
AcDbArc
 50
180.0
 51
267.4999999999997
  0
LINE
  5
446
330
7E
100
AcDbEntity
  8
AM_4
100
AcDbLine
 10
36.86624336242676
 20
32.09089361923191
 30
0.0
 11
36.86624336242676
 21
33.48780447122486
 31
0.0
  0
ARC
  5
447
330
7E
100
AcDbEntity
  8
AM_4
100
AcDbCircle
 10
37.86624336242676
 20
33.48780447122488
 30
0.0
 40
1.000000000000001
100
AcDbArc
 50
92.50000000000018
 51
180.0
  0
LINE
  5
448
330
7E
100
AcDbEntity
  8
AM_4
100
AcDbLine
 10
37.82262397506142
 20
34.48685269280674
 30
0.0
 11
58.2967769335825
 21
35.38077351622886
 31
0.0
  0
ARC
  5
449
330
7E
100
AcDbEntity
  8
AM_4
100
AcDbCircle
 10
58.26624336242678
 20
36.08010727133613
 30
0.0
 40
0.6999999999999672
100
AcDbArc
 50
272.4999999999984
 51
328.9972808661259
  0
LINE
  5
44A
330
7E
100
AcDbEntity
  8
AM_4
100
AcDbLine
 10
29.24624336242676
 20
79.70000305175782
 30
0.0
 11
29.24624336242676
 21
73.0400030517578
 31
0.0
  0
ARC
  5
44B
330
7E
100
AcDbEntity
  8
AM_4
100
AcDbCircle
 10
29.54624336242673
 20
79.70000305175782
 30
0.0
 40
0.2999999999999829
100
AcDbArc
 50
90.0
 51
180.0
  0
LINE
  5
44C
330
7E
100
AcDbEntity
  8
AM_4
100
AcDbLine
 10
32.71624336242676
 20
80.0000030517578
 30
0.0
 11
29.54624336242674
 21
80.0000030517578
 31
0.0
  0
ARC
  5
44D
330
7E
100
AcDbEntity
  8
AM_4
100
AcDbCircle
 10
32.71624336242677
 20
79.70000305175782
 30
0.0
 40
0.2999999999999829
100
AcDbArc
 50
0.0
 51
90.0
  0
LINE
  5
44E
330
7E
100
AcDbEntity
  8
AM_4
100
AcDbLine
 10
33.01624336242676
 20
73.04000305175781
 30
0.0
 11
33.01624336242676
 21
79.70000305175782
 31
0.0
  0
ARC
  5
44F
330
7E
100
AcDbEntity
  8
AM_4
100
AcDbCircle
 10
32.71624336242677
 20
73.0400030517578
 30
0.0
 40
0.2999999999999829
100
AcDbArc
 50
270.0
 51
0.0
  0
LINE
  5
450
330
7E
100
AcDbEntity
  8
AM_4
100
AcDbLine
 10
29.54624336242676
 20
72.74000305175781
 30
0.0
 11
32.71624336242677
 21
72.74000305175781
 31
0.0
  0
ARC
  5
451
330
7E
100
AcDbEntity
  8
AM_4
100
AcDbCircle
 10
29.54624336242674
 20
73.0400030517578
 30
0.0
 40
0.2999999999999829
100
AcDbArc
 50
180.0
 51
270.0
  0
ARC
  5
452
330
7E
100
AcDbEntity
  8
AM_4
100
AcDbCircle
 10
19.03624336242673
 20
24.04000305175778
 30
0.0
 40
0.2999999999999723
100
AcDbArc
 50
180.0
 51
270.0
  0
LINE
  5
453
330
7E
100
AcDbEntity
  8
AM_4
100
AcDbLine
 10
18.73624336242676
 20
30.70000305175782
 30
0.0
 11
18.73624336242676
 21
24.04000305175781
 31
0.0
  0
ARC
  5
454
330
7E
100
AcDbEntity
  8
AM_4
100
AcDbCircle
 10
19.03624336242682
 20
30.70000305175774
 30
0.0
 40
0.3000000000000647
100
AcDbArc
 50
90.0
 51
180.0
  0
LINE
  5
455
330
7E
100
AcDbEntity
  8
AM_4
100
AcDbLine
 10
22.20624336242675
 20
31.00000305175782
 30
0.0
 11
19.0362433624268
 21
31.0000030517578
 31
0.0
  0
ARC
  5
456
330
7E
100
AcDbEntity
  8
AM_4
100
AcDbCircle
 10
22.20624336242671
 20
30.70000305175775
 30
0.0
 40
0.3000000000000647
100
AcDbArc
 50
0.0
 51
90.0
  0
LINE
  5
457
330
7E
100
AcDbEntity
  8
AM_4
100
AcDbLine
 10
22.50624336242676
 20
24.04000305175781
 30
0.0
 11
22.50624336242677
 21
30.70000305175778
 31
0.0
  0
ARC
  5
458
330
7E
100
AcDbEntity
  8
AM_4
100
AcDbCircle
 10
22.20624336242673
 20
24.04000305175785
 30
0.0
 40
0.3000000000000291
100
AcDbArc
 50
270.0
 51
0.0
  0
LINE
  5
459
330
7E
100
AcDbEntity
  8
AM_4
100
AcDbLine
 10
19.03624336242676
 20
23.74000305175781
 30
0.0
 11
22.20624336242672
 21
23.74000305175782
 31
0.0
  0
ARC
  5
45A
330
7E
100
AcDbEntity
  8
AM_4
100
AcDbCircle
 10
17.03624336242674
 20
73.0400030517578
 30
0.0
 40
0.2999999999999865
100
AcDbArc
 50
179.9999991462263
 51
270.0
  0
LINE
  5
45B
330
7E
100
AcDbEntity
  8
AM_4
100
AcDbLine
 10
16.73624336242676
 20
79.70000305175782
 30
0.0
 11
16.73624336242676
 21
73.04000305175781
 31
0.0
  0
ARC
  5
45C
330
7E
100
AcDbEntity
  8
AM_4
100
AcDbCircle
 10
17.03624336242676
 20
79.70000305175782
 30
0.0
 40
0.2999999999999972
100
AcDbArc
 50
90.0
 51
180.0
  0
LINE
  5
45D
330
7E
100
AcDbEntity
  8
AM_4
100
AcDbLine
 10
20.20624336242675
 20
80.0000030517578
 30
0.0
 11
17.03624336242675
 21
80.00000305175782
 31
0.0
  0
ARC
  5
45E
330
7E
100
AcDbEntity
  8
AM_4
100
AcDbCircle
 10
20.20624336242677
 20
79.70000305175782
 30
0.0
 40
0.2999999999999794
100
AcDbArc
 50
0.0
 51
90.0
  0
LINE
  5
45F
330
7E
100
AcDbEntity
  8
AM_4
100
AcDbLine
 10
20.50624336242676
 20
73.04000305175781
 30
0.0
 11
20.50624336242675
 21
79.70000305175782
 31
0.0
  0
ARC
  5
460
330
7E
100
AcDbEntity
  8
AM_4
100
AcDbCircle
 10
20.20624336242677
 20
73.0400030517578
 30
0.0
 40
0.2999999999999829
100
AcDbArc
 50
270.0
 51
0.0
  0
LINE
  5
461
330
7E
100
AcDbEntity
  8
AM_4
100
AcDbLine
 10
17.03624336242676
 20
72.74000305175781
 30
0.0
 11
20.20624336242677
 21
72.74000305175781
 31
0.0
  0
LINE
  5
462
330
7E
100
AcDbEntity
  8
AM_4
100
AcDbLine
 10
35.19624336242676
 20
100.1000030517578
 30
0.0
 11
35.19624336242676
 21
98.50000305175782
 31
0.0
  0
ARC
  5
463
330
7E
100
AcDbEntity
  8
AM_4
100
AcDbCircle
 10
35.39624336242678
 20
100.1000030517578
 30
0.0
 40
0.2000000000000171
100
AcDbArc
 50
90.0
 51
180.0
  0
LINE
  5
464
330
7E
100
AcDbEntity
  8
AM_4
100
AcDbLine
 10
41.32624336242676
 20
100.3000030517578
 30
0.0
 11
35.39624336242677
 21
100.3000030517578
 31
0.0
  0
ARC
  5
465
330
7E
100
AcDbEntity
  8
AM_4
100
AcDbCircle
 10
41.32624336242674
 20
100.1000030517578
 30
0.0
 40
0.2000000000000099
100
AcDbArc
 50
0.0
 51
90.0
  0
LINE
  5
466
330
7E
100
AcDbEntity
  8
AM_4
100
AcDbLine
 10
41.52624336242675
 20
98.50000305175782
 30
0.0
 11
41.52624336242675
 21
100.1000030517578
 31
0.0
  0
ARC
  5
467
330
7E
100
AcDbEntity
  8
AM_4
100
AcDbCircle
 10
41.32624336242674
 20
98.50000305175782
 30
0.0
 40
0.2000000000000028
100
AcDbArc
 50
270.0
 51
0.0
  0
LINE
  5
468
330
7E
100
AcDbEntity
  8
AM_4
100
AcDbLine
 10
35.39624336242676
 20
98.30000305175781
 30
0.0
 11
41.32624336242675
 21
98.30000305175781
 31
0.0
  0
ARC
  5
469
330
7E
100
AcDbEntity
  8
AM_4
100
AcDbCircle
 10
35.39624336242677
 20
98.50000305175783
 30
0.0
 40
0.2000000000000171
100
AcDbArc
 50
180.0
 51
270.0
  0
LINE
  5
46A
330
7E
100
AcDbEntity
  8
AM_4
100
AcDbLine
 10
46.09224336242676
 20
87.4610030517578
 30
0.0
 11
39.89224336242675
 21
87.4610030517578
 31
0.0
  0
LINE
  5
46B
330
7E
100
AcDbEntity
  8
AM_4
100
AcDbLine
 10
39.89224336242675
 20
87.4610030517578
 30
0.0
 11
39.89224336242675
 21
89.1610030517578
 31
0.0
  0
LINE
  5
46C
330
7E
100
AcDbEntity
  8
AM_4
100
AcDbLine
 10
39.89224336242675
 20
89.1610030517578
 30
0.0
 11
46.09224336242676
 21
89.1610030517578
 31
0.0
  0
LINE
  5
46D
330
7E
100
AcDbEntity
  8
AM_4
100
AcDbLine
 10
46.09224336242676
 20
89.1610030517578
 30
0.0
 11
46.09224336242676
 21
87.4610030517578
 31
0.0
  0
LINE
  5
46E
330
7E
100
AcDbEntity
  8
AM_4
100
AcDbLine
 10
46.09224336242676
 20
83.46100305175781
 30
0.0
 11
39.89224336242675
 21
83.46100305175781
 31
0.0
  0
LINE
  5
46F
330
7E
100
AcDbEntity
  8
AM_4
100
AcDbLine
 10
39.89224336242675
 20
83.46100305175781
 30
0.0
 11
39.89224336242675
 21
85.1610030517578
 31
0.0
  0
LINE
  5
470
330
7E
100
AcDbEntity
  8
AM_4
100
AcDbLine
 10
39.89224336242675
 20
85.1610030517578
 30
0.0
 11
46.09224336242676
 21
85.1610030517578
 31
0.0
  0
LINE
  5
471
330
7E
100
AcDbEntity
  8
AM_4
100
AcDbLine
 10
46.09224336242676
 20
85.1610030517578
 30
0.0
 11
46.09224336242676
 21
83.46100305175781
 31
0.0
  0
LINE
  5
472
330
7E
100
AcDbEntity
  8
AM_4
100
AcDbLine
 10
46.09224336242676
 20
79.4610030517578
 30
0.0
 11
39.89224336242675
 21
79.4610030517578
 31
0.0
  0
LINE
  5
473
330
7E
100
AcDbEntity
  8
AM_4
100
AcDbLine
 10
39.89224336242675
 20
79.4610030517578
 30
0.0
 11
39.89224336242675
 21
81.1610030517578
 31
0.0
  0
LINE
  5
474
330
7E
100
AcDbEntity
  8
AM_4
100
AcDbLine
 10
39.89224336242675
 20
81.1610030517578
 30
0.0
 11
46.09224336242676
 21
81.1610030517578
 31
0.0
  0
LINE
  5
475
330
7E
100
AcDbEntity
  8
AM_4
100
AcDbLine
 10
46.09224336242676
 20
81.1610030517578
 30
0.0
 11
46.09224336242676
 21
79.4610030517578
 31
0.0
  0
LINE
  5
476
330
7E
100
AcDbEntity
  8
AM_4
100
AcDbLine
 10
46.09224336242676
 20
75.4610030517578
 30
0.0
 11
39.89224336242675
 21
75.4610030517578
 31
0.0
  0
LINE
  5
477
330
7E
100
AcDbEntity
  8
AM_4
100
AcDbLine
 10
39.89224336242675
 20
75.4610030517578
 30
0.0
 11
39.89224336242675
 21
77.1610030517578
 31
0.0
  0
LINE
  5
478
330
7E
100
AcDbEntity
  8
AM_4
100
AcDbLine
 10
39.89224336242675
 20
77.1610030517578
 30
0.0
 11
46.09224336242676
 21
77.1610030517578
 31
0.0
  0
LINE
  5
479
330
7E
100
AcDbEntity
  8
AM_4
100
AcDbLine
 10
46.09224336242676
 20
77.1610030517578
 30
0.0
 11
46.09224336242676
 21
75.4610030517578
 31
0.0
  0
LINE
  5
47A
330
7E
100
AcDbEntity
  8
AM_4
100
AcDbLine
 10
46.09224336242676
 20
71.4610030517578
 30
0.0
 11
39.89224336242675
 21
71.4610030517578
 31
0.0
  0
LINE
  5
47B
330
7E
100
AcDbEntity
  8
AM_4
100
AcDbLine
 10
39.89224336242675
 20
71.4610030517578
 30
0.0
 11
39.89224336242675
 21
73.1610030517578
 31
0.0
  0
LINE
  5
47C
330
7E
100
AcDbEntity
  8
AM_4
100
AcDbLine
 10
39.89224336242675
 20
73.1610030517578
 30
0.0
 11
46.09224336242676
 21
73.1610030517578
 31
0.0
  0
LINE
  5
47D
330
7E
100
AcDbEntity
  8
AM_4
100
AcDbLine
 10
46.09224336242676
 20
73.1610030517578
 30
0.0
 11
46.09224336242676
 21
71.4610030517578
 31
0.0
  0
LINE
  5
47E
330
7E
100
AcDbEntity
  8
AM_4
100
AcDbLine
 10
46.09224336242676
 20
67.46100305175781
 30
0.0
 11
39.89224336242675
 21
67.46100305175781
 31
0.0
  0
LINE
  5
47F
330
7E
100
AcDbEntity
  8
AM_4
100
AcDbLine
 10
39.89224336242675
 20
67.46100305175781
 30
0.0
 11
39.89224336242675
 21
69.1610030517578
 31
0.0
  0
LINE
  5
480
330
7E
100
AcDbEntity
  8
AM_4
100
AcDbLine
 10
39.89224336242675
 20
69.1610030517578
 30
0.0
 11
46.09224336242676
 21
69.1610030517578
 31
0.0
  0
LINE
  5
481
330
7E
100
AcDbEntity
  8
AM_4
100
AcDbLine
 10
46.09224336242676
 20
69.1610030517578
 30
0.0
 11
46.09224336242676
 21
67.46100305175781
 31
0.0
  0
LINE
  5
482
330
7E
100
AcDbEntity
  8
AM_4
100
AcDbLine
 10
46.09224336242676
 20
63.4610030517578
 30
0.0
 11
39.89224336242675
 21
63.4610030517578
 31
0.0
  0
LINE
  5
483
330
7E
100
AcDbEntity
  8
AM_4
100
AcDbLine
 10
39.89224336242675
 20
63.4610030517578
 30
0.0
 11
39.89224336242675
 21
65.1610030517578
 31
0.0
  0
LINE
  5
484
330
7E
100
AcDbEntity
  8
AM_4
100
AcDbLine
 10
39.89224336242675
 20
65.1610030517578
 30
0.0
 11
46.09224336242676
 21
65.1610030517578
 31
0.0
  0
LINE
  5
485
330
7E
100
AcDbEntity
  8
AM_4
100
AcDbLine
 10
46.09224336242676
 20
65.1610030517578
 30
0.0
 11
46.09224336242676
 21
63.4610030517578
 31
0.0
  0
LINE
  5
486
330
7E
100
AcDbEntity
  8
AM_4
100
AcDbLine
 10
46.09224336242676
 20
59.4610030517578
 30
0.0
 11
39.89224336242675
 21
59.4610030517578
 31
0.0
  0
LINE
  5
487
330
7E
100
AcDbEntity
  8
AM_4
100
AcDbLine
 10
39.89224336242675
 20
59.4610030517578
 30
0.0
 11
39.89224336242675
 21
61.1610030517578
 31
0.0
  0
LINE
  5
488
330
7E
100
AcDbEntity
  8
AM_4
100
AcDbLine
 10
39.89224336242675
 20
61.1610030517578
 30
0.0
 11
46.09224336242676
 21
61.1610030517578
 31
0.0
  0
LINE
  5
489
330
7E
100
AcDbEntity
  8
AM_4
100
AcDbLine
 10
46.09224336242676
 20
61.1610030517578
 30
0.0
 11
46.09224336242676
 21
59.4610030517578
 31
0.0
  0
LINE
  5
48A
330
7E
100
AcDbEntity
  8
AM_4
100
AcDbLine
 10
46.09224336242676
 20
55.4610030517578
 30
0.0
 11
39.89224336242675
 21
55.4610030517578
 31
0.0
  0
LINE
  5
48B
330
7E
100
AcDbEntity
  8
AM_4
100
AcDbLine
 10
39.89224336242675
 20
55.4610030517578
 30
0.0
 11
39.89224336242675
 21
57.1610030517578
 31
0.0
  0
LINE
  5
48C
330
7E
100
AcDbEntity
  8
AM_4
100
AcDbLine
 10
39.89224336242675
 20
57.1610030517578
 30
0.0
 11
46.09224336242676
 21
57.1610030517578
 31
0.0
  0
LINE
  5
48D
330
7E
100
AcDbEntity
  8
AM_4
100
AcDbLine
 10
46.09224336242676
 20
57.1610030517578
 30
0.0
 11
46.09224336242676
 21
55.4610030517578
 31
0.0
  0
LINE
  5
48E
330
7E
100
AcDbEntity
  8
AM_4
100
AcDbLine
 10
46.09224336242676
 20
51.46100305175779
 30
0.0
 11
39.89224336242675
 21
51.46100305175779
 31
0.0
  0
LINE
  5
48F
330
7E
100
AcDbEntity
  8
AM_4
100
AcDbLine
 10
39.89224336242675
 20
51.46100305175779
 30
0.0
 11
39.89224336242675
 21
53.1610030517578
 31
0.0
  0
LINE
  5
490
330
7E
100
AcDbEntity
  8
AM_4
100
AcDbLine
 10
39.89224336242675
 20
53.1610030517578
 30
0.0
 11
46.09224336242676
 21
53.1610030517578
 31
0.0
  0
LINE
  5
491
330
7E
100
AcDbEntity
  8
AM_4
100
AcDbLine
 10
46.09224336242676
 20
53.1610030517578
 30
0.0
 11
46.09224336242676
 21
51.46100305175779
 31
0.0
  0
LINE
  5
492
330
7E
100
AcDbEntity
  8
AM_4
100
AcDbLine
 10
46.09224336242676
 20
47.46100305175779
 30
0.0
 11
39.89224336242675
 21
47.46100305175779
 31
0.0
  0
LINE
  5
493
330
7E
100
AcDbEntity
  8
AM_4
100
AcDbLine
 10
39.89224336242675
 20
47.46100305175779
 30
0.0
 11
39.89224336242675
 21
49.16100305175779
 31
0.0
  0
LINE
  5
494
330
7E
100
AcDbEntity
  8
AM_4
100
AcDbLine
 10
39.89224336242675
 20
49.16100305175779
 30
0.0
 11
46.09224336242676
 21
49.16100305175779
 31
0.0
  0
LINE
  5
495
330
7E
100
AcDbEntity
  8
AM_4
100
AcDbLine
 10
46.09224336242676
 20
49.16100305175779
 30
0.0
 11
46.09224336242676
 21
47.46100305175779
 31
0.0
  0
LINE
  5
496
330
7E
100
AcDbEntity
  8
AM_4
100
AcDbLine
 10
46.09224336242676
 20
43.46100305175779
 30
0.0
 11
39.89224336242675
 21
43.46100305175779
 31
0.0
  0
LINE
  5
497
330
7E
100
AcDbEntity
  8
AM_4
100
AcDbLine
 10
39.89224336242675
 20
43.46100305175779
 30
0.0
 11
39.89224336242675
 21
45.16100305175779
 31
0.0
  0
LINE
  5
498
330
7E
100
AcDbEntity
  8
AM_4
100
AcDbLine
 10
39.89224336242675
 20
45.16100305175779
 30
0.0
 11
46.09224336242676
 21
45.16100305175779
 31
0.0
  0
LINE
  5
499
330
7E
100
AcDbEntity
  8
AM_4
100
AcDbLine
 10
46.09224336242676
 20
45.16100305175779
 30
0.0
 11
46.09224336242676
 21
43.46100305175779
 31
0.0
  0
LINE
  5
49A
330
7E
100
AcDbEntity
  8
AM_4
100
AcDbLine
 10
54.06224336242676
 20
39.4610030517578
 30
0.0
 11
47.86224336242675
 21
39.4610030517578
 31
0.0
  0
LINE
  5
49B
330
7E
100
AcDbEntity
  8
AM_4
100
AcDbLine
 10
47.86224336242675
 20
39.4610030517578
 30
0.0
 11
47.86224336242675
 21
41.1610030517578
 31
0.0
  0
LINE
  5
49C
330
7E
100
AcDbEntity
  8
AM_4
100
AcDbLine
 10
47.86224336242675
 20
41.1610030517578
 30
0.0
 11
54.06224336242676
 21
41.1610030517578
 31
0.0
  0
LINE
  5
49D
330
7E
100
AcDbEntity
  8
AM_4
100
AcDbLine
 10
54.06224336242676
 20
41.1610030517578
 30
0.0
 11
54.06224336242676
 21
39.4610030517578
 31
0.0
  0
LINE
  5
49E
330
7E
100
AcDbEntity
  8
AM_4
100
AcDbLine
 10
58.86624336242676
 20
105.3000030517578
 30
0.0
 11
31.86624336242676
 21
105.3000030517578
 31
0.0
  0
LINE
  5
49F
330
7E
100
AcDbEntity
  8
AM_4
100
AcDbLine
 10
58.77024050532156
 20
110.8000030517578
 30
0.0
 11
58.86624336242676
 21
105.3000030517578
 31
0.0
  0
LINE
  5
4A0
330
7E
100
AcDbEntity
  8
AM_4
100
AcDbLine
 10
58.77024050532156
 20
110.8000030517578
 30
0.0
 11
31.86624336242676
 21
110.8000030517578
 31
0.0
  0
CIRCLE
  5
4A1
330
7E
100
AcDbEntity
  8
AM_4
100
AcDbCircle
 10
17.86624336242676
 20
90.0000030517578
 30
0.0
 40
4.000000000000012
  0
LINE
  5
4A2
330
7E
100
AcDbEntity
  8
AM_4
100
AcDbLine
 10
15.86624336242676
 20
90.35000305175782
 30
0.0
 11
15.86624336242676
 21
89.6500030517578
 31
0.0
  0
LINE
  5
4A3
330
7E
100
AcDbEntity
  8
AM_4
100
AcDbLine
 10
17.51624336242676
 20
90.35000305175782
 30
0.0
 11
15.86624336242676
 21
90.35000305175782
 31
0.0
  0
LINE
  5
4A4
330
7E
100
AcDbEntity
  8
AM_4
100
AcDbLine
 10
17.51624336242676
 20
92.00000305175782
 30
0.0
 11
17.51624336242676
 21
90.35000305175782
 31
0.0
  0
LINE
  5
4A5
330
7E
100
AcDbEntity
  8
AM_4
100
AcDbLine
 10
18.21624336242676
 20
92.00000305175782
 30
0.0
 11
17.51624336242676
 21
92.00000305175782
 31
0.0
  0
LINE
  5
4A6
330
7E
100
AcDbEntity
  8
AM_4
100
AcDbLine
 10
18.21624336242676
 20
90.35000305175782
 30
0.0
 11
18.21624336242676
 21
92.00000305175782
 31
0.0
  0
LINE
  5
4A7
330
7E
100
AcDbEntity
  8
AM_4
100
AcDbLine
 10
19.86624336242676
 20
90.35000305175782
 30
0.0
 11
18.21624336242676
 21
90.35000305175782
 31
0.0
  0
LINE
  5
4A8
330
7E
100
AcDbEntity
  8
AM_4
100
AcDbLine
 10
19.86624336242676
 20
89.6500030517578
 30
0.0
 11
19.86624336242676
 21
90.35000305175782
 31
0.0
  0
LINE
  5
4A9
330
7E
100
AcDbEntity
  8
AM_4
100
AcDbLine
 10
18.21624336242676
 20
89.6500030517578
 30
0.0
 11
19.86624336242676
 21
89.6500030517578
 31
0.0
  0
LINE
  5
4AA
330
7E
100
AcDbEntity
  8
AM_4
100
AcDbLine
 10
18.21624336242676
 20
88.00000305175782
 30
0.0
 11
18.21624336242676
 21
89.6500030517578
 31
0.0
  0
LINE
  5
4AB
330
7E
100
AcDbEntity
  8
AM_4
100
AcDbLine
 10
17.51624336242676
 20
88.00000305175782
 30
0.0
 11
18.21624336242676
 21
88.00000305175782
 31
0.0
  0
LINE
  5
4AC
330
7E
100
AcDbEntity
  8
AM_4
100
AcDbLine
 10
17.51624336242676
 20
89.6500030517578
 30
0.0
 11
17.51624336242676
 21
88.00000305175782
 31
0.0
  0
LINE
  5
4AD
330
7E
100
AcDbEntity
  8
AM_4
100
AcDbLine
 10
15.86624336242676
 20
89.6500030517578
 30
0.0
 11
17.51624336242676
 21
89.6500030517578
 31
0.0
  0
LINE
  5
4AE
330
7E
100
AcDbEntity
  8
AM_4
100
AcDbLine
 10
17.51624336242676
 20
99.6500030517578
 30
0.0
 11
17.51624336242676
 21
98.00000305175782
 31
0.0
  0
LINE
  5
4AF
330
7E
100
AcDbEntity
  8
AM_4
100
AcDbLine
 10
18.21624336242676
 20
99.6500030517578
 30
0.0
 11
19.86624336242676
 21
99.6500030517578
 31
0.0
  0
LINE
  5
4B0
330
7E
100
AcDbEntity
  8
AM_4
100
AcDbLine
 10
18.21624336242676
 20
98.00000305175782
 30
0.0
 11
18.21624336242676
 21
99.6500030517578
 31
0.0
  0
LINE
  5
4B1
330
7E
100
AcDbEntity
  8
AM_4
100
AcDbLine
 10
18.21624336242676
 20
102.0000030517578
 30
0.0
 11
17.51624336242676
 21
102.0000030517578
 31
0.0
  0
CIRCLE
  5
4B2
330
7E
100
AcDbEntity
  8
AM_4
100
AcDbCircle
 10
17.86624336242676
 20
100.0000030517578
 30
0.0
 40
4.000000000000012
  0
LINE
  5
4B3
330
7E
100
AcDbEntity
  8
AM_4
100
AcDbLine
 10
17.51624336242676
 20
102.0000030517578
 30
0.0
 11
17.51624336242676
 21
100.3500030517578
 31
0.0
  0
LINE
  5
4B4
330
7E
100
AcDbEntity
  8
AM_4
100
AcDbLine
 10
15.86624336242676
 20
100.3500030517578
 30
0.0
 11
15.86624336242676
 21
99.6500030517578
 31
0.0
  0
LINE
  5
4B5
330
7E
100
AcDbEntity
  8
AM_4
100
AcDbLine
 10
17.51624336242676
 20
100.3500030517578
 30
0.0
 11
15.86624336242676
 21
100.3500030517578
 31
0.0
  0
LINE
  5
4B6
330
7E
100
AcDbEntity
  8
AM_4
100
AcDbLine
 10
15.86624336242676
 20
99.6500030517578
 30
0.0
 11
17.51624336242676
 21
99.6500030517578
 31
0.0
  0
LINE
  5
4B7
330
7E
100
AcDbEntity
  8
AM_4
100
AcDbLine
 10
19.86624336242676
 20
99.6500030517578
 30
0.0
 11
19.86624336242676
 21
100.3500030517578
 31
0.0
  0
LINE
  5
4B8
330
7E
100
AcDbEntity
  8
AM_4
100
AcDbLine
 10
18.21624336242676
 20
100.3500030517578
 30
0.0
 11
18.21624336242676
 21
102.0000030517578
 31
0.0
  0
LINE
  5
4B9
330
7E
100
AcDbEntity
  8
AM_4
100
AcDbLine
 10
19.86624336242676
 20
100.3500030517578
 30
0.0
 11
18.21624336242676
 21
100.3500030517578
 31
0.0
  0
LINE
  5
4BA
330
7E
100
AcDbEntity
  8
AM_4
100
AcDbLine
 10
17.51624336242676
 20
98.00000305175782
 30
0.0
 11
18.21624336242676
 21
98.00000305175782
 31
0.0
  0
CIRCLE
  5
4BB
330
7E
100
AcDbEntity
  8
AM_4
100
AcDbCircle
 10
17.86624336242676
 20
90.0000030517578
 30
0.0
 40
4.300000000000013
  0
CIRCLE
  5
4BC
330
7E
100
AcDbEntity
  8
AM_4
100
AcDbCircle
 10
17.86624336242676
 20
100.0000030517578
 30
0.0
 40
4.300000000000013
  0
LINE
  5
4BD
330
7E
100
AcDbEntity
  8
AM_4
100
AcDbLine
 10
8.866243362426758
 20
82.50000305175782
 30
0.0
 11
3.866243362426758
 21
87.50000305175782
 31
0.0
  0
LINE
  5
4BE
330
7E
100
AcDbEntity
  8
AM_4
100
AcDbLine
 10
26.86624336242676
 20
82.50000305175782
 30
0.0
 11
8.866243362426758
 21
82.50000305175782
 31
0.0
  0
LINE
  5
4BF
330
7E
100
AcDbEntity
  8
AM_4
100
AcDbLine
 10
31.86624336242676
 20
87.50000305175782
 30
0.0
 11
26.86624336242676
 21
82.50000305175782
 31
0.0
  0
LINE
  5
4C0
330
7E
100
AcDbEntity
  8
AM_4
100
AcDbLine
 10
3.866243362426758
 20
108.0000030517578
 30
0.0
 11
31.86624336242676
 21
108.0000030517578
 31
0.0
  0
LINE
  5
4C1
330
7E
100
AcDbEntity
  8
AM_4
100
AcDbLine
 10
3.866243362426754
 20
82.55000305175781
 30
0.0
 11
3.866243362426761
 21
111.5000030517578
 31
0.0
  0
LINE
  5
4C2
330
7E
100
AcDbEntity
  8
AM_4
100
AcDbLine
 10
13.46624336242676
 20
111.5000030517578
 30
0.0
 11
13.46624336242676
 21
109.0000030517578
 31
0.0
  0
LINE
  5
4C3
330
7E
100
AcDbEntity
  8
AM_4
100
AcDbLine
 10
31.86624336242676
 20
111.5000030517578
 30
0.0
 11
3.866243362426761
 21
111.5000030517578
 31
0.0
  0
LINE
  5
4C4
330
7E
100
AcDbEntity
  8
AM_4
100
AcDbLine
 10
29.86624336242676
 20
109.0000030517578
 30
0.0
 11
29.86624336242676
 21
111.5000030517578
 31
0.0
  0
LINE
  5
4C5
330
7E
100
AcDbEntity
  8
AM_4
100
AcDbLine
 10
3.866243362426758
 20
109.0000030517578
 30
0.0
 11
31.86624336242676
 21
109.0000030517578
 31
0.0
  0
LINE
  5
4C6
330
7E
100
AcDbEntity
  8
AM_4
100
AcDbLine
 10
31.86624336242676
 20
87.50000305175782
 30
0.0
 11
31.86624336242676
 21
111.5000030517578
 31
0.0
  0
LINE
  5
4C7
330
7E
100
AcDbEntity
  8
AM_4
100
AcDbLine
 10
5.866243362426754
 20
109.0000030517578
 30
0.0
 11
5.866243362426754
 21
111.5000030517578
 31
0.0
  0
LINE
  5
4C8
330
7E
100
AcDbEntity
  8
AM_4
100
AcDbLine
 10
8.266243362426756
 20
109.0000030517578
 30
0.0
 11
8.266243362426756
 21
111.5000030517578
 31
0.0
  0
ENDBLK
  5
81
330
7E
100
AcDbEntity
  8
0
100
AcDbBlockEnd
  0
BLOCK
  5
4CB
330
4C9
100
AcDbEntity
  8
0
100
AcDbBlockBegin
  2
3_MBDLN25SE_0_in_MBDLN25SE_1100
 70
     2
 10
0.0
 20
0.0
 30
0.0
  3
3_MBDLN25SE_0_in_MBDLN25SE_1100
  1

  0
ATTDEF
  5
4CD
330
4C9
100
AcDbEntity
  8
AM_6
100
AcDbText
 10
65.31624336242676
 20
348.8940031051636
 30
0.0
 40
0.5
  1
Amp
100
AcDbAttributeDefinition
  3

  2
NN
 70
     8
  0
ATTDEF
  5
4CE
330
4C9
100
AcDbEntity
  8
AM_6
100
AcDbText
 10
65.31624336242676
 20
348.3940031051636
 30
0.0
 40
0.5
  1

100
AcDbAttributeDefinition
  3

  2
NT
 70
     8
  0
ATTDEF
  5
4CF
330
4C9
100
AcDbEntity
  8
AM_6
100
AcDbText
 10
65.31624336242676
 20
347.8940031051636
 30
0.0
 40
0.5
  1
MBDLN25SE
100
AcDbAttributeDefinition
  3

  2
NB
 70
     8
  0
ATTDEF
  5
4D0
330
4C9
100
AcDbEntity
  8
AM_6
100
AcDbText
 10
65.31624336242676
 20
347.3940031051636
 30
0.0
 40
0.5
  1
$CNSORDERNO.
100
AcDbAttributeDefinition
  3

  2
NBSYN
 70
     8
  0
ATTDEF
  5
4D1
330
4C9
100
AcDbEntity
  8
AM_6
100
AcDbText
 10
65.31624336242676
 20
346.8940031051636
 30
0.0
 40
0.5
  1
MBDLN25SE
100
AcDbAttributeDefinition
  3

  2
LINA
 70
     8
  0
ATTDEF
  5
4D2
330
4C9
100
AcDbEntity
  8
AM_6
100
AcDbText
 10
65.31624336242676
 20
346.3940031051636
 30
0.0
 40
0.5
  1
MBDLN25SE
100
AcDbAttributeDefinition
  3

  2
CNSORDERNO
 70
     8
  0
ATTDEF
  5
4D3
330
4C9
100
AcDbEntity
  8
AM_6
100
AcDbText
 10
65.31624336242676
 20
345.8940031051636
 30
0.0
 40
0.5
  1
B
100
AcDbAttributeDefinition
  3

  2
F
 70
     8
  0
ATTDEF
  5
4D4
330
4C9
100
AcDbEntity
  8
AM_6
100
AcDbText
 10
65.31624336242676
 20
345.3940031051636
 30
0.0
 40
0.5
  1
400W
100
AcDbAttributeDefinition
  3

  2
MC
 70
     8
  0
ATTDEF
  5
4D5
330
4C9
100
AcDbEntity
  8
AM_6
100
AcDbText
 10
65.31624336242676
 20
344.8940031051636
 30
0.0
 40
0.5
  1
200V
100
AcDbAttributeDefinition
  3

  2
PSV
 70
     8
  0
ATTDEF
  5
4D6
330
4C9
100
AcDbEntity
  8
AM_6
100
AcDbText
 10
65.31624336242676
 20
344.3940031051636
 30
0.0
 40
0.5
  1
E : Standard type
100
AcDbAttributeDefinition
  3

  2
ES
 70
     8
  0
ATTDEF
  5
4D7
330
4C9
100
AcDbEntity
  8
AM_6
100
AcDbText
 10
65.31624336242676
 20
343.8940031051636
 30
0.0
 40
0.5
  1
matsushita
100
AcDbAttributeDefinition
  3

  2
COMPANY
 70
     8
  0
ARC
  5
4D8
330
4C9
100
AcDbEntity
  8
AM_9
100
AcDbCircle
 10
57.86624336242669
 20
314.2979488087892
 30
0.0
 40
1.000000000000076
100
AcDbArc
 50
272.0000000000043
 51
0.0
  0
ARC
  5
4D9
330
4C9
100
AcDbEntity
  8
AM_9
100
AcDbCircle
 10
4.866243362426776
 20
203.1159289371288
 30
0.0
 40
1.000000000000018
100
AcDbArc
 50
92.00000000000117
 51
180.0
  0
ARC
  5
4DA
330
4C9
100
AcDbEntity
  8
AM_9
100
AcDbCircle
 10
57.86624336242676
 20
203.500057401538
 30
0.0
 40
0.9999999999999929
100
AcDbArc
 50
0.0
 51
88.00000000000041
  0
LINE
  5
4DB
330
4C9
100
AcDbEntity
  8
AM_9
100
AcDbLine
 10
36.86624336242676
 20
312.5640031051635
 30
0.0
 11
24.83134386572425
 21
312.9842710563443
 31
0.0
  0
LINE
  5
4DC
330
4C9
100
AcDbEntity
  8
AM_9
100
AcDbLine
 10
36.86624336242676
 20
205.2340031051636
 30
0.0
 11
57.90114285912926
 21
204.4994482285571
 31
0.0
  0
LINE
  5
4DD
330
4C9
100
AcDbEntity
  8
AM_9
100
AcDbLine
 10
57.90114285912927
 20
313.29855798177
 30
0.0
 11
36.86624336242676
 21
312.5640031051635
 31
0.0
  0
LINE
  5
4DE
330
4C9
100
AcDbEntity
  8
AM_9
100
AcDbLine
 10
4.831343865724254
 20
204.1153197641479
 30
0.0
 11
36.86624336242676
 21
205.2340031051636
 31
0.0
  0
ARC
  5
4DF
330
4C9
100
AcDbEntity
  8
AM_9
100
AcDbCircle
 10
24.86624336242679
 20
313.9836618833634
 30
0.0
 40
1.000000000000036
100
AcDbArc
 50
180.0
 51
267.9999999999974
  0
LINE
  5
4E0
330
4C9
100
AcDbEntity
  8
AM_9
100
AcDbLine
 10
23.86624336242676
 20
205.041938872959
 30
0.0
 11
23.86624336242676
 21
325.8540031051635
 31
0.0
  0
ARC
  5
4E1
330
4C9
100
AcDbEntity
  8
AM_9
100
AcDbCircle
 10
4.866243362426762
 20
203.3778347083169
 30
0.0
 40
0.9999999999999889
100
AcDbArc
 50
92.00000000000045
 51
180.0
  0
LINE
  5
4E2
330
4C9
100
AcDbEntity
  8
AM_9
100
AcDbLine
 10
4.831343865724254
 20
204.377225535336
 30
0.0
 11
23.86624336242676
 21
205.041938872959
 31
0.0
  0
LINE
  5
4E3
330
4C9
100
AcDbEntity
  8
AM_9
100
AcDbLine
 10
23.86624336242676
 20
325.8540031051635
 30
0.0
 11
4.813907406183816
 21
326.8524937227847
 31
0.0
  0
ARC
  5
4E4
330
4C9
100
AcDbEntity
  8
AM_9
100
AcDbCircle
 10
4.866243362426705
 20
327.8511232575393
 30
0.0
 40
0.9999999999999574
100
AcDbArc
 50
180.0
 51
267.0000000000031
  0
LINE
  5
4E5
330
4C9
100
AcDbEntity
  8
AM_9
100
AcDbLine
 10
21.36624336242676
 20
278.073461261939
 30
0.0
 11
21.36624336242676
 21
280.7145449513684
 31
0.0
  0
LINE
  5
4E6
330
4C9
100
AcDbEntity
  8
AM_9
100
AcDbLine
 10
21.16973384371422
 20
239.9145144903997
 30
0.0
 11
3.866243362426754
 21
240.2165480402354
 31
0.0
  0
ARC
  5
4E7
330
4C9
100
AcDbEntity
  8
AM_9
100
AcDbCircle
 10
21.16624336242672
 20
280.7145449513684
 30
0.0
 40
0.2000000000000348
100
AcDbArc
 50
0.0
 51
88.99999999998987
  0
ARC
  5
4E8
330
4C9
100
AcDbEntity
  8
AM_9
100
AcDbCircle
 10
21.16624336242677
 20
278.0734612589587
 30
0.0
 40
0.2000000000000367
100
AcDbArc
 50
270.9999999999989
 51
0.0000012074182697
  0
ARC
  5
4E9
330
4C9
100
AcDbEntity
  8
AM_9
100
AcDbCircle
 10
21.16624336242674
 20
237.0734612589587
 30
0.0
 40
0.2000000000000088
100
AcDbArc
 50
271.0000000000072
 51
0.0
  0
LINE
  5
4EA
330
4C9
100
AcDbEntity
  8
AM_9
100
AcDbLine
 10
3.866243362426758
 20
236.5714581700918
 30
0.0
 11
21.16973384371422
 21
236.8734917199274
 31
0.0
  0
LINE
  5
4EB
330
4C9
100
AcDbEntity
  8
AM_9
100
AcDbLine
 10
21.16973384371422
 20
280.9145144903997
 30
0.0
 11
3.866243362426754
 21
281.2165480402354
 31
0.0
  0
LINE
  5
4EC
330
4C9
100
AcDbEntity
  8
AM_9
100
AcDbLine
 10
3.866243362426758
 20
277.5714581700918
 30
0.0
 11
21.16973384371422
 21
277.8734917199274
 31
0.0
  0
LINE
  5
4ED
330
4C9
100
AcDbEntity
  8
AM_9
100
AcDbLine
 10
21.36624336242675
 20
237.0734612589587
 30
0.0
 11
21.36624336242676
 21
239.7145449513684
 31
0.0
  0
ARC
  5
4EE
330
4C9
100
AcDbEntity
  8
AM_9
100
AcDbCircle
 10
21.16624336242681
 20
239.7145449513685
 30
0.0
 40
0.199999999999946
100
AcDbArc
 50
0.0
 51
89.00000000001488
  0
LINE
  5
4EF
330
4C9
100
AcDbEntity
  8
AM_9
100
AcDbLine
 10
14.83624336242676
 20
196.4269640783014
 30
0.0
 11
3.866243362426758
 21
196.4269640783014
 31
0.0
  0
ARC
  5
4F0
330
4C9
100
AcDbEntity
  8
AM_9
100
AcDbCircle
 10
13.46624336242674
 20
184.8940031051635
 30
0.0
 40
0.9999999999999822
100
AcDbArc
 50
180.0
 51
270.0
  0
LINE
  5
4F1
330
4C9
100
AcDbEntity
  8
AM_9
100
AcDbLine
 10
6.26624336242676
 20
185.3940031051636
 30
0.0
 11
3.866243362426754
 21
185.3940031051636
 31
0.0
  0
ARC
  5
4F2
330
4C9
100
AcDbEntity
  8
AM_9
100
AcDbCircle
 10
6.266243362426776
 20
186.3940031051635
 30
0.0
 40
0.9999999999999716
100
AcDbArc
 50
270.0
 51
0.0
  0
LINE
  5
4F3
330
4C9
100
AcDbEntity
  8
AM_9
100
AcDbLine
 10
7.266243362426753
 20
188.8940031051636
 30
0.0
 11
7.266243362426756
 21
186.3940031051636
 31
0.0
  0
ARC
  5
4F4
330
4C9
100
AcDbEntity
  8
AM_9
100
AcDbCircle
 10
9.86624336242675
 20
188.8940031051676
 30
0.0
 40
2.600000000000009
100
AcDbArc
 50
0.0
 51
180.0
  0
LINE
  5
4F5
330
4C9
100
AcDbEntity
  8
AM_9
100
AcDbLine
 10
12.46624336242676
 20
184.8940031051636
 30
0.0
 11
12.46624336242676
 21
188.8940031051636
 31
0.0
  0
LINE
  5
4F6
330
4C9
100
AcDbEntity
  8
AM_9
100
AcDbLine
 10
37.86624336242676
 20
281.1130150362309
 30
0.0
 11
37.86624336242676
 21
226.6749911740963
 31
0.0
  0
LINE
  5
4F7
330
4C9
100
AcDbEntity
  8
AM_9
100
AcDbLine
 10
37.86624336242676
 20
221.1130150362308
 30
0.0
 11
37.86624336242676
 21
183.8940031051636
 31
0.0
  0
LINE
  5
4F8
330
4C9
100
AcDbEntity
  8
AM_9
100
AcDbLine
 10
37.86624336242676
 20
333.8940031051636
 30
0.0
 11
37.86624336242676
 21
286.6749911740963
 31
0.0
  0
LWPOLYLINE
  5
4F9
330
4C9
100
AcDbEntity
  8
AM_9
100
AcDbPolyline
 90
        7
 70
     0
 43
0.0
 10
37.86624336242676
 20
281.1130150362309
 10
37.55886065909841
 20
281.1207129730614
 10
37.28426133552692
 20
281.1705509128116
 10
37.07198725554453
 20
281.2674951076974
 10
36.93303262517273
 20
281.4170908446006
 10
36.86957833070064
 20
281.6322392878923
 10
36.86624336242675
 20
281.7068874501603
  0
LINE
  5
4FA
330
4C9
100
AcDbEntity
  8
AM_9
100
AcDbLine
 10
58.86624336242676
 20
281.920149007212
 30
0.0
 11
37.86624336242676
 21
281.1130150362309
 31
0.0
  0
LINE
  5
4FB
330
4C9
100
AcDbEntity
  8
AM_9
100
AcDbLine
 10
37.86624336242676
 20
286.6749911740963
 30
0.0
 11
58.86624336242676
 21
285.8678572031151
 31
0.0
  0
LWPOLYLINE
  5
4FC
330
4C9
100
AcDbEntity
  8
AM_9
100
AcDbPolyline
 90
        7
 70
     0
 43
0.0
 10
36.86624336242676
 20
286.0811187601669
 10
36.88507803385245
 20
286.2481109194712
 10
36.94661779028904
 20
286.393259593134
 10
37.11031417192414
 20
286.5448302427723
 10
37.366575307291
 20
286.6383502187461
 10
37.66180534179649
 20
286.6743764867766
 10
37.86624336242676
 20
286.6749911740963
  0
LWPOLYLINE
  5
4FD
330
4C9
100
AcDbEntity
  8
AM_9
100
AcDbPolyline
 90
        7
 70
     0
 43
0.0
 10
37.86624336242676
 20
221.1130150362308
 10
37.55886065909841
 20
221.1207129730614
 10
37.28426133552692
 20
221.1705509128116
 10
37.07198725554453
 20
221.2674951076973
 10
36.93303262517273
 20
221.4170908446006
 10
36.86957833070064
 20
221.6322392878922
 10
36.86624336242675
 20
221.7068874501603
  0
LINE
  5
4FE
330
4C9
100
AcDbEntity
  8
AM_9
100
AcDbLine
 10
58.86624336242676
 20
221.920149007212
 30
0.0
 11
37.86624336242676
 21
221.1130150362308
 31
0.0
  0
LINE
  5
4FF
330
4C9
100
AcDbEntity
  8
AM_9
100
AcDbLine
 10
37.86624336242676
 20
226.6749911740963
 30
0.0
 11
58.86624336242676
 21
225.8678572031151
 31
0.0
  0
LWPOLYLINE
  5
500
330
4C9
100
AcDbEntity
  8
AM_9
100
AcDbPolyline
 90
        7
 70
     0
 43
0.0
 10
36.86624336242675
 20
226.0811187601668
 10
36.88507803385244
 20
226.2481109194712
 10
36.94661779028903
 20
226.393259593134
 10
37.11031417192414
 20
226.5448302427723
 10
37.366575307291
 20
226.6383502187461
 10
37.66180534179649
 20
226.6743764867766
 10
37.86624336242676
 20
226.6749911740963
  0
LWPOLYLINE
  5
501
330
4C9
100
AcDbEntity
  8
AM_9
100
AcDbPolyline
 90
        8
 70
     0
 43
0.0
 10
37.82262397506142
 20
196.2496230429259
 10
37.55526190252473
 20
196.2229735112985
 10
37.32114373983135
 20
196.1387496523363
 10
37.13461052477074
 20
195.998460783814
 10
36.96533349305018
 20
195.7209328079426
 10
36.90154205478839
 20
195.4765827832177
 10
36.87306381860739
 20
195.2107925270683
 10
36.86624336242676
 20
194.9373276418193
  0
LWPOLYLINE
  5
502
330
4C9
100
AcDbEntity
  8
AM_9
100
AcDbPolyline
 90
        7
 70
     0
 43
0.0
 10
36.86624336242676
 20
252.8506785685079
 10
36.88098702338907
 20
252.4674620024675
 10
36.9477286148453
 20
252.1178685733731
 10
37.08870025689667
 20
251.8426116970415
 10
37.33937377785014
 20
251.6398763617357
 10
37.58176041172533
 20
251.5595651274493
 10
37.82262397506142
 20
251.5383831674015
  0
LWPOLYLINE
  5
503
330
4C9
100
AcDbEntity
  8
AM_9
100
AcDbPolyline
 90
        8
 70
     0
 43
0.0
 10
37.82262397506142
 20
256.2496230429256
 10
37.55526190252473
 20
256.2229735112984
 10
37.32114373983134
 20
256.1387496523362
 10
37.13461052477074
 20
255.998460783814
 10
36.96533349305019
 20
255.7209328079426
 10
36.90154205478839
 20
255.4765827832177
 10
36.87306381860739
 20
255.2107925270682
 10
36.86624336242676
 20
254.9373276418193
  0
LWPOLYLINE
  5
504
330
4C9
100
AcDbEntity
  8
AM_9
100
AcDbPolyline
 90
        7
 70
     0
 43
0.0
 10
36.86624336242676
 20
312.8506785685079
 10
36.88098702338907
 20
312.4674620024675
 10
36.9477286148453
 20
312.1178685733731
 10
37.08870025689665
 20
311.8426116970416
 10
37.33937377785013
 20
311.6398763617358
 10
37.58176041172531
 20
311.5595651274493
 10
37.82262397506142
 20
311.5383831674015
  0
LWPOLYLINE
  5
505
330
4C9
100
AcDbEntity
  8
AM_9
100
AcDbPolyline
 90
        7
 70
     0
 43
0.0
 10
36.86624336242676
 20
192.8506785685079
 10
36.88098702338907
 20
192.4674620024675
 10
36.9477286148453
 20
192.1178685733731
 10
37.08870025689667
 20
191.8426116970416
 10
37.33937377785017
 20
191.6398763617357
 10
37.58176041172536
 20
191.5595651274493
 10
37.82262397506142
 20
191.5383831674012
  0
LWPOLYLINE
  5
506
330
4C9
100
AcDbEntity
  8
AM_9
100
AcDbPolyline
 90
        8
 70
     0
 43
0.0
 10
37.82262397506142
 20
316.2496230429257
 10
37.55526190252473
 20
316.2229735112984
 10
37.32114373983135
 20
316.1387496523363
 10
37.13461052477075
 20
315.9984607838139
 10
36.96533349305018
 20
315.7209328079426
 10
36.90154205478839
 20
315.4765827832177
 10
36.87306381860739
 20
315.2107925270682
 10
36.86624336242676
 20
314.9373276418193
  0
LINE
  5
507
330
4C9
100
AcDbEntity
  8
AM_9
100
AcDbLine
 10
58.29677693358251
 20
255.9604568954286
 30
0.0
 11
37.82262397506146
 21
256.2496230429256
 31
0.0
  0
LINE
  5
508
330
4C9
100
AcDbEntity
  8
AM_9
100
AcDbLine
 10
37.82262397506142
 20
311.5383831674015
 30
0.0
 11
58.29677693358247
 21
311.8275493148985
 31
0.0
  0
LINE
  5
509
330
4C9
100
AcDbEntity
  8
AM_9
100
AcDbLine
 10
58.29677693358255
 20
195.9604568954286
 30
0.0
 11
37.82262397506145
 21
196.2496230429256
 31
0.0
  0
LINE
  5
50A
330
4C9
100
AcDbEntity
  8
AM_9
100
AcDbLine
 10
37.82262397506141
 20
251.5383831674015
 30
0.0
 11
58.2967769335825
 21
251.8275493148985
 31
0.0
  0
LINE
  5
50B
330
4C9
100
AcDbEntity
  8
AM_9
100
AcDbLine
 10
58.29677693358251
 20
322.3402493659999
 30
0.0
 11
46.86624336242676
 21
322.2701099504619
 31
0.0
  0
LINE
  5
50C
330
4C9
100
AcDbEntity
  8
AM_9
100
AcDbLine
 10
58.29677693358249
 20
315.9604568954287
 30
0.0
 11
37.82262397506142
 21
316.2496230429257
 31
0.0
  0
LINE
  5
50D
330
4C9
100
AcDbEntity
  8
AM_9
100
AcDbLine
 10
37.82262397506143
 20
191.5383831674015
 30
0.0
 11
58.29677693358249
 21
191.8275493148986
 31
0.0
  0
LWPOLYLINE
  5
50E
330
4C9
100
AcDbEntity
  8
AM_9
100
AcDbPolyline
 90
        4
 70
     0
 43
0.0
 10
58.2967769335825
 20
195.9604568954285
 10
58.51373727736101
 20
195.9718835780867
 10
58.70361699911708
 20
196.0081481066126
 10
58.86624336242676
 20
196.0624031390873
  0
LWPOLYLINE
  5
50F
330
4C9
100
AcDbEntity
  8
AM_9
100
AcDbPolyline
 90
        4
 70
     0
 43
0.0
 10
58.86624336242676
 20
251.7256030712398
 10
58.71114298436819
 20
251.7778758888491
 10
58.50197126455953
 20
251.817543444956
 10
58.2967769335825
 20
251.8275493148985
  0
LWPOLYLINE
  5
510
330
4C9
100
AcDbEntity
  8
AM_9
100
AcDbPolyline
 90
       13
 70
     0
 43
0.0
 10
58.29677693358251
 20
322.3402493659999
 10
58.3576116969808
 20
322.340997373813
 10
58.41775109218344
 20
322.3424876966481
 10
58.47673742207976
 20
322.3447089922486
 10
58.53412176508233
 20
322.3476443552137
 10
58.5894673916913
 20
322.3512714456587
 10
58.64235308826955
 20
322.3555626592354
 10
58.69237636273288
 20
322.3604853372173
 10
58.73915650775774
 20
322.3660020150525
 10
58.78233749819386
 20
322.3720707074916
 10
58.82159070063064
 20
322.3786452281209
 10
58.8566173744958
 20
322.3856755408685
 10
58.86624336242675
 20
322.3878615970966
  0
LWPOLYLINE
  5
511
330
4C9
100
AcDbEntity
  8
AM_9
100
AcDbPolyline
 90
        4
 70
     0
 43
0.0
 10
58.2967769335825
 20
315.9604568954287
 10
58.51373727736101
 20
315.9718835780867
 10
58.70361699911707
 20
316.0081481066127
 10
58.86624336242676
 20
316.0624031390873
  0
LWPOLYLINE
  5
512
330
4C9
100
AcDbEntity
  8
AM_9
100
AcDbPolyline
 90
        4
 70
     0
 43
0.0
 10
58.86624336242676
 20
191.7256030712398
 10
58.71114298436819
 20
191.7778758888491
 10
58.50197126455953
 20
191.817543444956
 10
58.2967769335825
 20
191.8275493148986
  0
LWPOLYLINE
  5
513
330
4C9
100
AcDbEntity
  8
AM_9
100
AcDbPolyline
 90
        4
 70
     0
 43
0.0
 10
58.2967769335825
 20
255.9604568954285
 10
58.51373727736101
 20
255.9718835780867
 10
58.70361699911708
 20
256.0081481066126
 10
58.86624336242676
 20
256.0624031390873
  0
LWPOLYLINE
  5
514
330
4C9
100
AcDbEntity
  8
AM_9
100
AcDbPolyline
 90
        4
 70
     0
 43
0.0
 10
58.86624336242676
 20
311.7256030712398
 10
58.71114298436819
 20
311.7778758888491
 10
58.50197126455952
 20
311.817543444956
 10
58.2967769335825
 20
311.8275493148985
  0
LWPOLYLINE
  5
515
330
4C9
100
AcDbEntity
  8
AM_9
100
AcDbPolyline
 90
       13
 70
     0
 43
0.0
 10
58.86624336242678
 20
322.5072642193109
 10
58.83253573133904
 20
322.5144207588191
 10
58.7945182733872
 20
322.521137182755
 10
58.75248032438185
 20
322.5273623750769
 10
58.7067418184981
 20
322.5330489583124
 10
58.65765085338342
 20
322.5381536541294
 10
58.60558104092425
 20
322.5426376127105
 10
58.55092866383401
 20
322.5464667084233
 10
58.4941096597024
 20
322.5496117995375
 10
58.43555645545908
 20
322.5520489500105
 10
58.37571467634373
 20
322.5537596116557
 10
58.31503975442889
 20
322.5547307653051
 10
58.29677693358248
 20
322.5548764504076
  0
LINE
  5
516
330
4C9
100
AcDbEntity
  8
AM_9
100
AcDbLine
 10
46.86624336242676
 20
322.6250158659456
 30
0.0
 11
58.2967769335825
 21
322.5548764504076
 31
0.0
  0
LWPOLYLINE
  5
517
330
4C9
100
AcDbEntity
  8
AM_9
100
AcDbPolyline
 90
        4
 70
     0
 43
0.0
 10
58.86624336242676
 20
316.1301667436114
 10
58.71283990231977
 20
316.1084510113484
 10
58.50847514468661
 20
316.0897902274814
 10
58.2967769335825
 20
316.0864290836465
  0
LINE
  5
518
330
4C9
100
AcDbEntity
  8
AM_9
100
AcDbLine
 10
37.82262397506138
 20
316.4850509224809
 30
0.0
 11
58.29677693358252
 21
316.0864290836465
 31
0.0
  0
LWPOLYLINE
  5
519
330
4C9
100
AcDbEntity
  8
AM_9
100
AcDbPolyline
 90
        6
 70
     0
 43
0.0
 10
36.86624336242676
 20
315.6130309934127
 10
36.91894171868019
 20
315.9989504686175
 10
37.0588798345271
 20
316.2379422726046
 10
37.26586558418045
 20
316.3838792528568
 10
37.54878786731814
 20
316.4664818184928
 10
37.82262397506142
 20
316.4850509224812
  0
LWPOLYLINE
  5
51A
330
4C9
100
AcDbEntity
  8
AM_9
100
AcDbPolyline
 90
        7
 70
     0
 43
0.0
 10
37.29037544215619
 20
311.393210959845
 10
37.28291786506779
 20
311.3964338893923
 10
37.08676854626022
 20
311.5224136017728
 10
36.94967911099389
 20
311.7118662687309
 10
36.89209278066672
 20
311.8894346619273
 10
36.86830177193953
 20
312.0860466573066
 10
36.86624336242676
 20
312.1749752169144
  0
LWPOLYLINE
  5
51B
330
4C9
100
AcDbEntity
  8
AM_9
100
AcDbPolyline
 90
        3
 70
     0
 43
0.0
 10
37.82262397506142
 20
311.3029552878459
 10
37.53516111333352
 20
311.3237586770165
 10
37.29037544215619
 20
311.393210959845
  0
LINE
  5
51C
330
4C9
100
AcDbEntity
  8
AM_9
100
AcDbLine
 10
58.29677693358255
 20
311.7015771266806
 30
0.0
 11
37.8226239750614
 21
311.3029552878462
 31
0.0
  0
LWPOLYLINE
  5
51D
330
4C9
100
AcDbEntity
  8
AM_9
100
AcDbPolyline
 90
        4
 70
     0
 43
0.0
 10
58.2967769335825
 20
311.7015771266806
 10
58.52190925427489
 20
311.6974357416134
 10
58.718869143348
 20
311.6787998160415
 10
58.86624336242676
 20
311.6578394667157
  0
LWPOLYLINE
  5
51E
330
4C9
100
AcDbEntity
  8
AM_9
100
AcDbPolyline
 90
        4
 70
     0
 43
0.0
 10
58.86624336242676
 20
196.1301667436114
 10
58.71283990231977
 20
196.1084510113484
 10
58.50847514468661
 20
196.0897902274815
 10
58.2967769335825
 20
196.0864290836464
  0
LINE
  5
51F
330
4C9
100
AcDbEntity
  8
AM_9
100
AcDbLine
 10
37.82262397506143
 20
196.4850509224808
 30
0.0
 11
58.29677693358246
 21
196.0864290836464
 31
0.0
  0
LWPOLYLINE
  5
520
330
4C9
100
AcDbEntity
  8
AM_9
100
AcDbPolyline
 90
        6
 70
     0
 43
0.0
 10
36.86624336242676
 20
195.6130309934128
 10
36.9189417186802
 20
195.9989504686176
 10
37.0588798345271
 20
196.2379422726047
 10
37.26586558418045
 20
196.3838792528568
 10
37.54878786731814
 20
196.4664818184928
 10
37.82262397506142
 20
196.4850509224812
  0
LWPOLYLINE
  5
521
330
4C9
100
AcDbEntity
  8
AM_9
100
AcDbPolyline
 90
        6
 70
     0
 43
0.0
 10
37.15794195519952
 20
191.4654370405335
 10
37.08676854626022
 20
191.5224136017728
 10
36.9496791109939
 20
191.7118662687309
 10
36.89209278066671
 20
191.8894346619273
 10
36.86830177193953
 20
192.0860466573066
 10
36.86624336242676
 20
192.1749752169144
  0
LWPOLYLINE
  5
522
330
4C9
100
AcDbEntity
  8
AM_9
100
AcDbPolyline
 90
        4
 70
     0
 43
0.0
 10
37.66359407826639
 20
191.3079542584131
 10
37.53516111333352
 20
191.3237586770165
 10
37.28291786506779
 20
191.3964338893923
 10
37.15794195519952
 20
191.4654370405335
  0
LINE
  5
523
330
4C9
100
AcDbEntity
  8
AM_9
100
AcDbLine
 10
37.82262397506142
 20
191.3029552878459
 30
0.0
 11
37.66359407826639
 21
191.3079542584131
 31
0.0
  0
LINE
  5
524
330
4C9
100
AcDbEntity
  8
AM_9
100
AcDbLine
 10
58.29677693358249
 20
191.7015771266807
 30
0.0
 11
37.82262397506146
 21
191.3029552878463
 31
0.0
  0
LWPOLYLINE
  5
525
330
4C9
100
AcDbEntity
  8
AM_9
100
AcDbPolyline
 90
        4
 70
     0
 43
0.0
 10
58.2967769335825
 20
191.7015771266807
 10
58.52190925427489
 20
191.6974357416134
 10
58.718869143348
 20
191.6787998160415
 10
58.86624336242676
 20
191.6578394667157
  0
LWPOLYLINE
  5
526
330
4C9
100
AcDbEntity
  8
AM_9
100
AcDbPolyline
 90
        4
 70
     0
 43
0.0
 10
58.86624336242676
 20
256.1301667436114
 10
58.71283990231977
 20
256.1084510113484
 10
58.50847514468661
 20
256.0897902274814
 10
58.2967769335825
 20
256.0864290836464
  0
LINE
  5
527
330
4C9
100
AcDbEntity
  8
AM_9
100
AcDbLine
 10
37.82262397506142
 20
256.4850509224808
 30
0.0
 11
58.29677693358249
 21
256.0864290836464
 31
0.0
  0
LWPOLYLINE
  5
528
330
4C9
100
AcDbEntity
  8
AM_9
100
AcDbPolyline
 90
        6
 70
     0
 43
0.0
 10
36.86624336242676
 20
255.6130309934128
 10
36.9189417186802
 20
255.9989504686176
 10
37.05887983452712
 20
256.2379422726046
 10
37.26586558418048
 20
256.3838792528568
 10
37.54878786731821
 20
256.4664818184928
 10
37.82262397506142
 20
256.4850509224812
  0
LWPOLYLINE
  5
529
330
4C9
100
AcDbEntity
  8
AM_9
100
AcDbPolyline
 90
        8
 70
     0
 43
0.0
 10
37.82262397506142
 20
251.3029552878459
 10
37.53516111333352
 20
251.3237586770165
 10
37.28291786506779
 20
251.3964338893923
 10
37.08676854626022
 20
251.5224136017728
 10
36.9496791109939
 20
251.7118662687309
 10
36.89209278066671
 20
251.8894346619273
 10
36.86830177193953
 20
252.0860466573066
 10
36.86624336242676
 20
252.1749752169143
  0
LINE
  5
52A
330
4C9
100
AcDbEntity
  8
AM_9
100
AcDbLine
 10
58.29677693358249
 20
251.7015771266807
 30
0.0
 11
37.82262397506144
 21
251.3029552878463
 31
0.0
  0
LWPOLYLINE
  5
52B
330
4C9
100
AcDbEntity
  8
AM_9
100
AcDbPolyline
 90
        4
 70
     0
 43
0.0
 10
58.2967769335825
 20
251.7015771266807
 10
58.52190925427489
 20
251.6974357416134
 10
58.718869143348
 20
251.6787998160415
 10
58.86624336242676
 20
251.6578394667157
  0
LINE
  5
52C
330
4C9
100
AcDbEntity
  8
AM_9
100
AcDbLine
 10
3.616243368616828
 20
328.8940031051636
 30
0.0
 11
3.616243368616828
 21
331.210634318293
 31
0.0
  0
LINE
  5
52D
330
4C9
100
AcDbEntity
  8
AM_9
100
AcDbLine
 10
11.86624336242675
 20
195.0819050661593
 30
0.0
 11
3.866243362426758
 21
195.0819050661593
 31
0.0
  0
LINE
  5
52E
330
4C9
100
AcDbEntity
  8
AM_9
100
AcDbLine
 10
3.616243359300192
 20
200.0191313745943
 30
0.0
 11
3.616243359300192
 21
199.0423587280728
 31
0.0
  0
LINE
  5
52F
330
4C9
100
AcDbEntity
  8
AM_9
100
AcDbLine
 10
11.86624336242675
 20
200.2026139372472
 30
0.0
 11
3.366243362426758
 21
200.2026139372472
 31
0.0
  0
LINE
  5
530
330
4C9
100
AcDbEntity
  8
AM_9
100
AcDbLine
 10
11.86624336242675
 20
200.0056523866447
 30
0.0
 11
3.607107578947652
 21
200.0056523866447
 31
0.0
  0
LINE
  5
531
330
4C9
100
AcDbEntity
  8
AM_9
100
AcDbLine
 10
11.86624336242675
 20
200.2056523866447
 30
0.0
 11
3.366243362426758
 21
200.2056523866447
 31
0.0
  0
LWPOLYLINE
  5
532
330
4C9
100
AcDbEntity
  8
AM_9
100
AcDbPolyline
 90
        8
 70
     0
 43
0.0
 10
37.82262397506143
 20
226.2650516718407
 10
37.55397435227596
 20
226.2387144351002
 10
37.31868020442451
 20
226.155067142718
 10
37.13144723355558
 20
226.0154369391349
 10
36.96287400060824
 20
225.7404131008627
 10
36.89989012050852
 20
225.498956551258
 10
36.87219999164449
 20
225.2361121820366
 10
36.86624336242675
 20
224.9900934445103
  0
LWPOLYLINE
  5
533
330
4C9
100
AcDbEntity
  8
AM_9
100
AcDbPolyline
 90
        7
 70
     0
 43
0.0
 10
36.86624336242676
 20
282.7979127658169
 10
36.88147287105321
 20
282.4263531178597
 10
36.94862567447832
 20
282.0880200491124
 10
37.09137045767681
 20
281.8180154981289
 10
37.34329166614145
 20
281.6205404173991
 10
37.58759998062501
 20
281.5425631539768
 10
37.82262397506143
 20
281.5229545384867
  0
LWPOLYLINE
  5
534
330
4C9
100
AcDbEntity
  8
AM_9
100
AcDbPolyline
 90
        7
 70
     0
 43
0.0
 10
36.86624336242676
 20
222.7979127658169
 10
36.88147287105321
 20
222.4263531178597
 10
36.94862567447831
 20
222.0880200491124
 10
37.09137045767678
 20
221.8180154981289
 10
37.3432916661414
 20
221.6205404173991
 10
37.58759998062497
 20
221.5425631539768
 10
37.82262397506143
 20
221.5229545384864
  0
LWPOLYLINE
  5
535
330
4C9
100
AcDbEntity
  8
AM_9
100
AcDbPolyline
 90
        8
 70
     0
 43
0.0
 10
37.82262397506143
 20
286.2650516718404
 10
37.55397435227596
 20
286.2387144351002
 10
37.31868020442452
 20
286.155067142718
 10
37.13144723355558
 20
286.0154369391349
 10
36.96287400060824
 20
285.7404131008627
 10
36.89989012050852
 20
285.4989565512579
 10
36.87219999164449
 20
285.2361121820365
 10
36.86624336242675
 20
284.9900934445102
  0
LINE
  5
536
330
4C9
100
AcDbEntity
  8
AM_9
100
AcDbLine
 10
58.2967769335825
 20
323.2832783668529
 30
0.0
 11
46.86624336242676
 21
323.2131389513149
 31
0.0
  0
LINE
  5
537
330
4C9
100
AcDbEntity
  8
AM_9
100
AcDbLine
 10
58.29677693358247
 20
285.9694308800384
 30
0.0
 11
37.82262397506143
 21
286.2650516718404
 31
0.0
  0
LINE
  5
538
330
4C9
100
AcDbEntity
  8
AM_9
100
AcDbLine
 10
37.82262397506141
 20
221.5229545384868
 30
0.0
 11
58.29677693358249
 21
221.8185753302888
 31
0.0
  0
LINE
  5
539
330
4C9
100
AcDbEntity
  8
AM_9
100
AcDbLine
 10
58.29677693358246
 20
225.9694308800384
 30
0.0
 11
37.82262397506143
 21
226.2650516718404
 31
0.0
  0
LINE
  5
53A
330
4C9
100
AcDbEntity
  8
AM_9
100
AcDbLine
 10
37.82262397506141
 20
281.5229545384867
 30
0.0
 11
58.29677693358249
 21
281.8185753302887
 31
0.0
  0
LINE
  5
53B
330
4C9
100
AcDbEntity
  8
AM_9
100
AcDbLine
 10
11.86624336242675
 20
199.8323272777594
 30
0.0
 11
3.866243362426758
 21
199.8323272777594
 31
0.0
  0
LINE
  5
53C
330
4C9
100
AcDbEntity
  8
AM_9
100
AcDbLine
 10
3.366243362426758
 20
226.4325652773683
 30
0.0
 11
3.366243362426758
 21
223.8840031051636
 31
0.0
  0
ARC
  5
53D
330
4C9
100
AcDbEntity
  8
AM_9
100
AcDbCircle
 10
4.366243362426895
 20
226.4325652773973
 30
0.0
 40
1.000000000000146
100
AcDbArc
 50
138.5903781615639
 51
180.0
  0
LINE
  5
53E
330
4C9
100
AcDbEntity
  8
AM_9
100
AcDbLine
 10
11.86624336242675
 20
199.6353657271569
 30
0.0
 11
3.866243362426758
 21
199.6353657271569
 31
0.0
  0
LINE
  5
53F
330
4C9
100
AcDbEntity
  8
AM_9
100
AcDbLine
 10
3.866243362426758
 20
194.7082775627864
 30
0.0
 11
11.86624336242675
 21
194.7082775627864
 31
0.0
  0
LWPOLYLINE
  5
540
330
4C9
100
AcDbEntity
  8
AM_9
100
AcDbPolyline
 90
        4
 70
     0
 43
0.0
 10
58.2967769335825
 20
225.9694308800383
 10
58.51432132236712
 20
225.980451994213
 10
58.70471749050937
 20
226.0157582905563
 10
58.86624336242676
 20
226.0678422766385
  0
LWPOLYLINE
  5
541
330
4C9
100
AcDbEntity
  8
AM_9
100
AcDbPolyline
 90
        4
 70
     0
 43
0.0
 10
58.86624336242676
 20
281.7201639336886
 10
58.71126488941945
 20
281.7705764296066
 10
58.50246966764234
 20
281.8089419330418
 10
58.2967769335825
 20
281.8185753302887
  0
LWPOLYLINE
  5
542
330
4C9
100
AcDbEntity
  8
AM_9
100
AcDbPolyline
 90
       13
 70
     0
 43
0.0
 10
58.29677693358258
 20
323.2832783668529
 10
58.35761169698087
 20
323.284026374666
 10
58.41775109218351
 20
323.2855166975011
 10
58.47673742207982
 20
323.2877379931016
 10
58.53412176508239
 20
323.2906733560667
 10
58.58946739169134
 20
323.2943004465117
 10
58.64235308826959
 20
323.2985916600884
 10
58.69237636273292
 20
323.3035143380703
 10
58.73915650775777
 20
323.3090310159055
 10
58.78233749819389
 20
323.3150997083446
 10
58.82159070063067
 20
323.321674228974
 10
58.85661737449581
 20
323.3287045417215
 10
58.86624336242674
 20
323.3308905979496
  0
LWPOLYLINE
  5
543
330
4C9
100
AcDbEntity
  8
AM_9
100
AcDbPolyline
 90
        4
 70
     0
 43
0.0
 10
58.2967769335825
 20
285.9694308800384
 10
58.51432132236712
 20
285.980451994213
 10
58.70471749050937
 20
286.0157582905563
 10
58.86624336242676
 20
286.0678422766385
  0
LWPOLYLINE
  5
544
330
4C9
100
AcDbEntity
  8
AM_9
100
AcDbPolyline
 90
        4
 70
     0
 43
0.0
 10
58.86624336242676
 20
221.7201639336886
 10
58.71126488941945
 20
221.7705764296066
 10
58.50246966764234
 20
221.8089419330417
 10
58.2967769335825
 20
221.8185753302888
  0
ARC
  5
545
330
4C9
100
AcDbEntity
  8
AM_9
100
AcDbCircle
 10
2.866244397790378
 20
227.7554421069198
 30
0.0
 40
0.9999999999999485
100
AcDbArc
 50
318.5902879335981
 51
359.9175512441964
  0
LINE
  5
546
330
4C9
100
AcDbEntity
  8
AM_9
100
AcDbLine
 10
3.616243359300196
 20
227.0940031016184
 30
0.0
 11
3.616243359300196
 21
223.8840031051636
 31
0.0
  0
LWPOLYLINE
  5
547
330
4C9
100
AcDbEntity
  8
AM_9
100
AcDbPolyline
 90
       13
 70
     0
 43
0.0
 10
58.86624336242678
 20
323.4502932201639
 10
58.83253573133904
 20
323.4574497596722
 10
58.7945182733872
 20
323.464166183608
 10
58.75248032438185
 20
323.4703913759299
 10
58.7067418184981
 20
323.4760779591654
 10
58.65765085338342
 20
323.4811826549825
 10
58.60558104092425
 20
323.4856666135636
 10
58.55092866383401
 20
323.4894957092764
 10
58.4941096597024
 20
323.4926408003905
 10
58.43555645545908
 20
323.4950779508636
 10
58.37571467634373
 20
323.4967886125088
 10
58.31503975442889
 20
323.4977597661581
 10
58.29677693358239
 20
323.4979054512607
  0
LINE
  5
548
330
4C9
100
AcDbEntity
  8
AM_9
100
AcDbLine
 10
11.86624336242675
 20
194.4138590901287
 30
0.0
 11
3.866243362426758
 21
194.4138590901287
 31
0.0
  0
LINE
  5
549
330
4C9
100
AcDbEntity
  8
AM_9
100
AcDbLine
 10
46.86624336242676
 20
323.5680448667986
 30
0.0
 11
58.2967769335825
 21
323.4979054512607
 31
0.0
  0
LINE
  5
54A
330
4C9
100
AcDbEntity
  8
AM_9
100
AcDbLine
 10
11.86624336242675
 20
199.5326139372472
 30
0.0
 11
3.866243362426758
 21
199.5326139372472
 31
0.0
  0
LINE
  5
54B
330
4C9
100
AcDbEntity
  8
AM_9
100
AcDbLine
 10
11.86624336242675
 20
199.3356523866447
 30
0.0
 11
3.866243362426758
 21
199.3356523866447
 31
0.0
  0
LINE
  5
54C
330
4C9
100
AcDbEntity
  8
AM_9
100
AcDbLine
 10
11.86624336242675
 20
199.5356523866447
 30
0.0
 11
3.866243362426758
 21
199.5356523866447
 31
0.0
  0
LWPOLYLINE
  5
54D
330
4C9
100
AcDbEntity
  8
AM_9
100
AcDbPolyline
 90
        4
 70
     0
 43
0.0
 10
58.86624336242676
 20
286.1278477958527
 10
58.71275546115427
 20
286.1044839488101
 10
58.50819478321499
 20
286.0847095954431
 10
58.2967769335825
 20
286.0809678534456
  0
LINE
  5
54E
330
4C9
100
AcDbEntity
  8
AM_9
100
AcDbLine
 10
37.82262397506143
 20
286.4735098599114
 30
0.0
 11
58.29677693358249
 21
286.0809678534456
 31
0.0
  0
LWPOLYLINE
  5
54F
330
4C9
100
AcDbEntity
  8
AM_9
100
AcDbPolyline
 90
        6
 70
     0
 43
0.0
 10
36.86624336242676
 20
285.5838022819534
 10
36.91739858120531
 20
285.9734800252508
 10
37.05580143802529
 20
286.2183225251634
 10
37.2613392402243
 20
286.3680977670969
 10
37.54406470854155
 20
286.453686028673
 10
37.82262397506142
 20
286.4735098599116
  0
LWPOLYLINE
  5
550
330
4C9
100
AcDbEntity
  8
AM_9
100
AcDbPolyline
 90
        8
 70
     0
 43
0.0
 10
37.82262397506142
 20
281.3144963504155
 10
37.53617130120276
 20
281.3356529518352
 10
37.28482703648705
 20
281.4090639279564
 10
37.0890961526035
 20
281.5360002527879
 10
36.95161581380545
 20
281.7269348810639
 10
36.8932049973437
 20
281.9067707926901
 10
36.86866172056519
 20
282.1057842628926
 10
36.86624336242675
 20
282.2042039283738
  0
LINE
  5
551
330
4C9
100
AcDbEntity
  8
AM_9
100
AcDbLine
 10
58.29677693358251
 20
281.7070383568815
 30
0.0
 11
37.82262397506145
 21
281.3144963504158
 31
0.0
  0
LWPOLYLINE
  5
552
330
4C9
100
AcDbEntity
  8
AM_9
100
AcDbPolyline
 90
        4
 70
     0
 43
0.0
 10
58.2967769335825
 20
281.7070383568815
 10
58.52155897184481
 20
281.7024738398439
 10
58.7182238784558
 20
281.6827950925148
 10
58.86624336242676
 20
281.6601584144745
  0
LWPOLYLINE
  5
553
330
4C9
100
AcDbEntity
  8
AM_9
100
AcDbPolyline
 90
        4
 70
     0
 43
0.0
 10
58.86624336242676
 20
226.1278477958527
 10
58.71275546115427
 20
226.1044839488101
 10
58.50819478321499
 20
226.0847095954431
 10
58.2967769335825
 20
226.0809678534455
  0
LINE
  5
554
330
4C9
100
AcDbEntity
  8
AM_9
100
AcDbLine
 10
37.8226239750614
 20
226.4735098599113
 30
0.0
 11
58.29677693358248
 21
226.0809678534455
 31
0.0
  0
LWPOLYLINE
  5
555
330
4C9
100
AcDbEntity
  8
AM_9
100
AcDbPolyline
 90
        6
 70
     0
 43
0.0
 10
36.86624336242676
 20
225.5838022819534
 10
36.91739858120532
 20
225.9734800252508
 10
37.05580143802531
 20
226.2183225251634
 10
37.26133924022432
 20
226.3680977670969
 10
37.54406470854155
 20
226.453686028673
 10
37.82262397506142
 20
226.4735098599116
  0
LWPOLYLINE
  5
556
330
4C9
100
AcDbEntity
  8
AM_9
100
AcDbPolyline
 90
        8
 70
     0
 43
0.0
 10
37.82262397506142
 20
221.3144963504155
 10
37.53617130120276
 20
221.3356529518352
 10
37.28482703648704
 20
221.4090639279564
 10
37.0890961526035
 20
221.5360002527879
 10
36.95161581380545
 20
221.7269348810639
 10
36.8932049973437
 20
221.9067707926901
 10
36.86866172056519
 20
222.1057842628926
 10
36.86624336242675
 20
222.2042039283737
  0
LINE
  5
557
330
4C9
100
AcDbEntity
  8
AM_9
100
AcDbLine
 10
58.29677693358251
 20
221.7070383568816
 30
0.0
 11
37.82262397506139
 21
221.3144963504159
 31
0.0
  0
LWPOLYLINE
  5
558
330
4C9
100
AcDbEntity
  8
AM_9
100
AcDbPolyline
 90
        4
 70
     0
 43
0.0
 10
58.2967769335825
 20
221.7070383568816
 10
58.52155897184481
 20
221.7024738398439
 10
58.7182238784558
 20
221.6827950925148
 10
58.86624336242676
 20
221.6601584144744
  0
LINE
  5
559
330
4C9
100
AcDbEntity
  8
AM_9
100
AcDbLine
 10
10.85751715920811
 20
333.8940031051636
 30
0.0
 11
10.85751715920811
 21
331.5940031051636
 31
0.0
  0
LINE
  5
55A
330
4C9
100
AcDbEntity
  8
AM_9
100
AcDbLine
 10
10.36624336242676
 20
333.8940031051636
 30
0.0
 11
10.36624336242676
 21
331.5940031051636
 31
0.0
  0
LINE
  5
55B
330
4C9
100
AcDbEntity
  8
AM_9
100
AcDbLine
 10
20.8749695656454
 20
333.8940031051636
 30
0.0
 11
20.8749695656454
 21
331.5940031051636
 31
0.0
  0
LINE
  5
55C
330
4C9
100
AcDbEntity
  8
AM_9
100
AcDbLine
 10
11.86624336242675
 20
199.1623272777594
 30
0.0
 11
3.866243362426758
 21
199.1623272777594
 31
0.0
  0
LINE
  5
55D
330
4C9
100
AcDbEntity
  8
AM_9
100
AcDbLine
 10
24.8649695656454
 20
186.1940031051636
 30
0.0
 11
24.8649695656454
 21
183.8940031051636
 31
0.0
  0
LINE
  5
55E
330
4C9
100
AcDbEntity
  8
AM_9
100
AcDbLine
 10
11.86624336242675
 20
198.965365727157
 30
0.0
 11
3.866243362426758
 21
198.965365727157
 31
0.0
  0
LINE
  5
55F
330
4C9
100
AcDbEntity
  8
AM_9
100
AcDbLine
 10
3.866243362426758
 20
194.0402315867559
 30
0.0
 11
11.86624336242675
 21
194.0402315867559
 31
0.0
  0
LWPOLYLINE
  5
560
330
4C9
100
AcDbEntity
  8
AM_9
100
AcDbPolyline
 90
        8
 70
     0
 43
0.0
 10
37.82262397506143
 20
196.3382824217168
 10
37.5478091853729
 20
196.3135437027672
 10
37.30691274872555
 20
196.2329288033753
 10
37.1164909337811
 20
196.0968944641772
 10
36.95164238882109
 20
195.8345575738035
 10
36.89272875259265
 20
195.6076562239947
 10
36.86897425092109
 20
195.3597567476437
 10
36.86624336242676
 20
195.2183345395544
  0
LWPOLYLINE
  5
561
330
4C9
100
AcDbEntity
  8
AM_9
100
AcDbPolyline
 90
        7
 70
     0
 43
0.0
 10
36.86624336242676
 20
252.5696716707727
 10
36.88270895048945
 20
252.250564451411
 10
36.94855371648507
 20
251.9617071834426
 10
37.0971356056321
 20
251.7114336421776
 10
37.35358492091834
 20
251.5335840591511
 10
37.64888083470392
 20
251.4585211491957
 10
37.82262397506143
 20
251.4497237886103
  0
LWPOLYLINE
  5
562
330
4C9
100
AcDbEntity
  8
AM_9
100
AcDbPolyline
 90
        8
 70
     0
 43
0.0
 10
37.82262397506143
 20
316.3382824217169
 10
37.5478091853729
 20
316.3135437027672
 10
37.30691274872555
 20
316.2329288033752
 10
37.1164909337811
 20
316.0968944641772
 10
36.95164238882109
 20
315.8345575738035
 10
36.89272875259265
 20
315.6076562239946
 10
36.86897425092109
 20
315.3597567476437
 10
36.86624336242676
 20
315.2183345395543
  0
LWPOLYLINE
  5
563
330
4C9
100
AcDbEntity
  8
AM_9
100
AcDbPolyline
 90
        7
 70
     0
 43
0.0
 10
36.86624336242676
 20
312.5696716707728
 10
36.88270895048945
 20
312.250564451411
 10
36.94855371648507
 20
311.9617071834427
 10
37.0971356056321
 20
311.7114336421777
 10
37.35358492091834
 20
311.5335840591511
 10
37.64888083470394
 20
311.4585211491958
 10
37.82262397506143
 20
311.4497237886102
  0
LWPOLYLINE
  5
564
330
4C9
100
AcDbEntity
  8
AM_9
100
AcDbPolyline
 90
        8
 70
     0
 43
0.0
 10
37.82262397506143
 20
256.3382824217168
 10
37.5478091853729
 20
256.3135437027672
 10
37.30691274872556
 20
256.2329288033753
 10
37.1164909337811
 20
256.0968944641772
 10
36.95164238882108
 20
255.8345575738035
 10
36.89272875259265
 20
255.6076562239946
 10
36.86897425092109
 20
255.3597567476437
 10
36.86624336242676
 20
255.2183345395544
  0
LWPOLYLINE
  5
565
330
4C9
100
AcDbEntity
  8
AM_9
100
AcDbPolyline
 90
        7
 70
     0
 43
0.0
 10
36.86624336242676
 20
192.5696716707727
 10
36.88270895048945
 20
192.250564451411
 10
36.94855371648507
 20
191.9617071834427
 10
37.0971356056321
 20
191.7114336421776
 10
37.35358492091833
 20
191.5335840591511
 10
37.64888083470392
 20
191.4585211491958
 10
37.82262397506143
 20
191.4497237886103
  0
LINE
  5
566
330
4C9
100
AcDbEntity
  8
AM_9
100
AcDbLine
 10
11.86624336242675
 20
193.7458131140981
 30
0.0
 11
3.866243362426758
 21
193.7458131140981
 31
0.0
  0
LINE
  5
567
330
4C9
100
AcDbEntity
  8
AM_9
100
AcDbLine
 10
58.29677693358247
 20
196.0108985574302
 30
0.0
 11
37.82262397506139
 21
196.3382824217168
 31
0.0
  0
LINE
  5
568
330
4C9
100
AcDbEntity
  8
AM_9
100
AcDbLine
 10
37.8226239750614
 20
251.4497237886103
 30
0.0
 11
58.29677693358249
 21
251.7771076528969
 31
0.0
  0
LINE
  5
569
330
4C9
100
AcDbEntity
  8
AM_9
100
AcDbLine
 10
37.82262397506139
 20
311.4497237886102
 30
0.0
 11
58.29677693358251
 21
311.7771076528968
 31
0.0
  0
LINE
  5
56A
330
4C9
100
AcDbEntity
  8
AM_9
100
AcDbLine
 10
58.2967769335825
 20
256.0108985574303
 30
0.0
 11
37.82262397506147
 21
256.3382824217168
 31
0.0
  0
LINE
  5
56B
330
4C9
100
AcDbEntity
  8
AM_9
100
AcDbLine
 10
58.29677693358251
 20
324.2263073677059
 30
0.0
 11
46.86624336242676
 21
324.1561679521681
 31
0.0
  0
LINE
  5
56C
330
4C9
100
AcDbEntity
  8
AM_9
100
AcDbLine
 10
58.29677693358256
 20
316.0108985574303
 30
0.0
 11
37.82262397506145
 21
316.3382824217169
 31
0.0
  0
LINE
  5
56D
330
4C9
100
AcDbEntity
  8
AM_9
100
AcDbLine
 10
37.8226239750614
 20
191.4497237886103
 30
0.0
 11
58.2967769335825
 21
191.7771076528969
 31
0.0
  0
LINE
  5
56E
330
4C9
100
AcDbEntity
  8
AM_9
100
AcDbLine
 10
11.86624336242675
 20
198.8626139372471
 30
0.0
 11
3.866243362426758
 21
198.8626139372471
 31
0.0
  0
LINE
  5
56F
330
4C9
100
AcDbEntity
  8
AM_9
100
AcDbLine
 10
8.156958022424618
 20
198.6656523866447
 30
0.0
 11
3.866243362426758
 21
198.6656523866447
 31
0.0
  0
LINE
  5
570
330
4C9
100
AcDbEntity
  8
AM_9
100
AcDbLine
 10
11.86624336242675
 20
198.6656523866447
 30
0.0
 11
8.975528702428896
 21
198.6656523866447
 31
0.0
  0
LINE
  5
571
330
4C9
100
AcDbEntity
  8
AM_9
100
AcDbLine
 10
11.86624336242675
 20
198.8656523866447
 30
0.0
 11
3.866243362426758
 21
198.8656523866447
 31
0.0
  0
LWPOLYLINE
  5
572
330
4C9
100
AcDbEntity
  8
AM_9
100
AcDbPolyline
 90
        4
 70
     0
 43
0.0
 10
58.86624336242676
 20
311.6958978017187
 10
58.71180822151262
 20
311.7372714129079
 10
58.50466986428739
 20
311.769354124467
 10
58.2967769335825
 20
311.7771076528968
  0
LWPOLYLINE
  5
573
330
4C9
100
AcDbEntity
  8
AM_9
100
AcDbPolyline
 90
        4
 70
     0
 43
0.0
 10
58.2967769335825
 20
256.0108985574302
 10
58.51702063582557
 20
256.019874302513
 10
58.70978584342976
 20
256.0502993149771
 10
58.86624336242676
 20
256.0921084086085
  0
LWPOLYLINE
  5
574
330
4C9
100
AcDbEntity
  8
AM_9
100
AcDbPolyline
 90
        4
 70
     0
 43
0.0
 10
58.2967769335825
 20
196.0108985574307
 10
58.51702063582557
 20
196.019874302513
 10
58.70978584342976
 20
196.0502993149771
 10
58.86624336242676
 20
196.0921084086085
  0
LWPOLYLINE
  5
575
330
4C9
100
AcDbEntity
  8
AM_9
100
AcDbPolyline
 90
        4
 70
     0
 43
0.0
 10
58.86624336242676
 20
251.6958978017186
 10
58.71180822151262
 20
251.7372714129079
 10
58.50466986428739
 20
251.769354124467
 10
58.2967769335825
 20
251.7771076528969
  0
LWPOLYLINE
  5
576
330
4C9
100
AcDbEntity
  8
AM_9
100
AcDbPolyline
 90
        4
 70
     0
 43
0.0
 10
58.86624336242676
 20
191.6958978017186
 10
58.71180822151262
 20
191.737271412908
 10
58.50466986428739
 20
191.769354124467
 10
58.2967769335825
 20
191.7771076528965
  0
LWPOLYLINE
  5
577
330
4C9
100
AcDbEntity
  8
AM_9
100
AcDbPolyline
 90
       13
 70
     0
 43
0.0
 10
58.29677693358251
 20
324.2263073677059
 10
58.3576116969808
 20
324.2270553755191
 10
58.41775109218344
 20
324.2285456983542
 10
58.47673742207976
 20
324.2307669939547
 10
58.53412176508233
 20
324.2337023569197
 10
58.5894673916913
 20
324.2373294473648
 10
58.64235308826955
 20
324.2416206609415
 10
58.69237636273288
 20
324.2465433389233
 10
58.73915650775774
 20
324.2520600167585
 10
58.78233749819386
 20
324.2581287091977
 10
58.82159070063064
 20
324.264703229827
 10
58.8566173744958
 20
324.2717335425746
 10
58.86624336242677
 20
324.2739195988026
  0
LWPOLYLINE
  5
578
330
4C9
100
AcDbEntity
  8
AM_9
100
AcDbPolyline
 90
        4
 70
     0
 43
0.0
 10
58.2967769335825
 20
316.0108985574303
 10
58.51702063582557
 20
316.019874302513
 10
58.70978584342976
 20
316.0502993149771
 10
58.86624336242676
 20
316.0921084086085
  0
LWPOLYLINE
  5
579
330
4C9
100
AcDbEntity
  8
AM_9
100
AcDbPolyline
 90
       13
 70
     0
 43
0.0
 10
58.86624336242678
 20
324.393322221017
 10
58.83253573133904
 20
324.4004787605252
 10
58.7945182733872
 20
324.4071951844611
 10
58.75248032438185
 20
324.413420376783
 10
58.7067418184981
 20
324.4191069600186
 10
58.65765085338342
 20
324.4242116558355
 10
58.60558104092425
 20
324.4286956144166
 10
58.55092866383401
 20
324.4325247101294
 10
58.4941096597024
 20
324.4356698012436
 10
58.43555645545908
 20
324.4381069517166
 10
58.37571467634373
 20
324.4398176133618
 10
58.31503975442889
 20
324.4407887670112
 10
58.29677693358248
 20
324.4409344521138
  0
LINE
  5
57A
330
4C9
100
AcDbEntity
  8
AM_9
100
AcDbLine
 10
11.86624336242675
 20
198.4923272777594
 30
0.0
 11
3.866243362426758
 21
198.4923272777594
 31
0.0
  0
LINE
  5
57B
330
4C9
100
AcDbEntity
  8
AM_9
100
AcDbLine
 10
46.86624336242676
 20
324.5110738676516
 30
0.0
 11
58.2967769335825
 21
324.4409344521138
 31
0.0
  0
LINE
  5
57C
330
4C9
100
AcDbEntity
  8
AM_9
100
AcDbLine
 10
11.86624336242675
 20
198.2953657271569
 30
0.0
 11
3.866243362426758
 21
198.2953657271569
 31
0.0
  0
LINE
  5
57D
330
4C9
100
AcDbEntity
  8
AM_9
100
AcDbLine
 10
3.866243362426758
 20
193.3721856107252
 30
0.0
 11
11.86624336242675
 21
193.3721856107252
 31
0.0
  0
LINE
  5
57E
330
4C9
100
AcDbEntity
  8
AM_9
100
AcDbLine
 10
58.29677693358248
 20
311.7373319420665
 30
0.0
 11
37.82262397506149
 21
311.3753751793653
 31
0.0
  0
LWPOLYLINE
  5
57F
330
4C9
100
AcDbEntity
  8
AM_9
100
AcDbPolyline
 90
        4
 70
     0
 43
0.0
 10
58.2967769335825
 20
311.7373319420662
 10
58.51960406317996
 20
311.7306656831595
 10
58.7146046640102
 20
311.7058353156331
 10
58.86624336242676
 20
311.6744911040385
  0
LWPOLYLINE
  5
580
330
4C9
100
AcDbEntity
  8
AM_9
100
AcDbPolyline
 90
        4
 70
     0
 43
0.0
 10
58.86624336242676
 20
316.1135151062886
 10
58.71232638248436
 20
316.0817797957047
 10
58.50667386706574
 20
316.0563174441578
 10
58.2967769335825
 20
316.050674268261
  0
LINE
  5
581
330
4C9
100
AcDbEntity
  8
AM_9
100
AcDbLine
 10
37.82262397506142
 20
316.4126310309618
 30
0.0
 11
58.29677693358246
 21
316.0506742682606
 31
0.0
  0
LINE
  5
582
330
4C9
100
AcDbEntity
  8
AM_9
100
AcDbLine
 10
58.29677693358245
 20
191.7373319420666
 30
0.0
 11
37.82262397506139
 21
191.3753751793653
 31
0.0
  0
LWPOLYLINE
  5
583
330
4C9
100
AcDbEntity
  8
AM_9
100
AcDbPolyline
 90
        4
 70
     0
 43
0.0
 10
58.2967769335825
 20
191.7373319420662
 10
58.51960406317996
 20
191.7306656831595
 10
58.7146046640102
 20
191.7058353156331
 10
58.86624336242676
 20
191.6744911040385
  0
LWPOLYLINE
  5
584
330
4C9
100
AcDbEntity
  8
AM_9
100
AcDbPolyline
 90
        4
 70
     0
 43
0.0
 10
58.86624336242676
 20
196.1135151062886
 10
58.71232638248436
 20
196.0817797957047
 10
58.50667386706571
 20
196.0563174441578
 10
58.2967769335825
 20
196.050674268261
  0
LINE
  5
585
330
4C9
100
AcDbEntity
  8
AM_9
100
AcDbLine
 10
37.8226239750614
 20
196.4126310309618
 30
0.0
 11
58.29677693358248
 21
196.0506742682605
 31
0.0
  0
LINE
  5
586
330
4C9
100
AcDbEntity
  8
AM_9
100
AcDbLine
 10
58.29677693358246
 20
251.7373319420666
 30
0.0
 11
37.82262397506146
 21
251.3753751793653
 31
0.0
  0
LWPOLYLINE
  5
587
330
4C9
100
AcDbEntity
  8
AM_9
100
AcDbPolyline
 90
        4
 70
     0
 43
0.0
 10
58.2967769335825
 20
251.7373319420662
 10
58.51960406317996
 20
251.7306656831595
 10
58.7146046640102
 20
251.7058353156331
 10
58.86624336242676
 20
251.6744911040385
  0
LWPOLYLINE
  5
588
330
4C9
100
AcDbEntity
  8
AM_9
100
AcDbPolyline
 90
        4
 70
     0
 43
0.0
 10
58.86624336242676
 20
256.1135151062886
 10
58.71232638248436
 20
256.0817797957047
 10
58.50667386706572
 20
256.0563174441578
 10
58.2967769335825
 20
256.0506742682609
  0
LINE
  5
589
330
4C9
100
AcDbEntity
  8
AM_9
100
AcDbLine
 10
37.82262397506144
 20
256.4126310309618
 30
0.0
 11
58.29677693358248
 21
256.0506742682605
 31
0.0
  0
LINE
  5
58A
330
4C9
100
AcDbEntity
  8
AM_9
100
AcDbLine
 10
11.86624336242675
 20
193.0777671380675
 30
0.0
 11
3.866243362426758
 21
193.0777671380675
 31
0.0
  0
LINE
  5
58B
330
4C9
100
AcDbEntity
  8
AM_9
100
AcDbLine
 10
11.86624336242675
 20
198.1926139372472
 30
0.0
 11
3.866243362426758
 21
198.1926139372472
 31
0.0
  0
LINE
  5
58C
330
4C9
100
AcDbEntity
  8
AM_9
100
AcDbLine
 10
11.86624336242675
 20
197.9956523866447
 30
0.0
 11
3.866243362426758
 21
197.9956523866447
 31
0.0
  0
LINE
  5
58D
330
4C9
100
AcDbEntity
  8
AM_9
100
AcDbLine
 10
11.86624336242675
 20
198.1956523866447
 30
0.0
 11
3.866243362426758
 21
198.1956523866447
 31
0.0
  0
LWPOLYLINE
  5
58E
330
4C9
100
AcDbEntity
  8
AM_9
100
AcDbPolyline
 90
        8
 70
     0
 43
0.0
 10
37.82262397506143
 20
226.3858783884763
 10
37.54375241953851
 20
226.362295692054
 10
37.29919515478984
 20
226.2839496078164
 10
37.10681889971245
 20
226.1507151657026
 10
36.94473093454054
 20
225.8973749448417
 10
36.88865232440082
 20
225.6806507192632
 10
36.86759512717907
 20
225.4433083599472
 10
36.86624336242676
 20
225.3529964394151
  0
LWPOLYLINE
  5
58F
330
4C9
100
AcDbEntity
  8
AM_9
100
AcDbPolyline
 90
        8
 70
     0
 43
0.0
 10
37.82262397506143
 20
286.385878388476
 10
37.54375241953851
 20
286.362295692054
 10
37.29919515478984
 20
286.2839496078163
 10
37.10681889971245
 20
286.1507151657025
 10
36.94473093454055
 20
285.8973749448417
 10
36.88865232440082
 20
285.6806507192632
 10
36.86759512717907
 20
285.4433083599472
 10
36.86624336242675
 20
285.3529964394151
  0
LINE
  5
590
330
4C9
100
AcDbEntity
  8
AM_9
100
AcDbLine
 10
58.29677693358255
 20
226.036673983017
 30
0.0
 11
37.8226239750614
 21
226.385878388476
 31
0.0
  0
LINE
  5
591
330
4C9
100
AcDbEntity
  8
AM_9
100
AcDbLine
 10
37.8226239750614
 20
281.4021278218511
 30
0.0
 11
58.2967769335825
 21
281.75133222731
 31
0.0
  0
LINE
  5
592
330
4C9
100
AcDbEntity
  8
AM_9
100
AcDbLine
 10
58.2967769335825
 20
325.169336368559
 30
0.0
 11
46.86624336242676
 21
325.0991969530211
 31
0.0
  0
LINE
  5
593
330
4C9
100
AcDbEntity
  8
AM_9
100
AcDbLine
 10
58.29677693358251
 20
286.0366739830172
 30
0.0
 11
37.82262397506143
 21
286.385878388476
 31
0.0
  0
LINE
  5
594
330
4C9
100
AcDbEntity
  8
AM_9
100
AcDbLine
 10
37.82262397506143
 20
221.4021278218512
 30
0.0
 11
58.29677693358251
 21
221.7513322273101
 31
0.0
  0
LINE
  5
595
330
4C9
100
AcDbEntity
  8
AM_9
100
AcDbLine
 10
11.86624336242675
 20
197.8223272777594
 30
0.0
 11
3.866243362426758
 21
197.8223272777593
 31
0.0
  0
LINE
  5
596
330
4C9
100
AcDbEntity
  8
AM_9
100
AcDbLine
 10
11.86624336242675
 20
197.6253657271569
 30
0.0
 11
3.866243362426758
 21
197.6253657271569
 31
0.0
  0
LINE
  5
597
330
4C9
100
AcDbEntity
  8
AM_9
100
AcDbLine
 10
3.866243362426758
 20
192.7041396346947
 30
0.0
 11
11.86624336242675
 21
192.7041396346947
 31
0.0
  0
LWPOLYLINE
  5
598
330
4C9
100
AcDbEntity
  8
AM_9
100
AcDbPolyline
 90
        4
 70
     0
 43
0.0
 10
58.86624336242676
 20
221.6817576277926
 10
58.71214133934843
 20
221.7170253047911
 10
58.50597494165342
 20
221.7449047103379
 10
58.2967769335825
 20
221.7513322273101
  0
LWPOLYLINE
  5
599
330
4C9
100
AcDbEntity
  8
AM_9
100
AcDbPolyline
 90
       13
 70
     0
 43
0.0
 10
58.29677693358249
 20
325.169336368559
 10
58.35761169698078
 20
325.1700843763721
 10
58.41775109218342
 20
325.1715746992072
 10
58.47673742207974
 20
325.1737959948077
 10
58.5341217650823
 20
325.1767313577728
 10
58.58946739169127
 20
325.1803584482178
 10
58.64235308826952
 20
325.1846496617945
 10
58.69237636273284
 20
325.1895723397764
 10
58.73915650775771
 20
325.1950890176116
 10
58.78233749819383
 20
325.2011577100508
 10
58.82159070063061
 20
325.2077322306801
 10
58.85661737449577
 20
325.2147625434277
 10
58.86624336242674
 20
325.2169485996557
  0
LWPOLYLINE
  5
59A
330
4C9
100
AcDbEntity
  8
AM_9
100
AcDbPolyline
 90
        4
 70
     0
 43
0.0
 10
58.2967769335825
 20
286.0366739830172
 10
58.51869610858404
 20
286.0442011871461
 10
58.71291514656437
 20
286.0711262147129
 10
58.86624336242676
 20
286.1062485825345
  0
LWPOLYLINE
  5
59B
330
4C9
100
AcDbEntity
  8
AM_9
100
AcDbPolyline
 90
        4
 70
     0
 43
0.0
 10
58.2967769335825
 20
226.036673983017
 10
58.51869610858404
 20
226.0442011871461
 10
58.71291514656437
 20
226.0711262147129
 10
58.86624336242676
 20
226.1062485825345
  0
LWPOLYLINE
  5
59C
330
4C9
100
AcDbEntity
  8
AM_9
100
AcDbPolyline
 90
        4
 70
     0
 43
0.0
 10
58.86624336242676
 20
281.6817576277926
 10
58.71214133934843
 20
281.7170253047911
 10
58.50597494165342
 20
281.7449047103379
 10
58.2967769335825
 20
281.75133222731
  0
LINE
  5
59D
330
4C9
100
AcDbEntity
  8
AM_9
100
AcDbLine
 10
19.37624336242676
 20
186.1940031051636
 30
0.0
 11
19.37624336242676
 21
183.8940031051636
 31
0.0
  0
LINE
  5
59E
330
4C9
100
AcDbEntity
  8
AM_9
100
AcDbLine
 10
20.37624336242674
 20
186.1940031051636
 30
0.0
 11
20.37624336242674
 21
183.8940031051636
 31
0.0
  0
LINE
  5
59F
330
4C9
100
AcDbEntity
  8
AM_9
100
AcDbLine
 10
15.37624336242676
 20
333.8940031051636
 30
0.0
 11
15.37624336242676
 21
331.5940031051636
 31
0.0
  0
LINE
  5
5A0
330
4C9
100
AcDbEntity
  8
AM_9
100
AcDbLine
 10
16.37624336242674
 20
333.8940031051636
 30
0.0
 11
16.37624336242674
 21
331.5940031051636
 31
0.0
  0
LINE
  5
5A1
330
4C9
100
AcDbEntity
  8
AM_9
100
AcDbLine
 10
22.33624336242676
 20
186.1940031051636
 30
0.0
 11
22.33624336242676
 21
183.8940031051636
 31
0.0
  0
LINE
  5
5A2
330
4C9
100
AcDbEntity
  8
AM_9
100
AcDbLine
 10
21.33624336242676
 20
186.1940031051636
 30
0.0
 11
21.33624336242676
 21
183.8940031051636
 31
0.0
  0
LINE
  5
5A3
330
4C9
100
AcDbEntity
  8
AM_9
100
AcDbLine
 10
17.33624336242676
 20
333.8940031051636
 30
0.0
 11
17.33624336242676
 21
331.5940031051636
 31
0.0
  0
LINE
  5
5A4
330
4C9
100
AcDbEntity
  8
AM_9
100
AcDbLine
 10
18.33624336242675
 20
333.8940031051636
 30
0.0
 11
18.33624336242675
 21
331.5940031051636
 31
0.0
  0
LWPOLYLINE
  5
5A5
330
4C9
100
AcDbEntity
  8
AM_9
100
AcDbPolyline
 90
       13
 70
     0
 43
0.0
 10
58.86624336242676
 20
325.33635122187
 10
58.83253573133902
 20
325.3435077613782
 10
58.79451827338719
 20
325.3502241853141
 10
58.75248032438183
 20
325.3564493776361
 10
58.70674181849808
 20
325.3621359608716
 10
58.65765085338339
 20
325.3672406566886
 10
58.60558104092422
 20
325.3717246152697
 10
58.55092866383399
 20
325.3755537109825
 10
58.49410965970237
 20
325.3786988020967
 10
58.43555645545905
 20
325.3811359525697
 10
58.3757146763437
 20
325.3828466142148
 10
58.31503975442887
 20
325.3838177678642
 10
58.29677693358248
 20
325.3839634529668
  0
LINE
  5
5A6
330
4C9
100
AcDbEntity
  8
AM_9
100
AcDbLine
 10
11.86624336242675
 20
192.4097211620369
 30
0.0
 11
3.866243362426758
 21
192.4097211620368
 31
0.0
  0
LINE
  5
5A7
330
4C9
100
AcDbEntity
  8
AM_9
100
AcDbLine
 10
27.36624336242676
 20
186.1940031051636
 30
0.0
 11
27.36624336242676
 21
183.8940031051636
 31
0.0
  0
LINE
  5
5A8
330
4C9
100
AcDbEntity
  8
AM_9
100
AcDbLine
 10
27.86624336242676
 20
186.1940031051636
 30
0.0
 11
27.86624336242676
 21
183.8940031051636
 31
0.0
  0
LINE
  5
5A9
330
4C9
100
AcDbEntity
  8
AM_9
100
AcDbLine
 10
23.87624336242676
 20
333.8940031051636
 30
0.0
 11
23.87624336242676
 21
331.5940031051636
 31
0.0
  0
LINE
  5
5AA
330
4C9
100
AcDbEntity
  8
AM_9
100
AcDbLine
 10
23.37624336242676
 20
333.8940031051636
 30
0.0
 11
23.37624336242676
 21
331.5940031051636
 31
0.0
  0
LINE
  5
5AB
330
4C9
100
AcDbEntity
  8
AM_9
100
AcDbLine
 10
19.0362433624268
 20
186.1940031051636
 30
0.0
 11
19.0362433624268
 21
183.8940031051636
 31
0.0
  0
LINE
  5
5AC
330
4C9
100
AcDbEntity
  8
AM_9
100
AcDbLine
 10
18.73624336242676
 20
186.1940031051636
 30
0.0
 11
18.73624336242676
 21
183.8940031051636
 31
0.0
  0
LINE
  5
5AD
330
4C9
100
AcDbEntity
  8
AM_9
100
AcDbLine
 10
15.03624336242679
 20
333.8940031051636
 30
0.0
 11
15.03624336242679
 21
331.5940031051636
 31
0.0
  0
LINE
  5
5AE
330
4C9
100
AcDbEntity
  8
AM_9
100
AcDbLine
 10
14.73624336242676
 20
333.8940031051636
 30
0.0
 11
14.73624336242676
 21
331.5940031051636
 31
0.0
  0
LINE
  5
5AF
330
4C9
100
AcDbEntity
  8
AM_9
100
AcDbLine
 10
18.50624336242677
 20
333.8940031051636
 30
0.0
 11
18.50624336242677
 21
331.5940031051636
 31
0.0
  0
LINE
  5
5B0
330
4C9
100
AcDbEntity
  8
AM_9
100
AcDbLine
 10
18.20624336242676
 20
333.8940031051636
 30
0.0
 11
18.20624336242676
 21
331.5940031051636
 31
0.0
  0
LINE
  5
5B1
330
4C9
100
AcDbEntity
  8
AM_9
100
AcDbLine
 10
22.50624336242677
 20
186.1940031051636
 30
0.0
 11
22.50624336242677
 21
183.8940031051636
 31
0.0
  0
LINE
  5
5B2
330
4C9
100
AcDbEntity
  8
AM_9
100
AcDbLine
 10
46.86624336242676
 20
325.4541028685047
 30
0.0
 11
58.2967769335825
 21
325.3839634529668
 31
0.0
  0
LINE
  5
5B3
330
4C9
100
AcDbEntity
  8
AM_9
100
AcDbLine
 10
11.86624336242675
 20
197.5226139372472
 30
0.0
 11
3.866243362426758
 21
197.5226139372472
 31
0.0
  0
LINE
  5
5B4
330
4C9
100
AcDbEntity
  8
AM_9
100
AcDbLine
 10
11.86624336242675
 20
197.3256523866447
 30
0.0
 11
3.866243362426758
 21
197.3256523866447
 31
0.0
  0
LINE
  5
5B5
330
4C9
100
AcDbEntity
  8
AM_9
100
AcDbLine
 10
11.86624336242675
 20
197.5256523866447
 30
0.0
 11
3.866243362426758
 21
197.5256523866447
 31
0.0
  0
LINE
  5
5B6
330
4C9
100
AcDbEntity
  8
AM_9
100
AcDbLine
 10
26.36624336242676
 20
186.1940031051636
 30
0.0
 11
26.36624336242676
 21
183.8940031051636
 31
0.0
  0
LINE
  5
5B7
330
4C9
100
AcDbEntity
  8
AM_9
100
AcDbLine
 10
22.37624336242676
 20
333.8940031051636
 30
0.0
 11
22.37624336242676
 21
331.5940031051636
 31
0.0
  0
LINE
  5
5B8
330
4C9
100
AcDbEntity
  8
AM_9
100
AcDbLine
 10
3.752243601051081
 20
328.8940031051636
 30
0.0
 11
9.066243362426757
 21
328.8940031051636
 31
0.0
  0
LINE
  5
5B9
330
4C9
100
AcDbEntity
  8
AM_9
100
AcDbLine
 10
9.066243362426757
 20
328.8940031051636
 30
0.0
 11
9.06624336242676
 21
333.8940031051636
 31
0.0
  0
LINE
  5
5BA
330
4C9
100
AcDbEntity
  8
AM_9
100
AcDbLine
 10
6.566243362426754
 20
328.8940031051636
 30
0.0
 11
6.566243362426754
 21
333.8940031051636
 31
0.0
  0
LWPOLYLINE
  5
5BB
330
4C9
100
AcDbEntity
  8
AM_9
100
AcDbPolyline
 90
        7
 70
     0
 43
0.0
 10
36.86624336242676
 20
285.2997834809472
 10
36.88284372260042
 20
285.6000638874781
 10
36.94730695659415
 20
285.8714791523207
 10
37.09729479835725
 20
286.1152454260309
 10
37.35485063432448
 20
286.2868002333012
 10
37.64973045739274
 20
286.3585028114832
 10
37.82262397506142
 20
286.3667199713224
  0
LWPOLYLINE
  5
5BC
330
4C9
100
AcDbEntity
  8
AM_9
100
AcDbPolyline
 90
        8
 70
     0
 43
0.0
 10
37.82262397506142
 20
281.4212862390048
 10
37.54539024245879
 20
281.4453464685091
 10
37.3023085218002
 20
281.5246368744798
 10
37.11070774530709
 20
281.6590459104291
 10
36.94747641601645
 20
281.9160819114805
 10
36.89024018410807
 20
282.136969801798
 10
36.86808650630842
 20
282.3786408465392
 10
36.86624336242675
 20
282.4882227293799
  0
LINE
  5
5BD
330
4C9
100
AcDbEntity
  8
AM_9
100
AcDbLine
 10
58.29677693358254
 20
281.7615815960363
 30
0.0
 11
37.82262397506149
 21
281.4212862390048
 31
0.0
  0
LWPOLYLINE
  5
5BE
330
4C9
100
AcDbEntity
  8
AM_9
100
AcDbPolyline
 90
        4
 70
     0
 43
0.0
 10
58.2967769335825
 20
281.761581596036
 10
58.51803033009449
 20
281.7534590397692
 10
58.71167335878422
 20
281.7250916262003
 10
58.86624336242676
 20
281.6872739605129
  0
LWPOLYLINE
  5
5BF
330
4C9
100
AcDbEntity
  8
AM_9
100
AcDbPolyline
 90
        4
 70
     0
 43
0.0
 10
58.86624336242676
 20
286.1007322498143
 10
58.71200828863957
 20
286.062981248139
 10
58.50545986720618
 20
286.0333962470838
 10
58.2967769335825
 20
286.0264246142912
  0
LINE
  5
5C0
330
4C9
100
AcDbEntity
  8
AM_9
100
AcDbLine
 10
37.82262397506142
 20
286.3667199713224
 30
0.0
 11
58.2967769335825
 21
286.0264246142908
 31
0.0
  0
LWPOLYLINE
  5
5C1
330
4C9
100
AcDbEntity
  8
AM_9
100
AcDbPolyline
 90
        7
 70
     0
 43
0.0
 10
36.86624336242676
 20
225.2997834809472
 10
36.88284372260041
 20
225.6000638874781
 10
36.94730695659415
 20
225.8714791523207
 10
37.09729479835723
 20
226.1152454260309
 10
37.35485063432444
 20
226.2868002333012
 10
37.64973045739269
 20
226.3585028114832
 10
37.82262397506142
 20
226.3667199713223
  0
LWPOLYLINE
  5
5C2
330
4C9
100
AcDbEntity
  8
AM_9
100
AcDbPolyline
 90
        8
 70
     0
 43
0.0
 10
37.82262397506142
 20
221.4212862390048
 10
37.54539024245879
 20
221.4453464685091
 10
37.30230852180019
 20
221.5246368744798
 10
37.1107077453071
 20
221.659045910429
 10
36.94747641601646
 20
221.9160819114805
 10
36.89024018410807
 20
222.136969801798
 10
36.86808650630842
 20
222.3786408465392
 10
36.86624336242676
 20
222.4882227293799
  0
LINE
  5
5C3
330
4C9
100
AcDbEntity
  8
AM_9
100
AcDbLine
 10
58.29677693358256
 20
221.7615815960364
 30
0.0
 11
37.82262397506147
 21
221.4212862390048
 31
0.0
  0
LWPOLYLINE
  5
5C4
330
4C9
100
AcDbEntity
  8
AM_9
100
AcDbPolyline
 90
        4
 70
     0
 43
0.0
 10
58.2967769335825
 20
221.761581596036
 10
58.51803033009449
 20
221.7534590397691
 10
58.71167335878422
 20
221.7250916262003
 10
58.86624336242676
 20
221.6872739605129
  0
LWPOLYLINE
  5
5C5
330
4C9
100
AcDbEntity
  8
AM_9
100
AcDbPolyline
 90
        4
 70
     0
 43
0.0
 10
58.86624336242676
 20
226.1007322498143
 10
58.71200828863957
 20
226.062981248139
 10
58.50545986720618
 20
226.0333962470837
 10
58.2967769335825
 20
226.0264246142912
  0
LINE
  5
5C6
330
4C9
100
AcDbEntity
  8
AM_9
100
AcDbLine
 10
37.8226239750614
 20
226.3667199713223
 30
0.0
 11
58.29677693358251
 21
226.0264246142907
 31
0.0
  0
LINE
  5
5C7
330
4C9
100
AcDbEntity
  8
AM_9
100
AcDbLine
 10
11.86624336242675
 20
197.1523272777594
 30
0.0
 11
3.866243362426758
 21
197.1523272777594
 31
0.0
  0
LINE
  5
5C8
330
4C9
100
AcDbEntity
  8
AM_9
100
AcDbLine
 10
3.866243362426758
 20
192.036093658664
 30
0.0
 11
11.86624336242675
 21
192.036093658664
 31
0.0
  0
LINE
  5
5C9
330
4C9
100
AcDbEntity
  8
AM_9
100
AcDbLine
 10
11.86624336242675
 20
196.955365727157
 30
0.0
 11
3.866243362426758
 21
196.955365727157
 31
0.0
  0
LWPOLYLINE
  5
5CA
330
4C9
100
AcDbEntity
  8
AM_9
100
AcDbPolyline
 90
        8
 70
     0
 43
0.0
 10
37.82262397506142
 20
316.4181380982807
 10
37.54097917323453
 20
316.3953997996068
 10
37.29393093914425
 20
316.3187464170106
 10
37.10028308239752
 20
316.1876451962423
 10
36.9611066842424
 20
315.9901095149303
 10
36.89887829039375
 20
315.7998379182886
 10
36.87082102531815
 20
315.589814167617
 10
36.86624336242676
 20
315.4400889395995
  0
LINE
  5
5CB
330
4C9
100
AcDbEntity
  8
AM_9
100
AcDbLine
 10
37.82262397506142
 20
333.8940031051636
 30
0.0
 11
37.82262397506142
 21
183.8940031051636
 31
0.0
  0
LINE
  5
5CC
330
4C9
100
AcDbEntity
  8
AM_9
100
AcDbLine
 10
36.86624336242676
 20
333.8940031051636
 30
0.0
 11
36.86624336242676
 21
183.8940031051636
 31
0.0
  0
LWPOLYLINE
  5
5CD
330
4C9
100
AcDbEntity
  8
AM_9
100
AcDbPolyline
 90
        8
 70
     0
 43
0.0
 10
37.82262397506142
 20
196.418138098281
 10
37.54097917323453
 20
196.3953997996068
 10
37.29393093914425
 20
196.3187464170106
 10
37.10028308239752
 20
196.1876451962423
 10
36.96110668424241
 20
195.9901095149303
 10
36.89887829039375
 20
195.7998379182886
 10
36.87082102531815
 20
195.5898141676171
 10
36.86624336242676
 20
195.4400889395995
  0
LWPOLYLINE
  5
5CE
330
4C9
100
AcDbEntity
  8
AM_9
100
AcDbPolyline
 90
        7
 70
     0
 43
0.0
 10
36.86624336242676
 20
252.3479172707276
 10
36.88278385855696
 20
252.079327437746
 10
36.94420692507206
 20
251.8370632626868
 10
37.09588091833258
 20
251.6046581314795
 10
37.35453807069823
 20
251.4437349258383
 10
37.64888293589353
 20
251.3772911105185
 10
37.82262397506142
 20
251.3698681120464
  0
LWPOLYLINE
  5
5CF
330
4C9
100
AcDbEntity
  8
AM_9
100
AcDbPolyline
 90
        8
 70
     0
 43
0.0
 10
37.82262397506142
 20
256.4181380982806
 10
37.54097917323453
 20
256.3953997996068
 10
37.29393093914425
 20
256.3187464170106
 10
37.10028308239752
 20
256.1876451962423
 10
36.96110668424241
 20
255.9901095149303
 10
36.89887829039375
 20
255.7998379182886
 10
36.87082102531815
 20
255.5898141676171
 10
36.86624336242676
 20
255.4400889395995
  0
LWPOLYLINE
  5
5D0
330
4C9
100
AcDbEntity
  8
AM_9
100
AcDbPolyline
 90
        7
 70
     0
 43
0.0
 10
36.86624336242676
 20
312.3479172707276
 10
36.88278385855696
 20
312.079327437746
 10
36.94420692507205
 20
311.8370632626869
 10
37.09588091833255
 20
311.6046581314795
 10
37.35453807069818
 20
311.4437349258384
 10
37.64888293589349
 20
311.3772911105186
 10
37.82262397506142
 20
311.3698681120464
  0
LWPOLYLINE
  5
5D1
330
4C9
100
AcDbEntity
  8
AM_9
100
AcDbPolyline
 90
        7
 70
     0
 43
0.0
 10
36.86624336242676
 20
192.3479172707276
 10
36.88278385855696
 20
192.079327437746
 10
36.94420692507206
 20
191.8370632626868
 10
37.09588091833257
 20
191.6046581314795
 10
37.3545380706982
 20
191.4437349258383
 10
37.64888293589352
 20
191.3772911105185
 10
37.82262397506142
 20
191.3698681120461
  0
LINE
  5
5D2
330
4C9
100
AcDbEntity
  8
AM_9
100
AcDbLine
 10
25.35624336242676
 20
186.1940031051636
 30
0.0
 11
25.35624336242676
 21
183.8940031051636
 31
0.0
  0
LINE
  5
5D3
330
4C9
100
AcDbEntity
  8
AM_9
100
AcDbLine
 10
21.87624336242676
 20
333.8940031051636
 30
0.0
 11
21.87624336242676
 21
331.5940031051636
 31
0.0
  0
LINE
  5
5D4
330
4C9
100
AcDbEntity
  8
AM_9
100
AcDbLine
 10
21.36624336242676
 20
333.8940031051636
 30
0.0
 11
21.36624336242676
 21
331.5940031051636
 31
0.0
  0
LINE
  5
5D5
330
4C9
100
AcDbEntity
  8
AM_9
100
AcDbLine
 10
25.86624336242676
 20
186.1940031051636
 30
0.0
 11
25.86624336242676
 21
183.8940031051636
 31
0.0
  0
LINE
  5
5D6
330
4C9
100
AcDbEntity
  8
AM_9
100
AcDbLine
 10
11.86624336242675
 20
191.7416751860063
 30
0.0
 11
3.866243362426758
 21
191.7416751860063
 31
0.0
  0
LINE
  5
5D7
330
4C9
100
AcDbEntity
  8
AM_9
100
AcDbLine
 10
58.29677693358255
 20
196.0535080123944
 30
0.0
 11
37.82262397506144
 21
196.4181380982807
 31
0.0
  0
LINE
  5
5D8
330
4C9
100
AcDbEntity
  8
AM_9
100
AcDbLine
 10
37.8226239750614
 20
251.3698681120464
 30
0.0
 11
58.29677693358251
 21
251.7344981979327
 31
0.0
  0
LINE
  5
5D9
330
4C9
100
AcDbEntity
  8
AM_9
100
AcDbLine
 10
37.82262397506142
 20
191.3698681120465
 30
0.0
 11
58.29677693358249
 21
191.7344981979327
 31
0.0
  0
LINE
  5
5DA
330
4C9
100
AcDbEntity
  8
AM_9
100
AcDbLine
 10
58.29677693358251
 20
326.112365369412
 30
0.0
 11
46.86624336242676
 21
326.0422259538741
 31
0.0
  0
LINE
  5
5DB
330
4C9
100
AcDbEntity
  8
AM_9
100
AcDbLine
 10
58.29677693358249
 20
316.0535080123946
 30
0.0
 11
37.82262397506144
 21
316.4181380982807
 31
0.0
  0
LINE
  5
5DC
330
4C9
100
AcDbEntity
  8
AM_9
100
AcDbLine
 10
58.29677693358251
 20
326.112365369412
 30
0.0
 11
58.2967769335825
 21
183.8940031051636
 31
0.0
  0
LINE
  5
5DD
330
4C9
100
AcDbEntity
  8
AM_9
100
AcDbLine
 10
58.29677693358255
 20
256.0535080123944
 30
0.0
 11
37.82262397506143
 21
256.4181380982807
 31
0.0
  0
LINE
  5
5DE
330
4C9
100
AcDbEntity
  8
AM_9
100
AcDbLine
 10
37.82262397506141
 20
311.3698681120464
 30
0.0
 11
58.29677693358246
 21
311.7344981979326
 31
0.0
  0
LINE
  5
5DF
330
4C9
100
AcDbEntity
  8
AM_9
100
AcDbLine
 10
11.86624336242675
 20
196.8526139372472
 30
0.0
 11
3.866243362426758
 21
196.8526139372472
 31
0.0
  0
LINE
  5
5E0
330
4C9
100
AcDbEntity
  8
AM_9
100
AcDbLine
 10
11.86624336242675
 20
196.6556523866447
 30
0.0
 11
3.866243362426758
 21
196.6556523866447
 31
0.0
  0
LINE
  5
5E1
330
4C9
100
AcDbEntity
  8
AM_9
100
AcDbLine
 10
11.86624336242675
 20
196.8556523866447
 30
0.0
 11
3.866243362426758
 21
196.8556523866447
 31
0.0
  0
LWPOLYLINE
  5
5E2
330
4C9
100
AcDbEntity
  8
AM_9
100
AcDbPolyline
 90
       13
 70
     0
 43
0.0
 10
58.29677693358249
 20
326.112365369412
 10
58.3576116969808
 20
326.1131133772251
 10
58.41775109218344
 20
326.1146037000603
 10
58.47673742207975
 20
326.1168249956607
 10
58.53412176508233
 20
326.1197603586259
 10
58.58946739169129
 20
326.1233874490709
 10
58.64235308826954
 20
326.1276786626476
 10
58.69237636273287
 20
326.1326013406294
 10
58.73915650775773
 20
326.1381180184646
 10
58.78233749819385
 20
326.1441867109038
 10
58.82159070063063
 20
326.1507612315331
 10
58.85661737449579
 20
326.1577915442807
 10
58.86624336242674
 20
326.1599776005087
  0
LWPOLYLINE
  5
5E3
330
4C9
100
AcDbEntity
  8
AM_9
100
AcDbPolyline
 90
        4
 70
     0
 43
0.0
 10
58.2967769335825
 20
316.0535080123946
 10
58.51978757330549
 20
316.0599925539308
 10
58.71494553893494
 20
316.084379556929
 10
58.86624336242676
 20
316.1149432536018
  0
LWPOLYLINE
  5
5E4
330
4C9
100
AcDbEntity
  8
AM_9
100
AcDbPolyline
 90
        4
 70
     0
 43
0.0
 10
58.2967769335825
 20
196.0535080123944
 10
58.51978757330549
 20
196.0599925539308
 10
58.71494553893494
 20
196.0843795569291
 10
58.86624336242676
 20
196.1149432536018
  0
LWPOLYLINE
  5
5E5
330
4C9
100
AcDbEntity
  8
AM_9
100
AcDbPolyline
 90
        4
 70
     0
 43
0.0
 10
58.86624336242676
 20
251.6730629567253
 10
58.71236453613253
 20
251.7040609930929
 10
58.50681509241446
 20
251.7290201699299
 10
58.2967769335825
 20
251.7344981979327
  0
LWPOLYLINE
  5
5E6
330
4C9
100
AcDbEntity
  8
AM_9
100
AcDbPolyline
 90
        4
 70
     0
 43
0.0
 10
58.2967769335825
 20
256.0535080123944
 10
58.51978757330549
 20
256.0599925539308
 10
58.71494553893494
 20
256.084379556929
 10
58.86624336242676
 20
256.1149432536018
  0
LWPOLYLINE
  5
5E7
330
4C9
100
AcDbEntity
  8
AM_9
100
AcDbPolyline
 90
        4
 70
     0
 43
0.0
 10
58.86624336242676
 20
311.6730629567253
 10
58.71236453613254
 20
311.7040609930929
 10
58.50681509241446
 20
311.7290201699299
 10
58.2967769335825
 20
311.7344981979326
  0
LWPOLYLINE
  5
5E8
330
4C9
100
AcDbEntity
  8
AM_9
100
AcDbPolyline
 90
        4
 70
     0
 43
0.0
 10
58.86624336242676
 20
191.6730629567253
 10
58.71236453613253
 20
191.7040609930929
 10
58.50681509241447
 20
191.7290201699299
 10
58.2967769335825
 20
191.7344981979327
  0
LINE
  5
5E9
330
4C9
100
AcDbEntity
  8
AM_9
100
AcDbLine
 10
6.795784037363749
 20
196.4823272777594
 30
0.0
 11
3.866243362426758
 21
196.4823272777594
 31
0.0
  0
LINE
  5
5EA
330
4C9
100
AcDbEntity
  8
AM_9
100
AcDbLine
 10
9.991467266843848
 20
196.4823272777594
 30
0.0
 11
7.141019458009666
 21
196.4823272777594
 31
0.0
  0
LINE
  5
5EB
330
4C9
100
AcDbEntity
  8
AM_9
100
AcDbLine
 10
11.86624336242675
 20
196.4823272777594
 30
0.0
 11
10.33670268748976
 21
196.4823272777594
 31
0.0
  0
LINE
  5
5EC
330
4C9
100
AcDbEntity
  8
AM_9
100
AcDbLine
 10
3.866243362426758
 20
191.3680476826335
 30
0.0
 11
11.86624336242675
 21
191.3680476826334
 31
0.0
  0
LINE
  5
5ED
330
4C9
100
AcDbEntity
  8
AM_9
100
AcDbLine
 10
11.86624336242675
 20
196.2853657271569
 30
0.0
 11
3.866243362426758
 21
196.2853657271569
 31
0.0
  0
LINE
  5
5EE
330
4C9
100
AcDbEntity
  8
AM_9
100
AcDbLine
 10
11.86624336242675
 20
191.0736292099756
 30
0.0
 11
3.866243362426758
 21
191.0736292099756
 31
0.0
  0
LINE
  5
5EF
330
4C9
100
AcDbEntity
  8
AM_9
100
AcDbLine
 10
11.86624336242675
 20
196.1826139372472
 30
0.0
 11
3.866243362426758
 21
196.1826139372472
 31
0.0
  0
LINE
  5
5F0
330
4C9
100
AcDbEntity
  8
AM_9
100
AcDbLine
 10
11.86624336242675
 20
195.9856523866447
 30
0.0
 11
3.866243362426758
 21
195.9856523866447
 31
0.0
  0
LINE
  5
5F1
330
4C9
100
AcDbEntity
  8
AM_9
100
AcDbLine
 10
11.86624336242675
 20
196.1856523866447
 30
0.0
 11
3.866243362426758
 21
196.1856523866447
 31
0.0
  0
LINE
  5
5F2
330
4C9
100
AcDbEntity
  8
AM_9
100
AcDbLine
 10
11.86624336242675
 20
195.8123272777594
 30
0.0
 11
3.866243362426758
 21
195.8123272777594
 31
0.0
  0
LINE
  5
5F3
330
4C9
100
AcDbEntity
  8
AM_9
100
AcDbLine
 10
3.866243362426758
 20
190.7000017066028
 30
0.0
 11
11.86624336242675
 21
190.7000017066028
 31
0.0
  0
LINE
  5
5F4
330
4C9
100
AcDbEntity
  8
AM_9
100
AcDbLine
 10
11.86624336242675
 20
195.615365727157
 30
0.0
 11
3.866243362426758
 21
195.615365727157
 31
0.0
  0
LINE
  5
5F5
330
4C9
100
AcDbEntity
  8
AM_9
100
AcDbLine
 10
11.86624336242675
 20
190.4055832339451
 30
0.0
 11
3.866243362426758
 21
190.4055832339451
 31
0.0
  0
LINE
  5
5F6
330
4C9
100
AcDbEntity
  8
AM_9
100
AcDbLine
 10
11.86624336242675
 20
195.5126139372472
 30
0.0
 11
3.866243362426758
 21
195.5126139372472
 31
0.0
  0
LINE
  5
5F7
330
4C9
100
AcDbEntity
  8
AM_9
100
AcDbLine
 10
11.86624336242675
 20
195.3156523866447
 30
0.0
 11
3.866243362426758
 21
195.3156523866447
 31
0.0
  0
LINE
  5
5F8
330
4C9
100
AcDbEntity
  8
AM_9
100
AcDbLine
 10
11.86624336242675
 20
195.5156523866447
 30
0.0
 11
3.866243362426758
 21
195.5156523866447
 31
0.0
  0
LINE
  5
5F9
330
4C9
100
AcDbEntity
  8
AM_9
100
AcDbLine
 10
50.86624336242676
 20
317.3940031051636
 30
0.0
 11
58.36624336242676
 21
317.3940031051636
 31
0.0
  0
LINE
  5
5FA
330
4C9
100
AcDbEntity
  8
AM_9
100
AcDbLine
 10
58.36624336242676
 20
320.3940031051636
 30
0.0
 11
50.86624336242676
 21
320.3940031051636
 31
0.0
  0
LINE
  5
5FB
330
4C9
100
AcDbEntity
  8
AM_9
100
AcDbLine
 10
58.36624336242676
 20
317.3940031051636
 30
0.0
 11
58.86624336242676
 21
316.8940031051636
 31
0.0
  0
LINE
  5
5FC
330
4C9
100
AcDbEntity
  8
AM_9
100
AcDbLine
 10
58.86624336242676
 20
320.8940031051636
 30
0.0
 11
58.36624336242676
 21
320.3940031051636
 31
0.0
  0
LINE
  5
5FD
330
4C9
100
AcDbEntity
  8
AM_9
100
AcDbLine
 10
58.36624336242676
 20
320.3940031051636
 30
0.0
 11
58.36624336242676
 21
317.3940031051636
 31
0.0
  0
LINE
  5
5FE
330
4C9
100
AcDbEntity
  8
AM_9
100
AcDbLine
 10
48.86624336242676
 20
327.5991791188434
 30
0.0
 11
54.43624336242674
 21
327.5991791188434
 31
0.0
  0
LWPOLYLINE
  5
5FF
330
4C9
100
AcDbEntity
  8
AM_9
100
AcDbPolyline
 90
       19
 70
     0
 43
0.0
 10
54.43624336242674
 20
327.5991791188434
 10
54.45367451097627
 20
327.5992860789048
 10
54.47097299796013
 20
327.599606145058
 10
54.48800717144725
 20
327.6001368814065
 10
54.50464739109188
 20
327.6008742487261
 10
54.52076701477488
 20
327.6018126352064
 10
54.53624336242675
 20
327.6029448991596
 10
54.55095864969695
 20
327.6042624233734
 10
54.56480088436406
 20
327.6057551806929
 10
54.57766471866406
 20
327.6074118103336
 10
54.58945225105055
 20
327.6092197043436
 10
54.60007377128456
 20
327.6111651035578
 10
54.60944844318364
 20
327.6132332023137
 10
54.61750491983409
 20
327.6154082611308
 10
54.62418188658394
 20
327.6176737264983
 10
54.62942852768457
 20
327.6200123568568
 10
54.6332049130292
 20
327.6224063538172
 10
54.63548230204511
 20
327.624837497617
 10
54.63624336242675
 20
327.627287285784
  0
LWPOLYLINE
  5
600
330
4C9
100
AcDbEntity
  8
AM_9
100
AcDbPolyline
 90
       19
 70
     0
 43
0.0
 10
48.66624336242676
 20
327.627287285784
 10
48.66700442280841
 20
327.624837497617
 10
48.66928181182432
 20
327.6224063538172
 10
48.67305819716894
 20
327.6200123568568
 10
48.67830483826958
 20
327.6176737264983
 10
48.68498180501943
 20
327.6154082611308
 10
48.69303828166988
 20
327.6132332023137
 10
48.70241295356897
 20
327.6111651035578
 10
48.71303447380296
 20
327.6092197043436
 10
48.72482200618946
 20
327.6074118103336
 10
48.73768584048946
 20
327.6057551806929
 10
48.75152807515656
 20
327.6042624233734
 10
48.76624336242677
 20
327.6029448991596
 10
48.78171971007863
 20
327.6018126352064
 10
48.79783933376164
 20
327.6008742487261
 10
48.81447955340627
 20
327.6001368814065
 10
48.83151372689339
 20
327.599606145058
 10
48.84881221387725
 20
327.5992860789048
 10
48.86624329139965
 20
327.5991791188434
  0
LINE
  5
601
330
4C9
100
AcDbEntity
  8
AM_9
100
AcDbLine
 10
8.142746542852247
 20
195.1423272777594
 30
0.0
 11
3.866243362426758
 21
195.1423272777594
 31
0.0
  0
LINE
  5
602
330
4C9
100
AcDbEntity
  8
AM_9
100
AcDbLine
 10
11.86624336242675
 20
195.1423272777594
 30
0.0
 11
8.989740182001267
 21
195.1423272777594
 31
0.0
  0
LINE
  5
603
330
4C9
100
AcDbEntity
  8
AM_9
100
AcDbLine
 10
3.866243362426758
 20
190.0319557305722
 30
0.0
 11
11.86624336242675
 21
190.0319557305722
 31
0.0
  0
LINE
  5
604
330
4C9
100
AcDbEntity
  8
AM_9
100
AcDbLine
 10
11.86624336242675
 20
194.9453657271569
 30
0.0
 11
3.866243362426758
 21
194.9453657271569
 31
0.0
  0
LINE
  5
605
330
4C9
100
AcDbEntity
  8
AM_9
100
AcDbLine
 10
50.86624336242676
 20
315.4440031051636
 30
0.0
 11
58.86624336242676
 21
315.4440031051636
 31
0.0
  0
LINE
  5
606
330
4C9
100
AcDbEntity
  8
AM_9
100
AcDbLine
 10
58.86624336242676
 20
322.3440031051636
 30
0.0
 11
50.86624336242676
 21
322.3440031051636
 31
0.0
  0
LINE
  5
607
330
4C9
100
AcDbEntity
  8
AM_9
100
AcDbLine
 10
50.86624336242676
 20
315.0290031051636
 30
0.0
 11
58.86624336242676
 21
315.0290031051636
 31
0.0
  0
LINE
  5
608
330
4C9
100
AcDbEntity
  8
AM_9
100
AcDbLine
 10
58.86624336242676
 20
322.7590031051636
 30
0.0
 11
50.86624336242676
 21
322.7590031051636
 31
0.0
  0
LINE
  5
609
330
4C9
100
AcDbEntity
  8
AM_9
100
AcDbLine
 10
50.86624336242676
 20
322.7590031051636
 30
0.0
 11
50.86624336242676
 21
315.0290031051636
 31
0.0
  0
LINE
  5
60A
330
4C9
100
AcDbEntity
  8
AM_9
100
AcDbLine
 10
54.43624336242676
 20
327.8760445632072
 30
0.0
 11
48.86624336242676
 21
327.8760445632072
 31
0.0
  0
LWPOLYLINE
  5
60B
330
4C9
100
AcDbEntity
  8
AM_9
100
AcDbPolyline
 90
       19
 70
     0
 43
0.0
 10
54.63624336242675
 20
327.8479363962667
 10
54.63548230204511
 20
327.8503861844337
 10
54.6332049130292
 20
327.8528173282334
 10
54.62942852768457
 20
327.8552113251937
 10
54.62418188658394
 20
327.8575499555523
 10
54.61750491983409
 20
327.8598154209198
 10
54.60944844318364
 20
327.861990479737
 10
54.60007377128456
 20
327.8640585784927
 10
54.58945225105055
 20
327.866003977707
 10
54.57766471866407
 20
327.867811871717
 10
54.56480088436406
 20
327.8694685013577
 10
54.55095864969697
 20
327.8709612586772
 10
54.53624336242675
 20
327.8722787828909
 10
54.52076701477489
 20
327.8734110468441
 10
54.50464739109189
 20
327.8743494333245
 10
54.48800717144726
 20
327.8750868006441
 10
54.47097299796014
 20
327.8756175369926
 10
54.45367451097628
 20
327.8759376031459
 10
54.43624336242675
 20
327.8760445632072
  0
LWPOLYLINE
  5
60C
330
4C9
100
AcDbEntity
  8
AM_9
100
AcDbPolyline
 90
       19
 70
     0
 43
0.0
 10
48.86624336242676
 20
327.8760445632072
 10
48.84881221387724
 20
327.8759376031459
 10
48.83151372689338
 20
327.8756175369926
 10
48.81447955340626
 20
327.8750868006441
 10
48.79783933376163
 20
327.8743494333245
 10
48.78171971007862
 20
327.8734110468441
 10
48.76624336242676
 20
327.8722787828909
 10
48.75152807515656
 20
327.8709612586772
 10
48.73768584048945
 20
327.8694685013577
 10
48.72482200618946
 20
327.867811871717
 10
48.71303447380296
 20
327.866003977707
 10
48.70241295356897
 20
327.8640585784927
 10
48.69303828166987
 20
327.861990479737
 10
48.68498180501943
 20
327.8598154209198
 10
48.67830483826958
 20
327.8575499555523
 10
48.67305819716894
 20
327.8552113251937
 10
48.66928181182432
 20
327.8528173282334
 10
48.66700442280841
 20
327.8503861844337
 10
48.66624336242676
 20
327.8479363962667
  0
LINE
  5
60D
330
4C9
100
AcDbEntity
  8
AM_9
100
AcDbLine
 10
11.86624336242675
 20
189.7375372579145
 30
0.0
 11
3.866243362426758
 21
189.7375372579145
 31
0.0
  0
LINE
  5
60E
330
4C9
100
AcDbEntity
  8
AM_9
100
AcDbLine
 10
11.86624336242675
 20
194.8426139372472
 30
0.0
 11
3.866243362426758
 21
194.8426139372472
 31
0.0
  0
LINE
  5
60F
330
4C9
100
AcDbEntity
  8
AM_9
100
AcDbLine
 10
11.86624336242675
 20
194.6456523866447
 30
0.0
 11
3.866243362426758
 21
194.6456523866447
 31
0.0
  0
LINE
  5
610
330
4C9
100
AcDbEntity
  8
AM_9
100
AcDbLine
 10
11.86624336242675
 20
194.8456523866447
 30
0.0
 11
3.866243362426758
 21
194.8456523866447
 31
0.0
  0
LINE
  5
611
330
4C9
100
AcDbEntity
  8
AM_9
100
AcDbLine
 10
48.86624336242676
 20
328.1529100075709
 30
0.0
 11
54.43624336242674
 21
328.1529100075709
 31
0.0
  0
LWPOLYLINE
  5
612
330
4C9
100
AcDbEntity
  8
AM_9
100
AcDbPolyline
 90
       19
 70
     0
 43
0.0
 10
48.66624336242676
 20
328.1810181745113
 10
48.66700442280841
 20
328.1785683863444
 10
48.66928181182432
 20
328.1761372425446
 10
48.67305819716894
 20
328.1737432455842
 10
48.67830483826958
 20
328.1714046152258
 10
48.68498180501943
 20
328.1691391498583
 10
48.69303828166988
 20
328.1669640910411
 10
48.70241295356897
 20
328.1648959922853
 10
48.71303447380296
 20
328.162950593071
 10
48.72482200618946
 20
328.161142699061
 10
48.73768584048946
 20
328.1594860694204
 10
48.75152807515656
 20
328.1579933121009
 10
48.76624336242677
 20
328.1566757878871
 10
48.78171971007863
 20
328.1555435239339
 10
48.79783933376164
 20
328.1546051374536
 10
48.81447955340627
 20
328.1538677701339
 10
48.83151372689339
 20
328.1533370337854
 10
48.84881221387725
 20
328.1530169676322
 10
48.86624329139965
 20
328.1529100075709
  0
LWPOLYLINE
  5
613
330
4C9
100
AcDbEntity
  8
AM_9
100
AcDbPolyline
 90
       19
 70
     0
 43
0.0
 10
54.43624336242674
 20
328.1529100075709
 10
54.45367451097627
 20
328.1530169676322
 10
54.47097299796013
 20
328.1533370337854
 10
54.48800717144725
 20
328.1538677701339
 10
54.50464739109188
 20
328.1546051374536
 10
54.52076701477488
 20
328.1555435239339
 10
54.53624336242675
 20
328.1566757878871
 10
54.55095864969695
 20
328.1579933121009
 10
54.56480088436406
 20
328.1594860694204
 10
54.57766471866406
 20
328.161142699061
 10
54.58945225105055
 20
328.162950593071
 10
54.60007377128456
 20
328.1648959922853
 10
54.60944844318364
 20
328.1669640910411
 10
54.61750491983409
 20
328.1691391498583
 10
54.62418188658394
 20
328.1714046152258
 10
54.62942852768457
 20
328.1737432455842
 10
54.6332049130292
 20
328.1761372425446
 10
54.63548230204511
 20
328.1785683863444
 10
54.63624336242675
 20
328.1810181745113
  0
LINE
  5
614
330
4C9
100
AcDbEntity
  8
AM_9
100
AcDbLine
 10
11.86624336242675
 20
194.4723272777594
 30
0.0
 11
3.866243362426758
 21
194.4723272777594
 31
0.0
  0
LINE
  5
615
330
4C9
100
AcDbEntity
  8
AM_9
100
AcDbLine
 10
11.86624336242675
 20
194.275365727157
 30
0.0
 11
3.866243362426758
 21
194.275365727157
 31
0.0
  0
LINE
  5
616
330
4C9
100
AcDbEntity
  8
AM_9
100
AcDbLine
 10
3.866243362426758
 20
189.3639097545417
 30
0.0
 11
11.86624336242675
 21
189.3639097545417
 31
0.0
  0
LINE
  5
617
330
4C9
100
AcDbEntity
  8
AM_9
100
AcDbLine
 10
54.43624336242676
 20
328.4297754519346
 30
0.0
 11
48.86624336242676
 21
328.4297754519346
 31
0.0
  0
LWPOLYLINE
  5
618
330
4C9
100
AcDbEntity
  8
AM_9
100
AcDbPolyline
 90
       19
 70
     0
 43
0.0
 10
48.86624333032869
 20
328.4297754519346
 10
48.84881218190129
 20
328.4296684914801
 10
48.83151369528294
 20
328.4293484249367
 10
48.8144795224019
 20
328.428817688204
 10
48.7978393035993
 20
328.428080320509
 10
48.78171968098788
 20
328.4271419336651
 10
48.76624333462901
 20
328.4260096693628
 10
48.75152804886334
 20
328.4246921448172
 10
48.7376858159009
 20
328.4231993871854
 10
48.72482198349268
 20
328.4215427572547
 10
48.71303445317072
 20
328.4197348629788
 10
48.70241293515826
 20
328.4177894635249
 10
48.69303826562083
 20
328.4157213645576
 10
48.68498179145419
 20
328.4135463055587
 10
48.67830482729139
 20
328.4112808400407
 10
48.67305818886135
 20
328.4089422095639
 10
48.66928180625055
 20
328.4065482125183
 10
48.66700442001088
 20
328.4041170686672
 10
48.66624336242676
 20
328.4016672849941
  0
LWPOLYLINE
  5
619
330
4C9
100
AcDbEntity
  8
AM_9
100
AcDbPolyline
 90
       19
 70
     0
 43
0.0
 10
54.63624336242675
 20
328.4016672849941
 10
54.63548230204511
 20
328.404117073161
 10
54.6332049130292
 20
328.4065482169609
 10
54.62942852768457
 20
328.4089422139213
 10
54.62418188658394
 20
328.4112808442798
 10
54.61750491983409
 20
328.4135463096472
 10
54.60944844318364
 20
328.4157213684643
 10
54.60007377128456
 20
328.4177894672202
 10
54.58945225105055
 20
328.4197348664345
 10
54.57766471866407
 20
328.4215427604445
 10
54.56480088436406
 20
328.4231993900851
 10
54.55095864969697
 20
328.4246921474046
 10
54.53624336242675
 20
328.4260096716184
 10
54.52076701477489
 20
328.4271419355716
 10
54.50464739109189
 20
328.4280803220519
 10
54.48800717144726
 20
328.4288176893716
 10
54.47097299796014
 20
328.42934842572
 10
54.45367451097628
 20
328.4296684918733
 10
54.43624336242675
 20
328.4297754519346
  0
LINE
  5
61A
330
4C9
100
AcDbEntity
  8
AM_9
100
AcDbLine
 10
11.86624336242675
 20
189.0694912818839
 30
0.0
 11
3.866243362426758
 21
189.0694912818838
 31
0.0
  0
LINE
  5
61B
330
4C9
100
AcDbEntity
  8
AM_9
100
AcDbLine
 10
11.86624336242675
 20
194.1726139372471
 30
0.0
 11
3.866243362426758
 21
194.1726139372471
 31
0.0
  0
LINE
  5
61C
330
4C9
100
AcDbEntity
  8
AM_9
100
AcDbLine
 10
11.86624336242675
 20
193.9756523866447
 30
0.0
 11
3.866243362426758
 21
193.9756523866447
 31
0.0
  0
LINE
  5
61D
330
4C9
100
AcDbEntity
  8
AM_9
100
AcDbLine
 10
11.86624336242675
 20
194.1756523866447
 30
0.0
 11
3.866243362426758
 21
194.1756523866447
 31
0.0
  0
LINE
  5
61E
330
4C9
100
AcDbEntity
  8
AM_9
100
AcDbLine
 10
48.86624336242676
 20
328.7066408962983
 30
0.0
 11
54.43624336242674
 21
328.7066408962983
 31
0.0
  0
LWPOLYLINE
  5
61F
330
4C9
100
AcDbEntity
  8
AM_9
100
AcDbPolyline
 90
       19
 70
     0
 43
0.0
 10
54.43624332884123
 20
328.7066408962983
 10
54.45367447751856
 20
328.7067478559482
 10
54.47097296488485
 20
328.7070679216932
 10
54.48800713900613
 20
328.7075986576397
 10
54.50464735953182
 20
328.7083360245666
 10
54.52076698433608
 20
328.7092744106665
 10
54.53624333334083
 20
328.7104066742544
 10
54.55095862218531
 20
328.7117241981209
 10
54.56480085863606
 20
328.7132169551137
 10
54.57766469491551
 20
328.7148735844507
 10
54.5894522294622
 20
328.7166814781826
 10
54.60007375202069
 20
328.7186268771462
 10
54.60944842639088
 20
328.7206949756808
 10
54.61750490564023
 20
328.7228700343078
 10
54.62418187509701
 20
328.7251354995177
 10
54.629428518992
 20
328.7274741297523
 10
54.63320490719713
 20
328.7298681266236
 10
54.63548229911793
 20
328.7322992703696
 10
54.63624336242675
 20
328.7347490585186
  0
LWPOLYLINE
  5
620
330
4C9
100
AcDbEntity
  8
AM_9
100
AcDbPolyline
 90
       19
 70
     0
 43
0.0
 10
48.66624336242676
 20
328.7347490632387
 10
48.66700442280841
 20
328.7322992750718
 10
48.66928181182432
 20
328.729868131272
 10
48.67305819716894
 20
328.7274741343116
 10
48.67830483826958
 20
328.7251355039531
 10
48.68498180501943
 20
328.7228700385857
 10
48.69303828166988
 20
328.7206949797685
 10
48.70241295356897
 20
328.7186268810127
 10
48.71303447380296
 20
328.7166814817984
 10
48.72482200618946
 20
328.7148735877884
 10
48.73768584048946
 20
328.7132169581478
 10
48.75152807515656
 20
328.7117242008283
 10
48.76624336242677
 20
328.7104066766145
 10
48.78171971007863
 20
328.7092744126613
 10
48.79783933376164
 20
328.708336026181
 10
48.81447955340627
 20
328.7075986588613
 10
48.83151372689339
 20
328.7070679225128
 10
48.84881221387725
 20
328.7067478563596
 10
48.86624336242678
 20
328.7066408962983
  0
LINE
  5
621
330
4C9
100
AcDbEntity
  8
AM_9
100
AcDbLine
 10
23.34624336242676
 20
333.8940031051636
 30
0.0
 11
23.34624336242676
 21
331.5940031051636
 31
0.0
  0
LINE
  5
622
330
4C9
100
AcDbEntity
  8
AM_9
100
AcDbLine
 10
27.33624336242676
 20
186.1940031051636
 30
0.0
 11
27.33624336242676
 21
183.8940031051636
 31
0.0
  0
LINE
  5
623
330
4C9
100
AcDbEntity
  8
AM_9
100
AcDbLine
 10
11.86624336242675
 20
193.8023272777594
 30
0.0
 11
3.866243362426758
 21
193.8023272777594
 31
0.0
  0
LINE
  5
624
330
4C9
100
AcDbEntity
  8
AM_9
100
AcDbLine
 10
3.866243362426758
 20
188.695863778511
 30
0.0
 11
11.86624336242675
 21
188.695863778511
 31
0.0
  0
LINE
  5
625
330
4C9
100
AcDbEntity
  8
AM_9
100
AcDbLine
 10
11.86624336242675
 20
193.6053657271569
 30
0.0
 11
3.866243362426758
 21
193.6053657271569
 31
0.0
  0
LWPOLYLINE
  5
626
330
4C9
100
AcDbEntity
  8
AM_9
100
AcDbPolyline
 90
       19
 70
     0
 43
0.0
 10
54.63624336242675
 20
328.9553981737215
 10
54.63548230204511
 20
328.9578479618884
 10
54.6332049130292
 20
328.9602791056883
 10
54.62942852768457
 20
328.9626731026486
 10
54.62418188658394
 20
328.9650117330071
 10
54.61750491983409
 20
328.9672771983746
 10
54.60944844318365
 20
328.9694522571917
 10
54.60007377128456
 20
328.9715203559476
 10
54.58945225105056
 20
328.9734657551619
 10
54.57766471866407
 20
328.9752736491719
 10
54.56480088436408
 20
328.9769302788125
 10
54.55095864969697
 20
328.978423036132
 10
54.53624336242676
 20
328.9797405603458
 10
54.5207670147749
 20
328.980872824299
 10
54.5046473910919
 20
328.9818112107793
 10
54.48800717144727
 20
328.982548578099
 10
54.47097299796015
 20
328.9830793144474
 10
54.4536745109763
 20
328.9833993806007
 10
54.43624336242677
 20
328.983506340662
  0
LWPOLYLINE
  5
627
330
4C9
100
AcDbEntity
  8
AM_9
100
AcDbPolyline
 90
       19
 70
     0
 43
0.0
 10
48.86624336242676
 20
328.983506340662
 10
48.84881221387724
 20
328.9833993806007
 10
48.83151372689338
 20
328.9830793144474
 10
48.81447955340626
 20
328.982548578099
 10
48.79783933376163
 20
328.9818112107793
 10
48.78171971007862
 20
328.980872824299
 10
48.76624336242676
 20
328.9797405603458
 10
48.75152807515656
 20
328.978423036132
 10
48.73768584048945
 20
328.9769302788125
 10
48.72482200618946
 20
328.9752736491719
 10
48.71303447380296
 20
328.9734657551619
 10
48.70241295356897
 20
328.9715203559476
 10
48.69303828166987
 20
328.9694522571917
 10
48.68498180501943
 20
328.9672771983746
 10
48.67830483826958
 20
328.9650117330071
 10
48.67305819716894
 20
328.9626731026486
 10
48.66928181182432
 20
328.9602791056883
 10
48.66700442280841
 20
328.9578479618884
 10
48.66624336242676
 20
328.9553981737215
  0
LINE
  5
628
330
4C9
100
AcDbEntity
  8
AM_9
100
AcDbLine
 10
54.43624336242676
 20
328.983506340662
 30
0.0
 11
48.86624336242676
 21
328.983506340662
 31
0.0
  0
LINE
  5
629
330
4C9
100
AcDbEntity
  8
AM_9
100
AcDbLine
 10
11.86624336242675
 20
188.4014453058533
 30
0.0
 11
3.866243362426758
 21
188.4014453058533
 31
0.0
  0
LINE
  5
62A
330
4C9
100
AcDbEntity
  8
AM_9
100
AcDbLine
 10
48.86624336242676
 20
329.2603717850257
 30
0.0
 11
54.43624336242674
 21
329.2603717850257
 31
0.0
  0
LINE
  5
62B
330
4C9
100
AcDbEntity
  8
AM_9
100
AcDbLine
 10
11.86624336242675
 20
193.5026139372472
 30
0.0
 11
3.866243362426758
 21
193.5026139372472
 31
0.0
  0
LINE
  5
62C
330
4C9
100
AcDbEntity
  8
AM_9
100
AcDbLine
 10
11.86624336242675
 20
193.3056523866447
 30
0.0
 11
3.866243362426758
 21
193.3056523866447
 31
0.0
  0
LINE
  5
62D
330
4C9
100
AcDbEntity
  8
AM_9
100
AcDbLine
 10
11.86624336242675
 20
193.5056523866447
 30
0.0
 11
3.866243362426758
 21
193.5056523866447
 31
0.0
  0
LWPOLYLINE
  5
62E
330
4C9
100
AcDbEntity
  8
AM_9
100
AcDbPolyline
 90
       19
 70
     0
 43
0.0
 10
54.43624336242674
 20
329.2603717850257
 10
54.45367451097627
 20
329.260478745087
 10
54.47097299796013
 20
329.2607988112402
 10
54.48800717144725
 20
329.2613295475887
 10
54.50464739109188
 20
329.2620669149084
 10
54.52076701477488
 20
329.2630053013887
 10
54.53624336242675
 20
329.2641375653419
 10
54.55095864969695
 20
329.2654550895556
 10
54.56480088436406
 20
329.2669478468752
 10
54.57766471866406
 20
329.2686044765159
 10
54.58945225105055
 20
329.2704123705258
 10
54.60007377128456
 20
329.2723577697401
 10
54.60944844318364
 20
329.2744258684959
 10
54.61750491983409
 20
329.2766009273131
 10
54.62418188658394
 20
329.2788663926806
 10
54.62942852768457
 20
329.2812050230391
 10
54.6332049130292
 20
329.2835990199994
 10
54.63548230204511
 20
329.2860301637992
 10
54.63624336242675
 20
329.2884799519662
  0
LWPOLYLINE
  5
62F
330
4C9
100
AcDbEntity
  8
AM_9
100
AcDbPolyline
 90
       19
 70
     0
 43
0.0
 10
48.66624336242676
 20
329.2884799519662
 10
48.66700442280841
 20
329.2860301637992
 10
48.66928181182432
 20
329.2835990199994
 10
48.67305819716894
 20
329.2812050230391
 10
48.67830483826958
 20
329.2788663926806
 10
48.68498180501943
 20
329.2766009273131
 10
48.69303828166988
 20
329.2744258684959
 10
48.70241295356897
 20
329.2723577697401
 10
48.71303447380296
 20
329.2704123705258
 10
48.72482200618946
 20
329.2686044765159
 10
48.73768584048946
 20
329.2669478468752
 10
48.75152807515656
 20
329.2654550895556
 10
48.76624336242677
 20
329.2641375653419
 10
48.78171971007863
 20
329.2630053013887
 10
48.79783933376164
 20
329.2620669149084
 10
48.81447955340627
 20
329.2613295475887
 10
48.83151372689339
 20
329.2607988112402
 10
48.84881221387725
 20
329.260478745087
 10
48.86624336242678
 20
329.2603717850257
  0
LINE
  5
630
330
4C9
100
AcDbEntity
  8
AM_9
100
AcDbLine
 10
13.90624336242676
 20
333.8940031051636
 30
0.0
 11
13.90624336242676
 21
331.5940031051636
 31
0.0
  0
LINE
  5
631
330
4C9
100
AcDbEntity
  8
AM_9
100
AcDbLine
 10
22.89624336242676
 20
186.1940031051636
 30
0.0
 11
22.89624336242676
 21
183.8940031051636
 31
0.0
  0
LINE
  5
632
330
4C9
100
AcDbEntity
  8
AM_9
100
AcDbLine
 10
17.89624336242676
 20
186.1940031051636
 30
0.0
 11
17.89624336242676
 21
183.8940031051636
 31
0.0
  0
LINE
  5
633
330
4C9
100
AcDbEntity
  8
AM_9
100
AcDbLine
 10
18.90624336242676
 20
333.8940031051636
 30
0.0
 11
18.90624336242676
 21
331.5940031051636
 31
0.0
  0
LINE
  5
634
330
4C9
100
AcDbEntity
  8
AM_9
100
AcDbLine
 10
54.43624336242676
 20
329.5372372293895
 30
0.0
 11
48.86624336242676
 21
329.5372372293895
 31
0.0
  0
LWPOLYLINE
  5
635
330
4C9
100
AcDbEntity
  8
AM_9
100
AcDbPolyline
 90
       19
 70
     0
 43
0.0
 10
54.63624336242675
 20
329.5091290624489
 10
54.63548230204511
 20
329.5115788506159
 10
54.6332049130292
 20
329.5140099944157
 10
54.62942852768457
 20
329.516403991376
 10
54.62418188658394
 20
329.5187426217345
 10
54.61750491983409
 20
329.521008087102
 10
54.60944844318365
 20
329.5231831459192
 10
54.60007377128456
 20
329.525251244675
 10
54.58945225105056
 20
329.5271966438893
 10
54.57766471866407
 20
329.5290045378993
 10
54.56480088436408
 20
329.53066116754
 10
54.55095864969697
 20
329.5321539248595
 10
54.53624336242676
 20
329.5334714490732
 10
54.5207670147749
 20
329.5346037130264
 10
54.5046473910919
 20
329.5355420995067
 10
54.48800717144727
 20
329.5362794668264
 10
54.47097299796015
 20
329.5368102031749
 10
54.4536745109763
 20
329.5371302693281
 10
54.43624336242677
 20
329.5372372293895
  0
LWPOLYLINE
  5
636
330
4C9
100
AcDbEntity
  8
AM_9
100
AcDbPolyline
 90
       19
 70
     0
 43
0.0
 10
48.86624336242676
 20
329.5372372293895
 10
48.84881221387724
 20
329.5371302693281
 10
48.83151372689338
 20
329.5368102031749
 10
48.81447955340626
 20
329.5362794668264
 10
48.79783933376163
 20
329.5355420995067
 10
48.78171971007862
 20
329.5346037130264
 10
48.76624336242676
 20
329.5334714490732
 10
48.75152807515656
 20
329.5321539248595
 10
48.73768584048945
 20
329.53066116754
 10
48.72482200618946
 20
329.5290045378993
 10
48.71303447380296
 20
329.5271966438893
 10
48.70241295356897
 20
329.525251244675
 10
48.69303828166987
 20
329.5231831459192
 10
48.68498180501943
 20
329.521008087102
 10
48.67830483826958
 20
329.5187426217345
 10
48.67305819716894
 20
329.516403991376
 10
48.66928181182432
 20
329.5140099944157
 10
48.66700442280841
 20
329.5115788506159
 10
48.66624336242676
 20
329.5091290624489
  0
LINE
  5
637
330
4C9
100
AcDbEntity
  8
AM_9
100
AcDbLine
 10
11.86624336242675
 20
193.1323272777594
 30
0.0
 11
3.866243362426758
 21
193.1323272777594
 31
0.0
  0
LINE
  5
638
330
4C9
100
AcDbEntity
  8
AM_9
100
AcDbLine
 10
11.86624336242675
 20
192.9353657271569
 30
0.0
 11
3.866243362426758
 21
192.9353657271569
 31
0.0
  0
LINE
  5
639
330
4C9
100
AcDbEntity
  8
AM_9
100
AcDbLine
 10
3.866243362426758
 20
188.0278178024805
 30
0.0
 11
11.86624336242675
 21
188.0278178024804
 31
0.0
  0
LINE
  5
63A
330
4C9
100
AcDbEntity
  8
AM_9
100
AcDbLine
 10
22.20624336242676
 20
186.1940031051636
 30
0.0
 11
22.20624336242676
 21
183.8940031051636
 31
0.0
  0
LINE
  5
63B
330
4C9
100
AcDbEntity
  8
AM_9
100
AcDbLine
 10
17.20624336242676
 20
186.1940031051636
 30
0.0
 11
17.20624336242676
 21
183.8940031051636
 31
0.0
  0
LINE
  5
63C
330
4C9
100
AcDbEntity
  8
AM_9
100
AcDbLine
 10
13.21624336242676
 20
333.8940031051636
 30
0.0
 11
13.21624336242676
 21
331.5940031051636
 31
0.0
  0
LINE
  5
63D
330
4C9
100
AcDbEntity
  8
AM_9
100
AcDbLine
 10
48.86624336242676
 20
329.8141026737532
 30
0.0
 11
54.43624336242674
 21
329.8141026737532
 31
0.0
  0
LWPOLYLINE
  5
63E
330
4C9
100
AcDbEntity
  8
AM_9
100
AcDbPolyline
 90
       19
 70
     0
 43
0.0
 10
54.43624336242674
 20
329.8141026737532
 10
54.45367451097627
 20
329.8142096338145
 10
54.47097299796013
 20
329.8145296999677
 10
54.48800717144725
 20
329.8150604363162
 10
54.50464739109188
 20
329.8157978036359
 10
54.52076701477488
 20
329.8167361901161
 10
54.53624336242675
 20
329.8178684540694
 10
54.55095864969695
 20
329.8191859782831
 10
54.56480088436406
 20
329.8206787356026
 10
54.57766471866406
 20
329.8223353652432
 10
54.58945225105055
 20
329.8241432592533
 10
54.60007377128456
 20
329.8260886584675
 10
54.60944844318364
 20
329.8281567572234
 10
54.61750491983409
 20
329.8303318160405
 10
54.62418188658394
 20
329.832597281408
 10
54.62942852768457
 20
329.8349359117665
 10
54.6332049130292
 20
329.8373299087268
 10
54.63548230204511
 20
329.8397610525267
 10
54.63624336242675
 20
329.8422108406936
  0
LWPOLYLINE
  5
63F
330
4C9
100
AcDbEntity
  8
AM_9
100
AcDbPolyline
 90
       19
 70
     0
 43
0.0
 10
48.66624336242676
 20
329.8422108406936
 10
48.66700442280841
 20
329.8397610525267
 10
48.66928181182432
 20
329.8373299087268
 10
48.67305819716894
 20
329.8349359117665
 10
48.67830483826958
 20
329.832597281408
 10
48.68498180501943
 20
329.8303318160405
 10
48.69303828166988
 20
329.8281567572234
 10
48.70241295356897
 20
329.8260886584675
 10
48.71303447380296
 20
329.8241432592533
 10
48.72482200618946
 20
329.8223353652432
 10
48.73768584048946
 20
329.8206787356026
 10
48.75152807515656
 20
329.8191859782831
 10
48.76624336242677
 20
329.8178684540694
 10
48.78171971007863
 20
329.8167361901161
 10
48.79783933376164
 20
329.8157978036359
 10
48.81447955340627
 20
329.8150604363162
 10
48.83151372689339
 20
329.8145296999677
 10
48.84881221387725
 20
329.8142096338145
 10
48.86624336242678
 20
329.8141026737532
  0
LINE
  5
640
330
4C9
100
AcDbEntity
  8
AM_9
100
AcDbLine
 10
11.86624336242675
 20
187.7333993298226
 30
0.0
 11
3.866243362426758
 21
187.7333993298226
 31
0.0
  0
LINE
  5
641
330
4C9
100
AcDbEntity
  8
AM_9
100
AcDbLine
 10
11.86624336242675
 20
192.8326139372471
 30
0.0
 11
3.866243362426758
 21
192.8326139372471
 31
0.0
  0
LINE
  5
642
330
4C9
100
AcDbEntity
  8
AM_9
100
AcDbLine
 10
11.86624336242675
 20
192.6356523866447
 30
0.0
 11
3.866243362426758
 21
192.6356523866447
 31
0.0
  0
LINE
  5
643
330
4C9
100
AcDbEntity
  8
AM_9
100
AcDbLine
 10
11.86624336242675
 20
192.8356523866447
 30
0.0
 11
3.866243362426758
 21
192.8356523866447
 31
0.0
  0
LINE
  5
644
330
4C9
100
AcDbEntity
  8
AM_9
100
AcDbLine
 10
8.866243362426758
 20
328.8940031051636
 30
0.0
 11
8.866243362426758
 21
336.3940031051636
 31
0.0
  0
LWPOLYLINE
  5
645
330
4C9
100
AcDbEntity
  8
AM_9
100
AcDbPolyline
 90
       19
 70
     0
 43
0.0
 10
48.86624336242676
 20
330.0909681181168
 10
48.84881221387724
 20
330.0908611580555
 10
48.83151372689338
 20
330.0905410919023
 10
48.81447955340626
 20
330.0900103555538
 10
48.79783933376163
 20
330.0892729882341
 10
48.78171971007862
 20
330.0883346017538
 10
48.76624336242676
 20
330.0872023378006
 10
48.75152807515656
 20
330.0858848135869
 10
48.73768584048945
 20
330.0843920562673
 10
48.72482200618946
 20
330.0827354266268
 10
48.71303447380296
 20
330.0809275326167
 10
48.70241295356897
 20
330.0789821334024
 10
48.69303828166987
 20
330.0769140346466
 10
48.68498180501943
 20
330.0747389758295
 10
48.67830483826958
 20
330.072473510462
 10
48.67305819716894
 20
330.0701348801035
 10
48.66928181182432
 20
330.0677408831431
 10
48.66700442280841
 20
330.0653097393433
 10
48.66624336242676
 20
330.0628599511764
  0
LWPOLYLINE
  5
646
330
4C9
100
AcDbEntity
  8
AM_9
100
AcDbPolyline
 90
       19
 70
     0
 43
0.0
 10
54.63624336242675
 20
330.0628599511764
 10
54.63548230204511
 20
330.0653097393433
 10
54.6332049130292
 20
330.0677408831431
 10
54.62942852768457
 20
330.0701348801035
 10
54.62418188658394
 20
330.072473510462
 10
54.61750491983409
 20
330.0747389758295
 10
54.60944844318365
 20
330.0769140346466
 10
54.60007377128456
 20
330.0789821334024
 10
54.58945225105056
 20
330.0809275326167
 10
54.57766471866407
 20
330.0827354266268
 10
54.56480088436408
 20
330.0843920562673
 10
54.55095864969697
 20
330.0858848135869
 10
54.53624336242676
 20
330.0872023378006
 10
54.5207670147749
 20
330.0883346017538
 10
54.5046473910919
 20
330.0892729882341
 10
54.48800717144727
 20
330.0900103555538
 10
54.47097299796015
 20
330.0905410919023
 10
54.4536745109763
 20
330.0908611580555
 10
54.43624336242677
 20
330.0909681181168
  0
LINE
  5
647
330
4C9
100
AcDbEntity
  8
AM_9
100
AcDbLine
 10
54.43624336242676
 20
330.0909681181168
 30
0.0
 11
48.86624336242676
 21
330.0909681181168
 31
0.0
  0
LINE
  5
648
330
4C9
100
AcDbEntity
  8
AM_9
100
AcDbLine
 10
11.86624336242675
 20
192.4623272777594
 30
0.0
 11
3.866243362426758
 21
192.4623272777594
 31
0.0
  0
LINE
  5
649
330
4C9
100
AcDbEntity
  8
AM_9
100
AcDbLine
 10
11.86624336242675
 20
192.2653657271569
 30
0.0
 11
3.866243362426758
 21
192.2653657271569
 31
0.0
  0
LINE
  5
64A
330
4C9
100
AcDbEntity
  8
AM_9
100
AcDbLine
 10
3.866243362426758
 20
187.3597718264498
 30
0.0
 11
11.86624336242675
 21
187.3597718264498
 31
0.0
  0
LINE
  5
64B
330
4C9
100
AcDbEntity
  8
AM_9
100
AcDbLine
 10
48.86624336242676
 20
330.3678335624805
 30
0.0
 11
54.43624336242674
 21
330.3678335624805
 31
0.0
  0
LWPOLYLINE
  5
64C
330
4C9
100
AcDbEntity
  8
AM_9
100
AcDbPolyline
 90
       19
 70
     0
 43
0.0
 10
54.43624336242674
 20
330.3678335624805
 10
54.45367451097627
 20
330.3679405225419
 10
54.47097299796013
 20
330.3682605886951
 10
54.48800717144725
 20
330.3687913250436
 10
54.50464739109188
 20
330.3695286923632
 10
54.52076701477488
 20
330.3704670788436
 10
54.53624336242675
 20
330.3715993427968
 10
54.55095864969695
 20
330.3729168670105
 10
54.56480088436406
 20
330.37440962433
 10
54.57766471866406
 20
330.3760662539707
 10
54.58945225105055
 20
330.3778741479807
 10
54.60007377128456
 20
330.379819547195
 10
54.60944844318364
 20
330.3818876459508
 10
54.61750491983409
 20
330.3840627047679
 10
54.62418188658394
 20
330.3863281701355
 10
54.62942852768457
 20
330.3886668004939
 10
54.6332049130292
 20
330.3910607974543
 10
54.63548230204511
 20
330.3934919412541
 10
54.63624336242675
 20
330.3959417294211
  0
LWPOLYLINE
  5
64D
330
4C9
100
AcDbEntity
  8
AM_9
100
AcDbPolyline
 90
       19
 70
     0
 43
0.0
 10
48.66624336242676
 20
330.3959417294211
 10
48.66700442280841
 20
330.3934919412541
 10
48.66928181182432
 20
330.3910607974543
 10
48.67305819716894
 20
330.3886668004939
 10
48.67830483826958
 20
330.3863281701355
 10
48.68498180501943
 20
330.3840627047679
 10
48.69303828166988
 20
330.3818876459508
 10
48.70241295356897
 20
330.379819547195
 10
48.71303447380296
 20
330.3778741479807
 10
48.72482200618946
 20
330.3760662539707
 10
48.73768584048946
 20
330.37440962433
 10
48.75152807515656
 20
330.3729168670105
 10
48.76624336242677
 20
330.3715993427968
 10
48.78171971007863
 20
330.3704670788436
 10
48.79783933376164
 20
330.3695286923632
 10
48.81447955340627
 20
330.3687913250436
 10
48.83151372689339
 20
330.3682605886951
 10
48.84881221387725
 20
330.3679405225419
 10
48.86624336242678
 20
330.3678335624805
  0
LINE
  5
64E
330
4C9
100
AcDbEntity
  8
AM_9
100
AcDbLine
 10
11.86624336242675
 20
187.0653533537921
 30
0.0
 11
3.866243362426758
 21
187.0653533537921
 31
0.0
  0
LINE
  5
64F
330
4C9
100
AcDbEntity
  8
AM_9
100
AcDbLine
 10
11.86624336242675
 20
192.1626139372472
 30
0.0
 11
3.866243362426758
 21
192.1626139372472
 31
0.0
  0
LINE
  5
650
330
4C9
100
AcDbEntity
  8
AM_9
100
AcDbLine
 10
11.86624336242675
 20
191.9656523866447
 30
0.0
 11
3.866243362426758
 21
191.9656523866447
 31
0.0
  0
LINE
  5
651
330
4C9
100
AcDbEntity
  8
AM_9
100
AcDbLine
 10
11.86624336242675
 20
192.1656523866447
 30
0.0
 11
3.866243362426758
 21
192.1656523866447
 31
0.0
  0
LINE
  5
652
330
4C9
100
AcDbEntity
  8
AM_9
100
AcDbLine
 10
54.43624336242676
 20
330.6446990068443
 30
0.0
 11
48.86624336242676
 21
330.6446990068443
 31
0.0
  0
LWPOLYLINE
  5
653
330
4C9
100
AcDbEntity
  8
AM_9
100
AcDbPolyline
 90
       19
 70
     0
 43
0.0
 10
48.86624336242676
 20
330.6446990068443
 10
48.84881221387724
 20
330.644592046783
 10
48.83151372689338
 20
330.6442719806297
 10
48.81447955340626
 20
330.6437412442813
 10
48.79783933376163
 20
330.6430038769615
 10
48.78171971007862
 20
330.6420654904813
 10
48.76624336242676
 20
330.6409332265281
 10
48.75152807515656
 20
330.6396157023143
 10
48.73768584048945
 20
330.6381229449948
 10
48.72482200618946
 20
330.6364663153541
 10
48.71303447380296
 20
330.6346584213442
 10
48.70241295356897
 20
330.6327130221299
 10
48.69303828166987
 20
330.630644923374
 10
48.68498180501943
 20
330.6284698645569
 10
48.67830483826958
 20
330.6262043991894
 10
48.67305819716894
 20
330.6238657688309
 10
48.66928181182432
 20
330.6214717718706
 10
48.66700442280841
 20
330.6190406280708
 10
48.66624336242676
 20
330.6165908399038
  0
LWPOLYLINE
  5
654
330
4C9
100
AcDbEntity
  8
AM_9
100
AcDbPolyline
 90
       19
 70
     0
 43
0.0
 10
54.63624336242675
 20
330.6165908399038
 10
54.63548230204511
 20
330.6190406280708
 10
54.6332049130292
 20
330.6214717718706
 10
54.62942852768457
 20
330.6238657688309
 10
54.62418188658394
 20
330.6262043991894
 10
54.61750491983409
 20
330.6284698645569
 10
54.60944844318365
 20
330.630644923374
 10
54.60007377128456
 20
330.6327130221299
 10
54.58945225105056
 20
330.6346584213442
 10
54.57766471866407
 20
330.6364663153541
 10
54.56480088436408
 20
330.6381229449948
 10
54.55095864969697
 20
330.6396157023143
 10
54.53624336242676
 20
330.6409332265281
 10
54.5207670147749
 20
330.6420654904813
 10
54.5046473910919
 20
330.6430038769615
 10
54.48800717144727
 20
330.6437412442813
 10
54.47097299796015
 20
330.6442719806297
 10
54.4536745109763
 20
330.644592046783
 10
54.43624336242677
 20
330.6446990068443
  0
LINE
  5
655
330
4C9
100
AcDbEntity
  8
AM_9
100
AcDbLine
 10
8.857517159208115
 20
333.8940031051636
 30
0.0
 11
8.857517159208115
 21
331.5940031051636
 31
0.0
  0
LINE
  5
656
330
4C9
100
AcDbEntity
  8
AM_9
100
AcDbLine
 10
8.366243362426758
 20
333.8940031051636
 30
0.0
 11
8.366243362426758
 21
331.5940031051636
 31
0.0
  0
LINE
  5
657
330
4C9
100
AcDbEntity
  8
AM_9
100
AcDbLine
 10
32.8349695656454
 20
186.1940031051636
 30
0.0
 11
32.8349695656454
 21
183.8940031051636
 31
0.0
  0
LINE
  5
658
330
4C9
100
AcDbEntity
  8
AM_9
100
AcDbLine
 10
33.32624336242677
 20
186.1940031051636
 30
0.0
 11
33.32624336242677
 21
183.8940031051636
 31
0.0
  0
LINE
  5
659
330
4C9
100
AcDbEntity
  8
AM_9
100
AcDbLine
 10
28.8449695656454
 20
333.8940031051636
 30
0.0
 11
28.8449695656454
 21
331.5940031051636
 31
0.0
  0
LINE
  5
65A
330
4C9
100
AcDbEntity
  8
AM_9
100
AcDbLine
 10
29.33624336242675
 20
333.8940031051636
 30
0.0
 11
29.33624336242675
 21
331.5940031051636
 31
0.0
  0
LINE
  5
65B
330
4C9
100
AcDbEntity
  8
AM_9
100
AcDbLine
 10
17.34751715920811
 20
186.1940031051636
 30
0.0
 11
17.34751715920811
 21
183.8940031051636
 31
0.0
  0
LINE
  5
65C
330
4C9
100
AcDbEntity
  8
AM_9
100
AcDbLine
 10
16.85624336242676
 20
186.1940031051636
 30
0.0
 11
16.85624336242676
 21
183.8940031051636
 31
0.0
  0
LINE
  5
65D
330
4C9
100
AcDbEntity
  8
AM_9
100
AcDbLine
 10
26.81751715920812
 20
186.1940031051636
 30
0.0
 11
26.81751715920812
 21
183.8940031051636
 31
0.0
  0
LINE
  5
65E
330
4C9
100
AcDbEntity
  8
AM_9
100
AcDbLine
 10
22.82751715920811
 20
333.8940031051636
 30
0.0
 11
22.82751715920811
 21
331.5940031051636
 31
0.0
  0
LINE
  5
65F
330
4C9
100
AcDbEntity
  8
AM_9
100
AcDbLine
 10
18.8749695656454
 20
333.8940031051636
 30
0.0
 11
18.8749695656454
 21
331.5940031051636
 31
0.0
  0
LINE
  5
660
330
4C9
100
AcDbEntity
  8
AM_9
100
AcDbLine
 10
22.8649695656454
 20
186.1940031051636
 30
0.0
 11
22.8649695656454
 21
183.8940031051636
 31
0.0
  0
LINE
  5
661
330
4C9
100
AcDbEntity
  8
AM_9
100
AcDbLine
 10
11.86624336242675
 20
191.7923272777594
 30
0.0
 11
3.866243362426758
 21
191.7923272777594
 31
0.0
  0
LINE
  5
662
330
4C9
100
AcDbEntity
  8
AM_9
100
AcDbLine
 10
3.866243362426758
 20
186.6917258504192
 30
0.0
 11
11.86624336242675
 21
186.6917258504192
 31
0.0
  0
LINE
  5
663
330
4C9
100
AcDbEntity
  8
AM_9
100
AcDbLine
 10
11.86624336242675
 20
191.5953657271569
 30
0.0
 11
3.866243362426758
 21
191.5953657271569
 31
0.0
  0
LINE
  5
664
330
4C9
100
AcDbEntity
  8
AM_9
100
AcDbLine
 10
48.86624336242676
 20
330.921564451208
 30
0.0
 11
54.43624336242674
 21
330.921564451208
 31
0.0
  0
LWPOLYLINE
  5
665
330
4C9
100
AcDbEntity
  8
AM_9
100
AcDbPolyline
 90
       19
 70
     0
 43
0.0
 10
54.43624336242674
 20
330.921564451208
 10
54.45367451097627
 20
330.9216714112693
 10
54.47097299796013
 20
330.9219914774225
 10
54.48800717144725
 20
330.922522213771
 10
54.50464739109188
 20
330.9232595810907
 10
54.52076701477488
 20
330.924197967571
 10
54.53624336242675
 20
330.9253302315242
 10
54.55095864969695
 20
330.9266477557379
 10
54.56480088436406
 20
330.9281405130574
 10
54.57766471866406
 20
330.9297971426981
 10
54.58945225105055
 20
330.9316050367081
 10
54.60007377128456
 20
330.9335504359224
 10
54.60944844318364
 20
330.9356185346782
 10
54.61750491983409
 20
330.9377935934954
 10
54.62418188658394
 20
330.9400590588629
 10
54.62942852768457
 20
330.9423976892214
 10
54.6332049130292
 20
330.9447916861817
 10
54.63548230204511
 20
330.9472228299815
 10
54.63624336242675
 20
330.9496726181485
  0
LWPOLYLINE
  5
666
330
4C9
100
AcDbEntity
  8
AM_9
100
AcDbPolyline
 90
       19
 70
     0
 43
0.0
 10
48.66624336242676
 20
330.9496726181485
 10
48.66700442280841
 20
330.9472228299815
 10
48.66928181182432
 20
330.9447916861817
 10
48.67305819716894
 20
330.9423976892214
 10
48.67830483826958
 20
330.9400590588629
 10
48.68498180501943
 20
330.9377935934954
 10
48.69303828166988
 20
330.9356185346782
 10
48.70241295356897
 20
330.9335504359224
 10
48.71303447380296
 20
330.9316050367081
 10
48.72482200618946
 20
330.9297971426981
 10
48.73768584048946
 20
330.9281405130574
 10
48.75152807515656
 20
330.9266477557379
 10
48.76624336242677
 20
330.9253302315242
 10
48.78171971007863
 20
330.924197967571
 10
48.79783933376164
 20
330.9232595810907
 10
48.81447955340627
 20
330.922522213771
 10
48.83151372689339
 20
330.9219914774225
 10
48.84881221387725
 20
330.9216714112693
 10
48.86624336242678
 20
330.921564451208
  0
LINE
  5
667
330
4C9
100
AcDbEntity
  8
AM_9
100
AcDbLine
 10
11.86624336242675
 20
186.3973073777615
 30
0.0
 11
3.866243362426758
 21
186.3973073777615
 31
0.0
  0
LINE
  5
668
330
4C9
100
AcDbEntity
  8
AM_9
100
AcDbLine
 10
11.86624336242675
 20
191.4926139372472
 30
0.0
 11
3.866243362426758
 21
191.4926139372472
 31
0.0
  0
LINE
  5
669
330
4C9
100
AcDbEntity
  8
AM_9
100
AcDbLine
 10
11.86624336242675
 20
191.2956523866447
 30
0.0
 11
3.866243362426758
 21
191.2956523866447
 31
0.0
  0
LINE
  5
66A
330
4C9
100
AcDbEntity
  8
AM_9
100
AcDbLine
 10
11.86624336242675
 20
191.4956523866447
 30
0.0
 11
3.866243362426758
 21
191.4956523866447
 31
0.0
  0
LINE
  5
66B
330
4C9
100
AcDbEntity
  8
AM_9
100
AcDbLine
 10
54.43624336242676
 20
331.1984298955717
 30
0.0
 11
48.86624336242676
 21
331.1984298955717
 31
0.0
  0
LWPOLYLINE
  5
66C
330
4C9
100
AcDbEntity
  8
AM_9
100
AcDbPolyline
 90
       19
 70
     0
 43
0.0
 10
48.86624333032869
 20
331.1984298955717
 10
48.84881218190129
 20
331.1983229351172
 10
48.83151369528294
 20
331.1980028685738
 10
48.8144795224019
 20
331.1974721318411
 10
48.7978393035993
 20
331.1967347641461
 10
48.78171968098788
 20
331.1957963773023
 10
48.76624333462901
 20
331.1946641129999
 10
48.75152804886334
 20
331.1933465884542
 10
48.7376858159009
 20
331.1918538308225
 10
48.72482198349268
 20
331.1901972008917
 10
48.71303445317072
 20
331.1883893066159
 10
48.70241293515826
 20
331.186443907162
 10
48.69303826562083
 20
331.1843758081947
 10
48.68498179145419
 20
331.1822007491959
 10
48.67830482729139
 20
331.1799352836778
 10
48.67305818886135
 20
331.1775966532009
 10
48.66928180625055
 20
331.1752026561554
 10
48.66700442001088
 20
331.1727715123043
 10
48.66624336242676
 20
331.1703217286312
  0
LWPOLYLINE
  5
66D
330
4C9
100
AcDbEntity
  8
AM_9
100
AcDbPolyline
 90
       19
 70
     0
 43
0.0
 10
54.63624336242675
 20
331.1703217286312
 10
54.63548230204511
 20
331.1727715167982
 10
54.6332049130292
 20
331.175202660598
 10
54.62942852768457
 20
331.1775966575583
 10
54.62418188658394
 20
331.1799352879168
 10
54.61750491983409
 20
331.1822007532843
 10
54.60944844318364
 20
331.1843758121015
 10
54.60007377128456
 20
331.1864439108573
 10
54.58945225105055
 20
331.1883893100716
 10
54.57766471866407
 20
331.1901972040815
 10
54.56480088436406
 20
331.1918538337222
 10
54.55095864969697
 20
331.1933465910417
 10
54.53624336242675
 20
331.1946641152555
 10
54.52076701477489
 20
331.1957963792087
 10
54.50464739109189
 20
331.196734765689
 10
54.48800717144726
 20
331.1974721330087
 10
54.47097299796014
 20
331.1980028693571
 10
54.45367451097628
 20
331.1983229355104
 10
54.43624336242675
 20
331.1984298955717
  0
LINE
  5
66E
330
4C9
100
AcDbEntity
  8
AM_9
100
AcDbLine
 10
19.91624336242676
 20
333.8940031051636
 30
0.0
 11
19.91624336242676
 21
331.5940031051636
 31
0.0
  0
LINE
  5
66F
330
4C9
100
AcDbEntity
  8
AM_9
100
AcDbLine
 10
23.90624336242676
 20
186.1940031051636
 30
0.0
 11
23.90624336242676
 21
183.8940031051636
 31
0.0
  0
LINE
  5
670
330
4C9
100
AcDbEntity
  8
AM_9
100
AcDbLine
 10
24.40624336242675
 20
186.1940031051636
 30
0.0
 11
24.40624336242675
 21
183.8940031051636
 31
0.0
  0
LINE
  5
671
330
4C9
100
AcDbEntity
  8
AM_9
100
AcDbLine
 10
21.83624336242676
 20
333.8940031051636
 30
0.0
 11
21.83624336242676
 21
331.5940031051636
 31
0.0
  0
LINE
  5
672
330
4C9
100
AcDbEntity
  8
AM_9
100
AcDbLine
 10
20.41624336242676
 20
333.8940031051636
 30
0.0
 11
20.41624336242676
 21
331.5940031051636
 31
0.0
  0
LINE
  5
673
330
4C9
100
AcDbEntity
  8
AM_9
100
AcDbLine
 10
21.33624336242675
 20
333.8940031051636
 30
0.0
 11
21.33624336242675
 21
331.5940031051636
 31
0.0
  0
LINE
  5
674
330
4C9
100
AcDbEntity
  8
AM_9
100
AcDbLine
 10
25.82624336242677
 20
186.1940031051636
 30
0.0
 11
25.82624336242677
 21
183.8940031051636
 31
0.0
  0
LINE
  5
675
330
4C9
100
AcDbEntity
  8
AM_9
100
AcDbLine
 10
25.32624336242675
 20
186.1940031051636
 30
0.0
 11
25.32624336242675
 21
183.8940031051636
 31
0.0
  0
LINE
  5
676
330
4C9
100
AcDbEntity
  8
AM_9
100
AcDbLine
 10
11.86624336242675
 20
191.1223272777594
 30
0.0
 11
3.866243362426758
 21
191.1223272777594
 31
0.0
  0
LINE
  5
677
330
4C9
100
AcDbEntity
  8
AM_9
100
AcDbLine
 10
48.86624336242676
 20
331.4752953399354
 30
0.0
 11
54.43624336242674
 21
331.4752953399354
 31
0.0
  0
LINE
  5
678
330
4C9
100
AcDbEntity
  8
AM_9
100
AcDbLine
 10
11.86624336242675
 20
190.925365727157
 30
0.0
 11
3.866243362426758
 21
190.925365727157
 31
0.0
  0
LINE
  5
679
330
4C9
100
AcDbEntity
  8
AM_9
100
AcDbLine
 10
3.866243362426758
 20
186.0236798743886
 30
0.0
 11
11.86624336242675
 21
186.0236798743886
 31
0.0
  0
LWPOLYLINE
  5
67A
330
4C9
100
AcDbEntity
  8
AM_9
100
AcDbPolyline
 90
       19
 70
     0
 43
0.0
 10
54.43624336242674
 20
331.4752953399354
 10
54.45367451097627
 20
331.4754022999967
 10
54.47097299796013
 20
331.47572236615
 10
54.48800717144725
 20
331.4762531024984
 10
54.50464739109188
 20
331.4769904698181
 10
54.52076701477488
 20
331.4779288562984
 10
54.53624336242675
 20
331.4790611202516
 10
54.55095864969695
 20
331.4803786444654
 10
54.56480088436406
 20
331.4818714017849
 10
54.57766471866406
 20
331.4835280314255
 10
54.58945225105055
 20
331.4853359254355
 10
54.60007377128456
 20
331.4872813246498
 10
54.60944844318364
 20
331.4893494234057
 10
54.61750491983409
 20
331.4915244822228
 10
54.62418188658394
 20
331.4937899475902
 10
54.62942852768457
 20
331.4961285779488
 10
54.6332049130292
 20
331.4985225749091
 10
54.63548230204511
 20
331.500953718709
 10
54.63624336242675
 20
331.5034035068759
  0
LWPOLYLINE
  5
67B
330
4C9
100
AcDbEntity
  8
AM_9
100
AcDbPolyline
 90
       19
 70
     0
 43
0.0
 10
48.66624336242676
 20
331.5034035068759
 10
48.66700442280841
 20
331.500953718709
 10
48.66928181182432
 20
331.4985225749091
 10
48.67305819716894
 20
331.4961285779488
 10
48.67830483826958
 20
331.4937899475902
 10
48.68498180501943
 20
331.4915244822228
 10
48.69303828166988
 20
331.4893494234057
 10
48.70241295356897
 20
331.4872813246498
 10
48.71303447380296
 20
331.4853359254355
 10
48.72482200618946
 20
331.4835280314255
 10
48.73768584048946
 20
331.4818714017849
 10
48.75152807515656
 20
331.4803786444654
 10
48.76624336242677
 20
331.4790611202516
 10
48.78171971007863
 20
331.4779288562984
 10
48.79783933376164
 20
331.4769904698181
 10
48.81447955340627
 20
331.4762531024984
 10
48.83151372689339
 20
331.47572236615
 10
48.84881221387725
 20
331.4754022999967
 10
48.86624336242678
 20
331.4752953399354
  0
LINE
  5
67C
330
4C9
100
AcDbEntity
  8
AM_9
100
AcDbLine
 10
50.86624336242676
 20
188.3940031051636
 30
0.0
 11
58.36624336242676
 21
188.3940031051636
 31
0.0
  0
LINE
  5
67D
330
4C9
100
AcDbEntity
  8
AM_9
100
AcDbLine
 10
58.36624336242676
 20
191.3940031051636
 30
0.0
 11
50.86624336242676
 21
191.3940031051636
 31
0.0
  0
LWPOLYLINE
  5
67E
330
4C9
100
AcDbEntity
  8
AM_9
100
AcDbPolyline
 90
       19
 70
     0
 43
0.0
 10
48.86624333032869
 20
331.7521607842991
 10
48.84881218190129
 20
331.7520538238447
 10
48.83151369528294
 20
331.7517337573013
 10
48.8144795224019
 20
331.7512030205685
 10
48.7978393035993
 20
331.7504656528736
 10
48.78171968098788
 20
331.7495272660296
 10
48.76624333462901
 20
331.7483950017274
 10
48.75152804886334
 20
331.7470774771817
 10
48.7376858159009
 20
331.74558471955
 10
48.72482198349268
 20
331.7439280896191
 10
48.71303445317072
 20
331.7421201953433
 10
48.70241293515826
 20
331.7401747958895
 10
48.69303826562083
 20
331.7381066969222
 10
48.68498179145419
 20
331.7359316379233
 10
48.67830482729139
 20
331.7336661724052
 10
48.67305818886135
 20
331.7313275419284
 10
48.66928180625055
 20
331.7289335448829
 10
48.66700442001088
 20
331.7265024010317
 10
48.66624336242676
 20
331.7240526173587
  0
LINE
  5
67F
330
4C9
100
AcDbEntity
  8
AM_9
100
AcDbLine
 10
54.43624336242676
 20
331.7521607842991
 30
0.0
 11
48.86624336242676
 21
331.7521607842991
 31
0.0
  0
LWPOLYLINE
  5
680
330
4C9
100
AcDbEntity
  8
AM_9
100
AcDbPolyline
 90
       19
 70
     0
 43
0.0
 10
54.63624336242675
 20
331.7240526173587
 10
54.63548230204511
 20
331.7265024055256
 10
54.6332049130292
 20
331.7289335493254
 10
54.62942852768457
 20
331.7313275462857
 10
54.62418188658394
 20
331.7336661766442
 10
54.61750491983409
 20
331.7359316420118
 10
54.60944844318364
 20
331.7381067008289
 10
54.60007377128456
 20
331.7401747995847
 10
54.58945225105055
 20
331.742120198799
 10
54.57766471866407
 20
331.743928092809
 10
54.56480088436406
 20
331.7455847224496
 10
54.55095864969697
 20
331.7470774797691
 10
54.53624336242676
 20
331.7483950039829
 10
54.5207670147749
 20
331.7495272679361
 10
54.50464739109189
 20
331.7504656544164
 10
54.48800717144726
 20
331.7512030217361
 10
54.47097299796015
 20
331.7517337580846
 10
54.45367451097628
 20
331.7520538242378
 10
54.43624336242675
 20
331.7521607842991
  0
LINE
  5
681
330
4C9
100
AcDbEntity
  8
AM_9
100
AcDbLine
 10
11.86624336242675
 20
185.7292614017308
 30
0.0
 11
3.866243362426758
 21
185.7292614017308
 31
0.0
  0
LINE
  5
682
330
4C9
100
AcDbEntity
  8
AM_9
100
AcDbLine
 10
58.36624336242676
 20
188.3940031051636
 30
0.0
 11
58.86624336242676
 21
187.8940031051636
 31
0.0
  0
LINE
  5
683
330
4C9
100
AcDbEntity
  8
AM_9
100
AcDbLine
 10
58.86624336242676
 20
191.8940031051636
 30
0.0
 11
58.36624336242676
 21
191.3940031051636
 31
0.0
  0
LINE
  5
684
330
4C9
100
AcDbEntity
  8
AM_9
100
AcDbLine
 10
58.36624336242676
 20
191.3940031051636
 30
0.0
 11
58.36624336242676
 21
188.3940031051636
 31
0.0
  0
LINE
  5
685
330
4C9
100
AcDbEntity
  8
AM_9
100
AcDbLine
 10
11.86624336242675
 20
190.8226139372472
 30
0.0
 11
3.866243362426758
 21
190.8226139372472
 31
0.0
  0
LINE
  5
686
330
4C9
100
AcDbEntity
  8
AM_9
100
AcDbLine
 10
11.86624336242675
 20
190.6256523866447
 30
0.0
 11
3.866243362426758
 21
190.6256523866447
 31
0.0
  0
LINE
  5
687
330
4C9
100
AcDbEntity
  8
AM_9
100
AcDbLine
 10
11.86624336242675
 20
190.8256523866447
 30
0.0
 11
3.866243362426758
 21
190.8256523866447
 31
0.0
  0
LINE
  5
688
330
4C9
100
AcDbEntity
  8
AM_9
100
AcDbLine
 10
50.86624336242676
 20
186.4440031051636
 30
0.0
 11
58.86624336242676
 21
186.4440031051636
 31
0.0
  0
LINE
  5
689
330
4C9
100
AcDbEntity
  8
AM_9
100
AcDbLine
 10
58.86624336242676
 20
193.3440031051636
 30
0.0
 11
50.86624336242676
 21
193.3440031051636
 31
0.0
  0
LINE
  5
68A
330
4C9
100
AcDbEntity
  8
AM_9
100
AcDbLine
 10
50.86624336242676
 20
186.0290031051636
 30
0.0
 11
58.86624336242676
 21
186.0290031051636
 31
0.0
  0
LINE
  5
68B
330
4C9
100
AcDbEntity
  8
AM_9
100
AcDbLine
 10
58.86624336242676
 20
193.7590031051636
 30
0.0
 11
50.86624336242676
 21
193.7590031051636
 31
0.0
  0
LINE
  5
68C
330
4C9
100
AcDbEntity
  8
AM_9
100
AcDbLine
 10
50.86624336242676
 20
193.7590031051636
 30
0.0
 11
50.86624336242676
 21
186.0290031051636
 31
0.0
  0
LINE
  5
68D
330
4C9
100
AcDbEntity
  8
AM_9
100
AcDbLine
 10
48.86624336242676
 20
332.0290262286628
 30
0.0
 11
54.43624336242674
 21
332.0290262286628
 31
0.0
  0
LWPOLYLINE
  5
68E
330
4C9
100
AcDbEntity
  8
AM_9
100
AcDbPolyline
 90
       19
 70
     0
 43
0.0
 10
54.43624332884123
 20
332.0290262286628
 10
54.45367447751856
 20
332.0291331883127
 10
54.47097296488485
 20
332.0294532540577
 10
54.48800713900613
 20
332.0299839900042
 10
54.50464735953182
 20
332.0307213569311
 10
54.52076698433608
 20
332.031659743031
 10
54.53624333334083
 20
332.0327920066189
 10
54.55095862218531
 20
332.0341095304854
 10
54.56480085863606
 20
332.0356022874782
 10
54.57766469491551
 20
332.0372589168153
 10
54.5894522294622
 20
332.0390668105471
 10
54.60007375202069
 20
332.0410122095107
 10
54.60944842639088
 20
332.0430803080453
 10
54.61750490564023
 20
332.0452553666723
 10
54.62418187509701
 20
332.0475208318822
 10
54.629428518992
 20
332.0498594621168
 10
54.63320490719713
 20
332.0522534589881
 10
54.63548229911793
 20
332.0546846027341
 10
54.63624336242675
 20
332.0571343908832
  0
LWPOLYLINE
  5
68F
330
4C9
100
AcDbEntity
  8
AM_9
100
AcDbPolyline
 90
       19
 70
     0
 43
0.0
 10
48.66624336242676
 20
332.0571343956033
 10
48.66700442280841
 20
332.0546846074363
 10
48.66928181182432
 20
332.0522534636365
 10
48.67305819716894
 20
332.0498594666761
 10
48.67830483826958
 20
332.0475208363177
 10
48.68498180501943
 20
332.0452553709502
 10
48.69303828166988
 20
332.043080312133
 10
48.70241295356897
 20
332.0410122133773
 10
48.71303447380296
 20
332.0390668141629
 10
48.72482200618946
 20
332.0372589201529
 10
48.73768584048946
 20
332.0356022905123
 10
48.75152807515656
 20
332.0341095331928
 10
48.76624336242677
 20
332.032792008979
 10
48.78171971007863
 20
332.0316597450258
 10
48.79783933376164
 20
332.0307213585455
 10
48.81447955340627
 20
332.0299839912258
 10
48.83151372689339
 20
332.0294532548774
 10
48.84881221387725
 20
332.0291331887241
 10
48.86624336242678
 20
332.0290262286628
  0
LINE
  5
690
330
4C9
100
AcDbEntity
  8
AM_9
100
AcDbLine
 10
11.86624336242675
 20
190.4523272777594
 30
0.0
 11
3.407633562352235
 21
190.4523272777594
 31
0.0
  0
LINE
  5
691
330
4C9
100
AcDbEntity
  8
AM_9
100
AcDbLine
 10
11.86624336242675
 20
190.2553657271569
 30
0.0
 11
3.406443648230212
 21
190.2553657271569
 31
0.0
  0
LINE
  5
692
330
4C9
100
AcDbEntity
  8
AM_9
100
AcDbLine
 10
3.866243362426758
 20
185.355633898358
 30
0.0
 11
11.86624336242675
 21
185.355633898358
 31
0.0
  0
LINE
  5
693
330
4C9
100
AcDbEntity
  8
AM_9
100
AcDbLine
 10
17.37624336242676
 20
186.1940031051636
 30
0.0
 11
17.37624336242676
 21
183.8940031051636
 31
0.0
  0
LINE
  5
694
330
4C9
100
AcDbEntity
  8
AM_9
100
AcDbLine
 10
20.33624336242676
 20
186.1940031051636
 30
0.0
 11
20.33624336242676
 21
183.8940031051636
 31
0.0
  0
LINE
  5
695
330
4C9
100
AcDbEntity
  8
AM_9
100
AcDbLine
 10
26.33624336242676
 20
186.1940031051636
 30
0.0
 11
26.33624336242676
 21
183.8940031051636
 31
0.0
  0
LINE
  5
696
330
4C9
100
AcDbEntity
  8
AM_9
100
AcDbLine
 10
23.35624336242676
 20
186.1940031051636
 30
0.0
 11
23.35624336242676
 21
183.8940031051636
 31
0.0
  0
LINE
  5
697
330
4C9
100
AcDbEntity
  8
AM_9
100
AcDbLine
 10
25.41624336242676
 20
333.8940031051636
 30
0.0
 11
25.41624336242676
 21
331.5940031051636
 31
0.0
  0
LINE
  5
698
330
4C9
100
AcDbEntity
  8
AM_9
100
AcDbLine
 10
19.33624336242676
 20
186.1940031051636
 30
0.0
 11
19.33624336242676
 21
183.8940031051636
 31
0.0
  0
LINE
  5
699
330
4C9
100
AcDbEntity
  8
AM_9
100
AcDbLine
 10
18.37624336242677
 20
186.1940031051636
 30
0.0
 11
18.37624336242677
 21
183.8940031051636
 31
0.0
  0
LINE
  5
69A
330
4C9
100
AcDbEntity
  8
AM_9
100
AcDbLine
 10
13.37624336242676
 20
333.8940031051636
 30
0.0
 11
13.37624336242676
 21
331.5940031051636
 31
0.0
  0
LINE
  5
69B
330
4C9
100
AcDbEntity
  8
AM_9
100
AcDbLine
 10
16.33624336242676
 20
333.8940031051636
 30
0.0
 11
16.33624336242676
 21
331.5940031051636
 31
0.0
  0
LINE
  5
69C
330
4C9
100
AcDbEntity
  8
AM_9
100
AcDbLine
 10
26.41624336242677
 20
333.8940031051636
 30
0.0
 11
26.41624336242677
 21
331.5940031051636
 31
0.0
  0
LINE
  5
69D
330
4C9
100
AcDbEntity
  8
AM_9
100
AcDbLine
 10
32.37624336242676
 20
186.1940031051636
 30
0.0
 11
32.37624336242676
 21
183.8940031051636
 31
0.0
  0
LINE
  5
69E
330
4C9
100
AcDbEntity
  8
AM_9
100
AcDbLine
 10
14.37624336242677
 20
333.8940031051636
 30
0.0
 11
14.37624336242677
 21
331.5940031051636
 31
0.0
  0
LINE
  5
69F
330
4C9
100
AcDbEntity
  8
AM_9
100
AcDbLine
 10
15.33624336242676
 20
333.8940031051636
 30
0.0
 11
15.33624336242676
 21
331.5940031051636
 31
0.0
  0
LINE
  5
6A0
330
4C9
100
AcDbEntity
  8
AM_9
100
AcDbLine
 10
27.37624336242676
 20
333.8940031051636
 30
0.0
 11
27.37624336242676
 21
331.5940031051636
 31
0.0
  0
LINE
  5
6A1
330
4C9
100
AcDbEntity
  8
AM_9
100
AcDbLine
 10
28.37624336242676
 20
333.8940031051636
 30
0.0
 11
28.37624336242676
 21
331.5940031051636
 31
0.0
  0
LINE
  5
6A2
330
4C9
100
AcDbEntity
  8
AM_9
100
AcDbLine
 10
31.37624336242676
 20
186.1940031051636
 30
0.0
 11
31.37624336242676
 21
183.8940031051636
 31
0.0
  0
LINE
  5
6A3
330
4C9
100
AcDbEntity
  8
AM_9
100
AcDbLine
 10
30.41624336242676
 20
186.1940031051636
 30
0.0
 11
30.41624336242676
 21
183.8940031051636
 31
0.0
  0
LINE
  5
6A4
330
4C9
100
AcDbEntity
  8
AM_9
100
AcDbLine
 10
29.41624336242675
 20
186.1940031051636
 30
0.0
 11
29.41624336242675
 21
183.8940031051636
 31
0.0
  0
LWPOLYLINE
  5
6A5
330
4C9
100
AcDbEntity
  8
AM_9
100
AcDbPolyline
 90
       19
 70
     0
 43
0.0
 10
48.86624336242676
 20
332.3058916730265
 10
48.84881221387724
 20
332.3057847129652
 10
48.83151372689338
 20
332.305464646812
 10
48.81447955340626
 20
332.3049339104635
 10
48.79783933376163
 20
332.3041965431438
 10
48.78171971007862
 20
332.3032581566636
 10
48.76624336242676
 20
332.3021258927103
 10
48.75152807515656
 20
332.3008083684965
 10
48.73768584048945
 20
332.2993156111771
 10
48.72482200618946
 20
332.2976589815364
 10
48.71303447380296
 20
332.2958510875264
 10
48.70241295356897
 20
332.2939056883121
 10
48.69303828166987
 20
332.2918375895563
 10
48.68498180501943
 20
332.2896625307392
 10
48.67830483826958
 20
332.2873970653717
 10
48.67305819716894
 20
332.2850584350132
 10
48.66928181182432
 20
332.2826644380528
 10
48.66700442280841
 20
332.280233294253
 10
48.66624336242676
 20
332.2777835060861
  0
LWPOLYLINE
  5
6A6
330
4C9
100
AcDbEntity
  8
AM_9
100
AcDbPolyline
 90
       19
 70
     0
 43
0.0
 10
54.63624336242675
 20
332.2777835060861
 10
54.63548230204511
 20
332.280233294253
 10
54.6332049130292
 20
332.2826644380528
 10
54.62942852768457
 20
332.2850584350132
 10
54.62418188658394
 20
332.2873970653717
 10
54.61750491983409
 20
332.2896625307392
 10
54.60944844318365
 20
332.2918375895563
 10
54.60007377128456
 20
332.2939056883121
 10
54.58945225105056
 20
332.2958510875264
 10
54.57766471866407
 20
332.2976589815364
 10
54.56480088436407
 20
332.2993156111771
 10
54.55095864969697
 20
332.3008083684965
 10
54.53624336242676
 20
332.3021258927103
 10
54.5207670147749
 20
332.3032581566636
 10
54.50464739109189
 20
332.3041965431438
 10
54.48800717144726
 20
332.3049339104635
 10
54.47097299796015
 20
332.305464646812
 10
54.45367451097629
 20
332.3057847129652
 10
54.43624336242676
 20
332.3058916730265
  0
LINE
  5
6A7
330
4C9
100
AcDbEntity
  8
AM_9
100
AcDbLine
 10
54.43624336242676
 20
332.3058916730265
 30
0.0
 11
48.86624336242676
 21
332.3058916730265
 31
0.0
  0
LINE
  5
6A8
330
4C9
100
AcDbEntity
  8
AM_9
100
AcDbLine
 10
28.71624336242676
 20
333.8940031051636
 30
0.0
 11
28.71624336242676
 21
331.5940031051636
 31
0.0
  0
LINE
  5
6A9
330
4C9
100
AcDbEntity
  8
AM_9
100
AcDbLine
 10
29.01624336242676
 20
333.8940031051636
 30
0.0
 11
29.01624336242676
 21
331.5940031051636
 31
0.0
  0
LINE
  5
6AA
330
4C9
100
AcDbEntity
  8
AM_9
100
AcDbLine
 10
25.54624336242674
 20
333.8940031051636
 30
0.0
 11
25.54624336242674
 21
331.5940031051636
 31
0.0
  0
LINE
  5
6AB
330
4C9
100
AcDbEntity
  8
AM_9
100
AcDbLine
 10
25.24624336242676
 20
333.8940031051636
 30
0.0
 11
25.24624336242676
 21
331.5940031051636
 31
0.0
  0
LINE
  5
6AC
330
4C9
100
AcDbEntity
  8
AM_9
100
AcDbLine
 10
32.71624336242676
 20
186.1940031051636
 30
0.0
 11
32.71624336242676
 21
183.8940031051636
 31
0.0
  0
LINE
  5
6AD
330
4C9
100
AcDbEntity
  8
AM_9
100
AcDbLine
 10
33.01624336242676
 20
186.1940031051636
 30
0.0
 11
33.01624336242676
 21
183.8940031051636
 31
0.0
  0
LINE
  5
6AE
330
4C9
100
AcDbEntity
  8
AM_9
100
AcDbLine
 10
29.54624336242674
 20
186.1940031051636
 30
0.0
 11
29.54624336242674
 21
183.8940031051636
 31
0.0
  0
LINE
  5
6AF
330
4C9
100
AcDbEntity
  8
AM_9
100
AcDbLine
 10
29.24624336242676
 20
186.1940031051636
 30
0.0
 11
29.24624336242676
 21
183.8940031051636
 31
0.0
  0
LINE
  5
6B0
330
4C9
100
AcDbEntity
  8
AM_9
100
AcDbLine
 10
16.50624336242675
 20
333.8940031051636
 30
0.0
 11
16.50624336242675
 21
331.5940031051636
 31
0.0
  0
LINE
  5
6B1
330
4C9
100
AcDbEntity
  8
AM_9
100
AcDbLine
 10
16.20624336242676
 20
333.8940031051636
 30
0.0
 11
16.20624336242676
 21
331.5940031051636
 31
0.0
  0
LINE
  5
6B2
330
4C9
100
AcDbEntity
  8
AM_9
100
AcDbLine
 10
20.20624336242675
 20
186.1940031051636
 30
0.0
 11
20.20624336242675
 21
183.8940031051636
 31
0.0
  0
LINE
  5
6B3
330
4C9
100
AcDbEntity
  8
AM_9
100
AcDbLine
 10
20.50624336242675
 20
186.1940031051636
 30
0.0
 11
20.50624336242675
 21
183.8940031051636
 31
0.0
  0
LINE
  5
6B4
330
4C9
100
AcDbEntity
  8
AM_9
100
AcDbLine
 10
13.03624336242675
 20
333.8940031051636
 30
0.0
 11
13.03624336242675
 21
331.5940031051636
 31
0.0
  0
LINE
  5
6B5
330
4C9
100
AcDbEntity
  8
AM_9
100
AcDbLine
 10
8.366243362426758
 20
331.5940031051636
 30
0.0
 11
29.33624336242675
 21
331.5940031051636
 31
0.0
  0
LINE
  5
6B6
330
4C9
100
AcDbEntity
  8
AM_9
100
AcDbLine
 10
12.73624336242676
 20
333.8940031051636
 30
0.0
 11
12.73624336242676
 21
331.5940031051636
 31
0.0
  0
LINE
  5
6B7
330
4C9
100
AcDbEntity
  8
AM_9
100
AcDbLine
 10
17.03624336242675
 20
186.1940031051636
 30
0.0
 11
17.03624336242675
 21
183.8940031051636
 31
0.0
  0
LINE
  5
6B8
330
4C9
100
AcDbEntity
  8
AM_9
100
AcDbLine
 10
16.73624336242676
 20
186.1940031051636
 30
0.0
 11
33.32624336242677
 21
186.1940031051636
 31
0.0
  0
LINE
  5
6B9
330
4C9
100
AcDbEntity
  8
AM_9
100
AcDbLine
 10
16.73624336242676
 20
186.1940031051636
 30
0.0
 11
16.73624336242676
 21
183.8940031051636
 31
0.0
  0
LWPOLYLINE
  5
6BA
330
4C9
100
AcDbEntity
  8
AM_9
100
AcDbPolyline
 90
        5
 70
     0
 43
0.0
 10
3.866243362426786
 20
188.8466368946379
 10
3.823173217974947
 20
189.2123391812515
 10
3.742316033859662
 20
189.4635486758168
 10
3.617255413062953
 20
189.7043638708512
 10
3.616243367762671
 20
189.7059454548877
  0
LINE
  5
6BB
330
4C9
100
AcDbEntity
  8
AM_9
100
AcDbLine
 10
11.86624336242675
 20
185.0612154257003
 30
0.0
 11
3.866243362426758
 21
185.0612154257003
 31
0.0
  0
LINE
  5
6BC
330
4C9
100
AcDbEntity
  8
AM_9
100
AcDbLine
 10
11.86624336242675
 20
190.1526139372472
 30
0.0
 11
3.366243362426758
 21
190.1526139372472
 31
0.0
  0
LINE
  5
6BD
330
4C9
100
AcDbEntity
  8
AM_9
100
AcDbLine
 10
11.86624336242675
 20
189.9556523866447
 30
0.0
 11
3.366243362426758
 21
189.9556523866447
 31
0.0
  0
LINE
  5
6BE
330
4C9
100
AcDbEntity
  8
AM_9
100
AcDbLine
 10
11.86624336242675
 20
190.1556523866447
 30
0.0
 11
3.366243362426758
 21
190.1556523866447
 31
0.0
  0
LINE
  5
6BF
330
4C9
100
AcDbEntity
  8
AM_9
100
AcDbLine
 10
48.86624336242676
 20
332.5827571173902
 30
0.0
 11
54.43624336242674
 21
332.5827571173902
 31
0.0
  0
LWPOLYLINE
  5
6C0
330
4C9
100
AcDbEntity
  8
AM_9
100
AcDbPolyline
 90
       19
 70
     0
 43
0.0
 10
54.43624336242674
 20
332.5827571173902
 10
54.45367451097627
 20
332.5828640774515
 10
54.47097299796013
 20
332.5831841436047
 10
54.48800717144725
 20
332.5837148799533
 10
54.50464739109188
 20
332.5844522472729
 10
54.52076701477488
 20
332.5853906337533
 10
54.53624336242675
 20
332.5865228977065
 10
54.55095864969695
 20
332.5878404219202
 10
54.56480088436406
 20
332.5893331792397
 10
54.57766471866406
 20
332.5909898088804
 10
54.58945225105055
 20
332.5927977028904
 10
54.60007377128456
 20
332.5947431021046
 10
54.60944844318364
 20
332.5968112008605
 10
54.61750491983409
 20
332.5989862596776
 10
54.62418188658394
 20
332.6012517250451
 10
54.62942852768457
 20
332.6035903554036
 10
54.6332049130292
 20
332.605984352364
 10
54.63548230204511
 20
332.6084154961637
 10
54.63624336242675
 20
332.6108652843307
  0
LWPOLYLINE
  5
6C1
330
4C9
100
AcDbEntity
  8
AM_9
100
AcDbPolyline
 90
       19
 70
     0
 43
0.0
 10
48.66624336242676
 20
332.6108652843307
 10
48.66700442280841
 20
332.6084154961637
 10
48.66928181182432
 20
332.605984352364
 10
48.67305819716894
 20
332.6035903554036
 10
48.67830483826958
 20
332.6012517250451
 10
48.68498180501943
 20
332.5989862596776
 10
48.69303828166988
 20
332.5968112008605
 10
48.70241295356897
 20
332.5947431021046
 10
48.71303447380296
 20
332.5927977028904
 10
48.72482200618946
 20
332.5909898088804
 10
48.73768584048946
 20
332.5893331792397
 10
48.75152807515656
 20
332.5878404219202
 10
48.76624336242677
 20
332.5865228977065
 10
48.78171971007863
 20
332.5853906337533
 10
48.79783933376164
 20
332.5844522472729
 10
48.81447955340627
 20
332.5837148799533
 10
48.83151372689339
 20
332.5831841436047
 10
48.84881221387725
 20
332.5828640774515
 10
48.86624336242678
 20
332.5827571173902
  0
LINE
  5
6C2
330
4C9
100
AcDbEntity
  8
AM_9
100
AcDbLine
 10
11.86624336242675
 20
189.7823272777594
 30
0.0
 11
3.366243362426758
 21
189.7823272777594
 31
0.0
  0
LINE
  5
6C3
330
4C9
100
AcDbEntity
  8
AM_9
100
AcDbLine
 10
26.86624336242676
 20
336.3940031051636
 30
0.0
 11
26.86624336242676
 21
333.8940031051636
 31
0.0
  0
LINE
  5
6C4
330
4C9
100
AcDbEntity
  8
AM_9
100
AcDbLine
 10
19.36624336242676
 20
333.8940031051636
 30
0.0
 11
19.36624336242676
 21
331.5940031051636
 31
0.0
  0
LINE
  5
6C5
330
4C9
100
AcDbEntity
  8
AM_9
100
AcDbLine
 10
22.34624336242676
 20
331.5940031051636
 30
0.0
 11
22.34624336242676
 21
333.8940031051636
 31
0.0
  0
LINE
  5
6C6
330
4C9
100
AcDbEntity
  8
AM_9
100
AcDbLine
 10
14.83624336242676
 20
184.6950604723949
 30
0.0
 11
11.86624336242675
 21
184.6950604723949
 31
0.0
  0
LINE
  5
6C7
330
4C9
100
AcDbEntity
  8
AM_9
100
AcDbLine
 10
8.866243362426758
 20
183.8940031051636
 30
0.0
 11
8.866243362426758
 21
181.3940031051636
 31
0.0
  0
LINE
  5
6C8
330
4C9
100
AcDbEntity
  8
AM_9
100
AcDbLine
 10
26.86624336242676
 20
183.8940031051636
 30
0.0
 11
26.86624336242676
 21
181.3940031051636
 31
0.0
  0
LINE
  5
6C9
330
4C9
100
AcDbEntity
  8
AM_9
100
AcDbLine
 10
14.83624336242676
 20
183.8940031051636
 30
0.0
 11
14.83624336242676
 21
196.4269640783014
 31
0.0
  0
LINE
  5
6CA
330
4C9
100
AcDbEntity
  8
AM_9
100
AcDbLine
 10
11.86624336242675
 20
200.2056523866447
 30
0.0
 11
11.86624336242675
 21
183.8940031051636
 31
0.0
  0
LINE
  5
6CB
330
4C9
100
AcDbEntity
  8
AM_9
100
AcDbLine
 10
11.86624336242675
 20
189.585365727157
 30
0.0
 11
3.366243362426758
 21
189.585365727157
 31
0.0
  0
LINE
  5
6CC
330
4C9
100
AcDbEntity
  8
AM_9
100
AcDbLine
 10
8.816243362426764
 20
183.8940031051636
 30
0.0
 11
8.816243362426771
 21
184.6875879223274
 31
0.0
  0
LINE
  5
6CD
330
4C9
100
AcDbEntity
  8
AM_9
100
AcDbLine
 10
3.866243362426754
 20
184.6875879223274
 30
0.0
 11
8.816243362426771
 21
184.6875879223274
 31
0.0
  0
LWPOLYLINE
  5
6CE
330
4C9
100
AcDbEntity
  8
AM_9
100
AcDbPolyline
 90
       19
 70
     0
 43
0.0
 10
48.86624336242676
 20
332.859622561754
 10
48.84881221387724
 20
332.8595156016927
 10
48.83151372689338
 20
332.8591955355394
 10
48.81447955340626
 20
332.8586647991909
 10
48.79783933376163
 20
332.8579274318712
 10
48.78171971007862
 20
332.8569890453909
 10
48.76624336242676
 20
332.8558567814378
 10
48.75152807515656
 20
332.854539257224
 10
48.73768584048945
 20
332.8530464999045
 10
48.72482200618946
 20
332.8513898702638
 10
48.71303447380296
 20
332.8495819762538
 10
48.70241295356897
 20
332.8476365770396
 10
48.69303828166987
 20
332.8455684782837
 10
48.68498180501943
 20
332.8433934194666
 10
48.67830483826958
 20
332.8411279540991
 10
48.67305819716894
 20
332.8387893237406
 10
48.66928181182432
 20
332.8363953267802
 10
48.66700442280841
 20
332.8339641829804
 10
48.66624336242676
 20
332.8315143948134
  0
LINE
  5
6CF
330
4C9
100
AcDbEntity
  8
AM_9
100
AcDbLine
 10
54.43624336242676
 20
332.859622561754
 30
0.0
 11
48.86624336242676
 21
332.859622561754
 31
0.0
  0
LWPOLYLINE
  5
6D0
330
4C9
100
AcDbEntity
  8
AM_9
100
AcDbPolyline
 90
       19
 70
     0
 43
0.0
 10
54.63624336242675
 20
332.8315143948134
 10
54.63548230204511
 20
332.8339641829804
 10
54.6332049130292
 20
332.8363953267802
 10
54.62942852768457
 20
332.8387893237406
 10
54.62418188658394
 20
332.8411279540991
 10
54.61750491983409
 20
332.8433934194666
 10
54.60944844318365
 20
332.8455684782837
 10
54.60007377128456
 20
332.8476365770396
 10
54.58945225105056
 20
332.8495819762538
 10
54.57766471866407
 20
332.8513898702638
 10
54.56480088436407
 20
332.8530464999045
 10
54.55095864969697
 20
332.854539257224
 10
54.53624336242676
 20
332.8558567814378
 10
54.5207670147749
 20
332.8569890453909
 10
54.50464739109189
 20
332.8579274318712
 10
54.48800717144726
 20
332.8586647991909
 10
54.47097299796015
 20
332.8591955355394
 10
54.45367451097629
 20
332.8595156016927
 10
54.43624336242676
 20
332.859622561754
  0
LINE
  5
6D1
330
4C9
100
AcDbEntity
  8
AM_9
100
AcDbLine
 10
54.43624336242676
 20
323.8940031051635
 30
0.0
 11
54.43624336242676
 21
332.859622561754
 31
0.0
  0
LWPOLYLINE
  5
6D2
330
4C9
100
AcDbEntity
  8
AM_9
100
AcDbPolyline
 90
        6
 70
     0
 43
0.0
 10
3.407633562352235
 20
190.4523272777594
 10
3.397846432180305
 20
190.4309531502531
 10
3.394038673348934
 20
190.3905901658074
 10
3.395781670833475
 20
190.3360431252253
 10
3.403240014938532
 20
190.2734081195681
 10
3.406443648230212
 20
190.2553657271569
  0
LWPOLYLINE
  5
6D3
330
4C9
100
AcDbEntity
  8
AM_9
100
AcDbPolyline
 90
        3
 70
     0
 43
0.0
 10
3.406443648230212
 20
190.2553657271569
 10
3.538813159711825
 20
189.8449040590617
 10
3.616243367762671
 20
189.7059454548877
  0
LINE
  5
6D4
330
4C9
100
AcDbEntity
  8
AM_9
100
AcDbLine
 10
3.616243367762856
 20
188.6515400635143
 30
0.0
 11
3.616243367762856
 21
188.8367313111835
 31
0.0
  0
LWPOLYLINE
  5
6D5
330
4C9
100
AcDbEntity
  8
AM_9
100
AcDbPolyline
 90
        4
 70
     0
 43
0.0
 10
3.616243367762856
 20
190.5440747212531
 10
3.499574600481804
 20
190.5054812903266
 10
3.420581217353785
 20
190.4625977266127
 10
3.407633562352235
 20
190.4523272777594
  0
LINE
  5
6D6
330
4C9
100
AcDbEntity
  8
AM_9
100
AcDbLine
 10
48.86624336242676
 20
333.1364880061177
 30
0.0
 11
54.63624336242674
 21
333.1364880061177
 31
0.0
  0
LWPOLYLINE
  5
6D7
330
4C9
100
AcDbEntity
  8
AM_9
100
AcDbPolyline
 90
       19
 70
     0
 43
0.0
 10
54.63624336242674
 20
333.1364880061177
 10
54.65367451097627
 20
333.136594966179
 10
54.67097299796013
 20
333.1369150323322
 10
54.68800717144725
 20
333.1374457686807
 10
54.70464739109188
 20
333.1381831360004
 10
54.72076701477488
 20
333.1391215224807
 10
54.73624336242675
 20
333.1402537864338
 10
54.75095864969695
 20
333.1415713106476
 10
54.76480088436406
 20
333.1430640679671
 10
54.77766471866406
 20
333.1447206976078
 10
54.78945225105055
 20
333.1465285916178
 10
54.80007377128455
 20
333.1484739908321
 10
54.80944844318364
 20
333.1505420895879
 10
54.81750491983408
 20
333.152717148405
 10
54.82418188658394
 20
333.1549826137725
 10
54.82942852768457
 20
333.157321244131
 10
54.8332049130292
 20
333.1597152410914
 10
54.83548230204511
 20
333.1621463848912
 10
54.83624336242676
 20
333.1645961730582
  0
LWPOLYLINE
  5
6D8
330
4C9
100
AcDbEntity
  8
AM_9
100
AcDbPolyline
 90
       19
 70
     0
 43
0.0
 10
48.66624336242676
 20
333.1645961730582
 10
48.66700442280841
 20
333.1621463848912
 10
48.66928181182432
 20
333.1597152410914
 10
48.67305819716894
 20
333.157321244131
 10
48.67830483826958
 20
333.1549826137725
 10
48.68498180501943
 20
333.152717148405
 10
48.69303828166988
 20
333.1505420895879
 10
48.70241295356897
 20
333.1484739908321
 10
48.71303447380296
 20
333.1465285916178
 10
48.72482200618946
 20
333.1447206976078
 10
48.73768584048946
 20
333.1430640679671
 10
48.75152807515656
 20
333.1415713106476
 10
48.76624336242677
 20
333.1402537864338
 10
48.78171971007863
 20
333.1391215224807
 10
48.79783933376164
 20
333.1381831360004
 10
48.81447955340627
 20
333.1374457686807
 10
48.83151372689339
 20
333.1369150323322
 10
48.84881221387725
 20
333.136594966179
 10
48.86624336242678
 20
333.1364880061177
  0
LWPOLYLINE
  5
6D9
330
4C9
100
AcDbEntity
  8
AM_9
100
AcDbPolyline
 90
        3
 70
     0
 43
0.0
 10
3.616243367762856
 20
190.5440747212531
 10
3.8185072529539
 20
190.6247987964313
 10
3.866243362428179
 20
190.6906115893048
  0
LINE
  5
6DA
330
4C9
100
AcDbEntity
  8
AM_9
100
AcDbLine
 10
55.66624336242675
 20
322.2940031051635
 30
0.0
 11
58.36624336242676
 21
322.2940031051635
 31
0.0
  0
LINE
  5
6DB
330
4C9
100
AcDbEntity
  8
AM_9
100
AcDbLine
 10
58.36624336242676
 20
324.8940031051636
 30
0.0
 11
55.66624336242675
 21
324.8940031051636
 31
0.0
  0
LINE
  5
6DC
330
4C9
100
AcDbEntity
  8
AM_9
100
AcDbLine
 10
55.66624336242675
 20
324.8940031051636
 30
0.0
 11
55.66624336242675
 21
322.2940031051635
 31
0.0
  0
LINE
  5
6DD
330
4C9
100
AcDbEntity
  8
AM_9
100
AcDbLine
 10
58.36624336242676
 20
322.2940031051635
 30
0.0
 11
58.86624336242676
 21
321.7940031051635
 31
0.0
  0
LINE
  5
6DE
330
4C9
100
AcDbEntity
  8
AM_9
100
AcDbLine
 10
58.86624336242676
 20
325.3940031051636
 30
0.0
 11
58.36624336242676
 21
324.8940031051636
 31
0.0
  0
LINE
  5
6DF
330
4C9
100
AcDbEntity
  8
AM_9
100
AcDbLine
 10
58.36624336242676
 20
324.8940031051636
 30
0.0
 11
58.36624336242676
 21
322.2940031051635
 31
0.0
  0
LINE
  5
6E0
330
4C9
100
AcDbEntity
  8
AM_9
100
AcDbLine
 10
54.63624336242675
 20
333.4133534504814
 30
0.0
 11
48.86624336242676
 21
333.4133534504814
 31
0.0
  0
LWPOLYLINE
  5
6E1
330
4C9
100
AcDbEntity
  8
AM_9
100
AcDbPolyline
 90
       19
 70
     0
 43
0.0
 10
48.86624336242676
 20
333.4133534504814
 10
48.84881221387724
 20
333.4132464904201
 10
48.83151372689338
 20
333.4129264242669
 10
48.81447955340626
 20
333.4123956879183
 10
48.79783933376163
 20
333.4116583205987
 10
48.78171971007862
 20
333.4107199341184
 10
48.76624336242676
 20
333.4095876701651
 10
48.75152807515656
 20
333.4082701459514
 10
48.73768584048945
 20
333.4067773886319
 10
48.72482200618946
 20
333.4051207589912
 10
48.71303447380296
 20
333.4033128649812
 10
48.70241295356897
 20
333.401367465767
 10
48.69303828166987
 20
333.3992993670112
 10
48.68498180501943
 20
333.397124308194
 10
48.67830483826958
 20
333.3948588428265
 10
48.67305819716894
 20
333.392520212468
 10
48.66928181182432
 20
333.3901262155077
 10
48.66700442280841
 20
333.3876950717079
 10
48.66624336242676
 20
333.3852452835409
  0
LINE
  5
6E2
330
4C9
100
AcDbEntity
  8
AM_9
100
AcDbLine
 10
48.86624336242676
 20
323.8940031051635
 30
0.0
 11
48.86624336242676
 21
333.4133534504814
 31
0.0
  0
LINE
  5
6E3
330
4C9
100
AcDbEntity
  8
AM_9
100
AcDbLine
 10
48.66624336242676
 20
323.8940031051635
 30
0.0
 11
48.66624336242676
 21
333.3852452835409
 31
0.0
  0
LWPOLYLINE
  5
6E4
330
4C9
100
AcDbEntity
  8
AM_9
100
AcDbPolyline
 90
       19
 70
     0
 43
0.0
 10
54.83624336242676
 20
333.3852452835409
 10
54.83548230204511
 20
333.3876950717079
 10
54.8332049130292
 20
333.3901262155077
 10
54.82942852768457
 20
333.392520212468
 10
54.82418188658394
 20
333.3948588428265
 10
54.81750491983408
 20
333.397124308194
 10
54.80944844318364
 20
333.3992993670112
 10
54.80007377128455
 20
333.401367465767
 10
54.78945225105055
 20
333.4033128649812
 10
54.77766471866406
 20
333.4051207589912
 10
54.76480088436406
 20
333.4067773886319
 10
54.75095864969696
 20
333.4082701459514
 10
54.73624336242675
 20
333.4095876701651
 10
54.72076701477489
 20
333.4107199341184
 10
54.70464739109188
 20
333.4116583205987
 10
54.68800717144725
 20
333.4123956879183
 10
54.67097299796013
 20
333.4129264242669
 10
54.65367451097628
 20
333.4132464904201
 10
54.63624336242675
 20
333.4133534504814
  0
LINE
  5
6E5
330
4C9
100
AcDbEntity
  8
AM_9
100
AcDbLine
 10
54.83624336242676
 20
323.8940031051635
 30
0.0
 11
54.83624336242676
 21
333.3852452835409
 31
0.0
  0
LINE
  5
6E6
330
4C9
100
AcDbEntity
  8
AM_9
100
AcDbLine
 10
48.66624336242676
 20
323.8940031051635
 30
0.0
 11
54.83624336242676
 21
323.8940031051635
 31
0.0
  0
LINE
  5
6E7
330
4C9
100
AcDbEntity
  8
AM_9
100
AcDbLine
 10
54.63624336242675
 20
323.8940031051635
 30
0.0
 11
54.63624336242675
 21
333.4133534504814
 31
0.0
  0
LINE
  5
6E8
330
4C9
100
AcDbEntity
  8
AM_9
100
AcDbLine
 10
8.816243362426771
 20
184.6875879223274
 30
0.0
 11
3.866243362426758
 21
183.9478054656493
 31
0.0
  0
LINE
  5
6E9
330
4C9
100
AcDbEntity
  8
AM_9
100
AcDbLine
 10
39.89224336242675
 20
185.8940031051636
 30
0.0
 11
39.89224336242675
 21
183.8940031051636
 31
0.0
  0
LINE
  5
6EA
330
4C9
100
AcDbEntity
  8
AM_9
100
AcDbLine
 10
54.06224336242676
 20
185.8940031051636
 30
0.0
 11
54.06224336242676
 21
183.8940031051636
 31
0.0
  0
LINE
  5
6EB
330
4C9
100
AcDbEntity
  8
AM_9
100
AcDbLine
 10
47.86224336242675
 20
185.8940031051636
 30
0.0
 11
47.86224336242675
 21
183.8940031051636
 31
0.0
  0
LINE
  5
6EC
330
4C9
100
AcDbEntity
  8
AM_9
100
AcDbLine
 10
46.09224336242676
 20
185.8940031051636
 30
0.0
 11
46.09224336242676
 21
183.8940031051636
 31
0.0
  0
LINE
  5
6ED
330
4C9
100
AcDbEntity
  8
AM_9
100
AcDbLine
 10
46.86624336242676
 20
333.8940031051636
 30
0.0
 11
46.86624336242676
 21
322.2701099504619
 31
0.0
  0
LINE
  5
6EE
330
4C9
100
AcDbEntity
  8
AM_9
100
AcDbLine
 10
41.32624336242676
 20
188.8940031051636
 30
0.0
 11
41.32624336242676
 21
183.8940031051636
 31
0.0
  0
LINE
  5
6EF
330
4C9
100
AcDbEntity
  8
AM_9
100
AcDbLine
 10
41.52624336242675
 20
188.8940031051636
 30
0.0
 11
41.52624336242675
 21
183.8940031051636
 31
0.0
  0
LINE
  5
6F0
330
4C9
100
AcDbEntity
  8
AM_9
100
AcDbLine
 10
35.19624336242676
 20
188.8940031051636
 30
0.0
 11
35.19624336242676
 21
183.8940031051636
 31
0.0
  0
LINE
  5
6F1
330
4C9
100
AcDbEntity
  8
AM_9
100
AcDbLine
 10
35.19624336242676
 20
188.8940031051636
 30
0.0
 11
41.52624336242675
 21
188.8940031051636
 31
0.0
  0
LINE
  5
6F2
330
4C9
100
AcDbEntity
  8
AM_9
100
AcDbLine
 10
35.39624336242677
 20
188.8940031051636
 30
0.0
 11
35.39624336242677
 21
183.8940031051636
 31
0.0
  0
LINE
  5
6F3
330
4C9
100
AcDbEntity
  8
AM_9
100
AcDbLine
 10
19.86624336242676
 20
181.3940031051636
 30
0.0
 11
19.86624336242676
 21
183.8940031051636
 31
0.0
  0
LINE
  5
6F4
330
4C9
100
AcDbEntity
  8
AM_9
100
AcDbLine
 10
19.86624336242676
 20
336.3940031051636
 30
0.0
 11
19.86624336242676
 21
333.8940031051636
 31
0.0
  0
LINE
  5
6F5
330
4C9
100
AcDbEntity
  8
AM_9
100
AcDbLine
 10
15.86624336242676
 20
336.3940031051636
 30
0.0
 11
15.86624336242676
 21
333.8940031051636
 31
0.0
  0
LINE
  5
6F6
330
4C9
100
AcDbEntity
  8
AM_9
100
AcDbLine
 10
15.86624336242676
 20
181.3940031051636
 30
0.0
 11
15.86624336242676
 21
183.8940031051636
 31
0.0
  0
LINE
  5
6F7
330
4C9
100
AcDbEntity
  8
AM_9
100
AcDbLine
 10
17.51624336242676
 20
336.3940031051636
 30
0.0
 11
17.51624336242676
 21
333.8940031051636
 31
0.0
  0
LINE
  5
6F8
330
4C9
100
AcDbEntity
  8
AM_9
100
AcDbLine
 10
18.21624336242676
 20
336.3940031051636
 30
0.0
 11
18.21624336242676
 21
331.5940031051636
 31
0.0
  0
LINE
  5
6F9
330
4C9
100
AcDbEntity
  8
AM_9
100
AcDbLine
 10
17.51624336242676
 20
181.3940031051636
 30
0.0
 11
17.51624336242676
 21
183.8940031051636
 31
0.0
  0
LINE
  5
6FA
330
4C9
100
AcDbEntity
  8
AM_9
100
AcDbLine
 10
18.21624336242676
 20
181.3940031051636
 30
0.0
 11
18.21624336242676
 21
183.8940031051636
 31
0.0
  0
LINE
  5
6FB
330
4C9
100
AcDbEntity
  8
AM_9
100
AcDbLine
 10
13.86624336242676
 20
181.8940031051636
 30
0.0
 11
13.86624336242676
 21
181.3940031051636
 31
0.0
  0
LINE
  5
6FC
330
4C9
100
AcDbEntity
  8
AM_9
100
AcDbLine
 10
21.86624336242676
 20
181.3940031051636
 30
0.0
 11
21.86624336242676
 21
181.8940031051636
 31
0.0
  0
LINE
  5
6FD
330
4C9
100
AcDbEntity
  8
AM_9
100
AcDbLine
 10
13.86624336242676
 20
336.3940031051636
 30
0.0
 11
13.86624336242676
 21
335.8940031051636
 31
0.0
  0
LINE
  5
6FE
330
4C9
100
AcDbEntity
  8
AM_9
100
AcDbLine
 10
21.86624336242676
 20
335.8940031051636
 30
0.0
 11
21.86624336242676
 21
336.3940031051636
 31
0.0
  0
LINE
  5
6FF
330
4C9
100
AcDbEntity
  8
AM_9
100
AcDbLine
 10
13.86624336242676
 20
181.8940031051636
 30
0.0
 11
13.56624336242675
 21
181.3940031051636
 31
0.0
  0
LINE
  5
700
330
4C9
100
AcDbEntity
  8
AM_9
100
AcDbLine
 10
22.16624336242676
 20
181.3940031051636
 30
0.0
 11
21.86624336242676
 21
181.8940031051636
 31
0.0
  0
LINE
  5
701
330
4C9
100
AcDbEntity
  8
AM_9
100
AcDbLine
 10
21.86624336242676
 20
181.8940031051636
 30
0.0
 11
13.86624336242676
 21
181.8940031051636
 31
0.0
  0
LINE
  5
702
330
4C9
100
AcDbEntity
  8
AM_9
100
AcDbLine
 10
21.86624336242676
 20
335.8940031051636
 30
0.0
 11
22.16624336242676
 21
336.3940031051636
 31
0.0
  0
LINE
  5
703
330
4C9
100
AcDbEntity
  8
AM_9
100
AcDbLine
 10
13.56624336242676
 20
336.3940031051636
 30
0.0
 11
13.86624336242676
 21
335.8940031051636
 31
0.0
  0
LINE
  5
704
330
4C9
100
AcDbEntity
  8
AM_9
100
AcDbLine
 10
21.86624336242676
 20
335.8940031051636
 30
0.0
 11
13.86624336242676
 21
335.8940031051636
 31
0.0
  0
LINE
  5
705
330
4C9
100
AcDbEntity
  8
AM_9
100
AcDbLine
 10
31.86624336242676
 20
185.8940031051636
 30
0.0
 11
31.86624336242676
 21
183.9411317804698
 31
0.0
  0
LINE
  5
706
330
4C9
100
AcDbEntity
  8
AM_9
100
AcDbLine
 10
31.86624336242676
 20
333.8468744298574
 30
0.0
 11
31.86624336242676
 21
331.8940031051636
 31
0.0
  0
LINE
  5
707
330
4C9
100
AcDbEntity
  8
AM_9
100
AcDbLine
 10
57.86624336242676
 20
331.8940031051636
 30
0.0
 11
31.86624336242676
 21
331.8940031051636
 31
0.0
  0
LINE
  5
708
330
4C9
100
AcDbEntity
  8
AM_9
100
AcDbLine
 10
57.86624336242676
 20
185.8940031051636
 30
0.0
 11
31.86624336242676
 21
185.8940031051636
 31
0.0
  0
LINE
  5
709
330
4C9
100
AcDbEntity
  8
AM_9
100
AcDbLine
 10
57.86624336242676
 20
331.8940031051636
 30
0.0
 11
57.86624336242676
 21
185.8940031051636
 31
0.0
  0
LINE
  5
70A
330
4C9
100
AcDbEntity
  8
AM_9
100
AcDbLine
 10
3.913372037732948
 20
331.3940031051636
 30
0.0
 11
4.866243362426758
 21
331.3940031051636
 31
0.0
  0
LINE
  5
70B
330
4C9
100
AcDbEntity
  8
AM_9
100
AcDbLine
 10
4.866243362426758
 20
331.3940031051636
 30
0.0
 11
4.866243362426758
 21
186.3940031051636
 31
0.0
  0
LINE
  5
70C
330
4C9
100
AcDbEntity
  8
AM_9
100
AcDbLine
 10
3.913372037732948
 20
186.3940031051636
 30
0.0
 11
4.866243362426758
 21
186.3940031051636
 31
0.0
  0
LINE
  5
70D
330
4C9
100
AcDbEntity
  8
AM_9
100
AcDbLine
 10
3.866243362426758
 20
181.3940031051636
 30
0.0
 11
31.86624336242676
 21
181.3940031051636
 31
0.0
  0
LINE
  5
70E
330
4C9
100
AcDbEntity
  8
AM_9
100
AcDbLine
 10
3.866243362426758
 20
336.3940031051636
 30
0.0
 11
31.86624336242676
 21
336.3940031051636
 31
0.0
  0
LINE
  5
70F
330
4C9
100
AcDbEntity
  8
AM_9
100
AcDbLine
 10
3.962246219531952
 20
228.7840031051635
 30
0.0
 11
3.962246219531952
 21
223.8840031051636
 31
0.0
  0
LINE
  5
710
330
4C9
100
AcDbEntity
  8
AM_9
100
AcDbLine
 10
3.962246219531952
 20
233.8640031051636
 30
0.0
 11
3.962246219531952
 21
228.9640031051636
 31
0.0
  0
LINE
  5
711
330
4C9
100
AcDbEntity
  8
AM_9
100
AcDbLine
 10
3.866243362426594
 20
228.9640031051636
 30
0.0
 11
3.866243362426594
 21
233.8640031051636
 31
0.0
  0
LINE
  5
712
330
4C9
100
AcDbEntity
  8
AM_9
100
AcDbLine
 10
3.866243362426594
 20
223.8840031051636
 30
0.0
 11
3.866243362426594
 21
228.7840031051635
 31
0.0
  0
LINE
  5
713
330
4C9
100
AcDbEntity
  8
AM_9
100
AcDbLine
 10
26.86627547785617
 20
328.8940031051636
 30
0.0
 11
26.86627547785617
 21
333.5051611828038
 31
0.0
  0
LINE
  5
714
330
4C9
100
AcDbEntity
  8
AM_9
100
AcDbLine
 10
35.86621124699734
 20
328.8940031051636
 30
0.0
 11
35.86621124699735
 21
333.5051611828039
 31
0.0
  0
LINE
  5
715
330
4C9
100
AcDbEntity
  8
AM_9
100
AcDbLine
 10
33.11624336242676
 20
333.4984759123587
 30
0.0
 11
33.11624336242676
 21
330.8940031051636
 31
0.0
  0
LINE
  5
716
330
4C9
100
AcDbEntity
  8
AM_9
100
AcDbLine
 10
29.61624336242676
 20
333.4984759123587
 30
0.0
 11
29.61624336242676
 21
330.8940031051636
 31
0.0
  0
LINE
  5
717
330
4C9
100
AcDbEntity
  8
AM_9
100
AcDbLine
 10
29.61624336242676
 20
330.8940031051636
 30
0.0
 11
33.11624336242676
 21
330.8940031051636
 31
0.0
  0
LINE
  5
718
330
4C9
100
AcDbEntity
  8
AM_9
100
AcDbLine
 10
30.26624336242676
 20
333.4984759123587
 30
0.0
 11
30.26624336242676
 21
330.8940031051636
 31
0.0
  0
LINE
  5
719
330
4C9
100
AcDbEntity
  8
AM_9
100
AcDbLine
 10
32.46624336242675
 20
333.4984759123587
 30
0.0
 11
32.46624336242675
 21
330.8940031051636
 31
0.0
  0
LINE
  5
71A
330
4C9
100
AcDbEntity
  8
AM_9
100
AcDbLine
 10
31.76624336242676
 20
333.4749115747056
 30
0.0
 11
31.76624336242676
 21
330.8940031051636
 31
0.0
  0
LINE
  5
71B
330
4C9
100
AcDbEntity
  8
AM_9
100
AcDbLine
 10
30.96624336242676
 20
333.4749115747056
 30
0.0
 11
30.96624336242676
 21
330.8940031051636
 31
0.0
  0
LINE
  5
71C
330
4C9
100
AcDbEntity
  8
AM_9
100
AcDbLine
 10
28.61624336242676
 20
333.4752248790249
 30
0.0
 11
28.61624336242676
 21
328.8940031051636
 31
0.0
  0
LINE
  5
71D
330
4C9
100
AcDbEntity
  8
AM_9
100
AcDbLine
 10
34.11624336242676
 20
328.8940031051636
 30
0.0
 11
34.11624336242676
 21
333.4752248790249
 31
0.0
  0
LINE
  5
71E
330
4C9
100
AcDbEntity
  8
AM_9
100
AcDbLine
 10
28.11624336242676
 20
333.50545793833
 30
0.0
 11
28.11624336242676
 21
328.8940031051636
 31
0.0
  0
LINE
  5
71F
330
4C9
100
AcDbEntity
  8
AM_9
100
AcDbLine
 10
34.61624336242676
 20
328.8940031051636
 30
0.0
 11
34.61624336242676
 21
333.50545793833
 31
0.0
  0
LINE
  5
720
330
4C9
100
AcDbEntity
  8
AM_9
100
AcDbLine
 10
36.14472966116021
 20
328.8940031051636
 30
0.0
 11
36.14472966116021
 21
333.1840031051636
 31
0.0
  0
LINE
  5
721
330
4C9
100
AcDbEntity
  8
AM_9
100
AcDbLine
 10
26.5877570636933
 20
328.8940031051636
 30
0.0
 11
26.5877570636933
 21
333.1840031051636
 31
0.0
  0
LINE
  5
722
330
4C9
100
AcDbEntity
  8
AM_9
100
AcDbLine
 10
26.08653611465272
 20
328.8940031051636
 30
0.0
 11
36.6459506102008
 21
328.8940031051636
 31
0.0
  0
LINE
  5
723
330
4C9
100
AcDbEntity
  8
AM_9
100
AcDbLine
 10
36.6459506102008
 20
328.8940031051636
 30
0.0
 11
36.6459506102008
 21
333.1840031051636
 31
0.0
  0
LINE
  5
724
330
4C9
100
AcDbEntity
  8
AM_9
100
AcDbLine
 10
36.36624336242676
 20
328.8940031051636
 30
0.0
 11
36.36624336242676
 21
333.1840031051636
 31
0.0
  0
LINE
  5
725
330
4C9
100
AcDbEntity
  8
AM_9
100
AcDbLine
 10
26.08653611465272
 20
328.8940031051636
 30
0.0
 11
26.08653611465272
 21
333.1840031051636
 31
0.0
  0
LINE
  5
726
330
4C9
100
AcDbEntity
  8
AM_9
100
AcDbLine
 10
26.36624336242676
 20
328.8940031051636
 30
0.0
 11
26.36624336242676
 21
333.1840031051636
 31
0.0
  0
LINE
  5
727
330
4C9
100
AcDbEntity
  8
AM_9
100
AcDbLine
 10
11.20605129395161
 20
185.9037869581343
 30
0.0
 11
17.1264354309019
 21
185.9037869581343
 31
0.0
  0
LINE
  5
728
330
4C9
100
AcDbEntity
  8
AM_9
100
AcDbLine
 10
15.1097034234301
 20
184.7068597950589
 30
0.0
 11
13.22278330142341
 21
184.7068597950589
 31
0.0
  0
LINE
  5
729
330
4C9
100
AcDbEntity
  8
AM_9
100
AcDbLine
 10
4.162276685140736
 20
228.7840031051635
 30
0.0
 11
4.162276685140736
 21
223.8840031051636
 31
0.0
  0
LINE
  5
72A
330
4C9
100
AcDbEntity
  8
AM_9
100
AcDbLine
 10
4.162276685140736
 20
233.8640031051636
 30
0.0
 11
4.162276685140736
 21
228.9640031051636
 31
0.0
  0
LINE
  5
72B
330
4C9
100
AcDbEntity
  8
AM_9
100
AcDbLine
 10
4.514897381650844
 20
228.9640031051997
 30
0.0
 11
4.516275094204854
 21
233.8640031051925
 31
0.0
  0
LINE
  5
72C
330
4C9
100
AcDbEntity
  8
AM_9
100
AcDbLine
 10
4.513208660339401
 20
223.8840031051992
 30
0.0
 11
4.514842075466749
 21
228.784003105196
 31
0.0
  0
LINE
  5
72D
330
4C9
100
AcDbEntity
  8
AM_9
100
AcDbLine
 10
13.51624336242676
 20
209.5940031051636
 30
0.0
 11
13.51624336242676
 21
208.4940031051636
 31
0.0
  0
LINE
  5
72E
330
4C9
100
AcDbEntity
  8
AM_9
100
AcDbLine
 10
13.51624336242676
 20
214.6740031051636
 30
0.0
 11
13.51624336242676
 21
212.5940031051636
 31
0.0
  0
LINE
  5
72F
330
4C9
100
AcDbEntity
  8
AM_9
100
AcDbLine
 10
13.51624336242676
 20
219.7540031051636
 30
0.0
 11
13.51624336242676
 21
217.6740031051636
 31
0.0
  0
LINE
  5
730
330
4C9
100
AcDbEntity
  8
AM_9
100
AcDbLine
 10
13.51624336242676
 20
224.8340031051636
 30
0.0
 11
13.51624336242676
 21
222.7540031051636
 31
0.0
  0
LINE
  5
731
330
4C9
100
AcDbEntity
  8
AM_9
100
AcDbLine
 10
13.51624336242676
 20
229.9140031051635
 30
0.0
 11
13.51624336242676
 21
227.8340031051636
 31
0.0
  0
LINE
  5
732
330
4C9
100
AcDbEntity
  8
AM_9
100
AcDbLine
 10
13.51624336242676
 20
234.9940031051636
 30
0.0
 11
13.51624336242676
 21
232.9140031051635
 31
0.0
  0
LINE
  5
733
330
4C9
100
AcDbEntity
  8
AM_9
100
AcDbLine
 10
13.51624336242676
 20
239.0940031051636
 30
0.0
 11
13.51624336242676
 21
237.9940031051636
 31
0.0
  0
LINE
  5
734
330
4C9
100
AcDbEntity
  8
AM_9
100
AcDbLine
 10
14.26624336242676
 20
265.4940031051635
 30
0.0
 11
14.26624336242676
 21
264.3940031051636
 31
0.0
  0
LINE
  5
735
330
4C9
100
AcDbEntity
  8
AM_9
100
AcDbLine
 10
14.26624336242676
 20
270.4940031051635
 30
0.0
 11
14.26624336242676
 21
268.4940031051635
 31
0.0
  0
LINE
  5
736
330
4C9
100
AcDbEntity
  8
AM_9
100
AcDbLine
 10
14.26624336242676
 20
275.4940031051635
 30
0.0
 11
14.26624336242676
 21
273.4940031051635
 31
0.0
  0
LINE
  5
737
330
4C9
100
AcDbEntity
  8
AM_9
100
AcDbLine
 10
14.26624336242676
 20
280.4940031051635
 30
0.0
 11
14.26624336242676
 21
278.4940031051635
 31
0.0
  0
LINE
  5
738
330
4C9
100
AcDbEntity
  8
AM_9
100
AcDbLine
 10
14.26624336242676
 20
285.4940031051635
 30
0.0
 11
14.26624336242676
 21
283.4940031051635
 31
0.0
  0
LINE
  5
739
330
4C9
100
AcDbEntity
  8
AM_9
100
AcDbLine
 10
14.26624336242676
 20
289.9140031051636
 30
0.0
 11
14.26624336242676
 21
288.4940031051635
 31
0.0
  0
LINE
  5
73A
330
4C9
100
AcDbEntity
  8
AM_9
100
AcDbLine
 10
17.59124336242676
 20
244.5940031051636
 30
0.0
 11
17.59124336242676
 21
204.0940031051636
 31
0.0
  0
LINE
  5
73B
330
4C9
100
AcDbEntity
  8
AM_9
100
AcDbLine
 10
17.59124336242676
 20
294.3140031051636
 30
0.0
 11
17.59124336242676
 21
259.9940031051635
 31
0.0
  0
LINE
  5
73C
330
4C9
100
AcDbEntity
  8
AM_9
100
AcDbLine
 10
17.53124336242676
 20
294.2140031051636
 30
0.0
 11
17.53124336242675
 21
292.5861498206796
 31
0.0
  0
LINE
  5
73D
330
4C9
100
AcDbEntity
  8
AM_9
100
AcDbLine
 10
17.53124336242675
 20
261.7218563896475
 30
0.0
 11
17.53124336242676
 21
260.0940031051636
 31
0.0
  0
LINE
  5
73E
330
4C9
100
AcDbEntity
  8
AM_9
100
AcDbLine
 10
22.04624336242676
 20
261.7218563896475
 30
0.0
 11
17.53124336242675
 21
261.7218563896475
 31
0.0
  0
LINE
  5
73F
330
4C9
100
AcDbEntity
  8
AM_9
100
AcDbLine
 10
17.53124336242675
 20
292.5861498206796
 30
0.0
 11
22.04624336242676
 21
292.5861498206796
 31
0.0
  0
LINE
  5
740
330
4C9
100
AcDbEntity
  8
AM_9
100
AcDbLine
 10
19.77124336242676
 20
294.3140031051636
 30
0.0
 11
17.77124336242676
 21
294.3140031051636
 31
0.0
  0
LINE
  5
741
330
4C9
100
AcDbEntity
  8
AM_9
100
AcDbLine
 10
17.77124336242676
 20
259.9940031051635
 30
0.0
 11
19.77124336242676
 21
259.9940031051635
 31
0.0
  0
LINE
  5
742
330
4C9
100
AcDbEntity
  8
AM_9
100
AcDbLine
 10
17.53124336242676
 20
243.9940031051636
 30
0.0
 11
17.53124336242676
 21
242.315803842809
 31
0.0
  0
LINE
  5
743
330
4C9
100
AcDbEntity
  8
AM_9
100
AcDbLine
 10
17.53124336242676
 20
206.4722023675181
 30
0.0
 11
17.53124336242676
 21
204.7940031051636
 31
0.0
  0
LINE
  5
744
330
4C9
100
AcDbEntity
  8
AM_9
100
AcDbLine
 10
22.04624336242676
 20
242.315803842809
 30
0.0
 11
17.53124336242676
 21
242.315803842809
 31
0.0
  0
LINE
  5
745
330
4C9
100
AcDbEntity
  8
AM_9
100
AcDbLine
 10
22.04624336242676
 20
206.4722023675181
 30
0.0
 11
17.53124336242676
 21
206.4722023675181
 31
0.0
  0
LINE
  5
746
330
4C9
100
AcDbEntity
  8
AM_9
100
AcDbLine
 10
19.77124336242676
 20
244.5940031051636
 30
0.0
 11
17.77124336242676
 21
244.5940031051636
 31
0.0
  0
LINE
  5
747
330
4C9
100
AcDbEntity
  8
AM_9
100
AcDbLine
 10
17.77124336242676
 20
204.0940031051636
 30
0.0
 11
19.77124336242676
 21
204.0940031051636
 31
0.0
  0
LINE
  5
748
330
4C9
100
AcDbEntity
  8
AM_9
100
AcDbLine
 10
2.741562785381035
 20
233.1640031051636
 30
0.0
 11
2.741562785381035
 21
229.6640031051635
 31
0.0
  0
LINE
  5
749
330
4C9
100
AcDbEntity
  8
AM_9
100
AcDbLine
 10
2.080344322553099
 20
233.1640031051636
 30
0.0
 11
2.080344322553099
 21
229.6640031051635
 31
0.0
  0
LINE
  5
74A
330
4C9
100
AcDbEntity
  8
AM_9
100
AcDbLine
 10
2.741562785381035
 20
228.0840031051636
 30
0.0
 11
2.741562785381035
 21
224.5840031051636
 31
0.0
  0
LINE
  5
74B
330
4C9
100
AcDbEntity
  8
AM_9
100
AcDbLine
 10
2.080344322553099
 20
228.0840031051636
 30
0.0
 11
2.080344322553099
 21
224.5840031051636
 31
0.0
  0
LINE
  5
74C
330
4C9
100
AcDbEntity
  8
AM_9
100
AcDbLine
 10
1.806804898628908
 20
224.5840031051636
 30
0.0
 11
3.907834146744399
 21
224.5840031051636
 31
0.0
  0
LINE
  5
74D
330
4C9
100
AcDbEntity
  8
AM_9
100
AcDbLine
 10
1.806804898628908
 20
233.1640031051636
 30
0.0
 11
3.907834146744403
 21
233.1640031051636
 31
0.0
  0
LINE
  5
74E
330
4C9
100
AcDbEntity
  8
AM_9
100
AcDbLine
 10
1.806804898628908
 20
228.0840031051636
 30
0.0
 11
3.907834146744403
 21
228.0840031051636
 31
0.0
  0
LINE
  5
74F
330
4C9
100
AcDbEntity
  8
AM_9
100
AcDbLine
 10
1.806804898628908
 20
229.6640031051635
 30
0.0
 11
3.907834146744399
 21
229.6640031051635
 31
0.0
  0
LINE
  5
750
330
4C9
100
AcDbEntity
  8
AM_9
100
AcDbLine
 10
2.8647544391536
 20
233.8640031051636
 30
0.0
 11
2.8647544391536
 21
233.1640031051636
 31
0.0
  0
LINE
  5
751
330
4C9
100
AcDbEntity
  8
AM_9
100
AcDbLine
 10
1.806804898628908
 20
233.8640031051636
 30
0.0
 11
1.806804898628908
 21
233.1640031051636
 31
0.0
  0
LINE
  5
752
330
4C9
100
AcDbEntity
  8
AM_9
100
AcDbLine
 10
2.8647544391536
 20
229.6640031051635
 30
0.0
 11
2.8647544391536
 21
228.9640031051636
 31
0.0
  0
LINE
  5
753
330
4C9
100
AcDbEntity
  8
AM_9
100
AcDbLine
 10
1.806804898628908
 20
229.6640031051635
 30
0.0
 11
1.806804898628908
 21
228.9640031051636
 31
0.0
  0
LINE
  5
754
330
4C9
100
AcDbEntity
  8
AM_9
100
AcDbLine
 10
2.8647544391536
 20
224.5840031051636
 30
0.0
 11
2.8647544391536
 21
223.8840031051636
 31
0.0
  0
LINE
  5
755
330
4C9
100
AcDbEntity
  8
AM_9
100
AcDbLine
 10
1.806804898628908
 20
224.5840031051636
 30
0.0
 11
1.806804898628908
 21
223.8840031051636
 31
0.0
  0
LINE
  5
756
330
4C9
100
AcDbEntity
  8
AM_9
100
AcDbLine
 10
2.8647544391536
 20
228.7840031051635
 30
0.0
 11
2.8647544391536
 21
228.0840031051636
 31
0.0
  0
LINE
  5
757
330
4C9
100
AcDbEntity
  8
AM_9
100
AcDbLine
 10
1.806804898628908
 20
228.7840031051635
 30
0.0
 11
1.806804898628908
 21
228.0840031051636
 31
0.0
  0
LINE
  5
758
330
4C9
100
AcDbEntity
  8
AM_9
100
AcDbLine
 10
0.1178731043484689
 20
233.8640031051636
 30
0.0
 11
0.1178731043484689
 21
228.9640031051636
 31
0.0
  0
LINE
  5
759
330
4C9
100
AcDbEntity
  8
AM_9
100
AcDbLine
 10
0.1178731043484689
 20
228.7840031051635
 30
0.0
 11
0.1178731043484689
 21
223.8840031051636
 31
0.0
  0
LINE
  5
75A
330
4C9
100
AcDbEntity
  8
AM_9
100
AcDbLine
 10
15.59124336242676
 20
294.2140031051636
 30
0.0
 11
17.53124336242675
 21
292.5861498206796
 31
0.0
  0
LINE
  5
75B
330
4C9
100
AcDbEntity
  8
AM_9
100
AcDbLine
 10
17.53124336242675
 20
261.7218563896475
 30
0.0
 11
15.59124336242676
 21
260.0940031051636
 31
0.0
  0
LINE
  5
75C
330
4C9
100
AcDbEntity
  8
AM_9
100
AcDbLine
 10
17.53124336242676
 20
206.4722023675181
 30
0.0
 11
15.53124336242676
 21
204.7940031051636
 31
0.0
  0
LINE
  5
75D
330
4C9
100
AcDbEntity
  8
AM_9
100
AcDbLine
 10
15.53124336242676
 20
243.9940031051636
 30
0.0
 11
17.53124336242676
 21
242.315803842809
 31
0.0
  0
LINE
  5
75E
330
4C9
100
AcDbEntity
  8
AM_9
100
AcDbLine
 10
1.726033305039067
 20
228.7840031051635
 30
0.0
 11
1.726033305039067
 21
223.8840031051636
 31
0.0
  0
LINE
  5
75F
330
4C9
100
AcDbEntity
  8
AM_9
100
AcDbLine
 10
1.23327065261941
 20
228.7840031051635
 30
0.0
 11
1.23327065261941
 21
223.8840031051636
 31
0.0
  0
LINE
  5
760
330
4C9
100
AcDbEntity
  8
AM_9
100
AcDbLine
 10
2.079651553256063
 20
223.8840031051636
 30
0.0
 11
2.079651553256063
 21
228.7840031051635
 31
0.0
  0
LINE
  5
761
330
4C9
100
AcDbEntity
  8
AM_9
100
AcDbLine
 10
1.726033305039067
 20
233.8640031051636
 30
0.0
 11
1.726033305039067
 21
228.9640031051636
 31
0.0
  0
LINE
  5
762
330
4C9
100
AcDbEntity
  8
AM_9
100
AcDbLine
 10
1.23327065261941
 20
233.8640031051636
 30
0.0
 11
1.23327065261941
 21
228.9640031051636
 31
0.0
  0
LINE
  5
763
330
4C9
100
AcDbEntity
  8
AM_9
100
AcDbLine
 10
2.079651553256063
 20
228.9640031051636
 30
0.0
 11
2.079651553256063
 21
233.8640031051636
 31
0.0
  0
LINE
  5
764
330
4C9
100
AcDbEntity
  8
AM_9
100
AcDbLine
 10
12.59124336242676
 20
289.9140031051636
 30
0.0
 11
12.59124336242676
 21
288.4940031051635
 31
0.0
  0
LINE
  5
765
330
4C9
100
AcDbEntity
  8
AM_9
100
AcDbLine
 10
12.59124336242676
 20
280.4940031051635
 30
0.0
 11
12.59124336242676
 21
278.4940031051635
 31
0.0
  0
LINE
  5
766
330
4C9
100
AcDbEntity
  8
AM_9
100
AcDbLine
 10
12.59124336242676
 20
270.4940031051635
 30
0.0
 11
12.59124336242676
 21
268.4940031051635
 31
0.0
  0
LINE
  5
767
330
4C9
100
AcDbEntity
  8
AM_9
100
AcDbLine
 10
13.59124336242676
 20
270.4940031051635
 30
0.0
 11
13.59124336242676
 21
268.4940031051635
 31
0.0
  0
LINE
  5
768
330
4C9
100
AcDbEntity
  8
AM_9
100
AcDbLine
 10
13.59124336242676
 20
275.4940031051635
 30
0.0
 11
13.59124336242676
 21
273.4940031051635
 31
0.0
  0
LINE
  5
769
330
4C9
100
AcDbEntity
  8
AM_9
100
AcDbLine
 10
12.59124336242676
 20
275.4940031051635
 30
0.0
 11
12.59124336242676
 21
273.4940031051635
 31
0.0
  0
LINE
  5
76A
330
4C9
100
AcDbEntity
  8
AM_9
100
AcDbLine
 10
12.59124336242676
 20
224.8340031051636
 30
0.0
 11
12.59124336242676
 21
222.7540031051636
 31
0.0
  0
LINE
  5
76B
330
4C9
100
AcDbEntity
  8
AM_9
100
AcDbLine
 10
13.59124336242676
 20
224.8340031051636
 30
0.0
 11
13.59124336242676
 21
222.7540031051636
 31
0.0
  0
LINE
  5
76C
330
4C9
100
AcDbEntity
  8
AM_9
100
AcDbLine
 10
12.59124336242676
 20
229.9140031051636
 30
0.0
 11
12.59124336242676
 21
227.8340031051636
 31
0.0
  0
LINE
  5
76D
330
4C9
100
AcDbEntity
  8
AM_9
100
AcDbLine
 10
13.59124336242676
 20
229.9140031051636
 30
0.0
 11
13.59124336242676
 21
227.8340031051636
 31
0.0
  0
LINE
  5
76E
330
4C9
100
AcDbEntity
  8
AM_9
100
AcDbLine
 10
12.59124336242676
 20
219.7540031051636
 30
0.0
 11
12.59124336242676
 21
217.6740031051636
 31
0.0
  0
LINE
  5
76F
330
4C9
100
AcDbEntity
  8
AM_9
100
AcDbLine
 10
13.59124336242676
 20
280.4940031051635
 30
0.0
 11
13.59124336242676
 21
278.4940031051635
 31
0.0
  0
LINE
  5
770
330
4C9
100
AcDbEntity
  8
AM_9
100
AcDbLine
 10
13.59124336242676
 20
289.9140031051636
 30
0.0
 11
13.59124336242676
 21
288.4940031051635
 31
0.0
  0
LINE
  5
771
330
4C9
100
AcDbEntity
  8
AM_9
100
AcDbLine
 10
12.59124336242676
 20
209.5940031051636
 30
0.0
 11
12.59124336242676
 21
208.4940031051636
 31
0.0
  0
LINE
  5
772
330
4C9
100
AcDbEntity
  8
AM_9
100
AcDbLine
 10
13.59124336242676
 20
209.5940031051636
 30
0.0
 11
13.59124336242676
 21
208.4940031051636
 31
0.0
  0
LINE
  5
773
330
4C9
100
AcDbEntity
  8
AM_9
100
AcDbLine
 10
13.59124336242676
 20
239.0940031051636
 30
0.0
 11
13.59124336242676
 21
237.9940031051636
 31
0.0
  0
LINE
  5
774
330
4C9
100
AcDbEntity
  8
AM_9
100
AcDbLine
 10
12.59124336242676
 20
239.0940031051636
 30
0.0
 11
12.59124336242676
 21
237.9940031051636
 31
0.0
  0
LINE
  5
775
330
4C9
100
AcDbEntity
  8
AM_9
100
AcDbLine
 10
12.59124336242676
 20
214.6740031051636
 30
0.0
 11
12.59124336242676
 21
212.5940031051636
 31
0.0
  0
LINE
  5
776
330
4C9
100
AcDbEntity
  8
AM_9
100
AcDbLine
 10
13.59124336242676
 20
214.6740031051636
 30
0.0
 11
13.59124336242676
 21
212.5940031051636
 31
0.0
  0
LINE
  5
777
330
4C9
100
AcDbEntity
  8
AM_9
100
AcDbLine
 10
12.59124336242676
 20
265.4940031051635
 30
0.0
 11
12.59124336242676
 21
264.3940031051636
 31
0.0
  0
LINE
  5
778
330
4C9
100
AcDbEntity
  8
AM_9
100
AcDbLine
 10
13.59124336242676
 20
285.4940031051635
 30
0.0
 11
13.59124336242676
 21
283.4940031051635
 31
0.0
  0
LINE
  5
779
330
4C9
100
AcDbEntity
  8
AM_9
100
AcDbLine
 10
12.59124336242676
 20
285.4940031051635
 30
0.0
 11
12.59124336242676
 21
283.4940031051635
 31
0.0
  0
LINE
  5
77A
330
4C9
100
AcDbEntity
  8
AM_9
100
AcDbLine
 10
13.59124336242676
 20
219.7540031051636
 30
0.0
 11
13.59124336242676
 21
217.6740031051636
 31
0.0
  0
LINE
  5
77B
330
4C9
100
AcDbEntity
  8
AM_9
100
AcDbLine
 10
13.59124336242676
 20
234.9940031051636
 30
0.0
 11
13.59124336242676
 21
232.9140031051635
 31
0.0
  0
LINE
  5
77C
330
4C9
100
AcDbEntity
  8
AM_9
100
AcDbLine
 10
13.59124336242676
 20
265.4940031051635
 30
0.0
 11
13.59124336242676
 21
264.3940031051636
 31
0.0
  0
LINE
  5
77D
330
4C9
100
AcDbEntity
  8
AM_9
100
AcDbLine
 10
12.59124336242676
 20
234.9940031051636
 30
0.0
 11
12.59124336242676
 21
232.9140031051635
 31
0.0
  0
LINE
  5
77E
330
4C9
100
AcDbEntity
  8
AM_9
100
AcDbLine
 10
3.357521054243868
 20
224.5840031051636
 30
0.0
 11
3.357521054243868
 21
223.8840031051636
 31
0.0
  0
LINE
  5
77F
330
4C9
100
AcDbEntity
  8
AM_9
100
AcDbLine
 10
2.53624336242676
 20
224.5840031051636
 30
0.0
 11
2.53624336242676
 21
223.8840031051636
 31
0.0
  0
LINE
  5
780
330
4C9
100
AcDbEntity
  8
AM_9
100
AcDbLine
 10
3.357521054243868
 20
233.8640031051636
 30
0.0
 11
3.357521054243868
 21
233.1640031051636
 31
0.0
  0
LINE
  5
781
330
4C9
100
AcDbEntity
  8
AM_9
100
AcDbLine
 10
2.53624336242676
 20
233.8640031051636
 30
0.0
 11
2.53624336242676
 21
233.1640031051636
 31
0.0
  0
LINE
  5
782
330
4C9
100
AcDbEntity
  8
AM_9
100
AcDbLine
 10
3.357521054243868
 20
228.7840031051635
 30
0.0
 11
3.357521054243868
 21
228.0840031051636
 31
0.0
  0
LINE
  5
783
330
4C9
100
AcDbEntity
  8
AM_9
100
AcDbLine
 10
2.53624336242676
 20
228.7840031051635
 30
0.0
 11
2.53624336242676
 21
228.0840031051636
 31
0.0
  0
LINE
  5
784
330
4C9
100
AcDbEntity
  8
AM_9
100
AcDbLine
 10
3.357521054243868
 20
229.6640031051635
 30
0.0
 11
3.357521054243868
 21
228.9640031051636
 31
0.0
  0
LINE
  5
785
330
4C9
100
AcDbEntity
  8
AM_9
100
AcDbLine
 10
2.53624336242676
 20
229.6640031051635
 30
0.0
 11
2.53624336242676
 21
228.9640031051636
 31
0.0
  0
LINE
  5
786
330
4C9
100
AcDbEntity
  8
AM_9
100
AcDbLine
 10
6.523636477113978
 20
232.6640031051636
 30
0.0
 11
6.523636477113978
 21
230.1640031051635
 31
0.0
  0
LINE
  5
787
330
4C9
100
AcDbEntity
  8
AM_9
100
AcDbLine
 10
6.523636477113978
 20
227.5840031051636
 30
0.0
 11
6.523636477113978
 21
225.0840031051636
 31
0.0
  0
LINE
  5
788
330
4C9
100
AcDbEntity
  8
AM_9
100
AcDbLine
 10
5.862418014286042
 20
232.6640031051636
 30
0.0
 11
5.862418014286042
 21
230.1640031051635
 31
0.0
  0
LINE
  5
789
330
4C9
100
AcDbEntity
  8
AM_9
100
AcDbLine
 10
5.862418014286042
 20
227.5840031051636
 30
0.0
 11
5.862418014286042
 21
225.0840031051636
 31
0.0
  0
LINE
  5
78A
330
4C9
100
AcDbEntity
  8
AM_9
100
AcDbLine
 10
4.634334845718268
 20
233.8640031051636
 30
0.0
 11
4.634334845718268
 21
233.1640031051636
 31
0.0
  0
LINE
  5
78B
330
4C9
100
AcDbEntity
  8
AM_9
100
AcDbLine
 10
4.634334845718268
 20
228.7840031051635
 30
0.0
 11
4.634334845718268
 21
228.0840031051636
 31
0.0
  0
LINE
  5
78C
330
4C9
100
AcDbEntity
  8
AM_9
100
AcDbLine
 10
4.634334845718271
 20
224.5840031051636
 30
0.0
 11
4.634334845718268
 21
223.8840031051636
 31
0.0
  0
LINE
  5
78D
330
4C9
100
AcDbEntity
  8
AM_9
100
AcDbLine
 10
4.634334845718271
 20
229.6640031051635
 30
0.0
 11
4.634334845718268
 21
228.9640031051636
 31
0.0
  0
LINE
  5
78E
330
4C9
100
AcDbEntity
  8
AM_9
100
AcDbLine
 10
9.386243362426761
 20
227.5840031051636
 30
0.0
 11
9.386243362426761
 21
225.0840031051636
 31
0.0
  0
LINE
  5
78F
330
4C9
100
AcDbEntity
  8
AM_9
100
AcDbLine
 10
9.386243362426761
 20
232.6640031051636
 30
0.0
 11
9.386243362426761
 21
230.1640031051635
 31
0.0
  0
LINE
  5
790
330
4C9
100
AcDbEntity
  8
AM_9
100
AcDbLine
 10
7.463909513329405
 20
232.6640031051636
 30
0.0
 11
7.463909513329405
 21
230.1640031051635
 31
0.0
  0
LINE
  5
791
330
4C9
100
AcDbEntity
  8
AM_9
100
AcDbLine
 10
7.714489130248783
 20
232.6640031051636
 30
0.0
 11
7.714489130248783
 21
230.1640031051635
 31
0.0
  0
LINE
  5
792
330
4C9
100
AcDbEntity
  8
AM_9
100
AcDbLine
 10
7.419808553203069
 20
232.6640031051636
 30
0.0
 11
7.419808553203069
 21
230.1640031051635
 31
0.0
  0
LINE
  5
793
330
4C9
100
AcDbEntity
  8
AM_9
100
AcDbLine
 10
5.862418014286042
 20
227.5840031051636
 30
0.0
 11
6.799211858469505
 21
227.5840031051636
 31
0.0
  0
LINE
  5
794
330
4C9
100
AcDbEntity
  8
AM_9
100
AcDbLine
 10
5.862418014286042
 20
232.6640031051636
 30
0.0
 11
6.799211858469505
 21
232.6640031051636
 31
0.0
  0
LINE
  5
795
330
4C9
100
AcDbEntity
  8
AM_9
100
AcDbLine
 10
7.463909513329405
 20
227.5840031051636
 30
0.0
 11
7.463909513329405
 21
225.0840031051636
 31
0.0
  0
LINE
  5
796
330
4C9
100
AcDbEntity
  8
AM_9
100
AcDbLine
 10
7.714489130248783
 20
227.5840031051636
 30
0.0
 11
7.714489130248783
 21
225.0840031051636
 31
0.0
  0
LINE
  5
797
330
4C9
100
AcDbEntity
  8
AM_9
100
AcDbLine
 10
7.419808553203069
 20
227.5840031051636
 30
0.0
 11
7.419808553203069
 21
225.0840031051636
 31
0.0
  0
LINE
  5
798
330
4C9
100
AcDbEntity
  8
AM_9
100
AcDbLine
 10
5.862418014286042
 20
230.1640031051635
 30
0.0
 11
6.799211858469505
 21
230.1640031051635
 31
0.0
  0
LINE
  5
799
330
4C9
100
AcDbEntity
  8
AM_9
100
AcDbLine
 10
5.862418014286042
 20
225.0840031051636
 30
0.0
 11
6.799211858469505
 21
225.0840031051636
 31
0.0
  0
LINE
  5
79A
330
4C9
100
AcDbEntity
  8
AM_9
100
AcDbLine
 10
9.49624336242676
 20
228.0840031051636
 30
0.0
 11
9.49624336242676
 21
224.5840031051636
 31
0.0
  0
LINE
  5
79B
330
4C9
100
AcDbEntity
  8
AM_9
100
AcDbLine
 10
9.49624336242676
 20
233.1640031051636
 30
0.0
 11
9.49624336242676
 21
229.6640031051636
 31
0.0
  0
LINE
  5
79C
330
4C9
100
AcDbEntity
  8
AM_9
100
AcDbLine
 10
9.584445282679447
 20
227.5840031051636
 30
0.0
 11
9.584445282679447
 21
225.0840031051636
 31
0.0
  0
LINE
  5
79D
330
4C9
100
AcDbEntity
  8
AM_9
100
AcDbLine
 10
11.49624336242676
 20
227.5840031051636
 30
0.0
 11
11.49624336242676
 21
225.0840031051636
 31
0.0
  0
LINE
  5
79E
330
4C9
100
AcDbEntity
  8
AM_9
100
AcDbLine
 10
9.584445282679447
 20
232.6640031051636
 30
0.0
 11
9.584445282679447
 21
230.1640031051635
 31
0.0
  0
LINE
  5
79F
330
4C9
100
AcDbEntity
  8
AM_9
100
AcDbLine
 10
11.49624336242676
 20
232.6640031051636
 30
0.0
 11
11.49624336242676
 21
230.1640031051635
 31
0.0
  0
CIRCLE
  5
7A0
330
4C9
100
AcDbEntity
  8
AM_9
100
AcDbCircle
 10
52.86624336242953
 20
328.8940031051665
 30
0.0
 40
2.599999999996003
  0
LINE
  5
7A1
330
4C9
100
AcDbEntity
  8
AM_7
100
AcDbLine
 10
22.13624336242675
 20
173.8940031051636
 30
0.0
 11
27.59624336242676
 21
173.8940031051636
 31
0.0
  0
LINE
  5
7A2
330
4C9
100
AcDbEntity
  8
AM_7
100
AcDbLine
 10
24.86624336242676
 20
171.1640031051636
 30
0.0
 11
24.86624336242676
 21
176.6240031051636
 31
0.0
  0
LINE
  5
7A3
330
4C9
100
AcDbEntity
  8
AM_7
100
AcDbLine
 10
8.136243362426757
 20
343.8940031051636
 30
0.0
 11
13.59624336242676
 21
343.8940031051636
 31
0.0
  0
LINE
  5
7A4
330
4C9
100
AcDbEntity
  8
AM_7
100
AcDbLine
 10
10.86624336242676
 20
341.1640031051636
 30
0.0
 11
10.86624336242676
 21
346.6240031051635
 31
0.0
  0
LINE
  5
7A5
330
4C9
100
AcDbEntity
  8
AM_7
100
AcDbLine
 10
42.67124336242676
 20
264.0940031051636
 30
0.0
 11
46.66124336242676
 21
264.0940031051636
 31
0.0
  0
LINE
  5
7A6
330
4C9
100
AcDbEntity
  8
AM_7
100
AcDbLine
 10
44.66624336242675
 20
262.0990031051635
 30
0.0
 11
44.66624336242675
 21
266.0890031051636
 31
0.0
  0
LINE
  5
7A7
330
4C9
100
AcDbEntity
  8
AM_7
100
AcDbLine
 10
42.67124336242676
 20
217.5940031051636
 30
0.0
 11
46.66124336242676
 21
217.5940031051636
 31
0.0
  0
LINE
  5
7A8
330
4C9
100
AcDbEntity
  8
AM_7
100
AcDbLine
 10
44.66624336242675
 20
215.5990031051636
 30
0.0
 11
44.66624336242675
 21
219.5890031051636
 31
0.0
  0
LINE
  5
7A9
330
4C9
100
AcDbEntity
  8
AM_7
100
AcDbLine
 10
9.966243362426756
 20
188.5940031051636
 30
0.0
 11
18.36624336242675
 21
188.5940031051636
 31
0.0
  0
LINE
  5
7AA
330
4C9
100
AcDbEntity
  8
AM_7
100
AcDbLine
 10
14.16624336242675
 20
184.3940031051636
 30
0.0
 11
14.16624336242675
 21
192.7940031051636
 31
0.0
  0
LINE
  5
7AB
330
4C9
100
AcDbEntity
  8
AM_7
100
AcDbLine
 10
55.50624336242676
 20
323.5940031051636
 30
0.0
 11
59.02624336242675
 21
323.5940031051636
 31
0.0
  0
LINE
  5
7AC
330
4C9
100
AcDbEntity
  8
AM_7
100
AcDbLine
 10
50.41624336242675
 20
189.8940031051636
 30
0.0
 11
60.31624336242676
 21
189.8940031051636
 31
0.0
  0
LINE
  5
7AD
330
4C9
100
AcDbEntity
  8
AM_7
100
AcDbLine
 10
50.41624336242675
 20
318.8940031051636
 30
0.0
 11
60.31624336242676
 21
318.8940031051636
 31
0.0
  0
LINE
  5
7AE
330
4C9
100
AcDbEntity
  8
AM_7
100
AcDbLine
 10
35.76624336242675
 20
223.8940031051636
 30
0.0
 11
59.96624336242676
 21
223.8940031051636
 31
0.0
  0
LINE
  5
7AF
330
4C9
100
AcDbEntity
  8
AM_7
100
AcDbLine
 10
35.76624336242675
 20
283.8940031051636
 30
0.0
 11
59.96624336242676
 21
283.8940031051636
 31
0.0
  0
LINE
  5
7B0
330
4C9
100
AcDbEntity
  8
AM_7
100
AcDbLine
 10
35.76624336242676
 20
193.8940031051636
 30
0.0
 11
59.96624336242675
 21
193.8940031051636
 31
0.0
  0
LINE
  5
7B1
330
4C9
100
AcDbEntity
  8
AM_7
100
AcDbLine
 10
35.76624336242676
 20
253.8940031051636
 30
0.0
 11
59.96624336242675
 21
253.8940031051636
 31
0.0
  0
LINE
  5
7B2
330
4C9
100
AcDbEntity
  8
AM_7
100
AcDbLine
 10
35.76624336242676
 20
313.8940031051636
 30
0.0
 11
59.96624336242675
 21
313.8940031051636
 31
0.0
  0
LINE
  5
7B3
330
4C9
100
AcDbEntity
  8
AM_7
100
AcDbLine
 10
3.291243362426759
 20
192.7940031051636
 30
0.0
 11
4.941243362426757
 21
192.7940031051636
 31
0.0
  0
LINE
  5
7B4
330
4C9
100
AcDbEntity
  8
AM_7
100
AcDbLine
 10
3.291243362426759
 20
327.2940031051636
 30
0.0
 11
4.941243362426757
 21
327.2940031051636
 31
0.0
  0
LINE
  5
7B5
330
4C9
100
AcDbEntity
  8
AM_7
100
AcDbLine
 10
3.291243362426759
 20
307.2940031051636
 30
0.0
 11
4.941243362426757
 21
307.2940031051636
 31
0.0
  0
LINE
  5
7B6
330
4C9
100
AcDbEntity
  8
AM_7
100
AcDbLine
 10
3.291243362426759
 20
222.8440031051636
 30
0.0
 11
4.941243362426757
 21
222.8440031051636
 31
0.0
  0
LINE
  5
7B7
330
4C9
100
AcDbEntity
  8
AM_7
100
AcDbLine
 10
3.291243362426759
 20
202.8440031051636
 30
0.0
 11
4.941243362426757
 21
202.8440031051636
 31
0.0
  0
LINE
  5
7B8
330
4C9
100
AcDbEntity
  8
AM_7
100
AcDbLine
 10
17.86624336242676
 20
337.9940031051635
 30
0.0
 11
17.86624336242676
 21
335.7940031051636
 31
0.0
  0
LINE
  5
7B9
330
4C9
100
AcDbEntity
  8
AM_7
100
AcDbLine
 10
17.86624336242676
 20
181.9940031051636
 30
0.0
 11
17.86624336242676
 21
179.7940031051636
 31
0.0
  0
LINE
  5
7BA
330
4C9
100
AcDbEntity
  8
AM_7
100
AcDbLine
 10
31.36624336242676
 20
328.3940031051636
 30
0.0
 11
31.36624336242676
 21
339.3940031051636
 31
0.0
  0
LINE
  5
7BB
330
4C9
100
AcDbEntity
  8
AM_7
100
AcDbLine
 10
8.136243362426754
 20
173.8940031051636
 30
0.0
 11
13.59624336242675
 21
173.8940031051636
 31
0.0
  0
LINE
  5
7BC
330
4C9
100
AcDbEntity
  8
AM_7
100
AcDbLine
 10
10.86624336242675
 20
171.1640031051636
 30
0.0
 11
10.86624336242675
 21
176.6240031051636
 31
0.0
  0
LINE
  5
7BD
330
4C9
100
AcDbEntity
  8
AM_7
100
AcDbLine
 10
4.366243362426758
 20
196.8940031051636
 30
0.0
 11
12.76624336242676
 21
196.8940031051636
 31
0.0
  0
LINE
  5
7BE
330
4C9
100
AcDbEntity
  8
AM_7
100
AcDbLine
 10
8.566243362426757
 20
192.6940031051636
 30
0.0
 11
8.566243362426757
 21
201.0940031051636
 31
0.0
  0
LINE
  5
7BF
330
4C9
100
AcDbEntity
  8
AM_7
100
AcDbLine
 10
22.13624336242675
 20
343.8940031051636
 30
0.0
 11
27.59624336242674
 21
343.8940031051636
 31
0.0
  0
LINE
  5
7C0
330
4C9
100
AcDbEntity
  8
AM_7
100
AcDbLine
 10
24.86624336242675
 20
341.1640031051636
 30
0.0
 11
24.86624336242675
 21
346.6240031051635
 31
0.0
  0
LINE
  5
7C1
330
4C9
100
AcDbEntity
  8
AM_7
100
AcDbLine
 10
50.1362433624267
 20
328.8940031051636
 30
0.0
 11
55.59624336242676
 21
328.8940031051636
 31
0.0
  0
LINE
  5
7C2
330
4C9
100
AcDbEntity
  8
AM_7
100
AcDbLine
 10
52.86624336242673
 20
326.1640031051635
 30
0.0
 11
52.86624336242673
 21
331.6240031051636
 31
0.0
  0
LWPOLYLINE
  5
7C3
330
4C9
100
AcDbEntity
  8
AM_4
100
AcDbPolyline
 90
        4
 70
     0
 43
0.0
 10
3.616243368616818
 20
331.210634318293
 10
3.512794369155486
 20
331.0579705522327
 10
3.390901766034133
 20
330.7273663448393
 10
3.366243362419201
 20
330.4807378703698
  0
LINE
  5
7C4
330
4C9
100
AcDbEntity
  8
AM_4
100
AcDbLine
 10
3.366243362426758
 20
330.8825652773683
 30
0.0
 11
3.366243362426761
 21
303.7054409329297
 31
0.0
  0
ARC
  5
7C5
330
4C9
100
AcDbEntity
  8
AM_4
100
AcDbCircle
 10
4.366243362426636
 20
330.8825652773974
 30
0.0
 40
0.9999999999999123
100
AcDbArc
 50
138.5903773545213
 51
180.0
  0
LWPOLYLINE
  5
7C6
330
4C9
100
AcDbEntity
  8
AM_4
100
AcDbPolyline
 90
        4
 70
     0
 43
0.0
 10
3.616243368616818
 20
331.210634318293
 10
3.761912471623713
 20
331.4447922211869
 10
3.860091270708928
 20
331.8022169639647
 10
3.866243362431341
 20
331.9184598300119
  0
ARC
  5
7C7
330
4C9
100
AcDbEntity
  8
AM_4
100
AcDbCircle
 10
2.866244397790492
 20
332.2054421069197
 30
0.0
 40
0.9999999999998239
100
AcDbArc
 50
318.5902887406303
 51
359.9175512442229
  0
LINE
  5
7C8
330
4C9
100
AcDbEntity
  8
AM_4
100
AcDbLine
 10
3.616243368616828
 20
331.5440031121825
 30
0.0
 11
3.616243368616818
 21
331.210634318293
 31
0.0
  0
ARC
  5
7C9
330
4C9
100
AcDbEntity
  8
AM_4
100
AcDbCircle
 10
4.366243362426699
 20
199.2554409329297
 30
0.0
 40
0.9999999999999414
100
AcDbArc
 50
180.0
 51
221.4096218384385
  0
LWPOLYLINE
  5
7CA
330
4C9
100
AcDbEntity
  8
AM_4
100
AcDbPolyline
 90
        4
 70
     0
 43
0.0
 10
3.616243359300181
 20
199.0423587280728
 10
3.539897223150579
 20
199.1525510640264
 10
3.392866943346782
 20
199.5325981074959
 10
3.366243362423173
 20
199.7997004815754
  0
LWPOLYLINE
  5
7CB
330
4C9
100
AcDbEntity
  8
AM_4
100
AcDbPolyline
 90
        6
 70
     0
 43
0.0
 10
3.616243359300185
 20
199.0423587280728
 10
3.70329806641109
 20
198.9149735204682
 10
3.773682855275752
 20
198.77443772496
 10
3.832999955013729
 20
198.5936050348336
 10
3.863135381924646
 20
198.4005286081522
 10
3.866243362461425
 20
198.3165203347289
  0
ARC
  5
7CC
330
4C9
100
AcDbEntity
  8
AM_4
100
AcDbCircle
 10
2.866244397790194
 20
197.9325641034073
 30
0.0
 40
1.000000000000127
100
AcDbArc
 50
0.0
 51
41.40971206639745
  0
LINE
  5
7CD
330
4C9
100
AcDbEntity
  8
AM_4
100
AcDbLine
 10
3.616243359300192
 20
198.5940031087088
 30
0.0
 11
3.616243359300181
 21
199.0423587280728
 31
0.0
  0
LINE
  5
7CE
330
4C9
100
AcDbEntity
  8
AM_4
100
AcDbLine
 10
3.607107578947652
 20
200.0056523866447
 30
0.0
 11
3.366243362426758
 21
200.0056523866447
 31
0.0
  0
LINE
  5
7CF
330
4C9
100
AcDbEntity
  8
AM_4
100
AcDbLine
 10
3.366243362426758
 20
199.2554409329297
 30
0.0
 11
3.366243362426758
 21
223.8840031051636
 31
0.0
  0
LWPOLYLINE
  5
7D0
330
4C9
100
AcDbEntity
  8
AM_4
100
AcDbPolyline
 90
        4
 70
     0
 43
0.0
 10
3.366243362426758
 20
200.1591776233558
 10
3.387150344394229
 20
200.1148235438621
 10
3.521593148317038
 20
200.0450115127787
 10
3.616243359300192
 20
200.0191313745943
  0
ARC
  5
7D1
330
4C9
100
AcDbEntity
  8
AM_4
100
AcDbCircle
 10
4.366243362426559
 20
303.7054409329297
 30
0.0
 40
0.9999999999997975
100
AcDbArc
 50
180.0
 51
221.4096221546309
  0
LINE
  5
7D2
330
4C9
100
AcDbEntity
  8
AM_4
100
AcDbLine
 10
3.752243601051081
 20
328.8940031051636
 30
0.0
 11
3.366243362426758
 21
328.8940031051636
 31
0.0
  0
LINE
  5
7D3
330
4C9
100
AcDbEntity
  8
AM_4
100
AcDbLine
 10
3.366243362426758
 20
307.2940031051636
 30
0.0
 11
3.866244397790322
 21
307.2940031051635
 31
0.0
  0
LINE
  5
7D4
330
4C9
100
AcDbEntity
  8
AM_4
100
AcDbLine
 10
3.866243362426761
 20
327.2940031051636
 30
0.0
 11
3.366243362426758
 21
327.2940031051636
 31
0.0
  0
LINE
  5
7D5
330
4C9
100
AcDbEntity
  8
AM_4
100
AcDbLine
 10
3.366243362426758
 20
202.8440031051636
 30
0.0
 11
3.866244397790322
 21
202.8440031051636
 31
0.0
  0
LINE
  5
7D6
330
4C9
100
AcDbEntity
  8
AM_4
100
AcDbLine
 10
3.866243362426761
 20
222.8440031051636
 30
0.0
 11
3.366243362426758
 21
222.8440031051636
 31
0.0
  0
LWPOLYLINE
  5
7D7
330
4C9
100
AcDbEntity
  8
AM_4
100
AcDbPolyline
 90
        5
 70
     0
 43
0.0
 10
3.866243362426776
 20
329.9180457877432
 10
3.860576262232122
 20
329.716121917054
 10
3.855620868049176
 20
329.6376873677972
 10
3.822918274999388
 20
329.3248805080531
 10
3.752243601051081
 20
328.8940031051636
  0
LINE
  5
7D8
330
4C9
100
AcDbEntity
  8
AM_4
100
AcDbLine
 10
3.616243368616828
 20
328.8940031051636
 30
0.0
 11
3.616243362950339
 21
303.0440031045699
 31
0.0
  0
LINE
  5
7D9
330
4C9
100
AcDbEntity
  8
AM_4
100
AcDbLine
 10
3.616243359300196
 20
223.8840031051636
 30
0.0
 11
3.616243359300192
 21
200.0191313745943
 31
0.0
  0
ARC
  5
7DA
330
4C9
100
AcDbEntity
  8
AM_4
100
AcDbCircle
 10
2.866244397790283
 20
302.3825641034073
 30
0.0
 40
1.000000000000038
100
AcDbArc
 50
0.0
 51
41.40971175021243
  0
LWPOLYLINE
  5
7DB
330
4C9
100
AcDbEntity
  8
AM_4
100
AcDbPolyline
 90
        5
 70
     0
 43
0.0
 10
3.866243362426776
 20
199.8877690708516
 10
3.862470849941342
 20
199.9044448220091
 10
3.830102983015191
 20
199.939807953837
 10
3.763418069262002
 20
199.9747107410674
 10
3.616243359300185
 20
200.0191313745943
  0
LINE
  5
7DC
330
4C9
100
AcDbEntity
  8
AM_4
100
AcDbLine
 10
3.366243362426758
 20
196.3825652773683
 30
0.0
 11
3.366243362426175
 21
189.3334715760804
 31
0.0
  0
LINE
  5
7DD
330
4C9
100
AcDbEntity
  8
AM_4
100
AcDbLine
 10
3.855411218003695
 20
188.1250283776825
 30
0.0
 11
3.866243362426758
 21
187.976783990363
 31
0.0
  0
LWPOLYLINE
  5
7DE
330
4C9
100
AcDbEntity
  8
AM_4
100
AcDbPolyline
 90
        4
 70
     0
 43
0.0
 10
3.616243367762856
 20
188.6515400635143
 10
3.787926116479202
 20
188.37139294235
 10
3.84920149299834
 20
188.1628327861598
 10
3.855411218003695
 20
188.1250283776825
  0
LWPOLYLINE
  5
7DF
330
4C9
100
AcDbEntity
  8
AM_4
100
AcDbPolyline
 90
        4
 70
     0
 43
0.0
 10
3.616243367762856
 20
188.6515400635143
 10
3.539798972443759
 20
188.7525775039281
 10
3.398188290272937
 20
189.0740940673249
 10
3.366243362426175
 20
189.3334715760804
  0
LWPOLYLINE
  5
7E0
330
4C9
100
AcDbEntity
  8
AM_4
100
AcDbPolyline
 90
        5
 70
     0
 43
0.0
 10
3.366243362426758
 20
189.5574496197753
 10
3.379050554062257
 20
189.3814223256653
 10
3.495142210854063
 20
189.0202552165108
 10
3.530206466839619
 20
188.9580916433895
 10
3.616243367762866
 20
188.8367313111835
  0
ARC
  5
7E1
330
4C9
100
AcDbEntity
  8
AM_4
100
AcDbCircle
 10
4.366243362426818
 20
196.3825652773974
 30
0.0
 40
1.000000000000059
100
AcDbArc
 50
138.5903774285014
 51
180.0
  0
LWPOLYLINE
  5
7E2
330
4C9
100
AcDbEntity
  8
AM_4
100
AcDbPolyline
 90
        4
 70
     0
 43
0.0
 10
3.866243362426758
 20
188.1350761900897
 10
3.816381570311531
 20
188.4634278255599
 10
3.64684900506888
 20
188.7976493111333
 10
3.616243367762866
 20
188.8367313111835
  0
ARC
  5
7E3
330
4C9
100
AcDbEntity
  8
AM_4
100
AcDbCircle
 10
2.866244397790315
 20
197.7054421069198
 30
0.0
 40
0.9999999999999865
100
AcDbArc
 50
318.5902886666615
 51
359.9175512441964
  0
LINE
  5
7E4
330
4C9
100
AcDbEntity
  8
AM_4
100
AcDbLine
 10
3.616243367762856
 20
197.0440031112141
 30
0.0
 11
3.616243367762866
 21
188.8367313111835
 31
0.0
  0
LINE
  5
7E5
330
4C9
100
AcDbEntity
  8
AM_4
100
AcDbLine
 10
3.866243362426758
 20
186.3940031051636
 30
0.0
 11
3.913372037732945
 21
186.3940031051636
 31
0.0
  0
LINE
  5
7E6
330
4C9
100
AcDbEntity
  8
AM_4
100
AcDbLine
 10
3.866243362426758
 20
331.3940031051636
 30
0.0
 11
3.913372037732945
 21
331.3940031051636
 31
0.0
  0
LINE
  5
7E7
330
4C9
100
AcDbEntity
  8
AM_4
100
AcDbLine
 10
31.86624336242676
 20
183.9411317804698
 30
0.0
 11
3.913372037732952
 21
183.9411317804698
 31
0.0
  0
LINE
  5
7E8
330
4C9
100
AcDbEntity
  8
AM_4
100
AcDbLine
 10
58.86624336242676
 20
183.8940031051636
 30
0.0
 11
3.866243362426758
 21
183.8940031051636
 31
0.0
  0
LINE
  5
7E9
330
4C9
100
AcDbEntity
  8
AM_4
100
AcDbLine
 10
58.77024050532156
 20
183.9900059622688
 30
0.0
 11
3.962246219531952
 21
183.9900059622688
 31
0.0
  0
LINE
  5
7EA
330
4C9
100
AcDbEntity
  8
AM_4
100
AcDbLine
 10
3.913372037732945
 20
186.3940031051636
 30
0.0
 11
3.913372037732952
 21
183.9411317804698
 31
0.0
  0
LINE
  5
7EB
330
4C9
100
AcDbEntity
  8
AM_4
100
AcDbLine
 10
3.913372037732952
 20
183.9411317804698
 30
0.0
 11
3.962246219531952
 21
183.9900059622688
 31
0.0
  0
LINE
  5
7EC
330
4C9
100
AcDbEntity
  8
AM_4
100
AcDbLine
 10
3.962246219531952
 20
223.8840031051636
 30
0.0
 11
3.962246219531952
 21
183.9900059622688
 31
0.0
  0
LINE
  5
7ED
330
4C9
100
AcDbEntity
  8
AM_4
100
AcDbLine
 10
3.962246219531952
 20
228.9640031051636
 30
0.0
 11
3.962246219531952
 21
228.7840031051635
 31
0.0
  0
LINE
  5
7EE
330
4C9
100
AcDbEntity
  8
AM_4
100
AcDbLine
 10
3.962246219531956
 20
333.7980002480584
 30
0.0
 11
3.962246219531952
 21
233.8640031051636
 31
0.0
  0
LINE
  5
7EF
330
4C9
100
AcDbEntity
  8
AM_4
100
AcDbLine
 10
3.913372037732948
 20
333.8468744298574
 30
0.0
 11
3.913372037732945
 21
331.3940031051636
 31
0.0
  0
LINE
  5
7F0
330
4C9
100
AcDbEntity
  8
AM_4
100
AcDbLine
 10
3.866243362426594
 20
228.7840031051635
 30
0.0
 11
3.866243362426594
 21
228.9640031051636
 31
0.0
  0
LINE
  5
7F1
330
4C9
100
AcDbEntity
  8
AM_4
100
AcDbLine
 10
3.913372037732948
 20
333.8468744298574
 30
0.0
 11
31.86624336242676
 21
333.8468744298574
 31
0.0
  0
LINE
  5
7F2
330
4C9
100
AcDbEntity
  8
AM_4
100
AcDbLine
 10
3.962246219531956
 20
333.7980002480584
 30
0.0
 11
3.913372037732948
 21
333.8468744298574
 31
0.0
  0
LINE
  5
7F3
330
4C9
100
AcDbEntity
  8
AM_4
100
AcDbLine
 10
58.77024050532156
 20
333.7980002480584
 30
0.0
 11
3.962246219531956
 21
333.7980002480584
 31
0.0
  0
LINE
  5
7F4
330
4C9
100
AcDbEntity
  8
AM_4
100
AcDbLine
 10
58.86624336242676
 20
333.8940031051636
 30
0.0
 11
3.866243362426758
 21
333.8940031051636
 31
0.0
  0
LINE
  5
7F5
330
4C9
100
AcDbEntity
  8
AM_4
100
AcDbLine
 10
58.86624336242676
 20
333.8940031051636
 30
0.0
 11
58.77024050532156
 21
333.7980002480584
 31
0.0
  0
LINE
  5
7F6
330
4C9
100
AcDbEntity
  8
AM_4
100
AcDbLine
 10
58.77024050532156
 20
333.7980002480584
 30
0.0
 11
58.77024050532156
 21
183.9900059622688
 31
0.0
  0
LINE
  5
7F7
330
4C9
100
AcDbEntity
  8
AM_4
100
AcDbLine
 10
58.77024050532156
 20
183.9900059622688
 30
0.0
 11
58.86624336242676
 21
183.8940031051636
 31
0.0
  0
LINE
  5
7F8
330
4C9
100
AcDbEntity
  8
AM_4
100
AcDbLine
 10
58.86624336242676
 20
183.8940031051636
 30
0.0
 11
58.86624336242676
 21
333.8940031051636
 31
0.0
  0
LINE
  5
7F9
330
4C9
100
AcDbEntity
  8
AM_4
100
AcDbLine
 10
8.266243362426756
 20
168.8940031051636
 30
0.0
 11
5.866243362426754
 21
168.8940031051636
 31
0.0
  0
LINE
  5
7FA
330
4C9
100
AcDbEntity
  8
AM_4
100
AcDbLine
 10
31.86624336242676
 20
183.9411317804698
 30
0.0
 11
31.86624336242676
 21
170.8940031051636
 31
0.0
  0
CIRCLE
  5
7FB
330
4C9
100
AcDbEntity
  8
AM_4
100
AcDbCircle
 10
24.86624336242676
 20
173.8940031051636
 30
0.0
 40
2.600000000000009
  0
ARC
  5
7FC
330
4C9
100
AcDbEntity
  8
AM_4
100
AcDbCircle
 10
29.86624336242679
 20
170.8940031051635
 30
0.0
 40
1.999999999999972
100
AcDbArc
 50
270.0
 51
0.0
  0
LINE
  5
7FD
330
4C9
100
AcDbEntity
  8
AM_4
100
AcDbLine
 10
31.86624336242676
 20
180.3940031573176
 30
0.0
 11
3.866243362426758
 21
180.3940031573176
 31
0.0
  0
LINE
  5
7FE
330
4C9
100
AcDbEntity
  8
AM_4
100
AcDbLine
 10
3.866243362426594
 20
223.8840031051636
 30
0.0
 11
3.866243362426761
 21
170.8940031051636
 31
0.0
  0
ARC
  5
7FF
330
4C9
100
AcDbEntity
  8
AM_4
100
AcDbCircle
 10
5.866243362426741
 20
170.8940031051635
 30
0.0
 40
1.99999999999998
100
AcDbArc
 50
180.0
 51
270.0
  0
LINE
  5
800
330
4C9
100
AcDbEntity
  8
AM_4
100
AcDbLine
 10
8.266243362426756
 20
168.8940031051636
 30
0.0
 11
8.266243362426756
 21
173.8940031051636
 31
0.0
  0
ARC
  5
801
330
4C9
100
AcDbEntity
  8
AM_4
100
AcDbCircle
 10
10.86624336242675
 20
173.8940031051636
 30
0.0
 40
2.600000000000001
100
AcDbArc
 50
0.0
 51
180.0
  0
LINE
  5
802
330
4C9
100
AcDbEntity
  8
AM_4
100
AcDbLine
 10
13.46624336242676
 20
173.8940031051636
 30
0.0
 11
13.46624336242676
 21
168.8940031051636
 31
0.0
  0
LINE
  5
803
330
4C9
100
AcDbEntity
  8
AM_4
100
AcDbLine
 10
29.86624336242676
 20
168.8940031051636
 30
0.0
 11
13.46624336242676
 21
168.8940031051636
 31
0.0
  0
CIRCLE
  5
804
330
4C9
100
AcDbEntity
  8
AM_4
100
AcDbCircle
 10
10.86624336242676
 20
343.8940031051636
 30
0.0
 40
2.600000000000009
  0
ARC
  5
805
330
4C9
100
AcDbEntity
  8
AM_4
100
AcDbCircle
 10
5.86624336242674
 20
346.8940031051636
 30
0.0
 40
1.999999999999943
100
AcDbArc
 50
90.0
 51
180.0
  0
LINE
  5
806
330
4C9
100
AcDbEntity
  8
AM_4
100
AcDbLine
 10
3.866243362426758
 20
346.8940031051636
 30
0.0
 11
3.866243362426594
 21
233.8640031051636
 31
0.0
  0
LINE
  5
807
330
4C9
100
AcDbEntity
  8
AM_4
100
AcDbLine
 10
31.86624336242676
 20
337.3940031051636
 30
0.0
 11
3.866243362426758
 21
337.3940031051636
 31
0.0
  0
LINE
  5
808
330
4C9
100
AcDbEntity
  8
AM_4
100
AcDbLine
 10
31.86624336242677
 20
346.8940031051635
 30
0.0
 11
31.86624336242676
 21
333.8468744298574
 31
0.0
  0
ARC
  5
809
330
4C9
100
AcDbEntity
  8
AM_4
100
AcDbCircle
 10
29.86624336242678
 20
346.8940031051636
 30
0.0
 40
1.999999999999989
100
AcDbArc
 50
0.0
 51
90.0
  0
LINE
  5
80A
330
4C9
100
AcDbEntity
  8
AM_4
100
AcDbLine
 10
29.86624336242676
 20
348.8940031051636
 30
0.0
 11
27.46624336242676
 21
348.8940031051636
 31
0.0
  0
LINE
  5
80B
330
4C9
100
AcDbEntity
  8
AM_4
100
AcDbLine
 10
27.46624336242676
 20
348.8940031051636
 30
0.0
 11
27.46624336242676
 21
343.8940031439066
 31
0.0
  0
ARC
  5
80C
330
4C9
100
AcDbEntity
  8
AM_4
100
AcDbCircle
 10
24.86624336242676
 20
343.8940031051636
 30
0.0
 40
2.600000000000005
100
AcDbArc
 50
180.0
 51
0.0000008537736463
  0
LINE
  5
80D
330
4C9
100
AcDbEntity
  8
AM_4
100
AcDbLine
 10
22.26624336242676
 20
343.8940031051636
 30
0.0
 11
22.26624336242676
 21
348.8940031051636
 31
0.0
  0
LINE
  5
80E
330
4C9
100
AcDbEntity
  8
AM_4
100
AcDbLine
 10
22.26624336242676
 20
348.8940031051636
 30
0.0
 11
5.866243362426776
 21
348.8940031051636
 31
0.0
  0
LINE
  5
80F
330
4C9
100
AcDbEntity
  8
AM_4
100
AcDbLine
 10
32.46624336242676
 20
333.5124399643013
 30
0.0
 11
32.46624336242676
 21
333.4984759123587
 31
0.0
  0
LINE
  5
810
330
4C9
100
AcDbEntity
  8
AM_4
100
AcDbLine
 10
30.26624336242676
 20
333.5124399643013
 30
0.0
 11
30.26624336242676
 21
333.4984759123587
 31
0.0
  0
LINE
  5
811
330
4C9
100
AcDbEntity
  8
AM_4
100
AcDbLine
 10
28.61624336242676
 20
333.50545793833
 30
0.0
 11
28.61624336242676
 21
333.4752248790249
 31
0.0
  0
LINE
  5
812
330
4C9
100
AcDbEntity
  8
AM_4
100
AcDbLine
 10
34.11624336242676
 20
333.4752248790249
 30
0.0
 11
34.11624336242676
 21
333.50545793833
 31
0.0
  0
LWPOLYLINE
  5
813
330
4C9
100
AcDbEntity
  8
AM_4
100
AcDbPolyline
 90
       37
 70
     0
 43
0.0
 10
34.11624336242676
 20
333.50545793833
 10
34.10577878217906
 20
333.5096415384885
 10
34.07446468321033
 20
333.5137932989236
 10
34.0225393847217
 20
333.5178816222316
 10
33.950398069588
 20
333.5218753938034
 10
33.85858977677755
 20
333.525744218626
 10
33.74781322283397
 20
333.5294586526063
 10
33.61891148422148
 20
333.532990426659
 10
33.47286558100395
 20
333.5363126618509
 10
33.31078701068976
 20
333.5394000739662
 10
33.13390928906475
 20
333.5422291659345
 10
32.94357856239214
 20
333.5447784066577
 10
32.74124336242676
 20
333.5470283948745
 10
32.52844358221368
 20
333.5489620068161
 10
32.30679875657235
 20
333.5505645265281
 10
32.0779957364587
 20
333.5518237578677
 10
31.84377585101082
 20
333.5527301173242
 10
31.60592165498282
 20
333.5532767069549
 10
31.36624336242676
 20
333.5534593668826
 10
31.1265650698707
 20
333.5532767069549
 10
30.8887108738427
 20
333.5527301173242
 10
30.65449098839483
 20
333.5518237578677
 10
30.42568796828117
 20
333.5505645265281
 10
30.20404314263984
 20
333.5489620068161
 10
29.99124336242676
 20
333.5470283948745
 10
29.78890816246139
 20
333.5447784066577
 10
29.59857743578878
 20
333.5422291659345
 10
29.42169971416376
 20
333.5394000739662
 10
29.25962114384957
 20
333.5363126618509
 10
29.11357524063203
 20
333.532990426659
 10
28.98467350201956
 20
333.5294586526063
 10
28.87389694807597
 20
333.525744218626
 10
28.78208865526551
 20
333.5218753938034
 10
28.70994734013182
 20
333.5178816222316
 10
28.65802204164319
 20
333.5137932989236
 10
28.62670794267446
 20
333.5096415384885
 10
28.61624336242676
 20
333.50545793833
  0
LWPOLYLINE
  5
814
330
4C9
100
AcDbEntity
  8
AM_4
100
AcDbPolyline
 90
       19
 70
     0
 43
0.0
 10
28.61624336242676
 20
333.50545793833
 10
28.62670794267446
 20
333.5012743381716
 10
28.65802204164319
 20
333.4971225777364
 10
28.70994734013182
 20
333.4930342544285
 10
28.78208865526551
 20
333.4890404828566
 10
28.87389694807597
 20
333.4851716580341
 10
28.98467350201955
 20
333.4814572240537
 10
29.11357524063203
 20
333.4779254500011
 10
29.25962114384957
 20
333.4746032148091
 10
29.42169971416375
 20
333.4715158026938
 10
29.59857743578877
 20
333.4686867107255
 10
29.78890816246138
 20
333.4661374700024
 10
29.99124336242675
 20
333.4638874817855
 10
30.20404314263983
 20
333.4619538698439
 10
30.42568796828116
 20
333.460351350132
 10
30.65449098839482
 20
333.4590921187923
 10
30.88871087384269
 20
333.4581857593358
 10
31.12656506987069
 20
333.4576391697051
 10
31.36624336242675
 20
333.4574565097774
  0
LINE
  5
815
330
4C9
100
AcDbEntity
  8
AM_4
100
AcDbLine
 10
30.26624336242676
 20
333.5124399643013
 30
0.0
 11
29.61624336242676
 21
333.5124399643013
 31
0.0
  0
LWPOLYLINE
  5
816
330
4C9
100
AcDbEntity
  8
AM_4
100
AcDbPolyline
 90
       19
 70
     0
 43
0.0
 10
30.26624333482942
 20
333.5124399643013
 10
30.3272523548578
 20
333.5124864595136
 10
30.38779705961554
 20
333.512625591378
 10
30.44741666734154
 20
333.5128563010168
 10
30.50565743682171
 20
333.5131768325905
 10
30.56207612063357
 20
333.5135847466601
 10
30.61624333852676
 20
333.5140769387534
 10
30.66774684526607
 20
333.5146496629914
 10
30.71619466806655
 20
333.5152985605966
 10
30.76121808974307
 20
333.5160186930667
 10
30.80247445487081
 20
333.5168045797586
 10
30.83964977759987
 20
333.5176502396
 10
30.87246113127719
 20
333.518549236609
 10
30.90065880168927
 20
333.5194947288755
 10
30.92402818753805
 20
333.5204795206324
 10
30.94239143368639
 20
333.5214961170199
 10
30.95560878474307
 20
333.5225367811256
 10
30.96357964868571
 20
333.5235935928672
 10
30.96624336242676
 20
333.5246585092693
  0
LINE
  5
817
330
4C9
100
AcDbEntity
  8
AM_4
100
AcDbLine
 10
31.76624336242676
 20
333.5360043019544
 30
0.0
 11
30.96624336242676
 21
333.5360043019544
 31
0.0
  0
LWPOLYLINE
  5
818
330
4C9
100
AcDbEntity
  8
AM_4
100
AcDbPolyline
 90
       19
 70
     0
 43
0.0
 10
31.76624336242676
 20
333.5246585097511
 10
31.76890707376253
 20
333.5235935933471
 10
31.77687793531821
 20
333.5225367816
 10
31.79009528402441
 20
333.5214961174852
 10
31.80845852787662
 20
333.5204795210851
 10
31.8318279115011
 20
333.5194947293121
 10
31.86002557977765
 20
333.5185492370261
 10
31.89283693142447
 20
333.5176502399946
 10
31.93001225224348
 20
333.5168045801275
 10
31.97126861559618
 20
333.5160186934073
 10
32.01629203564618
 20
333.5152985609063
 10
32.06473985698103
 20
333.5146496632677
 10
32.11624336242676
 20
333.5140769389943
 10
32.17041057920827
 20
333.5135847468637
 10
32.22682926209879
 20
333.5131768327552
 10
32.285070030855
 20
333.5128563011415
 10
32.34468963805991
 20
333.5126255914616
 10
32.4052343425034
 20
333.5124864595556
 10
32.46624335199595
 20
333.5124399643013
  0
LINE
  5
819
330
4C9
100
AcDbEntity
  8
AM_4
100
AcDbLine
 10
33.11624336242676
 20
333.5124399643013
 30
0.0
 11
32.46624336242676
 21
333.5124399643013
 31
0.0
  0
LINE
  5
81A
330
4C9
100
AcDbEntity
  8
AM_4
100
AcDbLine
 10
33.11624336242676
 20
333.4984759123587
 30
0.0
 11
33.11624336242676
 21
333.5124399643013
 31
0.0
  0
LINE
  5
81B
330
4C9
100
AcDbEntity
  8
AM_4
100
AcDbLine
 10
32.46624336242675
 20
333.4984759123587
 30
0.0
 11
33.11624336242676
 21
333.4984759123587
 31
0.0
  0
LWPOLYLINE
  5
81C
330
4C9
100
AcDbEntity
  8
AM_4
100
AcDbPolyline
 90
       19
 70
     0
 43
0.0
 10
32.46624336242675
 20
333.4984759123587
 10
32.40523434250339
 20
333.4984294171044
 10
32.3446896380599
 20
333.4982902851984
 10
32.28507003085499
 20
333.4980595755186
 10
32.22682926209879
 20
333.4977390439049
 10
32.17041057920827
 20
333.4973311297964
 10
32.11624336242676
 20
333.4968389376658
 10
32.06473985698103
 20
333.4962662133924
 10
32.01629203564618
 20
333.4956173157537
 10
31.97126861559617
 20
333.4948971832528
 10
31.93001225224347
 20
333.4941112965325
 10
31.89283693142446
 20
333.4932656366655
 10
31.86002557977765
 20
333.4923666396339
 10
31.8318279115011
 20
333.491421147348
 10
31.80845852787662
 20
333.490436355575
 10
31.79009528402441
 20
333.4894197591749
 10
31.77687793531821
 20
333.4883790950601
 10
31.76890707376253
 20
333.487322283313
 10
31.76624336242676
 20
333.486257366909
  0
LINE
  5
81D
330
4C9
100
AcDbEntity
  8
AM_4
100
AcDbLine
 10
31.76624336242676
 20
333.4749115747056
 30
0.0
 11
31.76624336242676
 21
333.5360043019544
 31
0.0
  0
LINE
  5
81E
330
4C9
100
AcDbEntity
  8
AM_4
100
AcDbLine
 10
30.96624336242676
 20
333.4749115747056
 30
0.0
 11
31.76624336242676
 21
333.4749115747056
 31
0.0
  0
LINE
  5
81F
330
4C9
100
AcDbEntity
  8
AM_4
100
AcDbLine
 10
30.96624336242676
 20
333.5360043019544
 30
0.0
 11
30.96624336242676
 21
333.4749115747056
 31
0.0
  0
LWPOLYLINE
  5
820
330
4C9
100
AcDbEntity
  8
AM_4
100
AcDbPolyline
 90
       19
 70
     0
 43
0.0
 10
30.96624336242676
 20
333.486257366909
 10
30.96357965109098
 20
333.487322283313
 10
30.9556087895353
 20
333.4883790950601
 10
30.94239144082911
 20
333.4894197591749
 10
30.9240281969769
 20
333.490436355575
 10
30.90065881335241
 20
333.491421147348
 10
30.87246114507587
 20
333.4923666396339
 10
30.83964979342905
 20
333.4932656366655
 10
30.80247447261004
 20
333.4941112965325
 10
30.76121810925734
 20
333.4948971832528
 10
30.71619468920733
 20
333.4956173157537
 10
30.66774686787249
 20
333.4962662133924
 10
30.61624336242676
 20
333.4968389376658
 10
30.56207614564525
 20
333.4973311297964
 10
30.50565746275473
 20
333.4977390439049
 10
30.44741669399852
 20
333.4980595755186
 10
30.38779708679361
 20
333.4982902851984
 10
30.32725238235012
 20
333.4984294171044
 10
30.26624337285757
 20
333.4984759123587
  0
LINE
  5
821
330
4C9
100
AcDbEntity
  8
AM_4
100
AcDbLine
 10
29.61624336242676
 20
333.4984759123587
 30
0.0
 11
30.26624336242676
 21
333.4984759123587
 31
0.0
  0
LINE
  5
822
330
4C9
100
AcDbEntity
  8
AM_4
100
AcDbLine
 10
29.61624336242676
 20
333.5124399643013
 30
0.0
 11
29.61624336242676
 21
333.4984759123587
 31
0.0
  0
LWPOLYLINE
  5
823
330
4C9
100
AcDbEntity
  8
AM_4
100
AcDbPolyline
 90
       19
 70
     0
 43
0.0
 10
31.36624336242676
 20
333.4574565097774
 10
31.60592165498282
 20
333.4576391697051
 10
31.84377585101081
 20
333.4581857593358
 10
32.07799573645869
 20
333.4590921187923
 10
32.30679875657235
 20
333.460351350132
 10
32.52844358221368
 20
333.4619538698439
 10
32.74124336242676
 20
333.4638874817855
 10
32.94357856239213
 20
333.4661374700024
 10
33.13390928906474
 20
333.4686867107255
 10
33.31078701068976
 20
333.4715158026938
 10
33.47286558100394
 20
333.4746032148091
 10
33.61891148422148
 20
333.4779254500011
 10
33.74781322283396
 20
333.4814572240537
 10
33.85858977677754
 20
333.4851716580341
 10
33.950398069588
 20
333.4890404828566
 10
34.0225393847217
 20
333.4930342544285
 10
34.07446468321033
 20
333.4971225777364
 10
34.10577878217906
 20
333.5012743381716
 10
34.11624336242676
 20
333.50545793833
  0
LWPOLYLINE
  5
824
330
4C9
100
AcDbEntity
  8
AM_4
100
AcDbPolyline
 90
       37
 70
     0
 43
0.0
 10
34.61624336242676
 20
333.50545793833
 10
34.60387613122493
 20
333.5104021930628
 10
34.56686855971643
 20
333.5153088190315
 10
34.50550229786623
 20
333.52014047385
 10
34.42024437998096
 20
333.5248603857077
 10
34.31174367029587
 20
333.5294326332253
 10
34.18082592472619
 20
333.5338224188384
 10
34.02848750636598
 20
333.5379963336279
 10
33.85588780256344
 20
333.541922611582
 10
33.66434040128304
 20
333.5455713713546
 10
33.45530309390801
 20
333.5489148436808
 10
33.23036678056766
 20
333.5519275827172
 10
32.99124336242676
 20
333.5545866597008
 10
32.73975271308404
 20
333.55687183745
 10
32.47780882823518
 20
333.5587657243823
 10
32.20740525900995
 20
333.5602539068746
 10
31.93059993984429
 20
333.5613250589596
 10
31.64949952635665
 20
333.5619710285231
 10
31.36624336242676
 20
333.5621868993467
 10
31.08298719849688
 20
333.5619710285231
 10
30.80188678500924
 20
333.5613250589596
 10
30.52508146584357
 20
333.5602539068746
 10
30.25467789661834
 20
333.5587657243823
 10
29.99273401176949
 20
333.55687183745
 10
29.74124336242676
 20
333.5545866597008
 10
29.50211994428587
 20
333.5519275827172
 10
29.27718363094551
 20
333.5489148436808
 10
29.06814632357048
 20
333.5455713713546
 10
28.87659892229009
 20
333.541922611582
 10
28.70399921848754
 20
333.5379963336279
 10
28.55166080012734
 20
333.5338224188384
 10
28.42074305455765
 20
333.5294326332253
 10
28.31224234487256
 20
333.5248603857077
 10
28.22698442698729
 20
333.52014047385
 10
28.16561816513708
 20
333.5153088190315
 10
28.12861059362859
 20
333.5104021930628
 10
28.11624336242676
 20
333.50545793833
  0
LWPOLYLINE
  5
825
330
4C9
100
AcDbEntity
  8
AM_4
100
AcDbPolyline
 90
       19
 70
     0
 43
0.0
 10
28.11624336242676
 20
333.50545793833
 10
28.12861059362859
 20
333.5005136835973
 10
28.16561816513708
 20
333.4956070576285
 10
28.22698442698729
 20
333.49077540281
 10
28.31224234487255
 20
333.4860554909524
 10
28.42074305455764
 20
333.4814832434348
 10
28.55166080012733
 20
333.4770934578216
 10
28.70399921848753
 20
333.4729195430322
 10
28.87659892229008
 20
333.4689932650781
 10
29.06814632357047
 20
333.4653445053054
 10
29.2771836309455
 20
333.4620010329793
 10
29.50211994428586
 20
333.4589882939428
 10
29.74124336242675
 20
333.4563292169593
 10
29.99273401176948
 20
333.4540440392101
 10
30.25467789661833
 20
333.4521501522778
 10
30.52508146584356
 20
333.4506619697854
 10
30.80188678500923
 20
333.4495908177005
 10
31.08298719849686
 20
333.4489448481369
 10
31.36624336242675
 20
333.4487289773133
  0
LWPOLYLINE
  5
826
330
4C9
100
AcDbEntity
  8
AM_4
100
AcDbPolyline
 90
       37
 70
     0
 43
0.0
 10
26.36624336242676
 20
333.50545793833
 10
26.38526987196803
 20
333.5130644840726
 10
26.44220459736572
 20
333.5206131394092
 10
26.53661423098142
 20
333.5280464545147
 10
26.66778025849722
 20
333.5353078573726
 10
26.83470442724351
 20
333.5423420843227
 10
27.03611634350456
 20
333.5490956006506
 10
27.2704831409818
 20
333.555517008019
 10
27.53602114683186
 20
333.5615574356407
 10
27.83070945649402
 20
333.567170912214
 10
28.15230531399406
 20
333.5723147157927
 10
28.49836118067152
 20
333.5769496989258
 10
28.86624336242675
 20
333.5810405865927
 10
29.25315205372326
 20
333.5845562446684
 10
29.65614264579841
 20
333.587469916872
 10
30.07214813691414
 20
333.5897594283986
 10
30.4980024740921
 20
333.5914073546832
 10
30.93046464868846
 20
333.5924011540117
 10
31.36624336242675
 20
333.5927332629711
 10
31.80202207616504
 20
333.5924011540117
 10
32.2344842507614
 20
333.5914073546832
 10
32.66033858793935
 20
333.5897594283986
 10
33.07634407905509
 20
333.587469916872
 10
33.47933467113025
 20
333.5845562446684
 10
33.86624336242674
 20
333.5810405865927
 10
34.23412554418198
 20
333.5769496989258
 10
34.58018141085945
 20
333.5723147157927
 10
34.90177726835948
 20
333.567170912214
 10
35.19646557802164
 20
333.5615574356407
 10
35.46200358387171
 20
333.555517008019
 10
35.69637038134894
 20
333.5490956006506
 10
35.89778229761
 20
333.5423420843227
 10
36.06470646635629
 20
333.5353078573726
 10
36.19587249387209
 20
333.5280464545147
 10
36.29028212748779
 20
333.5206131394092
 10
36.34721685288548
 20
333.5130644840726
 10
36.36624336242676
 20
333.50545793833
  0
LINE
  5
827
330
4C9
100
AcDbEntity
  8
AM_4
100
AcDbLine
 10
58.57021003971278
 20
333.5979697824496
 30
0.0
 11
4.162276685140736
 21
333.5979697824496
 31
0.0
  0
LINE
  5
828
330
4C9
100
AcDbEntity
  8
AM_4
100
AcDbLine
 10
26.86627547785617
 20
333.5051611828038
 30
0.0
 11
26.5877570636933
 21
333.4356376786171
 31
0.0
  0
LINE
  5
829
330
4C9
100
AcDbEntity
  8
AM_4
100
AcDbLine
 10
36.14472966116021
 20
333.4356376786171
 30
0.0
 11
35.86621124699735
 21
333.5051611828039
 31
0.0
  0
LWPOLYLINE
  5
82A
330
4C9
100
AcDbEntity
  8
AM_4
100
AcDbPolyline
 90
       19
 70
     0
 43
0.0
 10
31.36624336242676
 20
333.4487289773133
 10
31.64949952635665
 20
333.4489448481369
 10
31.93059993984428
 20
333.4495908177005
 10
32.20740525900995
 20
333.4506619697854
 10
32.47780882823518
 20
333.4521501522778
 10
32.73975271308403
 20
333.4540440392101
 10
32.99124336242676
 20
333.4563292169593
 10
33.23036678056766
 20
333.4589882939428
 10
33.45530309390801
 20
333.4620010329793
 10
33.66434040128303
 20
333.4653445053054
 10
33.85588780256344
 20
333.4689932650781
 10
34.02848750636598
 20
333.4729195430322
 10
34.18082592472619
 20
333.4770934578216
 10
34.31174367029587
 20
333.4814832434348
 10
34.42024437998096
 20
333.4860554909524
 10
34.50550229786623
 20
333.49077540281
 10
34.56686855971643
 20
333.4956070576285
 10
34.60387613122493
 20
333.5005136835973
 10
34.61624336242676
 20
333.50545793833
  0
LWPOLYLINE
  5
82B
330
4C9
100
AcDbEntity
  8
AM_4
100
AcDbPolyline
 90
       20
 70
     0
 43
0.0
 10
31.36886598325991
 20
333.5840057171672
 10
31.7610567791526
 20
333.5837028293374
 10
32.15024280654914
 20
333.5828044506416
 10
32.5334621247841
 20
333.5813174182838
 10
32.90779820345156
 20
333.5792530494786
 10
33.27040211896256
 20
333.5766270553187
 10
33.61851423657384
 20
333.5734594212054
 10
33.94948521287451
 20
333.569774254747
 10
34.26079615888921
 20
333.5655996022855
 10
34.55007781034406
 20
333.5609672354467
 10
34.81512855919846
 20
333.5559124093394
 10
35.0539312092116
 20
333.5504735942426
 10
35.26466832802392
 20
333.544692182823
 10
35.44573607891468
 20
333.5386121751126
 10
35.59575642696792
 20
333.5322798436412
 10
35.71358762675019
 20
333.5257433812748
 10
35.79833291168272
 20
333.5190525344389
 10
35.84934731897658
 20
333.512258224518
 10
35.8662425981889
 20
333.5054121603131
 10
35.86621124699734
 20
333.5051611828038
  0
LWPOLYLINE
  5
82C
330
4C9
100
AcDbEntity
  8
AM_4
100
AcDbPolyline
 90
       20
 70
     0
 43
0.0
 10
26.86627547785617
 20
333.5051611828038
 10
26.8819174696288
 20
333.5120081543591
 10
26.93168788915563
 20
333.5188052748152
 10
27.01520795349186
 20
333.5255008139814
 10
27.13184202451709
 20
333.5320438147616
 10
27.28070244652525
 20
333.5383844809692
 10
27.46065630182047
 20
333.5444745563057
 10
27.67033403290485
 20
333.5502676916205
 10
27.90813986563797
 20
333.5557197976559
 10
28.17226395404162
 20
333.560789380593
 10
28.46069615432058
 20
333.5654378578443
 10
28.7712413232706
 20
333.5696298516913
 10
29.10153602464367
 20
333.5733334585295
 10
29.44906651632495
 20
333.5765204916747
 10
29.8111878814281
 20
333.5791666958802
 10
30.18514415770981
 20
333.5812519319342
 10
30.56808931210662
 20
333.5827603299311
 10
30.95710890076496
 20
333.5836804100515
 10
31.34924224971869
 20
333.5840051699301
 10
31.36886598325991
 20
333.5840057171672
  0
LINE
  5
82D
330
4C9
100
AcDbEntity
  8
AM_4
100
AcDbLine
 10
26.5877570636933
 20
333.1840031051636
 30
0.0
 11
26.5877570636933
 21
333.4356376786171
 31
0.0
  0
LINE
  5
82E
330
4C9
100
AcDbEntity
  8
AM_4
100
AcDbLine
 10
36.14472966116021
 20
333.4356376786171
 30
0.0
 11
26.5877570636933
 21
333.4356376786171
 31
0.0
  0
LINE
  5
82F
330
4C9
100
AcDbEntity
  8
AM_4
100
AcDbLine
 10
36.14472966116021
 20
333.1840031051636
 30
0.0
 11
36.14472966116021
 21
333.4356376786171
 31
0.0
  0
LINE
  5
830
330
4C9
100
AcDbEntity
  8
AM_4
100
AcDbLine
 10
26.08653611465272
 20
333.4356376786171
 30
0.0
 11
4.324608788973155
 21
333.4356376786171
 31
0.0
  0
LINE
  5
831
330
4C9
100
AcDbEntity
  8
AM_4
100
AcDbLine
 10
58.40787793588036
 20
333.4356376786171
 30
0.0
 11
36.6459506102008
 21
333.4356376786171
 31
0.0
  0
LINE
  5
832
330
4C9
100
AcDbEntity
  8
AM_4
100
AcDbLine
 10
36.36624336242676
 20
333.1840031051636
 30
0.0
 11
36.36624336242676
 21
333.50545793833
 31
0.0
  0
LINE
  5
833
330
4C9
100
AcDbEntity
  8
AM_4
100
AcDbLine
 10
36.6459506102008
 20
333.1840031051636
 30
0.0
 11
36.6459506102008
 21
333.4356376786171
 31
0.0
  0
LINE
  5
834
330
4C9
100
AcDbEntity
  8
AM_4
100
AcDbLine
 10
36.36624336242676
 20
333.50545793833
 30
0.0
 11
36.6459506102008
 21
333.4356376786171
 31
0.0
  0
LINE
  5
835
330
4C9
100
AcDbEntity
  8
AM_4
100
AcDbLine
 10
26.08653611465272
 20
333.1840031051636
 30
0.0
 11
26.08653611465272
 21
333.4356376786171
 31
0.0
  0
LINE
  5
836
330
4C9
100
AcDbEntity
  8
AM_4
100
AcDbLine
 10
26.36624336242676
 20
333.1840031051636
 30
0.0
 11
26.36624336242676
 21
333.50545793833
 31
0.0
  0
LINE
  5
837
330
4C9
100
AcDbEntity
  8
AM_4
100
AcDbLine
 10
26.08653611465272
 20
333.4356376786171
 30
0.0
 11
26.36624336242676
 21
333.50545793833
 31
0.0
  0
LINE
  5
838
330
4C9
100
AcDbEntity
  8
AM_4
100
AcDbLine
 10
58.40787793588036
 20
333.2356072130084
 30
0.0
 11
55.29624336242676
 21
333.2356072130084
 31
0.0
  0
LINE
  5
839
330
4C9
100
AcDbEntity
  8
AM_4
100
AcDbLine
 10
15.82624336242676
 20
333.2356072130084
 30
0.0
 11
4.324608788973158
 21
333.2356072130084
 31
0.0
  0
LINE
  5
83A
330
4C9
100
AcDbEntity
  8
AM_4
100
AcDbLine
 10
15.82624336242676
 20
333.2134392805496
 30
0.0
 11
4.346776721431983
 21
333.2134392805496
 31
0.0
  0
LINE
  5
83B
330
4C9
100
AcDbEntity
  8
AM_4
100
AcDbLine
 10
58.38571000342152
 20
333.2134392805496
 30
0.0
 11
55.29624336242676
 21
333.2134392805496
 31
0.0
  0
CIRCLE
  5
83C
330
4C9
100
AcDbEntity
  8
AM_4
100
AcDbCircle
 10
44.66624336242675
 20
264.0940031051636
 30
0.0
 40
1.000000000000004
  0
CIRCLE
  5
83D
330
4C9
100
AcDbEntity
  8
AM_4
100
AcDbCircle
 10
44.66624336242675
 20
264.0940031051636
 30
0.0
 40
1.20000000000001
  0
CIRCLE
  5
83E
330
4C9
100
AcDbEntity
  8
AM_4
100
AcDbCircle
 10
44.66624336242675
 20
217.5940031051636
 30
0.0
 40
1.000000000000004
  0
CIRCLE
  5
83F
330
4C9
100
AcDbEntity
  8
AM_4
100
AcDbCircle
 10
44.66624336242675
 20
217.5940031051636
 30
0.0
 40
1.20000000000001
  0
LINE
  5
840
330
4C9
100
AcDbEntity
  8
AM_4
100
AcDbLine
 10
49.21624336242676
 20
267.6240031051636
 30
0.0
 11
40.71624336242676
 21
267.6240031051636
 31
0.0
  0
CIRCLE
  5
841
330
4C9
100
AcDbEntity
  8
AM_4
100
AcDbCircle
 10
44.66624336242675
 20
264.0940031051636
 30
0.0
 40
1.900000000000005
  0
LINE
  5
842
330
4C9
100
AcDbEntity
  8
AM_4
100
AcDbLine
 10
49.21624336242676
 20
214.8440031051636
 30
0.0
 11
49.21624336242676
 21
267.6240031051636
 31
0.0
  0
LINE
  5
843
330
4C9
100
AcDbEntity
  8
AM_4
100
AcDbLine
 10
40.71624336242676
 20
267.6240031051636
 30
0.0
 11
40.71624336242676
 21
214.8440031051636
 31
0.0
  0
CIRCLE
  5
844
330
4C9
100
AcDbEntity
  8
AM_4
100
AcDbCircle
 10
44.66624336242675
 20
217.5940031051636
 30
0.0
 40
1.900000000000005
  0
LINE
  5
845
330
4C9
100
AcDbEntity
  8
AM_4
100
AcDbLine
 10
40.71624336242676
 20
214.8440031051636
 30
0.0
 11
49.21624336242676
 21
214.8440031051636
 31
0.0
  0
LINE
  5
846
330
4C9
100
AcDbEntity
  8
AM_4
100
AcDbLine
 10
20.02624336242676
 20
184.1900364278775
 30
0.0
 11
20.02624336242676
 21
184.7068597950589
 31
0.0
  0
LINE
  5
847
330
4C9
100
AcDbEntity
  8
AM_4
100
AcDbLine
 10
58.57021003971278
 20
184.1900364278775
 30
0.0
 11
20.02624336242676
 21
184.1900364278775
 31
0.0
  0
LINE
  5
848
330
4C9
100
AcDbEntity
  8
AM_4
100
AcDbLine
 10
19.62624336242676
 20
184.7068597950589
 30
0.0
 11
19.62624336242676
 21
184.1900364278775
 31
0.0
  0
LINE
  5
849
330
4C9
100
AcDbEntity
  8
AM_4
100
AcDbLine
 10
19.62624336242676
 20
184.1900364278775
 30
0.0
 11
4.162276685140736
 21
184.1900364278775
 31
0.0
  0
LINE
  5
84A
330
4C9
100
AcDbEntity
  8
AM_4
100
AcDbLine
 10
48.66624336242673
 20
298.9440031051636
 30
0.0
 11
47.36624336242676
 21
298.9440031051636
 31
0.0
  0
ARC
  5
84B
330
4C9
100
AcDbEntity
  8
AM_4
100
AcDbCircle
 10
46.86624336242685
 20
293.4440031051635
 30
0.0
 40
0.6999999999999318
100
AcDbArc
 50
270.0
 51
0.0
  0
ARC
  5
84C
330
4C9
100
AcDbEntity
  8
AM_4
100
AcDbCircle
 10
46.76624336242676
 20
293.5440031051635
 30
0.0
 40
0.2999999999999545
100
AcDbArc
 50
270.0
 51
0.0
  0
LINE
  5
84D
330
4C9
100
AcDbEntity
  8
AM_4
100
AcDbLine
 10
47.36624336242676
 20
294.2440031051635
 30
0.0
 11
48.66624336242675
 21
294.2440031051635
 31
0.0
  0
LINE
  5
84E
330
4C9
100
AcDbEntity
  8
AM_4
100
AcDbLine
 10
48.76624336242674
 20
299.4440031051636
 30
0.0
 11
47.86624336242676
 21
299.4440031051636
 31
0.0
  0
LINE
  5
84F
330
4C9
100
AcDbEntity
  8
AM_4
100
AcDbLine
 10
48.96624336242675
 20
294.5440031051635
 30
0.0
 11
48.96624336242676
 21
298.6440031051636
 31
0.0
  0
ARC
  5
850
330
4C9
100
AcDbEntity
  8
AM_4
100
AcDbCircle
 10
48.66624336242668
 20
294.5440031051636
 30
0.0
 40
0.3000000000000682
100
AcDbArc
 50
270.0
 51
0.0
  0
ARC
  5
851
330
4C9
100
AcDbEntity
  8
AM_4
100
AcDbCircle
 10
48.66624336242676
 20
298.6440031051636
 30
0.0
 40
0.2999999999999972
100
AcDbArc
 50
0.0
 51
90.0
  0
LINE
  5
852
330
4C9
100
AcDbEntity
  8
AM_4
100
AcDbLine
 10
47.06624336242675
 20
293.5440031051635
 30
0.0
 11
47.06624336242676
 21
293.9440031051636
 31
0.0
  0
LINE
  5
853
330
4C9
100
AcDbEntity
  8
AM_4
100
AcDbLine
 10
46.06624336242676
 20
299.6440031051636
 30
0.0
 11
46.06624336242676
 21
293.5440031051635
 31
0.0
  0
ARC
  5
854
330
4C9
100
AcDbEntity
  8
AM_4
100
AcDbCircle
 10
47.86624336242684
 20
293.4440031051635
 30
0.0
 40
0.3000000000000682
100
AcDbArc
 50
90.0
 51
179.9999991462263
  0
ARC
  5
855
330
4C9
100
AcDbEntity
  8
AM_4
100
AcDbCircle
 10
46.36624336242675
 20
293.5440031051635
 30
0.0
 40
0.2999999999999901
100
AcDbArc
 50
180.0
 51
270.0
  0
ARC
  5
856
330
4C9
100
AcDbEntity
  8
AM_4
100
AcDbCircle
 10
48.76624336242681
 20
294.4440031051635
 30
0.0
 40
0.6999999999999318
100
AcDbArc
 50
270.0
 51
0.0
  0
ARC
  5
857
330
4C9
100
AcDbEntity
  8
AM_4
100
AcDbCircle
 10
47.36624336242679
 20
293.9440031051635
 30
0.0
 40
0.3000000000000682
100
AcDbArc
 50
90.0
 51
180.0
  0
ARC
  5
858
330
4C9
100
AcDbEntity
  8
AM_4
100
AcDbCircle
 10
47.36624336242678
 20
299.2440031051636
 30
0.0
 40
0.3000000000000256
100
AcDbArc
 50
180.0
 51
270.0
  0
ARC
  5
859
330
4C9
100
AcDbEntity
  8
AM_4
100
AcDbCircle
 10
46.76624336242677
 20
299.6440031051636
 30
0.0
 40
0.2999999999999901
100
AcDbArc
 50
0.0
 51
90.0
  0
ARC
  5
85A
330
4C9
100
AcDbEntity
  8
AM_4
100
AcDbCircle
 10
46.26624336242675
 20
299.7440031051636
 30
0.0
 40
0.6999999999999886
100
AcDbArc
 50
90.0
 51
180.0
  0
LINE
  5
85B
330
4C9
100
AcDbEntity
  8
AM_4
100
AcDbLine
 10
47.86624336242679
 20
293.7440031051636
 30
0.0
 11
48.76624336242676
 21
293.7440031051636
 31
0.0
  0
ARC
  5
85C
330
4C9
100
AcDbEntity
  8
AM_4
100
AcDbCircle
 10
46.36624336242673
 20
299.6440031051636
 30
0.0
 40
0.3000000000000114
100
AcDbArc
 50
90.0
 51
180.0
  0
LINE
  5
85D
330
4C9
100
AcDbEntity
  8
AM_4
100
AcDbLine
 10
49.46624336242677
 20
294.4440031051636
 30
0.0
 11
49.46624336242676
 21
298.7440031051635
 31
0.0
  0
ARC
  5
85E
330
4C9
100
AcDbEntity
  8
AM_4
100
AcDbCircle
 10
48.76624336242676
 20
298.7440031051635
 30
0.0
 40
0.7000000000000028
100
AcDbArc
 50
0.0
 51
90.0
  0
ARC
  5
85F
330
4C9
100
AcDbEntity
  8
AM_4
100
AcDbCircle
 10
47.86624336242681
 20
299.7440031051636
 30
0.0
 40
0.3000000000000469
100
AcDbArc
 50
180.0
 51
270.0
  0
LINE
  5
860
330
4C9
100
AcDbEntity
  8
AM_4
100
AcDbLine
 10
45.56624336242676
 20
299.7440031051635
 30
0.0
 11
45.56624336242676
 21
293.4440031051636
 31
0.0
  0
ARC
  5
861
330
4C9
100
AcDbEntity
  8
AM_4
100
AcDbCircle
 10
46.26624336242677
 20
293.4440031051636
 30
0.0
 40
0.70000000000001
100
AcDbArc
 50
179.9999991462263
 51
270.0
  0
LINE
  5
862
330
4C9
100
AcDbEntity
  8
AM_4
100
AcDbLine
 10
46.76624336242673
 20
299.9440031051636
 30
0.0
 11
46.36624336242676
 21
299.9440031051636
 31
0.0
  0
LINE
  5
863
330
4C9
100
AcDbEntity
  8
AM_4
100
AcDbLine
 10
47.06624336242675
 20
299.2440031051636
 30
0.0
 11
47.06624336242676
 21
299.6440031051636
 31
0.0
  0
LINE
  5
864
330
4C9
100
AcDbEntity
  8
AM_4
100
AcDbLine
 10
46.36624336242675
 20
293.2440031051636
 30
0.0
 11
46.76624336242676
 21
293.2440031051636
 31
0.0
  0
LINE
  5
865
330
4C9
100
AcDbEntity
  8
AM_4
100
AcDbLine
 10
46.26624336242676
 20
292.7440031051636
 30
0.0
 11
46.86624336242676
 21
292.7440031051636
 31
0.0
  0
ARC
  5
866
330
4C9
100
AcDbEntity
  8
AM_4
100
AcDbCircle
 10
46.86624336242671
 20
299.7440031051635
 30
0.0
 40
0.7000000000000597
100
AcDbArc
 50
0.0
 51
90.0
  0
LINE
  5
867
330
4C9
100
AcDbEntity
  8
AM_4
100
AcDbLine
 10
46.86624336242674
 20
300.4440031051636
 30
0.0
 11
46.26624336242676
 21
300.4440031051636
 31
0.0
  0
LINE
  5
868
330
4C9
100
AcDbEntity
  8
AM_4
100
AcDbLine
 10
19.62624336242676
 20
184.5156063887402
 30
0.0
 11
4.487846646003433
 21
184.5156063887402
 31
0.0
  0
LINE
  5
869
330
4C9
100
AcDbEntity
  8
AM_4
100
AcDbLine
 10
58.24464007885008
 20
184.5156063887402
 30
0.0
 11
20.02624336242676
 21
184.5156063887402
 31
0.0
  0
LWPOLYLINE
  5
86A
330
4C9
100
AcDbEntity
  8
AM_4
100
AcDbPolyline
 90
        4
 70
     0
 43
0.0
 10
46.68634437510443
 20
195.8940031051636
 10
47.14951281719529
 20
195.8151673622683
 10
47.56046110524632
 20
195.5875843513845
 10
47.67629386876559
 20
195.4839525988247
  0
LWPOLYLINE
  5
86B
330
4C9
100
AcDbEntity
  8
AM_4
100
AcDbPolyline
 90
        6
 70
     0
 43
0.0
 10
38.06624336242676
 20
189.4940031051636
 10
37.93392353194598
 20
189.5165226918153
 10
37.81652226880617
 20
189.5815301056885
 10
37.7272207725397
 20
189.6817210203183
 10
37.67607046096339
 20
189.8058832608397
 10
37.66624336242675
 20
189.894003111124
  0
LWPOLYLINE
  5
86C
330
4C9
100
AcDbEntity
  8
AM_4
100
AcDbPolyline
 90
        6
 70
     0
 43
0.0
 10
37.66624336242675
 20
194.9940031051636
 10
37.68881623296961
 20
195.1264748453565
 10
37.75400070250205
 20
195.2440121476463
 10
37.8544264613482
 20
195.3333165302111
 10
37.97870081650958
 20
195.3843059397092
 10
38.06624336242676
 20
195.3940031051636
  0
LINE
  5
86D
330
4C9
100
AcDbEntity
  8
AM_4
100
AcDbLine
 10
38.06624336242676
 20
195.3940031051636
 30
0.0
 11
46.69806055375773
 21
195.3940031051636
 31
0.0
  0
LWPOLYLINE
  5
86E
330
4C9
100
AcDbEntity
  8
AM_4
100
AcDbPolyline
 90
        4
 70
     0
 43
0.0
 10
46.69806055375773
 20
195.3940031051636
 10
47.02889272641585
 20
195.3376927117262
 10
47.32242503938572
 20
195.1751362494396
 10
47.40516733494428
 20
195.1011098863501
  0
LINE
  5
86F
330
4C9
100
AcDbEntity
  8
AM_4
100
AcDbLine
 10
47.40516733494411
 20
195.1011098863503
 30
0.0
 11
48.60515209207934
 21
193.901125129215
 31
0.0
  0
LWPOLYLINE
  5
870
330
4C9
100
AcDbEntity
  8
AM_4
100
AcDbPolyline
 90
        4
 70
     0
 43
0.0
 10
48.60515209207936
 20
193.901125129215
 10
48.71199198768916
 20
193.7504039318777
 10
48.7628912879676
 20
193.5728468003684
 10
48.76624336242676
 20
193.5122163995624
  0
LWPOLYLINE
  5
871
330
4C9
100
AcDbEntity
  8
AM_4
100
AcDbPolyline
 90
        4
 70
     0
 43
0.0
 10
48.76624336242676
 20
191.4289273456553
 10
48.73520113896657
 20
191.2467658069902
 10
48.64555838721492
 20
191.085141642795
 10
48.60515209207936
 20
191.0400186160027
  0
LINE
  5
872
330
4C9
100
AcDbEntity
  8
AM_4
100
AcDbLine
 10
48.60515209207951
 20
191.0400186160029
 30
0.0
 11
47.35202980005322
 21
189.7868963239766
 31
0.0
  0
LWPOLYLINE
  5
873
330
4C9
100
AcDbEntity
  8
AM_4
100
AcDbPolyline
 90
        4
 70
     0
 43
0.0
 10
47.35202980005366
 20
189.786896323977
 10
47.07825036494135
 20
189.5927665040736
 10
46.75558099766154
 20
189.5001445580206
 10
46.64492301886711
 20
189.4940031051636
  0
LINE
  5
874
330
4C9
100
AcDbEntity
  8
AM_4
100
AcDbLine
 10
46.64492301886711
 20
189.4940031051636
 30
0.0
 11
38.06624336242676
 21
189.4940031051636
 31
0.0
  0
LWPOLYLINE
  5
875
330
4C9
100
AcDbEntity
  8
AM_4
100
AcDbPolyline
 90
        6
 70
     0
 43
0.0
 10
37.96624336242676
 20
188.9940031051636
 10
37.70160583405421
 20
189.0390415309249
 10
37.46680522076356
 20
189.1690538731038
 10
37.28820184672457
 20
189.3694330838664
 10
37.18589884823034
 20
189.6177577104335
 10
37.16624336242675
 20
189.7940031051636
  0
LINE
  5
876
330
4C9
100
AcDbEntity
  8
AM_4
100
AcDbLine
 10
46.68634437510443
 20
188.9940031051636
 30
0.0
 11
37.96624336242676
 21
188.9940031051636
 31
0.0
  0
LWPOLYLINE
  5
877
330
4C9
100
AcDbEntity
  8
AM_4
100
AcDbPolyline
 90
        4
 70
     0
 43
0.0
 10
47.67629386876559
 20
189.4040536115024
 10
47.29300429989061
 20
189.1322726523099
 10
46.84126781627126
 20
189.0026013920063
 10
46.68634437510443
 20
188.9940031051636
  0
LINE
  5
878
330
4C9
100
AcDbEntity
  8
AM_4
100
AcDbLine
 10
48.987994804555
 20
190.7157545472918
 30
0.0
 11
47.67629386876578
 21
189.4040536115026
 31
0.0
  0
LWPOLYLINE
  5
879
330
4C9
100
AcDbEntity
  8
AM_4
100
AcDbPolyline
 90
        4
 70
     0
 43
0.0
 10
49.26624336242676
 20
191.387505989418
 10
49.21262442826277
 20
191.0728617700039
 10
49.05778580987875
 20
190.7936922150519
 10
48.98799480455398
 20
190.7157545472908
  0
LWPOLYLINE
  5
87A
330
4C9
100
AcDbEntity
  8
AM_4
100
AcDbPolyline
 90
        4
 70
     0
 43
0.0
 10
48.98799480455398
 20
194.1722516630363
 10
49.17253579763042
 20
193.911916391487
 10
49.26045304332824
 20
193.6052288153422
 10
49.26624336242676
 20
193.5005002209091
  0
LINE
  5
87B
330
4C9
100
AcDbEntity
  8
AM_4
100
AcDbLine
 10
47.67629386876565
 20
195.4839525988247
 30
0.0
 11
48.98799480455381
 21
194.1722516630365
 31
0.0
  0
LINE
  5
87C
330
4C9
100
AcDbEntity
  8
AM_4
100
AcDbLine
 10
37.96624336242676
 20
195.8940031051636
 30
0.0
 11
46.68634437510443
 21
195.8940031051636
 31
0.0
  0
LWPOLYLINE
  5
87D
330
4C9
100
AcDbEntity
  8
AM_4
100
AcDbPolyline
 90
        6
 70
     0
 43
0.0
 10
37.16624336242676
 20
195.0940031170845
 10
37.21138857225626
 20
195.3589450719349
 10
37.34175627913901
 20
195.5940189877181
 10
37.54260541750411
 20
195.7726273691136
 10
37.79115234680008
 20
195.8746074455607
 10
37.96624336242675
 20
195.8940031051636
  0
CIRCLE
  5
87E
330
4C9
100
AcDbEntity
  8
AM_4
100
AcDbCircle
 10
14.16624336242675
 20
188.5940031051636
 30
0.0
 40
4.000000000000012
  0
ARC
  5
87F
330
4C9
100
AcDbEntity
  8
AM_4
100
AcDbCircle
 10
8.566243362426757
 20
196.8940031051636
 30
0.0
 40
3.999999999999985
100
AcDbArc
 50
126.6068219431363
 51
53.39317805686375
  0
LINE
  5
880
330
4C9
100
AcDbEntity
  8
AM_4
100
AcDbLine
 10
12.51130589662183
 20
202.0940031051636
 30
0.0
 11
4.162276685140736
 21
202.0940031051636
 31
0.0
  0
LINE
  5
881
330
4C9
100
AcDbEntity
  8
AM_4
100
AcDbLine
 10
4.162276685140736
 20
202.0940031051636
 30
0.0
 11
4.162276685140736
 21
184.1900364278775
 31
0.0
  0
LINE
  5
882
330
4C9
100
AcDbEntity
  8
AM_4
100
AcDbLine
 10
4.162276685140736
 20
184.1900364278775
 30
0.0
 11
4.487846646003433
 21
184.5156063887402
 31
0.0
  0
LWPOLYLINE
  5
883
330
4C9
100
AcDbEntity
  8
AM_4
100
AcDbPolyline
 90
       19
 70
     0
 43
0.0
 10
4.487846646003426
 20
184.5156063887402
 10
4.488150629648558
 20
184.5166715486978
 10
4.48845183610656
 20
184.5192504910819
 10
4.488747973014409
 20
184.5233235885838
 10
4.489036786591424
 20
184.528859842472
 10
4.489316078791894
 20
184.5358171185115
 10
4.489583724033533
 20
184.5441424676309
 10
4.489837685374447
 20
184.5537725288964
 10
4.490076030015477
 20
184.5646340117268
 10
4.490296944009998
 20
184.5766442536795
 10
4.490498746069107
 20
184.5897118495613
 10
4.4906799003573
 20
184.6037373470771
 10
4.49083902818105
 20
184.618614003722
 10
4.49097491848153
 20
184.6342285991561
 10
4.491086537051508
 20
184.6504622968798
 10
4.491173034406266
 20
184.6671915486513
 10
4.491233752248714
 20
184.6842890347632
 10
4.491268228479395
 20
184.7016246330224
 10
4.491273415640446
 20
184.7068597950592
  0
LINE
  5
884
330
4C9
100
AcDbEntity
  8
AM_4
100
AcDbLine
 10
10.95152519641952
 20
200.1049890242271
 30
0.0
 11
10.23776046601137
 21
200.1049890242271
 31
0.0
  0
LINE
  5
885
330
4C9
100
AcDbEntity
  8
AM_4
100
AcDbLine
 10
6.894726258842148
 20
200.1049890242271
 30
0.0
 11
6.180961528433993
 21
200.1049890242271
 31
0.0
  0
LINE
  5
886
330
4C9
100
AcDbEntity
  8
AM_4
100
AcDbLine
 10
4.491273415640457
 20
184.7068597950577
 30
0.0
 11
4.502956647168364
 21
202.0940031051603
 31
0.0
  0
LINE
  5
887
330
4C9
100
AcDbEntity
  8
AM_4
100
AcDbLine
 10
13.22278330142341
 20
184.7068597950589
 30
0.0
 11
4.491273415640443
 21
184.7068597950589
 31
0.0
  0
LINE
  5
888
330
4C9
100
AcDbEntity
  8
AM_4
100
AcDbLine
 10
19.62624336242676
 20
184.7068597950589
 30
0.0
 11
15.1097034234301
 21
184.7068597950589
 31
0.0
  0
LINE
  5
889
330
4C9
100
AcDbEntity
  8
AM_4
100
AcDbLine
 10
12.51130589662176
 20
202.0940031051637
 30
0.0
 11
19.62624336242683
 21
191.3436249890226
 31
0.0
  0
LINE
  5
88A
330
4C9
100
AcDbEntity
  8
AM_4
100
AcDbLine
 10
16.32624336242676
 20
333.1840031051636
 30
0.0
 11
16.32624336242676
 21
303.9940031051635
 31
0.0
  0
LINE
  5
88B
330
4C9
100
AcDbEntity
  8
AM_4
100
AcDbLine
 10
16.32624336242676
 20
303.9940031051635
 30
0.0
 11
54.79624336242676
 21
303.9940031051635
 31
0.0
  0
LINE
  5
88C
330
4C9
100
AcDbEntity
  8
AM_4
100
AcDbLine
 10
54.79624336242676
 20
303.9940031051635
 30
0.0
 11
54.79624336242676
 21
333.1840031051636
 31
0.0
  0
LINE
  5
88D
330
4C9
100
AcDbEntity
  8
AM_4
100
AcDbLine
 10
54.79624336242676
 20
333.1840031051636
 30
0.0
 11
16.32624336242676
 21
333.1840031051636
 31
0.0
  0
LINE
  5
88E
330
4C9
100
AcDbEntity
  8
AM_4
100
AcDbLine
 10
55.29624336242676
 20
333.2356072130084
 30
0.0
 11
55.29624336242676
 21
308.2140031051669
 31
0.0
  0
LINE
  5
88F
330
4C9
100
AcDbEntity
  8
AM_4
100
AcDbLine
 10
58.33954475530735
 20
318.2140031051636
 30
0.0
 11
55.29624336242676
 21
318.2140031051636
 31
0.0
  0
LINE
  5
890
330
4C9
100
AcDbEntity
  8
AM_4
100
AcDbLine
 10
15.82624336242676
 20
308.2140031051669
 30
0.0
 11
15.82624336242676
 21
333.2356072130084
 31
0.0
  0
LINE
  5
891
330
4C9
100
AcDbEntity
  8
AM_4
100
AcDbLine
 10
15.82624336242676
 20
318.2140031051636
 30
0.0
 11
4.392941969546161
 21
318.2140031051636
 31
0.0
  0
ARC
  5
892
330
4C9
100
AcDbEntity
  8
AM_4
100
AcDbCircle
 10
42.41624336242673
 20
224.1102284780047
 30
0.0
 40
0.9999999999999787
100
AcDbArc
 50
180.0
 51
285.0000000000016
  0
LINE
  5
893
330
4C9
100
AcDbEntity
  8
AM_4
100
AcDbLine
 10
43.16624336242675
 20
256.8740031051635
 30
0.0
 11
45.96624336242676
 21
256.8740031051635
 31
0.0
  0
ARC
  5
894
330
4C9
100
AcDbEntity
  8
AM_4
100
AcDbCircle
 10
42.41624336242675
 20
257.0037777323223
 30
0.0
 40
1.000000000000021
100
AcDbArc
 50
75.00000000000124
 51
180.0
  0
LINE
  5
895
330
4C9
100
AcDbEntity
  8
AM_4
100
AcDbLine
 10
45.96624336242676
 20
256.8740031051635
 30
0.0
 11
45.96624336242676
 21
224.3940031051636
 31
0.0
  0
LINE
  5
896
330
4C9
100
AcDbEntity
  8
AM_4
100
AcDbLine
 10
42.67506240752927
 20
223.1443026517157
 30
0.0
 11
47.07506240752927
 21
224.3232790984126
 31
0.0
  0
LINE
  5
897
330
4C9
100
AcDbEntity
  8
AM_4
100
AcDbLine
 10
41.41624336242675
 20
257.0037777323224
 30
0.0
 11
41.41624336242675
 21
224.1102284780048
 31
0.0
  0
ARC
  5
898
330
4C9
100
AcDbEntity
  8
AM_4
100
AcDbCircle
 10
46.8162433624268
 20
225.2892049247017
 30
0.0
 40
0.9999999999999573
100
AcDbArc
 50
284.9999999999976
 51
0.0
  0
LINE
  5
899
330
4C9
100
AcDbEntity
  8
AM_4
100
AcDbLine
 10
47.81624336242676
 20
225.2892049247017
 30
0.0
 11
47.81624336242676
 21
255.8248012856254
 31
0.0
  0
ARC
  5
89A
330
4C9
100
AcDbEntity
  8
AM_4
100
AcDbCircle
 10
46.81624336242673
 20
255.8248012856254
 30
0.0
 40
1.000000000000036
100
AcDbArc
 50
0.0
 51
74.99999999999889
  0
LINE
  5
89B
330
4C9
100
AcDbEntity
  8
AM_4
100
AcDbLine
 10
47.07506240752928
 20
256.7907271119145
 30
0.0
 11
42.67506240752925
 21
257.9697035586114
 31
0.0
  0
LINE
  5
89C
330
4C9
100
AcDbEntity
  8
AM_4
100
AcDbLine
 10
43.16624336242675
 20
224.3940031051636
 30
0.0
 11
43.16624336242675
 21
256.8740031051635
 31
0.0
  0
LINE
  5
89D
330
4C9
100
AcDbEntity
  8
AM_4
100
AcDbLine
 10
45.96624336242676
 20
224.3940031051636
 30
0.0
 11
43.16624336242675
 21
224.3940031051636
 31
0.0
  0
CIRCLE
  5
89E
330
4C9
100
AcDbEntity
  8
AM_4
100
AcDbCircle
 10
8.566243362426757
 20
196.8940031051636
 30
0.0
 40
3.620000000000013
  0
CIRCLE
  5
89F
330
4C9
100
AcDbEntity
  8
AM_4
100
AcDbCircle
 10
14.16624336242675
 20
188.5940031051636
 30
0.0
 40
3.620000000000012
  0
LINE
  5
8A0
330
4C9
100
AcDbEntity
  8
AM_4
100
AcDbLine
 10
4.162276685140736
 20
223.8840031051636
 30
0.0
 11
4.162276685140736
 21
202.4940031051636
 31
0.0
  0
LINE
  5
8A1
330
4C9
100
AcDbEntity
  8
AM_4
100
AcDbLine
 10
4.162276685140736
 20
228.9640031051636
 30
0.0
 11
4.162276685140736
 21
228.7840031051635
 31
0.0
  0
LINE
  5
8A2
330
4C9
100
AcDbEntity
  8
AM_4
100
AcDbLine
 10
4.162276685140736
 20
333.5979697824496
 30
0.0
 11
4.162276685140736
 21
233.8640031051636
 31
0.0
  0
LINE
  5
8A3
330
4C9
100
AcDbEntity
  8
AM_4
100
AcDbLine
 10
4.162276685140736
 20
202.4940031051636
 30
0.0
 11
12.72624336242676
 21
202.4940031051636
 31
0.0
  0
LINE
  5
8A4
330
4C9
100
AcDbEntity
  8
AM_4
100
AcDbLine
 10
4.346776721431983
 20
333.2134392805496
 30
0.0
 11
4.324608788973158
 21
333.2356072130084
 31
0.0
  0
LINE
  5
8A5
330
4C9
100
AcDbEntity
  8
AM_4
100
AcDbLine
 10
4.324608788973158
 20
333.2356072130084
 30
0.0
 11
4.324608788973155
 21
333.4356376786171
 31
0.0
  0
LINE
  5
8A6
330
4C9
100
AcDbEntity
  8
AM_4
100
AcDbLine
 10
4.324608788973155
 20
333.4356376786171
 30
0.0
 11
4.162276685140736
 21
333.5979697824496
 31
0.0
  0
LINE
  5
8A7
330
4C9
100
AcDbEntity
  8
AM_4
100
AcDbLine
 10
58.24464007885008
 20
184.5156063887402
 30
0.0
 11
58.57021003971278
 21
184.1900364278775
 31
0.0
  0
LINE
  5
8A8
330
4C9
100
AcDbEntity
  8
AM_4
100
AcDbLine
 10
58.57021003971278
 20
333.5979697824496
 30
0.0
 11
58.57021003971278
 21
184.1900364278775
 31
0.0
  0
LINE
  5
8A9
330
4C9
100
AcDbEntity
  8
AM_4
100
AcDbLine
 10
58.57021003971278
 20
333.5979697824496
 30
0.0
 11
58.40787793588036
 21
333.4356376786171
 31
0.0
  0
LINE
  5
8AA
330
4C9
100
AcDbEntity
  8
AM_4
100
AcDbLine
 10
58.40787793588036
 20
333.4356376786171
 30
0.0
 11
58.40787793588036
 21
333.2356072130084
 31
0.0
  0
LINE
  5
8AB
330
4C9
100
AcDbEntity
  8
AM_4
100
AcDbLine
 10
58.40787793588036
 20
333.2356072130084
 30
0.0
 11
58.38571000342152
 21
333.2134392805496
 31
0.0
  0
LWPOLYLINE
  5
8AC
330
4C9
100
AcDbEntity
  8
AM_4
100
AcDbPolyline
 90
       19
 70
     0
 43
0.0
 10
58.24121330921307
 20
184.7068597950592
 10
58.24123984088256
 20
184.6894783751591
 10
58.24129271410415
 20
184.6722955733924
 10
58.24137152648071
 20
184.655442161256
 10
58.24147567820242
 20
184.6390464033926
 10
58.24160437661184
 20
184.6232330814194
 10
58.24175664223634
 20
184.6081225442651
 10
58.24193131624257
 20
184.5938297922415
 10
58.2421270692559
 20
184.5804636018215
 10
58.24234241147767
 20
184.5681256977851
 10
58.24257570402357
 20
184.5569099790317
 10
58.24282517139642
 20
184.5469018039534
 10
58.24308891499892
 20
184.5381773408056
 10
58.243364927583
 20
184.5308029880208
 10
58.24365110852621
 20
184.5248348688764
 10
58.24394527981879
 20
184.5203184043628
 10
58.24424520263958
 20
184.5172879675021
 10
58.24454859439479
 20
184.5157666217485
 10
58.24464007885008
 20
184.5156063887402
  0
LINE
  5
8AD
330
4C9
100
AcDbEntity
  8
AM_4
100
AcDbLine
 10
4.516675429761047
 20
282.1077668537211
 30
0.0
 11
4.516675429761047
 21
235.4802088910027
 31
0.0
  0
LINE
  5
8AE
330
4C9
100
AcDbEntity
  8
AM_4
100
AcDbLine
 10
58.21581129509246
 20
282.1077668537128
 30
0.0
 11
58.21581129509246
 21
235.480208891011
 31
0.0
  0
LINE
  5
8AF
330
4C9
100
AcDbEntity
  8
AM_4
100
AcDbLine
 10
36.21624336242676
 20
189.4440031051636
 30
0.0
 11
33.01624336242676
 21
189.4440031051636
 31
0.0
  0
LINE
  5
8B0
330
4C9
100
AcDbEntity
  8
AM_4
100
AcDbLine
 10
33.01624336242676
 20
195.4440031051636
 30
0.0
 11
36.21624336242675
 21
195.4440031051636
 31
0.0
  0
LINE
  5
8B1
330
4C9
100
AcDbEntity
  8
AM_4
100
AcDbLine
 10
36.21624336242676
 20
197.1940031051636
 30
0.0
 11
50.71624336242675
 21
197.1940031051636
 31
0.0
  0
LINE
  5
8B2
330
4C9
100
AcDbEntity
  8
AM_4
100
AcDbLine
 10
50.71624336242675
 20
195.4440031051636
 30
0.0
 11
53.31624336242676
 21
195.4440031051636
 31
0.0
  0
LINE
  5
8B3
330
4C9
100
AcDbEntity
  8
AM_4
100
AcDbLine
 10
53.31624336242676
 20
189.4440031051636
 30
0.0
 11
50.71624336242675
 21
189.4440031051636
 31
0.0
  0
LINE
  5
8B4
330
4C9
100
AcDbEntity
  8
AM_4
100
AcDbLine
 10
50.71624336242675
 20
187.6940031051636
 30
0.0
 11
36.21624336242676
 21
187.6940031051636
 31
0.0
  0
LINE
  5
8B5
330
4C9
100
AcDbEntity
  8
AM_4
100
AcDbLine
 10
36.04624336242676
 20
199.1940031051636
 30
0.0
 11
36.04624336242676
 21
212.8940031051636
 31
0.0
  0
LINE
  5
8B6
330
4C9
100
AcDbEntity
  8
AM_4
100
AcDbLine
 10
36.04624336242676
 20
212.8940031051636
 30
0.0
 11
52.43624336242676
 21
212.8940031051636
 31
0.0
  0
LINE
  5
8B7
330
4C9
100
AcDbEntity
  8
AM_4
100
AcDbLine
 10
52.43624336242676
 20
212.8940031051636
 30
0.0
 11
52.43624336242676
 21
199.1940031051636
 31
0.0
  0
LINE
  5
8B8
330
4C9
100
AcDbEntity
  8
AM_4
100
AcDbLine
 10
52.43624336242676
 20
199.1940031051636
 30
0.0
 11
36.04624336242676
 21
199.1940031051636
 31
0.0
  0
LINE
  5
8B9
330
4C9
100
AcDbEntity
  8
AM_4
100
AcDbLine
 10
51.88624336242675
 20
214.1940031051635
 30
0.0
 11
36.08624336242676
 21
214.1940031051636
 31
0.0
  0
LINE
  5
8BA
330
4C9
100
AcDbEntity
  8
AM_4
100
AcDbLine
 10
36.08624336242676
 20
214.1940031051636
 30
0.0
 11
36.08624336242676
 21
267.6940031051636
 31
0.0
  0
LINE
  5
8BB
330
4C9
100
AcDbEntity
  8
AM_4
100
AcDbLine
 10
36.08624336242676
 20
267.6940031051636
 30
0.0
 11
39.11624336242676
 21
267.6940031051636
 31
0.0
  0
LINE
  5
8BC
330
4C9
100
AcDbEntity
  8
AM_4
100
AcDbLine
 10
39.11624336242676
 20
267.6940031051636
 30
0.0
 11
39.11624336242676
 21
291.4840031051635
 31
0.0
  0
LINE
  5
8BD
330
4C9
100
AcDbEntity
  8
AM_4
100
AcDbLine
 10
39.11624336242676
 20
291.4840031051635
 30
0.0
 11
41.91624336242675
 21
291.4840031051635
 31
0.0
  0
LINE
  5
8BE
330
4C9
100
AcDbEntity
  8
AM_4
100
AcDbLine
 10
41.91624336242675
 20
291.4840031051635
 30
0.0
 11
41.91624336242675
 21
302.2840031051635
 31
0.0
  0
LINE
  5
8BF
330
4C9
100
AcDbEntity
  8
AM_4
100
AcDbLine
 10
41.91624336242675
 20
302.2840031051635
 30
0.0
 11
50.53624336242676
 21
302.2840031051635
 31
0.0
  0
LINE
  5
8C0
330
4C9
100
AcDbEntity
  8
AM_4
100
AcDbLine
 10
50.53624336242676
 20
302.2840031051635
 30
0.0
 11
50.53624336242676
 21
267.6940031051636
 31
0.0
  0
LINE
  5
8C1
330
4C9
100
AcDbEntity
  8
AM_4
100
AcDbLine
 10
50.53624336242676
 20
267.6940031051636
 30
0.0
 11
51.88624336242675
 21
267.6940031051636
 31
0.0
  0
LINE
  5
8C2
330
4C9
100
AcDbEntity
  8
AM_4
100
AcDbLine
 10
51.88624336242675
 20
267.6940031051636
 30
0.0
 11
51.88624336242675
 21
214.1940031051635
 31
0.0
  0
LINE
  5
8C3
330
4C9
100
AcDbEntity
  8
AM_4
100
AcDbLine
 10
15.82624336242676
 20
308.2140031051669
 30
0.0
 11
4.506924741561122
 21
308.2140031051716
 31
0.0
  0
LINE
  5
8C4
330
4C9
100
AcDbEntity
  8
AM_4
100
AcDbLine
 10
4.516675429761055
 20
282.1077668537213
 30
0.0
 11
4.346776721431983
 21
333.2134392805496
 31
0.0
  0
LINE
  5
8C5
330
4C9
100
AcDbEntity
  8
AM_4
100
AcDbLine
 10
4.516275094204854
 20
233.8640031051925
 30
0.0
 11
4.516675429761055
 21
235.4802088910021
 31
0.0
  0
LINE
  5
8C6
330
4C9
100
AcDbEntity
  8
AM_4
100
AcDbLine
 10
4.514842075466749
 20
228.784003105196
 30
0.0
 11
4.514897381650844
 21
228.9640031051997
 31
0.0
  0
LINE
  5
8C7
330
4C9
100
AcDbEntity
  8
AM_4
100
AcDbLine
 10
4.503188825059539
 20
202.4940031051507
 30
0.0
 11
4.513208660339401
 21
223.8840031051992
 31
0.0
  0
LINE
  5
8C8
330
4C9
100
AcDbEntity
  8
AM_4
100
AcDbLine
 10
20.02624336242707
 20
191.4640031051631
 30
0.0
 11
12.72624336242739
 21
202.4940031051626
 31
0.0
  0
LINE
  5
8C9
330
4C9
100
AcDbEntity
  8
AM_4
100
AcDbLine
 10
58.24121330921307
 20
184.7068597950589
 30
0.0
 11
20.02624336242676
 21
184.7068597950589
 31
0.0
  0
LINE
  5
8CA
330
4C9
100
AcDbEntity
  8
AM_4
100
AcDbLine
 10
58.21581129509246
 20
235.480208891002
 30
0.0
 11
58.24121330921306
 21
184.7068597950578
 31
0.0
  0
LINE
  5
8CB
330
4C9
100
AcDbEntity
  8
AM_4
100
AcDbLine
 10
58.38571000342152
 20
333.2134392805496
 30
0.0
 11
58.21581129509246
 21
282.1077668537218
 31
0.0
  0
LINE
  5
8CC
330
4C9
100
AcDbEntity
  8
AM_4
100
AcDbLine
 10
58.22556198329238
 20
308.2140031051716
 30
0.0
 11
55.29624336242676
 21
308.2140031051669
 31
0.0
  0
LINE
  5
8CD
330
4C9
100
AcDbEntity
  8
AM_4
100
AcDbLine
 10
15.82624336242676
 20
303.4940031051635
 30
0.0
 11
55.29624336242676
 21
303.4940031051635
 31
0.0
  0
LINE
  5
8CE
330
4C9
100
AcDbEntity
  8
AM_4
100
AcDbLine
 10
37.46624336242676
 20
315.5940031051636
 30
0.0
 11
32.86624336242676
 21
315.5940031051636
 31
0.0
  0
LINE
  5
8CF
330
4C9
100
AcDbEntity
  8
AM_4
100
AcDbLine
 10
32.86624336242676
 20
315.5940031051636
 30
0.0
 11
32.86624336242676
 21
311.3940031051636
 31
0.0
  0
LINE
  5
8D0
330
4C9
100
AcDbEntity
  8
AM_4
100
AcDbLine
 10
32.86624336242676
 20
311.3940031051636
 30
0.0
 11
37.46624336242676
 21
311.3940031051636
 31
0.0
  0
LINE
  5
8D1
330
4C9
100
AcDbEntity
  8
AM_4
100
AcDbLine
 10
37.46624336242676
 20
311.3940031051636
 30
0.0
 11
37.46624336242676
 21
315.5940031051636
 31
0.0
  0
LINE
  5
8D2
330
4C9
100
AcDbEntity
  8
AM_4
100
AcDbLine
 10
31.26624336242676
 20
315.5940031051636
 30
0.0
 11
26.66624336242676
 21
315.5940031051636
 31
0.0
  0
LINE
  5
8D3
330
4C9
100
AcDbEntity
  8
AM_4
100
AcDbLine
 10
26.66624336242676
 20
315.5940031051636
 30
0.0
 11
26.66624336242676
 21
311.3940031051636
 31
0.0
  0
LINE
  5
8D4
330
4C9
100
AcDbEntity
  8
AM_4
100
AcDbLine
 10
26.66624336242676
 20
311.3940031051636
 30
0.0
 11
31.26624336242676
 21
311.3940031051636
 31
0.0
  0
LINE
  5
8D5
330
4C9
100
AcDbEntity
  8
AM_4
100
AcDbLine
 10
31.26624336242676
 20
311.3940031051636
 30
0.0
 11
31.26624336242676
 21
315.5940031051636
 31
0.0
  0
LINE
  5
8D6
330
4C9
100
AcDbEntity
  8
AM_4
100
AcDbLine
 10
43.66624336242676
 20
311.3940031051636
 30
0.0
 11
43.66624336242676
 21
315.5940031051636
 31
0.0
  0
LINE
  5
8D7
330
4C9
100
AcDbEntity
  8
AM_4
100
AcDbLine
 10
39.06624336242676
 20
311.3940031051636
 30
0.0
 11
43.66624336242676
 21
311.3940031051636
 31
0.0
  0
LINE
  5
8D8
330
4C9
100
AcDbEntity
  8
AM_4
100
AcDbLine
 10
39.06624336242676
 20
315.5940031051636
 30
0.0
 11
39.06624336242676
 21
311.3940031051636
 31
0.0
  0
LINE
  5
8D9
330
4C9
100
AcDbEntity
  8
AM_4
100
AcDbLine
 10
43.66624336242676
 20
315.5940031051636
 30
0.0
 11
39.06624336242676
 21
315.5940031051636
 31
0.0
  0
LINE
  5
8DA
330
4C9
100
AcDbEntity
  8
AM_4
100
AcDbLine
 10
49.86624336242676
 20
311.3940031051636
 30
0.0
 11
49.86624336242676
 21
315.5940031051636
 31
0.0
  0
LINE
  5
8DB
330
4C9
100
AcDbEntity
  8
AM_4
100
AcDbLine
 10
49.86624336242676
 20
315.5940031051636
 30
0.0
 11
45.26624336242676
 21
315.5940031051636
 31
0.0
  0
LINE
  5
8DC
330
4C9
100
AcDbEntity
  8
AM_4
100
AcDbLine
 10
45.26624336242676
 20
315.5940031051636
 30
0.0
 11
45.26624336242676
 21
311.3940031051636
 31
0.0
  0
LINE
  5
8DD
330
4C9
100
AcDbEntity
  8
AM_4
100
AcDbLine
 10
45.26624336242676
 20
311.3940031051636
 30
0.0
 11
49.86624336242676
 21
311.3940031051636
 31
0.0
  0
LINE
  5
8DE
330
4C9
100
AcDbEntity
  8
AM_4
100
AcDbLine
 10
25.06624336242676
 20
315.5940031051636
 30
0.0
 11
20.46624336242676
 21
315.5940031051636
 31
0.0
  0
LINE
  5
8DF
330
4C9
100
AcDbEntity
  8
AM_4
100
AcDbLine
 10
20.46624336242676
 20
315.5940031051636
 30
0.0
 11
20.46624336242676
 21
311.3940031051636
 31
0.0
  0
LINE
  5
8E0
330
4C9
100
AcDbEntity
  8
AM_4
100
AcDbLine
 10
20.46624336242676
 20
311.3940031051636
 30
0.0
 11
25.06624336242676
 21
311.3940031051636
 31
0.0
  0
LINE
  5
8E1
330
4C9
100
AcDbEntity
  8
AM_4
100
AcDbLine
 10
25.06624336242676
 20
311.3940031051636
 30
0.0
 11
25.06624336242676
 21
315.5940031051636
 31
0.0
  0
LINE
  5
8E2
330
4C9
100
AcDbEntity
  8
AM_4
100
AcDbLine
 10
15.26624336242676
 20
188.1940031051635
 30
0.0
 11
15.91624336242676
 21
188.1940031051635
 31
0.0
  0
LINE
  5
8E3
330
4C9
100
AcDbEntity
  8
AM_4
100
AcDbLine
 10
14.56624336242676
 20
186.8440031051636
 30
0.0
 11
14.56624336242676
 21
187.4940031051636
 31
0.0
  0
ARC
  5
8E4
330
4C9
100
AcDbEntity
  8
AM_4
100
AcDbCircle
 10
15.26624336242675
 20
187.4940031051636
 30
0.0
 40
0.6999999999999886
100
AcDbArc
 50
90.0
 51
180.0
  0
LINE
  5
8E5
330
4C9
100
AcDbEntity
  8
AM_4
100
AcDbLine
 10
14.56624336242676
 20
189.6940031051636
 30
0.0
 11
14.56624336242676
 21
190.3440031051636
 31
0.0
  0
LINE
  5
8E6
330
4C9
100
AcDbEntity
  8
AM_4
100
AcDbLine
 10
15.91624336242676
 20
188.9940031051636
 30
0.0
 11
15.26624336242676
 21
188.9940031051636
 31
0.0
  0
ARC
  5
8E7
330
4C9
100
AcDbEntity
  8
AM_4
100
AcDbCircle
 10
15.26624336242676
 20
189.6940031051636
 30
0.0
 40
0.7000000000000046
100
AcDbArc
 50
179.9999991462263
 51
270.0
  0
LINE
  5
8E8
330
4C9
100
AcDbEntity
  8
AM_4
100
AcDbLine
 10
8.966243362426756
 20
197.9940031155944
 30
0.0
 11
8.966243362426756
 21
198.6440031051636
 31
0.0
  0
LINE
  5
8E9
330
4C9
100
AcDbEntity
  8
AM_4
100
AcDbLine
 10
10.31624336242675
 20
197.2940031051636
 30
0.0
 11
9.666243362426755
 21
197.2940031051636
 31
0.0
  0
ARC
  5
8EA
330
4C9
100
AcDbEntity
  8
AM_4
100
AcDbCircle
 10
9.66624336242674
 20
197.9940031051636
 30
0.0
 40
0.6999999999999852
100
AcDbArc
 50
179.9999991462263
 51
270.0
  0
LINE
  5
8EB
330
4C9
100
AcDbEntity
  8
AM_4
100
AcDbLine
 10
13.06624336242676
 20
188.9940031051636
 30
0.0
 11
12.41624336242676
 21
188.9940031051636
 31
0.0
  0
LINE
  5
8EC
330
4C9
100
AcDbEntity
  8
AM_4
100
AcDbLine
 10
13.76624336242676
 20
190.3440031051636
 30
0.0
 11
13.76624336242676
 21
189.6940031051635
 31
0.0
  0
ARC
  5
8ED
330
4C9
100
AcDbEntity
  8
AM_4
100
AcDbCircle
 10
13.06624336242674
 20
189.6940031051636
 30
0.0
 40
0.700000000000017
100
AcDbArc
 50
270.0
 51
0.0000008537736463
  0
LINE
  5
8EE
330
4C9
100
AcDbEntity
  8
AM_4
100
AcDbLine
 10
7.466243362426759
 20
197.2940031051636
 30
0.0
 11
6.816243362426757
 21
197.2940031051636
 31
0.0
  0
LINE
  5
8EF
330
4C9
100
AcDbEntity
  8
AM_4
100
AcDbLine
 10
8.166243362426759
 20
198.6440031051636
 30
0.0
 11
8.166243362426759
 21
197.9940031051636
 31
0.0
  0
ARC
  5
8F0
330
4C9
100
AcDbEntity
  8
AM_4
100
AcDbCircle
 10
7.466243362426763
 20
197.9940031051636
 30
0.0
 40
0.6999999999999886
100
AcDbArc
 50
270.0
 51
0.0
  0
LINE
  5
8F1
330
4C9
100
AcDbEntity
  8
AM_4
100
AcDbLine
 10
13.76624336242676
 20
187.4940031051636
 30
0.0
 11
13.76624336242676
 21
186.8440031051636
 31
0.0
  0
LINE
  5
8F2
330
4C9
100
AcDbEntity
  8
AM_4
100
AcDbLine
 10
12.41624336242676
 20
188.1940031051635
 30
0.0
 11
13.06624336242676
 21
188.1940031051635
 31
0.0
  0
ARC
  5
8F3
330
4C9
100
AcDbEntity
  8
AM_4
100
AcDbCircle
 10
13.06624336242678
 20
187.4940031051636
 30
0.0
 40
0.6999999999999762
100
AcDbArc
 50
0.0
 51
90.0
  0
LINE
  5
8F4
330
4C9
100
AcDbEntity
  8
AM_4
100
AcDbLine
 10
8.166243362426759
 20
195.7940031051636
 30
0.0
 11
8.166243362426759
 21
195.1440031051636
 31
0.0
  0
LINE
  5
8F5
330
4C9
100
AcDbEntity
  8
AM_4
100
AcDbLine
 10
6.816243362426757
 20
196.4940031051636
 30
0.0
 11
7.466243362426759
 21
196.4940031051636
 31
0.0
  0
ARC
  5
8F6
330
4C9
100
AcDbEntity
  8
AM_4
100
AcDbCircle
 10
7.466243362426782
 20
195.7940031051636
 30
0.0
 40
0.6999999999999762
100
AcDbArc
 50
0.0
 51
90.0
  0
LINE
  5
8F7
330
4C9
100
AcDbEntity
  8
AM_4
100
AcDbLine
 10
9.666243362426755
 20
196.4940031051636
 30
0.0
 11
10.31624336242675
 21
196.4940031051636
 31
0.0
  0
LINE
  5
8F8
330
4C9
100
AcDbEntity
  8
AM_4
100
AcDbLine
 10
8.966243362426756
 20
195.1440031051636
 30
0.0
 11
8.966243362426756
 21
195.7940031051636
 31
0.0
  0
ARC
  5
8F9
330
4C9
100
AcDbEntity
  8
AM_4
100
AcDbCircle
 10
9.66624336242673
 20
195.7940031051636
 30
0.0
 40
0.6999999999999886
100
AcDbArc
 50
90.0
 51
180.0
  0
LINE
  5
8FA
330
4C9
100
AcDbEntity
  8
AM_4
100
AcDbLine
 10
8.166243362426759
 20
198.6440031051636
 30
0.0
 11
8.966243362426756
 21
198.6440031051636
 31
0.0
  0
ARC
  5
8FB
330
4C9
100
AcDbEntity
  8
AM_4
100
AcDbCircle
 10
8.566243362426816
 20
196.8940031051636
 30
0.0
 40
1.499999999999922
100
AcDbArc
 50
15.46600995341824
 51
74.5339900465808
  0
LINE
  5
8FC
330
4C9
100
AcDbEntity
  8
AM_4
100
AcDbLine
 10
10.31624336242675
 20
197.2940031051636
 30
0.0
 11
10.31624336242675
 21
196.4940031051636
 31
0.0
  0
ARC
  5
8FD
330
4C9
100
AcDbEntity
  8
AM_4
100
AcDbCircle
 10
8.566243362426816
 20
196.8940031051635
 30
0.0
 40
1.499999999999902
100
AcDbArc
 50
285.4660099534193
 51
344.5339900465817
  0
LINE
  5
8FE
330
4C9
100
AcDbEntity
  8
AM_4
100
AcDbLine
 10
8.966243362426756
 20
195.1440031051636
 30
0.0
 11
8.166243362426759
 21
195.1440031051636
 31
0.0
  0
ARC
  5
8FF
330
4C9
100
AcDbEntity
  8
AM_4
100
AcDbCircle
 10
8.566243362426697
 20
196.8940031051635
 30
0.0
 40
1.499999999999924
100
AcDbArc
 50
195.4660099534183
 51
254.5339900465809
  0
LINE
  5
900
330
4C9
100
AcDbEntity
  8
AM_4
100
AcDbLine
 10
6.816243362426757
 20
196.4940031051636
 30
0.0
 11
6.816243362426757
 21
197.2940031051636
 31
0.0
  0
ARC
  5
901
330
4C9
100
AcDbEntity
  8
AM_4
100
AcDbCircle
 10
8.566243362426697
 20
196.8940031051636
 30
0.0
 40
1.499999999999901
100
AcDbArc
 50
105.4660099534191
 51
164.5339900465818
  0
LINE
  5
902
330
4C9
100
AcDbEntity
  8
AM_4
100
AcDbLine
 10
13.76624336242676
 20
190.3440031051636
 30
0.0
 11
14.56624336242676
 21
190.3440031051636
 31
0.0
  0
ARC
  5
903
330
4C9
100
AcDbEntity
  8
AM_4
100
AcDbCircle
 10
14.16624336242682
 20
188.5940031051636
 30
0.0
 40
1.499999999999917
100
AcDbArc
 50
15.46600995341826
 51
74.5339900465808
  0
LINE
  5
904
330
4C9
100
AcDbEntity
  8
AM_4
100
AcDbLine
 10
15.91624336242676
 20
188.9940031051636
 30
0.0
 11
15.91624336242676
 21
188.1940031051635
 31
0.0
  0
ARC
  5
905
330
4C9
100
AcDbEntity
  8
AM_4
100
AcDbCircle
 10
14.16624336242671
 20
188.5940031051636
 30
0.0
 40
1.500000000000068
100
AcDbArc
 50
285.4660099534217
 51
344.5339900465776
  0
LINE
  5
906
330
4C9
100
AcDbEntity
  8
AM_4
100
AcDbLine
 10
14.56624336242676
 20
186.8440031051636
 30
0.0
 11
13.76624336242676
 21
186.8440031051636
 31
0.0
  0
ARC
  5
907
330
4C9
100
AcDbEntity
  8
AM_4
100
AcDbCircle
 10
14.16624336242681
 20
188.5940031051636
 30
0.0
 40
1.500000000000068
100
AcDbArc
 50
195.4660099534224
 51
254.5339900465782
  0
LINE
  5
908
330
4C9
100
AcDbEntity
  8
AM_4
100
AcDbLine
 10
12.41624336242676
 20
188.1940031051635
 30
0.0
 11
12.41624336242676
 21
188.9940031051636
 31
0.0
  0
ARC
  5
909
330
4C9
100
AcDbEntity
  8
AM_4
100
AcDbCircle
 10
14.1662433624267
 20
188.5940031051636
 30
0.0
 40
1.499999999999901
100
AcDbArc
 50
105.4660099534191
 51
164.5339900465818
  0
LINE
  5
90A
330
4C9
100
AcDbEntity
  8
AM_4
100
AcDbLine
 10
14.61624336242676
 20
204.0940031051636
 30
0.0
 11
17.77124336242676
 21
204.0940031051636
 31
0.0
  0
LINE
  5
90B
330
4C9
100
AcDbEntity
  8
AM_4
100
AcDbLine
 10
17.77124336242676
 20
244.5940031051636
 30
0.0
 11
14.61624336242676
 21
244.5940031051636
 31
0.0
  0
LINE
  5
90C
330
4C9
100
AcDbEntity
  8
AM_4
100
AcDbLine
 10
14.61624336242676
 20
244.5940031051636
 30
0.0
 11
13.51624336242676
 21
243.4940031051636
 31
0.0
  0
LINE
  5
90D
330
4C9
100
AcDbEntity
  8
AM_4
100
AcDbLine
 10
13.51624336242676
 20
208.4940031051636
 30
0.0
 11
13.51624336242676
 21
205.1940031051635
 31
0.0
  0
LINE
  5
90E
330
4C9
100
AcDbEntity
  8
AM_4
100
AcDbLine
 10
13.51624336242676
 20
212.5940031051636
 30
0.0
 11
13.51624336242676
 21
209.5940031051636
 31
0.0
  0
LINE
  5
90F
330
4C9
100
AcDbEntity
  8
AM_4
100
AcDbLine
 10
13.51624336242676
 20
217.6740031051636
 30
0.0
 11
13.51624336242676
 21
214.6740031051636
 31
0.0
  0
LINE
  5
910
330
4C9
100
AcDbEntity
  8
AM_4
100
AcDbLine
 10
13.51624336242676
 20
222.7540031051636
 30
0.0
 11
13.51624336242676
 21
219.7540031051636
 31
0.0
  0
LINE
  5
911
330
4C9
100
AcDbEntity
  8
AM_4
100
AcDbLine
 10
13.51624336242676
 20
227.8340031051636
 30
0.0
 11
13.51624336242676
 21
224.8340031051636
 31
0.0
  0
LINE
  5
912
330
4C9
100
AcDbEntity
  8
AM_4
100
AcDbLine
 10
13.51624336242676
 20
232.9140031051635
 30
0.0
 11
13.51624336242676
 21
229.9140031051635
 31
0.0
  0
LINE
  5
913
330
4C9
100
AcDbEntity
  8
AM_4
100
AcDbLine
 10
13.51624336242676
 20
237.9940031051636
 30
0.0
 11
13.51624336242676
 21
234.9940031051636
 31
0.0
  0
LINE
  5
914
330
4C9
100
AcDbEntity
  8
AM_4
100
AcDbLine
 10
13.51624336242676
 20
243.4940031051636
 30
0.0
 11
13.51624336242676
 21
239.0940031051636
 31
0.0
  0
LINE
  5
915
330
4C9
100
AcDbEntity
  8
AM_4
100
AcDbLine
 10
13.51624336242676
 20
205.1940031051635
 30
0.0
 11
14.61624336242676
 21
204.0940031051636
 31
0.0
  0
LINE
  5
916
330
4C9
100
AcDbEntity
  8
AM_4
100
AcDbLine
 10
17.77124336242676
 20
294.3140031051636
 30
0.0
 11
15.36624336242676
 21
294.3140031051636
 31
0.0
  0
LINE
  5
917
330
4C9
100
AcDbEntity
  8
AM_4
100
AcDbLine
 10
15.36624336242676
 20
259.9940031051635
 30
0.0
 11
17.77124336242676
 21
259.9940031051635
 31
0.0
  0
LINE
  5
918
330
4C9
100
AcDbEntity
  8
AM_4
100
AcDbLine
 10
15.36624336242676
 20
294.3140031051636
 30
0.0
 11
14.26624336242676
 21
293.2140031051636
 31
0.0
  0
LINE
  5
919
330
4C9
100
AcDbEntity
  8
AM_4
100
AcDbLine
 10
14.26624336242676
 20
264.3940031051636
 30
0.0
 11
14.26624336242676
 21
261.0940031051636
 31
0.0
  0
LINE
  5
91A
330
4C9
100
AcDbEntity
  8
AM_4
100
AcDbLine
 10
14.26624336242676
 20
268.4940031051635
 30
0.0
 11
14.26624336242676
 21
265.4940031051635
 31
0.0
  0
LINE
  5
91B
330
4C9
100
AcDbEntity
  8
AM_4
100
AcDbLine
 10
14.26624336242676
 20
273.4940031051635
 30
0.0
 11
14.26624336242676
 21
270.4940031051635
 31
0.0
  0
LINE
  5
91C
330
4C9
100
AcDbEntity
  8
AM_4
100
AcDbLine
 10
14.26624336242676
 20
278.4940031051635
 30
0.0
 11
14.26624336242676
 21
275.4940031051635
 31
0.0
  0
LINE
  5
91D
330
4C9
100
AcDbEntity
  8
AM_4
100
AcDbLine
 10
14.26624336242676
 20
283.4940031051635
 30
0.0
 11
14.26624336242676
 21
280.4940031051635
 31
0.0
  0
LINE
  5
91E
330
4C9
100
AcDbEntity
  8
AM_4
100
AcDbLine
 10
14.26624336242676
 20
288.4940031051635
 30
0.0
 11
14.26624336242676
 21
285.4940031051635
 31
0.0
  0
LINE
  5
91F
330
4C9
100
AcDbEntity
  8
AM_4
100
AcDbLine
 10
14.26624336242676
 20
293.2140031051636
 30
0.0
 11
14.26624336242676
 21
289.9140031051636
 31
0.0
  0
LINE
  5
920
330
4C9
100
AcDbEntity
  8
AM_4
100
AcDbLine
 10
14.26624336242676
 20
261.0940031051636
 30
0.0
 11
15.36624336242676
 21
259.9940031051635
 31
0.0
  0
LINE
  5
921
330
4C9
100
AcDbEntity
  8
AM_4
100
AcDbLine
 10
17.53124336242676
 20
294.3140031051636
 30
0.0
 11
17.53124336242676
 21
294.2140031051636
 31
0.0
  0
LINE
  5
922
330
4C9
100
AcDbEntity
  8
AM_4
100
AcDbLine
 10
17.53124336242676
 20
260.0940031051636
 30
0.0
 11
17.53124336242676
 21
259.9940031051635
 31
0.0
  0
LINE
  5
923
330
4C9
100
AcDbEntity
  8
AM_4
100
AcDbLine
 10
23.61624336242676
 20
293.2140031051636
 30
0.0
 11
22.51624336242676
 21
294.3140031051636
 31
0.0
  0
LINE
  5
924
330
4C9
100
AcDbEntity
  8
AM_4
100
AcDbLine
 10
22.51624336242676
 20
259.9940031051635
 30
0.0
 11
23.61624336242676
 21
261.0940031051636
 31
0.0
  0
LINE
  5
925
330
4C9
100
AcDbEntity
  8
AM_4
100
AcDbLine
 10
23.61624336242676
 20
261.0940031051636
 30
0.0
 11
23.61624336242676
 21
293.2140031051636
 31
0.0
  0
LINE
  5
926
330
4C9
100
AcDbEntity
  8
AM_4
100
AcDbLine
 10
22.51624336242676
 20
294.3140031051636
 30
0.0
 11
19.77124336242676
 21
294.3140031051636
 31
0.0
  0
LINE
  5
927
330
4C9
100
AcDbEntity
  8
AM_4
100
AcDbLine
 10
19.77124336242676
 20
259.9940031051635
 30
0.0
 11
22.51624336242676
 21
259.9940031051635
 31
0.0
  0
LINE
  5
928
330
4C9
100
AcDbEntity
  8
AM_4
100
AcDbLine
 10
17.53124336242676
 20
244.5940031051636
 30
0.0
 11
17.53124336242676
 21
243.9940031051636
 31
0.0
  0
LINE
  5
929
330
4C9
100
AcDbEntity
  8
AM_4
100
AcDbLine
 10
17.53124336242676
 20
204.7940031051636
 30
0.0
 11
17.53124336242676
 21
204.0940031051636
 31
0.0
  0
LINE
  5
92A
330
4C9
100
AcDbEntity
  8
AM_4
100
AcDbLine
 10
22.51624336242676
 20
244.5940031051636
 30
0.0
 11
19.77124336242676
 21
244.5940031051636
 31
0.0
  0
LINE
  5
92B
330
4C9
100
AcDbEntity
  8
AM_4
100
AcDbLine
 10
19.77124336242676
 20
204.0940031051636
 30
0.0
 11
22.51624336242676
 21
204.0940031051636
 31
0.0
  0
LINE
  5
92C
330
4C9
100
AcDbEntity
  8
AM_4
100
AcDbLine
 10
22.51624336242676
 20
204.0940031051636
 30
0.0
 11
23.61624336242676
 21
205.1940031051635
 31
0.0
  0
LINE
  5
92D
330
4C9
100
AcDbEntity
  8
AM_4
100
AcDbLine
 10
23.61624336242676
 20
205.1940031051635
 30
0.0
 11
23.61624336242676
 21
243.4940031051636
 31
0.0
  0
LINE
  5
92E
330
4C9
100
AcDbEntity
  8
AM_4
100
AcDbLine
 10
23.61624336242676
 20
243.4940031051636
 30
0.0
 11
22.51624336242676
 21
244.5940031051636
 31
0.0
  0
LINE
  5
92F
330
4C9
100
AcDbEntity
  8
AM_4
100
AcDbLine
 10
0.0000008735301797
 20
233.8640031051636
 30
0.0
 11
0.0000008735301797
 21
228.9640031051636
 31
0.0
  0
LINE
  5
930
330
4C9
100
AcDbEntity
  8
AM_4
100
AcDbLine
 10
0.0000008735301797
 20
228.7840031051635
 30
0.0
 11
0.0000008735301797
 21
223.8840031051636
 31
0.0
  0
LINE
  5
931
330
4C9
100
AcDbEntity
  8
AM_4
100
AcDbLine
 10
0.0173133590183348
 20
228.7840031051635
 30
0.0
 11
0.0173133590183348
 21
223.8840031051636
 31
0.0
  0
LINE
  5
932
330
4C9
100
AcDbEntity
  8
AM_4
100
AcDbLine
 10
0.506020326772024
 20
228.7840031051635
 30
0.0
 11
0.506020326772024
 21
223.8840031051636
 31
0.0
  0
LINE
  5
933
330
4C9
100
AcDbEntity
  8
AM_4
100
AcDbLine
 10
0.0173133590183348
 20
233.8640031051636
 30
0.0
 11
0.0173133590183348
 21
228.9640031051636
 31
0.0
  0
LINE
  5
934
330
4C9
100
AcDbEntity
  8
AM_4
100
AcDbLine
 10
0.506020326772024
 20
233.8640031051636
 30
0.0
 11
0.506020326772024
 21
228.9640031051636
 31
0.0
  0
LINE
  5
935
330
4C9
100
AcDbEntity
  8
AM_4
100
AcDbLine
 10
17.77124336242676
 20
296.8140031051636
 30
0.0
 11
17.77124336242676
 21
294.2140031051636
 31
0.0
  0
LINE
  5
936
330
4C9
100
AcDbEntity
  8
AM_4
100
AcDbLine
 10
19.77124336242676
 20
296.8140031051636
 30
0.0
 11
19.77124336242676
 21
294.2140031051636
 31
0.0
  0
LINE
  5
937
330
4C9
100
AcDbEntity
  8
AM_4
100
AcDbLine
 10
19.77124336242676
 20
296.8140031051636
 30
0.0
 11
17.77124336242676
 21
296.8140031051636
 31
0.0
  0
LINE
  5
938
330
4C9
100
AcDbEntity
  8
AM_4
100
AcDbLine
 10
19.77124336242676
 20
260.0940031051636
 30
0.0
 11
19.77124336242676
 21
257.4940031051635
 31
0.0
  0
LINE
  5
939
330
4C9
100
AcDbEntity
  8
AM_4
100
AcDbLine
 10
17.77124336242676
 20
260.0940031051636
 30
0.0
 11
17.77124336242676
 21
257.4940031051635
 31
0.0
  0
LINE
  5
93A
330
4C9
100
AcDbEntity
  8
AM_4
100
AcDbLine
 10
19.77124336242676
 20
257.4940031051635
 30
0.0
 11
17.77124336242676
 21
257.4940031051635
 31
0.0
  0
LINE
  5
93B
330
4C9
100
AcDbEntity
  8
AM_4
100
AcDbLine
 10
17.77124336242676
 20
246.5940031051636
 30
0.0
 11
17.77124336242676
 21
243.9940031051636
 31
0.0
  0
LINE
  5
93C
330
4C9
100
AcDbEntity
  8
AM_4
100
AcDbLine
 10
19.77124336242676
 20
246.5940031051636
 30
0.0
 11
17.77124336242676
 21
246.5940031051636
 31
0.0
  0
LINE
  5
93D
330
4C9
100
AcDbEntity
  8
AM_4
100
AcDbLine
 10
19.77124336242676
 20
246.5940031051636
 30
0.0
 11
19.77124336242676
 21
243.9940031051636
 31
0.0
  0
LINE
  5
93E
330
4C9
100
AcDbEntity
  8
AM_4
100
AcDbLine
 10
19.77124336242676
 20
202.1940031051636
 30
0.0
 11
17.77124336242676
 21
202.1940031051636
 31
0.0
  0
LINE
  5
93F
330
4C9
100
AcDbEntity
  8
AM_4
100
AcDbLine
 10
17.77124336242676
 20
204.7940031051636
 30
0.0
 11
17.77124336242676
 21
202.1940031051636
 31
0.0
  0
LINE
  5
940
330
4C9
100
AcDbEntity
  8
AM_4
100
AcDbLine
 10
19.77124336242676
 20
204.7940031051636
 30
0.0
 11
19.77124336242676
 21
202.1940031051636
 31
0.0
  0
LINE
  5
941
330
4C9
100
AcDbEntity
  8
AM_4
100
AcDbLine
 10
15.49624336242676
 20
264.3940031051636
 30
0.0
 11
15.49624336242676
 21
260.0940031051636
 31
0.0
  0
LINE
  5
942
330
4C9
100
AcDbEntity
  8
AM_4
100
AcDbLine
 10
22.04624336242676
 20
260.0940031051636
 30
0.0
 11
15.49624336242676
 21
260.0940031051636
 31
0.0
  0
LINE
  5
943
330
4C9
100
AcDbEntity
  8
AM_4
100
AcDbLine
 10
22.04624336242676
 20
264.3940031051636
 30
0.0
 11
22.04624336242676
 21
260.0940031051636
 31
0.0
  0
LINE
  5
944
330
4C9
100
AcDbEntity
  8
AM_4
100
AcDbLine
 10
22.04624336242676
 20
294.2140031051636
 30
0.0
 11
15.49624336242676
 21
294.2140031051636
 31
0.0
  0
LINE
  5
945
330
4C9
100
AcDbEntity
  8
AM_4
100
AcDbLine
 10
22.04624336242676
 20
294.2140031051636
 30
0.0
 11
22.04624336242676
 21
289.9140031051636
 31
0.0
  0
LINE
  5
946
330
4C9
100
AcDbEntity
  8
AM_4
100
AcDbLine
 10
15.49624336242676
 20
294.2140031051636
 30
0.0
 11
15.49624336242676
 21
289.9140031051636
 31
0.0
  0
LINE
  5
947
330
4C9
100
AcDbEntity
  8
AM_4
100
AcDbLine
 10
22.04624336242676
 20
243.9940031051636
 30
0.0
 11
22.04624336242676
 21
239.0940031051636
 31
0.0
  0
LINE
  5
948
330
4C9
100
AcDbEntity
  8
AM_4
100
AcDbLine
 10
15.49624336242676
 20
243.9940031051636
 30
0.0
 11
15.49624336242676
 21
239.0940031051636
 31
0.0
  0
LINE
  5
949
330
4C9
100
AcDbEntity
  8
AM_4
100
AcDbLine
 10
22.04624336242676
 20
243.9940031051636
 30
0.0
 11
15.49624336242676
 21
243.9940031051636
 31
0.0
  0
LINE
  5
94A
330
4C9
100
AcDbEntity
  8
AM_4
100
AcDbLine
 10
15.49624336242676
 20
208.4940031051636
 30
0.0
 11
15.49624336242676
 21
204.7940031051636
 31
0.0
  0
LINE
  5
94B
330
4C9
100
AcDbEntity
  8
AM_4
100
AcDbLine
 10
22.04624336242676
 20
204.7940031051636
 30
0.0
 11
15.49624336242676
 21
204.7940031051636
 31
0.0
  0
LINE
  5
94C
330
4C9
100
AcDbEntity
  8
AM_4
100
AcDbLine
 10
22.04624336242676
 20
208.4940031051636
 30
0.0
 11
22.04624336242676
 21
204.7940031051636
 31
0.0
  0
LINE
  5
94D
330
4C9
100
AcDbEntity
  8
AM_4
100
AcDbLine
 10
4.664631695322541
 20
233.1640031051636
 30
0.0
 11
4.664631695322541
 21
233.8640031051636
 31
0.0
  0
LINE
  5
94E
330
4C9
100
AcDbEntity
  8
AM_4
100
AcDbLine
 10
4.664631695322541
 20
228.0840031051636
 30
0.0
 11
4.664631695322541
 21
228.7840031051635
 31
0.0
  0
LINE
  5
94F
330
4C9
100
AcDbEntity
  8
AM_4
100
AcDbLine
 10
4.664631695322541
 20
223.8840031051636
 30
0.0
 11
4.664631695322541
 21
224.5840031051636
 31
0.0
  0
LINE
  5
950
330
4C9
100
AcDbEntity
  8
AM_4
100
AcDbLine
 10
4.664631695322541
 20
228.9640031051636
 30
0.0
 11
4.664631695322541
 21
229.6640031051635
 31
0.0
  0
LINE
  5
951
330
4C9
100
AcDbEntity
  8
AM_4
100
AcDbLine
 10
4.458355291390536
 20
233.8640031051636
 30
0.0
 11
4.458355291390536
 21
233.1640031051636
 31
0.0
  0
LINE
  5
952
330
4C9
100
AcDbEntity
  8
AM_4
100
AcDbLine
 10
4.458355291390536
 20
228.7840031051635
 30
0.0
 11
4.458355291390536
 21
228.0840031051636
 31
0.0
  0
LINE
  5
953
330
4C9
100
AcDbEntity
  8
AM_4
100
AcDbLine
 10
4.458355291390536
 20
229.6640031051635
 30
0.0
 11
4.458355291390536
 21
228.9640031051636
 31
0.0
  0
LINE
  5
954
330
4C9
100
AcDbEntity
  8
AM_4
100
AcDbLine
 10
4.458355291390536
 20
224.5840031051636
 30
0.0
 11
4.458355291390536
 21
223.8840031051636
 31
0.0
  0
LINE
  5
955
330
4C9
100
AcDbEntity
  8
AM_4
100
AcDbLine
 10
4.358020129023441
 20
229.6640031051635
 30
0.0
 11
4.358020129023441
 21
228.9640031051636
 31
0.0
  0
LINE
  5
956
330
4C9
100
AcDbEntity
  8
AM_4
100
AcDbLine
 10
4.358020129023441
 20
224.5840031051636
 30
0.0
 11
4.358020129023441
 21
223.8840031051636
 31
0.0
  0
LINE
  5
957
330
4C9
100
AcDbEntity
  8
AM_4
100
AcDbLine
 10
4.358020129023441
 20
233.8640031051636
 30
0.0
 11
4.358020129023441
 21
233.1640031051636
 31
0.0
  0
LINE
  5
958
330
4C9
100
AcDbEntity
  8
AM_4
100
AcDbLine
 10
4.358020129023441
 20
228.7840031051635
 30
0.0
 11
4.358020129023441
 21
228.0840031051636
 31
0.0
  0
LINE
  5
959
330
4C9
100
AcDbEntity
  8
AM_4
100
AcDbLine
 10
11.49624336242676
 20
230.1640031051635
 30
0.0
 11
11.49624336242676
 21
229.9140031051635
 31
0.0
  0
LINE
  5
95A
330
4C9
100
AcDbEntity
  8
AM_4
100
AcDbLine
 10
11.49624336242676
 20
232.9140031051635
 30
0.0
 11
11.49624336242676
 21
232.6640031051636
 31
0.0
  0
ARC
  5
95B
330
4C9
100
AcDbEntity
  8
AM_4
100
AcDbCircle
 10
19.77124336242678
 20
211.5940031051636
 30
0.0
 40
1.499999999999975
100
AcDbArc
 50
0.0
 51
90.0
  0
LINE
  5
95C
330
4C9
100
AcDbEntity
  8
AM_4
100
AcDbLine
 10
21.27124336242676
 20
210.5940031051636
 30
0.0
 11
21.27124336242676
 21
211.5940031051636
 31
0.0
  0
ARC
  5
95D
330
4C9
100
AcDbEntity
  8
AM_4
100
AcDbCircle
 10
19.77124336242678
 20
210.5940031051636
 30
0.0
 40
1.499999999999972
100
AcDbArc
 50
270.0
 51
0.0
  0
LINE
  5
95E
330
4C9
100
AcDbEntity
  8
AM_4
100
AcDbLine
 10
17.77124336242676
 20
209.0940031051636
 30
0.0
 11
19.77124336242676
 21
209.0940031051636
 31
0.0
  0
ARC
  5
95F
330
4C9
100
AcDbEntity
  8
AM_4
100
AcDbCircle
 10
17.77124336242673
 20
210.5940031051636
 30
0.0
 40
1.499999999999975
100
AcDbArc
 50
180.0
 51
270.0
  0
ARC
  5
960
330
4C9
100
AcDbEntity
  8
AM_4
100
AcDbCircle
 10
17.77124336242673
 20
216.6740031051636
 30
0.0
 40
1.499999999999972
100
AcDbArc
 50
90.0
 51
180.0
  0
LINE
  5
961
330
4C9
100
AcDbEntity
  8
AM_4
100
AcDbLine
 10
19.77124336242676
 20
218.1740031051636
 30
0.0
 11
17.77124336242676
 21
218.1740031051636
 31
0.0
  0
LINE
  5
962
330
4C9
100
AcDbEntity
  8
AM_4
100
AcDbLine
 10
15.49624336242676
 20
209.5940031051636
 30
0.0
 11
15.49624336242676
 21
212.5940031051636
 31
0.0
  0
LINE
  5
963
330
4C9
100
AcDbEntity
  8
AM_4
100
AcDbLine
 10
15.49624336242676
 20
214.6740031051636
 30
0.0
 11
15.49624336242676
 21
217.6740031051636
 31
0.0
  0
LINE
  5
964
330
4C9
100
AcDbEntity
  8
AM_4
100
AcDbLine
 10
15.49624336242676
 20
219.7540031051636
 30
0.0
 11
15.49624336242676
 21
222.7540031051636
 31
0.0
  0
LINE
  5
965
330
4C9
100
AcDbEntity
  8
AM_4
100
AcDbLine
 10
15.49624336242676
 20
224.8340031051636
 30
0.0
 11
15.49624336242676
 21
227.8340031051636
 31
0.0
  0
LINE
  5
966
330
4C9
100
AcDbEntity
  8
AM_4
100
AcDbLine
 10
15.49624336242676
 20
229.9140031051635
 30
0.0
 11
15.49624336242676
 21
232.9140031051635
 31
0.0
  0
ARC
  5
967
330
4C9
100
AcDbEntity
  8
AM_4
100
AcDbCircle
 10
17.77124336242678
 20
221.7540031051635
 30
0.0
 40
1.500000000000028
100
AcDbArc
 50
90.0
 51
180.0
  0
LINE
  5
968
330
4C9
100
AcDbEntity
  8
AM_4
100
AcDbLine
 10
19.77124336242676
 20
223.2540031051635
 30
0.0
 11
17.77124336242676
 21
223.2540031051636
 31
0.0
  0
ARC
  5
969
330
4C9
100
AcDbEntity
  8
AM_4
100
AcDbCircle
 10
19.77124336242678
 20
226.8340031051636
 30
0.0
 40
1.499999999999975
100
AcDbArc
 50
0.0
 51
90.0
  0
LINE
  5
96A
330
4C9
100
AcDbEntity
  8
AM_4
100
AcDbLine
 10
21.27124336242676
 20
225.8340031051636
 30
0.0
 11
21.27124336242676
 21
226.8340031051636
 31
0.0
  0
ARC
  5
96B
330
4C9
100
AcDbEntity
  8
AM_4
100
AcDbCircle
 10
19.77124336242678
 20
225.8340031051635
 30
0.0
 40
1.499999999999972
100
AcDbArc
 50
270.0
 51
0.0
  0
LINE
  5
96C
330
4C9
100
AcDbEntity
  8
AM_4
100
AcDbLine
 10
17.77124336242676
 20
224.3340031051636
 30
0.0
 11
19.77124336242676
 21
224.3340031051636
 31
0.0
  0
ARC
  5
96D
330
4C9
100
AcDbEntity
  8
AM_4
100
AcDbCircle
 10
17.77124336242673
 20
225.8340031051635
 30
0.0
 40
1.499999999999975
100
AcDbArc
 50
180.0
 51
270.0
  0
LINE
  5
96E
330
4C9
100
AcDbEntity
  8
AM_4
100
AcDbLine
 10
19.77124336242676
 20
233.4140031051636
 30
0.0
 11
17.77124336242676
 21
233.4140031051635
 31
0.0
  0
LINE
  5
96F
330
4C9
100
AcDbEntity
  8
AM_4
100
AcDbLine
 10
21.27124336242676
 20
230.9140031051635
 30
0.0
 11
21.27124336242676
 21
231.9140031051636
 31
0.0
  0
LINE
  5
970
330
4C9
100
AcDbEntity
  8
AM_4
100
AcDbLine
 10
16.27124336242676
 20
221.7540031051636
 30
0.0
 11
16.27124336242676
 21
220.7540031051636
 31
0.0
  0
LINE
  5
971
330
4C9
100
AcDbEntity
  8
AM_4
100
AcDbLine
 10
16.27124336242676
 20
226.8340031051636
 30
0.0
 11
16.27124336242676
 21
225.8340031051636
 31
0.0
  0
LINE
  5
972
330
4C9
100
AcDbEntity
  8
AM_4
100
AcDbLine
 10
16.27124336242676
 20
231.9140031051636
 30
0.0
 11
16.27124336242676
 21
230.9140031051635
 31
0.0
  0
LINE
  5
973
330
4C9
100
AcDbEntity
  8
AM_4
100
AcDbLine
 10
16.27124336242676
 20
236.9940031051636
 30
0.0
 11
16.27124336242676
 21
235.9940031051636
 31
0.0
  0
LINE
  5
974
330
4C9
100
AcDbEntity
  8
AM_4
100
AcDbLine
 10
9.49624336242676
 20
224.5840031051636
 30
0.0
 11
9.49624336242676
 21
208.4940031051636
 31
0.0
  0
LINE
  5
975
330
4C9
100
AcDbEntity
  8
AM_4
100
AcDbLine
 10
9.49624336242676
 20
229.6640031051636
 30
0.0
 11
9.49624336242676
 21
228.0840031051636
 31
0.0
  0
LINE
  5
976
330
4C9
100
AcDbEntity
  8
AM_4
100
AcDbLine
 10
9.49624336242676
 20
239.0940031051636
 30
0.0
 11
9.49624336242676
 21
233.1640031051636
 31
0.0
  0
LINE
  5
977
330
4C9
100
AcDbEntity
  8
AM_4
100
AcDbLine
 10
11.49624336242676
 20
212.5940031051636
 30
0.0
 11
11.49624336242676
 21
209.5940031051636
 31
0.0
  0
LINE
  5
978
330
4C9
100
AcDbEntity
  8
AM_4
100
AcDbLine
 10
11.49624336242676
 20
217.6740031051636
 30
0.0
 11
11.49624336242676
 21
214.6740031051636
 31
0.0
  0
LINE
  5
979
330
4C9
100
AcDbEntity
  8
AM_4
100
AcDbLine
 10
11.49624336242676
 20
222.7540031051636
 30
0.0
 11
11.49624336242676
 21
219.7540031051636
 31
0.0
  0
LINE
  5
97A
330
4C9
100
AcDbEntity
  8
AM_4
100
AcDbLine
 10
15.49624336242676
 20
234.9940031051636
 30
0.0
 11
15.49624336242676
 21
237.9940031051636
 31
0.0
  0
LINE
  5
97B
330
4C9
100
AcDbEntity
  8
AM_4
100
AcDbLine
 10
11.49624336242676
 20
237.9940031051636
 30
0.0
 11
11.49624336242676
 21
234.9940031051636
 31
0.0
  0
LINE
  5
97C
330
4C9
100
AcDbEntity
  8
AM_4
100
AcDbLine
 10
15.49624336242676
 20
212.5940031051636
 30
0.0
 11
11.49624336242676
 21
212.5940031051636
 31
0.0
  0
LINE
  5
97D
330
4C9
100
AcDbEntity
  8
AM_4
100
AcDbLine
 10
11.49624336242676
 20
209.5940031051636
 30
0.0
 11
15.49624336242676
 21
209.5940031051636
 31
0.0
  0
LINE
  5
97E
330
4C9
100
AcDbEntity
  8
AM_4
100
AcDbLine
 10
15.49624336242676
 20
217.6740031051636
 30
0.0
 11
11.49624336242676
 21
217.6740031051636
 31
0.0
  0
LINE
  5
97F
330
4C9
100
AcDbEntity
  8
AM_4
100
AcDbLine
 10
11.49624336242676
 20
214.6740031051636
 30
0.0
 11
15.49624336242676
 21
214.6740031051636
 31
0.0
  0
LINE
  5
980
330
4C9
100
AcDbEntity
  8
AM_4
100
AcDbLine
 10
15.49624336242676
 20
222.7540031051636
 30
0.0
 11
11.49624336242676
 21
222.7540031051636
 31
0.0
  0
LINE
  5
981
330
4C9
100
AcDbEntity
  8
AM_4
100
AcDbLine
 10
11.49624336242676
 20
219.7540031051636
 30
0.0
 11
15.49624336242676
 21
219.7540031051636
 31
0.0
  0
LINE
  5
982
330
4C9
100
AcDbEntity
  8
AM_4
100
AcDbLine
 10
15.49624336242676
 20
227.8340031051636
 30
0.0
 11
11.49624336242676
 21
227.8340031051636
 31
0.0
  0
LINE
  5
983
330
4C9
100
AcDbEntity
  8
AM_4
100
AcDbLine
 10
11.49624336242676
 20
224.8340031051636
 30
0.0
 11
15.49624336242676
 21
224.8340031051636
 31
0.0
  0
LINE
  5
984
330
4C9
100
AcDbEntity
  8
AM_4
100
AcDbLine
 10
15.49624336242676
 20
232.9140031051635
 30
0.0
 11
11.49624336242676
 21
232.9140031051635
 31
0.0
  0
LINE
  5
985
330
4C9
100
AcDbEntity
  8
AM_4
100
AcDbLine
 10
11.49624336242676
 20
229.9140031051635
 30
0.0
 11
15.49624336242676
 21
229.9140031051635
 31
0.0
  0
LINE
  5
986
330
4C9
100
AcDbEntity
  8
AM_4
100
AcDbLine
 10
15.49624336242676
 20
237.9940031051636
 30
0.0
 11
11.49624336242676
 21
237.9940031051636
 31
0.0
  0
LINE
  5
987
330
4C9
100
AcDbEntity
  8
AM_4
100
AcDbLine
 10
11.49624336242676
 20
234.9940031051636
 30
0.0
 11
15.49624336242676
 21
234.9940031051636
 31
0.0
  0
LINE
  5
988
330
4C9
100
AcDbEntity
  8
AM_4
100
AcDbLine
 10
22.64624336242676
 20
239.0940031051636
 30
0.0
 11
9.49624336242676
 21
239.0940031051636
 31
0.0
  0
LINE
  5
989
330
4C9
100
AcDbEntity
  8
AM_4
100
AcDbLine
 10
9.49624336242676
 20
208.4940031051636
 30
0.0
 11
22.64624336242676
 21
208.4940031051636
 31
0.0
  0
ARC
  5
98A
330
4C9
100
AcDbEntity
  8
AM_4
100
AcDbCircle
 10
17.77124336242673
 20
226.8340031051636
 30
0.0
 40
1.499999999999972
100
AcDbArc
 50
90.0
 51
180.0
  0
LINE
  5
98B
330
4C9
100
AcDbEntity
  8
AM_4
100
AcDbLine
 10
21.27124336242676
 20
235.9940031051636
 30
0.0
 11
21.27124336242676
 21
236.9940031051636
 31
0.0
  0
ARC
  5
98C
330
4C9
100
AcDbEntity
  8
AM_4
100
AcDbCircle
 10
19.77124336242674
 20
235.9940031051636
 30
0.0
 40
1.5
100
AcDbArc
 50
270.0
 51
0.0
  0
ARC
  5
98D
330
4C9
100
AcDbEntity
  8
AM_4
100
AcDbCircle
 10
17.77124336242675
 20
231.9140031051636
 30
0.0
 40
1.499999999999972
100
AcDbArc
 50
90.0
 51
180.0
  0
ARC
  5
98E
330
4C9
100
AcDbEntity
  8
AM_4
100
AcDbCircle
 10
19.77124336242674
 20
231.9140031051636
 30
0.0
 40
1.500000000000021
100
AcDbArc
 50
0.0
 51
90.0
  0
LINE
  5
98F
330
4C9
100
AcDbEntity
  8
AM_4
100
AcDbLine
 10
11.49624336242676
 20
225.0840031051636
 30
0.0
 11
11.49624336242676
 21
224.8340031051636
 31
0.0
  0
LINE
  5
990
330
4C9
100
AcDbEntity
  8
AM_4
100
AcDbLine
 10
11.49624336242676
 20
227.8340031051636
 30
0.0
 11
11.49624336242676
 21
227.5840031051636
 31
0.0
  0
ARC
  5
991
330
4C9
100
AcDbEntity
  8
AM_4
100
AcDbCircle
 10
17.77124336242673
 20
236.9940031051636
 30
0.0
 40
1.499999999999972
100
AcDbArc
 50
90.0
 51
180.0
  0
LINE
  5
992
330
4C9
100
AcDbEntity
  8
AM_4
100
AcDbLine
 10
19.77124336242676
 20
238.4940031051636
 30
0.0
 11
17.77124336242676
 21
238.4940031051636
 31
0.0
  0
ARC
  5
993
330
4C9
100
AcDbEntity
  8
AM_4
100
AcDbCircle
 10
19.77124336242678
 20
236.9940031051636
 30
0.0
 40
1.499999999999975
100
AcDbArc
 50
0.0
 51
90.0
  0
LINE
  5
994
330
4C9
100
AcDbEntity
  8
AM_4
100
AcDbLine
 10
17.77124336242677
 20
234.4940031051636
 30
0.0
 11
19.77124336242676
 21
234.4940031051636
 31
0.0
  0
ARC
  5
995
330
4C9
100
AcDbEntity
  8
AM_4
100
AcDbCircle
 10
17.77124336242674
 20
235.9940031051635
 30
0.0
 40
1.499999999999979
100
AcDbArc
 50
180.0
 51
270.0
  0
ARC
  5
996
330
4C9
100
AcDbEntity
  8
AM_4
100
AcDbCircle
 10
19.77124336242674
 20
230.9140031051636
 30
0.0
 40
1.500000000000028
100
AcDbArc
 50
270.0
 51
0.0
  0
LINE
  5
997
330
4C9
100
AcDbEntity
  8
AM_4
100
AcDbLine
 10
17.77124336242676
 20
229.4140031051636
 30
0.0
 11
19.77124336242676
 21
229.4140031051635
 31
0.0
  0
ARC
  5
998
330
4C9
100
AcDbEntity
  8
AM_4
100
AcDbCircle
 10
17.77124336242674
 20
230.9140031051636
 30
0.0
 40
1.499999999999982
100
AcDbArc
 50
179.9999991462263
 51
270.0
  0
LINE
  5
999
330
4C9
100
AcDbEntity
  8
AM_4
100
AcDbLine
 10
19.77124336242676
 20
228.3340031051636
 30
0.0
 11
17.77124336242676
 21
228.3340031051636
 31
0.0
  0
ARC
  5
99A
330
4C9
100
AcDbEntity
  8
AM_4
100
AcDbCircle
 10
19.77124336242678
 20
221.7540031051635
 30
0.0
 40
1.499999999999982
100
AcDbArc
 50
0.0000008537736463
 51
90.0
  0
LINE
  5
99B
330
4C9
100
AcDbEntity
  8
AM_4
100
AcDbLine
 10
21.27124336242675
 20
220.7540031051636
 30
0.0
 11
21.27124336242676
 21
221.7540031051636
 31
0.0
  0
ARC
  5
99C
330
4C9
100
AcDbEntity
  8
AM_4
100
AcDbCircle
 10
19.77124336242678
 20
220.7540031051635
 30
0.0
 40
1.499999999999972
100
AcDbArc
 50
270.0
 51
0.0
  0
LINE
  5
99D
330
4C9
100
AcDbEntity
  8
AM_4
100
AcDbLine
 10
17.77124336242676
 20
219.2540031051635
 30
0.0
 11
19.77124336242676
 21
219.2540031051636
 31
0.0
  0
ARC
  5
99E
330
4C9
100
AcDbEntity
  8
AM_4
100
AcDbCircle
 10
17.77124336242679
 20
220.7540031051636
 30
0.0
 40
1.500000000000028
100
AcDbArc
 50
180.0
 51
270.0
  0
ARC
  5
99F
330
4C9
100
AcDbEntity
  8
AM_4
100
AcDbCircle
 10
19.77124336242679
 20
216.6740031051636
 30
0.0
 40
1.499999999999972
100
AcDbArc
 50
0.0
 51
90.0
  0
LINE
  5
9A0
330
4C9
100
AcDbEntity
  8
AM_4
100
AcDbLine
 10
21.27124336242676
 20
215.6740031051636
 30
0.0
 11
21.27124336242676
 21
216.6740031051636
 31
0.0
  0
ARC
  5
9A1
330
4C9
100
AcDbEntity
  8
AM_4
100
AcDbCircle
 10
19.77124336242678
 20
215.6740031051635
 30
0.0
 40
1.499999999999972
100
AcDbArc
 50
270.0
 51
0.0
  0
LINE
  5
9A2
330
4C9
100
AcDbEntity
  8
AM_4
100
AcDbLine
 10
17.77124336242676
 20
214.1740031051636
 30
0.0
 11
19.77124336242676
 21
214.1740031051636
 31
0.0
  0
ARC
  5
9A3
330
4C9
100
AcDbEntity
  8
AM_4
100
AcDbCircle
 10
17.77124336242673
 20
215.6740031051635
 30
0.0
 40
1.499999999999975
100
AcDbArc
 50
180.0
 51
270.0
  0
LINE
  5
9A4
330
4C9
100
AcDbEntity
  8
AM_4
100
AcDbLine
 10
16.27124336242676
 20
216.6740031051636
 30
0.0
 11
16.27124336242676
 21
215.6740031051636
 31
0.0
  0
ARC
  5
9A5
330
4C9
100
AcDbEntity
  8
AM_4
100
AcDbCircle
 10
17.77124336242673
 20
211.5940031051636
 30
0.0
 40
1.499999999999972
100
AcDbArc
 50
90.0
 51
180.0
  0
LINE
  5
9A6
330
4C9
100
AcDbEntity
  8
AM_4
100
AcDbLine
 10
19.77124336242676
 20
213.0940031051636
 30
0.0
 11
17.77124336242676
 21
213.0940031051636
 31
0.0
  0
LINE
  5
9A7
330
4C9
100
AcDbEntity
  8
AM_4
100
AcDbLine
 10
16.27124336242676
 20
211.5940031051636
 30
0.0
 11
16.27124336242676
 21
210.5940031051636
 31
0.0
  0
LINE
  5
9A8
330
4C9
100
AcDbEntity
  8
AM_4
100
AcDbLine
 10
22.64624336242676
 20
208.4940031051636
 30
0.0
 11
22.64624336242676
 21
239.0940031051636
 31
0.0
  0
LINE
  5
9A9
330
4C9
100
AcDbEntity
  8
AM_4
100
AcDbLine
 10
21.27124336242676
 20
271.4940031051635
 30
0.0
 11
21.27124336242676
 21
272.4940031051635
 31
0.0
  0
ARC
  5
9AA
330
4C9
100
AcDbEntity
  8
AM_4
100
AcDbCircle
 10
19.77124336242668
 20
281.4940031051636
 30
0.0
 40
1.500000000000057
100
AcDbArc
 50
270.0
 51
0.0
  0
ARC
  5
9AB
330
4C9
100
AcDbEntity
  8
AM_4
100
AcDbCircle
 10
17.77124336242674
 20
281.4940031051635
 30
0.0
 40
1.499999999999989
100
AcDbArc
 50
180.0
 51
270.0
  0
ARC
  5
9AC
330
4C9
100
AcDbEntity
  8
AM_4
100
AcDbCircle
 10
19.7712433624267
 20
266.4940031051636
 30
0.0
 40
1.500000000000057
100
AcDbArc
 50
270.0
 51
0.0000008537736463
  0
ARC
  5
9AD
330
4C9
100
AcDbEntity
  8
AM_4
100
AcDbCircle
 10
19.77124336242677
 20
282.4940031051635
 30
0.0
 40
1.499999999999989
100
AcDbArc
 50
0.0
 51
90.0
  0
LINE
  5
9AE
330
4C9
100
AcDbEntity
  8
AM_4
100
AcDbLine
 10
21.27124336242677
 20
281.4940031051635
 30
0.0
 11
21.27124336242676
 21
282.4940031051635
 31
0.0
  0
LINE
  5
9AF
330
4C9
100
AcDbEntity
  8
AM_4
100
AcDbLine
 10
21.27124336242677
 20
286.4940031051635
 30
0.0
 11
21.27124336242676
 21
287.4940031051635
 31
0.0
  0
LINE
  5
9B0
330
4C9
100
AcDbEntity
  8
AM_4
100
AcDbLine
 10
19.77124336242674
 20
288.9940031051635
 30
0.0
 11
17.77124336242676
 21
288.9940031051635
 31
0.0
  0
ARC
  5
9B1
330
4C9
100
AcDbEntity
  8
AM_4
100
AcDbCircle
 10
19.77124336242677
 20
272.4940031051635
 30
0.0
 40
1.499999999999989
100
AcDbArc
 50
0.0
 51
90.0
  0
ARC
  5
9B2
330
4C9
100
AcDbEntity
  8
AM_4
100
AcDbCircle
 10
17.77124336242674
 20
286.4940031051635
 30
0.0
 40
1.499999999999989
100
AcDbArc
 50
180.0
 51
270.0
  0
LINE
  5
9B3
330
4C9
100
AcDbEntity
  8
AM_4
100
AcDbLine
 10
16.27124336242676
 20
267.4940031051635
 30
0.0
 11
16.27124336242676
 21
266.4940031051635
 31
0.0
  0
LINE
  5
9B4
330
4C9
100
AcDbEntity
  8
AM_4
100
AcDbLine
 10
16.27124336242676
 20
272.4940031051635
 30
0.0
 11
16.27124336242676
 21
271.4940031051635
 31
0.0
  0
LINE
  5
9B5
330
4C9
100
AcDbEntity
  8
AM_4
100
AcDbLine
 10
16.27124336242676
 20
277.4940031051635
 30
0.0
 11
16.27124336242676
 21
276.4940031051635
 31
0.0
  0
LINE
  5
9B6
330
4C9
100
AcDbEntity
  8
AM_4
100
AcDbLine
 10
19.77124336242674
 20
273.9940031051635
 30
0.0
 11
17.77124336242676
 21
273.9940031051635
 31
0.0
  0
LINE
  5
9B7
330
4C9
100
AcDbEntity
  8
AM_4
100
AcDbLine
 10
16.27124336242676
 20
287.4940031051635
 30
0.0
 11
16.27124336242676
 21
286.4940031051635
 31
0.0
  0
ARC
  5
9B8
330
4C9
100
AcDbEntity
  8
AM_4
100
AcDbCircle
 10
17.77124336242673
 20
287.4940031051635
 30
0.0
 40
1.5
100
AcDbArc
 50
90.0
 51
180.0
  0
LINE
  5
9B9
330
4C9
100
AcDbEntity
  8
AM_4
100
AcDbLine
 10
11.49624336242675
 20
268.4940031051635
 30
0.0
 11
11.49624336242675
 21
265.4940031051635
 31
0.0
  0
ARC
  5
9BA
330
4C9
100
AcDbEntity
  8
AM_4
100
AcDbCircle
 10
19.77124336242677
 20
287.4940031051635
 30
0.0
 40
1.499999999999989
100
AcDbArc
 50
0.0
 51
90.0
  0
LINE
  5
9BB
330
4C9
100
AcDbEntity
  8
AM_4
100
AcDbLine
 10
11.49624336242675
 20
278.4940031051635
 30
0.0
 11
11.49624336242675
 21
275.4940031051635
 31
0.0
  0
ARC
  5
9BC
330
4C9
100
AcDbEntity
  8
AM_4
100
AcDbCircle
 10
19.77124336242668
 20
286.4940031051636
 30
0.0
 40
1.500000000000057
100
AcDbArc
 50
270.0
 51
0.0
  0
LINE
  5
9BD
330
4C9
100
AcDbEntity
  8
AM_4
100
AcDbLine
 10
11.49624336242675
 20
288.4940031051635
 30
0.0
 11
11.49624336242675
 21
285.4940031051635
 31
0.0
  0
LINE
  5
9BE
330
4C9
100
AcDbEntity
  8
AM_4
100
AcDbLine
 10
22.64624336242676
 20
264.3940031051636
 30
0.0
 11
22.64624336242676
 21
289.9140031051636
 31
0.0
  0
LINE
  5
9BF
330
4C9
100
AcDbEntity
  8
AM_4
100
AcDbLine
 10
15.49624336242676
 20
288.4940031051635
 30
0.0
 11
11.49624336242675
 21
288.4940031051635
 31
0.0
  0
LINE
  5
9C0
330
4C9
100
AcDbEntity
  8
AM_4
100
AcDbLine
 10
15.49624336242676
 20
285.4940031051635
 30
0.0
 11
15.49624336242676
 21
288.4940031051635
 31
0.0
  0
LINE
  5
9C1
330
4C9
100
AcDbEntity
  8
AM_4
100
AcDbLine
 10
11.49624336242675
 20
285.4940031051635
 30
0.0
 11
15.49624336242676
 21
285.4940031051635
 31
0.0
  0
LINE
  5
9C2
330
4C9
100
AcDbEntity
  8
AM_4
100
AcDbLine
 10
15.49624336242676
 20
283.4940031051635
 30
0.0
 11
11.49624336242675
 21
283.4940031051635
 31
0.0
  0
LINE
  5
9C3
330
4C9
100
AcDbEntity
  8
AM_4
100
AcDbLine
 10
15.49624336242676
 20
280.4940031051635
 30
0.0
 11
15.49624336242676
 21
283.4940031051635
 31
0.0
  0
LINE
  5
9C4
330
4C9
100
AcDbEntity
  8
AM_4
100
AcDbLine
 10
11.49624336242675
 20
280.4940031051635
 30
0.0
 11
15.49624336242676
 21
280.4940031051635
 31
0.0
  0
LINE
  5
9C5
330
4C9
100
AcDbEntity
  8
AM_4
100
AcDbLine
 10
11.49624336242675
 20
283.4940031051635
 30
0.0
 11
11.49624336242675
 21
280.4940031051635
 31
0.0
  0
LINE
  5
9C6
330
4C9
100
AcDbEntity
  8
AM_4
100
AcDbLine
 10
15.49624336242676
 20
278.4940031051635
 30
0.0
 11
11.49624336242675
 21
278.4940031051635
 31
0.0
  0
LINE
  5
9C7
330
4C9
100
AcDbEntity
  8
AM_4
100
AcDbLine
 10
15.49624336242676
 20
275.4940031051635
 30
0.0
 11
15.49624336242676
 21
278.4940031051635
 31
0.0
  0
LINE
  5
9C8
330
4C9
100
AcDbEntity
  8
AM_4
100
AcDbLine
 10
11.49624336242675
 20
275.4940031051635
 30
0.0
 11
15.49624336242676
 21
275.4940031051635
 31
0.0
  0
LINE
  5
9C9
330
4C9
100
AcDbEntity
  8
AM_4
100
AcDbLine
 10
15.49624336242676
 20
273.4940031051635
 30
0.0
 11
11.49624336242675
 21
273.4940031051635
 31
0.0
  0
LINE
  5
9CA
330
4C9
100
AcDbEntity
  8
AM_4
100
AcDbLine
 10
15.49624336242676
 20
270.4940031051635
 30
0.0
 11
15.49624336242676
 21
273.4940031051635
 31
0.0
  0
LINE
  5
9CB
330
4C9
100
AcDbEntity
  8
AM_4
100
AcDbLine
 10
11.49624336242675
 20
270.4940031051635
 30
0.0
 11
15.49624336242676
 21
270.4940031051635
 31
0.0
  0
LINE
  5
9CC
330
4C9
100
AcDbEntity
  8
AM_4
100
AcDbLine
 10
11.49624336242675
 20
273.4940031051635
 30
0.0
 11
11.49624336242675
 21
270.4940031051635
 31
0.0
  0
LINE
  5
9CD
330
4C9
100
AcDbEntity
  8
AM_4
100
AcDbLine
 10
15.49624336242676
 20
268.4940031051635
 30
0.0
 11
11.49624336242675
 21
268.4940031051635
 31
0.0
  0
LINE
  5
9CE
330
4C9
100
AcDbEntity
  8
AM_4
100
AcDbLine
 10
15.49624336242676
 20
265.4940031051635
 30
0.0
 11
15.49624336242676
 21
268.4940031051635
 31
0.0
  0
LINE
  5
9CF
330
4C9
100
AcDbEntity
  8
AM_4
100
AcDbLine
 10
11.49624336242675
 20
265.4940031051635
 30
0.0
 11
15.49624336242676
 21
265.4940031051635
 31
0.0
  0
LINE
  5
9D0
330
4C9
100
AcDbEntity
  8
AM_4
100
AcDbLine
 10
17.77124336242677
 20
284.9940031051635
 30
0.0
 11
19.77124336242676
 21
284.9940031051635
 31
0.0
  0
ARC
  5
9D1
330
4C9
100
AcDbEntity
  8
AM_4
100
AcDbCircle
 10
17.77124336242673
 20
282.4940031051635
 30
0.0
 40
1.5
100
AcDbArc
 50
90.0
 51
180.0
  0
LINE
  5
9D2
330
4C9
100
AcDbEntity
  8
AM_4
100
AcDbLine
 10
19.77124336242674
 20
283.9940031051635
 30
0.0
 11
17.77124336242676
 21
283.9940031051635
 31
0.0
  0
LINE
  5
9D3
330
4C9
100
AcDbEntity
  8
AM_4
100
AcDbLine
 10
17.77124336242677
 20
279.9940031051635
 30
0.0
 11
19.77124336242676
 21
279.9940031051635
 31
0.0
  0
LINE
  5
9D4
330
4C9
100
AcDbEntity
  8
AM_4
100
AcDbLine
 10
16.27124336242676
 20
282.4940031051635
 30
0.0
 11
16.27124336242676
 21
281.4940031051635
 31
0.0
  0
ARC
  5
9D5
330
4C9
100
AcDbEntity
  8
AM_4
100
AcDbCircle
 10
17.77124336242673
 20
277.4940031051635
 30
0.0
 40
1.5
100
AcDbArc
 50
90.0
 51
180.0
  0
LINE
  5
9D6
330
4C9
100
AcDbEntity
  8
AM_4
100
AcDbLine
 10
19.77124336242674
 20
278.9940031051635
 30
0.0
 11
17.77124336242676
 21
278.9940031051635
 31
0.0
  0
ARC
  5
9D7
330
4C9
100
AcDbEntity
  8
AM_4
100
AcDbCircle
 10
19.77124336242677
 20
277.4940031051635
 30
0.0
 40
1.499999999999989
100
AcDbArc
 50
0.0
 51
90.0
  0
LINE
  5
9D8
330
4C9
100
AcDbEntity
  8
AM_4
100
AcDbLine
 10
21.27124336242676
 20
276.4940031051635
 30
0.0
 11
21.27124336242676
 21
277.4940031051635
 31
0.0
  0
ARC
  5
9D9
330
4C9
100
AcDbEntity
  8
AM_4
100
AcDbCircle
 10
19.77124336242669
 20
276.4940031051636
 30
0.0
 40
1.500000000000057
100
AcDbArc
 50
270.0
 51
0.0
  0
LINE
  5
9DA
330
4C9
100
AcDbEntity
  8
AM_4
100
AcDbLine
 10
17.77124336242677
 20
274.9940031051635
 30
0.0
 11
19.77124336242676
 21
274.9940031051635
 31
0.0
  0
ARC
  5
9DB
330
4C9
100
AcDbEntity
  8
AM_4
100
AcDbCircle
 10
17.77124336242674
 20
276.4940031051635
 30
0.0
 40
1.499999999999986
100
AcDbArc
 50
180.0
 51
270.0
  0
ARC
  5
9DC
330
4C9
100
AcDbEntity
  8
AM_4
100
AcDbCircle
 10
17.77124336242673
 20
272.4940031051635
 30
0.0
 40
1.5
100
AcDbArc
 50
90.0
 51
180.0
  0
ARC
  5
9DD
330
4C9
100
AcDbEntity
  8
AM_4
100
AcDbCircle
 10
19.77124336242678
 20
271.4940031051635
 30
0.0
 40
1.5
100
AcDbArc
 50
270.0
 51
0.0
  0
LINE
  5
9DE
330
4C9
100
AcDbEntity
  8
AM_4
100
AcDbLine
 10
17.77124336242677
 20
269.9940031051635
 30
0.0
 11
19.77124336242676
 21
269.9940031051635
 31
0.0
  0
ARC
  5
9DF
330
4C9
100
AcDbEntity
  8
AM_4
100
AcDbCircle
 10
17.77124336242674
 20
271.4940031051635
 30
0.0
 40
1.499999999999989
100
AcDbArc
 50
180.0
 51
270.0
  0
ARC
  5
9E0
330
4C9
100
AcDbEntity
  8
AM_4
100
AcDbCircle
 10
17.77124336242673
 20
267.4940031051635
 30
0.0
 40
1.5
100
AcDbArc
 50
90.0
 51
180.0
  0
LINE
  5
9E1
330
4C9
100
AcDbEntity
  8
AM_4
100
AcDbLine
 10
19.77124336242674
 20
268.9940031051635
 30
0.0
 11
17.77124336242676
 21
268.9940031051635
 31
0.0
  0
ARC
  5
9E2
330
4C9
100
AcDbEntity
  8
AM_4
100
AcDbCircle
 10
19.77124336242677
 20
267.4940031051635
 30
0.0
 40
1.499999999999989
100
AcDbArc
 50
0.0
 51
90.0
  0
LINE
  5
9E3
330
4C9
100
AcDbEntity
  8
AM_4
100
AcDbLine
 10
21.27124336242676
 20
266.4940031051636
 30
0.0
 11
21.27124336242676
 21
267.4940031051635
 31
0.0
  0
LINE
  5
9E4
330
4C9
100
AcDbEntity
  8
AM_4
100
AcDbLine
 10
17.77124336242677
 20
264.9940031051636
 30
0.0
 11
19.77124336242676
 21
264.9940031051635
 31
0.0
  0
ARC
  5
9E5
330
4C9
100
AcDbEntity
  8
AM_4
100
AcDbCircle
 10
17.7712433624268
 20
266.4940031051636
 30
0.0
 40
1.500000000000046
100
AcDbArc
 50
179.9999991462263
 51
270.0
  0
LINE
  5
9E6
330
4C9
100
AcDbEntity
  8
AM_4
100
AcDbLine
 10
22.64624336242676
 20
289.9140031051636
 30
0.0
 11
9.496243362426757
 21
289.9140031051636
 31
0.0
  0
LINE
  5
9E7
330
4C9
100
AcDbEntity
  8
AM_4
100
AcDbLine
 10
9.496243362426757
 20
289.9140031051636
 30
0.0
 11
9.496243362426757
 21
264.3940031051636
 31
0.0
  0
LINE
  5
9E8
330
4C9
100
AcDbEntity
  8
AM_4
100
AcDbLine
 10
9.496243362426757
 20
264.3940031051636
 30
0.0
 11
22.64624336242676
 21
264.3940031051636
 31
0.0
  0
LINE
  5
9E9
330
4C9
100
AcDbEntity
  8
AM_4
100
AcDbLine
 10
13.49624336242676
 20
232.6640031051636
 30
0.0
 11
13.49624336242676
 21
230.1640031051635
 31
0.0
  0
LINE
  5
9EA
330
4C9
100
AcDbEntity
  8
AM_4
100
AcDbLine
 10
13.49624336242676
 20
227.5840031051636
 30
0.0
 11
13.49624336242676
 21
225.0840031051636
 31
0.0
  0
LINE
  5
9EB
330
4C9
100
AcDbEntity
  8
AM_4
100
AcDbLine
 10
3.907834146744399
 20
224.5840031051636
 30
0.0
 11
10.88394576583002
 21
224.5840031051636
 31
0.0
  0
LINE
  5
9EC
330
4C9
100
AcDbEntity
  8
AM_4
100
AcDbLine
 10
3.907834146744403
 20
228.0840031051636
 30
0.0
 11
10.88394576583002
 21
228.0840031051636
 31
0.0
  0
LINE
  5
9ED
330
4C9
100
AcDbEntity
  8
AM_4
100
AcDbLine
 10
0.9943949713774352
 20
228.7840031051635
 30
0.0
 11
0.9943949713774352
 21
223.8840031051636
 31
0.0
  0
LINE
  5
9EE
330
4C9
100
AcDbEntity
  8
AM_4
100
AcDbLine
 10
0.0000008735301797
 20
223.8840031051636
 30
0.0
 11
4.664631695322541
 21
223.8840031051636
 31
0.0
  0
LINE
  5
9EF
330
4C9
100
AcDbEntity
  8
AM_4
100
AcDbLine
 10
3.907834146744399
 20
224.5840031051636
 30
0.0
 11
3.907834146744403
 21
223.8840031051636
 31
0.0
  0
LINE
  5
9F0
330
4C9
100
AcDbEntity
  8
AM_4
100
AcDbLine
 10
3.907834146744403
 20
228.7840031051635
 30
0.0
 11
3.907834146744403
 21
228.0840031051636
 31
0.0
  0
LINE
  5
9F1
330
4C9
100
AcDbEntity
  8
AM_4
100
AcDbLine
 10
0.0000008735301797
 20
228.7840031051635
 30
0.0
 11
4.664631695322541
 21
228.7840031051635
 31
0.0
  0
LINE
  5
9F2
330
4C9
100
AcDbEntity
  8
AM_4
100
AcDbLine
 10
3.907834146744399
 20
229.6640031051635
 30
0.0
 11
10.88394576583002
 21
229.6640031051635
 31
0.0
  0
LINE
  5
9F3
330
4C9
100
AcDbEntity
  8
AM_4
100
AcDbLine
 10
3.907834146744403
 20
233.1640031051636
 30
0.0
 11
10.88394576583002
 21
233.1640031051636
 31
0.0
  0
LINE
  5
9F4
330
4C9
100
AcDbEntity
  8
AM_4
100
AcDbLine
 10
0.9943949713774352
 20
233.8640031051636
 30
0.0
 11
0.9943949713774352
 21
228.9640031051636
 31
0.0
  0
LINE
  5
9F5
330
4C9
100
AcDbEntity
  8
AM_4
100
AcDbLine
 10
0.0000008735301797
 20
228.9640031051636
 30
0.0
 11
4.664631695322541
 21
228.9640031051636
 31
0.0
  0
LINE
  5
9F6
330
4C9
100
AcDbEntity
  8
AM_4
100
AcDbLine
 10
3.907834146744399
 20
229.6640031051635
 30
0.0
 11
3.907834146744403
 21
228.9640031051636
 31
0.0
  0
LINE
  5
9F7
330
4C9
100
AcDbEntity
  8
AM_4
100
AcDbLine
 10
3.907834146744403
 20
233.8640031051636
 30
0.0
 11
3.907834146744403
 21
233.1640031051636
 31
0.0
  0
LINE
  5
9F8
330
4C9
100
AcDbEntity
  8
AM_4
100
AcDbLine
 10
0.0000008735301797
 20
233.8640031051636
 30
0.0
 11
4.664631695322541
 21
233.8640031051636
 31
0.0
  0
LINE
  5
9F9
330
4C9
100
AcDbEntity
  8
AM_4
100
AcDbLine
 10
10.88394576583002
 20
225.0840031051636
 30
0.0
 11
10.88394576583002
 21
224.5840031051636
 31
0.0
  0
LINE
  5
9FA
330
4C9
100
AcDbEntity
  8
AM_4
100
AcDbLine
 10
6.799211858469505
 20
228.0840031051636
 30
0.0
 11
6.799211858469505
 21
224.5840031051636
 31
0.0
  0
LINE
  5
9FB
330
4C9
100
AcDbEntity
  8
AM_4
100
AcDbLine
 10
10.88394576583002
 20
233.1640031051636
 30
0.0
 11
10.88394576583002
 21
232.6640031051636
 31
0.0
  0
LINE
  5
9FC
330
4C9
100
AcDbEntity
  8
AM_4
100
AcDbLine
 10
10.88394576583002
 20
228.0840031051636
 30
0.0
 11
10.88394576583002
 21
227.5840031051636
 31
0.0
  0
LINE
  5
9FD
330
4C9
100
AcDbEntity
  8
AM_4
100
AcDbLine
 10
10.88394576583002
 20
230.1640031051635
 30
0.0
 11
10.88394576583002
 21
229.6640031051635
 31
0.0
  0
LINE
  5
9FE
330
4C9
100
AcDbEntity
  8
AM_4
100
AcDbLine
 10
6.799211858469505
 20
233.1640031051636
 30
0.0
 11
6.799211858469505
 21
229.6640031051635
 31
0.0
  0
LINE
  5
9FF
330
4C9
100
AcDbEntity
  8
AM_4
100
AcDbLine
 10
6.799211858469505
 20
230.1640031051635
 30
0.0
 11
13.4959862006747
 21
230.1640031051635
 31
0.0
  0
LINE
  5
A00
330
4C9
100
AcDbEntity
  8
AM_4
100
AcDbLine
 10
13.4959862006747
 20
232.6640031051636
 30
0.0
 11
13.4959862006747
 21
230.1640031051635
 31
0.0
  0
LINE
  5
A01
330
4C9
100
AcDbEntity
  8
AM_4
100
AcDbLine
 10
6.799211858469505
 20
232.6640031051636
 30
0.0
 11
13.4959862006747
 21
232.6640031051636
 31
0.0
  0
LINE
  5
A02
330
4C9
100
AcDbEntity
  8
AM_4
100
AcDbLine
 10
6.799211858469505
 20
225.0840031051636
 30
0.0
 11
13.4959862006747
 21
225.0840031051636
 31
0.0
  0
LINE
  5
A03
330
4C9
100
AcDbEntity
  8
AM_4
100
AcDbLine
 10
13.4959862006747
 20
227.5840031051636
 30
0.0
 11
13.4959862006747
 21
225.0840031051636
 31
0.0
  0
LINE
  5
A04
330
4C9
100
AcDbEntity
  8
AM_4
100
AcDbLine
 10
6.799211858469505
 20
227.5840031051636
 30
0.0
 11
13.4959862006747
 21
227.5840031051636
 31
0.0
  0
CIRCLE
  5
A05
330
4C9
100
AcDbEntity
  8
AM_4
100
AcDbCircle
 10
8.566243362426757
 20
196.8940031051636
 30
0.0
 40
3.500000000000016
  0
CIRCLE
  5
A06
330
4C9
100
AcDbEntity
  8
AM_4
100
AcDbCircle
 10
14.16624336242675
 20
188.5940031051636
 30
0.0
 40
3.500000000000016
  0
ENDBLK
  5
4CC
330
4C9
100
AcDbEntity
  8
0
100
AcDbBlockEnd
  0
BLOCK
  5
A09
330
A07
100
AcDbEntity
  8
0
100
AcDbBlockBegin
  2
4_MBDLN25SE_2_in_MBDLN25SE_1100
 70
     2
 10
0.0
 20
0.0
 30
0.0
  3
4_MBDLN25SE_2_in_MBDLN25SE_1100
  1

  0
ATTDEF
  5
A0B
330
A07
100
AcDbEntity
  8
AM_6
100
AcDbText
 10
233.9602434158326
 20
348.8940031051636
 30
0.0
 40
0.5
  1
Amp
100
AcDbAttributeDefinition
  3

  2
NN
 70
     8
  0
ATTDEF
  5
A0C
330
A07
100
AcDbEntity
  8
AM_6
100
AcDbText
 10
233.9602434158326
 20
348.3940031051636
 30
0.0
 40
0.5
  1

100
AcDbAttributeDefinition
  3

  2
NT
 70
     8
  0
ATTDEF
  5
A0D
330
A07
100
AcDbEntity
  8
AM_6
100
AcDbText
 10
233.9602434158326
 20
347.8940031051636
 30
0.0
 40
0.5
  1
MBDLN25SE
100
AcDbAttributeDefinition
  3

  2
NB
 70
     8
  0
ATTDEF
  5
A0E
330
A07
100
AcDbEntity
  8
AM_6
100
AcDbText
 10
233.9602434158326
 20
347.3940031051636
 30
0.0
 40
0.5
  1
$CNSORDERNO.
100
AcDbAttributeDefinition
  3

  2
NBSYN
 70
     8
  0
ATTDEF
  5
A0F
330
A07
100
AcDbEntity
  8
AM_6
100
AcDbText
 10
233.9602434158326
 20
346.8940031051636
 30
0.0
 40
0.5
  1
MBDLN25SE
100
AcDbAttributeDefinition
  3

  2
LINA
 70
     8
  0
ATTDEF
  5
A10
330
A07
100
AcDbEntity
  8
AM_6
100
AcDbText
 10
233.9602434158326
 20
346.3940031051636
 30
0.0
 40
0.5
  1
MBDLN25SE
100
AcDbAttributeDefinition
  3

  2
CNSORDERNO
 70
     8
  0
ATTDEF
  5
A11
330
A07
100
AcDbEntity
  8
AM_6
100
AcDbText
 10
233.9602434158326
 20
345.8940031051636
 30
0.0
 40
0.5
  1
B
100
AcDbAttributeDefinition
  3

  2
F
 70
     8
  0
ATTDEF
  5
A12
330
A07
100
AcDbEntity
  8
AM_6
100
AcDbText
 10
233.9602434158326
 20
345.3940031051636
 30
0.0
 40
0.5
  1
400W
100
AcDbAttributeDefinition
  3

  2
MC
 70
     8
  0
ATTDEF
  5
A13
330
A07
100
AcDbEntity
  8
AM_6
100
AcDbText
 10
233.9602434158326
 20
344.8940031051636
 30
0.0
 40
0.5
  1
200V
100
AcDbAttributeDefinition
  3

  2
PSV
 70
     8
  0
ATTDEF
  5
A14
330
A07
100
AcDbEntity
  8
AM_6
100
AcDbText
 10
233.9602434158326
 20
344.3940031051636
 30
0.0
 40
0.5
  1
E : Standard type
100
AcDbAttributeDefinition
  3

  2
ES
 70
     8
  0
ATTDEF
  5
A15
330
A07
100
AcDbEntity
  8
AM_6
100
AcDbText
 10
233.9602434158326
 20
343.8940031051636
 30
0.0
 40
0.5
  1
matsushita
100
AcDbAttributeDefinition
  3

  2
COMPANY
 70
     8
  0
LINE
  5
A16
330
A07
100
AcDbEntity
  8
AM_9
100
AcDbLine
 10
92.78110230683606
 20
233.8640031051636
 30
0.0
 11
92.78110230683606
 21
228.9640031051636
 31
0.0
  0
LINE
  5
A17
330
A07
100
AcDbEntity
  8
AM_9
100
AcDbLine
 10
92.5173469167857
 20
233.8640031051636
 30
0.0
 11
92.5173469167857
 21
228.9640031051636
 31
0.0
  0
LINE
  5
A18
330
A07
100
AcDbEntity
  8
AM_9
100
AcDbLine
 10
92.78110230683606
 20
228.7840031051635
 30
0.0
 11
92.78110230683606
 21
223.8840031051636
 31
0.0
  0
LINE
  5
A19
330
A07
100
AcDbEntity
  8
AM_9
100
AcDbLine
 10
92.5173469167857
 20
228.7840031051635
 30
0.0
 11
92.5173469167857
 21
223.8840031051636
 31
0.0
  0
LINE
  5
A1A
330
A07
100
AcDbEntity
  8
AM_9
100
AcDbLine
 10
91.42047595204906
 20
228.7840031051635
 30
0.0
 11
91.42047595204906
 21
223.8840031051636
 31
0.0
  0
LINE
  5
A1B
330
A07
100
AcDbEntity
  8
AM_9
100
AcDbLine
 10
91.42047595204906
 20
233.8640031051636
 30
0.0
 11
91.42047595204906
 21
228.9640031051636
 31
0.0
  0
LINE
  5
A1C
330
A07
100
AcDbEntity
  8
AM_9
100
AcDbLine
 10
90.324350864978
 20
228.7840031051635
 30
0.0
 11
90.324350864978
 21
223.8840031051636
 31
0.0
  0
LINE
  5
A1D
330
A07
100
AcDbEntity
  8
AM_9
100
AcDbLine
 10
90.324350864978
 20
233.8640031051636
 30
0.0
 11
90.324350864978
 21
228.9640031051636
 31
0.0
  0
LINE
  5
A1E
330
A07
100
AcDbEntity
  8
AM_9
100
AcDbLine
 10
91.7480015754583
 20
233.8640031051636
 30
0.0
 11
91.7480015754583
 21
228.9640031051636
 31
0.0
  0
LINE
  5
A1F
330
A07
100
AcDbEntity
  8
AM_9
100
AcDbLine
 10
90.65385267862575
 20
233.8640031051636
 30
0.0
 11
90.65385267862575
 21
228.9640031051636
 31
0.0
  0
LINE
  5
A20
330
A07
100
AcDbEntity
  8
AM_9
100
AcDbLine
 10
91.80092428338176
 20
228.9640031051636
 30
0.0
 11
91.80092428338176
 21
233.8640031051636
 31
0.0
  0
LINE
  5
A21
330
A07
100
AcDbEntity
  8
AM_9
100
AcDbLine
 10
91.7480015754583
 20
228.7840031051635
 30
0.0
 11
91.7480015754583
 21
223.8840031051636
 31
0.0
  0
LINE
  5
A22
330
A07
100
AcDbEntity
  8
AM_9
100
AcDbLine
 10
90.65385267862575
 20
228.7840031051635
 30
0.0
 11
90.65385267862575
 21
223.8840031051636
 31
0.0
  0
LINE
  5
A23
330
A07
100
AcDbEntity
  8
AM_9
100
AcDbLine
 10
91.80092428338176
 20
223.8840031051636
 30
0.0
 11
91.80092428338176
 21
228.7840031051635
 31
0.0
  0
LINE
  5
A24
330
A07
100
AcDbEntity
  8
AM_9
100
AcDbLine
 10
93.66492399287824
 20
233.1640031051636
 30
0.0
 11
93.66492399287824
 21
229.6640031051635
 31
0.0
  0
LINE
  5
A25
330
A07
100
AcDbEntity
  8
AM_9
100
AcDbLine
 10
93.70902495300459
 20
229.6640031051635
 30
0.0
 11
93.70902495300459
 21
233.1640031051636
 31
0.0
  0
LINE
  5
A26
330
A07
100
AcDbEntity
  8
AM_9
100
AcDbLine
 10
93.66492399287824
 20
228.0840031051636
 30
0.0
 11
93.66492399287824
 21
224.5840031051636
 31
0.0
  0
LINE
  5
A27
330
A07
100
AcDbEntity
  8
AM_9
100
AcDbLine
 10
93.70902495300459
 20
224.5840031051636
 30
0.0
 11
93.70902495300459
 21
228.0840031051636
 31
0.0
  0
LINE
  5
A28
330
A07
100
AcDbEntity
  8
AM_9
100
AcDbLine
 10
93.54173233910568
 20
224.5840031051636
 30
0.0
 11
93.54173233910568
 21
223.8840031051636
 31
0.0
  0
LINE
  5
A29
330
A07
100
AcDbEntity
  8
AM_9
100
AcDbLine
 10
93.61229387530783
 20
223.8840031051636
 30
0.0
 11
93.61229387530783
 21
224.5840031051636
 31
0.0
  0
LINE
  5
A2A
330
A07
100
AcDbEntity
  8
AM_9
100
AcDbLine
 10
93.54173233910568
 20
228.7840031051635
 30
0.0
 11
93.54173233910568
 21
228.0840031051636
 31
0.0
  0
LINE
  5
A2B
330
A07
100
AcDbEntity
  8
AM_9
100
AcDbLine
 10
93.61229387530783
 20
228.0840031051636
 30
0.0
 11
93.61229387530783
 21
228.7840031051635
 31
0.0
  0
LINE
  5
A2C
330
A07
100
AcDbEntity
  8
AM_9
100
AcDbLine
 10
93.54173233910568
 20
233.8640031051636
 30
0.0
 11
93.54173233910568
 21
233.1640031051636
 31
0.0
  0
LINE
  5
A2D
330
A07
100
AcDbEntity
  8
AM_9
100
AcDbLine
 10
93.61229387530783
 20
233.1640031051636
 30
0.0
 11
93.61229387530783
 21
233.8640031051636
 31
0.0
  0
LINE
  5
A2E
330
A07
100
AcDbEntity
  8
AM_9
100
AcDbLine
 10
93.54173233910568
 20
229.6640031051635
 30
0.0
 11
93.54173233910568
 21
228.9640031051636
 31
0.0
  0
LINE
  5
A2F
330
A07
100
AcDbEntity
  8
AM_9
100
AcDbLine
 10
93.61229387530783
 20
228.9640031051636
 30
0.0
 11
93.61229387530783
 21
229.6640031051635
 31
0.0
  0
ARC
  5
A30
330
A07
100
AcDbEntity
  8
AM_9
100
AcDbCircle
 10
147.7602434158324
 20
192.7940031051636
 30
0.0
 40
3.588562172204768
100
AcDbArc
 50
285.3509089188183
 51
244.4100303053881
  0
LINE
  5
A31
330
A07
100
AcDbEntity
  8
AM_9
100
AcDbLine
 10
214.0716812435987
 20
327.2940031051636
 30
0.0
 11
214.0716812435987
 21
307.2940031051636
 31
0.0
  0
LINE
  5
A32
330
A07
100
AcDbEntity
  8
AM_9
100
AcDbLine
 10
221.2488055880664
 20
327.2940031051636
 30
0.0
 11
221.2488055880664
 21
307.2940031051636
 31
0.0
  0
ARC
  5
A33
330
A07
100
AcDbEntity
  8
AM_9
100
AcDbCircle
 10
217.6602434158321
 20
327.2940031051292
 30
0.0
 40
3.588562172234305
100
AcDbArc
 50
0.0
 51
117.3738270881972
  0
ARC
  5
A34
330
A07
100
AcDbEntity
  8
AM_9
100
AcDbCircle
 10
217.6602434163514
 20
327.2940031049763
 30
0.0
 40
3.588562172752691
100
AcDbArc
 50
153.5215600866519
 51
180.0
  0
ARC
  5
A35
330
A07
100
AcDbEntity
  8
AM_9
100
AcDbCircle
 10
217.6602434158325
 20
307.2940031051635
 30
0.0
 40
3.58856217223385
100
AcDbArc
 50
180.0
 51
0.0
  0
LINE
  5
A36
330
A07
100
AcDbEntity
  8
AM_9
100
AcDbLine
 10
214.0716812435987
 20
222.8440031051636
 30
0.0
 11
214.0716812435987
 21
202.8440031051636
 31
0.0
  0
LINE
  5
A37
330
A07
100
AcDbEntity
  8
AM_9
100
AcDbLine
 10
221.2488055880664
 20
222.8440031051636
 30
0.0
 11
221.2488055880664
 21
202.8440031051636
 31
0.0
  0
ARC
  5
A38
330
A07
100
AcDbEntity
  8
AM_9
100
AcDbCircle
 10
217.6602434158325
 20
222.8440031051345
 30
0.0
 40
3.58856217223385
100
AcDbArc
 50
0.0
 51
180.0
  0
ARC
  5
A39
330
A07
100
AcDbEntity
  8
AM_9
100
AcDbCircle
 10
217.6602434158328
 20
202.8440031051634
 30
0.0
 40
3.588562172233529
100
AcDbArc
 50
238.0310259420382
 51
0.0000008537736463
  0
ARC
  5
A3A
330
A07
100
AcDbEntity
  8
AM_9
100
AcDbCircle
 10
217.6602434158325
 20
202.8440031051636
 30
0.0
 40
3.58856217223385
100
AcDbArc
 50
180.0
 51
228.4314056089848
  0
ARC
  5
A3B
330
A07
100
AcDbEntity
  8
AM_9
100
AcDbCircle
 10
217.6602434911088
 20
202.8440031508299
 30
0.0
 40
4.250000083049457
100
AcDbArc
 50
180.0
 51
221.6574507199231
  0
LINE
  5
A3C
330
A07
100
AcDbEntity
  8
AM_9
100
AcDbLine
 10
214.0716812435987
 20
202.8440031051636
 30
0.0
 11
212.7488044140763
 21
202.8440031051636
 31
0.0
  0
ARC
  5
A3D
330
A07
100
AcDbEntity
  8
AM_9
100
AcDbCircle
 10
217.6602434152166
 20
202.8440031188131
 30
0.0
 40
4.250000008389054
100
AcDbArc
 50
243.4448629401401
 51
0.0
  0
LINE
  5
A3E
330
A07
100
AcDbEntity
  8
AM_9
100
AcDbLine
 10
221.2488055880664
 20
202.8440031051636
 30
0.0
 11
222.5716824175888
 21
202.8440031051636
 31
0.0
  0
ARC
  5
A3F
330
A07
100
AcDbEntity
  8
AM_9
100
AcDbCircle
 10
217.6602434158325
 20
222.8440030938452
 30
0.0
 40
4.250000007773139
100
AcDbArc
 50
0.0
 51
180.0
  0
LINE
  5
A40
330
A07
100
AcDbEntity
  8
AM_9
100
AcDbLine
 10
212.7502434158324
 20
222.8440031051636
 30
0.0
 11
214.0716812435987
 21
222.8440031051636
 31
0.0
  0
LINE
  5
A41
330
A07
100
AcDbEntity
  8
AM_9
100
AcDbLine
 10
222.5702434158326
 20
222.8440031051636
 30
0.0
 11
221.2488055880664
 21
222.8440031051636
 31
0.0
  0
ARC
  5
A42
330
A07
100
AcDbEntity
  8
AM_9
100
AcDbCircle
 10
217.6602434158325
 20
307.294003112343
 30
0.0
 40
4.250000007773139
100
AcDbArc
 50
180.0
 51
0.0
  0
LINE
  5
A43
330
A07
100
AcDbEntity
  8
AM_9
100
AcDbLine
 10
214.0716812435987
 20
307.2940031051636
 30
0.0
 11
212.7488044140763
 21
307.2940031051635
 31
0.0
  0
LINE
  5
A44
330
A07
100
AcDbEntity
  8
AM_9
100
AcDbLine
 10
221.2488055880664
 20
307.2940031051636
 30
0.0
 11
222.5716824175887
 21
307.2940031051636
 31
0.0
  0
ARC
  5
A45
330
A07
100
AcDbEntity
  8
AM_9
100
AcDbCircle
 10
217.6602434353913
 20
327.2940030993378
 30
0.0
 40
4.250000027331929
100
AcDbArc
 50
157.884766698218
 51
180.0
  0
LINE
  5
A46
330
A07
100
AcDbEntity
  8
AM_9
100
AcDbLine
 10
212.7502434158324
 20
327.2940031051636
 30
0.0
 11
214.0716812435987
 21
327.2940031051636
 31
0.0
  0
ARC
  5
A47
330
A07
100
AcDbEntity
  8
AM_9
100
AcDbCircle
 10
217.6602434157431
 20
327.2940031042103
 30
0.0
 40
4.25000000786261
100
AcDbArc
 50
0.0
 51
112.8447386818133
  0
LINE
  5
A48
330
A07
100
AcDbEntity
  8
AM_9
100
AcDbLine
 10
222.5702434158326
 20
327.2940031051636
 30
0.0
 11
221.2488055880664
 21
327.2940031051636
 31
0.0
  0
LINE
  5
A49
330
A07
100
AcDbEntity
  8
AM_9
100
AcDbLine
 10
221.9102434236057
 20
327.2940031051636
 30
0.0
 11
221.9102434236057
 21
307.2940031051636
 31
0.0
  0
LINE
  5
A4A
330
A07
100
AcDbEntity
  8
AM_9
100
AcDbLine
 10
221.9102434236057
 20
222.8440031051636
 30
0.0
 11
221.9102434236057
 21
202.8440031051636
 31
0.0
  0
LINE
  5
A4B
330
A07
100
AcDbEntity
  8
AM_9
100
AcDbLine
 10
213.4102434080594
 20
327.2940031051636
 30
0.0
 11
213.4102434080594
 21
307.2940031051636
 31
0.0
  0
LINE
  5
A4C
330
A07
100
AcDbEntity
  8
AM_9
100
AcDbLine
 10
213.4102434080594
 20
222.8440031051636
 30
0.0
 11
213.4102434080594
 21
202.8440031051636
 31
0.0
  0
ARC
  5
A4D
330
A07
100
AcDbEntity
  8
AM_9
100
AcDbCircle
 10
147.7602434158325
 20
192.7940031051636
 30
0.0
 40
4.250000006050557
100
AcDbArc
 50
328.0354193436181
 51
248.6105167057642
  0
ARC
  5
A4E
330
A07
100
AcDbEntity
  8
AM_9
100
AcDbCircle
 10
147.7602434158337
 20
192.7940031051603
 30
0.0
 40
4.250000006047169
100
AcDbArc
 50
282.9164173287821
 51
313.3977377615935
  0
ARC
  5
A4F
330
A07
100
AcDbEntity
  8
AM_9
100
AcDbCircle
 10
217.660243415835
 20
327.2940031051626
 30
0.0
 40
4.910000000002572
100
AcDbArc
 50
147.6948553015442
 51
180.0
  0
ARC
  5
A50
330
A07
100
AcDbEntity
  8
AM_9
100
AcDbCircle
 10
217.6602434158331
 20
327.2940031051637
 30
0.0
 40
4.909999999999485
100
AcDbArc
 50
0.0
 51
109.6363324057235
  0
ARC
  5
A51
330
A07
100
AcDbEntity
  8
AM_9
100
AcDbCircle
 10
217.6602434158325
 20
222.8440031051636
 30
0.0
 40
4.910000000000053
100
AcDbArc
 50
0.0
 51
180.0
  0
ARC
  5
A52
330
A07
100
AcDbEntity
  8
AM_9
100
AcDbCircle
 10
147.7602434158327
 20
192.7940031051632
 30
0.0
 40
4.909999999999546
100
AcDbArc
 50
281.1561000876965
 51
306.4915825769898
  0
LINE
  5
A53
330
A07
100
AcDbEntity
  8
AM_9
100
AcDbLine
 10
123.6602434158325
 20
186.3940031051636
 30
0.0
 11
120.7602434158325
 21
186.3940031051636
 31
0.0
  0
LINE
  5
A54
330
A07
100
AcDbEntity
  8
AM_9
100
AcDbLine
 10
123.6602434158325
 20
331.3940031051636
 30
0.0
 11
120.7602434158325
 21
331.3940031051636
 31
0.0
  0
LINE
  5
A55
330
A07
100
AcDbEntity
  8
AM_9
100
AcDbLine
 10
222.5702434158326
 20
222.8440031051636
 30
0.0
 11
222.5702434158326
 21
202.8440031051636
 31
0.0
  0
LINE
  5
A56
330
A07
100
AcDbEntity
  8
AM_9
100
AcDbLine
 10
212.7502434158324
 20
222.8440031051636
 30
0.0
 11
212.7502434158324
 21
202.8440031051636
 31
0.0
  0
LINE
  5
A57
330
A07
100
AcDbEntity
  8
AM_9
100
AcDbLine
 10
222.5702434158326
 20
327.2940031051636
 30
0.0
 11
222.5702434158326
 21
307.2940031051636
 31
0.0
  0
LINE
  5
A58
330
A07
100
AcDbEntity
  8
AM_9
100
AcDbLine
 10
212.7502434158324
 20
327.2940031051636
 30
0.0
 11
212.7502434158324
 21
307.2940031051636
 31
0.0
  0
LWPOLYLINE
  5
A59
330
A07
100
AcDbEntity
  8
AM_9
100
AcDbPolyline
 90
       17
 70
     0
 43
0.0
 10
222.5702434158325
 20
307.2940031051636
 10
222.4758991426124
 20
306.3361096240644
 10
222.1964919204629
 20
305.415027452251
 10
221.742759212238
 20
304.5661532610374
 10
221.1321377114585
 20
303.8221088095376
 10
220.3880932599588
 20
303.2114873087581
 10
219.5392190687451
 20
302.7577546005332
 10
218.6181368969317
 20
302.4783473783837
 10
217.6602434158325
 20
302.3840031051636
 10
216.7023499347333
 20
302.4783473783837
 10
215.7812677629199
 20
302.7577546005332
 10
214.9323935717063
 20
303.2114873087581
 10
214.1883491202066
 20
303.8221088095376
 10
213.577727619427
 20
304.5661532610374
 10
213.1239949112021
 20
305.415027452251
 10
212.8445876890527
 20
306.3361096240644
 10
212.7502434158325
 20
307.2940031051636
  0
LINE
  5
A5A
330
A07
100
AcDbEntity
  8
AM_9
100
AcDbLine
 10
227.0302434158326
 20
236.5714581700918
 30
0.0
 11
227.7602434158326
 21
236.5714581700918
 31
0.0
  0
LINE
  5
A5B
330
A07
100
AcDbEntity
  8
AM_9
100
AcDbLine
 10
227.0302434158326
 20
277.5714581700918
 30
0.0
 11
227.7602434158326
 21
277.5714581700918
 31
0.0
  0
LINE
  5
A5C
330
A07
100
AcDbEntity
  8
AM_9
100
AcDbLine
 10
227.0302434158326
 20
281.2165480402354
 30
0.0
 11
227.7602434158326
 21
281.2165480402354
 31
0.0
  0
LINE
  5
A5D
330
A07
100
AcDbEntity
  8
AM_9
100
AcDbLine
 10
227.0302434158326
 20
240.2165480402354
 30
0.0
 11
227.7602434158326
 21
240.2165480402354
 31
0.0
  0
LINE
  5
A5E
330
A07
100
AcDbEntity
  8
AM_9
100
AcDbLine
 10
141.2602434158325
 20
183.9478054656493
 30
0.0
 11
141.2602434158325
 21
183.8940031051636
 31
0.0
  0
LINE
  5
A5F
330
A07
100
AcDbEntity
  8
AM_9
100
AcDbLine
 10
228.2602434158326
 20
203.1159289371288
 30
0.0
 11
228.7602434158325
 21
203.1159289371288
 31
0.0
  0
LINE
  5
A60
330
A07
100
AcDbEntity
  8
AM_9
100
AcDbLine
 10
227.7602434158326
 20
203.3778347083169
 30
0.0
 11
228.2602434158326
 21
203.3778347083169
 31
0.0
  0
LINE
  5
A61
330
A07
100
AcDbEntity
  8
AM_9
100
AcDbLine
 10
227.7602434158326
 20
327.8511232575393
 30
0.0
 11
228.7602434158325
 21
327.8511232575393
 31
0.0
  0
ARC
  5
A62
330
A07
100
AcDbEntity
  8
AM_9
100
AcDbCircle
 10
147.7602434158326
 20
192.7940031051636
 30
0.0
 40
4.909999999999994
100
AcDbArc
 50
334.6346148884271
 51
251.5979926161196
  0
LWPOLYLINE
  5
A63
330
A07
100
AcDbEntity
  8
AM_9
100
AcDbPolyline
 90
        4
 70
     0
 43
0.0
 10
213.739597296944
 20
199.8882233416419
 10
213.1239949112021
 20
200.965027452251
 10
212.8445876890527
 20
201.8861096240644
 10
212.7502434158325
 20
202.8440031051636
  0
LWPOLYLINE
  5
A64
330
A07
100
AcDbEntity
  8
AM_9
100
AcDbPolyline
 90
       12
 70
     0
 43
0.0
 10
222.5702434158325
 20
202.8440031051636
 10
222.4758991426124
 20
201.8861096240644
 10
222.1964919204629
 20
200.965027452251
 10
221.742759212238
 20
200.1161532610373
 10
221.1321377114585
 20
199.3721088095376
 10
220.3880932599588
 20
198.7614873087581
 10
219.5392190687451
 20
198.3077546005332
 10
218.6181368969317
 20
198.0283473783837
 10
217.6602434158326
 20
197.9340031051636
 10
216.7023499347333
 20
198.0283473783837
 10
215.78126776292
 20
198.3077546005331
 10
215.7605228287924
 20
198.3164031127641
  0
LINE
  5
A65
330
A07
100
AcDbEntity
  8
AM_9
100
AcDbLine
 10
120.7602434158325
 20
186.3940031051636
 30
0.0
 11
120.7602434158325
 21
183.9411317804698
 31
0.0
  0
LINE
  5
A66
330
A07
100
AcDbEntity
  8
AM_9
100
AcDbLine
 10
120.7602434158325
 20
333.8468744298574
 30
0.0
 11
120.7602434158325
 21
331.3940031051636
 31
0.0
  0
LINE
  5
A67
330
A07
100
AcDbEntity
  8
AM_9
100
AcDbLine
 10
83.78532635776678
 20
228.7840031051635
 30
0.0
 11
83.78532635776678
 21
228.0840031051636
 31
0.0
  0
LINE
  5
A68
330
A07
100
AcDbEntity
  8
AM_9
100
AcDbLine
 10
83.58369917373831
 20
228.7840031051635
 30
0.0
 11
83.58369917373831
 21
228.0840031051636
 31
0.0
  0
LINE
  5
A69
330
A07
100
AcDbEntity
  8
AM_9
100
AcDbLine
 10
83.78532635776678
 20
233.8640031051636
 30
0.0
 11
83.78532635776678
 21
233.1640031051636
 31
0.0
  0
LINE
  5
A6A
330
A07
100
AcDbEntity
  8
AM_9
100
AcDbLine
 10
83.58369917373831
 20
233.8640031051636
 30
0.0
 11
83.58369917373831
 21
233.1640031051636
 31
0.0
  0
LINE
  5
A6B
330
A07
100
AcDbEntity
  8
AM_9
100
AcDbLine
 10
83.78532635776678
 20
229.6640031051635
 30
0.0
 11
83.78532635776678
 21
228.9640031051636
 31
0.0
  0
LINE
  5
A6C
330
A07
100
AcDbEntity
  8
AM_9
100
AcDbLine
 10
83.58369917373831
 20
229.6640031051635
 30
0.0
 11
83.58369917373831
 21
228.9640031051636
 31
0.0
  0
LINE
  5
A6D
330
A07
100
AcDbEntity
  8
AM_9
100
AcDbLine
 10
83.78532635776678
 20
224.5840031051636
 30
0.0
 11
83.78532635776678
 21
223.8840031051636
 31
0.0
  0
LINE
  5
A6E
330
A07
100
AcDbEntity
  8
AM_9
100
AcDbLine
 10
83.58369917373831
 20
224.5840031051636
 30
0.0
 11
83.58369917373831
 21
223.8840031051636
 31
0.0
  0
LINE
  5
A6F
330
A07
100
AcDbEntity
  8
AM_9
100
AcDbLine
 10
83.61368782662421
 20
228.7840031051635
 30
0.0
 11
83.61368782662421
 21
228.0840031051636
 31
0.0
  0
LINE
  5
A70
330
A07
100
AcDbEntity
  8
AM_9
100
AcDbLine
 10
83.61368782662421
 20
224.5840031051636
 30
0.0
 11
83.61368782662421
 21
223.8840031051636
 31
0.0
  0
LINE
  5
A71
330
A07
100
AcDbEntity
  8
AM_9
100
AcDbLine
 10
83.61368782662421
 20
229.6640031051635
 30
0.0
 11
83.61368782662421
 21
228.9640031051636
 31
0.0
  0
LINE
  5
A72
330
A07
100
AcDbEntity
  8
AM_9
100
AcDbLine
 10
83.61368782662421
 20
233.8640031051636
 30
0.0
 11
83.61368782662421
 21
233.1640031051636
 31
0.0
  0
LINE
  5
A73
330
A07
100
AcDbEntity
  8
AM_9
100
AcDbLine
 10
83.58369917373831
 20
228.7840031051635
 30
0.0
 11
93.61229387530783
 21
228.7840031051635
 31
0.0
  0
LINE
  5
A74
330
A07
100
AcDbEntity
  8
AM_9
100
AcDbLine
 10
88.82947657133163
 20
228.7840031051635
 30
0.0
 11
88.82947657133163
 21
228.0840031051636
 31
0.0
  0
LINE
  5
A75
330
A07
100
AcDbEntity
  8
AM_9
100
AcDbLine
 10
83.58369917373831
 20
228.9640031051636
 30
0.0
 11
93.61229387530783
 21
228.9640031051636
 31
0.0
  0
LINE
  5
A76
330
A07
100
AcDbEntity
  8
AM_9
100
AcDbLine
 10
88.82947657133163
 20
229.6640031051635
 30
0.0
 11
88.82947657133163
 21
228.9640031051636
 31
0.0
  0
LINE
  5
A77
330
A07
100
AcDbEntity
  8
AM_9
100
AcDbLine
 10
83.58369917373831
 20
233.8640031051636
 30
0.0
 11
93.61229387530783
 21
233.8640031051636
 31
0.0
  0
LINE
  5
A78
330
A07
100
AcDbEntity
  8
AM_9
100
AcDbLine
 10
88.82947657133163
 20
233.8640031051636
 30
0.0
 11
88.82947657133163
 21
233.1640031051636
 31
0.0
  0
LINE
  5
A79
330
A07
100
AcDbEntity
  8
AM_9
100
AcDbLine
 10
83.58369917373831
 20
223.8840031051636
 30
0.0
 11
93.61229387530783
 21
223.8840031051636
 31
0.0
  0
LINE
  5
A7A
330
A07
100
AcDbEntity
  8
AM_9
100
AcDbLine
 10
88.82947657133163
 20
224.5840031051636
 30
0.0
 11
88.82947657133163
 21
223.8840031051636
 31
0.0
  0
LINE
  5
A7B
330
A07
100
AcDbEntity
  8
AM_9
100
AcDbLine
 10
84.12044686389444
 20
233.8640031051636
 30
0.0
 11
84.12044686389444
 21
233.1640031051636
 31
0.0
  0
LINE
  5
A7C
330
A07
100
AcDbEntity
  8
AM_9
100
AcDbLine
 10
83.65887493130631
 20
233.8640031051636
 30
0.0
 11
83.65887493130631
 21
233.1640031051636
 31
0.0
  0
LINE
  5
A7D
330
A07
100
AcDbEntity
  8
AM_9
100
AcDbLine
 10
84.12044686389444
 20
224.5840031051636
 30
0.0
 11
84.12044686389444
 21
223.8840031051636
 31
0.0
  0
LINE
  5
A7E
330
A07
100
AcDbEntity
  8
AM_9
100
AcDbLine
 10
83.65887493130631
 20
224.5840031051636
 30
0.0
 11
83.65887493130631
 21
223.8840031051636
 31
0.0
  0
LINE
  5
A7F
330
A07
100
AcDbEntity
  8
AM_9
100
AcDbLine
 10
84.12044686389444
 20
228.7840031051635
 30
0.0
 11
84.12044686389444
 21
228.0840031051636
 31
0.0
  0
LINE
  5
A80
330
A07
100
AcDbEntity
  8
AM_9
100
AcDbLine
 10
83.65887493130631
 20
228.7840031051635
 30
0.0
 11
83.65887493130631
 21
228.0840031051636
 31
0.0
  0
LINE
  5
A81
330
A07
100
AcDbEntity
  8
AM_9
100
AcDbLine
 10
84.12044686389444
 20
229.6640031051635
 30
0.0
 11
84.12044686389444
 21
228.9640031051636
 31
0.0
  0
LINE
  5
A82
330
A07
100
AcDbEntity
  8
AM_9
100
AcDbLine
 10
83.65887493130631
 20
229.6640031051635
 30
0.0
 11
83.65887493130631
 21
228.9640031051636
 31
0.0
  0
LINE
  5
A83
330
A07
100
AcDbEntity
  8
AM_9
100
AcDbLine
 10
227.7602434158326
 20
326.8524937227847
 30
0.0
 11
228.7602434158325
 21
326.8524937227847
 31
0.0
  0
LINE
  5
A84
330
A07
100
AcDbEntity
  8
AM_9
100
AcDbLine
 10
227.7602434158326
 20
327.8511232575393
 30
0.0
 11
227.7602434158326
 21
203.3778347083169
 31
0.0
  0
LINE
  5
A85
330
A07
100
AcDbEntity
  8
AM_9
100
AcDbLine
 10
227.7602434158326
 20
204.377225535336
 30
0.0
 11
228.2602434158326
 21
204.377225535336
 31
0.0
  0
LINE
  5
A86
330
A07
100
AcDbEntity
  8
AM_9
100
AcDbLine
 10
228.2602434158326
 20
203.500057401538
 30
0.0
 11
228.2602434158326
 21
203.1159289371288
 31
0.0
  0
LINE
  5
A87
330
A07
100
AcDbEntity
  8
AM_9
100
AcDbLine
 10
228.2602434158326
 20
204.1153197641479
 30
0.0
 11
228.7602434158325
 21
204.1153197641479
 31
0.0
  0
LINE
  5
A88
330
A07
100
AcDbEntity
  8
AM_9
100
AcDbLine
 10
86.2340993529599
 20
227.5840031051636
 30
0.0
 11
86.2340993529599
 21
225.0840031051636
 31
0.0
  0
LINE
  5
A89
330
A07
100
AcDbEntity
  8
AM_9
100
AcDbLine
 10
86.18999839283356
 20
227.5840031051636
 30
0.0
 11
86.18999839283356
 21
225.0840031051636
 31
0.0
  0
LINE
  5
A8A
330
A07
100
AcDbEntity
  8
AM_9
100
AcDbLine
 10
86.2340993529599
 20
232.6640031051636
 30
0.0
 11
86.2340993529599
 21
230.1640031051635
 31
0.0
  0
LINE
  5
A8B
330
A07
100
AcDbEntity
  8
AM_9
100
AcDbLine
 10
86.18999839283356
 20
232.6640031051636
 30
0.0
 11
86.18999839283356
 21
230.1640031051635
 31
0.0
  0
LINE
  5
A8C
330
A07
100
AcDbEntity
  8
AM_9
100
AcDbLine
 10
224.7602434158325
 20
185.3940031051636
 30
0.0
 11
228.7602434158326
 21
185.3940031051636
 31
0.0
  0
LINE
  5
A8D
330
A07
100
AcDbEntity
  8
AM_9
100
AcDbLine
 10
224.7602434158325
 20
186.3940031051636
 30
0.0
 11
228.7602434158326
 21
186.3940031051636
 31
0.0
  0
LINE
  5
A8E
330
A07
100
AcDbEntity
  8
AM_9
100
AcDbLine
 10
146.2102434158325
 20
184.6875879223274
 30
0.0
 11
141.2602434158325
 21
183.9478054656493
 31
0.0
  0
LINE
  5
A8F
330
A07
100
AcDbEntity
  8
AM_9
100
AcDbLine
 10
161.6768890700642
 20
333.8940031051636
 30
0.0
 11
161.6768890700642
 21
331.5940031051636
 31
0.0
  0
LINE
  5
A90
330
A07
100
AcDbEntity
  8
AM_9
100
AcDbLine
 10
161.1635977616008
 20
333.8940031051636
 30
0.0
 11
161.1635977616008
 21
331.5940031051636
 31
0.0
  0
LINE
  5
A91
330
A07
100
AcDbEntity
  8
AM_9
100
AcDbLine
 10
213.5102434158325
 20
328.8940031051636
 30
0.0
 11
213.5102434158325
 21
333.8940031051636
 31
0.0
  0
LINE
  5
A92
330
A07
100
AcDbEntity
  8
AM_9
100
AcDbLine
 10
213.5102434158325
 20
328.8940031051636
 30
0.0
 11
216.0102434158325
 21
328.8940031051636
 31
0.0
  0
LINE
  5
A93
330
A07
100
AcDbEntity
  8
AM_9
100
AcDbLine
 10
192.0302434158325
 20
328.8940031051636
 30
0.0
 11
194.5302434158325
 21
328.8940031051636
 31
0.0
  0
LINE
  5
A94
330
A07
100
AcDbEntity
  8
AM_9
100
AcDbLine
 10
194.5302434158325
 20
328.8940031051636
 30
0.0
 11
194.5302434158325
 21
333.8940031051636
 31
0.0
  0
LINE
  5
A95
330
A07
100
AcDbEntity
  8
AM_9
100
AcDbLine
 10
187.5602434158325
 20
328.8940031051636
 30
0.0
 11
190.0602434158325
 21
328.8940031051636
 31
0.0
  0
LINE
  5
A96
330
A07
100
AcDbEntity
  8
AM_9
100
AcDbLine
 10
216.0102434158325
 20
328.8940031051636
 30
0.0
 11
216.0102434158325
 21
333.8940031051636
 31
0.0
  0
LINE
  5
A97
330
A07
100
AcDbEntity
  8
AM_9
100
AcDbLine
 10
190.0602434158325
 20
328.8940031051636
 30
0.0
 11
190.0602434158325
 21
333.8940031051636
 31
0.0
  0
LINE
  5
A98
330
A07
100
AcDbEntity
  8
AM_9
100
AcDbLine
 10
192.0302434158325
 20
328.8940031051636
 30
0.0
 11
192.0302434158325
 21
333.8940031051636
 31
0.0
  0
LINE
  5
A99
330
A07
100
AcDbEntity
  8
AM_9
100
AcDbLine
 10
185.5902434158325
 20
328.8940031051636
 30
0.0
 11
185.5902434158325
 21
333.8940031051636
 31
0.0
  0
LINE
  5
A9A
330
A07
100
AcDbEntity
  8
AM_9
100
AcDbLine
 10
183.0902434158325
 20
328.8940031051636
 30
0.0
 11
185.5902434158325
 21
328.8940031051636
 31
0.0
  0
LINE
  5
A9B
330
A07
100
AcDbEntity
  8
AM_9
100
AcDbLine
 10
183.0902434158325
 20
328.8940031051636
 30
0.0
 11
183.0902434158325
 21
333.8940031051636
 31
0.0
  0
LINE
  5
A9C
330
A07
100
AcDbEntity
  8
AM_9
100
AcDbLine
 10
187.5602434158325
 20
328.8940031051636
 30
0.0
 11
187.5602434158325
 21
333.8940031051636
 31
0.0
  0
LINE
  5
A9D
330
A07
100
AcDbEntity
  8
AM_9
100
AcDbLine
 10
178.6202434158325
 20
328.8940031051636
 30
0.0
 11
178.6202434158325
 21
333.8940031051636
 31
0.0
  0
LINE
  5
A9E
330
A07
100
AcDbEntity
  8
AM_9
100
AcDbLine
 10
169.6802434158325
 20
328.8940031051636
 30
0.0
 11
172.1802434158325
 21
328.8940031051636
 31
0.0
  0
LINE
  5
A9F
330
A07
100
AcDbEntity
  8
AM_9
100
AcDbLine
 10
174.1502434158325
 20
328.8940031051636
 30
0.0
 11
174.1502434158325
 21
333.8940031051636
 31
0.0
  0
LINE
  5
AA0
330
A07
100
AcDbEntity
  8
AM_9
100
AcDbLine
 10
181.1202434158325
 20
328.8940031051636
 30
0.0
 11
181.1202434158325
 21
333.8940031051636
 31
0.0
  0
LINE
  5
AA1
330
A07
100
AcDbEntity
  8
AM_9
100
AcDbLine
 10
176.6502434158325
 20
328.8940031051636
 30
0.0
 11
176.6502434158325
 21
333.8940031051636
 31
0.0
  0
LINE
  5
AA2
330
A07
100
AcDbEntity
  8
AM_9
100
AcDbLine
 10
169.6802434158325
 20
328.8940031051636
 30
0.0
 11
169.6802434158325
 21
333.8940031051636
 31
0.0
  0
LINE
  5
AA3
330
A07
100
AcDbEntity
  8
AM_9
100
AcDbLine
 10
172.1802434158325
 20
328.8940031051636
 30
0.0
 11
172.1802434158325
 21
333.8940031051636
 31
0.0
  0
LINE
  5
AA4
330
A07
100
AcDbEntity
  8
AM_9
100
AcDbLine
 10
165.2102434158325
 20
328.8940031051636
 30
0.0
 11
167.7102434158325
 21
328.8940031051636
 31
0.0
  0
LINE
  5
AA5
330
A07
100
AcDbEntity
  8
AM_9
100
AcDbLine
 10
167.7102434158325
 20
328.8940031051636
 30
0.0
 11
167.7102434158325
 21
333.8940031051636
 31
0.0
  0
LINE
  5
AA6
330
A07
100
AcDbEntity
  8
AM_9
100
AcDbLine
 10
165.2102434158325
 20
328.8940031051636
 30
0.0
 11
165.2102434158325
 21
333.8940031051636
 31
0.0
  0
LINE
  5
AA7
330
A07
100
AcDbEntity
  8
AM_9
100
AcDbLine
 10
174.1502434158325
 20
328.8940031051636
 30
0.0
 11
176.6502434158325
 21
328.8940031051636
 31
0.0
  0
LINE
  5
AA8
330
A07
100
AcDbEntity
  8
AM_9
100
AcDbLine
 10
178.6202434158325
 20
328.8940031051636
 30
0.0
 11
181.1202434158325
 21
328.8940031051636
 31
0.0
  0
LINE
  5
AA9
330
A07
100
AcDbEntity
  8
AM_9
100
AcDbLine
 10
95.48213904009592
 20
198.6440031051636
 30
0.0
 11
97.46024341583252
 21
198.6440031051636
 31
0.0
  0
LINE
  5
AAA
330
A07
100
AcDbEntity
  8
AM_9
100
AcDbLine
 10
95.48213904009678
 20
195.1440031051636
 30
0.0
 11
97.46024341583252
 21
195.1440031051636
 31
0.0
  0
LINE
  5
AAB
330
A07
100
AcDbEntity
  8
AM_9
100
AcDbLine
 10
200.6802434158325
 20
328.8940031051636
 30
0.0
 11
200.6802434158325
 21
333.8940031051636
 31
0.0
  0
LINE
  5
AAC
330
A07
100
AcDbEntity
  8
AM_9
100
AcDbLine
 10
200.6802434158325
 20
328.8940031051636
 30
0.0
 11
202.9402434158325
 21
328.8940031051636
 31
0.0
  0
LINE
  5
AAD
330
A07
100
AcDbEntity
  8
AM_9
100
AcDbLine
 10
202.9402434158325
 20
328.8940031051636
 30
0.0
 11
202.9402434158325
 21
333.8940031051636
 31
0.0
  0
LINE
  5
AAE
330
A07
100
AcDbEntity
  8
AM_9
100
AcDbLine
 10
196.7102434158325
 20
328.8940031051636
 30
0.0
 11
196.7102434158325
 21
333.8940031051636
 31
0.0
  0
LINE
  5
AAF
330
A07
100
AcDbEntity
  8
AM_9
100
AcDbLine
 10
204.6502434158325
 20
328.8940031051636
 30
0.0
 11
206.9102434158325
 21
328.8940031051636
 31
0.0
  0
LINE
  5
AB0
330
A07
100
AcDbEntity
  8
AM_9
100
AcDbLine
 10
206.9102434158325
 20
328.8940031051636
 30
0.0
 11
206.9102434158325
 21
333.8940031051636
 31
0.0
  0
LINE
  5
AB1
330
A07
100
AcDbEntity
  8
AM_9
100
AcDbLine
 10
198.9702434158325
 20
328.8940031051636
 30
0.0
 11
198.9702434158325
 21
333.8940031051636
 31
0.0
  0
LINE
  5
AB2
330
A07
100
AcDbEntity
  8
AM_9
100
AcDbLine
 10
204.6502434158325
 20
328.8940031051636
 30
0.0
 11
204.6502434158325
 21
333.8940031051636
 31
0.0
  0
LINE
  5
AB3
330
A07
100
AcDbEntity
  8
AM_9
100
AcDbLine
 10
196.7102434158325
 20
328.8940031051636
 30
0.0
 11
198.9702434158325
 21
328.8940031051636
 31
0.0
  0
LINE
  5
AB4
330
A07
100
AcDbEntity
  8
AM_9
100
AcDbLine
 10
87.52330758204553
 20
227.5840031051636
 30
0.0
 11
87.52330758204553
 21
225.0840031051636
 31
0.0
  0
LINE
  5
AB5
330
A07
100
AcDbEntity
  8
AM_9
100
AcDbLine
 10
87.52330758204553
 20
232.6640031051636
 30
0.0
 11
87.52330758204553
 21
230.1640031051635
 31
0.0
  0
LINE
  5
AB6
330
A07
100
AcDbEntity
  8
AM_9
100
AcDbLine
 10
84.34277883953747
 20
227.5840031051636
 30
0.0
 11
84.34277883953747
 21
225.0840031051636
 31
0.0
  0
LINE
  5
AB7
330
A07
100
AcDbEntity
  8
AM_9
100
AcDbLine
 10
83.58988492169269
 20
227.5840031051636
 30
0.0
 11
83.58988492169269
 21
225.0840031051636
 31
0.0
  0
LINE
  5
AB8
330
A07
100
AcDbEntity
  8
AM_9
100
AcDbLine
 10
84.34277883953747
 20
232.6640031051636
 30
0.0
 11
84.34277883953747
 21
230.1640031051635
 31
0.0
  0
LINE
  5
AB9
330
A07
100
AcDbEntity
  8
AM_9
100
AcDbLine
 10
83.58988492169269
 20
232.6640031051636
 30
0.0
 11
83.58988492169269
 21
230.1640031051635
 31
0.0
  0
LINE
  5
ABA
330
A07
100
AcDbEntity
  8
AM_9
100
AcDbLine
 10
95.46024341583252
 20
195.7940031051636
 30
0.0
 11
97.46024341583252
 21
195.7940031051636
 31
0.0
  0
LINE
  5
ABB
330
A07
100
AcDbEntity
  8
AM_9
100
AcDbLine
 10
95.46024341583252
 20
197.9940031155944
 30
0.0
 11
97.46024341583252
 21
197.9940031155944
 31
0.0
  0
LINE
  5
ABC
330
A07
100
AcDbEntity
  8
AM_9
100
AcDbLine
 10
95.48213904009592
 20
196.4940031051636
 30
0.0
 11
97.46024341583252
 21
196.4940031051636
 31
0.0
  0
LINE
  5
ABD
330
A07
100
AcDbEntity
  8
AM_9
100
AcDbLine
 10
95.48213904009678
 20
197.2940031051636
 30
0.0
 11
97.46024341583252
 21
197.2940031051636
 31
0.0
  0
LINE
  5
ABE
330
A07
100
AcDbEntity
  8
AM_9
100
AcDbLine
 10
210.0235977616008
 20
333.8940031051636
 30
0.0
 11
210.0235977616008
 21
331.5940031051636
 31
0.0
  0
LINE
  5
ABF
330
A07
100
AcDbEntity
  8
AM_9
100
AcDbLine
 10
210.5368890700643
 20
333.8940031051636
 30
0.0
 11
210.5368890700643
 21
331.5940031051636
 31
0.0
  0
LINE
  5
AC0
330
A07
100
AcDbEntity
  8
AM_9
100
AcDbLine
 10
79.06024341583253
 20
233.1640031051636
 30
0.0
 11
92.04664725633789
 21
233.1640031051636
 31
0.0
  0
LINE
  5
AC1
330
A07
100
AcDbEntity
  8
AM_9
100
AcDbLine
 10
93.14080495203467
 20
229.6640031051635
 30
0.0
 11
93.14080495203467
 21
228.9640031051636
 31
0.0
  0
LINE
  5
AC2
330
A07
100
AcDbEntity
  8
AM_9
100
AcDbLine
 10
93.14080495203467
 20
229.6640031051635
 30
0.0
 11
93.70902495300459
 21
229.6640031051635
 31
0.0
  0
LINE
  5
AC3
330
A07
100
AcDbEntity
  8
AM_9
100
AcDbLine
 10
93.41434437595888
 20
233.1640031051636
 30
0.0
 11
93.41434437595888
 21
229.6640031051635
 31
0.0
  0
LINE
  5
AC4
330
A07
100
AcDbEntity
  8
AM_9
100
AcDbLine
 10
93.14080495203467
 20
233.1640031051636
 30
0.0
 11
93.70902495300459
 21
233.1640031051636
 31
0.0
  0
LINE
  5
AC5
330
A07
100
AcDbEntity
  8
AM_9
100
AcDbLine
 10
93.14080495203467
 20
233.8640031051636
 30
0.0
 11
93.14080495203467
 21
233.1640031051636
 31
0.0
  0
LINE
  5
AC6
330
A07
100
AcDbEntity
  8
AM_9
100
AcDbLine
 10
92.04664725633789
 20
233.8640031051636
 30
0.0
 11
92.04664725633789
 21
233.1640031051636
 31
0.0
  0
LINE
  5
AC7
330
A07
100
AcDbEntity
  8
AM_9
100
AcDbLine
 10
79.06024341583253
 20
229.6640031051635
 30
0.0
 11
92.04664725633789
 21
229.6640031051635
 31
0.0
  0
LINE
  5
AC8
330
A07
100
AcDbEntity
  8
AM_9
100
AcDbLine
 10
92.04664725633789
 20
229.6640031051635
 30
0.0
 11
92.04664725633789
 21
228.9640031051636
 31
0.0
  0
LINE
  5
AC9
330
A07
100
AcDbEntity
  8
AM_9
100
AcDbLine
 10
82.92866645886475
 20
232.6640031051636
 30
0.0
 11
82.92866645886475
 21
230.1640031051635
 31
0.0
  0
LINE
  5
ACA
330
A07
100
AcDbEntity
  8
AM_9
100
AcDbLine
 10
86.48467896987928
 20
232.6640031051636
 30
0.0
 11
86.48467896987928
 21
230.1640031051635
 31
0.0
  0
LINE
  5
ACB
330
A07
100
AcDbEntity
  8
AM_9
100
AcDbLine
 10
77.29581736906674
 20
233.1640031051636
 30
0.0
 11
77.29581736906674
 21
229.6640031051635
 31
0.0
  0
LINE
  5
ACC
330
A07
100
AcDbEntity
  8
AM_9
100
AcDbLine
 10
93.14080495203467
 20
224.5840031051636
 30
0.0
 11
93.14080495203467
 21
223.8840031051636
 31
0.0
  0
LINE
  5
ACD
330
A07
100
AcDbEntity
  8
AM_9
100
AcDbLine
 10
93.14080495203467
 20
224.5840031051636
 30
0.0
 11
93.70902495300459
 21
224.5840031051636
 31
0.0
  0
LINE
  5
ACE
330
A07
100
AcDbEntity
  8
AM_9
100
AcDbLine
 10
93.41434437595888
 20
228.0840031051636
 30
0.0
 11
93.41434437595888
 21
224.5840031051636
 31
0.0
  0
LINE
  5
ACF
330
A07
100
AcDbEntity
  8
AM_9
100
AcDbLine
 10
93.14080495203467
 20
228.0840031051636
 30
0.0
 11
93.70902495300459
 21
228.0840031051636
 31
0.0
  0
LINE
  5
AD0
330
A07
100
AcDbEntity
  8
AM_9
100
AcDbLine
 10
93.14080495203467
 20
228.7840031051635
 30
0.0
 11
93.14080495203467
 21
228.0840031051636
 31
0.0
  0
LINE
  5
AD1
330
A07
100
AcDbEntity
  8
AM_9
100
AcDbLine
 10
92.04664725633789
 20
228.7840031051635
 30
0.0
 11
92.04664725633789
 21
228.0840031051636
 31
0.0
  0
LINE
  5
AD2
330
A07
100
AcDbEntity
  8
AM_9
100
AcDbLine
 10
79.06024341583253
 20
228.0840031051636
 30
0.0
 11
92.04664725633789
 21
228.0840031051636
 31
0.0
  0
LINE
  5
AD3
330
A07
100
AcDbEntity
  8
AM_9
100
AcDbLine
 10
79.06024341583253
 20
224.5840031051636
 30
0.0
 11
92.04664725633789
 21
224.5840031051636
 31
0.0
  0
LINE
  5
AD4
330
A07
100
AcDbEntity
  8
AM_9
100
AcDbLine
 10
92.04664725633789
 20
224.5840031051636
 30
0.0
 11
92.04664725633789
 21
223.8840031051636
 31
0.0
  0
LINE
  5
AD5
330
A07
100
AcDbEntity
  8
AM_9
100
AcDbLine
 10
82.92866645886475
 20
227.5840031051636
 30
0.0
 11
82.92866645886475
 21
225.0840031051636
 31
0.0
  0
LINE
  5
AD6
330
A07
100
AcDbEntity
  8
AM_9
100
AcDbLine
 10
86.48467896987928
 20
227.5840031051636
 30
0.0
 11
86.48467896987928
 21
225.0840031051636
 31
0.0
  0
LINE
  5
AD7
330
A07
100
AcDbEntity
  8
AM_9
100
AcDbLine
 10
77.29581736906674
 20
228.0840031051636
 30
0.0
 11
77.29581736906674
 21
224.5840031051636
 31
0.0
  0
LINE
  5
AD8
330
A07
100
AcDbEntity
  8
AM_9
100
AcDbLine
 10
78.63078719501941
 20
232.6640031051636
 30
0.0
 11
78.63078719501941
 21
230.1640031051635
 31
0.0
  0
LINE
  5
AD9
330
A07
100
AcDbEntity
  8
AM_9
100
AcDbLine
 10
78.22014834911086
 20
232.6640031051636
 30
0.0
 11
78.22014834911086
 21
230.1640031051635
 31
0.0
  0
LINE
  5
ADA
330
A07
100
AcDbEntity
  8
AM_9
100
AcDbLine
 10
77.63078719501942
 20
232.6640031051636
 30
0.0
 11
77.63078719501942
 21
230.1640031051635
 31
0.0
  0
LINE
  5
ADB
330
A07
100
AcDbEntity
  8
AM_9
100
AcDbLine
 10
78.22014834911086
 20
227.5840031051636
 30
0.0
 11
78.22014834911086
 21
225.0840031051636
 31
0.0
  0
LINE
  5
ADC
330
A07
100
AcDbEntity
  8
AM_9
100
AcDbLine
 10
78.63078719501941
 20
227.5840031051636
 30
0.0
 11
78.63078719501941
 21
225.0840031051636
 31
0.0
  0
LINE
  5
ADD
330
A07
100
AcDbEntity
  8
AM_9
100
AcDbLine
 10
77.63078719501942
 20
227.5840031051636
 30
0.0
 11
77.63078719501942
 21
225.0840031051636
 31
0.0
  0
ARC
  5
ADE
330
A07
100
AcDbEntity
  8
AM_9
100
AcDbCircle
 10
208.9902434158326
 20
198.9653657271569
 30
0.0
 40
0.2000000000000756
100
AcDbArc
 50
100.0000000000113
 51
180.0
  0
ARC
  5
ADF
330
A07
100
AcDbEntity
  8
AM_9
100
AcDbCircle
 10
191.1102434158326
 20
196.2853657271569
 30
0.0
 40
0.2000000000000806
100
AcDbArc
 50
100.0000000000193
 51
180.0
  0
LINE
  5
AE0
330
A07
100
AcDbEntity
  8
AM_9
100
AcDbLine
 10
211.0555137802991
 20
199.5326139372472
 30
0.0
 11
208.9555137802991
 21
199.1623272777594
 31
0.0
  0
ARC
  5
AE1
330
A07
100
AcDbEntity
  8
AM_9
100
AcDbCircle
 10
213.4602434158325
 20
199.635365727157
 30
0.0
 40
0.1999999999999439
100
AcDbArc
 50
99.99999999998484
 51
180.0
  0
LINE
  5
AE2
330
A07
100
AcDbEntity
  8
AM_9
100
AcDbLine
 10
208.7902434158325
 20
198.965365727157
 30
0.0
 11
208.7902434158325
 21
194.0402315867559
 31
0.0
  0
LINE
  5
AE3
330
A07
100
AcDbEntity
  8
AM_9
100
AcDbLine
 10
213.2602434158325
 20
199.6353657271569
 30
0.0
 11
213.2602434158325
 21
194.7082775627864
 31
0.0
  0
ARC
  5
AE4
330
A07
100
AcDbEntity
  8
AM_9
100
AcDbCircle
 10
202.1502434158325
 20
197.9956523866447
 30
0.0
 40
0.2000000000000171
100
AcDbArc
 50
0.0
 51
99.99999999999004
  0
LINE
  5
AE5
330
A07
100
AcDbEntity
  8
AM_9
100
AcDbLine
 10
211.2902434158325
 20
194.4138590901287
 30
0.0
 11
211.2902434158325
 21
199.3356523866447
 31
0.0
  0
LINE
  5
AE6
330
A07
100
AcDbEntity
  8
AM_9
100
AcDbLine
 10
190.9102434158325
 20
196.2853657271569
 30
0.0
 11
190.9102434158325
 21
191.3680476826334
 31
0.0
  0
ARC
  5
AE7
330
A07
100
AcDbEntity
  8
AM_9
100
AcDbCircle
 10
211.0902434158325
 20
199.3356523866447
 30
0.0
 40
0.2000000000000171
100
AcDbArc
 50
0.0
 51
99.99999999999004
  0
ARC
  5
AE8
330
A07
100
AcDbEntity
  8
AM_9
100
AcDbCircle
 10
200.0502434158325
 20
197.6253657271569
 30
0.0
 40
0.2000000000000147
100
AcDbArc
 50
100.0000000000061
 51
180.0
  0
ARC
  5
AE9
330
A07
100
AcDbEntity
  8
AM_9
100
AcDbCircle
 10
204.5202434158325
 20
198.295365727157
 30
0.0
 40
0.1999999999999818
100
AcDbArc
 50
99.99999999999946
 51
180.0
  0
LINE
  5
AEA
330
A07
100
AcDbEntity
  8
AM_9
100
AcDbLine
 10
197.8802434158325
 20
192.4097211620369
 30
0.0
 11
197.8802434158325
 21
197.3256523866447
 31
0.0
  0
LINE
  5
AEB
330
A07
100
AcDbEntity
  8
AM_9
100
AcDbLine
 10
193.4102434158325
 20
191.7416751860063
 30
0.0
 11
193.4102434158325
 21
196.6556523866447
 31
0.0
  0
LINE
  5
AEC
330
A07
100
AcDbEntity
  8
AM_9
100
AcDbLine
 10
202.1155137802991
 20
198.1926139372472
 30
0.0
 11
200.0155137802991
 21
197.8223272777594
 31
0.0
  0
LINE
  5
AED
330
A07
100
AcDbEntity
  8
AM_9
100
AcDbLine
 10
193.1755137802991
 20
196.8526139372472
 30
0.0
 11
191.0755137802991
 21
196.4823272777594
 31
0.0
  0
ARC
  5
AEE
330
A07
100
AcDbEntity
  8
AM_9
100
AcDbCircle
 10
193.2102434158325
 20
196.6556523866447
 30
0.0
 40
0.2000000000000171
100
AcDbArc
 50
0.0
 51
99.99999999999004
  0
ARC
  5
AEF
330
A07
100
AcDbEntity
  8
AM_9
100
AcDbCircle
 10
195.5802434158325
 20
196.955365727157
 30
0.0
 40
0.1999999999999489
100
AcDbArc
 50
99.99999999999285
 51
180.0
  0
ARC
  5
AF0
330
A07
100
AcDbEntity
  8
AM_9
100
AcDbCircle
 10
197.6802434158325
 20
197.3256523866447
 30
0.0
 40
0.2000000000000171
100
AcDbArc
 50
0.0
 51
99.99999999999004
  0
LINE
  5
AF1
330
A07
100
AcDbEntity
  8
AM_9
100
AcDbLine
 10
197.6455137802992
 20
197.5226139372472
 30
0.0
 11
195.5455137802991
 21
197.1523272777594
 31
0.0
  0
LINE
  5
AF2
330
A07
100
AcDbEntity
  8
AM_9
100
AcDbLine
 10
195.3802434158325
 20
196.955365727157
 30
0.0
 11
195.3802434158325
 21
192.036093658664
 31
0.0
  0
ARC
  5
AF3
330
A07
100
AcDbEntity
  8
AM_9
100
AcDbCircle
 10
184.2702434158325
 20
195.3156523866447
 30
0.0
 40
0.2000000000000171
100
AcDbArc
 50
0.0
 51
99.99999999999804
  0
LINE
  5
AF4
330
A07
100
AcDbEntity
  8
AM_9
100
AcDbLine
 10
199.8502434158325
 20
197.6253657271569
 30
0.0
 11
199.8502434158325
 21
192.7041396346947
 31
0.0
  0
ARC
  5
AF5
330
A07
100
AcDbEntity
  8
AM_9
100
AcDbCircle
 10
206.6202434158326
 20
198.6656523866447
 30
0.0
 40
0.1999999999999602
100
AcDbArc
 50
0.0
 51
100.0000000000155
  0
LINE
  5
AF6
330
A07
100
AcDbEntity
  8
AM_9
100
AcDbLine
 10
206.8202434158325
 20
193.7458131140981
 30
0.0
 11
206.8202434158325
 21
198.6656523866447
 31
0.0
  0
ARC
  5
AF7
330
A07
100
AcDbEntity
  8
AM_9
100
AcDbCircle
 10
188.7402434158325
 20
195.9856523866447
 30
0.0
 40
0.2000000000000171
100
AcDbArc
 50
0.0
 51
99.99999999999004
  0
ARC
  5
AF8
330
A07
100
AcDbEntity
  8
AM_9
100
AcDbCircle
 10
186.6402434158325
 20
195.615365727157
 30
0.0
 40
0.1999999999999818
100
AcDbArc
 50
99.99999999999946
 51
180.0
  0
LINE
  5
AF9
330
A07
100
AcDbEntity
  8
AM_9
100
AcDbLine
 10
188.7055137802992
 20
196.1826139372472
 30
0.0
 11
186.6055137802991
 21
195.8123272777594
 31
0.0
  0
LINE
  5
AFA
330
A07
100
AcDbEntity
  8
AM_9
100
AcDbLine
 10
188.9402434158325
 20
191.0736292099756
 30
0.0
 11
188.9402434158325
 21
195.9856523866447
 31
0.0
  0
LINE
  5
AFB
330
A07
100
AcDbEntity
  8
AM_9
100
AcDbLine
 10
186.4402434158325
 20
195.615365727157
 30
0.0
 11
186.4402434158325
 21
190.7000017066028
 31
0.0
  0
LINE
  5
AFC
330
A07
100
AcDbEntity
  8
AM_9
100
AcDbLine
 10
202.3502434158325
 20
193.0777671380675
 30
0.0
 11
202.3502434158325
 21
197.9956523866447
 31
0.0
  0
LINE
  5
AFD
330
A07
100
AcDbEntity
  8
AM_9
100
AcDbLine
 10
204.3202434158325
 20
198.2953657271569
 30
0.0
 11
204.3202434158325
 21
193.3721856107252
 31
0.0
  0
ARC
  5
AFE
330
A07
100
AcDbEntity
  8
AM_9
100
AcDbCircle
 10
215.5602434158326
 20
200.0056523866448
 30
0.0
 40
0.1999999999999602
100
AcDbArc
 50
0.0
 51
100.0000000000169
  0
LINE
  5
AFF
330
A07
100
AcDbEntity
  8
AM_9
100
AcDbLine
 10
215.5255137802991
 20
200.2026139372472
 30
0.0
 11
213.4255137802991
 21
199.8323272777594
 31
0.0
  0
LINE
  5
B00
330
A07
100
AcDbEntity
  8
AM_9
100
AcDbLine
 10
215.7602434158325
 20
195.0819050661593
 30
0.0
 11
215.7602434158325
 21
200.0056523866447
 31
0.0
  0
LINE
  5
B01
330
A07
100
AcDbEntity
  8
AM_9
100
AcDbLine
 10
184.4702434158325
 20
190.4055832339451
 30
0.0
 11
184.4702434158325
 21
195.3156523866447
 31
0.0
  0
LINE
  5
B02
330
A07
100
AcDbEntity
  8
AM_9
100
AcDbLine
 10
206.5855137802991
 20
198.8626139372471
 30
0.0
 11
204.4855137802991
 21
198.4923272777594
 31
0.0
  0
LINE
  5
B03
330
A07
100
AcDbEntity
  8
AM_9
100
AcDbLine
 10
179.7655137802991
 20
194.8426139372472
 30
0.0
 11
177.6655137802991
 21
194.4723272777594
 31
0.0
  0
LINE
  5
B04
330
A07
100
AcDbEntity
  8
AM_9
100
AcDbLine
 10
180.0002434158325
 20
189.7375372579145
 30
0.0
 11
180.0002434158325
 21
194.6456523866447
 31
0.0
  0
ARC
  5
B05
330
A07
100
AcDbEntity
  8
AM_9
100
AcDbCircle
 10
146.4102434158325
 20
189.5853657271569
 30
0.0
 40
0.2000000000000098
100
AcDbArc
 50
99.99999999999804
 51
180.0
  0
LINE
  5
B06
330
A07
100
AcDbEntity
  8
AM_9
100
AcDbLine
 10
170.8255137802991
 20
193.5026139372472
 30
0.0
 11
168.7255137802991
 21
193.1323272777594
 31
0.0
  0
ARC
  5
B07
330
A07
100
AcDbEntity
  8
AM_9
100
AcDbCircle
 10
170.8602434158325
 20
193.3056523866447
 30
0.0
 40
0.2000000000000171
100
AcDbArc
 50
0.0
 51
99.99999999999804
  0
LINE
  5
B08
330
A07
100
AcDbEntity
  8
AM_9
100
AcDbLine
 10
171.0602434158325
 20
188.4014453058533
 30
0.0
 11
171.0602434158325
 21
193.3056523866447
 31
0.0
  0
ARC
  5
B09
330
A07
100
AcDbEntity
  8
AM_9
100
AcDbCircle
 10
168.7602434158325
 20
192.9353657271569
 30
0.0
 40
0.1999999999999818
100
AcDbArc
 50
99.99999999999946
 51
180.0
  0
LINE
  5
B0A
330
A07
100
AcDbEntity
  8
AM_9
100
AcDbLine
 10
168.5602434158325
 20
192.9353657271569
 30
0.0
 11
168.5602434158325
 21
188.0278178024804
 31
0.0
  0
LINE
  5
B0B
330
A07
100
AcDbEntity
  8
AM_9
100
AcDbLine
 10
177.5002434158325
 20
194.275365727157
 30
0.0
 11
177.5002434158325
 21
189.3639097545417
 31
0.0
  0
ARC
  5
B0C
330
A07
100
AcDbEntity
  8
AM_9
100
AcDbCircle
 10
177.7002434158325
 20
194.275365727157
 30
0.0
 40
0.1999999999999489
100
AcDbArc
 50
99.99999999999285
 51
180.0
  0
ARC
  5
B0D
330
A07
100
AcDbEntity
  8
AM_9
100
AcDbCircle
 10
179.8002434158325
 20
194.6456523866447
 30
0.0
 40
0.2000000000000171
100
AcDbArc
 50
0.0
 51
99.99999999999804
  0
ARC
  5
B0E
330
A07
100
AcDbEntity
  8
AM_9
100
AcDbCircle
 10
164.2902434158325
 20
192.2653657271569
 30
0.0
 40
0.2000000000000049
100
AcDbArc
 50
99.99999999999004
 51
180.0
  0
ARC
  5
B0F
330
A07
100
AcDbEntity
  8
AM_9
100
AcDbCircle
 10
173.2302434158325
 20
193.605365727157
 30
0.0
 40
0.1999999999999818
100
AcDbArc
 50
99.99999999999946
 51
180.0
  0
LINE
  5
B10
330
A07
100
AcDbEntity
  8
AM_9
100
AcDbLine
 10
148.4755137802991
 20
190.1526139372472
 30
0.0
 11
146.3755137802991
 21
189.7823272777594
 31
0.0
  0
LINE
  5
B11
330
A07
100
AcDbEntity
  8
AM_9
100
AcDbLine
 10
162.1202434158325
 20
187.0653533537921
 30
0.0
 11
162.1202434158325
 21
191.9656523866447
 31
0.0
  0
ARC
  5
B12
330
A07
100
AcDbEntity
  8
AM_9
100
AcDbCircle
 10
157.4502434158325
 20
191.2956523866447
 30
0.0
 40
0.2000000000000171
100
AcDbArc
 50
0.0
 51
99.99999999999004
  0
ARC
  5
B13
330
A07
100
AcDbEntity
  8
AM_9
100
AcDbCircle
 10
159.8202434158326
 20
191.5953657271569
 30
0.0
 40
0.2000000000000147
100
AcDbArc
 50
100.0000000000061
 51
180.0
  0
LINE
  5
B14
330
A07
100
AcDbEntity
  8
AM_9
100
AcDbLine
 10
161.8855137802991
 20
192.1626139372472
 30
0.0
 11
159.7855137802991
 21
191.7923272777594
 31
0.0
  0
ARC
  5
B15
330
A07
100
AcDbEntity
  8
AM_9
100
AcDbCircle
 10
161.9202434158325
 20
191.9656523866447
 30
0.0
 40
0.2000000000000171
100
AcDbArc
 50
0.0
 51
99.99999999999804
  0
LINE
  5
B16
330
A07
100
AcDbEntity
  8
AM_9
100
AcDbLine
 10
159.6202434158325
 20
191.5953657271569
 30
0.0
 11
159.6202434158325
 21
186.6917258504192
 31
0.0
  0
ARC
  5
B17
330
A07
100
AcDbEntity
  8
AM_9
100
AcDbCircle
 10
175.3302434158325
 20
193.9756523866447
 30
0.0
 40
0.2000000000000171
100
AcDbArc
 50
0.0
 51
99.99999999999804
  0
ARC
  5
B18
330
A07
100
AcDbEntity
  8
AM_9
100
AcDbCircle
 10
148.5102434158325
 20
189.9556523866447
 30
0.0
 40
0.2000000000000455
100
AcDbArc
 50
0.0
 51
99.9999999999872
  0
LINE
  5
B19
330
A07
100
AcDbEntity
  8
AM_9
100
AcDbLine
 10
146.2102434158325
 20
189.585365727157
 30
0.0
 11
146.2102434158325
 21
183.8940031051636
 31
0.0
  0
LINE
  5
B1A
330
A07
100
AcDbEntity
  8
AM_9
100
AcDbLine
 10
148.7102434158325
 20
185.0612154257003
 30
0.0
 11
148.7102434158325
 21
189.9556523866447
 31
0.0
  0
LINE
  5
B1B
330
A07
100
AcDbEntity
  8
AM_9
100
AcDbLine
 10
153.1802434158325
 20
185.7292614017308
 30
0.0
 11
153.1802434158325
 21
190.6256523866447
 31
0.0
  0
ARC
  5
B1C
330
A07
100
AcDbEntity
  8
AM_9
100
AcDbCircle
 10
182.1702434158324
 20
194.9453657271571
 30
0.0
 40
0.1999999999998452
100
AcDbArc
 50
99.99999999996503
 51
180.0
  0
LINE
  5
B1D
330
A07
100
AcDbEntity
  8
AM_9
100
AcDbLine
 10
157.4155137802991
 20
191.4926139372472
 30
0.0
 11
155.3155137802991
 21
191.1223272777594
 31
0.0
  0
LINE
  5
B1E
330
A07
100
AcDbEntity
  8
AM_9
100
AcDbLine
 10
164.0902434158325
 20
192.2653657271569
 30
0.0
 11
164.0902434158325
 21
187.3597718264498
 31
0.0
  0
LINE
  5
B1F
330
A07
100
AcDbEntity
  8
AM_9
100
AcDbLine
 10
173.0302434158325
 20
193.6053657271569
 30
0.0
 11
173.0302434158325
 21
188.695863778511
 31
0.0
  0
LINE
  5
B20
330
A07
100
AcDbEntity
  8
AM_9
100
AcDbLine
 10
175.2955137802991
 20
194.1726139372471
 30
0.0
 11
173.1955137802991
 21
193.8023272777594
 31
0.0
  0
LINE
  5
B21
330
A07
100
AcDbEntity
  8
AM_9
100
AcDbLine
 10
175.5302434158325
 20
189.0694912818839
 30
0.0
 11
175.5302434158325
 21
193.9756523866447
 31
0.0
  0
LINE
  5
B22
330
A07
100
AcDbEntity
  8
AM_9
100
AcDbLine
 10
166.5902434158325
 20
187.7333993298226
 30
0.0
 11
166.5902434158325
 21
192.6356523866447
 31
0.0
  0
LINE
  5
B23
330
A07
100
AcDbEntity
  8
AM_9
100
AcDbLine
 10
152.9455137802991
 20
190.8226139372472
 30
0.0
 11
150.8455137802991
 21
190.4523272777594
 31
0.0
  0
ARC
  5
B24
330
A07
100
AcDbEntity
  8
AM_9
100
AcDbCircle
 10
152.9802434158326
 20
190.6256523866448
 30
0.0
 40
0.1999999999999602
100
AcDbArc
 50
0.0
 51
100.0000000000169
  0
ARC
  5
B25
330
A07
100
AcDbEntity
  8
AM_9
100
AcDbCircle
 10
150.8802434158325
 20
190.255365727157
 30
0.0
 40
0.1999999999999439
100
AcDbArc
 50
99.99999999998484
 51
180.0
  0
LINE
  5
B26
330
A07
100
AcDbEntity
  8
AM_9
100
AcDbLine
 10
150.6802434158325
 20
190.2553657271569
 30
0.0
 11
150.6802434158325
 21
185.355633898358
 31
0.0
  0
LINE
  5
B27
330
A07
100
AcDbEntity
  8
AM_9
100
AcDbLine
 10
181.9702434158325
 20
194.9453657271569
 30
0.0
 11
181.9702434158325
 21
190.0319557305722
 31
0.0
  0
LINE
  5
B28
330
A07
100
AcDbEntity
  8
AM_9
100
AcDbLine
 10
157.6502434158325
 20
186.3973073777615
 30
0.0
 11
157.6502434158325
 21
191.2956523866447
 31
0.0
  0
ARC
  5
B29
330
A07
100
AcDbEntity
  8
AM_9
100
AcDbCircle
 10
166.3902434158325
 20
192.6356523866447
 30
0.0
 40
0.1999999999999602
100
AcDbArc
 50
0.0
 51
100.0000000000075
  0
LINE
  5
B2A
330
A07
100
AcDbEntity
  8
AM_9
100
AcDbLine
 10
166.3555137802991
 20
192.8326139372471
 30
0.0
 11
164.2555137802991
 21
192.4623272777594
 31
0.0
  0
LINE
  5
B2B
330
A07
100
AcDbEntity
  8
AM_9
100
AcDbLine
 10
184.2355137802991
 20
195.5126139372472
 30
0.0
 11
182.1355137802991
 21
195.1423272777594
 31
0.0
  0
ARC
  5
B2C
330
A07
100
AcDbEntity
  8
AM_9
100
AcDbCircle
 10
155.3502434158325
 20
190.925365727157
 30
0.0
 40
0.1999999999999439
100
AcDbArc
 50
99.99999999998484
 51
180.0
  0
LINE
  5
B2D
330
A07
100
AcDbEntity
  8
AM_9
100
AcDbLine
 10
155.1502434158325
 20
190.925365727157
 30
0.0
 11
155.1502434158325
 21
186.0236798743886
 31
0.0
  0
LINE
  5
B2E
330
A07
100
AcDbEntity
  8
AM_9
100
AcDbLine
 10
224.7602434158325
 20
188.8940031051636
 30
0.0
 11
228.7602434158326
 21
188.8940031051636
 31
0.0
  0
LINE
  5
B2F
330
A07
100
AcDbEntity
  8
AM_9
100
AcDbLine
 10
228.7602434158326
 20
191.4940031051636
 30
0.0
 11
224.7602434158325
 21
191.4940031051636
 31
0.0
  0
LINE
  5
B30
330
A07
100
AcDbEntity
  8
AM_9
100
AcDbLine
 10
93.50024341583251
 20
208.4940031051636
 30
0.0
 11
93.56024341583252
 21
208.4940031051636
 31
0.0
  0
LINE
  5
B31
330
A07
100
AcDbEntity
  8
AM_9
100
AcDbLine
 10
93.50024341583251
 20
264.3940031051636
 30
0.0
 11
93.56024341583252
 21
264.3940031051636
 31
0.0
  0
LINE
  5
B32
330
A07
100
AcDbEntity
  8
AM_9
100
AcDbLine
 10
93.56024341583252
 20
289.9140031051636
 30
0.0
 11
93.50024341583251
 21
289.9140031051636
 31
0.0
  0
LINE
  5
B33
330
A07
100
AcDbEntity
  8
AM_9
100
AcDbLine
 10
93.56024341583252
 20
239.0940031051636
 30
0.0
 11
93.50024341583251
 21
239.0940031051636
 31
0.0
  0
LINE
  5
B34
330
A07
100
AcDbEntity
  8
AM_9
100
AcDbLine
 10
98.42940000042381
 20
202.4940031051636
 30
0.0
 11
117.9602434158325
 21
202.4940031051636
 31
0.0
  0
LINE
  5
B35
330
A07
100
AcDbEntity
  8
AM_9
100
AcDbLine
 10
224.7602434158325
 20
184.8940031051636
 30
0.0
 11
228.7602434158326
 21
184.8940031051636
 31
0.0
  0
LINE
  5
B36
330
A07
100
AcDbEntity
  8
AM_9
100
AcDbLine
 10
119.7602434158325
 20
173.8940031051636
 30
0.0
 11
117.2602434158325
 21
173.8940031051636
 31
0.0
  0
LINE
  5
B37
330
A07
100
AcDbEntity
  8
AM_9
100
AcDbLine
 10
119.7602434158325
 20
346.4940031051635
 30
0.0
 11
117.2602434158325
 21
346.4940031051635
 31
0.0
  0
LINE
  5
B38
330
A07
100
AcDbEntity
  8
AM_9
100
AcDbLine
 10
79.06024341583253
 20
225.0840031051636
 30
0.0
 11
87.52330758204553
 21
225.0840031051636
 31
0.0
  0
LINE
  5
B39
330
A07
100
AcDbEntity
  8
AM_9
100
AcDbLine
 10
79.06024341583253
 20
227.5840031051636
 30
0.0
 11
87.52330758204553
 21
227.5840031051636
 31
0.0
  0
LINE
  5
B3A
330
A07
100
AcDbEntity
  8
AM_9
100
AcDbLine
 10
83.87024341583252
 20
227.5840031051636
 30
0.0
 11
83.87024341583252
 21
225.0840031051636
 31
0.0
  0
LINE
  5
B3B
330
A07
100
AcDbEntity
  8
AM_9
100
AcDbLine
 10
79.06024341583253
 20
230.1640031051635
 30
0.0
 11
87.52330758204553
 21
230.1640031051635
 31
0.0
  0
LINE
  5
B3C
330
A07
100
AcDbEntity
  8
AM_9
100
AcDbLine
 10
83.87024341583252
 20
232.6640031051636
 30
0.0
 11
83.87024341583252
 21
230.1640031051635
 31
0.0
  0
LINE
  5
B3D
330
A07
100
AcDbEntity
  8
AM_9
100
AcDbLine
 10
79.06024341583253
 20
232.6640031051636
 30
0.0
 11
87.52330758204553
 21
232.6640031051636
 31
0.0
  0
LINE
  5
B3E
330
A07
100
AcDbEntity
  8
AM_9
100
AcDbLine
 10
89.56024341583252
 20
280.4940031051635
 30
0.0
 11
89.56024341583252
 21
278.4940031051635
 31
0.0
  0
LINE
  5
B3F
330
A07
100
AcDbEntity
  8
AM_9
100
AcDbLine
 10
89.56024341583252
 20
289.9140031051636
 30
0.0
 11
89.56024341583252
 21
288.4940031051635
 31
0.0
  0
LINE
  5
B40
330
A07
100
AcDbEntity
  8
AM_9
100
AcDbLine
 10
89.56024341583252
 20
239.0940031051636
 30
0.0
 11
89.56024341583252
 21
237.9940031051636
 31
0.0
  0
LINE
  5
B41
330
A07
100
AcDbEntity
  8
AM_9
100
AcDbLine
 10
89.56024341583252
 20
209.5940031051636
 30
0.0
 11
89.56024341583252
 21
208.4940031051636
 31
0.0
  0
LINE
  5
B42
330
A07
100
AcDbEntity
  8
AM_9
100
AcDbLine
 10
89.56024341583252
 20
224.8340031051636
 30
0.0
 11
89.56024341583252
 21
222.7540031051636
 31
0.0
  0
LINE
  5
B43
330
A07
100
AcDbEntity
  8
AM_9
100
AcDbLine
 10
89.56024341583252
 20
275.4940031051635
 30
0.0
 11
89.56024341583252
 21
273.4940031051635
 31
0.0
  0
LINE
  5
B44
330
A07
100
AcDbEntity
  8
AM_9
100
AcDbLine
 10
89.56024341583252
 20
229.9140031051636
 30
0.0
 11
89.56024341583252
 21
227.8340031051636
 31
0.0
  0
LINE
  5
B45
330
A07
100
AcDbEntity
  8
AM_9
100
AcDbLine
 10
89.56024341583252
 20
285.4940031051635
 30
0.0
 11
89.56024341583252
 21
283.4940031051635
 31
0.0
  0
LINE
  5
B46
330
A07
100
AcDbEntity
  8
AM_9
100
AcDbLine
 10
89.56024341583252
 20
234.9940031051636
 30
0.0
 11
89.56024341583252
 21
232.9140031051635
 31
0.0
  0
LINE
  5
B47
330
A07
100
AcDbEntity
  8
AM_9
100
AcDbLine
 10
89.56024341583252
 20
270.4940031051635
 30
0.0
 11
89.56024341583252
 21
268.4940031051635
 31
0.0
  0
LINE
  5
B48
330
A07
100
AcDbEntity
  8
AM_9
100
AcDbLine
 10
89.56024341583252
 20
219.7540031051636
 30
0.0
 11
89.56024341583252
 21
217.6740031051636
 31
0.0
  0
LINE
  5
B49
330
A07
100
AcDbEntity
  8
AM_9
100
AcDbLine
 10
89.56024341583252
 20
214.6740031051636
 30
0.0
 11
89.56024341583252
 21
212.5940031051636
 31
0.0
  0
LINE
  5
B4A
330
A07
100
AcDbEntity
  8
AM_9
100
AcDbLine
 10
89.56024341583252
 20
265.4940031051635
 30
0.0
 11
89.56024341583252
 21
264.3940031051636
 31
0.0
  0
LINE
  5
B4B
330
A07
100
AcDbEntity
  8
AM_9
100
AcDbLine
 10
95.48213904009678
 20
186.8440031051636
 30
0.0
 11
97.46024341583252
 21
186.8440031051636
 31
0.0
  0
LINE
  5
B4C
330
A07
100
AcDbEntity
  8
AM_9
100
AcDbLine
 10
95.48213904009592
 20
190.3440031051636
 30
0.0
 11
97.46024341583252
 21
190.3440031051636
 31
0.0
  0
LINE
  5
B4D
330
A07
100
AcDbEntity
  8
AM_9
100
AcDbLine
 10
224.7602434158325
 20
196.4269640783014
 30
0.0
 11
146.2602434158325
 21
184.6950604723949
 31
0.0
  0
LINE
  5
B4E
330
A07
100
AcDbEntity
  8
AM_9
100
AcDbLine
 10
146.2602434158325
 20
183.8940031051636
 30
0.0
 11
146.2602434158325
 21
184.6950604723949
 31
0.0
  0
LINE
  5
B4F
330
A07
100
AcDbEntity
  8
AM_9
100
AcDbLine
 10
95.46024341583252
 20
189.6940031051636
 30
0.0
 11
97.46024341583252
 21
189.6940031051636
 31
0.0
  0
LINE
  5
B50
330
A07
100
AcDbEntity
  8
AM_9
100
AcDbLine
 10
95.46024341583252
 20
187.4940031051636
 30
0.0
 11
97.46024341583252
 21
187.4940031051636
 31
0.0
  0
LINE
  5
B51
330
A07
100
AcDbEntity
  8
AM_9
100
AcDbLine
 10
93.56024341583252
 20
234.9940031051636
 30
0.0
 11
79.06024341583253
 21
234.9940031051636
 31
0.0
  0
LINE
  5
B52
330
A07
100
AcDbEntity
  8
AM_9
100
AcDbLine
 10
79.06024341583253
 20
212.5940031051636
 30
0.0
 11
93.56024341583252
 21
212.5940031051636
 31
0.0
  0
LINE
  5
B53
330
A07
100
AcDbEntity
  8
AM_9
100
AcDbLine
 10
93.56024341583252
 20
214.6740031051636
 30
0.0
 11
79.06024341583253
 21
214.6740031051636
 31
0.0
  0
LINE
  5
B54
330
A07
100
AcDbEntity
  8
AM_9
100
AcDbLine
 10
79.06024341583253
 20
278.4940031051635
 30
0.0
 11
93.56024341583252
 21
278.4940031051635
 31
0.0
  0
LINE
  5
B55
330
A07
100
AcDbEntity
  8
AM_9
100
AcDbLine
 10
93.56024341583252
 20
265.4940031051635
 30
0.0
 11
79.06024341583253
 21
265.4940031051635
 31
0.0
  0
LINE
  5
B56
330
A07
100
AcDbEntity
  8
AM_9
100
AcDbLine
 10
79.06024341583253
 20
288.4940031051635
 30
0.0
 11
93.56024341583252
 21
288.4940031051635
 31
0.0
  0
LINE
  5
B57
330
A07
100
AcDbEntity
  8
AM_9
100
AcDbLine
 10
93.56024341583252
 20
209.5940031051636
 30
0.0
 11
79.06024341583253
 21
209.5940031051636
 31
0.0
  0
LINE
  5
B58
330
A07
100
AcDbEntity
  8
AM_9
100
AcDbLine
 10
79.06024341583253
 20
217.6740031051636
 30
0.0
 11
93.56024341583252
 21
217.6740031051636
 31
0.0
  0
LINE
  5
B59
330
A07
100
AcDbEntity
  8
AM_9
100
AcDbLine
 10
79.06024341583253
 20
227.8340031051636
 30
0.0
 11
93.56024341583252
 21
227.8340031051636
 31
0.0
  0
LINE
  5
B5A
330
A07
100
AcDbEntity
  8
AM_9
100
AcDbLine
 10
79.06024341583253
 20
222.7540031051636
 30
0.0
 11
93.56024341583252
 21
222.7540031051636
 31
0.0
  0
LINE
  5
B5B
330
A07
100
AcDbEntity
  8
AM_9
100
AcDbLine
 10
93.56024341583252
 20
229.9140031051635
 30
0.0
 11
79.06024341583253
 21
229.9140031051635
 31
0.0
  0
LINE
  5
B5C
330
A07
100
AcDbEntity
  8
AM_9
100
AcDbLine
 10
79.06024341583253
 20
237.9940031051636
 30
0.0
 11
93.56024341583252
 21
237.9940031051636
 31
0.0
  0
LINE
  5
B5D
330
A07
100
AcDbEntity
  8
AM_9
100
AcDbLine
 10
93.56024341583252
 20
280.4940031051635
 30
0.0
 11
79.06024341583253
 21
280.4940031051635
 31
0.0
  0
LINE
  5
B5E
330
A07
100
AcDbEntity
  8
AM_9
100
AcDbLine
 10
79.06024341583253
 20
283.4940031051635
 30
0.0
 11
93.56024341583252
 21
283.4940031051635
 31
0.0
  0
LINE
  5
B5F
330
A07
100
AcDbEntity
  8
AM_9
100
AcDbLine
 10
93.56024341583252
 20
224.8340031051636
 30
0.0
 11
79.06024341583253
 21
224.8340031051636
 31
0.0
  0
LINE
  5
B60
330
A07
100
AcDbEntity
  8
AM_9
100
AcDbLine
 10
93.56024341583252
 20
270.4940031051635
 30
0.0
 11
79.06024341583253
 21
270.4940031051635
 31
0.0
  0
LINE
  5
B61
330
A07
100
AcDbEntity
  8
AM_9
100
AcDbLine
 10
93.56024341583252
 20
275.4940031051635
 30
0.0
 11
79.06024341583253
 21
275.4940031051635
 31
0.0
  0
LINE
  5
B62
330
A07
100
AcDbEntity
  8
AM_9
100
AcDbLine
 10
93.56024341583252
 20
285.4940031051635
 30
0.0
 11
79.06024341583253
 21
285.4940031051635
 31
0.0
  0
LINE
  5
B63
330
A07
100
AcDbEntity
  8
AM_9
100
AcDbLine
 10
93.56024341583252
 20
219.7540031051636
 30
0.0
 11
79.06024341583253
 21
219.7540031051636
 31
0.0
  0
LINE
  5
B64
330
A07
100
AcDbEntity
  8
AM_9
100
AcDbLine
 10
79.06024341583253
 20
268.4940031051635
 30
0.0
 11
93.56024341583252
 21
268.4940031051635
 31
0.0
  0
LINE
  5
B65
330
A07
100
AcDbEntity
  8
AM_9
100
AcDbLine
 10
79.06024341583253
 20
273.4940031051635
 30
0.0
 11
93.56024341583252
 21
273.4940031051635
 31
0.0
  0
LINE
  5
B66
330
A07
100
AcDbEntity
  8
AM_9
100
AcDbLine
 10
79.06024341583253
 20
232.9140031051635
 30
0.0
 11
93.56024341583252
 21
232.9140031051635
 31
0.0
  0
LINE
  5
B67
330
A07
100
AcDbEntity
  8
AM_9
100
AcDbLine
 10
91.46524341583252
 20
265.4940031051635
 30
0.0
 11
91.46524341583252
 21
268.4940031051635
 31
0.0
  0
LINE
  5
B68
330
A07
100
AcDbEntity
  8
AM_9
100
AcDbLine
 10
91.46524341583252
 20
224.8340031051636
 30
0.0
 11
91.46524341583252
 21
227.8340031051636
 31
0.0
  0
LINE
  5
B69
330
A07
100
AcDbEntity
  8
AM_9
100
AcDbLine
 10
91.46524341583252
 20
275.4940031051635
 30
0.0
 11
91.46524341583252
 21
278.4940031051635
 31
0.0
  0
LINE
  5
B6A
330
A07
100
AcDbEntity
  8
AM_9
100
AcDbLine
 10
91.46524341583253
 20
289.9140031051636
 30
0.0
 11
91.46524341583252
 21
294.2140031051636
 31
0.0
  0
LINE
  5
B6B
330
A07
100
AcDbEntity
  8
AM_9
100
AcDbLine
 10
91.46524341583252
 20
229.9140031051635
 30
0.0
 11
91.46524341583252
 21
232.9140031051635
 31
0.0
  0
LINE
  5
B6C
330
A07
100
AcDbEntity
  8
AM_9
100
AcDbLine
 10
91.46524341583253
 20
239.0940031051636
 30
0.0
 11
91.46524341583252
 21
243.9940031051636
 31
0.0
  0
LINE
  5
B6D
330
A07
100
AcDbEntity
  8
AM_9
100
AcDbLine
 10
91.46524341583252
 20
219.7540031051636
 30
0.0
 11
91.46524341583252
 21
222.7540031051636
 31
0.0
  0
LINE
  5
B6E
330
A07
100
AcDbEntity
  8
AM_9
100
AcDbLine
 10
91.46524341583252
 20
280.4940031051635
 30
0.0
 11
91.46524341583252
 21
283.4940031051635
 31
0.0
  0
LINE
  5
B6F
330
A07
100
AcDbEntity
  8
AM_9
100
AcDbLine
 10
91.46524341583252
 20
260.0940031051636
 30
0.0
 11
91.46524341583252
 21
264.3940031051636
 31
0.0
  0
LINE
  5
B70
330
A07
100
AcDbEntity
  8
AM_9
100
AcDbLine
 10
91.46524341583252
 20
234.9940031051636
 30
0.0
 11
91.46524341583252
 21
237.9940031051636
 31
0.0
  0
LINE
  5
B71
330
A07
100
AcDbEntity
  8
AM_9
100
AcDbLine
 10
91.46524341583252
 20
204.7940031051636
 30
0.0
 11
91.46524341583252
 21
208.4940031051636
 31
0.0
  0
LINE
  5
B72
330
A07
100
AcDbEntity
  8
AM_9
100
AcDbLine
 10
91.46524341583252
 20
209.5940031051636
 30
0.0
 11
91.46524341583252
 21
212.5940031051636
 31
0.0
  0
LINE
  5
B73
330
A07
100
AcDbEntity
  8
AM_9
100
AcDbLine
 10
91.46524341583252
 20
270.4940031051635
 30
0.0
 11
91.46524341583252
 21
273.4940031051635
 31
0.0
  0
LINE
  5
B74
330
A07
100
AcDbEntity
  8
AM_9
100
AcDbLine
 10
91.46524341583252
 20
285.4940031051635
 30
0.0
 11
91.46524341583252
 21
288.4940031051635
 31
0.0
  0
LINE
  5
B75
330
A07
100
AcDbEntity
  8
AM_9
100
AcDbLine
 10
91.46524341583252
 20
214.6740031051636
 30
0.0
 11
91.46524341583252
 21
217.6740031051636
 31
0.0
  0
LINE
  5
B76
330
A07
100
AcDbEntity
  8
AM_9
100
AcDbLine
 10
95.48213904009592
 20
188.1940031051635
 30
0.0
 11
97.46024341583252
 21
188.1940031051635
 31
0.0
  0
LINE
  5
B77
330
A07
100
AcDbEntity
  8
AM_9
100
AcDbLine
 10
95.48213904009678
 20
188.9940031051636
 30
0.0
 11
97.46024341583252
 21
188.9940031051636
 31
0.0
  0
LINE
  5
B78
330
A07
100
AcDbEntity
  8
AM_9
100
AcDbLine
 10
209.9799600992802
 20
186.1940031051636
 30
0.0
 11
209.9799600992802
 21
183.8940031051636
 31
0.0
  0
LINE
  5
B79
330
A07
100
AcDbEntity
  8
AM_9
100
AcDbLine
 10
210.5805267323848
 20
186.1940031051636
 30
0.0
 11
210.5805267323848
 21
183.8940031051636
 31
0.0
  0
LINE
  5
B7A
330
A07
100
AcDbEntity
  8
AM_9
100
AcDbLine
 10
161.7554368622413
 20
186.1940031051636
 30
0.0
 11
161.7554368622413
 21
183.8940031051636
 31
0.0
  0
LINE
  5
B7B
330
A07
100
AcDbEntity
  8
AM_9
100
AcDbLine
 10
161.0850499694238
 20
186.1940031051636
 30
0.0
 11
161.0850499694238
 21
183.8940031051636
 31
0.0
  0
LINE
  5
B7C
330
A07
100
AcDbEntity
  8
AM_9
100
AcDbLine
 10
94.56024341583252
 20
294.3140031051636
 30
0.0
 11
94.56024341583252
 21
259.9940031051635
 31
0.0
  0
LINE
  5
B7D
330
A07
100
AcDbEntity
  8
AM_9
100
AcDbLine
 10
93.56024341583252
 20
244.5940031051636
 30
0.0
 11
93.56024341583252
 21
204.0940031051636
 31
0.0
  0
LINE
  5
B7E
330
A07
100
AcDbEntity
  8
AM_9
100
AcDbLine
 10
94.56024341583252
 20
244.5940031051636
 30
0.0
 11
94.56024341583252
 21
204.0940031051636
 31
0.0
  0
LINE
  5
B7F
330
A07
100
AcDbEntity
  8
AM_9
100
AcDbLine
 10
93.56024341583252
 20
294.3140031051636
 30
0.0
 11
93.56024341583252
 21
259.9940031051635
 31
0.0
  0
LINE
  5
B80
330
A07
100
AcDbEntity
  8
AM_9
100
AcDbLine
 10
140.7602434158325
 20
336.3940031051636
 30
0.0
 11
140.7602434158325
 21
333.8940031051636
 31
0.0
  0
LINE
  5
B81
330
A07
100
AcDbEntity
  8
AM_9
100
AcDbLine
 10
188.9002434158325
 20
333.8940031051636
 30
0.0
 11
188.9002434158325
 21
331.5940031051636
 31
0.0
  0
LINE
  5
B82
330
A07
100
AcDbEntity
  8
AM_9
100
AcDbLine
 10
140.7602434158325
 20
181.3940031051636
 30
0.0
 11
140.7602434158325
 21
183.8940031051636
 31
0.0
  0
LINE
  5
B83
330
A07
100
AcDbEntity
  8
AM_9
100
AcDbLine
 10
136.7602434158325
 20
181.3940031051636
 30
0.0
 11
136.7602434158325
 21
183.8940031051636
 31
0.0
  0
LINE
  5
B84
330
A07
100
AcDbEntity
  8
AM_9
100
AcDbLine
 10
130.7602434158325
 20
181.3940031051636
 30
0.0
 11
130.7602434158325
 21
183.8940031051636
 31
0.0
  0
LINE
  5
B85
330
A07
100
AcDbEntity
  8
AM_9
100
AcDbLine
 10
126.7602434158325
 20
336.3940031051636
 30
0.0
 11
126.7602434158325
 21
333.8940031051636
 31
0.0
  0
LINE
  5
B86
330
A07
100
AcDbEntity
  8
AM_9
100
AcDbLine
 10
136.7602434158325
 20
336.3940031051636
 30
0.0
 11
136.7602434158325
 21
333.8940031051636
 31
0.0
  0
LINE
  5
B87
330
A07
100
AcDbEntity
  8
AM_9
100
AcDbLine
 10
126.7602434158325
 20
181.3940031051636
 30
0.0
 11
126.7602434158325
 21
183.8940031051636
 31
0.0
  0
LINE
  5
B88
330
A07
100
AcDbEntity
  8
AM_9
100
AcDbLine
 10
130.7602434158325
 20
336.3940031051636
 30
0.0
 11
130.7602434158325
 21
333.8940031051636
 31
0.0
  0
LINE
  5
B89
330
A07
100
AcDbEntity
  8
AM_9
100
AcDbLine
 10
173.4402434158325
 20
333.8940031051636
 30
0.0
 11
173.4402434158325
 21
331.5940031051636
 31
0.0
  0
LINE
  5
B8A
330
A07
100
AcDbEntity
  8
AM_9
100
AcDbLine
 10
199.3902434158325
 20
333.8940031051636
 30
0.0
 11
199.3902434158325
 21
331.5940031051636
 31
0.0
  0
LINE
  5
B8B
330
A07
100
AcDbEntity
  8
AM_9
100
AcDbLine
 10
203.3902434158325
 20
333.8940031051636
 30
0.0
 11
203.3902434158325
 21
331.5940031051636
 31
0.0
  0
LINE
  5
B8C
330
A07
100
AcDbEntity
  8
AM_9
100
AcDbLine
 10
200.3902434158325
 20
333.8940031051636
 30
0.0
 11
200.3902434158325
 21
331.5940031051636
 31
0.0
  0
LINE
  5
B8D
330
A07
100
AcDbEntity
  8
AM_9
100
AcDbLine
 10
202.3902434158325
 20
333.8940031051636
 30
0.0
 11
202.3902434158325
 21
331.5940031051636
 31
0.0
  0
LINE
  5
B8E
330
A07
100
AcDbEntity
  8
AM_9
100
AcDbLine
 10
204.7202434158325
 20
333.8940031051636
 30
0.0
 11
204.7202434158325
 21
331.5940031051636
 31
0.0
  0
LINE
  5
B8F
330
A07
100
AcDbEntity
  8
AM_9
100
AcDbLine
 10
205.0202434158325
 20
333.8940031051636
 30
0.0
 11
205.0202434158325
 21
331.5940031051636
 31
0.0
  0
LINE
  5
B90
330
A07
100
AcDbEntity
  8
AM_9
100
AcDbLine
 10
198.0602434158326
 20
333.8940031051636
 30
0.0
 11
198.0602434158326
 21
331.5940031051636
 31
0.0
  0
LINE
  5
B91
330
A07
100
AcDbEntity
  8
AM_9
100
AcDbLine
 10
197.7602434158325
 20
333.8940031051636
 30
0.0
 11
197.7602434158325
 21
331.5940031051636
 31
0.0
  0
LINE
  5
B92
330
A07
100
AcDbEntity
  8
AM_9
100
AcDbLine
 10
160.6636739140226
 20
333.8940031051636
 30
0.0
 11
160.6636739140226
 21
331.5940031051636
 31
0.0
  0
LINE
  5
B93
330
A07
100
AcDbEntity
  8
AM_9
100
AcDbLine
 10
162.1768129176425
 20
333.8940031051636
 30
0.0
 11
162.1768129176425
 21
331.5940031051636
 31
0.0
  0
LINE
  5
B94
330
A07
100
AcDbEntity
  8
AM_9
100
AcDbLine
 10
188.1502434158325
 20
333.8940031051636
 30
0.0
 11
188.1502434158325
 21
331.5940031051636
 31
0.0
  0
LINE
  5
B95
330
A07
100
AcDbEntity
  8
AM_9
100
AcDbLine
 10
174.1902434158325
 20
333.8940031051636
 30
0.0
 11
174.1902434158325
 21
331.5940031051636
 31
0.0
  0
LINE
  5
B96
330
A07
100
AcDbEntity
  8
AM_9
100
AcDbLine
 10
168.4402434158325
 20
333.8940031051636
 30
0.0
 11
168.4402434158325
 21
331.5940031051636
 31
0.0
  0
LINE
  5
B97
330
A07
100
AcDbEntity
  8
AM_9
100
AcDbLine
 10
159.9888947842747
 20
333.8940031051636
 30
0.0
 11
159.9888947842747
 21
331.5940031051636
 31
0.0
  0
LINE
  5
B98
330
A07
100
AcDbEntity
  8
AM_9
100
AcDbLine
 10
162.8515920473904
 20
333.8940031051636
 30
0.0
 11
162.8515920473904
 21
331.5940031051636
 31
0.0
  0
LINE
  5
B99
330
A07
100
AcDbEntity
  8
AM_9
100
AcDbLine
 10
98.44270146290124
 20
202.0940031051636
 30
0.0
 11
117.9602434158325
 21
202.0940031051636
 31
0.0
  0
LINE
  5
B9A
330
A07
100
AcDbEntity
  8
AM_9
100
AcDbLine
 10
98.83551338621182
 20
191.3436249890227
 30
0.0
 11
117.9602434158325
 21
191.3436249890227
 31
0.0
  0
LINE
  5
B9B
330
A07
100
AcDbEntity
  8
AM_9
100
AcDbLine
 10
138.4102434158325
 20
181.3940031051636
 30
0.0
 11
138.4102434158325
 21
183.8940031051636
 31
0.0
  0
LINE
  5
B9C
330
A07
100
AcDbEntity
  8
AM_9
100
AcDbLine
 10
139.1102434158325
 20
181.3940031051636
 30
0.0
 11
139.1102434158325
 21
183.8940031051636
 31
0.0
  0
LINE
  5
B9D
330
A07
100
AcDbEntity
  8
AM_9
100
AcDbLine
 10
128.4102434158325
 20
181.3940031051636
 30
0.0
 11
128.4102434158325
 21
183.8940031051636
 31
0.0
  0
LINE
  5
B9E
330
A07
100
AcDbEntity
  8
AM_9
100
AcDbLine
 10
129.1102434158325
 20
181.3940031051636
 30
0.0
 11
129.1102434158325
 21
183.8940031051636
 31
0.0
  0
LINE
  5
B9F
330
A07
100
AcDbEntity
  8
AM_9
100
AcDbLine
 10
138.4102434158325
 20
336.3940031051636
 30
0.0
 11
138.4102434158325
 21
333.8940031051636
 31
0.0
  0
LINE
  5
BA0
330
A07
100
AcDbEntity
  8
AM_9
100
AcDbLine
 10
139.1102434158325
 20
336.3940031051636
 30
0.0
 11
139.1102434158325
 21
333.8940031051636
 31
0.0
  0
LINE
  5
BA1
330
A07
100
AcDbEntity
  8
AM_9
100
AcDbLine
 10
128.4102434158325
 20
336.3940031051636
 30
0.0
 11
128.4102434158325
 21
333.8940031051636
 31
0.0
  0
LINE
  5
BA2
330
A07
100
AcDbEntity
  8
AM_9
100
AcDbLine
 10
129.1102434158325
 20
336.3940031051636
 30
0.0
 11
129.1102434158325
 21
333.8940031051636
 31
0.0
  0
LINE
  5
BA3
330
A07
100
AcDbEntity
  8
AM_9
100
AcDbLine
 10
169.1902434158325
 20
333.8940031051636
 30
0.0
 11
169.1902434158325
 21
331.5940031051636
 31
0.0
  0
LINE
  5
BA4
330
A07
100
AcDbEntity
  8
AM_9
100
AcDbLine
 10
98.8307376899411
 20
191.4640031051636
 30
0.0
 11
117.9602434158325
 21
191.4640031051636
 31
0.0
  0
LINE
  5
BA5
330
A07
100
AcDbEntity
  8
AM_9
100
AcDbLine
 10
209.5236739140226
 20
333.8940031051636
 30
0.0
 11
209.5236739140226
 21
331.5940031051636
 31
0.0
  0
LINE
  5
BA6
330
A07
100
AcDbEntity
  8
AM_9
100
AcDbLine
 10
211.0368129176425
 20
333.8940031051636
 30
0.0
 11
211.0368129176425
 21
331.5940031051636
 31
0.0
  0
LINE
  5
BA7
330
A07
100
AcDbEntity
  8
AM_9
100
AcDbLine
 10
227.0302434158326
 20
239.9145144903997
 30
0.0
 11
227.7602434158326
 21
239.9145144903997
 31
0.0
  0
LINE
  5
BA8
330
A07
100
AcDbEntity
  8
AM_9
100
AcDbLine
 10
227.0302434158326
 20
236.5714581700918
 30
0.0
 11
227.0302434158326
 21
240.2165480402354
 31
0.0
  0
LINE
  5
BA9
330
A07
100
AcDbEntity
  8
AM_9
100
AcDbLine
 10
227.0302434158326
 20
280.9145144903997
 30
0.0
 11
227.7602434158326
 21
280.9145144903997
 31
0.0
  0
LINE
  5
BAA
330
A07
100
AcDbEntity
  8
AM_9
100
AcDbLine
 10
227.0302434158326
 20
277.8734917199274
 30
0.0
 11
227.7602434158326
 21
277.8734917199274
 31
0.0
  0
LINE
  5
BAB
330
A07
100
AcDbEntity
  8
AM_9
100
AcDbLine
 10
227.0302434158326
 20
277.5714581700918
 30
0.0
 11
227.0302434158326
 21
281.2165480402354
 31
0.0
  0
LINE
  5
BAC
330
A07
100
AcDbEntity
  8
AM_9
100
AcDbLine
 10
227.0302434158326
 20
236.8734917199274
 30
0.0
 11
227.7602434158326
 21
236.8734917199274
 31
0.0
  0
LINE
  5
BAD
330
A07
100
AcDbEntity
  8
AM_9
100
AcDbLine
 10
79.06024341583253
 20
220.7540031051636
 30
0.0
 11
87.00024341583251
 21
220.7540031051636
 31
0.0
  0
LINE
  5
BAE
330
A07
100
AcDbEntity
  8
AM_9
100
AcDbLine
 10
79.06024341583253
 20
219.2540031051636
 30
0.0
 11
87.00024341583251
 21
219.2540031051636
 31
0.0
  0
LINE
  5
BAF
330
A07
100
AcDbEntity
  8
AM_9
100
AcDbLine
 10
79.06024341583253
 20
277.4940031051635
 30
0.0
 11
87.06024341583252
 21
277.4940031051635
 31
0.0
  0
LINE
  5
BB0
330
A07
100
AcDbEntity
  8
AM_9
100
AcDbLine
 10
79.06024341583253
 20
278.9940031051635
 30
0.0
 11
87.06024341583252
 21
278.9940031051635
 31
0.0
  0
LINE
  5
BB1
330
A07
100
AcDbEntity
  8
AM_9
100
AcDbLine
 10
79.06024341583253
 20
282.4940031051635
 30
0.0
 11
87.06024341583252
 21
282.4940031051635
 31
0.0
  0
LINE
  5
BB2
330
A07
100
AcDbEntity
  8
AM_9
100
AcDbLine
 10
79.06024341583253
 20
283.9940031051635
 30
0.0
 11
87.06024341583252
 21
283.9940031051635
 31
0.0
  0
LINE
  5
BB3
330
A07
100
AcDbEntity
  8
AM_9
100
AcDbLine
 10
79.06024341583253
 20
267.4940031051635
 30
0.0
 11
87.06024341583252
 21
267.4940031051635
 31
0.0
  0
LINE
  5
BB4
330
A07
100
AcDbEntity
  8
AM_9
100
AcDbLine
 10
79.06024341583253
 20
268.9940031051635
 30
0.0
 11
87.06024341583252
 21
268.9940031051635
 31
0.0
  0
LINE
  5
BB5
330
A07
100
AcDbEntity
  8
AM_9
100
AcDbLine
 10
79.06024341583253
 20
272.4940031051635
 30
0.0
 11
87.06024341583252
 21
272.4940031051635
 31
0.0
  0
LINE
  5
BB6
330
A07
100
AcDbEntity
  8
AM_9
100
AcDbLine
 10
79.06024341583253
 20
273.9940031051635
 30
0.0
 11
87.06024341583252
 21
273.9940031051635
 31
0.0
  0
LINE
  5
BB7
330
A07
100
AcDbEntity
  8
AM_9
100
AcDbLine
 10
79.06024341583253
 20
287.4940031051635
 30
0.0
 11
87.06024341583252
 21
287.4940031051635
 31
0.0
  0
LINE
  5
BB8
330
A07
100
AcDbEntity
  8
AM_9
100
AcDbLine
 10
79.06024341583253
 20
288.9940031051635
 30
0.0
 11
87.06024341583252
 21
288.9940031051635
 31
0.0
  0
LINE
  5
BB9
330
A07
100
AcDbEntity
  8
AM_9
100
AcDbLine
 10
79.06024341583253
 20
271.4940031051635
 30
0.0
 11
87.06024341583252
 21
271.4940031051635
 31
0.0
  0
LINE
  5
BBA
330
A07
100
AcDbEntity
  8
AM_9
100
AcDbLine
 10
87.06024341583252
 20
269.9940031051635
 30
0.0
 11
87.06024341583252
 21
273.9940031051635
 31
0.0
  0
LINE
  5
BBB
330
A07
100
AcDbEntity
  8
AM_9
100
AcDbLine
 10
79.06024341583253
 20
269.9940031051635
 30
0.0
 11
87.06024341583252
 21
269.9940031051635
 31
0.0
  0
LINE
  5
BBC
330
A07
100
AcDbEntity
  8
AM_9
100
AcDbLine
 10
79.06024341583253
 20
276.4940031051635
 30
0.0
 11
87.06024341583252
 21
276.4940031051635
 31
0.0
  0
LINE
  5
BBD
330
A07
100
AcDbEntity
  8
AM_9
100
AcDbLine
 10
87.06024341583252
 20
274.9940031051635
 30
0.0
 11
87.06024341583252
 21
278.9940031051635
 31
0.0
  0
LINE
  5
BBE
330
A07
100
AcDbEntity
  8
AM_9
100
AcDbLine
 10
79.06024341583253
 20
274.9940031051635
 30
0.0
 11
87.06024341583252
 21
274.9940031051635
 31
0.0
  0
LINE
  5
BBF
330
A07
100
AcDbEntity
  8
AM_9
100
AcDbLine
 10
79.06024341583253
 20
226.8340031051636
 30
0.0
 11
87.00024341583251
 21
226.8340031051636
 31
0.0
  0
LINE
  5
BC0
330
A07
100
AcDbEntity
  8
AM_9
100
AcDbLine
 10
79.06024341583253
 20
228.3340031051636
 30
0.0
 11
87.00024341583251
 21
228.3340031051636
 31
0.0
  0
LINE
  5
BC1
330
A07
100
AcDbEntity
  8
AM_9
100
AcDbLine
 10
79.06024341583253
 20
236.9940031051636
 30
0.0
 11
87.00024341583251
 21
236.9940031051636
 31
0.0
  0
LINE
  5
BC2
330
A07
100
AcDbEntity
  8
AM_9
100
AcDbLine
 10
79.06024341583253
 20
238.4940031051636
 30
0.0
 11
87.00024341583251
 21
238.4940031051636
 31
0.0
  0
LINE
  5
BC3
330
A07
100
AcDbEntity
  8
AM_9
100
AcDbLine
 10
79.06024341583253
 20
221.7540031051636
 30
0.0
 11
87.00024341583251
 21
221.7540031051636
 31
0.0
  0
LINE
  5
BC4
330
A07
100
AcDbEntity
  8
AM_9
100
AcDbLine
 10
87.00024341583251
 20
219.2540031051636
 30
0.0
 11
87.00024341583251
 21
223.2540031051635
 31
0.0
  0
LINE
  5
BC5
330
A07
100
AcDbEntity
  8
AM_9
100
AcDbLine
 10
79.06024341583253
 20
223.2540031051635
 30
0.0
 11
87.00024341583251
 21
223.2540031051635
 31
0.0
  0
LINE
  5
BC6
330
A07
100
AcDbEntity
  8
AM_9
100
AcDbLine
 10
79.06024341583253
 20
231.9140031051636
 30
0.0
 11
87.00024341583251
 21
231.9140031051636
 31
0.0
  0
LINE
  5
BC7
330
A07
100
AcDbEntity
  8
AM_9
100
AcDbLine
 10
79.06024341583253
 20
233.4140031051636
 30
0.0
 11
87.00024341583251
 21
233.4140031051636
 31
0.0
  0
LINE
  5
BC8
330
A07
100
AcDbEntity
  8
AM_9
100
AcDbLine
 10
79.06024341583253
 20
211.5940031051636
 30
0.0
 11
87.00024341583251
 21
211.5940031051636
 31
0.0
  0
LINE
  5
BC9
330
A07
100
AcDbEntity
  8
AM_9
100
AcDbLine
 10
79.06024341583253
 20
213.0940031051636
 30
0.0
 11
87.00024341583251
 21
213.0940031051636
 31
0.0
  0
LINE
  5
BCA
330
A07
100
AcDbEntity
  8
AM_9
100
AcDbLine
 10
79.06024341583253
 20
216.6740031051636
 30
0.0
 11
87.00024341583251
 21
216.6740031051636
 31
0.0
  0
LINE
  5
BCB
330
A07
100
AcDbEntity
  8
AM_9
100
AcDbLine
 10
79.06024341583253
 20
218.1740031051636
 30
0.0
 11
87.00024341583251
 21
218.1740031051636
 31
0.0
  0
LINE
  5
BCC
330
A07
100
AcDbEntity
  8
AM_9
100
AcDbLine
 10
79.06024341583253
 20
210.5940031051636
 30
0.0
 11
87.00024341583251
 21
210.5940031051636
 31
0.0
  0
LINE
  5
BCD
330
A07
100
AcDbEntity
  8
AM_9
100
AcDbLine
 10
87.00024341583251
 20
209.0940031051636
 30
0.0
 11
87.00024341583251
 21
213.0940031051636
 31
0.0
  0
LINE
  5
BCE
330
A07
100
AcDbEntity
  8
AM_9
100
AcDbLine
 10
79.06024341583253
 20
209.0940031051636
 30
0.0
 11
87.00024341583251
 21
209.0940031051636
 31
0.0
  0
LINE
  5
BCF
330
A07
100
AcDbEntity
  8
AM_9
100
AcDbLine
 10
79.06024341583253
 20
225.8340031051636
 30
0.0
 11
87.00024341583251
 21
225.8340031051636
 31
0.0
  0
LINE
  5
BD0
330
A07
100
AcDbEntity
  8
AM_9
100
AcDbLine
 10
87.00024341583251
 20
224.3340031051636
 30
0.0
 11
87.00024341583251
 21
228.3340031051636
 31
0.0
  0
LINE
  5
BD1
330
A07
100
AcDbEntity
  8
AM_9
100
AcDbLine
 10
79.06024341583253
 20
224.3340031051636
 30
0.0
 11
87.00024341583251
 21
224.3340031051636
 31
0.0
  0
LINE
  5
BD2
330
A07
100
AcDbEntity
  8
AM_9
100
AcDbLine
 10
87.00024341583251
 20
229.4140031051635
 30
0.0
 11
87.00024341583251
 21
233.4140031051636
 31
0.0
  0
LINE
  5
BD3
330
A07
100
AcDbEntity
  8
AM_9
100
AcDbLine
 10
79.06024341583253
 20
229.4140031051635
 30
0.0
 11
87.00024341583251
 21
229.4140031051635
 31
0.0
  0
LINE
  5
BD4
330
A07
100
AcDbEntity
  8
AM_9
100
AcDbLine
 10
79.06024341583253
 20
230.9140031051635
 30
0.0
 11
87.00024341583251
 21
230.9140031051635
 31
0.0
  0
LINE
  5
BD5
330
A07
100
AcDbEntity
  8
AM_9
100
AcDbLine
 10
87.00024341583251
 20
214.1740031051636
 30
0.0
 11
87.00024341583251
 21
218.1740031051636
 31
0.0
  0
LINE
  5
BD6
330
A07
100
AcDbEntity
  8
AM_9
100
AcDbLine
 10
79.06024341583253
 20
214.1740031051636
 30
0.0
 11
87.00024341583251
 21
214.1740031051636
 31
0.0
  0
LINE
  5
BD7
330
A07
100
AcDbEntity
  8
AM_9
100
AcDbLine
 10
79.06024341583253
 20
215.6740031051636
 30
0.0
 11
87.00024341583251
 21
215.6740031051636
 31
0.0
  0
LINE
  5
BD8
330
A07
100
AcDbEntity
  8
AM_9
100
AcDbLine
 10
87.00024341583251
 20
234.4940031051636
 30
0.0
 11
87.00024341583251
 21
238.4940031051636
 31
0.0
  0
LINE
  5
BD9
330
A07
100
AcDbEntity
  8
AM_9
100
AcDbLine
 10
79.06024341583253
 20
234.4940031051636
 30
0.0
 11
87.00024341583251
 21
234.4940031051636
 31
0.0
  0
LINE
  5
BDA
330
A07
100
AcDbEntity
  8
AM_9
100
AcDbLine
 10
79.06024341583253
 20
235.9940031051636
 30
0.0
 11
87.00024341583251
 21
235.9940031051636
 31
0.0
  0
LINE
  5
BDB
330
A07
100
AcDbEntity
  8
AM_9
100
AcDbLine
 10
79.06024341583253
 20
266.4940031051636
 30
0.0
 11
87.06024341583252
 21
266.4940031051636
 31
0.0
  0
LINE
  5
BDC
330
A07
100
AcDbEntity
  8
AM_9
100
AcDbLine
 10
87.06024341583252
 20
264.9940031051635
 30
0.0
 11
87.06024341583252
 21
268.9940031051635
 31
0.0
  0
LINE
  5
BDD
330
A07
100
AcDbEntity
  8
AM_9
100
AcDbLine
 10
79.06024341583253
 20
264.9940031051635
 30
0.0
 11
87.06024341583252
 21
264.9940031051635
 31
0.0
  0
LINE
  5
BDE
330
A07
100
AcDbEntity
  8
AM_9
100
AcDbLine
 10
87.06024341583252
 20
279.9940031051635
 30
0.0
 11
87.06024341583252
 21
283.9940031051635
 31
0.0
  0
LINE
  5
BDF
330
A07
100
AcDbEntity
  8
AM_9
100
AcDbLine
 10
79.06024341583253
 20
279.9940031051635
 30
0.0
 11
87.06024341583252
 21
279.9940031051635
 31
0.0
  0
LINE
  5
BE0
330
A07
100
AcDbEntity
  8
AM_9
100
AcDbLine
 10
79.06024341583253
 20
281.4940031051635
 30
0.0
 11
87.06024341583252
 21
281.4940031051635
 31
0.0
  0
LINE
  5
BE1
330
A07
100
AcDbEntity
  8
AM_9
100
AcDbLine
 10
79.06024341583253
 20
286.4940031051635
 30
0.0
 11
87.06024341583252
 21
286.4940031051635
 31
0.0
  0
LINE
  5
BE2
330
A07
100
AcDbEntity
  8
AM_9
100
AcDbLine
 10
87.06024341583252
 20
284.9940031051635
 30
0.0
 11
87.06024341583252
 21
288.9940031051635
 31
0.0
  0
LINE
  5
BE3
330
A07
100
AcDbEntity
  8
AM_9
100
AcDbLine
 10
79.06024341583253
 20
284.9940031051635
 30
0.0
 11
87.06024341583252
 21
284.9940031051635
 31
0.0
  0
LINE
  5
BE4
330
A07
100
AcDbEntity
  8
AM_9
100
AcDbLine
 10
227.0302434158326
 20
237.0734612589587
 30
0.0
 11
227.7602434158326
 21
237.0734612589587
 31
0.0
  0
LINE
  5
BE5
330
A07
100
AcDbEntity
  8
AM_9
100
AcDbLine
 10
227.0302434158326
 20
239.7145449513684
 30
0.0
 11
227.7602434158326
 21
239.7145449513684
 31
0.0
  0
LINE
  5
BE6
330
A07
100
AcDbEntity
  8
AM_9
100
AcDbLine
 10
227.0302434158326
 20
280.7145449513684
 30
0.0
 11
227.7602434158326
 21
280.7145449513684
 31
0.0
  0
LINE
  5
BE7
330
A07
100
AcDbEntity
  8
AM_9
100
AcDbLine
 10
209.3488186318529
 20
333.8940031051636
 30
0.0
 11
209.3488186318529
 21
331.5940031051636
 31
0.0
  0
LINE
  5
BE8
330
A07
100
AcDbEntity
  8
AM_9
100
AcDbLine
 10
211.2116681998122
 20
333.8940031051636
 30
0.0
 11
211.2116681998122
 21
331.5940031051636
 31
0.0
  0
LINE
  5
BE9
330
A07
100
AcDbEntity
  8
AM_9
100
AcDbLine
 10
211.7115920473904
 20
333.8940031051636
 30
0.0
 11
211.7115920473904
 21
331.5940031051636
 31
0.0
  0
LINE
  5
BEA
330
A07
100
AcDbEntity
  8
AM_9
100
AcDbLine
 10
208.8488947917252
 20
333.8940031051636
 30
0.0
 11
208.8488947917252
 21
331.5940031051636
 31
0.0
  0
LINE
  5
BEB
330
A07
100
AcDbEntity
  8
AM_9
100
AcDbLine
 10
227.0302434158326
 20
278.073461261939
 30
0.0
 11
227.7602434158326
 21
278.073461261939
 31
0.0
  0
LINE
  5
BEC
330
A07
100
AcDbEntity
  8
AM_9
100
AcDbLine
 10
193.1502434158325
 20
333.8940031051636
 30
0.0
 11
193.1502434158325
 21
331.5940031051636
 31
0.0
  0
LINE
  5
BED
330
A07
100
AcDbEntity
  8
AM_9
100
AcDbLine
 10
192.6502434158325
 20
333.8940031051636
 30
0.0
 11
192.6502434158325
 21
331.5940031051636
 31
0.0
  0
LINE
  5
BEE
330
A07
100
AcDbEntity
  8
AM_9
100
AcDbLine
 10
155.9302434158325
 20
333.8940031051636
 30
0.0
 11
155.9302434158325
 21
331.5940031051636
 31
0.0
  0
LINE
  5
BEF
330
A07
100
AcDbEntity
  8
AM_9
100
AcDbLine
 10
156.4302434158325
 20
333.8940031051636
 30
0.0
 11
156.4302434158325
 21
331.5940031051636
 31
0.0
  0
LINE
  5
BF0
330
A07
100
AcDbEntity
  8
AM_9
100
AcDbLine
 10
124.7602434158325
 20
181.8940031051636
 30
0.0
 11
124.7602434158325
 21
181.3940031051636
 31
0.0
  0
LINE
  5
BF1
330
A07
100
AcDbEntity
  8
AM_9
100
AcDbLine
 10
132.7602434158325
 20
181.3940031051636
 30
0.0
 11
132.7602434158325
 21
181.8940031051636
 31
0.0
  0
LINE
  5
BF2
330
A07
100
AcDbEntity
  8
AM_9
100
AcDbLine
 10
124.7602434158325
 20
336.3940031051636
 30
0.0
 11
124.7602434158325
 21
335.8940031051636
 31
0.0
  0
LINE
  5
BF3
330
A07
100
AcDbEntity
  8
AM_9
100
AcDbLine
 10
132.7602434158325
 20
335.8940031051636
 30
0.0
 11
132.7602434158325
 21
336.3940031051636
 31
0.0
  0
LINE
  5
BF4
330
A07
100
AcDbEntity
  8
AM_9
100
AcDbLine
 10
134.7602434158325
 20
336.3940031051636
 30
0.0
 11
134.7602434158325
 21
335.8940031051636
 31
0.0
  0
LINE
  5
BF5
330
A07
100
AcDbEntity
  8
AM_9
100
AcDbLine
 10
142.7602434158325
 20
335.8940031051636
 30
0.0
 11
142.7602434158325
 21
336.3940031051636
 31
0.0
  0
LINE
  5
BF6
330
A07
100
AcDbEntity
  8
AM_9
100
AcDbLine
 10
134.7602434158325
 20
181.8940031051636
 30
0.0
 11
134.7602434158325
 21
181.3940031051636
 31
0.0
  0
LINE
  5
BF7
330
A07
100
AcDbEntity
  8
AM_9
100
AcDbLine
 10
142.7602434158325
 20
181.3940031051636
 30
0.0
 11
142.7602434158325
 21
181.8940031051636
 31
0.0
  0
LINE
  5
BF8
330
A07
100
AcDbEntity
  8
AM_9
100
AcDbLine
 10
132.7602434158325
 20
335.8940031051636
 30
0.0
 11
124.7602434158325
 21
335.8940031051636
 31
0.0
  0
LINE
  5
BF9
330
A07
100
AcDbEntity
  8
AM_9
100
AcDbLine
 10
132.7602434158325
 20
335.8940031051636
 30
0.0
 11
133.0602434158325
 21
336.3940031051636
 31
0.0
  0
LINE
  5
BFA
330
A07
100
AcDbEntity
  8
AM_9
100
AcDbLine
 10
124.4602434158325
 20
336.3940031051636
 30
0.0
 11
124.7602434158325
 21
335.8940031051636
 31
0.0
  0
LINE
  5
BFB
330
A07
100
AcDbEntity
  8
AM_9
100
AcDbLine
 10
142.7602434158325
 20
335.8940031051636
 30
0.0
 11
134.7602434158325
 21
335.8940031051636
 31
0.0
  0
LINE
  5
BFC
330
A07
100
AcDbEntity
  8
AM_9
100
AcDbLine
 10
142.7602434158325
 20
335.8940031051636
 30
0.0
 11
143.0602434158325
 21
336.3940031051636
 31
0.0
  0
LINE
  5
BFD
330
A07
100
AcDbEntity
  8
AM_9
100
AcDbLine
 10
134.4602434158325
 20
336.3940031051636
 30
0.0
 11
134.7602434158325
 21
335.8940031051636
 31
0.0
  0
LINE
  5
BFE
330
A07
100
AcDbEntity
  8
AM_9
100
AcDbLine
 10
142.7602434158325
 20
181.8940031051636
 30
0.0
 11
134.7602434158325
 21
181.8940031051636
 31
0.0
  0
LINE
  5
BFF
330
A07
100
AcDbEntity
  8
AM_9
100
AcDbLine
 10
134.7602434158325
 20
181.8940031051636
 30
0.0
 11
134.4602434158325
 21
181.3940031051636
 31
0.0
  0
LINE
  5
C00
330
A07
100
AcDbEntity
  8
AM_9
100
AcDbLine
 10
143.0602434158325
 20
181.3940031051636
 30
0.0
 11
142.7602434158325
 21
181.8940031051636
 31
0.0
  0
LINE
  5
C01
330
A07
100
AcDbEntity
  8
AM_9
100
AcDbLine
 10
132.7602434158325
 20
181.8940031051636
 30
0.0
 11
124.7602434158325
 21
181.8940031051636
 31
0.0
  0
LINE
  5
C02
330
A07
100
AcDbEntity
  8
AM_9
100
AcDbLine
 10
124.7602434158325
 20
181.8940031051636
 30
0.0
 11
124.4602434158325
 21
181.3940031051636
 31
0.0
  0
LINE
  5
C03
330
A07
100
AcDbEntity
  8
AM_9
100
AcDbLine
 10
133.0602434158325
 20
181.3940031051636
 30
0.0
 11
132.7602434158325
 21
181.8940031051636
 31
0.0
  0
LINE
  5
C04
330
A07
100
AcDbEntity
  8
AM_9
100
AcDbLine
 10
188.9002434158325
 20
186.1940031051636
 30
0.0
 11
188.9002434158325
 21
183.8940031051636
 31
0.0
  0
LINE
  5
C05
330
A07
100
AcDbEntity
  8
AM_9
100
AcDbLine
 10
173.4402434158325
 20
186.1940031051636
 30
0.0
 11
173.4402434158325
 21
183.8940031051636
 31
0.0
  0
LINE
  5
C06
330
A07
100
AcDbEntity
  8
AM_9
100
AcDbLine
 10
200.3902434158325
 20
186.1940031051636
 30
0.0
 11
200.3902434158325
 21
183.8940031051636
 31
0.0
  0
LINE
  5
C07
330
A07
100
AcDbEntity
  8
AM_9
100
AcDbLine
 10
199.3902434158325
 20
186.1940031051636
 30
0.0
 11
199.3902434158325
 21
183.8940031051636
 31
0.0
  0
LINE
  5
C08
330
A07
100
AcDbEntity
  8
AM_9
100
AcDbLine
 10
203.3902434158325
 20
186.1940031051636
 30
0.0
 11
203.3902434158325
 21
183.8940031051636
 31
0.0
  0
LINE
  5
C09
330
A07
100
AcDbEntity
  8
AM_9
100
AcDbLine
 10
202.3902434158325
 20
186.1940031051636
 30
0.0
 11
202.3902434158325
 21
183.8940031051636
 31
0.0
  0
LINE
  5
C0A
330
A07
100
AcDbEntity
  8
AM_9
100
AcDbLine
 10
162.7520933036797
 20
333.8940031051636
 30
0.0
 11
162.7520933036797
 21
331.5940031051636
 31
0.0
  0
LINE
  5
C0B
330
A07
100
AcDbEntity
  8
AM_9
100
AcDbLine
 10
171.5883935279853
 20
333.8940031051636
 30
0.0
 11
171.5883935279853
 21
331.5940031051636
 31
0.0
  0
LINE
  5
C0C
330
A07
100
AcDbEntity
  8
AM_9
100
AcDbLine
 10
146.2602434158325
 20
331.5940031051636
 30
0.0
 11
146.2602434158325
 21
333.8940031051636
 31
0.0
  0
LINE
  5
C0D
330
A07
100
AcDbEntity
  8
AM_9
100
AcDbLine
 10
160.0883935279853
 20
333.8940031051636
 30
0.0
 11
160.0883935279853
 21
331.5940031051636
 31
0.0
  0
LINE
  5
C0E
330
A07
100
AcDbEntity
  8
AM_9
100
AcDbLine
 10
205.4302434158325
 20
333.8940031051636
 30
0.0
 11
205.4302434158325
 21
331.5940031051636
 31
0.0
  0
LINE
  5
C0F
330
A07
100
AcDbEntity
  8
AM_9
100
AcDbLine
 10
197.3502434158325
 20
333.8940031051636
 30
0.0
 11
197.3502434158325
 21
331.5940031051636
 31
0.0
  0
LINE
  5
C10
330
A07
100
AcDbEntity
  8
AM_9
100
AcDbLine
 10
204.7202434158325
 20
186.1940031051636
 30
0.0
 11
204.7202434158325
 21
183.8940031051636
 31
0.0
  0
LINE
  5
C11
330
A07
100
AcDbEntity
  8
AM_9
100
AcDbLine
 10
205.0202434158325
 20
186.1940031051636
 30
0.0
 11
205.0202434158325
 21
183.8940031051636
 31
0.0
  0
LINE
  5
C12
330
A07
100
AcDbEntity
  8
AM_9
100
AcDbLine
 10
198.0602434158326
 20
186.1940031051636
 30
0.0
 11
198.0602434158326
 21
183.8940031051636
 31
0.0
  0
LINE
  5
C13
330
A07
100
AcDbEntity
  8
AM_9
100
AcDbLine
 10
197.7602434158325
 20
186.1940031051636
 30
0.0
 11
197.7602434158325
 21
183.8940031051636
 31
0.0
  0
LINE
  5
C14
330
A07
100
AcDbEntity
  8
AM_9
100
AcDbLine
 10
171.9888186318529
 20
333.8940031051636
 30
0.0
 11
171.9888186318529
 21
331.5940031051636
 31
0.0
  0
LINE
  5
C15
330
A07
100
AcDbEntity
  8
AM_9
100
AcDbLine
 10
162.3516681998122
 20
333.8940031051636
 30
0.0
 11
162.3516681998122
 21
331.5940031051636
 31
0.0
  0
LINE
  5
C16
330
A07
100
AcDbEntity
  8
AM_9
100
AcDbLine
 10
160.4888186318529
 20
333.8940031051636
 30
0.0
 11
160.4888186318529
 21
331.5940031051636
 31
0.0
  0
LINE
  5
C17
330
A07
100
AcDbEntity
  8
AM_9
100
AcDbLine
 10
160.5851261218456
 20
186.1940031051636
 30
0.0
 11
160.5851261218456
 21
183.8940031051636
 31
0.0
  0
LINE
  5
C18
330
A07
100
AcDbEntity
  8
AM_9
100
AcDbLine
 10
162.2553607098195
 20
186.1940031051636
 30
0.0
 11
162.2553607098195
 21
183.8940031051636
 31
0.0
  0
LINE
  5
C19
330
A07
100
AcDbEntity
  8
AM_9
100
AcDbLine
 10
188.1502434158325
 20
186.1940031051636
 30
0.0
 11
188.1502434158325
 21
183.8940031051636
 31
0.0
  0
LINE
  5
C1A
330
A07
100
AcDbEntity
  8
AM_9
100
AcDbLine
 10
174.1902434158325
 20
186.1940031051636
 30
0.0
 11
174.1902434158325
 21
183.8940031051636
 31
0.0
  0
LINE
  5
C1B
330
A07
100
AcDbEntity
  8
AM_9
100
AcDbLine
 10
173.842613800255
 20
333.8940031051636
 30
0.0
 11
173.842613800255
 21
331.5940031051636
 31
0.0
  0
LINE
  5
C1C
330
A07
100
AcDbEntity
  8
AM_9
100
AcDbLine
 10
184.49787303141
 20
333.8940031051636
 30
0.0
 11
184.49787303141
 21
331.5940031051636
 31
0.0
  0
LINE
  5
C1D
330
A07
100
AcDbEntity
  8
AM_9
100
AcDbLine
 10
186.342613800255
 20
333.8940031051636
 30
0.0
 11
186.342613800255
 21
331.5940031051636
 31
0.0
  0
LINE
  5
C1E
330
A07
100
AcDbEntity
  8
AM_9
100
AcDbLine
 10
193.9002434158325
 20
333.8940031051636
 30
0.0
 11
193.9002434158325
 21
331.5940031051636
 31
0.0
  0
LINE
  5
C1F
330
A07
100
AcDbEntity
  8
AM_9
100
AcDbLine
 10
168.4402434158325
 20
186.1940031051636
 30
0.0
 11
168.4402434158325
 21
183.8940031051636
 31
0.0
  0
LINE
  5
C20
330
A07
100
AcDbEntity
  8
AM_9
100
AcDbLine
 10
162.8515920473904
 20
186.1940031051636
 30
0.0
 11
162.8515920473904
 21
183.8940031051636
 31
0.0
  0
LINE
  5
C21
330
A07
100
AcDbEntity
  8
AM_9
100
AcDbLine
 10
159.9888947842747
 20
186.1940031051636
 30
0.0
 11
159.9888947842747
 21
183.8940031051636
 31
0.0
  0
LINE
  5
C22
330
A07
100
AcDbEntity
  8
AM_9
100
AcDbLine
 10
227.7602434158326
 20
325.8540031051635
 30
0.0
 11
228.7602434158325
 21
325.8540031051635
 31
0.0
  0
LINE
  5
C23
330
A07
100
AcDbEntity
  8
AM_9
100
AcDbLine
 10
228.2602434158326
 20
313.9836618833634
 30
0.0
 11
228.7602434158325
 21
313.9836618833634
 31
0.0
  0
LINE
  5
C24
330
A07
100
AcDbEntity
  8
AM_9
100
AcDbLine
 10
227.7602434158326
 20
205.041938872959
 30
0.0
 11
228.2602434158326
 21
205.041938872959
 31
0.0
  0
LINE
  5
C25
330
A07
100
AcDbEntity
  8
AM_9
100
AcDbLine
 10
204.4302434158325
 20
333.8940031051636
 30
0.0
 11
204.4302434158325
 21
331.5940031051636
 31
0.0
  0
LINE
  5
C26
330
A07
100
AcDbEntity
  8
AM_9
100
AcDbLine
 10
204.9302434158325
 20
333.8940031051636
 30
0.0
 11
204.9302434158325
 21
331.5940031051636
 31
0.0
  0
LINE
  5
C27
330
A07
100
AcDbEntity
  8
AM_9
100
AcDbLine
 10
198.3502434158325
 20
333.8940031051636
 30
0.0
 11
198.3502434158325
 21
331.5940031051636
 31
0.0
  0
LINE
  5
C28
330
A07
100
AcDbEntity
  8
AM_9
100
AcDbLine
 10
197.8502434158325
 20
333.8940031051636
 30
0.0
 11
197.8502434158325
 21
331.5940031051636
 31
0.0
  0
LINE
  5
C29
330
A07
100
AcDbEntity
  8
AM_9
100
AcDbLine
 10
169.1902434158325
 20
186.1940031051636
 30
0.0
 11
169.1902434158325
 21
183.8940031051636
 31
0.0
  0
LINE
  5
C2A
330
A07
100
AcDbEntity
  8
AM_9
100
AcDbLine
 10
228.2602434158326
 20
312.9842710563443
 30
0.0
 11
228.7602434158325
 21
312.9842710563443
 31
0.0
  0
LINE
  5
C2B
330
A07
100
AcDbEntity
  8
AM_9
100
AcDbLine
 10
209.480036251702
 20
186.1940031051636
 30
0.0
 11
209.480036251702
 21
183.8940031051636
 31
0.0
  0
LINE
  5
C2C
330
A07
100
AcDbEntity
  8
AM_9
100
AcDbLine
 10
211.080450579963
 20
186.1940031051636
 30
0.0
 11
211.080450579963
 21
183.8940031051636
 31
0.0
  0
LINE
  5
C2D
330
A07
100
AcDbEntity
  8
AM_9
100
AcDbLine
 10
211.7115920473904
 20
186.1940031051636
 30
0.0
 11
211.7115920473904
 21
183.8940031051636
 31
0.0
  0
LINE
  5
C2E
330
A07
100
AcDbEntity
  8
AM_9
100
AcDbLine
 10
211.2116681998122
 20
186.1940031051636
 30
0.0
 11
211.2116681998122
 21
183.8940031051636
 31
0.0
  0
LINE
  5
C2F
330
A07
100
AcDbEntity
  8
AM_9
100
AcDbLine
 10
209.3488186318529
 20
186.1940031051636
 30
0.0
 11
209.3488186318529
 21
183.8940031051636
 31
0.0
  0
LINE
  5
C30
330
A07
100
AcDbEntity
  8
AM_9
100
AcDbLine
 10
208.8488947842746
 20
186.1940031051636
 30
0.0
 11
208.8488947842746
 21
183.8940031051636
 31
0.0
  0
LINE
  5
C31
330
A07
100
AcDbEntity
  8
AM_9
100
AcDbLine
 10
193.1502434158325
 20
186.1940031051636
 30
0.0
 11
193.1502434158325
 21
183.8940031051636
 31
0.0
  0
LINE
  5
C32
330
A07
100
AcDbEntity
  8
AM_9
100
AcDbLine
 10
155.9302434158325
 20
186.1940031051636
 30
0.0
 11
155.9302434158325
 21
183.8940031051636
 31
0.0
  0
LINE
  5
C33
330
A07
100
AcDbEntity
  8
AM_9
100
AcDbLine
 10
192.6502434158325
 20
186.1940031051636
 30
0.0
 11
192.6502434158325
 21
183.8940031051636
 31
0.0
  0
LINE
  5
C34
330
A07
100
AcDbEntity
  8
AM_9
100
AcDbLine
 10
156.4302434158325
 20
186.1940031051636
 30
0.0
 11
156.4302434158325
 21
183.8940031051636
 31
0.0
  0
LINE
  5
C35
330
A07
100
AcDbEntity
  8
AM_9
100
AcDbLine
 10
162.7520933036797
 20
186.1940031051636
 30
0.0
 11
162.7520933036797
 21
183.8940031051636
 31
0.0
  0
LINE
  5
C36
330
A07
100
AcDbEntity
  8
AM_9
100
AcDbLine
 10
171.5883935279853
 20
186.1940031051636
 30
0.0
 11
171.5883935279853
 21
183.8940031051636
 31
0.0
  0
LINE
  5
C37
330
A07
100
AcDbEntity
  8
AM_9
100
AcDbLine
 10
160.0883935279853
 20
186.1940031051636
 30
0.0
 11
160.0883935279853
 21
183.8940031051636
 31
0.0
  0
LINE
  5
C38
330
A07
100
AcDbEntity
  8
AM_9
100
AcDbLine
 10
205.4302434158325
 20
186.1940031051636
 30
0.0
 11
205.4302434158325
 21
183.8940031051636
 31
0.0
  0
LINE
  5
C39
330
A07
100
AcDbEntity
  8
AM_9
100
AcDbLine
 10
197.3502434158325
 20
186.1940031051636
 30
0.0
 11
197.3502434158325
 21
183.8940031051636
 31
0.0
  0
LINE
  5
C3A
330
A07
100
AcDbEntity
  8
AM_9
100
AcDbLine
 10
171.9888186318529
 20
186.1940031051636
 30
0.0
 11
171.9888186318529
 21
183.8940031051636
 31
0.0
  0
LINE
  5
C3B
330
A07
100
AcDbEntity
  8
AM_9
100
AcDbLine
 10
162.3516681998122
 20
186.1940031051636
 30
0.0
 11
162.3516681998122
 21
183.8940031051636
 31
0.0
  0
LINE
  5
C3C
330
A07
100
AcDbEntity
  8
AM_9
100
AcDbLine
 10
160.4888186318529
 20
186.1940031051636
 30
0.0
 11
160.4888186318529
 21
183.8940031051636
 31
0.0
  0
LINE
  5
C3D
330
A07
100
AcDbEntity
  8
AM_9
100
AcDbLine
 10
186.342613800255
 20
186.1940031051636
 30
0.0
 11
186.342613800255
 21
183.8940031051636
 31
0.0
  0
LINE
  5
C3E
330
A07
100
AcDbEntity
  8
AM_9
100
AcDbLine
 10
193.9002434158325
 20
186.1940031051636
 30
0.0
 11
193.9002434158325
 21
183.8940031051636
 31
0.0
  0
LINE
  5
C3F
330
A07
100
AcDbEntity
  8
AM_9
100
AcDbLine
 10
173.842613800255
 20
186.1940031051636
 30
0.0
 11
173.842613800255
 21
183.8940031051636
 31
0.0
  0
LINE
  5
C40
330
A07
100
AcDbEntity
  8
AM_9
100
AcDbLine
 10
184.49787303141
 20
186.1940031051636
 30
0.0
 11
184.49787303141
 21
183.8940031051636
 31
0.0
  0
LINE
  5
C41
330
A07
100
AcDbEntity
  8
AM_9
100
AcDbLine
 10
119.7602434158325
 20
343.8940031439066
 30
0.0
 11
117.2602434158325
 21
343.8940031439066
 31
0.0
  0
LINE
  5
C42
330
A07
100
AcDbEntity
  8
AM_9
100
AcDbLine
 10
117.2602434158325
 20
341.2940031051636
 30
0.0
 11
119.7602434158325
 21
341.2940031051636
 31
0.0
  0
LINE
  5
C43
330
A07
100
AcDbEntity
  8
AM_9
100
AcDbLine
 10
119.7602434158325
 20
176.4940031051636
 30
0.0
 11
117.2602434158325
 21
176.4940031051636
 31
0.0
  0
LINE
  5
C44
330
A07
100
AcDbEntity
  8
AM_9
100
AcDbLine
 10
117.2602434158325
 20
171.2940031051636
 30
0.0
 11
119.7602434158325
 21
171.2940031051636
 31
0.0
  0
LINE
  5
C45
330
A07
100
AcDbEntity
  8
AM_9
100
AcDbLine
 10
204.4302434158325
 20
186.1940031051636
 30
0.0
 11
204.4302434158325
 21
183.8940031051636
 31
0.0
  0
LINE
  5
C46
330
A07
100
AcDbEntity
  8
AM_9
100
AcDbLine
 10
204.9302434158325
 20
186.1940031051636
 30
0.0
 11
204.9302434158325
 21
183.8940031051636
 31
0.0
  0
LINE
  5
C47
330
A07
100
AcDbEntity
  8
AM_9
100
AcDbLine
 10
197.8502434158325
 20
186.1940031051636
 30
0.0
 11
197.8502434158325
 21
183.8940031051636
 31
0.0
  0
LINE
  5
C48
330
A07
100
AcDbEntity
  8
AM_9
100
AcDbLine
 10
198.3502434158325
 20
186.1940031051636
 30
0.0
 11
198.3502434158325
 21
183.8940031051636
 31
0.0
  0
LINE
  5
C49
330
A07
100
AcDbEntity
  8
AM_9
100
AcDbLine
 10
150.3902434158325
 20
333.8940031051636
 30
0.0
 11
150.3902434158325
 21
331.5940031051636
 31
0.0
  0
LINE
  5
C4A
330
A07
100
AcDbEntity
  8
AM_9
100
AcDbLine
 10
154.3902434158325
 20
333.8940031051636
 30
0.0
 11
154.3902434158325
 21
331.5940031051636
 31
0.0
  0
LINE
  5
C4B
330
A07
100
AcDbEntity
  8
AM_9
100
AcDbLine
 10
151.3902434158325
 20
333.8940031051636
 30
0.0
 11
151.3902434158325
 21
331.5940031051636
 31
0.0
  0
LINE
  5
C4C
330
A07
100
AcDbEntity
  8
AM_9
100
AcDbLine
 10
153.3902434158325
 20
333.8940031051636
 30
0.0
 11
153.3902434158325
 21
331.5940031051636
 31
0.0
  0
LINE
  5
C4D
330
A07
100
AcDbEntity
  8
AM_9
100
AcDbLine
 10
184.5938536543097
 20
333.8940031051636
 30
0.0
 11
184.5938536543097
 21
331.5940031051636
 31
0.0
  0
LINE
  5
C4E
330
A07
100
AcDbEntity
  8
AM_9
100
AcDbLine
 10
160.5938536543097
 20
333.8940031051636
 30
0.0
 11
160.5938536543097
 21
331.5940031051636
 31
0.0
  0
LINE
  5
C4F
330
A07
100
AcDbEntity
  8
AM_9
100
AcDbLine
 10
186.2466331773554
 20
333.8940031051636
 30
0.0
 11
186.2466331773554
 21
331.5940031051636
 31
0.0
  0
LINE
  5
C50
330
A07
100
AcDbEntity
  8
AM_9
100
AcDbLine
 10
172.0938536543097
 20
333.8940031051636
 30
0.0
 11
172.0938536543097
 21
331.5940031051636
 31
0.0
  0
LINE
  5
C51
330
A07
100
AcDbEntity
  8
AM_9
100
AcDbLine
 10
162.2466331773554
 20
333.8940031051636
 30
0.0
 11
162.2466331773554
 21
331.5940031051636
 31
0.0
  0
LINE
  5
C52
330
A07
100
AcDbEntity
  8
AM_9
100
AcDbLine
 10
173.7466331773554
 20
333.8940031051636
 30
0.0
 11
173.7466331773554
 21
331.5940031051636
 31
0.0
  0
LINE
  5
C53
330
A07
100
AcDbEntity
  8
AM_9
100
AcDbLine
 10
155.7202434158325
 20
333.8940031051636
 30
0.0
 11
155.7202434158325
 21
331.5940031051636
 31
0.0
  0
LINE
  5
C54
330
A07
100
AcDbEntity
  8
AM_9
100
AcDbLine
 10
156.0202434158325
 20
333.8940031051636
 30
0.0
 11
156.0202434158325
 21
331.5940031051636
 31
0.0
  0
LINE
  5
C55
330
A07
100
AcDbEntity
  8
AM_9
100
AcDbLine
 10
149.0602434158325
 20
333.8940031051636
 30
0.0
 11
149.0602434158325
 21
331.5940031051636
 31
0.0
  0
LINE
  5
C56
330
A07
100
AcDbEntity
  8
AM_9
100
AcDbLine
 10
148.7602434158325
 20
333.8940031051636
 30
0.0
 11
148.7602434158325
 21
331.5940031051636
 31
0.0
  0
LINE
  5
C57
330
A07
100
AcDbEntity
  8
AM_9
100
AcDbLine
 10
185.0937775018879
 20
333.8940031051636
 30
0.0
 11
185.0937775018879
 21
331.5940031051636
 31
0.0
  0
LINE
  5
C58
330
A07
100
AcDbEntity
  8
AM_9
100
AcDbLine
 10
161.0937775018879
 20
333.8940031051636
 30
0.0
 11
161.0937775018879
 21
331.5940031051636
 31
0.0
  0
LINE
  5
C59
330
A07
100
AcDbEntity
  8
AM_9
100
AcDbLine
 10
185.7467093297772
 20
333.8940031051636
 30
0.0
 11
185.7467093297772
 21
331.5940031051636
 31
0.0
  0
LINE
  5
C5A
330
A07
100
AcDbEntity
  8
AM_9
100
AcDbLine
 10
173.2467093297772
 20
333.8940031051636
 30
0.0
 11
173.2467093297772
 21
331.5940031051636
 31
0.0
  0
LINE
  5
C5B
330
A07
100
AcDbEntity
  8
AM_9
100
AcDbLine
 10
161.7467093297772
 20
333.8940031051636
 30
0.0
 11
161.7467093297772
 21
331.5940031051636
 31
0.0
  0
LINE
  5
C5C
330
A07
100
AcDbEntity
  8
AM_9
100
AcDbLine
 10
172.5937775018879
 20
333.8940031051636
 30
0.0
 11
172.5937775018879
 21
331.5940031051636
 31
0.0
  0
LINE
  5
C5D
330
A07
100
AcDbEntity
  8
AM_9
100
AcDbLine
 10
146.2602434158325
 20
331.5940031051636
 30
0.0
 11
224.7602434158325
 21
331.5940031051636
 31
0.0
  0
LINE
  5
C5E
330
A07
100
AcDbEntity
  8
AM_9
100
AcDbLine
 10
114.4102434158325
 20
333.5360043019544
 30
0.0
 11
114.4102434158325
 21
330.8940031051636
 31
0.0
  0
LINE
  5
C5F
330
A07
100
AcDbEntity
  8
AM_9
100
AcDbLine
 10
110.9102434158325
 20
330.8940031051636
 30
0.0
 11
114.4102434158325
 21
330.8940031051636
 31
0.0
  0
LINE
  5
C60
330
A07
100
AcDbEntity
  8
AM_9
100
AcDbLine
 10
110.9102434158325
 20
333.4749115747056
 30
0.0
 11
110.9102434158325
 21
330.8940031051636
 31
0.0
  0
LINE
  5
C61
330
A07
100
AcDbEntity
  8
AM_9
100
AcDbLine
 10
150.3902434158325
 20
186.1940031051636
 30
0.0
 11
150.3902434158325
 21
183.8940031051636
 31
0.0
  0
LINE
  5
C62
330
A07
100
AcDbEntity
  8
AM_9
100
AcDbLine
 10
154.3902434158325
 20
186.1940031051636
 30
0.0
 11
154.3902434158325
 21
183.8940031051636
 31
0.0
  0
LINE
  5
C63
330
A07
100
AcDbEntity
  8
AM_9
100
AcDbLine
 10
153.3902434158325
 20
186.1940031051636
 30
0.0
 11
153.3902434158325
 21
183.8940031051636
 31
0.0
  0
LINE
  5
C64
330
A07
100
AcDbEntity
  8
AM_9
100
AcDbLine
 10
151.3902434158325
 20
186.1940031051636
 30
0.0
 11
151.3902434158325
 21
183.8940031051636
 31
0.0
  0
LINE
  5
C65
330
A07
100
AcDbEntity
  8
AM_9
100
AcDbLine
 10
111.5602434158325
 20
333.486257366909
 30
0.0
 11
111.5602434158325
 21
330.8940031051636
 31
0.0
  0
LINE
  5
C66
330
A07
100
AcDbEntity
  8
AM_9
100
AcDbLine
 10
113.7602434158325
 20
333.5246585097511
 30
0.0
 11
113.7602434158325
 21
330.8940031051636
 31
0.0
  0
LINE
  5
C67
330
A07
100
AcDbEntity
  8
AM_9
100
AcDbLine
 10
160.5938536543097
 20
186.1940031051636
 30
0.0
 11
160.5938536543097
 21
183.8940031051636
 31
0.0
  0
LINE
  5
C68
330
A07
100
AcDbEntity
  8
AM_9
100
AcDbLine
 10
184.5938536543097
 20
186.1940031051636
 30
0.0
 11
184.5938536543097
 21
183.8940031051636
 31
0.0
  0
LINE
  5
C69
330
A07
100
AcDbEntity
  8
AM_9
100
AcDbLine
 10
186.2466331773554
 20
186.1940031051636
 30
0.0
 11
186.2466331773554
 21
183.8940031051636
 31
0.0
  0
LINE
  5
C6A
330
A07
100
AcDbEntity
  8
AM_9
100
AcDbLine
 10
173.7466331773554
 20
186.1940031051636
 30
0.0
 11
173.7466331773554
 21
183.8940031051636
 31
0.0
  0
LINE
  5
C6B
330
A07
100
AcDbEntity
  8
AM_9
100
AcDbLine
 10
172.0938536543097
 20
186.1940031051636
 30
0.0
 11
172.0938536543097
 21
183.8940031051636
 31
0.0
  0
LINE
  5
C6C
330
A07
100
AcDbEntity
  8
AM_9
100
AcDbLine
 10
162.2466331773554
 20
186.1940031051636
 30
0.0
 11
162.2466331773554
 21
183.8940031051636
 31
0.0
  0
LINE
  5
C6D
330
A07
100
AcDbEntity
  8
AM_9
100
AcDbLine
 10
155.7202434158325
 20
186.1940031051636
 30
0.0
 11
155.7202434158325
 21
183.8940031051636
 31
0.0
  0
LINE
  5
C6E
330
A07
100
AcDbEntity
  8
AM_9
100
AcDbLine
 10
156.0202434158325
 20
186.1940031051636
 30
0.0
 11
156.0202434158325
 21
183.8940031051636
 31
0.0
  0
LINE
  5
C6F
330
A07
100
AcDbEntity
  8
AM_9
100
AcDbLine
 10
148.7602434158325
 20
186.1940031051636
 30
0.0
 11
148.7602434158325
 21
183.8940031051636
 31
0.0
  0
LINE
  5
C70
330
A07
100
AcDbEntity
  8
AM_9
100
AcDbLine
 10
148.7602434158325
 20
186.1940031051636
 30
0.0
 11
228.7602434158325
 21
186.1940031051636
 31
0.0
  0
LINE
  5
C71
330
A07
100
AcDbEntity
  8
AM_9
100
AcDbLine
 10
149.0602434158325
 20
186.1940031051636
 30
0.0
 11
149.0602434158325
 21
183.8940031051636
 31
0.0
  0
LINE
  5
C72
330
A07
100
AcDbEntity
  8
AM_9
100
AcDbLine
 10
113.0602434158325
 20
333.5124399643013
 30
0.0
 11
113.0602434158325
 21
330.8940031051636
 31
0.0
  0
LINE
  5
C73
330
A07
100
AcDbEntity
  8
AM_9
100
AcDbLine
 10
112.2602434158325
 20
333.4984759123587
 30
0.0
 11
112.2602434158325
 21
330.8940031051636
 31
0.0
  0
LINE
  5
C74
330
A07
100
AcDbEntity
  8
AM_9
100
AcDbLine
 10
185.0937775018879
 20
186.1940031051636
 30
0.0
 11
185.0937775018879
 21
183.8940031051636
 31
0.0
  0
LINE
  5
C75
330
A07
100
AcDbEntity
  8
AM_9
100
AcDbLine
 10
185.7467093297772
 20
186.1940031051636
 30
0.0
 11
185.7467093297772
 21
183.8940031051636
 31
0.0
  0
LINE
  5
C76
330
A07
100
AcDbEntity
  8
AM_9
100
AcDbLine
 10
173.2467093297772
 20
186.1940031051636
 30
0.0
 11
173.2467093297772
 21
183.8940031051636
 31
0.0
  0
LINE
  5
C77
330
A07
100
AcDbEntity
  8
AM_9
100
AcDbLine
 10
161.7467093297772
 20
186.1940031051636
 30
0.0
 11
161.7467093297772
 21
183.8940031051636
 31
0.0
  0
LINE
  5
C78
330
A07
100
AcDbEntity
  8
AM_9
100
AcDbLine
 10
172.5937775018879
 20
186.1940031051636
 30
0.0
 11
172.5937775018879
 21
183.8940031051636
 31
0.0
  0
LINE
  5
C79
330
A07
100
AcDbEntity
  8
AM_9
100
AcDbLine
 10
161.0937775018879
 20
186.1940031051636
 30
0.0
 11
161.0937775018879
 21
183.8940031051636
 31
0.0
  0
LINE
  5
C7A
330
A07
100
AcDbEntity
  8
AM_9
100
AcDbLine
 10
109.9102434158325
 20
333.4574565097774
 30
0.0
 11
109.9102434158325
 21
328.8940031051636
 31
0.0
  0
LINE
  5
C7B
330
A07
100
AcDbEntity
  8
AM_9
100
AcDbLine
 10
115.4102434158325
 20
328.8940031051636
 30
0.0
 11
115.4102434158325
 21
333.5534593668826
 31
0.0
  0
LINE
  5
C7C
330
A07
100
AcDbEntity
  8
AM_9
100
AcDbLine
 10
109.4102434158325
 20
333.4487289773133
 30
0.0
 11
109.4102434158325
 21
328.8940031051636
 31
0.0
  0
LINE
  5
C7D
330
A07
100
AcDbEntity
  8
AM_9
100
AcDbLine
 10
115.9102434158325
 20
328.8940031051636
 30
0.0
 11
115.9102434158325
 21
333.5621868993467
 31
0.0
  0
LINE
  5
C7E
330
A07
100
AcDbEntity
  8
AM_9
100
AcDbLine
 10
117.1602434158324
 20
328.8940031051636
 30
0.0
 11
117.1602434158324
 21
333.584005730507
 31
0.0
  0
LINE
  5
C7F
330
A07
100
AcDbEntity
  8
AM_9
100
AcDbLine
 10
112.6432423031243
 20
328.8940031051636
 30
0.0
 11
112.6432423031243
 21
333.5051611828039
 31
0.0
  0
LINE
  5
C80
330
A07
100
AcDbEntity
  8
AM_9
100
AcDbLine
 10
108.6602434158325
 20
328.8940031051636
 30
0.0
 11
117.6602434158325
 21
328.8940031051636
 31
0.0
  0
LINE
  5
C81
330
A07
100
AcDbEntity
  8
AM_9
100
AcDbLine
 10
112.6602434158325
 20
328.8940031051636
 30
0.0
 11
112.6602434158325
 21
333.50545793833
 31
0.0
  0
LINE
  5
C82
330
A07
100
AcDbEntity
  8
AM_9
100
AcDbLine
 10
117.6602434158325
 20
328.8940031051636
 30
0.0
 11
117.6602434158325
 21
333.5927332629711
 31
0.0
  0
LINE
  5
C83
330
A07
100
AcDbEntity
  8
AM_9
100
AcDbLine
 10
100.4602434158325
 20
195.0940031170845
 30
0.0
 11
98.69073984726589
 21
195.0940031170845
 31
0.0
  0
LINE
  5
C84
330
A07
100
AcDbEntity
  8
AM_9
100
AcDbLine
 10
100.4602434158325
 20
189.7940031051636
 30
0.0
 11
98.8977536662397
 21
189.7940031051636
 31
0.0
  0
LINE
  5
C85
330
A07
100
AcDbEntity
  8
AM_9
100
AcDbLine
 10
100.4602434158325
 20
189.894003111124
 30
0.0
 11
98.8936944444199
 21
189.894003111124
 31
0.0
  0
LINE
  5
C86
330
A07
100
AcDbEntity
  8
AM_9
100
AcDbLine
 10
100.4602434158325
 20
194.9940031051636
 30
0.0
 11
98.69449248631938
 21
194.9940031051636
 31
0.0
  0
LINE
  5
C87
330
A07
100
AcDbEntity
  8
AM_9
100
AcDbLine
 10
130.2602434158325
 20
188.8940031051636
 30
0.0
 11
130.2602434158325
 21
183.8940031051636
 31
0.0
  0
LINE
  5
C88
330
A07
100
AcDbEntity
  8
AM_9
100
AcDbLine
 10
130.4602434158325
 20
188.8940031051636
 30
0.0
 11
130.4602434158325
 21
183.8940031051636
 31
0.0
  0
LINE
  5
C89
330
A07
100
AcDbEntity
  8
AM_9
100
AcDbLine
 10
128.4602434158325
 20
188.8940031051636
 30
0.0
 11
130.4602434158325
 21
188.8940031051636
 31
0.0
  0
LINE
  5
C8A
330
A07
100
AcDbEntity
  8
AM_9
100
AcDbLine
 10
128.6602434158325
 20
188.8940031051636
 30
0.0
 11
128.6602434158325
 21
183.8940031051636
 31
0.0
  0
LINE
  5
C8B
330
A07
100
AcDbEntity
  8
AM_9
100
AcDbLine
 10
128.4602434158325
 20
188.8940031051636
 30
0.0
 11
128.4602434158325
 21
183.8940031051636
 31
0.0
  0
LINE
  5
C8C
330
A07
100
AcDbEntity
  8
AM_9
100
AcDbLine
 10
103.9702434158325
 20
291.4840031051635
 30
0.0
 11
97.81121706779409
 21
291.4840031051635
 31
0.0
  0
LINE
  5
C8D
330
A07
100
AcDbEntity
  8
AM_9
100
AcDbLine
 10
98.12024341583252
 20
257.0037777323224
 30
0.0
 11
102.1202434158325
 21
257.0037777323224
 31
0.0
  0
LINE
  5
C8E
330
A07
100
AcDbEntity
  8
AM_9
100
AcDbLine
 10
102.1202434158325
 20
258.0037777323223
 30
0.0
 11
98.12024341583252
 21
258.0037777323223
 31
0.0
  0
LINE
  5
C8F
330
A07
100
AcDbEntity
  8
AM_9
100
AcDbLine
 10
98.12024341583252
 20
224.1102284780048
 30
0.0
 11
102.1202434158325
 21
224.1102284780048
 31
0.0
  0
LINE
  5
C90
330
A07
100
AcDbEntity
  8
AM_9
100
AcDbLine
 10
98.12024341583252
 20
223.1102284780048
 30
0.0
 11
102.1202434158325
 21
223.1102284780048
 31
0.0
  0
LINE
  5
C91
330
A07
100
AcDbEntity
  8
AM_9
100
AcDbLine
 10
106.0202434158325
 20
218.5940031051636
 30
0.0
 11
102.5202434158325
 21
218.7940031051636
 31
0.0
  0
LINE
  5
C92
330
A07
100
AcDbEntity
  8
AM_9
100
AcDbLine
 10
102.5202434158325
 20
216.3940031051636
 30
0.0
 11
106.0202434158325
 21
216.5940031051636
 31
0.0
  0
LINE
  5
C93
330
A07
100
AcDbEntity
  8
AM_9
100
AcDbLine
 10
106.0202434158325
 20
218.5940031051636
 30
0.0
 11
106.0202434158325
 21
216.5940031051636
 31
0.0
  0
LINE
  5
C94
330
A07
100
AcDbEntity
  8
AM_9
100
AcDbLine
 10
106.0202434158325
 20
265.0940031051636
 30
0.0
 11
102.5202434158325
 21
265.2940031051636
 31
0.0
  0
LINE
  5
C95
330
A07
100
AcDbEntity
  8
AM_9
100
AcDbLine
 10
102.5202434158325
 20
262.8940031051636
 30
0.0
 11
106.0202434158325
 21
263.0940031051636
 31
0.0
  0
LINE
  5
C96
330
A07
100
AcDbEntity
  8
AM_9
100
AcDbLine
 10
106.0202434158325
 20
265.0940031051636
 30
0.0
 11
106.0202434158325
 21
263.0940031051636
 31
0.0
  0
LINE
  5
C97
330
A07
100
AcDbEntity
  8
AM_9
100
AcDbLine
 10
98.12024341583252
 20
256.8740031051635
 30
0.0
 11
102.1202434158325
 21
256.8740031051635
 31
0.0
  0
LINE
  5
C98
330
A07
100
AcDbEntity
  8
AM_9
100
AcDbLine
 10
98.12024341583252
 20
224.3940031051636
 30
0.0
 11
102.1202434158325
 21
224.3940031051636
 31
0.0
  0
LINE
  5
C99
330
A07
100
AcDbEntity
  8
AM_9
100
AcDbLine
 10
102.1202434158325
 20
262.1940031051636
 30
0.0
 11
102.5202434158325
 21
262.1940031051636
 31
0.0
  0
LINE
  5
C9A
330
A07
100
AcDbEntity
  8
AM_9
100
AcDbLine
 10
102.5202434158325
 20
265.9940031051636
 30
0.0
 11
102.1202434158325
 21
265.9940031051636
 31
0.0
  0
LINE
  5
C9B
330
A07
100
AcDbEntity
  8
AM_9
100
AcDbLine
 10
102.5202434158325
 20
265.9940031051636
 30
0.0
 11
102.5202434158325
 21
262.1940031051636
 31
0.0
  0
LINE
  5
C9C
330
A07
100
AcDbEntity
  8
AM_9
100
AcDbLine
 10
102.1202434158325
 20
215.6940031051636
 30
0.0
 11
102.5202434158325
 21
215.6940031051636
 31
0.0
  0
LINE
  5
C9D
330
A07
100
AcDbEntity
  8
AM_9
100
AcDbLine
 10
102.5202434158325
 20
219.4940031051636
 30
0.0
 11
102.1202434158325
 21
219.4940031051636
 31
0.0
  0
LINE
  5
C9E
330
A07
100
AcDbEntity
  8
AM_9
100
AcDbLine
 10
102.5202434158325
 20
219.4940031051636
 30
0.0
 11
102.5202434158325
 21
215.6940031051636
 31
0.0
  0
LINE
  5
C9F
330
A07
100
AcDbEntity
  8
AM_9
100
AcDbLine
 10
103.9702434158325
 20
293.5440031051635
 30
0.0
 11
99.12024341583252
 21
293.5440031051635
 31
0.0
  0
LINE
  5
CA0
330
A07
100
AcDbEntity
  8
AM_9
100
AcDbLine
 10
103.9702434158325
 20
293.2440031051636
 30
0.0
 11
99.12024341583252
 21
293.2440031051636
 31
0.0
  0
LINE
  5
CA1
330
A07
100
AcDbEntity
  8
AM_9
100
AcDbLine
 10
103.9702434158325
 20
299.6440031051636
 30
0.0
 11
99.12024341583252
 21
299.6440031051636
 31
0.0
  0
LINE
  5
CA2
330
A07
100
AcDbEntity
  8
AM_9
100
AcDbLine
 10
103.9702434158325
 20
299.9440031051636
 30
0.0
 11
99.12024341583252
 21
299.9440031051636
 31
0.0
  0
LINE
  5
CA3
330
A07
100
AcDbEntity
  8
AM_9
100
AcDbLine
 10
98.12024341583252
 20
223.1443026517157
 30
0.0
 11
102.1202434158325
 21
223.1443026517157
 31
0.0
  0
LINE
  5
CA4
330
A07
100
AcDbEntity
  8
AM_9
100
AcDbLine
 10
98.12024341583252
 20
257.9697035586114
 30
0.0
 11
102.1202434158325
 21
257.9697035586114
 31
0.0
  0
LINE
  5
CA5
330
A07
100
AcDbEntity
  8
AM_9
100
AcDbLine
 10
100.4602434158325
 20
189.786896323977
 30
0.0
 11
98.89804237066683
 21
189.786896323977
 31
0.0
  0
LINE
  5
CA6
330
A07
100
AcDbEntity
  8
AM_9
100
AcDbLine
 10
100.4602434158325
 20
189.4940031051636
 30
0.0
 11
98.90996671265633
 21
189.4940031051636
 31
0.0
  0
LINE
  5
CA7
330
A07
100
AcDbEntity
  8
AM_9
100
AcDbLine
 10
103.9702434158325
 20
293.9440031051636
 30
0.0
 11
99.12024341583252
 21
293.9440031051636
 31
0.0
  0
LINE
  5
CA8
330
A07
100
AcDbEntity
  8
AM_9
100
AcDbLine
 10
103.9702434158325
 20
299.2440031051636
 30
0.0
 11
99.12024341583252
 21
299.2440031051636
 31
0.0
  0
LINE
  5
CA9
330
A07
100
AcDbEntity
  8
AM_9
100
AcDbLine
 10
100.4602434158325
 20
195.1011098863501
 30
0.0
 11
98.69047338024899
 21
195.1011098863501
 31
0.0
  0
LINE
  5
CAA
330
A07
100
AcDbEntity
  8
AM_9
100
AcDbLine
 10
100.4602434158325
 20
195.3940031051636
 30
0.0
 11
98.67951730031726
 21
195.3940031051636
 31
0.0
  0
LINE
  5
CAB
330
A07
100
AcDbEntity
  8
AM_9
100
AcDbLine
 10
103.9702434158325
 20
292.7440031051636
 30
0.0
 11
99.12024341583252
 21
292.7440031051636
 31
0.0
  0
LINE
  5
CAC
330
A07
100
AcDbEntity
  8
AM_9
100
AcDbLine
 10
103.9702434158325
 20
300.4440031051636
 30
0.0
 11
99.12024341583252
 21
300.4440031051636
 31
0.0
  0
LINE
  5
CAD
330
A07
100
AcDbEntity
  8
AM_9
100
AcDbLine
 10
98.6609309470721
 20
195.8940031051636
 30
0.0
 11
98.6761627634722
 21
195.4839525988247
 31
0.0
  0
LINE
  5
CAE
330
A07
100
AcDbEntity
  8
AM_9
100
AcDbLine
 10
100.4602434158325
 20
195.8940031051636
 30
0.0
 11
98.6609309470721
 21
195.8940031051636
 31
0.0
  0
LINE
  5
CAF
330
A07
100
AcDbEntity
  8
AM_9
100
AcDbLine
 10
98.91363891257669
 20
189.4040536115024
 30
0.0
 11
98.93043973150657
 21
188.9940031051636
 31
0.0
  0
LINE
  5
CB0
330
A07
100
AcDbEntity
  8
AM_9
100
AcDbLine
 10
100.4602434158325
 20
188.9940031051636
 30
0.0
 11
98.93043973150677
 21
188.9940031051636
 31
0.0
  0
LINE
  5
CB1
330
A07
100
AcDbEntity
  8
AM_9
100
AcDbLine
 10
98.12024341583252
 20
224.3232790984126
 30
0.0
 11
102.1202434158325
 21
224.3232790984126
 31
0.0
  0
LINE
  5
CB2
330
A07
100
AcDbEntity
  8
AM_9
100
AcDbLine
 10
98.12024341583252
 20
225.2892049247017
 30
0.0
 11
102.1202434158325
 21
225.2892049247017
 31
0.0
  0
LINE
  5
CB3
330
A07
100
AcDbEntity
  8
AM_9
100
AcDbLine
 10
98.12024341583252
 20
223.1102284780048
 30
0.0
 11
98.12024341583252
 21
258.0037777323223
 31
0.0
  0
LINE
  5
CB4
330
A07
100
AcDbEntity
  8
AM_9
100
AcDbLine
 10
98.12024341583252
 20
256.7907271119145
 30
0.0
 11
102.1202434158325
 21
256.7907271119145
 31
0.0
  0
LINE
  5
CB5
330
A07
100
AcDbEntity
  8
AM_9
100
AcDbLine
 10
98.12024341583252
 20
255.8248012856254
 30
0.0
 11
102.1202434158325
 21
255.8248012856254
 31
0.0
  0
LINE
  5
CB6
330
A07
100
AcDbEntity
  8
AM_9
100
AcDbLine
 10
103.9702434158325
 20
299.7440031051636
 30
0.0
 11
99.12024341583252
 21
299.7440031051636
 31
0.0
  0
LINE
  5
CB7
330
A07
100
AcDbEntity
  8
AM_9
100
AcDbLine
 10
103.9702434158325
 20
293.4440031051636
 30
0.0
 11
99.12024341583252
 21
293.4440031051636
 31
0.0
  0
LINE
  5
CB8
330
A07
100
AcDbEntity
  8
AM_9
100
AcDbLine
 10
100.4602434158325
 20
193.901125129215
 30
0.0
 11
98.73588849951169
 21
193.901125129215
 31
0.0
  0
LINE
  5
CB9
330
A07
100
AcDbEntity
  8
AM_9
100
AcDbLine
 10
100.4602434158325
 20
191.0400186160027
 30
0.0
 11
98.84759614844612
 21
191.0400186160027
 31
0.0
  0
LINE
  5
CBA
330
A07
100
AcDbEntity
  8
AM_9
100
AcDbLine
 10
100.4602434158325
 20
193.5122163995624
 30
0.0
 11
98.7507894402058
 21
193.5122163995624
 31
0.0
  0
LINE
  5
CBB
330
A07
100
AcDbEntity
  8
AM_9
100
AcDbLine
 10
100.4602434158325
 20
191.4289273456553
 30
0.0
 11
98.83212834959569
 21
191.4289273456553
 31
0.0
  0
LINE
  5
CBC
330
A07
100
AcDbEntity
  8
AM_9
100
AcDbLine
 10
103.9702434158325
 20
294.5440031051635
 30
0.0
 11
99.12024341583252
 21
294.5440031051635
 31
0.0
  0
LINE
  5
CBD
330
A07
100
AcDbEntity
  8
AM_9
100
AcDbLine
 10
103.9702434158325
 20
294.2440031051635
 30
0.0
 11
99.12024341583252
 21
294.2440031051635
 31
0.0
  0
LINE
  5
CBE
330
A07
100
AcDbEntity
  8
AM_9
100
AcDbLine
 10
103.9702434158325
 20
298.6440031051636
 30
0.0
 11
99.12024341583252
 21
298.6440031051636
 31
0.0
  0
LINE
  5
CBF
330
A07
100
AcDbEntity
  8
AM_9
100
AcDbLine
 10
103.9702434158325
 20
298.9440031051636
 30
0.0
 11
99.12024341583252
 21
298.9440031051636
 31
0.0
  0
LINE
  5
CC0
330
A07
100
AcDbEntity
  8
AM_9
100
AcDbLine
 10
100.4602434158325
 20
195.4839525988247
 30
0.0
 11
98.67616276347239
 21
195.4839525988247
 31
0.0
  0
LINE
  5
CC1
330
A07
100
AcDbEntity
  8
AM_9
100
AcDbLine
 10
100.4602434158325
 20
189.4040536115024
 30
0.0
 11
98.91363891257669
 21
189.4040536115024
 31
0.0
  0
LINE
  5
CC2
330
A07
100
AcDbEntity
  8
AM_9
100
AcDbLine
 10
103.9702434158325
 20
214.8440031051636
 30
0.0
 11
102.1202434158325
 21
214.8440031051636
 31
0.0
  0
LINE
  5
CC3
330
A07
100
AcDbEntity
  8
AM_9
100
AcDbLine
 10
102.1202434158325
 20
214.8440031051636
 30
0.0
 11
102.1202434158325
 21
267.6240031051636
 31
0.0
  0
LINE
  5
CC4
330
A07
100
AcDbEntity
  8
AM_9
100
AcDbLine
 10
103.9702434158325
 20
267.6240031051636
 30
0.0
 11
102.1202434158325
 21
267.6240031051636
 31
0.0
  0
LINE
  5
CC5
330
A07
100
AcDbEntity
  8
AM_9
100
AcDbLine
 10
98.7255531028353
 20
194.1722516630363
 30
0.0
 11
98.75123972623487
 21
193.5005002209091
 31
0.0
  0
LINE
  5
CC6
330
A07
100
AcDbEntity
  8
AM_9
100
AcDbLine
 10
100.4602434158325
 20
194.1722516630363
 30
0.0
 11
98.7255531028353
 21
194.1722516630363
 31
0.0
  0
LINE
  5
CC7
330
A07
100
AcDbEntity
  8
AM_9
100
AcDbLine
 10
98.83377152926202
 20
191.387505989418
 30
0.0
 11
98.86056105859613
 21
190.7157545472908
 31
0.0
  0
LINE
  5
CC8
330
A07
100
AcDbEntity
  8
AM_9
100
AcDbLine
 10
100.4602434158325
 20
190.7157545472908
 30
0.0
 11
98.86056105859612
 21
190.7157545472908
 31
0.0
  0
LINE
  5
CC9
330
A07
100
AcDbEntity
  8
AM_9
100
AcDbLine
 10
100.4602434158325
 20
191.387505989418
 30
0.0
 11
98.83377152926202
 21
191.387505989418
 31
0.0
  0
LINE
  5
CCA
330
A07
100
AcDbEntity
  8
AM_9
100
AcDbLine
 10
100.4602434158325
 20
193.5005002209091
 30
0.0
 11
98.75123972623494
 21
193.5005002209091
 31
0.0
  0
LINE
  5
CCB
330
A07
100
AcDbEntity
  8
AM_9
100
AcDbLine
 10
103.9702434158325
 20
299.4440031051636
 30
0.0
 11
99.12024341583252
 21
299.4440031051636
 31
0.0
  0
LINE
  5
CCC
330
A07
100
AcDbEntity
  8
AM_9
100
AcDbLine
 10
103.9702434158325
 20
298.7440031051636
 30
0.0
 11
99.12024341583252
 21
298.7440031051635
 31
0.0
  0
LINE
  5
CCD
330
A07
100
AcDbEntity
  8
AM_9
100
AcDbLine
 10
99.12024341583252
 20
292.7440031051636
 30
0.0
 11
99.12024341583252
 21
300.4440031051636
 31
0.0
  0
LINE
  5
CCE
330
A07
100
AcDbEntity
  8
AM_9
100
AcDbLine
 10
103.9702434158325
 20
293.7440031051636
 30
0.0
 11
99.12024341583252
 21
293.7440031051636
 31
0.0
  0
LINE
  5
CCF
330
A07
100
AcDbEntity
  8
AM_9
100
AcDbLine
 10
103.9702434158325
 20
294.4440031051636
 30
0.0
 11
99.12024341583252
 21
294.4440031051636
 31
0.0
  0
LINE
  5
CD0
330
A07
100
AcDbEntity
  8
AM_9
100
AcDbLine
 10
103.9702434158325
 20
302.2840031051635
 30
0.0
 11
98.0532626799944
 21
302.2840031051635
 31
0.0
  0
LINE
  5
CD1
330
A07
100
AcDbEntity
  8
AM_9
100
AcDbLine
 10
103.9702434158325
 20
214.1940031051635
 30
0.0
 11
103.9702434158325
 21
302.2840031051635
 31
0.0
  0
LINE
  5
CD2
330
A07
100
AcDbEntity
  8
AM_9
100
AcDbLine
 10
100.4602434158325
 20
187.6940031051636
 30
0.0
 11
98.98435957328626
 21
187.6940031051636
 31
0.0
  0
LINE
  5
CD3
330
A07
100
AcDbEntity
  8
AM_9
100
AcDbLine
 10
100.4602434158325
 20
197.1940031051636
 30
0.0
 11
98.6132960676949
 21
197.1940031051636
 31
0.0
  0
LINE
  5
CD4
330
A07
100
AcDbEntity
  8
AM_9
100
AcDbLine
 10
100.4602434158325
 20
187.6940031051636
 30
0.0
 11
100.4602434158325
 21
197.1940031051636
 31
0.0
  0
LINE
  5
CD5
330
A07
100
AcDbEntity
  8
AM_9
100
AcDbLine
 10
103.9702434158325
 20
267.6940031051636
 30
0.0
 11
97.5201802772259
 21
267.6940031051636
 31
0.0
  0
LINE
  5
CD6
330
A07
100
AcDbEntity
  8
AM_9
100
AcDbLine
 10
103.9702434158325
 20
214.1940031051635
 30
0.0
 11
98.082030343333
 21
214.1940031051635
 31
0.0
  0
LINE
  5
CD7
330
A07
100
AcDbEntity
  8
AM_9
100
AcDbLine
 10
100.4602434158325
 20
199.1940031051636
 30
0.0
 11
98.5419566152395
 21
199.1940031051636
 31
0.0
  0
LINE
  5
CD8
330
A07
100
AcDbEntity
  8
AM_9
100
AcDbLine
 10
100.4602434158325
 20
199.1940031051636
 30
0.0
 11
100.4602434158325
 21
212.8940031051636
 31
0.0
  0
LINE
  5
CD9
330
A07
100
AcDbEntity
  8
AM_9
100
AcDbLine
 10
100.4602434158325
 20
212.8940031051636
 30
0.0
 11
98.11664553997672
 21
212.8940031051636
 31
0.0
  0
LINE
  5
CDA
330
A07
100
AcDbEntity
  8
AM_9
100
AcDbLine
 10
100.4602434158325
 20
189.4440031051636
 30
0.0
 11
98.91200738027676
 21
189.4440031051636
 31
0.0
  0
LINE
  5
CDB
330
A07
100
AcDbEntity
  8
AM_9
100
AcDbLine
 10
100.4602434158325
 20
195.4440031051636
 30
0.0
 11
98.67765203359507
 21
195.4440031051636
 31
0.0
  0
LINE
  5
CDC
330
A07
100
AcDbEntity
  8
AM_9
100
AcDbLine
 10
183.5992434158325
 20
185.8940031051636
 30
0.0
 11
185.2992434158326
 21
185.8940031051636
 31
0.0
  0
LINE
  5
CDD
330
A07
100
AcDbEntity
  8
AM_9
100
AcDbLine
 10
185.2992434158326
 20
185.8940031051636
 30
0.0
 11
185.2992434158326
 21
183.8940031051636
 31
0.0
  0
LINE
  5
CDE
330
A07
100
AcDbEntity
  8
AM_9
100
AcDbLine
 10
183.5992434158325
 20
185.8940031051636
 30
0.0
 11
183.5992434158325
 21
183.8940031051636
 31
0.0
  0
LINE
  5
CDF
330
A07
100
AcDbEntity
  8
AM_9
100
AcDbLine
 10
189.2992434158325
 20
185.8940031051636
 30
0.0
 11
189.2992434158325
 21
183.8940031051636
 31
0.0
  0
LINE
  5
CE0
330
A07
100
AcDbEntity
  8
AM_9
100
AcDbLine
 10
187.5992434158325
 20
185.8940031051636
 30
0.0
 11
189.2992434158325
 21
185.8940031051636
 31
0.0
  0
LINE
  5
CE1
330
A07
100
AcDbEntity
  8
AM_9
100
AcDbLine
 10
187.5992434158325
 20
185.8940031051636
 30
0.0
 11
187.5992434158325
 21
183.8940031051636
 31
0.0
  0
LINE
  5
CE2
330
A07
100
AcDbEntity
  8
AM_9
100
AcDbLine
 10
175.5992434158325
 20
185.8940031051636
 30
0.0
 11
175.5992434158325
 21
183.8940031051636
 31
0.0
  0
LINE
  5
CE3
330
A07
100
AcDbEntity
  8
AM_9
100
AcDbLine
 10
173.2992434158325
 20
185.8940031051636
 30
0.0
 11
173.2992434158325
 21
183.8940031051636
 31
0.0
  0
LINE
  5
CE4
330
A07
100
AcDbEntity
  8
AM_9
100
AcDbLine
 10
151.5992434158325
 20
185.8940031051636
 30
0.0
 11
151.5992434158325
 21
183.8940031051636
 31
0.0
  0
LINE
  5
CE5
330
A07
100
AcDbEntity
  8
AM_9
100
AcDbLine
 10
159.5992434158325
 20
185.8940031051636
 30
0.0
 11
161.2992434158325
 21
185.8940031051636
 31
0.0
  0
LINE
  5
CE6
330
A07
100
AcDbEntity
  8
AM_9
100
AcDbLine
 10
175.5992434158325
 20
185.8940031051636
 30
0.0
 11
177.2992434158326
 21
185.8940031051636
 31
0.0
  0
LINE
  5
CE7
330
A07
100
AcDbEntity
  8
AM_9
100
AcDbLine
 10
159.5992434158325
 20
185.8940031051636
 30
0.0
 11
159.5992434158325
 21
183.8940031051636
 31
0.0
  0
LINE
  5
CE8
330
A07
100
AcDbEntity
  8
AM_9
100
AcDbLine
 10
143.5992434158325
 20
185.8940031051636
 30
0.0
 11
143.5992434158325
 21
183.8940031051636
 31
0.0
  0
LINE
  5
CE9
330
A07
100
AcDbEntity
  8
AM_9
100
AcDbLine
 10
171.5992434158325
 20
185.8940031051636
 30
0.0
 11
171.5992434158325
 21
183.8940031051636
 31
0.0
  0
LINE
  5
CEA
330
A07
100
AcDbEntity
  8
AM_9
100
AcDbLine
 10
171.5992434158325
 20
185.8940031051636
 30
0.0
 11
173.2992434158325
 21
185.8940031051636
 31
0.0
  0
LINE
  5
CEB
330
A07
100
AcDbEntity
  8
AM_9
100
AcDbLine
 10
157.2992434158325
 20
185.8940031051636
 30
0.0
 11
157.2992434158325
 21
183.8940031051636
 31
0.0
  0
LINE
  5
CEC
330
A07
100
AcDbEntity
  8
AM_9
100
AcDbLine
 10
149.2992434158325
 20
185.8940031051636
 30
0.0
 11
149.2992434158325
 21
183.8940031051636
 31
0.0
  0
LINE
  5
CED
330
A07
100
AcDbEntity
  8
AM_9
100
AcDbLine
 10
145.2992434158325
 20
185.8940031051636
 30
0.0
 11
145.2992434158325
 21
183.8940031051636
 31
0.0
  0
LINE
  5
CEE
330
A07
100
AcDbEntity
  8
AM_9
100
AcDbLine
 10
167.5992434158325
 20
185.8940031051636
 30
0.0
 11
167.5992434158325
 21
183.8940031051636
 31
0.0
  0
LINE
  5
CEF
330
A07
100
AcDbEntity
  8
AM_9
100
AcDbLine
 10
139.5992434158325
 20
185.8940031051636
 30
0.0
 11
139.5992434158325
 21
183.8940031051636
 31
0.0
  0
LINE
  5
CF0
330
A07
100
AcDbEntity
  8
AM_9
100
AcDbLine
 10
143.5992434158325
 20
185.8940031051636
 30
0.0
 11
145.2992434158325
 21
185.8940031051636
 31
0.0
  0
LINE
  5
CF1
330
A07
100
AcDbEntity
  8
AM_9
100
AcDbLine
 10
141.2992434158325
 20
185.8940031051636
 30
0.0
 11
141.2992434158325
 21
183.8940031051636
 31
0.0
  0
LINE
  5
CF2
330
A07
100
AcDbEntity
  8
AM_9
100
AcDbLine
 10
147.5992434158325
 20
185.8940031051636
 30
0.0
 11
147.5992434158325
 21
183.8940031051636
 31
0.0
  0
LINE
  5
CF3
330
A07
100
AcDbEntity
  8
AM_9
100
AcDbLine
 10
147.5992434158325
 20
185.8940031051636
 30
0.0
 11
149.2992434158325
 21
185.8940031051636
 31
0.0
  0
LINE
  5
CF4
330
A07
100
AcDbEntity
  8
AM_9
100
AcDbLine
 10
169.2992434158325
 20
185.8940031051636
 30
0.0
 11
169.2992434158325
 21
183.8940031051636
 31
0.0
  0
LINE
  5
CF5
330
A07
100
AcDbEntity
  8
AM_9
100
AcDbLine
 10
155.5992434158325
 20
185.8940031051636
 30
0.0
 11
155.5992434158325
 21
183.8940031051636
 31
0.0
  0
LINE
  5
CF6
330
A07
100
AcDbEntity
  8
AM_9
100
AcDbLine
 10
155.5992434158325
 20
185.8940031051636
 30
0.0
 11
157.2992434158325
 21
185.8940031051636
 31
0.0
  0
LINE
  5
CF7
330
A07
100
AcDbEntity
  8
AM_9
100
AcDbLine
 10
139.5992434158325
 20
185.8940031051636
 30
0.0
 11
141.2992434158325
 21
185.8940031051636
 31
0.0
  0
LINE
  5
CF8
330
A07
100
AcDbEntity
  8
AM_9
100
AcDbLine
 10
177.2992434158326
 20
185.8940031051636
 30
0.0
 11
177.2992434158326
 21
183.8940031051636
 31
0.0
  0
LINE
  5
CF9
330
A07
100
AcDbEntity
  8
AM_9
100
AcDbLine
 10
163.5992434158325
 20
185.8940031051636
 30
0.0
 11
165.2992434158325
 21
185.8940031051636
 31
0.0
  0
LINE
  5
CFA
330
A07
100
AcDbEntity
  8
AM_9
100
AcDbLine
 10
179.5992434158325
 20
185.8940031051636
 30
0.0
 11
181.2992434158326
 21
185.8940031051636
 31
0.0
  0
LINE
  5
CFB
330
A07
100
AcDbEntity
  8
AM_9
100
AcDbLine
 10
181.2992434158326
 20
185.8940031051636
 30
0.0
 11
181.2992434158326
 21
183.8940031051636
 31
0.0
  0
LINE
  5
CFC
330
A07
100
AcDbEntity
  8
AM_9
100
AcDbLine
 10
179.5992434158325
 20
185.8940031051636
 30
0.0
 11
179.5992434158325
 21
183.8940031051636
 31
0.0
  0
LINE
  5
CFD
330
A07
100
AcDbEntity
  8
AM_9
100
AcDbLine
 10
163.5992434158325
 20
185.8940031051636
 30
0.0
 11
163.5992434158325
 21
183.8940031051636
 31
0.0
  0
LINE
  5
CFE
330
A07
100
AcDbEntity
  8
AM_9
100
AcDbLine
 10
165.2992434158325
 20
185.8940031051636
 30
0.0
 11
165.2992434158325
 21
183.8940031051636
 31
0.0
  0
LINE
  5
CFF
330
A07
100
AcDbEntity
  8
AM_9
100
AcDbLine
 10
167.5992434158325
 20
185.8940031051636
 30
0.0
 11
169.2992434158325
 21
185.8940031051636
 31
0.0
  0
LINE
  5
D00
330
A07
100
AcDbEntity
  8
AM_9
100
AcDbLine
 10
153.2992434158325
 20
185.8940031051636
 30
0.0
 11
153.2992434158325
 21
183.8940031051636
 31
0.0
  0
LINE
  5
D01
330
A07
100
AcDbEntity
  8
AM_9
100
AcDbLine
 10
151.5992434158325
 20
185.8940031051636
 30
0.0
 11
153.2992434158325
 21
185.8940031051636
 31
0.0
  0
LINE
  5
D02
330
A07
100
AcDbEntity
  8
AM_9
100
AcDbLine
 10
161.2992434158325
 20
185.8940031051636
 30
0.0
 11
161.2992434158325
 21
183.8940031051636
 31
0.0
  0
LINE
  5
D03
330
A07
100
AcDbEntity
  8
AM_9
100
AcDbLine
 10
182.6002434158325
 20
323.8940031051635
 30
0.0
 11
182.6002434158325
 21
327.627287285784
 31
0.0
  0
LINE
  5
D04
330
A07
100
AcDbEntity
  8
AM_9
100
AcDbLine
 10
182.8002434158325
 20
323.8940031051635
 30
0.0
 11
182.8002434158325
 21
327.5991791188434
 31
0.0
  0
LINE
  5
D05
330
A07
100
AcDbEntity
  8
AM_9
100
AcDbLine
 10
169.2102434158325
 20
323.8940031051635
 30
0.0
 11
169.2102434158325
 21
329.5091290624489
 31
0.0
  0
LINE
  5
D06
330
A07
100
AcDbEntity
  8
AM_9
100
AcDbLine
 10
169.0102434158325
 20
323.8940031051635
 30
0.0
 11
169.0102434158325
 21
329.5372372293895
 31
0.0
  0
LINE
  5
D07
330
A07
100
AcDbEntity
  8
AM_9
100
AcDbLine
 10
177.0902434158325
 20
323.8940031051635
 30
0.0
 11
177.0902434158325
 21
328.4016672849941
 31
0.0
  0
LINE
  5
D08
330
A07
100
AcDbEntity
  8
AM_9
100
AcDbLine
 10
176.8902434158325
 20
323.8940031051635
 30
0.0
 11
176.8902434158325
 21
328.4297754519346
 31
0.0
  0
LINE
  5
D09
330
A07
100
AcDbEntity
  8
AM_9
100
AcDbLine
 10
155.0202434158325
 20
323.8940031051635
 30
0.0
 11
155.0202434158325
 21
331.5034035068759
 31
0.0
  0
LINE
  5
D0A
330
A07
100
AcDbEntity
  8
AM_9
100
AcDbLine
 10
155.2202434158325
 20
323.8940031051635
 30
0.0
 11
155.2202434158325
 21
331.4752953399354
 31
0.0
  0
LINE
  5
D0B
330
A07
100
AcDbEntity
  8
AM_9
100
AcDbLine
 10
170.7802434158325
 20
323.8940031051635
 30
0.0
 11
170.7802434158325
 21
329.2884799519662
 31
0.0
  0
LINE
  5
D0C
330
A07
100
AcDbEntity
  8
AM_9
100
AcDbLine
 10
169.0102434158325
 20
323.8940031051635
 30
0.0
 11
170.9802434158325
 21
323.8940031051635
 31
0.0
  0
LINE
  5
D0D
330
A07
100
AcDbEntity
  8
AM_9
100
AcDbLine
 10
170.9802434158325
 20
323.8940031051635
 30
0.0
 11
170.9802434158325
 21
329.2603717850257
 31
0.0
  0
LINE
  5
D0E
330
A07
100
AcDbEntity
  8
AM_9
100
AcDbLine
 10
161.3302434158325
 20
323.8940031051635
 30
0.0
 11
161.3302434158325
 21
330.6165908399038
 31
0.0
  0
LINE
  5
D0F
330
A07
100
AcDbEntity
  8
AM_9
100
AcDbLine
 10
161.1302434158325
 20
323.8940031051635
 30
0.0
 11
161.1302434158325
 21
330.6446990068443
 31
0.0
  0
LINE
  5
D10
330
A07
100
AcDbEntity
  8
AM_9
100
AcDbLine
 10
151.0802434158325
 20
323.8940031051635
 30
0.0
 11
151.0802434158325
 21
332.0571343956033
 31
0.0
  0
LINE
  5
D11
330
A07
100
AcDbEntity
  8
AM_9
100
AcDbLine
 10
151.2802434158325
 20
323.8940031051635
 30
0.0
 11
151.2802434158325
 21
332.0290262286628
 31
0.0
  0
LINE
  5
D12
330
A07
100
AcDbEntity
  8
AM_9
100
AcDbLine
 10
149.3102434158325
 20
323.8940031051635
 30
0.0
 11
151.2802434158325
 21
323.8940031051635
 31
0.0
  0
LINE
  5
D13
330
A07
100
AcDbEntity
  8
AM_9
100
AcDbLine
 10
165.2702434158325
 20
323.8940031051635
 30
0.0
 11
165.2702434158325
 21
330.0628599511764
 31
0.0
  0
LINE
  5
D14
330
A07
100
AcDbEntity
  8
AM_9
100
AcDbLine
 10
165.0702434158325
 20
323.8940031051635
 30
0.0
 11
165.0702434158325
 21
330.0909681181168
 31
0.0
  0
LINE
  5
D15
330
A07
100
AcDbEntity
  8
AM_9
100
AcDbLine
 10
180.8302434158325
 20
323.8940031051635
 30
0.0
 11
182.8002434158325
 21
323.8940031051635
 31
0.0
  0
LINE
  5
D16
330
A07
100
AcDbEntity
  8
AM_9
100
AcDbLine
 10
181.0302434158325
 20
323.8940031051635
 30
0.0
 11
181.0302434158325
 21
327.8479363962667
 31
0.0
  0
LINE
  5
D17
330
A07
100
AcDbEntity
  8
AM_9
100
AcDbLine
 10
180.8302434158325
 20
323.8940031051635
 30
0.0
 11
180.8302434158325
 21
327.8760445632072
 31
0.0
  0
LINE
  5
D18
330
A07
100
AcDbEntity
  8
AM_9
100
AcDbLine
 10
166.8402434158325
 20
323.8940031051635
 30
0.0
 11
166.8402434158325
 21
329.8422108406936
 31
0.0
  0
LINE
  5
D19
330
A07
100
AcDbEntity
  8
AM_9
100
AcDbLine
 10
165.0702434158325
 20
323.8940031051635
 30
0.0
 11
167.0402434158325
 21
323.8940031051635
 31
0.0
  0
LINE
  5
D1A
330
A07
100
AcDbEntity
  8
AM_9
100
AcDbLine
 10
167.0402434158325
 20
323.8940031051635
 30
0.0
 11
167.0402434158325
 21
329.8141026737532
 31
0.0
  0
LINE
  5
D1B
330
A07
100
AcDbEntity
  8
AM_9
100
AcDbLine
 10
145.5702434158325
 20
323.8940031051635
 30
0.0
 11
145.5702434158325
 21
332.8315143948134
 31
0.0
  0
LINE
  5
D1C
330
A07
100
AcDbEntity
  8
AM_9
100
AcDbLine
 10
145.3702434158325
 20
323.8940031051635
 30
0.0
 11
145.3702434158325
 21
332.859622561754
 31
0.0
  0
LINE
  5
D1D
330
A07
100
AcDbEntity
  8
AM_9
100
AcDbLine
 10
173.1502434158325
 20
323.8940031051635
 30
0.0
 11
173.1502434158325
 21
328.9553981737215
 31
0.0
  0
LINE
  5
D1E
330
A07
100
AcDbEntity
  8
AM_9
100
AcDbLine
 10
172.9502434158325
 20
323.8940031051635
 30
0.0
 11
172.9502434158325
 21
328.983506340662
 31
0.0
  0
LINE
  5
D1F
330
A07
100
AcDbEntity
  8
AM_9
100
AcDbLine
 10
149.5102434158325
 20
323.8940031051635
 30
0.0
 11
149.5102434158325
 21
332.2777835060861
 31
0.0
  0
LINE
  5
D20
330
A07
100
AcDbEntity
  8
AM_9
100
AcDbLine
 10
149.3102434158325
 20
323.8940031051635
 30
0.0
 11
149.3102434158325
 21
332.3058916730265
 31
0.0
  0
LINE
  5
D21
330
A07
100
AcDbEntity
  8
AM_9
100
AcDbLine
 10
153.2502434158325
 20
323.8940031051635
 30
0.0
 11
155.2202434158325
 21
323.8940031051635
 31
0.0
  0
LINE
  5
D22
330
A07
100
AcDbEntity
  8
AM_9
100
AcDbLine
 10
153.4502434158325
 20
323.8940031051635
 30
0.0
 11
153.4502434158325
 21
331.7240526173586
 31
0.0
  0
LINE
  5
D23
330
A07
100
AcDbEntity
  8
AM_9
100
AcDbLine
 10
153.2502434158325
 20
323.8940031051635
 30
0.0
 11
153.2502434158325
 21
331.7521607842991
 31
0.0
  0
LINE
  5
D24
330
A07
100
AcDbEntity
  8
AM_9
100
AcDbLine
 10
174.7202434158325
 20
323.8940031051635
 30
0.0
 11
174.7202434158325
 21
328.7347490632387
 31
0.0
  0
LINE
  5
D25
330
A07
100
AcDbEntity
  8
AM_9
100
AcDbLine
 10
174.9202434158325
 20
323.8940031051635
 30
0.0
 11
174.9202434158325
 21
328.7066408962983
 31
0.0
  0
LINE
  5
D26
330
A07
100
AcDbEntity
  8
AM_9
100
AcDbLine
 10
172.9502434158325
 20
323.8940031051635
 30
0.0
 11
174.9202434158325
 21
323.8940031051635
 31
0.0
  0
LINE
  5
D27
330
A07
100
AcDbEntity
  8
AM_9
100
AcDbLine
 10
163.1002434158325
 20
323.8940031051635
 30
0.0
 11
163.1002434158325
 21
330.3678335624805
 31
0.0
  0
LINE
  5
D28
330
A07
100
AcDbEntity
  8
AM_9
100
AcDbLine
 10
161.1302434158325
 20
323.8940031051635
 30
0.0
 11
163.1002434158325
 21
323.8940031051635
 31
0.0
  0
LINE
  5
D29
330
A07
100
AcDbEntity
  8
AM_9
100
AcDbLine
 10
162.9002434158325
 20
323.8940031051635
 30
0.0
 11
162.9002434158325
 21
330.3959417294211
 31
0.0
  0
LINE
  5
D2A
330
A07
100
AcDbEntity
  8
AM_9
100
AcDbLine
 10
176.8902434158325
 20
323.8940031051635
 30
0.0
 11
178.8602434158325
 21
323.8940031051635
 31
0.0
  0
LINE
  5
D2B
330
A07
100
AcDbEntity
  8
AM_9
100
AcDbLine
 10
178.8602434158325
 20
323.8940031051635
 30
0.0
 11
178.8602434158325
 21
328.1529100075709
 31
0.0
  0
LINE
  5
D2C
330
A07
100
AcDbEntity
  8
AM_9
100
AcDbLine
 10
178.6602434158325
 20
323.8940031051635
 30
0.0
 11
178.6602434158325
 21
328.1810181745113
 31
0.0
  0
LINE
  5
D2D
330
A07
100
AcDbEntity
  8
AM_9
100
AcDbLine
 10
147.3402434158325
 20
323.8940031051635
 30
0.0
 11
147.3402434158325
 21
332.5827571173902
 31
0.0
  0
LINE
  5
D2E
330
A07
100
AcDbEntity
  8
AM_9
100
AcDbLine
 10
145.3702434158325
 20
323.8940031051635
 30
0.0
 11
147.3402434158325
 21
323.8940031051635
 31
0.0
  0
LINE
  5
D2F
330
A07
100
AcDbEntity
  8
AM_9
100
AcDbLine
 10
147.1402434158325
 20
323.8940031051635
 30
0.0
 11
147.1402434158325
 21
332.6108652843307
 31
0.0
  0
LINE
  5
D30
330
A07
100
AcDbEntity
  8
AM_9
100
AcDbLine
 10
157.3902434158325
 20
323.8940031051635
 30
0.0
 11
157.3902434158325
 21
331.1703217286312
 31
0.0
  0
LINE
  5
D31
330
A07
100
AcDbEntity
  8
AM_9
100
AcDbLine
 10
157.1902434158325
 20
323.8940031051635
 30
0.0
 11
157.1902434158325
 21
331.1984298955717
 31
0.0
  0
LINE
  5
D32
330
A07
100
AcDbEntity
  8
AM_9
100
AcDbLine
 10
159.1602434158325
 20
323.8940031051635
 30
0.0
 11
159.1602434158325
 21
330.921564451208
 31
0.0
  0
LINE
  5
D33
330
A07
100
AcDbEntity
  8
AM_9
100
AcDbLine
 10
157.1902434158325
 20
323.8940031051635
 30
0.0
 11
159.1602434158325
 21
323.8940031051635
 31
0.0
  0
LINE
  5
D34
330
A07
100
AcDbEntity
  8
AM_9
100
AcDbLine
 10
158.9602434158325
 20
323.8940031051635
 30
0.0
 11
158.9602434158325
 21
330.9496726181485
 31
0.0
  0
LINE
  5
D35
330
A07
100
AcDbEntity
  8
AM_9
100
AcDbLine
 10
107.3850530239031
 20
333.1840031051636
 30
0.0
 11
108.6602434158325
 21
333.1840031051636
 31
0.0
  0
LINE
  5
D36
330
A07
100
AcDbEntity
  8
AM_9
100
AcDbLine
 10
98.23524341583253
 20
303.9940031051635
 30
0.0
 11
98.23524341583253
 21
308.2303973553401
 31
0.0
  0
LINE
  5
D37
330
A07
100
AcDbEntity
  8
AM_9
100
AcDbLine
 10
98.23524341583253
 20
303.9940031051635
 30
0.0
 11
108.6602434158325
 21
303.9940031051635
 31
0.0
  0
LINE
  5
D38
330
A07
100
AcDbEntity
  8
AM_9
100
AcDbLine
 10
143.4002434158325
 20
323.8940031051635
 30
0.0
 11
143.4002434158325
 21
333.1364880061177
 31
0.0
  0
LINE
  5
D39
330
A07
100
AcDbEntity
  8
AM_9
100
AcDbLine
 10
141.4302434158325
 20
323.8940031051635
 30
0.0
 11
143.4002434158325
 21
323.8940031051635
 31
0.0
  0
LINE
  5
D3A
330
A07
100
AcDbEntity
  8
AM_9
100
AcDbLine
 10
143.2002434158325
 20
323.8940031051635
 30
0.0
 11
143.2002434158325
 21
333.1645961730582
 31
0.0
  0
LINE
  5
D3B
330
A07
100
AcDbEntity
  8
AM_9
100
AcDbLine
 10
141.6302434158325
 20
323.8940031051635
 30
0.0
 11
141.6302434158325
 21
333.3852452835409
 31
0.0
  0
LINE
  5
D3C
330
A07
100
AcDbEntity
  8
AM_9
100
AcDbLine
 10
141.4302434158325
 20
323.8940031051635
 30
0.0
 11
141.4302434158325
 21
333.4133534504814
 31
0.0
  0
LINE
  5
D3D
330
A07
100
AcDbEntity
  8
AM_9
100
AcDbLine
 10
108.6602434158325
 20
303.4940031051635
 30
0.0
 11
108.6602434158325
 21
333.2356072130084
 31
0.0
  0
LINE
  5
D3E
330
A07
100
AcDbEntity
  8
AM_9
100
AcDbLine
 10
98.08465852075292
 20
303.4940031051635
 30
0.0
 11
108.6602434158325
 21
303.4940031051635
 31
0.0
  0
LINE
  5
D3F
330
A07
100
AcDbEntity
  8
AM_9
100
AcDbLine
 10
224.7602434158325
 20
326.2940031051636
 30
0.0
 11
228.7602434158326
 21
326.2940031051636
 31
0.0
  0
LINE
  5
D40
330
A07
100
AcDbEntity
  8
AM_9
100
AcDbLine
 10
228.7602434158326
 20
331.4940031051635
 30
0.0
 11
224.7602434158325
 21
331.4940031051635
 31
0.0
  0
LINE
  5
D41
330
A07
100
AcDbEntity
  8
AM_7
100
AcDbLine
 10
181.2019934158325
 20
318.8940031051636
 30
0.0
 11
189.3184934158325
 21
318.8940031051636
 31
0.0
  0
LINE
  5
D42
330
A07
100
AcDbEntity
  8
AM_7
100
AcDbLine
 10
185.2602434158325
 20
314.8357531051636
 30
0.0
 11
185.2602434158325
 21
322.9522531051635
 31
0.0
  0
LINE
  5
D43
330
A07
100
AcDbEntity
  8
AM_7
100
AcDbLine
 10
151.1019934158325
 20
189.8940031051636
 30
0.0
 11
159.2184934158325
 21
189.8940031051636
 31
0.0
  0
LINE
  5
D44
330
A07
100
AcDbEntity
  8
AM_7
100
AcDbLine
 10
155.1602434158325
 20
185.8357531051636
 30
0.0
 11
155.1602434158325
 21
193.9522531051635
 31
0.0
  0
LINE
  5
D45
330
A07
100
AcDbEntity
  8
AM_7
100
AcDbLine
 10
141.7102434158325
 20
323.5940031051636
 30
0.0
 11
145.4902434158325
 21
323.5940031051636
 31
0.0
  0
LINE
  5
D46
330
A07
100
AcDbEntity
  8
AM_7
100
AcDbLine
 10
143.6002434158325
 20
321.7040031051636
 30
0.0
 11
143.6002434158325
 21
325.4840031051635
 31
0.0
  0
LINE
  5
D47
330
A07
100
AcDbEntity
  8
AM_7
100
AcDbLine
 10
228.9602434158326
 20
328.8940031051636
 30
0.0
 11
224.5602434158325
 21
328.8940031051636
 31
0.0
  0
LINE
  5
D48
330
A07
100
AcDbEntity
  8
AM_7
100
AcDbLine
 10
94.96024341583252
 20
343.8940031051636
 30
0.0
 11
149.9602434158325
 21
343.8940031051636
 31
0.0
  0
LINE
  5
D49
330
A07
100
AcDbEntity
  8
AM_7
100
AcDbLine
 10
95.96024341583252
 20
173.8940031051636
 30
0.0
 11
128.9602434158325
 21
173.8940031051636
 31
0.0
  0
LINE
  5
D4A
330
A07
100
AcDbEntity
  8
AM_7
100
AcDbLine
 10
128.7602434158325
 20
337.9940031051635
 30
0.0
 11
128.7602434158325
 21
335.7940031051636
 31
0.0
  0
LINE
  5
D4B
330
A07
100
AcDbEntity
  8
AM_7
100
AcDbLine
 10
128.7602434158325
 20
181.9940031051636
 30
0.0
 11
128.7602434158325
 21
179.7940031051636
 31
0.0
  0
LINE
  5
D4C
330
A07
100
AcDbEntity
  8
AM_7
100
AcDbLine
 10
138.7602434158325
 20
337.9940031051635
 30
0.0
 11
138.7602434158325
 21
335.7940031051636
 31
0.0
  0
LINE
  5
D4D
330
A07
100
AcDbEntity
  8
AM_7
100
AcDbLine
 10
138.7602434158325
 20
181.9940031051636
 30
0.0
 11
138.7602434158325
 21
179.7940031051636
 31
0.0
  0
LINE
  5
D4E
330
A07
100
AcDbEntity
  8
AM_7
100
AcDbLine
 10
101.8202434158325
 20
264.0940031051636
 30
0.0
 11
106.2202434158325
 21
264.0940031051636
 31
0.0
  0
LINE
  5
D4F
330
A07
100
AcDbEntity
  8
AM_7
100
AcDbLine
 10
101.8202434158325
 20
217.5940031051636
 30
0.0
 11
106.2202434158325
 21
217.5940031051636
 31
0.0
  0
LINE
  5
D50
330
A07
100
AcDbEntity
  8
AM_7
100
AcDbLine
 10
95.28024341583252
 20
196.8940031051636
 30
0.0
 11
99.24024341583252
 21
196.8940031051636
 31
0.0
  0
LINE
  5
D51
330
A07
100
AcDbEntity
  8
AM_7
100
AcDbLine
 10
95.28024341583252
 20
188.5940031051636
 30
0.0
 11
99.24024341583252
 21
188.5940031051636
 31
0.0
  0
LINE
  5
D52
330
A07
100
AcDbEntity
  8
AM_7
100
AcDbLine
 10
112.6602434158325
 20
328.3940031051636
 30
0.0
 11
112.6602434158325
 21
339.3940031051636
 31
0.0
  0
LINE
  5
D53
330
A07
100
AcDbEntity
  8
AM_7
100
AcDbLine
 10
213.892253134987
 20
307.2940031051635
 30
0.0
 11
221.428233696678
 21
307.2940031051635
 31
0.0
  0
LINE
  5
D54
330
A07
100
AcDbEntity
  8
AM_7
100
AcDbLine
 10
217.6602434158325
 20
303.526012824318
 30
0.0
 11
217.6602434158325
 21
311.0619933860091
 31
0.0
  0
LINE
  5
D55
330
A07
100
AcDbEntity
  8
AM_7
100
AcDbLine
 10
142.6047434158325
 20
192.7940031051636
 30
0.0
 11
152.9157434158325
 21
192.7940031051636
 31
0.0
  0
LINE
  5
D56
330
A07
100
AcDbEntity
  8
AM_7
100
AcDbLine
 10
147.7602434158325
 20
187.6385031051636
 30
0.0
 11
147.7602434158325
 21
197.9495031051637
 31
0.0
  0
LINE
  5
D57
330
A07
100
AcDbEntity
  8
AM_4
100
AcDbLine
 10
75.22024341583253
 20
224.5840031051636
 30
0.0
 11
79.06024341583253
 21
224.5840031051636
 31
0.0
  0
LINE
  5
D58
330
A07
100
AcDbEntity
  8
AM_4
100
AcDbLine
 10
75.22024341583253
 20
229.6640031051635
 30
0.0
 11
79.06024341583253
 21
229.6640031051635
 31
0.0
  0
LINE
  5
D59
330
A07
100
AcDbEntity
  8
AM_4
100
AcDbLine
 10
75.22024341583253
 20
233.1640031051636
 30
0.0
 11
79.06024341583253
 21
233.1640031051636
 31
0.0
  0
LINE
  5
D5A
330
A07
100
AcDbEntity
  8
AM_4
100
AcDbLine
 10
75.3346881522174
 20
230.1640031051635
 30
0.0
 11
75.3346881522174
 21
229.6640031051635
 31
0.0
  0
LINE
  5
D5B
330
A07
100
AcDbEntity
  8
AM_4
100
AcDbLine
 10
75.3346881522174
 20
233.1640031051636
 30
0.0
 11
75.3346881522174
 21
232.6640031051636
 31
0.0
  0
LINE
  5
D5C
330
A07
100
AcDbEntity
  8
AM_4
100
AcDbLine
 10
75.22024341583253
 20
233.1640031051636
 30
0.0
 11
75.22024341583253
 21
229.6640031051635
 31
0.0
  0
LINE
  5
D5D
330
A07
100
AcDbEntity
  8
AM_4
100
AcDbLine
 10
75.22024341583253
 20
228.0840031051636
 30
0.0
 11
79.06024341583253
 21
228.0840031051636
 31
0.0
  0
LINE
  5
D5E
330
A07
100
AcDbEntity
  8
AM_4
100
AcDbLine
 10
75.3346881522174
 20
225.0840031051636
 30
0.0
 11
75.3346881522174
 21
224.5840031051636
 31
0.0
  0
LINE
  5
D5F
330
A07
100
AcDbEntity
  8
AM_4
100
AcDbLine
 10
75.3346881522174
 20
228.0840031051636
 30
0.0
 11
75.3346881522174
 21
227.5840031051636
 31
0.0
  0
LINE
  5
D60
330
A07
100
AcDbEntity
  8
AM_4
100
AcDbLine
 10
75.22024341583253
 20
228.0840031051636
 30
0.0
 11
75.22024341583253
 21
224.5840031051636
 31
0.0
  0
LINE
  5
D61
330
A07
100
AcDbEntity
  8
AM_4
100
AcDbLine
 10
95.48213904009592
 20
198.6440031051636
 30
0.0
 11
95.46024341583252
 21
198.3396863346437
 31
0.0
  0
LINE
  5
D62
330
A07
100
AcDbEntity
  8
AM_4
100
AcDbLine
 10
95.46024341583252
 20
198.3396863346437
 30
0.0
 11
95.46024341583252
 21
197.2940031051636
 31
0.0
  0
LINE
  5
D63
330
A07
100
AcDbEntity
  8
AM_4
100
AcDbLine
 10
95.46024341583252
 20
197.2940031051636
 30
0.0
 11
95.48213904009678
 21
197.2940031051636
 31
0.0
  0
LWPOLYLINE
  5
D64
330
A07
100
AcDbEntity
  8
AM_4
100
AcDbPolyline
 90
        3
 70
     0
 43
0.0
 10
95.48213904009678
 20
197.2940031051636
 10
95.47592993253407
 20
196.8940031051636
 10
95.48213904009592
 20
196.4940031051636
  0
LINE
  5
D65
330
A07
100
AcDbEntity
  8
AM_4
100
AcDbLine
 10
95.48213904009592
 20
196.4940031051636
 30
0.0
 11
95.46024341583252
 21
196.4940031051636
 31
0.0
  0
LINE
  5
D66
330
A07
100
AcDbEntity
  8
AM_4
100
AcDbLine
 10
95.46024341583252
 20
196.4940031051636
 30
0.0
 11
95.46024341583252
 21
195.4483198756835
 31
0.0
  0
LINE
  5
D67
330
A07
100
AcDbEntity
  8
AM_4
100
AcDbLine
 10
95.46024341583252
 20
195.4483198756835
 30
0.0
 11
95.48213904009678
 21
195.1440031051636
 31
0.0
  0
LINE
  5
D68
330
A07
100
AcDbEntity
  8
AM_4
100
AcDbLine
 10
95.48213904009638
 20
195.1440031051636
 30
0.0
 11
95.47592994237367
 21
195.1440031051636
 31
0.0
  0
ARC
  5
D69
330
A07
100
AcDbEntity
  8
AM_4
100
AcDbCircle
 10
97.46024341583254
 20
195.3940031051636
 30
0.0
 40
2.000000000000024
100
AcDbArc
 50
187.1559762844027
 51
270.0
  0
ARC
  5
D6A
330
A07
100
AcDbEntity
  8
AM_4
100
AcDbCircle
 10
97.46024341583255
 20
198.3940031051635
 30
0.0
 40
2.000000000000028
100
AcDbArc
 50
90.0
 51
172.8301688894322
  0
LINE
  5
D6B
330
A07
100
AcDbEntity
  8
AM_4
100
AcDbLine
 10
97.46024341583252
 20
193.3940031051636
 30
0.0
 11
97.81024341583252
 21
193.3940031051636
 31
0.0
  0
LINE
  5
D6C
330
A07
100
AcDbEntity
  8
AM_4
100
AcDbLine
 10
97.81024341583252
 20
200.3940031051636
 30
0.0
 11
97.46024341583252
 21
200.3940031051636
 31
0.0
  0
LINE
  5
D6D
330
A07
100
AcDbEntity
  8
AM_4
100
AcDbLine
 10
97.46024341583252
 20
200.3940031051636
 30
0.0
 11
97.46024341583252
 21
193.3940031051636
 31
0.0
  0
LINE
  5
D6E
330
A07
100
AcDbEntity
  8
AM_4
100
AcDbLine
 10
97.81024341583252
 20
193.2740031051636
 30
0.0
 11
98.51024341583252
 21
193.2740031051636
 31
0.0
  0
LINE
  5
D6F
330
A07
100
AcDbEntity
  8
AM_4
100
AcDbLine
 10
98.49616391632757
 20
200.5140031051636
 30
0.0
 11
97.81024341583252
 21
200.5140031051636
 31
0.0
  0
LINE
  5
D70
330
A07
100
AcDbEntity
  8
AM_4
100
AcDbLine
 10
97.81024341583252
 20
200.5140031051636
 30
0.0
 11
97.81024341583252
 21
193.2740031051636
 31
0.0
  0
LINE
  5
D71
330
A07
100
AcDbEntity
  8
AM_4
100
AcDbLine
 10
98.51024341583252
 20
200.1049890242271
 30
0.0
 11
98.51024341583252
 21
192.8940031051636
 31
0.0
  0
LINE
  5
D72
330
A07
100
AcDbEntity
  8
AM_4
100
AcDbLine
 10
98.51024341583252
 20
192.8940031051636
 30
0.0
 11
98.77252333580205
 21
192.8940031051636
 31
0.0
  0
LINE
  5
D73
330
A07
100
AcDbEntity
  8
AM_4
100
AcDbLine
 10
75.2196874002228
 20
230.1640031051635
 30
0.0
 11
79.06024341583253
 21
230.1640031051635
 31
0.0
  0
LINE
  5
D74
330
A07
100
AcDbEntity
  8
AM_4
100
AcDbLine
 10
75.2196874002228
 20
232.6640031051636
 30
0.0
 11
79.06024341583253
 21
232.6640031051636
 31
0.0
  0
LINE
  5
D75
330
A07
100
AcDbEntity
  8
AM_4
100
AcDbLine
 10
75.2196874002228
 20
225.0840031051636
 30
0.0
 11
79.06024341583253
 21
225.0840031051636
 31
0.0
  0
LINE
  5
D76
330
A07
100
AcDbEntity
  8
AM_4
100
AcDbLine
 10
75.2196874002228
 20
227.5840031051636
 30
0.0
 11
79.06024341583253
 21
227.5840031051636
 31
0.0
  0
LINE
  5
D77
330
A07
100
AcDbEntity
  8
AM_4
100
AcDbLine
 10
78.66024341583254
 20
227.5840031051636
 30
0.0
 11
78.66024341583254
 21
225.0840031051636
 31
0.0
  0
LINE
  5
D78
330
A07
100
AcDbEntity
  8
AM_4
100
AcDbLine
 10
78.66024341583254
 20
232.6640031051636
 30
0.0
 11
78.66024341583254
 21
230.1640031051635
 31
0.0
  0
LINE
  5
D79
330
A07
100
AcDbEntity
  8
AM_4
100
AcDbLine
 10
95.48213904009592
 20
190.3440031051636
 30
0.0
 11
95.46024341583252
 21
190.0396863346436
 31
0.0
  0
LINE
  5
D7A
330
A07
100
AcDbEntity
  8
AM_4
100
AcDbLine
 10
95.46024341583252
 20
190.0396863346436
 30
0.0
 11
95.46024341583252
 21
188.9940031051636
 31
0.0
  0
LINE
  5
D7B
330
A07
100
AcDbEntity
  8
AM_4
100
AcDbLine
 10
95.46024341583252
 20
188.9940031051636
 30
0.0
 11
95.48213904009678
 21
188.9940031051636
 31
0.0
  0
LWPOLYLINE
  5
D7C
330
A07
100
AcDbEntity
  8
AM_4
100
AcDbPolyline
 90
        3
 70
     0
 43
0.0
 10
95.48213904009678
 20
188.9940031051636
 10
95.47592993253407
 20
188.5940031051636
 10
95.48213904009592
 20
188.1940031051635
  0
LINE
  5
D7D
330
A07
100
AcDbEntity
  8
AM_4
100
AcDbLine
 10
95.48213904009592
 20
188.1940031051635
 30
0.0
 11
95.46024341583252
 21
188.1940031051635
 31
0.0
  0
LINE
  5
D7E
330
A07
100
AcDbEntity
  8
AM_4
100
AcDbLine
 10
95.46024341583252
 20
188.1940031051635
 30
0.0
 11
95.46024341583252
 21
187.1483198756835
 31
0.0
  0
LINE
  5
D7F
330
A07
100
AcDbEntity
  8
AM_4
100
AcDbLine
 10
95.46024341583252
 20
187.1483198756835
 30
0.0
 11
95.48213904009678
 21
186.8440031051636
 31
0.0
  0
LINE
  5
D80
330
A07
100
AcDbEntity
  8
AM_4
100
AcDbLine
 10
95.48213904009637
 20
186.8440031051636
 30
0.0
 11
95.47592994237367
 21
186.8440031051636
 31
0.0
  0
ARC
  5
D81
330
A07
100
AcDbEntity
  8
AM_4
100
AcDbCircle
 10
97.46024341583257
 20
187.0940031051636
 30
0.0
 40
2.000000000000049
100
AcDbArc
 50
187.1559762844018
 51
270.0
  0
ARC
  5
D82
330
A07
100
AcDbEntity
  8
AM_4
100
AcDbCircle
 10
97.46024341583248
 20
190.0940031051636
 30
0.0
 40
1.999999999999943
100
AcDbArc
 50
90.0
 51
172.8301688894336
  0
LINE
  5
D83
330
A07
100
AcDbEntity
  8
AM_4
100
AcDbLine
 10
97.46024341583252
 20
185.0940031051636
 30
0.0
 11
97.81024341583252
 21
185.0940031051636
 31
0.0
  0
LINE
  5
D84
330
A07
100
AcDbEntity
  8
AM_4
100
AcDbLine
 10
97.81024341583252
 20
192.0940031051636
 30
0.0
 11
97.46024341583252
 21
192.0940031051636
 31
0.0
  0
LINE
  5
D85
330
A07
100
AcDbEntity
  8
AM_4
100
AcDbLine
 10
97.46024341583252
 20
192.0940031051636
 30
0.0
 11
97.46024341583252
 21
185.0940031051636
 31
0.0
  0
LINE
  5
D86
330
A07
100
AcDbEntity
  8
AM_4
100
AcDbLine
 10
97.81024341583252
 20
184.9740031051636
 30
0.0
 11
98.51024341583252
 21
184.9740031051636
 31
0.0
  0
LINE
  5
D87
330
A07
100
AcDbEntity
  8
AM_4
100
AcDbLine
 10
98.51024341583252
 20
192.2140031051636
 30
0.0
 11
97.81024341583252
 21
192.2140031051636
 31
0.0
  0
LINE
  5
D88
330
A07
100
AcDbEntity
  8
AM_4
100
AcDbLine
 10
97.81024341583252
 20
192.2140031051636
 30
0.0
 11
97.81024341583252
 21
184.9740031051636
 31
0.0
  0
LINE
  5
D89
330
A07
100
AcDbEntity
  8
AM_4
100
AcDbLine
 10
99.06024341583252
 20
185.9037869581343
 30
0.0
 11
99.06024341583252
 21
184.5940031051636
 31
0.0
  0
LINE
  5
D8A
330
A07
100
AcDbEntity
  8
AM_4
100
AcDbLine
 10
98.51024341583252
 20
184.5940031051636
 30
0.0
 11
99.06024341583252
 21
184.5940031051636
 31
0.0
  0
LINE
  5
D8B
330
A07
100
AcDbEntity
  8
AM_4
100
AcDbLine
 10
98.78632434437344
 20
192.5940031051636
 30
0.0
 11
98.51024341583252
 21
192.5940031051636
 31
0.0
  0
LINE
  5
D8C
330
A07
100
AcDbEntity
  8
AM_4
100
AcDbLine
 10
98.51024341583252
 20
192.5940031051636
 30
0.0
 11
98.51024341583252
 21
184.5940031051636
 31
0.0
  0
LINE
  5
D8D
330
A07
100
AcDbEntity
  8
AM_4
100
AcDbLine
 10
87.56024341583252
 20
260.0940031051636
 30
0.0
 11
87.56024341583252
 21
257.4940031051635
 31
0.0
  0
LINE
  5
D8E
330
A07
100
AcDbEntity
  8
AM_4
100
AcDbLine
 10
87.56024341583252
 20
257.4940031051635
 30
0.0
 11
91.06024341583252
 21
257.4940031051635
 31
0.0
  0
LINE
  5
D8F
330
A07
100
AcDbEntity
  8
AM_4
100
AcDbLine
 10
91.06024341583252
 20
257.4940031051635
 30
0.0
 11
91.06024341583252
 21
260.0940031051636
 31
0.0
  0
LINE
  5
D90
330
A07
100
AcDbEntity
  8
AM_4
100
AcDbLine
 10
90.66024341583253
 20
246.5940031051636
 30
0.0
 11
87.16024341583253
 21
246.5940031051636
 31
0.0
  0
LINE
  5
D91
330
A07
100
AcDbEntity
  8
AM_4
100
AcDbLine
 10
87.16024341583253
 20
246.5940031051636
 30
0.0
 11
87.16024341583253
 21
243.9940031051636
 31
0.0
  0
LINE
  5
D92
330
A07
100
AcDbEntity
  8
AM_4
100
AcDbLine
 10
90.66024341583253
 20
243.9940031051636
 30
0.0
 11
90.66024341583253
 21
246.5940031051636
 31
0.0
  0
LINE
  5
D93
330
A07
100
AcDbEntity
  8
AM_4
100
AcDbLine
 10
91.06024341583252
 20
296.8140031051636
 30
0.0
 11
87.56024341583252
 21
296.8140031051636
 31
0.0
  0
LINE
  5
D94
330
A07
100
AcDbEntity
  8
AM_4
100
AcDbLine
 10
87.56024341583252
 20
296.8140031051636
 30
0.0
 11
87.56024341583252
 21
294.2140031051636
 31
0.0
  0
LINE
  5
D95
330
A07
100
AcDbEntity
  8
AM_4
100
AcDbLine
 10
91.06024341583252
 20
294.2140031051636
 30
0.0
 11
91.06024341583252
 21
296.8140031051636
 31
0.0
  0
LINE
  5
D96
330
A07
100
AcDbEntity
  8
AM_4
100
AcDbLine
 10
87.16024341583253
 20
204.7940031051636
 30
0.0
 11
87.16024341583253
 21
202.1940031051636
 31
0.0
  0
LINE
  5
D97
330
A07
100
AcDbEntity
  8
AM_4
100
AcDbLine
 10
87.16024341583253
 20
202.1940031051636
 30
0.0
 11
90.66024341583253
 21
202.1940031051636
 31
0.0
  0
LINE
  5
D98
330
A07
100
AcDbEntity
  8
AM_4
100
AcDbLine
 10
90.66024341583253
 20
202.1940031051636
 30
0.0
 11
90.66024341583253
 21
204.7940031051636
 31
0.0
  0
LINE
  5
D99
330
A07
100
AcDbEntity
  8
AM_4
100
AcDbLine
 10
91.50024341583251
 20
204.7940031051636
 30
0.0
 11
93.50024341583251
 21
206.4722023675181
 31
0.0
  0
LINE
  5
D9A
330
A07
100
AcDbEntity
  8
AM_4
100
AcDbLine
 10
87.00024341583253
 20
208.4940031051636
 30
0.0
 11
87.00024341583253
 21
204.7940031051636
 31
0.0
  0
LINE
  5
D9B
330
A07
100
AcDbEntity
  8
AM_4
100
AcDbLine
 10
87.00024341583253
 20
204.7940031051636
 30
0.0
 11
91.50024341583251
 21
204.7940031051636
 31
0.0
  0
LINE
  5
D9C
330
A07
100
AcDbEntity
  8
AM_4
100
AcDbLine
 10
91.56024341583252
 20
260.0940031051636
 30
0.0
 11
93.50024341583251
 21
261.7218563896475
 31
0.0
  0
LINE
  5
D9D
330
A07
100
AcDbEntity
  8
AM_4
100
AcDbLine
 10
87.06024341583252
 20
260.0940031051636
 30
0.0
 11
91.56024341583252
 21
260.0940031051636
 31
0.0
  0
LINE
  5
D9E
330
A07
100
AcDbEntity
  8
AM_4
100
AcDbLine
 10
87.06024341583252
 20
264.3940031051636
 30
0.0
 11
87.06024341583252
 21
260.0940031051636
 31
0.0
  0
LINE
  5
D9F
330
A07
100
AcDbEntity
  8
AM_4
100
AcDbLine
 10
87.00024341583253
 20
243.9940031051636
 30
0.0
 11
87.00024341583253
 21
239.0940031051636
 31
0.0
  0
LINE
  5
DA0
330
A07
100
AcDbEntity
  8
AM_4
100
AcDbLine
 10
93.50024341583251
 20
242.315803842809
 30
0.0
 11
91.50024341583251
 21
243.9940031051636
 31
0.0
  0
LINE
  5
DA1
330
A07
100
AcDbEntity
  8
AM_4
100
AcDbLine
 10
91.50024341583251
 20
243.9940031051636
 30
0.0
 11
87.00024341583253
 21
243.9940031051636
 31
0.0
  0
LINE
  5
DA2
330
A07
100
AcDbEntity
  8
AM_4
100
AcDbLine
 10
87.06024341583252
 20
294.2140031051636
 30
0.0
 11
87.06024341583252
 21
289.9140031051636
 31
0.0
  0
LINE
  5
DA3
330
A07
100
AcDbEntity
  8
AM_4
100
AcDbLine
 10
93.50024341583251
 20
292.5861498206796
 30
0.0
 11
91.56024341583252
 21
294.2140031051636
 31
0.0
  0
LINE
  5
DA4
330
A07
100
AcDbEntity
  8
AM_4
100
AcDbLine
 10
91.56024341583252
 20
294.2140031051636
 30
0.0
 11
87.06024341583252
 21
294.2140031051636
 31
0.0
  0
LINE
  5
DA5
330
A07
100
AcDbEntity
  8
AM_4
100
AcDbLine
 10
79.06024341583253
 20
264.3940031051636
 30
0.0
 11
93.50024341583251
 21
264.3940031051636
 31
0.0
  0
LINE
  5
DA6
330
A07
100
AcDbEntity
  8
AM_4
100
AcDbLine
 10
79.06024341583253
 20
264.3940031051636
 30
0.0
 11
79.06024341583253
 21
289.9140031051636
 31
0.0
  0
LINE
  5
DA7
330
A07
100
AcDbEntity
  8
AM_4
100
AcDbLine
 10
79.06024341583253
 20
289.9140031051636
 30
0.0
 11
93.50024341583251
 21
289.9140031051636
 31
0.0
  0
LINE
  5
DA8
330
A07
100
AcDbEntity
  8
AM_4
100
AcDbLine
 10
79.06024341583253
 20
239.0940031051636
 30
0.0
 11
93.50024341583251
 21
239.0940031051636
 31
0.0
  0
LINE
  5
DA9
330
A07
100
AcDbEntity
  8
AM_4
100
AcDbLine
 10
79.06024341583253
 20
208.4940031051636
 30
0.0
 11
79.06024341583253
 21
239.0940031051636
 31
0.0
  0
LINE
  5
DAA
330
A07
100
AcDbEntity
  8
AM_4
100
AcDbLine
 10
79.06024341583253
 20
208.4940031051636
 30
0.0
 11
93.50024341583251
 21
208.4940031051636
 31
0.0
  0
LINE
  5
DAB
330
A07
100
AcDbEntity
  8
AM_4
100
AcDbLine
 10
93.50024341583253
 20
294.3140031051636
 30
0.0
 11
97.86800333562255
 21
294.3140031051636
 31
0.0
  0
LINE
  5
DAC
330
A07
100
AcDbEntity
  8
AM_4
100
AcDbLine
 10
93.50024341583253
 20
204.0940031051636
 30
0.0
 11
98.37713685561145
 21
204.0940031051636
 31
0.0
  0
LINE
  5
DAD
330
A07
100
AcDbEntity
  8
AM_4
100
AcDbLine
 10
93.50024341583253
 20
205.1940031051635
 30
0.0
 11
98.34208083974332
 21
205.1940031051635
 31
0.0
  0
LINE
  5
DAE
330
A07
100
AcDbEntity
  8
AM_4
100
AcDbLine
 10
93.50024341583253
 20
243.4940031051636
 30
0.0
 11
97.56573423618576
 21
243.4940031051636
 31
0.0
  0
LINE
  5
DAF
330
A07
100
AcDbEntity
  8
AM_4
100
AcDbLine
 10
93.50024341583253
 20
244.5940031051636
 30
0.0
 11
97.55618976863038
 21
244.5940031051636
 31
0.0
  0
LINE
  5
DB0
330
A07
100
AcDbEntity
  8
AM_4
100
AcDbLine
 10
93.50024341583253
 20
204.0940031051636
 30
0.0
 11
93.50024341583253
 21
244.5940031051636
 31
0.0
  0
LINE
  5
DB1
330
A07
100
AcDbEntity
  8
AM_4
100
AcDbLine
 10
93.50024341583253
 20
293.2140031051636
 30
0.0
 11
97.84537088856138
 21
293.2140031051636
 31
0.0
  0
LINE
  5
DB2
330
A07
100
AcDbEntity
  8
AM_4
100
AcDbLine
 10
93.50024341583253
 20
259.9940031051635
 30
0.0
 11
97.49730651923483
 21
259.9940031051635
 31
0.0
  0
LINE
  5
DB3
330
A07
100
AcDbEntity
  8
AM_4
100
AcDbLine
 10
93.50024341583253
 20
261.0940031051636
 30
0.0
 11
97.49843888269164
 21
261.0940031051636
 31
0.0
  0
LINE
  5
DB4
330
A07
100
AcDbEntity
  8
AM_4
100
AcDbLine
 10
93.50024341583253
 20
259.9940031051635
 30
0.0
 11
93.50024341583253
 21
294.3140031051636
 31
0.0
  0
LINE
  5
DB5
330
A07
100
AcDbEntity
  8
AM_4
100
AcDbLine
 10
120.7602434158325
 20
336.3940031051636
 30
0.0
 11
146.2602434158325
 21
336.3940031051636
 31
0.0
  0
LINE
  5
DB6
330
A07
100
AcDbEntity
  8
AM_4
100
AcDbLine
 10
146.2602434158325
 20
336.3940031051636
 30
0.0
 11
146.2602434158325
 21
333.8940031051636
 31
0.0
  0
LINE
  5
DB7
330
A07
100
AcDbEntity
  8
AM_4
100
AcDbLine
 10
120.7602434158325
 20
181.3940031051636
 30
0.0
 11
146.2602434158325
 21
181.3940031051636
 31
0.0
  0
LINE
  5
DB8
330
A07
100
AcDbEntity
  8
AM_4
100
AcDbLine
 10
146.2602434158325
 20
183.8940031051636
 30
0.0
 11
146.2602434158325
 21
181.3940031051636
 31
0.0
  0
LINE
  5
DB9
330
A07
100
AcDbEntity
  8
AM_4
100
AcDbLine
 10
117.2602434158325
 20
180.3940031573176
 30
0.0
 11
117.2602434158325
 21
168.8940031051636
 31
0.0
  0
LINE
  5
DBA
330
A07
100
AcDbEntity
  8
AM_4
100
AcDbLine
 10
119.7602434158325
 20
168.8940031051636
 30
0.0
 11
119.7602434158325
 21
180.3940031051636
 31
0.0
  0
LINE
  5
DBB
330
A07
100
AcDbEntity
  8
AM_4
100
AcDbLine
 10
119.7602434158325
 20
168.8940031051636
 30
0.0
 11
117.2602434158325
 21
168.8940031051636
 31
0.0
  0
LINE
  5
DBC
330
A07
100
AcDbEntity
  8
AM_4
100
AcDbLine
 10
119.7602434158325
 20
170.8940031051636
 30
0.0
 11
117.2602434158325
 21
170.8940031051636
 31
0.0
  0
ARC
  5
DBD
330
A07
100
AcDbEntity
  8
AM_4
100
AcDbCircle
 10
120.7602434158325
 20
180.3940031051636
 30
0.0
 40
0.9999999999999716
100
AcDbArc
 50
90.0
 51
180.0
  0
LINE
  5
DBE
330
A07
100
AcDbEntity
  8
AM_4
100
AcDbLine
 10
141.2602434158325
 20
183.8940031051636
 30
0.0
 11
141.2602434158325
 21
181.3940031051636
 31
0.0
  0
LINE
  5
DBF
330
A07
100
AcDbEntity
  8
AM_4
100
AcDbLine
 10
120.7602434158325
 20
183.9411317804698
 30
0.0
 11
120.7602434158325
 21
183.8940031051636
 31
0.0
  0
ARC
  5
DC0
330
A07
100
AcDbEntity
  8
AM_4
100
AcDbCircle
 10
120.7602434158325
 20
180.3940031051636
 30
0.0
 40
3.499999999999972
100
AcDbArc
 50
90.0
 51
180.0
  0
LINE
  5
DC1
330
A07
100
AcDbEntity
  8
AM_4
100
AcDbLine
 10
117.2602434158325
 20
348.8940031051636
 30
0.0
 11
117.2602434158325
 21
337.3940031051636
 31
0.0
  0
LINE
  5
DC2
330
A07
100
AcDbEntity
  8
AM_4
100
AcDbLine
 10
119.7602434158325
 20
337.3940031051636
 30
0.0
 11
119.7602434158325
 21
348.8940031051636
 31
0.0
  0
ARC
  5
DC3
330
A07
100
AcDbEntity
  8
AM_4
100
AcDbCircle
 10
120.7602434158325
 20
337.3940031051636
 30
0.0
 40
3.500000000000014
100
AcDbArc
 50
179.9999991462263
 51
270.0
  0
LINE
  5
DC4
330
A07
100
AcDbEntity
  8
AM_4
100
AcDbLine
 10
120.7602434158326
 20
333.8940031051636
 30
0.0
 11
120.7602434158325
 21
333.8468744298574
 31
0.0
  0
LINE
  5
DC5
330
A07
100
AcDbEntity
  8
AM_4
100
AcDbLine
 10
141.2602434158325
 20
336.3940031051636
 30
0.0
 11
141.2602434158325
 21
333.8940031051636
 31
0.0
  0
ARC
  5
DC6
330
A07
100
AcDbEntity
  8
AM_4
100
AcDbCircle
 10
120.7602434158325
 20
337.3940031051635
 30
0.0
 40
0.9999999999999858
100
AcDbArc
 50
180.0
 51
270.0
  0
LINE
  5
DC7
330
A07
100
AcDbEntity
  8
AM_4
100
AcDbLine
 10
119.7602434158325
 20
346.8940031051635
 30
0.0
 11
117.2602434158325
 21
346.8940031051635
 31
0.0
  0
LINE
  5
DC8
330
A07
100
AcDbEntity
  8
AM_4
100
AcDbLine
 10
119.7602434158325
 20
348.8940031051636
 30
0.0
 11
117.2602434158325
 21
348.8940031051636
 31
0.0
  0
LINE
  5
DC9
330
A07
100
AcDbEntity
  8
AM_4
100
AcDbLine
 10
210.0893528483584
 20
333.8940031051636
 30
0.0
 11
210.0893528483584
 21
285.5838022819534
 31
0.0
  0
LINE
  5
DCA
330
A07
100
AcDbEntity
  8
AM_4
100
AcDbLine
 10
222.1124419963655
 20
192.8506785685079
 30
0.0
 11
222.1124419963655
 21
183.8940031051636
 31
0.0
  0
LINE
  5
DCB
330
A07
100
AcDbEntity
  8
AM_4
100
AcDbLine
 10
196.6693528483584
 20
282.4882227293799
 30
0.0
 11
196.6693528483584
 21
225.2997834809472
 31
0.0
  0
LINE
  5
DCC
330
A07
100
AcDbEntity
  8
AM_4
100
AcDbLine
 10
203.3793528483584
 20
252.3625844346541
 30
0.0
 11
203.3793528483584
 21
195.425421775673
 31
0.0
  0
LINE
  5
DCD
330
A07
100
AcDbEntity
  8
AM_4
100
AcDbLine
 10
210.0893528483584
 20
282.2042039283738
 30
0.0
 11
210.0893528483584
 21
225.5838022819534
 31
0.0
  0
LINE
  5
DCE
330
A07
100
AcDbEntity
  8
AM_4
100
AcDbLine
 10
203.3793528483584
 20
333.8940031051636
 30
0.0
 11
203.3793528483584
 21
315.4254217756729
 31
0.0
  0
LINE
  5
DCF
330
A07
100
AcDbEntity
  8
AM_4
100
AcDbLine
 10
222.1124419963655
 20
333.8940031051636
 30
0.0
 11
222.1124419963655
 21
314.9373276418193
 31
0.0
  0
LINE
  5
DD0
330
A07
100
AcDbEntity
  8
AM_4
100
AcDbLine
 10
196.6693528483584
 20
222.4882227293799
 30
0.0
 11
196.6693528483584
 21
183.8940031051636
 31
0.0
  0
LINE
  5
DD1
330
A07
100
AcDbEntity
  8
AM_4
100
AcDbLine
 10
216.7993528483584
 20
192.1749752169144
 30
0.0
 11
216.7993528483584
 21
183.8940031051636
 31
0.0
  0
LINE
  5
DD2
330
A07
100
AcDbEntity
  8
AM_4
100
AcDbLine
 10
203.3793528483584
 20
312.3625844346542
 30
0.0
 11
203.3793528483584
 21
255.425421775673
 31
0.0
  0
LINE
  5
DD3
330
A07
100
AcDbEntity
  8
AM_4
100
AcDbLine
 10
203.3793528483584
 20
192.3625844346541
 30
0.0
 11
203.3793528483584
 21
183.8940031051636
 31
0.0
  0
LINE
  5
DD4
330
A07
100
AcDbEntity
  8
AM_4
100
AcDbLine
 10
196.6693528483584
 20
333.8940031051636
 30
0.0
 11
196.6693528483584
 21
285.2997834809472
 31
0.0
  0
LINE
  5
DD5
330
A07
100
AcDbEntity
  8
AM_4
100
AcDbLine
 10
210.0893528483584
 20
222.2042039283737
 30
0.0
 11
210.0893528483584
 21
183.8940031051636
 31
0.0
  0
LINE
  5
DD6
330
A07
100
AcDbEntity
  8
AM_4
100
AcDbLine
 10
216.7993528483584
 20
333.8940031051636
 30
0.0
 11
216.7993528483584
 21
315.6130309934127
 31
0.0
  0
LINE
  5
DD7
330
A07
100
AcDbEntity
  8
AM_4
100
AcDbLine
 10
216.7993528483584
 20
312.1749752169144
 30
0.0
 11
216.7993528483584
 21
255.6130309934128
 31
0.0
  0
LINE
  5
DD8
330
A07
100
AcDbEntity
  8
AM_4
100
AcDbLine
 10
216.7993528483584
 20
252.1749752169143
 30
0.0
 11
216.7993528483584
 21
195.6130309934128
 31
0.0
  0
LINE
  5
DD9
330
A07
100
AcDbEntity
  8
AM_4
100
AcDbLine
 10
222.1124419963655
 20
312.8506785685079
 30
0.0
 11
222.1124419963655
 21
254.9373276418193
 31
0.0
  0
LINE
  5
DDA
330
A07
100
AcDbEntity
  8
AM_4
100
AcDbLine
 10
222.1124419963655
 20
252.8506785685079
 30
0.0
 11
222.1124419963655
 21
194.9373276418193
 31
0.0
  0
LINE
  5
DDB
330
A07
100
AcDbEntity
  8
AM_4
100
AcDbLine
 10
215.4024419963654
 20
222.7979127658169
 30
0.0
 11
215.4024419963654
 21
183.8940031051636
 31
0.0
  0
LINE
  5
DDC
330
A07
100
AcDbEntity
  8
AM_4
100
AcDbLine
 10
195.2724419963655
 20
333.8940031051636
 30
0.0
 11
195.2724419963655
 21
315.4400889395995
 31
0.0
  0
LINE
  5
DDD
330
A07
100
AcDbEntity
  8
AM_4
100
AcDbLine
 10
201.9824419963655
 20
222.435009770912
 30
0.0
 11
201.9824419963655
 21
183.8940031051636
 31
0.0
  0
LINE
  5
DDE
330
A07
100
AcDbEntity
  8
AM_4
100
AcDbLine
 10
201.9824419963655
 20
282.4350097709121
 30
0.0
 11
201.9824419963655
 21
225.3529964394151
 31
0.0
  0
LINE
  5
DDF
330
A07
100
AcDbEntity
  8
AM_4
100
AcDbLine
 10
195.2724419963655
 20
192.3479172707276
 30
0.0
 11
195.2724419963655
 21
183.8940031051636
 31
0.0
  0
LINE
  5
DE0
330
A07
100
AcDbEntity
  8
AM_4
100
AcDbLine
 10
201.9824419963655
 20
333.8940031051636
 30
0.0
 11
201.9824419963655
 21
285.3529964394151
 31
0.0
  0
LINE
  5
DE1
330
A07
100
AcDbEntity
  8
AM_4
100
AcDbLine
 10
208.6924419963655
 20
312.5696716707728
 30
0.0
 11
208.6924419963655
 21
255.2183345395544
 31
0.0
  0
LINE
  5
DE2
330
A07
100
AcDbEntity
  8
AM_4
100
AcDbLine
 10
208.6924419963655
 20
252.5696716707727
 30
0.0
 11
208.6924419963655
 21
195.2183345395544
 31
0.0
  0
LINE
  5
DE3
330
A07
100
AcDbEntity
  8
AM_4
100
AcDbLine
 10
208.6924419963655
 20
192.5696716707727
 30
0.0
 11
208.6924419963655
 21
183.8940031051636
 31
0.0
  0
LINE
  5
DE4
330
A07
100
AcDbEntity
  8
AM_4
100
AcDbLine
 10
208.6924419963655
 20
333.8940031051636
 30
0.0
 11
208.6924419963655
 21
315.2183345395543
 31
0.0
  0
LINE
  5
DE5
330
A07
100
AcDbEntity
  8
AM_4
100
AcDbLine
 10
195.2724419963655
 20
312.3479172707276
 30
0.0
 11
195.2724419963655
 21
255.4400889395995
 31
0.0
  0
LINE
  5
DE6
330
A07
100
AcDbEntity
  8
AM_4
100
AcDbLine
 10
215.4024419963654
 20
333.8940031051636
 30
0.0
 11
215.4024419963654
 21
284.9900934445102
 31
0.0
  0
LINE
  5
DE7
330
A07
100
AcDbEntity
  8
AM_4
100
AcDbLine
 10
215.4024419963654
 20
282.7979127658169
 30
0.0
 11
215.4024419963654
 21
224.9900934445103
 31
0.0
  0
LINE
  5
DE8
330
A07
100
AcDbEntity
  8
AM_4
100
AcDbLine
 10
195.2724419963655
 20
252.3479172707276
 30
0.0
 11
195.2724419963655
 21
195.4400889395995
 31
0.0
  0
LINE
  5
DE9
330
A07
100
AcDbEntity
  8
AM_4
100
AcDbLine
 10
223.7602434158325
 20
333.8940031051636
 30
0.0
 11
223.7602434158325
 21
286.0811187601669
 31
0.0
  0
LINE
  5
DEA
330
A07
100
AcDbEntity
  8
AM_4
100
AcDbLine
 10
223.7602434158325
 20
281.7068874501603
 30
0.0
 11
223.7602434158325
 21
226.0811187601668
 31
0.0
  0
LINE
  5
DEB
330
A07
100
AcDbEntity
  8
AM_4
100
AcDbLine
 10
223.7602434158325
 20
221.7068874501603
 30
0.0
 11
223.7602434158325
 21
183.8940031051636
 31
0.0
  0
LINE
  5
DEC
330
A07
100
AcDbEntity
  8
AM_4
100
AcDbLine
 10
98.23524341583253
 20
311.3940031051636
 30
0.0
 11
97.46024341583252
 21
311.3940031051636
 31
0.0
  0
LINE
  5
DED
330
A07
100
AcDbEntity
  8
AM_4
100
AcDbLine
 10
98.23524341583253
 20
315.5940031051636
 30
0.0
 11
97.46024341583252
 21
315.5940031051636
 31
0.0
  0
LINE
  5
DEE
330
A07
100
AcDbEntity
  8
AM_4
100
AcDbLine
 10
97.46024341583252
 20
311.3940031051636
 30
0.0
 11
97.46024341583252
 21
315.5940031051636
 31
0.0
  0
LINE
  5
DEF
330
A07
100
AcDbEntity
  8
AM_4
100
AcDbLine
 10
98.23524341583253
 20
333.1840031051636
 30
0.0
 11
107.3850530239031
 21
333.1840031051636
 31
0.0
  0
LINE
  5
DF0
330
A07
100
AcDbEntity
  8
AM_4
100
AcDbLine
 10
98.23524341583253
 20
308.2303973553401
 30
0.0
 11
98.23524341583253
 21
333.1840031051636
 31
0.0
  0
LINE
  5
DF1
330
A07
100
AcDbEntity
  8
AM_4
100
AcDbLine
 10
123.4602434158325
 20
185.8940031051636
 30
0.0
 11
123.6602434158325
 21
185.8940031051636
 31
0.0
  0
LINE
  5
DF2
330
A07
100
AcDbEntity
  8
AM_4
100
AcDbLine
 10
123.6602434158325
 20
331.8940031051636
 30
0.0
 11
123.4602434158325
 21
331.8940031051636
 31
0.0
  0
LINE
  5
DF3
330
A07
100
AcDbEntity
  8
AM_4
100
AcDbLine
 10
228.2602434158326
 20
205.2340031051636
 30
0.0
 11
228.7602434158325
 21
205.2340031051636
 31
0.0
  0
LINE
  5
DF4
330
A07
100
AcDbEntity
  8
AM_4
100
AcDbLine
 10
228.2602434158326
 20
312.5640031051635
 30
0.0
 11
228.7602434158325
 21
312.5640031051635
 31
0.0
  0
LINE
  5
DF5
330
A07
100
AcDbEntity
  8
AM_4
100
AcDbLine
 10
97.65675293454507
 20
235.480208891011
 30
0.0
 11
97.65675293454507
 21
282.1077668537128
 31
0.0
  0
LINE
  5
DF6
330
A07
100
AcDbEntity
  8
AM_4
100
AcDbLine
 10
204.3784010699403
 20
191.3753751793653
 30
0.0
 11
204.3784010699403
 21
183.8940031051636
 31
0.0
  0
LINE
  5
DF7
330
A07
100
AcDbEntity
  8
AM_4
100
AcDbLine
 10
211.0884010699403
 20
281.3144963504155
 30
0.0
 11
211.0884010699403
 21
226.4735098599116
 31
0.0
  0
LINE
  5
DF8
330
A07
100
AcDbEntity
  8
AM_4
100
AcDbLine
 10
197.6684010699403
 20
281.4212862390048
 30
0.0
 11
197.6684010699403
 21
226.3667199713223
 31
0.0
  0
LINE
  5
DF9
330
A07
100
AcDbEntity
  8
AM_4
100
AcDbLine
 10
217.7984010699403
 20
251.3029552878459
 30
0.0
 11
217.7984010699403
 21
196.4850509224812
 31
0.0
  0
LINE
  5
DFA
330
A07
100
AcDbEntity
  8
AM_4
100
AcDbLine
 10
200.9833937747836
 20
281.4021278218511
 30
0.0
 11
200.9833937747836
 21
226.3858783884763
 31
0.0
  0
LINE
  5
DFB
330
A07
100
AcDbEntity
  8
AM_4
100
AcDbLine
 10
198.0632540196984
 20
333.8940031051636
 30
0.0
 11
198.0632540196984
 21
325.4541028685047
 31
0.0
  0
LINE
  5
DFC
330
A07
100
AcDbEntity
  8
AM_4
100
AcDbLine
 10
197.6684010699403
 20
333.8940031051636
 30
0.0
 11
197.6684010699403
 21
286.3667199713224
 31
0.0
  0
LINE
  5
DFD
330
A07
100
AcDbEntity
  8
AM_4
100
AcDbLine
 10
204.7732540196984
 20
324.5110738676516
 30
0.0
 11
207.2985408250255
 21
324.1561679521681
 31
0.0
  0
LINE
  5
DFE
330
A07
100
AcDbEntity
  8
AM_4
100
AcDbLine
 10
207.6933937747836
 20
333.8940031051636
 30
0.0
 11
207.6933937747836
 21
316.3382824217169
 31
0.0
  0
LINE
  5
DFF
330
A07
100
AcDbEntity
  8
AM_4
100
AcDbLine
 10
207.2985408250255
 20
324.1561679521681
 30
0.0
 11
207.2985408250256
 21
333.8940031051636
 31
0.0
  0
LINE
  5
E00
330
A07
100
AcDbEntity
  8
AM_4
100
AcDbLine
 10
207.6933937747836
 20
311.4497237886102
 30
0.0
 11
207.6933937747836
 21
256.3382824217168
 31
0.0
  0
LINE
  5
E01
330
A07
100
AcDbEntity
  8
AM_4
100
AcDbLine
 10
214.4033937747836
 20
333.8940031051636
 30
0.0
 11
214.4033937747836
 21
286.2650516718404
 31
0.0
  0
LINE
  5
E02
330
A07
100
AcDbEntity
  8
AM_4
100
AcDbLine
 10
214.0085408250255
 20
323.2131389513149
 30
0.0
 11
214.0085408250255
 21
333.8940031051636
 31
0.0
  0
LINE
  5
E03
330
A07
100
AcDbEntity
  8
AM_4
100
AcDbLine
 10
200.9833937747836
 20
221.4021278218508
 30
0.0
 11
200.9833937747836
 21
183.8940031051636
 31
0.0
  0
LINE
  5
E04
330
A07
100
AcDbEntity
  8
AM_4
100
AcDbLine
 10
221.1133937747836
 20
311.5383831674015
 30
0.0
 11
221.1133937747836
 21
256.2496230429256
 31
0.0
  0
LINE
  5
E05
330
A07
100
AcDbEntity
  8
AM_4
100
AcDbLine
 10
214.4033937747836
 20
221.5229545384864
 30
0.0
 11
214.4033937747836
 21
183.8940031051636
 31
0.0
  0
LINE
  5
E06
330
A07
100
AcDbEntity
  8
AM_4
100
AcDbLine
 10
217.7984010699403
 20
311.3029552878459
 30
0.0
 11
217.7984010699403
 21
256.4850509224812
 31
0.0
  0
LINE
  5
E07
330
A07
100
AcDbEntity
  8
AM_4
100
AcDbLine
 10
214.4033937747836
 20
281.5229545384867
 30
0.0
 11
214.4033937747836
 21
226.2650516718407
 31
0.0
  0
LINE
  5
E08
330
A07
100
AcDbEntity
  8
AM_4
100
AcDbLine
 10
194.2733937747836
 20
333.8940031051636
 30
0.0
 11
194.2733937747836
 21
316.4181380982807
 31
0.0
  0
LINE
  5
E09
330
A07
100
AcDbEntity
  8
AM_4
100
AcDbLine
 10
193.8785408250255
 20
326.0422259538741
 30
0.0
 11
193.8785408250255
 21
333.8940031051636
 31
0.0
  0
LINE
  5
E0A
330
A07
100
AcDbEntity
  8
AM_4
100
AcDbLine
 10
218.1932540196983
 20
322.6250158659456
 30
0.0
 11
220.7185408250255
 21
322.2701099504619
 31
0.0
  0
LINE
  5
E0B
330
A07
100
AcDbEntity
  8
AM_4
100
AcDbLine
 10
221.1133937747836
 20
333.8940031051636
 30
0.0
 11
221.1133937747836
 21
316.2496230429257
 31
0.0
  0
LINE
  5
E0C
330
A07
100
AcDbEntity
  8
AM_4
100
AcDbLine
 10
220.7185408250255
 20
322.2701099504619
 30
0.0
 11
220.7185408250255
 21
333.8940031051636
 31
0.0
  0
LINE
  5
E0D
330
A07
100
AcDbEntity
  8
AM_4
100
AcDbLine
 10
194.2733937747836
 20
191.3698681120461
 30
0.0
 11
194.2733937747836
 21
183.8940031051636
 31
0.0
  0
LINE
  5
E0E
330
A07
100
AcDbEntity
  8
AM_4
100
AcDbLine
 10
204.7732540196984
 20
333.8940031051636
 30
0.0
 11
204.7732540196984
 21
324.5110738676516
 31
0.0
  0
LINE
  5
E0F
330
A07
100
AcDbEntity
  8
AM_4
100
AcDbLine
 10
204.3784010699403
 20
333.8940031051636
 30
0.0
 11
204.3784010699403
 21
316.4126310309618
 31
0.0
  0
LINE
  5
E10
330
A07
100
AcDbEntity
  8
AM_4
100
AcDbLine
 10
197.6684010699403
 20
221.4212862390048
 30
0.0
 11
197.6684010699403
 21
183.8940031051636
 31
0.0
  0
LINE
  5
E11
330
A07
100
AcDbEntity
  8
AM_4
100
AcDbLine
 10
218.1932540196983
 20
333.8940031051636
 30
0.0
 11
218.1932540196983
 21
322.6250158659456
 31
0.0
  0
LINE
  5
E12
330
A07
100
AcDbEntity
  8
AM_4
100
AcDbLine
 10
217.7984010699403
 20
333.8940031051636
 30
0.0
 11
217.7984010699403
 21
316.4850509224812
 31
0.0
  0
LINE
  5
E13
330
A07
100
AcDbEntity
  8
AM_4
100
AcDbLine
 10
204.3784010699403
 20
311.3753751793653
 30
0.0
 11
204.3784010699403
 21
256.4126310309617
 31
0.0
  0
LINE
  5
E14
330
A07
100
AcDbEntity
  8
AM_4
100
AcDbLine
 10
211.4832540196983
 20
323.5680448667986
 30
0.0
 11
214.0085408250255
 21
323.2131389513149
 31
0.0
  0
LINE
  5
E15
330
A07
100
AcDbEntity
  8
AM_4
100
AcDbLine
 10
211.4832540196983
 20
333.8940031051636
 30
0.0
 11
211.4832540196983
 21
323.5680448667986
 31
0.0
  0
LINE
  5
E16
330
A07
100
AcDbEntity
  8
AM_4
100
AcDbLine
 10
211.0884010699403
 20
333.8940031051636
 30
0.0
 11
211.0884010699403
 21
286.4735098599116
 31
0.0
  0
LINE
  5
E17
330
A07
100
AcDbEntity
  8
AM_4
100
AcDbLine
 10
204.3784010699403
 20
251.3753751793653
 30
0.0
 11
204.3784010699403
 21
196.4126310309618
 31
0.0
  0
LINE
  5
E18
330
A07
100
AcDbEntity
  8
AM_4
100
AcDbLine
 10
211.0884010699403
 20
221.3144963504155
 30
0.0
 11
211.0884010699403
 21
183.8940031051636
 31
0.0
  0
LINE
  5
E19
330
A07
100
AcDbEntity
  8
AM_4
100
AcDbLine
 10
198.0632540196984
 20
325.4541028685047
 30
0.0
 11
200.5885408250255
 21
325.0991969530211
 31
0.0
  0
LINE
  5
E1A
330
A07
100
AcDbEntity
  8
AM_4
100
AcDbLine
 10
200.9833937747836
 20
333.8940031051636
 30
0.0
 11
200.9833937747836
 21
286.385878388476
 31
0.0
  0
LINE
  5
E1B
330
A07
100
AcDbEntity
  8
AM_4
100
AcDbLine
 10
200.5885408250255
 20
325.0991969530211
 30
0.0
 11
200.5885408250255
 21
333.8940031051636
 31
0.0
  0
LINE
  5
E1C
330
A07
100
AcDbEntity
  8
AM_4
100
AcDbLine
 10
221.1133937747836
 20
191.5383831674012
 30
0.0
 11
221.1133937747836
 21
183.8940031051636
 31
0.0
  0
LINE
  5
E1D
330
A07
100
AcDbEntity
  8
AM_4
100
AcDbLine
 10
207.6933937747836
 20
251.4497237886103
 30
0.0
 11
207.6933937747836
 21
196.3382824217168
 31
0.0
  0
LINE
  5
E1E
330
A07
100
AcDbEntity
  8
AM_4
100
AcDbLine
 10
194.2733937747836
 20
311.3698681120464
 30
0.0
 11
194.2733937747836
 21
256.4181380982806
 31
0.0
  0
LINE
  5
E1F
330
A07
100
AcDbEntity
  8
AM_4
100
AcDbLine
 10
221.1133937747836
 20
251.5383831674015
 30
0.0
 11
221.1133937747836
 21
196.2496230429259
 31
0.0
  0
LINE
  5
E20
330
A07
100
AcDbEntity
  8
AM_4
100
AcDbLine
 10
207.6933937747836
 20
191.4497237886103
 30
0.0
 11
207.6933937747836
 21
183.8940031051636
 31
0.0
  0
LINE
  5
E21
330
A07
100
AcDbEntity
  8
AM_4
100
AcDbLine
 10
217.7984010699403
 20
191.3029552878459
 30
0.0
 11
217.7984010699403
 21
183.8940031051636
 31
0.0
  0
LINE
  5
E22
330
A07
100
AcDbEntity
  8
AM_4
100
AcDbLine
 10
194.2733937747836
 20
251.3698681120464
 30
0.0
 11
194.2733937747836
 21
196.418138098281
 31
0.0
  0
LINE
  5
E23
330
A07
100
AcDbEntity
  8
AM_4
100
AcDbLine
 10
99.30835284988085
 20
184.5156063887402
 30
0.0
 11
117.9602434158325
 21
184.1900364278775
 31
0.0
  0
LINE
  5
E24
330
A07
100
AcDbEntity
  8
AM_4
100
AcDbLine
 10
117.9602434158325
 20
333.5979697824496
 30
0.0
 11
108.6602434158325
 21
333.4356376786171
 31
0.0
  0
LINE
  5
E25
330
A07
100
AcDbEntity
  8
AM_4
100
AcDbLine
 10
108.6602434158325
 20
333.4356376786171
 30
0.0
 11
108.6602434158325
 21
333.2356072130084
 31
0.0
  0
LINE
  5
E26
330
A07
100
AcDbEntity
  8
AM_4
100
AcDbLine
 10
108.6602434158325
 20
333.2356072130084
 30
0.0
 11
107.3902434158325
 21
333.2134392805496
 31
0.0
  0
LINE
  5
E27
330
A07
100
AcDbEntity
  8
AM_4
100
AcDbLine
 10
107.3902434158325
 20
333.2134392805496
 30
0.0
 11
104.7454381226974
 21
318.2140031051636
 31
0.0
  0
LWPOLYLINE
  5
E28
330
A07
100
AcDbEntity
  8
AM_4
100
AcDbPolyline
 90
        8
 70
     0
 43
0.0
 10
98.21536948739222
 20
308.2140031051637
 10
99.51234196816964
 20
309.3810951798132
 10
100.70266030047
 20
310.6567847166494
 10
101.7772654430507
 20
312.0313629480145
 10
102.7279790019123
 20
313.4943685035748
 10
103.5475654728153
 20
315.0346670276656
 10
104.2297873078364
 20
316.6405359184609
 10
104.7454381226974
 20
318.2140031051636
  0
LINE
  5
E29
330
A07
100
AcDbEntity
  8
AM_4
100
AcDbLine
 10
98.21536948739177
 20
308.2140031051726
 30
0.0
 11
97.65675293454471
 21
282.1077668537218
 31
0.0
  0
LINE
  5
E2A
330
A07
100
AcDbEntity
  8
AM_4
100
AcDbLine
 10
97.65675293454471
 20
235.480208891002
 30
0.0
 11
99.11203334885803
 21
184.7068597950578
 31
0.0
  0
LWPOLYLINE
  5
E2B
330
A07
100
AcDbEntity
  8
AM_4
100
AcDbPolyline
 90
       19
 70
     0
 43
0.0
 10
99.11203334885847
 20
184.7068597950592
 10
99.11355334718587
 20
184.6894783751591
 10
99.11658245202214
 20
184.6722955733924
 10
99.12109761005046
 20
184.655442161256
 10
99.12706445819188
 20
184.6390464033926
 10
99.1344375851292
 20
184.6232330814194
 10
99.1431608769144
 20
184.6081225442651
 10
99.1531679440297
 20
184.5938297922415
 10
99.16438262665194
 20
184.5804636018215
 10
99.17671957427477
 20
184.5681256977851
 10
99.19008489527751
 20
184.5569099790317
 10
99.20437687149713
 20
184.5469018039534
 10
99.21948673236487
 20
184.5381773408056
 10
99.23529948271593
 20
184.5308029880208
 10
99.25169477797216
 20
184.5248348688764
 10
99.2685478400369
 20
184.5203184043628
 10
99.28573040693168
 20
184.5172879675021
 10
99.3031117089473
 20
184.5157666217485
 10
99.30835284988085
 20
184.5156063887402
  0
LINE
  5
E2C
330
A07
100
AcDbEntity
  8
AM_4
100
AcDbLine
 10
228.2602434158326
 20
204.4994482285571
 30
0.0
 11
228.7602434158325
 21
204.4994482285571
 31
0.0
  0
LINE
  5
E2D
330
A07
100
AcDbEntity
  8
AM_4
100
AcDbLine
 10
205.2723218933624
 20
311.7373319420662
 30
0.0
 11
205.2723218933624
 21
256.0506742682609
 31
0.0
  0
LINE
  5
E2E
330
A07
100
AcDbEntity
  8
AM_4
100
AcDbLine
 10
205.2723218933624
 20
324.4409344521138
 30
0.0
 11
205.2723218933624
 21
316.050674268261
 31
0.0
  0
LWPOLYLINE
  5
E2F
330
A07
100
AcDbEntity
  8
AM_4
100
AcDbPolyline
 90
        4
 70
     0
 43
0.0
 10
214.4033937747836
 20
281.5229545384867
 10
214.0651805842903
 20
281.6153499988906
 10
213.7416702714954
 20
281.7250873853216
 10
213.5094729513615
 20
281.8185753302887
  0
LWPOLYLINE
  5
E30
330
A07
100
AcDbEntity
  8
AM_4
100
AcDbPolyline
 90
        6
 70
     0
 43
0.0
 10
215.4024419963654
 20
282.7979127658169
 10
215.0049778108541
 20
282.0880200491124
 10
214.7703249332479
 20
281.8180154981289
 10
214.5500796770714
 20
281.6205404173991
 10
214.4420473557213
 20
281.5425631539768
 10
214.4033937747836
 20
281.5229545384867
  0
ARC
  5
E31
330
A07
100
AcDbEntity
  8
AM_4
100
AcDbCircle
 10
212.5902434158328
 20
283.8940031051636
 30
0.0
 40
3.018256928818194
100
AcDbArc
 50
338.7060146127193
 51
21.29398538728068
  0
LWPOLYLINE
  5
E32
330
A07
100
AcDbEntity
  8
AM_4
100
AcDbPolyline
 90
        7
 70
     0
 43
0.0
 10
214.4033937747836
 20
286.2650516718404
 10
214.4524482778075
 20
286.2387144351002
 10
214.5656776400508
 20
286.155067142718
 10
214.7241539683155
 20
286.0154369391349
 10
214.9735786193704
 20
285.7404131008627
 10
215.2934567817543
 20
285.2361121820365
 10
215.4024419963654
 20
284.9900934445102
  0
LWPOLYLINE
  5
E33
330
A07
100
AcDbEntity
  8
AM_4
100
AcDbPolyline
 90
        4
 70
     0
 43
0.0
 10
213.5094729513615
 20
285.9694308800384
 10
213.8202923412708
 20
286.0916713474446
 10
214.1476783562754
 20
286.1971862325386
 10
214.4033937747836
 20
286.2650516718404
  0
LINE
  5
E34
330
A07
100
AcDbEntity
  8
AM_4
100
AcDbLine
 10
218.6923218933624
 20
311.7015771266806
 30
0.0
 11
218.6923218933624
 21
256.0864290836464
 31
0.0
  0
LWPOLYLINE
  5
E35
330
A07
100
AcDbEntity
  8
AM_4
100
AcDbPolyline
 90
        4
 70
     0
 43
0.0
 10
221.1133937747836
 20
311.5383831674015
 10
220.7772095961629
 20
311.6278159056231
 10
220.4552903852599
 20
311.7344956967945
 10
220.2194729513615
 20
311.8275493148985
  0
LWPOLYLINE
  5
E36
330
A07
100
AcDbEntity
  8
AM_4
100
AcDbPolyline
 90
        6
 70
     0
 43
0.0
 10
222.1124419963655
 20
312.8506785685079
 10
221.7170552762099
 20
312.1178685733731
 10
221.4836123540595
 20
311.8426116970416
 10
221.2624958563965
 20
311.6398763617358
 10
221.1537608967498
 20
311.5595651274493
 10
221.1133937747836
 20
311.5383831674015
  0
ARC
  5
E37
330
A07
100
AcDbEntity
  8
AM_4
100
AcDbCircle
 10
219.2802434158323
 20
313.8940031051636
 30
0.0
 40
3.018256928818654
100
AcDbArc
 50
339.7772254598675
 51
20.22277454013357
  0
LWPOLYLINE
  5
E38
330
A07
100
AcDbEntity
  8
AM_4
100
AcDbPolyline
 90
        7
 70
     0
 43
0.0
 10
221.1133937747836
 20
316.2496230429257
 10
221.1620260181763
 20
316.2229735112984
 10
221.2740707173689
 20
316.1387496523363
 10
221.4307430959238
 20
315.9984607838139
 10
221.6784357668481
 20
315.7209328079426
 10
221.995846997593
 20
315.2107925270682
 10
222.1124419963655
 20
314.9373276418193
  0
LWPOLYLINE
  5
E39
330
A07
100
AcDbEntity
  8
AM_4
100
AcDbPolyline
 90
        4
 70
     0
 43
0.0
 10
220.2194729513615
 20
315.9604568954287
 10
220.5287780795169
 20
316.0798274999644
 10
220.8542388892388
 20
316.1825626610188
 10
221.1133937747836
 20
316.2496230429257
  0
LINE
  5
E3A
330
A07
100
AcDbEntity
  8
AM_4
100
AcDbLine
 10
193.3794729513615
 20
311.7344981979326
 30
0.0
 11
193.3794729513615
 21
256.0535080123944
 31
0.0
  0
LWPOLYLINE
  5
E3B
330
A07
100
AcDbEntity
  8
AM_4
100
AcDbPolyline
 90
        4
 70
     0
 43
0.0
 10
193.0406943238006
 20
311.6730629567253
 10
193.2195610148446
 20
311.7040609930929
 10
193.3375015337293
 20
311.7290201699299
 10
193.3794729513615
 20
311.7344981979326
  0
LWPOLYLINE
  5
E3C
330
A07
100
AcDbEntity
  8
AM_4
100
AcDbPolyline
 90
        4
 70
     0
 43
0.0
 10
194.2733937747836
 20
311.3698681120464
 10
193.9152759203121
 20
311.4947902400239
 10
193.5766595777776
 20
311.6379718265893
 10
193.3794729513615
 20
311.7344981979326
  0
LWPOLYLINE
  5
E3D
330
A07
100
AcDbEntity
  8
AM_4
100
AcDbPolyline
 90
        6
 70
     0
 43
0.0
 10
195.2724419963655
 20
312.3479172707276
 10
194.8853388987409
 20
311.8370632626869
 10
194.634835766213
 20
311.6046581314795
 10
194.4132809553394
 20
311.4437349258384
 10
194.296350584162
 20
311.3772911105186
 10
194.2733937747836
 20
311.3698681120464
  0
ARC
  5
E3E
330
A07
100
AcDbEntity
  8
AM_4
100
AcDbCircle
 10
192.6802434158324
 20
313.8940031051636
 30
0.0
 40
3.018256928818549
100
AcDbArc
 50
329.1865421144042
 51
30.813457885594
  0
LWPOLYLINE
  5
E3F
330
A07
100
AcDbEntity
  8
AM_4
100
AcDbPolyline
 90
        7
 70
     0
 43
0.0
 10
194.2733937747836
 20
316.4181380982807
 10
194.3268188117781
 20
316.3953997996068
 10
194.4524063324114
 20
316.3187464170106
 10
194.6295540983478
 20
316.1876451962423
 10
194.847321314905
 20
315.9901095149303
 10
195.1768680941472
 20
315.589814167617
 10
195.2724419963655
 20
315.4400889395995
  0
LWPOLYLINE
  5
E40
330
A07
100
AcDbEntity
  8
AM_4
100
AcDbPolyline
 90
        4
 70
     0
 43
0.0
 10
193.3794729513615
 20
316.0535080123946
 10
193.70482396348
 20
316.2073726684314
 10
194.0512781540015
 20
316.3436311852411
 10
194.2733937747836
 20
316.4181380982807
  0
LWPOLYLINE
  5
E41
330
A07
100
AcDbEntity
  8
AM_4
100
AcDbPolyline
 90
        4
 70
     0
 43
0.0
 10
217.7984010699403
 20
316.4850509224809
 10
218.1650591034931
 20
316.3437121830002
 10
218.5097994256445
 20
316.1837296782624
 10
218.6923218933624
 20
316.0864290836465
  0
LWPOLYLINE
  5
E42
330
A07
100
AcDbEntity
  8
AM_4
100
AcDbPolyline
 90
        6
 70
     0
 43
0.0
 10
216.7993528483584
 20
315.6130309934127
 10
217.1196957829692
 20
315.9989504686175
 10
217.389407196548
 20
316.2379422726046
 10
217.5990693752528
 20
316.3838792528568
 10
217.7476260203006
 20
316.4664818184928
 10
217.7984010699403
 20
316.4850509224812
  0
ARC
  5
E43
330
A07
100
AcDbEntity
  8
AM_4
100
AcDbCircle
 10
219.2802434158324
 20
313.8940031051636
 30
0.0
 40
3.018256928818361
100
AcDbArc
 50
145.2816180342426
 51
214.7183819657575
  0
LWPOLYLINE
  5
E44
330
A07
100
AcDbEntity
  8
AM_4
100
AcDbPolyline
 90
        7
 70
     0
 43
0.0
 10
217.7984010699403
 20
311.3029552878459
 10
217.742954747644
 20
311.3237586770165
 10
217.6115913380466
 20
311.3964338893923
 10
217.425786413042
 20
311.5224136017728
 10
217.1992402987683
 20
311.7118662687309
 10
216.8634822641972
 20
312.0860466573066
 10
216.7993528483584
 20
312.1749752169144
  0
LWPOLYLINE
  5
E45
330
A07
100
AcDbEntity
  8
AM_4
100
AcDbPolyline
 90
        4
 70
     0
 43
0.0
 10
218.6923218933624
 20
311.7015771266806
 10
218.3610151208459
 20
311.5316757572533
 10
218.0062992933144
 20
311.3797531253559
 10
217.7984010699403
 20
311.3029552878462
  0
LWPOLYLINE
  5
E46
330
A07
100
AcDbEntity
  8
AM_4
100
AcDbPolyline
 90
        4
 70
     0
 43
0.0
 10
218.6923218933624
 20
311.7015771266806
 10
218.7400154473269
 20
311.6974357416134
 10
218.8576800849414
 20
311.6787998160415
 10
219.0311005209233
 20
311.6578394667157
  0
LWPOLYLINE
  5
E47
330
A07
100
AcDbEntity
  8
AM_4
100
AcDbPolyline
 90
        6
 70
     0
 43
0.0
 10
208.6924419963655
 20
192.5696716707727
 10
208.2951439800938
 20
191.9617071834427
 10
208.0533228694116
 20
191.7114336421776
 10
207.8338493558483
 20
191.5335840591511
 10
207.7163510520667
 20
191.4585211491958
 10
207.6933937747836
 20
191.4497237886103
  0
ARC
  5
E48
330
A07
100
AcDbEntity
  8
AM_4
100
AcDbCircle
 10
205.9802434158323
 20
193.8940031051636
 30
0.0
 40
3.018256928818621
100
AcDbArc
 50
333.9743423599075
 51
26.02565764009302
  0
LWPOLYLINE
  5
E49
330
A07
100
AcDbEntity
  8
AM_4
100
AcDbPolyline
 90
        7
 70
     0
 43
0.0
 10
207.6933937747836
 20
196.3382824217168
 10
207.7444970217578
 20
196.3135437027672
 10
207.8634973271766
 20
196.2329288033753
 10
208.0307235549269
 20
196.0968944641772
 10
208.2880844082339
 20
195.8345575738035
 10
208.6185886332958
 20
195.3597567476437
 10
208.6924419963655
 20
195.2183345395544
  0
LWPOLYLINE
  5
E4A
330
A07
100
AcDbEntity
  8
AM_4
100
AcDbPolyline
 90
        4
 70
     0
 43
0.0
 10
206.7994729513615
 20
196.0108985574302
 10
207.117369641999
 20
196.1475012857604
 10
207.4538914350758
 20
196.2669535322367
 10
207.6933937747836
 20
196.3382824217168
  0
LWPOLYLINE
  5
E4B
330
A07
100
AcDbEntity
  8
AM_4
100
AcDbPolyline
 90
        4
 70
     0
 43
0.0
 10
207.6933937747836
 20
191.4497237886103
 10
207.3456036069047
 20
191.5569179720823
 10
207.0147015431807
 20
191.6818987845876
 10
206.7994729513615
 20
191.7771076528969
  0
LINE
  5
E4C
330
A07
100
AcDbEntity
  8
AM_4
100
AcDbLine
 10
193.3794729513615
 20
326.112365369412
 30
0.0
 11
193.3794729513615
 21
316.0535080123946
 31
0.0
  0
LWPOLYLINE
  5
E4D
330
A07
100
AcDbEntity
  8
AM_4
100
AcDbPolyline
 90
        4
 70
     0
 43
0.0
 10
193.3794729513615
 20
316.0535080123946
 10
193.3326078415774
 20
316.0599925539308
 10
193.2174159934424
 20
316.084379556929
 10
193.0406943238006
 20
316.1149432536018
  0
LINE
  5
E4E
330
A07
100
AcDbEntity
  8
AM_4
100
AcDbLine
 10
206.7994729513615
 20
311.7771076528968
 30
0.0
 11
206.7994729513615
 21
256.0108985574302
 31
0.0
  0
LINE
  5
E4F
330
A07
100
AcDbEntity
  8
AM_4
100
AcDbLine
 10
200.0894729513615
 20
221.7513322273101
 30
0.0
 11
200.0894729513615
 21
183.8940031051636
 31
0.0
  0
LWPOLYLINE
  5
E50
330
A07
100
AcDbEntity
  8
AM_4
100
AcDbPolyline
 90
        4
 70
     0
 43
0.0
 10
221.1133937747836
 20
251.5383831674015
 10
220.7772095961629
 20
251.6278159056232
 10
220.45529038526
 20
251.7344956967945
 10
220.2194729513615
 20
251.8275493148985
  0
LWPOLYLINE
  5
E51
330
A07
100
AcDbEntity
  8
AM_4
100
AcDbPolyline
 90
        6
 70
     0
 43
0.0
 10
222.1124419963655
 20
252.8506785685079
 10
221.7170552762099
 20
252.1178685733731
 10
221.4836123540595
 20
251.8426116970415
 10
221.2624958563965
 20
251.6398763617357
 10
221.1537608967498
 20
251.5595651274493
 10
221.1133937747836
 20
251.5383831674015
  0
ARC
  5
E52
330
A07
100
AcDbEntity
  8
AM_4
100
AcDbCircle
 10
219.280243415832
 20
253.8940031051636
 30
0.0
 40
3.018256928818913
100
AcDbArc
 50
339.7772254598681
 51
20.22277454013189
  0
LWPOLYLINE
  5
E53
330
A07
100
AcDbEntity
  8
AM_4
100
AcDbPolyline
 90
        7
 70
     0
 43
0.0
 10
221.1133937747836
 20
256.2496230429256
 10
221.1620260181763
 20
256.2229735112984
 10
221.2740707173689
 20
256.1387496523362
 10
221.4307430959238
 20
255.998460783814
 10
221.6784357668481
 20
255.7209328079426
 10
221.995846997593
 20
255.2107925270682
 10
222.1124419963655
 20
254.9373276418193
  0
LWPOLYLINE
  5
E54
330
A07
100
AcDbEntity
  8
AM_4
100
AcDbPolyline
 90
        4
 70
     0
 43
0.0
 10
220.2194729513615
 20
255.9604568954286
 10
220.5287780795169
 20
256.0798274999643
 10
220.8542388892388
 20
256.1825626610188
 10
221.1133937747836
 20
256.2496230429256
  0
LINE
  5
E55
330
A07
100
AcDbEntity
  8
AM_4
100
AcDbLine
 10
211.9823218933624
 20
281.7070383568815
 30
0.0
 11
211.9823218933624
 21
226.0809678534455
 31
0.0
  0
LWPOLYLINE
  5
E56
330
A07
100
AcDbEntity
  8
AM_4
100
AcDbPolyline
 90
        4
 70
     0
 43
0.0
 10
219.0311005209233
 20
256.1301667436114
 10
218.8526273277336
 20
256.1084510113484
 10
218.7349032113496
 20
256.0897902274814
 10
218.6923218933624
 20
256.0864290836464
  0
LWPOLYLINE
  5
E57
330
A07
100
AcDbEntity
  8
AM_4
100
AcDbPolyline
 90
        4
 70
     0
 43
0.0
 10
217.7984010699403
 20
256.4850509224808
 10
218.1650591034931
 20
256.3437121830001
 10
218.5097994256445
 20
256.1837296782622
 10
218.6923218933624
 20
256.0864290836464
  0
LWPOLYLINE
  5
E58
330
A07
100
AcDbEntity
  8
AM_4
100
AcDbPolyline
 90
        6
 70
     0
 43
0.0
 10
216.7993528483584
 20
255.6130309934128
 10
217.1196957829692
 20
255.9989504686176
 10
217.389407196548
 20
256.2379422726046
 10
217.5990693752528
 20
256.3838792528568
 10
217.7476260203006
 20
256.4664818184928
 10
217.7984010699403
 20
256.4850509224812
  0
ARC
  5
E59
330
A07
100
AcDbEntity
  8
AM_4
100
AcDbCircle
 10
219.2802434158326
 20
253.8940031051636
 30
0.0
 40
3.018256928818487
100
AcDbArc
 50
145.2816180342429
 51
214.7183819657571
  0
LWPOLYLINE
  5
E5A
330
A07
100
AcDbEntity
  8
AM_4
100
AcDbPolyline
 90
        7
 70
     0
 43
0.0
 10
217.7984010699403
 20
251.3029552878459
 10
217.742954747644
 20
251.3237586770165
 10
217.6115913380466
 20
251.3964338893923
 10
217.425786413042
 20
251.5224136017728
 10
217.1992402987683
 20
251.7118662687309
 10
216.8634822641972
 20
252.0860466573066
 10
216.7993528483584
 20
252.1749752169143
  0
LWPOLYLINE
  5
E5B
330
A07
100
AcDbEntity
  8
AM_4
100
AcDbPolyline
 90
        4
 70
     0
 43
0.0
 10
218.6923218933624
 20
251.7015771266807
 10
218.3610151208459
 20
251.5316757572534
 10
218.0062992933145
 20
251.3797531253559
 10
217.7984010699403
 20
251.3029552878463
  0
LWPOLYLINE
  5
E5C
330
A07
100
AcDbEntity
  8
AM_4
100
AcDbPolyline
 90
        6
 70
     0
 43
0.0
 10
208.6924419963655
 20
312.5696716707728
 10
208.2951439800938
 20
311.9617071834427
 10
208.0533228694116
 20
311.7114336421777
 10
207.8338493558483
 20
311.5335840591511
 10
207.7163510520667
 20
311.4585211491958
 10
207.6933937747836
 20
311.4497237886102
  0
ARC
  5
E5D
330
A07
100
AcDbEntity
  8
AM_4
100
AcDbCircle
 10
205.9802434158327
 20
313.8940031051636
 30
0.0
 40
3.018256928818302
100
AcDbArc
 50
333.9743423599051
 51
26.02565764009489
  0
LWPOLYLINE
  5
E5E
330
A07
100
AcDbEntity
  8
AM_4
100
AcDbPolyline
 90
        7
 70
     0
 43
0.0
 10
207.6933937747836
 20
316.3382824217169
 10
207.7444970217578
 20
316.3135437027672
 10
207.8634973271766
 20
316.2329288033752
 10
208.0307235549269
 20
316.0968944641772
 10
208.2880844082339
 20
315.8345575738035
 10
208.6185886332958
 20
315.3597567476437
 10
208.6924419963655
 20
315.2183345395543
  0
LWPOLYLINE
  5
E5F
330
A07
100
AcDbEntity
  8
AM_4
100
AcDbPolyline
 90
        4
 70
     0
 43
0.0
 10
206.7994729513615
 20
316.0108985574303
 10
207.117369641999
 20
316.1475012857604
 10
207.4538914350758
 20
316.2669535322368
 10
207.6933937747836
 20
316.3382824217169
  0
LWPOLYLINE
  5
E60
330
A07
100
AcDbEntity
  8
AM_4
100
AcDbPolyline
 90
        4
 70
     0
 43
0.0
 10
206.4606943238006
 20
311.6958978017187
 10
206.6400206242991
 20
311.7372714129079
 10
206.7582826481022
 20
311.769354124467
 10
206.7994729513615
 20
311.7771076528968
  0
LWPOLYLINE
  5
E61
330
A07
100
AcDbEntity
  8
AM_4
100
AcDbPolyline
 90
        4
 70
     0
 43
0.0
 10
207.6933937747836
 20
311.4497237886102
 10
207.3456036069047
 20
311.5569179720823
 10
207.0147015431806
 20
311.6818987845875
 10
206.7994729513615
 20
311.7771076528968
  0
LWPOLYLINE
  5
E62
330
A07
100
AcDbEntity
  8
AM_4
100
AcDbPolyline
 90
        4
 70
     0
 43
0.0
 10
212.3211005209233
 20
226.1278477958527
 10
212.1425573775673
 20
226.1044839488101
 10
212.0247998728397
 20
226.0847095954431
 10
211.9823218933624
 20
226.0809678534455
  0
LWPOLYLINE
  5
E63
330
A07
100
AcDbEntity
  8
AM_4
100
AcDbPolyline
 90
        4
 70
     0
 43
0.0
 10
211.0884010699403
 20
226.4735098599113
 10
211.4535945685069
 20
226.3351190492491
 10
211.7973039696428
 20
226.1781498722664
 10
211.9823218933624
 20
226.0809678534455
  0
LWPOLYLINE
  5
E64
330
A07
100
AcDbEntity
  8
AM_4
100
AcDbPolyline
 90
        6
 70
     0
 43
0.0
 10
210.0893528483584
 20
225.5838022819534
 10
210.405095751919
 20
225.9734800252508
 10
210.6751718367605
 20
226.2183225251634
 10
210.8856511611423
 20
226.3680977670969
 10
211.0360317352999
 20
226.453686028673
 10
211.0884010699403
 20
226.4735098599116
  0
ARC
  5
E65
330
A07
100
AcDbEntity
  8
AM_4
100
AcDbCircle
 10
212.5902434158325
 20
223.8940031051636
 30
0.0
 40
3.018256928818403
100
AcDbArc
 50
145.9539328334451
 51
214.0460671665548
  0
LWPOLYLINE
  5
E66
330
A07
100
AcDbEntity
  8
AM_4
100
AcDbPolyline
 90
        7
 70
     0
 43
0.0
 10
211.0884010699403
 20
221.3144963504155
 10
211.0333085858797
 20
221.3356529518352
 10
210.9029590528153
 20
221.4090639279564
 10
210.7186716978011
 20
221.5360002527879
 10
210.4936503221361
 20
221.7269348810639
 10
210.1588572929701
 20
222.1057842628926
 10
210.0893528483584
 20
222.2042039283737
  0
LWPOLYLINE
  5
E67
330
A07
100
AcDbEntity
  8
AM_4
100
AcDbPolyline
 90
        4
 70
     0
 43
0.0
 10
211.9823218933624
 20
221.7070383568816
 10
211.6520193286238
 20
221.5400202174158
 10
211.2987225342179
 20
221.3909173090995
 10
211.0884010699403
 20
221.3144963504159
  0
LWPOLYLINE
  5
E68
330
A07
100
AcDbEntity
  8
AM_4
100
AcDbPolyline
 90
        6
 70
     0
 43
0.0
 10
203.3793528483584
 20
195.425421775673
 10
203.767327260431
 20
195.9425080597331
 10
204.0172375939714
 20
196.1761274063413
 10
204.2386129205598
 20
196.338163824424
 10
204.355492317609
 20
196.4051344057128
 10
204.3784010699403
 20
196.4126310309618
  0
ARC
  5
E69
330
A07
100
AcDbEntity
  8
AM_4
100
AcDbCircle
 10
205.9802434158325
 20
193.8940031051636
 30
0.0
 40
3.018256928818415
100
AcDbArc
 50
149.5101893047111
 51
210.4898106952884
  0
LWPOLYLINE
  5
E6A
330
A07
100
AcDbEntity
  8
AM_4
100
AcDbPolyline
 90
        7
 70
     0
 43
0.0
 10
204.3784010699403
 20
191.3753751793653
 10
204.325139223363
 20
191.3982613799783
 10
204.2000163477493
 20
191.4752132833462
 10
204.0235664919545
 20
191.6066930569586
 10
203.8065156829078
 20
191.8048420566387
 10
203.4775442295045
 20
192.2071856815674
 10
203.3793528483584
 20
192.3625844346541
  0
LWPOLYLINE
  5
E6B
330
A07
100
AcDbEntity
  8
AM_4
100
AcDbPolyline
 90
        4
 70
     0
 43
0.0
 10
205.2723218933624
 20
191.7373319420666
 10
204.9474741446875
 20
191.5847185843192
 10
204.6017029917772
 20
191.4496802761594
 10
204.3784010699403
 20
191.3753751793653
  0
LWPOLYLINE
  5
E6C
330
A07
100
AcDbEntity
  8
AM_4
100
AcDbPolyline
 90
        4
 70
     0
 43
0.0
 10
204.3784010699403
 20
196.4126310309618
 10
204.7358110971985
 20
196.2889919405795
 10
205.0739086038184
 20
196.1471255390259
 10
205.2723218933624
 20
196.0506742682605
  0
LINE
  5
E6D
330
A07
100
AcDbEntity
  8
AM_4
100
AcDbLine
 10
193.3794729513615
 20
191.7344981979327
 30
0.0
 11
193.3794729513615
 21
183.8940031051636
 31
0.0
  0
LINE
  5
E6E
330
A07
100
AcDbEntity
  8
AM_4
100
AcDbLine
 10
228.2602434158326
 20
314.2979488087891
 30
0.0
 11
228.2602434158326
 21
203.500057401538
 31
0.0
  0
LINE
  5
E6F
330
A07
100
AcDbEntity
  8
AM_4
100
AcDbLine
 10
224.7602434158325
 20
221.920149007212
 30
0.0
 11
224.7602434158325
 21
183.8940031051636
 31
0.0
  0
LINE
  5
E70
330
A07
100
AcDbEntity
  8
AM_4
100
AcDbLine
 10
224.7602434158325
 20
333.8940031051636
 30
0.0
 11
224.7602434158325
 21
285.8678572031151
 31
0.0
  0
LINE
  5
E71
330
A07
100
AcDbEntity
  8
AM_4
100
AcDbLine
 10
228.7602434158325
 20
183.8940031051636
 30
0.0
 11
228.7602434158325
 21
205.2340031051636
 31
0.0
  0
LINE
  5
E72
330
A07
100
AcDbEntity
  8
AM_4
100
AcDbLine
 10
228.2602434158326
 20
203.500057401538
 30
0.0
 11
228.7602434158325
 21
203.500057401538
 31
0.0
  0
LINE
  5
E73
330
A07
100
AcDbEntity
  8
AM_4
100
AcDbLine
 10
228.7602434158325
 20
312.5640031051635
 30
0.0
 11
228.7602434158325
 21
333.8940031051636
 31
0.0
  0
LINE
  5
E74
330
A07
100
AcDbEntity
  8
AM_4
100
AcDbLine
 10
224.7602434158325
 20
281.920149007212
 30
0.0
 11
224.7602434158325
 21
225.8678572031151
 31
0.0
  0
LINE
  5
E75
330
A07
100
AcDbEntity
  8
AM_4
100
AcDbLine
 10
198.5623218933624
 20
325.3839634529668
 30
0.0
 11
198.5623218933624
 21
286.0264246142912
 31
0.0
  0
LWPOLYLINE
  5
E76
330
A07
100
AcDbEntity
  8
AM_4
100
AcDbPolyline
 90
        4
 70
     0
 43
0.0
 10
211.0884010699403
 20
286.4735098599114
 10
211.4535945685069
 20
286.3351190492492
 10
211.7973039696428
 20
286.1781498722665
 10
211.9823218933624
 20
286.0809678534456
  0
LWPOLYLINE
  5
E77
330
A07
100
AcDbEntity
  8
AM_4
100
AcDbPolyline
 90
        6
 70
     0
 43
0.0
 10
210.0893528483584
 20
285.5838022819534
 10
210.405095751919
 20
285.9734800252508
 10
210.6751718367605
 20
286.2183225251634
 10
210.8856511611423
 20
286.3680977670969
 10
211.0360317352999
 20
286.453686028673
 10
211.0884010699403
 20
286.4735098599116
  0
ARC
  5
E78
330
A07
100
AcDbEntity
  8
AM_4
100
AcDbCircle
 10
212.5902434158325
 20
283.8940031051636
 30
0.0
 40
3.018256928818394
100
AcDbArc
 50
145.9539328334463
 51
214.0460671665546
  0
LWPOLYLINE
  5
E79
330
A07
100
AcDbEntity
  8
AM_4
100
AcDbPolyline
 90
        7
 70
     0
 43
0.0
 10
211.0884010699403
 20
281.3144963504155
 10
211.0333085858797
 20
281.3356529518352
 10
210.9029590528153
 20
281.4090639279564
 10
210.7186716978011
 20
281.5360002527879
 10
210.4936503221361
 20
281.7269348810639
 10
210.1588572929701
 20
282.1057842628926
 10
210.0893528483584
 20
282.2042039283738
  0
LWPOLYLINE
  5
E7A
330
A07
100
AcDbEntity
  8
AM_4
100
AcDbPolyline
 90
        4
 70
     0
 43
0.0
 10
211.9823218933624
 20
281.7070383568815
 10
211.6520193286238
 20
281.5400202174157
 10
211.2987225342178
 20
281.3909173090994
 10
211.0884010699403
 20
281.3144963504158
  0
LWPOLYLINE
  5
E7B
330
A07
100
AcDbEntity
  8
AM_4
100
AcDbPolyline
 90
        4
 70
     0
 43
0.0
 10
211.9823218933624
 20
281.7070383568815
 10
212.0298781253934
 20
281.7024738398439
 10
212.1471337937901
 20
281.6827950925148
 10
212.3211005209233
 20
281.6601584144745
  0
LWPOLYLINE
  5
E7C
330
A07
100
AcDbEntity
  8
AM_4
100
AcDbPolyline
 90
        6
 70
     0
 43
0.0
 10
196.6693528483584
 20
285.2997834809472
 10
197.0637585811216
 20
285.8714791523207
 10
197.3086634972729
 20
286.1152454260309
 10
197.5286999712629
 20
286.2868002333012
 10
197.6456326043473
 20
286.3585028114832
 10
197.6684010699403
 20
286.3667199713224
  0
ARC
  5
E7D
330
A07
100
AcDbEntity
  8
AM_4
100
AcDbCircle
 10
199.3402434158326
 20
283.8940031051636
 30
0.0
 40
3.018256928818559
100
AcDbArc
 50
152.2406447042666
 51
207.7593552957333
  0
LWPOLYLINE
  5
E7E
330
A07
100
AcDbEntity
  8
AM_4
100
AcDbPolyline
 90
        7
 70
     0
 43
0.0
 10
197.6684010699403
 20
281.4212862390048
 10
197.6164818128648
 20
281.4453464685091
 10
197.4951721358103
 20
281.5246368744798
 10
197.3244604206423
 20
281.6590459104291
 10
197.0641531753389
 20
281.9160819114805
 10
196.7300396721668
 20
282.3786408465392
 10
196.6693528483584
 20
282.4882227293799
  0
LWPOLYLINE
  5
E7F
330
A07
100
AcDbEntity
  8
AM_4
100
AcDbPolyline
 90
        4
 70
     0
 43
0.0
 10
198.5623218933624
 20
281.7615815960363
 10
198.2417345274546
 20
281.6190400016034
 10
197.9016699711391
 20
281.4938122500489
 10
197.6684010699403
 20
281.4212862390048
  0
LWPOLYLINE
  5
E80
330
A07
100
AcDbEntity
  8
AM_4
100
AcDbPolyline
 90
        4
 70
     0
 43
0.0
 10
198.9011005209233
 20
286.1007322498143
 10
198.7219393984286
 20
286.062981248139
 10
198.6037989286278
 20
286.0333962470838
 10
198.5623218933624
 20
286.0264246142912
  0
LWPOLYLINE
  5
E81
330
A07
100
AcDbEntity
  8
AM_4
100
AcDbPolyline
 90
        4
 70
     0
 43
0.0
 10
197.6684010699403
 20
286.3667199713224
 10
198.0198841036873
 20
286.2534196269521
 10
198.3535783627085
 20
286.1221626981962
 10
198.5623218933624
 20
286.0264246142908
  0
LWPOLYLINE
  5
E82
330
A07
100
AcDbEntity
  8
AM_4
100
AcDbPolyline
 90
        4
 70
     0
 43
0.0
 10
200.9833937747836
 20
281.4021278218511
 10
200.6294319639031
 20
281.5196671629153
 10
200.2938838650205
 20
281.6552766341633
 10
200.0894729513615
 20
281.75133222731
  0
LWPOLYLINE
  5
E83
330
A07
100
AcDbEntity
  8
AM_4
100
AcDbPolyline
 90
        6
 70
     0
 43
0.0
 10
201.9824419963655
 20
282.4350097709121
 10
201.5905095820539
 20
281.8866865789762
 10
201.34350849834
 20
281.6471766069652
 10
201.1229581838471
 20
281.4796610325474
 10
201.0061605881678
 20
281.4100177945139
 10
200.9833937747836
 20
281.4021278218511
  0
ARC
  5
E84
330
A07
100
AcDbEntity
  8
AM_4
100
AcDbCircle
 10
199.3402434158325
 20
283.8940031051636
 30
0.0
 40
3.018256928818503
100
AcDbArc
 50
331.0929974830909
 51
28.90700251690909
  0
LWPOLYLINE
  5
E85
330
A07
100
AcDbEntity
  8
AM_4
100
AcDbPolyline
 90
        7
 70
     0
 43
0.0
 10
200.9833937747836
 20
286.385878388476
 10
201.0358694467133
 20
286.362295692054
 10
201.1587573903324
 20
286.2839496078163
 10
201.3318465111128
 20
286.1507151657025
 10
201.5940931258234
 20
285.8973749448417
 10
201.9304640949393
 20
285.4433083599472
 10
201.9824419963655
 20
285.3529964394151
  0
LWPOLYLINE
  5
E86
330
A07
100
AcDbEntity
  8
AM_4
100
AcDbPolyline
 90
        4
 70
     0
 43
0.0
 10
200.0894729513615
 20
286.0366739830172
 10
200.4118515676892
 20
286.1833426686402
 10
200.7542998142085
 20
286.3125880978441
 10
200.9833937747836
 20
286.385878388476
  0
LWPOLYLINE
  5
E87
330
A07
100
AcDbEntity
  8
AM_4
100
AcDbPolyline
 90
        4
 70
     0
 43
0.0
 10
214.4033937747836
 20
221.5229545384868
 10
214.0651805842903
 20
221.6153499988907
 10
213.7416702714954
 20
221.7250873853216
 10
213.5094729513615
 20
221.8185753302888
  0
LWPOLYLINE
  5
E88
330
A07
100
AcDbEntity
  8
AM_4
100
AcDbPolyline
 90
        6
 70
     0
 43
0.0
 10
215.4024419963654
 20
222.7979127658169
 10
215.0049778108541
 20
222.0880200491124
 10
214.7703249332479
 20
221.8180154981289
 10
214.5500796770714
 20
221.6205404173991
 10
214.4420473557213
 20
221.5425631539768
 10
214.4033937747836
 20
221.5229545384864
  0
ARC
  5
E89
330
A07
100
AcDbEntity
  8
AM_4
100
AcDbCircle
 10
212.5902434158326
 20
223.8940031051636
 30
0.0
 40
3.018256928818347
100
AcDbArc
 50
338.7060146127193
 51
21.29398538728071
  0
LWPOLYLINE
  5
E8A
330
A07
100
AcDbEntity
  8
AM_4
100
AcDbPolyline
 90
        7
 70
     0
 43
0.0
 10
214.4033937747836
 20
226.2650516718407
 10
214.4524482778075
 20
226.2387144351002
 10
214.5656776400508
 20
226.155067142718
 10
214.7241539683155
 20
226.0154369391349
 10
214.9735786193704
 20
225.7404131008627
 10
215.2934567817543
 20
225.2361121820366
 10
215.4024419963654
 20
224.9900934445103
  0
LWPOLYLINE
  5
E8B
330
A07
100
AcDbEntity
  8
AM_4
100
AcDbPolyline
 90
        4
 70
     0
 43
0.0
 10
213.5094729513615
 20
225.9694308800384
 10
213.8202923412708
 20
226.0916713474445
 10
214.1476783562754
 20
226.1971862325385
 10
214.4033937747836
 20
226.2650516718404
  0
LWPOLYLINE
  5
E8C
330
A07
100
AcDbEntity
  8
AM_4
100
AcDbPolyline
 90
        4
 70
     0
 43
0.0
 10
219.8806943238006
 20
311.7256030712398
 10
220.0605689570893
 20
311.7778758888491
 10
220.1792540240013
 20
311.817543444956
 10
220.2194729513615
 20
311.8275493148985
  0
LWPOLYLINE
  5
E8D
330
A07
100
AcDbEntity
  8
AM_4
100
AcDbPolyline
 90
        4
 70
     0
 43
0.0
 10
220.2194729513615
 20
255.9604568954285
 10
220.1749267664405
 20
255.9718835780867
 10
220.0666776687593
 20
256.0081481066126
 10
219.8806943238006
 20
256.0624031390873
  0
LINE
  5
E8E
330
A07
100
AcDbEntity
  8
AM_4
100
AcDbLine
 10
220.2194729513615
 20
311.8275493148985
 30
0.0
 11
220.2194729513615
 21
255.9604568954285
 31
0.0
  0
LWPOLYLINE
  5
E8F
330
A07
100
AcDbEntity
  8
AM_4
100
AcDbPolyline
 90
        4
 70
     0
 43
0.0
 10
221.1133937747836
 20
191.5383831674015
 10
220.7772095961629
 20
191.6278159056232
 10
220.45529038526
 20
191.7344956967946
 10
220.2194729513615
 20
191.8275493148986
  0
LWPOLYLINE
  5
E90
330
A07
100
AcDbEntity
  8
AM_4
100
AcDbPolyline
 90
        6
 70
     0
 43
0.0
 10
222.1124419963655
 20
192.8506785685079
 10
221.7170552762099
 20
192.1178685733731
 10
221.4836123540595
 20
191.8426116970416
 10
221.2624958563964
 20
191.6398763617357
 10
221.1537608967498
 20
191.5595651274493
 10
221.1133937747836
 20
191.5383831674012
  0
ARC
  5
E91
330
A07
100
AcDbEntity
  8
AM_4
100
AcDbCircle
 10
219.280243415832
 20
193.8940031051636
 30
0.0
 40
3.018256928818913
100
AcDbArc
 50
339.7772254598681
 51
20.22277454013189
  0
LWPOLYLINE
  5
E92
330
A07
100
AcDbEntity
  8
AM_4
100
AcDbPolyline
 90
        7
 70
     0
 43
0.0
 10
221.1133937747836
 20
196.2496230429259
 10
221.1620260181763
 20
196.2229735112985
 10
221.2740707173689
 20
196.1387496523363
 10
221.4307430959238
 20
195.998460783814
 10
221.6784357668481
 20
195.7209328079426
 10
221.995846997593
 20
195.2107925270683
 10
222.1124419963655
 20
194.9373276418193
  0
LWPOLYLINE
  5
E93
330
A07
100
AcDbEntity
  8
AM_4
100
AcDbPolyline
 90
        4
 70
     0
 43
0.0
 10
220.2194729513615
 20
195.9604568954286
 10
220.5287780795169
 20
196.0798274999643
 10
220.8542388892387
 20
196.1825626610187
 10
221.1133937747836
 20
196.2496230429256
  0
LWPOLYLINE
  5
E94
330
A07
100
AcDbEntity
  8
AM_4
100
AcDbPolyline
 90
        4
 70
     0
 43
0.0
 10
218.6923218933624
 20
251.7015771266807
 10
218.7400154473269
 20
251.6974357416134
 10
218.8576800849414
 20
251.6787998160415
 10
219.0311005209233
 20
251.6578394667157
  0
LINE
  5
E95
330
A07
100
AcDbEntity
  8
AM_4
100
AcDbLine
 10
218.6923218933624
 20
251.7015771266807
 30
0.0
 11
218.6923218933624
 21
196.0864290836464
 31
0.0
  0
LINE
  5
E96
330
A07
100
AcDbEntity
  8
AM_4
100
AcDbLine
 10
218.6923218933624
 20
322.5548764504076
 30
0.0
 11
218.6923218933624
 21
316.0864290836465
 31
0.0
  0
LWPOLYLINE
  5
E97
330
A07
100
AcDbEntity
  8
AM_4
100
AcDbPolyline
 90
        4
 70
     0
 43
0.0
 10
219.0311005209233
 20
316.1301667436114
 10
218.8526273277336
 20
316.1084510113484
 10
218.7349032113496
 20
316.0897902274814
 10
218.6923218933624
 20
316.0864290836465
  0
CIRCLE
  5
E98
330
A07
100
AcDbEntity
  8
AM_4
100
AcDbCircle
 10
185.2602434158325
 20
318.8940031051636
 30
0.0
 40
1.500000000000013
  0
LINE
  5
E99
330
A07
100
AcDbEntity
  8
AM_4
100
AcDbLine
 10
228.2602434158326
 20
314.2979488087891
 30
0.0
 11
228.7602434158325
 21
314.2979488087891
 31
0.0
  0
LINE
  5
E9A
330
A07
100
AcDbEntity
  8
AM_4
100
AcDbLine
 10
228.2602434158326
 20
313.29855798177
 30
0.0
 11
228.7602434158325
 21
313.29855798177
 31
0.0
  0
LINE
  5
E9B
330
A07
100
AcDbEntity
  8
AM_4
100
AcDbLine
 10
213.5094729513615
 20
323.2832783668529
 30
0.0
 11
213.5094729513615
 21
285.9694308800384
 31
0.0
  0
LWPOLYLINE
  5
E9C
330
A07
100
AcDbEntity
  8
AM_4
100
AcDbPolyline
 90
        4
 70
     0
 43
0.0
 10
213.5094729513615
 20
285.9694308800384
 10
213.4647057137234
 20
285.980451994213
 10
213.3557951675421
 20
286.0157582905563
 10
213.1706943238006
 20
286.0678422766385
  0
LWPOLYLINE
  5
E9D
330
A07
100
AcDbEntity
  8
AM_4
100
AcDbPolyline
 90
        4
 70
     0
 43
0.0
 10
206.7994729513615
 20
196.0108985574307
 10
206.7536763100791
 20
196.019874302513
 10
206.6416833473127
 20
196.0502993149771
 10
206.4606943238006
 20
196.0921084086085
  0
LINE
  5
E9E
330
A07
100
AcDbEntity
  8
AM_4
100
AcDbLine
 10
206.7994729513615
 20
251.7771076528969
 30
0.0
 11
206.7994729513615
 21
196.0108985574307
 31
0.0
  0
LWPOLYLINE
  5
E9F
330
A07
100
AcDbEntity
  8
AM_4
100
AcDbPolyline
 90
        6
 70
     0
 43
0.0
 10
203.3793528483584
 20
255.425421775673
 10
203.7673272604309
 20
255.9425080597331
 10
204.0172375939714
 20
256.1761274063413
 10
204.2386129205598
 20
256.338163824424
 10
204.355492317609
 20
256.4051344057128
 10
204.3784010699403
 20
256.4126310309617
  0
ARC
  5
EA0
330
A07
100
AcDbEntity
  8
AM_4
100
AcDbCircle
 10
205.9802434158324
 20
253.8940031051636
 30
0.0
 40
3.018256928818376
100
AcDbArc
 50
149.5101893047112
 51
210.4898106952888
  0
LWPOLYLINE
  5
EA1
330
A07
100
AcDbEntity
  8
AM_4
100
AcDbPolyline
 90
        7
 70
     0
 43
0.0
 10
204.3784010699403
 20
251.3753751793653
 10
204.325139223363
 20
251.3982613799783
 10
204.2000163477493
 20
251.4752132833462
 10
204.0235664919545
 20
251.6066930569586
 10
203.8065156829078
 20
251.8048420566387
 10
203.4775442295045
 20
252.2071856815674
 10
203.3793528483584
 20
252.3625844346541
  0
LWPOLYLINE
  5
EA2
330
A07
100
AcDbEntity
  8
AM_4
100
AcDbPolyline
 90
        4
 70
     0
 43
0.0
 10
205.2723218933624
 20
251.7373319420666
 10
204.9474741446875
 20
251.5847185843191
 10
204.6017029917772
 20
251.4496802761594
 10
204.3784010699403
 20
251.3753751793653
  0
LWPOLYLINE
  5
EA3
330
A07
100
AcDbEntity
  8
AM_4
100
AcDbPolyline
 90
        4
 70
     0
 43
0.0
 10
205.6111005209233
 20
256.1135151062886
 10
205.4322022777172
 20
256.0817797957047
 10
205.3142416446342
 20
256.0563174441578
 10
205.2723218933624
 20
256.0506742682609
  0
LWPOLYLINE
  5
EA4
330
A07
100
AcDbEntity
  8
AM_4
100
AcDbPolyline
 90
        4
 70
     0
 43
0.0
 10
204.3784010699403
 20
256.4126310309618
 10
204.7358110971985
 20
256.2889919405795
 10
205.0739086038184
 20
256.1471255390259
 10
205.2723218933624
 20
256.0506742682605
  0
LWPOLYLINE
  5
EA5
330
A07
100
AcDbEntity
  8
AM_4
100
AcDbPolyline
 90
        4
 70
     0
 43
0.0
 10
213.1706943238006
 20
221.7201639336886
 10
213.350468577755
 20
221.7705764296066
 10
213.4690755609543
 20
221.8089419330417
 10
213.5094729513615
 20
221.8185753302888
  0
LINE
  5
EA6
330
A07
100
AcDbEntity
  8
AM_4
100
AcDbLine
 10
213.5094729513615
 20
221.8185753302888
 30
0.0
 11
213.5094729513615
 21
183.8940031051636
 31
0.0
  0
LINE
  5
EA7
330
A07
100
AcDbEntity
  8
AM_4
100
AcDbLine
 10
220.2194729513615
 20
322.3402493659999
 30
0.0
 11
220.2194729513615
 21
315.9604568954287
 31
0.0
  0
LWPOLYLINE
  5
EA8
330
A07
100
AcDbEntity
  8
AM_4
100
AcDbPolyline
 90
        4
 70
     0
 43
0.0
 10
220.2194729513615
 20
315.9604568954287
 10
220.1749267664405
 20
315.9718835780867
 10
220.0666776687593
 20
316.0081481066127
 10
219.8806943238006
 20
316.0624031390873
  0
LWPOLYLINE
  5
EA9
330
A07
100
AcDbEntity
  8
AM_4
100
AcDbPolyline
 90
        4
 70
     0
 43
0.0
 10
194.2733937747836
 20
251.3698681120464
 10
193.9152759203121
 20
251.4947902400239
 10
193.5766595777776
 20
251.6379718265894
 10
193.3794729513615
 20
251.7344981979327
  0
LWPOLYLINE
  5
EAA
330
A07
100
AcDbEntity
  8
AM_4
100
AcDbPolyline
 90
        6
 70
     0
 43
0.0
 10
195.2724419963655
 20
252.3479172707276
 10
194.8853388987409
 20
251.8370632626868
 10
194.634835766213
 20
251.6046581314795
 10
194.4132809553394
 20
251.4437349258383
 10
194.296350584162
 20
251.3772911105185
 10
194.2733937747836
 20
251.3698681120464
  0
ARC
  5
EAB
330
A07
100
AcDbEntity
  8
AM_4
100
AcDbCircle
 10
192.6802434158324
 20
253.8940031051636
 30
0.0
 40
3.018256928818549
100
AcDbArc
 50
329.1865421144042
 51
30.81345788559538
  0
LWPOLYLINE
  5
EAC
330
A07
100
AcDbEntity
  8
AM_4
100
AcDbPolyline
 90
        7
 70
     0
 43
0.0
 10
194.2733937747836
 20
256.4181380982806
 10
194.3268188117781
 20
256.3953997996068
 10
194.4524063324114
 20
256.3187464170106
 10
194.6295540983478
 20
256.1876451962423
 10
194.847321314905
 20
255.9901095149303
 10
195.1768680941471
 20
255.5898141676171
 10
195.2724419963655
 20
255.4400889395995
  0
LWPOLYLINE
  5
EAD
330
A07
100
AcDbEntity
  8
AM_4
100
AcDbPolyline
 90
        4
 70
     0
 43
0.0
 10
193.3794729513615
 20
256.0535080123944
 10
193.70482396348
 20
256.2073726684313
 10
194.0512781540014
 20
256.343631185241
 10
194.2733937747836
 20
256.4181380982807
  0
LWPOLYLINE
  5
EAE
330
A07
100
AcDbEntity
  8
AM_4
100
AcDbPolyline
 90
        4
 70
     0
 43
0.0
 10
193.3794729513615
 20
256.0535080123944
 10
193.3326078415774
 20
256.0599925539308
 10
193.2174159934424
 20
256.084379556929
 10
193.0406943238006
 20
256.1149432536018
  0
LWPOLYLINE
  5
EAF
330
A07
100
AcDbEntity
  8
AM_4
100
AcDbPolyline
 90
        4
 70
     0
 43
0.0
 10
219.8806943238006
 20
251.7256030712398
 10
220.0605689570893
 20
251.7778758888491
 10
220.1792540240012
 20
251.817543444956
 10
220.2194729513615
 20
251.8275493148985
  0
LWPOLYLINE
  5
EB0
330
A07
100
AcDbEntity
  8
AM_4
100
AcDbPolyline
 90
        4
 70
     0
 43
0.0
 10
220.2194729513615
 20
195.9604568954285
 10
220.1749267664405
 20
195.9718835780867
 10
220.0666776687593
 20
196.0081481066126
 10
219.8806943238005
 20
196.0624031390873
  0
LINE
  5
EB1
330
A07
100
AcDbEntity
  8
AM_4
100
AcDbLine
 10
220.2194729513615
 20
251.8275493148985
 30
0.0
 11
220.2194729513615
 21
195.9604568954285
 31
0.0
  0
LWPOLYLINE
  5
EB2
330
A07
100
AcDbEntity
  8
AM_4
100
AcDbPolyline
 90
        4
 70
     0
 43
0.0
 10
213.1706943238006
 20
281.7201639336886
 10
213.350468577755
 20
281.7705764296066
 10
213.4690755609543
 20
281.8089419330418
 10
213.5094729513615
 20
281.8185753302887
  0
LWPOLYLINE
  5
EB3
330
A07
100
AcDbEntity
  8
AM_4
100
AcDbPolyline
 90
        4
 70
     0
 43
0.0
 10
213.5094729513615
 20
225.9694308800383
 10
213.4647057137234
 20
225.980451994213
 10
213.3557951675421
 20
226.0157582905563
 10
213.1706943238006
 20
226.0678422766385
  0
LINE
  5
EB4
330
A07
100
AcDbEntity
  8
AM_4
100
AcDbLine
 10
213.5094729513615
 20
281.8185753302887
 30
0.0
 11
213.5094729513615
 21
225.9694308800383
 31
0.0
  0
LINE
  5
EB5
330
A07
100
AcDbEntity
  8
AM_4
100
AcDbLine
 10
200.0894729513615
 20
325.169336368559
 30
0.0
 11
200.0894729513615
 21
286.0366739830172
 31
0.0
  0
LWPOLYLINE
  5
EB6
330
A07
100
AcDbEntity
  8
AM_4
100
AcDbPolyline
 90
        4
 70
     0
 43
0.0
 10
200.0894729513615
 20
286.0366739830172
 10
200.0430309261433
 20
286.0442011871461
 10
199.9291051666599
 20
286.0711262147129
 10
199.7506943238006
 20
286.1062485825345
  0
LWPOLYLINE
  5
EB7
330
A07
100
AcDbEntity
  8
AM_4
100
AcDbPolyline
 90
        4
 70
     0
 43
0.0
 10
199.7506943238006
 20
281.6817576277926
 10
199.9297455288497
 20
281.7170253047911
 10
200.047808391155
 20
281.7449047103379
 10
200.0894729513615
 20
281.75133222731
  0
LINE
  5
EB8
330
A07
100
AcDbEntity
  8
AM_4
100
AcDbLine
 10
200.0894729513615
 20
281.75133222731
 30
0.0
 11
200.0894729513615
 21
226.036673983017
 31
0.0
  0
LWPOLYLINE
  5
EB9
330
A07
100
AcDbEntity
  8
AM_4
100
AcDbPolyline
 90
        7
 70
     0
 43
0.0
 10
224.7602434158325
 20
281.1130150362309
 10
224.711829393921
 20
281.1207129730614
 10
224.5734450638668
 20
281.1705509128116
 10
224.3678265267567
 20
281.2674951076974
 10
224.1195729579993
 20
281.4170908446006
 10
223.8418449754648
 20
281.6322392878923
 10
223.7602434158325
 20
281.7068874501603
  0
ARC
  5
EBA
330
A07
100
AcDbEntity
  8
AM_4
100
AcDbCircle
 10
225.8402434158325
 20
283.8940031051636
 30
0.0
 40
2.249999999999977
100
AcDbArc
 50
118.685402014118
 51
241.314597985882
  0
LWPOLYLINE
  5
EBB
330
A07
100
AcDbEntity
  8
AM_4
100
AcDbPolyline
 90
        6
 70
     0
 43
0.0
 10
223.7602434158325
 20
286.0811187601669
 10
224.1530395551598
 20
286.393259593134
 10
224.4148968042344
 20
286.5448302427723
 10
224.6264603832702
 20
286.6383502187461
 10
224.7391229261507
 20
286.6743764867766
 10
224.7602434158325
 20
286.6749911740963
  0
ARC
  5
EBC
330
A07
100
AcDbEntity
  8
AM_4
100
AcDbCircle
 10
225.8402434158326
 20
283.8940031051636
 30
0.0
 40
3.018256928818553
100
AcDbArc
 50
133.5620295252046
 51
226.4379704747946
  0
LWPOLYLINE
  5
EBD
330
A07
100
AcDbEntity
  8
AM_4
100
AcDbPolyline
 90
        4
 70
     0
 43
0.0
 10
219.0311005209233
 20
196.1301667436114
 10
218.8526273277336
 20
196.1084510113484
 10
218.7349032113496
 20
196.0897902274815
 10
218.6923218933624
 20
196.0864290836464
  0
LWPOLYLINE
  5
EBE
330
A07
100
AcDbEntity
  8
AM_4
100
AcDbPolyline
 90
        4
 70
     0
 43
0.0
 10
217.7984010699403
 20
196.4850509224808
 10
218.1650591034931
 20
196.3437121830001
 10
218.5097994256445
 20
196.1837296782623
 10
218.6923218933624
 20
196.0864290836464
  0
LWPOLYLINE
  5
EBF
330
A07
100
AcDbEntity
  8
AM_4
100
AcDbPolyline
 90
        6
 70
     0
 43
0.0
 10
216.7993528483584
 20
195.6130309934128
 10
217.1196957829692
 20
195.9989504686176
 10
217.389407196548
 20
196.2379422726047
 10
217.5990693752528
 20
196.3838792528568
 10
217.7476260203006
 20
196.4664818184928
 10
217.7984010699403
 20
196.4850509224812
  0
ARC
  5
EC0
330
A07
100
AcDbEntity
  8
AM_4
100
AcDbCircle
 10
219.2802434158326
 20
193.8940031051636
 30
0.0
 40
3.018256928818487
100
AcDbArc
 50
145.2816180342429
 51
214.7183819657567
  0
LWPOLYLINE
  5
EC1
330
A07
100
AcDbEntity
  8
AM_4
100
AcDbPolyline
 90
        7
 70
     0
 43
0.0
 10
217.7984010699403
 20
191.3029552878459
 10
217.742954747644
 20
191.3237586770165
 10
217.6115913380466
 20
191.3964338893923
 10
217.425786413042
 20
191.5224136017728
 10
217.1992402987683
 20
191.7118662687309
 10
216.8634822641972
 20
192.0860466573066
 10
216.7993528483584
 20
192.1749752169144
  0
LWPOLYLINE
  5
EC2
330
A07
100
AcDbEntity
  8
AM_4
100
AcDbPolyline
 90
        4
 70
     0
 43
0.0
 10
218.6923218933624
 20
191.7015771266807
 10
218.3610151208459
 20
191.5316757572534
 10
218.0062992933145
 20
191.379753125356
 10
217.7984010699403
 20
191.3029552878463
  0
LWPOLYLINE
  5
EC3
330
A07
100
AcDbEntity
  8
AM_4
100
AcDbPolyline
 90
        7
 70
     0
 43
0.0
 10
224.7602434158325
 20
221.1130150362308
 10
224.711829393921
 20
221.1207129730614
 10
224.5734450638668
 20
221.1705509128116
 10
224.3678265267567
 20
221.2674951076973
 10
224.1195729579993
 20
221.4170908446006
 10
223.8418449754648
 20
221.6322392878922
 10
223.7602434158325
 20
221.7068874501603
  0
ARC
  5
EC4
330
A07
100
AcDbEntity
  8
AM_4
100
AcDbCircle
 10
225.8402434158325
 20
223.8940031051636
 30
0.0
 40
2.249999999999977
100
AcDbArc
 50
118.685402014118
 51
241.314597985882
  0
LWPOLYLINE
  5
EC5
330
A07
100
AcDbEntity
  8
AM_4
100
AcDbPolyline
 90
        6
 70
     0
 43
0.0
 10
223.7602434158325
 20
226.0811187601668
 10
224.1530395551598
 20
226.393259593134
 10
224.4148968042344
 20
226.5448302427723
 10
224.6264603832702
 20
226.6383502187461
 10
224.7391229261507
 20
226.6743764867766
 10
224.7602434158325
 20
226.6749911740963
  0
ARC
  5
EC6
330
A07
100
AcDbEntity
  8
AM_4
100
AcDbCircle
 10
225.8402434158324
 20
223.8940031051636
 30
0.0
 40
3.018256928818356
100
AcDbArc
 50
133.5620295252014
 51
226.4379704747986
  0
LWPOLYLINE
  5
EC7
330
A07
100
AcDbEntity
  8
AM_4
100
AcDbPolyline
 90
        4
 70
     0
 43
0.0
 10
193.0406943238006
 20
251.6730629567253
 10
193.2195610148446
 20
251.7040609930929
 10
193.3375015337293
 20
251.7290201699299
 10
193.3794729513615
 20
251.7344981979327
  0
LINE
  5
EC8
330
A07
100
AcDbEntity
  8
AM_4
100
AcDbLine
 10
193.3794729513615
 20
251.7344981979327
 30
0.0
 11
193.3794729513615
 21
196.0535080123944
 31
0.0
  0
LINE
  5
EC9
330
A07
100
AcDbEntity
  8
AM_4
100
AcDbLine
 10
206.7994729513615
 20
324.2263073677059
 30
0.0
 11
206.7994729513615
 21
316.0108985574303
 31
0.0
  0
LWPOLYLINE
  5
ECA
330
A07
100
AcDbEntity
  8
AM_4
100
AcDbPolyline
 90
        4
 70
     0
 43
0.0
 10
206.7994729513615
 20
316.0108985574303
 10
206.7536763100791
 20
316.019874302513
 10
206.6416833473127
 20
316.0502993149771
 10
206.4606943238006
 20
316.0921084086085
  0
LWPOLYLINE
  5
ECB
330
A07
100
AcDbEntity
  8
AM_4
100
AcDbPolyline
 90
        6
 70
     0
 43
0.0
 10
203.3793528483584
 20
315.4254217756729
 10
203.767327260431
 20
315.9425080597331
 10
204.0172375939714
 20
316.1761274063413
 10
204.2386129205598
 20
316.338163824424
 10
204.355492317609
 20
316.4051344057128
 10
204.3784010699403
 20
316.4126310309618
  0
ARC
  5
ECC
330
A07
100
AcDbEntity
  8
AM_4
100
AcDbCircle
 10
205.9802434158327
 20
313.8940031051636
 30
0.0
 40
3.018256928818592
100
AcDbArc
 50
149.5101893047149
 51
210.4898106952851
  0
LWPOLYLINE
  5
ECD
330
A07
100
AcDbEntity
  8
AM_4
100
AcDbPolyline
 90
        7
 70
     0
 43
0.0
 10
204.3784010699403
 20
311.3753751793653
 10
204.325139223363
 20
311.3982613799784
 10
204.2000163477493
 20
311.4752132833462
 10
204.0235664919545
 20
311.6066930569586
 10
203.8065156829078
 20
311.8048420566387
 10
203.4775442295045
 20
312.2071856815674
 10
203.3793528483584
 20
312.3625844346542
  0
LWPOLYLINE
  5
ECE
330
A07
100
AcDbEntity
  8
AM_4
100
AcDbPolyline
 90
        4
 70
     0
 43
0.0
 10
205.2723218933624
 20
311.7373319420665
 10
204.9474741446875
 20
311.584718584319
 10
204.6017029917772
 20
311.4496802761594
 10
204.3784010699403
 20
311.3753751793653
  0
LWPOLYLINE
  5
ECF
330
A07
100
AcDbEntity
  8
AM_4
100
AcDbPolyline
 90
        4
 70
     0
 43
0.0
 10
205.2723218933624
 20
311.7373319420662
 10
205.3191157222477
 20
311.7306656831595
 10
205.434094355925
 20
311.7058353156331
 10
205.6111005209233
 20
311.6744911040385
  0
LWPOLYLINE
  5
ED0
330
A07
100
AcDbEntity
  8
AM_4
100
AcDbPolyline
 90
        4
 70
     0
 43
0.0
 10
205.6111005209233
 20
316.1135151062886
 10
205.4322022777172
 20
316.0817797957047
 10
205.3142416446342
 20
316.0563174441578
 10
205.2723218933624
 20
316.050674268261
  0
LWPOLYLINE
  5
ED1
330
A07
100
AcDbEntity
  8
AM_4
100
AcDbPolyline
 90
        4
 70
     0
 43
0.0
 10
204.3784010699403
 20
316.4126310309618
 10
204.7358110971986
 20
316.2889919405795
 10
205.0739086038184
 20
316.147125539026
 10
205.2723218933624
 20
316.0506742682606
  0
LINE
  5
ED2
330
A07
100
AcDbEntity
  8
AM_4
100
AcDbLine
 10
211.9823218933624
 20
323.4979054512607
 30
0.0
 11
211.9823218933624
 21
286.0809678534456
 31
0.0
  0
LWPOLYLINE
  5
ED3
330
A07
100
AcDbEntity
  8
AM_4
100
AcDbPolyline
 90
        4
 70
     0
 43
0.0
 10
212.3211005209233
 20
286.1278477958527
 10
212.1425573775673
 20
286.1044839488101
 10
212.0247998728397
 20
286.0847095954431
 10
211.9823218933624
 20
286.0809678534456
  0
LWPOLYLINE
  5
ED4
330
A07
100
AcDbEntity
  8
AM_4
100
AcDbPolyline
 90
        6
 70
     0
 43
0.0
 10
208.6924419963655
 20
252.5696716707727
 10
208.2951439800938
 20
251.9617071834426
 10
208.0533228694116
 20
251.7114336421776
 10
207.8338493558483
 20
251.5335840591511
 10
207.7163510520667
 20
251.4585211491957
 10
207.6933937747836
 20
251.4497237886103
  0
ARC
  5
ED5
330
A07
100
AcDbEntity
  8
AM_4
100
AcDbCircle
 10
205.9802434158323
 20
253.8940031051636
 30
0.0
 40
3.018256928818659
100
AcDbArc
 50
333.9743423599072
 51
26.02565764009278
  0
LWPOLYLINE
  5
ED6
330
A07
100
AcDbEntity
  8
AM_4
100
AcDbPolyline
 90
        7
 70
     0
 43
0.0
 10
207.6933937747836
 20
256.3382824217168
 10
207.7444970217578
 20
256.3135437027672
 10
207.8634973271766
 20
256.2329288033753
 10
208.0307235549269
 20
256.0968944641772
 10
208.2880844082339
 20
255.8345575738035
 10
208.6185886332958
 20
255.3597567476437
 10
208.6924419963655
 20
255.2183345395544
  0
LWPOLYLINE
  5
ED7
330
A07
100
AcDbEntity
  8
AM_4
100
AcDbPolyline
 90
        4
 70
     0
 43
0.0
 10
206.7994729513615
 20
256.0108985574303
 10
207.117369641999
 20
256.1475012857604
 10
207.4538914350758
 20
256.2669535322368
 10
207.6933937747836
 20
256.3382824217168
  0
LWPOLYLINE
  5
ED8
330
A07
100
AcDbEntity
  8
AM_4
100
AcDbPolyline
 90
        4
 70
     0
 43
0.0
 10
206.7994729513615
 20
256.0108985574302
 10
206.7536763100791
 20
256.019874302513
 10
206.6416833473127
 20
256.0502993149771
 10
206.4606943238006
 20
256.0921084086085
  0
LWPOLYLINE
  5
ED9
330
A07
100
AcDbEntity
  8
AM_4
100
AcDbPolyline
 90
        4
 70
     0
 43
0.0
 10
206.4606943238006
 20
251.6958978017186
 10
206.6400206242991
 20
251.7372714129079
 10
206.7582826481022
 20
251.769354124467
 10
206.7994729513615
 20
251.7771076528969
  0
LWPOLYLINE
  5
EDA
330
A07
100
AcDbEntity
  8
AM_4
100
AcDbPolyline
 90
        4
 70
     0
 43
0.0
 10
207.6933937747836
 20
251.4497237886103
 10
207.3456036069047
 20
251.5569179720823
 10
207.0147015431807
 20
251.6818987845876
 10
206.7994729513615
 20
251.7771076528969
  0
LWPOLYLINE
  5
EDB
330
A07
100
AcDbEntity
  8
AM_4
100
AcDbPolyline
 90
        4
 70
     0
 43
0.0
 10
205.2723218933624
 20
251.7373319420662
 10
205.3191157222477
 20
251.7306656831595
 10
205.434094355925
 20
251.7058353156331
 10
205.6111005209233
 20
251.6744911040385
  0
LINE
  5
EDC
330
A07
100
AcDbEntity
  8
AM_4
100
AcDbLine
 10
205.2723218933624
 20
251.7373319420662
 30
0.0
 11
205.2723218933624
 21
196.050674268261
 31
0.0
  0
LWPOLYLINE
  5
EDD
330
A07
100
AcDbEntity
  8
AM_4
100
AcDbPolyline
 90
        4
 70
     0
 43
0.0
 10
205.6111005209233
 20
196.1135151062886
 10
205.4322022777172
 20
196.0817797957047
 10
205.3142416446342
 20
196.0563174441578
 10
205.2723218933624
 20
196.050674268261
  0
LWPOLYLINE
  5
EDE
330
A07
100
AcDbEntity
  8
AM_4
100
AcDbPolyline
 90
        4
 70
     0
 43
0.0
 10
193.0406943238006
 20
191.6730629567253
 10
193.2195610148446
 20
191.7040609930929
 10
193.3375015337293
 20
191.7290201699299
 10
193.3794729513615
 20
191.7344981979327
  0
LWPOLYLINE
  5
EDF
330
A07
100
AcDbEntity
  8
AM_4
100
AcDbPolyline
 90
        4
 70
     0
 43
0.0
 10
194.2733937747836
 20
191.3698681120465
 10
193.9152759203121
 20
191.4947902400239
 10
193.5766595777776
 20
191.6379718265894
 10
193.3794729513615
 20
191.7344981979327
  0
LWPOLYLINE
  5
EE0
330
A07
100
AcDbEntity
  8
AM_4
100
AcDbPolyline
 90
        6
 70
     0
 43
0.0
 10
195.2724419963655
 20
192.3479172707276
 10
194.8853388987409
 20
191.8370632626868
 10
194.634835766213
 20
191.6046581314795
 10
194.4132809553394
 20
191.4437349258383
 10
194.296350584162
 20
191.3772911105185
 10
194.2733937747836
 20
191.3698681120461
  0
ARC
  5
EE1
330
A07
100
AcDbEntity
  8
AM_4
100
AcDbCircle
 10
192.6802434158325
 20
193.8940031051636
 30
0.0
 40
3.01825692881851
100
AcDbArc
 50
329.1865421144043
 51
30.81345788559567
  0
LWPOLYLINE
  5
EE2
330
A07
100
AcDbEntity
  8
AM_4
100
AcDbPolyline
 90
        7
 70
     0
 43
0.0
 10
194.2733937747836
 20
196.418138098281
 10
194.3268188117781
 20
196.3953997996068
 10
194.4524063324114
 20
196.3187464170106
 10
194.6295540983478
 20
196.1876451962423
 10
194.847321314905
 20
195.9901095149303
 10
195.1768680941471
 20
195.5898141676171
 10
195.2724419963655
 20
195.4400889395995
  0
LWPOLYLINE
  5
EE3
330
A07
100
AcDbEntity
  8
AM_4
100
AcDbPolyline
 90
        4
 70
     0
 43
0.0
 10
193.3794729513615
 20
196.0535080123944
 10
193.70482396348
 20
196.2073726684313
 10
194.0512781540014
 20
196.343631185241
 10
194.2733937747836
 20
196.4181380982807
  0
LWPOLYLINE
  5
EE4
330
A07
100
AcDbEntity
  8
AM_4
100
AcDbPolyline
 90
        4
 70
     0
 43
0.0
 10
193.3794729513615
 20
196.0535080123944
 10
193.3326078415774
 20
196.0599925539308
 10
193.2174159934424
 20
196.0843795569291
 10
193.0406943238006
 20
196.1149432536018
  0
CIRCLE
  5
EE5
330
A07
100
AcDbEntity
  8
AM_4
100
AcDbCircle
 10
155.1602434158325
 20
189.8940031051636
 30
0.0
 40
3.450000000000027
  0
LINE
  5
EE6
330
A07
100
AcDbEntity
  8
AM_4
100
AcDbLine
 10
219.0311005209233
 20
316.1301667436114
 30
0.0
 11
219.0311005209234
 21
322.5072642193109
 31
0.0
  0
ARC
  5
EE7
330
A07
100
AcDbEntity
  8
AM_4
100
AcDbCircle
 10
219.2802434158326
 20
313.8940031051636
 30
0.0
 40
2.250000000000033
100
AcDbArc
 50
96.35740868770102
 51
263.6425913122989
  0
LINE
  5
EE8
330
A07
100
AcDbEntity
  8
AM_4
100
AcDbLine
 10
219.0311005209233
 20
256.1301667436114
 30
0.0
 11
219.0311005209233
 21
311.6578394667157
 31
0.0
  0
ARC
  5
EE9
330
A07
100
AcDbEntity
  8
AM_4
100
AcDbCircle
 10
219.2802434158325
 20
253.8940031051636
 30
0.0
 40
2.25000000000003
100
AcDbArc
 50
96.3574086877003
 51
263.6425913122997
  0
LINE
  5
EEA
330
A07
100
AcDbEntity
  8
AM_4
100
AcDbLine
 10
219.0311005209233
 20
196.1301667436114
 30
0.0
 11
219.0311005209233
 21
251.6578394667157
 31
0.0
  0
ARC
  5
EEB
330
A07
100
AcDbEntity
  8
AM_4
100
AcDbCircle
 10
219.2802434158325
 20
193.8940031051636
 30
0.0
 40
2.249999999999996
100
AcDbArc
 50
96.35740868769896
 51
263.642591312301
  0
ARC
  5
EEC
330
A07
100
AcDbEntity
  8
AM_4
100
AcDbCircle
 10
219.2802434158325
 20
193.8940031051636
 30
0.0
 40
2.250000000000001
100
AcDbArc
 50
285.4779239819774
 51
74.52207601802263
  0
LINE
  5
EED
330
A07
100
AcDbEntity
  8
AM_4
100
AcDbLine
 10
219.8806943238006
 20
251.7256030712398
 30
0.0
 11
219.8806943238005
 21
196.0624031390873
 31
0.0
  0
ARC
  5
EEE
330
A07
100
AcDbEntity
  8
AM_4
100
AcDbCircle
 10
219.2802434158325
 20
253.8940031051636
 30
0.0
 40
2.250000000000016
100
AcDbArc
 50
285.4779239819788
 51
74.52207601802122
  0
LINE
  5
EEF
330
A07
100
AcDbEntity
  8
AM_4
100
AcDbLine
 10
219.8806943238006
 20
311.7256030712398
 30
0.0
 11
219.8806943238006
 21
256.0624031390873
 31
0.0
  0
ARC
  5
EF0
330
A07
100
AcDbEntity
  8
AM_4
100
AcDbCircle
 10
219.2802434158324
 20
313.8940031051636
 30
0.0
 40
2.250000000000024
100
AcDbArc
 50
285.4779239819795
 51
74.52207601802053
  0
LINE
  5
EF1
330
A07
100
AcDbEntity
  8
AM_4
100
AcDbLine
 10
219.8806943238006
 20
322.3878615970966
 30
0.0
 11
219.8806943238006
 21
316.0624031390873
 31
0.0
  0
CIRCLE
  5
EF2
330
A07
100
AcDbEntity
  8
AM_4
100
AcDbCircle
 10
155.1602434158325
 20
189.8940031051636
 30
0.0
 40
2.000000000000016
  0
CIRCLE
  5
EF3
330
A07
100
AcDbEntity
  8
AM_4
100
AcDbCircle
 10
155.1602434158325
 20
189.8940031051636
 30
0.0
 40
1.500000000000012
  0
LWPOLYLINE
  5
EF4
330
A07
100
AcDbEntity
  8
AM_4
100
AcDbPolyline
 90
        4
 70
     0
 43
0.0
 10
205.2723218933624
 20
191.7373319420662
 10
205.3191157222477
 20
191.7306656831595
 10
205.434094355925
 20
191.7058353156331
 10
205.6111005209233
 20
191.6744911040385
  0
LINE
  5
EF5
330
A07
100
AcDbEntity
  8
AM_4
100
AcDbLine
 10
205.2723218933624
 20
191.7373319420662
 30
0.0
 11
205.2723218933624
 21
183.8940031051636
 31
0.0
  0
CIRCLE
  5
EF6
330
A07
100
AcDbEntity
  8
AM_4
100
AcDbCircle
 10
143.6002434158325
 20
323.5940031051636
 30
0.0
 40
1.300000000000034
  0
LINE
  5
EF7
330
A07
100
AcDbEntity
  8
AM_4
100
AcDbLine
 10
123.6602434158325
 20
183.8940031051636
 30
0.0
 11
228.7602434158325
 21
183.8940031051636
 31
0.0
  0
LWPOLYLINE
  5
EF8
330
A07
100
AcDbEntity
  8
AM_4
100
AcDbPolyline
 90
        4
 70
     0
 43
0.0
 10
219.8806943238005
 20
191.7256030712398
 10
220.0605689570893
 20
191.7778758888491
 10
220.1792540240012
 20
191.817543444956
 10
220.2194729513615
 20
191.8275493148986
  0
LINE
  5
EF9
330
A07
100
AcDbEntity
  8
AM_4
100
AcDbLine
 10
219.8806943238005
 20
191.7256030712398
 30
0.0
 11
219.8806943238006
 21
183.8940031051636
 31
0.0
  0
LINE
  5
EFA
330
A07
100
AcDbEntity
  8
AM_4
100
AcDbLine
 10
220.2194729513615
 20
191.8275493148986
 30
0.0
 11
220.2194729513615
 21
183.8940031051636
 31
0.0
  0
LINE
  5
EFB
330
A07
100
AcDbEntity
  8
AM_4
100
AcDbLine
 10
198.5623218933624
 20
221.761581596036
 30
0.0
 11
198.5623218933624
 21
183.8940031051636
 31
0.0
  0
LWPOLYLINE
  5
EFC
330
A07
100
AcDbEntity
  8
AM_4
100
AcDbPolyline
 90
        4
 70
     0
 43
0.0
 10
199.7506943238006
 20
221.6817576277926
 10
199.9297455288497
 20
221.7170253047911
 10
200.047808391155
 20
221.7449047103379
 10
200.0894729513615
 20
221.7513322273101
  0
LWPOLYLINE
  5
EFD
330
A07
100
AcDbEntity
  8
AM_4
100
AcDbPolyline
 90
        4
 70
     0
 43
0.0
 10
200.9833937747836
 20
221.4021278218512
 10
200.6294319639031
 20
221.5196671629154
 10
200.2938838650206
 20
221.6552766341634
 10
200.0894729513615
 20
221.7513322273101
  0
LWPOLYLINE
  5
EFE
330
A07
100
AcDbEntity
  8
AM_4
100
AcDbPolyline
 90
        6
 70
     0
 43
0.0
 10
201.9824419963655
 20
222.435009770912
 10
201.5905095820539
 20
221.8866865789762
 10
201.34350849834
 20
221.6471766069652
 10
201.1229581838471
 20
221.4796610325474
 10
201.0061605881678
 20
221.4100177945139
 10
200.9833937747836
 20
221.4021278218508
  0
ARC
  5
EFF
330
A07
100
AcDbEntity
  8
AM_4
100
AcDbCircle
 10
199.3402434158322
 20
223.8940031051636
 30
0.0
 40
3.018256928818766
100
AcDbArc
 50
331.0929974830931
 51
28.90700251690695
  0
LWPOLYLINE
  5
F00
330
A07
100
AcDbEntity
  8
AM_4
100
AcDbPolyline
 90
        7
 70
     0
 43
0.0
 10
200.9833937747836
 20
226.3858783884763
 10
201.0358694467133
 20
226.362295692054
 10
201.1587573903324
 20
226.2839496078164
 10
201.3318465111128
 20
226.1507151657026
 10
201.5940931258234
 20
225.8973749448417
 10
201.9304640949393
 20
225.4433083599472
 10
201.9824419963655
 20
225.3529964394151
  0
LWPOLYLINE
  5
F01
330
A07
100
AcDbEntity
  8
AM_4
100
AcDbPolyline
 90
        4
 70
     0
 43
0.0
 10
200.0894729513615
 20
226.036673983017
 10
200.4118515676891
 20
226.1833426686401
 10
200.7542998142085
 20
226.3125880978441
 10
200.9833937747836
 20
226.385878388476
  0
LWPOLYLINE
  5
F02
330
A07
100
AcDbEntity
  8
AM_4
100
AcDbPolyline
 90
        4
 70
     0
 43
0.0
 10
200.0894729513615
 20
226.036673983017
 10
200.0430309261433
 20
226.0442011871461
 10
199.9291051666599
 20
226.0711262147129
 10
199.7506943238006
 20
226.1062485825345
  0
LWPOLYLINE
  5
F03
330
A07
100
AcDbEntity
  8
AM_4
100
AcDbPolyline
 90
        4
 70
     0
 43
0.0
 10
206.4606943238006
 20
191.6958978017186
 10
206.6400206242991
 20
191.737271412908
 10
206.7582826481022
 20
191.769354124467
 10
206.7994729513615
 20
191.7771076528965
  0
LINE
  5
F04
330
A07
100
AcDbEntity
  8
AM_4
100
AcDbLine
 10
206.7994729513615
 20
191.7771076528965
 30
0.0
 11
206.7994729513615
 21
183.8940031051636
 31
0.0
  0
LWPOLYLINE
  5
F05
330
A07
100
AcDbEntity
  8
AM_4
100
AcDbPolyline
 90
        4
 70
     0
 43
0.0
 10
218.6923218933624
 20
191.7015771266807
 10
218.7400154473269
 20
191.6974357416134
 10
218.8576800849414
 20
191.6787998160415
 10
219.0311005209233
 20
191.6578394667157
  0
LINE
  5
F06
330
A07
100
AcDbEntity
  8
AM_4
100
AcDbLine
 10
218.6923218933624
 20
191.7015771266807
 30
0.0
 11
218.6923218933624
 21
183.8940031051636
 31
0.0
  0
LINE
  5
F07
330
A07
100
AcDbEntity
  8
AM_4
100
AcDbLine
 10
219.0311005209233
 20
183.8940031051636
 30
0.0
 11
219.0311005209233
 21
191.6578394667157
 31
0.0
  0
LWPOLYLINE
  5
F08
330
A07
100
AcDbEntity
  8
AM_4
100
AcDbPolyline
 90
        4
 70
     0
 43
0.0
 10
198.5623218933624
 20
281.761581596036
 10
198.6085068729884
 20
281.7534590397692
 10
198.7216629463478
 20
281.7250916262003
 10
198.9011005209233
 20
281.6872739605129
  0
LINE
  5
F09
330
A07
100
AcDbEntity
  8
AM_4
100
AcDbLine
 10
198.5623218933624
 20
281.761581596036
 30
0.0
 11
198.5623218933624
 21
226.0264246142912
 31
0.0
  0
LWPOLYLINE
  5
F0A
330
A07
100
AcDbEntity
  8
AM_4
100
AcDbPolyline
 90
        4
 70
     0
 43
0.0
 10
211.9823218933624
 20
221.7070383568816
 10
212.0298781253934
 20
221.7024738398439
 10
212.1471337937901
 20
221.6827950925148
 10
212.3211005209233
 20
221.6601584144744
  0
LINE
  5
F0B
330
A07
100
AcDbEntity
  8
AM_4
100
AcDbLine
 10
211.9823218933624
 20
221.7070383568816
 30
0.0
 11
211.9823218933624
 21
183.8940031051636
 31
0.0
  0
CIRCLE
  5
F0C
330
A07
100
AcDbEntity
  8
AM_4
100
AcDbCircle
 10
185.2602434158325
 20
318.8940031051636
 30
0.0
 40
3.450000000000008
  0
CIRCLE
  5
F0D
330
A07
100
AcDbEntity
  8
AM_4
100
AcDbCircle
 10
185.2602434158325
 20
318.8940031051636
 30
0.0
 40
2.000000000000018
  0
LINE
  5
F0E
330
A07
100
AcDbEntity
  8
AM_4
100
AcDbLine
 10
205.6111005209233
 20
316.1135151062886
 30
0.0
 11
205.6111005209233
 21
324.393322221017
 31
0.0
  0
ARC
  5
F0F
330
A07
100
AcDbEntity
  8
AM_4
100
AcDbCircle
 10
205.9802434158325
 20
313.8940031051636
 30
0.0
 40
2.25000000000001
100
AcDbArc
 50
99.44283612355865
 51
260.5571638764413
  0
LINE
  5
F10
330
A07
100
AcDbEntity
  8
AM_4
100
AcDbLine
 10
205.6111005209233
 20
256.1135151062886
 30
0.0
 11
205.6111005209233
 21
311.6744911040385
 31
0.0
  0
ARC
  5
F11
330
A07
100
AcDbEntity
  8
AM_4
100
AcDbCircle
 10
205.9802434158325
 20
253.8940031051635
 30
0.0
 40
2.249999999999982
100
AcDbArc
 50
99.44283612355878
 51
260.5571638764413
  0
LINE
  5
F12
330
A07
100
AcDbEntity
  8
AM_4
100
AcDbLine
 10
205.6111005209233
 20
196.1135151062886
 30
0.0
 11
205.6111005209233
 21
251.6744911040385
 31
0.0
  0
ARC
  5
F13
330
A07
100
AcDbEntity
  8
AM_4
100
AcDbCircle
 10
205.9802434158325
 20
193.8940031051636
 30
0.0
 40
2.250000000000015
100
AcDbArc
 50
99.44283612355937
 51
260.5571638764407
  0
LINE
  5
F14
330
A07
100
AcDbEntity
  8
AM_4
100
AcDbLine
 10
205.6111005209233
 20
183.8940031051636
 30
0.0
 11
205.6111005209233
 21
191.6744911040385
 31
0.0
  0
LINE
  5
F15
330
A07
100
AcDbEntity
  8
AM_4
100
AcDbLine
 10
206.4606943238006
 20
191.6958978017186
 30
0.0
 11
206.4606943238006
 21
183.8940031051636
 31
0.0
  0
ARC
  5
F16
330
A07
100
AcDbEntity
  8
AM_4
100
AcDbCircle
 10
205.9802434158325
 20
193.8940031051636
 30
0.0
 40
2.249999999999994
100
AcDbArc
 50
282.3295190796953
 51
77.67048092030466
  0
LINE
  5
F17
330
A07
100
AcDbEntity
  8
AM_4
100
AcDbLine
 10
206.4606943238006
 20
251.6958978017186
 30
0.0
 11
206.4606943238006
 21
196.0921084086085
 31
0.0
  0
ARC
  5
F18
330
A07
100
AcDbEntity
  8
AM_4
100
AcDbCircle
 10
205.9802434158325
 20
253.8940031051636
 30
0.0
 40
2.249999999999994
100
AcDbArc
 50
282.3295190796953
 51
77.6704809203045
  0
LINE
  5
F19
330
A07
100
AcDbEntity
  8
AM_4
100
AcDbLine
 10
206.4606943238006
 20
311.6958978017187
 30
0.0
 11
206.4606943238006
 21
256.0921084086085
 31
0.0
  0
ARC
  5
F1A
330
A07
100
AcDbEntity
  8
AM_4
100
AcDbCircle
 10
205.9802434158325
 20
313.8940031051636
 30
0.0
 40
2.249999999999972
100
AcDbArc
 50
282.3295190796962
 51
77.6704809203041
  0
LINE
  5
F1B
330
A07
100
AcDbEntity
  8
AM_4
100
AcDbLine
 10
206.4606943238006
 20
324.2739195988026
 30
0.0
 11
206.4606943238006
 21
316.0921084086085
 31
0.0
  0
LINE
  5
F1C
330
A07
100
AcDbEntity
  8
AM_4
100
AcDbLine
 10
212.3211005209233
 20
286.1278477958527
 30
0.0
 11
212.3211005209234
 21
323.450293220164
 31
0.0
  0
ARC
  5
F1D
330
A07
100
AcDbEntity
  8
AM_4
100
AcDbCircle
 10
212.5902434158325
 20
283.8940031051636
 30
0.0
 40
2.250000000000019
100
AcDbArc
 50
96.87011822167148
 51
263.1298817783284
  0
LINE
  5
F1E
330
A07
100
AcDbEntity
  8
AM_4
100
AcDbLine
 10
212.3211005209233
 20
226.1278477958527
 30
0.0
 11
212.3211005209233
 21
281.6601584144745
 31
0.0
  0
ARC
  5
F1F
330
A07
100
AcDbEntity
  8
AM_4
100
AcDbCircle
 10
212.5902434158325
 20
223.8940031051636
 30
0.0
 40
2.250000000000023
100
AcDbArc
 50
96.87011822167217
 51
263.1298817783278
  0
LINE
  5
F20
330
A07
100
AcDbEntity
  8
AM_4
100
AcDbLine
 10
212.3211005209233
 20
183.8940031051636
 30
0.0
 11
212.3211005209233
 21
221.6601584144744
 31
0.0
  0
LINE
  5
F21
330
A07
100
AcDbEntity
  8
AM_4
100
AcDbLine
 10
213.1706943238006
 20
221.7201639336886
 30
0.0
 11
213.1706943238006
 21
183.8940031051636
 31
0.0
  0
ARC
  5
F22
330
A07
100
AcDbEntity
  8
AM_4
100
AcDbCircle
 10
212.5902434158325
 20
223.8940031051636
 30
0.0
 40
2.249999999999998
100
AcDbArc
 50
284.9501283296325
 51
75.04987167036755
  0
LINE
  5
F23
330
A07
100
AcDbEntity
  8
AM_4
100
AcDbLine
 10
213.1706943238006
 20
281.7201639336886
 30
0.0
 11
213.1706943238006
 21
226.0678422766385
 31
0.0
  0
ARC
  5
F24
330
A07
100
AcDbEntity
  8
AM_4
100
AcDbCircle
 10
212.5902434158326
 20
283.8940031051636
 30
0.0
 40
2.249999999999983
100
AcDbArc
 50
284.9501283296311
 51
75.04987167036893
  0
LINE
  5
F25
330
A07
100
AcDbEntity
  8
AM_4
100
AcDbLine
 10
213.1706943238006
 20
323.3308905979496
 30
0.0
 11
213.1706943238006
 21
286.0678422766385
 31
0.0
  0
LINE
  5
F26
330
A07
100
AcDbEntity
  8
AM_4
100
AcDbLine
 10
198.9011005209233
 20
286.1007322498143
 30
0.0
 11
198.9011005209233
 21
325.33635122187
 31
0.0
  0
ARC
  5
F27
330
A07
100
AcDbEntity
  8
AM_4
100
AcDbCircle
 10
199.3402434158325
 20
283.8940031051636
 30
0.0
 40
2.249999999999998
100
AcDbArc
 50
101.2549245821431
 51
258.7450754178569
  0
LINE
  5
F28
330
A07
100
AcDbEntity
  8
AM_4
100
AcDbLine
 10
198.9011005209233
 20
226.1007322498143
 30
0.0
 11
198.9011005209233
 21
281.6872739605129
 31
0.0
  0
LINE
  5
F29
330
A07
100
AcDbEntity
  8
AM_4
100
AcDbLine
 10
198.9011005209233
 20
183.8940031051636
 30
0.0
 11
198.9011005209233
 21
221.6872739605129
 31
0.0
  0
LINE
  5
F2A
330
A07
100
AcDbEntity
  8
AM_4
100
AcDbLine
 10
199.7506943238006
 20
221.6817576277926
 30
0.0
 11
199.7506943238006
 21
183.8940031051636
 31
0.0
  0
ARC
  5
F2B
330
A07
100
AcDbEntity
  8
AM_4
100
AcDbCircle
 10
199.3402434158325
 20
223.8940031051636
 30
0.0
 40
2.250000000000003
100
AcDbArc
 50
280.510902813628
 51
79.48909718637205
  0
LINE
  5
F2C
330
A07
100
AcDbEntity
  8
AM_4
100
AcDbLine
 10
199.7506943238006
 20
281.6817576277926
 30
0.0
 11
199.7506943238006
 21
226.1062485825345
 31
0.0
  0
ARC
  5
F2D
330
A07
100
AcDbEntity
  8
AM_4
100
AcDbCircle
 10
199.3402434158325
 20
283.8940031051636
 30
0.0
 40
2.250000000000031
100
AcDbArc
 50
280.5109028136279
 51
79.48909718637192
  0
LINE
  5
F2E
330
A07
100
AcDbEntity
  8
AM_4
100
AcDbLine
 10
199.7506943238006
 20
325.2169485996557
 30
0.0
 11
199.7506943238006
 21
286.1062485825345
 31
0.0
  0
LWPOLYLINE
  5
F2F
330
A07
100
AcDbEntity
  8
AM_4
100
AcDbPolyline
 90
        6
 70
     0
 43
0.0
 10
196.6693528483584
 20
225.2997834809472
 10
197.0637585811216
 20
225.8714791523207
 10
197.3086634972729
 20
226.1152454260309
 10
197.5286999712629
 20
226.2868002333012
 10
197.6456326043473
 20
226.3585028114832
 10
197.6684010699403
 20
226.3667199713223
  0
ARC
  5
F30
330
A07
100
AcDbEntity
  8
AM_4
100
AcDbCircle
 10
199.3402434158328
 20
223.8940031051636
 30
0.0
 40
3.01825692881866
100
AcDbArc
 50
152.2406447042676
 51
207.7593552957324
  0
LWPOLYLINE
  5
F31
330
A07
100
AcDbEntity
  8
AM_4
100
AcDbPolyline
 90
        7
 70
     0
 43
0.0
 10
197.6684010699403
 20
221.4212862390048
 10
197.6164818128648
 20
221.4453464685091
 10
197.4951721358103
 20
221.5246368744798
 10
197.3244604206423
 20
221.659045910429
 10
197.0641531753389
 20
221.9160819114805
 10
196.7300396721669
 20
222.3786408465392
 10
196.6693528483584
 20
222.4882227293799
  0
LWPOLYLINE
  5
F32
330
A07
100
AcDbEntity
  8
AM_4
100
AcDbPolyline
 90
        4
 70
     0
 43
0.0
 10
198.5623218933624
 20
221.7615815960364
 10
198.2417345274546
 20
221.6190400016035
 10
197.9016699711392
 20
221.493812250049
 10
197.6684010699403
 20
221.4212862390048
  0
LWPOLYLINE
  5
F33
330
A07
100
AcDbEntity
  8
AM_4
100
AcDbPolyline
 90
        4
 70
     0
 43
0.0
 10
198.5623218933624
 20
221.761581596036
 10
198.6085068729884
 20
221.7534590397691
 10
198.7216629463478
 20
221.7250916262003
 10
198.9011005209233
 20
221.6872739605129
  0
ARC
  5
F34
330
A07
100
AcDbEntity
  8
AM_4
100
AcDbCircle
 10
199.3402434158325
 20
223.8940031051636
 30
0.0
 40
2.250000000000003
100
AcDbArc
 50
101.2549245821438
 51
258.7450754178562
  0
LWPOLYLINE
  5
F35
330
A07
100
AcDbEntity
  8
AM_4
100
AcDbPolyline
 90
        4
 70
     0
 43
0.0
 10
198.9011005209233
 20
226.1007322498143
 10
198.7219393984286
 20
226.062981248139
 10
198.6037989286278
 20
226.0333962470837
 10
198.5623218933624
 20
226.0264246142912
  0
LWPOLYLINE
  5
F36
330
A07
100
AcDbEntity
  8
AM_4
100
AcDbPolyline
 90
        4
 70
     0
 43
0.0
 10
197.6684010699403
 20
226.3667199713223
 10
198.0198841036873
 20
226.253419626952
 10
198.3535783627085
 20
226.1221626981962
 10
198.5623218933624
 20
226.0264246142907
  0
LINE
  5
F37
330
A07
100
AcDbEntity
  8
AM_4
100
AcDbLine
 10
138.0102434158325
 20
333.8940031051636
 30
0.0
 11
193.8785408250255
 21
326.0422259538741
 31
0.0
  0
LINE
  5
F38
330
A07
100
AcDbEntity
  8
AM_4
100
AcDbLine
 10
228.7602434158325
 20
333.8940031051636
 30
0.0
 11
123.6602434158325
 21
333.8940031051636
 31
0.0
  0
LINE
  5
F39
330
A07
100
AcDbEntity
  8
AM_4
100
AcDbLine
 10
123.6602434158325
 20
333.8940031051636
 30
0.0
 11
123.6602434158325
 21
183.8940031051636
 31
0.0
  0
LINE
  5
F3A
330
A07
100
AcDbEntity
  8
AM_4
100
AcDbLine
 10
193.0406943238006
 20
191.6730629567253
 30
0.0
 11
193.0406943238006
 21
183.8940031051636
 31
0.0
  0
ARC
  5
F3B
330
A07
100
AcDbEntity
  8
AM_4
100
AcDbCircle
 10
192.6802434158325
 20
193.8940031051636
 30
0.0
 40
2.250000000000007
100
AcDbArc
 50
279.2185285465531
 51
80.78147145344691
  0
LINE
  5
F3C
330
A07
100
AcDbEntity
  8
AM_4
100
AcDbLine
 10
193.0406943238006
 20
251.6730629567253
 30
0.0
 11
193.0406943238006
 21
196.1149432536018
 31
0.0
  0
ARC
  5
F3D
330
A07
100
AcDbEntity
  8
AM_4
100
AcDbCircle
 10
192.6802434158325
 20
253.8940031051636
 30
0.0
 40
2.250000000000007
100
AcDbArc
 50
279.2185285465531
 51
80.78147145344691
  0
LINE
  5
F3E
330
A07
100
AcDbEntity
  8
AM_4
100
AcDbLine
 10
193.0406943238006
 20
311.6730629567253
 30
0.0
 11
193.0406943238006
 21
256.1149432536018
 31
0.0
  0
ARC
  5
F3F
330
A07
100
AcDbEntity
  8
AM_4
100
AcDbCircle
 10
192.6802434158326
 20
313.8940031051636
 30
0.0
 40
2.250000000000002
100
AcDbArc
 50
279.2185285465524
 51
80.78147145344762
  0
LINE
  5
F40
330
A07
100
AcDbEntity
  8
AM_4
100
AcDbLine
 10
193.0406943238006
 20
326.1599776005087
 30
0.0
 11
193.0406943238006
 21
316.1149432536018
 31
0.0
  0
CIRCLE
  5
F41
330
A07
100
AcDbEntity
  8
AM_4
100
AcDbCircle
 10
185.2602434158325
 20
318.8940031051636
 30
0.0
 40
3.865000000000038
  0
CIRCLE
  5
F42
330
A07
100
AcDbEntity
  8
AM_4
100
AcDbCircle
 10
155.1602434158325
 20
189.8940031051636
 30
0.0
 40
3.865000000000031
  0
CIRCLE
  5
F43
330
A07
100
AcDbEntity
  8
AM_4
100
AcDbCircle
 10
143.6002434158325
 20
323.5940031051636
 30
0.0
 40
1.800000000000038
  0
LINE
  5
F44
330
A07
100
AcDbEntity
  8
AM_4
100
AcDbLine
 10
117.9602434158325
 20
183.9900059622688
 30
0.0
 11
123.4602434158325
 21
183.8940031051636
 31
0.0
  0
LINE
  5
F45
330
A07
100
AcDbEntity
  8
AM_4
100
AcDbLine
 10
123.4602434158325
 20
333.8940031051636
 30
0.0
 11
117.9602434158325
 21
333.7980002480584
 31
0.0
  0
LINE
  5
F46
330
A07
100
AcDbEntity
  8
AM_4
100
AcDbLine
 10
117.9602434158325
 20
333.7980002480584
 30
0.0
 11
117.9602434158325
 21
183.9900059622688
 31
0.0
  0
LINE
  5
F47
330
A07
100
AcDbEntity
  8
AM_4
100
AcDbLine
 10
123.4602434158325
 20
183.8940031051636
 30
0.0
 11
123.4602434158325
 21
333.8940031051636
 31
0.0
  0
ENDBLK
  5
A0A
330
A07
100
AcDbEntity
  8
0
100
AcDbBlockEnd
  0
ENDSEC
  0
SECTION
  2
ENTITIES
  0
INSERT
  5
6F
330
1F
100
AcDbEntity
  8
0
100
AcDbBlockReference
  2
1_MBDLN25SE_1100
 10
0.0
 20
0.0
 30
0.0
  0
ENDSEC
  0
SECTION
  2
OBJECTS
  0
DICTIONARY
  5
C
330
0
100
AcDbDictionary
281
     1
  3
ACAD_DETAILVIEWSTYLE
350
F8D
  3
ACAD_GROUP
350
D
  3
ACAD_LAYOUT
350
1A
  3
ACAD_MATERIAL
350
43
  3
ACAD_MLEADERSTYLE
350
6B
  3
ACAD_MLINESTYLE
350
17
  3
ACAD_PLOTSETTINGS
350
19
  3
ACAD_PLOTSTYLENAME
350
E
  3
ACAD_SCALELIST
350
47
  3
ACAD_SECTIONVIEWSTYLE
350
F8E
  3
ACAD_TABLESTYLE
350
69
  3
ACAD_VISUALSTYLE
350
2A
  3
ACDB_RECOMPOSE_DATA
350
F8A
  3
AcDbVariableDictionary
350
F4A
  0
DICTIONARY
  5
F48
330
8
100
AcDbDictionary
280
     1
281
     1
  3
ACAD_XREC_ROUNDTRIP
360
F49
  0
DICTIONARY
  5
F8D
102
{ACAD_REACTORS
330
C
102
}
330
C
100
AcDbDictionary
281
     1
  0
DICTIONARY
  5
D
102
{ACAD_REACTORS
330
C
102
}
330
C
100
AcDbDictionary
281
     1
  0
DICTIONARY
  5
1A
102
{ACAD_REACTORS
330
C
102
}
330
C
100
AcDbDictionary
281
     1
  3
Layout1
350
1E
  3
Layout2
350
26
  3
Model
350
22
  0
DICTIONARY
  5
43
102
{ACAD_REACTORS
330
C
102
}
330
C
100
AcDbDictionary
281
     1
  3
ByBlock
350
45
  3
ByLayer
350
44
  3
Global
350
46
  0
DICTIONARY
  5
6B
102
{ACAD_REACTORS
330
C
102
}
330
C
100
AcDbDictionary
281
     1
  3
Standard
350
6C
  0
DICTIONARY
  5
17
102
{ACAD_REACTORS
330
C
102
}
330
C
100
AcDbDictionary
281
     1
  3
Standard
350
18
  0
DICTIONARY
  5
19
102
{ACAD_REACTORS
330
C
102
}
330
C
100
AcDbDictionary
281
     1
  0
ACDBDICTIONARYWDFLT
  5
E
102
{ACAD_REACTORS
330
C
102
}
330
C
100
AcDbDictionary
281
     1
  3
Normal
350
F
100
AcDbDictionaryWithDefault
340
F
  0
DICTIONARY
  5
47
102
{ACAD_REACTORS
330
C
102
}
330
C
100
AcDbDictionary
281
     1
  3
A0
350
48
  3
A1
350
49
  3
A2
350
4A
  3
A3
350
4B
  3
A4
350
4C
  3
A5
350
4D
  3
A6
350
4E
  3
A7
350
4F
  3
A8
350
50
  3
A9
350
51
  3
B0
350
52
  3
B1
350
53
  3
B2
350
54
  3
B3
350
55
  3
B4
350
56
  3
B5
350
57
  3
B6
350
58
  3
B7
350
59
  3
B8
350
5A
  3
B9
350
5B
  3
C0
350
5C
  3
C1
350
5D
  3
C2
350
5E
  3
C3
350
5F
  3
C4
350
60
  3
C5
350
61
  3
C6
350
62
  3
C7
350
63
  3
C8
350
64
  3
C9
350
65
  3
D0
350
66
  3
D1
350
67
  3
D2
350
68
  0
DICTIONARY
  5
F8E
102
{ACAD_REACTORS
330
C
102
}
330
C
100
AcDbDictionary
281
     1
  0
DICTIONARY
  5
69
102
{ACAD_REACTORS
330
C
102
}
330
C
100
AcDbDictionary
281
     1
  3
Standard
350
6A
  0
DICTIONARY
  5
2A
102
{ACAD_REACTORS
330
C
102
}
330
C
100
AcDbDictionary
281
     1
  3
2dWireframe
350
2F
  3
Basic
350
32
  3
Brighten
350
36
  3
ColorChange
350
3A
  3
Conceptual
350
34
  3
Dim
350
35
  3
EdgeColorOff
350
3D
  3
Facepattern
350
39
  3
Flat
350
2B
  3
FlatWithEdges
350
2C
  3
Gouraud
350
2D
  3
GouraudWithEdges
350
2E
  3
Hidden
350
31
  3
JitterOff
350
3B
  3
Linepattern
350
38
  3
OverhangOff
350
3C
  3
Realistic
350
33
  3
Shaded
350
42
  3
Shaded with edges
350
41
  3
Shades of Gray
350
3E
  3
Sketchy
350
3F
  3
Thicken
350
37
  3
Wireframe
350
30
  3
X-Ray
350
40
  0
XRECORD
  5
F8A
102
{ACAD_REACTORS
330
C
102
}
330
C
100
AcDbXrecord
280
     1
 90
        1
330
6A
  0
DICTIONARY
  5
F4A
102
{ACAD_REACTORS
330
C
102
}
330
C
100
AcDbDictionary
281
     1
  3
CANNOSCALE
350
F4B
  3
CMLEADERSTYLE
350
F8C
  3
CTABLESTYLE
350
F8B
  3
MSLTSCALE
350
F4C
  3
XCLIPFRAME
350
F4D
  0
XRECORD
  5
F49
102
{ACAD_REACTORS
330
F48
102
}
330
F48
100
AcDbXrecord
280
     1
102
VTR_0.000_0.000_1.000_1.000_VISUALSTYLE
340
2F
102
VTR_0.000_0.000_1.000_1.000_GRIDDISPLAY
 70
     3
102
VTR_0.000_0.000_1.000_1.000_GRIDMAJOR
 70
     5
102
VTR_0.000_0.000_1.000_1.000_DEFAULTLIGHTING
280
     1
102
VTR_0.000_0.000_1.000_1.000_DEFAULTLIGHTINGTYPE
 70
     1
102
VTR_0.000_0.000_1.000_1.000_BRIGHTNESS
141
0.0
102
VTR_0.000_0.000_1.000_1.000_CONTRAST
142
0.0
  0
LAYOUT
  5
1E
102
{ACAD_REACTORS
330
1A
102
}
330
1A
100
AcDbPlotSettings
  1

  2
none_device
  4

  6

 40
0.0
 41
0.0
 42
0.0
 43
0.0
 44
0.0
 45
0.0
 46
0.0
 47
0.0
 48
0.0
 49
0.0
140
0.0
141
0.0
142
1.0
143
1.0
 70
   688
 72
     1
 73
     0
 74
     5
  7

 75
    16
 76
     0
 77
     2
 78
   300
147
1.0
148
0.0
149
0.0
100
AcDbLayout
  1
Layout1
 70
     1
 71
     1
 10
0.0
 20
0.0
 11
420.0
 21
297.0
 12
0.0
 22
0.0
 32
0.0
 14
1.000000000000000E+20
 24
1.000000000000000E+20
 34
1.000000000000000E+20
 15
-1.000000000000000E+20
 25
-1.000000000000000E+20
 35
-1.000000000000000E+20
146
0.0
 13
0.0
 23
0.0
 33
0.0
 16
1.0
 26
0.0
 36
0.0
 17
0.0
 27
1.0
 37
0.0
 76
     0
330
1B
  0
LAYOUT
  5
26
102
{ACAD_REACTORS
330
1A
102
}
330
1A
100
AcDbPlotSettings
  1

  2
none_device
  4

  6

 40
0.0
 41
0.0
 42
0.0
 43
0.0
 44
0.0
 45
0.0
 46
0.0
 47
0.0
 48
0.0
 49
0.0
140
0.0
141
0.0
142
1.0
143
1.0
 70
   688
 72
     1
 73
     0
 74
     5
  7

 75
    16
 76
     0
 77
     2
 78
   300
147
1.0
148
0.0
149
0.0
100
AcDbLayout
  1
Layout2
 70
     1
 71
     2
 10
0.0
 20
0.0
 11
0.0
 21
0.0
 12
0.0
 22
0.0
 32
0.0
 14
0.0
 24
0.0
 34
0.0
 15
0.0
 25
0.0
 35
0.0
146
0.0
 13
0.0
 23
0.0
 33
0.0
 16
1.0
 26
0.0
 36
0.0
 17
0.0
 27
1.0
 37
0.0
 76
     0
330
23
  0
LAYOUT
  5
22
102
{ACAD_REACTORS
330
1A
102
}
330
1A
100
AcDbPlotSettings
  1

  2
none_device
  4
Letter_(8.50_x_11.00_Inches)
  6

 40
6.35
 41
6.35
 42
6.35000508
 43
6.35000508
 44
215.9
 45
279.4
 46
0.0
 47
0.0
 48
0.0
 49
0.0
140
0.0
141
0.0
142
1.0
143
1.0
 70
  1712
 72
     1
 73
     0
 74
     0
  7

 75
     0
 76
     0
 77
     2
 78
   300
147
1.0
148
0.0
149
0.0
100
AcDbLayout
  1
Model
 70
     1
 71
     0
 10
0.0
 20
0.0
 11
420.0
 21
297.0
 12
0.0
 22
0.0
 32
0.0
 14
1.000000000000000E+20
 24
1.000000000000000E+20
 34
1.000000000000000E+20
 15
-1.000000000000000E+20
 25
-1.000000000000000E+20
 35
-1.000000000000000E+20
146
0.0
 13
0.0
 23
0.0
 33
0.0
 16
1.0
 26
0.0
 36
0.0
 17
0.0
 27
1.0
 37
0.0
 76
     0
330
1F
331
29
  0
MATERIAL
  5
45
102
{ACAD_REACTORS
330
43
102
}
102
{ACAD_XDICTIONARY
360
F80
102
}
330
43
100
AcDbMaterial
  1
ByBlock
  0
MATERIAL
  5
44
102
{ACAD_REACTORS
330
43
102
}
102
{ACAD_XDICTIONARY
360
F7E
102
}
330
43
100
AcDbMaterial
  1
ByLayer
  0
MATERIAL
  5
46
102
{ACAD_REACTORS
330
43
102
}
102
{ACAD_XDICTIONARY
360
F82
102
}
330
43
100
AcDbMaterial
  1
Global
  0
MLEADERSTYLE
  5
6C
102
{ACAD_REACTORS
330
6B
102
}
102
{ACAD_XDICTIONARY
360
F88
102
}
330
6B
100
AcDbMLeaderStyle
170
     2
171
     1
172
     0
 90
        2
 40
0.0
 41
0.0
173
     1
 91
-1056964608
340
14
 92
       -2
290
     1
 42
2.0
291
     1
 43
8.0
  3
Standard
341
0
 44
4.0
300

342
11
174
     1
178
     6
175
     1
176
     0
 93
-1056964608
 45
4.0
292
     0
297
     0
 46
4.0
343
0
 94
-1056964608
 47
1.0
 49
1.0
140
1.0
293
     1
141
0.0
294
     1
177
     0
142
1.0
295
     0
296
     0
143
3.75
1001
ACAD_MLEADERVER
1070
     2
  0
MLINESTYLE
  5
18
102
{ACAD_REACTORS
330
17
102
}
330
17
100
AcDbMlineStyle
  2
Standard
 70
     0
  3

 62
   256
 51
90.0
 52
90.0
 71
     2
 49
0.5
 62
   256
  6
BYLAYER
 49
-0.5
 62
   256
  6
BYLAYER
  0
ACDBPLACEHOLDER
  5
F
102
{ACAD_REACTORS
330
E
102
}
330
E
  0
SCALE
  5
48
102
{ACAD_REACTORS
330
47
102
}
330
47
100
AcDbScale
 70
     0
300
1:1
140
1.0
141
1.0
290
     1
  0
SCALE
  5
49
102
{ACAD_REACTORS
330
47
102
}
330
47
100
AcDbScale
 70
     0
300
1:2
140
1.0
141
2.0
290
     0
  0
SCALE
  5
4A
102
{ACAD_REACTORS
330
47
102
}
330
47
100
AcDbScale
 70
     0
300
1:4
140
1.0
141
4.0
290
     0
  0
SCALE
  5
4B
102
{ACAD_REACTORS
330
47
102
}
330
47
100
AcDbScale
 70
     0
300
1:5
140
1.0
141
5.0
290
     0
  0
SCALE
  5
4C
102
{ACAD_REACTORS
330
47
102
}
330
47
100
AcDbScale
 70
     0
300
1:8
140
1.0
141
8.0
290
     0
  0
SCALE
  5
4D
102
{ACAD_REACTORS
330
47
102
}
330
47
100
AcDbScale
 70
     0
300
1:10
140
1.0
141
10.0
290
     0
  0
SCALE
  5
4E
102
{ACAD_REACTORS
330
47
102
}
330
47
100
AcDbScale
 70
     0
300
1:16
140
1.0
141
16.0
290
     0
  0
SCALE
  5
4F
102
{ACAD_REACTORS
330
47
102
}
330
47
100
AcDbScale
 70
     0
300
1:20
140
1.0
141
20.0
290
     0
  0
SCALE
  5
50
102
{ACAD_REACTORS
330
47
102
}
330
47
100
AcDbScale
 70
     0
300
1:30
140
1.0
141
30.0
290
     0
  0
SCALE
  5
51
102
{ACAD_REACTORS
330
47
102
}
330
47
100
AcDbScale
 70
     0
300
1:40
140
1.0
141
40.0
290
     0
  0
SCALE
  5
52
102
{ACAD_REACTORS
330
47
102
}
330
47
100
AcDbScale
 70
     0
300
1:50
140
1.0
141
50.0
290
     0
  0
SCALE
  5
53
102
{ACAD_REACTORS
330
47
102
}
330
47
100
AcDbScale
 70
     0
300
1:100
140
1.0
141
100.0
290
     0
  0
SCALE
  5
54
102
{ACAD_REACTORS
330
47
102
}
330
47
100
AcDbScale
 70
     0
300
2:1
140
2.0
141
1.0
290
     0
  0
SCALE
  5
55
102
{ACAD_REACTORS
330
47
102
}
330
47
100
AcDbScale
 70
     0
300
4:1
140
4.0
141
1.0
290
     0
  0
SCALE
  5
56
102
{ACAD_REACTORS
330
47
102
}
330
47
100
AcDbScale
 70
     0
300
8:1
140
8.0
141
1.0
290
     0
  0
SCALE
  5
57
102
{ACAD_REACTORS
330
47
102
}
330
47
100
AcDbScale
 70
     0
300
10:1
140
10.0
141
1.0
290
     0
  0
SCALE
  5
58
102
{ACAD_REACTORS
330
47
102
}
330
47
100
AcDbScale
 70
     0
300
100:1
140
100.0
141
1.0
290
     0
  0
SCALE
  5
59
102
{ACAD_REACTORS
330
47
102
}
330
47
100
AcDbScale
 70
     0
300
1/128" = 1'-0"
140
0.0078125
141
12.0
290
     0
  0
SCALE
  5
5A
102
{ACAD_REACTORS
330
47
102
}
330
47
100
AcDbScale
 70
     0
300
1/64" = 1'-0"
140
0.015625
141
12.0
290
     0
  0
SCALE
  5
5B
102
{ACAD_REACTORS
330
47
102
}
330
47
100
AcDbScale
 70
     0
300
1/32" = 1'-0"
140
0.03125
141
12.0
290
     0
  0
SCALE
  5
5C
102
{ACAD_REACTORS
330
47
102
}
330
47
100
AcDbScale
 70
     0
300
1/16" = 1'-0"
140
0.0625
141
12.0
290
     0
  0
SCALE
  5
5D
102
{ACAD_REACTORS
330
47
102
}
330
47
100
AcDbScale
 70
     0
300
3/32" = 1'-0"
140
0.09375
141
12.0
290
     0
  0
SCALE
  5
5E
102
{ACAD_REACTORS
330
47
102
}
330
47
100
AcDbScale
 70
     0
300
1/8" = 1'-0"
140
0.125
141
12.0
290
     0
  0
SCALE
  5
5F
102
{ACAD_REACTORS
330
47
102
}
330
47
100
AcDbScale
 70
     0
300
3/16" = 1'-0"
140
0.1875
141
12.0
290
     0
  0
SCALE
  5
60
102
{ACAD_REACTORS
330
47
102
}
330
47
100
AcDbScale
 70
     0
300
1/4" = 1'-0"
140
0.25
141
12.0
290
     0
  0
SCALE
  5
61
102
{ACAD_REACTORS
330
47
102
}
330
47
100
AcDbScale
 70
     0
300
3/8" = 1'-0"
140
0.375
141
12.0
290
     0
  0
SCALE
  5
62
102
{ACAD_REACTORS
330
47
102
}
330
47
100
AcDbScale
 70
     0
300
1/2" = 1'-0"
140
0.5
141
12.0
290
     0
  0
SCALE
  5
63
102
{ACAD_REACTORS
330
47
102
}
330
47
100
AcDbScale
 70
     0
300
3/4" = 1'-0"
140
0.75
141
12.0
290
     0
  0
SCALE
  5
64
102
{ACAD_REACTORS
330
47
102
}
330
47
100
AcDbScale
 70
     0
300
1" = 1'-0"
140
1.0
141
12.0
290
     0
  0
SCALE
  5
65
102
{ACAD_REACTORS
330
47
102
}
330
47
100
AcDbScale
 70
     0
300
1-1/2" = 1'-0"
140
1.5
141
12.0
290
     0
  0
SCALE
  5
66
102
{ACAD_REACTORS
330
47
102
}
330
47
100
AcDbScale
 70
     0
300
3" = 1'-0"
140
3.0
141
12.0
290
     0
  0
SCALE
  5
67
102
{ACAD_REACTORS
330
47
102
}
330
47
100
AcDbScale
 70
     0
300
6" = 1'-0"
140
6.0
141
12.0
290
     0
  0
SCALE
  5
68
102
{ACAD_REACTORS
330
47
102
}
330
47
100
AcDbScale
 70
     0
300
1'-0" = 1'-0"
140
12.0
141
12.0
290
     0
  0
TABLESTYLE
  5
6A
102
{ACAD_REACTORS
330
69
102
}
102
{ACAD_XDICTIONARY
360
F84
102
}
330
69
100
AcDbTableStyle
  3
Standard
 70
     0
 71
     0
 40
0.06
 41
0.06
280
     0
281
     0
  7
Standard
140
4.5
170
     2
 62
     0
 63
   257
283
     0
274
    -2
284
     1
 64
     0
275
    -2
285
     1
 65
     0
276
    -2
286
     1
 66
     0
277
    -2
287
     1
 67
     0
278
    -2
288
     1
 68
     0
279
    -2
289
     1
 69
     0
  7
Standard
140
6.0
170
     5
 62
     0
 63
   257
283
     0
274
    -2
284
     1
 64
     0
275
    -2
285
     1
 65
     0
276
    -2
286
     1
 66
     0
277
    -2
287
     1
 67
     0
278
    -2
288
     1
 68
     0
279
    -2
289
     1
 69
     0
  7
Standard
140
4.5
170
     5
 62
     0
 63
   257
283
     0
274
    -2
284
     1
 64
     0
275
    -2
285
     1
 65
     0
276
    -2
286
     1
 66
     0
277
    -2
287
     1
 67
     0
278
    -2
288
     1
 68
     0
279
    -2
289
     1
 69
     0
  0
VISUALSTYLE
  5
2F
102
{ACAD_REACTORS
330
2A
102
}
102
{ACAD_XDICTIONARY
360
F56
102
}
330
2A
100
AcDbVisualStyle
  2
2dWireframe
 70
     4
 71
     0
 72
     2
 73
     0
 90
        0
 40
0.6
 41
30.0
 62
     5
 63
     7
421
 16777215
 74
     1
 91
        4
 64
     7
 65
   257
 75
     1
175
     1
 42
1.0
 92
        0
 66
   257
 43
1.0
 76
     1
 77
     6
 78
     2
 67
     7
 79
     5
170
     0
171
     0
290
     0
174
     0
 93
        1
 44
0.0
173
     0
291
     0
 45
0.0
1001
ACAD
1000
AcDbSavedByObjectVersion
1070
     0
  0
VISUALSTYLE
  5
32
102
{ACAD_REACTORS
330
2A
102
}
102
{ACAD_XDICTIONARY
360
F5C
102
}
330
2A
100
AcDbVisualStyle
  2
Basic
 70
     7
 71
     1
 72
     0
 73
     1
 90
        0
 40
0.6
 41
30.0
 62
     5
 63
     7
421
 16777215
 74
     0
 91
        4
 64
     7
 65
   257
 75
     1
175
     1
 42
1.0
 92
        8
 66
     7
 43
1.0
 76
     1
 77
     6
 78
     2
 67
     7
 79
     5
170
     0
171
     0
290
     0
174
     0
 93
        1
 44
0.0
173
     0
291
     1
 45
0.0
1001
ACAD
1000
AcDbSavedByObjectVersion
1070
     0
  0
VISUALSTYLE
  5
36
102
{ACAD_REACTORS
330
2A
102
}
102
{ACAD_XDICTIONARY
360
F64
102
}
330
2A
100
AcDbVisualStyle
  2
Brighten
 70
    12
 71
     2
 72
     2
 73
     0
 90
        0
 40
0.6
 41
30.0
 62
     5
 63
     7
421
 16777215
 74
     1
 91
        4
 64
     7
 65
   257
 75
     1
175
     1
 42
1.0
 92
        8
 66
     7
 43
1.0
 76
     1
 77
     6
 78
     2
 67
     7
 79
     5
170
     0
171
     0
290
     0
174
     0
 93
        1
 44
50.0
173
     0
291
     1
 45
0.0
1001
ACAD
1000
AcDbSavedByObjectVersion
1070
     0
  0
VISUALSTYLE
  5
3A
102
{ACAD_REACTORS
330
2A
102
}
102
{ACAD_XDICTIONARY
360
F6C
102
}
330
2A
100
AcDbVisualStyle
  2
ColorChange
 70
    16
 71
     2
 72
     2
 73
     3
 90
        0
 40
0.6
 41
30.0
 62
     5
 63
     8
421
  8421504
 74
     1
 91
        4
 64
     7
 65
   257
 75
     1
175
     1
 42
1.0
 92
        8
 66
     8
424
  8421504
 43
1.0
 76
     1
 77
     6
 78
     2
 67
     7
 79
     5
170
     0
171
     0
290
     0
174
     0
 93
        1
 44
0.0
173
     0
291
     1
 45
0.0
1001
ACAD
1000
AcDbSavedByObjectVersion
1070
     0
  0
VISUALSTYLE
  5
34
102
{ACAD_REACTORS
330
2A
102
}
102
{ACAD_XDICTIONARY
360
F60
102
}
330
2A
100
AcDbVisualStyle
  2
Conceptual
 70
     9
 71
     3
 72
     2
 73
     0
 90
        0
 40
0.6
 41
30.0
 62
     5
 63
     7
421
 16777215
 74
     2
 91
        2
 64
     7
 65
   257
 75
     1
175
     1
 42
179.0
 92
        8
 66
     7
 43
1.0
 76
     1
 77
     6
 78
     2
 67
     7
 79
     3
170
     0
171
     0
290
     0
174
     0
 93
        1
 44
0.0
173
     0
291
     0
 45
0.0
1001
ACAD
1000
AcDbSavedByObjectVersion
1070
     0
  0
VISUALSTYLE
  5
35
102
{ACAD_REACTORS
330
2A
102
}
102
{ACAD_XDICTIONARY
360
F62
102
}
330
2A
100
AcDbVisualStyle
  2
Dim
 70
    11
 71
     2
 72
     2
 73
     0
 90
        0
 40
0.6
 41
30.0
 62
     5
 63
     7
421
 16777215
 74
     1
 91
        4
 64
     7
 65
   257
 75
     1
175
     1
 42
1.0
 92
        8
 66
     7
 43
1.0
 76
     1
 77
     6
 78
     2
 67
     7
 79
     5
170
     0
171
     0
290
     0
174
     0
 93
        1
 44
-50.0
173
     0
291
     1
 45
0.0
1001
ACAD
1000
AcDbSavedByObjectVersion
1070
     0
  0
VISUALSTYLE
  5
3D
102
{ACAD_REACTORS
330
2A
102
}
102
{ACAD_XDICTIONARY
360
F72
102
}
330
2A
100
AcDbVisualStyle
  2
EdgeColorOff
 70
    22
 71
     2
 72
     2
 73
     0
 90
        0
 40
0.6
 41
30.0
 62
     5
 63
     7
421
 16777215
 74
     1
 91
        4
 64
     7
 65
   257
 75
     1
175
     1
 42
1.0
 92
        8
 66
     7
 43
1.0
 76
     1
 77
     6
 78
     2
 67
     7
 79
     5
170
     0
171
     0
290
     0
174
     0
 93
        1
 44
0.0
173
     0
291
     1
 45
0.0
1001
ACAD
1000
AcDbSavedByObjectVersion
1070
     0
  0
VISUALSTYLE
  5
39
102
{ACAD_REACTORS
330
2A
102
}
102
{ACAD_XDICTIONARY
360
F6A
102
}
330
2A
100
AcDbVisualStyle
  2
Facepattern
 70
    15
 71
     2
 72
     2
 73
     0
 90
        0
 40
0.6
 41
30.0
 62
     5
 63
     7
421
 16777215
 74
     1
 91
        4
 64
     7
 65
   257
 75
     1
175
     1
 42
1.0
 92
        8
 66
     7
 43
1.0
 76
     1
 77
     6
 78
     2
 67
     7
 79
     5
170
     0
171
     0
290
     0
174
     0
 93
        1
 44
0.0
173
     0
291
     1
 45
0.0
1001
ACAD
1000
AcDbSavedByObjectVersion
1070
     0
  0
VISUALSTYLE
  5
2B
102
{ACAD_REACTORS
330
2A
102
}
102
{ACAD_XDICTIONARY
360
F4E
102
}
330
2A
100
AcDbVisualStyle
  2
Flat
 70
     0
 71
     2
 72
     1
 73
     1
 90
        2
 40
0.6
 41
30.0
 62
     5
 63
     7
421
 16777215
 74
     0
 91
        0
 64
     7
 65
   257
 75
     1
175
     1
 42
1.0
 92
        8
 66
     7
 43
1.0
 76
     1
 77
     6
 78
     2
 67
     7
 79
     5
170
     0
171
     0
290
     0
174
     0
 93
       13
 44
0.0
173
     0
291
     1
 45
0.0
1001
ACAD
1000
AcDbSavedByObjectVersion
1070
     0
  0
VISUALSTYLE
  5
2C
102
{ACAD_REACTORS
330
2A
102
}
102
{ACAD_XDICTIONARY
360
F50
102
}
330
2A
100
AcDbVisualStyle
  2
FlatWithEdges
 70
     1
 71
     2
 72
     1
 73
     1
 90
        2
 40
0.6
 41
30.0
 62
     5
 63
     7
421
 16777215
 74
     1
 91
        0
 64
     7
 65
   257
 75
     1
175
     1
 42
1.0
 92
        0
 66
   257
 43
1.0
 76
     1
 77
     6
 78
     2
 67
     7
 79
     5
170
     0
171
     0
290
     0
174
     0
 93
       13
 44
0.0
173
     0
291
     1
 45
0.0
1001
ACAD
1000
AcDbSavedByObjectVersion
1070
     0
  0
VISUALSTYLE
  5
2D
102
{ACAD_REACTORS
330
2A
102
}
102
{ACAD_XDICTIONARY
360
F52
102
}
330
2A
100
AcDbVisualStyle
  2
Gouraud
 70
     2
 71
     2
 72
     2
 73
     1
 90
        2
 40
0.6
 41
30.0
 62
     5
 63
     7
421
 16777215
 74
     0
 91
        0
 64
     7
 65
   257
 75
     1
175
     1
 42
1.0
 92
        0
 66
     7
 43
1.0
 76
     1
 77
     6
 78
     2
 67
     7
 79
     5
170
     0
171
     0
290
     0
174
     0
 93
       13
 44
0.0
173
     0
291
     1
 45
0.0
1001
ACAD
1000
AcDbSavedByObjectVersion
1070
     0
  0
VISUALSTYLE
  5
2E
102
{ACAD_REACTORS
330
2A
102
}
102
{ACAD_XDICTIONARY
360
F54
102
}
330
2A
100
AcDbVisualStyle
  2
GouraudWithEdges
 70
     3
 71
     2
 72
     2
 73
     1
 90
        2
 40
0.6
 41
30.0
 62
     5
 63
     7
421
 16777215
 74
     1
 91
        0
 64
     7
 65
   257
 75
     1
175
     1
 42
1.0
 92
        0
 66
   257
 43
1.0
 76
     1
 77
     6
 78
     2
 67
     7
 79
     5
170
     0
171
     0
290
     0
174
     0
 93
       13
 44
0.0
173
     0
291
     1
 45
0.0
1001
ACAD
1000
AcDbSavedByObjectVersion
1070
     0
  0
VISUALSTYLE
  5
31
102
{ACAD_REACTORS
330
2A
102
}
102
{ACAD_XDICTIONARY
360
F5A
102
}
330
2A
100
AcDbVisualStyle
  2
Hidden
 70
     6
 71
     1
 72
     2
 73
     2
 90
        0
 40
0.6
 41
30.0
 62
     5
 63
     7
421
 16777215
 74
     2
 91
        2
 64
     7
 65
   257
 75
     2
175
     1
 42
40.0
 92
        0
 66
   257
 43
1.0
 76
     1
 77
     6
 78
     2
 67
     7
 79
     3
170
     0
171
     0
290
     0
174
     0
 93
        1
 44
0.0
173
     0
291
     0
 45
0.0
1001
ACAD
1000
AcDbSavedByObjectVersion
1070
     0
  0
VISUALSTYLE
  5
3B
102
{ACAD_REACTORS
330
2A
102
}
102
{ACAD_XDICTIONARY
360
F6E
102
}
330
2A
100
AcDbVisualStyle
  2
JitterOff
 70
    20
 71
     2
 72
     2
 73
     0
 90
        0
 40
0.6
 41
30.0
 62
     5
 63
     7
421
 16777215
 74
     1
 91
        4
 64
     7
 65
   257
 75
     1
175
     1
 42
1.0
 92
       10
 66
     7
 43
1.0
 76
     1
 77
     6
 78
     2
 67
     7
 79
     5
170
     0
171
     0
290
     0
174
     0
 93
        1
 44
0.0
173
     0
291
     1
 45
0.0
1001
ACAD
1000
AcDbSavedByObjectVersion
1070
     0
  0
VISUALSTYLE
  5
38
102
{ACAD_REACTORS
330
2A
102
}
102
{ACAD_XDICTIONARY
360
F68
102
}
330
2A
100
AcDbVisualStyle
  2
Linepattern
 70
    14
 71
     2
 72
     2
 73
     0
 90
        0
 40
0.6
 41
30.0
 62
     5
 63
     7
421
 16777215
 74
     1
 91
        4
 64
     7
 65
   257
 75
     7
175
     7
 42
1.0
 92
        8
 66
     7
 43
1.0
 76
     1
 77
     6
 78
     2
 67
     7
 79
     5
170
     0
171
     0
290
     0
174
     0
 93
        1
 44
0.0
173
     0
291
     1
 45
0.0
1001
ACAD
1000
AcDbSavedByObjectVersion
1070
     0
  0
VISUALSTYLE
  5
3C
102
{ACAD_REACTORS
330
2A
102
}
102
{ACAD_XDICTIONARY
360
F70
102
}
330
2A
100
AcDbVisualStyle
  2
OverhangOff
 70
    21
 71
     2
 72
     2
 73
     0
 90
        0
 40
0.6
 41
30.0
 62
     5
 63
     7
421
 16777215
 74
     1
 91
        4
 64
     7
 65
   257
 75
     1
175
     1
 42
1.0
 92
        9
 66
     7
 43
1.0
 76
     1
 77
     6
 78
     2
 67
     7
 79
     5
170
     0
171
     0
290
     0
174
     0
 93
        1
 44
0.0
173
     0
291
     1
 45
0.0
1001
ACAD
1000
AcDbSavedByObjectVersion
1070
     0
  0
VISUALSTYLE
  5
33
102
{ACAD_REACTORS
330
2A
102
}
102
{ACAD_XDICTIONARY
360
F5E
102
}
330
2A
100
AcDbVisualStyle
  2
Realistic
 70
     8
 71
     2
 72
     3
 73
     0
 90
        2
 40
0.6
 41
30.0
 62
     5
 63
     7
421
 16777215
 74
     0
 91
        0
 64
     7
 65
   257
 75
     1
175
     1
 42
1.0
 92
        8
 66
   257
 43
1.0
 76
     1
 77
     6
 78
     2
 67
     7
 79
     3
170
     0
171
     0
290
     0
174
     0
 93
       13
 44
0.0
173
     0
291
     0
 45
0.0
1001
ACAD
1000
AcDbSavedByObjectVersion
1070
     0
  0
VISUALSTYLE
  5
42
102
{ACAD_REACTORS
330
2A
102
}
102
{ACAD_XDICTIONARY
360
F7C
102
}
330
2A
100
AcDbVisualStyle
  2
Shaded
 70
    27
 71
     2
 72
     2
 73
     1
 90
        2
 40
0.6
 41
30.0
 62
     5
 63
     7
421
 16777215
 74
     0
 91
        4
 64
     7
 65
   257
 75
     1
175
     1
 42
1.0
 92
        8
 66
   257
 43
1.0
 76
     1
 77
     6
 78
     2
 67
     8
425
  7895160
 79
     3
170
     0
171
     0
290
     0
174
     0
 93
        5
 44
0.0
173
     0
291
     0
 45
0.0
1001
ACAD
1000
AcDbSavedByObjectVersion
1070
     0
  0
VISUALSTYLE
  5
41
102
{ACAD_REACTORS
330
2A
102
}
102
{ACAD_XDICTIONARY
360
F7A
102
}
330
2A
100
AcDbVisualStyle
  2
Shaded with edges
 70
    26
 71
     2
 72
     2
 73
     1
 90
        2
 40
0.6
 41
30.0
 62
     5
 63
     7
421
 16777215
 74
     1
 91
       10
 64
     7
 65
   257
 75
     2
175
     1
 42
1.0
 92
        8
 66
   257
 43
1.0
 76
     1
 77
     6
 78
     2
 67
     7
 79
     3
170
     0
171
     0
290
     0
174
     0
 93
        5
 44
0.0
173
     0
291
     0
 45
0.0
1001
ACAD
1000
AcDbSavedByObjectVersion
1070
     0
  0
VISUALSTYLE
  5
3E
102
{ACAD_REACTORS
330
2A
102
}
102
{ACAD_XDICTIONARY
360
F74
102
}
330
2A
100
AcDbVisualStyle
  2
Shades of Gray
 70
    23
 71
     2
 72
     2
 73
     3
 90
        0
 40
0.6
 41
30.0
 62
     5
 63
     7
421
 16777215
 74
     2
 91
        2
 64
     7
 65
     7
 75
     1
175
     1
 42
40.0
 92
        8
 66
     7
 43
1.0
 76
     1
 77
     6
 78
     2
 67
     7
 79
     3
170
     0
171
     0
290
     0
174
     0
 93
        1
 44
0.0
173
     0
291
     0
 45
0.0
1001
ACAD
1000
AcDbSavedByObjectVersion
1070
     0
  0
VISUALSTYLE
  5
3F
102
{ACAD_REACTORS
330
2A
102
}
102
{ACAD_XDICTIONARY
360
F76
102
}
330
2A
100
AcDbVisualStyle
  2
Sketchy
 70
    24
 71
     1
 72
     2
 73
     2
 90
        0
 40
0.6
 41
30.0
 62
     5
 63
     7
421
 16777215
 74
     2
 91
        2
 64
     7
 65
     7
 75
     1
175
     1
 42
40.0
 92
       11
 66
     7
 43
1.0
 76
     1
 77
     6
 78
     2
 67
     7
 79
     6
170
     0
171
     0
290
     0
174
     0
 93
        1
 44
0.0
173
     0
291
     0
 45
0.0
1001
ACAD
1000
AcDbSavedByObjectVersion
1070
     0
  0
VISUALSTYLE
  5
37
102
{ACAD_REACTORS
330
2A
102
}
102
{ACAD_XDICTIONARY
360
F66
102
}
330
2A
100
AcDbVisualStyle
  2
Thicken
 70
    13
 71
     2
 72
     2
 73
     0
 90
        0
 40
0.6
 41
30.0
 62
     5
 63
     7
421
 16777215
 74
     1
 91
        4
 64
     7
 65
   257
 75
     1
175
     1
 42
1.0
 92
       12
 66
     7
 43
1.0
 76
     1
 77
     6
 78
     2
 67
     7
 79
     5
170
     0
171
     0
290
     0
174
     0
 93
        1
 44
0.0
173
     0
291
     1
 45
0.0
1001
ACAD
1000
AcDbSavedByObjectVersion
1070
     0
  0
VISUALSTYLE
  5
30
102
{ACAD_REACTORS
330
2A
102
}
102
{ACAD_XDICTIONARY
360
F58
102
}
330
2A
100
AcDbVisualStyle
  2
Wireframe
 70
     5
 71
     0
 72
     2
 73
     0
 90
        0
 40
0.6
 41
30.0
 62
     5
 63
     7
421
 16777215
 74
     1
 91
        4
 64
     7
 65
   257
 75
     1
175
     1
 42
1.0
 92
        0
 66
   257
 43
1.0
 76
     1
 77
     6
 78
     2
 67
     7
 79
     3
170
     0
171
     0
290
     0
174
     0
 93
        1
 44
0.0
173
     0
291
     0
 45
0.0
1001
ACAD
1000
AcDbSavedByObjectVersion
1070
     0
  0
VISUALSTYLE
  5
40
102
{ACAD_REACTORS
330
2A
102
}
102
{ACAD_XDICTIONARY
360
F78
102
}
330
2A
100
AcDbVisualStyle
  2
X-Ray
 70
    25
 71
     2
 72
     2
 73
     1
 90
        1
 40
0.5
 41
30.0
 62
     5
 63
     7
421
 16777215
 74
     1
 91
        0
 64
     7
 65
   257
 75
     1
175
     1
 42
1.0
 92
        8
 66
     7
 43
1.0
 76
     1
 77
     6
 78
     2
 67
     7
 79
     3
170
     0
171
     0
290
     0
174
     0
 93
       13
 44
0.0
173
     0
291
     0
 45
0.0
1001
ACAD
1000
AcDbSavedByObjectVersion
1070
     0
  0
DICTIONARYVAR
  5
F4B
102
{ACAD_REACTORS
330
F4A
102
}
330
F4A
100
DictionaryVariables
280
     0
  1
1:1
  0
DICTIONARYVAR
  5
F8C
102
{ACAD_REACTORS
330
F4A
102
}
330
F4A
100
DictionaryVariables
280
     0
  1
Standard
  0
DICTIONARYVAR
  5
F8B
102
{ACAD_REACTORS
330
F4A
102
}
330
F4A
100
DictionaryVariables
280
     0
  1
Standard
  0
DICTIONARYVAR
  5
F4C
102
{ACAD_REACTORS
330
F4A
102
}
330
F4A
100
DictionaryVariables
280
     0
  1
1
  0
DICTIONARYVAR
  5
F4D
102
{ACAD_REACTORS
330
F4A
102
}
330
F4A
100
DictionaryVariables
280
     0
  1
2
  0
DICTIONARY
  5
F80
330
45
100
AcDbDictionary
280
     1
281
     1
  3
ACAD_XREC_ROUNDTRIP
360
F81
  0
DICTIONARY
  5
F7E
330
44
100
AcDbDictionary
280
     1
281
     1
  3
ACAD_XREC_ROUNDTRIP
360
F7F
  0
DICTIONARY
  5
F82
330
46
100
AcDbDictionary
280
     1
281
     1
  3
ACAD_XREC_ROUNDTRIP
360
F83
  0
DICTIONARY
  5
F88
330
6C
100
AcDbDictionary
280
     1
281
     1
  3
ACAD_XREC_ROUNDTRIP
360
F89
  0
DICTIONARY
  5
F84
330
6A
100
AcDbDictionary
280
     1
281
     1
  3
ACAD_ROUNDTRIP_2008_TABLESTYLE_CELLSTYLEMAP
360
F86
  3
ACAD_XREC_ROUNDTRIP
360
F85
  0
DICTIONARY
  5
F56
330
2F
100
AcDbDictionary
280
     1
281
     1
  3
ACAD_XREC_ROUNDTRIP
360
F57
  0
DICTIONARY
  5
F5C
330
32
100
AcDbDictionary
280
     1
281
     1
  3
ACAD_XREC_ROUNDTRIP
360
F5D
  0
DICTIONARY
  5
F64
330
36
100
AcDbDictionary
280
     1
281
     1
  3
ACAD_XREC_ROUNDTRIP
360
F65
  0
DICTIONARY
  5
F6C
330
3A
100
AcDbDictionary
280
     1
281
     1
  3
ACAD_XREC_ROUNDTRIP
360
F6D
  0
DICTIONARY
  5
F60
330
34
100
AcDbDictionary
280
     1
281
     1
  3
ACAD_XREC_ROUNDTRIP
360
F61
  0
DICTIONARY
  5
F62
330
35
100
AcDbDictionary
280
     1
281
     1
  3
ACAD_XREC_ROUNDTRIP
360
F63
  0
DICTIONARY
  5
F72
330
3D
100
AcDbDictionary
280
     1
281
     1
  3
ACAD_XREC_ROUNDTRIP
360
F73
  0
DICTIONARY
  5
F6A
330
39
100
AcDbDictionary
280
     1
281
     1
  3
ACAD_XREC_ROUNDTRIP
360
F6B
  0
DICTIONARY
  5
F4E
330
2B
100
AcDbDictionary
280
     1
281
     1
  3
ACAD_XREC_ROUNDTRIP
360
F4F
  0
DICTIONARY
  5
F50
330
2C
100
AcDbDictionary
280
     1
281
     1
  3
ACAD_XREC_ROUNDTRIP
360
F51
  0
DICTIONARY
  5
F52
330
2D
100
AcDbDictionary
280
     1
281
     1
  3
ACAD_XREC_ROUNDTRIP
360
F53
  0
DICTIONARY
  5
F54
330
2E
100
AcDbDictionary
280
     1
281
     1
  3
ACAD_XREC_ROUNDTRIP
360
F55
  0
DICTIONARY
  5
F5A
330
31
100
AcDbDictionary
280
     1
281
     1
  3
ACAD_XREC_ROUNDTRIP
360
F5B
  0
DICTIONARY
  5
F6E
330
3B
100
AcDbDictionary
280
     1
281
     1
  3
ACAD_XREC_ROUNDTRIP
360
F6F
  0
DICTIONARY
  5
F68
330
38
100
AcDbDictionary
280
     1
281
     1
  3
ACAD_XREC_ROUNDTRIP
360
F69
  0
DICTIONARY
  5
F70
330
3C
100
AcDbDictionary
280
     1
281
     1
  3
ACAD_XREC_ROUNDTRIP
360
F71
  0
DICTIONARY
  5
F5E
330
33
100
AcDbDictionary
280
     1
281
     1
  3
ACAD_XREC_ROUNDTRIP
360
F5F
  0
DICTIONARY
  5
F7C
330
42
100
AcDbDictionary
280
     1
281
     1
  3
ACAD_XREC_ROUNDTRIP
360
F7D
  0
DICTIONARY
  5
F7A
330
41
100
AcDbDictionary
280
     1
281
     1
  3
ACAD_XREC_ROUNDTRIP
360
F7B
  0
DICTIONARY
  5
F74
330
3E
100
AcDbDictionary
280
     1
281
     1
  3
ACAD_XREC_ROUNDTRIP
360
F75
  0
DICTIONARY
  5
F76
330
3F
100
AcDbDictionary
280
     1
281
     1
  3
ACAD_XREC_ROUNDTRIP
360
F77
  0
DICTIONARY
  5
F66
330
37
100
AcDbDictionary
280
     1
281
     1
  3
ACAD_XREC_ROUNDTRIP
360
F67
  0
DICTIONARY
  5
F58
330
30
100
AcDbDictionary
280
     1
281
     1
  3
ACAD_XREC_ROUNDTRIP
360
F59
  0
DICTIONARY
  5
F78
330
40
100
AcDbDictionary
280
     1
281
     1
  3
ACAD_XREC_ROUNDTRIP
360
F79
  0
XRECORD
  5
F81
102
{ACAD_REACTORS
330
F80
102
}
330
F80
100
AcDbXrecord
280
     1
102
MATERIAL
148
0.0
149
0.0
149
0.0
 93
        0
 94
      127
282
     0
 72
     1
 77
     1
171
     1
175
     1
179
     1
273
     0
  0
XRECORD
  5
F7F
102
{ACAD_REACTORS
330
F7E
102
}
330
F7E
100
AcDbXrecord
280
     1
102
MATERIAL
148
0.0
149
0.0
149
0.0
 93
        0
 94
      127
282
     0
 72
     1
 77
     1
171
     1
175
     1
179
     1
273
     0
  0
XRECORD
  5
F83
102
{ACAD_REACTORS
330
F82
102
}
330
F82
100
AcDbXrecord
280
     1
102
MATERIAL
148
0.0
149
0.0
149
0.0
 93
        0
 94
      127
282
     0
 72
     1
 77
     1
171
     1
175
     1
179
     1
273
     0
  0
XRECORD
  5
F89
102
{ACAD_REACTORS
330
F88
102
}
330
F88
100
AcDbXrecord
280
     1
102
ACAD_ROUNDTRIP_2010_MLEADER_STYLE
  0
CELLSTYLEMAP
  5
F86
102
{ACAD_REACTORS
330
F84
102
}
330
F84
100
AcDbCellStyleMap
 90
        3
300
CELLSTYLE
  1
TABLEFORMAT_BEGIN
 90
        5
170
     1
 91
        0
 92
    32768
 62
   257
 93
        1
300
CONTENTFORMAT
  1
CONTENTFORMAT_BEGIN
 90
        0
 91
        0
 92
        4
 93
        0
300

 40
0.0
140
1.0
 94
        5
 62
     0
340
11
144
6.0
309
CONTENTFORMAT_END
171
     1
301
MARGIN
  1
CELLMARGIN_BEGIN
 40
1.5
 40
1.5
 40
1.5
 40
1.5
 40
1.5
 40
1.5
309
CELLMARGIN_END
 94
        6
 95
        1
302
GRIDFORMAT
  1
GRIDFORMAT_BEGIN
 90
        0
 91
        1
 62
     0
 92
       -2
340
14
 93
        0
 40
0.045
309
GRIDFORMAT_END
 95
        2
302
GRIDFORMAT
  1
GRIDFORMAT_BEGIN
 90
        0
 91
        1
 62
     0
 92
       -2
340
14
 93
        0
 40
0.045
309
GRIDFORMAT_END
 95
        4
302
GRIDFORMAT
  1
GRIDFORMAT_BEGIN
 90
        0
 91
        1
 62
     0
 92
       -2
340
14
 93
        0
 40
0.045
309
GRIDFORMAT_END
 95
        8
302
GRIDFORMAT
  1
GRIDFORMAT_BEGIN
 90
        0
 91
        1
 62
     0
 92
       -2
340
14
 93
        0
 40
0.045
309
GRIDFORMAT_END
 95
       16
302
GRIDFORMAT
  1
GRIDFORMAT_BEGIN
 90
        0
 91
        1
 62
     0
 92
       -2
340
14
 93
        0
 40
0.045
309
GRIDFORMAT_END
 95
       32
302
GRIDFORMAT
  1
GRIDFORMAT_BEGIN
 90
        0
 91
        1
 62
     0
 92
       -2
340
14
 93
        0
 40
0.045
309
GRIDFORMAT_END
309
TABLEFORMAT_END
  1
CELLSTYLE_BEGIN
 90
        1
 91
        1
300
_TITLE
309
CELLSTYLE_END
300
CELLSTYLE
  1
TABLEFORMAT_BEGIN
 90
        5
170
     1
 91
        0
 92
        0
 62
   257
 93
        1
300
CONTENTFORMAT
  1
CONTENTFORMAT_BEGIN
 90
        0
 91
        0
 92
        4
 93
        0
300

 40
0.0
140
1.0
 94
        5
 62
     0
340
11
144
4.5
309
CONTENTFORMAT_END
171
     1
301
MARGIN
  1
CELLMARGIN_BEGIN
 40
1.5
 40
1.5
 40
1.5
 40
1.5
 40
1.5
 40
1.5
309
CELLMARGIN_END
 94
        6
 95
        1
302
GRIDFORMAT
  1
GRIDFORMAT_BEGIN
 90
        0
 91
        1
 62
     0
 92
       -2
340
14
 93
        0
 40
0.045
309
GRIDFORMAT_END
 95
        2
302
GRIDFORMAT
  1
GRIDFORMAT_BEGIN
 90
        0
 91
        1
 62
     0
 92
       -2
340
14
 93
        0
 40
0.045
309
GRIDFORMAT_END
 95
        4
302
GRIDFORMAT
  1
GRIDFORMAT_BEGIN
 90
        0
 91
        1
 62
     0
 92
       -2
340
14
 93
        0
 40
0.045
309
GRIDFORMAT_END
 95
        8
302
GRIDFORMAT
  1
GRIDFORMAT_BEGIN
 90
        0
 91
        1
 62
     0
 92
       -2
340
14
 93
        0
 40
0.045
309
GRIDFORMAT_END
 95
       16
302
GRIDFORMAT
  1
GRIDFORMAT_BEGIN
 90
        0
 91
        1
 62
     0
 92
       -2
340
14
 93
        0
 40
0.045
309
GRIDFORMAT_END
 95
       32
302
GRIDFORMAT
  1
GRIDFORMAT_BEGIN
 90
        0
 91
        1
 62
     0
 92
       -2
340
14
 93
        0
 40
0.045
309
GRIDFORMAT_END
309
TABLEFORMAT_END
  1
CELLSTYLE_BEGIN
 90
        2
 91
        1
300
_HEADER
309
CELLSTYLE_END
300
CELLSTYLE
  1
TABLEFORMAT_BEGIN
 90
        5
170
     1
 91
        0
 92
        0
 62
   257
 93
        1
300
CONTENTFORMAT
  1
CONTENTFORMAT_BEGIN
 90
        0
 91
        0
 92
        4
 93
        0
300

 40
0.0
140
1.0
 94
        2
 62
     0
340
11
144
4.5
309
CONTENTFORMAT_END
171
     1
301
MARGIN
  1
CELLMARGIN_BEGIN
 40
1.5
 40
1.5
 40
1.5
 40
1.5
 40
1.5
 40
1.5
309
CELLMARGIN_END
 94
        6
 95
        1
302
GRIDFORMAT
  1
GRIDFORMAT_BEGIN
 90
        0
 91
        1
 62
     0
 92
       -2
340
14
 93
        0
 40
0.045
309
GRIDFORMAT_END
 95
        2
302
GRIDFORMAT
  1
GRIDFORMAT_BEGIN
 90
        0
 91
        1
 62
     0
 92
       -2
340
14
 93
        0
 40
0.045
309
GRIDFORMAT_END
 95
        4
302
GRIDFORMAT
  1
GRIDFORMAT_BEGIN
 90
        0
 91
        1
 62
     0
 92
       -2
340
14
 93
        0
 40
0.045
309
GRIDFORMAT_END
 95
        8
302
GRIDFORMAT
  1
GRIDFORMAT_BEGIN
 90
        0
 91
        1
 62
     0
 92
       -2
340
14
 93
        0
 40
0.045
309
GRIDFORMAT_END
 95
       16
302
GRIDFORMAT
  1
GRIDFORMAT_BEGIN
 90
        0
 91
        1
 62
     0
 92
       -2
340
14
 93
        0
 40
0.045
309
GRIDFORMAT_END
 95
       32
302
GRIDFORMAT
  1
GRIDFORMAT_BEGIN
 90
        0
 91
        1
 62
     0
 92
       -2
340
14
 93
        0
 40
0.045
309
GRIDFORMAT_END
309
TABLEFORMAT_END
  1
CELLSTYLE_BEGIN
 90
        3
 91
        2
300
_DATA
309
CELLSTYLE_END
  0
XRECORD
  5
F85
102
{ACAD_REACTORS
330
F84
102
}
330
F84
100
AcDbXrecord
280
     1
102
ACAD_ROUNDTRIP_PRE2007_TABLESTYLE
 90
        4
 91
        0
  1

 92
        4
 93
        0
  2

 94
        4
 95
        0
  3

  0
XRECORD
  5
F57
102
{ACAD_REACTORS
330
F56
102
}
330
F56
100
AcDbXrecord
280
     1
102
RTVSPropertyOp0
 70
     1
102
RTVSPropertyOp1
 70
     1
102
RTVSPropertyOp2
 70
     1
102
RTVSPropertyOp3
 70
     1
102
RTVSPropertyOp4
 70
     1
102
RTVSPropertyOp5
 70
     1
102
RTVSPropertyOp6
 70
     1
102
RTVSPropertyOp7
 70
     1
102
RTVSPropertyOp8
 70
     1
102
RTVSPropertyOp9
 70
     1
102
RTVSPropertyOp10
 70
     1
102
RTVSPropertyOp11
 70
     1
102
RTVSPropertyOp12
 70
     1
102
RTVSPropertyOp13
 70
     1
102
RTVSPropertyOp14
 70
     1
102
RTVSPropertyOp15
 70
     1
102
RTVSPropertyOp16
 70
     1
102
RTVSPropertyOp17
 70
     1
102
RTVSPropertyOp18
 70
     1
102
RTVSPropertyOp19
 70
     1
102
RTVSPropertyOp20
 70
     1
102
RTVSPropertyOp21
 70
     1
102
RTVSPropertyOp22
 70
     1
102
RTVSPropertyOp23
 70
     1
102
RTVSPropertyOp24
 70
     1
102
RTVSPropertyOp25
 70
     1
102
RTVSPropertyOp26
 70
     1
102
RTVSPropertyOp27
 70
     1
102
RTVSPropertyOp28
 70
     1
102
RTVSPropertyOp29
 70
     1
102
RTVSPropertyOp30
 70
     1
102
RTVSPropertyOp31
 70
     1
102
RTVSPropertyOp32
 70
     1
102
RTVSPropertyOp33
 70
     1
102
RTVSPropertyOp34
 70
     1
102
RTVSPropertyOp35
 70
     1
102
RTVSPropertyOp36
 70
     1
102
RTVSPropertyOp37
 70
     1
102
RTVSPropertyOp38
 70
     1
102
RTVSPropertyOp39
 70
     1
102
RTVSPropertyOp40
 70
     1
102
RTVSPropertyOp41
 70
     1
102
RTVSPropertyOp42
 70
     1
102
RTVSPropertyOp43
 70
     1
102
RTVSPropertyOp44
 70
     1
102
RTVSPropertyOp45
 70
     1
102
RTVSPropertyOp46
 70
     1
102
RTVSPropertyOp47
 70
     1
102
RTVSPropertyOp48
 70
     1
102
RTVSPropertyOp49
 70
     1
102
RTVSPropertyOp50
 70
     1
102
RTVSPropertyOp51
 70
     0
102
RTVSPropertyOp52
 70
     0
102
RTVSPropertyOp53
 70
     1
102
RTVSPropertyOp54
 70
     1
102
RTVSPropertyOp55
 70
     1
102
RTVSPropertyOp56
 70
     1
102
RTVSPropertyOp57
 70
     1
102
RTVSPost2010Prop28
280
     1
102
RTVSPost2010PropOp28
 70
     1
102
RTVSPost2010Prop29
280
     1
102
RTVSPost2010PropOp29
 70
     1
102
RTVSPost2010Prop30
280
     0
102
RTVSPost2010PropOp30
 70
     1
102
RTVSPost2010Prop31
280
     0
102
RTVSPost2010PropOp31
 70
     1
102
RTVSPost2010Prop32
280
     0
102
RTVSPost2010PropOp32
 70
     1
102
RTVSPost2010Prop33
280
     0
102
RTVSPost2010PropOp33
 70
     1
102
RTVSPost2010Prop34
280
     0
102
RTVSPost2010PropOp34
 70
     1
102
RTVSPost2010Prop35
280
     0
102
RTVSPost2010PropOp35
 70
     1
102
RTVSPost2010Prop36
280
     0
102
RTVSPost2010PropOp36
 70
     1
102
RTVSPost2010Prop37
 90
       50
102
RTVSPost2010PropOp37
 70
     1
102
RTVSPost2010Prop38
140
0.0
102
RTVSPost2010PropOp38
 70
     1
102
RTVSPost2010Prop39
140
1.0
102
RTVSPost2010PropOp39
 70
     1
102
RTVSPost2010Prop40
 90
        0
102
RTVSPost2010PropOp40
 70
     1
102
RTVSPost2010Prop41ColorIndex
 90
       18
102
RTVSPost2010Prop41ColorRGB
 90
        0
102
RTVSPost2010PropOp41
 70
     1
102
RTVSPost2010Prop42
 90
       50
102
RTVSPost2010PropOp42
 70
     1
102
RTVSPost2010Prop43
 90
        3
102
RTVSPost2010PropOp43
 70
     1
102
RTVSPost2010Prop44ColorIndex
 90
        5
102
RTVSPost2010Prop44ColorRGB
 90
      255
102
RTVSPost2010PropOp44
 70
     1
102
RTVSPost2010Prop45
280
     0
102
RTVSPost2010PropOp45
 70
     1
102
RTVSPost2010Prop46
 90
       50
102
RTVSPost2010PropOp46
 70
     1
102
RTVSPost2010Prop47
 90
       50
102
RTVSPost2010PropOp47
 70
     1
102
RTVSPost2010Prop48
 90
       50
102
RTVSPost2010PropOp48
 70
     1
102
RTVSPost2010Prop49
280
     0
102
RTVSPost2010PropOp49
 70
     1
102
RTVSPost2010Prop50
 90
       50
102
RTVSPost2010PropOp50
 70
     1
102
RTVSPost2010Prop51ColorIndex
 90
      256
102
RTVSPost2010Prop51ColorRGB
 90
-16777216
102
RTVSPost2010PropOp51
 70
     0
102
RTVSPost2010Prop52
140
1.0
102
RTVSPost2010PropOp52
 70
     0
102
RTVSPost2010Prop53
 90
        2
102
RTVSPost2010PropOp53
 70
     1
102
RTVSPost2010Prop54
  1
strokes_ogs.tif
102
RTVSPost2010PropOp54
 70
     1
102
RTVSPost2010Prop55
280
     0
102
RTVSPost2010PropOp55
 70
     1
102
RTVSPost2010Prop56
140
1.0
102
RTVSPost2010PropOp56
 70
     1
102
RTVSPost2010Prop57
140
1.0
102
RTVSPost2010PropOp57
 70
     1
  0
XRECORD
  5
F5D
102
{ACAD_REACTORS
330
F5C
102
}
330
F5C
100
AcDbXrecord
280
     1
102
RTVSPropertyOp0
 70
     1
102
RTVSPropertyOp1
 70
     1
102
RTVSPropertyOp2
 70
     1
102
RTVSPropertyOp3
 70
     1
102
RTVSPropertyOp4
 70
     1
102
RTVSPropertyOp5
 70
     1
102
RTVSPropertyOp6
 70
     1
102
RTVSPropertyOp7
 70
     1
102
RTVSPropertyOp8
 70
     1
102
RTVSPropertyOp9
 70
     1
102
RTVSPropertyOp10
 70
     1
102
RTVSPropertyOp11
 70
     1
102
RTVSPropertyOp12
 70
     1
102
RTVSPropertyOp13
 70
     1
102
RTVSPropertyOp14
 70
     1
102
RTVSPropertyOp15
 70
     1
102
RTVSPropertyOp16
 70
     1
102
RTVSPropertyOp17
 70
     1
102
RTVSPropertyOp18
 70
     1
102
RTVSPropertyOp19
 70
     1
102
RTVSPropertyOp20
 70
     1
102
RTVSPropertyOp21
 70
     1
102
RTVSPropertyOp22
 70
     1
102
RTVSPropertyOp23
 70
     1
102
RTVSPropertyOp24
 70
     1
102
RTVSPropertyOp25
 70
     1
102
RTVSPropertyOp26
 70
     1
102
RTVSPropertyOp27
 70
     1
102
RTVSPropertyOp28
 70
     1
102
RTVSPropertyOp29
 70
     1
102
RTVSPropertyOp30
 70
     1
102
RTVSPropertyOp31
 70
     1
102
RTVSPropertyOp32
 70
     1
102
RTVSPropertyOp33
 70
     1
102
RTVSPropertyOp34
 70
     1
102
RTVSPropertyOp35
 70
     1
102
RTVSPropertyOp36
 70
     1
102
RTVSPropertyOp37
 70
     1
102
RTVSPropertyOp38
 70
     1
102
RTVSPropertyOp39
 70
     1
102
RTVSPropertyOp40
 70
     1
102
RTVSPropertyOp41
 70
     1
102
RTVSPropertyOp42
 70
     1
102
RTVSPropertyOp43
 70
     1
102
RTVSPropertyOp44
 70
     1
102
RTVSPropertyOp45
 70
     1
102
RTVSPropertyOp46
 70
     1
102
RTVSPropertyOp47
 70
     1
102
RTVSPropertyOp48
 70
     1
102
RTVSPropertyOp49
 70
     1
102
RTVSPropertyOp50
 70
     1
102
RTVSPropertyOp51
 70
     0
102
RTVSPropertyOp52
 70
     0
102
RTVSPropertyOp53
 70
     1
102
RTVSPropertyOp54
 70
     1
102
RTVSPropertyOp55
 70
     1
102
RTVSPropertyOp56
 70
     1
102
RTVSPropertyOp57
 70
     1
102
RTVSPost2010Prop28
280
     0
102
RTVSPost2010PropOp28
 70
     1
102
RTVSPost2010Prop29
280
     1
102
RTVSPost2010PropOp29
 70
     1
102
RTVSPost2010Prop30
280
     1
102
RTVSPost2010PropOp30
 70
     1
102
RTVSPost2010Prop31
280
     0
102
RTVSPost2010PropOp31
 70
     1
102
RTVSPost2010Prop32
280
     0
102
RTVSPost2010PropOp32
 70
     1
102
RTVSPost2010Prop33
280
     0
102
RTVSPost2010PropOp33
 70
     1
102
RTVSPost2010Prop34
280
     0
102
RTVSPost2010PropOp34
 70
     1
102
RTVSPost2010Prop35
280
     0
102
RTVSPost2010PropOp35
 70
     1
102
RTVSPost2010Prop36
280
     0
102
RTVSPost2010PropOp36
 70
     1
102
RTVSPost2010Prop37
 90
       50
102
RTVSPost2010PropOp37
 70
     1
102
RTVSPost2010Prop38
140
0.0
102
RTVSPost2010PropOp38
 70
     1
102
RTVSPost2010Prop39
140
1.0
102
RTVSPost2010PropOp39
 70
     1
102
RTVSPost2010Prop40
 90
        0
102
RTVSPost2010PropOp40
 70
     1
102
RTVSPost2010Prop41ColorIndex
 90
       18
102
RTVSPost2010Prop41ColorRGB
 90
        0
102
RTVSPost2010PropOp41
 70
     1
102
RTVSPost2010Prop42
 90
       50
102
RTVSPost2010PropOp42
 70
     1
102
RTVSPost2010Prop43
 90
        3
102
RTVSPost2010PropOp43
 70
     1
102
RTVSPost2010Prop44ColorIndex
 90
        5
102
RTVSPost2010Prop44ColorRGB
 90
      255
102
RTVSPost2010PropOp44
 70
     1
102
RTVSPost2010Prop45
280
     0
102
RTVSPost2010PropOp45
 70
     1
102
RTVSPost2010Prop46
 90
       50
102
RTVSPost2010PropOp46
 70
     1
102
RTVSPost2010Prop47
 90
       50
102
RTVSPost2010PropOp47
 70
     1
102
RTVSPost2010Prop48
 90
       50
102
RTVSPost2010PropOp48
 70
     1
102
RTVSPost2010Prop49
280
     0
102
RTVSPost2010PropOp49
 70
     1
102
RTVSPost2010Prop50
 90
       50
102
RTVSPost2010PropOp50
 70
     1
102
RTVSPost2010Prop51ColorIndex
 90
      256
102
RTVSPost2010Prop51ColorRGB
 90
-16777216
102
RTVSPost2010PropOp51
 70
     0
102
RTVSPost2010Prop52
140
1.0
102
RTVSPost2010PropOp52
 70
     0
102
RTVSPost2010Prop53
 90
        2
102
RTVSPost2010PropOp53
 70
     1
102
RTVSPost2010Prop54
  1
strokes_ogs.tif
102
RTVSPost2010PropOp54
 70
     1
102
RTVSPost2010Prop55
280
     0
102
RTVSPost2010PropOp55
 70
     1
102
RTVSPost2010Prop56
140
1.0
102
RTVSPost2010PropOp56
 70
     1
102
RTVSPost2010Prop57
140
1.0
102
RTVSPost2010PropOp57
 70
     1
  0
XRECORD
  5
F65
102
{ACAD_REACTORS
330
F64
102
}
330
F64
100
AcDbXrecord
280
     1
102
RTVSPropertyOp0
 70
     1
102
RTVSPropertyOp1
 70
     1
102
RTVSPropertyOp2
 70
     1
102
RTVSPropertyOp3
 70
     1
102
RTVSPropertyOp4
 70
     1
102
RTVSPropertyOp5
 70
     1
102
RTVSPropertyOp6
 70
     1
102
RTVSPropertyOp7
 70
     1
102
RTVSPropertyOp8
 70
     1
102
RTVSPropertyOp9
 70
     1
102
RTVSPropertyOp10
 70
     1
102
RTVSPropertyOp11
 70
     1
102
RTVSPropertyOp12
 70
     1
102
RTVSPropertyOp13
 70
     1
102
RTVSPropertyOp14
 70
     1
102
RTVSPropertyOp15
 70
     1
102
RTVSPropertyOp16
 70
     1
102
RTVSPropertyOp17
 70
     1
102
RTVSPropertyOp18
 70
     1
102
RTVSPropertyOp19
 70
     1
102
RTVSPropertyOp20
 70
     1
102
RTVSPropertyOp21
 70
     1
102
RTVSPropertyOp22
 70
     1
102
RTVSPropertyOp23
 70
     1
102
RTVSPropertyOp24
 70
     1
102
RTVSPropertyOp25
 70
     1
102
RTVSPropertyOp26
 70
     1
102
RTVSPropertyOp27
 70
     1
102
RTVSPropertyOp28
 70
     1
102
RTVSPropertyOp29
 70
     1
102
RTVSPropertyOp30
 70
     1
102
RTVSPropertyOp31
 70
     1
102
RTVSPropertyOp32
 70
     1
102
RTVSPropertyOp33
 70
     1
102
RTVSPropertyOp34
 70
     1
102
RTVSPropertyOp35
 70
     1
102
RTVSPropertyOp36
 70
     1
102
RTVSPropertyOp37
 70
     1
102
RTVSPropertyOp38
 70
     1
102
RTVSPropertyOp39
 70
     1
102
RTVSPropertyOp40
 70
     1
102
RTVSPropertyOp41
 70
     1
102
RTVSPropertyOp42
 70
     1
102
RTVSPropertyOp43
 70
     1
102
RTVSPropertyOp44
 70
     1
102
RTVSPropertyOp45
 70
     1
102
RTVSPropertyOp46
 70
     1
102
RTVSPropertyOp47
 70
     1
102
RTVSPropertyOp48
 70
     1
102
RTVSPropertyOp49
 70
     1
102
RTVSPropertyOp50
 70
     1
102
RTVSPropertyOp51
 70
     0
102
RTVSPropertyOp52
 70
     0
102
RTVSPropertyOp53
 70
     1
102
RTVSPropertyOp54
 70
     1
102
RTVSPropertyOp55
 70
     1
102
RTVSPropertyOp56
 70
     1
102
RTVSPropertyOp57
 70
     1
102
RTVSPost2010Prop28
280
     0
102
RTVSPost2010PropOp28
 70
     1
102
RTVSPost2010Prop29
280
     1
102
RTVSPost2010PropOp29
 70
     1
102
RTVSPost2010Prop30
280
     1
102
RTVSPost2010PropOp30
 70
     1
102
RTVSPost2010Prop31
280
     0
102
RTVSPost2010PropOp31
 70
     1
102
RTVSPost2010Prop32
280
     0
102
RTVSPost2010PropOp32
 70
     1
102
RTVSPost2010Prop33
280
     0
102
RTVSPost2010PropOp33
 70
     1
102
RTVSPost2010Prop34
280
     0
102
RTVSPost2010PropOp34
 70
     1
102
RTVSPost2010Prop35
280
     0
102
RTVSPost2010PropOp35
 70
     1
102
RTVSPost2010Prop36
280
     0
102
RTVSPost2010PropOp36
 70
     1
102
RTVSPost2010Prop37
 90
       50
102
RTVSPost2010PropOp37
 70
     1
102
RTVSPost2010Prop38
140
0.0
102
RTVSPost2010PropOp38
 70
     1
102
RTVSPost2010Prop39
140
1.0
102
RTVSPost2010PropOp39
 70
     1
102
RTVSPost2010Prop40
 90
        0
102
RTVSPost2010PropOp40
 70
     1
102
RTVSPost2010Prop41ColorIndex
 90
       18
102
RTVSPost2010Prop41ColorRGB
 90
        0
102
RTVSPost2010PropOp41
 70
     1
102
RTVSPost2010Prop42
 90
       50
102
RTVSPost2010PropOp42
 70
     1
102
RTVSPost2010Prop43
 90
        3
102
RTVSPost2010PropOp43
 70
     1
102
RTVSPost2010Prop44ColorIndex
 90
        5
102
RTVSPost2010Prop44ColorRGB
 90
      255
102
RTVSPost2010PropOp44
 70
     1
102
RTVSPost2010Prop45
280
     0
102
RTVSPost2010PropOp45
 70
     1
102
RTVSPost2010Prop46
 90
       50
102
RTVSPost2010PropOp46
 70
     1
102
RTVSPost2010Prop47
 90
       50
102
RTVSPost2010PropOp47
 70
     1
102
RTVSPost2010Prop48
 90
       50
102
RTVSPost2010PropOp48
 70
     1
102
RTVSPost2010Prop49
280
     0
102
RTVSPost2010PropOp49
 70
     1
102
RTVSPost2010Prop50
 90
       50
102
RTVSPost2010PropOp50
 70
     1
102
RTVSPost2010Prop51ColorIndex
 90
      256
102
RTVSPost2010Prop51ColorRGB
 90
-16777216
102
RTVSPost2010PropOp51
 70
     0
102
RTVSPost2010Prop52
140
1.0
102
RTVSPost2010PropOp52
 70
     0
102
RTVSPost2010Prop53
 90
        2
102
RTVSPost2010PropOp53
 70
     1
102
RTVSPost2010Prop54
  1
strokes_ogs.tif
102
RTVSPost2010PropOp54
 70
     1
102
RTVSPost2010Prop55
280
     0
102
RTVSPost2010PropOp55
 70
     1
102
RTVSPost2010Prop56
140
1.0
102
RTVSPost2010PropOp56
 70
     1
102
RTVSPost2010Prop57
140
1.0
102
RTVSPost2010PropOp57
 70
     1
  0
XRECORD
  5
F6D
102
{ACAD_REACTORS
330
F6C
102
}
330
F6C
100
AcDbXrecord
280
     1
102
RTVSPropertyOp0
 70
     1
102
RTVSPropertyOp1
 70
     1
102
RTVSPropertyOp2
 70
     1
102
RTVSPropertyOp3
 70
     1
102
RTVSPropertyOp4
 70
     1
102
RTVSPropertyOp5
 70
     1
102
RTVSPropertyOp6
 70
     1
102
RTVSPropertyOp7
 70
     1
102
RTVSPropertyOp8
 70
     1
102
RTVSPropertyOp9
 70
     1
102
RTVSPropertyOp10
 70
     1
102
RTVSPropertyOp11
 70
     1
102
RTVSPropertyOp12
 70
     1
102
RTVSPropertyOp13
 70
     1
102
RTVSPropertyOp14
 70
     1
102
RTVSPropertyOp15
 70
     1
102
RTVSPropertyOp16
 70
     1
102
RTVSPropertyOp17
 70
     1
102
RTVSPropertyOp18
 70
     1
102
RTVSPropertyOp19
 70
     1
102
RTVSPropertyOp20
 70
     1
102
RTVSPropertyOp21
 70
     1
102
RTVSPropertyOp22
 70
     1
102
RTVSPropertyOp23
 70
     1
102
RTVSPropertyOp24
 70
     1
102
RTVSPropertyOp25
 70
     1
102
RTVSPropertyOp26
 70
     1
102
RTVSPropertyOp27
 70
     1
102
RTVSPropertyOp28
 70
     1
102
RTVSPropertyOp29
 70
     1
102
RTVSPropertyOp30
 70
     1
102
RTVSPropertyOp31
 70
     1
102
RTVSPropertyOp32
 70
     1
102
RTVSPropertyOp33
 70
     1
102
RTVSPropertyOp34
 70
     1
102
RTVSPropertyOp35
 70
     1
102
RTVSPropertyOp36
 70
     1
102
RTVSPropertyOp37
 70
     1
102
RTVSPropertyOp38
 70
     1
102
RTVSPropertyOp39
 70
     1
102
RTVSPropertyOp40
 70
     1
102
RTVSPropertyOp41
 70
     1
102
RTVSPropertyOp42
 70
     1
102
RTVSPropertyOp43
 70
     1
102
RTVSPropertyOp44
 70
     1
102
RTVSPropertyOp45
 70
     1
102
RTVSPropertyOp46
 70
     1
102
RTVSPropertyOp47
 70
     1
102
RTVSPropertyOp48
 70
     1
102
RTVSPropertyOp49
 70
     1
102
RTVSPropertyOp50
 70
     1
102
RTVSPropertyOp51
 70
     0
102
RTVSPropertyOp52
 70
     0
102
RTVSPropertyOp53
 70
     1
102
RTVSPropertyOp54
 70
     1
102
RTVSPropertyOp55
 70
     1
102
RTVSPropertyOp56
 70
     1
102
RTVSPropertyOp57
 70
     1
102
RTVSPost2010Prop28
280
     0
102
RTVSPost2010PropOp28
 70
     1
102
RTVSPost2010Prop29
280
     1
102
RTVSPost2010PropOp29
 70
     1
102
RTVSPost2010Prop30
280
     1
102
RTVSPost2010PropOp30
 70
     1
102
RTVSPost2010Prop31
280
     0
102
RTVSPost2010PropOp31
 70
     1
102
RTVSPost2010Prop32
280
     0
102
RTVSPost2010PropOp32
 70
     1
102
RTVSPost2010Prop33
280
     0
102
RTVSPost2010PropOp33
 70
     1
102
RTVSPost2010Prop34
280
     0
102
RTVSPost2010PropOp34
 70
     1
102
RTVSPost2010Prop35
280
     0
102
RTVSPost2010PropOp35
 70
     1
102
RTVSPost2010Prop36
280
     0
102
RTVSPost2010PropOp36
 70
     1
102
RTVSPost2010Prop37
 90
       50
102
RTVSPost2010PropOp37
 70
     1
102
RTVSPost2010Prop38
140
0.0
102
RTVSPost2010PropOp38
 70
     1
102
RTVSPost2010Prop39
140
1.0
102
RTVSPost2010PropOp39
 70
     1
102
RTVSPost2010Prop40
 90
        0
102
RTVSPost2010PropOp40
 70
     1
102
RTVSPost2010Prop41ColorIndex
 90
       18
102
RTVSPost2010Prop41ColorRGB
 90
        0
102
RTVSPost2010PropOp41
 70
     1
102
RTVSPost2010Prop42
 90
       50
102
RTVSPost2010PropOp42
 70
     1
102
RTVSPost2010Prop43
 90
        3
102
RTVSPost2010PropOp43
 70
     1
102
RTVSPost2010Prop44ColorIndex
 90
        5
102
RTVSPost2010Prop44ColorRGB
 90
      255
102
RTVSPost2010PropOp44
 70
     1
102
RTVSPost2010Prop45
280
     0
102
RTVSPost2010PropOp45
 70
     1
102
RTVSPost2010Prop46
 90
       50
102
RTVSPost2010PropOp46
 70
     1
102
RTVSPost2010Prop47
 90
       50
102
RTVSPost2010PropOp47
 70
     1
102
RTVSPost2010Prop48
 90
       50
102
RTVSPost2010PropOp48
 70
     1
102
RTVSPost2010Prop49
280
     0
102
RTVSPost2010PropOp49
 70
     1
102
RTVSPost2010Prop50
 90
       50
102
RTVSPost2010PropOp50
 70
     1
102
RTVSPost2010Prop51ColorIndex
 90
      256
102
RTVSPost2010Prop51ColorRGB
 90
-16777216
102
RTVSPost2010PropOp51
 70
     0
102
RTVSPost2010Prop52
140
1.0
102
RTVSPost2010PropOp52
 70
     0
102
RTVSPost2010Prop53
 90
        2
102
RTVSPost2010PropOp53
 70
     1
102
RTVSPost2010Prop54
  1
strokes_ogs.tif
102
RTVSPost2010PropOp54
 70
     1
102
RTVSPost2010Prop55
280
     0
102
RTVSPost2010PropOp55
 70
     1
102
RTVSPost2010Prop56
140
1.0
102
RTVSPost2010PropOp56
 70
     1
102
RTVSPost2010Prop57
140
1.0
102
RTVSPost2010PropOp57
 70
     1
  0
XRECORD
  5
F61
102
{ACAD_REACTORS
330
F60
102
}
330
F60
100
AcDbXrecord
280
     1
102
RTVSPropertyOp0
 70
     1
102
RTVSPropertyOp1
 70
     1
102
RTVSPropertyOp2
 70
     1
102
RTVSPropertyOp3
 70
     1
102
RTVSPropertyOp4
 70
     1
102
RTVSPropertyOp5
 70
     1
102
RTVSPropertyOp6
 70
     1
102
RTVSPropertyOp7
 70
     1
102
RTVSPropertyOp8
 70
     1
102
RTVSPropertyOp9
 70
     1
102
RTVSPropertyOp10
 70
     1
102
RTVSPropertyOp11
 70
     1
102
RTVSPropertyOp12
 70
     1
102
RTVSPropertyOp13
 70
     1
102
RTVSPropertyOp14
 70
     1
102
RTVSPropertyOp15
 70
     1
102
RTVSPropertyOp16
 70
     1
102
RTVSPropertyOp17
 70
     1
102
RTVSPropertyOp18
 70
     1
102
RTVSPropertyOp19
 70
     1
102
RTVSPropertyOp20
 70
     1
102
RTVSPropertyOp21
 70
     1
102
RTVSPropertyOp22
 70
     1
102
RTVSPropertyOp23
 70
     1
102
RTVSPropertyOp24
 70
     1
102
RTVSPropertyOp25
 70
     1
102
RTVSPropertyOp26
 70
     1
102
RTVSPropertyOp27
 70
     1
102
RTVSPropertyOp28
 70
     1
102
RTVSPropertyOp29
 70
     1
102
RTVSPropertyOp30
 70
     1
102
RTVSPropertyOp31
 70
     1
102
RTVSPropertyOp32
 70
     1
102
RTVSPropertyOp33
 70
     1
102
RTVSPropertyOp34
 70
     1
102
RTVSPropertyOp35
 70
     1
102
RTVSPropertyOp36
 70
     1
102
RTVSPropertyOp37
 70
     1
102
RTVSPropertyOp38
 70
     1
102
RTVSPropertyOp39
 70
     1
102
RTVSPropertyOp40
 70
     1
102
RTVSPropertyOp41
 70
     1
102
RTVSPropertyOp42
 70
     1
102
RTVSPropertyOp43
 70
     1
102
RTVSPropertyOp44
 70
     1
102
RTVSPropertyOp45
 70
     1
102
RTVSPropertyOp46
 70
     1
102
RTVSPropertyOp47
 70
     1
102
RTVSPropertyOp48
 70
     1
102
RTVSPropertyOp49
 70
     1
102
RTVSPropertyOp50
 70
     1
102
RTVSPropertyOp51
 70
     0
102
RTVSPropertyOp52
 70
     0
102
RTVSPropertyOp53
 70
     1
102
RTVSPropertyOp54
 70
     1
102
RTVSPropertyOp55
 70
     1
102
RTVSPropertyOp56
 70
     1
102
RTVSPropertyOp57
 70
     1
102
RTVSPost2010Prop28
280
     0
102
RTVSPost2010PropOp28
 70
     1
102
RTVSPost2010Prop29
280
     1
102
RTVSPost2010PropOp29
 70
     1
102
RTVSPost2010Prop30
280
     1
102
RTVSPost2010PropOp30
 70
     1
102
RTVSPost2010Prop31
280
     0
102
RTVSPost2010PropOp31
 70
     1
102
RTVSPost2010Prop32
280
     0
102
RTVSPost2010PropOp32
 70
     1
102
RTVSPost2010Prop33
280
     0
102
RTVSPost2010PropOp33
 70
     1
102
RTVSPost2010Prop34
280
     0
102
RTVSPost2010PropOp34
 70
     1
102
RTVSPost2010Prop35
280
     0
102
RTVSPost2010PropOp35
 70
     1
102
RTVSPost2010Prop36
280
     0
102
RTVSPost2010PropOp36
 70
     1
102
RTVSPost2010Prop37
 90
       50
102
RTVSPost2010PropOp37
 70
     1
102
RTVSPost2010Prop38
140
0.0
102
RTVSPost2010PropOp38
 70
     1
102
RTVSPost2010Prop39
140
1.0
102
RTVSPost2010PropOp39
 70
     1
102
RTVSPost2010Prop40
 90
        0
102
RTVSPost2010PropOp40
 70
     1
102
RTVSPost2010Prop41ColorIndex
 90
       18
102
RTVSPost2010Prop41ColorRGB
 90
        0
102
RTVSPost2010PropOp41
 70
     1
102
RTVSPost2010Prop42
 90
       50
102
RTVSPost2010PropOp42
 70
     1
102
RTVSPost2010Prop43
 90
        3
102
RTVSPost2010PropOp43
 70
     1
102
RTVSPost2010Prop44ColorIndex
 90
        5
102
RTVSPost2010Prop44ColorRGB
 90
      255
102
RTVSPost2010PropOp44
 70
     1
102
RTVSPost2010Prop45
280
     0
102
RTVSPost2010PropOp45
 70
     1
102
RTVSPost2010Prop46
 90
       50
102
RTVSPost2010PropOp46
 70
     1
102
RTVSPost2010Prop47
 90
       50
102
RTVSPost2010PropOp47
 70
     1
102
RTVSPost2010Prop48
 90
       50
102
RTVSPost2010PropOp48
 70
     1
102
RTVSPost2010Prop49
280
     0
102
RTVSPost2010PropOp49
 70
     1
102
RTVSPost2010Prop50
 90
       50
102
RTVSPost2010PropOp50
 70
     1
102
RTVSPost2010Prop51ColorIndex
 90
      256
102
RTVSPost2010Prop51ColorRGB
 90
-16777216
102
RTVSPost2010PropOp51
 70
     0
102
RTVSPost2010Prop52
140
1.0
102
RTVSPost2010PropOp52
 70
     0
102
RTVSPost2010Prop53
 90
        2
102
RTVSPost2010PropOp53
 70
     1
102
RTVSPost2010Prop54
  1
strokes_ogs.tif
102
RTVSPost2010PropOp54
 70
     1
102
RTVSPost2010Prop55
280
     0
102
RTVSPost2010PropOp55
 70
     1
102
RTVSPost2010Prop56
140
1.0
102
RTVSPost2010PropOp56
 70
     1
102
RTVSPost2010Prop57
140
1.0
102
RTVSPost2010PropOp57
 70
     1
  0
XRECORD
  5
F63
102
{ACAD_REACTORS
330
F62
102
}
330
F62
100
AcDbXrecord
280
     1
102
RTVSPropertyOp0
 70
     1
102
RTVSPropertyOp1
 70
     1
102
RTVSPropertyOp2
 70
     1
102
RTVSPropertyOp3
 70
     1
102
RTVSPropertyOp4
 70
     1
102
RTVSPropertyOp5
 70
     1
102
RTVSPropertyOp6
 70
     1
102
RTVSPropertyOp7
 70
     1
102
RTVSPropertyOp8
 70
     1
102
RTVSPropertyOp9
 70
     1
102
RTVSPropertyOp10
 70
     1
102
RTVSPropertyOp11
 70
     1
102
RTVSPropertyOp12
 70
     1
102
RTVSPropertyOp13
 70
     1
102
RTVSPropertyOp14
 70
     1
102
RTVSPropertyOp15
 70
     1
102
RTVSPropertyOp16
 70
     1
102
RTVSPropertyOp17
 70
     1
102
RTVSPropertyOp18
 70
     1
102
RTVSPropertyOp19
 70
     1
102
RTVSPropertyOp20
 70
     1
102
RTVSPropertyOp21
 70
     1
102
RTVSPropertyOp22
 70
     1
102
RTVSPropertyOp23
 70
     1
102
RTVSPropertyOp24
 70
     1
102
RTVSPropertyOp25
 70
     1
102
RTVSPropertyOp26
 70
     1
102
RTVSPropertyOp27
 70
     1
102
RTVSPropertyOp28
 70
     1
102
RTVSPropertyOp29
 70
     1
102
RTVSPropertyOp30
 70
     1
102
RTVSPropertyOp31
 70
     1
102
RTVSPropertyOp32
 70
     1
102
RTVSPropertyOp33
 70
     1
102
RTVSPropertyOp34
 70
     1
102
RTVSPropertyOp35
 70
     1
102
RTVSPropertyOp36
 70
     1
102
RTVSPropertyOp37
 70
     1
102
RTVSPropertyOp38
 70
     1
102
RTVSPropertyOp39
 70
     1
102
RTVSPropertyOp40
 70
     1
102
RTVSPropertyOp41
 70
     1
102
RTVSPropertyOp42
 70
     1
102
RTVSPropertyOp43
 70
     1
102
RTVSPropertyOp44
 70
     1
102
RTVSPropertyOp45
 70
     1
102
RTVSPropertyOp46
 70
     1
102
RTVSPropertyOp47
 70
     1
102
RTVSPropertyOp48
 70
     1
102
RTVSPropertyOp49
 70
     1
102
RTVSPropertyOp50
 70
     1
102
RTVSPropertyOp51
 70
     0
102
RTVSPropertyOp52
 70
     0
102
RTVSPropertyOp53
 70
     1
102
RTVSPropertyOp54
 70
     1
102
RTVSPropertyOp55
 70
     1
102
RTVSPropertyOp56
 70
     1
102
RTVSPropertyOp57
 70
     1
102
RTVSPost2010Prop28
280
     0
102
RTVSPost2010PropOp28
 70
     1
102
RTVSPost2010Prop29
280
     1
102
RTVSPost2010PropOp29
 70
     1
102
RTVSPost2010Prop30
280
     1
102
RTVSPost2010PropOp30
 70
     1
102
RTVSPost2010Prop31
280
     0
102
RTVSPost2010PropOp31
 70
     1
102
RTVSPost2010Prop32
280
     0
102
RTVSPost2010PropOp32
 70
     1
102
RTVSPost2010Prop33
280
     0
102
RTVSPost2010PropOp33
 70
     1
102
RTVSPost2010Prop34
280
     0
102
RTVSPost2010PropOp34
 70
     1
102
RTVSPost2010Prop35
280
     0
102
RTVSPost2010PropOp35
 70
     1
102
RTVSPost2010Prop36
280
     0
102
RTVSPost2010PropOp36
 70
     1
102
RTVSPost2010Prop37
 90
       50
102
RTVSPost2010PropOp37
 70
     1
102
RTVSPost2010Prop38
140
0.0
102
RTVSPost2010PropOp38
 70
     1
102
RTVSPost2010Prop39
140
1.0
102
RTVSPost2010PropOp39
 70
     1
102
RTVSPost2010Prop40
 90
        0
102
RTVSPost2010PropOp40
 70
     1
102
RTVSPost2010Prop41ColorIndex
 90
       18
102
RTVSPost2010Prop41ColorRGB
 90
        0
102
RTVSPost2010PropOp41
 70
     1
102
RTVSPost2010Prop42
 90
       50
102
RTVSPost2010PropOp42
 70
     1
102
RTVSPost2010Prop43
 90
        3
102
RTVSPost2010PropOp43
 70
     1
102
RTVSPost2010Prop44ColorIndex
 90
        5
102
RTVSPost2010Prop44ColorRGB
 90
      255
102
RTVSPost2010PropOp44
 70
     1
102
RTVSPost2010Prop45
280
     0
102
RTVSPost2010PropOp45
 70
     1
102
RTVSPost2010Prop46
 90
       50
102
RTVSPost2010PropOp46
 70
     1
102
RTVSPost2010Prop47
 90
       50
102
RTVSPost2010PropOp47
 70
     1
102
RTVSPost2010Prop48
 90
       50
102
RTVSPost2010PropOp48
 70
     1
102
RTVSPost2010Prop49
280
     0
102
RTVSPost2010PropOp49
 70
     1
102
RTVSPost2010Prop50
 90
       50
102
RTVSPost2010PropOp50
 70
     1
102
RTVSPost2010Prop51ColorIndex
 90
      256
102
RTVSPost2010Prop51ColorRGB
 90
-16777216
102
RTVSPost2010PropOp51
 70
     0
102
RTVSPost2010Prop52
140
1.0
102
RTVSPost2010PropOp52
 70
     0
102
RTVSPost2010Prop53
 90
        2
102
RTVSPost2010PropOp53
 70
     1
102
RTVSPost2010Prop54
  1
strokes_ogs.tif
102
RTVSPost2010PropOp54
 70
     1
102
RTVSPost2010Prop55
280
     0
102
RTVSPost2010PropOp55
 70
     1
102
RTVSPost2010Prop56
140
1.0
102
RTVSPost2010PropOp56
 70
     1
102
RTVSPost2010Prop57
140
1.0
102
RTVSPost2010PropOp57
 70
     1
  0
XRECORD
  5
F73
102
{ACAD_REACTORS
330
F72
102
}
330
F72
100
AcDbXrecord
280
     1
102
RTVSPropertyOp0
 70
     0
102
RTVSPropertyOp1
 70
     0
102
RTVSPropertyOp2
 70
     0
102
RTVSPropertyOp3
 70
     0
102
RTVSPropertyOp4
 70
     0
102
RTVSPropertyOp5
 70
     0
102
RTVSPropertyOp6
 70
     0
102
RTVSPropertyOp7
 70
     0
102
RTVSPropertyOp8
 70
     0
102
RTVSPropertyOp9
 70
     0
102
RTVSPropertyOp10
 70
     0
102
RTVSPropertyOp11
 70
     0
102
RTVSPropertyOp12
 70
     0
102
RTVSPropertyOp13
 70
     0
102
RTVSPropertyOp14
 70
     2
102
RTVSPropertyOp15
 70
     0
102
RTVSPropertyOp16
 70
     0
102
RTVSPropertyOp17
 70
     0
102
RTVSPropertyOp18
 70
     0
102
RTVSPropertyOp19
 70
     0
102
RTVSPropertyOp20
 70
     0
102
RTVSPropertyOp21
 70
     0
102
RTVSPropertyOp22
 70
     0
102
RTVSPropertyOp23
 70
     0
102
RTVSPropertyOp24
 70
     0
102
RTVSPropertyOp25
 70
     0
102
RTVSPropertyOp26
 70
     0
102
RTVSPropertyOp27
 70
     0
102
RTVSPropertyOp28
 70
     0
102
RTVSPropertyOp29
 70
     0
102
RTVSPropertyOp30
 70
     0
102
RTVSPropertyOp31
 70
     0
102
RTVSPropertyOp32
 70
     0
102
RTVSPropertyOp33
 70
     0
102
RTVSPropertyOp34
 70
     0
102
RTVSPropertyOp35
 70
     0
102
RTVSPropertyOp36
 70
     0
102
RTVSPropertyOp37
 70
     0
102
RTVSPropertyOp38
 70
     0
102
RTVSPropertyOp39
 70
     0
102
RTVSPropertyOp40
 70
     0
102
RTVSPropertyOp41
 70
     0
102
RTVSPropertyOp42
 70
     0
102
RTVSPropertyOp43
 70
     0
102
RTVSPropertyOp44
 70
     0
102
RTVSPropertyOp45
 70
     0
102
RTVSPropertyOp46
 70
     0
102
RTVSPropertyOp47
 70
     0
102
RTVSPropertyOp48
 70
     0
102
RTVSPropertyOp49
 70
     0
102
RTVSPropertyOp50
 70
     0
102
RTVSPropertyOp51
 70
     0
102
RTVSPropertyOp52
 70
     0
102
RTVSPropertyOp53
 70
     0
102
RTVSPropertyOp54
 70
     0
102
RTVSPropertyOp55
 70
     0
102
RTVSPropertyOp56
 70
     0
102
RTVSPropertyOp57
 70
     0
102
RTVSPost2010Prop28
280
     0
102
RTVSPost2010PropOp28
 70
     0
102
RTVSPost2010Prop29
280
     1
102
RTVSPost2010PropOp29
 70
     0
102
RTVSPost2010Prop30
280
     1
102
RTVSPost2010PropOp30
 70
     0
102
RTVSPost2010Prop31
280
     0
102
RTVSPost2010PropOp31
 70
     0
102
RTVSPost2010Prop32
280
     0
102
RTVSPost2010PropOp32
 70
     0
102
RTVSPost2010Prop33
280
     0
102
RTVSPost2010PropOp33
 70
     0
102
RTVSPost2010Prop34
280
     0
102
RTVSPost2010PropOp34
 70
     0
102
RTVSPost2010Prop35
280
     0
102
RTVSPost2010PropOp35
 70
     0
102
RTVSPost2010Prop36
280
     0
102
RTVSPost2010PropOp36
 70
     0
102
RTVSPost2010Prop37
 90
       50
102
RTVSPost2010PropOp37
 70
     0
102
RTVSPost2010Prop38
140
0.0
102
RTVSPost2010PropOp38
 70
     0
102
RTVSPost2010Prop39
140
1.0
102
RTVSPost2010PropOp39
 70
     0
102
RTVSPost2010Prop40
 90
        0
102
RTVSPost2010PropOp40
 70
     0
102
RTVSPost2010Prop41ColorIndex
 90
       18
102
RTVSPost2010Prop41ColorRGB
 90
        0
102
RTVSPost2010PropOp41
 70
     0
102
RTVSPost2010Prop42
 90
       50
102
RTVSPost2010PropOp42
 70
     0
102
RTVSPost2010Prop43
 90
        3
102
RTVSPost2010PropOp43
 70
     0
102
RTVSPost2010Prop44ColorIndex
 90
        5
102
RTVSPost2010Prop44ColorRGB
 90
      255
102
RTVSPost2010PropOp44
 70
     0
102
RTVSPost2010Prop45
280
     0
102
RTVSPost2010PropOp45
 70
     0
102
RTVSPost2010Prop46
 90
       50
102
RTVSPost2010PropOp46
 70
     0
102
RTVSPost2010Prop47
 90
       50
102
RTVSPost2010PropOp47
 70
     0
102
RTVSPost2010Prop48
 90
       50
102
RTVSPost2010PropOp48
 70
     0
102
RTVSPost2010Prop49
280
     0
102
RTVSPost2010PropOp49
 70
     0
102
RTVSPost2010Prop50
 90
       50
102
RTVSPost2010PropOp50
 70
     0
102
RTVSPost2010Prop51ColorIndex
 90
      256
102
RTVSPost2010Prop51ColorRGB
 90
-16777216
102
RTVSPost2010PropOp51
 70
     0
102
RTVSPost2010Prop52
140
1.0
102
RTVSPost2010PropOp52
 70
     0
102
RTVSPost2010Prop53
 90
        2
102
RTVSPost2010PropOp53
 70
     0
102
RTVSPost2010Prop54
  1
strokes_ogs.tif
102
RTVSPost2010PropOp54
 70
     0
102
RTVSPost2010Prop55
280
     0
102
RTVSPost2010PropOp55
 70
     0
102
RTVSPost2010Prop56
140
1.0
102
RTVSPost2010PropOp56
 70
     0
102
RTVSPost2010Prop57
140
1.0
102
RTVSPost2010PropOp57
 70
     0
  0
XRECORD
  5
F6B
102
{ACAD_REACTORS
330
F6A
102
}
330
F6A
100
AcDbXrecord
280
     1
102
RTVSPropertyOp0
 70
     1
102
RTVSPropertyOp1
 70
     1
102
RTVSPropertyOp2
 70
     1
102
RTVSPropertyOp3
 70
     1
102
RTVSPropertyOp4
 70
     1
102
RTVSPropertyOp5
 70
     1
102
RTVSPropertyOp6
 70
     1
102
RTVSPropertyOp7
 70
     1
102
RTVSPropertyOp8
 70
     1
102
RTVSPropertyOp9
 70
     1
102
RTVSPropertyOp10
 70
     1
102
RTVSPropertyOp11
 70
     1
102
RTVSPropertyOp12
 70
     1
102
RTVSPropertyOp13
 70
     1
102
RTVSPropertyOp14
 70
     1
102
RTVSPropertyOp15
 70
     1
102
RTVSPropertyOp16
 70
     1
102
RTVSPropertyOp17
 70
     1
102
RTVSPropertyOp18
 70
     1
102
RTVSPropertyOp19
 70
     1
102
RTVSPropertyOp20
 70
     1
102
RTVSPropertyOp21
 70
     1
102
RTVSPropertyOp22
 70
     1
102
RTVSPropertyOp23
 70
     1
102
RTVSPropertyOp24
 70
     1
102
RTVSPropertyOp25
 70
     1
102
RTVSPropertyOp26
 70
     1
102
RTVSPropertyOp27
 70
     1
102
RTVSPropertyOp28
 70
     1
102
RTVSPropertyOp29
 70
     1
102
RTVSPropertyOp30
 70
     1
102
RTVSPropertyOp31
 70
     1
102
RTVSPropertyOp32
 70
     1
102
RTVSPropertyOp33
 70
     1
102
RTVSPropertyOp34
 70
     1
102
RTVSPropertyOp35
 70
     1
102
RTVSPropertyOp36
 70
     1
102
RTVSPropertyOp37
 70
     1
102
RTVSPropertyOp38
 70
     1
102
RTVSPropertyOp39
 70
     1
102
RTVSPropertyOp40
 70
     1
102
RTVSPropertyOp41
 70
     1
102
RTVSPropertyOp42
 70
     1
102
RTVSPropertyOp43
 70
     1
102
RTVSPropertyOp44
 70
     1
102
RTVSPropertyOp45
 70
     1
102
RTVSPropertyOp46
 70
     1
102
RTVSPropertyOp47
 70
     1
102
RTVSPropertyOp48
 70
     1
102
RTVSPropertyOp49
 70
     1
102
RTVSPropertyOp50
 70
     1
102
RTVSPropertyOp51
 70
     0
102
RTVSPropertyOp52
 70
     0
102
RTVSPropertyOp53
 70
     1
102
RTVSPropertyOp54
 70
     1
102
RTVSPropertyOp55
 70
     1
102
RTVSPropertyOp56
 70
     1
102
RTVSPropertyOp57
 70
     1
102
RTVSPost2010Prop28
280
     0
102
RTVSPost2010PropOp28
 70
     1
102
RTVSPost2010Prop29
280
     1
102
RTVSPost2010PropOp29
 70
     1
102
RTVSPost2010Prop30
280
     1
102
RTVSPost2010PropOp30
 70
     1
102
RTVSPost2010Prop31
280
     0
102
RTVSPost2010PropOp31
 70
     1
102
RTVSPost2010Prop32
280
     0
102
RTVSPost2010PropOp32
 70
     1
102
RTVSPost2010Prop33
280
     0
102
RTVSPost2010PropOp33
 70
     1
102
RTVSPost2010Prop34
280
     0
102
RTVSPost2010PropOp34
 70
     1
102
RTVSPost2010Prop35
280
     0
102
RTVSPost2010PropOp35
 70
     1
102
RTVSPost2010Prop36
280
     0
102
RTVSPost2010PropOp36
 70
     1
102
RTVSPost2010Prop37
 90
       50
102
RTVSPost2010PropOp37
 70
     1
102
RTVSPost2010Prop38
140
0.0
102
RTVSPost2010PropOp38
 70
     1
102
RTVSPost2010Prop39
140
1.0
102
RTVSPost2010PropOp39
 70
     1
102
RTVSPost2010Prop40
 90
        0
102
RTVSPost2010PropOp40
 70
     1
102
RTVSPost2010Prop41ColorIndex
 90
       18
102
RTVSPost2010Prop41ColorRGB
 90
        0
102
RTVSPost2010PropOp41
 70
     1
102
RTVSPost2010Prop42
 90
       50
102
RTVSPost2010PropOp42
 70
     1
102
RTVSPost2010Prop43
 90
        3
102
RTVSPost2010PropOp43
 70
     1
102
RTVSPost2010Prop44ColorIndex
 90
        5
102
RTVSPost2010Prop44ColorRGB
 90
      255
102
RTVSPost2010PropOp44
 70
     1
102
RTVSPost2010Prop45
280
     0
102
RTVSPost2010PropOp45
 70
     1
102
RTVSPost2010Prop46
 90
       50
102
RTVSPost2010PropOp46
 70
     1
102
RTVSPost2010Prop47
 90
       50
102
RTVSPost2010PropOp47
 70
     1
102
RTVSPost2010Prop48
 90
       50
102
RTVSPost2010PropOp48
 70
     1
102
RTVSPost2010Prop49
280
     0
102
RTVSPost2010PropOp49
 70
     1
102
RTVSPost2010Prop50
 90
       50
102
RTVSPost2010PropOp50
 70
     1
102
RTVSPost2010Prop51ColorIndex
 90
      256
102
RTVSPost2010Prop51ColorRGB
 90
-16777216
102
RTVSPost2010PropOp51
 70
     0
102
RTVSPost2010Prop52
140
1.0
102
RTVSPost2010PropOp52
 70
     0
102
RTVSPost2010Prop53
 90
        2
102
RTVSPost2010PropOp53
 70
     1
102
RTVSPost2010Prop54
  1
strokes_ogs.tif
102
RTVSPost2010PropOp54
 70
     1
102
RTVSPost2010Prop55
280
     0
102
RTVSPost2010PropOp55
 70
     1
102
RTVSPost2010Prop56
140
1.0
102
RTVSPost2010PropOp56
 70
     1
102
RTVSPost2010Prop57
140
1.0
102
RTVSPost2010PropOp57
 70
     1
  0
XRECORD
  5
F4F
102
{ACAD_REACTORS
330
F4E
102
}
330
F4E
100
AcDbXrecord
280
     1
102
RTVSPropertyOp0
 70
     1
102
RTVSPropertyOp1
 70
     1
102
RTVSPropertyOp2
 70
     1
102
RTVSPropertyOp3
 70
     1
102
RTVSPropertyOp4
 70
     1
102
RTVSPropertyOp5
 70
     1
102
RTVSPropertyOp6
 70
     1
102
RTVSPropertyOp7
 70
     1
102
RTVSPropertyOp8
 70
     1
102
RTVSPropertyOp9
 70
     1
102
RTVSPropertyOp10
 70
     1
102
RTVSPropertyOp11
 70
     1
102
RTVSPropertyOp12
 70
     1
102
RTVSPropertyOp13
 70
     1
102
RTVSPropertyOp14
 70
     1
102
RTVSPropertyOp15
 70
     1
102
RTVSPropertyOp16
 70
     1
102
RTVSPropertyOp17
 70
     1
102
RTVSPropertyOp18
 70
     1
102
RTVSPropertyOp19
 70
     1
102
RTVSPropertyOp20
 70
     1
102
RTVSPropertyOp21
 70
     1
102
RTVSPropertyOp22
 70
     1
102
RTVSPropertyOp23
 70
     1
102
RTVSPropertyOp24
 70
     1
102
RTVSPropertyOp25
 70
     1
102
RTVSPropertyOp26
 70
     1
102
RTVSPropertyOp27
 70
     1
102
RTVSPropertyOp28
 70
     1
102
RTVSPropertyOp29
 70
     1
102
RTVSPropertyOp30
 70
     1
102
RTVSPropertyOp31
 70
     1
102
RTVSPropertyOp32
 70
     1
102
RTVSPropertyOp33
 70
     1
102
RTVSPropertyOp34
 70
     1
102
RTVSPropertyOp35
 70
     1
102
RTVSPropertyOp36
 70
     1
102
RTVSPropertyOp37
 70
     1
102
RTVSPropertyOp38
 70
     1
102
RTVSPropertyOp39
 70
     1
102
RTVSPropertyOp40
 70
     1
102
RTVSPropertyOp41
 70
     1
102
RTVSPropertyOp42
 70
     1
102
RTVSPropertyOp43
 70
     1
102
RTVSPropertyOp44
 70
     1
102
RTVSPropertyOp45
 70
     1
102
RTVSPropertyOp46
 70
     1
102
RTVSPropertyOp47
 70
     1
102
RTVSPropertyOp48
 70
     1
102
RTVSPropertyOp49
 70
     1
102
RTVSPropertyOp50
 70
     1
102
RTVSPropertyOp51
 70
     0
102
RTVSPropertyOp52
 70
     0
102
RTVSPropertyOp53
 70
     1
102
RTVSPropertyOp54
 70
     1
102
RTVSPropertyOp55
 70
     1
102
RTVSPropertyOp56
 70
     1
102
RTVSPropertyOp57
 70
     1
102
RTVSPost2010Prop28
280
     0
102
RTVSPost2010PropOp28
 70
     1
102
RTVSPost2010Prop29
280
     1
102
RTVSPost2010PropOp29
 70
     1
102
RTVSPost2010Prop30
280
     1
102
RTVSPost2010PropOp30
 70
     1
102
RTVSPost2010Prop31
280
     0
102
RTVSPost2010PropOp31
 70
     1
102
RTVSPost2010Prop32
280
     0
102
RTVSPost2010PropOp32
 70
     1
102
RTVSPost2010Prop33
280
     0
102
RTVSPost2010PropOp33
 70
     1
102
RTVSPost2010Prop34
280
     0
102
RTVSPost2010PropOp34
 70
     1
102
RTVSPost2010Prop35
280
     0
102
RTVSPost2010PropOp35
 70
     1
102
RTVSPost2010Prop36
280
     0
102
RTVSPost2010PropOp36
 70
     1
102
RTVSPost2010Prop37
 90
       50
102
RTVSPost2010PropOp37
 70
     1
102
RTVSPost2010Prop38
140
0.0
102
RTVSPost2010PropOp38
 70
     1
102
RTVSPost2010Prop39
140
1.0
102
RTVSPost2010PropOp39
 70
     1
102
RTVSPost2010Prop40
 90
        0
102
RTVSPost2010PropOp40
 70
     1
102
RTVSPost2010Prop41ColorIndex
 90
       18
102
RTVSPost2010Prop41ColorRGB
 90
        0
102
RTVSPost2010PropOp41
 70
     1
102
RTVSPost2010Prop42
 90
       50
102
RTVSPost2010PropOp42
 70
     1
102
RTVSPost2010Prop43
 90
        3
102
RTVSPost2010PropOp43
 70
     1
102
RTVSPost2010Prop44ColorIndex
 90
        5
102
RTVSPost2010Prop44ColorRGB
 90
      255
102
RTVSPost2010PropOp44
 70
     1
102
RTVSPost2010Prop45
280
     0
102
RTVSPost2010PropOp45
 70
     1
102
RTVSPost2010Prop46
 90
       50
102
RTVSPost2010PropOp46
 70
     1
102
RTVSPost2010Prop47
 90
       50
102
RTVSPost2010PropOp47
 70
     1
102
RTVSPost2010Prop48
 90
       50
102
RTVSPost2010PropOp48
 70
     1
102
RTVSPost2010Prop49
280
     0
102
RTVSPost2010PropOp49
 70
     1
102
RTVSPost2010Prop50
 90
       50
102
RTVSPost2010PropOp50
 70
     1
102
RTVSPost2010Prop51ColorIndex
 90
      256
102
RTVSPost2010Prop51ColorRGB
 90
-16777216
102
RTVSPost2010PropOp51
 70
     0
102
RTVSPost2010Prop52
140
1.0
102
RTVSPost2010PropOp52
 70
     0
102
RTVSPost2010Prop53
 90
        2
102
RTVSPost2010PropOp53
 70
     1
102
RTVSPost2010Prop54
  1
strokes_ogs.tif
102
RTVSPost2010PropOp54
 70
     1
102
RTVSPost2010Prop55
280
     0
102
RTVSPost2010PropOp55
 70
     1
102
RTVSPost2010Prop56
140
1.0
102
RTVSPost2010PropOp56
 70
     1
102
RTVSPost2010Prop57
140
1.0
102
RTVSPost2010PropOp57
 70
     1
  0
XRECORD
  5
F51
102
{ACAD_REACTORS
330
F50
102
}
330
F50
100
AcDbXrecord
280
     1
102
RTVSPropertyOp0
 70
     1
102
RTVSPropertyOp1
 70
     1
102
RTVSPropertyOp2
 70
     1
102
RTVSPropertyOp3
 70
     1
102
RTVSPropertyOp4
 70
     1
102
RTVSPropertyOp5
 70
     1
102
RTVSPropertyOp6
 70
     1
102
RTVSPropertyOp7
 70
     1
102
RTVSPropertyOp8
 70
     1
102
RTVSPropertyOp9
 70
     1
102
RTVSPropertyOp10
 70
     1
102
RTVSPropertyOp11
 70
     1
102
RTVSPropertyOp12
 70
     1
102
RTVSPropertyOp13
 70
     1
102
RTVSPropertyOp14
 70
     1
102
RTVSPropertyOp15
 70
     1
102
RTVSPropertyOp16
 70
     1
102
RTVSPropertyOp17
 70
     1
102
RTVSPropertyOp18
 70
     1
102
RTVSPropertyOp19
 70
     1
102
RTVSPropertyOp20
 70
     1
102
RTVSPropertyOp21
 70
     1
102
RTVSPropertyOp22
 70
     1
102
RTVSPropertyOp23
 70
     1
102
RTVSPropertyOp24
 70
     1
102
RTVSPropertyOp25
 70
     1
102
RTVSPropertyOp26
 70
     1
102
RTVSPropertyOp27
 70
     1
102
RTVSPropertyOp28
 70
     1
102
RTVSPropertyOp29
 70
     1
102
RTVSPropertyOp30
 70
     1
102
RTVSPropertyOp31
 70
     1
102
RTVSPropertyOp32
 70
     1
102
RTVSPropertyOp33
 70
     1
102
RTVSPropertyOp34
 70
     1
102
RTVSPropertyOp35
 70
     1
102
RTVSPropertyOp36
 70
     1
102
RTVSPropertyOp37
 70
     1
102
RTVSPropertyOp38
 70
     1
102
RTVSPropertyOp39
 70
     1
102
RTVSPropertyOp40
 70
     1
102
RTVSPropertyOp41
 70
     1
102
RTVSPropertyOp42
 70
     1
102
RTVSPropertyOp43
 70
     1
102
RTVSPropertyOp44
 70
     1
102
RTVSPropertyOp45
 70
     1
102
RTVSPropertyOp46
 70
     1
102
RTVSPropertyOp47
 70
     1
102
RTVSPropertyOp48
 70
     1
102
RTVSPropertyOp49
 70
     1
102
RTVSPropertyOp50
 70
     1
102
RTVSPropertyOp51
 70
     0
102
RTVSPropertyOp52
 70
     0
102
RTVSPropertyOp53
 70
     1
102
RTVSPropertyOp54
 70
     1
102
RTVSPropertyOp55
 70
     1
102
RTVSPropertyOp56
 70
     1
102
RTVSPropertyOp57
 70
     1
102
RTVSPost2010Prop28
280
     0
102
RTVSPost2010PropOp28
 70
     1
102
RTVSPost2010Prop29
280
     1
102
RTVSPost2010PropOp29
 70
     1
102
RTVSPost2010Prop30
280
     1
102
RTVSPost2010PropOp30
 70
     1
102
RTVSPost2010Prop31
280
     0
102
RTVSPost2010PropOp31
 70
     1
102
RTVSPost2010Prop32
280
     0
102
RTVSPost2010PropOp32
 70
     1
102
RTVSPost2010Prop33
280
     0
102
RTVSPost2010PropOp33
 70
     1
102
RTVSPost2010Prop34
280
     0
102
RTVSPost2010PropOp34
 70
     1
102
RTVSPost2010Prop35
280
     0
102
RTVSPost2010PropOp35
 70
     1
102
RTVSPost2010Prop36
280
     0
102
RTVSPost2010PropOp36
 70
     1
102
RTVSPost2010Prop37
 90
       50
102
RTVSPost2010PropOp37
 70
     1
102
RTVSPost2010Prop38
140
0.0
102
RTVSPost2010PropOp38
 70
     1
102
RTVSPost2010Prop39
140
1.0
102
RTVSPost2010PropOp39
 70
     1
102
RTVSPost2010Prop40
 90
        0
102
RTVSPost2010PropOp40
 70
     1
102
RTVSPost2010Prop41ColorIndex
 90
       18
102
RTVSPost2010Prop41ColorRGB
 90
        0
102
RTVSPost2010PropOp41
 70
     1
102
RTVSPost2010Prop42
 90
       50
102
RTVSPost2010PropOp42
 70
     1
102
RTVSPost2010Prop43
 90
        3
102
RTVSPost2010PropOp43
 70
     1
102
RTVSPost2010Prop44ColorIndex
 90
        5
102
RTVSPost2010Prop44ColorRGB
 90
      255
102
RTVSPost2010PropOp44
 70
     1
102
RTVSPost2010Prop45
280
     0
102
RTVSPost2010PropOp45
 70
     1
102
RTVSPost2010Prop46
 90
       50
102
RTVSPost2010PropOp46
 70
     1
102
RTVSPost2010Prop47
 90
       50
102
RTVSPost2010PropOp47
 70
     1
102
RTVSPost2010Prop48
 90
       50
102
RTVSPost2010PropOp48
 70
     1
102
RTVSPost2010Prop49
280
     0
102
RTVSPost2010PropOp49
 70
     1
102
RTVSPost2010Prop50
 90
       50
102
RTVSPost2010PropOp50
 70
     1
102
RTVSPost2010Prop51ColorIndex
 90
      256
102
RTVSPost2010Prop51ColorRGB
 90
-16777216
102
RTVSPost2010PropOp51
 70
     0
102
RTVSPost2010Prop52
140
1.0
102
RTVSPost2010PropOp52
 70
     0
102
RTVSPost2010Prop53
 90
        2
102
RTVSPost2010PropOp53
 70
     1
102
RTVSPost2010Prop54
  1
strokes_ogs.tif
102
RTVSPost2010PropOp54
 70
     1
102
RTVSPost2010Prop55
280
     0
102
RTVSPost2010PropOp55
 70
     1
102
RTVSPost2010Prop56
140
1.0
102
RTVSPost2010PropOp56
 70
     1
102
RTVSPost2010Prop57
140
1.0
102
RTVSPost2010PropOp57
 70
     1
  0
XRECORD
  5
F53
102
{ACAD_REACTORS
330
F52
102
}
330
F52
100
AcDbXrecord
280
     1
102
RTVSPropertyOp0
 70
     1
102
RTVSPropertyOp1
 70
     1
102
RTVSPropertyOp2
 70
     1
102
RTVSPropertyOp3
 70
     1
102
RTVSPropertyOp4
 70
     1
102
RTVSPropertyOp5
 70
     1
102
RTVSPropertyOp6
 70
     1
102
RTVSPropertyOp7
 70
     1
102
RTVSPropertyOp8
 70
     1
102
RTVSPropertyOp9
 70
     1
102
RTVSPropertyOp10
 70
     1
102
RTVSPropertyOp11
 70
     1
102
RTVSPropertyOp12
 70
     1
102
RTVSPropertyOp13
 70
     1
102
RTVSPropertyOp14
 70
     1
102
RTVSPropertyOp15
 70
     1
102
RTVSPropertyOp16
 70
     1
102
RTVSPropertyOp17
 70
     1
102
RTVSPropertyOp18
 70
     1
102
RTVSPropertyOp19
 70
     1
102
RTVSPropertyOp20
 70
     1
102
RTVSPropertyOp21
 70
     1
102
RTVSPropertyOp22
 70
     1
102
RTVSPropertyOp23
 70
     1
102
RTVSPropertyOp24
 70
     1
102
RTVSPropertyOp25
 70
     1
102
RTVSPropertyOp26
 70
     1
102
RTVSPropertyOp27
 70
     1
102
RTVSPropertyOp28
 70
     1
102
RTVSPropertyOp29
 70
     1
102
RTVSPropertyOp30
 70
     1
102
RTVSPropertyOp31
 70
     1
102
RTVSPropertyOp32
 70
     1
102
RTVSPropertyOp33
 70
     1
102
RTVSPropertyOp34
 70
     1
102
RTVSPropertyOp35
 70
     1
102
RTVSPropertyOp36
 70
     1
102
RTVSPropertyOp37
 70
     1
102
RTVSPropertyOp38
 70
     1
102
RTVSPropertyOp39
 70
     1
102
RTVSPropertyOp40
 70
     1
102
RTVSPropertyOp41
 70
     1
102
RTVSPropertyOp42
 70
     1
102
RTVSPropertyOp43
 70
     1
102
RTVSPropertyOp44
 70
     1
102
RTVSPropertyOp45
 70
     1
102
RTVSPropertyOp46
 70
     1
102
RTVSPropertyOp47
 70
     1
102
RTVSPropertyOp48
 70
     1
102
RTVSPropertyOp49
 70
     1
102
RTVSPropertyOp50
 70
     1
102
RTVSPropertyOp51
 70
     0
102
RTVSPropertyOp52
 70
     0
102
RTVSPropertyOp53
 70
     1
102
RTVSPropertyOp54
 70
     1
102
RTVSPropertyOp55
 70
     1
102
RTVSPropertyOp56
 70
     1
102
RTVSPropertyOp57
 70
     1
102
RTVSPost2010Prop28
280
     0
102
RTVSPost2010PropOp28
 70
     1
102
RTVSPost2010Prop29
280
     1
102
RTVSPost2010PropOp29
 70
     1
102
RTVSPost2010Prop30
280
     1
102
RTVSPost2010PropOp30
 70
     1
102
RTVSPost2010Prop31
280
     0
102
RTVSPost2010PropOp31
 70
     1
102
RTVSPost2010Prop32
280
     0
102
RTVSPost2010PropOp32
 70
     1
102
RTVSPost2010Prop33
280
     0
102
RTVSPost2010PropOp33
 70
     1
102
RTVSPost2010Prop34
280
     0
102
RTVSPost2010PropOp34
 70
     1
102
RTVSPost2010Prop35
280
     0
102
RTVSPost2010PropOp35
 70
     1
102
RTVSPost2010Prop36
280
     0
102
RTVSPost2010PropOp36
 70
     1
102
RTVSPost2010Prop37
 90
       50
102
RTVSPost2010PropOp37
 70
     1
102
RTVSPost2010Prop38
140
0.0
102
RTVSPost2010PropOp38
 70
     1
102
RTVSPost2010Prop39
140
1.0
102
RTVSPost2010PropOp39
 70
     1
102
RTVSPost2010Prop40
 90
        0
102
RTVSPost2010PropOp40
 70
     1
102
RTVSPost2010Prop41ColorIndex
 90
       18
102
RTVSPost2010Prop41ColorRGB
 90
        0
102
RTVSPost2010PropOp41
 70
     1
102
RTVSPost2010Prop42
 90
       50
102
RTVSPost2010PropOp42
 70
     1
102
RTVSPost2010Prop43
 90
        3
102
RTVSPost2010PropOp43
 70
     1
102
RTVSPost2010Prop44ColorIndex
 90
        5
102
RTVSPost2010Prop44ColorRGB
 90
      255
102
RTVSPost2010PropOp44
 70
     1
102
RTVSPost2010Prop45
280
     0
102
RTVSPost2010PropOp45
 70
     1
102
RTVSPost2010Prop46
 90
       50
102
RTVSPost2010PropOp46
 70
     1
102
RTVSPost2010Prop47
 90
       50
102
RTVSPost2010PropOp47
 70
     1
102
RTVSPost2010Prop48
 90
       50
102
RTVSPost2010PropOp48
 70
     1
102
RTVSPost2010Prop49
280
     0
102
RTVSPost2010PropOp49
 70
     1
102
RTVSPost2010Prop50
 90
       50
102
RTVSPost2010PropOp50
 70
     1
102
RTVSPost2010Prop51ColorIndex
 90
      256
102
RTVSPost2010Prop51ColorRGB
 90
-16777216
102
RTVSPost2010PropOp51
 70
     0
102
RTVSPost2010Prop52
140
1.0
102
RTVSPost2010PropOp52
 70
     0
102
RTVSPost2010Prop53
 90
        2
102
RTVSPost2010PropOp53
 70
     1
102
RTVSPost2010Prop54
  1
strokes_ogs.tif
102
RTVSPost2010PropOp54
 70
     1
102
RTVSPost2010Prop55
280
     0
102
RTVSPost2010PropOp55
 70
     1
102
RTVSPost2010Prop56
140
1.0
102
RTVSPost2010PropOp56
 70
     1
102
RTVSPost2010Prop57
140
1.0
102
RTVSPost2010PropOp57
 70
     1
  0
XRECORD
  5
F55
102
{ACAD_REACTORS
330
F54
102
}
330
F54
100
AcDbXrecord
280
     1
102
RTVSPropertyOp0
 70
     1
102
RTVSPropertyOp1
 70
     1
102
RTVSPropertyOp2
 70
     1
102
RTVSPropertyOp3
 70
     1
102
RTVSPropertyOp4
 70
     1
102
RTVSPropertyOp5
 70
     1
102
RTVSPropertyOp6
 70
     1
102
RTVSPropertyOp7
 70
     1
102
RTVSPropertyOp8
 70
     1
102
RTVSPropertyOp9
 70
     1
102
RTVSPropertyOp10
 70
     1
102
RTVSPropertyOp11
 70
     1
102
RTVSPropertyOp12
 70
     1
102
RTVSPropertyOp13
 70
     1
102
RTVSPropertyOp14
 70
     1
102
RTVSPropertyOp15
 70
     1
102
RTVSPropertyOp16
 70
     1
102
RTVSPropertyOp17
 70
     1
102
RTVSPropertyOp18
 70
     1
102
RTVSPropertyOp19
 70
     1
102
RTVSPropertyOp20
 70
     1
102
RTVSPropertyOp21
 70
     1
102
RTVSPropertyOp22
 70
     1
102
RTVSPropertyOp23
 70
     1
102
RTVSPropertyOp24
 70
     1
102
RTVSPropertyOp25
 70
     1
102
RTVSPropertyOp26
 70
     1
102
RTVSPropertyOp27
 70
     1
102
RTVSPropertyOp28
 70
     1
102
RTVSPropertyOp29
 70
     1
102
RTVSPropertyOp30
 70
     1
102
RTVSPropertyOp31
 70
     1
102
RTVSPropertyOp32
 70
     1
102
RTVSPropertyOp33
 70
     1
102
RTVSPropertyOp34
 70
     1
102
RTVSPropertyOp35
 70
     1
102
RTVSPropertyOp36
 70
     1
102
RTVSPropertyOp37
 70
     1
102
RTVSPropertyOp38
 70
     1
102
RTVSPropertyOp39
 70
     1
102
RTVSPropertyOp40
 70
     1
102
RTVSPropertyOp41
 70
     1
102
RTVSPropertyOp42
 70
     1
102
RTVSPropertyOp43
 70
     1
102
RTVSPropertyOp44
 70
     1
102
RTVSPropertyOp45
 70
     1
102
RTVSPropertyOp46
 70
     1
102
RTVSPropertyOp47
 70
     1
102
RTVSPropertyOp48
 70
     1
102
RTVSPropertyOp49
 70
     1
102
RTVSPropertyOp50
 70
     1
102
RTVSPropertyOp51
 70
     0
102
RTVSPropertyOp52
 70
     0
102
RTVSPropertyOp53
 70
     1
102
RTVSPropertyOp54
 70
     1
102
RTVSPropertyOp55
 70
     1
102
RTVSPropertyOp56
 70
     1
102
RTVSPropertyOp57
 70
     1
102
RTVSPost2010Prop28
280
     0
102
RTVSPost2010PropOp28
 70
     1
102
RTVSPost2010Prop29
280
     1
102
RTVSPost2010PropOp29
 70
     1
102
RTVSPost2010Prop30
280
     1
102
RTVSPost2010PropOp30
 70
     1
102
RTVSPost2010Prop31
280
     0
102
RTVSPost2010PropOp31
 70
     1
102
RTVSPost2010Prop32
280
     0
102
RTVSPost2010PropOp32
 70
     1
102
RTVSPost2010Prop33
280
     0
102
RTVSPost2010PropOp33
 70
     1
102
RTVSPost2010Prop34
280
     0
102
RTVSPost2010PropOp34
 70
     1
102
RTVSPost2010Prop35
280
     0
102
RTVSPost2010PropOp35
 70
     1
102
RTVSPost2010Prop36
280
     0
102
RTVSPost2010PropOp36
 70
     1
102
RTVSPost2010Prop37
 90
       50
102
RTVSPost2010PropOp37
 70
     1
102
RTVSPost2010Prop38
140
0.0
102
RTVSPost2010PropOp38
 70
     1
102
RTVSPost2010Prop39
140
1.0
102
RTVSPost2010PropOp39
 70
     1
102
RTVSPost2010Prop40
 90
        0
102
RTVSPost2010PropOp40
 70
     1
102
RTVSPost2010Prop41ColorIndex
 90
       18
102
RTVSPost2010Prop41ColorRGB
 90
        0
102
RTVSPost2010PropOp41
 70
     1
102
RTVSPost2010Prop42
 90
       50
102
RTVSPost2010PropOp42
 70
     1
102
RTVSPost2010Prop43
 90
        3
102
RTVSPost2010PropOp43
 70
     1
102
RTVSPost2010Prop44ColorIndex
 90
        5
102
RTVSPost2010Prop44ColorRGB
 90
      255
102
RTVSPost2010PropOp44
 70
     1
102
RTVSPost2010Prop45
280
     0
102
RTVSPost2010PropOp45
 70
     1
102
RTVSPost2010Prop46
 90
       50
102
RTVSPost2010PropOp46
 70
     1
102
RTVSPost2010Prop47
 90
       50
102
RTVSPost2010PropOp47
 70
     1
102
RTVSPost2010Prop48
 90
       50
102
RTVSPost2010PropOp48
 70
     1
102
RTVSPost2010Prop49
280
     0
102
RTVSPost2010PropOp49
 70
     1
102
RTVSPost2010Prop50
 90
       50
102
RTVSPost2010PropOp50
 70
     1
102
RTVSPost2010Prop51ColorIndex
 90
      256
102
RTVSPost2010Prop51ColorRGB
 90
-16777216
102
RTVSPost2010PropOp51
 70
     0
102
RTVSPost2010Prop52
140
1.0
102
RTVSPost2010PropOp52
 70
     0
102
RTVSPost2010Prop53
 90
        2
102
RTVSPost2010PropOp53
 70
     1
102
RTVSPost2010Prop54
  1
strokes_ogs.tif
102
RTVSPost2010PropOp54
 70
     1
102
RTVSPost2010Prop55
280
     0
102
RTVSPost2010PropOp55
 70
     1
102
RTVSPost2010Prop56
140
1.0
102
RTVSPost2010PropOp56
 70
     1
102
RTVSPost2010Prop57
140
1.0
102
RTVSPost2010PropOp57
 70
     1
  0
XRECORD
  5
F5B
102
{ACAD_REACTORS
330
F5A
102
}
330
F5A
100
AcDbXrecord
280
     1
102
RTVSPropertyOp0
 70
     1
102
RTVSPropertyOp1
 70
     1
102
RTVSPropertyOp2
 70
     1
102
RTVSPropertyOp3
 70
     1
102
RTVSPropertyOp4
 70
     1
102
RTVSPropertyOp5
 70
     1
102
RTVSPropertyOp6
 70
     1
102
RTVSPropertyOp7
 70
     1
102
RTVSPropertyOp8
 70
     1
102
RTVSPropertyOp9
 70
     1
102
RTVSPropertyOp10
 70
     1
102
RTVSPropertyOp11
 70
     1
102
RTVSPropertyOp12
 70
     1
102
RTVSPropertyOp13
 70
     1
102
RTVSPropertyOp14
 70
     1
102
RTVSPropertyOp15
 70
     1
102
RTVSPropertyOp16
 70
     1
102
RTVSPropertyOp17
 70
     1
102
RTVSPropertyOp18
 70
     1
102
RTVSPropertyOp19
 70
     1
102
RTVSPropertyOp20
 70
     1
102
RTVSPropertyOp21
 70
     1
102
RTVSPropertyOp22
 70
     1
102
RTVSPropertyOp23
 70
     1
102
RTVSPropertyOp24
 70
     1
102
RTVSPropertyOp25
 70
     1
102
RTVSPropertyOp26
 70
     1
102
RTVSPropertyOp27
 70
     1
102
RTVSPropertyOp28
 70
     1
102
RTVSPropertyOp29
 70
     1
102
RTVSPropertyOp30
 70
     1
102
RTVSPropertyOp31
 70
     1
102
RTVSPropertyOp32
 70
     1
102
RTVSPropertyOp33
 70
     1
102
RTVSPropertyOp34
 70
     1
102
RTVSPropertyOp35
 70
     1
102
RTVSPropertyOp36
 70
     1
102
RTVSPropertyOp37
 70
     1
102
RTVSPropertyOp38
 70
     1
102
RTVSPropertyOp39
 70
     1
102
RTVSPropertyOp40
 70
     1
102
RTVSPropertyOp41
 70
     1
102
RTVSPropertyOp42
 70
     1
102
RTVSPropertyOp43
 70
     1
102
RTVSPropertyOp44
 70
     1
102
RTVSPropertyOp45
 70
     1
102
RTVSPropertyOp46
 70
     1
102
RTVSPropertyOp47
 70
     1
102
RTVSPropertyOp48
 70
     1
102
RTVSPropertyOp49
 70
     1
102
RTVSPropertyOp50
 70
     1
102
RTVSPropertyOp51
 70
     0
102
RTVSPropertyOp52
 70
     0
102
RTVSPropertyOp53
 70
     1
102
RTVSPropertyOp54
 70
     1
102
RTVSPropertyOp55
 70
     1
102
RTVSPropertyOp56
 70
     1
102
RTVSPropertyOp57
 70
     1
102
RTVSPost2010Prop28
280
     0
102
RTVSPost2010PropOp28
 70
     1
102
RTVSPost2010Prop29
280
     1
102
RTVSPost2010PropOp29
 70
     1
102
RTVSPost2010Prop30
280
     1
102
RTVSPost2010PropOp30
 70
     1
102
RTVSPost2010Prop31
280
     0
102
RTVSPost2010PropOp31
 70
     1
102
RTVSPost2010Prop32
280
     0
102
RTVSPost2010PropOp32
 70
     1
102
RTVSPost2010Prop33
280
     0
102
RTVSPost2010PropOp33
 70
     1
102
RTVSPost2010Prop34
280
     0
102
RTVSPost2010PropOp34
 70
     1
102
RTVSPost2010Prop35
280
     0
102
RTVSPost2010PropOp35
 70
     1
102
RTVSPost2010Prop36
280
     0
102
RTVSPost2010PropOp36
 70
     1
102
RTVSPost2010Prop37
 90
       50
102
RTVSPost2010PropOp37
 70
     1
102
RTVSPost2010Prop38
140
0.0
102
RTVSPost2010PropOp38
 70
     1
102
RTVSPost2010Prop39
140
1.0
102
RTVSPost2010PropOp39
 70
     1
102
RTVSPost2010Prop40
 90
        0
102
RTVSPost2010PropOp40
 70
     1
102
RTVSPost2010Prop41ColorIndex
 90
       18
102
RTVSPost2010Prop41ColorRGB
 90
        0
102
RTVSPost2010PropOp41
 70
     1
102
RTVSPost2010Prop42
 90
       50
102
RTVSPost2010PropOp42
 70
     1
102
RTVSPost2010Prop43
 90
        3
102
RTVSPost2010PropOp43
 70
     1
102
RTVSPost2010Prop44ColorIndex
 90
        5
102
RTVSPost2010Prop44ColorRGB
 90
      255
102
RTVSPost2010PropOp44
 70
     1
102
RTVSPost2010Prop45
280
     0
102
RTVSPost2010PropOp45
 70
     1
102
RTVSPost2010Prop46
 90
       50
102
RTVSPost2010PropOp46
 70
     1
102
RTVSPost2010Prop47
 90
       50
102
RTVSPost2010PropOp47
 70
     1
102
RTVSPost2010Prop48
 90
       50
102
RTVSPost2010PropOp48
 70
     1
102
RTVSPost2010Prop49
280
     0
102
RTVSPost2010PropOp49
 70
     1
102
RTVSPost2010Prop50
 90
       50
102
RTVSPost2010PropOp50
 70
     1
102
RTVSPost2010Prop51ColorIndex
 90
      256
102
RTVSPost2010Prop51ColorRGB
 90
-16777216
102
RTVSPost2010PropOp51
 70
     0
102
RTVSPost2010Prop52
140
1.0
102
RTVSPost2010PropOp52
 70
     0
102
RTVSPost2010Prop53
 90
        2
102
RTVSPost2010PropOp53
 70
     1
102
RTVSPost2010Prop54
  1
strokes_ogs.tif
102
RTVSPost2010PropOp54
 70
     1
102
RTVSPost2010Prop55
280
     0
102
RTVSPost2010PropOp55
 70
     1
102
RTVSPost2010Prop56
140
1.0
102
RTVSPost2010PropOp56
 70
     1
102
RTVSPost2010Prop57
140
1.0
102
RTVSPost2010PropOp57
 70
     1
  0
XRECORD
  5
F6F
102
{ACAD_REACTORS
330
F6E
102
}
330
F6E
100
AcDbXrecord
280
     1
102
RTVSPropertyOp0
 70
     0
102
RTVSPropertyOp1
 70
     0
102
RTVSPropertyOp2
 70
     0
102
RTVSPropertyOp3
 70
     0
102
RTVSPropertyOp4
 70
     0
102
RTVSPropertyOp5
 70
     0
102
RTVSPropertyOp6
 70
     0
102
RTVSPropertyOp7
 70
     0
102
RTVSPropertyOp8
 70
     0
102
RTVSPropertyOp9
 70
     0
102
RTVSPropertyOp10
 70
     0
102
RTVSPropertyOp11
 70
     0
102
RTVSPropertyOp12
 70
     0
102
RTVSPropertyOp13
 70
     0
102
RTVSPropertyOp14
 70
     2
102
RTVSPropertyOp15
 70
     0
102
RTVSPropertyOp16
 70
     0
102
RTVSPropertyOp17
 70
     0
102
RTVSPropertyOp18
 70
     0
102
RTVSPropertyOp19
 70
     0
102
RTVSPropertyOp20
 70
     0
102
RTVSPropertyOp21
 70
     0
102
RTVSPropertyOp22
 70
     0
102
RTVSPropertyOp23
 70
     0
102
RTVSPropertyOp24
 70
     0
102
RTVSPropertyOp25
 70
     0
102
RTVSPropertyOp26
 70
     0
102
RTVSPropertyOp27
 70
     0
102
RTVSPropertyOp28
 70
     0
102
RTVSPropertyOp29
 70
     0
102
RTVSPropertyOp30
 70
     0
102
RTVSPropertyOp31
 70
     0
102
RTVSPropertyOp32
 70
     0
102
RTVSPropertyOp33
 70
     0
102
RTVSPropertyOp34
 70
     0
102
RTVSPropertyOp35
 70
     0
102
RTVSPropertyOp36
 70
     0
102
RTVSPropertyOp37
 70
     0
102
RTVSPropertyOp38
 70
     0
102
RTVSPropertyOp39
 70
     0
102
RTVSPropertyOp40
 70
     0
102
RTVSPropertyOp41
 70
     0
102
RTVSPropertyOp42
 70
     0
102
RTVSPropertyOp43
 70
     0
102
RTVSPropertyOp44
 70
     0
102
RTVSPropertyOp45
 70
     0
102
RTVSPropertyOp46
 70
     0
102
RTVSPropertyOp47
 70
     0
102
RTVSPropertyOp48
 70
     0
102
RTVSPropertyOp49
 70
     0
102
RTVSPropertyOp50
 70
     0
102
RTVSPropertyOp51
 70
     0
102
RTVSPropertyOp52
 70
     0
102
RTVSPropertyOp53
 70
     0
102
RTVSPropertyOp54
 70
     0
102
RTVSPropertyOp55
 70
     0
102
RTVSPropertyOp56
 70
     0
102
RTVSPropertyOp57
 70
     0
102
RTVSPost2010Prop28
280
     0
102
RTVSPost2010PropOp28
 70
     0
102
RTVSPost2010Prop29
280
     1
102
RTVSPost2010PropOp29
 70
     0
102
RTVSPost2010Prop30
280
     1
102
RTVSPost2010PropOp30
 70
     0
102
RTVSPost2010Prop31
280
     0
102
RTVSPost2010PropOp31
 70
     0
102
RTVSPost2010Prop32
280
     0
102
RTVSPost2010PropOp32
 70
     0
102
RTVSPost2010Prop33
280
     0
102
RTVSPost2010PropOp33
 70
     0
102
RTVSPost2010Prop34
280
     0
102
RTVSPost2010PropOp34
 70
     0
102
RTVSPost2010Prop35
280
     0
102
RTVSPost2010PropOp35
 70
     0
102
RTVSPost2010Prop36
280
     0
102
RTVSPost2010PropOp36
 70
     0
102
RTVSPost2010Prop37
 90
       50
102
RTVSPost2010PropOp37
 70
     0
102
RTVSPost2010Prop38
140
0.0
102
RTVSPost2010PropOp38
 70
     0
102
RTVSPost2010Prop39
140
1.0
102
RTVSPost2010PropOp39
 70
     0
102
RTVSPost2010Prop40
 90
        0
102
RTVSPost2010PropOp40
 70
     0
102
RTVSPost2010Prop41ColorIndex
 90
       18
102
RTVSPost2010Prop41ColorRGB
 90
        0
102
RTVSPost2010PropOp41
 70
     0
102
RTVSPost2010Prop42
 90
       50
102
RTVSPost2010PropOp42
 70
     0
102
RTVSPost2010Prop43
 90
        3
102
RTVSPost2010PropOp43
 70
     0
102
RTVSPost2010Prop44ColorIndex
 90
        5
102
RTVSPost2010Prop44ColorRGB
 90
      255
102
RTVSPost2010PropOp44
 70
     0
102
RTVSPost2010Prop45
280
     0
102
RTVSPost2010PropOp45
 70
     0
102
RTVSPost2010Prop46
 90
       50
102
RTVSPost2010PropOp46
 70
     0
102
RTVSPost2010Prop47
 90
       50
102
RTVSPost2010PropOp47
 70
     0
102
RTVSPost2010Prop48
 90
       50
102
RTVSPost2010PropOp48
 70
     0
102
RTVSPost2010Prop49
280
     0
102
RTVSPost2010PropOp49
 70
     0
102
RTVSPost2010Prop50
 90
       50
102
RTVSPost2010PropOp50
 70
     0
102
RTVSPost2010Prop51ColorIndex
 90
      256
102
RTVSPost2010Prop51ColorRGB
 90
-16777216
102
RTVSPost2010PropOp51
 70
     0
102
RTVSPost2010Prop52
140
1.0
102
RTVSPost2010PropOp52
 70
     0
102
RTVSPost2010Prop53
 90
        2
102
RTVSPost2010PropOp53
 70
     0
102
RTVSPost2010Prop54
  1
strokes_ogs.tif
102
RTVSPost2010PropOp54
 70
     0
102
RTVSPost2010Prop55
280
     0
102
RTVSPost2010PropOp55
 70
     0
102
RTVSPost2010Prop56
140
1.0
102
RTVSPost2010PropOp56
 70
     0
102
RTVSPost2010Prop57
140
1.0
102
RTVSPost2010PropOp57
 70
     0
  0
XRECORD
  5
F69
102
{ACAD_REACTORS
330
F68
102
}
330
F68
100
AcDbXrecord
280
     1
102
RTVSPropertyOp0
 70
     1
102
RTVSPropertyOp1
 70
     1
102
RTVSPropertyOp2
 70
     1
102
RTVSPropertyOp3
 70
     1
102
RTVSPropertyOp4
 70
     1
102
RTVSPropertyOp5
 70
     1
102
RTVSPropertyOp6
 70
     1
102
RTVSPropertyOp7
 70
     1
102
RTVSPropertyOp8
 70
     1
102
RTVSPropertyOp9
 70
     1
102
RTVSPropertyOp10
 70
     1
102
RTVSPropertyOp11
 70
     1
102
RTVSPropertyOp12
 70
     1
102
RTVSPropertyOp13
 70
     1
102
RTVSPropertyOp14
 70
     1
102
RTVSPropertyOp15
 70
     1
102
RTVSPropertyOp16
 70
     1
102
RTVSPropertyOp17
 70
     1
102
RTVSPropertyOp18
 70
     1
102
RTVSPropertyOp19
 70
     1
102
RTVSPropertyOp20
 70
     1
102
RTVSPropertyOp21
 70
     1
102
RTVSPropertyOp22
 70
     1
102
RTVSPropertyOp23
 70
     1
102
RTVSPropertyOp24
 70
     1
102
RTVSPropertyOp25
 70
     1
102
RTVSPropertyOp26
 70
     1
102
RTVSPropertyOp27
 70
     1
102
RTVSPropertyOp28
 70
     1
102
RTVSPropertyOp29
 70
     1
102
RTVSPropertyOp30
 70
     1
102
RTVSPropertyOp31
 70
     1
102
RTVSPropertyOp32
 70
     1
102
RTVSPropertyOp33
 70
     1
102
RTVSPropertyOp34
 70
     1
102
RTVSPropertyOp35
 70
     1
102
RTVSPropertyOp36
 70
     1
102
RTVSPropertyOp37
 70
     1
102
RTVSPropertyOp38
 70
     1
102
RTVSPropertyOp39
 70
     1
102
RTVSPropertyOp40
 70
     1
102
RTVSPropertyOp41
 70
     1
102
RTVSPropertyOp42
 70
     1
102
RTVSPropertyOp43
 70
     1
102
RTVSPropertyOp44
 70
     1
102
RTVSPropertyOp45
 70
     1
102
RTVSPropertyOp46
 70
     1
102
RTVSPropertyOp47
 70
     1
102
RTVSPropertyOp48
 70
     1
102
RTVSPropertyOp49
 70
     1
102
RTVSPropertyOp50
 70
     1
102
RTVSPropertyOp51
 70
     0
102
RTVSPropertyOp52
 70
     0
102
RTVSPropertyOp53
 70
     1
102
RTVSPropertyOp54
 70
     1
102
RTVSPropertyOp55
 70
     1
102
RTVSPropertyOp56
 70
     1
102
RTVSPropertyOp57
 70
     1
102
RTVSPost2010Prop28
280
     0
102
RTVSPost2010PropOp28
 70
     1
102
RTVSPost2010Prop29
280
     1
102
RTVSPost2010PropOp29
 70
     1
102
RTVSPost2010Prop30
280
     1
102
RTVSPost2010PropOp30
 70
     1
102
RTVSPost2010Prop31
280
     0
102
RTVSPost2010PropOp31
 70
     1
102
RTVSPost2010Prop32
280
     0
102
RTVSPost2010PropOp32
 70
     1
102
RTVSPost2010Prop33
280
     0
102
RTVSPost2010PropOp33
 70
     1
102
RTVSPost2010Prop34
280
     0
102
RTVSPost2010PropOp34
 70
     1
102
RTVSPost2010Prop35
280
     0
102
RTVSPost2010PropOp35
 70
     1
102
RTVSPost2010Prop36
280
     0
102
RTVSPost2010PropOp36
 70
     1
102
RTVSPost2010Prop37
 90
       50
102
RTVSPost2010PropOp37
 70
     1
102
RTVSPost2010Prop38
140
0.0
102
RTVSPost2010PropOp38
 70
     1
102
RTVSPost2010Prop39
140
1.0
102
RTVSPost2010PropOp39
 70
     1
102
RTVSPost2010Prop40
 90
        0
102
RTVSPost2010PropOp40
 70
     1
102
RTVSPost2010Prop41ColorIndex
 90
       18
102
RTVSPost2010Prop41ColorRGB
 90
        0
102
RTVSPost2010PropOp41
 70
     1
102
RTVSPost2010Prop42
 90
       50
102
RTVSPost2010PropOp42
 70
     1
102
RTVSPost2010Prop43
 90
        3
102
RTVSPost2010PropOp43
 70
     1
102
RTVSPost2010Prop44ColorIndex
 90
        5
102
RTVSPost2010Prop44ColorRGB
 90
      255
102
RTVSPost2010PropOp44
 70
     1
102
RTVSPost2010Prop45
280
     0
102
RTVSPost2010PropOp45
 70
     1
102
RTVSPost2010Prop46
 90
       50
102
RTVSPost2010PropOp46
 70
     1
102
RTVSPost2010Prop47
 90
       50
102
RTVSPost2010PropOp47
 70
     1
102
RTVSPost2010Prop48
 90
       50
102
RTVSPost2010PropOp48
 70
     1
102
RTVSPost2010Prop49
280
     0
102
RTVSPost2010PropOp49
 70
     1
102
RTVSPost2010Prop50
 90
       50
102
RTVSPost2010PropOp50
 70
     1
102
RTVSPost2010Prop51ColorIndex
 90
      256
102
RTVSPost2010Prop51ColorRGB
 90
-16777216
102
RTVSPost2010PropOp51
 70
     0
102
RTVSPost2010Prop52
140
1.0
102
RTVSPost2010PropOp52
 70
     0
102
RTVSPost2010Prop53
 90
        2
102
RTVSPost2010PropOp53
 70
     1
102
RTVSPost2010Prop54
  1
strokes_ogs.tif
102
RTVSPost2010PropOp54
 70
     1
102
RTVSPost2010Prop55
280
     0
102
RTVSPost2010PropOp55
 70
     1
102
RTVSPost2010Prop56
140
1.0
102
RTVSPost2010PropOp56
 70
     1
102
RTVSPost2010Prop57
140
1.0
102
RTVSPost2010PropOp57
 70
     1
  0
XRECORD
  5
F71
102
{ACAD_REACTORS
330
F70
102
}
330
F70
100
AcDbXrecord
280
     1
102
RTVSPropertyOp0
 70
     0
102
RTVSPropertyOp1
 70
     0
102
RTVSPropertyOp2
 70
     0
102
RTVSPropertyOp3
 70
     0
102
RTVSPropertyOp4
 70
     0
102
RTVSPropertyOp5
 70
     0
102
RTVSPropertyOp6
 70
     0
102
RTVSPropertyOp7
 70
     0
102
RTVSPropertyOp8
 70
     0
102
RTVSPropertyOp9
 70
     0
102
RTVSPropertyOp10
 70
     0
102
RTVSPropertyOp11
 70
     0
102
RTVSPropertyOp12
 70
     0
102
RTVSPropertyOp13
 70
     0
102
RTVSPropertyOp14
 70
     2
102
RTVSPropertyOp15
 70
     0
102
RTVSPropertyOp16
 70
     0
102
RTVSPropertyOp17
 70
     0
102
RTVSPropertyOp18
 70
     0
102
RTVSPropertyOp19
 70
     0
102
RTVSPropertyOp20
 70
     0
102
RTVSPropertyOp21
 70
     0
102
RTVSPropertyOp22
 70
     0
102
RTVSPropertyOp23
 70
     0
102
RTVSPropertyOp24
 70
     0
102
RTVSPropertyOp25
 70
     0
102
RTVSPropertyOp26
 70
     0
102
RTVSPropertyOp27
 70
     0
102
RTVSPropertyOp28
 70
     0
102
RTVSPropertyOp29
 70
     0
102
RTVSPropertyOp30
 70
     0
102
RTVSPropertyOp31
 70
     0
102
RTVSPropertyOp32
 70
     0
102
RTVSPropertyOp33
 70
     0
102
RTVSPropertyOp34
 70
     0
102
RTVSPropertyOp35
 70
     0
102
RTVSPropertyOp36
 70
     0
102
RTVSPropertyOp37
 70
     0
102
RTVSPropertyOp38
 70
     0
102
RTVSPropertyOp39
 70
     0
102
RTVSPropertyOp40
 70
     0
102
RTVSPropertyOp41
 70
     0
102
RTVSPropertyOp42
 70
     0
102
RTVSPropertyOp43
 70
     0
102
RTVSPropertyOp44
 70
     0
102
RTVSPropertyOp45
 70
     0
102
RTVSPropertyOp46
 70
     0
102
RTVSPropertyOp47
 70
     0
102
RTVSPropertyOp48
 70
     0
102
RTVSPropertyOp49
 70
     0
102
RTVSPropertyOp50
 70
     0
102
RTVSPropertyOp51
 70
     0
102
RTVSPropertyOp52
 70
     0
102
RTVSPropertyOp53
 70
     0
102
RTVSPropertyOp54
 70
     0
102
RTVSPropertyOp55
 70
     0
102
RTVSPropertyOp56
 70
     0
102
RTVSPropertyOp57
 70
     0
102
RTVSPost2010Prop28
280
     0
102
RTVSPost2010PropOp28
 70
     0
102
RTVSPost2010Prop29
280
     1
102
RTVSPost2010PropOp29
 70
     0
102
RTVSPost2010Prop30
280
     1
102
RTVSPost2010PropOp30
 70
     0
102
RTVSPost2010Prop31
280
     0
102
RTVSPost2010PropOp31
 70
     0
102
RTVSPost2010Prop32
280
     0
102
RTVSPost2010PropOp32
 70
     0
102
RTVSPost2010Prop33
280
     0
102
RTVSPost2010PropOp33
 70
     0
102
RTVSPost2010Prop34
280
     0
102
RTVSPost2010PropOp34
 70
     0
102
RTVSPost2010Prop35
280
     0
102
RTVSPost2010PropOp35
 70
     0
102
RTVSPost2010Prop36
280
     0
102
RTVSPost2010PropOp36
 70
     0
102
RTVSPost2010Prop37
 90
       50
102
RTVSPost2010PropOp37
 70
     0
102
RTVSPost2010Prop38
140
0.0
102
RTVSPost2010PropOp38
 70
     0
102
RTVSPost2010Prop39
140
1.0
102
RTVSPost2010PropOp39
 70
     0
102
RTVSPost2010Prop40
 90
        0
102
RTVSPost2010PropOp40
 70
     0
102
RTVSPost2010Prop41ColorIndex
 90
       18
102
RTVSPost2010Prop41ColorRGB
 90
        0
102
RTVSPost2010PropOp41
 70
     0
102
RTVSPost2010Prop42
 90
       50
102
RTVSPost2010PropOp42
 70
     0
102
RTVSPost2010Prop43
 90
        3
102
RTVSPost2010PropOp43
 70
     0
102
RTVSPost2010Prop44ColorIndex
 90
        5
102
RTVSPost2010Prop44ColorRGB
 90
      255
102
RTVSPost2010PropOp44
 70
     0
102
RTVSPost2010Prop45
280
     0
102
RTVSPost2010PropOp45
 70
     0
102
RTVSPost2010Prop46
 90
       50
102
RTVSPost2010PropOp46
 70
     0
102
RTVSPost2010Prop47
 90
       50
102
RTVSPost2010PropOp47
 70
     0
102
RTVSPost2010Prop48
 90
       50
102
RTVSPost2010PropOp48
 70
     0
102
RTVSPost2010Prop49
280
     0
102
RTVSPost2010PropOp49
 70
     0
102
RTVSPost2010Prop50
 90
       50
102
RTVSPost2010PropOp50
 70
     0
102
RTVSPost2010Prop51ColorIndex
 90
      256
102
RTVSPost2010Prop51ColorRGB
 90
-16777216
102
RTVSPost2010PropOp51
 70
     0
102
RTVSPost2010Prop52
140
1.0
102
RTVSPost2010PropOp52
 70
     0
102
RTVSPost2010Prop53
 90
        2
102
RTVSPost2010PropOp53
 70
     0
102
RTVSPost2010Prop54
  1
strokes_ogs.tif
102
RTVSPost2010PropOp54
 70
     0
102
RTVSPost2010Prop55
280
     0
102
RTVSPost2010PropOp55
 70
     0
102
RTVSPost2010Prop56
140
1.0
102
RTVSPost2010PropOp56
 70
     0
102
RTVSPost2010Prop57
140
1.0
102
RTVSPost2010PropOp57
 70
     0
  0
XRECORD
  5
F5F
102
{ACAD_REACTORS
330
F5E
102
}
330
F5E
100
AcDbXrecord
280
     1
102
RTVSPropertyOp0
 70
     1
102
RTVSPropertyOp1
 70
     1
102
RTVSPropertyOp2
 70
     1
102
RTVSPropertyOp3
 70
     1
102
RTVSPropertyOp4
 70
     1
102
RTVSPropertyOp5
 70
     1
102
RTVSPropertyOp6
 70
     1
102
RTVSPropertyOp7
 70
     1
102
RTVSPropertyOp8
 70
     1
102
RTVSPropertyOp9
 70
     1
102
RTVSPropertyOp10
 70
     1
102
RTVSPropertyOp11
 70
     1
102
RTVSPropertyOp12
 70
     1
102
RTVSPropertyOp13
 70
     1
102
RTVSPropertyOp14
 70
     1
102
RTVSPropertyOp15
 70
     1
102
RTVSPropertyOp16
 70
     1
102
RTVSPropertyOp17
 70
     1
102
RTVSPropertyOp18
 70
     1
102
RTVSPropertyOp19
 70
     1
102
RTVSPropertyOp20
 70
     1
102
RTVSPropertyOp21
 70
     1
102
RTVSPropertyOp22
 70
     1
102
RTVSPropertyOp23
 70
     1
102
RTVSPropertyOp24
 70
     1
102
RTVSPropertyOp25
 70
     1
102
RTVSPropertyOp26
 70
     1
102
RTVSPropertyOp27
 70
     1
102
RTVSPropertyOp28
 70
     1
102
RTVSPropertyOp29
 70
     1
102
RTVSPropertyOp30
 70
     1
102
RTVSPropertyOp31
 70
     1
102
RTVSPropertyOp32
 70
     1
102
RTVSPropertyOp33
 70
     1
102
RTVSPropertyOp34
 70
     1
102
RTVSPropertyOp35
 70
     1
102
RTVSPropertyOp36
 70
     1
102
RTVSPropertyOp37
 70
     1
102
RTVSPropertyOp38
 70
     1
102
RTVSPropertyOp39
 70
     1
102
RTVSPropertyOp40
 70
     1
102
RTVSPropertyOp41
 70
     1
102
RTVSPropertyOp42
 70
     1
102
RTVSPropertyOp43
 70
     1
102
RTVSPropertyOp44
 70
     1
102
RTVSPropertyOp45
 70
     1
102
RTVSPropertyOp46
 70
     1
102
RTVSPropertyOp47
 70
     1
102
RTVSPropertyOp48
 70
     1
102
RTVSPropertyOp49
 70
     1
102
RTVSPropertyOp50
 70
     1
102
RTVSPropertyOp51
 70
     0
102
RTVSPropertyOp52
 70
     0
102
RTVSPropertyOp53
 70
     1
102
RTVSPropertyOp54
 70
     1
102
RTVSPropertyOp55
 70
     1
102
RTVSPropertyOp56
 70
     1
102
RTVSPropertyOp57
 70
     1
102
RTVSPost2010Prop28
280
     0
102
RTVSPost2010PropOp28
 70
     1
102
RTVSPost2010Prop29
280
     1
102
RTVSPost2010PropOp29
 70
     1
102
RTVSPost2010Prop30
280
     1
102
RTVSPost2010PropOp30
 70
     1
102
RTVSPost2010Prop31
280
     0
102
RTVSPost2010PropOp31
 70
     1
102
RTVSPost2010Prop32
280
     0
102
RTVSPost2010PropOp32
 70
     1
102
RTVSPost2010Prop33
280
     0
102
RTVSPost2010PropOp33
 70
     1
102
RTVSPost2010Prop34
280
     0
102
RTVSPost2010PropOp34
 70
     1
102
RTVSPost2010Prop35
280
     0
102
RTVSPost2010PropOp35
 70
     1
102
RTVSPost2010Prop36
280
     0
102
RTVSPost2010PropOp36
 70
     1
102
RTVSPost2010Prop37
 90
       50
102
RTVSPost2010PropOp37
 70
     1
102
RTVSPost2010Prop38
140
0.0
102
RTVSPost2010PropOp38
 70
     1
102
RTVSPost2010Prop39
140
1.0
102
RTVSPost2010PropOp39
 70
     1
102
RTVSPost2010Prop40
 90
        0
102
RTVSPost2010PropOp40
 70
     1
102
RTVSPost2010Prop41ColorIndex
 90
       18
102
RTVSPost2010Prop41ColorRGB
 90
        0
102
RTVSPost2010PropOp41
 70
     1
102
RTVSPost2010Prop42
 90
       50
102
RTVSPost2010PropOp42
 70
     1
102
RTVSPost2010Prop43
 90
        3
102
RTVSPost2010PropOp43
 70
     1
102
RTVSPost2010Prop44ColorIndex
 90
        5
102
RTVSPost2010Prop44ColorRGB
 90
      255
102
RTVSPost2010PropOp44
 70
     1
102
RTVSPost2010Prop45
280
     0
102
RTVSPost2010PropOp45
 70
     1
102
RTVSPost2010Prop46
 90
       50
102
RTVSPost2010PropOp46
 70
     1
102
RTVSPost2010Prop47
 90
       50
102
RTVSPost2010PropOp47
 70
     1
102
RTVSPost2010Prop48
 90
       50
102
RTVSPost2010PropOp48
 70
     1
102
RTVSPost2010Prop49
280
     0
102
RTVSPost2010PropOp49
 70
     1
102
RTVSPost2010Prop50
 90
       50
102
RTVSPost2010PropOp50
 70
     1
102
RTVSPost2010Prop51ColorIndex
 90
      256
102
RTVSPost2010Prop51ColorRGB
 90
-16777216
102
RTVSPost2010PropOp51
 70
     0
102
RTVSPost2010Prop52
140
1.0
102
RTVSPost2010PropOp52
 70
     0
102
RTVSPost2010Prop53
 90
        2
102
RTVSPost2010PropOp53
 70
     1
102
RTVSPost2010Prop54
  1
strokes_ogs.tif
102
RTVSPost2010PropOp54
 70
     1
102
RTVSPost2010Prop55
280
     0
102
RTVSPost2010PropOp55
 70
     1
102
RTVSPost2010Prop56
140
1.0
102
RTVSPost2010PropOp56
 70
     1
102
RTVSPost2010Prop57
140
1.0
102
RTVSPost2010PropOp57
 70
     1
  0
XRECORD
  5
F7D
102
{ACAD_REACTORS
330
F7C
102
}
330
F7C
100
AcDbXrecord
280
     1
102
RTVSPropertyOp0
 70
     1
102
RTVSPropertyOp1
 70
     1
102
RTVSPropertyOp2
 70
     1
102
RTVSPropertyOp3
 70
     1
102
RTVSPropertyOp4
 70
     1
102
RTVSPropertyOp5
 70
     1
102
RTVSPropertyOp6
 70
     1
102
RTVSPropertyOp7
 70
     1
102
RTVSPropertyOp8
 70
     1
102
RTVSPropertyOp9
 70
     1
102
RTVSPropertyOp10
 70
     1
102
RTVSPropertyOp11
 70
     1
102
RTVSPropertyOp12
 70
     1
102
RTVSPropertyOp13
 70
     1
102
RTVSPropertyOp14
 70
     1
102
RTVSPropertyOp15
 70
     1
102
RTVSPropertyOp16
 70
     1
102
RTVSPropertyOp17
 70
     1
102
RTVSPropertyOp18
 70
     1
102
RTVSPropertyOp19
 70
     1
102
RTVSPropertyOp20
 70
     1
102
RTVSPropertyOp21
 70
     1
102
RTVSPropertyOp22
 70
     1
102
RTVSPropertyOp23
 70
     1
102
RTVSPropertyOp24
 70
     1
102
RTVSPropertyOp25
 70
     1
102
RTVSPropertyOp26
 70
     1
102
RTVSPropertyOp27
 70
     1
102
RTVSPropertyOp28
 70
     1
102
RTVSPropertyOp29
 70
     1
102
RTVSPropertyOp30
 70
     1
102
RTVSPropertyOp31
 70
     1
102
RTVSPropertyOp32
 70
     1
102
RTVSPropertyOp33
 70
     1
102
RTVSPropertyOp34
 70
     1
102
RTVSPropertyOp35
 70
     1
102
RTVSPropertyOp36
 70
     1
102
RTVSPropertyOp37
 70
     1
102
RTVSPropertyOp38
 70
     1
102
RTVSPropertyOp39
 70
     1
102
RTVSPropertyOp40
 70
     1
102
RTVSPropertyOp41
 70
     1
102
RTVSPropertyOp42
 70
     1
102
RTVSPropertyOp43
 70
     1
102
RTVSPropertyOp44
 70
     1
102
RTVSPropertyOp45
 70
     1
102
RTVSPropertyOp46
 70
     1
102
RTVSPropertyOp47
 70
     1
102
RTVSPropertyOp48
 70
     1
102
RTVSPropertyOp49
 70
     1
102
RTVSPropertyOp50
 70
     1
102
RTVSPropertyOp51
 70
     0
102
RTVSPropertyOp52
 70
     0
102
RTVSPropertyOp53
 70
     1
102
RTVSPropertyOp54
 70
     1
102
RTVSPropertyOp55
 70
     1
102
RTVSPropertyOp56
 70
     1
102
RTVSPropertyOp57
 70
     1
102
RTVSPost2010Prop28
280
     0
102
RTVSPost2010PropOp28
 70
     1
102
RTVSPost2010Prop29
280
     1
102
RTVSPost2010PropOp29
 70
     1
102
RTVSPost2010Prop30
280
     1
102
RTVSPost2010PropOp30
 70
     1
102
RTVSPost2010Prop31
280
     0
102
RTVSPost2010PropOp31
 70
     1
102
RTVSPost2010Prop32
280
     0
102
RTVSPost2010PropOp32
 70
     1
102
RTVSPost2010Prop33
280
     0
102
RTVSPost2010PropOp33
 70
     1
102
RTVSPost2010Prop34
280
     0
102
RTVSPost2010PropOp34
 70
     1
102
RTVSPost2010Prop35
280
     0
102
RTVSPost2010PropOp35
 70
     1
102
RTVSPost2010Prop36
280
     0
102
RTVSPost2010PropOp36
 70
     1
102
RTVSPost2010Prop37
 90
       50
102
RTVSPost2010PropOp37
 70
     1
102
RTVSPost2010Prop38
140
0.0
102
RTVSPost2010PropOp38
 70
     1
102
RTVSPost2010Prop39
140
1.0
102
RTVSPost2010PropOp39
 70
     1
102
RTVSPost2010Prop40
 90
        0
102
RTVSPost2010PropOp40
 70
     1
102
RTVSPost2010Prop41ColorIndex
 90
       18
102
RTVSPost2010Prop41ColorRGB
 90
        0
102
RTVSPost2010PropOp41
 70
     1
102
RTVSPost2010Prop42
 90
       50
102
RTVSPost2010PropOp42
 70
     1
102
RTVSPost2010Prop43
 90
        3
102
RTVSPost2010PropOp43
 70
     1
102
RTVSPost2010Prop44ColorIndex
 90
        5
102
RTVSPost2010Prop44ColorRGB
 90
      255
102
RTVSPost2010PropOp44
 70
     1
102
RTVSPost2010Prop45
280
     0
102
RTVSPost2010PropOp45
 70
     1
102
RTVSPost2010Prop46
 90
       50
102
RTVSPost2010PropOp46
 70
     1
102
RTVSPost2010Prop47
 90
       50
102
RTVSPost2010PropOp47
 70
     1
102
RTVSPost2010Prop48
 90
       50
102
RTVSPost2010PropOp48
 70
     1
102
RTVSPost2010Prop49
280
     0
102
RTVSPost2010PropOp49
 70
     1
102
RTVSPost2010Prop50
 90
       50
102
RTVSPost2010PropOp50
 70
     1
102
RTVSPost2010Prop51ColorIndex
 90
      256
102
RTVSPost2010Prop51ColorRGB
 90
-16777216
102
RTVSPost2010PropOp51
 70
     0
102
RTVSPost2010Prop52
140
1.0
102
RTVSPost2010PropOp52
 70
     0
102
RTVSPost2010Prop53
 90
        2
102
RTVSPost2010PropOp53
 70
     1
102
RTVSPost2010Prop54
  1
strokes_ogs.tif
102
RTVSPost2010PropOp54
 70
     1
102
RTVSPost2010Prop55
280
     0
102
RTVSPost2010PropOp55
 70
     1
102
RTVSPost2010Prop56
140
1.0
102
RTVSPost2010PropOp56
 70
     1
102
RTVSPost2010Prop57
140
1.0
102
RTVSPost2010PropOp57
 70
     1
  0
XRECORD
  5
F7B
102
{ACAD_REACTORS
330
F7A
102
}
330
F7A
100
AcDbXrecord
280
     1
102
RTVSPropertyOp0
 70
     1
102
RTVSPropertyOp1
 70
     1
102
RTVSPropertyOp2
 70
     1
102
RTVSPropertyOp3
 70
     1
102
RTVSPropertyOp4
 70
     1
102
RTVSPropertyOp5
 70
     1
102
RTVSPropertyOp6
 70
     1
102
RTVSPropertyOp7
 70
     1
102
RTVSPropertyOp8
 70
     1
102
RTVSPropertyOp9
 70
     1
102
RTVSPropertyOp10
 70
     1
102
RTVSPropertyOp11
 70
     1
102
RTVSPropertyOp12
 70
     1
102
RTVSPropertyOp13
 70
     1
102
RTVSPropertyOp14
 70
     1
102
RTVSPropertyOp15
 70
     1
102
RTVSPropertyOp16
 70
     1
102
RTVSPropertyOp17
 70
     1
102
RTVSPropertyOp18
 70
     1
102
RTVSPropertyOp19
 70
     1
102
RTVSPropertyOp20
 70
     1
102
RTVSPropertyOp21
 70
     1
102
RTVSPropertyOp22
 70
     1
102
RTVSPropertyOp23
 70
     1
102
RTVSPropertyOp24
 70
     1
102
RTVSPropertyOp25
 70
     1
102
RTVSPropertyOp26
 70
     1
102
RTVSPropertyOp27
 70
     1
102
RTVSPropertyOp28
 70
     1
102
RTVSPropertyOp29
 70
     1
102
RTVSPropertyOp30
 70
     1
102
RTVSPropertyOp31
 70
     1
102
RTVSPropertyOp32
 70
     1
102
RTVSPropertyOp33
 70
     1
102
RTVSPropertyOp34
 70
     1
102
RTVSPropertyOp35
 70
     1
102
RTVSPropertyOp36
 70
     1
102
RTVSPropertyOp37
 70
     1
102
RTVSPropertyOp38
 70
     1
102
RTVSPropertyOp39
 70
     1
102
RTVSPropertyOp40
 70
     1
102
RTVSPropertyOp41
 70
     1
102
RTVSPropertyOp42
 70
     1
102
RTVSPropertyOp43
 70
     1
102
RTVSPropertyOp44
 70
     1
102
RTVSPropertyOp45
 70
     1
102
RTVSPropertyOp46
 70
     1
102
RTVSPropertyOp47
 70
     1
102
RTVSPropertyOp48
 70
     1
102
RTVSPropertyOp49
 70
     1
102
RTVSPropertyOp50
 70
     1
102
RTVSPropertyOp51
 70
     0
102
RTVSPropertyOp52
 70
     0
102
RTVSPropertyOp53
 70
     1
102
RTVSPropertyOp54
 70
     1
102
RTVSPropertyOp55
 70
     1
102
RTVSPropertyOp56
 70
     1
102
RTVSPropertyOp57
 70
     1
102
RTVSPost2010Prop28
280
     0
102
RTVSPost2010PropOp28
 70
     1
102
RTVSPost2010Prop29
280
     1
102
RTVSPost2010PropOp29
 70
     1
102
RTVSPost2010Prop30
280
     1
102
RTVSPost2010PropOp30
 70
     1
102
RTVSPost2010Prop31
280
     0
102
RTVSPost2010PropOp31
 70
     1
102
RTVSPost2010Prop32
280
     0
102
RTVSPost2010PropOp32
 70
     1
102
RTVSPost2010Prop33
280
     0
102
RTVSPost2010PropOp33
 70
     1
102
RTVSPost2010Prop34
280
     0
102
RTVSPost2010PropOp34
 70
     1
102
RTVSPost2010Prop35
280
     0
102
RTVSPost2010PropOp35
 70
     1
102
RTVSPost2010Prop36
280
     0
102
RTVSPost2010PropOp36
 70
     1
102
RTVSPost2010Prop37
 90
       50
102
RTVSPost2010PropOp37
 70
     1
102
RTVSPost2010Prop38
140
0.0
102
RTVSPost2010PropOp38
 70
     1
102
RTVSPost2010Prop39
140
1.0
102
RTVSPost2010PropOp39
 70
     1
102
RTVSPost2010Prop40
 90
        0
102
RTVSPost2010PropOp40
 70
     1
102
RTVSPost2010Prop41ColorIndex
 90
       18
102
RTVSPost2010Prop41ColorRGB
 90
        0
102
RTVSPost2010PropOp41
 70
     1
102
RTVSPost2010Prop42
 90
       50
102
RTVSPost2010PropOp42
 70
     1
102
RTVSPost2010Prop43
 90
        3
102
RTVSPost2010PropOp43
 70
     1
102
RTVSPost2010Prop44ColorIndex
 90
        5
102
RTVSPost2010Prop44ColorRGB
 90
      255
102
RTVSPost2010PropOp44
 70
     1
102
RTVSPost2010Prop45
280
     0
102
RTVSPost2010PropOp45
 70
     1
102
RTVSPost2010Prop46
 90
       50
102
RTVSPost2010PropOp46
 70
     1
102
RTVSPost2010Prop47
 90
       50
102
RTVSPost2010PropOp47
 70
     1
102
RTVSPost2010Prop48
 90
       50
102
RTVSPost2010PropOp48
 70
     1
102
RTVSPost2010Prop49
280
     0
102
RTVSPost2010PropOp49
 70
     1
102
RTVSPost2010Prop50
 90
       50
102
RTVSPost2010PropOp50
 70
     1
102
RTVSPost2010Prop51ColorIndex
 90
      256
102
RTVSPost2010Prop51ColorRGB
 90
-16777216
102
RTVSPost2010PropOp51
 70
     0
102
RTVSPost2010Prop52
140
1.0
102
RTVSPost2010PropOp52
 70
     0
102
RTVSPost2010Prop53
 90
        2
102
RTVSPost2010PropOp53
 70
     1
102
RTVSPost2010Prop54
  1
strokes_ogs.tif
102
RTVSPost2010PropOp54
 70
     1
102
RTVSPost2010Prop55
280
     0
102
RTVSPost2010PropOp55
 70
     1
102
RTVSPost2010Prop56
140
1.0
102
RTVSPost2010PropOp56
 70
     1
102
RTVSPost2010Prop57
140
1.0
102
RTVSPost2010PropOp57
 70
     1
  0
XRECORD
  5
F75
102
{ACAD_REACTORS
330
F74
102
}
330
F74
100
AcDbXrecord
280
     1
102
RTVSPropertyOp0
 70
     1
102
RTVSPropertyOp1
 70
     1
102
RTVSPropertyOp2
 70
     1
102
RTVSPropertyOp3
 70
     1
102
RTVSPropertyOp4
 70
     1
102
RTVSPropertyOp5
 70
     1
102
RTVSPropertyOp6
 70
     1
102
RTVSPropertyOp7
 70
     1
102
RTVSPropertyOp8
 70
     1
102
RTVSPropertyOp9
 70
     1
102
RTVSPropertyOp10
 70
     1
102
RTVSPropertyOp11
 70
     1
102
RTVSPropertyOp12
 70
     1
102
RTVSPropertyOp13
 70
     1
102
RTVSPropertyOp14
 70
     1
102
RTVSPropertyOp15
 70
     1
102
RTVSPropertyOp16
 70
     1
102
RTVSPropertyOp17
 70
     1
102
RTVSPropertyOp18
 70
     1
102
RTVSPropertyOp19
 70
     1
102
RTVSPropertyOp20
 70
     1
102
RTVSPropertyOp21
 70
     1
102
RTVSPropertyOp22
 70
     1
102
RTVSPropertyOp23
 70
     1
102
RTVSPropertyOp24
 70
     1
102
RTVSPropertyOp25
 70
     1
102
RTVSPropertyOp26
 70
     1
102
RTVSPropertyOp27
 70
     1
102
RTVSPropertyOp28
 70
     1
102
RTVSPropertyOp29
 70
     1
102
RTVSPropertyOp30
 70
     1
102
RTVSPropertyOp31
 70
     1
102
RTVSPropertyOp32
 70
     1
102
RTVSPropertyOp33
 70
     1
102
RTVSPropertyOp34
 70
     1
102
RTVSPropertyOp35
 70
     1
102
RTVSPropertyOp36
 70
     1
102
RTVSPropertyOp37
 70
     1
102
RTVSPropertyOp38
 70
     1
102
RTVSPropertyOp39
 70
     1
102
RTVSPropertyOp40
 70
     1
102
RTVSPropertyOp41
 70
     1
102
RTVSPropertyOp42
 70
     1
102
RTVSPropertyOp43
 70
     1
102
RTVSPropertyOp44
 70
     1
102
RTVSPropertyOp45
 70
     1
102
RTVSPropertyOp46
 70
     1
102
RTVSPropertyOp47
 70
     1
102
RTVSPropertyOp48
 70
     1
102
RTVSPropertyOp49
 70
     1
102
RTVSPropertyOp50
 70
     1
102
RTVSPropertyOp51
 70
     0
102
RTVSPropertyOp52
 70
     0
102
RTVSPropertyOp53
 70
     1
102
RTVSPropertyOp54
 70
     1
102
RTVSPropertyOp55
 70
     1
102
RTVSPropertyOp56
 70
     1
102
RTVSPropertyOp57
 70
     1
102
RTVSPost2010Prop28
280
     0
102
RTVSPost2010PropOp28
 70
     1
102
RTVSPost2010Prop29
280
     1
102
RTVSPost2010PropOp29
 70
     1
102
RTVSPost2010Prop30
280
     1
102
RTVSPost2010PropOp30
 70
     1
102
RTVSPost2010Prop31
280
     0
102
RTVSPost2010PropOp31
 70
     1
102
RTVSPost2010Prop32
280
     0
102
RTVSPost2010PropOp32
 70
     1
102
RTVSPost2010Prop33
280
     0
102
RTVSPost2010PropOp33
 70
     1
102
RTVSPost2010Prop34
280
     0
102
RTVSPost2010PropOp34
 70
     1
102
RTVSPost2010Prop35
280
     0
102
RTVSPost2010PropOp35
 70
     1
102
RTVSPost2010Prop36
280
     0
102
RTVSPost2010PropOp36
 70
     1
102
RTVSPost2010Prop37
 90
       50
102
RTVSPost2010PropOp37
 70
     1
102
RTVSPost2010Prop38
140
0.0
102
RTVSPost2010PropOp38
 70
     1
102
RTVSPost2010Prop39
140
1.0
102
RTVSPost2010PropOp39
 70
     1
102
RTVSPost2010Prop40
 90
        0
102
RTVSPost2010PropOp40
 70
     1
102
RTVSPost2010Prop41ColorIndex
 90
       18
102
RTVSPost2010Prop41ColorRGB
 90
        0
102
RTVSPost2010PropOp41
 70
     1
102
RTVSPost2010Prop42
 90
       50
102
RTVSPost2010PropOp42
 70
     1
102
RTVSPost2010Prop43
 90
        3
102
RTVSPost2010PropOp43
 70
     1
102
RTVSPost2010Prop44ColorIndex
 90
        5
102
RTVSPost2010Prop44ColorRGB
 90
      255
102
RTVSPost2010PropOp44
 70
     1
102
RTVSPost2010Prop45
280
     0
102
RTVSPost2010PropOp45
 70
     1
102
RTVSPost2010Prop46
 90
       50
102
RTVSPost2010PropOp46
 70
     1
102
RTVSPost2010Prop47
 90
       50
102
RTVSPost2010PropOp47
 70
     1
102
RTVSPost2010Prop48
 90
       50
102
RTVSPost2010PropOp48
 70
     1
102
RTVSPost2010Prop49
280
     0
102
RTVSPost2010PropOp49
 70
     1
102
RTVSPost2010Prop50
 90
       50
102
RTVSPost2010PropOp50
 70
     1
102
RTVSPost2010Prop51ColorIndex
 90
      256
102
RTVSPost2010Prop51ColorRGB
 90
-16777216
102
RTVSPost2010PropOp51
 70
     0
102
RTVSPost2010Prop52
140
1.0
102
RTVSPost2010PropOp52
 70
     0
102
RTVSPost2010Prop53
 90
        2
102
RTVSPost2010PropOp53
 70
     1
102
RTVSPost2010Prop54
  1
strokes_ogs.tif
102
RTVSPost2010PropOp54
 70
     1
102
RTVSPost2010Prop55
280
     0
102
RTVSPost2010PropOp55
 70
     1
102
RTVSPost2010Prop56
140
1.0
102
RTVSPost2010PropOp56
 70
     1
102
RTVSPost2010Prop57
140
1.0
102
RTVSPost2010PropOp57
 70
     1
  0
XRECORD
  5
F77
102
{ACAD_REACTORS
330
F76
102
}
330
F76
100
AcDbXrecord
280
     1
102
RTVSPropertyOp0
 70
     1
102
RTVSPropertyOp1
 70
     1
102
RTVSPropertyOp2
 70
     1
102
RTVSPropertyOp3
 70
     1
102
RTVSPropertyOp4
 70
     1
102
RTVSPropertyOp5
 70
     1
102
RTVSPropertyOp6
 70
     1
102
RTVSPropertyOp7
 70
     1
102
RTVSPropertyOp8
 70
     1
102
RTVSPropertyOp9
 70
     1
102
RTVSPropertyOp10
 70
     1
102
RTVSPropertyOp11
 70
     1
102
RTVSPropertyOp12
 70
     1
102
RTVSPropertyOp13
 70
     1
102
RTVSPropertyOp14
 70
     1
102
RTVSPropertyOp15
 70
     1
102
RTVSPropertyOp16
 70
     1
102
RTVSPropertyOp17
 70
     1
102
RTVSPropertyOp18
 70
     1
102
RTVSPropertyOp19
 70
     1
102
RTVSPropertyOp20
 70
     1
102
RTVSPropertyOp21
 70
     1
102
RTVSPropertyOp22
 70
     1
102
RTVSPropertyOp23
 70
     1
102
RTVSPropertyOp24
 70
     1
102
RTVSPropertyOp25
 70
     1
102
RTVSPropertyOp26
 70
     1
102
RTVSPropertyOp27
 70
     1
102
RTVSPropertyOp28
 70
     1
102
RTVSPropertyOp29
 70
     1
102
RTVSPropertyOp30
 70
     1
102
RTVSPropertyOp31
 70
     1
102
RTVSPropertyOp32
 70
     1
102
RTVSPropertyOp33
 70
     1
102
RTVSPropertyOp34
 70
     1
102
RTVSPropertyOp35
 70
     1
102
RTVSPropertyOp36
 70
     1
102
RTVSPropertyOp37
 70
     1
102
RTVSPropertyOp38
 70
     1
102
RTVSPropertyOp39
 70
     1
102
RTVSPropertyOp40
 70
     1
102
RTVSPropertyOp41
 70
     1
102
RTVSPropertyOp42
 70
     1
102
RTVSPropertyOp43
 70
     1
102
RTVSPropertyOp44
 70
     1
102
RTVSPropertyOp45
 70
     1
102
RTVSPropertyOp46
 70
     1
102
RTVSPropertyOp47
 70
     1
102
RTVSPropertyOp48
 70
     1
102
RTVSPropertyOp49
 70
     1
102
RTVSPropertyOp50
 70
     1
102
RTVSPropertyOp51
 70
     0
102
RTVSPropertyOp52
 70
     0
102
RTVSPropertyOp53
 70
     1
102
RTVSPropertyOp54
 70
     1
102
RTVSPropertyOp55
 70
     1
102
RTVSPropertyOp56
 70
     1
102
RTVSPropertyOp57
 70
     1
102
RTVSPost2010Prop28
280
     0
102
RTVSPost2010PropOp28
 70
     1
102
RTVSPost2010Prop29
280
     1
102
RTVSPost2010PropOp29
 70
     1
102
RTVSPost2010Prop30
280
     1
102
RTVSPost2010PropOp30
 70
     1
102
RTVSPost2010Prop31
280
     0
102
RTVSPost2010PropOp31
 70
     1
102
RTVSPost2010Prop32
280
     0
102
RTVSPost2010PropOp32
 70
     1
102
RTVSPost2010Prop33
280
     0
102
RTVSPost2010PropOp33
 70
     1
102
RTVSPost2010Prop34
280
     0
102
RTVSPost2010PropOp34
 70
     1
102
RTVSPost2010Prop35
280
     0
102
RTVSPost2010PropOp35
 70
     1
102
RTVSPost2010Prop36
280
     0
102
RTVSPost2010PropOp36
 70
     1
102
RTVSPost2010Prop37
 90
       50
102
RTVSPost2010PropOp37
 70
     1
102
RTVSPost2010Prop38
140
0.0
102
RTVSPost2010PropOp38
 70
     1
102
RTVSPost2010Prop39
140
1.0
102
RTVSPost2010PropOp39
 70
     1
102
RTVSPost2010Prop40
 90
        0
102
RTVSPost2010PropOp40
 70
     1
102
RTVSPost2010Prop41ColorIndex
 90
       18
102
RTVSPost2010Prop41ColorRGB
 90
        0
102
RTVSPost2010PropOp41
 70
     1
102
RTVSPost2010Prop42
 90
       50
102
RTVSPost2010PropOp42
 70
     1
102
RTVSPost2010Prop43
 90
        3
102
RTVSPost2010PropOp43
 70
     1
102
RTVSPost2010Prop44ColorIndex
 90
        5
102
RTVSPost2010Prop44ColorRGB
 90
      255
102
RTVSPost2010PropOp44
 70
     1
102
RTVSPost2010Prop45
280
     0
102
RTVSPost2010PropOp45
 70
     1
102
RTVSPost2010Prop46
 90
       50
102
RTVSPost2010PropOp46
 70
     1
102
RTVSPost2010Prop47
 90
       50
102
RTVSPost2010PropOp47
 70
     1
102
RTVSPost2010Prop48
 90
       50
102
RTVSPost2010PropOp48
 70
     1
102
RTVSPost2010Prop49
280
     0
102
RTVSPost2010PropOp49
 70
     1
102
RTVSPost2010Prop50
 90
       50
102
RTVSPost2010PropOp50
 70
     1
102
RTVSPost2010Prop51ColorIndex
 90
      256
102
RTVSPost2010Prop51ColorRGB
 90
-16777216
102
RTVSPost2010PropOp51
 70
     0
102
RTVSPost2010Prop52
140
1.0
102
RTVSPost2010PropOp52
 70
     0
102
RTVSPost2010Prop53
 90
        2
102
RTVSPost2010PropOp53
 70
     1
102
RTVSPost2010Prop54
  1
strokes_ogs.tif
102
RTVSPost2010PropOp54
 70
     1
102
RTVSPost2010Prop55
280
     0
102
RTVSPost2010PropOp55
 70
     1
102
RTVSPost2010Prop56
140
1.0
102
RTVSPost2010PropOp56
 70
     1
102
RTVSPost2010Prop57
140
1.0
102
RTVSPost2010PropOp57
 70
     1
  0
XRECORD
  5
F67
102
{ACAD_REACTORS
330
F66
102
}
330
F66
100
AcDbXrecord
280
     1
102
RTVSPropertyOp0
 70
     1
102
RTVSPropertyOp1
 70
     1
102
RTVSPropertyOp2
 70
     1
102
RTVSPropertyOp3
 70
     1
102
RTVSPropertyOp4
 70
     1
102
RTVSPropertyOp5
 70
     1
102
RTVSPropertyOp6
 70
     1
102
RTVSPropertyOp7
 70
     1
102
RTVSPropertyOp8
 70
     1
102
RTVSPropertyOp9
 70
     1
102
RTVSPropertyOp10
 70
     1
102
RTVSPropertyOp11
 70
     1
102
RTVSPropertyOp12
 70
     1
102
RTVSPropertyOp13
 70
     1
102
RTVSPropertyOp14
 70
     1
102
RTVSPropertyOp15
 70
     1
102
RTVSPropertyOp16
 70
     1
102
RTVSPropertyOp17
 70
     1
102
RTVSPropertyOp18
 70
     1
102
RTVSPropertyOp19
 70
     1
102
RTVSPropertyOp20
 70
     1
102
RTVSPropertyOp21
 70
     1
102
RTVSPropertyOp22
 70
     1
102
RTVSPropertyOp23
 70
     1
102
RTVSPropertyOp24
 70
     1
102
RTVSPropertyOp25
 70
     1
102
RTVSPropertyOp26
 70
     1
102
RTVSPropertyOp27
 70
     1
102
RTVSPropertyOp28
 70
     1
102
RTVSPropertyOp29
 70
     1
102
RTVSPropertyOp30
 70
     1
102
RTVSPropertyOp31
 70
     1
102
RTVSPropertyOp32
 70
     1
102
RTVSPropertyOp33
 70
     1
102
RTVSPropertyOp34
 70
     1
102
RTVSPropertyOp35
 70
     1
102
RTVSPropertyOp36
 70
     1
102
RTVSPropertyOp37
 70
     1
102
RTVSPropertyOp38
 70
     1
102
RTVSPropertyOp39
 70
     1
102
RTVSPropertyOp40
 70
     1
102
RTVSPropertyOp41
 70
     1
102
RTVSPropertyOp42
 70
     1
102
RTVSPropertyOp43
 70
     1
102
RTVSPropertyOp44
 70
     1
102
RTVSPropertyOp45
 70
     1
102
RTVSPropertyOp46
 70
     1
102
RTVSPropertyOp47
 70
     1
102
RTVSPropertyOp48
 70
     1
102
RTVSPropertyOp49
 70
     1
102
RTVSPropertyOp50
 70
     1
102
RTVSPropertyOp51
 70
     0
102
RTVSPropertyOp52
 70
     0
102
RTVSPropertyOp53
 70
     1
102
RTVSPropertyOp54
 70
     1
102
RTVSPropertyOp55
 70
     1
102
RTVSPropertyOp56
 70
     1
102
RTVSPropertyOp57
 70
     1
102
RTVSPost2010Prop28
280
     0
102
RTVSPost2010PropOp28
 70
     1
102
RTVSPost2010Prop29
280
     1
102
RTVSPost2010PropOp29
 70
     1
102
RTVSPost2010Prop30
280
     1
102
RTVSPost2010PropOp30
 70
     1
102
RTVSPost2010Prop31
280
     0
102
RTVSPost2010PropOp31
 70
     1
102
RTVSPost2010Prop32
280
     0
102
RTVSPost2010PropOp32
 70
     1
102
RTVSPost2010Prop33
280
     0
102
RTVSPost2010PropOp33
 70
     1
102
RTVSPost2010Prop34
280
     0
102
RTVSPost2010PropOp34
 70
     1
102
RTVSPost2010Prop35
280
     0
102
RTVSPost2010PropOp35
 70
     1
102
RTVSPost2010Prop36
280
     0
102
RTVSPost2010PropOp36
 70
     1
102
RTVSPost2010Prop37
 90
       50
102
RTVSPost2010PropOp37
 70
     1
102
RTVSPost2010Prop38
140
0.0
102
RTVSPost2010PropOp38
 70
     1
102
RTVSPost2010Prop39
140
1.0
102
RTVSPost2010PropOp39
 70
     1
102
RTVSPost2010Prop40
 90
        0
102
RTVSPost2010PropOp40
 70
     1
102
RTVSPost2010Prop41ColorIndex
 90
       18
102
RTVSPost2010Prop41ColorRGB
 90
        0
102
RTVSPost2010PropOp41
 70
     1
102
RTVSPost2010Prop42
 90
       50
102
RTVSPost2010PropOp42
 70
     1
102
RTVSPost2010Prop43
 90
        3
102
RTVSPost2010PropOp43
 70
     1
102
RTVSPost2010Prop44ColorIndex
 90
        5
102
RTVSPost2010Prop44ColorRGB
 90
      255
102
RTVSPost2010PropOp44
 70
     1
102
RTVSPost2010Prop45
280
     0
102
RTVSPost2010PropOp45
 70
     1
102
RTVSPost2010Prop46
 90
       50
102
RTVSPost2010PropOp46
 70
     1
102
RTVSPost2010Prop47
 90
       50
102
RTVSPost2010PropOp47
 70
     1
102
RTVSPost2010Prop48
 90
       50
102
RTVSPost2010PropOp48
 70
     1
102
RTVSPost2010Prop49
280
     0
102
RTVSPost2010PropOp49
 70
     1
102
RTVSPost2010Prop50
 90
       50
102
RTVSPost2010PropOp50
 70
     1
102
RTVSPost2010Prop51ColorIndex
 90
      256
102
RTVSPost2010Prop51ColorRGB
 90
-16777216
102
RTVSPost2010PropOp51
 70
     0
102
RTVSPost2010Prop52
140
1.0
102
RTVSPost2010PropOp52
 70
     0
102
RTVSPost2010Prop53
 90
        2
102
RTVSPost2010PropOp53
 70
     1
102
RTVSPost2010Prop54
  1
strokes_ogs.tif
102
RTVSPost2010PropOp54
 70
     1
102
RTVSPost2010Prop55
280
     0
102
RTVSPost2010PropOp55
 70
     1
102
RTVSPost2010Prop56
140
1.0
102
RTVSPost2010PropOp56
 70
     1
102
RTVSPost2010Prop57
140
1.0
102
RTVSPost2010PropOp57
 70
     1
  0
XRECORD
  5
F59
102
{ACAD_REACTORS
330
F58
102
}
330
F58
100
AcDbXrecord
280
     1
102
RTVSPropertyOp0
 70
     1
102
RTVSPropertyOp1
 70
     1
102
RTVSPropertyOp2
 70
     1
102
RTVSPropertyOp3
 70
     1
102
RTVSPropertyOp4
 70
     1
102
RTVSPropertyOp5
 70
     1
102
RTVSPropertyOp6
 70
     1
102
RTVSPropertyOp7
 70
     1
102
RTVSPropertyOp8
 70
     1
102
RTVSPropertyOp9
 70
     1
102
RTVSPropertyOp10
 70
     1
102
RTVSPropertyOp11
 70
     1
102
RTVSPropertyOp12
 70
     1
102
RTVSPropertyOp13
 70
     1
102
RTVSPropertyOp14
 70
     1
102
RTVSPropertyOp15
 70
     1
102
RTVSPropertyOp16
 70
     1
102
RTVSPropertyOp17
 70
     1
102
RTVSPropertyOp18
 70
     1
102
RTVSPropertyOp19
 70
     1
102
RTVSPropertyOp20
 70
     1
102
RTVSPropertyOp21
 70
     1
102
RTVSPropertyOp22
 70
     1
102
RTVSPropertyOp23
 70
     1
102
RTVSPropertyOp24
 70
     1
102
RTVSPropertyOp25
 70
     1
102
RTVSPropertyOp26
 70
     1
102
RTVSPropertyOp27
 70
     1
102
RTVSPropertyOp28
 70
     1
102
RTVSPropertyOp29
 70
     1
102
RTVSPropertyOp30
 70
     1
102
RTVSPropertyOp31
 70
     1
102
RTVSPropertyOp32
 70
     1
102
RTVSPropertyOp33
 70
     1
102
RTVSPropertyOp34
 70
     1
102
RTVSPropertyOp35
 70
     1
102
RTVSPropertyOp36
 70
     1
102
RTVSPropertyOp37
 70
     1
102
RTVSPropertyOp38
 70
     1
102
RTVSPropertyOp39
 70
     1
102
RTVSPropertyOp40
 70
     1
102
RTVSPropertyOp41
 70
     1
102
RTVSPropertyOp42
 70
     1
102
RTVSPropertyOp43
 70
     1
102
RTVSPropertyOp44
 70
     1
102
RTVSPropertyOp45
 70
     1
102
RTVSPropertyOp46
 70
     1
102
RTVSPropertyOp47
 70
     1
102
RTVSPropertyOp48
 70
     1
102
RTVSPropertyOp49
 70
     1
102
RTVSPropertyOp50
 70
     1
102
RTVSPropertyOp51
 70
     0
102
RTVSPropertyOp52
 70
     0
102
RTVSPropertyOp53
 70
     1
102
RTVSPropertyOp54
 70
     1
102
RTVSPropertyOp55
 70
     1
102
RTVSPropertyOp56
 70
     1
102
RTVSPropertyOp57
 70
     1
102
RTVSPost2010Prop28
280
     0
102
RTVSPost2010PropOp28
 70
     1
102
RTVSPost2010Prop29
280
     1
102
RTVSPost2010PropOp29
 70
     1
102
RTVSPost2010Prop30
280
     1
102
RTVSPost2010PropOp30
 70
     1
102
RTVSPost2010Prop31
280
     0
102
RTVSPost2010PropOp31
 70
     1
102
RTVSPost2010Prop32
280
     0
102
RTVSPost2010PropOp32
 70
     1
102
RTVSPost2010Prop33
280
     0
102
RTVSPost2010PropOp33
 70
     1
102
RTVSPost2010Prop34
280
     0
102
RTVSPost2010PropOp34
 70
     1
102
RTVSPost2010Prop35
280
     0
102
RTVSPost2010PropOp35
 70
     1
102
RTVSPost2010Prop36
280
     0
102
RTVSPost2010PropOp36
 70
     1
102
RTVSPost2010Prop37
 90
       50
102
RTVSPost2010PropOp37
 70
     1
102
RTVSPost2010Prop38
140
0.0
102
RTVSPost2010PropOp38
 70
     1
102
RTVSPost2010Prop39
140
1.0
102
RTVSPost2010PropOp39
 70
     1
102
RTVSPost2010Prop40
 90
        0
102
RTVSPost2010PropOp40
 70
     1
102
RTVSPost2010Prop41ColorIndex
 90
       18
102
RTVSPost2010Prop41ColorRGB
 90
        0
102
RTVSPost2010PropOp41
 70
     1
102
RTVSPost2010Prop42
 90
       50
102
RTVSPost2010PropOp42
 70
     1
102
RTVSPost2010Prop43
 90
        3
102
RTVSPost2010PropOp43
 70
     1
102
RTVSPost2010Prop44ColorIndex
 90
        5
102
RTVSPost2010Prop44ColorRGB
 90
      255
102
RTVSPost2010PropOp44
 70
     1
102
RTVSPost2010Prop45
280
     0
102
RTVSPost2010PropOp45
 70
     1
102
RTVSPost2010Prop46
 90
       50
102
RTVSPost2010PropOp46
 70
     1
102
RTVSPost2010Prop47
 90
       50
102
RTVSPost2010PropOp47
 70
     1
102
RTVSPost2010Prop48
 90
       50
102
RTVSPost2010PropOp48
 70
     1
102
RTVSPost2010Prop49
280
     0
102
RTVSPost2010PropOp49
 70
     1
102
RTVSPost2010Prop50
 90
       50
102
RTVSPost2010PropOp50
 70
     1
102
RTVSPost2010Prop51ColorIndex
 90
      256
102
RTVSPost2010Prop51ColorRGB
 90
-16777216
102
RTVSPost2010PropOp51
 70
     0
102
RTVSPost2010Prop52
140
1.0
102
RTVSPost2010PropOp52
 70
     0
102
RTVSPost2010Prop53
 90
        2
102
RTVSPost2010PropOp53
 70
     1
102
RTVSPost2010Prop54
  1
strokes_ogs.tif
102
RTVSPost2010PropOp54
 70
     1
102
RTVSPost2010Prop55
280
     0
102
RTVSPost2010PropOp55
 70
     1
102
RTVSPost2010Prop56
140
1.0
102
RTVSPost2010PropOp56
 70
     1
102
RTVSPost2010Prop57
140
1.0
102
RTVSPost2010PropOp57
 70
     1
  0
XRECORD
  5
F79
102
{ACAD_REACTORS
330
F78
102
}
330
F78
100
AcDbXrecord
280
     1
102
RTVSPropertyOp0
 70
     1
102
RTVSPropertyOp1
 70
     1
102
RTVSPropertyOp2
 70
     1
102
RTVSPropertyOp3
 70
     1
102
RTVSPropertyOp4
 70
     1
102
RTVSPropertyOp5
 70
     1
102
RTVSPropertyOp6
 70
     1
102
RTVSPropertyOp7
 70
     1
102
RTVSPropertyOp8
 70
     1
102
RTVSPropertyOp9
 70
     1
102
RTVSPropertyOp10
 70
     1
102
RTVSPropertyOp11
 70
     1
102
RTVSPropertyOp12
 70
     1
102
RTVSPropertyOp13
 70
     1
102
RTVSPropertyOp14
 70
     1
102
RTVSPropertyOp15
 70
     1
102
RTVSPropertyOp16
 70
     1
102
RTVSPropertyOp17
 70
     1
102
RTVSPropertyOp18
 70
     1
102
RTVSPropertyOp19
 70
     1
102
RTVSPropertyOp20
 70
     1
102
RTVSPropertyOp21
 70
     1
102
RTVSPropertyOp22
 70
     1
102
RTVSPropertyOp23
 70
     1
102
RTVSPropertyOp24
 70
     1
102
RTVSPropertyOp25
 70
     1
102
RTVSPropertyOp26
 70
     1
102
RTVSPropertyOp27
 70
     1
102
RTVSPropertyOp28
 70
     1
102
RTVSPropertyOp29
 70
     1
102
RTVSPropertyOp30
 70
     1
102
RTVSPropertyOp31
 70
     1
102
RTVSPropertyOp32
 70
     1
102
RTVSPropertyOp33
 70
     1
102
RTVSPropertyOp34
 70
     1
102
RTVSPropertyOp35
 70
     1
102
RTVSPropertyOp36
 70
     1
102
RTVSPropertyOp37
 70
     1
102
RTVSPropertyOp38
 70
     1
102
RTVSPropertyOp39
 70
     1
102
RTVSPropertyOp40
 70
     1
102
RTVSPropertyOp41
 70
     1
102
RTVSPropertyOp42
 70
     1
102
RTVSPropertyOp43
 70
     1
102
RTVSPropertyOp44
 70
     1
102
RTVSPropertyOp45
 70
     1
102
RTVSPropertyOp46
 70
     1
102
RTVSPropertyOp47
 70
     1
102
RTVSPropertyOp48
 70
     1
102
RTVSPropertyOp49
 70
     1
102
RTVSPropertyOp50
 70
     1
102
RTVSPropertyOp51
 70
     0
102
RTVSPropertyOp52
 70
     0
102
RTVSPropertyOp53
 70
     1
102
RTVSPropertyOp54
 70
     1
102
RTVSPropertyOp55
 70
     1
102
RTVSPropertyOp56
 70
     1
102
RTVSPropertyOp57
 70
     1
102
RTVSPost2010Prop28
280
     0
102
RTVSPost2010PropOp28
 70
     1
102
RTVSPost2010Prop29
280
     1
102
RTVSPost2010PropOp29
 70
     1
102
RTVSPost2010Prop30
280
     1
102
RTVSPost2010PropOp30
 70
     1
102
RTVSPost2010Prop31
280
     0
102
RTVSPost2010PropOp31
 70
     1
102
RTVSPost2010Prop32
280
     0
102
RTVSPost2010PropOp32
 70
     1
102
RTVSPost2010Prop33
280
     0
102
RTVSPost2010PropOp33
 70
     1
102
RTVSPost2010Prop34
280
     0
102
RTVSPost2010PropOp34
 70
     1
102
RTVSPost2010Prop35
280
     0
102
RTVSPost2010PropOp35
 70
     1
102
RTVSPost2010Prop36
280
     0
102
RTVSPost2010PropOp36
 70
     1
102
RTVSPost2010Prop37
 90
       50
102
RTVSPost2010PropOp37
 70
     1
102
RTVSPost2010Prop38
140
0.0
102
RTVSPost2010PropOp38
 70
     1
102
RTVSPost2010Prop39
140
1.0
102
RTVSPost2010PropOp39
 70
     1
102
RTVSPost2010Prop40
 90
        0
102
RTVSPost2010PropOp40
 70
     1
102
RTVSPost2010Prop41ColorIndex
 90
       18
102
RTVSPost2010Prop41ColorRGB
 90
        0
102
RTVSPost2010PropOp41
 70
     1
102
RTVSPost2010Prop42
 90
       50
102
RTVSPost2010PropOp42
 70
     1
102
RTVSPost2010Prop43
 90
        3
102
RTVSPost2010PropOp43
 70
     1
102
RTVSPost2010Prop44ColorIndex
 90
        5
102
RTVSPost2010Prop44ColorRGB
 90
      255
102
RTVSPost2010PropOp44
 70
     1
102
RTVSPost2010Prop45
280
     0
102
RTVSPost2010PropOp45
 70
     1
102
RTVSPost2010Prop46
 90
       50
102
RTVSPost2010PropOp46
 70
     1
102
RTVSPost2010Prop47
 90
       50
102
RTVSPost2010PropOp47
 70
     1
102
RTVSPost2010Prop48
 90
       50
102
RTVSPost2010PropOp48
 70
     1
102
RTVSPost2010Prop49
280
     0
102
RTVSPost2010PropOp49
 70
     1
102
RTVSPost2010Prop50
 90
       50
102
RTVSPost2010PropOp50
 70
     1
102
RTVSPost2010Prop51ColorIndex
 90
      256
102
RTVSPost2010Prop51ColorRGB
 90
-16777216
102
RTVSPost2010PropOp51
 70
     0
102
RTVSPost2010Prop52
140
1.0
102
RTVSPost2010PropOp52
 70
     0
102
RTVSPost2010Prop53
 90
        2
102
RTVSPost2010PropOp53
 70
     1
102
RTVSPost2010Prop54
  1
strokes_ogs.tif
102
RTVSPost2010PropOp54
 70
     1
102
RTVSPost2010Prop55
280
     0
102
RTVSPost2010PropOp55
 70
     1
102
RTVSPost2010Prop56
140
1.0
102
RTVSPost2010PropOp56
 70
     1
102
RTVSPost2010Prop57
140
1.0
102
RTVSPost2010PropOp57
 70
     1
  0
ENDSEC
  0
EOF
