  0
SECTION
  2
HEADER
  9
$ACADVER
  1
AC1018
  9
$ACADMAINTVER
 70
     0
  9
$DWGCODEPAGE
  3
ANSI_932
  9
$COMMENTS
  1
File was created by Cadenas
  9
$CUSTOMPROPERTYTAG
  1
NN
  9
$CUSTOMPROPERTY
  1
Amp
  9
$CUSTOMPROPERTYTAG
  1
NT
  9
$CUSTOMPROPERTY
  1

  9
$CUSTOMPROPERTYTAG
  1
NB
  9
$CUSTOMPROPERTY
  1
MEDLN83SE
  9
$CUSTOMPROPERTYTAG
  1
NBSYN
  9
$CUSTOMPROPERTY
  1
$CNSORDERNO.
  9
$CUSTOMPROPERTYTAG
  1
LINA
  9
$CUSTOMPROPERTY
  1
MEDLN83SE
  9
$CUSTOMPROPERTYTAG
  1
CNSORDERNO
  9
$CUSTOMPROPERTY
  1
MEDLN83SE
  9
$CUSTOMPROPERTYTAG
  1
F
  9
$CUSTOMPROPERTY
  1
E
  9
$CUSTOMPROPERTYTAG
  1
MC
  9
$CUSTOMPROPERTY
  1
2kW
  9
$CUSTOMPROPERTYTAG
  1
PSV
  9
$CUSTOMPROPERTY
  1
200V
  9
$CUSTOMPROPERTYTAG
  1
ES
  9
$CUSTOMPROPERTY
  1
E : Standard type
  9
$CUSTOMPROPERTYTAG
  1
COMPANY
  9
$CUSTOMPROPERTY
  1
matsushita
  9
$INSBASE
 10
0.0
 20
0.0
 30
0.0
  9
$EXTMIN
 10
1.000000000000000E+20
 20
1.000000000000000E+20
 30
1.000000000000000E+20
  9
$EXTMAX
 10
-1.000000000000000E+20
 20
-1.000000000000000E+20
 30
-1.000000000000000E+20
  9
$LIMMIN
 10
0.0
 20
0.0
  9
$LIMMAX
 10
420.0
 20
297.0
  9
$ORTHOMODE
 70
     0
  9
$REGENMODE
 70
     1
  9
$FILLMODE
 70
     1
  9
$QTEXTMODE
 70
     0
  9
$MIRRTEXT
 70
     1
  9
$LTSCALE
 40
1.0
  9
$ATTMODE
 70
     1
  9
$TEXTSIZE
 40
2.5
  9
$TRACEWID
 40
1.0
  9
$TEXTSTYLE
  7
Standard
  9
$CLAYER
  8
0
  9
$CELTYPE
  6
ByLayer
  9
$CECOLOR
 62
   256
  9
$CELTSCALE
 40
1.0
  9
$DISPSILH
 70
     0
  9
$DIMSCALE
 40
1.0
  9
$DIMASZ
 40
2.5
  9
$DIMEXO
 40
0.625
  9
$DIMDLI
 40
3.75
  9
$DIMRND
 40
0.0
  9
$DIMDLE
 40
0.0
  9
$DIMEXE
 40
1.25
  9
$DIMTP
 40
0.0
  9
$DIMTM
 40
0.0
  9
$DIMTXT
 40
2.5
  9
$DIMCEN
 40
2.5
  9
$DIMTSZ
 40
0.0
  9
$DIMTOL
 70
     0
  9
$DIMLIM
 70
     0
  9
$DIMTIH
 70
     0
  9
$DIMTOH
 70
     0
  9
$DIMSE1
 70
     0
  9
$DIMSE2
 70
     0
  9
$DIMTAD
 70
     1
  9
$DIMZIN
 70
     8
  9
$DIMBLK
  1

  9
$DIMASO
 70
     1
  9
$DIMSHO
 70
     1
  9
$DIMPOST
  1

  9
$DIMAPOST
  1

  9
$DIMALT
 70
     0
  9
$DIMALTD
 70
     3
  9
$DIMALTF
 40
0.03937007874016
  9
$DIMLFAC
 40
1.0
  9
$DIMTOFL
 70
     1
  9
$DIMTVP
 40
0.0
  9
$DIMTIX
 70
     0
  9
$DIMSOXD
 70
     0
  9
$DIMSAH
 70
     0
  9
$DIMBLK1
  1

  9
$DIMBLK2
  1

  9
$DIMSTYLE
  2
ISO-25
  9
$DIMCLRD
 70
     0
  9
$DIMCLRE
 70
     0
  9
$DIMCLRT
 70
     0
  9
$DIMTFAC
 40
1.0
  9
$DIMGAP
 40
0.625
  9
$DIMJUST
 70
     0
  9
$DIMSD1
 70
     0
  9
$DIMSD2
 70
     0
  9
$DIMTOLJ
 70
     0
  9
$DIMTZIN
 70
     8
  9
$DIMALTZ
 70
     0
  9
$DIMALTTZ
 70
     0
  9
$DIMUPT
 70
     0
  9
$DIMDEC
 70
     2
  9
$DIMTDEC
 70
     2
  9
$DIMALTU
 70
     2
  9
$DIMALTTD
 70
     3
  9
$DIMTXSTY
  7
Standard
  9
$DIMAUNIT
 70
     0
  9
$DIMADEC
 70
     0
  9
$DIMALTRND
 40
0.0
  9
$DIMAZIN
 70
     0
  9
$DIMDSEP
 70
    44
  9
$DIMATFIT
 70
     3
  9
$DIMFRAC
 70
     0
  9
$DIMLDRBLK
  1

  9
$DIMLUNIT
 70
     2
  9
$DIMLWD
 70
    -2
  9
$DIMLWE
 70
    -2
  9
$DIMTMOVE
 70
     0
  9
$LUNITS
 70
     2
  9
$LUPREC
 70
     4
  9
$SKETCHINC
 40
1.0
  9
$FILLETRAD
 40
10.0
  9
$AUNITS
 70
     0
  9
$AUPREC
 70
     0
  9
$MENU
  1
.
  9
$ELEVATION
 40
0.0
  9
$PELEVATION
 40
0.0
  9
$THICKNESS
 40
0.0
  9
$LIMCHECK
 70
     0
  9
$CHAMFERA
 40
0.0
  9
$CHAMFERB
 40
0.0
  9
$CHAMFERC
 40
0.0
  9
$CHAMFERD
 40
0.0
  9
$SKPOLY
 70
     0
  9
$TDCREATE
 40
2457395.802741458
  9
$TDUCREATE
 40
2457395.427741458
  9
$TDUPDATE
 40
2457395.802743982
  9
$TDUUPDATE
 40
2457395.427743982
  9
$TDINDWG
 40
0.0000000116
  9
$TDUSRTIMER
 40
0.0000000116
  9
$USRTIMER
 70
     1
  9
$ANGBASE
 50
0.0
  9
$ANGDIR
 70
     0
  9
$PDMODE
 70
     0
  9
$PDSIZE
 40
0.0
  9
$PLINEWID
 40
0.0
  9
$SPLFRAME
 70
     0
  9
$SPLINETYPE
 70
     6
  9
$SPLINESEGS
 70
     8
  9
$HANDSEED
  5
FED
  9
$SURFTAB1
 70
     6
  9
$SURFTAB2
 70
     6
  9
$SURFTYPE
 70
     6
  9
$SURFU
 70
     6
  9
$SURFV
 70
     6
  9
$UCSBASE
  2

  9
$UCSNAME
  2

  9
$UCSORG
 10
0.0
 20
0.0
 30
0.0
  9
$UCSXDIR
 10
1.0
 20
0.0
 30
0.0
  9
$UCSYDIR
 10
0.0
 20
1.0
 30
0.0
  9
$UCSORTHOREF
  2

  9
$UCSORTHOVIEW
 70
     0
  9
$UCSORGTOP
 10
0.0
 20
0.0
 30
0.0
  9
$UCSORGBOTTOM
 10
0.0
 20
0.0
 30
0.0
  9
$UCSORGLEFT
 10
0.0
 20
0.0
 30
0.0
  9
$UCSORGRIGHT
 10
0.0
 20
0.0
 30
0.0
  9
$UCSORGFRONT
 10
0.0
 20
0.0
 30
0.0
  9
$UCSORGBACK
 10
0.0
 20
0.0
 30
0.0
  9
$PUCSBASE
  2

  9
$PUCSNAME
  2

  9
$PUCSORG
 10
0.0
 20
0.0
 30
0.0
  9
$PUCSXDIR
 10
1.0
 20
0.0
 30
0.0
  9
$PUCSYDIR
 10
0.0
 20
1.0
 30
0.0
  9
$PUCSORTHOREF
  2

  9
$PUCSORTHOVIEW
 70
     0
  9
$PUCSORGTOP
 10
0.0
 20
0.0
 30
0.0
  9
$PUCSORGBOTTOM
 10
0.0
 20
0.0
 30
0.0
  9
$PUCSORGLEFT
 10
0.0
 20
0.0
 30
0.0
  9
$PUCSORGRIGHT
 10
0.0
 20
0.0
 30
0.0
  9
$PUCSORGFRONT
 10
0.0
 20
0.0
 30
0.0
  9
$PUCSORGBACK
 10
0.0
 20
0.0
 30
0.0
  9
$USERI1
 70
     0
  9
$USERI2
 70
     0
  9
$USERI3
 70
     0
  9
$USERI4
 70
     0
  9
$USERI5
 70
     0
  9
$USERR1
 40
0.0
  9
$USERR2
 40
0.0
  9
$USERR3
 40
0.0
  9
$USERR4
 40
0.0
  9
$USERR5
 40
0.0
  9
$WORLDVIEW
 70
     1
  9
$SHADEDGE
 70
     3
  9
$SHADEDIF
 70
    70
  9
$TILEMODE
 70
     1
  9
$MAXACTVP
 70
    64
  9
$PINSBASE
 10
0.0
 20
0.0
 30
0.0
  9
$PLIMCHECK
 70
     0
  9
$PEXTMIN
 10
1.000000000000000E+20
 20
1.000000000000000E+20
 30
1.000000000000000E+20
  9
$PEXTMAX
 10
-1.000000000000000E+20
 20
-1.000000000000000E+20
 30
-1.000000000000000E+20
  9
$PLIMMIN
 10
0.0
 20
0.0
  9
$PLIMMAX
 10
420.0
 20
297.0
  9
$UNITMODE
 70
     0
  9
$VISRETAIN
 70
     1
  9
$PLINEGEN
 70
     0
  9
$PSLTSCALE
 70
     1
  9
$TREEDEPTH
 70
  3020
  9
$CMLSTYLE
  2
Standard
  9
$CMLJUST
 70
     0
  9
$CMLSCALE
 40
20.0
  9
$PROXYGRAPHICS
 70
     1
  9
$MEASUREMENT
 70
     1
  9
$CELWEIGHT
370
    -1
  9
$ENDCAPS
280
     0
  9
$JOINSTYLE
280
     0
  9
$LWDISPLAY
290
     0
  9
$INSUNITS
 70
     4
  9
$HYPERLINKBASE
  1

  9
$STYLESHEET
  1

  9
$XEDIT
290
     1
  9
$CEPSNTYPE
380
     0
  9
$PSTYLEMODE
290
     1
  9
$FINGERPRINTGUID
  2
{5C818623-4A4B-45BF-969D-B8D3200F6154}
  9
$VERSIONGUID
  2
{FAEB1C32-E019-11D5-929B-00C0DF256EC4}
  9
$EXTNAMES
290
     1
  9
$PSVPSCALE
 40
0.0
  9
$OLESTARTUP
290
     0
  9
$SORTENTS
280
   127
  9
$INDEXCTL
280
     0
  9
$HIDETEXT
280
     1
  9
$XCLIPFRAME
290
     0
  9
$HALOGAP
280
     0
  9
$OBSCOLOR
 70
   257
  9
$OBSLTYPE
280
     0
  9
$INTERSECTIONDISPLAY
280
     0
  9
$INTERSECTIONCOLOR
 70
   257
  9
$DIMASSOC
280
     2
  9
$PROJECTNAME
  1

  0
ENDSEC
  0
SECTION
  2
CLASSES
  0
CLASS
  1
ACDBDICTIONARYWDFLT
  2
AcDbDictionaryWithDefault
  3
ObjectDBX Classes
 90
        0
 91
        4
280
     0
281
     0
  0
CLASS
  1
VISUALSTYLE
  2
AcDbVisualStyle
  3
ObjectDBX Classes
 90
     4095
 91
        4
280
     0
281
     0
  0
CLASS
  1
MATERIAL
  2
AcDbMaterial
  3
ObjectDBX Classes
 90
     1153
 91
        4
280
     0
281
     0
  0
CLASS
  1
SCALE
  2
AcDbScale
  3
ObjectDBX Classes
 90
     1153
 91
        4
280
     0
281
     0
  0
CLASS
  1
TABLESTYLE
  2
AcDbTableStyle
  3
ObjectDBX Classes
 90
     4095
 91
        4
280
     0
281
     0
  0
CLASS
  1
MLEADERSTYLE
  2
AcDbMLeaderStyle
  3
ACDB_MLEADERSTYLE_CLASS
 90
     4095
 91
        4
280
     0
281
     0
  0
CLASS
  1
SUN
  2
AcDbSun
  3
SCENEOE
 90
     1153
 91
        4
280
     0
281
     0
  0
CLASS
  1
DICTIONARYVAR
  2
AcDbDictionaryVar
  3
ObjectDBX Classes
 90
        0
 91
        4
280
     0
281
     0
  0
CLASS
  1
CELLSTYLEMAP
  2
AcDbCellStyleMap
  3
ObjectDBX Classes
 90
     1152
 91
        4
280
     0
281
     0
  0
ENDSEC
  0
SECTION
  2
TABLES
  0
TABLE
  2
VPORT
  5
8
102
{ACAD_XDICTIONARY
360
FA6
102
}
330
0
100
AcDbSymbolTable
 70
     1
  0
VPORT
  5
29
330
8
100
AcDbSymbolTableRecord
100
AcDbViewportTableRecord
  2
*Active
 70
     0
 10
0.0
 20
0.0
 11
1.0
 21
1.0
 12
165.5725
 22
213.2575
 13
0.0
 23
0.0
 14
10.0
 24
10.0
 15
10.0
 25
10.0
 16
0.0
 26
0.0
 36
1.0
 17
0.0
 27
0.0
 37
0.0
 40
452.0079000000001
 41
0.747261054508118
 42
50.0
 43
0.0
 44
0.0
 50
0.0
 51
0.0
 71
     0
 72
   100
 73
     1
 74
     3
 75
     0
 76
     0
 77
     0
 78
     0
281
     0
 65
     1
110
0.0
120
0.0
130
0.0
111
1.0
121
0.0
131
0.0
112
0.0
122
1.0
132
0.0
 79
     0
146
0.0
  0
ENDTAB
  0
TABLE
  2
LTYPE
  5
5
330
0
100
AcDbSymbolTable
 70
     3
  0
LTYPE
  5
14
330
5
100
AcDbSymbolTableRecord
100
AcDbLinetypeTableRecord
  2
ByBlock
 70
     0
  3

 72
    65
 73
     0
 40
0.0
  0
LTYPE
  5
15
330
5
100
AcDbSymbolTableRecord
100
AcDbLinetypeTableRecord
  2
ByLayer
 70
     0
  3

 72
    65
 73
     0
 40
0.0
  0
LTYPE
  5
16
330
5
100
AcDbSymbolTableRecord
100
AcDbLinetypeTableRecord
  2
Continuous
 70
     0
  3
Solid line
 72
    65
 73
     0
 40
0.0
  0
LTYPE
  5
8D
330
5
100
AcDbSymbolTableRecord
100
AcDbLinetypeTableRecord
  2
Dashed
 70
     0
  3

 72
    65
 73
     2
 40
2.0
 49
1.0
 74
     0
 49
-1.0
 74
     0
  0
LTYPE
  5
381
330
5
100
AcDbSymbolTableRecord
100
AcDbLinetypeTableRecord
  2
Center
 70
     0
  3

 72
    65
 73
     4
 40
1.5
 49
0.45
 74
     0
 49
-0.5
 74
     0
 49
0.05
 74
     0
 49
-0.5
 74
     0
  0
ENDTAB
  0
TABLE
  2
LAYER
  5
2
330
0
100
AcDbSymbolTable
 70
     5
  0
LAYER
  5
10
330
2
100
AcDbSymbolTableRecord
100
AcDbLayerTableRecord
  2
0
 70
     0
 62
     7
  6
Continuous
370
    -3
390
F
  0
LAYER
  5
72
330
2
100
AcDbSymbolTableRecord
100
AcDbLayerTableRecord
  2
AM_6
 70
     0
 62
     2
  6
Continuous
370
    35
390
F
  0
LAYER
  5
8E
330
2
100
AcDbSymbolTableRecord
100
AcDbLayerTableRecord
  2
AM_9
 70
     0
 62
     6
  6
Dashed
370
    25
390
F
  0
LAYER
  5
382
330
2
100
AcDbSymbolTableRecord
100
AcDbLayerTableRecord
  2
AM_7
 70
     0
 62
     7
  6
Center
370
    25
390
F
  0
LAYER
  5
396
330
2
100
AcDbSymbolTableRecord
100
AcDbLayerTableRecord
  2
AM_4
 70
     0
 62
     7
  6
Continuous
370
    50
390
F
  0
ENDTAB
  0
TABLE
  2
STYLE
  5
3
330
0
100
AcDbSymbolTable
 70
     1
  0
STYLE
  5
11
330
3
100
AcDbSymbolTableRecord
100
AcDbTextStyleTableRecord
  2
Standard
 70
     0
 40
0.0
 41
1.0
 50
0.0
 71
     0
 42
2.5
  3
txt
  4

  0
ENDTAB
  0
TABLE
  2
VIEW
  5
6
330
0
100
AcDbSymbolTable
 70
     0
  0
ENDTAB
  0
TABLE
  2
UCS
  5
7
330
0
100
AcDbSymbolTable
 70
     0
  0
ENDTAB
  0
TABLE
  2
APPID
  5
9
330
0
100
AcDbSymbolTable
 70
     2
  0
APPID
  5
12
330
9
100
AcDbSymbolTableRecord
100
AcDbRegAppTableRecord
  2
ACAD
 70
     0
  0
APPID
  5
FE5
330
9
100
AcDbSymbolTableRecord
100
AcDbRegAppTableRecord
  2
ACAD_MLEADERVER
 70
     0
  0
ENDTAB
  0
TABLE
  2
DIMSTYLE
  5
A
330
0
100
AcDbSymbolTable
 70
     1
100
AcDbDimStyleTable
  0
DIMSTYLE
105
27
330
A
100
AcDbSymbolTableRecord
100
AcDbDimStyleTableRecord
  2
ISO-25
 70
     0
 41
2.5
 42
0.625
 43
3.75
 44
1.25
 73
     0
 74
     0
 77
     1
 78
     8
140
2.5
141
2.5
143
0.03937007874016
147
0.625
171
     3
172
     1
178
     0
271
     2
272
     2
274
     3
278
    44
283
     0
284
     8
340
11
  0
ENDTAB
  0
TABLE
  2
BLOCK_RECORD
  5
1
330
0
100
AcDbSymbolTable
 70
     5
  0
BLOCK_RECORD
  5
1F
330
1
100
AcDbSymbolTableRecord
100
AcDbBlockTableRecord
  2
*Model_Space
340
22
  0
BLOCK_RECORD
  5
1B
330
1
100
AcDbSymbolTableRecord
100
AcDbBlockTableRecord
  2
*Paper_Space
340
1E
  0
BLOCK_RECORD
  5
23
330
1
100
AcDbSymbolTableRecord
100
AcDbBlockTableRecord
  2
*Paper_Space0
340
26
  0
BLOCK_RECORD
  5
6E
330
1
100
AcDbSymbolTableRecord
100
AcDbBlockTableRecord
  2
1_MEDLN83SE_1100
340
0
102
{BLKREFS
331
6F
102
}
  0
BLOCK_RECORD
  5
7E
330
1
100
AcDbSymbolTableRecord
100
AcDbBlockTableRecord
  2
2_MEDLN83SE_5_in_MEDLN83SE_1100
340
0
102
{BLKREFS
331
7F
102
}
  0
BLOCK_RECORD
  5
726
330
1
100
AcDbSymbolTableRecord
100
AcDbBlockTableRecord
  2
3_MEDLN83SE_0_in_MEDLN83SE_1100
340
0
102
{BLKREFS
331
727
102
}
  0
BLOCK_RECORD
  5
BA7
330
1
100
AcDbSymbolTableRecord
100
AcDbBlockTableRecord
  2
4_MEDLN83SE_2_in_MEDLN83SE_1100
340
0
102
{BLKREFS
331
BA8
102
}
  0
ENDTAB
  0
ENDSEC
  0
SECTION
  2
BLOCKS
  0
BLOCK
  5
20
330
1F
100
AcDbEntity
  8
0
100
AcDbBlockBegin
  2
*Model_Space
 70
     0
 10
0.0
 20
0.0
 30
0.0
  3
*Model_Space
  1

  0
ENDBLK
  5
21
330
1F
100
AcDbEntity
  8
0
100
AcDbBlockEnd
  0
BLOCK
  5
1C
330
1B
100
AcDbEntity
 67
     1
  8
0
100
AcDbBlockBegin
  2
*Paper_Space
 70
     0
 10
0.0
 20
0.0
 30
0.0
  3
*Paper_Space
  1

  0
ENDBLK
  5
1D
330
1B
100
AcDbEntity
 67
     1
  8
0
100
AcDbBlockEnd
  0
BLOCK
  5
24
330
23
100
AcDbEntity
  8
0
100
AcDbBlockBegin
  2
*Paper_Space0
 70
     0
 10
0.0
 20
0.0
 30
0.0
  3
*Paper_Space0
  1

  0
ENDBLK
  5
25
330
23
100
AcDbEntity
  8
0
100
AcDbBlockEnd
  0
BLOCK
  5
70
330
6E
100
AcDbEntity
  8
0
100
AcDbBlockBegin
  2
1_MEDLN83SE_1100
 70
     2
 10
0.0
 20
0.0
 30
0.0
  3
1_MEDLN83SE_1100
  1

  0
ATTDEF
  5
73
330
6E
100
AcDbEntity
  8
AM_6
100
AcDbText
 10
336.145
 20
434.83
 30
0.0
 40
0.5
  1
Amp
100
AcDbAttributeDefinition
  3

  2
NN
 70
     8
  0
ATTDEF
  5
74
330
6E
100
AcDbEntity
  8
AM_6
100
AcDbText
 10
336.145
 20
434.33
 30
0.0
 40
0.5
  1

100
AcDbAttributeDefinition
  3

  2
NT
 70
     8
  0
ATTDEF
  5
75
330
6E
100
AcDbEntity
  8
AM_6
100
AcDbText
 10
336.145
 20
433.83
 30
0.0
 40
0.5
  1
MEDLN83SE
100
AcDbAttributeDefinition
  3

  2
NB
 70
     8
  0
ATTDEF
  5
76
330
6E
100
AcDbEntity
  8
AM_6
100
AcDbText
 10
336.145
 20
433.33
 30
0.0
 40
0.5
  1
$CNSORDERNO.
100
AcDbAttributeDefinition
  3

  2
NBSYN
 70
     8
  0
ATTDEF
  5
77
330
6E
100
AcDbEntity
  8
AM_6
100
AcDbText
 10
336.145
 20
432.83
 30
0.0
 40
0.5
  1
MEDLN83SE
100
AcDbAttributeDefinition
  3

  2
LINA
 70
     8
  0
ATTDEF
  5
78
330
6E
100
AcDbEntity
  8
AM_6
100
AcDbText
 10
336.145
 20
432.33
 30
0.0
 40
0.5
  1
MEDLN83SE
100
AcDbAttributeDefinition
  3

  2
CNSORDERNO
 70
     8
  0
ATTDEF
  5
79
330
6E
100
AcDbEntity
  8
AM_6
100
AcDbText
 10
336.145
 20
431.83
 30
0.0
 40
0.5
  1
E
100
AcDbAttributeDefinition
  3

  2
F
 70
     8
  0
ATTDEF
  5
7A
330
6E
100
AcDbEntity
  8
AM_6
100
AcDbText
 10
336.145
 20
431.33
 30
0.0
 40
0.5
  1
2kW
100
AcDbAttributeDefinition
  3

  2
MC
 70
     8
  0
ATTDEF
  5
7B
330
6E
100
AcDbEntity
  8
AM_6
100
AcDbText
 10
336.145
 20
430.83
 30
0.0
 40
0.5
  1
200V
100
AcDbAttributeDefinition
  3

  2
PSV
 70
     8
  0
ATTDEF
  5
7C
330
6E
100
AcDbEntity
  8
AM_6
100
AcDbText
 10
336.145
 20
430.33
 30
0.0
 40
0.5
  1
E : Standard type
100
AcDbAttributeDefinition
  3

  2
ES
 70
     8
  0
ATTDEF
  5
7D
330
6E
100
AcDbEntity
  8
AM_6
100
AcDbText
 10
336.145
 20
429.83
 30
0.0
 40
0.5
  1
matsushita
100
AcDbAttributeDefinition
  3

  2
COMPANY
 70
     8
  0
INSERT
  5
7F
330
6E
100
AcDbEntity
  8
0
100
AcDbBlockReference
  2
2_MEDLN83SE_5_in_MEDLN83SE_1100
 10
0.0
 20
0.0
 30
0.0
  0
INSERT
  5
727
330
6E
100
AcDbEntity
  8
0
100
AcDbBlockReference
  2
3_MEDLN83SE_0_in_MEDLN83SE_1100
 10
0.0
 20
0.0
 30
0.0
  0
INSERT
  5
BA8
330
6E
100
AcDbEntity
  8
0
100
AcDbBlockReference
  2
4_MEDLN83SE_2_in_MEDLN83SE_1100
 10
0.0
 20
0.0
 30
0.0
  0
ENDBLK
  5
71
330
6E
100
AcDbEntity
  8
0
100
AcDbBlockEnd
  0
BLOCK
  5
80
330
7E
100
AcDbEntity
  8
0
100
AcDbBlockBegin
  2
2_MEDLN83SE_5_in_MEDLN83SE_1100
 70
     2
 10
0.0
 20
0.0
 30
0.0
  3
2_MEDLN83SE_5_in_MEDLN83SE_1100
  1

  0
ATTDEF
  5
82
330
7E
100
AcDbEntity
  8
AM_6
100
AcDbText
 10
91.45000000000002
 20
215.4
 30
0.0
 40
0.5
  1
Amp
100
AcDbAttributeDefinition
  3

  2
NN
 70
     8
  0
ATTDEF
  5
83
330
7E
100
AcDbEntity
  8
AM_6
100
AcDbText
 10
91.45000000000002
 20
214.9
 30
0.0
 40
0.5
  1

100
AcDbAttributeDefinition
  3

  2
NT
 70
     8
  0
ATTDEF
  5
84
330
7E
100
AcDbEntity
  8
AM_6
100
AcDbText
 10
91.45000000000002
 20
214.4
 30
0.0
 40
0.5
  1
MEDLN83SE
100
AcDbAttributeDefinition
  3

  2
NB
 70
     8
  0
ATTDEF
  5
85
330
7E
100
AcDbEntity
  8
AM_6
100
AcDbText
 10
91.45000000000002
 20
213.9
 30
0.0
 40
0.5
  1
$CNSORDERNO.
100
AcDbAttributeDefinition
  3

  2
NBSYN
 70
     8
  0
ATTDEF
  5
86
330
7E
100
AcDbEntity
  8
AM_6
100
AcDbText
 10
91.45000000000002
 20
213.4
 30
0.0
 40
0.5
  1
MEDLN83SE
100
AcDbAttributeDefinition
  3

  2
LINA
 70
     8
  0
ATTDEF
  5
87
330
7E
100
AcDbEntity
  8
AM_6
100
AcDbText
 10
91.45000000000002
 20
212.9
 30
0.0
 40
0.5
  1
MEDLN83SE
100
AcDbAttributeDefinition
  3

  2
CNSORDERNO
 70
     8
  0
ATTDEF
  5
88
330
7E
100
AcDbEntity
  8
AM_6
100
AcDbText
 10
91.45000000000002
 20
212.4
 30
0.0
 40
0.5
  1
E
100
AcDbAttributeDefinition
  3

  2
F
 70
     8
  0
ATTDEF
  5
89
330
7E
100
AcDbEntity
  8
AM_6
100
AcDbText
 10
91.45000000000002
 20
211.9
 30
0.0
 40
0.5
  1
2kW
100
AcDbAttributeDefinition
  3

  2
MC
 70
     8
  0
ATTDEF
  5
8A
330
7E
100
AcDbEntity
  8
AM_6
100
AcDbText
 10
91.45000000000002
 20
211.4
 30
0.0
 40
0.5
  1
200V
100
AcDbAttributeDefinition
  3

  2
PSV
 70
     8
  0
ATTDEF
  5
8B
330
7E
100
AcDbEntity
  8
AM_6
100
AcDbText
 10
91.45000000000002
 20
210.9
 30
0.0
 40
0.5
  1
E : Standard type
100
AcDbAttributeDefinition
  3

  2
ES
 70
     8
  0
ATTDEF
  5
8C
330
7E
100
AcDbEntity
  8
AM_6
100
AcDbText
 10
91.45000000000002
 20
210.4
 30
0.0
 40
0.5
  1
matsushita
100
AcDbAttributeDefinition
  3

  2
COMPANY
 70
     8
  0
LINE
  5
8F
330
7E
100
AcDbEntity
  8
AM_9
100
AcDbLine
 10
84.5206186736034
 20
188.4059091530593
 30
0.0
 11
0.4793813263965845
 21
188.4059091530593
 31
0.0
  0
LINE
  5
90
330
7E
100
AcDbEntity
  8
AM_9
100
AcDbLine
 10
80.935
 20
188.4099824357798
 30
0.0
 11
42.46300000000001
 21
188.4099824357798
 31
0.0
  0
LINE
  5
91
330
7E
100
AcDbEntity
  8
AM_9
100
AcDbLine
 10
27.9
 20
33.50999999999996
 30
0.0
 11
27.9
 21
17.0
 31
0.0
  0
ARC
  5
92
330
7E
100
AcDbEntity
  8
AM_9
100
AcDbCircle
 10
20.90000000000002
 20
130.67
 30
0.0
 40
0.5000000000000284
100
AcDbArc
 50
90.0
 51
180.0
  0
LINE
  5
93
330
7E
100
AcDbEntity
  8
AM_9
100
AcDbLine
 10
33.09999999999999
 20
106.88
 30
0.0
 11
27.6
 21
106.88
 31
0.0
  0
LINE
  5
94
330
7E
100
AcDbEntity
  8
AM_9
100
AcDbLine
 10
27.59999999999996
 20
122.15
 30
0.0
 11
33.09999999999996
 21
122.15
 31
0.0
  0
LINE
  5
95
330
7E
100
AcDbEntity
  8
AM_9
100
AcDbLine
 10
27.4
 20
17.0
 30
0.0
 11
27.4
 21
43.31000000000003
 31
0.0
  0
ARC
  5
96
330
7E
100
AcDbEntity
  8
AM_9
100
AcDbCircle
 10
26.90000000000004
 20
68.29999999999997
 30
0.0
 40
0.4999999999999574
100
AcDbArc
 50
270.0
 51
0.0
  0
LINE
  5
97
330
7E
100
AcDbEntity
  8
AM_9
100
AcDbLine
 10
28.09999999999996
 20
122.65
 30
0.0
 11
33.59999999999996
 21
122.65
 31
0.0
  0
ARC
  5
98
330
7E
100
AcDbEntity
  8
AM_9
100
AcDbCircle
 10
32.40000000000004
 20
60.03255176513775
 30
0.0
 40
0.4999999999999503
100
AcDbArc
 50
0.0
 51
88.00000000000512
  0
LINE
  5
99
330
7E
100
AcDbEntity
  8
AM_9
100
AcDbLine
 10
21.9
 20
54.01164631729131
 30
0.0
 11
24.9
 21
54.38000000000002
 31
0.0
  0
LINE
  5
9A
330
7E
100
AcDbEntity
  8
AM_9
100
AcDbLine
 10
21.9
 20
47.09835368270873
 30
0.0
 11
21.9
 21
54.01164631729131
 31
0.0
  0
LINE
  5
9B
330
7E
100
AcDbEntity
  8
AM_9
100
AcDbLine
 10
33.59999999999999
 20
106.38
 30
0.0
 11
28.1
 21
106.38
 31
0.0
  0
ARC
  5
9C
330
7E
100
AcDbEntity
  8
AM_9
100
AcDbCircle
 10
27.59999999999998
 20
106.68
 30
0.0
 40
0.1999999999999886
100
AcDbArc
 50
90.0
 51
180.0
  0
LINE
  5
9D
330
7E
100
AcDbEntity
  8
AM_9
100
AcDbLine
 10
27.20000000000007
 20
43.51000000000002
 30
0.0
 11
25.1
 21
43.51000000000002
 31
0.0
  0
LINE
  5
9E
330
7E
100
AcDbEntity
  8
AM_9
100
AcDbLine
 10
27.4
 20
106.68
 30
0.0
 11
27.4
 21
68.30000000000001
 31
0.0
  0
LINE
  5
9F
330
7E
100
AcDbEntity
  8
AM_9
100
AcDbLine
 10
27.4
 20
140.64
 30
0.0
 11
27.4
 21
149.3
 31
0.0
  0
ARC
  5
A0
330
7E
100
AcDbEntity
  8
AM_9
100
AcDbCircle
 10
26.90000000000001
 20
140.64
 30
0.0
 40
0.5
100
AcDbArc
 50
270.0
 51
0.0
  0
LINE
  5
A1
330
7E
100
AcDbEntity
  8
AM_9
100
AcDbLine
 10
24.9
 20
54.38000000000002
 30
0.0
 11
24.9
 21
57.37000000000003
 31
0.0
  0
LINE
  5
A2
330
7E
100
AcDbEntity
  8
AM_9
100
AcDbLine
 10
27.4
 20
130.67
 30
0.0
 11
27.4
 21
122.35
 31
0.0
  0
ARC
  5
A3
330
7E
100
AcDbEntity
  8
AM_9
100
AcDbCircle
 10
30.39999999999991
 20
40.19928368501323
 30
0.0
 40
0.5000000000001137
100
AcDbArc
 50
0.0
 51
82.99999999999196
  0
ARC
  5
A4
330
7E
100
AcDbEntity
  8
AM_9
100
AcDbCircle
 10
19.7
 20
126.8931377549614
 30
0.0
 40
0.1999999999999977
100
AcDbArc
 50
272.0000000000001
 51
0.0
  0
LINE
  5
A5
330
7E
100
AcDbEntity
  8
AM_9
100
AcDbLine
 10
9.382550251648745
 20
126.3327225616968
 30
0.0
 11
19.7069798993405
 21
126.6932595895576
 31
0.0
  0
ARC
  5
A6
330
7E
100
AcDbEntity
  8
AM_9
100
AcDbCircle
 10
9.400000000000002
 20
125.8330271481872
 30
0.0
 40
0.4999999999999946
100
AcDbArc
 50
92.00000000000084
 51
180.0
  0
ARC
  5
A7
330
7E
100
AcDbEntity
  8
AM_9
100
AcDbCircle
 10
28.09999999999991
 20
122.8499999999999
 30
0.0
 40
0.1999999999999105
100
AcDbArc
 50
180.0
 51
270.0
  0
ARC
  5
A8
330
7E
100
AcDbEntity
  8
AM_9
100
AcDbCircle
 10
27.20000000000003
 20
43.31000000000006
 30
0.0
 40
0.1999999999999638
100
AcDbArc
 50
0.0
 51
90.0
  0
LINE
  5
A9
330
7E
100
AcDbEntity
  8
AM_9
100
AcDbLine
 10
32.89999999999999
 20
60.03255176513775
 30
0.0
 11
32.9
 21
59.34744823486227
 31
0.0
  0
ARC
  5
AA
330
7E
100
AcDbEntity
  8
AM_9
100
AcDbCircle
 10
27.20000000000002
 20
57.80000000000001
 30
0.0
 40
0.1999999999999886
100
AcDbArc
 50
270.0
 51
0.0
  0
LINE
  5
AB
330
7E
100
AcDbEntity
  8
AM_9
100
AcDbLine
 10
25.12999999999999
 20
57.60000000000002
 30
0.0
 11
27.2
 21
57.60000000000002
 31
0.0
  0
ARC
  5
AC
330
7E
100
AcDbEntity
  8
AM_9
100
AcDbCircle
 10
26.9
 20
130.67
 30
0.0
 40
0.4999999999999929
100
AcDbArc
 50
0.0
 51
90.0
  0
ARC
  5
AD
330
7E
100
AcDbEntity
  8
AM_9
100
AcDbCircle
 10
28.10000000000007
 20
60.88313775496146
 30
0.0
 40
0.2000000000000739
100
AcDbArc
 50
180.0
 51
267.9999999999784
  0
ARC
  5
AE
330
7E
100
AcDbEntity
  8
AM_9
100
AcDbCircle
 10
27.59999999999991
 20
122.3499999999999
 30
0.0
 40
0.1999999999999105
100
AcDbArc
 50
180.0
 51
270.0
  0
ARC
  5
AF
330
7E
100
AcDbEntity
  8
AM_9
100
AcDbCircle
 10
28.09999999999998
 20
106.18
 30
0.0
 40
0.1999999999999886
100
AcDbArc
 50
90.0
 51
180.0
  0
LINE
  5
B0
330
7E
100
AcDbEntity
  8
AM_9
100
AcDbLine
 10
24.89999999999998
 20
43.71000000000001
 30
0.0
 11
24.9
 21
46.73000000000002
 31
0.0
  0
ARC
  5
B1
330
7E
100
AcDbEntity
  8
AM_9
100
AcDbCircle
 10
25.09999999999996
 20
43.71
 30
0.0
 40
0.1999999999999815
100
AcDbArc
 50
180.0
 51
270.0
  0
ARC
  5
B2
330
7E
100
AcDbEntity
  8
AM_9
100
AcDbCircle
 10
28.10000000000003
 20
58.49686224503854
 30
0.0
 40
0.2000000000000485
100
AcDbArc
 50
92.00000000000867
 51
180.0
  0
LINE
  5
B3
330
7E
100
AcDbEntity
  8
AM_9
100
AcDbLine
 10
27.9
 20
149.3
 30
0.0
 11
27.9
 21
122.85
 31
0.0
  0
LINE
  5
B4
330
7E
100
AcDbEntity
  8
AM_9
100
AcDbLine
 10
20.90000000000001
 20
140.14
 30
0.0
 11
26.4
 21
140.14
 31
0.0
  0
LINE
  5
B5
330
7E
100
AcDbEntity
  8
AM_9
100
AcDbLine
 10
20.40000000000001
 20
68.29999999999998
 30
0.0
 11
20.4
 21
130.139
 31
0.0
  0
LINE
  5
B6
330
7E
100
AcDbEntity
  8
AM_9
100
AcDbLine
 10
8.899999999999999
 20
125.5669728518127
 30
0.0
 11
8.899999999999999
 21
125.8330271481872
 31
0.0
  0
LINE
  5
B7
330
7E
100
AcDbEntity
  8
AM_9
100
AcDbLine
 10
30.46093467170257
 20
33.82444323916602
 30
0.0
 11
27.9
 21
33.50999999999996
 31
0.0
  0
ARC
  5
B8
330
7E
100
AcDbEntity
  8
AM_9
100
AcDbCircle
 10
20.90000000000001
 20
68.30000000000003
 30
0.0
 40
0.5000000000000036
100
AcDbArc
 50
180.0
 51
270.0
  0
ARC
  5
B9
330
7E
100
AcDbEntity
  8
AM_9
100
AcDbCircle
 10
20.90000000000001
 20
140.64
 30
0.0
 40
0.5000000000000071
100
AcDbArc
 50
180.0
 51
270.0
  0
LINE
  5
BA
330
7E
100
AcDbEntity
  8
AM_9
100
AcDbLine
 10
19.90000000000001
 20
126.8931377549614
 30
0.0
 11
19.9
 21
149.3
 31
0.0
  0
LINE
  5
BB
330
7E
100
AcDbEntity
  8
AM_9
100
AcDbLine
 10
19.7069798993405
 20
124.7067404104424
 30
0.0
 11
9.382550251648745
 21
125.0672774383032
 31
0.0
  0
ARC
  5
BC
330
7E
100
AcDbEntity
  8
AM_9
100
AcDbCircle
 10
32.40000000000004
 20
59.34744823486222
 30
0.0
 40
0.4999999999999574
100
AcDbArc
 50
271.9999999999956
 51
0.0
  0
LINE
  5
BD
330
7E
100
AcDbEntity
  8
AM_9
100
AcDbLine
 10
32.41744974835125
 20
58.84775282135271
 30
0.0
 11
28.09302010065949
 21
58.6967404104424
 31
0.0
  0
ARC
  5
BE
330
7E
100
AcDbEntity
  8
AM_9
100
AcDbCircle
 10
30.39999999999999
 20
34.32071631498669
 30
0.0
 40
0.5000000000000141
100
AcDbArc
 50
277.0000000000005
 51
0.0
  0
ARC
  5
BF
330
7E
100
AcDbEntity
  8
AM_9
100
AcDbCircle
 10
20.09999999999998
 20
67.5
 30
0.0
 40
0.1999999999999957
100
AcDbArc
 50
180.0
 51
270.0
  0
LINE
  5
C0
330
7E
100
AcDbEntity
  8
AM_9
100
AcDbLine
 10
24.9
 20
46.73000000000002
 30
0.0
 11
21.9
 21
47.09835368270873
 31
0.0
  0
ARC
  5
C1
330
7E
100
AcDbEntity
  8
AM_9
100
AcDbCircle
 10
19.69999999999998
 20
124.5068622450386
 30
0.0
 40
0.2000000000000171
100
AcDbArc
 50
0.0
 51
87.9999999999952
  0
LINE
  5
C2
330
7E
100
AcDbEntity
  8
AM_9
100
AcDbLine
 10
27.9
 20
106.18
 30
0.0
 11
27.9
 21
60.88313775496141
 31
0.0
  0
LINE
  5
C3
330
7E
100
AcDbEntity
  8
AM_9
100
AcDbLine
 10
20.4
 20
149.3
 30
0.0
 11
20.4
 21
141.139
 31
0.0
  0
LINE
  5
C4
330
7E
100
AcDbEntity
  8
AM_9
100
AcDbLine
 10
28.09302010065949
 20
60.68325958955757
 30
0.0
 11
32.41744974835125
 21
60.53224717864725
 31
0.0
  0
LINE
  5
C5
330
7E
100
AcDbEntity
  8
AM_9
100
AcDbLine
 10
20.90000000000001
 20
131.17
 30
0.0
 11
26.4
 21
131.17
 31
0.0
  0
ARC
  5
C6
330
7E
100
AcDbEntity
  8
AM_9
100
AcDbCircle
 10
9.39999999999997
 20
125.5669728518127
 30
0.0
 40
0.4999999999999716
100
AcDbArc
 50
180.0
 51
268.0000000000028
  0
LINE
  5
C7
330
7E
100
AcDbEntity
  8
AM_9
100
AcDbLine
 10
27.40000000000001
 20
57.79999999999998
 30
0.0
 11
27.4
 21
67.10000000000002
 31
0.0
  0
ARC
  5
C8
330
7E
100
AcDbEntity
  8
AM_9
100
AcDbCircle
 10
27.20000000000006
 20
67.10000000000008
 30
0.0
 40
0.1999999999999389
100
AcDbArc
 50
0.0
 51
90.0
  0
LINE
  5
C9
330
7E
100
AcDbEntity
  8
AM_9
100
AcDbLine
 10
27.20000000000002
 20
67.30000000000001
 30
0.0
 11
20.1
 21
67.30000000000001
 31
0.0
  0
LINE
  5
CA
330
7E
100
AcDbEntity
  8
AM_9
100
AcDbLine
 10
27.89999999999998
 20
58.4968622450385
 30
0.0
 11
27.9
 21
41.01000000000002
 31
0.0
  0
LINE
  5
CB
330
7E
100
AcDbEntity
  8
AM_9
100
AcDbLine
 10
19.89999999999998
 20
67.49999999999997
 30
0.0
 11
19.9
 21
124.5068622450386
 31
0.0
  0
LINE
  5
CC
330
7E
100
AcDbEntity
  8
AM_9
100
AcDbLine
 10
27.9
 20
41.01000000000002
 30
0.0
 11
30.46093467170257
 21
40.69555676083399
 31
0.0
  0
LINE
  5
CD
330
7E
100
AcDbEntity
  8
AM_9
100
AcDbLine
 10
30.90000000000003
 20
40.19928368501323
 30
0.0
 11
30.9
 21
34.32071631498667
 31
0.0
  0
ARC
  5
CE
330
7E
100
AcDbEntity
  8
AM_9
100
AcDbCircle
 10
25.12999999999996
 20
57.37000000000005
 30
0.0
 40
0.2299999999999685
100
AcDbArc
 50
90.0
 51
179.9999991462263
  0
LINE
  5
CF
330
7E
100
AcDbEntity
  8
AM_9
100
AcDbLine
 10
26.90000000000002
 20
67.80000000000001
 30
0.0
 11
20.9
 21
67.80000000000001
 31
0.0
  0
LINE
  5
D0
330
7E
100
AcDbEntity
  8
AM_9
100
AcDbLine
 10
8.5
 20
63.90000000000001
 30
0.0
 11
15.0
 21
63.90000000000001
 31
0.0
  0
LINE
  5
D1
330
7E
100
AcDbEntity
  8
AM_9
100
AcDbLine
 10
46.0
 20
47.39999999999998
 30
0.0
 11
56.0
 21
47.39999999999998
 31
0.0
  0
LINE
  5
D2
330
7E
100
AcDbEntity
  8
AM_9
100
AcDbLine
 10
15.0
 20
56.90000000000001
 30
0.0
 11
8.5
 21
56.90000000000001
 31
0.0
  0
LINE
  5
D3
330
7E
100
AcDbEntity
  8
AM_9
100
AcDbLine
 10
15.0
 20
54.90000000000001
 30
0.0
 11
15.0
 21
52.40000000000001
 31
0.0
  0
LINE
  5
D4
330
7E
100
AcDbEntity
  8
AM_9
100
AcDbLine
 10
15.0
 20
65.9
 30
0.0
 11
8.5
 21
65.9
 31
0.0
  0
LINE
  5
D5
330
7E
100
AcDbEntity
  8
AM_9
100
AcDbLine
 10
8.5
 20
25.40000000000001
 30
0.0
 11
8.5
 21
27.90000000000001
 31
0.0
  0
LINE
  5
D6
330
7E
100
AcDbEntity
  8
AM_9
100
AcDbLine
 10
8.5
 20
27.90000000000001
 30
0.0
 11
15.0
 21
27.90000000000001
 31
0.0
  0
LINE
  5
D7
330
7E
100
AcDbEntity
  8
AM_9
100
AcDbLine
 10
15.0
 20
25.40000000000001
 30
0.0
 11
8.5
 21
25.40000000000001
 31
0.0
  0
LINE
  5
D8
330
7E
100
AcDbEntity
  8
AM_9
100
AcDbLine
 10
15.0
 20
27.90000000000001
 30
0.0
 11
15.0
 21
25.40000000000001
 31
0.0
  0
LINE
  5
D9
330
7E
100
AcDbEntity
  8
AM_9
100
AcDbLine
 10
15.0
 20
68.4
 30
0.0
 11
15.0
 21
65.9
 31
0.0
  0
LINE
  5
DA
330
7E
100
AcDbEntity
  8
AM_9
100
AcDbLine
 10
8.5
 20
65.9
 30
0.0
 11
8.5
 21
68.4
 31
0.0
  0
LINE
  5
DB
330
7E
100
AcDbEntity
  8
AM_9
100
AcDbLine
 10
8.5
 20
68.4
 30
0.0
 11
15.0
 21
68.4
 31
0.0
  0
LINE
  5
DC
330
7E
100
AcDbEntity
  8
AM_9
100
AcDbLine
 10
56.0
 20
41.89999999999998
 30
0.0
 11
46.0
 21
41.89999999999998
 31
0.0
  0
LINE
  5
DD
330
7E
100
AcDbEntity
  8
AM_9
100
AcDbLine
 10
56.0
 20
47.39999999999998
 30
0.0
 11
56.0
 21
41.89999999999998
 31
0.0
  0
LINE
  5
DE
330
7E
100
AcDbEntity
  8
AM_9
100
AcDbLine
 10
8.5
 20
56.90000000000001
 30
0.0
 11
8.5
 21
59.40000000000001
 31
0.0
  0
LINE
  5
DF
330
7E
100
AcDbEntity
  8
AM_9
100
AcDbLine
 10
8.5
 20
59.40000000000001
 30
0.0
 11
15.0
 21
59.40000000000001
 31
0.0
  0
LINE
  5
E0
330
7E
100
AcDbEntity
  8
AM_9
100
AcDbLine
 10
15.0
 20
59.40000000000001
 30
0.0
 11
15.0
 21
56.90000000000001
 31
0.0
  0
LINE
  5
E1
330
7E
100
AcDbEntity
  8
AM_9
100
AcDbLine
 10
8.5
 20
61.40000000000001
 30
0.0
 11
8.5
 21
63.90000000000001
 31
0.0
  0
LINE
  5
E2
330
7E
100
AcDbEntity
  8
AM_9
100
AcDbLine
 10
8.5
 20
54.90000000000001
 30
0.0
 11
15.0
 21
54.90000000000001
 31
0.0
  0
LINE
  5
E3
330
7E
100
AcDbEntity
  8
AM_9
100
AcDbLine
 10
8.5
 20
52.40000000000001
 30
0.0
 11
8.5
 21
54.90000000000001
 31
0.0
  0
LINE
  5
E4
330
7E
100
AcDbEntity
  8
AM_9
100
AcDbLine
 10
15.0
 20
45.89999999999998
 30
0.0
 11
15.0
 21
43.39999999999998
 31
0.0
  0
LINE
  5
E5
330
7E
100
AcDbEntity
  8
AM_9
100
AcDbLine
 10
8.5
 20
43.39999999999998
 30
0.0
 11
8.5
 21
45.89999999999998
 31
0.0
  0
LINE
  5
E6
330
7E
100
AcDbEntity
  8
AM_9
100
AcDbLine
 10
15.0
 20
43.39999999999998
 30
0.0
 11
8.5
 21
43.39999999999998
 31
0.0
  0
LINE
  5
E7
330
7E
100
AcDbEntity
  8
AM_9
100
AcDbLine
 10
8.5
 20
45.89999999999998
 30
0.0
 11
15.0
 21
45.89999999999998
 31
0.0
  0
LINE
  5
E8
330
7E
100
AcDbEntity
  8
AM_9
100
AcDbLine
 10
6.999999999999993
 20
59.40000000000001
 30
0.0
 11
6.999999999999993
 21
56.90000000000001
 31
0.0
  0
LINE
  5
E9
330
7E
100
AcDbEntity
  8
AM_9
100
AcDbLine
 10
4.5
 20
59.40000000000001
 30
0.0
 11
6.999999999999993
 21
59.40000000000001
 31
0.0
  0
LINE
  5
EA
330
7E
100
AcDbEntity
  8
AM_9
100
AcDbLine
 10
0.0
 20
54.90000000000001
 30
0.0
 11
6.999999999999993
 21
54.90000000000001
 31
0.0
  0
LINE
  5
EB
330
7E
100
AcDbEntity
  8
AM_9
100
AcDbLine
 10
6.999999999999993
 20
54.90000000000001
 30
0.0
 11
6.999999999999993
 21
52.40000000000001
 31
0.0
  0
LINE
  5
EC
330
7E
100
AcDbEntity
  8
AM_9
100
AcDbLine
 10
6.999999999999993
 20
52.40000000000001
 30
0.0
 11
0.0
 21
52.40000000000001
 31
0.0
  0
LINE
  5
ED
330
7E
100
AcDbEntity
  8
AM_9
100
AcDbLine
 10
36.4
 20
130.15
 30
0.0
 11
32.7
 21
130.15
 31
0.0
  0
LINE
  5
EE
330
7E
100
AcDbEntity
  8
AM_9
100
AcDbLine
 10
36.4
 20
141.15
 30
0.0
 11
36.4
 21
130.15
 31
0.0
  0
LINE
  5
EF
330
7E
100
AcDbEntity
  8
AM_9
100
AcDbLine
 10
32.7
 20
141.15
 30
0.0
 11
36.4
 21
141.15
 31
0.0
  0
LINE
  5
F0
330
7E
100
AcDbEntity
  8
AM_9
100
AcDbLine
 10
11.4
 20
130.15
 30
0.0
 11
11.4
 21
141.15
 31
0.0
  0
LINE
  5
F1
330
7E
100
AcDbEntity
  8
AM_9
100
AcDbLine
 10
11.4
 20
141.15
 30
0.0
 11
14.9
 21
141.15
 31
0.0
  0
LINE
  5
F2
330
7E
100
AcDbEntity
  8
AM_9
100
AcDbLine
 10
14.9
 20
141.15
 30
0.0
 11
14.9
 21
130.15
 31
0.0
  0
LINE
  5
F3
330
7E
100
AcDbEntity
  8
AM_9
100
AcDbLine
 10
14.9
 20
130.15
 30
0.0
 11
11.4
 21
130.15
 31
0.0
  0
LINE
  5
F4
330
7E
100
AcDbEntity
  8
AM_9
100
AcDbLine
 10
4.5
 20
140.4
 30
0.0
 11
4.5
 21
137.9
 31
0.0
  0
LINE
  5
F5
330
7E
100
AcDbEntity
  8
AM_9
100
AcDbLine
 10
28.4
 20
46.5
 30
0.0
 11
28.4
 21
53.5
 31
0.0
  0
LINE
  5
F6
330
7E
100
AcDbEntity
  8
AM_9
100
AcDbLine
 10
28.4
 20
53.5
 30
0.0
 11
31.9
 21
53.5
 31
0.0
  0
LINE
  5
F7
330
7E
100
AcDbEntity
  8
AM_9
100
AcDbLine
 10
31.9
 20
53.5
 30
0.0
 11
31.9
 21
46.5
 31
0.0
  0
LINE
  5
F8
330
7E
100
AcDbEntity
  8
AM_9
100
AcDbLine
 10
31.9
 20
46.5
 30
0.0
 11
28.4
 21
46.5
 31
0.0
  0
LINE
  5
F9
330
7E
100
AcDbEntity
  8
AM_9
100
AcDbLine
 10
8.5
 20
47.89999999999998
 30
0.0
 11
8.5
 21
50.39999999999998
 31
0.0
  0
LINE
  5
FA
330
7E
100
AcDbEntity
  8
AM_9
100
AcDbLine
 10
24.2
 20
40.0
 30
0.0
 11
24.2
 21
33.0
 31
0.0
  0
LINE
  5
FB
330
7E
100
AcDbEntity
  8
AM_9
100
AcDbLine
 10
20.7
 20
40.0
 30
0.0
 11
24.2
 21
40.0
 31
0.0
  0
LINE
  5
FC
330
7E
100
AcDbEntity
  8
AM_9
100
AcDbLine
 10
20.7
 20
33.0
 30
0.0
 11
20.7
 21
40.0
 31
0.0
  0
LINE
  5
FD
330
7E
100
AcDbEntity
  8
AM_9
100
AcDbLine
 10
45.5
 20
142.4
 30
0.0
 11
45.5
 21
144.9
 31
0.0
  0
LINE
  5
FE
330
7E
100
AcDbEntity
  8
AM_9
100
AcDbLine
 10
45.5
 20
144.9
 30
0.0
 11
49.0
 21
144.9
 31
0.0
  0
LINE
  5
FF
330
7E
100
AcDbEntity
  8
AM_9
100
AcDbLine
 10
49.0
 20
144.9
 30
0.0
 11
49.0
 21
142.4
 31
0.0
  0
LINE
  5
100
330
7E
100
AcDbEntity
  8
AM_9
100
AcDbLine
 10
49.0
 20
142.4
 30
0.0
 11
45.5
 21
142.4
 31
0.0
  0
LINE
  5
101
330
7E
100
AcDbEntity
  8
AM_9
100
AcDbLine
 10
8.5
 20
50.39999999999998
 30
0.0
 11
15.0
 21
50.39999999999998
 31
0.0
  0
LINE
  5
102
330
7E
100
AcDbEntity
  8
AM_9
100
AcDbLine
 10
15.0
 20
50.39999999999998
 30
0.0
 11
15.0
 21
47.89999999999998
 31
0.0
  0
LINE
  5
103
330
7E
100
AcDbEntity
  8
AM_9
100
AcDbLine
 10
15.0
 20
47.89999999999998
 30
0.0
 11
8.5
 21
47.89999999999998
 31
0.0
  0
LINE
  5
104
330
7E
100
AcDbEntity
  8
AM_9
100
AcDbLine
 10
49.0
 20
137.9
 30
0.0
 11
45.5
 21
137.9
 31
0.0
  0
LINE
  5
105
330
7E
100
AcDbEntity
  8
AM_9
100
AcDbLine
 10
45.5
 20
137.9
 30
0.0
 11
45.5
 21
140.4
 31
0.0
  0
LINE
  5
106
330
7E
100
AcDbEntity
  8
AM_9
100
AcDbLine
 10
45.5
 20
140.4
 30
0.0
 11
49.0
 21
140.4
 31
0.0
  0
LINE
  5
107
330
7E
100
AcDbEntity
  8
AM_9
100
AcDbLine
 10
49.0
 20
140.4
 30
0.0
 11
49.0
 21
137.9
 31
0.0
  0
LINE
  5
108
330
7E
100
AcDbEntity
  8
AM_9
100
AcDbLine
 10
32.7
 20
130.15
 30
0.0
 11
32.7
 21
141.15
 31
0.0
  0
LINE
  5
109
330
7E
100
AcDbEntity
  8
AM_9
100
AcDbLine
 10
49.0
 20
133.4
 30
0.0
 11
45.5
 21
133.4
 31
0.0
  0
LINE
  5
10A
330
7E
100
AcDbEntity
  8
AM_9
100
AcDbLine
 10
49.0
 20
135.9
 30
0.0
 11
49.0
 21
133.4
 31
0.0
  0
LINE
  5
10B
330
7E
100
AcDbEntity
  8
AM_9
100
AcDbLine
 10
45.5
 20
135.9
 30
0.0
 11
49.0
 21
135.9
 31
0.0
  0
LINE
  5
10C
330
7E
100
AcDbEntity
  8
AM_9
100
AcDbLine
 10
45.5
 20
133.4
 30
0.0
 11
45.5
 21
135.9
 31
0.0
  0
LINE
  5
10D
330
7E
100
AcDbEntity
  8
AM_9
100
AcDbLine
 10
24.2
 20
33.0
 30
0.0
 11
20.7
 21
33.0
 31
0.0
  0
LINE
  5
10E
330
7E
100
AcDbEntity
  8
AM_9
100
AcDbLine
 10
6.999999999999993
 20
56.90000000000001
 30
0.0
 11
4.5
 21
56.90000000000001
 31
0.0
  0
LINE
  5
10F
330
7E
100
AcDbEntity
  8
AM_9
100
AcDbLine
 10
8.5
 20
23.40000000000001
 30
0.0
 11
15.0
 21
23.40000000000001
 31
0.0
  0
LINE
  5
110
330
7E
100
AcDbEntity
  8
AM_9
100
AcDbLine
 10
8.5
 20
20.90000000000001
 30
0.0
 11
8.5
 21
23.40000000000001
 31
0.0
  0
LINE
  5
111
330
7E
100
AcDbEntity
  8
AM_9
100
AcDbLine
 10
39.992
 20
97.394
 30
0.0
 11
39.992
 21
99.90600000000002
 31
0.0
  0
LINE
  5
112
330
7E
100
AcDbEntity
  8
AM_9
100
AcDbLine
 10
49.006
 20
95.40600000000002
 30
0.0
 11
49.006
 21
92.894
 31
0.0
  0
LINE
  5
113
330
7E
100
AcDbEntity
  8
AM_9
100
AcDbLine
 10
39.992
 20
92.894
 30
0.0
 11
39.992
 21
95.40600000000002
 31
0.0
  0
LINE
  5
114
330
7E
100
AcDbEntity
  8
AM_9
100
AcDbLine
 10
39.992
 20
95.40600000000002
 30
0.0
 11
49.006
 21
95.40600000000002
 31
0.0
  0
LINE
  5
115
330
7E
100
AcDbEntity
  8
AM_9
100
AcDbLine
 10
49.006
 20
92.894
 30
0.0
 11
39.992
 21
92.894
 31
0.0
  0
LINE
  5
116
330
7E
100
AcDbEntity
  8
AM_9
100
AcDbLine
 10
39.992
 20
88.39400000000002
 30
0.0
 11
39.992
 21
90.90600000000003
 31
0.0
  0
LINE
  5
117
330
7E
100
AcDbEntity
  8
AM_9
100
AcDbLine
 10
39.992
 20
90.90600000000003
 30
0.0
 11
49.006
 21
90.90600000000003
 31
0.0
  0
LINE
  5
118
330
7E
100
AcDbEntity
  8
AM_9
100
AcDbLine
 10
49.006
 20
90.90600000000003
 30
0.0
 11
49.006
 21
88.39400000000002
 31
0.0
  0
LINE
  5
119
330
7E
100
AcDbEntity
  8
AM_9
100
AcDbLine
 10
49.006
 20
88.39400000000002
 30
0.0
 11
39.992
 21
88.39400000000002
 31
0.0
  0
LINE
  5
11A
330
7E
100
AcDbEntity
  8
AM_9
100
AcDbLine
 10
39.992
 20
83.89400000000002
 30
0.0
 11
39.992
 21
86.40600000000003
 31
0.0
  0
LINE
  5
11B
330
7E
100
AcDbEntity
  8
AM_9
100
AcDbLine
 10
39.992
 20
86.40600000000003
 30
0.0
 11
49.006
 21
86.40600000000003
 31
0.0
  0
LINE
  5
11C
330
7E
100
AcDbEntity
  8
AM_9
100
AcDbLine
 10
49.006
 20
86.40600000000003
 30
0.0
 11
49.006
 21
83.89400000000002
 31
0.0
  0
LINE
  5
11D
330
7E
100
AcDbEntity
  8
AM_9
100
AcDbLine
 10
49.006
 20
83.89400000000002
 30
0.0
 11
39.992
 21
83.89400000000002
 31
0.0
  0
LINE
  5
11E
330
7E
100
AcDbEntity
  8
AM_9
100
AcDbLine
 10
39.992
 20
81.90600000000003
 30
0.0
 11
49.006
 21
81.90600000000003
 31
0.0
  0
LINE
  5
11F
330
7E
100
AcDbEntity
  8
AM_9
100
AcDbLine
 10
39.992
 20
79.39400000000002
 30
0.0
 11
39.992
 21
81.90600000000003
 31
0.0
  0
LINE
  5
120
330
7E
100
AcDbEntity
  8
AM_9
100
AcDbLine
 10
39.992
 20
74.89400000000002
 30
0.0
 11
39.992
 21
77.40600000000003
 31
0.0
  0
LINE
  5
121
330
7E
100
AcDbEntity
  8
AM_9
100
AcDbLine
 10
49.006
 20
70.394
 30
0.0
 11
39.992
 21
70.394
 31
0.0
  0
LINE
  5
122
330
7E
100
AcDbEntity
  8
AM_9
100
AcDbLine
 10
49.006
 20
72.90600000000002
 30
0.0
 11
49.006
 21
70.394
 31
0.0
  0
LINE
  5
123
330
7E
100
AcDbEntity
  8
AM_9
100
AcDbLine
 10
39.992
 20
72.90600000000002
 30
0.0
 11
49.006
 21
72.90600000000002
 31
0.0
  0
LINE
  5
124
330
7E
100
AcDbEntity
  8
AM_9
100
AcDbLine
 10
39.992
 20
70.394
 30
0.0
 11
39.992
 21
72.90600000000002
 31
0.0
  0
LINE
  5
125
330
7E
100
AcDbEntity
  8
AM_9
100
AcDbLine
 10
56.994
 20
122.394
 30
0.0
 11
56.994
 21
119.906
 31
0.0
  0
LINE
  5
126
330
7E
100
AcDbEntity
  8
AM_9
100
AcDbLine
 10
56.994
 20
119.906
 30
0.0
 11
53.506
 21
119.906
 31
0.0
  0
LINE
  5
127
330
7E
100
AcDbEntity
  8
AM_9
100
AcDbLine
 10
53.506
 20
119.906
 30
0.0
 11
53.506
 21
122.394
 31
0.0
  0
LINE
  5
128
330
7E
100
AcDbEntity
  8
AM_9
100
AcDbLine
 10
53.506
 20
122.394
 30
0.0
 11
56.994
 21
122.394
 31
0.0
  0
LINE
  5
129
330
7E
100
AcDbEntity
  8
AM_9
100
AcDbLine
 10
53.506
 20
108.894
 30
0.0
 11
56.994
 21
108.894
 31
0.0
  0
LINE
  5
12A
330
7E
100
AcDbEntity
  8
AM_9
100
AcDbLine
 10
53.506
 20
106.406
 30
0.0
 11
53.506
 21
108.894
 31
0.0
  0
LINE
  5
12B
330
7E
100
AcDbEntity
  8
AM_9
100
AcDbLine
 10
56.994
 20
108.894
 30
0.0
 11
56.994
 21
106.406
 31
0.0
  0
LINE
  5
12C
330
7E
100
AcDbEntity
  8
AM_9
100
AcDbLine
 10
56.994
 20
106.406
 30
0.0
 11
53.506
 21
106.406
 31
0.0
  0
LINE
  5
12D
330
7E
100
AcDbEntity
  8
AM_9
100
AcDbLine
 10
46.0
 20
41.89999999999998
 30
0.0
 11
46.0
 21
47.39999999999998
 31
0.0
  0
LINE
  5
12E
330
7E
100
AcDbEntity
  8
AM_9
100
AcDbLine
 10
58.5
 20
47.39999999999998
 30
0.0
 11
68.5
 21
47.39999999999998
 31
0.0
  0
LINE
  5
12F
330
7E
100
AcDbEntity
  8
AM_9
100
AcDbLine
 10
68.5
 20
47.39999999999998
 30
0.0
 11
68.5
 21
41.89999999999998
 31
0.0
  0
LINE
  5
130
330
7E
100
AcDbEntity
  8
AM_9
100
AcDbLine
 10
58.5
 20
41.89999999999998
 30
0.0
 11
58.5
 21
47.39999999999998
 31
0.0
  0
LINE
  5
131
330
7E
100
AcDbEntity
  8
AM_9
100
AcDbLine
 10
68.5
 20
41.89999999999998
 30
0.0
 11
58.5
 21
41.89999999999998
 31
0.0
  0
LINE
  5
132
330
7E
100
AcDbEntity
  8
AM_9
100
AcDbLine
 10
15.0
 20
20.90000000000001
 30
0.0
 11
8.5
 21
20.90000000000001
 31
0.0
  0
LINE
  5
133
330
7E
100
AcDbEntity
  8
AM_9
100
AcDbLine
 10
15.0
 20
23.40000000000001
 30
0.0
 11
15.0
 21
20.90000000000001
 31
0.0
  0
LINE
  5
134
330
7E
100
AcDbEntity
  8
AM_9
100
AcDbLine
 10
81.0
 20
41.89999999999998
 30
0.0
 11
71.0
 21
41.89999999999998
 31
0.0
  0
LINE
  5
135
330
7E
100
AcDbEntity
  8
AM_9
100
AcDbLine
 10
81.0
 20
47.39999999999998
 30
0.0
 11
81.0
 21
41.89999999999998
 31
0.0
  0
LINE
  5
136
330
7E
100
AcDbEntity
  8
AM_9
100
AcDbLine
 10
71.0
 20
47.39999999999998
 30
0.0
 11
81.0
 21
47.39999999999998
 31
0.0
  0
LINE
  5
137
330
7E
100
AcDbEntity
  8
AM_9
100
AcDbLine
 10
71.0
 20
41.89999999999998
 30
0.0
 11
71.0
 21
47.39999999999998
 31
0.0
  0
LINE
  5
138
330
7E
100
AcDbEntity
  8
AM_9
100
AcDbLine
 10
46.0
 20
33.40000000000001
 30
0.0
 11
46.0
 21
38.90000000000001
 31
0.0
  0
LINE
  5
139
330
7E
100
AcDbEntity
  8
AM_9
100
AcDbLine
 10
46.0
 20
38.90000000000001
 30
0.0
 11
56.0
 21
38.90000000000001
 31
0.0
  0
LINE
  5
13A
330
7E
100
AcDbEntity
  8
AM_9
100
AcDbLine
 10
56.0
 20
38.90000000000001
 30
0.0
 11
56.0
 21
33.40000000000001
 31
0.0
  0
LINE
  5
13B
330
7E
100
AcDbEntity
  8
AM_9
100
AcDbLine
 10
56.0
 20
33.40000000000001
 30
0.0
 11
46.0
 21
33.40000000000001
 31
0.0
  0
LINE
  5
13C
330
7E
100
AcDbEntity
  8
AM_9
100
AcDbLine
 10
58.5
 20
33.40000000000001
 30
0.0
 11
58.5
 21
38.90000000000001
 31
0.0
  0
LINE
  5
13D
330
7E
100
AcDbEntity
  8
AM_9
100
AcDbLine
 10
58.5
 20
38.90000000000001
 30
0.0
 11
68.5
 21
38.90000000000001
 31
0.0
  0
LINE
  5
13E
330
7E
100
AcDbEntity
  8
AM_9
100
AcDbLine
 10
68.5
 20
38.90000000000001
 30
0.0
 11
68.5
 21
33.40000000000001
 31
0.0
  0
LINE
  5
13F
330
7E
100
AcDbEntity
  8
AM_9
100
AcDbLine
 10
68.5
 20
33.40000000000001
 30
0.0
 11
58.5
 21
33.40000000000001
 31
0.0
  0
LINE
  5
140
330
7E
100
AcDbEntity
  8
AM_9
100
AcDbLine
 10
71.0
 20
33.40000000000001
 30
0.0
 11
71.0
 21
38.90000000000001
 31
0.0
  0
LINE
  5
141
330
7E
100
AcDbEntity
  8
AM_9
100
AcDbLine
 10
71.0
 20
38.90000000000001
 30
0.0
 11
81.0
 21
38.90000000000001
 31
0.0
  0
LINE
  5
142
330
7E
100
AcDbEntity
  8
AM_9
100
AcDbLine
 10
81.0
 20
38.90000000000001
 30
0.0
 11
81.0
 21
33.40000000000001
 31
0.0
  0
LINE
  5
143
330
7E
100
AcDbEntity
  8
AM_9
100
AcDbLine
 10
81.0
 20
33.40000000000001
 30
0.0
 11
71.0
 21
33.40000000000001
 31
0.0
  0
LINE
  5
144
330
7E
100
AcDbEntity
  8
AM_9
100
AcDbLine
 10
46.0
 20
24.90000000000001
 30
0.0
 11
46.0
 21
30.40000000000001
 31
0.0
  0
LINE
  5
145
330
7E
100
AcDbEntity
  8
AM_9
100
AcDbLine
 10
46.0
 20
30.40000000000001
 30
0.0
 11
56.0
 21
30.40000000000001
 31
0.0
  0
LINE
  5
146
330
7E
100
AcDbEntity
  8
AM_9
100
AcDbLine
 10
56.0
 20
30.40000000000001
 30
0.0
 11
56.0
 21
24.90000000000001
 31
0.0
  0
LINE
  5
147
330
7E
100
AcDbEntity
  8
AM_9
100
AcDbLine
 10
56.0
 20
24.90000000000001
 30
0.0
 11
46.0
 21
24.90000000000001
 31
0.0
  0
LINE
  5
148
330
7E
100
AcDbEntity
  8
AM_9
100
AcDbLine
 10
58.5
 20
24.90000000000001
 30
0.0
 11
58.5
 21
30.40000000000001
 31
0.0
  0
LINE
  5
149
330
7E
100
AcDbEntity
  8
AM_9
100
AcDbLine
 10
58.5
 20
30.40000000000001
 30
0.0
 11
68.5
 21
30.40000000000001
 31
0.0
  0
LINE
  5
14A
330
7E
100
AcDbEntity
  8
AM_9
100
AcDbLine
 10
68.5
 20
30.40000000000001
 30
0.0
 11
68.5
 21
24.90000000000001
 31
0.0
  0
LINE
  5
14B
330
7E
100
AcDbEntity
  8
AM_9
100
AcDbLine
 10
68.5
 20
24.90000000000001
 30
0.0
 11
58.5
 21
24.90000000000001
 31
0.0
  0
LINE
  5
14C
330
7E
100
AcDbEntity
  8
AM_9
100
AcDbLine
 10
71.0
 20
24.90000000000001
 30
0.0
 11
71.0
 21
30.40000000000001
 31
0.0
  0
LINE
  5
14D
330
7E
100
AcDbEntity
  8
AM_9
100
AcDbLine
 10
71.0
 20
30.40000000000001
 30
0.0
 11
81.0
 21
30.40000000000001
 31
0.0
  0
LINE
  5
14E
330
7E
100
AcDbEntity
  8
AM_9
100
AcDbLine
 10
81.0
 20
30.40000000000001
 30
0.0
 11
81.0
 21
24.90000000000001
 31
0.0
  0
LINE
  5
14F
330
7E
100
AcDbEntity
  8
AM_9
100
AcDbLine
 10
81.0
 20
24.90000000000001
 30
0.0
 11
71.0
 21
24.90000000000001
 31
0.0
  0
LINE
  5
150
330
7E
100
AcDbEntity
  8
AM_9
100
AcDbLine
 10
46.0
 20
18.89999999999998
 30
0.0
 11
46.0
 21
21.90000000000001
 31
0.0
  0
LINE
  5
151
330
7E
100
AcDbEntity
  8
AM_9
100
AcDbLine
 10
46.0
 20
21.90000000000001
 30
0.0
 11
56.0
 21
21.90000000000001
 31
0.0
  0
LINE
  5
152
330
7E
100
AcDbEntity
  8
AM_9
100
AcDbLine
 10
56.0
 20
21.90000000000001
 30
0.0
 11
56.0
 21
18.89999999999998
 31
0.0
  0
LINE
  5
153
330
7E
100
AcDbEntity
  8
AM_9
100
AcDbLine
 10
56.0
 20
18.89999999999998
 30
0.0
 11
46.0
 21
18.89999999999998
 31
0.0
  0
LINE
  5
154
330
7E
100
AcDbEntity
  8
AM_9
100
AcDbLine
 10
58.5
 20
18.89999999999998
 30
0.0
 11
58.5
 21
21.90000000000001
 31
0.0
  0
LINE
  5
155
330
7E
100
AcDbEntity
  8
AM_9
100
AcDbLine
 10
58.5
 20
21.90000000000001
 30
0.0
 11
68.5
 21
21.90000000000001
 31
0.0
  0
LINE
  5
156
330
7E
100
AcDbEntity
  8
AM_9
100
AcDbLine
 10
68.5
 20
21.90000000000001
 30
0.0
 11
68.5
 21
18.89999999999998
 31
0.0
  0
LINE
  5
157
330
7E
100
AcDbEntity
  8
AM_9
100
AcDbLine
 10
68.5
 20
18.89999999999998
 30
0.0
 11
58.5
 21
18.89999999999998
 31
0.0
  0
LINE
  5
158
330
7E
100
AcDbEntity
  8
AM_9
100
AcDbLine
 10
71.0
 20
18.89999999999998
 30
0.0
 11
71.0
 21
21.90000000000001
 31
0.0
  0
LINE
  5
159
330
7E
100
AcDbEntity
  8
AM_9
100
AcDbLine
 10
71.0
 20
21.90000000000001
 30
0.0
 11
81.0
 21
21.90000000000001
 31
0.0
  0
LINE
  5
15A
330
7E
100
AcDbEntity
  8
AM_9
100
AcDbLine
 10
81.0
 20
21.90000000000001
 30
0.0
 11
81.0
 21
18.89999999999998
 31
0.0
  0
LINE
  5
15B
330
7E
100
AcDbEntity
  8
AM_9
100
AcDbLine
 10
81.0
 20
18.89999999999998
 30
0.0
 11
71.0
 21
18.89999999999998
 31
0.0
  0
LINE
  5
15C
330
7E
100
AcDbEntity
  8
AM_9
100
AcDbLine
 10
4.5
 20
144.9
 30
0.0
 11
4.5
 21
142.4
 31
0.0
  0
LINE
  5
15D
330
7E
100
AcDbEntity
  8
AM_9
100
AcDbLine
 10
4.5
 20
135.9
 30
0.0
 11
4.5
 21
133.4
 31
0.0
  0
LINE
  5
15E
330
7E
100
AcDbEntity
  8
AM_9
100
AcDbLine
 10
4.5
 20
131.4
 30
0.0
 11
4.5
 21
128.9
 31
0.0
  0
LINE
  5
15F
330
7E
100
AcDbEntity
  8
AM_9
100
AcDbLine
 10
4.506
 20
101.906
 30
0.0
 11
4.506
 21
104.394
 31
0.0
  0
LINE
  5
160
330
7E
100
AcDbEntity
  8
AM_9
100
AcDbLine
 10
4.506
 20
104.394
 30
0.0
 11
10.994
 21
104.394
 31
0.0
  0
LINE
  5
161
330
7E
100
AcDbEntity
  8
AM_9
100
AcDbLine
 10
10.994
 20
104.394
 30
0.0
 11
10.994
 21
101.906
 31
0.0
  0
LINE
  5
162
330
7E
100
AcDbEntity
  8
AM_9
100
AcDbLine
 10
10.994
 20
101.906
 30
0.0
 11
4.506
 21
101.906
 31
0.0
  0
LINE
  5
163
330
7E
100
AcDbEntity
  8
AM_9
100
AcDbLine
 10
45.5
 20
101.9
 30
0.0
 11
45.5
 21
104.4
 31
0.0
  0
LINE
  5
164
330
7E
100
AcDbEntity
  8
AM_9
100
AcDbLine
 10
45.5
 20
104.4
 30
0.0
 11
49.0
 21
104.4
 31
0.0
  0
LINE
  5
165
330
7E
100
AcDbEntity
  8
AM_9
100
AcDbLine
 10
49.0
 20
104.4
 30
0.0
 11
49.0
 21
101.9
 31
0.0
  0
LINE
  5
166
330
7E
100
AcDbEntity
  8
AM_9
100
AcDbLine
 10
49.0
 20
101.9
 30
0.0
 11
45.5
 21
101.9
 31
0.0
  0
LINE
  5
167
330
7E
100
AcDbEntity
  8
AM_9
100
AcDbLine
 10
39.992
 20
99.90600000000002
 30
0.0
 11
49.006
 21
99.90600000000002
 31
0.0
  0
LINE
  5
168
330
7E
100
AcDbEntity
  8
AM_9
100
AcDbLine
 10
49.006
 20
99.90600000000002
 30
0.0
 11
49.006
 21
97.394
 31
0.0
  0
LINE
  5
169
330
7E
100
AcDbEntity
  8
AM_9
100
AcDbLine
 10
49.006
 20
97.394
 30
0.0
 11
39.992
 21
97.394
 31
0.0
  0
LINE
  5
16A
330
7E
100
AcDbEntity
  8
AM_9
100
AcDbLine
 10
49.006
 20
81.90600000000003
 30
0.0
 11
49.006
 21
79.39400000000002
 31
0.0
  0
LINE
  5
16B
330
7E
100
AcDbEntity
  8
AM_9
100
AcDbLine
 10
49.006
 20
79.39400000000002
 30
0.0
 11
39.992
 21
79.39400000000002
 31
0.0
  0
LINE
  5
16C
330
7E
100
AcDbEntity
  8
AM_9
100
AcDbLine
 10
39.992
 20
77.40600000000003
 30
0.0
 11
49.006
 21
77.40600000000003
 31
0.0
  0
LINE
  5
16D
330
7E
100
AcDbEntity
  8
AM_9
100
AcDbLine
 10
49.006
 20
77.40600000000003
 30
0.0
 11
49.006
 21
74.89400000000002
 31
0.0
  0
LINE
  5
16E
330
7E
100
AcDbEntity
  8
AM_9
100
AcDbLine
 10
49.006
 20
74.89400000000002
 30
0.0
 11
39.992
 21
74.89400000000002
 31
0.0
  0
LINE
  5
16F
330
7E
100
AcDbEntity
  8
AM_9
100
AcDbLine
 10
8.5
 20
72.9
 30
0.0
 11
15.0
 21
72.9
 31
0.0
  0
LINE
  5
170
330
7E
100
AcDbEntity
  8
AM_9
100
AcDbLine
 10
8.5
 20
70.4
 30
0.0
 11
8.5
 21
72.9
 31
0.0
  0
LINE
  5
171
330
7E
100
AcDbEntity
  8
AM_9
100
AcDbLine
 10
15.0
 20
63.90000000000001
 30
0.0
 11
15.0
 21
61.40000000000001
 31
0.0
  0
LINE
  5
172
330
7E
100
AcDbEntity
  8
AM_9
100
AcDbLine
 10
15.0
 20
61.40000000000001
 30
0.0
 11
8.5
 21
61.40000000000001
 31
0.0
  0
LINE
  5
173
330
7E
100
AcDbEntity
  8
AM_9
100
AcDbLine
 10
15.0
 20
52.40000000000001
 30
0.0
 11
8.5
 21
52.40000000000001
 31
0.0
  0
LINE
  5
174
330
7E
100
AcDbEntity
  8
AM_9
100
AcDbLine
 10
50.5
 20
79.40000000000003
 30
0.0
 11
50.5
 21
81.90000000000003
 31
0.0
  0
LINE
  5
175
330
7E
100
AcDbEntity
  8
AM_9
100
AcDbLine
 10
50.5
 20
81.90000000000003
 30
0.0
 11
57.0
 21
81.90000000000003
 31
0.0
  0
LINE
  5
176
330
7E
100
AcDbEntity
  8
AM_9
100
AcDbLine
 10
57.0
 20
81.90000000000003
 30
0.0
 11
57.0
 21
79.40000000000003
 31
0.0
  0
LINE
  5
177
330
7E
100
AcDbEntity
  8
AM_9
100
AcDbLine
 10
57.0
 20
79.40000000000003
 30
0.0
 11
50.5
 21
79.40000000000003
 31
0.0
  0
LINE
  5
178
330
7E
100
AcDbEntity
  8
AM_9
100
AcDbLine
 10
58.5
 20
79.40000000000003
 30
0.0
 11
58.5
 21
81.90000000000003
 31
0.0
  0
LINE
  5
179
330
7E
100
AcDbEntity
  8
AM_9
100
AcDbLine
 10
58.5
 20
81.90000000000003
 30
0.0
 11
65.0
 21
81.90000000000003
 31
0.0
  0
LINE
  5
17A
330
7E
100
AcDbEntity
  8
AM_9
100
AcDbLine
 10
65.0
 20
81.90000000000003
 30
0.0
 11
65.0
 21
79.40000000000003
 31
0.0
  0
LINE
  5
17B
330
7E
100
AcDbEntity
  8
AM_9
100
AcDbLine
 10
65.0
 20
79.40000000000003
 30
0.0
 11
58.5
 21
79.40000000000003
 31
0.0
  0
LINE
  5
17C
330
7E
100
AcDbEntity
  8
AM_9
100
AcDbLine
 10
50.5
 20
74.90000000000002
 30
0.0
 11
50.5
 21
77.40000000000003
 31
0.0
  0
LINE
  5
17D
330
7E
100
AcDbEntity
  8
AM_9
100
AcDbLine
 10
50.5
 20
77.40000000000003
 30
0.0
 11
57.0
 21
77.40000000000003
 31
0.0
  0
LINE
  5
17E
330
7E
100
AcDbEntity
  8
AM_9
100
AcDbLine
 10
57.0
 20
77.40000000000003
 30
0.0
 11
57.0
 21
74.90000000000002
 31
0.0
  0
LINE
  5
17F
330
7E
100
AcDbEntity
  8
AM_9
100
AcDbLine
 10
57.0
 20
74.90000000000002
 30
0.0
 11
50.5
 21
74.90000000000002
 31
0.0
  0
LINE
  5
180
330
7E
100
AcDbEntity
  8
AM_9
100
AcDbLine
 10
58.5
 20
77.40000000000003
 30
0.0
 11
65.0
 21
77.40000000000003
 31
0.0
  0
LINE
  5
181
330
7E
100
AcDbEntity
  8
AM_9
100
AcDbLine
 10
58.5
 20
74.90000000000002
 30
0.0
 11
58.5
 21
77.40000000000003
 31
0.0
  0
LINE
  5
182
330
7E
100
AcDbEntity
  8
AM_9
100
AcDbLine
 10
65.0
 20
77.40000000000003
 30
0.0
 11
65.0
 21
74.90000000000002
 31
0.0
  0
LINE
  5
183
330
7E
100
AcDbEntity
  8
AM_9
100
AcDbLine
 10
65.0
 20
74.90000000000002
 30
0.0
 11
58.5
 21
74.90000000000002
 31
0.0
  0
LINE
  5
184
330
7E
100
AcDbEntity
  8
AM_9
100
AcDbLine
 10
66.5
 20
74.90000000000002
 30
0.0
 11
66.5
 21
77.40000000000003
 31
0.0
  0
LINE
  5
185
330
7E
100
AcDbEntity
  8
AM_9
100
AcDbLine
 10
66.5
 20
77.40000000000003
 30
0.0
 11
73.0
 21
77.40000000000003
 31
0.0
  0
LINE
  5
186
330
7E
100
AcDbEntity
  8
AM_9
100
AcDbLine
 10
73.0
 20
77.40000000000003
 30
0.0
 11
73.0
 21
74.90000000000002
 31
0.0
  0
LINE
  5
187
330
7E
100
AcDbEntity
  8
AM_9
100
AcDbLine
 10
73.0
 20
74.90000000000002
 30
0.0
 11
66.5
 21
74.90000000000002
 31
0.0
  0
LINE
  5
188
330
7E
100
AcDbEntity
  8
AM_9
100
AcDbLine
 10
74.5
 20
74.90000000000002
 30
0.0
 11
74.5
 21
77.40000000000003
 31
0.0
  0
LINE
  5
189
330
7E
100
AcDbEntity
  8
AM_9
100
AcDbLine
 10
74.5
 20
77.40000000000003
 30
0.0
 11
81.0
 21
77.40000000000003
 31
0.0
  0
LINE
  5
18A
330
7E
100
AcDbEntity
  8
AM_9
100
AcDbLine
 10
81.0
 20
77.40000000000003
 30
0.0
 11
81.0
 21
74.90000000000002
 31
0.0
  0
LINE
  5
18B
330
7E
100
AcDbEntity
  8
AM_9
100
AcDbLine
 10
81.0
 20
74.90000000000002
 30
0.0
 11
74.5
 21
74.90000000000002
 31
0.0
  0
LINE
  5
18C
330
7E
100
AcDbEntity
  8
AM_9
100
AcDbLine
 10
50.5
 20
70.4
 30
0.0
 11
50.5
 21
72.9
 31
0.0
  0
LINE
  5
18D
330
7E
100
AcDbEntity
  8
AM_9
100
AcDbLine
 10
50.5
 20
72.9
 30
0.0
 11
57.0
 21
72.9
 31
0.0
  0
LINE
  5
18E
330
7E
100
AcDbEntity
  8
AM_9
100
AcDbLine
 10
57.0
 20
72.9
 30
0.0
 11
57.0
 21
70.4
 31
0.0
  0
LINE
  5
18F
330
7E
100
AcDbEntity
  8
AM_9
100
AcDbLine
 10
57.0
 20
70.4
 30
0.0
 11
50.5
 21
70.4
 31
0.0
  0
LINE
  5
190
330
7E
100
AcDbEntity
  8
AM_9
100
AcDbLine
 10
58.5
 20
70.4
 30
0.0
 11
58.5
 21
72.9
 31
0.0
  0
LINE
  5
191
330
7E
100
AcDbEntity
  8
AM_9
100
AcDbLine
 10
58.5
 20
72.9
 30
0.0
 11
65.0
 21
72.9
 31
0.0
  0
LINE
  5
192
330
7E
100
AcDbEntity
  8
AM_9
100
AcDbLine
 10
65.0
 20
72.9
 30
0.0
 11
65.0
 21
70.4
 31
0.0
  0
LINE
  5
193
330
7E
100
AcDbEntity
  8
AM_9
100
AcDbLine
 10
65.0
 20
70.4
 30
0.0
 11
58.5
 21
70.4
 31
0.0
  0
LINE
  5
194
330
7E
100
AcDbEntity
  8
AM_9
100
AcDbLine
 10
66.5
 20
70.4
 30
0.0
 11
66.5
 21
72.9
 31
0.0
  0
LINE
  5
195
330
7E
100
AcDbEntity
  8
AM_9
100
AcDbLine
 10
66.5
 20
72.9
 30
0.0
 11
73.0
 21
72.9
 31
0.0
  0
LINE
  5
196
330
7E
100
AcDbEntity
  8
AM_9
100
AcDbLine
 10
73.0
 20
72.9
 30
0.0
 11
73.0
 21
70.4
 31
0.0
  0
LINE
  5
197
330
7E
100
AcDbEntity
  8
AM_9
100
AcDbLine
 10
73.0
 20
70.4
 30
0.0
 11
66.5
 21
70.4
 31
0.0
  0
LINE
  5
198
330
7E
100
AcDbEntity
  8
AM_9
100
AcDbLine
 10
74.5
 20
70.4
 30
0.0
 11
74.5
 21
72.9
 31
0.0
  0
LINE
  5
199
330
7E
100
AcDbEntity
  8
AM_9
100
AcDbLine
 10
74.5
 20
72.9
 30
0.0
 11
81.0
 21
72.9
 31
0.0
  0
LINE
  5
19A
330
7E
100
AcDbEntity
  8
AM_9
100
AcDbLine
 10
81.0
 20
72.9
 30
0.0
 11
81.0
 21
70.4
 31
0.0
  0
LINE
  5
19B
330
7E
100
AcDbEntity
  8
AM_9
100
AcDbLine
 10
81.0
 20
70.4
 30
0.0
 11
74.5
 21
70.4
 31
0.0
  0
LINE
  5
19C
330
7E
100
AcDbEntity
  8
AM_9
100
AcDbLine
 10
39.992
 20
63.40000000000001
 30
0.0
 11
39.992
 21
65.912
 31
0.0
  0
LINE
  5
19D
330
7E
100
AcDbEntity
  8
AM_9
100
AcDbLine
 10
39.992
 20
65.912
 30
0.0
 11
49.006
 21
65.912
 31
0.0
  0
LINE
  5
19E
330
7E
100
AcDbEntity
  8
AM_9
100
AcDbLine
 10
49.006
 20
65.912
 30
0.0
 11
49.006
 21
63.40000000000001
 31
0.0
  0
LINE
  5
19F
330
7E
100
AcDbEntity
  8
AM_9
100
AcDbLine
 10
49.006
 20
63.40000000000001
 30
0.0
 11
39.992
 21
63.40000000000001
 31
0.0
  0
LINE
  5
1A0
330
7E
100
AcDbEntity
  8
AM_9
100
AcDbLine
 10
39.992
 20
58.90000000000001
 30
0.0
 11
39.992
 21
61.41200000000001
 31
0.0
  0
LINE
  5
1A1
330
7E
100
AcDbEntity
  8
AM_9
100
AcDbLine
 10
39.992
 20
61.41200000000001
 30
0.0
 11
49.006
 21
61.41200000000001
 31
0.0
  0
LINE
  5
1A2
330
7E
100
AcDbEntity
  8
AM_9
100
AcDbLine
 10
49.006
 20
61.41200000000001
 30
0.0
 11
49.006
 21
58.90000000000001
 31
0.0
  0
LINE
  5
1A3
330
7E
100
AcDbEntity
  8
AM_9
100
AcDbLine
 10
49.006
 20
58.90000000000001
 30
0.0
 11
39.992
 21
58.90000000000001
 31
0.0
  0
LINE
  5
1A4
330
7E
100
AcDbEntity
  8
AM_9
100
AcDbLine
 10
50.5
 20
63.40000000000001
 30
0.0
 11
50.5
 21
65.9
 31
0.0
  0
LINE
  5
1A5
330
7E
100
AcDbEntity
  8
AM_9
100
AcDbLine
 10
50.5
 20
65.9
 30
0.0
 11
56.0
 21
65.9
 31
0.0
  0
LINE
  5
1A6
330
7E
100
AcDbEntity
  8
AM_9
100
AcDbLine
 10
56.0
 20
65.9
 30
0.0
 11
56.0
 21
63.40000000000001
 31
0.0
  0
LINE
  5
1A7
330
7E
100
AcDbEntity
  8
AM_9
100
AcDbLine
 10
56.0
 20
63.40000000000001
 30
0.0
 11
50.5
 21
63.40000000000001
 31
0.0
  0
LINE
  5
1A8
330
7E
100
AcDbEntity
  8
AM_9
100
AcDbLine
 10
50.5
 20
58.90000000000001
 30
0.0
 11
50.5
 21
61.40000000000001
 31
0.0
  0
LINE
  5
1A9
330
7E
100
AcDbEntity
  8
AM_9
100
AcDbLine
 10
50.5
 20
61.40000000000001
 30
0.0
 11
56.0
 21
61.40000000000001
 31
0.0
  0
LINE
  5
1AA
330
7E
100
AcDbEntity
  8
AM_9
100
AcDbLine
 10
56.0
 20
61.40000000000001
 30
0.0
 11
56.0
 21
58.90000000000001
 31
0.0
  0
LINE
  5
1AB
330
7E
100
AcDbEntity
  8
AM_9
100
AcDbLine
 10
56.0
 20
58.90000000000001
 30
0.0
 11
50.5
 21
58.90000000000001
 31
0.0
  0
LINE
  5
1AC
330
7E
100
AcDbEntity
  8
AM_9
100
AcDbLine
 10
58.5
 20
58.90000000000001
 30
0.0
 11
58.5
 21
65.9
 31
0.0
  0
LINE
  5
1AD
330
7E
100
AcDbEntity
  8
AM_9
100
AcDbLine
 10
58.5
 20
65.9
 30
0.0
 11
68.5
 21
65.9
 31
0.0
  0
LINE
  5
1AE
330
7E
100
AcDbEntity
  8
AM_9
100
AcDbLine
 10
68.5
 20
65.9
 30
0.0
 11
68.5
 21
58.90000000000001
 31
0.0
  0
LINE
  5
1AF
330
7E
100
AcDbEntity
  8
AM_9
100
AcDbLine
 10
68.5
 20
58.90000000000001
 30
0.0
 11
58.5
 21
58.90000000000001
 31
0.0
  0
LINE
  5
1B0
330
7E
100
AcDbEntity
  8
AM_9
100
AcDbLine
 10
71.0
 20
58.90000000000001
 30
0.0
 11
71.0
 21
65.9
 31
0.0
  0
LINE
  5
1B1
330
7E
100
AcDbEntity
  8
AM_9
100
AcDbLine
 10
71.0
 20
65.9
 30
0.0
 11
81.0
 21
65.9
 31
0.0
  0
LINE
  5
1B2
330
7E
100
AcDbEntity
  8
AM_9
100
AcDbLine
 10
81.0
 20
65.9
 30
0.0
 11
81.0
 21
58.90000000000001
 31
0.0
  0
LINE
  5
1B3
330
7E
100
AcDbEntity
  8
AM_9
100
AcDbLine
 10
81.0
 20
58.90000000000001
 30
0.0
 11
71.0
 21
58.90000000000001
 31
0.0
  0
LINE
  5
1B4
330
7E
100
AcDbEntity
  8
AM_9
100
AcDbLine
 10
38.5
 20
50.39999999999998
 30
0.0
 11
38.5
 21
55.90000000000001
 31
0.0
  0
LINE
  5
1B5
330
7E
100
AcDbEntity
  8
AM_9
100
AcDbLine
 10
38.5
 20
55.90000000000001
 30
0.0
 11
43.5
 21
55.90000000000001
 31
0.0
  0
LINE
  5
1B6
330
7E
100
AcDbEntity
  8
AM_9
100
AcDbLine
 10
43.5
 20
55.90000000000001
 30
0.0
 11
43.5
 21
50.39999999999998
 31
0.0
  0
LINE
  5
1B7
330
7E
100
AcDbEntity
  8
AM_9
100
AcDbLine
 10
43.5
 20
50.39999999999998
 30
0.0
 11
38.5
 21
50.39999999999998
 31
0.0
  0
LINE
  5
1B8
330
7E
100
AcDbEntity
  8
AM_9
100
AcDbLine
 10
38.5
 20
41.90000000000001
 30
0.0
 11
38.5
 21
47.40000000000001
 31
0.0
  0
LINE
  5
1B9
330
7E
100
AcDbEntity
  8
AM_9
100
AcDbLine
 10
38.5
 20
47.40000000000001
 30
0.0
 11
43.5
 21
47.40000000000001
 31
0.0
  0
LINE
  5
1BA
330
7E
100
AcDbEntity
  8
AM_9
100
AcDbLine
 10
43.5
 20
47.40000000000001
 30
0.0
 11
43.5
 21
41.90000000000001
 31
0.0
  0
LINE
  5
1BB
330
7E
100
AcDbEntity
  8
AM_9
100
AcDbLine
 10
43.5
 20
41.90000000000001
 30
0.0
 11
38.5
 21
41.90000000000001
 31
0.0
  0
LINE
  5
1BC
330
7E
100
AcDbEntity
  8
AM_9
100
AcDbLine
 10
36.5
 20
33.40000000000001
 30
0.0
 11
36.5
 21
38.90000000000001
 31
0.0
  0
LINE
  5
1BD
330
7E
100
AcDbEntity
  8
AM_9
100
AcDbLine
 10
36.5
 20
38.90000000000001
 30
0.0
 11
43.5
 21
38.90000000000001
 31
0.0
  0
LINE
  5
1BE
330
7E
100
AcDbEntity
  8
AM_9
100
AcDbLine
 10
43.5
 20
38.90000000000001
 30
0.0
 11
43.5
 21
33.40000000000001
 31
0.0
  0
LINE
  5
1BF
330
7E
100
AcDbEntity
  8
AM_9
100
AcDbLine
 10
43.5
 20
33.40000000000001
 30
0.0
 11
36.5
 21
33.40000000000001
 31
0.0
  0
LINE
  5
1C0
330
7E
100
AcDbEntity
  8
AM_9
100
AcDbLine
 10
36.5
 20
24.90000000000001
 30
0.0
 11
36.5
 21
30.40000000000001
 31
0.0
  0
LINE
  5
1C1
330
7E
100
AcDbEntity
  8
AM_9
100
AcDbLine
 10
36.5
 20
30.40000000000001
 30
0.0
 11
43.5
 21
30.40000000000001
 31
0.0
  0
LINE
  5
1C2
330
7E
100
AcDbEntity
  8
AM_9
100
AcDbLine
 10
43.5
 20
30.40000000000001
 30
0.0
 11
43.5
 21
24.90000000000001
 31
0.0
  0
LINE
  5
1C3
330
7E
100
AcDbEntity
  8
AM_9
100
AcDbLine
 10
43.5
 20
24.90000000000001
 30
0.0
 11
36.5
 21
24.90000000000001
 31
0.0
  0
LINE
  5
1C4
330
7E
100
AcDbEntity
  8
AM_9
100
AcDbLine
 10
43.5
 20
18.89999999999998
 30
0.0
 11
36.5
 21
18.89999999999998
 31
0.0
  0
LINE
  5
1C5
330
7E
100
AcDbEntity
  8
AM_9
100
AcDbLine
 10
43.5
 20
21.90000000000001
 30
0.0
 11
43.5
 21
18.89999999999998
 31
0.0
  0
LINE
  5
1C6
330
7E
100
AcDbEntity
  8
AM_9
100
AcDbLine
 10
36.5
 20
21.90000000000001
 30
0.0
 11
43.5
 21
21.90000000000001
 31
0.0
  0
LINE
  5
1C7
330
7E
100
AcDbEntity
  8
AM_9
100
AcDbLine
 10
36.5
 20
18.89999999999998
 30
0.0
 11
36.5
 21
21.90000000000001
 31
0.0
  0
LINE
  5
1C8
330
7E
100
AcDbEntity
  8
AM_9
100
AcDbLine
 10
46.0
 20
50.39999999999998
 30
0.0
 11
46.0
 21
55.90000000000001
 31
0.0
  0
LINE
  5
1C9
330
7E
100
AcDbEntity
  8
AM_9
100
AcDbLine
 10
46.0
 20
55.90000000000001
 30
0.0
 11
56.0
 21
55.90000000000001
 31
0.0
  0
LINE
  5
1CA
330
7E
100
AcDbEntity
  8
AM_9
100
AcDbLine
 10
56.0
 20
55.90000000000001
 30
0.0
 11
56.0
 21
50.39999999999998
 31
0.0
  0
LINE
  5
1CB
330
7E
100
AcDbEntity
  8
AM_9
100
AcDbLine
 10
56.0
 20
50.39999999999998
 30
0.0
 11
46.0
 21
50.39999999999998
 31
0.0
  0
LINE
  5
1CC
330
7E
100
AcDbEntity
  8
AM_9
100
AcDbLine
 10
58.5
 20
50.39999999999998
 30
0.0
 11
58.5
 21
55.90000000000001
 31
0.0
  0
LINE
  5
1CD
330
7E
100
AcDbEntity
  8
AM_9
100
AcDbLine
 10
58.5
 20
55.90000000000001
 30
0.0
 11
68.5
 21
55.90000000000001
 31
0.0
  0
LINE
  5
1CE
330
7E
100
AcDbEntity
  8
AM_9
100
AcDbLine
 10
68.5
 20
55.90000000000001
 30
0.0
 11
68.5
 21
50.39999999999998
 31
0.0
  0
LINE
  5
1CF
330
7E
100
AcDbEntity
  8
AM_9
100
AcDbLine
 10
68.5
 20
50.39999999999998
 30
0.0
 11
58.5
 21
50.39999999999998
 31
0.0
  0
LINE
  5
1D0
330
7E
100
AcDbEntity
  8
AM_9
100
AcDbLine
 10
71.0
 20
50.39999999999998
 30
0.0
 11
71.0
 21
55.90000000000001
 31
0.0
  0
LINE
  5
1D1
330
7E
100
AcDbEntity
  8
AM_9
100
AcDbLine
 10
81.0
 20
50.39999999999998
 30
0.0
 11
71.0
 21
50.39999999999998
 31
0.0
  0
LINE
  5
1D2
330
7E
100
AcDbEntity
  8
AM_9
100
AcDbLine
 10
71.0
 20
55.90000000000001
 30
0.0
 11
81.0
 21
55.90000000000001
 31
0.0
  0
LINE
  5
1D3
330
7E
100
AcDbEntity
  8
AM_9
100
AcDbLine
 10
81.0
 20
55.90000000000001
 30
0.0
 11
81.0
 21
50.39999999999998
 31
0.0
  0
LINE
  5
1D4
330
7E
100
AcDbEntity
  8
AM_9
100
AcDbLine
 10
4.506
 20
97.40600000000002
 30
0.0
 11
4.506
 21
99.89400000000002
 31
0.0
  0
LINE
  5
1D5
330
7E
100
AcDbEntity
  8
AM_9
100
AcDbLine
 10
4.506
 20
92.90600000000002
 30
0.0
 11
4.506
 21
95.39400000000002
 31
0.0
  0
LINE
  5
1D6
330
7E
100
AcDbEntity
  8
AM_9
100
AcDbLine
 10
4.506
 20
95.39400000000002
 30
0.0
 11
10.994
 21
95.39400000000002
 31
0.0
  0
LINE
  5
1D7
330
7E
100
AcDbEntity
  8
AM_9
100
AcDbLine
 10
10.994
 20
95.39400000000002
 30
0.0
 11
10.994
 21
92.90600000000002
 31
0.0
  0
LINE
  5
1D8
330
7E
100
AcDbEntity
  8
AM_9
100
AcDbLine
 10
10.994
 20
92.90600000000002
 30
0.0
 11
4.506
 21
92.90600000000002
 31
0.0
  0
LINE
  5
1D9
330
7E
100
AcDbEntity
  8
AM_9
100
AcDbLine
 10
6.999999999999993
 20
45.89999999999998
 30
0.0
 11
6.999999999999993
 21
43.39999999999998
 31
0.0
  0
LINE
  5
1DA
330
7E
100
AcDbEntity
  8
AM_9
100
AcDbLine
 10
0.0
 20
45.89999999999998
 30
0.0
 11
6.999999999999993
 21
45.89999999999998
 31
0.0
  0
LINE
  5
1DB
330
7E
100
AcDbEntity
  8
AM_9
100
AcDbLine
 10
4.506
 20
99.89400000000002
 30
0.0
 11
10.994
 21
99.89400000000002
 31
0.0
  0
LINE
  5
1DC
330
7E
100
AcDbEntity
  8
AM_9
100
AcDbLine
 10
10.994
 20
99.89400000000002
 30
0.0
 11
10.994
 21
97.40600000000002
 31
0.0
  0
LINE
  5
1DD
330
7E
100
AcDbEntity
  8
AM_9
100
AcDbLine
 10
10.994
 20
97.40600000000002
 30
0.0
 11
4.506
 21
97.40600000000002
 31
0.0
  0
LINE
  5
1DE
330
7E
100
AcDbEntity
  8
AM_9
100
AcDbLine
 10
4.506
 20
88.40600000000002
 30
0.0
 11
4.506
 21
90.89400000000002
 31
0.0
  0
LINE
  5
1DF
330
7E
100
AcDbEntity
  8
AM_9
100
AcDbLine
 10
4.506
 20
90.89400000000002
 30
0.0
 11
10.994
 21
90.89400000000002
 31
0.0
  0
LINE
  5
1E0
330
7E
100
AcDbEntity
  8
AM_9
100
AcDbLine
 10
10.994
 20
90.89400000000002
 30
0.0
 11
10.994
 21
88.40600000000002
 31
0.0
  0
LINE
  5
1E1
330
7E
100
AcDbEntity
  8
AM_9
100
AcDbLine
 10
10.994
 20
88.40600000000002
 30
0.0
 11
4.506
 21
88.40600000000002
 31
0.0
  0
LINE
  5
1E2
330
7E
100
AcDbEntity
  8
AM_9
100
AcDbLine
 10
8.494
 20
38.89400000000001
 30
0.0
 11
8.494
 21
41.40600000000001
 31
0.0
  0
LINE
  5
1E3
330
7E
100
AcDbEntity
  8
AM_9
100
AcDbLine
 10
8.494
 20
41.40600000000001
 30
0.0
 11
11.006
 21
41.40600000000001
 31
0.0
  0
LINE
  5
1E4
330
7E
100
AcDbEntity
  8
AM_9
100
AcDbLine
 10
11.006
 20
41.40600000000001
 30
0.0
 11
11.006
 21
38.89400000000001
 31
0.0
  0
LINE
  5
1E5
330
7E
100
AcDbEntity
  8
AM_9
100
AcDbLine
 10
11.006
 20
38.89400000000001
 30
0.0
 11
8.494
 21
38.89400000000001
 31
0.0
  0
LINE
  5
1E6
330
7E
100
AcDbEntity
  8
AM_9
100
AcDbLine
 10
8.494
 20
34.39400000000001
 30
0.0
 11
8.494
 21
36.90600000000001
 31
0.0
  0
LINE
  5
1E7
330
7E
100
AcDbEntity
  8
AM_9
100
AcDbLine
 10
8.494
 20
36.90600000000001
 30
0.0
 11
11.006
 21
36.90600000000001
 31
0.0
  0
LINE
  5
1E8
330
7E
100
AcDbEntity
  8
AM_9
100
AcDbLine
 10
11.006
 20
36.90600000000001
 30
0.0
 11
11.006
 21
34.39400000000001
 31
0.0
  0
LINE
  5
1E9
330
7E
100
AcDbEntity
  8
AM_9
100
AcDbLine
 10
11.006
 20
34.39400000000001
 30
0.0
 11
8.494
 21
34.39400000000001
 31
0.0
  0
LINE
  5
1EA
330
7E
100
AcDbEntity
  8
AM_9
100
AcDbLine
 10
8.494
 20
29.89400000000001
 30
0.0
 11
8.494
 21
32.40600000000001
 31
0.0
  0
LINE
  5
1EB
330
7E
100
AcDbEntity
  8
AM_9
100
AcDbLine
 10
8.494
 20
32.40600000000001
 30
0.0
 11
11.006
 21
32.40600000000001
 31
0.0
  0
LINE
  5
1EC
330
7E
100
AcDbEntity
  8
AM_9
100
AcDbLine
 10
11.006
 20
32.40600000000001
 30
0.0
 11
11.006
 21
29.89400000000001
 31
0.0
  0
LINE
  5
1ED
330
7E
100
AcDbEntity
  8
AM_9
100
AcDbLine
 10
11.006
 20
29.89400000000001
 30
0.0
 11
8.494
 21
29.89400000000001
 31
0.0
  0
LINE
  5
1EE
330
7E
100
AcDbEntity
  8
AM_9
100
AcDbLine
 10
8.5
 20
83.9
 30
0.0
 11
8.5
 21
86.4
 31
0.0
  0
LINE
  5
1EF
330
7E
100
AcDbEntity
  8
AM_9
100
AcDbLine
 10
8.5
 20
86.4
 30
0.0
 11
15.0
 21
86.4
 31
0.0
  0
LINE
  5
1F0
330
7E
100
AcDbEntity
  8
AM_9
100
AcDbLine
 10
15.0
 20
86.4
 30
0.0
 11
15.0
 21
83.9
 31
0.0
  0
LINE
  5
1F1
330
7E
100
AcDbEntity
  8
AM_9
100
AcDbLine
 10
15.0
 20
83.9
 30
0.0
 11
8.5
 21
83.9
 31
0.0
  0
LINE
  5
1F2
330
7E
100
AcDbEntity
  8
AM_9
100
AcDbLine
 10
8.5
 20
79.4
 30
0.0
 11
8.5
 21
81.9
 31
0.0
  0
LINE
  5
1F3
330
7E
100
AcDbEntity
  8
AM_9
100
AcDbLine
 10
8.5
 20
81.9
 30
0.0
 11
15.0
 21
81.9
 31
0.0
  0
LINE
  5
1F4
330
7E
100
AcDbEntity
  8
AM_9
100
AcDbLine
 10
15.0
 20
81.9
 30
0.0
 11
15.0
 21
79.4
 31
0.0
  0
LINE
  5
1F5
330
7E
100
AcDbEntity
  8
AM_9
100
AcDbLine
 10
15.0
 20
79.4
 30
0.0
 11
8.5
 21
79.4
 31
0.0
  0
LINE
  5
1F6
330
7E
100
AcDbEntity
  8
AM_9
100
AcDbLine
 10
8.5
 20
74.89999999999999
 30
0.0
 11
8.5
 21
77.4
 31
0.0
  0
LINE
  5
1F7
330
7E
100
AcDbEntity
  8
AM_9
100
AcDbLine
 10
8.5
 20
77.4
 30
0.0
 11
15.0
 21
77.4
 31
0.0
  0
LINE
  5
1F8
330
7E
100
AcDbEntity
  8
AM_9
100
AcDbLine
 10
15.0
 20
77.4
 30
0.0
 11
15.0
 21
74.89999999999999
 31
0.0
  0
LINE
  5
1F9
330
7E
100
AcDbEntity
  8
AM_9
100
AcDbLine
 10
15.0
 20
74.89999999999999
 30
0.0
 11
8.5
 21
74.89999999999999
 31
0.0
  0
LINE
  5
1FA
330
7E
100
AcDbEntity
  8
AM_9
100
AcDbLine
 10
15.0
 20
72.9
 30
0.0
 11
15.0
 21
70.4
 31
0.0
  0
LINE
  5
1FB
330
7E
100
AcDbEntity
  8
AM_9
100
AcDbLine
 10
15.0
 20
70.4
 30
0.0
 11
8.5
 21
70.4
 31
0.0
  0
LINE
  5
1FC
330
7E
100
AcDbEntity
  8
AM_9
100
AcDbLine
 10
0.0
 20
50.39999999999998
 30
0.0
 11
6.999999999999993
 21
50.39999999999998
 31
0.0
  0
LINE
  5
1FD
330
7E
100
AcDbEntity
  8
AM_9
100
AcDbLine
 10
6.999999999999993
 20
50.39999999999998
 30
0.0
 11
6.999999999999993
 21
47.89999999999998
 31
0.0
  0
LINE
  5
1FE
330
7E
100
AcDbEntity
  8
AM_9
100
AcDbLine
 10
6.999999999999993
 20
47.89999999999998
 30
0.0
 11
0.0
 21
47.89999999999998
 31
0.0
  0
LINE
  5
1FF
330
7E
100
AcDbEntity
  8
AM_9
100
AcDbLine
 10
6.999999999999993
 20
43.39999999999998
 30
0.0
 11
0.0
 21
43.39999999999998
 31
0.0
  0
LINE
  5
200
330
7E
100
AcDbEntity
  8
AM_9
100
AcDbLine
 10
0.0
 20
41.39999999999998
 30
0.0
 11
6.999999999999993
 21
41.39999999999998
 31
0.0
  0
LINE
  5
201
330
7E
100
AcDbEntity
  8
AM_9
100
AcDbLine
 10
6.999999999999993
 20
41.39999999999998
 30
0.0
 11
6.999999999999993
 21
38.89999999999998
 31
0.0
  0
LINE
  5
202
330
7E
100
AcDbEntity
  8
AM_9
100
AcDbLine
 10
6.999999999999993
 20
38.89999999999998
 30
0.0
 11
0.0
 21
38.89999999999998
 31
0.0
  0
LINE
  5
203
330
7E
100
AcDbEntity
  8
AM_9
100
AcDbLine
 10
0.0
 20
36.89999999999998
 30
0.0
 11
6.999999999999993
 21
36.89999999999998
 31
0.0
  0
LINE
  5
204
330
7E
100
AcDbEntity
  8
AM_9
100
AcDbLine
 10
6.999999999999993
 20
36.89999999999998
 30
0.0
 11
6.999999999999993
 21
34.39999999999998
 31
0.0
  0
LINE
  5
205
330
7E
100
AcDbEntity
  8
AM_9
100
AcDbLine
 10
6.999999999999993
 20
34.39999999999998
 30
0.0
 11
0.0
 21
34.39999999999998
 31
0.0
  0
LINE
  5
206
330
7E
100
AcDbEntity
  8
AM_9
100
AcDbLine
 10
6.999999999999993
 20
29.90000000000001
 30
0.0
 11
0.0
 21
29.90000000000001
 31
0.0
  0
LINE
  5
207
330
7E
100
AcDbEntity
  8
AM_9
100
AcDbLine
 10
6.999999999999993
 20
32.40000000000001
 30
0.0
 11
6.999999999999993
 21
29.90000000000001
 31
0.0
  0
LINE
  5
208
330
7E
100
AcDbEntity
  8
AM_9
100
AcDbLine
 10
0.0
 20
32.40000000000001
 30
0.0
 11
6.999999999999993
 21
32.40000000000001
 31
0.0
  0
LINE
  5
209
330
7E
100
AcDbEntity
  8
AM_9
100
AcDbLine
 10
49.0
 20
131.4
 30
0.0
 11
49.0
 21
128.9
 31
0.0
  0
LINE
  5
20A
330
7E
100
AcDbEntity
  8
AM_9
100
AcDbLine
 10
49.0
 20
128.9
 30
0.0
 11
45.5
 21
128.9
 31
0.0
  0
LINE
  5
20B
330
7E
100
AcDbEntity
  8
AM_9
100
AcDbLine
 10
45.5
 20
128.9
 30
0.0
 11
45.5
 21
131.4
 31
0.0
  0
LINE
  5
20C
330
7E
100
AcDbEntity
  8
AM_9
100
AcDbLine
 10
45.5
 20
131.4
 30
0.0
 11
49.0
 21
131.4
 31
0.0
  0
LINE
  5
20D
330
7E
100
AcDbEntity
  8
AM_9
100
AcDbLine
 10
78.5
 20
149.0
 30
0.0
 11
84.5
 21
149.0
 31
0.0
  0
LINE
  5
20E
330
7E
100
AcDbEntity
  8
AM_9
100
AcDbLine
 10
84.5
 20
151.6
 30
0.0
 11
78.5
 21
151.6
 31
0.0
  0
LINE
  5
20F
330
7E
100
AcDbEntity
  8
AM_9
100
AcDbLine
 10
78.5
 20
151.6
 30
0.0
 11
78.5
 21
149.0
 31
0.0
  0
LINE
  5
210
330
7E
100
AcDbEntity
  8
AM_9
100
AcDbLine
 10
84.5
 20
149.0
 30
0.0
 11
85.0
 21
148.5
 31
0.0
  0
LINE
  5
211
330
7E
100
AcDbEntity
  8
AM_9
100
AcDbLine
 10
85.0
 20
152.1
 30
0.0
 11
84.5
 21
151.6
 31
0.0
  0
LINE
  5
212
330
7E
100
AcDbEntity
  8
AM_9
100
AcDbLine
 10
84.5
 20
151.6
 30
0.0
 11
84.5
 21
149.0
 31
0.0
  0
LINE
  5
213
330
7E
100
AcDbEntity
  8
AM_9
100
AcDbLine
 10
11.7
 20
188.5984565994178
 30
0.0
 11
7.299999999999997
 21
188.5984565994178
 31
0.0
  0
LINE
  5
214
330
7E
100
AcDbEntity
  8
AM_9
100
AcDbLine
 10
11.49999999999999
 20
188.6013391284939
 30
0.0
 11
7.5
 21
188.6013391284939
 31
0.0
  0
LINE
  5
215
330
7E
100
AcDbEntity
  8
AM_9
100
AcDbLine
 10
84.5168458506229
 20
188.6220540368513
 30
0.0
 11
80.935
 21
188.6220540368513
 31
0.0
  0
LINE
  5
216
330
7E
100
AcDbEntity
  8
AM_9
100
AcDbLine
 10
7.299999999999997
 20
188.6220540368513
 30
0.0
 11
0.483154149377107
 21
188.6220540368513
 31
0.0
  0
LINE
  5
217
330
7E
100
AcDbEntity
  8
AM_9
100
AcDbLine
 10
42.463
 20
188.6220540368513
 30
0.0
 11
11.7
 21
188.6220540368513
 31
0.0
  0
LINE
  5
218
330
7E
100
AcDbEntity
  8
AM_9
100
AcDbLine
 10
42.46300000000001
 20
188.4099824357798
 30
0.0
 11
42.46300000000001
 21
197.5
 31
0.0
  0
LINE
  5
219
330
7E
100
AcDbEntity
  8
AM_9
100
AcDbLine
 10
80.935
 20
197.5
 30
0.0
 11
80.935
 21
188.4099824357798
 31
0.0
  0
LINE
  5
21A
330
7E
100
AcDbEntity
  8
AM_9
100
AcDbLine
 10
11.49999999999999
 20
188.6220540368513
 30
0.0
 11
7.499999999999993
 21
188.6220540368513
 31
0.0
  0
LINE
  5
21B
330
7E
100
AcDbEntity
  8
AM_9
100
AcDbLine
 10
77.0
 20
108.8
 30
0.0
 11
84.5
 21
108.8
 31
0.0
  0
LINE
  5
21C
330
7E
100
AcDbEntity
  8
AM_9
100
AcDbLine
 10
84.5
 20
111.8
 30
0.0
 11
77.0
 21
111.8
 31
0.0
  0
LINE
  5
21D
330
7E
100
AcDbEntity
  8
AM_9
100
AcDbLine
 10
77.0
 20
111.8
 30
0.0
 11
77.0
 21
108.8
 31
0.0
  0
LINE
  5
21E
330
7E
100
AcDbEntity
  8
AM_9
100
AcDbLine
 10
7.5
 20
188.7013984686583
 30
0.0
 11
11.5
 21
188.7013984686583
 31
0.0
  0
LINE
  5
21F
330
7E
100
AcDbEntity
  8
AM_9
100
AcDbLine
 10
7.5
 20
183.5
 30
0.0
 11
7.5
 21
188.7013984686583
 31
0.0
  0
LINE
  5
220
330
7E
100
AcDbEntity
  8
AM_9
100
AcDbLine
 10
11.5
 20
183.5
 30
0.0
 11
11.5
 21
188.7013984686583
 31
0.0
  0
LINE
  5
221
330
7E
100
AcDbEntity
  8
AM_9
100
AcDbLine
 10
7.299999999999997
 20
188.7287455220454
 30
0.0
 11
11.7
 21
188.7287455220454
 31
0.0
  0
LINE
  5
222
330
7E
100
AcDbEntity
  8
AM_9
100
AcDbLine
 10
7.299999999999997
 20
183.5
 30
0.0
 11
7.299999999999997
 21
188.7287455220454
 31
0.0
  0
LINE
  5
223
330
7E
100
AcDbEntity
  8
AM_9
100
AcDbLine
 10
11.7
 20
183.5
 30
0.0
 11
11.7
 21
188.7287455220454
 31
0.0
  0
LINE
  5
224
330
7E
100
AcDbEntity
  8
AM_9
100
AcDbLine
 10
7.299999999999997
 20
183.5
 30
0.0
 11
11.7
 21
183.5
 31
0.0
  0
LINE
  5
225
330
7E
100
AcDbEntity
  8
AM_9
100
AcDbLine
 10
84.5
 20
108.8
 30
0.0
 11
85.0
 21
108.3
 31
0.0
  0
LINE
  5
226
330
7E
100
AcDbEntity
  8
AM_9
100
AcDbLine
 10
85.0
 20
112.3
 30
0.0
 11
84.5
 21
111.8
 31
0.0
  0
LINE
  5
227
330
7E
100
AcDbEntity
  8
AM_9
100
AcDbLine
 10
84.5
 20
111.8
 30
0.0
 11
84.5
 21
108.8
 31
0.0
  0
LINE
  5
228
330
7E
100
AcDbEntity
  8
AM_9
100
AcDbLine
 10
85.0
 20
113.2385
 30
0.0
 11
84.49977321464993
 21
113.7565
 31
0.0
  0
LINE
  5
229
330
7E
100
AcDbEntity
  8
AM_9
100
AcDbLine
 10
84.49977321464993
 20
106.8435
 30
0.0
 11
85.0
 21
107.3615
 31
0.0
  0
LINE
  5
22A
330
7E
100
AcDbEntity
  8
AM_9
100
AcDbLine
 10
84.49977321464993
 20
113.7565
 30
0.0
 11
83.0
 21
113.7826786388393
 31
0.0
  0
LINE
  5
22B
330
7E
100
AcDbEntity
  8
AM_9
100
AcDbLine
 10
83.0
 20
106.8173213611607
 30
0.0
 11
84.49977321464993
 21
106.8435
 31
0.0
  0
LINE
  5
22C
330
7E
100
AcDbEntity
  8
AM_9
100
AcDbLine
 10
84.49977321464993
 20
113.7565
 30
0.0
 11
84.49977321464993
 21
106.8435
 31
0.0
  0
LINE
  5
22D
330
7E
100
AcDbEntity
  8
AM_9
100
AcDbLine
 10
83.0
 20
106.4998415389835
 30
0.0
 11
85.0
 21
106.43
 31
0.0
  0
LINE
  5
22E
330
7E
100
AcDbEntity
  8
AM_9
100
AcDbLine
 10
85.0
 20
114.17
 30
0.0
 11
83.0
 21
114.1001584610165
 31
0.0
  0
LINE
  5
22F
330
7E
100
AcDbEntity
  8
AM_9
100
AcDbLine
 10
83.0
 20
114.1001584610165
 30
0.0
 11
83.0
 21
106.4998415389835
 31
0.0
  0
LINE
  5
230
330
7E
100
AcDbEntity
  8
AM_9
100
AcDbLine
 10
42.46300000000001
 20
197.5
 30
0.0
 11
80.935
 21
197.5
 31
0.0
  0
LINE
  5
231
330
7E
100
AcDbEntity
  8
AM_9
100
AcDbLine
 10
44.615
 20
197.5
 30
0.0
 11
44.61499999999999
 21
197.8275481712553
 31
0.0
  0
LINE
  5
232
330
7E
100
AcDbEntity
  8
AM_9
100
AcDbLine
 10
78.787
 20
197.8275481712553
 30
0.0
 11
78.787
 21
197.5
 31
0.0
  0
LINE
  5
233
330
7E
100
AcDbEntity
  8
AM_9
100
AcDbLine
 10
78.787
 20
197.8999846081181
 30
0.0
 11
78.787
 21
198.5
 31
0.0
  0
LINE
  5
234
330
7E
100
AcDbEntity
  8
AM_9
100
AcDbLine
 10
44.615
 20
197.8999846081181
 30
0.0
 11
44.615
 21
198.5
 31
0.0
  0
LINE
  5
235
330
7E
100
AcDbEntity
  8
AM_9
100
AcDbLine
 10
11.7
 20
198.047484213652
 30
0.0
 11
21.5
 21
198.047484213652
 31
0.0
  0
LINE
  5
236
330
7E
100
AcDbEntity
  8
AM_9
100
AcDbLine
 10
73.83499999999998
 20
198.5
 30
0.0
 11
73.83499999999998
 21
193.5
 31
0.0
  0
LINE
  5
237
330
7E
100
AcDbEntity
  8
AM_9
100
AcDbLine
 10
75.20000000000002
 20
198.5
 30
0.0
 11
75.20000000000002
 21
193.5
 31
0.0
  0
LINE
  5
238
330
7E
100
AcDbEntity
  8
AM_9
100
AcDbLine
 10
75.6
 20
197.978447231468
 30
0.0
 11
75.6
 21
193.5
 31
0.0
  0
LINE
  5
239
330
7E
100
AcDbEntity
  8
AM_9
100
AcDbLine
 10
73.32
 20
198.5
 30
0.0
 11
73.32
 21
193.5
 31
0.0
  0
LINE
  5
23A
330
7E
100
AcDbEntity
  8
AM_9
100
AcDbLine
 10
72.1
 20
198.5
 30
0.0
 11
72.1
 21
193.5
 31
0.0
  0
LINE
  5
23B
330
7E
100
AcDbEntity
  8
AM_9
100
AcDbLine
 10
71.7
 20
198.5
 30
0.0
 11
71.7
 21
193.5
 31
0.0
  0
LINE
  5
23C
330
7E
100
AcDbEntity
  8
AM_9
100
AcDbLine
 10
73.99999999999999
 20
198.5
 30
0.0
 11
73.99999999999999
 21
193.5
 31
0.0
  0
LINE
  5
23D
330
7E
100
AcDbEntity
  8
AM_9
100
AcDbLine
 10
73.485
 20
198.5
 30
0.0
 11
73.485
 21
193.5
 31
0.0
  0
LINE
  5
23E
330
7E
100
AcDbEntity
  8
AM_9
100
AcDbLine
 10
69.638
 20
193.5
 30
0.0
 11
69.638
 21
198.2154255268481
 31
0.0
  0
LINE
  5
23F
330
7E
100
AcDbEntity
  8
AM_9
100
AcDbLine
 10
65.316
 20
193.5
 30
0.0
 11
65.316
 21
198.4767525460346
 31
0.0
  0
LINE
  5
240
330
7E
100
AcDbEntity
  8
AM_9
100
AcDbLine
 10
75.667
 20
193.5
 30
0.0
 11
75.667
 21
197.978447231468
 31
0.0
  0
LINE
  5
241
330
7E
100
AcDbEntity
  8
AM_9
100
AcDbLine
 10
11.7
 20
198.4999999999998
 30
0.0
 11
11.7
 21
200.2
 31
0.0
  0
LINE
  5
242
330
7E
100
AcDbEntity
  8
AM_9
100
AcDbLine
 10
11.7
 20
198.4983825426877
 30
0.0
 11
11.7
 21
198.047484213652
 31
0.0
  0
LINE
  5
243
330
7E
100
AcDbEntity
  8
AM_9
100
AcDbLine
 10
21.5
 20
198.4999999999998
 30
0.0
 11
21.5
 21
200.2
 31
0.0
  0
LINE
  5
244
330
7E
100
AcDbEntity
  8
AM_9
100
AcDbLine
 10
21.5
 20
198.047484213652
 30
0.0
 11
21.5
 21
198.4983825426877
 31
0.0
  0
LINE
  5
245
330
7E
100
AcDbEntity
  8
AM_9
100
AcDbLine
 10
21.5
 20
198.4983825426877
 30
0.0
 11
11.7
 21
198.4983825426877
 31
0.0
  0
LINE
  5
246
330
7E
100
AcDbEntity
  8
AM_9
100
AcDbLine
 10
46.45
 20
198.4986007311688
 30
0.0
 11
46.45
 21
198.4999595881601
 31
0.0
  0
LINE
  5
247
330
7E
100
AcDbEntity
  8
AM_9
100
AcDbLine
 10
37.02
 20
198.4986007311688
 30
0.0
 11
37.02
 21
198.4999595881601
 31
0.0
  0
LINE
  5
248
330
7E
100
AcDbEntity
  8
AM_9
100
AcDbLine
 10
31.45
 20
198.4986007311688
 30
0.0
 11
31.45
 21
198.4999595881601
 31
0.0
  0
LINE
  5
249
330
7E
100
AcDbEntity
  8
AM_9
100
AcDbLine
 10
52.02
 20
198.4986007311688
 30
0.0
 11
52.02
 21
198.4999595881601
 31
0.0
  0
LINE
  5
24A
330
7E
100
AcDbEntity
  8
AM_9
100
AcDbLine
 10
44.52
 20
198.4986007311688
 30
0.0
 11
44.52
 21
198.4999595881601
 31
0.0
  0
LINE
  5
24B
330
7E
100
AcDbEntity
  8
AM_9
100
AcDbLine
 10
38.95
 20
198.4986007311688
 30
0.0
 11
38.95
 21
198.4999595881601
 31
0.0
  0
LINE
  5
24C
330
7E
100
AcDbEntity
  8
AM_9
100
AcDbLine
 10
53.95
 20
198.4986007311688
 30
0.0
 11
53.95
 21
198.4999595881601
 31
0.0
  0
LINE
  5
24D
330
7E
100
AcDbEntity
  8
AM_9
100
AcDbLine
 10
59.52
 20
198.4986007311688
 30
0.0
 11
59.52
 21
198.4999595881601
 31
0.0
  0
LINE
  5
24E
330
7E
100
AcDbEntity
  8
AM_9
100
AcDbLine
 10
31.45
 20
198.4894373271929
 30
0.0
 11
31.45
 21
198.4948555236982
 31
0.0
  0
LINE
  5
24F
330
7E
100
AcDbEntity
  8
AM_9
100
AcDbLine
 10
44.52
 20
198.4894373271929
 30
0.0
 11
44.52
 21
198.4948555236982
 31
0.0
  0
LINE
  5
250
330
7E
100
AcDbEntity
  8
AM_9
100
AcDbLine
 10
46.45
 20
198.4894373271929
 30
0.0
 11
46.45
 21
198.4948555236982
 31
0.0
  0
LINE
  5
251
330
7E
100
AcDbEntity
  8
AM_9
100
AcDbLine
 10
52.02
 20
198.4894373271929
 30
0.0
 11
52.02
 21
198.4948555236982
 31
0.0
  0
LINE
  5
252
330
7E
100
AcDbEntity
  8
AM_9
100
AcDbLine
 10
38.95
 20
198.4894373271929
 30
0.0
 11
38.95
 21
198.4948555236982
 31
0.0
  0
LINE
  5
253
330
7E
100
AcDbEntity
  8
AM_9
100
AcDbLine
 10
59.52
 20
198.4894373271929
 30
0.0
 11
59.52
 21
198.4948555236982
 31
0.0
  0
LINE
  5
254
330
7E
100
AcDbEntity
  8
AM_9
100
AcDbLine
 10
53.95
 20
198.4894373271929
 30
0.0
 11
53.95
 21
198.4948555236982
 31
0.0
  0
LINE
  5
255
330
7E
100
AcDbEntity
  8
AM_9
100
AcDbLine
 10
37.02
 20
198.4894373271929
 30
0.0
 11
37.02
 21
198.4948555236982
 31
0.0
  0
LINE
  5
256
330
7E
100
AcDbEntity
  8
AM_9
100
AcDbLine
 10
38.95
 20
198.4717278376454
 30
0.0
 11
38.95
 21
198.4812054478612
 31
0.0
  0
LINE
  5
257
330
7E
100
AcDbEntity
  8
AM_9
100
AcDbLine
 10
53.95
 20
198.4717278376454
 30
0.0
 11
53.95
 21
198.4812054478612
 31
0.0
  0
LINE
  5
258
330
7E
100
AcDbEntity
  8
AM_9
100
AcDbLine
 10
59.52
 20
198.4717278376454
 30
0.0
 11
59.52
 21
198.4812054478612
 31
0.0
  0
LINE
  5
259
330
7E
100
AcDbEntity
  8
AM_9
100
AcDbLine
 10
44.52
 20
198.4717278376454
 30
0.0
 11
44.52
 21
198.4812054478612
 31
0.0
  0
LINE
  5
25A
330
7E
100
AcDbEntity
  8
AM_9
100
AcDbLine
 10
52.02
 20
198.4717278376454
 30
0.0
 11
52.02
 21
198.4812054478612
 31
0.0
  0
LINE
  5
25B
330
7E
100
AcDbEntity
  8
AM_9
100
AcDbLine
 10
46.45
 20
198.4717278376454
 30
0.0
 11
46.45
 21
198.4812054478612
 31
0.0
  0
LINE
  5
25C
330
7E
100
AcDbEntity
  8
AM_9
100
AcDbLine
 10
31.45
 20
198.4717278376454
 30
0.0
 11
31.45
 21
198.4812054478612
 31
0.0
  0
LINE
  5
25D
330
7E
100
AcDbEntity
  8
AM_9
100
AcDbLine
 10
37.02
 20
198.4717278376454
 30
0.0
 11
37.02
 21
198.4812054478612
 31
0.0
  0
LINE
  5
25E
330
7E
100
AcDbEntity
  8
AM_9
100
AcDbLine
 10
37.02
 20
198.4454720200067
 30
0.0
 11
37.02
 21
198.4590091737236
 31
0.0
  0
LINE
  5
25F
330
7E
100
AcDbEntity
  8
AM_9
100
AcDbLine
 10
53.95
 20
198.4454720200067
 30
0.0
 11
53.95
 21
198.4590091737236
 31
0.0
  0
LINE
  5
260
330
7E
100
AcDbEntity
  8
AM_9
100
AcDbLine
 10
31.45
 20
198.4454720200067
 30
0.0
 11
31.45
 21
198.4590091737236
 31
0.0
  0
LINE
  5
261
330
7E
100
AcDbEntity
  8
AM_9
100
AcDbLine
 10
38.95
 20
198.4454720200067
 30
0.0
 11
38.95
 21
198.4590091737236
 31
0.0
  0
LINE
  5
262
330
7E
100
AcDbEntity
  8
AM_9
100
AcDbLine
 10
59.52
 20
198.4454720200067
 30
0.0
 11
59.52
 21
198.4590091737236
 31
0.0
  0
LINE
  5
263
330
7E
100
AcDbEntity
  8
AM_9
100
AcDbLine
 10
44.52
 20
198.4454720200067
 30
0.0
 11
44.52
 21
198.4590091737236
 31
0.0
  0
LINE
  5
264
330
7E
100
AcDbEntity
  8
AM_9
100
AcDbLine
 10
52.02
 20
198.4454720200067
 30
0.0
 11
52.02
 21
198.4590091737236
 31
0.0
  0
LINE
  5
265
330
7E
100
AcDbEntity
  8
AM_9
100
AcDbLine
 10
46.45
 20
198.4454720200067
 30
0.0
 11
46.45
 21
198.4590091737236
 31
0.0
  0
LINE
  5
266
330
7E
100
AcDbEntity
  8
AM_9
100
AcDbLine
 10
31.45
 20
198.4106695147042
 30
0.0
 11
31.45
 21
198.4282663973157
 31
0.0
  0
LINE
  5
267
330
7E
100
AcDbEntity
  8
AM_9
100
AcDbLine
 10
37.02
 20
198.4106695147042
 30
0.0
 11
37.02
 21
198.4282663973157
 31
0.0
  0
LINE
  5
268
330
7E
100
AcDbEntity
  8
AM_9
100
AcDbLine
 10
46.45
 20
198.4106695147042
 30
0.0
 11
46.45
 21
198.4282663973157
 31
0.0
  0
LINE
  5
269
330
7E
100
AcDbEntity
  8
AM_9
100
AcDbLine
 10
52.02
 20
198.4106695147042
 30
0.0
 11
52.02
 21
198.4282663973157
 31
0.0
  0
LINE
  5
26A
330
7E
100
AcDbEntity
  8
AM_9
100
AcDbLine
 10
53.95
 20
198.4106695147042
 30
0.0
 11
53.95
 21
198.4282663973157
 31
0.0
  0
LINE
  5
26B
330
7E
100
AcDbEntity
  8
AM_9
100
AcDbLine
 10
59.52
 20
198.4106695147042
 30
0.0
 11
59.52
 21
198.4282663973157
 31
0.0
  0
LINE
  5
26C
330
7E
100
AcDbEntity
  8
AM_9
100
AcDbLine
 10
38.95
 20
198.4106695147042
 30
0.0
 11
38.95
 21
198.4282663973157
 31
0.0
  0
LINE
  5
26D
330
7E
100
AcDbEntity
  8
AM_9
100
AcDbLine
 10
44.52
 20
198.4106695147042
 30
0.0
 11
44.52
 21
198.4282663973157
 31
0.0
  0
LINE
  5
26E
330
7E
100
AcDbEntity
  8
AM_9
100
AcDbLine
 10
46.45
 20
198.3673198450878
 30
0.0
 11
46.45
 21
198.3889766976025
 31
0.0
  0
LINE
  5
26F
330
7E
100
AcDbEntity
  8
AM_9
100
AcDbLine
 10
31.45
 20
198.3673198450878
 30
0.0
 11
31.45
 21
198.3889766976025
 31
0.0
  0
LINE
  5
270
330
7E
100
AcDbEntity
  8
AM_9
100
AcDbLine
 10
53.95
 20
198.3673198450878
 30
0.0
 11
53.95
 21
198.3889766976025
 31
0.0
  0
LINE
  5
271
330
7E
100
AcDbEntity
  8
AM_9
100
AcDbLine
 10
52.02
 20
198.3673198450878
 30
0.0
 11
52.02
 21
198.3889766976025
 31
0.0
  0
LINE
  5
272
330
7E
100
AcDbEntity
  8
AM_9
100
AcDbLine
 10
59.52
 20
198.3673198450878
 30
0.0
 11
59.52
 21
198.3889766976025
 31
0.0
  0
LINE
  5
273
330
7E
100
AcDbEntity
  8
AM_9
100
AcDbLine
 10
38.95
 20
198.3673198450878
 30
0.0
 11
38.95
 21
198.3889766976025
 31
0.0
  0
LINE
  5
274
330
7E
100
AcDbEntity
  8
AM_9
100
AcDbLine
 10
44.52
 20
198.3673198450878
 30
0.0
 11
44.52
 21
198.3889766976025
 31
0.0
  0
LINE
  5
275
330
7E
100
AcDbEntity
  8
AM_9
100
AcDbLine
 10
37.02
 20
198.3673198450878
 30
0.0
 11
37.02
 21
198.3889766976025
 31
0.0
  0
LINE
  5
276
330
7E
100
AcDbEntity
  8
AM_9
100
AcDbLine
 10
38.95
 20
198.315422417397
 30
0.0
 11
38.95
 21
198.3411395364559
 31
0.0
  0
LINE
  5
277
330
7E
100
AcDbEntity
  8
AM_9
100
AcDbLine
 10
44.52
 20
198.315422417397
 30
0.0
 11
44.52
 21
198.3411395364559
 31
0.0
  0
LINE
  5
278
330
7E
100
AcDbEntity
  8
AM_9
100
AcDbLine
 10
59.52
 20
198.315422417397
 30
0.0
 11
59.52
 21
198.3411395364559
 31
0.0
  0
LINE
  5
279
330
7E
100
AcDbEntity
  8
AM_9
100
AcDbLine
 10
46.45
 20
198.315422417397
 30
0.0
 11
46.45
 21
198.3411395364559
 31
0.0
  0
LINE
  5
27A
330
7E
100
AcDbEntity
  8
AM_9
100
AcDbLine
 10
31.45
 20
198.315422417397
 30
0.0
 11
31.45
 21
198.3411395364559
 31
0.0
  0
LINE
  5
27B
330
7E
100
AcDbEntity
  8
AM_9
100
AcDbLine
 10
37.02
 20
198.315422417397
 30
0.0
 11
37.02
 21
198.3411395364559
 31
0.0
  0
LINE
  5
27C
330
7E
100
AcDbEntity
  8
AM_9
100
AcDbLine
 10
53.95
 20
198.315422417397
 30
0.0
 11
53.95
 21
198.3411395364559
 31
0.0
  0
LINE
  5
27D
330
7E
100
AcDbEntity
  8
AM_9
100
AcDbLine
 10
52.02
 20
198.315422417397
 30
0.0
 11
52.02
 21
198.3411395364559
 31
0.0
  0
LINE
  5
27E
330
7E
100
AcDbEntity
  8
AM_9
100
AcDbLine
 10
44.52
 20
198.2549765207201
 30
0.0
 11
44.52
 21
198.2847542586165
 31
0.0
  0
LINE
  5
27F
330
7E
100
AcDbEntity
  8
AM_9
100
AcDbLine
 10
53.95
 20
198.2549765207201
 30
0.0
 11
53.95
 21
198.2847542586165
 31
0.0
  0
LINE
  5
280
330
7E
100
AcDbEntity
  8
AM_9
100
AcDbLine
 10
38.95
 20
198.2549765207201
 30
0.0
 11
38.95
 21
198.2847542586165
 31
0.0
  0
LINE
  5
281
330
7E
100
AcDbEntity
  8
AM_9
100
AcDbLine
 10
59.52
 20
198.2549765207201
 30
0.0
 11
59.52
 21
198.2847542586165
 31
0.0
  0
LINE
  5
282
330
7E
100
AcDbEntity
  8
AM_9
100
AcDbLine
 10
37.02
 20
198.2549765207201
 30
0.0
 11
37.02
 21
198.2847542586165
 31
0.0
  0
LINE
  5
283
330
7E
100
AcDbEntity
  8
AM_9
100
AcDbLine
 10
31.45
 20
198.2549765207201
 30
0.0
 11
31.45
 21
198.2847542586165
 31
0.0
  0
LINE
  5
284
330
7E
100
AcDbEntity
  8
AM_9
100
AcDbLine
 10
46.45
 20
198.2549765207201
 30
0.0
 11
46.45
 21
198.2847542586165
 31
0.0
  0
LINE
  5
285
330
7E
100
AcDbEntity
  8
AM_9
100
AcDbLine
 10
52.02
 20
198.2549765207201
 30
0.0
 11
52.02
 21
198.2847542586165
 31
0.0
  0
LINE
  5
286
330
7E
100
AcDbEntity
  8
AM_9
100
AcDbLine
 10
0.0
 20
4.799999999999983
 30
0.0
 11
11.566
 21
4.799999999999983
 31
0.0
  0
LINE
  5
287
330
7E
100
AcDbEntity
  8
AM_9
100
AcDbLine
 10
11.066
 20
4.799999999999983
 30
0.0
 11
11.066
 21
3.800000000000011
 31
0.0
  0
LINE
  5
288
330
7E
100
AcDbEntity
  8
AM_9
100
AcDbLine
 10
11.566
 20
4.799999999999983
 30
0.0
 11
11.566
 21
3.800000000000011
 31
0.0
  0
LINE
  5
289
330
7E
100
AcDbEntity
  8
AM_9
100
AcDbLine
 10
0.5000000000000071
 20
4.799999999999983
 30
0.0
 11
0.5000000000000071
 21
3.800000000000011
 31
0.0
  0
LINE
  5
28A
330
7E
100
AcDbEntity
  8
AM_9
100
AcDbLine
 10
53.95
 20
198.1859813269461
 30
0.0
 11
53.95
 21
198.2198200916493
 31
0.0
  0
LINE
  5
28B
330
7E
100
AcDbEntity
  8
AM_9
100
AcDbLine
 10
59.52
 20
198.1859813269461
 30
0.0
 11
59.52
 21
198.2198200916493
 31
0.0
  0
LINE
  5
28C
330
7E
100
AcDbEntity
  8
AM_9
100
AcDbLine
 10
38.95
 20
198.1859813269461
 30
0.0
 11
38.95
 21
198.2198200916493
 31
0.0
  0
LINE
  5
28D
330
7E
100
AcDbEntity
  8
AM_9
100
AcDbLine
 10
44.52
 20
198.1859813269461
 30
0.0
 11
44.52
 21
198.2198200916493
 31
0.0
  0
LINE
  5
28E
330
7E
100
AcDbEntity
  8
AM_9
100
AcDbLine
 10
46.45
 20
198.1859813269461
 30
0.0
 11
46.45
 21
198.2198200916493
 31
0.0
  0
LINE
  5
28F
330
7E
100
AcDbEntity
  8
AM_9
100
AcDbLine
 10
52.02
 20
198.1859813269461
 30
0.0
 11
52.02
 21
198.2198200916493
 31
0.0
  0
LINE
  5
290
330
7E
100
AcDbEntity
  8
AM_9
100
AcDbLine
 10
37.02
 20
198.1859813269461
 30
0.0
 11
37.02
 21
198.2198200916493
 31
0.0
  0
LINE
  5
291
330
7E
100
AcDbEntity
  8
AM_9
100
AcDbLine
 10
31.45
 20
198.1859813269461
 30
0.0
 11
31.45
 21
198.2198200916493
 31
0.0
  0
LINE
  5
292
330
7E
100
AcDbEntity
  8
AM_9
100
AcDbLine
 10
72.66905523608202
 20
198.5
 30
0.0
 11
72.66905523608202
 21
193.7
 31
0.0
  0
LINE
  5
293
330
7E
100
AcDbEntity
  8
AM_9
100
AcDbLine
 10
73.262
 20
198.5
 30
0.0
 11
73.262
 21
193.7
 31
0.0
  0
LINE
  5
294
330
7E
100
AcDbEntity
  8
AM_9
100
AcDbLine
 10
73.95
 20
198.5
 30
0.0
 11
73.95
 21
193.7
 31
0.0
  0
LINE
  5
295
330
7E
100
AcDbEntity
  8
AM_9
100
AcDbLine
 10
11.09999999999999
 20
198.1850647821127
 30
0.0
 11
11.09999999999999
 21
200.2
 31
0.0
  0
LINE
  5
296
330
7E
100
AcDbEntity
  8
AM_9
100
AcDbLine
 10
22.1
 20
198.1850647821127
 30
0.0
 11
22.1
 21
200.2
 31
0.0
  0
LINE
  5
297
330
7E
100
AcDbEntity
  8
AM_9
100
AcDbLine
 10
22.1
 20
198.1850647821127
 30
0.0
 11
11.09999999999999
 21
198.1850647821127
 31
0.0
  0
LINE
  5
298
330
7E
100
AcDbEntity
  8
AM_9
100
AcDbLine
 10
11.09999999999999
 20
198.4984113318181
 30
0.0
 11
22.09999999999999
 21
198.4984113318181
 31
0.0
  0
LINE
  5
299
330
7E
100
AcDbEntity
  8
AM_9
100
AcDbLine
 10
69.34505523608202
 20
198.5
 30
0.0
 11
69.34505523608202
 21
193.7
 31
0.0
  0
LINE
  5
29A
330
7E
100
AcDbEntity
  8
AM_9
100
AcDbLine
 10
68.338
 20
198.5
 30
0.0
 11
68.338
 21
193.7
 31
0.0
  0
LINE
  5
29B
330
7E
100
AcDbEntity
  8
AM_9
100
AcDbLine
 10
72.86046399630071
 20
198.5
 30
0.0
 11
72.86046399630071
 21
193.7
 31
0.0
  0
LINE
  5
29C
330
7E
100
AcDbEntity
  8
AM_9
100
AcDbLine
 10
69.50046399630071
 20
198.5
 30
0.0
 11
69.50046399630071
 21
193.7
 31
0.0
  0
LINE
  5
29D
330
7E
100
AcDbEntity
  8
AM_9
100
AcDbLine
 10
67.65
 20
198.5
 30
0.0
 11
67.65
 21
193.7
 31
0.0
  0
LINE
  5
29E
330
7E
100
AcDbEntity
  8
AM_9
100
AcDbLine
 10
52.02
 20
198.1084358907069
 30
0.0
 11
52.02
 21
198.1463361458912
 31
0.0
  0
LINE
  5
29F
330
7E
100
AcDbEntity
  8
AM_9
100
AcDbLine
 10
53.95
 20
198.1084358907069
 30
0.0
 11
53.95
 21
198.1463361458912
 31
0.0
  0
LINE
  5
2A0
330
7E
100
AcDbEntity
  8
AM_9
100
AcDbLine
 10
37.02
 20
198.1084358907069
 30
0.0
 11
37.02
 21
198.1463361458912
 31
0.0
  0
LINE
  5
2A1
330
7E
100
AcDbEntity
  8
AM_9
100
AcDbLine
 10
31.45
 20
198.1084358907069
 30
0.0
 11
31.45
 21
198.1463361458912
 31
0.0
  0
LINE
  5
2A2
330
7E
100
AcDbEntity
  8
AM_9
100
AcDbLine
 10
46.45
 20
198.1084358907069
 30
0.0
 11
46.45
 21
198.1463361458912
 31
0.0
  0
LINE
  5
2A3
330
7E
100
AcDbEntity
  8
AM_9
100
AcDbLine
 10
38.95
 20
198.1084358907069
 30
0.0
 11
38.95
 21
198.1463361458912
 31
0.0
  0
LINE
  5
2A4
330
7E
100
AcDbEntity
  8
AM_9
100
AcDbLine
 10
59.52
 20
198.1084358907069
 30
0.0
 11
59.52
 21
198.1463361458912
 31
0.0
  0
LINE
  5
2A5
330
7E
100
AcDbEntity
  8
AM_9
100
AcDbLine
 10
44.52
 20
198.1084358907069
 30
0.0
 11
44.52
 21
198.1463361458912
 31
0.0
  0
LINE
  5
2A6
330
7E
100
AcDbEntity
  8
AM_9
100
AcDbLine
 10
52.02
 20
198.0223391493142
 30
0.0
 11
52.02
 21
198.0643014143893
 31
0.0
  0
LINE
  5
2A7
330
7E
100
AcDbEntity
  8
AM_9
100
AcDbLine
 10
46.45
 20
198.0223391493142
 30
0.0
 11
46.45
 21
198.0643014143893
 31
0.0
  0
LINE
  5
2A8
330
7E
100
AcDbEntity
  8
AM_9
100
AcDbLine
 10
37.02
 20
198.0223391493142
 30
0.0
 11
37.02
 21
198.0643014143893
 31
0.0
  0
LINE
  5
2A9
330
7E
100
AcDbEntity
  8
AM_9
100
AcDbLine
 10
31.45
 20
198.0223391493142
 30
0.0
 11
31.45
 21
198.0643014143893
 31
0.0
  0
LINE
  5
2AA
330
7E
100
AcDbEntity
  8
AM_9
100
AcDbLine
 10
59.52
 20
198.0223391493142
 30
0.0
 11
59.52
 21
198.0643014143893
 31
0.0
  0
LINE
  5
2AB
330
7E
100
AcDbEntity
  8
AM_9
100
AcDbLine
 10
53.95
 20
198.0223391493142
 30
0.0
 11
53.95
 21
198.0643014143893
 31
0.0
  0
LINE
  5
2AC
330
7E
100
AcDbEntity
  8
AM_9
100
AcDbLine
 10
38.95
 20
198.0223391493142
 30
0.0
 11
38.95
 21
198.0643014143893
 31
0.0
  0
LINE
  5
2AD
330
7E
100
AcDbEntity
  8
AM_9
100
AcDbLine
 10
44.52
 20
198.0223391493142
 30
0.0
 11
44.52
 21
198.0643014143893
 31
0.0
  0
LINE
  5
2AE
330
7E
100
AcDbEntity
  8
AM_9
100
AcDbLine
 10
76.7
 20
193.7
 30
0.0
 11
76.7
 21
193.5
 31
0.0
  0
LINE
  5
2AF
330
7E
100
AcDbEntity
  8
AM_9
100
AcDbLine
 10
66.25
 20
193.7
 30
0.0
 11
76.7
 21
193.7
 31
0.0
  0
LINE
  5
2B0
330
7E
100
AcDbEntity
  8
AM_9
100
AcDbLine
 10
66.25
 20
193.7
 30
0.0
 11
66.25
 21
193.5
 31
0.0
  0
LINE
  5
2B1
330
7E
100
AcDbEntity
  8
AM_9
100
AcDbLine
 10
78.01599999999999
 20
193.5
 30
0.0
 11
78.01599999999999
 21
197.978447231468
 31
0.0
  0
LINE
  5
2B2
330
7E
100
AcDbEntity
  8
AM_9
100
AcDbLine
 10
62.21599999999999
 20
193.5
 30
0.0
 11
62.21599999999999
 21
197.978447231468
 31
0.0
  0
LINE
  5
2B3
330
7E
100
AcDbEntity
  8
AM_9
100
AcDbLine
 10
38.95
 20
197.9276899226846
 30
0.0
 11
38.95
 21
197.9737147728327
 31
0.0
  0
LINE
  5
2B4
330
7E
100
AcDbEntity
  8
AM_9
100
AcDbLine
 10
44.52
 20
197.9276899226846
 30
0.0
 11
44.52
 21
197.9737147728327
 31
0.0
  0
LINE
  5
2B5
330
7E
100
AcDbEntity
  8
AM_9
100
AcDbLine
 10
52.02
 20
197.9276899226846
 30
0.0
 11
52.02
 21
197.9737147728327
 31
0.0
  0
LINE
  5
2B6
330
7E
100
AcDbEntity
  8
AM_9
100
AcDbLine
 10
46.45
 20
197.9276899226846
 30
0.0
 11
46.45
 21
197.9737147728327
 31
0.0
  0
LINE
  5
2B7
330
7E
100
AcDbEntity
  8
AM_9
100
AcDbLine
 10
53.95
 20
197.9276899226846
 30
0.0
 11
53.95
 21
197.9737147728327
 31
0.0
  0
LINE
  5
2B8
330
7E
100
AcDbEntity
  8
AM_9
100
AcDbLine
 10
31.45
 20
197.9276899226846
 30
0.0
 11
31.45
 21
197.9737147728327
 31
0.0
  0
LINE
  5
2B9
330
7E
100
AcDbEntity
  8
AM_9
100
AcDbLine
 10
59.52
 20
197.9276899226846
 30
0.0
 11
59.52
 21
197.9737147728327
 31
0.0
  0
LINE
  5
2BA
330
7E
100
AcDbEntity
  8
AM_9
100
AcDbLine
 10
37.02
 20
197.9276899226846
 30
0.0
 11
37.02
 21
197.9737147728327
 31
0.0
  0
LINE
  5
2BB
330
7E
100
AcDbEntity
  8
AM_9
100
AcDbLine
 10
65.345
 20
197.5939705223019
 30
0.0
 11
65.345
 21
197.9289258280711
 31
0.0
  0
LINE
  5
2BC
330
7E
100
AcDbEntity
  8
AM_9
100
AcDbLine
 10
31.45
 20
197.82448691326
 30
0.0
 11
31.45
 21
197.8745749794745
 31
0.0
  0
LINE
  5
2BD
330
7E
100
AcDbEntity
  8
AM_9
100
AcDbLine
 10
37.02
 20
197.82448691326
 30
0.0
 11
37.02
 21
197.8745749794745
 31
0.0
  0
LINE
  5
2BE
330
7E
100
AcDbEntity
  8
AM_9
100
AcDbLine
 10
44.52
 20
197.82448691326
 30
0.0
 11
44.52
 21
197.8745749794745
 31
0.0
  0
LINE
  5
2BF
330
7E
100
AcDbEntity
  8
AM_9
100
AcDbLine
 10
38.95
 20
197.82448691326
 30
0.0
 11
38.95
 21
197.8745749794745
 31
0.0
  0
LINE
  5
2C0
330
7E
100
AcDbEntity
  8
AM_9
100
AcDbLine
 10
46.45
 20
197.82448691326
 30
0.0
 11
46.45
 21
197.8745749794745
 31
0.0
  0
LINE
  5
2C1
330
7E
100
AcDbEntity
  8
AM_9
100
AcDbLine
 10
52.02
 20
197.82448691326
 30
0.0
 11
52.02
 21
197.8745749794745
 31
0.0
  0
LINE
  5
2C2
330
7E
100
AcDbEntity
  8
AM_9
100
AcDbLine
 10
59.52
 20
197.82448691326
 30
0.0
 11
59.52
 21
197.8745749794745
 31
0.0
  0
LINE
  5
2C3
330
7E
100
AcDbEntity
  8
AM_9
100
AcDbLine
 10
53.95
 20
197.82448691326
 30
0.0
 11
53.95
 21
197.8745749794745
 31
0.0
  0
LINE
  5
2C4
330
7E
100
AcDbEntity
  8
AM_9
100
AcDbLine
 10
46.45
 20
197.7127287059187
 30
0.0
 11
46.45
 21
197.7668806750471
 31
0.0
  0
LINE
  5
2C5
330
7E
100
AcDbEntity
  8
AM_9
100
AcDbLine
 10
44.52
 20
197.7127287059187
 30
0.0
 11
44.52
 21
197.7668806750471
 31
0.0
  0
LINE
  5
2C6
330
7E
100
AcDbEntity
  8
AM_9
100
AcDbLine
 10
38.95
 20
197.7127287059187
 30
0.0
 11
38.95
 21
197.7668806750471
 31
0.0
  0
LINE
  5
2C7
330
7E
100
AcDbEntity
  8
AM_9
100
AcDbLine
 10
52.02
 20
197.7127287059187
 30
0.0
 11
52.02
 21
197.7668806750471
 31
0.0
  0
LINE
  5
2C8
330
7E
100
AcDbEntity
  8
AM_9
100
AcDbLine
 10
31.45
 20
197.7127287059187
 30
0.0
 11
31.45
 21
197.7668806750471
 31
0.0
  0
LINE
  5
2C9
330
7E
100
AcDbEntity
  8
AM_9
100
AcDbLine
 10
59.52
 20
197.7127287059187
 30
0.0
 11
59.52
 21
197.7668806750471
 31
0.0
  0
LINE
  5
2CA
330
7E
100
AcDbEntity
  8
AM_9
100
AcDbLine
 10
37.02
 20
197.7127287059187
 30
0.0
 11
37.02
 21
197.7668806750471
 31
0.0
  0
LINE
  5
2CB
330
7E
100
AcDbEntity
  8
AM_9
100
AcDbLine
 10
53.95
 20
197.7127287059187
 30
0.0
 11
53.95
 21
197.7668806750471
 31
0.0
  0
LINE
  5
2CC
330
7E
100
AcDbEntity
  8
AM_9
100
AcDbLine
 10
53.95
 20
193.5
 30
0.0
 11
53.95
 21
197.6506303826687
 31
0.0
  0
LINE
  5
2CD
330
7E
100
AcDbEntity
  8
AM_9
100
AcDbLine
 10
46.45
 20
193.5
 30
0.0
 11
52.02
 21
193.5
 31
0.0
  0
LINE
  5
2CE
330
7E
100
AcDbEntity
  8
AM_9
100
AcDbLine
 10
38.95
 20
193.5
 30
0.0
 11
44.52
 21
193.5
 31
0.0
  0
LINE
  5
2CF
330
7E
100
AcDbEntity
  8
AM_9
100
AcDbLine
 10
37.02
 20
193.5
 30
0.0
 11
37.02
 21
197.6506303826687
 31
0.0
  0
LINE
  5
2D0
330
7E
100
AcDbEntity
  8
AM_9
100
AcDbLine
 10
59.52
 20
193.5
 30
0.0
 11
59.52
 21
197.6506303826687
 31
0.0
  0
LINE
  5
2D1
330
7E
100
AcDbEntity
  8
AM_9
100
AcDbLine
 10
44.52
 20
193.5
 30
0.0
 11
44.52
 21
197.6506303826687
 31
0.0
  0
LINE
  5
2D2
330
7E
100
AcDbEntity
  8
AM_9
100
AcDbLine
 10
46.45
 20
193.5
 30
0.0
 11
46.45
 21
197.6506303826687
 31
0.0
  0
LINE
  5
2D3
330
7E
100
AcDbEntity
  8
AM_9
100
AcDbLine
 10
52.02
 20
193.5
 30
0.0
 11
52.02
 21
197.6506303826687
 31
0.0
  0
LINE
  5
2D4
330
7E
100
AcDbEntity
  8
AM_9
100
AcDbLine
 10
31.45
 20
193.5
 30
0.0
 11
37.02
 21
193.5
 31
0.0
  0
LINE
  5
2D5
330
7E
100
AcDbEntity
  8
AM_9
100
AcDbLine
 10
31.45
 20
193.5
 30
0.0
 11
31.45
 21
197.6506303826687
 31
0.0
  0
LINE
  5
2D6
330
7E
100
AcDbEntity
  8
AM_9
100
AcDbLine
 10
38.95
 20
193.5
 30
0.0
 11
38.95
 21
197.6506303826687
 31
0.0
  0
LINE
  5
2D7
330
7E
100
AcDbEntity
  8
AM_9
100
AcDbLine
 10
62.57
 20
193.5
 30
0.0
 11
62.57
 21
197.5939705223019
 31
0.0
  0
LINE
  5
2D8
330
7E
100
AcDbEntity
  8
AM_9
100
AcDbLine
 10
78.57
 20
193.5
 30
0.0
 11
78.57
 21
197.5939705223019
 31
0.0
  0
LINE
  5
2D9
330
7E
100
AcDbEntity
  8
AM_9
100
AcDbLine
 10
65.345
 20
193.5
 30
0.0
 11
65.345
 21
197.5673238294106
 31
0.0
  0
LINE
  5
2DA
330
7E
100
AcDbEntity
  8
AM_9
100
AcDbLine
 10
75.795
 20
193.5
 30
0.0
 11
75.795
 21
197.5673238294106
 31
0.0
  0
LINE
  5
2DB
330
7E
100
AcDbEntity
  8
AM_9
100
AcDbLine
 10
14.725
 20
213.8
 30
0.0
 11
14.725
 21
215.3
 31
0.0
  0
LINE
  5
2DC
330
7E
100
AcDbEntity
  8
AM_9
100
AcDbLine
 10
23.725
 20
213.8
 30
0.0
 11
23.725
 21
215.3
 31
0.0
  0
LINE
  5
2DD
330
7E
100
AcDbEntity
  8
AM_9
100
AcDbLine
 10
14.725
 20
213.8
 30
0.0
 11
23.725
 21
213.8
 31
0.0
  0
LINE
  5
2DE
330
7E
100
AcDbEntity
  8
AM_9
100
AcDbLine
 10
19.725
 20
213.8
 30
0.0
 11
19.725
 21
215.3
 31
0.0
  0
LINE
  5
2DF
330
7E
100
AcDbEntity
  8
AM_9
100
AcDbLine
 10
24.375
 20
202.869
 30
0.0
 11
24.375
 21
210.582055052823
 31
0.0
  0
LINE
  5
2E0
330
7E
100
AcDbEntity
  8
AM_9
100
AcDbLine
 10
21.375
 20
201.0
 30
0.0
 11
21.375
 21
215.3
 31
0.0
  0
LINE
  5
2E1
330
7E
100
AcDbEntity
  8
AM_9
100
AcDbLine
 10
14.618
 20
214.8
 30
0.0
 11
14.618
 21
213.3
 31
0.0
  0
LINE
  5
2E2
330
7E
100
AcDbEntity
  8
AM_9
100
AcDbLine
 10
19.018
 20
213.3
 30
0.0
 11
19.018
 21
214.8
 31
0.0
  0
LINE
  5
2E3
330
7E
100
AcDbEntity
  8
AM_9
100
AcDbLine
 10
19.018
 20
213.3
 30
0.0
 11
14.618
 21
213.3
 31
0.0
  0
LINE
  5
2E4
330
7E
100
AcDbEntity
  8
AM_9
100
AcDbLine
 10
19.018
 20
214.8
 30
0.0
 11
19.518
 21
215.3
 31
0.0
  0
LINE
  5
2E5
330
7E
100
AcDbEntity
  8
AM_9
100
AcDbLine
 10
14.168
 20
215.25
 30
0.0
 11
14.618
 21
214.8
 31
0.0
  0
LINE
  5
2E6
330
7E
100
AcDbEntity
  8
AM_9
100
AcDbLine
 10
19.018
 20
214.8
 30
0.0
 11
14.618
 21
214.8
 31
0.0
  0
LINE
  5
2E7
330
7E
100
AcDbEntity
  8
AM_9
100
AcDbLine
 10
74.86408733547881
 20
198.5
 30
0.0
 11
74.86408733547881
 21
193.5
 31
0.0
  0
LINE
  5
2E8
330
7E
100
AcDbEntity
  8
AM_9
100
AcDbLine
 10
75.0
 20
198.5
 30
0.0
 11
75.0
 21
193.5
 31
0.0
  0
LINE
  5
2E9
330
7E
100
AcDbEntity
  8
AM_9
100
AcDbLine
 10
13.15000000000001
 20
200.2
 30
0.0
 11
21.25
 21
200.2
 31
0.0
  0
LINE
  5
2EA
330
7E
100
AcDbEntity
  8
AM_9
100
AcDbLine
 10
11.6
 20
197.2814032261164
 30
0.0
 11
11.6
 21
200.2
 31
0.0
  0
LINE
  5
2EB
330
7E
100
AcDbEntity
  8
AM_9
100
AcDbLine
 10
21.59999999999999
 20
197.2814032261164
 30
0.0
 11
21.6
 21
200.2
 31
0.0
  0
LINE
  5
2EC
330
7E
100
AcDbEntity
  8
AM_9
100
AcDbLine
 10
21.59999999999999
 20
197.2814032261164
 30
0.0
 11
11.6
 21
197.2814032261164
 31
0.0
  0
LINE
  5
2ED
330
7E
100
AcDbEntity
  8
AM_9
100
AcDbLine
 10
11.6
 20
197.9677691298799
 30
0.0
 11
21.59999999999999
 21
197.9677691298799
 31
0.0
  0
LINE
  5
2EE
330
7E
100
AcDbEntity
  8
AM_9
100
AcDbLine
 10
75.4
 20
197.1688165994439
 30
0.0
 11
75.4
 21
193.5
 31
0.0
  0
LINE
  5
2EF
330
7E
100
AcDbEntity
  8
AM_9
100
AcDbLine
 10
73.75321381875969
 20
198.5
 30
0.0
 11
73.75321381875969
 21
193.5
 31
0.0
  0
LINE
  5
2F0
330
7E
100
AcDbEntity
  8
AM_9
100
AcDbLine
 10
79.25
 20
193.5
 30
0.0
 11
79.25
 21
197.2340242855307
 31
0.0
  0
LINE
  5
2F1
330
7E
100
AcDbEntity
  8
AM_9
100
AcDbLine
 10
79.45000000000002
 20
193.5
 30
0.0
 11
79.45
 21
197.2413722242071
 31
0.0
  0
LINE
  5
2F2
330
7E
100
AcDbEntity
  8
AM_9
100
AcDbLine
 10
59.35000000000002
 20
193.5
 30
0.0
 11
59.35000000000002
 21
197.2340242855307
 31
0.0
  0
LINE
  5
2F3
330
7E
100
AcDbEntity
  8
AM_9
100
AcDbLine
 10
59.15000000000001
 20
193.5
 30
0.0
 11
59.15000000000001
 21
197.2413722242071
 31
0.0
  0
LINE
  5
2F4
330
7E
100
AcDbEntity
  8
AM_9
100
AcDbLine
 10
75.16524176128158
 20
197.1688165994439
 30
0.0
 11
75.16524176128158
 21
193.5
 31
0.0
  0
LINE
  5
2F5
330
7E
100
AcDbEntity
  8
AM_9
100
AcDbLine
 10
63.7
 20
198.5
 30
0.0
 11
63.7
 21
193.5
 31
0.0
  0
LINE
  5
2F6
330
7E
100
AcDbEntity
  8
AM_9
100
AcDbLine
 10
77.06300000000002
 20
193.5
 30
0.0
 11
77.06300000000002
 21
197.2340242855307
 31
0.0
  0
LINE
  5
2F7
330
7E
100
AcDbEntity
  8
AM_9
100
AcDbLine
 10
62.15000000000001
 20
193.5
 30
0.0
 11
62.15000000000001
 21
197.2340242855307
 31
0.0
  0
LINE
  5
2F8
330
7E
100
AcDbEntity
  8
AM_9
100
AcDbLine
 10
63.3
 20
197.1688165994439
 30
0.0
 11
63.3
 21
193.5
 31
0.0
  0
LINE
  5
2F9
330
7E
100
AcDbEntity
  8
AM_9
100
AcDbLine
 10
64.1
 20
197.1688165994439
 30
0.0
 11
64.1
 21
193.5
 31
0.0
  0
LINE
  5
2FA
330
7E
100
AcDbEntity
  8
AM_9
100
AcDbLine
 10
74.05436824456245
 20
197.1688165994439
 30
0.0
 11
74.05436824456245
 21
193.5
 31
0.0
  0
LINE
  5
2FB
330
7E
100
AcDbEntity
  8
AM_9
100
AcDbLine
 10
73.00032775425277
 20
197.1688165994439
 30
0.0
 11
73.00032775425277
 21
193.5
 31
0.0
  0
LINE
  5
2FC
330
7E
100
AcDbEntity
  8
AM_9
100
AcDbLine
 10
77.0
 20
138.9
 30
0.0
 11
84.5
 21
138.9
 31
0.0
  0
LINE
  5
2FD
330
7E
100
AcDbEntity
  8
AM_9
100
AcDbLine
 10
84.5
 20
141.9
 30
0.0
 11
77.0
 21
141.9
 31
0.0
  0
LINE
  5
2FE
330
7E
100
AcDbEntity
  8
AM_9
100
AcDbLine
 10
77.0
 20
141.9
 30
0.0
 11
77.0
 21
138.9
 31
0.0
  0
LINE
  5
2FF
330
7E
100
AcDbEntity
  8
AM_9
100
AcDbLine
 10
84.5
 20
138.9
 30
0.0
 11
85.0
 21
138.4
 31
0.0
  0
LINE
  5
300
330
7E
100
AcDbEntity
  8
AM_9
100
AcDbLine
 10
85.0
 20
142.4
 30
0.0
 11
84.5
 21
141.9
 31
0.0
  0
LINE
  5
301
330
7E
100
AcDbEntity
  8
AM_9
100
AcDbLine
 10
84.5
 20
141.9
 30
0.0
 11
84.5
 21
138.9
 31
0.0
  0
LINE
  5
302
330
7E
100
AcDbEntity
  8
AM_9
100
AcDbLine
 10
62.55000000000001
 20
193.5
 30
0.0
 11
62.55000000000001
 21
197.1688165994439
 31
0.0
  0
LINE
  5
303
330
7E
100
AcDbEntity
  8
AM_9
100
AcDbLine
 10
62.35
 20
193.5
 30
0.0
 11
62.35
 21
197.1763518687345
 31
0.0
  0
LINE
  5
304
330
7E
100
AcDbEntity
  8
AM_9
100
AcDbLine
 10
53.95
 20
193.5
 30
0.0
 11
79.45000000000002
 21
193.5
 31
0.0
  0
LINE
  5
305
330
7E
100
AcDbEntity
  8
AM_9
100
AcDbLine
 10
76.863
 20
193.5
 30
0.0
 11
76.863
 21
197.1763518687345
 31
0.0
  0
LINE
  5
306
330
7E
100
AcDbEntity
  8
AM_9
100
AcDbLine
 10
76.663
 20
193.5
 30
0.0
 11
76.663
 21
197.1688165994439
 31
0.0
  0
LINE
  5
307
330
7E
100
AcDbEntity
  8
AM_9
100
AcDbLine
 10
85.0
 20
143.3385
 30
0.0
 11
84.49977321464993
 21
143.8565
 31
0.0
  0
LINE
  5
308
330
7E
100
AcDbEntity
  8
AM_9
100
AcDbLine
 10
84.49977321464993
 20
136.9435
 30
0.0
 11
85.0
 21
137.4615
 31
0.0
  0
LINE
  5
309
330
7E
100
AcDbEntity
  8
AM_9
100
AcDbLine
 10
84.49977321464993
 20
143.8565
 30
0.0
 11
83.0
 21
143.8826786388393
 31
0.0
  0
LINE
  5
30A
330
7E
100
AcDbEntity
  8
AM_9
100
AcDbLine
 10
83.0
 20
136.9173213611607
 30
0.0
 11
84.49977321464993
 21
136.9435
 31
0.0
  0
LINE
  5
30B
330
7E
100
AcDbEntity
  8
AM_9
100
AcDbLine
 10
84.49977321464993
 20
143.8565
 30
0.0
 11
84.49977321464993
 21
136.9435
 31
0.0
  0
LINE
  5
30C
330
7E
100
AcDbEntity
  8
AM_9
100
AcDbLine
 10
83.0
 20
136.5998415389835
 30
0.0
 11
85.0
 21
136.53
 31
0.0
  0
LINE
  5
30D
330
7E
100
AcDbEntity
  8
AM_9
100
AcDbLine
 10
85.0
 20
144.27
 30
0.0
 11
83.0
 21
144.2001584610165
 31
0.0
  0
LINE
  5
30E
330
7E
100
AcDbEntity
  8
AM_9
100
AcDbLine
 10
83.0
 20
144.2001584610165
 30
0.0
 11
83.0
 21
136.5998415389835
 31
0.0
  0
LINE
  5
30F
330
7E
100
AcDbEntity
  8
AM_9
100
AcDbLine
 10
0.3064730389569235
 20
178.5
 30
0.0
 11
27.861
 21
178.5
 31
0.0
  0
LINE
  5
310
330
7E
100
AcDbEntity
  8
AM_9
100
AcDbLine
 10
27.561
 20
178.5
 30
0.0
 11
27.561
 21
191.3
 31
0.0
  0
LINE
  5
311
330
7E
100
AcDbEntity
  8
AM_9
100
AcDbLine
 10
5.445999999999998
 20
186.9
 30
0.0
 11
5.445999999999998
 21
188.8781043757377
 31
0.0
  0
LINE
  5
312
330
7E
100
AcDbEntity
  8
AM_9
100
AcDbLine
 10
8.945999999999998
 20
186.9
 30
0.0
 11
8.945999999999998
 21
188.8781043757357
 31
0.0
  0
LINE
  5
313
330
7E
100
AcDbEntity
  8
AM_9
100
AcDbLine
 10
22.61
 20
192.9
 30
0.0
 11
22.61
 21
194.8781043757357
 31
0.0
  0
LINE
  5
314
330
7E
100
AcDbEntity
  8
AM_9
100
AcDbLine
 10
19.11
 20
192.9
 30
0.0
 11
19.11
 21
194.8781043757377
 31
0.0
  0
LINE
  5
315
330
7E
100
AcDbEntity
  8
AM_9
100
AcDbLine
 10
8.296
 20
186.9
 30
0.0
 11
8.296
 21
188.9
 31
0.0
  0
LINE
  5
316
330
7E
100
AcDbEntity
  8
AM_9
100
AcDbLine
 10
21.96
 20
192.9
 30
0.0
 11
21.96
 21
194.9
 31
0.0
  0
LINE
  5
317
330
7E
100
AcDbEntity
  8
AM_9
100
AcDbLine
 10
6.095999999999997
 20
186.9
 30
0.0
 11
6.095999999999997
 21
188.9
 31
0.0
  0
LINE
  5
318
330
7E
100
AcDbEntity
  8
AM_9
100
AcDbLine
 10
19.76
 20
192.9
 30
0.0
 11
19.76
 21
194.9
 31
0.0
  0
LINE
  5
319
330
7E
100
AcDbEntity
  8
AM_9
100
AcDbLine
 10
6.795999999999999
 20
186.9
 30
0.0
 11
6.795999999999999
 21
188.8781043757357
 31
0.0
  0
LINE
  5
31A
330
7E
100
AcDbEntity
  8
AM_9
100
AcDbLine
 10
7.595999999999997
 20
186.9
 30
0.0
 11
7.595999999999997
 21
188.8781043757377
 31
0.0
  0
LINE
  5
31B
330
7E
100
AcDbEntity
  8
AM_9
100
AcDbLine
 10
21.26
 20
192.9
 30
0.0
 11
21.26
 21
194.8781043757377
 31
0.0
  0
LINE
  5
31C
330
7E
100
AcDbEntity
  8
AM_9
100
AcDbLine
 10
20.46
 20
192.9
 30
0.0
 11
20.46
 21
194.8781043757357
 31
0.0
  0
LINE
  5
31D
330
7E
100
AcDbEntity
  8
AM_9
100
AcDbLine
 10
63.3
 20
197.5031011773453
 30
0.0
 11
75.4
 21
197.5031011773453
 31
0.0
  0
LINE
  5
31E
330
7E
100
AcDbEntity
  8
AM_9
100
AcDbLine
 10
63.3
 20
197.9289258280711
 30
0.0
 11
65.345
 21
197.9289258280711
 31
0.0
  0
LINE
  5
31F
330
7E
100
AcDbEntity
  8
AM_9
100
AcDbLine
 10
65.345
 20
197.949731733562
 30
0.0
 11
75.4
 21
197.949731733562
 31
0.0
  0
LINE
  5
320
330
7E
100
AcDbEntity
  8
AM_9
100
AcDbLine
 10
75.4
 20
197.5673238294106
 30
0.0
 11
65.345
 21
197.5673238294106
 31
0.0
  0
LINE
  5
321
330
7E
100
AcDbEntity
  8
AM_9
100
AcDbLine
 10
65.345
 20
197.5939705223019
 30
0.0
 11
63.3
 21
197.5939705223019
 31
0.0
  0
LINE
  5
322
330
7E
100
AcDbEntity
  8
AM_9
100
AcDbLine
 10
75.4
 20
197.978447231468
 30
0.0
 11
63.3
 21
197.978447231468
 31
0.0
  0
LINE
  5
323
330
7E
100
AcDbEntity
  8
AM_9
100
AcDbLine
 10
63.3
 20
198.4767525460346
 30
0.0
 11
65.316
 21
198.4767525460346
 31
0.0
  0
LINE
  5
324
330
7E
100
AcDbEntity
  8
AM_9
100
AcDbLine
 10
65.316
 20
198.2154255268481
 30
0.0
 11
69.638
 21
198.2154255268481
 31
0.0
  0
LINE
  5
325
330
7E
100
AcDbEntity
  8
AM_9
100
AcDbLine
 10
69.638
 20
198.0063240478375
 30
0.0
 11
75.6
 21
198.0063240478375
 31
0.0
  0
LINE
  5
326
330
7E
100
AcDbEntity
  8
AM_9
100
AcDbLine
 10
38.95
 20
198.0353087273775
 30
0.0
 11
44.52
 21
198.0353087273775
 31
0.0
  0
LINE
  5
327
330
7E
100
AcDbEntity
  8
AM_9
100
AcDbLine
 10
44.52
 20
198.0809270457512
 30
0.0
 11
38.95
 21
198.0809270457512
 31
0.0
  0
LINE
  5
328
330
7E
100
AcDbEntity
  8
AM_9
100
AcDbLine
 10
31.45
 20
198.0353087273775
 30
0.0
 11
37.02
 21
198.0353087273775
 31
0.0
  0
LINE
  5
329
330
7E
100
AcDbEntity
  8
AM_9
100
AcDbLine
 10
37.02
 20
198.0809270457512
 30
0.0
 11
31.45
 21
198.0809270457512
 31
0.0
  0
LINE
  5
32A
330
7E
100
AcDbEntity
  8
AM_9
100
AcDbLine
 10
38.95
 20
198.1201697350038
 30
0.0
 11
44.52
 21
198.1201697350038
 31
0.0
  0
LINE
  5
32B
330
7E
100
AcDbEntity
  8
AM_9
100
AcDbLine
 10
44.52
 20
198.1612985650146
 30
0.0
 11
38.95
 21
198.1612985650146
 31
0.0
  0
LINE
  5
32C
330
7E
100
AcDbEntity
  8
AM_9
100
AcDbLine
 10
31.45
 20
198.1201697350038
 30
0.0
 11
37.02
 21
198.1201697350038
 31
0.0
  0
LINE
  5
32D
330
7E
100
AcDbEntity
  8
AM_9
100
AcDbLine
 10
37.02
 20
198.1612985650146
 30
0.0
 11
31.45
 21
198.1612985650146
 31
0.0
  0
LINE
  5
32E
330
7E
100
AcDbEntity
  8
AM_9
100
AcDbLine
 10
53.95
 20
198.1964795982892
 30
0.0
 11
59.52
 21
198.1964795982892
 31
0.0
  0
LINE
  5
32F
330
7E
100
AcDbEntity
  8
AM_9
100
AcDbLine
 10
59.52
 20
198.2331195035775
 30
0.0
 11
53.95
 21
198.2331195035775
 31
0.0
  0
LINE
  5
330
330
7E
100
AcDbEntity
  8
AM_9
100
AcDbLine
 10
46.45
 20
198.1964795982892
 30
0.0
 11
52.02
 21
198.1964795982892
 31
0.0
  0
LINE
  5
331
330
7E
100
AcDbEntity
  8
AM_9
100
AcDbLine
 10
52.02
 20
198.2331195035775
 30
0.0
 11
46.45
 21
198.2331195035775
 31
0.0
  0
LINE
  5
332
330
7E
100
AcDbEntity
  8
AM_9
100
AcDbLine
 10
38.95
 20
198.1964795982892
 30
0.0
 11
44.52
 21
198.1964795982892
 31
0.0
  0
LINE
  5
333
330
7E
100
AcDbEntity
  8
AM_9
100
AcDbLine
 10
44.52
 20
198.2331195035775
 30
0.0
 11
38.95
 21
198.2331195035775
 31
0.0
  0
LINE
  5
334
330
7E
100
AcDbEntity
  8
AM_9
100
AcDbLine
 10
31.45
 20
198.1964795982892
 30
0.0
 11
37.02
 21
198.1964795982892
 31
0.0
  0
LINE
  5
335
330
7E
100
AcDbEntity
  8
AM_9
100
AcDbLine
 10
37.02
 20
198.2331195035775
 30
0.0
 11
31.45
 21
198.2331195035775
 31
0.0
  0
LINE
  5
336
330
7E
100
AcDbEntity
  8
AM_9
100
AcDbLine
 10
53.95
 20
198.2642393629653
 30
0.0
 11
59.52
 21
198.2642393629653
 31
0.0
  0
LINE
  5
337
330
7E
100
AcDbEntity
  8
AM_9
100
AcDbLine
 10
59.52
 20
198.2963908455749
 30
0.0
 11
53.95
 21
198.2963908455749
 31
0.0
  0
LINE
  5
338
330
7E
100
AcDbEntity
  8
AM_9
100
AcDbLine
 10
46.45
 20
198.2642393629653
 30
0.0
 11
52.02
 21
198.2642393629653
 31
0.0
  0
LINE
  5
339
330
7E
100
AcDbEntity
  8
AM_9
100
AcDbLine
 10
52.02
 20
198.2963908455749
 30
0.0
 11
46.45
 21
198.2963908455749
 31
0.0
  0
LINE
  5
33A
330
7E
100
AcDbEntity
  8
AM_9
100
AcDbLine
 10
38.95
 20
198.2642393629653
 30
0.0
 11
44.52
 21
198.2642393629653
 31
0.0
  0
LINE
  5
33B
330
7E
100
AcDbEntity
  8
AM_9
100
AcDbLine
 10
44.52
 20
198.2963908455749
 30
0.0
 11
38.95
 21
198.2963908455749
 31
0.0
  0
LINE
  5
33C
330
7E
100
AcDbEntity
  8
AM_9
100
AcDbLine
 10
31.45
 20
198.2642393629653
 30
0.0
 11
37.02
 21
198.2642393629653
 31
0.0
  0
LINE
  5
33D
330
7E
100
AcDbEntity
  8
AM_9
100
AcDbLine
 10
37.02
 20
198.2963908455749
 30
0.0
 11
31.45
 21
198.2963908455749
 31
0.0
  0
LINE
  5
33E
330
7E
100
AcDbEntity
  8
AM_9
100
AcDbLine
 10
53.95
 20
198.3234499574525
 30
0.0
 11
59.52
 21
198.3234499574525
 31
0.0
  0
LINE
  5
33F
330
7E
100
AcDbEntity
  8
AM_9
100
AcDbLine
 10
59.52
 20
198.3511134578645
 30
0.0
 11
53.95
 21
198.3511134578645
 31
0.0
  0
LINE
  5
340
330
7E
100
AcDbEntity
  8
AM_9
100
AcDbLine
 10
46.45
 20
198.3234499574525
 30
0.0
 11
52.02
 21
198.3234499574525
 31
0.0
  0
LINE
  5
341
330
7E
100
AcDbEntity
  8
AM_9
100
AcDbLine
 10
52.02
 20
198.3511134578645
 30
0.0
 11
46.45
 21
198.3511134578645
 31
0.0
  0
LINE
  5
342
330
7E
100
AcDbEntity
  8
AM_9
100
AcDbLine
 10
38.95
 20
198.3234499574525
 30
0.0
 11
44.52
 21
198.3234499574525
 31
0.0
  0
LINE
  5
343
330
7E
100
AcDbEntity
  8
AM_9
100
AcDbLine
 10
44.52
 20
198.3511134578645
 30
0.0
 11
38.95
 21
198.3511134578645
 31
0.0
  0
LINE
  5
344
330
7E
100
AcDbEntity
  8
AM_9
100
AcDbLine
 10
31.45
 20
198.3234499574525
 30
0.0
 11
37.02
 21
198.3234499574525
 31
0.0
  0
LINE
  5
345
330
7E
100
AcDbEntity
  8
AM_9
100
AcDbLine
 10
37.02
 20
198.3511134578645
 30
0.0
 11
31.45
 21
198.3511134578645
 31
0.0
  0
LINE
  5
346
330
7E
100
AcDbEntity
  8
AM_9
100
AcDbLine
 10
53.95
 20
198.3741121929231
 30
0.0
 11
59.52
 21
198.3741121929231
 31
0.0
  0
LINE
  5
347
330
7E
100
AcDbEntity
  8
AM_9
100
AcDbLine
 10
59.52
 20
198.3972880900865
 30
0.0
 11
53.95
 21
198.3972880900865
 31
0.0
  0
LINE
  5
348
330
7E
100
AcDbEntity
  8
AM_9
100
AcDbLine
 10
46.45
 20
198.3741121929231
 30
0.0
 11
52.02
 21
198.3741121929231
 31
0.0
  0
LINE
  5
349
330
7E
100
AcDbEntity
  8
AM_9
100
AcDbLine
 10
52.02
 20
198.3972880900865
 30
0.0
 11
46.45
 21
198.3972880900865
 31
0.0
  0
LINE
  5
34A
330
7E
100
AcDbEntity
  8
AM_9
100
AcDbLine
 10
38.95
 20
198.3741121929231
 30
0.0
 11
44.52
 21
198.3741121929231
 31
0.0
  0
LINE
  5
34B
330
7E
100
AcDbEntity
  8
AM_9
100
AcDbLine
 10
44.52
 20
198.3972880900865
 30
0.0
 11
38.95
 21
198.3972880900865
 31
0.0
  0
LINE
  5
34C
330
7E
100
AcDbEntity
  8
AM_9
100
AcDbLine
 10
31.45
 20
198.3741121929231
 30
0.0
 11
37.02
 21
198.3741121929231
 31
0.0
  0
LINE
  5
34D
330
7E
100
AcDbEntity
  8
AM_9
100
AcDbLine
 10
37.02
 20
198.3972880900865
 30
0.0
 11
31.45
 21
198.3972880900865
 31
0.0
  0
LINE
  5
34E
330
7E
100
AcDbEntity
  8
AM_9
100
AcDbLine
 10
53.95
 20
198.4162267633577
 30
0.0
 11
59.52
 21
198.4162267633577
 31
0.0
  0
LINE
  5
34F
330
7E
100
AcDbEntity
  8
AM_9
100
AcDbLine
 10
59.52
 20
198.4349153747152
 30
0.0
 11
53.95
 21
198.4349153747152
 31
0.0
  0
LINE
  5
350
330
7E
100
AcDbEntity
  8
AM_9
100
AcDbLine
 10
46.45
 20
198.4162267633577
 30
0.0
 11
52.02
 21
198.4162267633577
 31
0.0
  0
LINE
  5
351
330
7E
100
AcDbEntity
  8
AM_9
100
AcDbLine
 10
52.02
 20
198.4349153747152
 30
0.0
 11
46.45
 21
198.4349153747152
 31
0.0
  0
LINE
  5
352
330
7E
100
AcDbEntity
  8
AM_9
100
AcDbLine
 10
38.95
 20
198.4162267633577
 30
0.0
 11
44.52
 21
198.4162267633577
 31
0.0
  0
LINE
  5
353
330
7E
100
AcDbEntity
  8
AM_9
100
AcDbLine
 10
44.52
 20
198.4349153747152
 30
0.0
 11
38.95
 21
198.4349153747152
 31
0.0
  0
LINE
  5
354
330
7E
100
AcDbEntity
  8
AM_9
100
AcDbLine
 10
31.45
 20
198.4162267633577
 30
0.0
 11
37.02
 21
198.4162267633577
 31
0.0
  0
LINE
  5
355
330
7E
100
AcDbEntity
  8
AM_9
100
AcDbLine
 10
37.02
 20
198.4349153747152
 30
0.0
 11
31.45
 21
198.4349153747152
 31
0.0
  0
LINE
  5
356
330
7E
100
AcDbEntity
  8
AM_9
100
AcDbLine
 10
53.95
 20
198.4497942455924
 30
0.0
 11
59.52
 21
198.4497942455924
 31
0.0
  0
LINE
  5
357
330
7E
100
AcDbEntity
  8
AM_9
100
AcDbLine
 10
59.52
 20
198.4639958271016
 30
0.0
 11
53.95
 21
198.4639958271016
 31
0.0
  0
LINE
  5
358
330
7E
100
AcDbEntity
  8
AM_9
100
AcDbLine
 10
46.45
 20
198.4497942455924
 30
0.0
 11
52.02
 21
198.4497942455924
 31
0.0
  0
LINE
  5
359
330
7E
100
AcDbEntity
  8
AM_9
100
AcDbLine
 10
52.02
 20
198.4639958271016
 30
0.0
 11
46.45
 21
198.4639958271016
 31
0.0
  0
LINE
  5
35A
330
7E
100
AcDbEntity
  8
AM_9
100
AcDbLine
 10
38.95
 20
198.4497942455924
 30
0.0
 11
44.52
 21
198.4497942455924
 31
0.0
  0
LINE
  5
35B
330
7E
100
AcDbEntity
  8
AM_9
100
AcDbLine
 10
44.52
 20
198.4639958271016
 30
0.0
 11
38.95
 21
198.4639958271016
 31
0.0
  0
LINE
  5
35C
330
7E
100
AcDbEntity
  8
AM_9
100
AcDbLine
 10
31.45
 20
198.4497942455924
 30
0.0
 11
37.02
 21
198.4497942455924
 31
0.0
  0
LINE
  5
35D
330
7E
100
AcDbEntity
  8
AM_9
100
AcDbLine
 10
37.02
 20
198.4639958271016
 30
0.0
 11
31.45
 21
198.4639958271016
 31
0.0
  0
LINE
  5
35E
330
7E
100
AcDbEntity
  8
AM_9
100
AcDbLine
 10
53.95
 20
198.474815099357
 30
0.0
 11
59.52
 21
198.474815099357
 31
0.0
  0
LINE
  5
35F
330
7E
100
AcDbEntity
  8
AM_9
100
AcDbLine
 10
59.52
 20
198.4845298455092
 30
0.0
 11
53.95
 21
198.4845298455092
 31
0.0
  0
LINE
  5
360
330
7E
100
AcDbEntity
  8
AM_9
100
AcDbLine
 10
46.45
 20
198.474815099357
 30
0.0
 11
52.02
 21
198.474815099357
 31
0.0
  0
LINE
  5
361
330
7E
100
AcDbEntity
  8
AM_9
100
AcDbLine
 10
52.02
 20
198.4845298455092
 30
0.0
 11
46.45
 21
198.4845298455092
 31
0.0
  0
LINE
  5
362
330
7E
100
AcDbEntity
  8
AM_9
100
AcDbLine
 10
38.95
 20
198.474815099357
 30
0.0
 11
44.52
 21
198.474815099357
 31
0.0
  0
LINE
  5
363
330
7E
100
AcDbEntity
  8
AM_9
100
AcDbLine
 10
44.52
 20
198.4845298455092
 30
0.0
 11
38.95
 21
198.4845298455092
 31
0.0
  0
LINE
  5
364
330
7E
100
AcDbEntity
  8
AM_9
100
AcDbLine
 10
31.45
 20
198.474815099357
 30
0.0
 11
37.02
 21
198.474815099357
 31
0.0
  0
LINE
  5
365
330
7E
100
AcDbEntity
  8
AM_9
100
AcDbLine
 10
37.02
 20
198.4845298455092
 30
0.0
 11
31.45
 21
198.4845298455092
 31
0.0
  0
LINE
  5
366
330
7E
100
AcDbEntity
  8
AM_9
100
AcDbLine
 10
53.95
 20
198.4912896673093
 30
0.0
 11
59.52
 21
198.4912896673093
 31
0.0
  0
LINE
  5
367
330
7E
100
AcDbEntity
  8
AM_9
100
AcDbLine
 10
59.52
 20
198.4965177111414
 30
0.0
 11
53.95
 21
198.4965177111414
 31
0.0
  0
LINE
  5
368
330
7E
100
AcDbEntity
  8
AM_9
100
AcDbLine
 10
46.45
 20
198.4912896673093
 30
0.0
 11
52.02
 21
198.4912896673093
 31
0.0
  0
LINE
  5
369
330
7E
100
AcDbEntity
  8
AM_9
100
AcDbLine
 10
52.02
 20
198.4965177111414
 30
0.0
 11
46.45
 21
198.4965177111414
 31
0.0
  0
LINE
  5
36A
330
7E
100
AcDbEntity
  8
AM_9
100
AcDbLine
 10
38.95
 20
198.4912896673093
 30
0.0
 11
44.52
 21
198.4912896673093
 31
0.0
  0
LINE
  5
36B
330
7E
100
AcDbEntity
  8
AM_9
100
AcDbLine
 10
44.52
 20
198.4965177111414
 30
0.0
 11
38.95
 21
198.4965177111414
 31
0.0
  0
LINE
  5
36C
330
7E
100
AcDbEntity
  8
AM_9
100
AcDbLine
 10
31.45
 20
198.4912896673093
 30
0.0
 11
37.02
 21
198.4912896673093
 31
0.0
  0
LINE
  5
36D
330
7E
100
AcDbEntity
  8
AM_9
100
AcDbLine
 10
37.02
 20
198.4965177111414
 30
0.0
 11
31.45
 21
198.4965177111414
 31
0.0
  0
LINE
  5
36E
330
7E
100
AcDbEntity
  8
AM_9
100
AcDbLine
 10
53.95
 20
198.4992181750559
 30
0.0
 11
59.52
 21
198.4992181750559
 31
0.0
  0
LINE
  5
36F
330
7E
100
AcDbEntity
  8
AM_9
100
AcDbLine
 10
46.45
 20
198.4992181750559
 30
0.0
 11
52.02
 21
198.4992181750559
 31
0.0
  0
LINE
  5
370
330
7E
100
AcDbEntity
  8
AM_9
100
AcDbLine
 10
38.95
 20
198.4992181750559
 30
0.0
 11
44.52
 21
198.4992181750559
 31
0.0
  0
LINE
  5
371
330
7E
100
AcDbEntity
  8
AM_9
100
AcDbLine
 10
31.45
 20
198.4992181750559
 30
0.0
 11
37.02
 21
198.4992181750559
 31
0.0
  0
LINE
  5
372
330
7E
100
AcDbEntity
  8
AM_9
100
AcDbLine
 10
10.40000000000001
 20
198.0184452130999
 30
0.0
 11
22.8
 21
198.0184452130999
 31
0.0
  0
LINE
  5
373
330
7E
100
AcDbEntity
  8
AM_9
100
AcDbLine
 10
22.8
 20
198.4996400237121
 30
0.0
 11
10.4
 21
198.4996400237121
 31
0.0
  0
LINE
  5
374
330
7E
100
AcDbEntity
  8
AM_9
100
AcDbLine
 10
10.40000000000001
 20
198.4991923770153
 30
0.0
 11
22.8
 21
198.4991923770153
 31
0.0
  0
LINE
  5
375
330
7E
100
AcDbEntity
  8
AM_9
100
AcDbLine
 10
22.8
 20
198.1720928760896
 30
0.0
 11
10.4
 21
198.1720928760896
 31
0.0
  0
LINE
  5
376
330
7E
100
AcDbEntity
  8
AM_9
100
AcDbLine
 10
10.40000000000001
 20
197.9960035130562
 30
0.0
 11
22.8
 21
197.9960035130562
 31
0.0
  0
LINE
  5
377
330
7E
100
AcDbEntity
  8
AM_9
100
AcDbLine
 10
78.787
 20
197.8275481712553
 30
0.0
 11
84.35616335281055
 21
197.8275481712553
 31
0.0
  0
LINE
  5
378
330
7E
100
AcDbEntity
  8
AM_9
100
AcDbLine
 10
78.787
 20
197.8999846081181
 30
0.0
 11
44.615
 21
197.8999846081181
 31
0.0
  0
LINE
  5
379
330
7E
100
AcDbEntity
  8
AM_9
100
AcDbLine
 10
0.6438366471894454
 20
197.8275481712554
 30
0.0
 11
44.61499999999999
 21
197.8275481712553
 31
0.0
  0
LINE
  5
37A
330
7E
100
AcDbEntity
  8
AM_9
100
AcDbLine
 10
22.8
 20
198.4999999999998
 30
0.0
 11
10.4
 21
198.4999999999998
 31
0.0
  0
LINE
  5
37B
330
7E
100
AcDbEntity
  8
AM_9
100
AcDbLine
 10
6.999999999999993
 20
16.39999999999998
 30
0.0
 11
4.399999999999984
 21
16.39999999999998
 31
0.0
  0
LINE
  5
37C
330
7E
100
AcDbEntity
  8
AM_9
100
AcDbLine
 10
6.999999999999993
 20
17.0
 30
0.0
 11
6.999999999999993
 21
16.39999999999998
 31
0.0
  0
LINE
  5
37D
330
7E
100
AcDbEntity
  8
AM_9
100
AcDbLine
 10
39.9
 20
2.800000000000011
 30
0.0
 11
39.9
 21
0.3000000000000114
 31
0.0
  0
LINE
  5
37E
330
7E
100
AcDbEntity
  8
AM_9
100
AcDbLine
 10
45.1
 20
0.3000000000000114
 30
0.0
 11
45.1
 21
2.800000000000011
 31
0.0
  0
LINE
  5
37F
330
7E
100
AcDbEntity
  8
AM_9
100
AcDbLine
 10
39.9
 20
166.3
 30
0.0
 11
39.9
 21
163.8
 31
0.0
  0
LINE
  5
380
330
7E
100
AcDbEntity
  8
AM_9
100
AcDbLine
 10
45.1
 20
163.8
 30
0.0
 11
45.1
 21
166.3
 31
0.0
  0
LINE
  5
383
330
7E
100
AcDbEntity
  8
AM_7
100
AcDbLine
 10
39.38075815636458
 20
114.515
 30
0.0
 11
44.63075815636458
 21
114.515
 31
0.0
  0
LINE
  5
384
330
7E
100
AcDbEntity
  8
AM_7
100
AcDbLine
 10
42.00575815636457
 20
111.89
 30
0.0
 11
42.00575815636457
 21
117.14
 31
0.0
  0
LINE
  5
385
330
7E
100
AcDbEntity
  8
AM_7
100
AcDbLine
 10
57.985
 20
9.5
 30
0.0
 11
67.015
 21
9.5
 31
0.0
  0
LINE
  5
386
330
7E
100
AcDbEntity
  8
AM_7
100
AcDbLine
 10
62.5
 20
4.985000000000014
 30
0.0
 11
62.5
 21
14.01499999999999
 31
0.0
  0
LINE
  5
387
330
7E
100
AcDbEntity
  8
AM_7
100
AcDbLine
 10
17.985
 20
9.5
 30
0.0
 11
27.015
 21
9.5
 31
0.0
  0
LINE
  5
388
330
7E
100
AcDbEntity
  8
AM_7
100
AcDbLine
 10
22.5
 20
4.985000000000014
 30
0.0
 11
22.5
 21
14.01499999999999
 31
0.0
  0
LINE
  5
389
330
7E
100
AcDbEntity
  8
AM_7
100
AcDbLine
 10
17.98500000000001
 20
156.8
 30
0.0
 11
27.01499999999999
 21
156.8
 31
0.0
  0
LINE
  5
38A
330
7E
100
AcDbEntity
  8
AM_7
100
AcDbLine
 10
22.5
 20
152.285
 30
0.0
 11
22.5
 21
161.315
 31
0.0
  0
LINE
  5
38B
330
7E
100
AcDbEntity
  8
AM_7
100
AcDbLine
 10
57.98500000000001
 20
156.8
 30
0.0
 11
67.01499999999999
 21
156.8
 31
0.0
  0
LINE
  5
38C
330
7E
100
AcDbEntity
  8
AM_7
100
AcDbLine
 10
62.5
 20
152.285
 30
0.0
 11
62.5
 21
161.315
 31
0.0
  0
LINE
  5
38D
330
7E
100
AcDbEntity
  8
AM_7
100
AcDbLine
 10
42.5
 20
-8.314999999999998
 30
0.0
 11
42.5
 21
174.615
 31
0.0
  0
LINE
  5
38E
330
7E
100
AcDbEntity
  8
AM_7
100
AcDbLine
 10
7.195999999999998
 20
189.08
 30
0.0
 11
7.195999999999998
 21
185.12
 31
0.0
  0
LINE
  5
38F
330
7E
100
AcDbEntity
  8
AM_7
100
AcDbLine
 10
20.86
 20
195.08
 30
0.0
 11
20.86
 21
191.12
 31
0.0
  0
LINE
  5
390
330
7E
100
AcDbEntity
  8
AM_7
100
AcDbLine
 10
16.818
 20
215.4
 30
0.0
 11
16.818
 21
213.2
 31
0.0
  0
LINE
  5
391
330
7E
100
AcDbEntity
  8
AM_7
100
AcDbLine
 10
78.17500000000001
 20
150.3
 30
0.0
 11
85.325
 21
150.3
 31
0.0
  0
LINE
  5
392
330
7E
100
AcDbEntity
  8
AM_7
100
AcDbLine
 10
76.55
 20
110.3
 30
0.0
 11
86.45000000000002
 21
110.3
 31
0.0
  0
LINE
  5
393
330
7E
100
AcDbEntity
  8
AM_7
100
AcDbLine
 10
76.55
 20
140.4
 30
0.0
 11
86.45000000000002
 21
140.4
 31
0.0
  0
LINE
  5
394
330
7E
100
AcDbEntity
  8
AM_7
100
AcDbLine
 10
24.3
 20
210.8
 30
0.0
 11
25.35
 21
210.8
 31
0.0
  0
LINE
  5
395
330
7E
100
AcDbEntity
  8
AM_7
100
AcDbLine
 10
24.825
 20
210.275
 30
0.0
 11
24.825
 21
211.325
 31
0.0
  0
LINE
  5
397
330
7E
100
AcDbEntity
  8
AM_4
100
AcDbLine
 10
59.0
 20
199.5
 30
0.0
 11
59.0
 21
198.5
 31
0.0
  0
LINE
  5
398
330
7E
100
AcDbEntity
  8
AM_4
100
AcDbLine
 10
76.2
 20
199.5
 30
0.0
 11
76.2
 21
198.5
 31
0.0
  0
LINE
  5
399
330
7E
100
AcDbEntity
  8
AM_4
100
AcDbLine
 10
59.0
 20
199.5
 30
0.0
 11
63.8
 21
199.5
 31
0.0
  0
LINE
  5
39A
330
7E
100
AcDbEntity
  8
AM_4
100
AcDbLine
 10
63.8
 20
199.5
 30
0.0
 11
63.8
 21
198.5
 31
0.0
  0
LINE
  5
39B
330
7E
100
AcDbEntity
  8
AM_4
100
AcDbLine
 10
53.30000000000003
 20
199.5
 30
0.0
 11
53.30000000000003
 21
198.5
 31
0.0
  0
LINE
  5
39C
330
7E
100
AcDbEntity
  8
AM_4
100
AcDbLine
 10
52.8
 20
199.5
 30
0.0
 11
52.8
 21
198.5
 31
0.0
  0
LINE
  5
39D
330
7E
100
AcDbEntity
  8
AM_4
100
AcDbLine
 10
63.3
 20
199.5
 30
0.0
 11
63.3
 21
198.5
 31
0.0
  0
LINE
  5
39E
330
7E
100
AcDbEntity
  8
AM_4
100
AcDbLine
 10
59.50000000000003
 20
199.5
 30
0.0
 11
59.50000000000003
 21
198.5
 31
0.0
  0
LINE
  5
39F
330
7E
100
AcDbEntity
  8
AM_4
100
AcDbLine
 10
65.2
 20
199.5
 30
0.0
 11
70.0
 21
199.5
 31
0.0
  0
LINE
  5
3A0
330
7E
100
AcDbEntity
  8
AM_4
100
AcDbLine
 10
70.0
 20
199.5
 30
0.0
 11
70.0
 21
198.5
 31
0.0
  0
LINE
  5
3A1
330
7E
100
AcDbEntity
  8
AM_4
100
AcDbLine
 10
69.5
 20
199.5
 30
0.0
 11
69.5
 21
198.5
 31
0.0
  0
LINE
  5
3A2
330
7E
100
AcDbEntity
  8
AM_4
100
AcDbLine
 10
75.7
 20
199.5
 30
0.0
 11
75.7
 21
198.5
 31
0.0
  0
LINE
  5
3A3
330
7E
100
AcDbEntity
  8
AM_4
100
AcDbLine
 10
65.70000000000003
 20
199.5
 30
0.0
 11
65.70000000000003
 21
198.5
 31
0.0
  0
LINE
  5
3A4
330
7E
100
AcDbEntity
  8
AM_4
100
AcDbLine
 10
65.2
 20
199.5
 30
0.0
 11
65.2
 21
198.5
 31
0.0
  0
LINE
  5
3A5
330
7E
100
AcDbEntity
  8
AM_4
100
AcDbLine
 10
71.4
 20
199.5
 30
0.0
 11
76.2
 21
199.5
 31
0.0
  0
LINE
  5
3A6
330
7E
100
AcDbEntity
  8
AM_4
100
AcDbLine
 10
71.90000000000002
 20
199.5
 30
0.0
 11
71.90000000000002
 21
198.5
 31
0.0
  0
LINE
  5
3A7
330
7E
100
AcDbEntity
  8
AM_4
100
AcDbLine
 10
71.4
 20
199.5
 30
0.0
 11
71.4
 21
198.5
 31
0.0
  0
LINE
  5
3A8
330
7E
100
AcDbEntity
  8
AM_4
100
AcDbLine
 10
51.40000000000001
 20
199.5
 30
0.0
 11
51.40000000000001
 21
198.5
 31
0.0
  0
LINE
  5
3A9
330
7E
100
AcDbEntity
  8
AM_4
100
AcDbLine
 10
57.6
 20
199.5
 30
0.0
 11
57.6
 21
198.5
 31
0.0
  0
LINE
  5
3AA
330
7E
100
AcDbEntity
  8
AM_4
100
AcDbLine
 10
52.8
 20
199.5
 30
0.0
 11
57.6
 21
199.5
 31
0.0
  0
LINE
  5
3AB
330
7E
100
AcDbEntity
  8
AM_4
100
AcDbLine
 10
57.1
 20
199.5
 30
0.0
 11
57.1
 21
198.5
 31
0.0
  0
LINE
  5
3AC
330
7E
100
AcDbEntity
  8
AM_4
100
AcDbLine
 10
46.6
 20
199.5
 30
0.0
 11
51.40000000000001
 21
199.5
 31
0.0
  0
LINE
  5
3AD
330
7E
100
AcDbEntity
  8
AM_4
100
AcDbLine
 10
46.6
 20
199.5
 30
0.0
 11
46.6
 21
198.5
 31
0.0
  0
LINE
  5
3AE
330
7E
100
AcDbEntity
  8
AM_4
100
AcDbLine
 10
50.9
 20
199.5
 30
0.0
 11
50.9
 21
198.5
 31
0.0
  0
LINE
  5
3AF
330
7E
100
AcDbEntity
  8
AM_4
100
AcDbLine
 10
47.10000000000002
 20
199.5
 30
0.0
 11
47.10000000000002
 21
198.5
 31
0.0
  0
LINE
  5
3B0
330
7E
100
AcDbEntity
  8
AM_4
100
AcDbLine
 10
75.6
 20
198.5
 30
0.0
 11
75.6
 21
197.978447231468
 31
0.0
  0
LINE
  5
3B1
330
7E
100
AcDbEntity
  8
AM_4
100
AcDbLine
 10
75.667
 20
197.978447231468
 30
0.0
 11
75.667
 21
198.4767525460346
 31
0.0
  0
LINE
  5
3B2
330
7E
100
AcDbEntity
  8
AM_4
100
AcDbLine
 10
75.795
 20
197.5939705223019
 30
0.0
 11
75.795
 21
197.9289258280711
 31
0.0
  0
LINE
  5
3B3
330
7E
100
AcDbEntity
  8
AM_4
100
AcDbLine
 10
62.55
 20
197.1688165994439
 30
0.0
 11
62.55
 21
197.5031011773453
 31
0.0
  0
LINE
  5
3B4
330
7E
100
AcDbEntity
  8
AM_4
100
AcDbLine
 10
76.66299999999998
 20
197.1688165994441
 30
0.0
 11
76.66299999999998
 21
197.5031011773453
 31
0.0
  0
LINE
  5
3B5
330
7E
100
AcDbEntity
  8
AM_4
100
AcDbLine
 10
76.863
 20
197.226654938628
 30
0.0
 11
76.863
 21
197.4518567837596
 31
0.0
  0
LINE
  5
3B6
330
7E
100
AcDbEntity
  8
AM_4
100
AcDbLine
 10
77.063
 20
197.2340242855307
 30
0.0
 11
77.063
 21
197.4451509779055
 31
0.0
  0
LINE
  5
3B7
330
7E
100
AcDbEntity
  8
AM_4
100
AcDbLine
 10
62.35
 20
197.2266549386284
 30
0.0
 11
62.35
 21
197.4518567837596
 31
0.0
  0
LINE
  5
3B8
330
7E
100
AcDbEntity
  8
AM_4
100
AcDbLine
 10
62.14999999999999
 20
197.2340242855307
 30
0.0
 11
62.14999999999999
 21
197.4451509779055
 31
0.0
  0
LINE
  5
3B9
330
7E
100
AcDbEntity
  8
AM_4
100
AcDbLine
 10
59.35
 20
197.2340242855307
 30
0.0
 11
59.35
 21
197.4451509779055
 31
0.0
  0
LINE
  5
3BA
330
7E
100
AcDbEntity
  8
AM_4
100
AcDbLine
 10
79.25
 20
197.2340242855308
 30
0.0
 11
79.25
 21
197.4451509779055
 31
0.0
  0
ARC
  5
3BB
330
7E
100
AcDbEntity
  8
AM_4
100
AcDbCircle
 10
8.900000000000002
 20
204.9
 30
0.0
 40
1.0
100
AcDbArc
 50
90.0
 51
180.0
  0
LINE
  5
3BC
330
7E
100
AcDbEntity
  8
AM_4
100
AcDbLine
 10
10.95
 20
205.9
 30
0.0
 11
8.899999999999999
 21
205.9
 31
0.0
  0
LINE
  5
3BD
330
7E
100
AcDbEntity
  8
AM_4
100
AcDbLine
 10
7.900000000000006
 20
203.55
 30
0.0
 11
7.900000000000006
 21
204.9
 31
0.0
  0
LINE
  5
3BE
330
7E
100
AcDbEntity
  8
AM_4
100
AcDbLine
 10
11.45
 20
205.4
 30
0.0
 11
11.45
 21
205.3
 31
0.0
  0
ARC
  5
3BF
330
7E
100
AcDbEntity
  8
AM_4
100
AcDbCircle
 10
10.95000000000001
 20
205.4
 30
0.0
 40
0.4999999999999947
100
AcDbArc
 50
0.0
 51
90.0
  0
LINE
  5
3C0
330
7E
100
AcDbEntity
  8
AM_4
100
AcDbLine
 10
13.15000000000001
 20
205.3
 30
0.0
 11
9.750000000000007
 21
205.3
 31
0.0
  0
LINE
  5
3C1
330
7E
100
AcDbEntity
  8
AM_4
100
AcDbLine
 10
7.900000000000006
 20
203.55
 30
0.0
 11
11.25
 21
200.2
 31
0.0
  0
LINE
  5
3C2
330
7E
100
AcDbEntity
  8
AM_4
100
AcDbLine
 10
10.05
 20
201.4
 30
0.0
 11
10.05
 21
205.3
 31
0.0
  0
LINE
  5
3C3
330
7E
100
AcDbEntity
  8
AM_4
100
AcDbLine
 10
9.750000000000007
 20
201.7
 30
0.0
 11
9.750000000000007
 21
205.3
 31
0.0
  0
LINE
  5
3C4
330
7E
100
AcDbEntity
  8
AM_4
100
AcDbLine
 10
75.4
 20
198.5
 30
0.0
 11
75.4
 21
197.1688165994439
 31
0.0
  0
LINE
  5
3C5
330
7E
100
AcDbEntity
  8
AM_4
100
AcDbLine
 10
21.25
 20
200.7
 30
0.0
 11
21.25
 21
200.2
 31
0.0
  0
LINE
  5
3C6
330
7E
100
AcDbEntity
  8
AM_4
100
AcDbLine
 10
21.25
 20
200.2
 30
0.0
 11
22.8
 21
200.2
 31
0.0
  0
LINE
  5
3C7
330
7E
100
AcDbEntity
  8
AM_4
100
AcDbLine
 10
14.35
 20
200.7
 30
0.0
 11
21.25
 21
200.7
 31
0.0
  0
LINE
  5
3C8
330
7E
100
AcDbEntity
  8
AM_4
100
AcDbLine
 10
14.65
 20
201.0
 30
0.0
 11
14.35
 21
200.7
 31
0.0
  0
LINE
  5
3C9
330
7E
100
AcDbEntity
  8
AM_4
100
AcDbLine
 10
22.506
 20
201.0
 30
0.0
 11
14.65
 21
201.0
 31
0.0
  0
LINE
  5
3CA
330
7E
100
AcDbEntity
  8
AM_4
100
AcDbLine
 10
26.05
 20
204.544
 30
0.0
 11
22.506
 21
201.0
 31
0.0
  0
LINE
  5
3CB
330
7E
100
AcDbEntity
  8
AM_4
100
AcDbLine
 10
26.35
 20
204.4197359312881
 30
0.0
 11
26.05
 21
204.544
 31
0.0
  0
LINE
  5
3CC
330
7E
100
AcDbEntity
  8
AM_4
100
AcDbLine
 10
26.35
 20
215.3
 30
0.0
 11
26.35
 21
204.4197359312881
 31
0.0
  0
LINE
  5
3CD
330
7E
100
AcDbEntity
  8
AM_4
100
AcDbLine
 10
25.325
 20
215.3
 30
0.0
 11
26.35
 21
215.3
 31
0.0
  0
LINE
  5
3CE
330
7E
100
AcDbEntity
  8
AM_4
100
AcDbLine
 10
25.325
 20
210.8
 30
0.0
 11
25.325
 21
215.3
 31
0.0
  0
ARC
  5
3CF
330
7E
100
AcDbEntity
  8
AM_4
100
AcDbCircle
 10
24.825
 20
210.8
 30
0.0
 40
0.5
100
AcDbArc
 50
180.0
 51
0.0
  0
LINE
  5
3D0
330
7E
100
AcDbEntity
  8
AM_4
100
AcDbLine
 10
24.325
 20
215.3
 30
0.0
 11
24.325
 21
210.8
 31
0.0
  0
LINE
  5
3D1
330
7E
100
AcDbEntity
  8
AM_4
100
AcDbLine
 10
14.35
 20
215.3
 30
0.0
 11
24.325
 21
215.3
 31
0.0
  0
LINE
  5
3D2
330
7E
100
AcDbEntity
  8
AM_4
100
AcDbLine
 10
14.35
 20
215.25
 30
0.0
 11
14.35
 21
215.3
 31
0.0
  0
LINE
  5
3D3
330
7E
100
AcDbEntity
  8
AM_4
100
AcDbLine
 10
13.45
 20
215.25
 30
0.0
 11
14.35
 21
215.25
 31
0.0
  0
LINE
  5
3D4
330
7E
100
AcDbEntity
  8
AM_4
100
AcDbLine
 10
13.15
 20
214.95
 30
0.0
 11
13.45
 21
215.25
 31
0.0
  0
LINE
  5
3D5
330
7E
100
AcDbEntity
  8
AM_4
100
AcDbLine
 10
13.15000000000001
 20
200.2
 30
0.0
 11
13.15
 21
214.95
 31
0.0
  0
LINE
  5
3D6
330
7E
100
AcDbEntity
  8
AM_4
100
AcDbLine
 10
10.4
 20
200.2
 30
0.0
 11
13.15000000000001
 21
200.2
 31
0.0
  0
LINE
  5
3D7
330
7E
100
AcDbEntity
  8
AM_4
100
AcDbLine
 10
10.4
 20
197.2377009308813
 30
0.0
 11
10.4
 21
200.2
 31
0.0
  0
LINE
  5
3D8
330
7E
100
AcDbEntity
  8
AM_4
100
AcDbLine
 10
22.8
 20
197.2377009308813
 30
0.0
 11
22.8
 21
200.2
 31
0.0
  0
LINE
  5
3D9
330
7E
100
AcDbEntity
  8
AM_4
100
AcDbLine
 10
75.16524176128158
 20
198.5
 30
0.0
 11
75.16524176128158
 21
197.1688165994439
 31
0.0
  0
LINE
  5
3DA
330
7E
100
AcDbEntity
  8
AM_4
100
AcDbLine
 10
63.3
 20
198.5
 30
0.0
 11
63.3
 21
197.1688165994439
 31
0.0
  0
LINE
  5
3DB
330
7E
100
AcDbEntity
  8
AM_4
100
AcDbLine
 10
64.1
 20
198.5
 30
0.0
 11
64.1
 21
197.1688165994439
 31
0.0
  0
LINE
  5
3DC
330
7E
100
AcDbEntity
  8
AM_4
100
AcDbLine
 10
74.05436824456245
 20
198.5
 30
0.0
 11
74.05436824456245
 21
197.1688165994439
 31
0.0
  0
LINE
  5
3DD
330
7E
100
AcDbEntity
  8
AM_4
100
AcDbLine
 10
22.8
 20
198.4999999999998
 30
0.0
 11
84.34442566247873
 21
198.4999999999998
 31
0.0
  0
LINE
  5
3DE
330
7E
100
AcDbEntity
  8
AM_4
100
AcDbLine
 10
73.00032775425277
 20
198.5
 30
0.0
 11
73.00032775425277
 21
197.1688165994439
 31
0.0
  0
LINE
  5
3DF
330
7E
100
AcDbEntity
  8
AM_4
100
AcDbLine
 10
28.123
 20
191.3
 30
0.0
 11
28.323
 21
191.3
 31
0.0
  0
LINE
  5
3E0
330
7E
100
AcDbEntity
  8
AM_4
100
AcDbLine
 10
28.123
 20
178.5
 30
0.0
 11
28.123
 21
191.3
 31
0.0
  0
LINE
  5
3E1
330
7E
100
AcDbEntity
  8
AM_4
100
AcDbLine
 10
8.641683229480094
 20
188.9
 30
0.0
 11
8.945999999999998
 21
188.8781043757357
 31
0.0
  0
LINE
  5
3E2
330
7E
100
AcDbEntity
  8
AM_4
100
AcDbLine
 10
8.641683229480094
 20
188.9
 30
0.0
 11
7.595999999999997
 21
188.9
 31
0.0
  0
LWPOLYLINE
  5
3E3
330
7E
100
AcDbEntity
  8
AM_4
100
AcDbPolyline
 90
        3
 70
     0
 43
0.0
 10
6.795999999999999
 20
188.8781043757357
 10
7.195999999999998
 20
188.8843134832985
 10
7.595999999999997
 20
188.8781043757377
  0
LINE
  5
3E4
330
7E
100
AcDbEntity
  8
AM_4
100
AcDbLine
 10
6.795999999999999
 20
188.9
 30
0.0
 11
5.750316770519902
 21
188.9
 31
0.0
  0
LINE
  5
3E5
330
7E
100
AcDbEntity
  8
AM_4
100
AcDbLine
 10
5.445999999999998
 20
188.8781043757377
 30
0.0
 11
5.750316770519902
 21
188.9
 31
0.0
  0
ARC
  5
3E6
330
7E
100
AcDbEntity
  8
AM_4
100
AcDbCircle
 10
5.695999999999955
 20
186.9
 30
0.0
 40
1.999999999999947
100
AcDbArc
 50
97.16340538079736
 51
180.0
  0
ARC
  5
3E7
330
7E
100
AcDbEntity
  8
AM_4
100
AcDbCircle
 10
8.695999999999982
 20
186.9
 30
0.0
 40
2.00000000000002
100
AcDbArc
 50
0.0
 51
82.81688762741416
  0
LINE
  5
3E8
330
7E
100
AcDbEntity
  8
AM_4
100
AcDbLine
 10
3.695999999999998
 20
186.9
 30
0.0
 11
3.695999999999998
 21
186.55
 31
0.0
  0
LINE
  5
3E9
330
7E
100
AcDbEntity
  8
AM_4
100
AcDbLine
 10
10.696
 20
186.55
 30
0.0
 11
10.696
 21
186.9
 31
0.0
  0
LINE
  5
3EA
330
7E
100
AcDbEntity
  8
AM_4
100
AcDbLine
 10
10.696
 20
186.9
 30
0.0
 11
3.695999999999998
 21
186.9
 31
0.0
  0
LINE
  5
3EB
330
7E
100
AcDbEntity
  8
AM_4
100
AcDbLine
 10
22.3056832294801
 20
194.9
 30
0.0
 11
22.61
 21
194.8781043757357
 31
0.0
  0
LINE
  5
3EC
330
7E
100
AcDbEntity
  8
AM_4
100
AcDbLine
 10
22.3056832294801
 20
194.9
 30
0.0
 11
21.26
 21
194.9
 31
0.0
  0
LWPOLYLINE
  5
3ED
330
7E
100
AcDbEntity
  8
AM_4
100
AcDbPolyline
 90
        3
 70
     0
 43
0.0
 10
20.46
 20
194.8781043757357
 10
20.86
 20
194.8843134832985
 10
21.26
 20
194.8781043757377
  0
LINE
  5
3EE
330
7E
100
AcDbEntity
  8
AM_4
100
AcDbLine
 10
20.46
 20
194.9
 30
0.0
 11
19.4143167705199
 21
194.9
 31
0.0
  0
LINE
  5
3EF
330
7E
100
AcDbEntity
  8
AM_4
100
AcDbLine
 10
19.11
 20
194.8781043757377
 30
0.0
 11
19.4143167705199
 21
194.9
 31
0.0
  0
ARC
  5
3F0
330
7E
100
AcDbEntity
  8
AM_4
100
AcDbCircle
 10
19.36000000000001
 20
192.9
 30
0.0
 40
2.00000000000001
100
AcDbArc
 50
97.16340538079858
 51
180.0
  0
ARC
  5
3F1
330
7E
100
AcDbEntity
  8
AM_4
100
AcDbCircle
 10
22.35999999999999
 20
192.9
 30
0.0
 40
2.000000000000014
100
AcDbArc
 50
0.0
 51
82.8168876274142
  0
LINE
  5
3F2
330
7E
100
AcDbEntity
  8
AM_4
100
AcDbLine
 10
17.36
 20
192.9
 30
0.0
 11
17.36
 21
192.55
 31
0.0
  0
LINE
  5
3F3
330
7E
100
AcDbEntity
  8
AM_4
100
AcDbLine
 10
24.36
 20
192.55
 30
0.0
 11
24.36
 21
192.9
 31
0.0
  0
LINE
  5
3F4
330
7E
100
AcDbEntity
  8
AM_4
100
AcDbLine
 10
24.36
 20
192.9
 30
0.0
 11
17.36
 21
192.9
 31
0.0
  0
LINE
  5
3F5
330
7E
100
AcDbEntity
  8
AM_4
100
AcDbLine
 10
3.576000000000001
 20
186.55
 30
0.0
 11
3.576000000000001
 21
185.85
 31
0.0
  0
LINE
  5
3F6
330
7E
100
AcDbEntity
  8
AM_4
100
AcDbLine
 10
10.816
 20
185.85
 30
0.0
 11
10.816
 21
186.55
 31
0.0
  0
LINE
  5
3F7
330
7E
100
AcDbEntity
  8
AM_4
100
AcDbLine
 10
10.816
 20
186.55
 30
0.0
 11
3.576000000000001
 21
186.55
 31
0.0
  0
LINE
  5
3F8
330
7E
100
AcDbEntity
  8
AM_4
100
AcDbLine
 10
17.24
 20
192.55
 30
0.0
 11
17.24
 21
191.85
 31
0.0
  0
LINE
  5
3F9
330
7E
100
AcDbEntity
  8
AM_4
100
AcDbLine
 10
24.48
 20
191.85
 30
0.0
 11
24.48
 21
192.55
 31
0.0
  0
LINE
  5
3FA
330
7E
100
AcDbEntity
  8
AM_4
100
AcDbLine
 10
24.48
 20
192.55
 30
0.0
 11
17.24
 21
192.55
 31
0.0
  0
LINE
  5
3FB
330
7E
100
AcDbEntity
  8
AM_4
100
AcDbLine
 10
3.195999999999998
 20
185.85
 30
0.0
 11
3.195999999999998
 21
185.3
 31
0.0
  0
LINE
  5
3FC
330
7E
100
AcDbEntity
  8
AM_4
100
AcDbLine
 10
11.196
 20
185.3
 30
0.0
 11
11.196
 21
185.85
 31
0.0
  0
LINE
  5
3FD
330
7E
100
AcDbEntity
  8
AM_4
100
AcDbLine
 10
11.196
 20
185.85
 30
0.0
 11
3.195999999999998
 21
185.85
 31
0.0
  0
LINE
  5
3FE
330
7E
100
AcDbEntity
  8
AM_4
100
AcDbLine
 10
16.86
 20
191.85
 30
0.0
 11
16.86
 21
191.3
 31
0.0
  0
LINE
  5
3FF
330
7E
100
AcDbEntity
  8
AM_4
100
AcDbLine
 10
24.86
 20
191.3
 30
0.0
 11
24.86
 21
191.85
 31
0.0
  0
LINE
  5
400
330
7E
100
AcDbEntity
  8
AM_4
100
AcDbLine
 10
24.86
 20
191.85
 30
0.0
 11
16.86
 21
191.85
 31
0.0
  0
LINE
  5
401
330
7E
100
AcDbEntity
  8
AM_4
100
AcDbLine
 10
0.2959999999999994
 20
177.9
 30
0.0
 11
0.6555743375212941
 21
198.5000000000002
 31
0.0
  0
LWPOLYLINE
  5
402
330
7E
100
AcDbEntity
  8
AM_4
100
AcDbPolyline
 90
        6
 70
     0
 43
0.0
 10
59.15000000000001
 20
197.438423771071
 10
59.16128409062274
 20
197.4406538284016
 10
59.19386846501509
 20
197.4426305067314
 10
59.24407100831243
 20
197.4441312963047
 10
59.30620331925171
 20
197.4449879524808
 10
59.3499999999998
 20
197.4451509779055
  0
LINE
  5
403
330
7E
100
AcDbEntity
  8
AM_4
100
AcDbLine
 10
59.35
 20
197.4451509779055
 30
0.0
 11
62.14999999999999
 21
197.4451509779055
 31
0.0
  0
LWPOLYLINE
  5
404
330
7E
100
AcDbEntity
  8
AM_4
100
AcDbPolyline
 90
        6
 70
     0
 43
0.0
 10
62.35
 20
197.4518567837596
 10
62.33871595799676
 20
197.4496385579865
 10
62.30613185491823
 20
197.4476684523117
 10
62.25592951987893
 20
197.4461701775553
 10
62.19379717715427
 20
197.4453139944642
 10
62.15000000000019
 20
197.4451509779056
  0
LWPOLYLINE
  5
405
330
7E
100
AcDbEntity
  8
AM_4
100
AcDbPolyline
 90
        6
 70
     0
 43
0.0
 10
62.35
 20
197.4965612213463
 10
62.36128354954823
 20
197.4987292206573
 10
62.3938661270243
 20
197.5006508372406
 10
62.44406628390866
 20
197.5021098202953
 10
62.50619745050516
 20
197.5029426537343
 10
62.5499999999998
 20
197.5031011773452
  0
LINE
  5
406
330
7E
100
AcDbEntity
  8
AM_4
100
AcDbLine
 10
75.4
 20
197.5031011773453
 30
0.0
 11
76.66299999999998
 21
197.5031011773453
 31
0.0
  0
LINE
  5
407
330
7E
100
AcDbEntity
  8
AM_4
100
AcDbLine
 10
62.55
 20
197.5031011773453
 30
0.0
 11
63.3
 21
197.5031011773453
 31
0.0
  0
LWPOLYLINE
  5
408
330
7E
100
AcDbEntity
  8
AM_4
100
AcDbPolyline
 90
        6
 70
     0
 43
0.0
 10
76.66299999999998
 20
197.5031011773453
 10
76.72917465945241
 20
197.502733384261
 10
76.78788846698367
 20
197.5016712203588
 10
76.83253941077191
 20
197.5000332063094
 10
76.85809894473337
 20
197.4980019971308
 10
76.86300000000097
 20
197.4965612213463
  0
LWPOLYLINE
  5
409
330
7E
100
AcDbEntity
  8
AM_4
100
AcDbPolyline
 90
        6
 70
     0
 43
0.0
 10
77.063
 20
197.4451509779055
 10
76.99682683009459
 20
197.4455292323751
 10
76.93811435474572
 20
197.4466208279248
 10
76.89346336621452
 20
197.4483019999766
 10
76.86790223531008
 20
197.450383014481
 10
76.86299999999903
 20
197.4518567837594
  0
LINE
  5
40A
330
7E
100
AcDbEntity
  8
AM_4
100
AcDbLine
 10
77.063
 20
197.4451509779055
 30
0.0
 11
79.25
 21
197.4451509779055
 31
0.0
  0
LWPOLYLINE
  5
40B
330
7E
100
AcDbEntity
  8
AM_4
100
AcDbPolyline
 90
        6
 70
     0
 43
0.0
 10
79.25
 20
197.4451509779055
 10
79.31617312218539
 20
197.4447726561098
 10
79.37488555628977
 20
197.4436801046347
 10
79.41953646387378
 20
197.4419952475992
 10
79.44509762225886
 20
197.4399059438657
 10
79.45000000000098
 20
197.4384237710709
  0
LWPOLYLINE
  5
40C
330
7E
100
AcDbEntity
  8
AM_4
100
AcDbPolyline
 90
        6
 70
     0
 43
0.0
 10
79.45000000000002
 20
197.2413722242071
 10
79.43871399094286
 20
197.2389411541827
 10
79.40612336605224
 20
197.2367821985897
 10
79.35591235555475
 20
197.2351405558605
 10
79.29377584116621
 20
197.2342027118789
 10
79.2500000000002
 20
197.2340242855308
  0
LINE
  5
40D
330
7E
100
AcDbEntity
  8
AM_4
100
AcDbLine
 10
79.25
 20
197.2340242855307
 30
0.0
 11
77.06300000000002
 21
197.2340242855307
 31
0.0
  0
LWPOLYLINE
  5
40E
330
7E
100
AcDbEntity
  8
AM_4
100
AcDbPolyline
 90
        6
 70
     0
 43
0.0
 10
76.863
 20
197.226654938628
 10
76.87428606237275
 20
197.2290978459542
 10
76.90687698471271
 20
197.2312633782353
 10
76.95708822346025
 20
197.2329075356554
 10
77.01922470297961
 20
197.2338458510865
 10
77.0629999999998
 20
197.2340242855307
  0
LWPOLYLINE
  5
40F
330
7E
100
AcDbEntity
  8
AM_4
100
AcDbPolyline
 90
        6
 70
     0
 43
0.0
 10
76.863
 20
197.1763518687345
 10
76.85171338316937
 20
197.1738586948541
 10
76.81912074308138
 20
197.1716446364232
 10
76.76890705238432
 20
197.1699611684809
 10
76.7067692497794
 20
197.1689995124402
 10
76.66300000000021
 20
197.1688165994441
  0
LINE
  5
410
330
7E
100
AcDbEntity
  8
AM_4
100
AcDbLine
 10
76.663
 20
197.1688165994439
 30
0.0
 11
62.55000000000001
 21
197.1688165994439
 31
0.0
  0
LWPOLYLINE
  5
411
330
7E
100
AcDbEntity
  8
AM_4
100
AcDbPolyline
 90
        6
 70
     0
 43
0.0
 10
62.55000000000001
 20
197.1688165994439
 10
62.48383415424146
 20
197.1692414745048
 10
62.42512822276741
 20
197.1704676165905
 10
62.38047739801854
 20
197.1723562087374
 10
62.35490852579065
 20
197.1746945282229
 10
62.34999999999903
 20
197.1763518687346
  0
LWPOLYLINE
  5
412
330
7E
100
AcDbEntity
  8
AM_4
100
AcDbPolyline
 90
        6
 70
     0
 43
0.0
 10
62.15000000000001
 20
197.2340242855307
 10
62.21616752179025
 20
197.2336098694946
 10
62.27487495228802
 20
197.2324131492942
 10
62.31952572727173
 20
197.2305677060587
 10
62.3450928029642
 20
197.2282792039702
 10
62.35000000000097
 20
197.2266549386281
  0
LINE
  5
413
330
7E
100
AcDbEntity
  8
AM_4
100
AcDbLine
 10
62.15000000000001
 20
197.2340242855307
 30
0.0
 11
59.35000000000002
 21
197.2340242855307
 31
0.0
  0
LWPOLYLINE
  5
414
330
7E
100
AcDbEntity
  8
AM_4
100
AcDbPolyline
 90
        6
 70
     0
 43
0.0
 10
59.35000000000002
 20
197.2340242855307
 10
59.28383242592891
 20
197.234438634354
 10
59.22512495024547
 20
197.2356343990431
 10
59.18047408656977
 20
197.2374761587173
 10
59.1549070409212
 20
197.2397563730261
 10
59.14999999999903
 20
197.2413722242072
  0
LINE
  5
415
330
7E
100
AcDbEntity
  8
AM_4
100
AcDbLine
 10
62.57
 20
197.5939705223019
 30
0.0
 11
62.57
 21
197.9289258280711
 31
0.0
  0
LINE
  5
416
330
7E
100
AcDbEntity
  8
AM_4
100
AcDbLine
 10
62.57
 20
197.9289258280711
 30
0.0
 11
63.3
 21
197.9289258280711
 31
0.0
  0
LINE
  5
417
330
7E
100
AcDbEntity
  8
AM_4
100
AcDbLine
 10
75.4
 20
197.949731733562
 30
0.0
 11
75.795
 21
197.949731733562
 31
0.0
  0
LINE
  5
418
330
7E
100
AcDbEntity
  8
AM_4
100
AcDbLine
 10
75.795
 20
197.9289258280711
 30
0.0
 11
78.57
 21
197.9289258280711
 31
0.0
  0
LINE
  5
419
330
7E
100
AcDbEntity
  8
AM_4
100
AcDbLine
 10
78.57
 20
197.9289258280711
 30
0.0
 11
78.57
 21
197.5939705223019
 31
0.0
  0
LINE
  5
41A
330
7E
100
AcDbEntity
  8
AM_4
100
AcDbLine
 10
78.57
 20
197.5939705223019
 30
0.0
 11
75.795
 21
197.5939705223019
 31
0.0
  0
LINE
  5
41B
330
7E
100
AcDbEntity
  8
AM_4
100
AcDbLine
 10
75.795
 20
197.5673238294106
 30
0.0
 11
75.4
 21
197.5673238294106
 31
0.0
  0
LINE
  5
41C
330
7E
100
AcDbEntity
  8
AM_4
100
AcDbLine
 10
63.3
 20
197.5939705223019
 30
0.0
 11
62.57
 21
197.5939705223019
 31
0.0
  0
LINE
  5
41D
330
7E
100
AcDbEntity
  8
AM_4
100
AcDbLine
 10
75.667
 20
198.4767525460346
 30
0.0
 11
78.01599999999999
 21
198.4767525460346
 31
0.0
  0
LINE
  5
41E
330
7E
100
AcDbEntity
  8
AM_4
100
AcDbLine
 10
63.3
 20
197.978447231468
 30
0.0
 11
62.21599999999999
 21
197.978447231468
 31
0.0
  0
LINE
  5
41F
330
7E
100
AcDbEntity
  8
AM_4
100
AcDbLine
 10
78.01599999999999
 20
197.978447231468
 30
0.0
 11
75.4
 21
197.978447231468
 31
0.0
  0
LINE
  5
420
330
7E
100
AcDbEntity
  8
AM_4
100
AcDbLine
 10
62.21599999999999
 20
197.978447231468
 30
0.0
 11
62.21599999999999
 21
198.4999999999998
 31
0.0
  0
LINE
  5
421
330
7E
100
AcDbEntity
  8
AM_4
100
AcDbLine
 10
62.21599999999999
 20
198.4767525460346
 30
0.0
 11
63.3
 21
198.4767525460346
 31
0.0
  0
LINE
  5
422
330
7E
100
AcDbEntity
  8
AM_4
100
AcDbLine
 10
75.6
 20
198.0063240478375
 30
0.0
 11
75.667
 21
198.0063240478375
 31
0.0
  0
LINE
  5
423
330
7E
100
AcDbEntity
  8
AM_4
100
AcDbLine
 10
53.95
 20
198.4986007311688
 30
0.0
 11
59.52
 21
198.4986007311688
 31
0.0
  0
LINE
  5
424
330
7E
100
AcDbEntity
  8
AM_4
100
AcDbLine
 10
59.52
 20
198.4948555236982
 30
0.0
 11
53.95
 21
198.4948555236982
 31
0.0
  0
LINE
  5
425
330
7E
100
AcDbEntity
  8
AM_4
100
AcDbLine
 10
46.45
 20
198.4986007311688
 30
0.0
 11
52.02
 21
198.4986007311688
 31
0.0
  0
LINE
  5
426
330
7E
100
AcDbEntity
  8
AM_4
100
AcDbLine
 10
52.02
 20
198.4948555236982
 30
0.0
 11
46.45
 21
198.4948555236982
 31
0.0
  0
LINE
  5
427
330
7E
100
AcDbEntity
  8
AM_4
100
AcDbLine
 10
38.95
 20
198.4986007311688
 30
0.0
 11
44.52
 21
198.4986007311688
 31
0.0
  0
LINE
  5
428
330
7E
100
AcDbEntity
  8
AM_4
100
AcDbLine
 10
44.52
 20
198.4948555236982
 30
0.0
 11
38.95
 21
198.4948555236982
 31
0.0
  0
LINE
  5
429
330
7E
100
AcDbEntity
  8
AM_4
100
AcDbLine
 10
31.45
 20
198.4986007311688
 30
0.0
 11
37.02
 21
198.4986007311688
 31
0.0
  0
LINE
  5
42A
330
7E
100
AcDbEntity
  8
AM_4
100
AcDbLine
 10
37.02
 20
198.4948555236982
 30
0.0
 11
31.45
 21
198.4948555236982
 31
0.0
  0
LINE
  5
42B
330
7E
100
AcDbEntity
  8
AM_4
100
AcDbLine
 10
53.95
 20
198.4894373271929
 30
0.0
 11
59.52
 21
198.4894373271929
 31
0.0
  0
LINE
  5
42C
330
7E
100
AcDbEntity
  8
AM_4
100
AcDbLine
 10
59.52
 20
198.4812054478612
 30
0.0
 11
53.95
 21
198.4812054478612
 31
0.0
  0
LINE
  5
42D
330
7E
100
AcDbEntity
  8
AM_4
100
AcDbLine
 10
46.45
 20
198.4894373271929
 30
0.0
 11
52.02
 21
198.4894373271929
 31
0.0
  0
LINE
  5
42E
330
7E
100
AcDbEntity
  8
AM_4
100
AcDbLine
 10
52.02
 20
198.4812054478612
 30
0.0
 11
46.45
 21
198.4812054478612
 31
0.0
  0
LINE
  5
42F
330
7E
100
AcDbEntity
  8
AM_4
100
AcDbLine
 10
38.95
 20
198.4894373271929
 30
0.0
 11
44.52
 21
198.4894373271929
 31
0.0
  0
LINE
  5
430
330
7E
100
AcDbEntity
  8
AM_4
100
AcDbLine
 10
44.52
 20
198.4812054478612
 30
0.0
 11
38.95
 21
198.4812054478612
 31
0.0
  0
LINE
  5
431
330
7E
100
AcDbEntity
  8
AM_4
100
AcDbLine
 10
31.45
 20
198.4894373271929
 30
0.0
 11
37.02
 21
198.4894373271929
 31
0.0
  0
LINE
  5
432
330
7E
100
AcDbEntity
  8
AM_4
100
AcDbLine
 10
37.02
 20
198.4812054478612
 30
0.0
 11
31.45
 21
198.4812054478612
 31
0.0
  0
LINE
  5
433
330
7E
100
AcDbEntity
  8
AM_4
100
AcDbLine
 10
53.95
 20
198.4717278376454
 30
0.0
 11
59.52
 21
198.4717278376454
 31
0.0
  0
LINE
  5
434
330
7E
100
AcDbEntity
  8
AM_4
100
AcDbLine
 10
59.52
 20
198.4590091737236
 30
0.0
 11
53.95
 21
198.4590091737236
 31
0.0
  0
LINE
  5
435
330
7E
100
AcDbEntity
  8
AM_4
100
AcDbLine
 10
46.45
 20
198.4717278376454
 30
0.0
 11
52.02
 21
198.4717278376454
 31
0.0
  0
LINE
  5
436
330
7E
100
AcDbEntity
  8
AM_4
100
AcDbLine
 10
52.02
 20
198.4590091737236
 30
0.0
 11
46.45
 21
198.4590091737236
 31
0.0
  0
LINE
  5
437
330
7E
100
AcDbEntity
  8
AM_4
100
AcDbLine
 10
38.95
 20
198.4717278376454
 30
0.0
 11
44.52
 21
198.4717278376454
 31
0.0
  0
LINE
  5
438
330
7E
100
AcDbEntity
  8
AM_4
100
AcDbLine
 10
44.52
 20
198.4590091737236
 30
0.0
 11
38.95
 21
198.4590091737236
 31
0.0
  0
LINE
  5
439
330
7E
100
AcDbEntity
  8
AM_4
100
AcDbLine
 10
31.45
 20
198.4717278376454
 30
0.0
 11
37.02
 21
198.4717278376454
 31
0.0
  0
LINE
  5
43A
330
7E
100
AcDbEntity
  8
AM_4
100
AcDbLine
 10
37.02
 20
198.4590091737236
 30
0.0
 11
31.45
 21
198.4590091737236
 31
0.0
  0
LINE
  5
43B
330
7E
100
AcDbEntity
  8
AM_4
100
AcDbLine
 10
53.95
 20
198.4454720200067
 30
0.0
 11
59.52
 21
198.4454720200067
 31
0.0
  0
LINE
  5
43C
330
7E
100
AcDbEntity
  8
AM_4
100
AcDbLine
 10
59.52
 20
198.4282663973157
 30
0.0
 11
53.95
 21
198.4282663973157
 31
0.0
  0
LINE
  5
43D
330
7E
100
AcDbEntity
  8
AM_4
100
AcDbLine
 10
46.45
 20
198.4454720200067
 30
0.0
 11
52.02
 21
198.4454720200067
 31
0.0
  0
LINE
  5
43E
330
7E
100
AcDbEntity
  8
AM_4
100
AcDbLine
 10
52.02
 20
198.4282663973157
 30
0.0
 11
46.45
 21
198.4282663973157
 31
0.0
  0
LINE
  5
43F
330
7E
100
AcDbEntity
  8
AM_4
100
AcDbLine
 10
38.95
 20
198.4454720200067
 30
0.0
 11
44.52
 21
198.4454720200067
 31
0.0
  0
LINE
  5
440
330
7E
100
AcDbEntity
  8
AM_4
100
AcDbLine
 10
44.52
 20
198.4282663973157
 30
0.0
 11
38.95
 21
198.4282663973157
 31
0.0
  0
LINE
  5
441
330
7E
100
AcDbEntity
  8
AM_4
100
AcDbLine
 10
31.45
 20
198.4454720200067
 30
0.0
 11
37.02
 21
198.4454720200067
 31
0.0
  0
LINE
  5
442
330
7E
100
AcDbEntity
  8
AM_4
100
AcDbLine
 10
37.02
 20
198.4282663973157
 30
0.0
 11
31.45
 21
198.4282663973157
 31
0.0
  0
LINE
  5
443
330
7E
100
AcDbEntity
  8
AM_4
100
AcDbLine
 10
53.95
 20
198.4106695147042
 30
0.0
 11
59.52
 21
198.4106695147042
 31
0.0
  0
LINE
  5
444
330
7E
100
AcDbEntity
  8
AM_4
100
AcDbLine
 10
59.52
 20
198.3889766976025
 30
0.0
 11
53.95
 21
198.3889766976025
 31
0.0
  0
LINE
  5
445
330
7E
100
AcDbEntity
  8
AM_4
100
AcDbLine
 10
46.45
 20
198.4106695147042
 30
0.0
 11
52.02
 21
198.4106695147042
 31
0.0
  0
LINE
  5
446
330
7E
100
AcDbEntity
  8
AM_4
100
AcDbLine
 10
52.02
 20
198.3889766976025
 30
0.0
 11
46.45
 21
198.3889766976025
 31
0.0
  0
LINE
  5
447
330
7E
100
AcDbEntity
  8
AM_4
100
AcDbLine
 10
38.95
 20
198.4106695147042
 30
0.0
 11
44.52
 21
198.4106695147042
 31
0.0
  0
LINE
  5
448
330
7E
100
AcDbEntity
  8
AM_4
100
AcDbLine
 10
44.52
 20
198.3889766976025
 30
0.0
 11
38.95
 21
198.3889766976025
 31
0.0
  0
LINE
  5
449
330
7E
100
AcDbEntity
  8
AM_4
100
AcDbLine
 10
31.45
 20
198.4106695147042
 30
0.0
 11
37.02
 21
198.4106695147042
 31
0.0
  0
LINE
  5
44A
330
7E
100
AcDbEntity
  8
AM_4
100
AcDbLine
 10
37.02
 20
198.3889766976025
 30
0.0
 11
31.45
 21
198.3889766976025
 31
0.0
  0
LINE
  5
44B
330
7E
100
AcDbEntity
  8
AM_4
100
AcDbLine
 10
53.95
 20
198.3673198450878
 30
0.0
 11
59.52
 21
198.3673198450878
 31
0.0
  0
LINE
  5
44C
330
7E
100
AcDbEntity
  8
AM_4
100
AcDbLine
 10
59.52
 20
198.3411395364559
 30
0.0
 11
53.95
 21
198.3411395364559
 31
0.0
  0
LINE
  5
44D
330
7E
100
AcDbEntity
  8
AM_4
100
AcDbLine
 10
46.45
 20
198.3673198450878
 30
0.0
 11
52.02
 21
198.3673198450878
 31
0.0
  0
LINE
  5
44E
330
7E
100
AcDbEntity
  8
AM_4
100
AcDbLine
 10
52.02
 20
198.3411395364559
 30
0.0
 11
46.45
 21
198.3411395364559
 31
0.0
  0
LINE
  5
44F
330
7E
100
AcDbEntity
  8
AM_4
100
AcDbLine
 10
38.95
 20
198.3673198450878
 30
0.0
 11
44.52
 21
198.3673198450878
 31
0.0
  0
LINE
  5
450
330
7E
100
AcDbEntity
  8
AM_4
100
AcDbLine
 10
44.52
 20
198.3411395364559
 30
0.0
 11
38.95
 21
198.3411395364559
 31
0.0
  0
LINE
  5
451
330
7E
100
AcDbEntity
  8
AM_4
100
AcDbLine
 10
31.45
 20
198.3673198450878
 30
0.0
 11
37.02
 21
198.3673198450878
 31
0.0
  0
LINE
  5
452
330
7E
100
AcDbEntity
  8
AM_4
100
AcDbLine
 10
37.02
 20
198.3411395364559
 30
0.0
 11
31.45
 21
198.3411395364559
 31
0.0
  0
LINE
  5
453
330
7E
100
AcDbEntity
  8
AM_4
100
AcDbLine
 10
53.95
 20
198.315422417397
 30
0.0
 11
59.52
 21
198.315422417397
 31
0.0
  0
LINE
  5
454
330
7E
100
AcDbEntity
  8
AM_4
100
AcDbLine
 10
59.52
 20
198.2847542586165
 30
0.0
 11
53.95
 21
198.2847542586165
 31
0.0
  0
LINE
  5
455
330
7E
100
AcDbEntity
  8
AM_4
100
AcDbLine
 10
46.45
 20
198.315422417397
 30
0.0
 11
52.02
 21
198.315422417397
 31
0.0
  0
LINE
  5
456
330
7E
100
AcDbEntity
  8
AM_4
100
AcDbLine
 10
52.02
 20
198.2847542586165
 30
0.0
 11
46.45
 21
198.2847542586165
 31
0.0
  0
LINE
  5
457
330
7E
100
AcDbEntity
  8
AM_4
100
AcDbLine
 10
38.95
 20
198.315422417397
 30
0.0
 11
44.52
 21
198.315422417397
 31
0.0
  0
LINE
  5
458
330
7E
100
AcDbEntity
  8
AM_4
100
AcDbLine
 10
44.52
 20
198.2847542586165
 30
0.0
 11
38.95
 21
198.2847542586165
 31
0.0
  0
LINE
  5
459
330
7E
100
AcDbEntity
  8
AM_4
100
AcDbLine
 10
31.45
 20
198.315422417397
 30
0.0
 11
37.02
 21
198.315422417397
 31
0.0
  0
LINE
  5
45A
330
7E
100
AcDbEntity
  8
AM_4
100
AcDbLine
 10
37.02
 20
198.2847542586165
 30
0.0
 11
31.45
 21
198.2847542586165
 31
0.0
  0
LINE
  5
45B
330
7E
100
AcDbEntity
  8
AM_4
100
AcDbLine
 10
53.95
 20
198.2549765207201
 30
0.0
 11
59.52
 21
198.2549765207201
 31
0.0
  0
LINE
  5
45C
330
7E
100
AcDbEntity
  8
AM_4
100
AcDbLine
 10
59.52
 20
198.2198200916493
 30
0.0
 11
53.95
 21
198.2198200916493
 31
0.0
  0
LINE
  5
45D
330
7E
100
AcDbEntity
  8
AM_4
100
AcDbLine
 10
46.45
 20
198.2549765207201
 30
0.0
 11
52.02
 21
198.2549765207201
 31
0.0
  0
LINE
  5
45E
330
7E
100
AcDbEntity
  8
AM_4
100
AcDbLine
 10
52.02
 20
198.2198200916493
 30
0.0
 11
46.45
 21
198.2198200916493
 31
0.0
  0
LINE
  5
45F
330
7E
100
AcDbEntity
  8
AM_4
100
AcDbLine
 10
38.95
 20
198.2549765207201
 30
0.0
 11
44.52
 21
198.2549765207201
 31
0.0
  0
LINE
  5
460
330
7E
100
AcDbEntity
  8
AM_4
100
AcDbLine
 10
44.52
 20
198.2198200916493
 30
0.0
 11
38.95
 21
198.2198200916493
 31
0.0
  0
LINE
  5
461
330
7E
100
AcDbEntity
  8
AM_4
100
AcDbLine
 10
31.45
 20
198.2549765207201
 30
0.0
 11
37.02
 21
198.2549765207201
 31
0.0
  0
LINE
  5
462
330
7E
100
AcDbEntity
  8
AM_4
100
AcDbLine
 10
37.02
 20
198.2198200916493
 30
0.0
 11
31.45
 21
198.2198200916493
 31
0.0
  0
LINE
  5
463
330
7E
100
AcDbEntity
  8
AM_4
100
AcDbLine
 10
53.95
 20
198.1859813269461
 30
0.0
 11
59.52
 21
198.1859813269461
 31
0.0
  0
LINE
  5
464
330
7E
100
AcDbEntity
  8
AM_4
100
AcDbLine
 10
59.52
 20
198.1463361458912
 30
0.0
 11
53.95
 21
198.1463361458912
 31
0.0
  0
LINE
  5
465
330
7E
100
AcDbEntity
  8
AM_4
100
AcDbLine
 10
46.45
 20
198.1859813269461
 30
0.0
 11
52.02
 21
198.1859813269461
 31
0.0
  0
LINE
  5
466
330
7E
100
AcDbEntity
  8
AM_4
100
AcDbLine
 10
52.02
 20
198.1463361458912
 30
0.0
 11
46.45
 21
198.1463361458912
 31
0.0
  0
LINE
  5
467
330
7E
100
AcDbEntity
  8
AM_4
100
AcDbLine
 10
38.95
 20
198.1859813269461
 30
0.0
 11
44.52
 21
198.1859813269461
 31
0.0
  0
LINE
  5
468
330
7E
100
AcDbEntity
  8
AM_4
100
AcDbLine
 10
44.52
 20
198.1463361458912
 30
0.0
 11
38.95
 21
198.1463361458912
 31
0.0
  0
LINE
  5
469
330
7E
100
AcDbEntity
  8
AM_4
100
AcDbLine
 10
31.45
 20
198.1859813269461
 30
0.0
 11
37.02
 21
198.1859813269461
 31
0.0
  0
LINE
  5
46A
330
7E
100
AcDbEntity
  8
AM_4
100
AcDbLine
 10
37.02
 20
198.1463361458912
 30
0.0
 11
31.45
 21
198.1463361458912
 31
0.0
  0
LINE
  5
46B
330
7E
100
AcDbEntity
  8
AM_4
100
AcDbLine
 10
53.95
 20
198.1084358907069
 30
0.0
 11
59.52
 21
198.1084358907069
 31
0.0
  0
LINE
  5
46C
330
7E
100
AcDbEntity
  8
AM_4
100
AcDbLine
 10
59.52
 20
198.0643014143893
 30
0.0
 11
53.95
 21
198.0643014143893
 31
0.0
  0
LINE
  5
46D
330
7E
100
AcDbEntity
  8
AM_4
100
AcDbLine
 10
46.45
 20
198.1084358907069
 30
0.0
 11
52.02
 21
198.1084358907069
 31
0.0
  0
LINE
  5
46E
330
7E
100
AcDbEntity
  8
AM_4
100
AcDbLine
 10
52.02
 20
198.0643014143893
 30
0.0
 11
46.45
 21
198.0643014143893
 31
0.0
  0
LINE
  5
46F
330
7E
100
AcDbEntity
  8
AM_4
100
AcDbLine
 10
38.95
 20
198.1084358907069
 30
0.0
 11
44.52
 21
198.1084358907069
 31
0.0
  0
LINE
  5
470
330
7E
100
AcDbEntity
  8
AM_4
100
AcDbLine
 10
44.52
 20
198.0643014143893
 30
0.0
 11
38.95
 21
198.0643014143893
 31
0.0
  0
LINE
  5
471
330
7E
100
AcDbEntity
  8
AM_4
100
AcDbLine
 10
31.45
 20
198.1084358907069
 30
0.0
 11
37.02
 21
198.1084358907069
 31
0.0
  0
LINE
  5
472
330
7E
100
AcDbEntity
  8
AM_4
100
AcDbLine
 10
37.02
 20
198.0643014143893
 30
0.0
 11
31.45
 21
198.0643014143893
 31
0.0
  0
LINE
  5
473
330
7E
100
AcDbEntity
  8
AM_4
100
AcDbLine
 10
53.95
 20
198.0223391493142
 30
0.0
 11
59.52
 21
198.0223391493142
 31
0.0
  0
LINE
  5
474
330
7E
100
AcDbEntity
  8
AM_4
100
AcDbLine
 10
59.52
 20
197.9737147728327
 30
0.0
 11
53.95
 21
197.9737147728327
 31
0.0
  0
LINE
  5
475
330
7E
100
AcDbEntity
  8
AM_4
100
AcDbLine
 10
46.45
 20
198.0223391493142
 30
0.0
 11
52.02
 21
198.0223391493142
 31
0.0
  0
LINE
  5
476
330
7E
100
AcDbEntity
  8
AM_4
100
AcDbLine
 10
52.02
 20
197.9737147728327
 30
0.0
 11
46.45
 21
197.9737147728327
 31
0.0
  0
LINE
  5
477
330
7E
100
AcDbEntity
  8
AM_4
100
AcDbLine
 10
38.95
 20
198.0223391493142
 30
0.0
 11
44.52
 21
198.0223391493142
 31
0.0
  0
LINE
  5
478
330
7E
100
AcDbEntity
  8
AM_4
100
AcDbLine
 10
44.52
 20
197.9737147728327
 30
0.0
 11
38.95
 21
197.9737147728327
 31
0.0
  0
LINE
  5
479
330
7E
100
AcDbEntity
  8
AM_4
100
AcDbLine
 10
31.45
 20
198.0223391493142
 30
0.0
 11
37.02
 21
198.0223391493142
 31
0.0
  0
LINE
  5
47A
330
7E
100
AcDbEntity
  8
AM_4
100
AcDbLine
 10
37.02
 20
197.9737147728327
 30
0.0
 11
31.45
 21
197.9737147728327
 31
0.0
  0
LINE
  5
47B
330
7E
100
AcDbEntity
  8
AM_4
100
AcDbLine
 10
53.95
 20
197.9276899226846
 30
0.0
 11
59.52
 21
197.9276899226846
 31
0.0
  0
LINE
  5
47C
330
7E
100
AcDbEntity
  8
AM_4
100
AcDbLine
 10
59.52
 20
197.8745749794745
 30
0.0
 11
53.95
 21
197.8745749794745
 31
0.0
  0
LINE
  5
47D
330
7E
100
AcDbEntity
  8
AM_4
100
AcDbLine
 10
46.45
 20
197.9276899226846
 30
0.0
 11
52.02
 21
197.9276899226846
 31
0.0
  0
LINE
  5
47E
330
7E
100
AcDbEntity
  8
AM_4
100
AcDbLine
 10
52.02
 20
197.8745749794745
 30
0.0
 11
46.45
 21
197.8745749794745
 31
0.0
  0
LINE
  5
47F
330
7E
100
AcDbEntity
  8
AM_4
100
AcDbLine
 10
38.95
 20
197.9276899226846
 30
0.0
 11
44.52
 21
197.9276899226846
 31
0.0
  0
LINE
  5
480
330
7E
100
AcDbEntity
  8
AM_4
100
AcDbLine
 10
44.52
 20
197.8745749794745
 30
0.0
 11
38.95
 21
197.8745749794745
 31
0.0
  0
LINE
  5
481
330
7E
100
AcDbEntity
  8
AM_4
100
AcDbLine
 10
31.45
 20
197.9276899226846
 30
0.0
 11
37.02
 21
197.9276899226846
 31
0.0
  0
LINE
  5
482
330
7E
100
AcDbEntity
  8
AM_4
100
AcDbLine
 10
37.02
 20
197.8745749794745
 30
0.0
 11
31.45
 21
197.8745749794745
 31
0.0
  0
LINE
  5
483
330
7E
100
AcDbEntity
  8
AM_4
100
AcDbLine
 10
53.95
 20
197.82448691326
 30
0.0
 11
59.52
 21
197.82448691326
 31
0.0
  0
LINE
  5
484
330
7E
100
AcDbEntity
  8
AM_4
100
AcDbLine
 10
59.52
 20
197.7668806750471
 30
0.0
 11
53.95
 21
197.7668806750471
 31
0.0
  0
LINE
  5
485
330
7E
100
AcDbEntity
  8
AM_4
100
AcDbLine
 10
46.45
 20
197.82448691326
 30
0.0
 11
52.02
 21
197.82448691326
 31
0.0
  0
LINE
  5
486
330
7E
100
AcDbEntity
  8
AM_4
100
AcDbLine
 10
52.02
 20
197.7668806750471
 30
0.0
 11
46.45
 21
197.7668806750471
 31
0.0
  0
LINE
  5
487
330
7E
100
AcDbEntity
  8
AM_4
100
AcDbLine
 10
38.95
 20
197.82448691326
 30
0.0
 11
44.52
 21
197.82448691326
 31
0.0
  0
LINE
  5
488
330
7E
100
AcDbEntity
  8
AM_4
100
AcDbLine
 10
44.52
 20
197.7668806750471
 30
0.0
 11
38.95
 21
197.7668806750471
 31
0.0
  0
LINE
  5
489
330
7E
100
AcDbEntity
  8
AM_4
100
AcDbLine
 10
31.45
 20
197.82448691326
 30
0.0
 11
37.02
 21
197.82448691326
 31
0.0
  0
LINE
  5
48A
330
7E
100
AcDbEntity
  8
AM_4
100
AcDbLine
 10
37.02
 20
197.7668806750471
 30
0.0
 11
31.45
 21
197.7668806750471
 31
0.0
  0
LINE
  5
48B
330
7E
100
AcDbEntity
  8
AM_4
100
AcDbLine
 10
53.95
 20
197.7127287059187
 30
0.0
 11
59.52
 21
197.7127287059187
 31
0.0
  0
LINE
  5
48C
330
7E
100
AcDbEntity
  8
AM_4
100
AcDbLine
 10
59.52
 20
197.6506303826687
 30
0.0
 11
53.95
 21
197.6506303826687
 31
0.0
  0
LINE
  5
48D
330
7E
100
AcDbEntity
  8
AM_4
100
AcDbLine
 10
46.45
 20
197.7127287059187
 30
0.0
 11
52.02
 21
197.7127287059187
 31
0.0
  0
LINE
  5
48E
330
7E
100
AcDbEntity
  8
AM_4
100
AcDbLine
 10
52.02
 20
197.6506303826687
 30
0.0
 11
46.45
 21
197.6506303826687
 31
0.0
  0
LINE
  5
48F
330
7E
100
AcDbEntity
  8
AM_4
100
AcDbLine
 10
38.95
 20
197.7127287059187
 30
0.0
 11
44.52
 21
197.7127287059187
 31
0.0
  0
LINE
  5
490
330
7E
100
AcDbEntity
  8
AM_4
100
AcDbLine
 10
44.52
 20
197.6506303826687
 30
0.0
 11
38.95
 21
197.6506303826687
 31
0.0
  0
LINE
  5
491
330
7E
100
AcDbEntity
  8
AM_4
100
AcDbLine
 10
31.45
 20
197.7127287059187
 30
0.0
 11
37.02
 21
197.7127287059187
 31
0.0
  0
LINE
  5
492
330
7E
100
AcDbEntity
  8
AM_4
100
AcDbLine
 10
37.02
 20
197.6506303826687
 30
0.0
 11
31.45
 21
197.6506303826687
 31
0.0
  0
LINE
  5
493
330
7E
100
AcDbEntity
  8
AM_4
100
AcDbLine
 10
22.8
 20
197.2377009308813
 30
0.0
 11
10.4
 21
197.2377009308813
 31
0.0
  0
LINE
  5
494
330
7E
100
AcDbEntity
  8
AM_4
100
AcDbLine
 10
0.62800038357625
 20
196.9202892364806
 30
0.0
 11
28.323
 21
196.9202892364806
 31
0.0
  0
LINE
  5
495
330
7E
100
AcDbEntity
  8
AM_4
100
AcDbLine
 10
10.4
 20
198.4999999999998
 30
0.0
 11
0.655574337521287
 21
198.4999999999998
 31
0.0
  0
LINE
  5
496
330
7E
100
AcDbEntity
  8
AM_4
100
AcDbLine
 10
78.01599999999999
 20
198.4999999999998
 30
0.0
 11
78.01599999999999
 21
197.978447231468
 31
0.0
  0
LINE
  5
497
330
7E
100
AcDbEntity
  8
AM_4
100
AcDbLine
 10
1.0
 20
172.2
 30
0.0
 11
1.0
 21
172.4
 31
0.0
  0
LINE
  5
498
330
7E
100
AcDbEntity
  8
AM_4
100
AcDbLine
 10
84.0
 20
172.4
 30
0.0
 11
84.0
 21
172.2
 31
0.0
  0
LINE
  5
499
330
7E
100
AcDbEntity
  8
AM_4
100
AcDbLine
 10
84.3833106218656
 20
196.2722821687114
 30
0.0
 11
28.323
 21
196.2722821687115
 31
0.0
  0
LINE
  5
49A
330
7E
100
AcDbEntity
  8
AM_4
100
AcDbLine
 10
84.34442566247873
 20
198.5000000000002
 30
0.0
 11
84.70400000000001
 21
177.9
 31
0.0
  0
LINE
  5
49B
330
7E
100
AcDbEntity
  8
AM_4
100
AcDbLine
 10
84.39187545325514
 20
195.7816033070319
 30
0.0
 11
28.323
 21
195.7816033070319
 31
0.0
  0
LINE
  5
49C
330
7E
100
AcDbEntity
  8
AM_4
100
AcDbLine
 10
28.323
 20
196.9202892364806
 30
0.0
 11
28.323
 21
178.5
 31
0.0
  0
LINE
  5
49D
330
7E
100
AcDbEntity
  8
AM_4
100
AcDbLine
 10
27.861
 20
178.5
 30
0.0
 11
28.323
 21
178.5
 31
0.0
  0
LINE
  5
49E
330
7E
100
AcDbEntity
  8
AM_4
100
AcDbLine
 10
27.861
 20
178.5
 30
0.0
 11
27.861
 21
191.3
 31
0.0
  0
LINE
  5
49F
330
7E
100
AcDbEntity
  8
AM_4
100
AcDbLine
 10
13.71
 20
191.3
 30
0.0
 11
27.861
 21
191.3
 31
0.0
  0
LINE
  5
4A0
330
7E
100
AcDbEntity
  8
AM_4
100
AcDbLine
 10
13.71
 20
185.3
 30
0.0
 11
13.71
 21
191.3
 31
0.0
  0
LINE
  5
4A1
330
7E
100
AcDbEntity
  8
AM_4
100
AcDbLine
 10
0.425167480468815
 20
185.3
 30
0.0
 11
13.71
 21
185.3
 31
0.0
  0
LINE
  5
4A2
330
7E
100
AcDbEntity
  8
AM_4
100
AcDbLine
 10
4.399999999999984
 20
16.39999999999998
 30
0.0
 11
0.0
 21
16.39999999999998
 31
0.0
  0
ARC
  5
4A3
330
7E
100
AcDbEntity
  8
AM_4
100
AcDbCircle
 10
26.40000000000004
 20
130.67
 30
0.0
 40
0.5000000000000568
100
AcDbArc
 50
90.0
 51
180.0
  0
CIRCLE
  5
4A4
330
7E
100
AcDbEntity
  8
AM_4
100
AcDbCircle
 10
42.00575815636457
 20
114.515
 30
0.0
 40
2.500000000000008
  0
LINE
  5
4A5
330
7E
100
AcDbEntity
  8
AM_4
100
AcDbLine
 10
25.9
 20
85.30000000000001
 30
0.0
 11
25.9
 21
130.67
 31
0.0
  0
ARC
  5
4A6
330
7E
100
AcDbEntity
  8
AM_4
100
AcDbCircle
 10
26.39999999999999
 20
85.3
 30
0.0
 40
0.4999999999999858
100
AcDbArc
 50
180.0
 51
270.0
  0
LINE
  5
4A7
330
7E
100
AcDbEntity
  8
AM_4
100
AcDbLine
 10
32.39999999999999
 20
84.80000000000001
 30
0.0
 11
26.4
 21
84.80000000000001
 31
0.0
  0
ARC
  5
4A8
330
7E
100
AcDbEntity
  8
AM_4
100
AcDbCircle
 10
32.4
 20
85.30000000000001
 30
0.0
 40
0.5
100
AcDbArc
 50
270.0
 51
0.0
  0
LINE
  5
4A9
330
7E
100
AcDbEntity
  8
AM_4
100
AcDbLine
 10
32.9
 20
106.68
 30
0.0
 11
32.9
 21
85.30000000000001
 31
0.0
  0
ARC
  5
4AA
330
7E
100
AcDbEntity
  8
AM_4
100
AcDbCircle
 10
33.1
 20
106.68
 30
0.0
 40
0.2000000000000028
100
AcDbArc
 50
90.0
 51
180.0
  0
LINE
  5
4AB
330
7E
100
AcDbEntity
  8
AM_4
100
AcDbLine
 10
42.48458484734988
 20
106.88
 30
0.0
 11
33.09999999999999
 21
106.88
 31
0.0
  0
ARC
  5
4AC
330
7E
100
AcDbEntity
  8
AM_4
100
AcDbCircle
 10
42.00575815636458
 20
114.515
 30
0.0
 40
7.65
100
AcDbArc
 50
273.5885874242316
 51
86.41141257576686
  0
LINE
  5
4AD
330
7E
100
AcDbEntity
  8
AM_4
100
AcDbLine
 10
33.09999999999996
 20
122.15
 30
0.0
 11
42.48458484735009
 21
122.15
 31
0.0
  0
ARC
  5
4AE
330
7E
100
AcDbEntity
  8
AM_4
100
AcDbCircle
 10
33.09999999999992
 20
122.3499999999999
 30
0.0
 40
0.1999999999999247
100
AcDbArc
 50
180.0
 51
270.0
  0
LINE
  5
4AF
330
7E
100
AcDbEntity
  8
AM_4
100
AcDbLine
 10
32.89999999999999
 20
130.67
 30
0.0
 11
32.9
 21
122.35
 31
0.0
  0
ARC
  5
4B0
330
7E
100
AcDbEntity
  8
AM_4
100
AcDbCircle
 10
32.39999999999996
 20
130.67
 30
0.0
 40
0.5000000000000355
100
AcDbArc
 50
0.0
 51
90.0
  0
LINE
  5
4B1
330
7E
100
AcDbEntity
  8
AM_4
100
AcDbLine
 10
26.4
 20
131.17
 30
0.0
 11
32.4
 21
131.17
 31
0.0
  0
LINE
  5
4B2
330
7E
100
AcDbEntity
  8
AM_4
100
AcDbLine
 10
25.9
 20
149.3
 30
0.0
 11
25.9
 21
140.64
 31
0.0
  0
ARC
  5
4B3
330
7E
100
AcDbEntity
  8
AM_4
100
AcDbCircle
 10
26.39999999999999
 20
140.64
 30
0.0
 40
0.4999999999999893
100
AcDbArc
 50
180.0
 51
270.0
  0
LINE
  5
4B4
330
7E
100
AcDbEntity
  8
AM_4
100
AcDbLine
 10
26.4
 20
140.14
 30
0.0
 11
32.4
 21
140.14
 31
0.0
  0
ARC
  5
4B5
330
7E
100
AcDbEntity
  8
AM_4
100
AcDbCircle
 10
32.4
 20
140.64
 30
0.0
 40
0.5
100
AcDbArc
 50
270.0
 51
0.0
  0
LINE
  5
4B6
330
7E
100
AcDbEntity
  8
AM_4
100
AcDbLine
 10
32.9
 20
140.64
 30
0.0
 11
32.9
 21
149.3
 31
0.0
  0
LINE
  5
4B7
330
7E
100
AcDbEntity
  8
AM_4
100
AcDbLine
 10
73.72621424825628
 20
69.45844729528991
 30
0.0
 11
69.47736864386137
 21
65.20960169089503
 31
0.0
  0
ARC
  5
4B8
330
7E
100
AcDbEntity
  8
AM_4
100
AcDbCircle
 10
51.99999999999994
 20
49.49999999999996
 30
0.0
 40
29.50200000000007
100
AcDbArc
 50
2.428349622171357
 51
42.57165037782884
  0
LINE
  5
4B9
330
7E
100
AcDbEntity
  8
AM_4
100
AcDbLine
 10
75.46673177074302
 20
50.75
 30
0.0
 11
81.47550684890763
 21
50.75
 31
0.0
  0
ARC
  5
4BA
330
7E
100
AcDbEntity
  8
AM_4
100
AcDbCircle
 10
51.99999999999984
 20
49.49999999999995
 30
0.0
 40
23.50000000000016
100
AcDbArc
 50
3.049086815176995
 51
41.95091318482311
  0
LINE
  5
4BB
330
7E
100
AcDbEntity
  8
AM_4
100
AcDbLine
 10
81.47550684890763
 20
48.25
 30
0.0
 11
75.46673177074302
 21
48.25
 31
0.0
  0
ARC
  5
4BC
330
7E
100
AcDbEntity
  8
AM_4
100
AcDbCircle
 10
51.99999999999989
 20
49.50000000000007
 30
0.0
 40
29.50200000000013
100
AcDbArc
 50
317.428349622171
 51
357.5716503778284
  0
LINE
  5
4BD
330
7E
100
AcDbEntity
  8
AM_4
100
AcDbLine
 10
69.47736864386135
 20
33.79039830910497
 30
0.0
 11
73.72621424825626
 21
29.54155270471006
 31
0.0
  0
ARC
  5
4BE
330
7E
100
AcDbEntity
  8
AM_4
100
AcDbCircle
 10
51.9999999999999
 20
49.50000000000004
 30
0.0
 40
23.5000000000001
100
AcDbArc
 50
318.0490868151768
 51
356.950913184823
  0
LINE
  5
4BF
330
7E
100
AcDbEntity
  8
AM_4
100
AcDbLine
 10
71.95844729528994
 20
27.77378575174373
 30
0.0
 11
67.70960169089503
 21
32.02263135613865
 31
0.0
  0
ARC
  5
4C0
330
7E
100
AcDbEntity
  8
AM_4
100
AcDbCircle
 10
51.99999999999978
 20
49.50000000000051
 30
0.0
 40
29.50200000000053
100
AcDbArc
 50
272.4283496221716
 51
312.5716503778285
  0
LINE
  5
4C1
330
7E
100
AcDbEntity
  8
AM_4
100
AcDbLine
 10
53.25
 20
26.033268229257
 30
0.0
 11
53.25
 21
20.02449315109237
 31
0.0
  0
ARC
  5
4C2
330
7E
100
AcDbEntity
  8
AM_4
100
AcDbCircle
 10
52.00000000000019
 20
49.49999999999964
 30
0.0
 40
23.49999999999961
100
AcDbArc
 50
273.0490868151764
 51
311.9509131848235
  0
LINE
  5
4C3
330
7E
100
AcDbEntity
  8
AM_4
100
AcDbLine
 10
50.75
 20
20.02449315109237
 30
0.0
 11
50.75
 21
26.033268229257
 31
0.0
  0
ARC
  5
4C4
330
7E
100
AcDbEntity
  8
AM_4
100
AcDbCircle
 10
52.00000000000011
 20
49.50000000000022
 30
0.0
 40
29.50200000000023
100
AcDbArc
 50
227.4283496221713
 51
267.5716503778287
  0
LINE
  5
4C5
330
7E
100
AcDbEntity
  8
AM_4
100
AcDbLine
 10
36.29039830910497
 20
32.02263135613865
 30
0.0
 11
32.04155270471006
 21
27.77378575174373
 31
0.0
  0
ARC
  5
4C6
330
7E
100
AcDbEntity
  8
AM_4
100
AcDbCircle
 10
51.99999999999979
 20
49.49999999999959
 30
0.0
 40
23.49999999999955
100
AcDbArc
 50
228.0490868151764
 51
266.9509131848237
  0
LINE
  5
4C7
330
7E
100
AcDbEntity
  8
AM_4
100
AcDbLine
 10
30.27378575174372
 20
29.54155270471009
 30
0.0
 11
34.52263135613863
 21
33.790398309105
 31
0.0
  0
ARC
  5
4C8
330
7E
100
AcDbEntity
  8
AM_4
100
AcDbCircle
 10
51.99999999999987
 20
49.49999999999996
 30
0.0
 40
29.50199999999987
100
AcDbArc
 50
182.4283496221709
 51
222.571650377829
  0
LINE
  5
4C9
330
7E
100
AcDbEntity
  8
AM_4
100
AcDbLine
 10
28.53326822925698
 20
48.25
 30
0.0
 11
22.52449315109238
 21
48.25
 31
0.0
  0
ARC
  5
4CA
330
7E
100
AcDbEntity
  8
AM_4
100
AcDbCircle
 10
51.99999999999989
 20
49.49999999999997
 30
0.0
 40
23.49999999999989
100
AcDbArc
 50
183.0490868151765
 51
221.9509131848233
  0
LINE
  5
4CB
330
7E
100
AcDbEntity
  8
AM_4
100
AcDbLine
 10
22.52449315109238
 20
50.75
 30
0.0
 11
28.53326822925698
 21
50.75
 31
0.0
  0
ARC
  5
4CC
330
7E
100
AcDbEntity
  8
AM_4
100
AcDbCircle
 10
51.99999999999979
 20
49.50000000000009
 30
0.0
 40
29.50199999999978
100
AcDbArc
 50
137.428349622171
 51
177.5716503778289
  0
LINE
  5
4CD
330
7E
100
AcDbEntity
  8
AM_4
100
AcDbLine
 10
34.52263135613862
 20
65.209601690895
 30
0.0
 11
30.27378575174372
 21
69.45844729528991
 31
0.0
  0
ARC
  5
4CE
330
7E
100
AcDbEntity
  8
AM_4
100
AcDbCircle
 10
51.99999999999982
 20
49.50000000000007
 30
0.0
 40
23.49999999999981
100
AcDbArc
 50
138.0490868151767
 51
176.9509131848233
  0
LINE
  5
4CF
330
7E
100
AcDbEntity
  8
AM_4
100
AcDbLine
 10
32.04155270471009
 20
71.2262142482563
 30
0.0
 11
36.29039830910499
 21
66.97736864386138
 31
0.0
  0
ARC
  5
4D0
330
7E
100
AcDbEntity
  8
AM_4
100
AcDbCircle
 10
51.99999999999994
 20
49.50000000000017
 30
0.0
 40
29.50199999999984
100
AcDbArc
 50
92.42834962217103
 51
132.571650377829
  0
LINE
  5
4D1
330
7E
100
AcDbEntity
  8
AM_4
100
AcDbLine
 10
50.75
 20
72.96673177074302
 30
0.0
 11
50.75
 21
78.97550684890763
 31
0.0
  0
ARC
  5
4D2
330
7E
100
AcDbEntity
  8
AM_4
100
AcDbCircle
 10
52.00000000000004
 20
49.49999999999988
 30
0.0
 40
23.50000000000012
100
AcDbArc
 50
93.04908681517686
 51
131.9509131848231
  0
ARC
  5
4D3
330
7E
100
AcDbEntity
  8
AM_4
100
AcDbCircle
 10
51.99999999999997
 20
49.49999999999995
 30
0.0
 40
29.50200000000006
100
AcDbArc
 50
47.42834962217115
 51
87.5716503778288
  0
LINE
  5
4D4
330
7E
100
AcDbEntity
  8
AM_4
100
AcDbLine
 10
67.70960169089503
 20
66.97736864386135
 30
0.0
 11
71.95844729528993
 21
71.22621424825628
 31
0.0
  0
ARC
  5
4D5
330
7E
100
AcDbEntity
  8
AM_4
100
AcDbCircle
 10
52.00000000000005
 20
49.50000000000011
 30
0.0
 40
23.49999999999988
100
AcDbArc
 50
48.04908681517662
 51
86.95091318482332
  0
LINE
  5
4D6
330
7E
100
AcDbEntity
  8
AM_4
100
AcDbLine
 10
53.25
 20
78.97550684890763
 30
0.0
 11
53.25
 21
72.96673177074302
 31
0.0
  0
LINE
  5
4D7
330
7E
100
AcDbEntity
  8
AM_4
100
AcDbLine
 10
49.0
 20
83.89999999999999
 30
0.0
 11
45.5
 21
83.9
 31
0.0
  0
LINE
  5
4D8
330
7E
100
AcDbEntity
  8
AM_4
100
AcDbLine
 10
45.5
 20
83.9
 30
0.0
 11
45.5
 21
86.4
 31
0.0
  0
LINE
  5
4D9
330
7E
100
AcDbEntity
  8
AM_4
100
AcDbLine
 10
45.5
 20
86.4
 30
0.0
 11
49.0
 21
86.4
 31
0.0
  0
LINE
  5
4DA
330
7E
100
AcDbEntity
  8
AM_4
100
AcDbLine
 10
49.0
 20
86.4
 30
0.0
 11
49.0
 21
83.89999999999999
 31
0.0
  0
LINE
  5
4DB
330
7E
100
AcDbEntity
  8
AM_4
100
AcDbLine
 10
49.0
 20
92.9
 30
0.0
 11
45.5
 21
92.9
 31
0.0
  0
LINE
  5
4DC
330
7E
100
AcDbEntity
  8
AM_4
100
AcDbLine
 10
45.5
 20
92.9
 30
0.0
 11
45.5
 21
95.4
 31
0.0
  0
LINE
  5
4DD
330
7E
100
AcDbEntity
  8
AM_4
100
AcDbLine
 10
45.5
 20
95.4
 30
0.0
 11
49.0
 21
95.4
 31
0.0
  0
LINE
  5
4DE
330
7E
100
AcDbEntity
  8
AM_4
100
AcDbLine
 10
49.0
 20
95.4
 30
0.0
 11
49.0
 21
92.9
 31
0.0
  0
LINE
  5
4DF
330
7E
100
AcDbEntity
  8
AM_4
100
AcDbLine
 10
57.0
 20
106.4
 30
0.0
 11
53.0
 21
106.4
 31
0.0
  0
LINE
  5
4E0
330
7E
100
AcDbEntity
  8
AM_4
100
AcDbLine
 10
53.0
 20
106.4
 30
0.0
 11
53.0
 21
108.9
 31
0.0
  0
LINE
  5
4E1
330
7E
100
AcDbEntity
  8
AM_4
100
AcDbLine
 10
53.0
 20
108.9
 30
0.0
 11
57.0
 21
108.9
 31
0.0
  0
LINE
  5
4E2
330
7E
100
AcDbEntity
  8
AM_4
100
AcDbLine
 10
57.0
 20
108.9
 30
0.0
 11
57.0
 21
106.4
 31
0.0
  0
LINE
  5
4E3
330
7E
100
AcDbEntity
  8
AM_4
100
AcDbLine
 10
73.0
 20
79.39999999999999
 30
0.0
 11
66.5
 21
79.39999999999999
 31
0.0
  0
LINE
  5
4E4
330
7E
100
AcDbEntity
  8
AM_4
100
AcDbLine
 10
66.5
 20
79.39999999999999
 30
0.0
 11
66.5
 21
81.89999999999999
 31
0.0
  0
LINE
  5
4E5
330
7E
100
AcDbEntity
  8
AM_4
100
AcDbLine
 10
66.5
 20
81.89999999999999
 30
0.0
 11
73.0
 21
81.89999999999999
 31
0.0
  0
LINE
  5
4E6
330
7E
100
AcDbEntity
  8
AM_4
100
AcDbLine
 10
73.0
 20
81.89999999999999
 30
0.0
 11
73.0
 21
79.39999999999999
 31
0.0
  0
LINE
  5
4E7
330
7E
100
AcDbEntity
  8
AM_4
100
AcDbLine
 10
57.0
 20
83.89999999999999
 30
0.0
 11
50.5
 21
83.89999999999999
 31
0.0
  0
LINE
  5
4E8
330
7E
100
AcDbEntity
  8
AM_4
100
AcDbLine
 10
50.5
 20
83.89999999999999
 30
0.0
 11
50.5
 21
86.39999999999999
 31
0.0
  0
LINE
  5
4E9
330
7E
100
AcDbEntity
  8
AM_4
100
AcDbLine
 10
50.5
 20
86.39999999999999
 30
0.0
 11
57.0
 21
86.39999999999999
 31
0.0
  0
LINE
  5
4EA
330
7E
100
AcDbEntity
  8
AM_4
100
AcDbLine
 10
57.0
 20
86.39999999999999
 30
0.0
 11
57.0
 21
83.89999999999999
 31
0.0
  0
LINE
  5
4EB
330
7E
100
AcDbEntity
  8
AM_4
100
AcDbLine
 10
73.0
 20
83.89999999999999
 30
0.0
 11
66.5
 21
83.89999999999999
 31
0.0
  0
LINE
  5
4EC
330
7E
100
AcDbEntity
  8
AM_4
100
AcDbLine
 10
66.5
 20
83.89999999999999
 30
0.0
 11
66.5
 21
86.39999999999999
 31
0.0
  0
LINE
  5
4ED
330
7E
100
AcDbEntity
  8
AM_4
100
AcDbLine
 10
66.5
 20
86.39999999999999
 30
0.0
 11
73.0
 21
86.39999999999999
 31
0.0
  0
LINE
  5
4EE
330
7E
100
AcDbEntity
  8
AM_4
100
AcDbLine
 10
73.0
 20
86.39999999999999
 30
0.0
 11
73.0
 21
83.89999999999999
 31
0.0
  0
LINE
  5
4EF
330
7E
100
AcDbEntity
  8
AM_4
100
AcDbLine
 10
57.0
 20
88.39999999999999
 30
0.0
 11
50.5
 21
88.39999999999999
 31
0.0
  0
LINE
  5
4F0
330
7E
100
AcDbEntity
  8
AM_4
100
AcDbLine
 10
50.5
 20
88.39999999999999
 30
0.0
 11
50.5
 21
90.9
 31
0.0
  0
LINE
  5
4F1
330
7E
100
AcDbEntity
  8
AM_4
100
AcDbLine
 10
50.5
 20
90.9
 30
0.0
 11
57.0
 21
90.9
 31
0.0
  0
LINE
  5
4F2
330
7E
100
AcDbEntity
  8
AM_4
100
AcDbLine
 10
57.0
 20
90.9
 30
0.0
 11
57.0
 21
88.39999999999999
 31
0.0
  0
LINE
  5
4F3
330
7E
100
AcDbEntity
  8
AM_4
100
AcDbLine
 10
73.0
 20
88.39999999999999
 30
0.0
 11
66.5
 21
88.39999999999999
 31
0.0
  0
LINE
  5
4F4
330
7E
100
AcDbEntity
  8
AM_4
100
AcDbLine
 10
66.5
 20
88.39999999999999
 30
0.0
 11
66.5
 21
90.9
 31
0.0
  0
LINE
  5
4F5
330
7E
100
AcDbEntity
  8
AM_4
100
AcDbLine
 10
66.5
 20
90.9
 30
0.0
 11
73.0
 21
90.9
 31
0.0
  0
LINE
  5
4F6
330
7E
100
AcDbEntity
  8
AM_4
100
AcDbLine
 10
73.0
 20
90.9
 30
0.0
 11
73.0
 21
88.39999999999999
 31
0.0
  0
LINE
  5
4F7
330
7E
100
AcDbEntity
  8
AM_4
100
AcDbLine
 10
57.0
 20
92.9
 30
0.0
 11
50.5
 21
92.9
 31
0.0
  0
LINE
  5
4F8
330
7E
100
AcDbEntity
  8
AM_4
100
AcDbLine
 10
50.5
 20
92.9
 30
0.0
 11
50.5
 21
95.4
 31
0.0
  0
LINE
  5
4F9
330
7E
100
AcDbEntity
  8
AM_4
100
AcDbLine
 10
50.5
 20
95.4
 30
0.0
 11
57.0
 21
95.4
 31
0.0
  0
LINE
  5
4FA
330
7E
100
AcDbEntity
  8
AM_4
100
AcDbLine
 10
57.0
 20
95.4
 30
0.0
 11
57.0
 21
92.9
 31
0.0
  0
LINE
  5
4FB
330
7E
100
AcDbEntity
  8
AM_4
100
AcDbLine
 10
73.0
 20
92.9
 30
0.0
 11
66.5
 21
92.9
 31
0.0
  0
LINE
  5
4FC
330
7E
100
AcDbEntity
  8
AM_4
100
AcDbLine
 10
66.5
 20
92.9
 30
0.0
 11
66.5
 21
95.4
 31
0.0
  0
LINE
  5
4FD
330
7E
100
AcDbEntity
  8
AM_4
100
AcDbLine
 10
66.5
 20
95.4
 30
0.0
 11
73.0
 21
95.4
 31
0.0
  0
LINE
  5
4FE
330
7E
100
AcDbEntity
  8
AM_4
100
AcDbLine
 10
73.0
 20
95.4
 30
0.0
 11
73.0
 21
92.9
 31
0.0
  0
LINE
  5
4FF
330
7E
100
AcDbEntity
  8
AM_4
100
AcDbLine
 10
57.0
 20
97.4
 30
0.0
 11
50.5
 21
97.4
 31
0.0
  0
LINE
  5
500
330
7E
100
AcDbEntity
  8
AM_4
100
AcDbLine
 10
50.5
 20
97.4
 30
0.0
 11
50.5
 21
99.9
 31
0.0
  0
LINE
  5
501
330
7E
100
AcDbEntity
  8
AM_4
100
AcDbLine
 10
50.5
 20
99.9
 30
0.0
 11
57.0
 21
99.9
 31
0.0
  0
LINE
  5
502
330
7E
100
AcDbEntity
  8
AM_4
100
AcDbLine
 10
57.0
 20
99.9
 30
0.0
 11
57.0
 21
97.4
 31
0.0
  0
LINE
  5
503
330
7E
100
AcDbEntity
  8
AM_4
100
AcDbLine
 10
73.0
 20
97.4
 30
0.0
 11
66.5
 21
97.4
 31
0.0
  0
LINE
  5
504
330
7E
100
AcDbEntity
  8
AM_4
100
AcDbLine
 10
66.5
 20
97.4
 30
0.0
 11
66.5
 21
99.9
 31
0.0
  0
LINE
  5
505
330
7E
100
AcDbEntity
  8
AM_4
100
AcDbLine
 10
66.5
 20
99.9
 30
0.0
 11
73.0
 21
99.9
 31
0.0
  0
LINE
  5
506
330
7E
100
AcDbEntity
  8
AM_4
100
AcDbLine
 10
73.0
 20
99.9
 30
0.0
 11
73.0
 21
97.4
 31
0.0
  0
LINE
  5
507
330
7E
100
AcDbEntity
  8
AM_4
100
AcDbLine
 10
57.0
 20
101.9
 30
0.0
 11
50.5
 21
101.9
 31
0.0
  0
LINE
  5
508
330
7E
100
AcDbEntity
  8
AM_4
100
AcDbLine
 10
50.5
 20
101.9
 30
0.0
 11
50.5
 21
104.4
 31
0.0
  0
LINE
  5
509
330
7E
100
AcDbEntity
  8
AM_4
100
AcDbLine
 10
50.5
 20
104.4
 30
0.0
 11
57.0
 21
104.4
 31
0.0
  0
LINE
  5
50A
330
7E
100
AcDbEntity
  8
AM_4
100
AcDbLine
 10
57.0
 20
104.4
 30
0.0
 11
57.0
 21
101.9
 31
0.0
  0
LINE
  5
50B
330
7E
100
AcDbEntity
  8
AM_4
100
AcDbLine
 10
73.0
 20
101.9
 30
0.0
 11
66.5
 21
101.9
 31
0.0
  0
LINE
  5
50C
330
7E
100
AcDbEntity
  8
AM_4
100
AcDbLine
 10
66.5
 20
101.9
 30
0.0
 11
66.5
 21
104.4
 31
0.0
  0
LINE
  5
50D
330
7E
100
AcDbEntity
  8
AM_4
100
AcDbLine
 10
66.5
 20
104.4
 30
0.0
 11
73.0
 21
104.4
 31
0.0
  0
LINE
  5
50E
330
7E
100
AcDbEntity
  8
AM_4
100
AcDbLine
 10
73.0
 20
104.4
 30
0.0
 11
73.0
 21
101.9
 31
0.0
  0
LINE
  5
50F
330
7E
100
AcDbEntity
  8
AM_4
100
AcDbLine
 10
65.0
 20
106.4
 30
0.0
 11
58.5
 21
106.4
 31
0.0
  0
LINE
  5
510
330
7E
100
AcDbEntity
  8
AM_4
100
AcDbLine
 10
58.5
 20
106.4
 30
0.0
 11
58.5
 21
108.9
 31
0.0
  0
LINE
  5
511
330
7E
100
AcDbEntity
  8
AM_4
100
AcDbLine
 10
58.5
 20
108.9
 30
0.0
 11
65.0
 21
108.9
 31
0.0
  0
LINE
  5
512
330
7E
100
AcDbEntity
  8
AM_4
100
AcDbLine
 10
65.0
 20
108.9
 30
0.0
 11
65.0
 21
106.4
 31
0.0
  0
LINE
  5
513
330
7E
100
AcDbEntity
  8
AM_4
100
AcDbLine
 10
81.0
 20
106.4
 30
0.0
 11
74.5
 21
106.4
 31
0.0
  0
LINE
  5
514
330
7E
100
AcDbEntity
  8
AM_4
100
AcDbLine
 10
74.5
 20
106.4
 30
0.0
 11
74.5
 21
108.9
 31
0.0
  0
LINE
  5
515
330
7E
100
AcDbEntity
  8
AM_4
100
AcDbLine
 10
74.5
 20
108.9
 30
0.0
 11
81.0
 21
108.9
 31
0.0
  0
LINE
  5
516
330
7E
100
AcDbEntity
  8
AM_4
100
AcDbLine
 10
81.0
 20
108.9
 30
0.0
 11
81.0
 21
106.4
 31
0.0
  0
LINE
  5
517
330
7E
100
AcDbEntity
  8
AM_4
100
AcDbLine
 10
73.0
 20
110.9
 30
0.0
 11
66.5
 21
110.9
 31
0.0
  0
LINE
  5
518
330
7E
100
AcDbEntity
  8
AM_4
100
AcDbLine
 10
66.5
 20
110.9
 30
0.0
 11
66.5
 21
113.4
 31
0.0
  0
LINE
  5
519
330
7E
100
AcDbEntity
  8
AM_4
100
AcDbLine
 10
66.5
 20
113.4
 30
0.0
 11
73.0
 21
113.4
 31
0.0
  0
LINE
  5
51A
330
7E
100
AcDbEntity
  8
AM_4
100
AcDbLine
 10
73.0
 20
113.4
 30
0.0
 11
73.0
 21
110.9
 31
0.0
  0
LINE
  5
51B
330
7E
100
AcDbEntity
  8
AM_4
100
AcDbLine
 10
65.0
 20
115.4
 30
0.0
 11
58.5
 21
115.4
 31
0.0
  0
LINE
  5
51C
330
7E
100
AcDbEntity
  8
AM_4
100
AcDbLine
 10
58.5
 20
115.4
 30
0.0
 11
58.5
 21
117.9
 31
0.0
  0
LINE
  5
51D
330
7E
100
AcDbEntity
  8
AM_4
100
AcDbLine
 10
58.5
 20
117.9
 30
0.0
 11
65.0
 21
117.9
 31
0.0
  0
LINE
  5
51E
330
7E
100
AcDbEntity
  8
AM_4
100
AcDbLine
 10
65.0
 20
117.9
 30
0.0
 11
65.0
 21
115.4
 31
0.0
  0
LINE
  5
51F
330
7E
100
AcDbEntity
  8
AM_4
100
AcDbLine
 10
81.0
 20
115.4
 30
0.0
 11
74.5
 21
115.4
 31
0.0
  0
LINE
  5
520
330
7E
100
AcDbEntity
  8
AM_4
100
AcDbLine
 10
74.5
 20
115.4
 30
0.0
 11
74.5
 21
117.9
 31
0.0
  0
LINE
  5
521
330
7E
100
AcDbEntity
  8
AM_4
100
AcDbLine
 10
74.5
 20
117.9
 30
0.0
 11
81.0
 21
117.9
 31
0.0
  0
LINE
  5
522
330
7E
100
AcDbEntity
  8
AM_4
100
AcDbLine
 10
81.0
 20
117.9
 30
0.0
 11
81.0
 21
115.4
 31
0.0
  0
LINE
  5
523
330
7E
100
AcDbEntity
  8
AM_4
100
AcDbLine
 10
73.0
 20
119.9
 30
0.0
 11
66.5
 21
119.9
 31
0.0
  0
LINE
  5
524
330
7E
100
AcDbEntity
  8
AM_4
100
AcDbLine
 10
66.5
 20
119.9
 30
0.0
 11
66.5
 21
122.4
 31
0.0
  0
LINE
  5
525
330
7E
100
AcDbEntity
  8
AM_4
100
AcDbLine
 10
66.5
 20
122.4
 30
0.0
 11
73.0
 21
122.4
 31
0.0
  0
LINE
  5
526
330
7E
100
AcDbEntity
  8
AM_4
100
AcDbLine
 10
73.0
 20
122.4
 30
0.0
 11
73.0
 21
119.9
 31
0.0
  0
LINE
  5
527
330
7E
100
AcDbEntity
  8
AM_4
100
AcDbLine
 10
57.0
 20
124.4
 30
0.0
 11
50.5
 21
124.4
 31
0.0
  0
LINE
  5
528
330
7E
100
AcDbEntity
  8
AM_4
100
AcDbLine
 10
50.5
 20
124.4
 30
0.0
 11
50.5
 21
126.9
 31
0.0
  0
LINE
  5
529
330
7E
100
AcDbEntity
  8
AM_4
100
AcDbLine
 10
50.5
 20
126.9
 30
0.0
 11
57.0
 21
126.9
 31
0.0
  0
LINE
  5
52A
330
7E
100
AcDbEntity
  8
AM_4
100
AcDbLine
 10
57.0
 20
126.9
 30
0.0
 11
57.0
 21
124.4
 31
0.0
  0
LINE
  5
52B
330
7E
100
AcDbEntity
  8
AM_4
100
AcDbLine
 10
73.0
 20
124.4
 30
0.0
 11
66.5
 21
124.4
 31
0.0
  0
LINE
  5
52C
330
7E
100
AcDbEntity
  8
AM_4
100
AcDbLine
 10
66.5
 20
124.4
 30
0.0
 11
66.5
 21
126.9
 31
0.0
  0
LINE
  5
52D
330
7E
100
AcDbEntity
  8
AM_4
100
AcDbLine
 10
66.5
 20
126.9
 30
0.0
 11
73.0
 21
126.9
 31
0.0
  0
LINE
  5
52E
330
7E
100
AcDbEntity
  8
AM_4
100
AcDbLine
 10
73.0
 20
126.9
 30
0.0
 11
73.0
 21
124.4
 31
0.0
  0
LINE
  5
52F
330
7E
100
AcDbEntity
  8
AM_4
100
AcDbLine
 10
57.0
 20
128.9
 30
0.0
 11
50.5
 21
128.9
 31
0.0
  0
LINE
  5
530
330
7E
100
AcDbEntity
  8
AM_4
100
AcDbLine
 10
50.5
 20
128.9
 30
0.0
 11
50.5
 21
131.4
 31
0.0
  0
LINE
  5
531
330
7E
100
AcDbEntity
  8
AM_4
100
AcDbLine
 10
50.5
 20
131.4
 30
0.0
 11
57.0
 21
131.4
 31
0.0
  0
LINE
  5
532
330
7E
100
AcDbEntity
  8
AM_4
100
AcDbLine
 10
57.0
 20
131.4
 30
0.0
 11
57.0
 21
128.9
 31
0.0
  0
LINE
  5
533
330
7E
100
AcDbEntity
  8
AM_4
100
AcDbLine
 10
73.0
 20
128.9
 30
0.0
 11
66.5
 21
128.9
 31
0.0
  0
LINE
  5
534
330
7E
100
AcDbEntity
  8
AM_4
100
AcDbLine
 10
66.5
 20
128.9
 30
0.0
 11
66.5
 21
131.4
 31
0.0
  0
LINE
  5
535
330
7E
100
AcDbEntity
  8
AM_4
100
AcDbLine
 10
66.5
 20
131.4
 30
0.0
 11
73.0
 21
131.4
 31
0.0
  0
LINE
  5
536
330
7E
100
AcDbEntity
  8
AM_4
100
AcDbLine
 10
73.0
 20
131.4
 30
0.0
 11
73.0
 21
128.9
 31
0.0
  0
LINE
  5
537
330
7E
100
AcDbEntity
  8
AM_4
100
AcDbLine
 10
57.0
 20
133.4
 30
0.0
 11
50.5
 21
133.4
 31
0.0
  0
LINE
  5
538
330
7E
100
AcDbEntity
  8
AM_4
100
AcDbLine
 10
50.5
 20
133.4
 30
0.0
 11
50.5
 21
135.9
 31
0.0
  0
LINE
  5
539
330
7E
100
AcDbEntity
  8
AM_4
100
AcDbLine
 10
50.5
 20
135.9
 30
0.0
 11
57.0
 21
135.9
 31
0.0
  0
LINE
  5
53A
330
7E
100
AcDbEntity
  8
AM_4
100
AcDbLine
 10
57.0
 20
135.9
 30
0.0
 11
57.0
 21
133.4
 31
0.0
  0
LINE
  5
53B
330
7E
100
AcDbEntity
  8
AM_4
100
AcDbLine
 10
73.0
 20
133.4
 30
0.0
 11
66.5
 21
133.4
 31
0.0
  0
LINE
  5
53C
330
7E
100
AcDbEntity
  8
AM_4
100
AcDbLine
 10
66.5
 20
133.4
 30
0.0
 11
66.5
 21
135.9
 31
0.0
  0
LINE
  5
53D
330
7E
100
AcDbEntity
  8
AM_4
100
AcDbLine
 10
66.5
 20
135.9
 30
0.0
 11
73.0
 21
135.9
 31
0.0
  0
LINE
  5
53E
330
7E
100
AcDbEntity
  8
AM_4
100
AcDbLine
 10
73.0
 20
135.9
 30
0.0
 11
73.0
 21
133.4
 31
0.0
  0
LINE
  5
53F
330
7E
100
AcDbEntity
  8
AM_4
100
AcDbLine
 10
57.0
 20
137.9
 30
0.0
 11
50.5
 21
137.9
 31
0.0
  0
LINE
  5
540
330
7E
100
AcDbEntity
  8
AM_4
100
AcDbLine
 10
50.5
 20
137.9
 30
0.0
 11
50.5
 21
140.4
 31
0.0
  0
LINE
  5
541
330
7E
100
AcDbEntity
  8
AM_4
100
AcDbLine
 10
50.5
 20
140.4
 30
0.0
 11
57.0
 21
140.4
 31
0.0
  0
LINE
  5
542
330
7E
100
AcDbEntity
  8
AM_4
100
AcDbLine
 10
57.0
 20
140.4
 30
0.0
 11
57.0
 21
137.9
 31
0.0
  0
LINE
  5
543
330
7E
100
AcDbEntity
  8
AM_4
100
AcDbLine
 10
73.0
 20
137.9
 30
0.0
 11
66.5
 21
137.9
 31
0.0
  0
LINE
  5
544
330
7E
100
AcDbEntity
  8
AM_4
100
AcDbLine
 10
66.5
 20
137.9
 30
0.0
 11
66.5
 21
140.4
 31
0.0
  0
LINE
  5
545
330
7E
100
AcDbEntity
  8
AM_4
100
AcDbLine
 10
66.5
 20
140.4
 30
0.0
 11
73.0
 21
140.4
 31
0.0
  0
LINE
  5
546
330
7E
100
AcDbEntity
  8
AM_4
100
AcDbLine
 10
73.0
 20
140.4
 30
0.0
 11
73.0
 21
137.9
 31
0.0
  0
LINE
  5
547
330
7E
100
AcDbEntity
  8
AM_4
100
AcDbLine
 10
57.0
 20
142.4
 30
0.0
 11
50.5
 21
142.4
 31
0.0
  0
LINE
  5
548
330
7E
100
AcDbEntity
  8
AM_4
100
AcDbLine
 10
50.5
 20
142.4
 30
0.0
 11
50.5
 21
144.9
 31
0.0
  0
LINE
  5
549
330
7E
100
AcDbEntity
  8
AM_4
100
AcDbLine
 10
50.5
 20
144.9
 30
0.0
 11
57.0
 21
144.9
 31
0.0
  0
LINE
  5
54A
330
7E
100
AcDbEntity
  8
AM_4
100
AcDbLine
 10
57.0
 20
144.9
 30
0.0
 11
57.0
 21
142.4
 31
0.0
  0
LINE
  5
54B
330
7E
100
AcDbEntity
  8
AM_4
100
AcDbLine
 10
73.0
 20
142.4
 30
0.0
 11
66.5
 21
142.4
 31
0.0
  0
LINE
  5
54C
330
7E
100
AcDbEntity
  8
AM_4
100
AcDbLine
 10
66.5
 20
142.4
 30
0.0
 11
66.5
 21
144.9
 31
0.0
  0
LINE
  5
54D
330
7E
100
AcDbEntity
  8
AM_4
100
AcDbLine
 10
66.5
 20
144.9
 30
0.0
 11
73.0
 21
144.9
 31
0.0
  0
LINE
  5
54E
330
7E
100
AcDbEntity
  8
AM_4
100
AcDbLine
 10
73.0
 20
144.9
 30
0.0
 11
73.0
 21
142.4
 31
0.0
  0
LINE
  5
54F
330
7E
100
AcDbEntity
  8
AM_4
100
AcDbLine
 10
81.0
 20
142.4
 30
0.0
 11
74.5
 21
142.4
 31
0.0
  0
LINE
  5
550
330
7E
100
AcDbEntity
  8
AM_4
100
AcDbLine
 10
74.5
 20
142.4
 30
0.0
 11
74.5
 21
144.9
 31
0.0
  0
LINE
  5
551
330
7E
100
AcDbEntity
  8
AM_4
100
AcDbLine
 10
74.5
 20
144.9
 30
0.0
 11
81.0
 21
144.9
 31
0.0
  0
LINE
  5
552
330
7E
100
AcDbEntity
  8
AM_4
100
AcDbLine
 10
81.0
 20
144.9
 30
0.0
 11
81.0
 21
142.4
 31
0.0
  0
LINE
  5
553
330
7E
100
AcDbEntity
  8
AM_4
100
AcDbLine
 10
65.0
 20
142.4
 30
0.0
 11
58.5
 21
142.4
 31
0.0
  0
LINE
  5
554
330
7E
100
AcDbEntity
  8
AM_4
100
AcDbLine
 10
58.5
 20
142.4
 30
0.0
 11
58.5
 21
144.9
 31
0.0
  0
LINE
  5
555
330
7E
100
AcDbEntity
  8
AM_4
100
AcDbLine
 10
58.5
 20
144.9
 30
0.0
 11
65.0
 21
144.9
 31
0.0
  0
LINE
  5
556
330
7E
100
AcDbEntity
  8
AM_4
100
AcDbLine
 10
65.0
 20
144.9
 30
0.0
 11
65.0
 21
142.4
 31
0.0
  0
LINE
  5
557
330
7E
100
AcDbEntity
  8
AM_4
100
AcDbLine
 10
81.0
 20
137.9
 30
0.0
 11
74.5
 21
137.9
 31
0.0
  0
LINE
  5
558
330
7E
100
AcDbEntity
  8
AM_4
100
AcDbLine
 10
74.5
 20
137.9
 30
0.0
 11
74.5
 21
140.4
 31
0.0
  0
LINE
  5
559
330
7E
100
AcDbEntity
  8
AM_4
100
AcDbLine
 10
74.5
 20
140.4
 30
0.0
 11
81.0
 21
140.4
 31
0.0
  0
LINE
  5
55A
330
7E
100
AcDbEntity
  8
AM_4
100
AcDbLine
 10
81.0
 20
140.4
 30
0.0
 11
81.0
 21
137.9
 31
0.0
  0
LINE
  5
55B
330
7E
100
AcDbEntity
  8
AM_4
100
AcDbLine
 10
65.0
 20
137.9
 30
0.0
 11
58.5
 21
137.9
 31
0.0
  0
LINE
  5
55C
330
7E
100
AcDbEntity
  8
AM_4
100
AcDbLine
 10
58.5
 20
137.9
 30
0.0
 11
58.5
 21
140.4
 31
0.0
  0
LINE
  5
55D
330
7E
100
AcDbEntity
  8
AM_4
100
AcDbLine
 10
58.5
 20
140.4
 30
0.0
 11
65.0
 21
140.4
 31
0.0
  0
LINE
  5
55E
330
7E
100
AcDbEntity
  8
AM_4
100
AcDbLine
 10
65.0
 20
140.4
 30
0.0
 11
65.0
 21
137.9
 31
0.0
  0
LINE
  5
55F
330
7E
100
AcDbEntity
  8
AM_4
100
AcDbLine
 10
81.0
 20
133.4
 30
0.0
 11
74.5
 21
133.4
 31
0.0
  0
LINE
  5
560
330
7E
100
AcDbEntity
  8
AM_4
100
AcDbLine
 10
74.5
 20
133.4
 30
0.0
 11
74.5
 21
135.9
 31
0.0
  0
LINE
  5
561
330
7E
100
AcDbEntity
  8
AM_4
100
AcDbLine
 10
74.5
 20
135.9
 30
0.0
 11
81.0
 21
135.9
 31
0.0
  0
LINE
  5
562
330
7E
100
AcDbEntity
  8
AM_4
100
AcDbLine
 10
81.0
 20
135.9
 30
0.0
 11
81.0
 21
133.4
 31
0.0
  0
LINE
  5
563
330
7E
100
AcDbEntity
  8
AM_4
100
AcDbLine
 10
65.0
 20
133.4
 30
0.0
 11
58.5
 21
133.4
 31
0.0
  0
LINE
  5
564
330
7E
100
AcDbEntity
  8
AM_4
100
AcDbLine
 10
58.5
 20
133.4
 30
0.0
 11
58.5
 21
135.9
 31
0.0
  0
LINE
  5
565
330
7E
100
AcDbEntity
  8
AM_4
100
AcDbLine
 10
58.5
 20
135.9
 30
0.0
 11
65.0
 21
135.9
 31
0.0
  0
LINE
  5
566
330
7E
100
AcDbEntity
  8
AM_4
100
AcDbLine
 10
65.0
 20
135.9
 30
0.0
 11
65.0
 21
133.4
 31
0.0
  0
LINE
  5
567
330
7E
100
AcDbEntity
  8
AM_4
100
AcDbLine
 10
81.0
 20
128.9
 30
0.0
 11
74.5
 21
128.9
 31
0.0
  0
LINE
  5
568
330
7E
100
AcDbEntity
  8
AM_4
100
AcDbLine
 10
74.5
 20
128.9
 30
0.0
 11
74.5
 21
131.4
 31
0.0
  0
LINE
  5
569
330
7E
100
AcDbEntity
  8
AM_4
100
AcDbLine
 10
74.5
 20
131.4
 30
0.0
 11
81.0
 21
131.4
 31
0.0
  0
LINE
  5
56A
330
7E
100
AcDbEntity
  8
AM_4
100
AcDbLine
 10
81.0
 20
131.4
 30
0.0
 11
81.0
 21
128.9
 31
0.0
  0
LINE
  5
56B
330
7E
100
AcDbEntity
  8
AM_4
100
AcDbLine
 10
65.0
 20
128.9
 30
0.0
 11
58.5
 21
128.9
 31
0.0
  0
LINE
  5
56C
330
7E
100
AcDbEntity
  8
AM_4
100
AcDbLine
 10
58.5
 20
128.9
 30
0.0
 11
58.5
 21
131.4
 31
0.0
  0
LINE
  5
56D
330
7E
100
AcDbEntity
  8
AM_4
100
AcDbLine
 10
58.5
 20
131.4
 30
0.0
 11
65.0
 21
131.4
 31
0.0
  0
LINE
  5
56E
330
7E
100
AcDbEntity
  8
AM_4
100
AcDbLine
 10
65.0
 20
131.4
 30
0.0
 11
65.0
 21
128.9
 31
0.0
  0
LINE
  5
56F
330
7E
100
AcDbEntity
  8
AM_4
100
AcDbLine
 10
81.0
 20
124.4
 30
0.0
 11
74.5
 21
124.4
 31
0.0
  0
LINE
  5
570
330
7E
100
AcDbEntity
  8
AM_4
100
AcDbLine
 10
74.5
 20
124.4
 30
0.0
 11
74.5
 21
126.9
 31
0.0
  0
LINE
  5
571
330
7E
100
AcDbEntity
  8
AM_4
100
AcDbLine
 10
74.5
 20
126.9
 30
0.0
 11
81.0
 21
126.9
 31
0.0
  0
LINE
  5
572
330
7E
100
AcDbEntity
  8
AM_4
100
AcDbLine
 10
81.0
 20
126.9
 30
0.0
 11
81.0
 21
124.4
 31
0.0
  0
LINE
  5
573
330
7E
100
AcDbEntity
  8
AM_4
100
AcDbLine
 10
65.0
 20
124.4
 30
0.0
 11
58.5
 21
124.4
 31
0.0
  0
LINE
  5
574
330
7E
100
AcDbEntity
  8
AM_4
100
AcDbLine
 10
58.5
 20
124.4
 30
0.0
 11
58.5
 21
126.9
 31
0.0
  0
LINE
  5
575
330
7E
100
AcDbEntity
  8
AM_4
100
AcDbLine
 10
58.5
 20
126.9
 30
0.0
 11
65.0
 21
126.9
 31
0.0
  0
LINE
  5
576
330
7E
100
AcDbEntity
  8
AM_4
100
AcDbLine
 10
65.0
 20
126.9
 30
0.0
 11
65.0
 21
124.4
 31
0.0
  0
LINE
  5
577
330
7E
100
AcDbEntity
  8
AM_4
100
AcDbLine
 10
81.0
 20
119.9
 30
0.0
 11
74.5
 21
119.9
 31
0.0
  0
LINE
  5
578
330
7E
100
AcDbEntity
  8
AM_4
100
AcDbLine
 10
74.5
 20
119.9
 30
0.0
 11
74.5
 21
122.4
 31
0.0
  0
LINE
  5
579
330
7E
100
AcDbEntity
  8
AM_4
100
AcDbLine
 10
74.5
 20
122.4
 30
0.0
 11
81.0
 21
122.4
 31
0.0
  0
LINE
  5
57A
330
7E
100
AcDbEntity
  8
AM_4
100
AcDbLine
 10
81.0
 20
122.4
 30
0.0
 11
81.0
 21
119.9
 31
0.0
  0
LINE
  5
57B
330
7E
100
AcDbEntity
  8
AM_4
100
AcDbLine
 10
65.0
 20
119.9
 30
0.0
 11
58.5
 21
119.9
 31
0.0
  0
LINE
  5
57C
330
7E
100
AcDbEntity
  8
AM_4
100
AcDbLine
 10
58.5
 20
119.9
 30
0.0
 11
58.5
 21
122.4
 31
0.0
  0
LINE
  5
57D
330
7E
100
AcDbEntity
  8
AM_4
100
AcDbLine
 10
58.5
 20
122.4
 30
0.0
 11
65.0
 21
122.4
 31
0.0
  0
LINE
  5
57E
330
7E
100
AcDbEntity
  8
AM_4
100
AcDbLine
 10
65.0
 20
122.4
 30
0.0
 11
65.0
 21
119.9
 31
0.0
  0
LINE
  5
57F
330
7E
100
AcDbEntity
  8
AM_4
100
AcDbLine
 10
73.0
 20
115.4
 30
0.0
 11
66.5
 21
115.4
 31
0.0
  0
LINE
  5
580
330
7E
100
AcDbEntity
  8
AM_4
100
AcDbLine
 10
66.5
 20
115.4
 30
0.0
 11
66.5
 21
117.9
 31
0.0
  0
LINE
  5
581
330
7E
100
AcDbEntity
  8
AM_4
100
AcDbLine
 10
66.5
 20
117.9
 30
0.0
 11
73.0
 21
117.9
 31
0.0
  0
LINE
  5
582
330
7E
100
AcDbEntity
  8
AM_4
100
AcDbLine
 10
73.0
 20
117.9
 30
0.0
 11
73.0
 21
115.4
 31
0.0
  0
LINE
  5
583
330
7E
100
AcDbEntity
  8
AM_4
100
AcDbLine
 10
81.0
 20
110.9
 30
0.0
 11
74.5
 21
110.9
 31
0.0
  0
LINE
  5
584
330
7E
100
AcDbEntity
  8
AM_4
100
AcDbLine
 10
74.5
 20
110.9
 30
0.0
 11
74.5
 21
113.4
 31
0.0
  0
LINE
  5
585
330
7E
100
AcDbEntity
  8
AM_4
100
AcDbLine
 10
74.5
 20
113.4
 30
0.0
 11
81.0
 21
113.4
 31
0.0
  0
LINE
  5
586
330
7E
100
AcDbEntity
  8
AM_4
100
AcDbLine
 10
81.0
 20
113.4
 30
0.0
 11
81.0
 21
110.9
 31
0.0
  0
LINE
  5
587
330
7E
100
AcDbEntity
  8
AM_4
100
AcDbLine
 10
65.0
 20
110.9
 30
0.0
 11
58.5
 21
110.9
 31
0.0
  0
LINE
  5
588
330
7E
100
AcDbEntity
  8
AM_4
100
AcDbLine
 10
58.5
 20
110.9
 30
0.0
 11
58.5
 21
113.4
 31
0.0
  0
LINE
  5
589
330
7E
100
AcDbEntity
  8
AM_4
100
AcDbLine
 10
58.5
 20
113.4
 30
0.0
 11
65.0
 21
113.4
 31
0.0
  0
LINE
  5
58A
330
7E
100
AcDbEntity
  8
AM_4
100
AcDbLine
 10
65.0
 20
113.4
 30
0.0
 11
65.0
 21
110.9
 31
0.0
  0
LINE
  5
58B
330
7E
100
AcDbEntity
  8
AM_4
100
AcDbLine
 10
73.0
 20
106.4
 30
0.0
 11
66.5
 21
106.4
 31
0.0
  0
LINE
  5
58C
330
7E
100
AcDbEntity
  8
AM_4
100
AcDbLine
 10
66.5
 20
106.4
 30
0.0
 11
66.5
 21
108.9
 31
0.0
  0
LINE
  5
58D
330
7E
100
AcDbEntity
  8
AM_4
100
AcDbLine
 10
66.5
 20
108.9
 30
0.0
 11
73.0
 21
108.9
 31
0.0
  0
LINE
  5
58E
330
7E
100
AcDbEntity
  8
AM_4
100
AcDbLine
 10
73.0
 20
108.9
 30
0.0
 11
73.0
 21
106.4
 31
0.0
  0
LINE
  5
58F
330
7E
100
AcDbEntity
  8
AM_4
100
AcDbLine
 10
81.0
 20
101.9
 30
0.0
 11
74.5
 21
101.9
 31
0.0
  0
LINE
  5
590
330
7E
100
AcDbEntity
  8
AM_4
100
AcDbLine
 10
74.5
 20
101.9
 30
0.0
 11
74.5
 21
104.4
 31
0.0
  0
LINE
  5
591
330
7E
100
AcDbEntity
  8
AM_4
100
AcDbLine
 10
74.5
 20
104.4
 30
0.0
 11
81.0
 21
104.4
 31
0.0
  0
LINE
  5
592
330
7E
100
AcDbEntity
  8
AM_4
100
AcDbLine
 10
81.0
 20
104.4
 30
0.0
 11
81.0
 21
101.9
 31
0.0
  0
LINE
  5
593
330
7E
100
AcDbEntity
  8
AM_4
100
AcDbLine
 10
65.0
 20
101.9
 30
0.0
 11
58.5
 21
101.9
 31
0.0
  0
LINE
  5
594
330
7E
100
AcDbEntity
  8
AM_4
100
AcDbLine
 10
58.5
 20
101.9
 30
0.0
 11
58.5
 21
104.4
 31
0.0
  0
LINE
  5
595
330
7E
100
AcDbEntity
  8
AM_4
100
AcDbLine
 10
58.5
 20
104.4
 30
0.0
 11
65.0
 21
104.4
 31
0.0
  0
LINE
  5
596
330
7E
100
AcDbEntity
  8
AM_4
100
AcDbLine
 10
65.0
 20
104.4
 30
0.0
 11
65.0
 21
101.9
 31
0.0
  0
LINE
  5
597
330
7E
100
AcDbEntity
  8
AM_4
100
AcDbLine
 10
81.0
 20
97.4
 30
0.0
 11
74.5
 21
97.4
 31
0.0
  0
LINE
  5
598
330
7E
100
AcDbEntity
  8
AM_4
100
AcDbLine
 10
74.5
 20
97.4
 30
0.0
 11
74.5
 21
99.9
 31
0.0
  0
LINE
  5
599
330
7E
100
AcDbEntity
  8
AM_4
100
AcDbLine
 10
74.5
 20
99.9
 30
0.0
 11
81.0
 21
99.9
 31
0.0
  0
LINE
  5
59A
330
7E
100
AcDbEntity
  8
AM_4
100
AcDbLine
 10
81.0
 20
99.9
 30
0.0
 11
81.0
 21
97.4
 31
0.0
  0
LINE
  5
59B
330
7E
100
AcDbEntity
  8
AM_4
100
AcDbLine
 10
65.0
 20
97.4
 30
0.0
 11
58.5
 21
97.4
 31
0.0
  0
LINE
  5
59C
330
7E
100
AcDbEntity
  8
AM_4
100
AcDbLine
 10
58.5
 20
97.4
 30
0.0
 11
58.5
 21
99.9
 31
0.0
  0
LINE
  5
59D
330
7E
100
AcDbEntity
  8
AM_4
100
AcDbLine
 10
58.5
 20
99.9
 30
0.0
 11
65.0
 21
99.9
 31
0.0
  0
LINE
  5
59E
330
7E
100
AcDbEntity
  8
AM_4
100
AcDbLine
 10
65.0
 20
99.9
 30
0.0
 11
65.0
 21
97.4
 31
0.0
  0
LINE
  5
59F
330
7E
100
AcDbEntity
  8
AM_4
100
AcDbLine
 10
81.0
 20
92.9
 30
0.0
 11
74.5
 21
92.9
 31
0.0
  0
LINE
  5
5A0
330
7E
100
AcDbEntity
  8
AM_4
100
AcDbLine
 10
74.5
 20
92.9
 30
0.0
 11
74.5
 21
95.4
 31
0.0
  0
LINE
  5
5A1
330
7E
100
AcDbEntity
  8
AM_4
100
AcDbLine
 10
74.5
 20
95.4
 30
0.0
 11
81.0
 21
95.4
 31
0.0
  0
LINE
  5
5A2
330
7E
100
AcDbEntity
  8
AM_4
100
AcDbLine
 10
81.0
 20
95.4
 30
0.0
 11
81.0
 21
92.9
 31
0.0
  0
LINE
  5
5A3
330
7E
100
AcDbEntity
  8
AM_4
100
AcDbLine
 10
65.0
 20
92.9
 30
0.0
 11
58.5
 21
92.9
 31
0.0
  0
LINE
  5
5A4
330
7E
100
AcDbEntity
  8
AM_4
100
AcDbLine
 10
58.5
 20
92.9
 30
0.0
 11
58.5
 21
95.4
 31
0.0
  0
LINE
  5
5A5
330
7E
100
AcDbEntity
  8
AM_4
100
AcDbLine
 10
58.5
 20
95.4
 30
0.0
 11
65.0
 21
95.4
 31
0.0
  0
LINE
  5
5A6
330
7E
100
AcDbEntity
  8
AM_4
100
AcDbLine
 10
65.0
 20
95.4
 30
0.0
 11
65.0
 21
92.9
 31
0.0
  0
LINE
  5
5A7
330
7E
100
AcDbEntity
  8
AM_4
100
AcDbLine
 10
81.0
 20
88.39999999999999
 30
0.0
 11
74.5
 21
88.39999999999999
 31
0.0
  0
LINE
  5
5A8
330
7E
100
AcDbEntity
  8
AM_4
100
AcDbLine
 10
74.5
 20
88.39999999999999
 30
0.0
 11
74.5
 21
90.9
 31
0.0
  0
LINE
  5
5A9
330
7E
100
AcDbEntity
  8
AM_4
100
AcDbLine
 10
74.5
 20
90.9
 30
0.0
 11
81.0
 21
90.9
 31
0.0
  0
LINE
  5
5AA
330
7E
100
AcDbEntity
  8
AM_4
100
AcDbLine
 10
81.0
 20
90.9
 30
0.0
 11
81.0
 21
88.39999999999999
 31
0.0
  0
LINE
  5
5AB
330
7E
100
AcDbEntity
  8
AM_4
100
AcDbLine
 10
65.0
 20
88.39999999999999
 30
0.0
 11
58.5
 21
88.39999999999999
 31
0.0
  0
LINE
  5
5AC
330
7E
100
AcDbEntity
  8
AM_4
100
AcDbLine
 10
58.5
 20
88.39999999999999
 30
0.0
 11
58.5
 21
90.9
 31
0.0
  0
LINE
  5
5AD
330
7E
100
AcDbEntity
  8
AM_4
100
AcDbLine
 10
58.5
 20
90.9
 30
0.0
 11
65.0
 21
90.9
 31
0.0
  0
LINE
  5
5AE
330
7E
100
AcDbEntity
  8
AM_4
100
AcDbLine
 10
65.0
 20
90.9
 30
0.0
 11
65.0
 21
88.39999999999999
 31
0.0
  0
LINE
  5
5AF
330
7E
100
AcDbEntity
  8
AM_4
100
AcDbLine
 10
81.0
 20
83.89999999999999
 30
0.0
 11
74.5
 21
83.89999999999999
 31
0.0
  0
LINE
  5
5B0
330
7E
100
AcDbEntity
  8
AM_4
100
AcDbLine
 10
74.5
 20
83.89999999999999
 30
0.0
 11
74.5
 21
86.39999999999999
 31
0.0
  0
LINE
  5
5B1
330
7E
100
AcDbEntity
  8
AM_4
100
AcDbLine
 10
74.5
 20
86.39999999999999
 30
0.0
 11
81.0
 21
86.39999999999999
 31
0.0
  0
LINE
  5
5B2
330
7E
100
AcDbEntity
  8
AM_4
100
AcDbLine
 10
81.0
 20
86.39999999999999
 30
0.0
 11
81.0
 21
83.89999999999999
 31
0.0
  0
LINE
  5
5B3
330
7E
100
AcDbEntity
  8
AM_4
100
AcDbLine
 10
65.0
 20
83.89999999999999
 30
0.0
 11
58.5
 21
83.89999999999999
 31
0.0
  0
LINE
  5
5B4
330
7E
100
AcDbEntity
  8
AM_4
100
AcDbLine
 10
58.5
 20
83.89999999999999
 30
0.0
 11
58.5
 21
86.39999999999999
 31
0.0
  0
LINE
  5
5B5
330
7E
100
AcDbEntity
  8
AM_4
100
AcDbLine
 10
58.5
 20
86.39999999999999
 30
0.0
 11
65.0
 21
86.39999999999999
 31
0.0
  0
LINE
  5
5B6
330
7E
100
AcDbEntity
  8
AM_4
100
AcDbLine
 10
65.0
 20
86.39999999999999
 30
0.0
 11
65.0
 21
83.89999999999999
 31
0.0
  0
LINE
  5
5B7
330
7E
100
AcDbEntity
  8
AM_4
100
AcDbLine
 10
81.0
 20
79.39999999999999
 30
0.0
 11
74.5
 21
79.39999999999999
 31
0.0
  0
LINE
  5
5B8
330
7E
100
AcDbEntity
  8
AM_4
100
AcDbLine
 10
74.5
 20
79.39999999999999
 30
0.0
 11
74.5
 21
81.89999999999999
 31
0.0
  0
LINE
  5
5B9
330
7E
100
AcDbEntity
  8
AM_4
100
AcDbLine
 10
74.5
 20
81.89999999999999
 30
0.0
 11
81.0
 21
81.89999999999999
 31
0.0
  0
LINE
  5
5BA
330
7E
100
AcDbEntity
  8
AM_4
100
AcDbLine
 10
81.0
 20
81.89999999999999
 30
0.0
 11
81.0
 21
79.39999999999999
 31
0.0
  0
LINE
  5
5BB
330
7E
100
AcDbEntity
  8
AM_4
100
AcDbLine
 10
57.0
 20
119.9
 30
0.0
 11
53.0
 21
119.9
 31
0.0
  0
LINE
  5
5BC
330
7E
100
AcDbEntity
  8
AM_4
100
AcDbLine
 10
53.0
 20
119.9
 30
0.0
 11
53.0
 21
122.4
 31
0.0
  0
LINE
  5
5BD
330
7E
100
AcDbEntity
  8
AM_4
100
AcDbLine
 10
53.0
 20
122.4
 30
0.0
 11
57.0
 21
122.4
 31
0.0
  0
LINE
  5
5BE
330
7E
100
AcDbEntity
  8
AM_4
100
AcDbLine
 10
57.0
 20
122.4
 30
0.0
 11
57.0
 21
119.9
 31
0.0
  0
LINE
  5
5BF
330
7E
100
AcDbEntity
  8
AM_4
100
AcDbLine
 10
49.0
 20
97.4
 30
0.0
 11
45.5
 21
97.4
 31
0.0
  0
LINE
  5
5C0
330
7E
100
AcDbEntity
  8
AM_4
100
AcDbLine
 10
45.5
 20
97.4
 30
0.0
 11
45.5
 21
99.9
 31
0.0
  0
LINE
  5
5C1
330
7E
100
AcDbEntity
  8
AM_4
100
AcDbLine
 10
45.5
 20
99.9
 30
0.0
 11
49.0
 21
99.9
 31
0.0
  0
LINE
  5
5C2
330
7E
100
AcDbEntity
  8
AM_4
100
AcDbLine
 10
49.0
 20
99.9
 30
0.0
 11
49.0
 21
97.4
 31
0.0
  0
LINE
  5
5C3
330
7E
100
AcDbEntity
  8
AM_4
100
AcDbLine
 10
49.0
 20
88.39999999999999
 30
0.0
 11
45.5
 21
88.39999999999999
 31
0.0
  0
LINE
  5
5C4
330
7E
100
AcDbEntity
  8
AM_4
100
AcDbLine
 10
45.5
 20
88.39999999999999
 30
0.0
 11
45.5
 21
90.9
 31
0.0
  0
LINE
  5
5C5
330
7E
100
AcDbEntity
  8
AM_4
100
AcDbLine
 10
45.5
 20
90.9
 30
0.0
 11
49.0
 21
90.9
 31
0.0
  0
LINE
  5
5C6
330
7E
100
AcDbEntity
  8
AM_4
100
AcDbLine
 10
49.0
 20
90.9
 30
0.0
 11
49.0
 21
88.39999999999999
 31
0.0
  0
LINE
  5
5C7
330
7E
100
AcDbEntity
  8
AM_4
100
AcDbLine
 10
41.9
 20
130.139
 30
0.0
 11
38.4
 21
130.139
 31
0.0
  0
LINE
  5
5C8
330
7E
100
AcDbEntity
  8
AM_4
100
AcDbLine
 10
38.4
 20
130.139
 30
0.0
 11
38.4
 21
141.139
 31
0.0
  0
LINE
  5
5C9
330
7E
100
AcDbEntity
  8
AM_4
100
AcDbLine
 10
38.4
 20
141.139
 30
0.0
 11
41.9
 21
141.139
 31
0.0
  0
LINE
  5
5CA
330
7E
100
AcDbEntity
  8
AM_4
100
AcDbLine
 10
41.9
 20
141.139
 30
0.0
 11
41.9
 21
130.139
 31
0.0
  0
LINE
  5
5CB
330
7E
100
AcDbEntity
  8
AM_4
100
AcDbLine
 10
67.70679648304164
 20
63.43902953007532
 30
0.0
 11
63.45359255478803
 21
59.1858256018217
 31
0.0
  0
ARC
  5
5CC
330
7E
100
AcDbEntity
  8
AM_4
100
AcDbCircle
 10
51.99999999999999
 20
49.50000000000004
 30
0.0
 40
21.00000000000001
100
AcDbArc
 50
3.412480210152687
 51
41.58751978984726
  0
LINE
  5
5CD
330
7E
100
AcDbEntity
  8
AM_4
100
AcDbLine
 10
66.94782592887674
 20
50.75
 30
0.0
 11
72.96276460775152
 21
50.75
 31
0.0
  0
ARC
  5
5CE
330
7E
100
AcDbEntity
  8
AM_4
100
AcDbCircle
 10
51.99999999999994
 20
49.50000000000003
 30
0.0
 40
15.00000000000005
100
AcDbArc
 50
4.780191847199041
 51
40.21980815280072
  0
LINE
  5
5CF
330
7E
100
AcDbEntity
  8
AM_4
100
AcDbLine
 10
72.96276460775152
 20
48.25
 30
0.0
 11
66.94782592887674
 21
48.25
 31
0.0
  0
ARC
  5
5D0
330
7E
100
AcDbEntity
  8
AM_4
100
AcDbCircle
 10
51.99999999999986
 20
49.50000000000006
 30
0.0
 40
21.00000000000014
100
AcDbArc
 50
318.4124802101528
 51
356.5875197898472
  0
LINE
  5
5D1
330
7E
100
AcDbEntity
  8
AM_4
100
AcDbLine
 10
63.45359255478802
 20
39.81417439817832
 30
0.0
 11
67.70679648304163
 21
35.56097046992471
 31
0.0
  0
ARC
  5
5D2
330
7E
100
AcDbEntity
  8
AM_4
100
AcDbCircle
 10
51.99999999999999
 20
49.5
 30
0.0
 40
15.0
100
AcDbArc
 50
319.7801918471991
 51
355.2198081528009
  0
LINE
  5
5D3
330
7E
100
AcDbEntity
  8
AM_4
100
AcDbLine
 10
65.93902953007529
 20
33.79320351695839
 30
0.0
 11
61.68582560182168
 21
38.04640744521197
 31
0.0
  0
ARC
  5
5D4
330
7E
100
AcDbEntity
  8
AM_4
100
AcDbCircle
 10
52.00000000000012
 20
49.49999999999965
 30
0.0
 40
20.99999999999964
100
AcDbArc
 50
273.4124802101525
 51
311.5875197898477
  0
LINE
  5
5D5
330
7E
100
AcDbEntity
  8
AM_4
100
AcDbLine
 10
53.25
 20
34.55217407112326
 30
0.0
 11
53.25
 21
28.53723539224848
 31
0.0
  0
ARC
  5
5D6
330
7E
100
AcDbEntity
  8
AM_4
100
AcDbCircle
 10
52.0
 20
49.50000000000003
 30
0.0
 40
15.00000000000002
100
AcDbArc
 50
274.7801918471991
 51
310.2198081528009
  0
LINE
  5
5D7
330
7E
100
AcDbEntity
  8
AM_4
100
AcDbLine
 10
50.75
 20
28.53723539224848
 30
0.0
 11
50.75
 21
34.55217407112326
 31
0.0
  0
ARC
  5
5D8
330
7E
100
AcDbEntity
  8
AM_4
100
AcDbCircle
 10
51.99999999999986
 20
49.49999999999964
 30
0.0
 40
20.99999999999963
100
AcDbArc
 50
228.4124802101522
 51
266.5875197898476
  0
LINE
  5
5D9
330
7E
100
AcDbEntity
  8
AM_4
100
AcDbLine
 10
42.31417439817831
 20
38.04640744521197
 30
0.0
 11
38.0609704699247
 21
33.79320351695839
 31
0.0
  0
ARC
  5
5DA
330
7E
100
AcDbEntity
  8
AM_4
100
AcDbCircle
 10
51.99999999999995
 20
49.49999999999996
 30
0.0
 40
14.99999999999995
100
AcDbArc
 50
229.7801918471991
 51
265.219808152801
  0
LINE
  5
5DB
330
7E
100
AcDbEntity
  8
AM_4
100
AcDbLine
 10
36.29320351695836
 20
35.56097046992471
 30
0.0
 11
40.54640744521197
 21
39.81417439817835
 31
0.0
  0
ARC
  5
5DC
330
7E
100
AcDbEntity
  8
AM_4
100
AcDbCircle
 10
52.00000000000007
 20
49.50000000000003
 30
0.0
 40
21.00000000000008
100
AcDbArc
 50
183.4124802101528
 51
221.5875197898472
  0
LINE
  5
5DD
330
7E
100
AcDbEntity
  8
AM_4
100
AcDbLine
 10
37.05217407112325
 20
48.25
 30
0.0
 11
31.03723539224847
 21
48.25
 31
0.0
  0
ARC
  5
5DE
330
7E
100
AcDbEntity
  8
AM_4
100
AcDbCircle
 10
51.99999999999984
 20
49.49999999999996
 30
0.0
 40
14.99999999999983
100
AcDbArc
 50
184.7801918471991
 51
220.2198081528011
  0
LINE
  5
5DF
330
7E
100
AcDbEntity
  8
AM_4
100
AcDbLine
 10
31.03723539224847
 20
50.75
 30
0.0
 11
37.05217407112325
 21
50.75
 31
0.0
  0
ARC
  5
5E0
330
7E
100
AcDbEntity
  8
AM_4
100
AcDbCircle
 10
51.99999999999995
 20
49.50000000000003
 30
0.0
 40
20.99999999999995
100
AcDbArc
 50
138.4124802101527
 51
176.5875197898473
  0
LINE
  5
5E1
330
7E
100
AcDbEntity
  8
AM_4
100
AcDbLine
 10
40.54640744521196
 20
59.18582560182168
 30
0.0
 11
36.29320351695835
 21
63.43902953007529
 31
0.0
  0
ARC
  5
5E2
330
7E
100
AcDbEntity
  8
AM_4
100
AcDbCircle
 10
51.99999999999994
 20
49.50000000000004
 30
0.0
 40
14.99999999999994
100
AcDbArc
 50
139.7801918471991
 51
175.2198081528009
  0
LINE
  5
5E3
330
7E
100
AcDbEntity
  8
AM_4
100
AcDbLine
 10
38.06097046992472
 20
65.20679648304167
 30
0.0
 11
42.31417439817832
 21
60.95359255478803
 31
0.0
  0
ARC
  5
5E4
330
7E
100
AcDbEntity
  8
AM_4
100
AcDbCircle
 10
52.00000000000016
 20
49.49999999999964
 30
0.0
 40
21.00000000000039
100
AcDbArc
 50
93.41248021015309
 51
131.5875197898469
  0
LINE
  5
5E5
330
7E
100
AcDbEntity
  8
AM_4
100
AcDbLine
 10
50.75
 20
64.44782592887677
 30
0.0
 11
50.75
 21
70.46276460775155
 31
0.0
  0
ARC
  5
5E6
330
7E
100
AcDbEntity
  8
AM_4
100
AcDbCircle
 10
52.00000000000014
 20
49.49999999999975
 30
0.0
 40
15.00000000000028
100
AcDbArc
 50
94.78019184719963
 51
130.2198081528007
  0
ARC
  5
5E7
330
7E
100
AcDbEntity
  8
AM_4
100
AcDbCircle
 10
51.99999999999993
 20
49.4999999999999
 30
0.0
 40
21.00000000000013
100
AcDbArc
 50
48.41248021015272
 51
86.58751978984712
  0
LINE
  5
5E8
330
7E
100
AcDbEntity
  8
AM_4
100
AcDbLine
 10
61.68582560182169
 20
60.953592554788
 30
0.0
 11
65.93902953007529
 21
65.20679648304164
 31
0.0
  0
ARC
  5
5E9
330
7E
100
AcDbEntity
  8
AM_4
100
AcDbCircle
 10
51.99999999999994
 20
49.5
 30
0.0
 40
15.00000000000003
100
AcDbArc
 50
49.78019184719884
 51
85.21980815280064
  0
LINE
  5
5EA
330
7E
100
AcDbEntity
  8
AM_4
100
AcDbLine
 10
53.25
 20
70.46276460775155
 30
0.0
 11
53.25
 21
64.44782592887677
 31
0.0
  0
LINE
  5
5EB
330
7E
100
AcDbEntity
  8
AM_4
100
AcDbLine
 10
61.6784130261521
 20
57.4106460731858
 30
0.0
 11
57.39428811465035
 21
53.12652116168402
 31
0.0
  0
ARC
  5
5EC
330
7E
100
AcDbEntity
  8
AM_4
100
AcDbCircle
 10
52.0000000000001
 20
49.50000000000009
 30
0.0
 40
12.49999999999989
100
AcDbArc
 50
5.739170477266462
 51
39.26082952273345
  0
LINE
  5
5ED
330
7E
100
AcDbEntity
  8
AM_4
100
AcDbLine
 10
58.37867541108654
 20
50.75
 30
0.0
 11
64.43734296383275
 21
50.75
 31
0.0
  0
ARC
  5
5EE
330
7E
100
AcDbEntity
  8
AM_4
100
AcDbCircle
 10
51.99999999999967
 20
49.49999999999987
 30
0.0
 40
6.500000000000349
100
AcDbArc
 50
11.08748921097119
 51
33.912510789029
  0
LINE
  5
5EF
330
7E
100
AcDbEntity
  8
AM_4
100
AcDbLine
 10
64.43734296383275
 20
48.25
 30
0.0
 11
58.37867541108654
 21
48.25
 31
0.0
  0
ARC
  5
5F0
330
7E
100
AcDbEntity
  8
AM_4
100
AcDbCircle
 10
51.9999999999998
 20
49.50000000000006
 30
0.0
 40
12.5000000000002
100
AcDbArc
 50
320.7391704772671
 51
354.2608295227329
  0
LINE
  5
5F1
330
7E
100
AcDbEntity
  8
AM_4
100
AcDbLine
 10
57.39428811465035
 20
45.87347883831598
 30
0.0
 11
61.6784130261521
 21
41.58935392681423
 31
0.0
  0
ARC
  5
5F2
330
7E
100
AcDbEntity
  8
AM_4
100
AcDbCircle
 10
51.99999999999967
 20
49.50000000000013
 30
0.0
 40
6.500000000000349
100
AcDbArc
 50
326.087489210971
 51
348.9125107890288
  0
LINE
  5
5F3
330
7E
100
AcDbEntity
  8
AM_4
100
AcDbLine
 10
59.91064607318575
 20
39.8215869738479
 30
0.0
 11
55.626521161684
 21
44.10571188534965
 31
0.0
  0
ARC
  5
5F4
330
7E
100
AcDbEntity
  8
AM_4
100
AcDbCircle
 10
52.00000000000006
 20
49.49999999999983
 30
0.0
 40
12.49999999999982
100
AcDbArc
 50
275.7391704772666
 51
309.2608295227336
  0
LINE
  5
5F5
330
7E
100
AcDbEntity
  8
AM_4
100
AcDbLine
 10
53.25
 20
43.12132458891347
 30
0.0
 11
53.25
 21
37.06265703616725
 31
0.0
  0
ARC
  5
5F6
330
7E
100
AcDbEntity
  8
AM_4
100
AcDbCircle
 10
51.99999999999996
 20
49.50000000000004
 30
0.0
 40
6.500000000000044
100
AcDbArc
 50
281.0874892109709
 51
303.9125107890295
  0
LINE
  5
5F7
330
7E
100
AcDbEntity
  8
AM_4
100
AcDbLine
 10
50.75
 20
37.06265703616725
 30
0.0
 11
50.75
 21
43.12132458891347
 31
0.0
  0
ARC
  5
5F8
330
7E
100
AcDbEntity
  8
AM_4
100
AcDbCircle
 10
51.99999999999994
 20
49.49999999999987
 30
0.0
 40
12.49999999999987
100
AcDbArc
 50
230.7391704772665
 51
264.2608295227333
  0
LINE
  5
5F9
330
7E
100
AcDbEntity
  8
AM_4
100
AcDbLine
 10
48.37347883831598
 20
44.10571188534968
 30
0.0
 11
44.08935392681423
 21
39.8215869738479
 31
0.0
  0
ARC
  5
5FA
330
7E
100
AcDbEntity
  8
AM_4
100
AcDbCircle
 10
51.99999999999982
 20
49.49999999999947
 30
0.0
 40
6.499999999999448
100
AcDbArc
 50
236.087489210969
 51
258.9125107890301
  0
LINE
  5
5FB
330
7E
100
AcDbEntity
  8
AM_4
100
AcDbLine
 10
42.32158697384789
 20
41.58935392681425
 30
0.0
 11
46.60571188534963
 21
45.873478838316
 31
0.0
  0
ARC
  5
5FC
330
7E
100
AcDbEntity
  8
AM_4
100
AcDbCircle
 10
52.00000000000024
 20
49.5000000000001
 30
0.0
 40
12.50000000000025
100
AcDbArc
 50
185.7391704772672
 51
219.2608295227328
  0
LINE
  5
5FD
330
7E
100
AcDbEntity
  8
AM_4
100
AcDbLine
 10
45.62132458891346
 20
48.25
 30
0.0
 11
39.56265703616725
 21
48.25
 31
0.0
  0
ARC
  5
5FE
330
7E
100
AcDbEntity
  8
AM_4
100
AcDbCircle
 10
51.99999999999962
 20
49.49999999999984
 30
0.0
 40
6.499999999999604
100
AcDbArc
 50
191.0874892109699
 51
213.9125107890301
  0
LINE
  5
5FF
330
7E
100
AcDbEntity
  8
AM_4
100
AcDbLine
 10
39.56265703616725
 20
50.75
 30
0.0
 11
45.62132458891346
 21
50.75
 31
0.0
  0
ARC
  5
600
330
7E
100
AcDbEntity
  8
AM_4
100
AcDbCircle
 10
51.99999999999985
 20
49.50000000000006
 30
0.0
 40
12.49999999999984
100
AcDbArc
 50
140.7391704772666
 51
174.2608295227334
  0
LINE
  5
601
330
7E
100
AcDbEntity
  8
AM_4
100
AcDbLine
 10
46.60571188534963
 20
53.126521161684
 30
0.0
 11
42.32158697384789
 21
57.41064607318575
 31
0.0
  0
ARC
  5
602
330
7E
100
AcDbEntity
  8
AM_4
100
AcDbCircle
 10
51.99999999999962
 20
49.50000000000016
 30
0.0
 40
6.499999999999597
100
AcDbArc
 50
146.0874892109699
 51
168.9125107890301
  0
LINE
  5
603
330
7E
100
AcDbEntity
  8
AM_4
100
AcDbLine
 10
44.08935392681425
 20
59.1784130261521
 30
0.0
 11
48.373478838316
 21
54.89428811465035
 31
0.0
  0
ARC
  5
604
330
7E
100
AcDbEntity
  8
AM_4
100
AcDbCircle
 10
51.99999999999993
 20
49.50000000000021
 30
0.0
 40
12.49999999999978
100
AcDbArc
 50
95.73917047726657
 51
129.2608295227336
  0
LINE
  5
605
330
7E
100
AcDbEntity
  8
AM_4
100
AcDbLine
 10
50.75
 20
55.87867541108653
 30
0.0
 11
50.75
 21
61.93734296383275
 31
0.0
  0
ARC
  5
606
330
7E
100
AcDbEntity
  8
AM_4
100
AcDbCircle
 10
52.00000000000006
 20
49.49999999999984
 30
0.0
 40
6.500000000000162
100
AcDbArc
 50
101.0874892109709
 51
123.9125107890292
  0
ARC
  5
607
330
7E
100
AcDbEntity
  8
AM_4
100
AcDbCircle
 10
52.00000000000005
 20
49.50000000000011
 30
0.0
 40
12.49999999999989
100
AcDbArc
 50
50.73917047726655
 51
84.2608295227334
  0
LINE
  5
608
330
7E
100
AcDbEntity
  8
AM_4
100
AcDbLine
 10
55.62652116168402
 20
54.89428811465035
 30
0.0
 11
59.91064607318577
 21
59.1784130261521
 31
0.0
  0
ARC
  5
609
330
7E
100
AcDbEntity
  8
AM_4
100
AcDbCircle
 10
51.99999999999998
 20
49.49999999999991
 30
0.0
 40
6.500000000000091
100
AcDbArc
 50
56.08748921097069
 51
78.91251078902935
  0
LINE
  5
60A
330
7E
100
AcDbEntity
  8
AM_4
100
AcDbLine
 10
53.25
 20
61.93734296383275
 30
0.0
 11
53.25
 21
55.87867541108653
 31
0.0
  0
LINE
  5
60B
330
7E
100
AcDbEntity
  8
AM_4
100
AcDbLine
 10
33.4
 20
149.3
 30
0.0
 11
33.4
 21
122.85
 31
0.0
  0
ARC
  5
60C
330
7E
100
AcDbEntity
  8
AM_4
100
AcDbCircle
 10
33.59999999999992
 20
122.8499999999999
 30
0.0
 40
0.1999999999999247
100
AcDbArc
 50
180.0
 51
270.0
  0
LINE
  5
60D
330
7E
100
AcDbEntity
  8
AM_4
100
AcDbLine
 10
33.59999999999996
 20
122.65
 30
0.0
 11
42.5
 21
122.65
 31
0.0
  0
ARC
  5
60E
330
7E
100
AcDbEntity
  8
AM_4
100
AcDbCircle
 10
42.00575815636458
 20
114.515
 30
0.0
 40
8.149999999999999
100
AcDbArc
 50
273.4767309801056
 51
86.52326901989277
  0
LINE
  5
60F
330
7E
100
AcDbEntity
  8
AM_4
100
AcDbLine
 10
42.49999999999977
 20
106.38
 30
0.0
 11
33.59999999999999
 21
106.38
 31
0.0
  0
ARC
  5
610
330
7E
100
AcDbEntity
  8
AM_4
100
AcDbCircle
 10
33.6
 20
106.18
 30
0.0
 40
0.2000000000000028
100
AcDbArc
 50
90.0
 51
180.0
  0
LINE
  5
611
330
7E
100
AcDbEntity
  8
AM_4
100
AcDbLine
 10
33.4
 20
106.18
 30
0.0
 11
33.4
 21
84.80000000000001
 31
0.0
  0
ARC
  5
612
330
7E
100
AcDbEntity
  8
AM_4
100
AcDbCircle
 10
32.89999999999998
 20
84.80000000000001
 30
0.0
 40
0.5000000000000142
100
AcDbArc
 50
270.0
 51
0.0
  0
LINE
  5
613
330
7E
100
AcDbEntity
  8
AM_4
100
AcDbLine
 10
32.89999999999999
 20
84.3
 30
0.0
 11
14.2
 21
84.3
 31
0.0
  0
ARC
  5
614
330
7E
100
AcDbEntity
  8
AM_4
100
AcDbCircle
 10
14.19999999999997
 20
84.10000000000002
 30
0.0
 40
0.1999999999999744
100
AcDbArc
 50
90.0
 51
180.0
  0
LINE
  5
615
330
7E
100
AcDbEntity
  8
AM_4
100
AcDbLine
 10
14.0
 20
84.10000000000002
 30
0.0
 11
14.0
 21
60.88313775496141
 31
0.0
  0
ARC
  5
616
330
7E
100
AcDbEntity
  8
AM_4
100
AcDbCircle
 10
14.20000000000008
 20
60.88313775496146
 30
0.0
 40
0.200000000000081
100
AcDbArc
 50
180.0
 51
267.9999999999784
  0
LINE
  5
617
330
7E
100
AcDbEntity
  8
AM_4
100
AcDbLine
 10
14.1930201006595
 20
60.68325958955757
 30
0.0
 11
18.51744974835125
 21
60.53224717864725
 31
0.0
  0
ARC
  5
618
330
7E
100
AcDbEntity
  8
AM_4
100
AcDbCircle
 10
18.50000000000006
 20
60.03255176513777
 30
0.0
 40
0.4999999999999325
100
AcDbArc
 50
0.0
 51
88.00000000000628
  0
LINE
  5
619
330
7E
100
AcDbEntity
  8
AM_4
100
AcDbLine
 10
18.99999999999999
 20
60.03255176513775
 30
0.0
 11
19.0
 21
59.34744823486227
 31
0.0
  0
ARC
  5
61A
330
7E
100
AcDbEntity
  8
AM_4
100
AcDbCircle
 10
18.49999999999995
 20
59.34744823486231
 30
0.0
 40
0.5000000000000459
100
AcDbArc
 50
272.0000000000059
 51
0.0
  0
LINE
  5
61B
330
7E
100
AcDbEntity
  8
AM_4
100
AcDbLine
 10
18.51744974835125
 20
58.84775282135271
 30
0.0
 11
14.1930201006595
 21
58.6967404104424
 31
0.0
  0
ARC
  5
61C
330
7E
100
AcDbEntity
  8
AM_4
100
AcDbCircle
 10
14.20000000000003
 20
58.49686224503854
 30
0.0
 40
0.2000000000000483
100
AcDbArc
 50
92.00000000000662
 51
180.0
  0
LINE
  5
61D
330
7E
100
AcDbEntity
  8
AM_4
100
AcDbLine
 10
14.0
 20
53.0
 30
0.0
 11
17.5
 21
53.0
 31
0.0
  0
LINE
  5
61E
330
7E
100
AcDbEntity
  8
AM_4
100
AcDbLine
 10
17.5
 20
53.0
 30
0.0
 11
17.5
 21
46.0
 31
0.0
  0
LINE
  5
61F
330
7E
100
AcDbEntity
  8
AM_4
100
AcDbLine
 10
17.5
 20
46.0
 30
0.0
 11
14.0
 21
46.0
 31
0.0
  0
LINE
  5
620
330
7E
100
AcDbEntity
  8
AM_4
100
AcDbLine
 10
13.99999999999998
 20
58.4968622450385
 30
0.0
 11
14.0
 21
40.01000000000002
 31
0.0
  0
LINE
  5
621
330
7E
100
AcDbEntity
  8
AM_4
100
AcDbLine
 10
14.0
 20
40.01000000000002
 30
0.0
 11
16.56093467170257
 21
39.69555676083399
 31
0.0
  0
ARC
  5
622
330
7E
100
AcDbEntity
  8
AM_4
100
AcDbCircle
 10
16.49999999999992
 20
39.19928368501324
 30
0.0
 40
0.500000000000103
100
AcDbArc
 50
0.0
 51
82.99999999999216
  0
LINE
  5
623
330
7E
100
AcDbEntity
  8
AM_4
100
AcDbLine
 10
17.00000000000002
 20
39.19928368501323
 30
0.0
 11
17.0
 21
33.32071631498667
 31
0.0
  0
ARC
  5
624
330
7E
100
AcDbEntity
  8
AM_4
100
AcDbCircle
 10
16.49999999999999
 20
33.32071631498669
 30
0.0
 40
0.5000000000000145
100
AcDbArc
 50
277.0000000000009
 51
0.0
  0
LINE
  5
625
330
7E
100
AcDbEntity
  8
AM_4
100
AcDbLine
 10
16.56093467170257
 20
32.82444323916602
 30
0.0
 11
14.0
 21
32.50999999999996
 31
0.0
  0
LINE
  5
626
330
7E
100
AcDbEntity
  8
AM_4
100
AcDbLine
 10
14.0
 20
32.50999999999996
 30
0.0
 11
14.0
 21
17.0
 31
0.0
  0
ARC
  5
627
330
7E
100
AcDbEntity
  8
AM_4
100
AcDbCircle
 10
84.80000000000008
 20
70.12917960675013
 30
0.0
 40
0.1999999999999176
100
AcDbArc
 50
0.0
 51
73.39845040099588
  0
ARC
  5
628
330
7E
100
AcDbEntity
  8
AM_4
100
AcDbCircle
 10
85.00000000000004
 20
70.8
 30
0.0
 40
0.5000000000000093
100
AcDbArc
 50
106.6015495990245
 51
253.3984504009755
  0
ARC
  5
629
330
7E
100
AcDbEntity
  8
AM_4
100
AcDbCircle
 10
84.80000000000003
 20
71.4708203932499
 30
0.0
 40
0.1999999999999578
100
AcDbArc
 50
286.6015495990174
 51
0.0
  0
LINE
  5
62A
330
7E
100
AcDbEntity
  8
AM_4
100
AcDbLine
 10
85.0
 20
72.12917960675004
 30
0.0
 11
84.99999999999999
 21
71.47082039324988
 31
0.0
  0
ARC
  5
62B
330
7E
100
AcDbEntity
  8
AM_4
100
AcDbCircle
 10
84.80000000000003
 20
72.12917960675007
 30
0.0
 40
0.1999999999999744
100
AcDbArc
 50
0.0
 51
73.39845040098376
  0
ARC
  5
62C
330
7E
100
AcDbEntity
  8
AM_4
100
AcDbCircle
 10
85.00000000000001
 20
72.8
 30
0.0
 40
0.5000000000000012
100
AcDbArc
 50
106.6015495990214
 51
253.398450400979
  0
ARC
  5
62D
330
7E
100
AcDbEntity
  8
AM_4
100
AcDbCircle
 10
84.8
 20
73.47082039324992
 30
0.0
 40
0.1999999999999931
100
AcDbArc
 50
286.6015495990229
 51
359.764973987091
  0
LINE
  5
62E
330
7E
100
AcDbEntity
  8
AM_4
100
AcDbLine
 10
20.5
 20
101.9
 30
0.0
 11
16.5
 21
101.9
 31
0.0
  0
LINE
  5
62F
330
7E
100
AcDbEntity
  8
AM_4
100
AcDbLine
 10
16.5
 20
101.9
 30
0.0
 11
16.5
 21
104.4
 31
0.0
  0
LINE
  5
630
330
7E
100
AcDbEntity
  8
AM_4
100
AcDbLine
 10
16.5
 20
104.4
 30
0.0
 11
20.5
 21
104.4
 31
0.0
  0
LINE
  5
631
330
7E
100
AcDbEntity
  8
AM_4
100
AcDbLine
 10
20.5
 20
104.4
 30
0.0
 11
20.5
 21
101.9
 31
0.0
  0
LINE
  5
632
330
7E
100
AcDbEntity
  8
AM_4
100
AcDbLine
 10
20.5
 20
110.9
 30
0.0
 11
16.5
 21
110.9
 31
0.0
  0
LINE
  5
633
330
7E
100
AcDbEntity
  8
AM_4
100
AcDbLine
 10
16.5
 20
110.9
 30
0.0
 11
16.5
 21
113.4
 31
0.0
  0
LINE
  5
634
330
7E
100
AcDbEntity
  8
AM_4
100
AcDbLine
 10
16.5
 20
113.4
 30
0.0
 11
20.5
 21
113.4
 31
0.0
  0
LINE
  5
635
330
7E
100
AcDbEntity
  8
AM_4
100
AcDbLine
 10
20.5
 20
113.4
 30
0.0
 11
20.5
 21
110.9
 31
0.0
  0
LINE
  5
636
330
7E
100
AcDbEntity
  8
AM_4
100
AcDbLine
 10
15.0
 20
88.39999999999999
 30
0.0
 11
8.5
 21
88.4
 31
0.0
  0
LINE
  5
637
330
7E
100
AcDbEntity
  8
AM_4
100
AcDbLine
 10
8.5
 20
88.4
 30
0.0
 11
8.5
 21
90.9
 31
0.0
  0
LINE
  5
638
330
7E
100
AcDbEntity
  8
AM_4
100
AcDbLine
 10
8.5
 20
90.9
 30
0.0
 11
15.0
 21
90.9
 31
0.0
  0
LINE
  5
639
330
7E
100
AcDbEntity
  8
AM_4
100
AcDbLine
 10
15.0
 20
90.9
 30
0.0
 11
15.0
 21
88.39999999999999
 31
0.0
  0
LINE
  5
63A
330
7E
100
AcDbEntity
  8
AM_4
100
AcDbLine
 10
15.0
 20
97.4
 30
0.0
 11
8.5
 21
97.4
 31
0.0
  0
LINE
  5
63B
330
7E
100
AcDbEntity
  8
AM_4
100
AcDbLine
 10
8.5
 20
97.4
 30
0.0
 11
8.5
 21
99.9
 31
0.0
  0
LINE
  5
63C
330
7E
100
AcDbEntity
  8
AM_4
100
AcDbLine
 10
8.5
 20
99.9
 30
0.0
 11
15.0
 21
99.9
 31
0.0
  0
LINE
  5
63D
330
7E
100
AcDbEntity
  8
AM_4
100
AcDbLine
 10
15.0
 20
99.9
 30
0.0
 11
15.0
 21
97.4
 31
0.0
  0
LINE
  5
63E
330
7E
100
AcDbEntity
  8
AM_4
100
AcDbLine
 10
15.0
 20
106.4
 30
0.0
 11
8.5
 21
106.4
 31
0.0
  0
LINE
  5
63F
330
7E
100
AcDbEntity
  8
AM_4
100
AcDbLine
 10
8.5
 20
106.4
 30
0.0
 11
8.5
 21
108.9
 31
0.0
  0
LINE
  5
640
330
7E
100
AcDbEntity
  8
AM_4
100
AcDbLine
 10
8.5
 20
108.9
 30
0.0
 11
15.0
 21
108.9
 31
0.0
  0
LINE
  5
641
330
7E
100
AcDbEntity
  8
AM_4
100
AcDbLine
 10
15.0
 20
108.9
 30
0.0
 11
15.0
 21
106.4
 31
0.0
  0
LINE
  5
642
330
7E
100
AcDbEntity
  8
AM_4
100
AcDbLine
 10
15.0
 20
115.4
 30
0.0
 11
8.5
 21
115.4
 31
0.0
  0
LINE
  5
643
330
7E
100
AcDbEntity
  8
AM_4
100
AcDbLine
 10
8.5
 20
115.4
 30
0.0
 11
8.5
 21
117.9
 31
0.0
  0
LINE
  5
644
330
7E
100
AcDbEntity
  8
AM_4
100
AcDbLine
 10
8.5
 20
117.9
 30
0.0
 11
15.0
 21
117.9
 31
0.0
  0
LINE
  5
645
330
7E
100
AcDbEntity
  8
AM_4
100
AcDbLine
 10
15.0
 20
117.9
 30
0.0
 11
15.0
 21
115.4
 31
0.0
  0
LINE
  5
646
330
7E
100
AcDbEntity
  8
AM_4
100
AcDbLine
 10
6.999999999999986
 20
92.9
 30
0.0
 11
4.5
 21
92.9
 31
0.0
  0
LINE
  5
647
330
7E
100
AcDbEntity
  8
AM_4
100
AcDbLine
 10
4.5
 20
92.9
 30
0.0
 11
4.5
 21
95.4
 31
0.0
  0
LINE
  5
648
330
7E
100
AcDbEntity
  8
AM_4
100
AcDbLine
 10
4.5
 20
95.4
 30
0.0
 11
6.999999999999993
 21
95.4
 31
0.0
  0
LINE
  5
649
330
7E
100
AcDbEntity
  8
AM_4
100
AcDbLine
 10
6.999999999999993
 20
95.4
 30
0.0
 11
6.999999999999986
 21
92.9
 31
0.0
  0
LINE
  5
64A
330
7E
100
AcDbEntity
  8
AM_4
100
AcDbLine
 10
6.999999999999986
 20
101.9
 30
0.0
 11
4.5
 21
101.9
 31
0.0
  0
LINE
  5
64B
330
7E
100
AcDbEntity
  8
AM_4
100
AcDbLine
 10
4.5
 20
101.9
 30
0.0
 11
4.5
 21
104.4
 31
0.0
  0
LINE
  5
64C
330
7E
100
AcDbEntity
  8
AM_4
100
AcDbLine
 10
4.5
 20
104.4
 30
0.0
 11
6.999999999999993
 21
104.4
 31
0.0
  0
LINE
  5
64D
330
7E
100
AcDbEntity
  8
AM_4
100
AcDbLine
 10
6.999999999999993
 20
104.4
 30
0.0
 11
6.999999999999986
 21
101.9
 31
0.0
  0
LINE
  5
64E
330
7E
100
AcDbEntity
  8
AM_4
100
AcDbLine
 10
6.999999999999986
 20
97.4
 30
0.0
 11
4.5
 21
97.4
 31
0.0
  0
LINE
  5
64F
330
7E
100
AcDbEntity
  8
AM_4
100
AcDbLine
 10
4.5
 20
97.4
 30
0.0
 11
4.5
 21
99.89999999999999
 31
0.0
  0
LINE
  5
650
330
7E
100
AcDbEntity
  8
AM_4
100
AcDbLine
 10
4.5
 20
99.89999999999999
 30
0.0
 11
6.999999999999993
 21
99.89999999999999
 31
0.0
  0
LINE
  5
651
330
7E
100
AcDbEntity
  8
AM_4
100
AcDbLine
 10
6.999999999999993
 20
99.89999999999999
 30
0.0
 11
6.999999999999986
 21
97.4
 31
0.0
  0
LINE
  5
652
330
7E
100
AcDbEntity
  8
AM_4
100
AcDbLine
 10
6.999999999999986
 20
88.39999999999999
 30
0.0
 11
4.5
 21
88.4
 31
0.0
  0
LINE
  5
653
330
7E
100
AcDbEntity
  8
AM_4
100
AcDbLine
 10
4.5
 20
88.4
 30
0.0
 11
4.5
 21
90.9
 31
0.0
  0
LINE
  5
654
330
7E
100
AcDbEntity
  8
AM_4
100
AcDbLine
 10
4.5
 20
90.9
 30
0.0
 11
6.999999999999993
 21
90.9
 31
0.0
  0
LINE
  5
655
330
7E
100
AcDbEntity
  8
AM_4
100
AcDbLine
 10
6.999999999999993
 20
90.9
 30
0.0
 11
6.999999999999986
 21
88.39999999999999
 31
0.0
  0
LINE
  5
656
330
7E
100
AcDbEntity
  8
AM_4
100
AcDbLine
 10
15.0
 20
110.9
 30
0.0
 11
8.5
 21
110.9
 31
0.0
  0
LINE
  5
657
330
7E
100
AcDbEntity
  8
AM_4
100
AcDbLine
 10
8.5
 20
110.9
 30
0.0
 11
8.5
 21
113.4
 31
0.0
  0
LINE
  5
658
330
7E
100
AcDbEntity
  8
AM_4
100
AcDbLine
 10
8.5
 20
113.4
 30
0.0
 11
15.0
 21
113.4
 31
0.0
  0
LINE
  5
659
330
7E
100
AcDbEntity
  8
AM_4
100
AcDbLine
 10
15.0
 20
113.4
 30
0.0
 11
15.0
 21
110.9
 31
0.0
  0
LINE
  5
65A
330
7E
100
AcDbEntity
  8
AM_4
100
AcDbLine
 10
15.0
 20
101.9
 30
0.0
 11
8.5
 21
101.9
 31
0.0
  0
LINE
  5
65B
330
7E
100
AcDbEntity
  8
AM_4
100
AcDbLine
 10
8.5
 20
101.9
 30
0.0
 11
8.5
 21
104.4
 31
0.0
  0
LINE
  5
65C
330
7E
100
AcDbEntity
  8
AM_4
100
AcDbLine
 10
8.5
 20
104.4
 30
0.0
 11
15.0
 21
104.4
 31
0.0
  0
LINE
  5
65D
330
7E
100
AcDbEntity
  8
AM_4
100
AcDbLine
 10
15.0
 20
104.4
 30
0.0
 11
15.0
 21
101.9
 31
0.0
  0
LINE
  5
65E
330
7E
100
AcDbEntity
  8
AM_4
100
AcDbLine
 10
15.0
 20
92.9
 30
0.0
 11
8.5
 21
92.9
 31
0.0
  0
LINE
  5
65F
330
7E
100
AcDbEntity
  8
AM_4
100
AcDbLine
 10
8.5
 20
92.9
 30
0.0
 11
8.5
 21
95.4
 31
0.0
  0
LINE
  5
660
330
7E
100
AcDbEntity
  8
AM_4
100
AcDbLine
 10
8.5
 20
95.4
 30
0.0
 11
15.0
 21
95.4
 31
0.0
  0
LINE
  5
661
330
7E
100
AcDbEntity
  8
AM_4
100
AcDbLine
 10
15.0
 20
95.4
 30
0.0
 11
15.0
 21
92.9
 31
0.0
  0
LINE
  5
662
330
7E
100
AcDbEntity
  8
AM_4
100
AcDbLine
 10
20.5
 20
115.4
 30
0.0
 11
16.5
 21
115.4
 31
0.0
  0
LINE
  5
663
330
7E
100
AcDbEntity
  8
AM_4
100
AcDbLine
 10
16.5
 20
115.4
 30
0.0
 11
16.5
 21
117.9
 31
0.0
  0
LINE
  5
664
330
7E
100
AcDbEntity
  8
AM_4
100
AcDbLine
 10
16.5
 20
117.9
 30
0.0
 11
20.5
 21
117.9
 31
0.0
  0
LINE
  5
665
330
7E
100
AcDbEntity
  8
AM_4
100
AcDbLine
 10
20.5
 20
117.9
 30
0.0
 11
20.5
 21
115.4
 31
0.0
  0
LINE
  5
666
330
7E
100
AcDbEntity
  8
AM_4
100
AcDbLine
 10
20.5
 20
106.4
 30
0.0
 11
16.5
 21
106.4
 31
0.0
  0
LINE
  5
667
330
7E
100
AcDbEntity
  8
AM_4
100
AcDbLine
 10
16.5
 20
106.4
 30
0.0
 11
16.5
 21
108.9
 31
0.0
  0
LINE
  5
668
330
7E
100
AcDbEntity
  8
AM_4
100
AcDbLine
 10
16.5
 20
108.9
 30
0.0
 11
20.5
 21
108.9
 31
0.0
  0
LINE
  5
669
330
7E
100
AcDbEntity
  8
AM_4
100
AcDbLine
 10
20.5
 20
108.9
 30
0.0
 11
20.5
 21
106.4
 31
0.0
  0
LINE
  5
66A
330
7E
100
AcDbEntity
  8
AM_4
100
AcDbLine
 10
9.999999999999993
 20
33.0
 30
0.0
 11
6.499999999999993
 21
33.0
 31
0.0
  0
LINE
  5
66B
330
7E
100
AcDbEntity
  8
AM_4
100
AcDbLine
 10
6.499999999999993
 20
33.0
 30
0.0
 11
6.499999999999993
 21
40.0
 31
0.0
  0
LINE
  5
66C
330
7E
100
AcDbEntity
  8
AM_4
100
AcDbLine
 10
6.499999999999993
 20
40.0
 30
0.0
 11
10.0
 21
40.0
 31
0.0
  0
LINE
  5
66D
330
7E
100
AcDbEntity
  8
AM_4
100
AcDbLine
 10
10.0
 20
40.0
 30
0.0
 11
9.999999999999993
 21
33.0
 31
0.0
  0
LINE
  5
66E
330
7E
100
AcDbEntity
  8
AM_4
100
AcDbLine
 10
20.4
 20
130.139
 30
0.0
 11
16.9
 21
130.139
 31
0.0
  0
LINE
  5
66F
330
7E
100
AcDbEntity
  8
AM_4
100
AcDbLine
 10
16.9
 20
130.139
 30
0.0
 11
16.9
 21
141.139
 31
0.0
  0
LINE
  5
670
330
7E
100
AcDbEntity
  8
AM_4
100
AcDbLine
 10
16.9
 20
141.139
 30
0.0
 11
20.4
 21
141.139
 31
0.0
  0
LINE
  5
671
330
7E
100
AcDbEntity
  8
AM_4
100
AcDbLine
 10
20.4
 20
141.139
 30
0.0
 11
20.4
 21
130.139
 31
0.0
  0
LINE
  5
672
330
7E
100
AcDbEntity
  8
AM_4
100
AcDbLine
 10
25.4
 20
126.8931377549614
 30
0.0
 11
25.4
 21
149.3
 31
0.0
  0
LINE
  5
673
330
7E
100
AcDbEntity
  8
AM_4
100
AcDbLine
 10
0.0
 20
149.4
 30
0.0
 11
4.5
 21
149.4
 31
0.0
  0
LINE
  5
674
330
7E
100
AcDbEntity
  8
AM_4
100
AcDbLine
 10
4.5
 20
149.4
 30
0.0
 11
4.5
 21
146.9
 31
0.0
  0
LINE
  5
675
330
7E
100
AcDbEntity
  8
AM_4
100
AcDbLine
 10
4.5
 20
146.9
 30
0.0
 11
0.0
 21
146.9
 31
0.0
  0
LINE
  5
676
330
7E
100
AcDbEntity
  8
AM_4
100
AcDbLine
 10
0.0
 20
144.9
 30
0.0
 11
6.999999999999993
 21
144.9
 31
0.0
  0
LINE
  5
677
330
7E
100
AcDbEntity
  8
AM_4
100
AcDbLine
 10
6.999999999999993
 20
144.9
 30
0.0
 11
6.999999999999993
 21
142.4
 31
0.0
  0
LINE
  5
678
330
7E
100
AcDbEntity
  8
AM_4
100
AcDbLine
 10
6.999999999999993
 20
142.4
 30
0.0
 11
0.0
 21
142.4
 31
0.0
  0
LINE
  5
679
330
7E
100
AcDbEntity
  8
AM_4
100
AcDbLine
 10
0.0
 20
140.4
 30
0.0
 11
6.999999999999993
 21
140.4
 31
0.0
  0
LINE
  5
67A
330
7E
100
AcDbEntity
  8
AM_4
100
AcDbLine
 10
6.999999999999993
 20
140.4
 30
0.0
 11
6.999999999999993
 21
137.9
 31
0.0
  0
LINE
  5
67B
330
7E
100
AcDbEntity
  8
AM_4
100
AcDbLine
 10
6.999999999999993
 20
137.9
 30
0.0
 11
0.0
 21
137.9
 31
0.0
  0
LINE
  5
67C
330
7E
100
AcDbEntity
  8
AM_4
100
AcDbLine
 10
0.0
 20
135.9
 30
0.0
 11
6.999999999999993
 21
135.9
 31
0.0
  0
LINE
  5
67D
330
7E
100
AcDbEntity
  8
AM_4
100
AcDbLine
 10
6.999999999999993
 20
135.9
 30
0.0
 11
6.999999999999993
 21
133.4
 31
0.0
  0
LINE
  5
67E
330
7E
100
AcDbEntity
  8
AM_4
100
AcDbLine
 10
6.999999999999993
 20
133.4
 30
0.0
 11
0.0
 21
133.4
 31
0.0
  0
LINE
  5
67F
330
7E
100
AcDbEntity
  8
AM_4
100
AcDbLine
 10
0.0
 20
131.4
 30
0.0
 11
6.999999999999993
 21
131.4
 31
0.0
  0
LINE
  5
680
330
7E
100
AcDbEntity
  8
AM_4
100
AcDbLine
 10
6.999999999999993
 20
131.4
 30
0.0
 11
6.999999999999993
 21
128.9
 31
0.0
  0
LINE
  5
681
330
7E
100
AcDbEntity
  8
AM_4
100
AcDbLine
 10
6.999999999999993
 20
128.9
 30
0.0
 11
0.0
 21
128.9
 31
0.0
  0
LINE
  5
682
330
7E
100
AcDbEntity
  8
AM_4
100
AcDbLine
 10
0.0
 20
126.9
 30
0.0
 11
6.999999999999993
 21
126.9
 31
0.0
  0
LINE
  5
683
330
7E
100
AcDbEntity
  8
AM_4
100
AcDbLine
 10
6.999999999999993
 20
126.9
 30
0.0
 11
6.999999999999993
 21
124.4
 31
0.0
  0
LINE
  5
684
330
7E
100
AcDbEntity
  8
AM_4
100
AcDbLine
 10
6.999999999999993
 20
124.4
 30
0.0
 11
0.0
 21
124.4
 31
0.0
  0
LINE
  5
685
330
7E
100
AcDbEntity
  8
AM_4
100
AcDbLine
 10
0.0
 20
122.4
 30
0.0
 11
6.999999999999993
 21
122.4
 31
0.0
  0
LINE
  5
686
330
7E
100
AcDbEntity
  8
AM_4
100
AcDbLine
 10
6.999999999999993
 20
122.4
 30
0.0
 11
6.999999999999993
 21
119.9
 31
0.0
  0
LINE
  5
687
330
7E
100
AcDbEntity
  8
AM_4
100
AcDbLine
 10
6.999999999999993
 20
119.9
 30
0.0
 11
0.0
 21
119.9
 31
0.0
  0
LINE
  5
688
330
7E
100
AcDbEntity
  8
AM_4
100
AcDbLine
 10
0.0
 20
117.9
 30
0.0
 11
6.999999999999993
 21
117.9
 31
0.0
  0
LINE
  5
689
330
7E
100
AcDbEntity
  8
AM_4
100
AcDbLine
 10
6.999999999999993
 20
117.9
 30
0.0
 11
6.999999999999993
 21
115.4
 31
0.0
  0
LINE
  5
68A
330
7E
100
AcDbEntity
  8
AM_4
100
AcDbLine
 10
6.999999999999993
 20
115.4
 30
0.0
 11
0.0
 21
115.4
 31
0.0
  0
LINE
  5
68B
330
7E
100
AcDbEntity
  8
AM_4
100
AcDbLine
 10
0.0
 20
113.4
 30
0.0
 11
6.999999999999993
 21
113.4
 31
0.0
  0
LINE
  5
68C
330
7E
100
AcDbEntity
  8
AM_4
100
AcDbLine
 10
6.999999999999993
 20
113.4
 30
0.0
 11
6.999999999999993
 21
110.9
 31
0.0
  0
LINE
  5
68D
330
7E
100
AcDbEntity
  8
AM_4
100
AcDbLine
 10
6.999999999999993
 20
110.9
 30
0.0
 11
0.0
 21
110.9
 31
0.0
  0
LINE
  5
68E
330
7E
100
AcDbEntity
  8
AM_4
100
AcDbLine
 10
0.0
 20
108.9
 30
0.0
 11
6.999999999999993
 21
108.9
 31
0.0
  0
LINE
  5
68F
330
7E
100
AcDbEntity
  8
AM_4
100
AcDbLine
 10
6.999999999999993
 20
108.9
 30
0.0
 11
6.999999999999993
 21
106.4
 31
0.0
  0
LINE
  5
690
330
7E
100
AcDbEntity
  8
AM_4
100
AcDbLine
 10
6.999999999999993
 20
106.4
 30
0.0
 11
0.0
 21
106.4
 31
0.0
  0
LINE
  5
691
330
7E
100
AcDbEntity
  8
AM_4
100
AcDbLine
 10
0.0
 20
86.39999999999999
 30
0.0
 11
6.999999999999993
 21
86.39999999999999
 31
0.0
  0
LINE
  5
692
330
7E
100
AcDbEntity
  8
AM_4
100
AcDbLine
 10
6.999999999999993
 20
86.39999999999999
 30
0.0
 11
6.999999999999993
 21
83.89999999999999
 31
0.0
  0
LINE
  5
693
330
7E
100
AcDbEntity
  8
AM_4
100
AcDbLine
 10
6.999999999999993
 20
83.89999999999999
 30
0.0
 11
0.0
 21
83.89999999999999
 31
0.0
  0
LINE
  5
694
330
7E
100
AcDbEntity
  8
AM_4
100
AcDbLine
 10
0.0
 20
81.89999999999999
 30
0.0
 11
6.999999999999993
 21
81.89999999999999
 31
0.0
  0
LINE
  5
695
330
7E
100
AcDbEntity
  8
AM_4
100
AcDbLine
 10
6.999999999999993
 20
81.89999999999999
 30
0.0
 11
6.999999999999993
 21
79.39999999999999
 31
0.0
  0
LINE
  5
696
330
7E
100
AcDbEntity
  8
AM_4
100
AcDbLine
 10
6.999999999999993
 20
79.39999999999999
 30
0.0
 11
0.0
 21
79.39999999999999
 31
0.0
  0
LINE
  5
697
330
7E
100
AcDbEntity
  8
AM_4
100
AcDbLine
 10
0.0
 20
77.39999999999999
 30
0.0
 11
6.999999999999993
 21
77.39999999999999
 31
0.0
  0
LINE
  5
698
330
7E
100
AcDbEntity
  8
AM_4
100
AcDbLine
 10
6.999999999999993
 20
77.39999999999999
 30
0.0
 11
6.999999999999993
 21
74.89999999999999
 31
0.0
  0
LINE
  5
699
330
7E
100
AcDbEntity
  8
AM_4
100
AcDbLine
 10
6.999999999999993
 20
74.89999999999999
 30
0.0
 11
0.0
 21
74.89999999999999
 31
0.0
  0
LINE
  5
69A
330
7E
100
AcDbEntity
  8
AM_4
100
AcDbLine
 10
0.0
 20
72.89999999999998
 30
0.0
 11
6.999999999999993
 21
72.89999999999998
 31
0.0
  0
LINE
  5
69B
330
7E
100
AcDbEntity
  8
AM_4
100
AcDbLine
 10
6.999999999999993
 20
72.89999999999998
 30
0.0
 11
6.999999999999993
 21
70.39999999999998
 31
0.0
  0
LINE
  5
69C
330
7E
100
AcDbEntity
  8
AM_4
100
AcDbLine
 10
6.999999999999993
 20
70.39999999999998
 30
0.0
 11
0.0
 21
70.39999999999998
 31
0.0
  0
LINE
  5
69D
330
7E
100
AcDbEntity
  8
AM_4
100
AcDbLine
 10
0.0
 20
68.4
 30
0.0
 11
6.999999999999993
 21
68.4
 31
0.0
  0
LINE
  5
69E
330
7E
100
AcDbEntity
  8
AM_4
100
AcDbLine
 10
6.999999999999993
 20
68.4
 30
0.0
 11
6.999999999999993
 21
65.9
 31
0.0
  0
LINE
  5
69F
330
7E
100
AcDbEntity
  8
AM_4
100
AcDbLine
 10
6.999999999999993
 20
65.9
 30
0.0
 11
0.0
 21
65.9
 31
0.0
  0
LINE
  5
6A0
330
7E
100
AcDbEntity
  8
AM_4
100
AcDbLine
 10
0.0
 20
63.90000000000001
 30
0.0
 11
6.999999999999993
 21
63.90000000000001
 31
0.0
  0
LINE
  5
6A1
330
7E
100
AcDbEntity
  8
AM_4
100
AcDbLine
 10
6.999999999999993
 20
63.90000000000001
 30
0.0
 11
6.999999999999993
 21
61.40000000000001
 31
0.0
  0
LINE
  5
6A2
330
7E
100
AcDbEntity
  8
AM_4
100
AcDbLine
 10
6.999999999999993
 20
61.40000000000001
 30
0.0
 11
0.0
 21
61.40000000000001
 31
0.0
  0
LINE
  5
6A3
330
7E
100
AcDbEntity
  8
AM_4
100
AcDbLine
 10
0.0
 20
59.40000000000001
 30
0.0
 11
4.5
 21
59.40000000000001
 31
0.0
  0
LINE
  5
6A4
330
7E
100
AcDbEntity
  8
AM_4
100
AcDbLine
 10
4.5
 20
59.40000000000001
 30
0.0
 11
4.5
 21
56.90000000000001
 31
0.0
  0
LINE
  5
6A5
330
7E
100
AcDbEntity
  8
AM_4
100
AcDbLine
 10
4.5
 20
56.90000000000001
 30
0.0
 11
0.0
 21
56.90000000000001
 31
0.0
  0
LINE
  5
6A6
330
7E
100
AcDbEntity
  8
AM_4
100
AcDbLine
 10
0.0
 20
27.90000000000001
 30
0.0
 11
6.999999999999993
 21
27.90000000000001
 31
0.0
  0
LINE
  5
6A7
330
7E
100
AcDbEntity
  8
AM_4
100
AcDbLine
 10
6.999999999999993
 20
27.90000000000001
 30
0.0
 11
6.999999999999993
 21
25.40000000000001
 31
0.0
  0
LINE
  5
6A8
330
7E
100
AcDbEntity
  8
AM_4
100
AcDbLine
 10
6.999999999999993
 20
25.40000000000001
 30
0.0
 11
0.0
 21
25.40000000000001
 31
0.0
  0
LINE
  5
6A9
330
7E
100
AcDbEntity
  8
AM_4
100
AcDbLine
 10
0.0
 20
23.40000000000001
 30
0.0
 11
6.999999999999993
 21
23.40000000000001
 31
0.0
  0
LINE
  5
6AA
330
7E
100
AcDbEntity
  8
AM_4
100
AcDbLine
 10
6.999999999999993
 20
23.40000000000001
 30
0.0
 11
6.999999999999993
 21
20.90000000000001
 31
0.0
  0
LINE
  5
6AB
330
7E
100
AcDbEntity
  8
AM_4
100
AcDbLine
 10
6.999999999999993
 20
20.90000000000001
 30
0.0
 11
0.0
 21
20.90000000000001
 31
0.0
  0
LINE
  5
6AC
330
7E
100
AcDbEntity
  8
AM_4
100
AcDbLine
 10
0.0
 20
18.89999999999998
 30
0.0
 11
6.999999999999993
 21
18.89999999999998
 31
0.0
  0
LINE
  5
6AD
330
7E
100
AcDbEntity
  8
AM_4
100
AcDbLine
 10
6.999999999999993
 20
18.89999999999998
 30
0.0
 11
6.999999999999993
 21
17.0
 31
0.0
  0
LINE
  5
6AE
330
7E
100
AcDbEntity
  8
AM_4
100
AcDbLine
 10
13.5
 20
17.0
 30
0.0
 11
13.5
 21
42.31000000000003
 31
0.0
  0
ARC
  5
6AF
330
7E
100
AcDbEntity
  8
AM_4
100
AcDbCircle
 10
13.29999999999998
 20
42.31000000000004
 30
0.0
 40
0.2000000000000171
100
AcDbArc
 50
0.0
 51
90.0
  0
LINE
  5
6B0
330
7E
100
AcDbEntity
  8
AM_4
100
AcDbLine
 10
13.30000000000006
 20
42.51000000000005
 30
0.0
 11
11.20000000000001
 21
42.51000000000002
 31
0.0
  0
ARC
  5
6B1
330
7E
100
AcDbEntity
  8
AM_4
100
AcDbCircle
 10
11.19999999999997
 20
42.71000000000001
 30
0.0
 40
0.1999999999999886
100
AcDbArc
 50
180.0
 51
270.0
  0
LINE
  5
6B2
330
7E
100
AcDbEntity
  8
AM_4
100
AcDbLine
 10
10.99999999999999
 20
42.71000000000001
 30
0.0
 11
11.0
 21
45.73000000000002
 31
0.0
  0
LINE
  5
6B3
330
7E
100
AcDbEntity
  8
AM_4
100
AcDbLine
 10
11.0
 20
45.73000000000002
 30
0.0
 11
8.0
 21
46.09835368270873
 31
0.0
  0
LINE
  5
6B4
330
7E
100
AcDbEntity
  8
AM_4
100
AcDbLine
 10
8.0
 20
46.09835368270873
 30
0.0
 11
8.0
 21
53.01164631729131
 31
0.0
  0
LINE
  5
6B5
330
7E
100
AcDbEntity
  8
AM_4
100
AcDbLine
 10
8.0
 20
53.01164631729131
 30
0.0
 11
11.0
 21
53.38000000000002
 31
0.0
  0
LINE
  5
6B6
330
7E
100
AcDbEntity
  8
AM_4
100
AcDbLine
 10
11.0
 20
53.38000000000002
 30
0.0
 11
11.0
 21
56.37000000000003
 31
0.0
  0
ARC
  5
6B7
330
7E
100
AcDbEntity
  8
AM_4
100
AcDbCircle
 10
11.23000000000001
 20
56.37000000000001
 30
0.0
 40
0.2300000000000111
100
AcDbArc
 50
90.0
 51
179.9999991462263
  0
LINE
  5
6B8
330
7E
100
AcDbEntity
  8
AM_4
100
AcDbLine
 10
11.23000000000004
 20
56.60000000000002
 30
0.0
 11
13.3
 21
56.60000000000002
 31
0.0
  0
ARC
  5
6B9
330
7E
100
AcDbEntity
  8
AM_4
100
AcDbCircle
 10
13.30000000000002
 20
56.80000000000001
 30
0.0
 40
0.1999999999999886
100
AcDbArc
 50
270.0
 51
0.0
  0
LINE
  5
6BA
330
7E
100
AcDbEntity
  8
AM_4
100
AcDbLine
 10
13.50000000000001
 20
56.79999999999998
 30
0.0
 11
13.5
 21
84.60000000000002
 31
0.0
  0
ARC
  5
6BB
330
7E
100
AcDbEntity
  8
AM_4
100
AcDbCircle
 10
13.69999999999999
 20
84.60000000000002
 30
0.0
 40
0.1999999999999886
100
AcDbArc
 50
90.0
 51
180.0
  0
LINE
  5
6BC
330
7E
100
AcDbEntity
  8
AM_4
100
AcDbLine
 10
13.69999999999999
 20
84.80000000000001
 30
0.0
 11
25.2
 21
84.80000000000001
 31
0.0
  0
ARC
  5
6BD
330
7E
100
AcDbEntity
  8
AM_4
100
AcDbCircle
 10
25.20000000000002
 20
84.99999999999997
 30
0.0
 40
0.1999999999999602
100
AcDbArc
 50
270.0
 51
0.0000987925816958
  0
LINE
  5
6BE
330
7E
100
AcDbEntity
  8
AM_4
100
AcDbLine
 10
25.39999999999999
 20
84.99999999701976
 30
0.0
 11
25.4
 21
124.5068622450386
 31
0.0
  0
ARC
  5
6BF
330
7E
100
AcDbEntity
  8
AM_4
100
AcDbCircle
 10
25.19999999999997
 20
124.5068622450386
 30
0.0
 40
0.2000000000000277
100
AcDbArc
 50
0.0
 51
87.999999999992
  0
LINE
  5
6C0
330
7E
100
AcDbEntity
  8
AM_4
100
AcDbLine
 10
25.2069798993405
 20
124.7067404104424
 30
0.0
 11
14.88255025164874
 21
125.0672774383032
 31
0.0
  0
ARC
  5
6C1
330
7E
100
AcDbEntity
  8
AM_4
100
AcDbCircle
 10
14.89999999999997
 20
125.5669728518127
 30
0.0
 40
0.4999999999999787
100
AcDbArc
 50
180.0
 51
268.0000000000028
  0
LINE
  5
6C2
330
7E
100
AcDbEntity
  8
AM_4
100
AcDbLine
 10
14.39999999999999
 20
125.5669728518127
 30
0.0
 11
14.4
 21
125.8330271481872
 31
0.0
  0
ARC
  5
6C3
330
7E
100
AcDbEntity
  8
AM_4
100
AcDbCircle
 10
14.90000000000001
 20
125.8330271481872
 30
0.0
 40
0.5000000000000231
100
AcDbArc
 50
92.00000000000134
 51
180.0
  0
LINE
  5
6C4
330
7E
100
AcDbEntity
  8
AM_4
100
AcDbLine
 10
14.88255025164875
 20
126.3327225616968
 30
0.0
 11
25.2069798993405
 21
126.6932595895576
 31
0.0
  0
ARC
  5
6C5
330
7E
100
AcDbEntity
  8
AM_4
100
AcDbCircle
 10
25.19999999999998
 20
126.8931377549614
 30
0.0
 40
0.2000000000000269
100
AcDbArc
 50
272.0000000000059
 51
0.0
  0
LINE
  5
6C6
330
7E
100
AcDbEntity
  8
AM_4
100
AcDbLine
 10
85.0
 20
172.2
 30
0.0
 11
84.9999983173802
 21
73.47
 31
0.0
  0
LINE
  5
6C7
330
7E
100
AcDbEntity
  8
AM_4
100
AcDbLine
 10
0.0
 20
172.2
 30
0.0
 11
0.0
 21
0.3000000000000114
 31
0.0
  0
LINE
  5
6C8
330
7E
100
AcDbEntity
  8
AM_4
100
AcDbLine
 10
85.0
 20
172.2
 30
0.0
 11
0.0
 21
172.2
 31
0.0
  0
LINE
  5
6C9
330
7E
100
AcDbEntity
  8
AM_4
100
AcDbLine
 10
0.0
 20
177.9
 30
0.0
 11
0.0
 21
172.4
 31
0.0
  0
LINE
  5
6CA
330
7E
100
AcDbEntity
  8
AM_4
100
AcDbLine
 10
85.0
 20
177.9
 30
0.0
 11
85.0
 21
172.4
 31
0.0
  0
LINE
  5
6CB
330
7E
100
AcDbEntity
  8
AM_4
100
AcDbLine
 10
85.0
 20
172.4
 30
0.0
 11
0.0
 21
172.4
 31
0.0
  0
LINE
  5
6CC
330
7E
100
AcDbEntity
  8
AM_4
100
AcDbLine
 10
85.0
 20
177.9
 30
0.0
 11
0.0
 21
177.9
 31
0.0
  0
LINE
  5
6CD
330
7E
100
AcDbEntity
  8
AM_4
100
AcDbLine
 10
5.0
 20
17.0
 30
0.0
 11
0.0
 21
12.0
 31
0.0
  0
LINE
  5
6CE
330
7E
100
AcDbEntity
  8
AM_4
100
AcDbLine
 10
80.0
 20
17.0
 30
0.0
 11
5.0
 21
17.0
 31
0.0
  0
CIRCLE
  5
6CF
330
7E
100
AcDbEntity
  8
AM_4
100
AcDbCircle
 10
62.5
 20
9.5
 30
0.0
 40
4.300000000000011
  0
LINE
  5
6D0
330
7E
100
AcDbEntity
  8
AM_4
100
AcDbLine
 10
85.0
 20
12.0
 30
0.0
 11
80.0
 21
17.0
 31
0.0
  0
CIRCLE
  5
6D1
330
7E
100
AcDbEntity
  8
AM_4
100
AcDbCircle
 10
22.5
 20
9.5
 30
0.0
 40
4.300000000000011
  0
CIRCLE
  5
6D2
330
7E
100
AcDbEntity
  8
AM_4
100
AcDbCircle
 10
22.5
 20
9.5
 30
0.0
 40
4.000000000000016
  0
LINE
  5
6D3
330
7E
100
AcDbEntity
  8
AM_4
100
AcDbLine
 10
22.15
 20
11.5
 30
0.0
 11
22.85
 21
11.5
 31
0.0
  0
LINE
  5
6D4
330
7E
100
AcDbEntity
  8
AM_4
100
AcDbLine
 10
20.5
 20
9.150000000000006
 30
0.0
 11
20.5
 21
9.849999999999994
 31
0.0
  0
LINE
  5
6D5
330
7E
100
AcDbEntity
  8
AM_4
100
AcDbLine
 10
20.5
 20
9.849999999999994
 30
0.0
 11
22.15
 21
9.849999999999994
 31
0.0
  0
LINE
  5
6D6
330
7E
100
AcDbEntity
  8
AM_4
100
AcDbLine
 10
22.15
 20
9.849999999999994
 30
0.0
 11
22.15
 21
11.5
 31
0.0
  0
LINE
  5
6D7
330
7E
100
AcDbEntity
  8
AM_4
100
AcDbLine
 10
22.85
 20
11.5
 30
0.0
 11
22.85
 21
9.849999999999994
 31
0.0
  0
LINE
  5
6D8
330
7E
100
AcDbEntity
  8
AM_4
100
AcDbLine
 10
22.85
 20
9.849999999999994
 30
0.0
 11
24.5
 21
9.849999999999994
 31
0.0
  0
LINE
  5
6D9
330
7E
100
AcDbEntity
  8
AM_4
100
AcDbLine
 10
24.5
 20
9.849999999999994
 30
0.0
 11
24.5
 21
9.150000000000006
 31
0.0
  0
LINE
  5
6DA
330
7E
100
AcDbEntity
  8
AM_4
100
AcDbLine
 10
24.5
 20
9.150000000000006
 30
0.0
 11
22.85
 21
9.150000000000006
 31
0.0
  0
LINE
  5
6DB
330
7E
100
AcDbEntity
  8
AM_4
100
AcDbLine
 10
22.85
 20
9.150000000000006
 30
0.0
 11
22.85
 21
7.5
 31
0.0
  0
LINE
  5
6DC
330
7E
100
AcDbEntity
  8
AM_4
100
AcDbLine
 10
22.85
 20
7.5
 30
0.0
 11
22.15
 21
7.5
 31
0.0
  0
LINE
  5
6DD
330
7E
100
AcDbEntity
  8
AM_4
100
AcDbLine
 10
22.15
 20
7.5
 30
0.0
 11
22.15
 21
9.150000000000006
 31
0.0
  0
LINE
  5
6DE
330
7E
100
AcDbEntity
  8
AM_4
100
AcDbLine
 10
22.15
 20
9.150000000000006
 30
0.0
 11
20.5
 21
9.150000000000006
 31
0.0
  0
CIRCLE
  5
6DF
330
7E
100
AcDbEntity
  8
AM_4
100
AcDbCircle
 10
62.5
 20
9.5
 30
0.0
 40
4.000000000000016
  0
LINE
  5
6E0
330
7E
100
AcDbEntity
  8
AM_4
100
AcDbLine
 10
62.15
 20
9.150000000000006
 30
0.0
 11
60.5
 21
9.150000000000006
 31
0.0
  0
LINE
  5
6E1
330
7E
100
AcDbEntity
  8
AM_4
100
AcDbLine
 10
60.5
 20
9.150000000000006
 30
0.0
 11
60.5
 21
9.849999999999994
 31
0.0
  0
LINE
  5
6E2
330
7E
100
AcDbEntity
  8
AM_4
100
AcDbLine
 10
60.5
 20
9.849999999999994
 30
0.0
 11
62.15
 21
9.849999999999994
 31
0.0
  0
LINE
  5
6E3
330
7E
100
AcDbEntity
  8
AM_4
100
AcDbLine
 10
62.15
 20
9.849999999999994
 30
0.0
 11
62.15
 21
11.5
 31
0.0
  0
LINE
  5
6E4
330
7E
100
AcDbEntity
  8
AM_4
100
AcDbLine
 10
62.15
 20
11.5
 30
0.0
 11
62.85000000000001
 21
11.5
 31
0.0
  0
LINE
  5
6E5
330
7E
100
AcDbEntity
  8
AM_4
100
AcDbLine
 10
62.85000000000001
 20
11.5
 30
0.0
 11
62.85000000000001
 21
9.849999999999994
 31
0.0
  0
LINE
  5
6E6
330
7E
100
AcDbEntity
  8
AM_4
100
AcDbLine
 10
62.85000000000001
 20
9.849999999999994
 30
0.0
 11
64.5
 21
9.849999999999994
 31
0.0
  0
LINE
  5
6E7
330
7E
100
AcDbEntity
  8
AM_4
100
AcDbLine
 10
64.5
 20
9.849999999999994
 30
0.0
 11
64.5
 21
9.150000000000006
 31
0.0
  0
LINE
  5
6E8
330
7E
100
AcDbEntity
  8
AM_4
100
AcDbLine
 10
64.5
 20
9.150000000000006
 30
0.0
 11
62.85000000000001
 21
9.150000000000006
 31
0.0
  0
LINE
  5
6E9
330
7E
100
AcDbEntity
  8
AM_4
100
AcDbLine
 10
62.85000000000001
 20
9.150000000000006
 30
0.0
 11
62.85000000000001
 21
7.5
 31
0.0
  0
LINE
  5
6EA
330
7E
100
AcDbEntity
  8
AM_4
100
AcDbLine
 10
62.85000000000001
 20
7.5
 30
0.0
 11
62.15
 21
7.5
 31
0.0
  0
LINE
  5
6EB
330
7E
100
AcDbEntity
  8
AM_4
100
AcDbLine
 10
62.15
 20
7.5
 30
0.0
 11
62.15
 21
9.150000000000006
 31
0.0
  0
CIRCLE
  5
6EC
330
7E
100
AcDbEntity
  8
AM_4
100
AcDbCircle
 10
22.5
 20
156.8
 30
0.0
 40
4.000000000000009
  0
LINE
  5
6ED
330
7E
100
AcDbEntity
  8
AM_4
100
AcDbLine
 10
20.5
 20
156.45
 30
0.0
 11
20.5
 21
157.15
 31
0.0
  0
LINE
  5
6EE
330
7E
100
AcDbEntity
  8
AM_4
100
AcDbLine
 10
20.5
 20
157.15
 30
0.0
 11
22.15
 21
157.15
 31
0.0
  0
LINE
  5
6EF
330
7E
100
AcDbEntity
  8
AM_4
100
AcDbLine
 10
22.15
 20
157.15
 30
0.0
 11
22.15
 21
158.8
 31
0.0
  0
LINE
  5
6F0
330
7E
100
AcDbEntity
  8
AM_4
100
AcDbLine
 10
22.15
 20
158.8
 30
0.0
 11
22.85
 21
158.8
 31
0.0
  0
LINE
  5
6F1
330
7E
100
AcDbEntity
  8
AM_4
100
AcDbLine
 10
22.85
 20
158.8
 30
0.0
 11
22.85
 21
157.15
 31
0.0
  0
LINE
  5
6F2
330
7E
100
AcDbEntity
  8
AM_4
100
AcDbLine
 10
22.85
 20
157.15
 30
0.0
 11
24.5
 21
157.15
 31
0.0
  0
LINE
  5
6F3
330
7E
100
AcDbEntity
  8
AM_4
100
AcDbLine
 10
24.5
 20
157.15
 30
0.0
 11
24.5
 21
156.45
 31
0.0
  0
LINE
  5
6F4
330
7E
100
AcDbEntity
  8
AM_4
100
AcDbLine
 10
24.5
 20
156.45
 30
0.0
 11
22.85
 21
156.45
 31
0.0
  0
LINE
  5
6F5
330
7E
100
AcDbEntity
  8
AM_4
100
AcDbLine
 10
22.85
 20
156.45
 30
0.0
 11
22.85
 21
154.8
 31
0.0
  0
LINE
  5
6F6
330
7E
100
AcDbEntity
  8
AM_4
100
AcDbLine
 10
22.85
 20
154.8
 30
0.0
 11
22.15
 21
154.8
 31
0.0
  0
LINE
  5
6F7
330
7E
100
AcDbEntity
  8
AM_4
100
AcDbLine
 10
22.15
 20
154.8
 30
0.0
 11
22.15
 21
156.45
 31
0.0
  0
LINE
  5
6F8
330
7E
100
AcDbEntity
  8
AM_4
100
AcDbLine
 10
22.15
 20
156.45
 30
0.0
 11
20.5
 21
156.45
 31
0.0
  0
CIRCLE
  5
6F9
330
7E
100
AcDbEntity
  8
AM_4
100
AcDbCircle
 10
62.5
 20
156.8
 30
0.0
 40
4.000000000000009
  0
LINE
  5
6FA
330
7E
100
AcDbEntity
  8
AM_4
100
AcDbLine
 10
62.15
 20
156.45
 30
0.0
 11
60.5
 21
156.45
 31
0.0
  0
LINE
  5
6FB
330
7E
100
AcDbEntity
  8
AM_4
100
AcDbLine
 10
60.5
 20
156.45
 30
0.0
 11
60.5
 21
157.15
 31
0.0
  0
LINE
  5
6FC
330
7E
100
AcDbEntity
  8
AM_4
100
AcDbLine
 10
60.5
 20
157.15
 30
0.0
 11
62.15
 21
157.15
 31
0.0
  0
LINE
  5
6FD
330
7E
100
AcDbEntity
  8
AM_4
100
AcDbLine
 10
62.15
 20
157.15
 30
0.0
 11
62.15
 21
158.8
 31
0.0
  0
LINE
  5
6FE
330
7E
100
AcDbEntity
  8
AM_4
100
AcDbLine
 10
62.15
 20
158.8
 30
0.0
 11
62.85000000000001
 21
158.8
 31
0.0
  0
LINE
  5
6FF
330
7E
100
AcDbEntity
  8
AM_4
100
AcDbLine
 10
62.85000000000001
 20
158.8
 30
0.0
 11
62.85000000000001
 21
157.15
 31
0.0
  0
LINE
  5
700
330
7E
100
AcDbEntity
  8
AM_4
100
AcDbLine
 10
62.85000000000001
 20
157.15
 30
0.0
 11
64.5
 21
157.15
 31
0.0
  0
LINE
  5
701
330
7E
100
AcDbEntity
  8
AM_4
100
AcDbLine
 10
64.5
 20
157.15
 30
0.0
 11
64.5
 21
156.45
 31
0.0
  0
LINE
  5
702
330
7E
100
AcDbEntity
  8
AM_4
100
AcDbLine
 10
64.5
 20
156.45
 30
0.0
 11
62.85000000000001
 21
156.45
 31
0.0
  0
LINE
  5
703
330
7E
100
AcDbEntity
  8
AM_4
100
AcDbLine
 10
62.85000000000001
 20
156.45
 30
0.0
 11
62.85000000000001
 21
154.8
 31
0.0
  0
LINE
  5
704
330
7E
100
AcDbEntity
  8
AM_4
100
AcDbLine
 10
62.85000000000001
 20
154.8
 30
0.0
 11
62.15
 21
154.8
 31
0.0
  0
LINE
  5
705
330
7E
100
AcDbEntity
  8
AM_4
100
AcDbLine
 10
62.15
 20
154.8
 30
0.0
 11
62.15
 21
156.45
 31
0.0
  0
CIRCLE
  5
706
330
7E
100
AcDbEntity
  8
AM_4
100
AcDbCircle
 10
22.5
 20
156.8
 30
0.0
 40
4.300000000000004
  0
LINE
  5
707
330
7E
100
AcDbEntity
  8
AM_4
100
AcDbLine
 10
0.0
 20
154.3
 30
0.0
 11
5.0
 21
149.3
 31
0.0
  0
LINE
  5
708
330
7E
100
AcDbEntity
  8
AM_4
100
AcDbLine
 10
80.0
 20
149.3
 30
0.0
 11
5.0
 21
149.3
 31
0.0
  0
LINE
  5
709
330
7E
100
AcDbEntity
  8
AM_4
100
AcDbLine
 10
80.0
 20
149.3
 30
0.0
 11
85.0
 21
154.3
 31
0.0
  0
CIRCLE
  5
70A
330
7E
100
AcDbEntity
  8
AM_4
100
AcDbCircle
 10
62.5
 20
156.8
 30
0.0
 40
4.300000000000004
  0
LINE
  5
70B
330
7E
100
AcDbEntity
  8
AM_4
100
AcDbLine
 10
85.0
 20
3.800000000000011
 30
0.0
 11
0.0
 21
3.800000000000011
 31
0.0
  0
LINE
  5
70C
330
7E
100
AcDbEntity
  8
AM_4
100
AcDbLine
 10
85.0
 20
162.8
 30
0.0
 11
0.0
 21
162.8
 31
0.0
  0
LINE
  5
70D
330
7E
100
AcDbEntity
  8
AM_4
100
AcDbLine
 10
70.1
 20
2.800000000000011
 30
0.0
 11
70.1
 21
0.3000000000000114
 31
0.0
  0
LINE
  5
70E
330
7E
100
AcDbEntity
  8
AM_4
100
AcDbLine
 10
20.1
 20
2.800000000000011
 30
0.0
 11
20.1
 21
0.3000000000000114
 31
0.0
  0
LINE
  5
70F
330
7E
100
AcDbEntity
  8
AM_4
100
AcDbLine
 10
21.1
 20
2.800000000000011
 30
0.0
 11
21.1
 21
0.3000000000000114
 31
0.0
  0
LINE
  5
710
330
7E
100
AcDbEntity
  8
AM_4
100
AcDbLine
 10
71.1
 20
2.800000000000011
 30
0.0
 11
71.1
 21
0.3000000000000114
 31
0.0
  0
LINE
  5
711
330
7E
100
AcDbEntity
  8
AM_4
100
AcDbLine
 10
0.0
 20
2.800000000000011
 30
0.0
 11
85.0
 21
2.800000000000011
 31
0.0
  0
LINE
  5
712
330
7E
100
AcDbEntity
  8
AM_4
100
AcDbLine
 10
85.0
 20
0.3000000000000114
 30
0.0
 11
0.0
 21
0.3000000000000114
 31
0.0
  0
LINE
  5
713
330
7E
100
AcDbEntity
  8
AM_4
100
AcDbLine
 10
83.0
 20
2.800000000000011
 30
0.0
 11
83.0
 21
0.3000000000000114
 31
0.0
  0
LINE
  5
714
330
7E
100
AcDbEntity
  8
AM_4
100
AcDbLine
 10
85.0
 20
70.12917960675003
 30
0.0
 11
85.0
 21
0.3000000000000114
 31
0.0
  0
LINE
  5
715
330
7E
100
AcDbEntity
  8
AM_4
100
AcDbLine
 10
63.89999999999999
 20
2.800000000000011
 30
0.0
 11
63.89999999999999
 21
0.3000000000000114
 31
0.0
  0
LINE
  5
716
330
7E
100
AcDbEntity
  8
AM_4
100
AcDbLine
 10
64.89999999999999
 20
2.800000000000011
 30
0.0
 11
64.89999999999999
 21
0.3000000000000114
 31
0.0
  0
LINE
  5
717
330
7E
100
AcDbEntity
  8
AM_4
100
AcDbLine
 10
13.9
 20
2.800000000000011
 30
0.0
 11
13.90000000000001
 21
0.3000000000000114
 31
0.0
  0
LINE
  5
718
330
7E
100
AcDbEntity
  8
AM_4
100
AcDbLine
 10
14.9
 20
2.800000000000011
 30
0.0
 11
14.9
 21
0.3000000000000114
 31
0.0
  0
LINE
  5
719
330
7E
100
AcDbEntity
  8
AM_4
100
AcDbLine
 10
2.000000000000007
 20
2.800000000000011
 30
0.0
 11
2.000000000000007
 21
0.3000000000000114
 31
0.0
  0
LINE
  5
71A
330
7E
100
AcDbEntity
  8
AM_4
100
AcDbLine
 10
70.1
 20
166.3
 30
0.0
 11
70.1
 21
163.8
 31
0.0
  0
LINE
  5
71B
330
7E
100
AcDbEntity
  8
AM_4
100
AcDbLine
 10
64.89999999999999
 20
166.3
 30
0.0
 11
64.89999999999999
 21
163.8
 31
0.0
  0
LINE
  5
71C
330
7E
100
AcDbEntity
  8
AM_4
100
AcDbLine
 10
20.1
 20
166.3
 30
0.0
 11
20.1
 21
163.8
 31
0.0
  0
LINE
  5
71D
330
7E
100
AcDbEntity
  8
AM_4
100
AcDbLine
 10
83.0
 20
166.3
 30
0.0
 11
83.0
 21
163.8
 31
0.0
  0
LINE
  5
71E
330
7E
100
AcDbEntity
  8
AM_4
100
AcDbLine
 10
71.1
 20
166.3
 30
0.0
 11
71.1
 21
163.8
 31
0.0
  0
LINE
  5
71F
330
7E
100
AcDbEntity
  8
AM_4
100
AcDbLine
 10
14.9
 20
166.3
 30
0.0
 11
14.9
 21
163.8
 31
0.0
  0
LINE
  5
720
330
7E
100
AcDbEntity
  8
AM_4
100
AcDbLine
 10
13.9
 20
166.3
 30
0.0
 11
13.90000000000001
 21
163.8
 31
0.0
  0
LINE
  5
721
330
7E
100
AcDbEntity
  8
AM_4
100
AcDbLine
 10
63.89999999999999
 20
166.3
 30
0.0
 11
63.89999999999999
 21
163.8
 31
0.0
  0
LINE
  5
722
330
7E
100
AcDbEntity
  8
AM_4
100
AcDbLine
 10
21.1
 20
166.3
 30
0.0
 11
21.1
 21
163.8
 31
0.0
  0
LINE
  5
723
330
7E
100
AcDbEntity
  8
AM_4
100
AcDbLine
 10
2.000000000000007
 20
166.3
 30
0.0
 11
2.000000000000007
 21
163.8
 31
0.0
  0
LINE
  5
724
330
7E
100
AcDbEntity
  8
AM_4
100
AcDbLine
 10
0.0
 20
166.3
 30
0.0
 11
85.0
 21
166.3
 31
0.0
  0
LINE
  5
725
330
7E
100
AcDbEntity
  8
AM_4
100
AcDbLine
 10
85.0
 20
163.8
 30
0.0
 11
0.0
 21
163.8
 31
0.0
  0
ENDBLK
  5
81
330
7E
100
AcDbEntity
  8
0
100
AcDbBlockEnd
  0
BLOCK
  5
728
330
726
100
AcDbEntity
  8
0
100
AcDbBlockBegin
  2
3_MEDLN83SE_0_in_MEDLN83SE_1100
 70
     2
 10
0.0
 20
0.0
 30
0.0
  3
3_MEDLN83SE_0_in_MEDLN83SE_1100
  1

  0
ATTDEF
  5
72A
330
726
100
AcDbEntity
  8
AM_6
100
AcDbText
 10
91.45000000000002
 20
434.83
 30
0.0
 40
0.5
  1
Amp
100
AcDbAttributeDefinition
  3

  2
NN
 70
     8
  0
ATTDEF
  5
72B
330
726
100
AcDbEntity
  8
AM_6
100
AcDbText
 10
91.45000000000002
 20
434.33
 30
0.0
 40
0.5
  1

100
AcDbAttributeDefinition
  3

  2
NT
 70
     8
  0
ATTDEF
  5
72C
330
726
100
AcDbEntity
  8
AM_6
100
AcDbText
 10
91.45000000000002
 20
433.83
 30
0.0
 40
0.5
  1
MEDLN83SE
100
AcDbAttributeDefinition
  3

  2
NB
 70
     8
  0
ATTDEF
  5
72D
330
726
100
AcDbEntity
  8
AM_6
100
AcDbText
 10
91.45000000000002
 20
433.33
 30
0.0
 40
0.5
  1
$CNSORDERNO.
100
AcDbAttributeDefinition
  3

  2
NBSYN
 70
     8
  0
ATTDEF
  5
72E
330
726
100
AcDbEntity
  8
AM_6
100
AcDbText
 10
91.45000000000002
 20
432.83
 30
0.0
 40
0.5
  1
MEDLN83SE
100
AcDbAttributeDefinition
  3

  2
LINA
 70
     8
  0
ATTDEF
  5
72F
330
726
100
AcDbEntity
  8
AM_6
100
AcDbText
 10
91.45000000000002
 20
432.33
 30
0.0
 40
0.5
  1
MEDLN83SE
100
AcDbAttributeDefinition
  3

  2
CNSORDERNO
 70
     8
  0
ATTDEF
  5
730
330
726
100
AcDbEntity
  8
AM_6
100
AcDbText
 10
91.45000000000002
 20
431.83
 30
0.0
 40
0.5
  1
E
100
AcDbAttributeDefinition
  3

  2
F
 70
     8
  0
ATTDEF
  5
731
330
726
100
AcDbEntity
  8
AM_6
100
AcDbText
 10
91.45000000000002
 20
431.33
 30
0.0
 40
0.5
  1
2kW
100
AcDbAttributeDefinition
  3

  2
MC
 70
     8
  0
ATTDEF
  5
732
330
726
100
AcDbEntity
  8
AM_6
100
AcDbText
 10
91.45000000000002
 20
430.83
 30
0.0
 40
0.5
  1
200V
100
AcDbAttributeDefinition
  3

  2
PSV
 70
     8
  0
ATTDEF
  5
733
330
726
100
AcDbEntity
  8
AM_6
100
AcDbText
 10
91.45000000000002
 20
430.33
 30
0.0
 40
0.5
  1
E : Standard type
100
AcDbAttributeDefinition
  3

  2
ES
 70
     8
  0
ATTDEF
  5
734
330
726
100
AcDbEntity
  8
AM_6
100
AcDbText
 10
91.45000000000002
 20
429.83
 30
0.0
 40
0.5
  1
matsushita
100
AcDbAttributeDefinition
  3

  2
COMPANY
 70
     8
  0
ARC
  5
735
330
726
100
AcDbEntity
  8
AM_9
100
AcDbCircle
 10
11.06600000000001
 20
314.23
 30
0.0
 40
0.4999999999999432
100
AcDbArc
 50
270.0
 51
0.0
  0
LINE
  5
736
330
726
100
AcDbEntity
  8
AM_9
100
AcDbLine
 10
11.566
 20
314.23
 30
0.0
 11
11.566
 21
316.43
 31
0.0
  0
ARC
  5
737
330
726
100
AcDbEntity
  8
AM_9
100
AcDbCircle
 10
11.06600000000001
 20
355.23
 30
0.0
 40
0.4999999999999432
100
AcDbArc
 50
270.0
 51
0.0
  0
ARC
  5
738
330
726
100
AcDbEntity
  8
AM_9
100
AcDbCircle
 10
11.06600000000003
 20
316.43
 30
0.0
 40
0.4999999999999716
100
AcDbArc
 50
0.0
 51
90.0
  0
LINE
  5
739
330
726
100
AcDbEntity
  8
AM_9
100
AcDbLine
 10
0.5000000000000071
 20
313.73
 30
0.0
 11
11.066
 21
313.73
 31
0.0
  0
ARC
  5
73A
330
726
100
AcDbEntity
  8
AM_9
100
AcDbCircle
 10
0.5000000000000017
 20
313.2300000000001
 30
0.0
 40
0.4999999999999432
100
AcDbArc
 50
90.0
 51
180.0
  0
ARC
  5
73B
330
726
100
AcDbEntity
  8
AM_9
100
AcDbCircle
 10
0.4999999999999895
 20
317.43
 30
0.0
 40
0.4999999999999823
100
AcDbArc
 50
180.0
 51
270.0
  0
LINE
  5
73C
330
726
100
AcDbEntity
  8
AM_9
100
AcDbLine
 10
11.06600000000002
 20
316.93
 30
0.0
 11
0.5
 21
316.93
 31
0.0
  0
LINE
  5
73D
330
726
100
AcDbEntity
  8
AM_9
100
AcDbLine
 10
11.56600000000001
 20
355.23
 30
0.0
 11
11.566
 21
357.43
 31
0.0
  0
LINE
  5
73E
330
726
100
AcDbEntity
  8
AM_9
100
AcDbLine
 10
0.4999999999999787
 20
354.73
 30
0.0
 11
11.066
 21
354.73
 31
0.0
  0
ARC
  5
73F
330
726
100
AcDbEntity
  8
AM_9
100
AcDbCircle
 10
0.4999999999999703
 20
354.2300000000001
 30
0.0
 40
0.4999999999999432
100
AcDbArc
 50
90.0
 51
180.0
  0
LINE
  5
740
330
726
100
AcDbEntity
  8
AM_9
100
AcDbLine
 10
11.066
 20
357.93
 30
0.0
 11
0.5
 21
357.93
 31
0.0
  0
ARC
  5
741
330
726
100
AcDbEntity
  8
AM_9
100
AcDbCircle
 10
11.066
 20
357.43
 30
0.0
 40
0.4999999999999947
100
AcDbArc
 50
0.0
 51
90.0
  0
ARC
  5
742
330
726
100
AcDbEntity
  8
AM_9
100
AcDbCircle
 10
0.4999999999999911
 20
358.43
 30
0.0
 40
0.4999999999999982
100
AcDbArc
 50
180.0
 51
270.0
  0
LINE
  5
743
330
726
100
AcDbEntity
  8
AM_9
100
AcDbLine
 10
36.5
 20
414.83
 30
0.0
 11
36.5
 21
419.83
 31
0.0
  0
LINE
  5
744
330
726
100
AcDbEntity
  8
AM_9
100
AcDbLine
 10
16.56093467170257
 20
255.33
 30
0.0
 11
16.56093467170257
 21
251.83
 31
0.0
  0
LINE
  5
745
330
726
100
AcDbEntity
  8
AM_9
100
AcDbLine
 10
17.00000000000002
 20
255.33
 30
0.0
 11
17.00000000000002
 21
251.83
 31
0.0
  0
LINE
  5
746
330
726
100
AcDbEntity
  8
AM_9
100
AcDbLine
 10
6.499999999999993
 20
256.83
 30
0.0
 11
6.499999999999993
 21
251.83
 31
0.0
  0
LINE
  5
747
330
726
100
AcDbEntity
  8
AM_9
100
AcDbLine
 10
20.7
 20
414.83
 30
0.0
 11
20.7
 21
419.83
 31
0.0
  0
LINE
  5
748
330
726
100
AcDbEntity
  8
AM_9
100
AcDbLine
 10
10.0
 20
256.83
 30
0.0
 11
10.0
 21
251.83
 31
0.0
  0
LINE
  5
749
330
726
100
AcDbEntity
  8
AM_9
100
AcDbLine
 10
20.7
 20
414.83
 30
0.0
 11
24.2
 21
414.83
 31
0.0
  0
LINE
  5
74A
330
726
100
AcDbEntity
  8
AM_9
100
AcDbLine
 10
24.2
 20
414.83
 30
0.0
 11
24.2
 21
419.83
 31
0.0
  0
LINE
  5
74B
330
726
100
AcDbEntity
  8
AM_9
100
AcDbLine
 10
30.46093467170257
 20
416.33
 30
0.0
 11
30.46093467170257
 21
419.83
 31
0.0
  0
LINE
  5
74C
330
726
100
AcDbEntity
  8
AM_9
100
AcDbLine
 10
30.90000000000003
 20
416.33
 30
0.0
 11
30.90000000000003
 21
419.83
 31
0.0
  0
LINE
  5
74D
330
726
100
AcDbEntity
  8
AM_9
100
AcDbLine
 10
8.494
 20
414.83
 30
0.0
 11
8.494
 21
419.83
 31
0.0
  0
LINE
  5
74E
330
726
100
AcDbEntity
  8
AM_9
100
AcDbLine
 10
11.006
 20
414.83
 30
0.0
 11
11.006
 21
419.83
 31
0.0
  0
LINE
  5
74F
330
726
100
AcDbEntity
  8
AM_9
100
AcDbLine
 10
11.20000000000001
 20
255.33
 30
0.0
 11
11.20000000000001
 21
251.83
 31
0.0
  0
LINE
  5
750
330
726
100
AcDbEntity
  8
AM_9
100
AcDbLine
 10
25.1
 20
416.33
 30
0.0
 11
25.1
 21
419.83
 31
0.0
  0
LINE
  5
751
330
726
100
AcDbEntity
  8
AM_9
100
AcDbLine
 10
64.43734296383275
 20
256.83
 30
0.0
 11
64.43734296383275
 21
251.83
 31
0.0
  0
LINE
  5
752
330
726
100
AcDbEntity
  8
AM_9
100
AcDbLine
 10
22.52449315109238
 20
256.83
 30
0.0
 11
22.52449315109238
 21
251.83
 31
0.0
  0
LINE
  5
753
330
726
100
AcDbEntity
  8
AM_9
100
AcDbLine
 10
31.03723539224847
 20
251.83
 30
0.0
 11
31.03723539224847
 21
256.83
 31
0.0
  0
LINE
  5
754
330
726
100
AcDbEntity
  8
AM_9
100
AcDbLine
 10
39.56265703616725
 20
251.83
 30
0.0
 11
39.56265703616725
 21
256.83
 31
0.0
  0
LINE
  5
755
330
726
100
AcDbEntity
  8
AM_9
100
AcDbLine
 10
72.96276460775152
 20
256.83
 30
0.0
 11
72.96276460775152
 21
251.83
 31
0.0
  0
LINE
  5
756
330
726
100
AcDbEntity
  8
AM_9
100
AcDbLine
 10
81.47550684890763
 20
256.83
 30
0.0
 11
81.47550684890763
 21
251.83
 31
0.0
  0
LINE
  5
757
330
726
100
AcDbEntity
  8
AM_9
100
AcDbLine
 10
14.0
 20
256.83
 30
0.0
 11
14.0
 21
251.83
 31
0.0
  0
LINE
  5
758
330
726
100
AcDbEntity
  8
AM_9
100
AcDbLine
 10
17.5
 20
256.83
 30
0.0
 11
17.5
 21
251.83
 31
0.0
  0
LINE
  5
759
330
726
100
AcDbEntity
  8
AM_9
100
AcDbLine
 10
8.0
 20
255.33
 30
0.0
 11
8.0
 21
251.83
 31
0.0
  0
LINE
  5
75A
330
726
100
AcDbEntity
  8
AM_9
100
AcDbLine
 10
46.60571188534963
 20
256.83
 30
0.0
 11
46.60571188534963
 21
251.83
 31
0.0
  0
LINE
  5
75B
330
726
100
AcDbEntity
  8
AM_9
100
AcDbLine
 10
45.62132458891346
 20
251.83
 30
0.0
 11
45.62132458891346
 21
256.83
 31
0.0
  0
LINE
  5
75C
330
726
100
AcDbEntity
  8
AM_9
100
AcDbLine
 10
57.39428811465035
 20
251.83
 30
0.0
 11
57.39428811465035
 21
256.83
 31
0.0
  0
LINE
  5
75D
330
726
100
AcDbEntity
  8
AM_9
100
AcDbLine
 10
58.37867541108654
 20
256.83
 30
0.0
 11
58.37867541108654
 21
251.83
 31
0.0
  0
LINE
  5
75E
330
726
100
AcDbEntity
  8
AM_9
100
AcDbLine
 10
28.4
 20
414.83
 30
0.0
 11
28.4
 21
419.83
 31
0.0
  0
LINE
  5
75F
330
726
100
AcDbEntity
  8
AM_9
100
AcDbLine
 10
31.9
 20
414.83
 30
0.0
 11
31.9
 21
419.83
 31
0.0
  0
LINE
  5
760
330
726
100
AcDbEntity
  8
AM_9
100
AcDbLine
 10
28.4
 20
414.83
 30
0.0
 11
31.9
 21
414.83
 31
0.0
  0
LINE
  5
761
330
726
100
AcDbEntity
  8
AM_9
100
AcDbLine
 10
21.9
 20
416.33
 30
0.0
 11
21.9
 21
419.83
 31
0.0
  0
LINE
  5
762
330
726
100
AcDbEntity
  8
AM_9
100
AcDbLine
 10
38.5
 20
414.83
 30
0.0
 11
38.5
 21
419.83
 31
0.0
  0
LINE
  5
763
330
726
100
AcDbEntity
  8
AM_9
100
AcDbLine
 10
46.0
 20
414.83
 30
0.0
 11
46.0
 21
419.83
 31
0.0
  0
LINE
  5
764
330
726
100
AcDbEntity
  8
AM_9
100
AcDbLine
 10
43.5
 20
414.83
 30
0.0
 11
43.5
 21
419.83
 31
0.0
  0
LINE
  5
765
330
726
100
AcDbEntity
  8
AM_9
100
AcDbLine
 10
11.23000000000004
 20
255.33
 30
0.0
 11
11.23000000000004
 21
251.83
 31
0.0
  0
LINE
  5
766
330
726
100
AcDbEntity
  8
AM_9
100
AcDbLine
 10
11.0
 20
255.33
 30
0.0
 11
11.0
 21
251.83
 31
0.0
  0
LINE
  5
767
330
726
100
AcDbEntity
  8
AM_9
100
AcDbLine
 10
13.3
 20
255.33
 30
0.0
 11
13.3
 21
251.83
 31
0.0
  0
LINE
  5
768
330
726
100
AcDbEntity
  8
AM_9
100
AcDbLine
 10
42.32158697384789
 20
256.83
 30
0.0
 11
42.32158697384789
 21
251.83
 31
0.0
  0
LINE
  5
769
330
726
100
AcDbEntity
  8
AM_9
100
AcDbLine
 10
61.6784130261521
 20
251.83
 30
0.0
 11
61.6784130261521
 21
256.83
 31
0.0
  0
LINE
  5
76A
330
726
100
AcDbEntity
  8
AM_9
100
AcDbLine
 10
25.12999999999999
 20
416.33
 30
0.0
 11
25.12999999999999
 21
419.83
 31
0.0
  0
LINE
  5
76B
330
726
100
AcDbEntity
  8
AM_9
100
AcDbLine
 10
24.9
 20
416.33
 30
0.0
 11
24.9
 21
419.83
 31
0.0
  0
LINE
  5
76C
330
726
100
AcDbEntity
  8
AM_9
100
AcDbLine
 10
59.91064607318577
 20
256.83
 30
0.0
 11
59.91064607318577
 21
251.83
 31
0.0
  0
LINE
  5
76D
330
726
100
AcDbEntity
  8
AM_9
100
AcDbLine
 10
55.62652116168402
 20
256.83
 30
0.0
 11
55.62652116168402
 21
251.83
 31
0.0
  0
LINE
  5
76E
330
726
100
AcDbEntity
  8
AM_9
100
AcDbLine
 10
44.08935392681425
 20
251.83
 30
0.0
 11
44.08935392681425
 21
256.83
 31
0.0
  0
LINE
  5
76F
330
726
100
AcDbEntity
  8
AM_9
100
AcDbLine
 10
48.373478838316
 20
251.83
 30
0.0
 11
48.373478838316
 21
256.83
 31
0.0
  0
LINE
  5
770
330
726
100
AcDbEntity
  8
AM_9
100
AcDbLine
 10
40.54640744521196
 20
256.83
 30
0.0
 11
40.54640744521196
 21
251.83
 31
0.0
  0
LINE
  5
771
330
726
100
AcDbEntity
  8
AM_9
100
AcDbLine
 10
37.05217407112325
 20
251.83
 30
0.0
 11
37.05217407112325
 21
256.83
 31
0.0
  0
LINE
  5
772
330
726
100
AcDbEntity
  8
AM_9
100
AcDbLine
 10
63.45359255478803
 20
251.83
 30
0.0
 11
63.45359255478802
 21
256.83
 31
0.0
  0
LINE
  5
773
330
726
100
AcDbEntity
  8
AM_9
100
AcDbLine
 10
66.94782592887674
 20
256.83
 30
0.0
 11
66.94782592887674
 21
251.83
 31
0.0
  0
LINE
  5
774
330
726
100
AcDbEntity
  8
AM_9
100
AcDbLine
 10
32.41744974835125
 20
416.33
 30
0.0
 11
32.41744974835125
 21
419.83
 31
0.0
  0
LINE
  5
775
330
726
100
AcDbEntity
  8
AM_9
100
AcDbLine
 10
32.89999999999999
 20
416.33
 30
0.0
 11
32.89999999999999
 21
419.83
 31
0.0
  0
LINE
  5
776
330
726
100
AcDbEntity
  8
AM_9
100
AcDbLine
 10
18.51744974835125
 20
255.33
 30
0.0
 11
18.51744974835125
 21
251.83
 31
0.0
  0
LINE
  5
777
330
726
100
AcDbEntity
  8
AM_9
100
AcDbLine
 10
18.99999999999999
 20
255.33
 30
0.0
 11
18.99999999999999
 21
251.83
 31
0.0
  0
LINE
  5
778
330
726
100
AcDbEntity
  8
AM_9
100
AcDbLine
 10
28.09302010065949
 20
416.33
 30
0.0
 11
28.09302010065949
 21
419.83
 31
0.0
  0
LINE
  5
779
330
726
100
AcDbEntity
  8
AM_9
100
AcDbLine
 10
14.1930201006595
 20
255.33
 30
0.0
 11
14.1930201006595
 21
251.83
 31
0.0
  0
LINE
  5
77A
330
726
100
AcDbEntity
  8
AM_9
100
AcDbLine
 10
36.29320351695835
 20
256.83
 30
0.0
 11
36.29320351695835
 21
251.83
 31
0.0
  0
LINE
  5
77B
330
726
100
AcDbEntity
  8
AM_9
100
AcDbLine
 10
67.70679648304164
 20
251.83
 30
0.0
 11
67.70679648304164
 21
256.83
 31
0.0
  0
LINE
  5
77C
330
726
100
AcDbEntity
  8
AM_9
100
AcDbLine
 10
65.93902953007529
 20
256.83
 30
0.0
 11
65.93902953007529
 21
251.83
 31
0.0
  0
LINE
  5
77D
330
726
100
AcDbEntity
  8
AM_9
100
AcDbLine
 10
61.68582560182168
 20
256.83
 30
0.0
 11
61.68582560182169
 21
251.83
 31
0.0
  0
LINE
  5
77E
330
726
100
AcDbEntity
  8
AM_9
100
AcDbLine
 10
38.06097046992472
 20
251.83
 30
0.0
 11
38.06097046992472
 21
256.83
 31
0.0
  0
LINE
  5
77F
330
726
100
AcDbEntity
  8
AM_9
100
AcDbLine
 10
42.31417439817832
 20
251.83
 30
0.0
 11
42.31417439817832
 21
256.83
 31
0.0
  0
LINE
  5
780
330
726
100
AcDbEntity
  8
AM_9
100
AcDbLine
 10
34.52263135613862
 20
256.83
 30
0.0
 11
34.52263135613862
 21
251.83
 31
0.0
  0
LINE
  5
781
330
726
100
AcDbEntity
  8
AM_9
100
AcDbLine
 10
28.53326822925698
 20
251.83
 30
0.0
 11
28.53326822925698
 21
256.83
 31
0.0
  0
LINE
  5
782
330
726
100
AcDbEntity
  8
AM_9
100
AcDbLine
 10
69.47736864386137
 20
251.83
 30
0.0
 11
69.47736864386135
 21
256.83
 31
0.0
  0
LINE
  5
783
330
726
100
AcDbEntity
  8
AM_9
100
AcDbLine
 10
75.46673177074302
 20
256.83
 30
0.0
 11
75.46673177074302
 21
251.83
 31
0.0
  0
LINE
  5
784
330
726
100
AcDbEntity
  8
AM_9
100
AcDbLine
 10
56.0
 20
414.83
 30
0.0
 11
56.0
 21
419.83
 31
0.0
  0
LINE
  5
785
330
726
100
AcDbEntity
  8
AM_9
100
AcDbLine
 10
71.0
 20
414.83
 30
0.0
 11
71.0
 21
419.83
 31
0.0
  0
LINE
  5
786
330
726
100
AcDbEntity
  8
AM_9
100
AcDbLine
 10
68.5
 20
414.83
 30
0.0
 11
68.5
 21
419.83
 31
0.0
  0
LINE
  5
787
330
726
100
AcDbEntity
  8
AM_9
100
AcDbLine
 10
27.20000000000002
 20
416.33
 30
0.0
 11
27.20000000000002
 21
419.83
 31
0.0
  0
LINE
  5
788
330
726
100
AcDbEntity
  8
AM_9
100
AcDbLine
 10
20.1
 20
416.33
 30
0.0
 11
20.1
 21
419.83
 31
0.0
  0
LINE
  5
789
330
726
100
AcDbEntity
  8
AM_9
100
AcDbLine
 10
30.27378575174372
 20
256.83
 30
0.0
 11
30.27378575174372
 21
251.83
 31
0.0
  0
LINE
  5
78A
330
726
100
AcDbEntity
  8
AM_9
100
AcDbLine
 10
22.52449315109238
 20
256.83
 30
0.0
 11
81.47550684890763
 21
256.83
 31
0.0
  0
LINE
  5
78B
330
726
100
AcDbEntity
  8
AM_9
100
AcDbLine
 10
73.72621424825628
 20
256.83
 30
0.0
 11
73.72621424825628
 21
251.83
 31
0.0
  0
LINE
  5
78C
330
726
100
AcDbEntity
  8
AM_9
100
AcDbLine
 10
32.04155270471008
 20
256.83
 30
0.0
 11
32.04155270471009
 21
251.83
 31
0.0
  0
LINE
  5
78D
330
726
100
AcDbEntity
  8
AM_9
100
AcDbLine
 10
71.95844729528993
 20
256.83
 30
0.0
 11
71.95844729528993
 21
251.83
 31
0.0
  0
LINE
  5
78E
330
726
100
AcDbEntity
  8
AM_9
100
AcDbLine
 10
67.70960169089503
 20
256.83
 30
0.0
 11
67.70960169089503
 21
251.83
 31
0.0
  0
LINE
  5
78F
330
726
100
AcDbEntity
  8
AM_9
100
AcDbLine
 10
36.29039830910499
 20
251.83
 30
0.0
 11
36.29039830910499
 21
256.83
 31
0.0
  0
LINE
  5
790
330
726
100
AcDbEntity
  8
AM_9
100
AcDbLine
 10
84.85714285714286
 20
419.83
 30
0.0
 11
84.85714285714286
 21
251.83
 31
0.0
  0
LINE
  5
791
330
726
100
AcDbEntity
  8
AM_9
100
AcDbLine
 10
84.5
 20
419.83
 30
0.0
 11
84.5
 21
251.83
 31
0.0
  0
LINE
  5
792
330
726
100
AcDbEntity
  8
AM_9
100
AcDbLine
 10
50.75
 20
256.83
 30
0.0
 11
50.75
 21
251.83
 31
0.0
  0
LINE
  5
793
330
726
100
AcDbEntity
  8
AM_9
100
AcDbLine
 10
53.25
 20
256.83
 30
0.0
 11
53.25
 21
251.83
 31
0.0
  0
LINE
  5
794
330
726
100
AcDbEntity
  8
AM_9
100
AcDbLine
 10
14.2
 20
255.33
 30
0.0
 11
14.2
 21
251.83
 31
0.0
  0
LINE
  5
795
330
726
100
AcDbEntity
  8
AM_9
100
AcDbLine
 10
13.69999999999999
 20
255.33
 30
0.0
 11
13.69999999999999
 21
251.83
 31
0.0
  0
LINE
  5
796
330
726
100
AcDbEntity
  8
AM_9
100
AcDbLine
 10
13.5
 20
255.33
 30
0.0
 11
13.5
 21
251.83
 31
0.0
  0
LINE
  5
797
330
726
100
AcDbEntity
  8
AM_9
100
AcDbLine
 10
25.2
 20
255.33
 30
0.0
 11
25.2
 21
251.83
 31
0.0
  0
LINE
  5
798
330
726
100
AcDbEntity
  8
AM_9
100
AcDbLine
 10
45.5
 20
256.83
 30
0.0
 11
45.5
 21
251.83
 31
0.0
  0
LINE
  5
799
330
726
100
AcDbEntity
  8
AM_9
100
AcDbLine
 10
49.0
 20
256.83
 30
0.0
 11
49.0
 21
251.83
 31
0.0
  0
LINE
  5
79A
330
726
100
AcDbEntity
  8
AM_9
100
AcDbLine
 10
49.006
 20
414.83
 30
0.0
 11
49.006
 21
419.83
 31
0.0
  0
LINE
  5
79B
330
726
100
AcDbEntity
  8
AM_9
100
AcDbLine
 10
39.992
 20
414.83
 30
0.0
 11
39.992
 21
419.83
 31
0.0
  0
LINE
  5
79C
330
726
100
AcDbEntity
  8
AM_9
100
AcDbLine
 10
36.5
 20
414.83
 30
0.0
 11
57.0
 21
414.83
 31
0.0
  0
LINE
  5
79D
330
726
100
AcDbEntity
  8
AM_9
100
AcDbLine
 10
4.506
 20
414.83
 30
0.0
 11
4.506
 21
419.83
 31
0.0
  0
LINE
  5
79E
330
726
100
AcDbEntity
  8
AM_9
100
AcDbLine
 10
10.994
 20
414.83
 30
0.0
 11
10.994
 21
419.83
 31
0.0
  0
LINE
  5
79F
330
726
100
AcDbEntity
  8
AM_9
100
AcDbLine
 10
77.0
 20
403.33
 30
0.0
 11
84.5
 21
403.33
 31
0.0
  0
LINE
  5
7A0
330
726
100
AcDbEntity
  8
AM_9
100
AcDbLine
 10
84.5
 20
406.33
 30
0.0
 11
77.0
 21
406.33
 31
0.0
  0
LINE
  5
7A1
330
726
100
AcDbEntity
  8
AM_9
100
AcDbLine
 10
77.0
 20
406.33
 30
0.0
 11
77.0
 21
403.33
 31
0.0
  0
LINE
  5
7A2
330
726
100
AcDbEntity
  8
AM_9
100
AcDbLine
 10
84.5
 20
403.33
 30
0.0
 11
85.0
 21
402.83
 31
0.0
  0
LINE
  5
7A3
330
726
100
AcDbEntity
  8
AM_9
100
AcDbLine
 10
85.0
 20
406.83
 30
0.0
 11
84.5
 21
406.33
 31
0.0
  0
LINE
  5
7A4
330
726
100
AcDbEntity
  8
AM_9
100
AcDbLine
 10
85.0
 20
407.7685
 30
0.0
 11
84.49977321464993
 21
408.2865
 31
0.0
  0
LINE
  5
7A5
330
726
100
AcDbEntity
  8
AM_9
100
AcDbLine
 10
84.49977321464993
 20
401.3735
 30
0.0
 11
85.0
 21
401.8915
 31
0.0
  0
LINE
  5
7A6
330
726
100
AcDbEntity
  8
AM_9
100
AcDbLine
 10
84.49977321464993
 20
408.2865
 30
0.0
 11
83.0
 21
408.3126786388393
 31
0.0
  0
LINE
  5
7A7
330
726
100
AcDbEntity
  8
AM_9
100
AcDbLine
 10
83.0
 20
401.3473213611607
 30
0.0
 11
84.49977321464993
 21
401.3735
 31
0.0
  0
LINE
  5
7A8
330
726
100
AcDbEntity
  8
AM_9
100
AcDbLine
 10
84.49977321464993
 20
408.2865
 30
0.0
 11
84.49977321464993
 21
401.3735
 31
0.0
  0
LINE
  5
7A9
330
726
100
AcDbEntity
  8
AM_9
100
AcDbLine
 10
83.0
 20
401.0298415389835
 30
0.0
 11
85.0
 21
400.96
 31
0.0
  0
LINE
  5
7AA
330
726
100
AcDbEntity
  8
AM_9
100
AcDbLine
 10
85.0
 20
408.7
 30
0.0
 11
83.0
 21
408.6301584610165
 31
0.0
  0
LINE
  5
7AB
330
726
100
AcDbEntity
  8
AM_9
100
AcDbLine
 10
83.0
 20
408.6301584610165
 30
0.0
 11
83.0
 21
401.0298415389835
 31
0.0
  0
LINE
  5
7AC
330
726
100
AcDbEntity
  8
AM_9
100
AcDbLine
 10
39.50575815636458
 20
255.33
 30
0.0
 11
39.50575815636458
 21
251.83
 31
0.0
  0
LINE
  5
7AD
330
726
100
AcDbEntity
  8
AM_9
100
AcDbLine
 10
44.50575815636458
 20
251.83
 30
0.0
 11
44.50575815636458
 21
255.33
 31
0.0
  0
LINE
  5
7AE
330
726
100
AcDbEntity
  8
AM_9
100
AcDbLine
 10
44.50575815636458
 20
416.33
 30
0.0
 11
44.50575815636458
 21
419.83
 31
0.0
  0
LINE
  5
7AF
330
726
100
AcDbEntity
  8
AM_9
100
AcDbLine
 10
39.50575815636458
 20
419.83
 30
0.0
 11
39.50575815636458
 21
416.33
 31
0.0
  0
LINE
  5
7B0
330
726
100
AcDbEntity
  8
AM_9
100
AcDbLine
 10
8.5
 20
414.83
 30
0.0
 11
8.5
 21
419.83
 31
0.0
  0
LINE
  5
7B1
330
726
100
AcDbEntity
  8
AM_9
100
AcDbLine
 10
15.0
 20
414.83
 30
0.0
 11
15.0
 21
419.83
 31
0.0
  0
LINE
  5
7B2
330
726
100
AcDbEntity
  8
AM_9
100
AcDbLine
 10
15.0
 20
256.83
 30
0.0
 11
15.0
 21
251.83
 31
0.0
  0
LINE
  5
7B3
330
726
100
AcDbEntity
  8
AM_9
100
AcDbLine
 10
20.5
 20
256.83
 30
0.0
 11
20.5
 21
251.83
 31
0.0
  0
LINE
  5
7B4
330
726
100
AcDbEntity
  8
AM_9
100
AcDbLine
 10
16.5
 20
256.83
 30
0.0
 11
16.5
 21
251.83
 31
0.0
  0
LINE
  5
7B5
330
726
100
AcDbEntity
  8
AM_9
100
AcDbLine
 10
8.5
 20
256.83
 30
0.0
 11
8.5
 21
251.83
 31
0.0
  0
LINE
  5
7B6
330
726
100
AcDbEntity
  8
AM_9
100
AcDbLine
 10
42.48458484735009
 20
255.33
 30
0.0
 11
42.48458484735009
 21
251.83
 31
0.0
  0
LINE
  5
7B7
330
726
100
AcDbEntity
  8
AM_9
100
AcDbLine
 10
49.65575815636458
 20
251.83
 30
0.0
 11
49.65575815636458
 21
255.33
 31
0.0
  0
LINE
  5
7B8
330
726
100
AcDbEntity
  8
AM_9
100
AcDbLine
 10
49.65575815636458
 20
416.33
 30
0.0
 11
49.65575815636458
 21
419.83
 31
0.0
  0
LINE
  5
7B9
330
726
100
AcDbEntity
  8
AM_9
100
AcDbLine
 10
42.48458484735009
 20
416.33
 30
0.0
 11
42.48458484735009
 21
419.83
 31
0.0
  0
LINE
  5
7BA
330
726
100
AcDbEntity
  8
AM_9
100
AcDbLine
 10
27.59999999999996
 20
416.33
 30
0.0
 11
27.59999999999996
 21
419.83
 31
0.0
  0
LINE
  5
7BB
330
726
100
AcDbEntity
  8
AM_9
100
AcDbLine
 10
33.09999999999996
 20
255.33
 30
0.0
 11
33.09999999999996
 21
251.83
 31
0.0
  0
LINE
  5
7BC
330
726
100
AcDbEntity
  8
AM_9
100
AcDbLine
 10
53.506
 20
414.83
 30
0.0
 11
53.506
 21
419.83
 31
0.0
  0
LINE
  5
7BD
330
726
100
AcDbEntity
  8
AM_9
100
AcDbLine
 10
56.994
 20
414.83
 30
0.0
 11
56.994
 21
419.83
 31
0.0
  0
LINE
  5
7BE
330
726
100
AcDbEntity
  8
AM_9
100
AcDbLine
 10
6.999999999999993
 20
414.83
 30
0.0
 11
6.999999999999993
 21
419.83
 31
0.0
  0
LINE
  5
7BF
330
726
100
AcDbEntity
  8
AM_9
100
AcDbLine
 10
53.0
 20
256.83
 30
0.0
 11
53.0
 21
251.83
 31
0.0
  0
LINE
  5
7C0
330
726
100
AcDbEntity
  8
AM_9
100
AcDbLine
 10
42.49999999999977
 20
416.33
 30
0.0
 11
42.49999999999977
 21
419.83
 31
0.0
  0
LINE
  5
7C1
330
726
100
AcDbEntity
  8
AM_9
100
AcDbLine
 10
50.15575815636458
 20
416.33
 30
0.0
 11
50.15575815636458
 21
419.83
 31
0.0
  0
LINE
  5
7C2
330
726
100
AcDbEntity
  8
AM_9
100
AcDbLine
 10
42.49999999999977
 20
255.33
 30
0.0
 11
42.49999999999977
 21
251.83
 31
0.0
  0
LINE
  5
7C3
330
726
100
AcDbEntity
  8
AM_9
100
AcDbLine
 10
50.15575815636458
 20
251.83
 30
0.0
 11
50.15575815636458
 21
255.33
 31
0.0
  0
LINE
  5
7C4
330
726
100
AcDbEntity
  8
AM_9
100
AcDbLine
 10
28.09999999999996
 20
416.33
 30
0.0
 11
28.09999999999996
 21
419.83
 31
0.0
  0
LINE
  5
7C5
330
726
100
AcDbEntity
  8
AM_9
100
AcDbLine
 10
33.59999999999996
 20
255.33
 30
0.0
 11
33.59999999999996
 21
251.83
 31
0.0
  0
LINE
  5
7C6
330
726
100
AcDbEntity
  8
AM_9
100
AcDbLine
 10
14.88255025164875
 20
255.33
 30
0.0
 11
14.88255025164875
 21
251.83
 31
0.0
  0
LINE
  5
7C7
330
726
100
AcDbEntity
  8
AM_9
100
AcDbLine
 10
14.4
 20
255.33
 30
0.0
 11
14.4
 21
251.83
 31
0.0
  0
LINE
  5
7C8
330
726
100
AcDbEntity
  8
AM_9
100
AcDbLine
 10
9.382550251648745
 20
416.33
 30
0.0
 11
9.382550251648745
 21
419.83
 31
0.0
  0
LINE
  5
7C9
330
726
100
AcDbEntity
  8
AM_9
100
AcDbLine
 10
8.899999999999999
 20
416.33
 30
0.0
 11
8.899999999999999
 21
419.83
 31
0.0
  0
LINE
  5
7CA
330
726
100
AcDbEntity
  8
AM_9
100
AcDbLine
 10
25.2069798993405
 20
255.33
 30
0.0
 11
25.2069798993405
 21
251.83
 31
0.0
  0
LINE
  5
7CB
330
726
100
AcDbEntity
  8
AM_9
100
AcDbLine
 10
19.7069798993405
 20
416.33
 30
0.0
 11
19.7069798993405
 21
419.83
 31
0.0
  0
LINE
  5
7CC
330
726
100
AcDbEntity
  8
AM_9
100
AcDbLine
 10
26.4
 20
255.33
 30
0.0
 11
26.4
 21
251.83
 31
0.0
  0
LINE
  5
7CD
330
726
100
AcDbEntity
  8
AM_9
100
AcDbLine
 10
20.90000000000001
 20
416.33
 30
0.0
 11
20.90000000000001
 21
419.83
 31
0.0
  0
LINE
  5
7CE
330
726
100
AcDbEntity
  8
AM_9
100
AcDbLine
 10
26.9
 20
416.33
 30
0.0
 11
26.9
 21
419.83
 31
0.0
  0
LINE
  5
7CF
330
726
100
AcDbEntity
  8
AM_9
100
AcDbLine
 10
32.4
 20
255.33
 30
0.0
 11
32.4
 21
251.83
 31
0.0
  0
LINE
  5
7D0
330
726
100
AcDbEntity
  8
AM_9
100
AcDbLine
 10
38.4
 20
256.83
 30
0.0
 11
38.4
 21
251.83
 31
0.0
  0
LINE
  5
7D1
330
726
100
AcDbEntity
  8
AM_9
100
AcDbLine
 10
20.4
 20
256.83
 30
0.0
 11
20.4
 21
251.83
 31
0.0
  0
LINE
  5
7D2
330
726
100
AcDbEntity
  8
AM_9
100
AcDbLine
 10
16.9
 20
256.83
 30
0.0
 11
16.9
 21
251.83
 31
0.0
  0
LINE
  5
7D3
330
726
100
AcDbEntity
  8
AM_9
100
AcDbLine
 10
41.9
 20
256.83
 30
0.0
 11
41.9
 21
251.83
 31
0.0
  0
LINE
  5
7D4
330
726
100
AcDbEntity
  8
AM_9
100
AcDbLine
 10
32.7
 20
414.83
 30
0.0
 11
36.4
 21
414.83
 31
0.0
  0
LINE
  5
7D5
330
726
100
AcDbEntity
  8
AM_9
100
AcDbLine
 10
14.9
 20
414.83
 30
0.0
 11
14.9
 21
419.83
 31
0.0
  0
LINE
  5
7D6
330
726
100
AcDbEntity
  8
AM_9
100
AcDbLine
 10
11.4
 20
414.83
 30
0.0
 11
11.4
 21
419.83
 31
0.0
  0
LINE
  5
7D7
330
726
100
AcDbEntity
  8
AM_9
100
AcDbLine
 10
36.4
 20
414.83
 30
0.0
 11
36.4
 21
419.83
 31
0.0
  0
LINE
  5
7D8
330
726
100
AcDbEntity
  8
AM_9
100
AcDbLine
 10
32.7
 20
414.83
 30
0.0
 11
32.7
 21
419.83
 31
0.0
  0
LINE
  5
7D9
330
726
100
AcDbEntity
  8
AM_9
100
AcDbLine
 10
77.0
 20
274.33
 30
0.0
 11
84.5
 21
274.33
 31
0.0
  0
LINE
  5
7DA
330
726
100
AcDbEntity
  8
AM_9
100
AcDbLine
 10
84.5
 20
277.33
 30
0.0
 11
77.0
 21
277.33
 31
0.0
  0
LINE
  5
7DB
330
726
100
AcDbEntity
  8
AM_9
100
AcDbLine
 10
77.0
 20
277.33
 30
0.0
 11
77.0
 21
274.33
 31
0.0
  0
LINE
  5
7DC
330
726
100
AcDbEntity
  8
AM_9
100
AcDbLine
 10
84.5
 20
274.33
 30
0.0
 11
85.0
 21
273.83
 31
0.0
  0
LINE
  5
7DD
330
726
100
AcDbEntity
  8
AM_9
100
AcDbLine
 10
85.0
 20
277.83
 30
0.0
 11
84.5
 21
277.33
 31
0.0
  0
LINE
  5
7DE
330
726
100
AcDbEntity
  8
AM_9
100
AcDbLine
 10
85.0
 20
278.7685
 30
0.0
 11
84.49977321464993
 21
279.2865
 31
0.0
  0
LINE
  5
7DF
330
726
100
AcDbEntity
  8
AM_9
100
AcDbLine
 10
84.49977321464993
 20
272.3735
 30
0.0
 11
85.0
 21
272.8915
 31
0.0
  0
LINE
  5
7E0
330
726
100
AcDbEntity
  8
AM_9
100
AcDbLine
 10
84.49977321464993
 20
279.2865
 30
0.0
 11
83.0
 21
279.3126786388393
 31
0.0
  0
LINE
  5
7E1
330
726
100
AcDbEntity
  8
AM_9
100
AcDbLine
 10
83.0
 20
272.3473213611607
 30
0.0
 11
84.49977321464993
 21
272.3735
 31
0.0
  0
LINE
  5
7E2
330
726
100
AcDbEntity
  8
AM_9
100
AcDbLine
 10
84.49977321464993
 20
279.2865
 30
0.0
 11
84.49977321464993
 21
272.3735
 31
0.0
  0
LINE
  5
7E3
330
726
100
AcDbEntity
  8
AM_9
100
AcDbLine
 10
83.0
 20
272.0298415389835
 30
0.0
 11
85.0
 21
271.96
 31
0.0
  0
LINE
  5
7E4
330
726
100
AcDbEntity
  8
AM_9
100
AcDbLine
 10
85.0
 20
279.7
 30
0.0
 11
83.0
 21
279.6301584610165
 31
0.0
  0
LINE
  5
7E5
330
726
100
AcDbEntity
  8
AM_9
100
AcDbLine
 10
83.0
 20
279.6301584610165
 30
0.0
 11
83.0
 21
272.0298415389835
 31
0.0
  0
LINE
  5
7E6
330
726
100
AcDbEntity
  8
AM_9
100
AcDbLine
 10
49.0
 20
414.83
 30
0.0
 11
49.0
 21
419.83
 31
0.0
  0
LINE
  5
7E7
330
726
100
AcDbEntity
  8
AM_9
100
AcDbLine
 10
65.0
 20
256.83
 30
0.0
 11
65.0
 21
251.83
 31
0.0
  0
LINE
  5
7E8
330
726
100
AcDbEntity
  8
AM_9
100
AcDbLine
 10
58.5
 20
256.83
 30
0.0
 11
58.5
 21
251.83
 31
0.0
  0
LINE
  5
7E9
330
726
100
AcDbEntity
  8
AM_9
100
AcDbLine
 10
45.5
 20
414.83
 30
0.0
 11
45.5
 21
419.83
 31
0.0
  0
LINE
  5
7EA
330
726
100
AcDbEntity
  8
AM_9
100
AcDbLine
 10
74.5
 20
256.83
 30
0.0
 11
74.5
 21
251.83
 31
0.0
  0
LINE
  5
7EB
330
726
100
AcDbEntity
  8
AM_9
100
AcDbLine
 10
81.0
 20
256.83
 30
0.0
 11
81.0
 21
251.83
 31
0.0
  0
LINE
  5
7EC
330
726
100
AcDbEntity
  8
AM_9
100
AcDbLine
 10
6.999999999999993
 20
256.83
 30
0.0
 11
6.999999999999993
 21
251.83
 31
0.0
  0
LINE
  5
7ED
330
726
100
AcDbEntity
  8
AM_9
100
AcDbLine
 10
50.5
 20
256.83
 30
0.0
 11
50.5
 21
251.83
 31
0.0
  0
LINE
  5
7EE
330
726
100
AcDbEntity
  8
AM_9
100
AcDbLine
 10
73.0
 20
256.83
 30
0.0
 11
73.0
 21
251.83
 31
0.0
  0
LINE
  5
7EF
330
726
100
AcDbEntity
  8
AM_9
100
AcDbLine
 10
66.5
 20
256.83
 30
0.0
 11
66.5
 21
251.83
 31
0.0
  0
LINE
  5
7F0
330
726
100
AcDbEntity
  8
AM_9
100
AcDbLine
 10
57.0
 20
256.83
 30
0.0
 11
57.0
 21
251.83
 31
0.0
  0
LINE
  5
7F1
330
726
100
AcDbEntity
  8
AM_9
100
AcDbLine
 10
74.5
 20
414.83
 30
0.0
 11
74.5
 21
419.83
 31
0.0
  0
LINE
  5
7F2
330
726
100
AcDbEntity
  8
AM_9
100
AcDbLine
 10
81.0
 20
414.83
 30
0.0
 11
81.0
 21
419.83
 31
0.0
  0
LINE
  5
7F3
330
726
100
AcDbEntity
  8
AM_9
100
AcDbLine
 10
58.5
 20
414.83
 30
0.0
 11
81.0
 21
414.83
 31
0.0
  0
LINE
  5
7F4
330
726
100
AcDbEntity
  8
AM_9
100
AcDbLine
 10
58.5
 20
414.83
 30
0.0
 11
58.5
 21
419.83
 31
0.0
  0
LINE
  5
7F5
330
726
100
AcDbEntity
  8
AM_9
100
AcDbLine
 10
65.0
 20
414.83
 30
0.0
 11
65.0
 21
419.83
 31
0.0
  0
LINE
  5
7F6
330
726
100
AcDbEntity
  8
AM_9
100
AcDbLine
 10
73.0
 20
414.83
 30
0.0
 11
73.0
 21
419.83
 31
0.0
  0
LINE
  5
7F7
330
726
100
AcDbEntity
  8
AM_9
100
AcDbLine
 10
57.0
 20
414.83
 30
0.0
 11
57.0
 21
419.83
 31
0.0
  0
LINE
  5
7F8
330
726
100
AcDbEntity
  8
AM_9
100
AcDbLine
 10
50.5
 20
414.83
 30
0.0
 11
50.5
 21
419.83
 31
0.0
  0
LINE
  5
7F9
330
726
100
AcDbEntity
  8
AM_9
100
AcDbLine
 10
66.5
 20
414.83
 30
0.0
 11
66.5
 21
419.83
 31
0.0
  0
LINE
  5
7FA
330
726
100
AcDbEntity
  8
AM_9
100
AcDbLine
 10
25.4
 20
255.33
 30
0.0
 11
25.4
 21
251.83
 31
0.0
  0
LINE
  5
7FB
330
726
100
AcDbEntity
  8
AM_9
100
AcDbLine
 10
19.9
 20
416.33
 30
0.0
 11
19.9
 21
419.83
 31
0.0
  0
LINE
  5
7FC
330
726
100
AcDbEntity
  8
AM_9
100
AcDbLine
 10
33.4
 20
255.33
 30
0.0
 11
33.4
 21
251.83
 31
0.0
  0
LINE
  5
7FD
330
726
100
AcDbEntity
  8
AM_9
100
AcDbLine
 10
8.0
 20
255.33
 30
0.0
 11
50.15575815636458
 21
255.33
 31
0.0
  0
LINE
  5
7FE
330
726
100
AcDbEntity
  8
AM_9
100
AcDbLine
 10
8.899999999999999
 20
416.33
 30
0.0
 11
50.15575815636458
 21
416.33
 31
0.0
  0
LINE
  5
7FF
330
726
100
AcDbEntity
  8
AM_9
100
AcDbLine
 10
27.4
 20
416.33
 30
0.0
 11
27.4
 21
419.83
 31
0.0
  0
LINE
  5
800
330
726
100
AcDbEntity
  8
AM_9
100
AcDbLine
 10
25.9
 20
255.33
 30
0.0
 11
25.9
 21
251.83
 31
0.0
  0
LINE
  5
801
330
726
100
AcDbEntity
  8
AM_9
100
AcDbLine
 10
32.9
 20
255.33
 30
0.0
 11
32.9
 21
251.83
 31
0.0
  0
LINE
  5
802
330
726
100
AcDbEntity
  8
AM_9
100
AcDbLine
 10
27.9
 20
416.33
 30
0.0
 11
27.9
 21
419.83
 31
0.0
  0
LINE
  5
803
330
726
100
AcDbEntity
  8
AM_9
100
AcDbLine
 10
20.4
 20
416.33
 30
0.0
 11
20.4
 21
419.83
 31
0.0
  0
LINE
  5
804
330
726
100
AcDbEntity
  8
AM_9
100
AcDbLine
 10
5.0
 20
422.33
 30
0.0
 11
5.0
 21
419.83
 31
0.0
  0
LINE
  5
805
330
726
100
AcDbEntity
  8
AM_9
100
AcDbLine
 10
79.99999999999997
 20
422.33
 30
0.0
 11
80.0
 21
419.83
 31
0.0
  0
LINE
  5
806
330
726
100
AcDbEntity
  8
AM_9
100
AcDbLine
 10
80.0
 20
249.33
 30
0.0
 11
80.0
 21
251.83
 31
0.0
  0
LINE
  5
807
330
726
100
AcDbEntity
  8
AM_9
100
AcDbLine
 10
5.0
 20
249.33
 30
0.0
 11
5.0
 21
251.83
 31
0.0
  0
LINE
  5
808
330
726
100
AcDbEntity
  8
AM_9
100
AcDbLine
 10
0.0
 20
256.83
 30
0.0
 11
20.5
 21
256.83
 31
0.0
  0
LINE
  5
809
330
726
100
AcDbEntity
  8
AM_9
100
AcDbLine
 10
4.5
 20
256.83
 30
0.0
 11
4.5
 21
251.83
 31
0.0
  0
LINE
  5
80A
330
726
100
AcDbEntity
  8
AM_9
100
AcDbLine
 10
0.0
 20
414.83
 30
0.0
 11
15.0
 21
414.83
 31
0.0
  0
LINE
  5
80B
330
726
100
AcDbEntity
  8
AM_9
100
AcDbLine
 10
4.5
 20
414.83
 30
0.0
 11
4.5
 21
419.83
 31
0.0
  0
LINE
  5
80C
330
726
100
AcDbEntity
  8
AM_9
100
AcDbLine
 10
78.5
 20
409.53
 30
0.0
 11
84.5
 21
409.53
 31
0.0
  0
LINE
  5
80D
330
726
100
AcDbEntity
  8
AM_9
100
AcDbLine
 10
84.5
 20
412.1300000000001
 30
0.0
 11
78.5
 21
412.1300000000001
 31
0.0
  0
LINE
  5
80E
330
726
100
AcDbEntity
  8
AM_9
100
AcDbLine
 10
78.5
 20
412.1300000000001
 30
0.0
 11
78.5
 21
409.53
 31
0.0
  0
LINE
  5
80F
330
726
100
AcDbEntity
  8
AM_9
100
AcDbLine
 10
84.5
 20
409.53
 30
0.0
 11
85.0
 21
409.03
 31
0.0
  0
LINE
  5
810
330
726
100
AcDbEntity
  8
AM_9
100
AcDbLine
 10
85.0
 20
412.6300000000001
 30
0.0
 11
84.5
 21
412.1300000000001
 31
0.0
  0
LINE
  5
811
330
726
100
AcDbEntity
  8
AM_9
100
AcDbLine
 10
20.5
 20
251.33
 30
0.0
 11
20.5
 21
249.33
 31
0.0
  0
LINE
  5
812
330
726
100
AcDbEntity
  8
AM_9
100
AcDbLine
 10
24.5
 20
420.33
 30
0.0
 11
24.5
 21
422.33
 31
0.0
  0
LINE
  5
813
330
726
100
AcDbEntity
  8
AM_9
100
AcDbLine
 10
20.5
 20
251.33
 30
0.0
 11
24.5
 21
251.33
 31
0.0
  0
LINE
  5
814
330
726
100
AcDbEntity
  8
AM_9
100
AcDbLine
 10
24.5
 20
251.33
 30
0.0
 11
24.5
 21
249.33
 31
0.0
  0
LINE
  5
815
330
726
100
AcDbEntity
  8
AM_9
100
AcDbLine
 10
20.5
 20
420.33
 30
0.0
 11
20.5
 21
422.33
 31
0.0
  0
LINE
  5
816
330
726
100
AcDbEntity
  8
AM_9
100
AcDbLine
 10
20.5
 20
420.33
 30
0.0
 11
24.5
 21
420.33
 31
0.0
  0
LINE
  5
817
330
726
100
AcDbEntity
  8
AM_9
100
AcDbLine
 10
64.5
 20
420.33
 30
0.0
 11
64.5
 21
422.33
 31
0.0
  0
LINE
  5
818
330
726
100
AcDbEntity
  8
AM_9
100
AcDbLine
 10
60.5
 20
420.33
 30
0.0
 11
64.5
 21
420.33
 31
0.0
  0
LINE
  5
819
330
726
100
AcDbEntity
  8
AM_9
100
AcDbLine
 10
60.5
 20
420.33
 30
0.0
 11
60.5
 21
422.33
 31
0.0
  0
LINE
  5
81A
330
726
100
AcDbEntity
  8
AM_9
100
AcDbLine
 10
60.5
 20
251.33
 30
0.0
 11
60.5
 21
249.33
 31
0.0
  0
LINE
  5
81B
330
726
100
AcDbEntity
  8
AM_9
100
AcDbLine
 10
64.5
 20
251.33
 30
0.0
 11
64.5
 21
249.33
 31
0.0
  0
LINE
  5
81C
330
726
100
AcDbEntity
  8
AM_9
100
AcDbLine
 10
60.5
 20
251.33
 30
0.0
 11
64.5
 21
251.33
 31
0.0
  0
LINE
  5
81D
330
726
100
AcDbEntity
  8
AM_9
100
AcDbLine
 10
62.15
 20
420.33
 30
0.0
 11
62.15
 21
422.33
 31
0.0
  0
LINE
  5
81E
330
726
100
AcDbEntity
  8
AM_9
100
AcDbLine
 10
62.85000000000001
 20
420.33
 30
0.0
 11
62.85000000000001
 21
422.33
 31
0.0
  0
LINE
  5
81F
330
726
100
AcDbEntity
  8
AM_9
100
AcDbLine
 10
22.15
 20
251.33
 30
0.0
 11
22.15
 21
249.33
 31
0.0
  0
LINE
  5
820
330
726
100
AcDbEntity
  8
AM_9
100
AcDbLine
 10
62.15
 20
251.33
 30
0.0
 11
62.15
 21
249.33
 31
0.0
  0
LINE
  5
821
330
726
100
AcDbEntity
  8
AM_9
100
AcDbLine
 10
62.85000000000001
 20
251.33
 30
0.0
 11
62.85000000000001
 21
249.33
 31
0.0
  0
LINE
  5
822
330
726
100
AcDbEntity
  8
AM_9
100
AcDbLine
 10
22.85
 20
251.33
 30
0.0
 11
22.85
 21
249.33
 31
0.0
  0
LINE
  5
823
330
726
100
AcDbEntity
  8
AM_9
100
AcDbLine
 10
22.85
 20
420.33
 30
0.0
 11
22.85
 21
422.33
 31
0.0
  0
LINE
  5
824
330
726
100
AcDbEntity
  8
AM_9
100
AcDbLine
 10
22.15
 20
420.33
 30
0.0
 11
22.15
 21
422.33
 31
0.0
  0
LINE
  5
825
330
726
100
AcDbEntity
  8
AM_9
100
AcDbLine
 10
66.5
 20
249.33
 30
0.0
 11
66.5
 21
249.63
 31
0.0
  0
LINE
  5
826
330
726
100
AcDbEntity
  8
AM_9
100
AcDbLine
 10
58.5
 20
249.63
 30
0.0
 11
58.5
 21
249.33
 31
0.0
  0
LINE
  5
827
330
726
100
AcDbEntity
  8
AM_9
100
AcDbLine
 10
66.5
 20
422.03
 30
0.0
 11
66.5
 21
422.33
 31
0.0
  0
LINE
  5
828
330
726
100
AcDbEntity
  8
AM_9
100
AcDbLine
 10
58.5
 20
422.33
 30
0.0
 11
58.5
 21
422.03
 31
0.0
  0
LINE
  5
829
330
726
100
AcDbEntity
  8
AM_9
100
AcDbLine
 10
26.5
 20
422.03
 30
0.0
 11
26.5
 21
422.33
 31
0.0
  0
LINE
  5
82A
330
726
100
AcDbEntity
  8
AM_9
100
AcDbLine
 10
18.5
 20
422.33
 30
0.0
 11
18.5
 21
422.03
 31
0.0
  0
LINE
  5
82B
330
726
100
AcDbEntity
  8
AM_9
100
AcDbLine
 10
26.5
 20
249.33
 30
0.0
 11
26.5
 21
249.63
 31
0.0
  0
LINE
  5
82C
330
726
100
AcDbEntity
  8
AM_9
100
AcDbLine
 10
18.5
 20
249.63
 30
0.0
 11
18.5
 21
249.33
 31
0.0
  0
LINE
  5
82D
330
726
100
AcDbEntity
  8
AM_9
100
AcDbLine
 10
58.5
 20
422.03
 30
0.0
 11
66.5
 21
422.03
 31
0.0
  0
LINE
  5
82E
330
726
100
AcDbEntity
  8
AM_9
100
AcDbLine
 10
66.5
 20
422.03
 30
0.0
 11
66.79999999999998
 21
422.33
 31
0.0
  0
LINE
  5
82F
330
726
100
AcDbEntity
  8
AM_9
100
AcDbLine
 10
58.20000000000001
 20
422.33
 30
0.0
 11
58.5
 21
422.03
 31
0.0
  0
LINE
  5
830
330
726
100
AcDbEntity
  8
AM_9
100
AcDbLine
 10
18.5
 20
422.03
 30
0.0
 11
26.5
 21
422.03
 31
0.0
  0
LINE
  5
831
330
726
100
AcDbEntity
  8
AM_9
100
AcDbLine
 10
26.5
 20
422.03
 30
0.0
 11
26.79999999999999
 21
422.33
 31
0.0
  0
LINE
  5
832
330
726
100
AcDbEntity
  8
AM_9
100
AcDbLine
 10
18.20000000000001
 20
422.33
 30
0.0
 11
18.5
 21
422.03
 31
0.0
  0
LINE
  5
833
330
726
100
AcDbEntity
  8
AM_9
100
AcDbLine
 10
18.5
 20
249.63
 30
0.0
 11
26.5
 21
249.63
 31
0.0
  0
LINE
  5
834
330
726
100
AcDbEntity
  8
AM_9
100
AcDbLine
 10
18.5
 20
249.63
 30
0.0
 11
18.20000000000001
 21
249.33
 31
0.0
  0
LINE
  5
835
330
726
100
AcDbEntity
  8
AM_9
100
AcDbLine
 10
26.79999999999999
 20
249.33
 30
0.0
 11
26.5
 21
249.63
 31
0.0
  0
LINE
  5
836
330
726
100
AcDbEntity
  8
AM_9
100
AcDbLine
 10
58.5
 20
249.63
 30
0.0
 11
66.5
 21
249.63
 31
0.0
  0
LINE
  5
837
330
726
100
AcDbEntity
  8
AM_9
100
AcDbLine
 10
58.5
 20
249.63
 30
0.0
 11
58.20000000000001
 21
249.33
 31
0.0
  0
LINE
  5
838
330
726
100
AcDbEntity
  8
AM_9
100
AcDbLine
 10
66.79999999999998
 20
249.33
 30
0.0
 11
66.5
 21
249.63
 31
0.0
  0
LINE
  5
839
330
726
100
AcDbEntity
  8
AM_9
100
AcDbLine
 10
85.0
 20
249.33
 30
0.0
 11
0.0
 21
249.33
 31
0.0
  0
LINE
  5
83A
330
726
100
AcDbEntity
  8
AM_9
100
AcDbLine
 10
85.0
 20
422.33
 30
0.0
 11
0.0
 21
422.33
 31
0.0
  0
LINE
  5
83B
330
726
100
AcDbEntity
  8
AM_9
100
AcDbLine
 10
84.0
 20
418.83
 30
0.0
 11
84.0
 21
252.8300000000001
 31
0.0
  0
LINE
  5
83C
330
726
100
AcDbEntity
  8
AM_9
100
AcDbLine
 10
84.0
 20
252.8300000000001
 30
0.0
 11
1.0
 21
252.8300000000001
 31
0.0
  0
LINE
  5
83D
330
726
100
AcDbEntity
  8
AM_9
100
AcDbLine
 10
84.0
 20
418.83
 30
0.0
 11
1.0
 21
418.83
 31
0.0
  0
LINE
  5
83E
330
726
100
AcDbEntity
  8
AM_9
100
AcDbLine
 10
1.0
 20
418.83
 30
0.0
 11
1.0
 21
252.8300000000001
 31
0.0
  0
LINE
  5
83F
330
726
100
AcDbEntity
  8
AM_9
100
AcDbLine
 10
11.7
 20
377.305
 30
0.0
 11
11.7
 21
354.755
 31
0.0
  0
LINE
  5
840
330
726
100
AcDbEntity
  8
AM_9
100
AcDbLine
 10
11.25
 20
341.105
 30
0.0
 11
11.25
 21
310.555
 31
0.0
  0
LINE
  5
841
330
726
100
AcDbEntity
  8
AM_9
100
AcDbLine
 10
11.6
 20
299.405
 30
0.0
 11
11.6
 21
276.855
 31
0.0
  0
LINE
  5
842
330
726
100
AcDbEntity
  8
AM_9
100
AcDbLine
 10
11.25
 20
377.305
 30
0.0
 11
11.25
 21
354.755
 31
0.0
  0
LINE
  5
843
330
726
100
AcDbEntity
  8
AM_9
100
AcDbLine
 10
10.4
 20
377.305
 30
0.0
 11
10.4
 21
354.755
 31
0.0
  0
LINE
  5
844
330
726
100
AcDbEntity
  8
AM_9
100
AcDbLine
 10
11.25
 20
299.405
 30
0.0
 11
11.25
 21
276.855
 31
0.0
  0
LINE
  5
845
330
726
100
AcDbEntity
  8
AM_9
100
AcDbLine
 10
10.4
 20
299.405
 30
0.0
 11
10.4
 21
276.855
 31
0.0
  0
LINE
  5
846
330
726
100
AcDbEntity
  8
AM_9
100
AcDbLine
 10
11.09999999999999
 20
341.105
 30
0.0
 11
11.09999999999999
 21
310.555
 31
0.0
  0
LINE
  5
847
330
726
100
AcDbEntity
  8
AM_9
100
AcDbLine
 10
10.4
 20
341.105
 30
0.0
 11
10.4
 21
310.555
 31
0.0
  0
LINE
  5
848
330
726
100
AcDbEntity
  8
AM_9
100
AcDbLine
 10
22.8
 20
383.43
 30
0.0
 11
22.8
 21
386.68
 31
0.0
  0
LINE
  5
849
330
726
100
AcDbEntity
  8
AM_9
100
AcDbLine
 10
22.8
 20
375.43
 30
0.0
 11
22.8
 21
380.63
 31
0.0
  0
LINE
  5
84A
330
726
100
AcDbEntity
  8
AM_9
100
AcDbLine
 10
22.8
 20
367.43
 30
0.0
 11
22.8
 21
372.63
 31
0.0
  0
LINE
  5
84B
330
726
100
AcDbEntity
  8
AM_9
100
AcDbLine
 10
22.8
 20
359.43
 30
0.0
 11
22.8
 21
364.63
 31
0.0
  0
LINE
  5
84C
330
726
100
AcDbEntity
  8
AM_9
100
AcDbLine
 10
22.8
 20
351.43
 30
0.0
 11
22.8
 21
356.63
 31
0.0
  0
LINE
  5
84D
330
726
100
AcDbEntity
  8
AM_9
100
AcDbLine
 10
22.8
 20
345.38
 30
0.0
 11
22.8
 21
348.63
 31
0.0
  0
LINE
  5
84E
330
726
100
AcDbEntity
  8
AM_9
100
AcDbLine
 10
21.5
 20
385.38
 30
0.0
 11
13.15000000000001
 21
385.38
 31
0.0
  0
LINE
  5
84F
330
726
100
AcDbEntity
  8
AM_9
100
AcDbLine
 10
21.5
 20
383.43
 30
0.0
 11
21.5
 21
385.38
 31
0.0
  0
LINE
  5
850
330
726
100
AcDbEntity
  8
AM_9
100
AcDbLine
 10
21.5
 20
375.43
 30
0.0
 11
21.5
 21
380.63
 31
0.0
  0
LINE
  5
851
330
726
100
AcDbEntity
  8
AM_9
100
AcDbLine
 10
21.5
 20
367.43
 30
0.0
 11
21.5
 21
372.63
 31
0.0
  0
LINE
  5
852
330
726
100
AcDbEntity
  8
AM_9
100
AcDbLine
 10
21.5
 20
359.43
 30
0.0
 11
21.5
 21
364.63
 31
0.0
  0
LINE
  5
853
330
726
100
AcDbEntity
  8
AM_9
100
AcDbLine
 10
21.5
 20
351.43
 30
0.0
 11
21.5
 21
356.63
 31
0.0
  0
LINE
  5
854
330
726
100
AcDbEntity
  8
AM_9
100
AcDbLine
 10
21.5
 20
346.68
 30
0.0
 11
21.5
 21
348.63
 31
0.0
  0
LINE
  5
855
330
726
100
AcDbEntity
  8
AM_9
100
AcDbLine
 10
13.15000000000001
 20
346.68
 30
0.0
 11
21.5
 21
346.68
 31
0.0
  0
LINE
  5
856
330
726
100
AcDbEntity
  8
AM_9
100
AcDbLine
 10
22.8
 20
339.23
 30
0.0
 11
22.8
 21
342.48
 31
0.0
  0
LINE
  5
857
330
726
100
AcDbEntity
  8
AM_9
100
AcDbLine
 10
22.8
 20
331.23
 30
0.0
 11
22.8
 21
336.43
 31
0.0
  0
LINE
  5
858
330
726
100
AcDbEntity
  8
AM_9
100
AcDbLine
 10
22.8
 20
323.23
 30
0.0
 11
22.8
 21
328.43
 31
0.0
  0
LINE
  5
859
330
726
100
AcDbEntity
  8
AM_9
100
AcDbLine
 10
22.8
 20
315.23
 30
0.0
 11
22.8
 21
320.43
 31
0.0
  0
LINE
  5
85A
330
726
100
AcDbEntity
  8
AM_9
100
AcDbLine
 10
22.8
 20
309.18
 30
0.0
 11
22.8
 21
312.43
 31
0.0
  0
LINE
  5
85B
330
726
100
AcDbEntity
  8
AM_9
100
AcDbLine
 10
22.1
 20
341.78
 30
0.0
 11
13.15000000000001
 21
341.78
 31
0.0
  0
LINE
  5
85C
330
726
100
AcDbEntity
  8
AM_9
100
AcDbLine
 10
22.1
 20
339.23
 30
0.0
 11
22.1
 21
341.78
 31
0.0
  0
LINE
  5
85D
330
726
100
AcDbEntity
  8
AM_9
100
AcDbLine
 10
22.1
 20
331.23
 30
0.0
 11
22.1
 21
336.43
 31
0.0
  0
LINE
  5
85E
330
726
100
AcDbEntity
  8
AM_9
100
AcDbLine
 10
22.1
 20
323.23
 30
0.0
 11
22.1
 21
328.43
 31
0.0
  0
LINE
  5
85F
330
726
100
AcDbEntity
  8
AM_9
100
AcDbLine
 10
22.1
 20
315.23
 30
0.0
 11
22.1
 21
320.43
 31
0.0
  0
LINE
  5
860
330
726
100
AcDbEntity
  8
AM_9
100
AcDbLine
 10
22.1
 20
309.88
 30
0.0
 11
22.1
 21
312.43
 31
0.0
  0
LINE
  5
861
330
726
100
AcDbEntity
  8
AM_9
100
AcDbLine
 10
13.15000000000001
 20
309.88
 30
0.0
 11
22.1
 21
309.88
 31
0.0
  0
LINE
  5
862
330
726
100
AcDbEntity
  8
AM_9
100
AcDbLine
 10
22.8
 20
297.53
 30
0.0
 11
22.8
 21
300.78
 31
0.0
  0
LINE
  5
863
330
726
100
AcDbEntity
  8
AM_9
100
AcDbLine
 10
22.8
 20
289.53
 30
0.0
 11
22.8
 21
294.73
 31
0.0
  0
LINE
  5
864
330
726
100
AcDbEntity
  8
AM_9
100
AcDbLine
 10
22.8
 20
281.53
 30
0.0
 11
22.8
 21
286.73
 31
0.0
  0
LINE
  5
865
330
726
100
AcDbEntity
  8
AM_9
100
AcDbLine
 10
22.8
 20
275.48
 30
0.0
 11
22.8
 21
278.73
 31
0.0
  0
LINE
  5
866
330
726
100
AcDbEntity
  8
AM_9
100
AcDbLine
 10
21.6
 20
299.58
 30
0.0
 11
13.15000000000001
 21
299.58
 31
0.0
  0
LINE
  5
867
330
726
100
AcDbEntity
  8
AM_9
100
AcDbLine
 10
21.6
 20
297.53
 30
0.0
 11
21.6
 21
299.58
 31
0.0
  0
LINE
  5
868
330
726
100
AcDbEntity
  8
AM_9
100
AcDbLine
 10
21.6
 20
289.53
 30
0.0
 11
21.6
 21
294.73
 31
0.0
  0
LINE
  5
869
330
726
100
AcDbEntity
  8
AM_9
100
AcDbLine
 10
21.6
 20
281.53
 30
0.0
 11
21.6
 21
286.73
 31
0.0
  0
LINE
  5
86A
330
726
100
AcDbEntity
  8
AM_9
100
AcDbLine
 10
21.6
 20
276.68
 30
0.0
 11
21.6
 21
278.73
 31
0.0
  0
LINE
  5
86B
330
726
100
AcDbEntity
  8
AM_9
100
AcDbLine
 10
13.15000000000001
 20
276.68
 30
0.0
 11
21.6
 21
276.68
 31
0.0
  0
LINE
  5
86C
330
726
100
AcDbEntity
  8
AM_9
100
AcDbLine
 10
14.35
 20
350.9571200350512
 30
0.0
 11
14.35
 21
349.0948799649489
 31
0.0
  0
LINE
  5
86D
330
726
100
AcDbEntity
  8
AM_9
100
AcDbLine
 10
14.35
 20
358.9571200350512
 30
0.0
 11
14.35
 21
357.0948799649489
 31
0.0
  0
LINE
  5
86E
330
726
100
AcDbEntity
  8
AM_9
100
AcDbLine
 10
14.35
 20
366.9571200350512
 30
0.0
 11
14.35
 21
365.0948799649489
 31
0.0
  0
LINE
  5
86F
330
726
100
AcDbEntity
  8
AM_9
100
AcDbLine
 10
14.35
 20
374.9571200350512
 30
0.0
 11
14.35
 21
373.0948799649488
 31
0.0
  0
LINE
  5
870
330
726
100
AcDbEntity
  8
AM_9
100
AcDbLine
 10
14.35
 20
382.9571200350513
 30
0.0
 11
14.35
 21
381.0948799649488
 31
0.0
  0
LINE
  5
871
330
726
100
AcDbEntity
  8
AM_9
100
AcDbLine
 10
21.25
 20
386.68
 30
0.0
 11
21.25
 21
345.38
 31
0.0
  0
LINE
  5
872
330
726
100
AcDbEntity
  8
AM_9
100
AcDbLine
 10
14.35
 20
314.7571200350512
 30
0.0
 11
14.35
 21
312.8948799649488
 31
0.0
  0
LINE
  5
873
330
726
100
AcDbEntity
  8
AM_9
100
AcDbLine
 10
14.35
 20
322.7571200350512
 30
0.0
 11
14.35
 21
320.8948799649488
 31
0.0
  0
LINE
  5
874
330
726
100
AcDbEntity
  8
AM_9
100
AcDbLine
 10
14.35
 20
330.7571200350512
 30
0.0
 11
14.35
 21
328.8948799649488
 31
0.0
  0
LINE
  5
875
330
726
100
AcDbEntity
  8
AM_9
100
AcDbLine
 10
14.35
 20
338.7571200350512
 30
0.0
 11
14.35
 21
336.8948799649489
 31
0.0
  0
LINE
  5
876
330
726
100
AcDbEntity
  8
AM_9
100
AcDbLine
 10
21.25
 20
342.48
 30
0.0
 11
21.25
 21
309.18
 31
0.0
  0
LINE
  5
877
330
726
100
AcDbEntity
  8
AM_9
100
AcDbLine
 10
14.35
 20
281.0571200350512
 30
0.0
 11
14.35
 21
279.1948799649488
 31
0.0
  0
LINE
  5
878
330
726
100
AcDbEntity
  8
AM_9
100
AcDbLine
 10
14.35
 20
289.0571200350512
 30
0.0
 11
14.35
 21
287.1948799649488
 31
0.0
  0
LINE
  5
879
330
726
100
AcDbEntity
  8
AM_9
100
AcDbLine
 10
14.35
 20
297.0571200350512
 30
0.0
 11
14.35
 21
295.1948799649488
 31
0.0
  0
LINE
  5
87A
330
726
100
AcDbEntity
  8
AM_9
100
AcDbLine
 10
21.25
 20
300.78
 30
0.0
 11
21.25
 21
275.48
 31
0.0
  0
LINE
  5
87B
330
726
100
AcDbEntity
  8
AM_9
100
AcDbLine
 10
22.506
 20
300.78
 30
0.0
 11
22.506
 21
297.53
 31
0.0
  0
LINE
  5
87C
330
726
100
AcDbEntity
  8
AM_9
100
AcDbLine
 10
22.506
 20
278.73
 30
0.0
 11
22.506
 21
275.48
 31
0.0
  0
LINE
  5
87D
330
726
100
AcDbEntity
  8
AM_9
100
AcDbLine
 10
22.506
 20
286.73
 30
0.0
 11
22.506
 21
281.53
 31
0.0
  0
LINE
  5
87E
330
726
100
AcDbEntity
  8
AM_9
100
AcDbLine
 10
22.506
 20
294.73
 30
0.0
 11
22.506
 21
289.53
 31
0.0
  0
LINE
  5
87F
330
726
100
AcDbEntity
  8
AM_9
100
AcDbLine
 10
14.65
 20
300.78
 30
0.0
 11
14.65
 21
275.48
 31
0.0
  0
LINE
  5
880
330
726
100
AcDbEntity
  8
AM_9
100
AcDbLine
 10
22.506
 20
342.48
 30
0.0
 11
22.506
 21
339.23
 31
0.0
  0
LINE
  5
881
330
726
100
AcDbEntity
  8
AM_9
100
AcDbLine
 10
22.506
 20
312.43
 30
0.0
 11
22.506
 21
309.18
 31
0.0
  0
LINE
  5
882
330
726
100
AcDbEntity
  8
AM_9
100
AcDbLine
 10
22.506
 20
320.43
 30
0.0
 11
22.506
 21
315.23
 31
0.0
  0
LINE
  5
883
330
726
100
AcDbEntity
  8
AM_9
100
AcDbLine
 10
22.506
 20
328.43
 30
0.0
 11
22.506
 21
323.23
 31
0.0
  0
LINE
  5
884
330
726
100
AcDbEntity
  8
AM_9
100
AcDbLine
 10
22.506
 20
336.43
 30
0.0
 11
22.506
 21
331.23
 31
0.0
  0
LINE
  5
885
330
726
100
AcDbEntity
  8
AM_9
100
AcDbLine
 10
14.65
 20
342.48
 30
0.0
 11
14.65
 21
309.18
 31
0.0
  0
LINE
  5
886
330
726
100
AcDbEntity
  8
AM_9
100
AcDbLine
 10
14.65
 20
386.68
 30
0.0
 11
14.65
 21
345.38
 31
0.0
  0
LINE
  5
887
330
726
100
AcDbEntity
  8
AM_9
100
AcDbLine
 10
22.506
 20
386.68
 30
0.0
 11
22.506
 21
383.43
 31
0.0
  0
LINE
  5
888
330
726
100
AcDbEntity
  8
AM_9
100
AcDbLine
 10
22.506
 20
348.63
 30
0.0
 11
22.506
 21
345.38
 31
0.0
  0
LINE
  5
889
330
726
100
AcDbEntity
  8
AM_9
100
AcDbLine
 10
22.506
 20
356.63
 30
0.0
 11
22.506
 21
351.43
 31
0.0
  0
LINE
  5
88A
330
726
100
AcDbEntity
  8
AM_9
100
AcDbLine
 10
22.506
 20
364.63
 30
0.0
 11
22.506
 21
359.43
 31
0.0
  0
LINE
  5
88B
330
726
100
AcDbEntity
  8
AM_9
100
AcDbLine
 10
22.506
 20
372.63
 30
0.0
 11
22.506
 21
367.43
 31
0.0
  0
LINE
  5
88C
330
726
100
AcDbEntity
  8
AM_9
100
AcDbLine
 10
22.506
 20
380.63
 30
0.0
 11
22.506
 21
375.43
 31
0.0
  0
LINE
  5
88D
330
726
100
AcDbEntity
  8
AM_9
100
AcDbLine
 10
26.05
 20
300.78
 30
0.0
 11
26.05
 21
275.48
 31
0.0
  0
LINE
  5
88E
330
726
100
AcDbEntity
  8
AM_9
100
AcDbLine
 10
26.05
 20
386.68
 30
0.0
 11
26.05
 21
345.38
 31
0.0
  0
LINE
  5
88F
330
726
100
AcDbEntity
  8
AM_9
100
AcDbLine
 10
26.05
 20
342.48
 30
0.0
 11
26.05
 21
309.18
 31
0.0
  0
LINE
  5
890
330
726
100
AcDbEntity
  8
AM_7
100
AcDbLine
 10
39.77
 20
241.83
 30
0.0
 11
45.23
 21
241.83
 31
0.0
  0
LINE
  5
891
330
726
100
AcDbEntity
  8
AM_7
100
AcDbLine
 10
42.5
 20
239.1
 30
0.0
 11
42.5
 21
244.56
 31
0.0
  0
LINE
  5
892
330
726
100
AcDbEntity
  8
AM_7
100
AcDbLine
 10
39.77
 20
429.83
 30
0.0
 11
45.23
 21
429.83
 31
0.0
  0
LINE
  5
893
330
726
100
AcDbEntity
  8
AM_7
100
AcDbLine
 10
42.5
 20
427.1
 30
0.0
 11
42.5
 21
432.56
 31
0.0
  0
LINE
  5
894
330
726
100
AcDbEntity
  8
AM_7
100
AcDbLine
 10
2.995999999999995
 20
259.321
 30
0.0
 11
11.396
 21
259.321
 31
0.0
  0
LINE
  5
895
330
726
100
AcDbEntity
  8
AM_7
100
AcDbLine
 10
7.195999999999998
 20
255.121
 30
0.0
 11
7.195999999999998
 21
263.521
 31
0.0
  0
LINE
  5
896
330
726
100
AcDbEntity
  8
AM_7
100
AcDbLine
 10
16.66
 20
259.321
 30
0.0
 11
25.06
 21
259.321
 31
0.0
  0
LINE
  5
897
330
726
100
AcDbEntity
  8
AM_7
100
AcDbLine
 10
20.86
 20
255.121
 30
0.0
 11
20.86
 21
263.521
 31
0.0
  0
LINE
  5
898
330
726
100
AcDbEntity
  8
AM_7
100
AcDbLine
 10
62.5
 20
423.395
 30
0.0
 11
62.5
 21
421.965
 31
0.0
  0
LINE
  5
899
330
726
100
AcDbEntity
  8
AM_7
100
AcDbLine
 10
22.5
 20
423.395
 30
0.0
 11
22.5
 21
421.965
 31
0.0
  0
LINE
  5
89A
330
726
100
AcDbEntity
  8
AM_7
100
AcDbLine
 10
22.5
 20
249.695
 30
0.0
 11
22.5
 21
248.265
 31
0.0
  0
LINE
  5
89B
330
726
100
AcDbEntity
  8
AM_7
100
AcDbLine
 10
62.5
 20
249.695
 30
0.0
 11
62.5
 21
248.265
 31
0.0
  0
LINE
  5
89C
330
726
100
AcDbEntity
  8
AM_7
100
AcDbLine
 10
52.0
 20
251.58
 30
0.0
 11
52.0
 21
257.08
 31
0.0
  0
LINE
  5
89D
330
726
100
AcDbEntity
  8
AM_7
100
AcDbLine
 10
78.17500000000001
 20
410.83
 30
0.0
 11
85.325
 21
410.83
 31
0.0
  0
LINE
  5
89E
330
726
100
AcDbEntity
  8
AM_7
100
AcDbLine
 10
76.55
 20
404.83
 30
0.0
 11
86.45000000000002
 21
404.83
 31
0.0
  0
LINE
  5
89F
330
726
100
AcDbEntity
  8
AM_7
100
AcDbLine
 10
76.55
 20
275.83
 30
0.0
 11
86.45000000000002
 21
275.83
 31
0.0
  0
LINE
  5
8A0
330
726
100
AcDbEntity
  8
AM_7
100
AcDbLine
 10
42.00575815636458
 20
420.005
 30
0.0
 11
42.00575815636458
 21
416.155
 31
0.0
  0
LINE
  5
8A1
330
726
100
AcDbEntity
  8
AM_7
100
AcDbLine
 10
42.00575815636457
 20
251.655
 30
0.0
 11
42.00575815636457
 21
255.505
 31
0.0
  0
LINE
  5
8A2
330
726
100
AcDbEntity
  8
AM_7
100
AcDbLine
 10
13.98300000000001
 20
350.026
 30
0.0
 11
19.65299999999999
 21
350.026
 31
0.0
  0
LINE
  5
8A3
330
726
100
AcDbEntity
  8
AM_7
100
AcDbLine
 10
16.818
 20
347.191
 30
0.0
 11
16.818
 21
352.861
 31
0.0
  0
LINE
  5
8A4
330
726
100
AcDbEntity
  8
AM_7
100
AcDbLine
 10
13.98300000000001
 20
296.126
 30
0.0
 11
19.65299999999999
 21
296.126
 31
0.0
  0
LINE
  5
8A5
330
726
100
AcDbEntity
  8
AM_7
100
AcDbLine
 10
16.818
 20
293.291
 30
0.0
 11
16.818
 21
298.961
 31
0.0
  0
LINE
  5
8A6
330
726
100
AcDbEntity
  8
AM_7
100
AcDbLine
 10
13.98299999999999
 20
288.126
 30
0.0
 11
19.65300000000001
 21
288.126
 31
0.0
  0
LINE
  5
8A7
330
726
100
AcDbEntity
  8
AM_7
100
AcDbLine
 10
16.818
 20
285.291
 30
0.0
 11
16.818
 21
290.961
 31
0.0
  0
LINE
  5
8A8
330
726
100
AcDbEntity
  8
AM_7
100
AcDbLine
 10
13.98299999999999
 20
280.126
 30
0.0
 11
19.653
 21
280.126
 31
0.0
  0
LINE
  5
8A9
330
726
100
AcDbEntity
  8
AM_7
100
AcDbLine
 10
16.818
 20
277.291
 30
0.0
 11
16.818
 21
282.961
 31
0.0
  0
LINE
  5
8AA
330
726
100
AcDbEntity
  8
AM_7
100
AcDbLine
 10
64.77000000000001
 20
429.83
 30
0.0
 11
70.23
 21
429.83
 31
0.0
  0
LINE
  5
8AB
330
726
100
AcDbEntity
  8
AM_7
100
AcDbLine
 10
67.50000000000001
 20
427.1
 30
0.0
 11
67.50000000000001
 21
432.56
 31
0.0
  0
LINE
  5
8AC
330
726
100
AcDbEntity
  8
AM_7
100
AcDbLine
 10
13.98299999999999
 20
374.026
 30
0.0
 11
19.65300000000001
 21
374.026
 31
0.0
  0
LINE
  5
8AD
330
726
100
AcDbEntity
  8
AM_7
100
AcDbLine
 10
16.818
 20
371.191
 30
0.0
 11
16.818
 21
376.861
 31
0.0
  0
LINE
  5
8AE
330
726
100
AcDbEntity
  8
AM_7
100
AcDbLine
 10
13.98299999999999
 20
382.026
 30
0.0
 11
19.65300000000001
 21
382.026
 31
0.0
  0
LINE
  5
8AF
330
726
100
AcDbEntity
  8
AM_7
100
AcDbLine
 10
16.818
 20
379.191
 30
0.0
 11
16.818
 21
384.861
 31
0.0
  0
LINE
  5
8B0
330
726
100
AcDbEntity
  8
AM_7
100
AcDbLine
 10
13.983
 20
313.826
 30
0.0
 11
19.653
 21
313.826
 31
0.0
  0
LINE
  5
8B1
330
726
100
AcDbEntity
  8
AM_7
100
AcDbLine
 10
16.818
 20
310.991
 30
0.0
 11
16.818
 21
316.661
 31
0.0
  0
LINE
  5
8B2
330
726
100
AcDbEntity
  8
AM_7
100
AcDbLine
 10
13.98299999999999
 20
329.826
 30
0.0
 11
19.65300000000001
 21
329.826
 31
0.0
  0
LINE
  5
8B3
330
726
100
AcDbEntity
  8
AM_7
100
AcDbLine
 10
16.818
 20
326.991
 30
0.0
 11
16.818
 21
332.6610000000001
 31
0.0
  0
LINE
  5
8B4
330
726
100
AcDbEntity
  8
AM_7
100
AcDbLine
 10
13.98300000000001
 20
337.826
 30
0.0
 11
19.65299999999999
 21
337.826
 31
0.0
  0
LINE
  5
8B5
330
726
100
AcDbEntity
  8
AM_7
100
AcDbLine
 10
16.818
 20
334.991
 30
0.0
 11
16.818
 21
340.661
 31
0.0
  0
LINE
  5
8B6
330
726
100
AcDbEntity
  8
AM_7
100
AcDbLine
 10
13.98299999999999
 20
321.826
 30
0.0
 11
19.65300000000001
 21
321.826
 31
0.0
  0
LINE
  5
8B7
330
726
100
AcDbEntity
  8
AM_7
100
AcDbLine
 10
16.818
 20
318.991
 30
0.0
 11
16.818
 21
324.6610000000001
 31
0.0
  0
LINE
  5
8B8
330
726
100
AcDbEntity
  8
AM_7
100
AcDbLine
 10
13.98300000000001
 20
366.026
 30
0.0
 11
19.65299999999999
 21
366.026
 31
0.0
  0
LINE
  5
8B9
330
726
100
AcDbEntity
  8
AM_7
100
AcDbLine
 10
16.818
 20
363.191
 30
0.0
 11
16.818
 21
368.861
 31
0.0
  0
LINE
  5
8BA
330
726
100
AcDbEntity
  8
AM_7
100
AcDbLine
 10
13.98300000000002
 20
358.026
 30
0.0
 11
19.65299999999998
 21
358.026
 31
0.0
  0
LINE
  5
8BB
330
726
100
AcDbEntity
  8
AM_7
100
AcDbLine
 10
16.818
 20
355.191
 30
0.0
 11
16.818
 21
360.861
 31
0.0
  0
ARC
  5
8BC
330
726
100
AcDbEntity
  8
AM_4
100
AcDbCircle
 10
13.90000000000002
 20
237.83
 30
0.0
 40
0.9999999999999716
100
AcDbArc
 50
270.0
 51
0.0
  0
ARC
  5
8BD
330
726
100
AcDbEntity
  8
AM_4
100
AcDbCircle
 10
71.09999999999998
 20
237.83
 30
0.0
 40
0.9999999999999858
100
AcDbArc
 50
180.0
 51
270.0
  0
LINE
  5
8BE
330
726
100
AcDbEntity
  8
AM_4
100
AcDbLine
 10
14.9
 20
237.83
 30
0.0
 11
14.9
 21
241.83
 31
0.0
  0
LINE
  5
8BF
330
726
100
AcDbEntity
  8
AM_4
100
AcDbLine
 10
20.09999999999999
 20
241.83
 30
0.0
 11
20.1
 21
237.83
 31
0.0
  0
LINE
  5
8C0
330
726
100
AcDbEntity
  8
AM_4
100
AcDbLine
 10
13.9
 20
236.83
 30
0.0
 11
2.000000000000007
 21
236.83
 31
0.0
  0
ARC
  5
8C1
330
726
100
AcDbEntity
  8
AM_4
100
AcDbCircle
 10
1.99999999999999
 20
238.83
 30
0.0
 40
1.99999999999999
100
AcDbArc
 50
180.0
 51
270.0
  0
CIRCLE
  5
8C2
330
726
100
AcDbEntity
  8
AM_4
100
AcDbCircle
 10
42.5
 20
241.83
 30
0.0
 40
2.600000000000009
  0
LINE
  5
8C3
330
726
100
AcDbEntity
  8
AM_4
100
AcDbLine
 10
83.0
 20
236.83
 30
0.0
 11
71.1
 21
236.83
 31
0.0
  0
ARC
  5
8C4
330
726
100
AcDbEntity
  8
AM_4
100
AcDbCircle
 10
82.99999999999999
 20
238.83
 30
0.0
 40
2.000000000000028
100
AcDbArc
 50
270.0
 51
0.0
  0
ARC
  5
8C5
330
726
100
AcDbEntity
  8
AM_4
100
AcDbCircle
 10
17.5
 20
241.83
 30
0.0
 40
2.599999999999998
100
AcDbArc
 50
0.0
 51
180.0
  0
ARC
  5
8C6
330
726
100
AcDbEntity
  8
AM_4
100
AcDbCircle
 10
21.10000000000002
 20
237.83
 30
0.0
 40
1.000000000000021
100
AcDbArc
 50
180.0
 51
270.0
  0
LINE
  5
8C7
330
726
100
AcDbEntity
  8
AM_4
100
AcDbLine
 10
63.89999999999999
 20
236.83
 30
0.0
 11
21.1
 21
236.83
 31
0.0
  0
ARC
  5
8C8
330
726
100
AcDbEntity
  8
AM_4
100
AcDbCircle
 10
63.90000000000001
 20
237.83
 30
0.0
 40
0.9999999999999716
100
AcDbArc
 50
270.0
 51
0.0
  0
LINE
  5
8C9
330
726
100
AcDbEntity
  8
AM_4
100
AcDbLine
 10
64.89999999999999
 20
237.83
 30
0.0
 11
64.89999999999999
 21
241.83
 31
0.0
  0
ARC
  5
8CA
330
726
100
AcDbEntity
  8
AM_4
100
AcDbCircle
 10
67.49999999999999
 20
241.83
 30
0.0
 40
2.600000000000009
100
AcDbArc
 50
0.0
 51
180.0
  0
LINE
  5
8CB
330
726
100
AcDbEntity
  8
AM_4
100
AcDbLine
 10
70.1
 20
241.83
 30
0.0
 11
70.1
 21
237.83
 31
0.0
  0
LINE
  5
8CC
330
726
100
AcDbEntity
  8
AM_4
100
AcDbLine
 10
85.0
 20
432.83
 30
0.0
 11
85.0
 21
238.83
 31
0.0
  0
LINE
  5
8CD
330
726
100
AcDbEntity
  8
AM_4
100
AcDbLine
 10
0.0
 20
432.83
 30
0.0
 11
0.0
 21
238.83
 31
0.0
  0
ARC
  5
8CE
330
726
100
AcDbEntity
  8
AM_4
100
AcDbCircle
 10
13.90000000000005
 20
433.8300000000001
 30
0.0
 40
0.9999999999999467
100
AcDbArc
 50
0.0
 51
90.0
  0
CIRCLE
  5
8CF
330
726
100
AcDbEntity
  8
AM_4
100
AcDbCircle
 10
42.5
 20
429.83
 30
0.0
 40
2.600000000000009
  0
ARC
  5
8D0
330
726
100
AcDbEntity
  8
AM_4
100
AcDbCircle
 10
1.999999999999944
 20
432.8300000000001
 30
0.0
 40
1.999999999999943
100
AcDbArc
 50
90.0
 51
180.0
  0
LINE
  5
8D1
330
726
100
AcDbEntity
  8
AM_4
100
AcDbLine
 10
20.09999999999999
 20
433.83
 30
0.0
 11
20.1
 21
429.83
 31
0.0
  0
ARC
  5
8D2
330
726
100
AcDbEntity
  8
AM_4
100
AcDbCircle
 10
17.5
 20
429.83
 30
0.0
 40
2.599999999999998
100
AcDbArc
 50
180.0
 51
0.0
  0
ARC
  5
8D3
330
726
100
AcDbEntity
  8
AM_4
100
AcDbCircle
 10
82.99999999999996
 20
432.83
 30
0.0
 40
2.000000000000043
100
AcDbArc
 50
0.0
 51
90.0
  0
ARC
  5
8D4
330
726
100
AcDbEntity
  8
AM_4
100
AcDbCircle
 10
71.09999999999998
 20
433.83
 30
0.0
 40
1.0
100
AcDbArc
 50
90.0
 51
180.0
  0
LINE
  5
8D5
330
726
100
AcDbEntity
  8
AM_4
100
AcDbLine
 10
13.90000000000004
 20
434.83
 30
0.0
 11
1.999999999999972
 21
434.83
 31
0.0
  0
LINE
  5
8D6
330
726
100
AcDbEntity
  8
AM_4
100
AcDbLine
 10
83.00000000000003
 20
434.83
 30
0.0
 11
71.09999999999995
 21
434.83
 31
0.0
  0
LINE
  5
8D7
330
726
100
AcDbEntity
  8
AM_4
100
AcDbLine
 10
70.09999999999998
 20
433.83
 30
0.0
 11
70.1
 21
429.83
 31
0.0
  0
ARC
  5
8D8
330
726
100
AcDbEntity
  8
AM_4
100
AcDbCircle
 10
67.49999999999999
 20
429.83
 30
0.0
 40
2.600000000000009
100
AcDbArc
 50
179.9999991462263
 51
0.0
  0
LINE
  5
8D9
330
726
100
AcDbEntity
  8
AM_4
100
AcDbLine
 10
64.89999999999998
 20
429.830000038743
 30
0.0
 11
64.89999999999999
 21
433.83
 31
0.0
  0
ARC
  5
8DA
330
726
100
AcDbEntity
  8
AM_4
100
AcDbCircle
 10
63.90000000000009
 20
433.8300000000002
 30
0.0
 40
0.9999999999999005
100
AcDbArc
 50
0.0
 51
90.0
  0
LINE
  5
8DB
330
726
100
AcDbEntity
  8
AM_4
100
AcDbLine
 10
63.90000000000003
 20
434.83
 30
0.0
 11
21.09999999999996
 21
434.83
 31
0.0
  0
ARC
  5
8DC
330
726
100
AcDbEntity
  8
AM_4
100
AcDbCircle
 10
21.09999999999995
 20
433.83
 30
0.0
 40
1.0
100
AcDbArc
 50
90.0
 51
180.0
  0
LINE
  5
8DD
330
726
100
AcDbEntity
  8
AM_4
100
AcDbLine
 10
14.9
 20
429.83
 30
0.0
 11
14.9
 21
433.83
 31
0.0
  0
LINE
  5
8DE
330
726
100
AcDbEntity
  8
AM_4
100
AcDbLine
 10
85.0
 20
248.33
 30
0.0
 11
0.0
 21
248.33
 31
0.0
  0
LINE
  5
8DF
330
726
100
AcDbEntity
  8
AM_4
100
AcDbLine
 10
85.0
 20
423.330000052154
 30
0.0
 11
0.0
 21
423.330000052154
 31
0.0
  0
LINE
  5
8E0
330
726
100
AcDbEntity
  8
AM_4
100
AcDbLine
 10
85.0
 20
251.83
 30
0.0
 11
0.0
 21
251.83
 31
0.0
  0
LINE
  5
8E1
330
726
100
AcDbEntity
  8
AM_4
100
AcDbLine
 10
85.0
 20
419.83
 30
0.0
 11
0.0
 21
419.83
 31
0.0
  0
CIRCLE
  5
8E2
330
726
100
AcDbEntity
  8
AM_4
100
AcDbCircle
 10
7.195999999999998
 20
259.321
 30
0.0
 40
4.000000000000012
  0
CIRCLE
  5
8E3
330
726
100
AcDbEntity
  8
AM_4
100
AcDbCircle
 10
7.195999999999998
 20
259.321
 30
0.0
 40
3.620000000000013
  0
LINE
  5
8E4
330
726
100
AcDbEntity
  8
AM_4
100
AcDbLine
 10
84.70400000000001
 20
419.534
 30
0.0
 11
0.2959999999999994
 21
419.534
 31
0.0
  0
LINE
  5
8E5
330
726
100
AcDbEntity
  8
AM_4
100
AcDbLine
 10
11.5
 20
403.225
 30
0.0
 11
11.49999999999999
 21
405.7910000000001
 31
0.0
  0
LINE
  5
8E6
330
726
100
AcDbEntity
  8
AM_4
100
AcDbLine
 10
7.5
 20
405.7910000000001
 30
0.0
 11
7.5
 21
403.225
 31
0.0
  0
LINE
  5
8E7
330
726
100
AcDbEntity
  8
AM_4
100
AcDbLine
 10
11.49999999999999
 20
405.7910000000001
 30
0.0
 11
7.5
 21
405.7910000000001
 31
0.0
  0
LINE
  5
8E8
330
726
100
AcDbEntity
  8
AM_4
100
AcDbLine
 10
7.299999999999997
 20
405.991
 30
0.0
 11
7.299999999999997
 21
403.025
 31
0.0
  0
LINE
  5
8E9
330
726
100
AcDbEntity
  8
AM_4
100
AcDbLine
 10
11.7
 20
403.025
 30
0.0
 11
11.7
 21
405.991
 31
0.0
  0
LINE
  5
8EA
330
726
100
AcDbEntity
  8
AM_4
100
AcDbLine
 10
84.5206186736034
 20
419.3506186736034
 30
0.0
 11
0.4793813263965845
 21
419.3506186736034
 31
0.0
  0
LINE
  5
8EB
330
726
100
AcDbEntity
  8
AM_4
100
AcDbLine
 10
11.7
 20
405.991
 30
0.0
 11
7.299999999999997
 21
405.991
 31
0.0
  0
LINE
  5
8EC
330
726
100
AcDbEntity
  8
AM_4
100
AcDbLine
 10
11.49999999999999
 20
404.3537268408495
 30
0.0
 11
7.499999999999993
 21
404.3537268408495
 31
0.0
  0
LINE
  5
8ED
330
726
100
AcDbEntity
  8
AM_4
100
AcDbLine
 10
7.5
 20
403.225
 30
0.0
 11
11.5
 21
403.225
 31
0.0
  0
LINE
  5
8EE
330
726
100
AcDbEntity
  8
AM_4
100
AcDbLine
 10
6.795999999999999
 20
261.0709999999866
 30
0.0
 11
6.795999999999999
 21
260.421
 31
0.0
  0
LINE
  5
8EF
330
726
100
AcDbEntity
  8
AM_4
100
AcDbLine
 10
6.095999999999989
 20
259.721
 30
0.0
 11
5.445999999999998
 21
259.721
 31
0.0
  0
ARC
  5
8F0
330
726
100
AcDbEntity
  8
AM_4
100
AcDbCircle
 10
6.095999999999947
 20
260.421
 30
0.0
 40
0.7000000000000455
100
AcDbArc
 50
270.0
 51
0.0
  0
LINE
  5
8F1
330
726
100
AcDbEntity
  8
AM_4
100
AcDbLine
 10
5.445999999999998
 20
258.921
 30
0.0
 11
6.095999999999997
 21
258.921
 31
0.0
  0
ARC
  5
8F2
330
726
100
AcDbEntity
  8
AM_4
100
AcDbCircle
 10
6.095999999999983
 20
258.221
 30
0.0
 40
0.7000000000000162
100
AcDbArc
 50
0.0
 51
90.0
  0
LINE
  5
8F3
330
726
100
AcDbEntity
  8
AM_4
100
AcDbLine
 10
6.795999999999999
 20
258.221
 30
0.0
 11
6.795999999999999
 21
257.571
 31
0.0
  0
LINE
  5
8F4
330
726
100
AcDbEntity
  8
AM_4
100
AcDbLine
 10
7.595999999999997
 20
260.421
 30
0.0
 11
7.595999999999997
 21
261.071
 31
0.0
  0
ARC
  5
8F5
330
726
100
AcDbEntity
  8
AM_4
100
AcDbCircle
 10
8.29600000000004
 20
260.421
 30
0.0
 40
0.7000000000000437
100
AcDbArc
 50
180.0
 51
270.0
  0
LINE
  5
8F6
330
726
100
AcDbEntity
  8
AM_4
100
AcDbLine
 10
8.945999999999998
 20
259.721
 30
0.0
 11
8.296
 21
259.721
 31
0.0
  0
ARC
  5
8F7
330
726
100
AcDbEntity
  8
AM_4
100
AcDbCircle
 10
8.295999999999944
 20
258.2210000000001
 30
0.0
 40
0.6999999999999318
100
AcDbArc
 50
90.0
 51
180.0
  0
LINE
  5
8F8
330
726
100
AcDbEntity
  8
AM_4
100
AcDbLine
 10
7.595999999999997
 20
257.571
 30
0.0
 11
7.595999999999997
 21
258.221
 31
0.0
  0
LINE
  5
8F9
330
726
100
AcDbEntity
  8
AM_4
100
AcDbLine
 10
8.296
 20
258.921
 30
0.0
 11
8.945999999999998
 21
258.921
 31
0.0
  0
LINE
  5
8FA
330
726
100
AcDbEntity
  8
AM_4
100
AcDbLine
 10
7.595999999999997
 20
261.071
 30
0.0
 11
6.795999999999999
 21
261.0709999999866
 31
0.0
  0
ARC
  5
8FB
330
726
100
AcDbEntity
  8
AM_4
100
AcDbCircle
 10
7.196000000000014
 20
259.3210000000001
 30
0.0
 40
1.499999999999963
100
AcDbArc
 50
15.46600995341779
 51
74.53399004657952
  0
LINE
  5
8FC
330
726
100
AcDbEntity
  8
AM_4
100
AcDbLine
 10
8.945999999999998
 20
258.921
 30
0.0
 11
8.945999999999998
 21
259.721
 31
0.0
  0
ARC
  5
8FD
330
726
100
AcDbEntity
  8
AM_4
100
AcDbCircle
 10
7.195999999999955
 20
259.321
 30
0.0
 40
1.500000000000011
100
AcDbArc
 50
285.4660099534221
 51
344.5339900465787
  0
LINE
  5
8FE
330
726
100
AcDbEntity
  8
AM_4
100
AcDbLine
 10
6.795999999999999
 20
257.571
 30
0.0
 11
7.595999999999997
 21
257.571
 31
0.0
  0
ARC
  5
8FF
330
726
100
AcDbEntity
  8
AM_4
100
AcDbCircle
 10
7.196000000000041
 20
259.321
 30
0.0
 40
1.50000000000005
100
AcDbArc
 50
195.4660099534214
 51
254.5339900465779
  0
LINE
  5
900
330
726
100
AcDbEntity
  8
AM_4
100
AcDbLine
 10
5.445999999999998
 20
259.721
 30
0.0
 11
5.445999999999998
 21
258.921
 31
0.0
  0
ARC
  5
901
330
726
100
AcDbEntity
  8
AM_4
100
AcDbCircle
 10
7.195999999999982
 20
259.3210000000001
 30
0.0
 40
1.499999999999941
100
AcDbArc
 50
105.4660099534205
 51
164.5339900465822
  0
ARC
  5
902
330
726
100
AcDbEntity
  8
AM_4
100
AcDbCircle
 10
28.12300000000005
 20
267.125
 30
0.0
 40
0.1999999999999531
100
AcDbArc
 50
0.0
 51
90.0
  0
ARC
  5
903
330
726
100
AcDbEntity
  8
AM_4
100
AcDbCircle
 10
27.56100000000004
 20
266.525
 30
0.0
 40
0.2999999999999581
100
AcDbArc
 50
0.0
 51
90.0
  0
LINE
  5
904
330
726
100
AcDbEntity
  8
AM_4
100
AcDbLine
 10
27.861
 20
252.136473038957
 30
0.0
 11
27.861
 21
266.525
 31
0.0
  0
LINE
  5
905
330
726
100
AcDbEntity
  8
AM_4
100
AcDbLine
 10
13.71
 20
266.825
 30
0.0
 11
13.71
 21
252.2551674804688
 31
0.0
  0
CIRCLE
  5
906
330
726
100
AcDbEntity
  8
AM_4
100
AcDbCircle
 10
20.86
 20
259.321
 30
0.0
 40
4.000000000000012
  0
CIRCLE
  5
907
330
726
100
AcDbEntity
  8
AM_4
100
AcDbCircle
 10
20.86
 20
259.321
 30
0.0
 40
3.620000000000013
  0
LINE
  5
908
330
726
100
AcDbEntity
  8
AM_4
100
AcDbLine
 10
66.25
 20
300.78
 30
0.0
 11
76.7
 21
300.78
 31
0.0
  0
LINE
  5
909
330
726
100
AcDbEntity
  8
AM_4
100
AcDbLine
 10
76.7
 20
300.78
 30
0.0
 11
76.7
 21
352.78
 31
0.0
  0
LINE
  5
90A
330
726
100
AcDbEntity
  8
AM_4
100
AcDbLine
 10
76.7
 20
352.78
 30
0.0
 11
66.25
 21
352.78
 31
0.0
  0
LINE
  5
90B
330
726
100
AcDbEntity
  8
AM_4
100
AcDbLine
 10
66.25
 20
352.78
 30
0.0
 11
66.25
 21
300.78
 31
0.0
  0
LINE
  5
90C
330
726
100
AcDbEntity
  8
AM_4
100
AcDbLine
 10
20.46
 20
258.221
 30
0.0
 11
20.46
 21
257.571
 31
0.0
  0
LINE
  5
90D
330
726
100
AcDbEntity
  8
AM_4
100
AcDbLine
 10
19.11
 20
258.921
 30
0.0
 11
19.76
 21
258.921
 31
0.0
  0
ARC
  5
90E
330
726
100
AcDbEntity
  8
AM_4
100
AcDbCircle
 10
19.75999999999999
 20
258.221
 30
0.0
 40
0.70000000000001
100
AcDbArc
 50
0.0000008537736463
 51
90.0
  0
LINE
  5
90F
330
726
100
AcDbEntity
  8
AM_4
100
AcDbLine
 10
21.96
 20
258.921
 30
0.0
 11
22.61
 21
258.921
 31
0.0
  0
ARC
  5
910
330
726
100
AcDbEntity
  8
AM_4
100
AcDbCircle
 10
21.95999999999995
 20
258.2210000000001
 30
0.0
 40
0.6999999999999318
100
AcDbArc
 50
90.0
 51
180.0
  0
LINE
  5
911
330
726
100
AcDbEntity
  8
AM_4
100
AcDbLine
 10
21.26
 20
257.571
 30
0.0
 11
21.26
 21
258.221
 31
0.0
  0
LINE
  5
912
330
726
100
AcDbEntity
  8
AM_4
100
AcDbLine
 10
20.46000000000001
 20
261.0709999999865
 30
0.0
 11
20.46
 21
260.421
 31
0.0
  0
ARC
  5
913
330
726
100
AcDbEntity
  8
AM_4
100
AcDbCircle
 10
19.75999999999997
 20
260.421
 30
0.0
 40
0.7000000000000455
100
AcDbArc
 50
270.0
 51
0.0
  0
LINE
  5
914
330
726
100
AcDbEntity
  8
AM_4
100
AcDbLine
 10
19.76000000000001
 20
259.721
 30
0.0
 11
19.11
 21
259.721
 31
0.0
  0
LINE
  5
915
330
726
100
AcDbEntity
  8
AM_4
100
AcDbLine
 10
22.61
 20
259.721
 30
0.0
 11
21.96
 21
259.721
 31
0.0
  0
LINE
  5
916
330
726
100
AcDbEntity
  8
AM_4
100
AcDbLine
 10
21.26
 20
260.421
 30
0.0
 11
21.26
 21
261.071
 31
0.0
  0
ARC
  5
917
330
726
100
AcDbEntity
  8
AM_4
100
AcDbCircle
 10
21.96000000000004
 20
260.421
 30
0.0
 40
0.7000000000000384
100
AcDbArc
 50
180.0
 51
270.0
  0
LINE
  5
918
330
726
100
AcDbEntity
  8
AM_4
100
AcDbLine
 10
21.26
 20
261.071
 30
0.0
 11
20.46000000000001
 21
261.0709999999865
 31
0.0
  0
ARC
  5
919
330
726
100
AcDbEntity
  8
AM_4
100
AcDbCircle
 10
20.86000000000011
 20
259.3210000000001
 30
0.0
 40
1.499999999999864
100
AcDbArc
 50
15.46600995341659
 51
74.5339900465824
  0
LINE
  5
91A
330
726
100
AcDbEntity
  8
AM_4
100
AcDbLine
 10
22.61
 20
258.921
 30
0.0
 11
22.61
 21
259.721
 31
0.0
  0
ARC
  5
91B
330
726
100
AcDbEntity
  8
AM_4
100
AcDbCircle
 10
20.85999999999996
 20
259.321
 30
0.0
 40
1.500000000000011
100
AcDbArc
 50
285.4660099534221
 51
344.5339900465788
  0
LINE
  5
91C
330
726
100
AcDbEntity
  8
AM_4
100
AcDbLine
 10
20.46
 20
257.571
 30
0.0
 11
21.26
 21
257.571
 31
0.0
  0
ARC
  5
91D
330
726
100
AcDbEntity
  8
AM_4
100
AcDbCircle
 10
20.86000000000004
 20
259.321
 30
0.0
 40
1.500000000000047
100
AcDbArc
 50
195.4660099534214
 51
254.5339900465781
  0
LINE
  5
91E
330
726
100
AcDbEntity
  8
AM_4
100
AcDbLine
 10
19.11
 20
259.721
 30
0.0
 11
19.11
 21
258.921
 31
0.0
  0
ARC
  5
91F
330
726
100
AcDbEntity
  8
AM_4
100
AcDbCircle
 10
20.85999999999999
 20
259.3210000000001
 30
0.0
 40
1.499999999999942
100
AcDbArc
 50
105.4660099534207
 51
164.5339900465824
  0
LINE
  5
920
330
726
100
AcDbEntity
  8
AM_4
100
AcDbLine
 10
84.70400000000001
 20
252.1260000000001
 30
0.0
 11
0.2959999999999994
 21
252.1260000000001
 31
0.0
  0
LINE
  5
921
330
726
100
AcDbEntity
  8
AM_4
100
AcDbLine
 10
27.861
 20
252.136473038957
 30
0.0
 11
28.323
 21
252.136473038957
 31
0.0
  0
LINE
  5
922
330
726
100
AcDbEntity
  8
AM_4
100
AcDbLine
 10
13.71
 20
252.3598978700381
 30
0.0
 11
27.861
 21
252.3598978700381
 31
0.0
  0
LINE
  5
923
330
726
100
AcDbEntity
  8
AM_4
100
AcDbLine
 10
0.425167480468815
 20
252.2551674804688
 30
0.0
 11
13.71
 21
252.2551674804688
 31
0.0
  0
LINE
  5
924
330
726
100
AcDbEntity
  8
AM_4
100
AcDbLine
 10
84.39187545325514
 20
252.4381245467449
 30
0.0
 11
28.323
 21
252.4381245467449
 31
0.0
  0
LINE
  5
925
330
726
100
AcDbEntity
  8
AM_4
100
AcDbLine
 10
42.463
 20
419.068
 30
0.0
 11
42.46300000000001
 21
394.4298928009678
 31
0.0
  0
LINE
  5
926
330
726
100
AcDbEntity
  8
AM_4
100
AcDbLine
 10
80.935
 20
419.068
 30
0.0
 11
42.463
 21
419.068
 31
0.0
  0
LINE
  5
927
330
726
100
AcDbEntity
  8
AM_4
100
AcDbLine
 10
80.935
 20
394.4298928009678
 30
0.0
 11
80.935
 21
419.068
 31
0.0
  0
LINE
  5
928
330
726
100
AcDbEntity
  8
AM_4
100
AcDbLine
 10
7.299999999999997
 20
404.3537268408495
 30
0.0
 11
0.483154149377107
 21
404.3537268408495
 31
0.0
  0
LINE
  5
929
330
726
100
AcDbEntity
  8
AM_4
100
AcDbLine
 10
42.46300000000001
 20
394.4298928009678
 30
0.0
 11
44.615
 21
394.4298928009678
 31
0.0
  0
LINE
  5
92A
330
726
100
AcDbEntity
  8
AM_4
100
AcDbLine
 10
42.463
 20
404.3537268408495
 30
0.0
 11
11.7
 21
404.3537268408495
 31
0.0
  0
LINE
  5
92B
330
726
100
AcDbEntity
  8
AM_4
100
AcDbLine
 10
7.299999999999997
 20
403.025
 30
0.0
 11
11.7
 21
403.025
 31
0.0
  0
LINE
  5
92C
330
726
100
AcDbEntity
  8
AM_4
100
AcDbLine
 10
84.5168458506229
 20
404.3537268408495
 30
0.0
 11
80.935
 21
404.3537268408495
 31
0.0
  0
LINE
  5
92D
330
726
100
AcDbEntity
  8
AM_4
100
AcDbLine
 10
78.787
 20
394.4298928009678
 30
0.0
 11
80.935
 21
394.4298928009678
 31
0.0
  0
LINE
  5
92E
330
726
100
AcDbEntity
  8
AM_4
100
AcDbLine
 10
78.01599999999999
 20
353.549
 30
0.0
 11
78.01599999999999
 21
300.03
 31
0.0
  0
LINE
  5
92F
330
726
100
AcDbEntity
  8
AM_4
100
AcDbLine
 10
62.21599999999999
 20
300.03
 30
0.0
 11
62.21599999999999
 21
353.549
 31
0.0
  0
LWPOLYLINE
  5
930
330
726
100
AcDbEntity
  8
AM_4
100
AcDbPolyline
 90
        6
 70
     0
 43
0.0
 10
59.15000000000001
 20
281.18
 10
59.16128409062274
 20
281.2462291895459
 10
59.19386846501509
 20
281.3049917748624
 10
59.24407100831243
 20
281.3496438879537
 10
59.30620331925171
 20
281.3751457167232
 10
59.3499999999998
 20
281.3800000000009
  0
LINE
  5
931
330
726
100
AcDbEntity
  8
AM_4
100
AcDbLine
 10
59.35
 20
281.38
 30
0.0
 11
62.14999999999999
 21
281.38
 31
0.0
  0
LWPOLYLINE
  5
932
330
726
100
AcDbEntity
  8
AM_4
100
AcDbPolyline
 90
        6
 70
     0
 43
0.0
 10
62.35
 20
281.58
 10
62.33871595799676
 20
281.5137709489924
 10
62.30613185491823
 20
281.4550086247784
 10
62.25592951987893
 20
281.4103564418605
 10
62.19379717715427
 20
281.3848543946862
 10
62.15000000000019
 20
281.3799999999991
  0
LWPOLYLINE
  5
933
330
726
100
AcDbEntity
  8
AM_4
100
AcDbPolyline
 90
        6
 70
     0
 43
0.0
 10
62.35
 20
282.93
 10
62.36128354954823
 20
282.996227647768
 10
62.3938661270243
 20
283.0549888543416
 10
62.44406628390866
 20
283.0996409378513
 10
62.50619745050516
 20
283.1251443995039
 10
62.5499999999998
 20
283.130000000001
  0
LINE
  5
934
330
726
100
AcDbEntity
  8
AM_4
100
AcDbLine
 10
62.55
 20
283.13
 30
0.0
 11
76.66299999999998
 21
283.13
 31
0.0
  0
LWPOLYLINE
  5
935
330
726
100
AcDbEntity
  8
AM_4
100
AcDbPolyline
 90
        6
 70
     0
 43
0.0
 10
76.66299999999998
 20
283.13
 10
76.72917465945241
 20
283.1187350376755
 10
76.78788846698367
 20
283.0862141825011
 10
76.83253941077191
 20
283.0360961271447
 10
76.85809894473337
 20
282.9740045652624
 10
76.86300000000097
 20
282.9300000000002
  0
LWPOLYLINE
  5
936
330
726
100
AcDbEntity
  8
AM_4
100
AcDbPolyline
 90
        6
 70
     0
 43
0.0
 10
77.063
 20
281.38
 10
76.99682683009459
 20
281.3912644400632
 10
76.93811435474572
 20
281.4237835616543
 10
76.89346336621452
 20
281.4738994354177
 10
76.86790223531008
 20
281.5359902032157
 10
76.86299999999903
 20
281.5799999999998
  0
LINE
  5
937
330
726
100
AcDbEntity
  8
AM_4
100
AcDbLine
 10
77.063
 20
281.38
 30
0.0
 11
79.25
 21
281.38
 31
0.0
  0
LWPOLYLINE
  5
938
330
726
100
AcDbEntity
  8
AM_4
100
AcDbPolyline
 90
        6
 70
     0
 43
0.0
 10
79.25
 20
281.38
 10
79.31617312218539
 20
281.3687355766681
 10
79.37488555628977
 20
281.3362165094675
 10
79.41953646387378
 20
281.2861008360814
 10
79.44509762225886
 20
281.224010428184
 10
79.45000000000098
 20
281.1800000000002
  0
LWPOLYLINE
  5
939
330
726
100
AcDbEntity
  8
AM_4
100
AcDbPolyline
 90
        6
 70
     0
 43
0.0
 10
79.45000000000002
 20
275.58
 10
79.43871399094286
 20
275.5137653442492
 10
79.40612336605224
 20
275.4549980217256
 10
79.35591235555475
 20
275.4103457252503
 10
79.29377584116621
 20
275.3848496074045
 10
79.2500000000002
 20
275.3799999999991
  0
LINE
  5
93A
330
726
100
AcDbEntity
  8
AM_4
100
AcDbLine
 10
79.25
 20
275.38
 30
0.0
 11
77.06300000000002
 21
275.38
 31
0.0
  0
LWPOLYLINE
  5
93B
330
726
100
AcDbEntity
  8
AM_4
100
AcDbPolyline
 90
        6
 70
     0
 43
0.0
 10
76.863
 20
275.18
 10
76.87428606237275
 20
275.2462348076559
 10
76.90687698471271
 20
275.3050024163671
 10
76.95708822346025
 20
275.3496546362178
 10
77.01922470297961
 20
275.3751505146567
 10
77.0629999999998
 20
275.3800000000009
  0
LWPOLYLINE
  5
93C
330
726
100
AcDbEntity
  8
AM_4
100
AcDbPolyline
 90
        6
 70
     0
 43
0.0
 10
76.863
 20
273.83
 10
76.85171338316937
 20
273.7637636126229
 10
76.81912074308138
 20
273.7049947457916
 10
76.76890705238432
 20
273.660342414684
 10
76.7067692497794
 20
273.6348481289515
 10
76.66300000000021
 20
273.6299999999991
  0
LINE
  5
93D
330
726
100
AcDbEntity
  8
AM_4
100
AcDbLine
 10
76.663
 20
273.63
 30
0.0
 11
62.55000000000001
 21
273.63
 31
0.0
  0
LWPOLYLINE
  5
93E
330
726
100
AcDbEntity
  8
AM_4
100
AcDbPolyline
 90
        6
 70
     0
 43
0.0
 10
62.55000000000001
 20
273.63
 10
62.48383415424146
 20
273.6412618722806
 10
62.42512822276741
 20
273.6737724760141
 10
62.38047739801854
 20
273.7238770174871
 10
62.35490852579065
 20
273.7859623264599
 10
62.34999999999903
 20
273.8299999999998
  0
LWPOLYLINE
  5
93F
330
726
100
AcDbEntity
  8
AM_4
100
AcDbPolyline
 90
        6
 70
     0
 43
0.0
 10
62.15000000000001
 20
275.38
 10
62.21616752179025
 20
275.3687375401454
 10
62.27487495228802
 20
275.3362249861292
 10
62.31952572727173
 20
275.2861179899593
 10
62.3450928029642
 20
275.2240317866044
 10
62.35000000000097
 20
275.1800000000002
  0
LINE
  5
940
330
726
100
AcDbEntity
  8
AM_4
100
AcDbLine
 10
62.15000000000001
 20
275.38
 30
0.0
 11
59.35000000000002
 21
275.38
 31
0.0
  0
LWPOLYLINE
  5
941
330
726
100
AcDbEntity
  8
AM_4
100
AcDbPolyline
 90
        6
 70
     0
 43
0.0
 10
59.35000000000002
 20
275.38
 10
59.28383242592891
 20
275.3912624781832
 10
59.22512495024547
 20
275.4237750917786
 10
59.18047408656977
 20
275.4738823074335
 10
59.1549070409212
 20
275.5359689051025
 10
59.14999999999903
 20
275.5799999999998
  0
LINE
  5
942
330
726
100
AcDbEntity
  8
AM_4
100
AcDbLine
 10
62.57
 20
285.98
 30
0.0
 11
62.57
 21
297.98
 31
0.0
  0
LINE
  5
943
330
726
100
AcDbEntity
  8
AM_4
100
AcDbLine
 10
62.57
 20
297.98
 30
0.0
 11
65.345
 21
297.98
 31
0.0
  0
LINE
  5
944
330
726
100
AcDbEntity
  8
AM_4
100
AcDbLine
 10
65.345
 20
298.83
 30
0.0
 11
75.795
 21
298.83
 31
0.0
  0
LINE
  5
945
330
726
100
AcDbEntity
  8
AM_4
100
AcDbLine
 10
75.795
 20
297.98
 30
0.0
 11
78.57
 21
297.98
 31
0.0
  0
LINE
  5
946
330
726
100
AcDbEntity
  8
AM_4
100
AcDbLine
 10
78.57
 20
297.98
 30
0.0
 11
78.57
 21
285.98
 31
0.0
  0
LINE
  5
947
330
726
100
AcDbEntity
  8
AM_4
100
AcDbLine
 10
78.57
 20
285.98
 30
0.0
 11
75.795
 21
285.98
 31
0.0
  0
LINE
  5
948
330
726
100
AcDbEntity
  8
AM_4
100
AcDbLine
 10
75.795
 20
285.13
 30
0.0
 11
65.345
 21
285.13
 31
0.0
  0
LINE
  5
949
330
726
100
AcDbEntity
  8
AM_4
100
AcDbLine
 10
65.345
 20
285.98
 30
0.0
 11
62.57
 21
285.98
 31
0.0
  0
LINE
  5
94A
330
726
100
AcDbEntity
  8
AM_4
100
AcDbLine
 10
75.667
 20
353.549
 30
0.0
 11
78.01599999999999
 21
353.549
 31
0.0
  0
LINE
  5
94B
330
726
100
AcDbEntity
  8
AM_4
100
AcDbLine
 10
78.01599999999999
 20
300.03
 30
0.0
 11
62.21599999999999
 21
300.03
 31
0.0
  0
LINE
  5
94C
330
726
100
AcDbEntity
  8
AM_4
100
AcDbLine
 10
62.21599999999999
 20
353.549
 30
0.0
 11
65.316
 21
353.549
 31
0.0
  0
LINE
  5
94D
330
726
100
AcDbEntity
  8
AM_4
100
AcDbLine
 10
65.316
 20
353.549
 30
0.0
 11
65.316
 21
376.861
 31
0.0
  0
LINE
  5
94E
330
726
100
AcDbEntity
  8
AM_4
100
AcDbLine
 10
65.316
 20
376.861
 30
0.0
 11
69.638
 21
376.861
 31
0.0
  0
LINE
  5
94F
330
726
100
AcDbEntity
  8
AM_4
100
AcDbLine
 10
69.638
 20
376.861
 30
0.0
 11
69.638
 21
387.211
 31
0.0
  0
LINE
  5
950
330
726
100
AcDbEntity
  8
AM_4
100
AcDbLine
 10
69.638
 20
387.211
 30
0.0
 11
75.667
 21
387.211
 31
0.0
  0
LINE
  5
951
330
726
100
AcDbEntity
  8
AM_4
100
AcDbLine
 10
75.667
 20
387.211
 30
0.0
 11
75.667
 21
353.549
 31
0.0
  0
LINE
  5
952
330
726
100
AcDbEntity
  8
AM_4
100
AcDbLine
 10
38.95
 20
385.93
 30
0.0
 11
44.52
 21
385.93
 31
0.0
  0
LINE
  5
953
330
726
100
AcDbEntity
  8
AM_4
100
AcDbLine
 10
44.52
 20
383.83
 30
0.0
 11
38.95
 21
383.83
 31
0.0
  0
LINE
  5
954
330
726
100
AcDbEntity
  8
AM_4
100
AcDbLine
 10
31.45
 20
385.93
 30
0.0
 11
37.02
 21
385.93
 31
0.0
  0
LINE
  5
955
330
726
100
AcDbEntity
  8
AM_4
100
AcDbLine
 10
37.02
 20
383.83
 30
0.0
 11
31.45
 21
383.83
 31
0.0
  0
LINE
  5
956
330
726
100
AcDbEntity
  8
AM_4
100
AcDbLine
 10
38.95
 20
381.93
 30
0.0
 11
44.52
 21
381.93
 31
0.0
  0
LINE
  5
957
330
726
100
AcDbEntity
  8
AM_4
100
AcDbLine
 10
44.52
 20
379.83
 30
0.0
 11
38.95
 21
379.83
 31
0.0
  0
LINE
  5
958
330
726
100
AcDbEntity
  8
AM_4
100
AcDbLine
 10
31.45
 20
381.93
 30
0.0
 11
37.02
 21
381.93
 31
0.0
  0
LINE
  5
959
330
726
100
AcDbEntity
  8
AM_4
100
AcDbLine
 10
37.02
 20
379.83
 30
0.0
 11
31.45
 21
379.83
 31
0.0
  0
LINE
  5
95A
330
726
100
AcDbEntity
  8
AM_4
100
AcDbLine
 10
53.95
 20
377.93
 30
0.0
 11
59.52
 21
377.93
 31
0.0
  0
LINE
  5
95B
330
726
100
AcDbEntity
  8
AM_4
100
AcDbLine
 10
59.52
 20
375.83
 30
0.0
 11
53.95
 21
375.83
 31
0.0
  0
LINE
  5
95C
330
726
100
AcDbEntity
  8
AM_4
100
AcDbLine
 10
46.45
 20
377.93
 30
0.0
 11
52.02
 21
377.93
 31
0.0
  0
LINE
  5
95D
330
726
100
AcDbEntity
  8
AM_4
100
AcDbLine
 10
52.02
 20
375.83
 30
0.0
 11
46.45
 21
375.83
 31
0.0
  0
LINE
  5
95E
330
726
100
AcDbEntity
  8
AM_4
100
AcDbLine
 10
38.95
 20
377.93
 30
0.0
 11
44.52
 21
377.93
 31
0.0
  0
LINE
  5
95F
330
726
100
AcDbEntity
  8
AM_4
100
AcDbLine
 10
44.52
 20
375.83
 30
0.0
 11
38.95
 21
375.83
 31
0.0
  0
LINE
  5
960
330
726
100
AcDbEntity
  8
AM_4
100
AcDbLine
 10
31.45
 20
377.93
 30
0.0
 11
37.02
 21
377.93
 31
0.0
  0
LINE
  5
961
330
726
100
AcDbEntity
  8
AM_4
100
AcDbLine
 10
37.02
 20
375.83
 30
0.0
 11
31.45
 21
375.83
 31
0.0
  0
LINE
  5
962
330
726
100
AcDbEntity
  8
AM_4
100
AcDbLine
 10
53.95
 20
373.93
 30
0.0
 11
59.52
 21
373.93
 31
0.0
  0
LINE
  5
963
330
726
100
AcDbEntity
  8
AM_4
100
AcDbLine
 10
59.52
 20
371.83
 30
0.0
 11
53.95
 21
371.83
 31
0.0
  0
LINE
  5
964
330
726
100
AcDbEntity
  8
AM_4
100
AcDbLine
 10
46.45
 20
373.93
 30
0.0
 11
52.02
 21
373.93
 31
0.0
  0
LINE
  5
965
330
726
100
AcDbEntity
  8
AM_4
100
AcDbLine
 10
52.02
 20
371.83
 30
0.0
 11
46.45
 21
371.83
 31
0.0
  0
LINE
  5
966
330
726
100
AcDbEntity
  8
AM_4
100
AcDbLine
 10
38.95
 20
373.93
 30
0.0
 11
44.52
 21
373.93
 31
0.0
  0
LINE
  5
967
330
726
100
AcDbEntity
  8
AM_4
100
AcDbLine
 10
44.52
 20
371.83
 30
0.0
 11
38.95
 21
371.83
 31
0.0
  0
LINE
  5
968
330
726
100
AcDbEntity
  8
AM_4
100
AcDbLine
 10
31.45
 20
373.93
 30
0.0
 11
37.02
 21
373.93
 31
0.0
  0
LINE
  5
969
330
726
100
AcDbEntity
  8
AM_4
100
AcDbLine
 10
37.02
 20
371.83
 30
0.0
 11
31.45
 21
371.83
 31
0.0
  0
LINE
  5
96A
330
726
100
AcDbEntity
  8
AM_4
100
AcDbLine
 10
53.95
 20
369.93
 30
0.0
 11
59.52
 21
369.93
 31
0.0
  0
LINE
  5
96B
330
726
100
AcDbEntity
  8
AM_4
100
AcDbLine
 10
59.52
 20
367.83
 30
0.0
 11
53.95
 21
367.83
 31
0.0
  0
LINE
  5
96C
330
726
100
AcDbEntity
  8
AM_4
100
AcDbLine
 10
46.45
 20
369.93
 30
0.0
 11
52.02
 21
369.93
 31
0.0
  0
LINE
  5
96D
330
726
100
AcDbEntity
  8
AM_4
100
AcDbLine
 10
52.02
 20
367.83
 30
0.0
 11
46.45
 21
367.83
 31
0.0
  0
LINE
  5
96E
330
726
100
AcDbEntity
  8
AM_4
100
AcDbLine
 10
38.95
 20
369.93
 30
0.0
 11
44.52
 21
369.93
 31
0.0
  0
LINE
  5
96F
330
726
100
AcDbEntity
  8
AM_4
100
AcDbLine
 10
44.52
 20
367.83
 30
0.0
 11
38.95
 21
367.83
 31
0.0
  0
LINE
  5
970
330
726
100
AcDbEntity
  8
AM_4
100
AcDbLine
 10
31.45
 20
369.93
 30
0.0
 11
37.02
 21
369.93
 31
0.0
  0
LINE
  5
971
330
726
100
AcDbEntity
  8
AM_4
100
AcDbLine
 10
37.02
 20
367.83
 30
0.0
 11
31.45
 21
367.83
 31
0.0
  0
LINE
  5
972
330
726
100
AcDbEntity
  8
AM_4
100
AcDbLine
 10
53.95
 20
365.93
 30
0.0
 11
59.52
 21
365.93
 31
0.0
  0
LINE
  5
973
330
726
100
AcDbEntity
  8
AM_4
100
AcDbLine
 10
59.52
 20
363.83
 30
0.0
 11
53.95
 21
363.83
 31
0.0
  0
LINE
  5
974
330
726
100
AcDbEntity
  8
AM_4
100
AcDbLine
 10
46.45
 20
365.93
 30
0.0
 11
52.02
 21
365.93
 31
0.0
  0
LINE
  5
975
330
726
100
AcDbEntity
  8
AM_4
100
AcDbLine
 10
52.02
 20
363.83
 30
0.0
 11
46.45
 21
363.83
 31
0.0
  0
LINE
  5
976
330
726
100
AcDbEntity
  8
AM_4
100
AcDbLine
 10
38.95
 20
365.93
 30
0.0
 11
44.52
 21
365.93
 31
0.0
  0
LINE
  5
977
330
726
100
AcDbEntity
  8
AM_4
100
AcDbLine
 10
44.52
 20
363.83
 30
0.0
 11
38.95
 21
363.83
 31
0.0
  0
LINE
  5
978
330
726
100
AcDbEntity
  8
AM_4
100
AcDbLine
 10
31.45
 20
365.93
 30
0.0
 11
37.02
 21
365.93
 31
0.0
  0
LINE
  5
979
330
726
100
AcDbEntity
  8
AM_4
100
AcDbLine
 10
37.02
 20
363.83
 30
0.0
 11
31.45
 21
363.83
 31
0.0
  0
LINE
  5
97A
330
726
100
AcDbEntity
  8
AM_4
100
AcDbLine
 10
53.95
 20
361.93
 30
0.0
 11
59.52
 21
361.93
 31
0.0
  0
LINE
  5
97B
330
726
100
AcDbEntity
  8
AM_4
100
AcDbLine
 10
59.52
 20
359.83
 30
0.0
 11
53.95
 21
359.83
 31
0.0
  0
LINE
  5
97C
330
726
100
AcDbEntity
  8
AM_4
100
AcDbLine
 10
46.45
 20
361.93
 30
0.0
 11
52.02
 21
361.93
 31
0.0
  0
LINE
  5
97D
330
726
100
AcDbEntity
  8
AM_4
100
AcDbLine
 10
52.02
 20
359.83
 30
0.0
 11
46.45
 21
359.83
 31
0.0
  0
LINE
  5
97E
330
726
100
AcDbEntity
  8
AM_4
100
AcDbLine
 10
38.95
 20
361.93
 30
0.0
 11
44.52
 21
361.93
 31
0.0
  0
LINE
  5
97F
330
726
100
AcDbEntity
  8
AM_4
100
AcDbLine
 10
44.52
 20
359.83
 30
0.0
 11
38.95
 21
359.83
 31
0.0
  0
LINE
  5
980
330
726
100
AcDbEntity
  8
AM_4
100
AcDbLine
 10
31.45
 20
361.93
 30
0.0
 11
37.02
 21
361.93
 31
0.0
  0
LINE
  5
981
330
726
100
AcDbEntity
  8
AM_4
100
AcDbLine
 10
37.02
 20
359.83
 30
0.0
 11
31.45
 21
359.83
 31
0.0
  0
LINE
  5
982
330
726
100
AcDbEntity
  8
AM_4
100
AcDbLine
 10
53.95
 20
357.93
 30
0.0
 11
59.52
 21
357.93
 31
0.0
  0
LINE
  5
983
330
726
100
AcDbEntity
  8
AM_4
100
AcDbLine
 10
59.52
 20
355.83
 30
0.0
 11
53.95
 21
355.83
 31
0.0
  0
LINE
  5
984
330
726
100
AcDbEntity
  8
AM_4
100
AcDbLine
 10
46.45
 20
357.93
 30
0.0
 11
52.02
 21
357.93
 31
0.0
  0
LINE
  5
985
330
726
100
AcDbEntity
  8
AM_4
100
AcDbLine
 10
52.02
 20
355.83
 30
0.0
 11
46.45
 21
355.83
 31
0.0
  0
LINE
  5
986
330
726
100
AcDbEntity
  8
AM_4
100
AcDbLine
 10
38.95
 20
357.93
 30
0.0
 11
44.52
 21
357.93
 31
0.0
  0
LINE
  5
987
330
726
100
AcDbEntity
  8
AM_4
100
AcDbLine
 10
44.52
 20
355.83
 30
0.0
 11
38.95
 21
355.83
 31
0.0
  0
LINE
  5
988
330
726
100
AcDbEntity
  8
AM_4
100
AcDbLine
 10
31.45
 20
357.93
 30
0.0
 11
37.02
 21
357.93
 31
0.0
  0
LINE
  5
989
330
726
100
AcDbEntity
  8
AM_4
100
AcDbLine
 10
37.02
 20
355.83
 30
0.0
 11
31.45
 21
355.83
 31
0.0
  0
LINE
  5
98A
330
726
100
AcDbEntity
  8
AM_4
100
AcDbLine
 10
53.95
 20
353.93
 30
0.0
 11
59.52
 21
353.93
 31
0.0
  0
LINE
  5
98B
330
726
100
AcDbEntity
  8
AM_4
100
AcDbLine
 10
59.52
 20
351.83
 30
0.0
 11
53.95
 21
351.83
 31
0.0
  0
LINE
  5
98C
330
726
100
AcDbEntity
  8
AM_4
100
AcDbLine
 10
46.45
 20
353.93
 30
0.0
 11
52.02
 21
353.93
 31
0.0
  0
LINE
  5
98D
330
726
100
AcDbEntity
  8
AM_4
100
AcDbLine
 10
52.02
 20
351.83
 30
0.0
 11
46.45
 21
351.83
 31
0.0
  0
LINE
  5
98E
330
726
100
AcDbEntity
  8
AM_4
100
AcDbLine
 10
38.95
 20
353.93
 30
0.0
 11
44.52
 21
353.93
 31
0.0
  0
LINE
  5
98F
330
726
100
AcDbEntity
  8
AM_4
100
AcDbLine
 10
44.52
 20
351.83
 30
0.0
 11
38.95
 21
351.83
 31
0.0
  0
LINE
  5
990
330
726
100
AcDbEntity
  8
AM_4
100
AcDbLine
 10
31.45
 20
353.93
 30
0.0
 11
37.02
 21
353.93
 31
0.0
  0
LINE
  5
991
330
726
100
AcDbEntity
  8
AM_4
100
AcDbLine
 10
37.02
 20
351.83
 30
0.0
 11
31.45
 21
351.83
 31
0.0
  0
LINE
  5
992
330
726
100
AcDbEntity
  8
AM_4
100
AcDbLine
 10
53.95
 20
349.93
 30
0.0
 11
59.52
 21
349.93
 31
0.0
  0
LINE
  5
993
330
726
100
AcDbEntity
  8
AM_4
100
AcDbLine
 10
59.52
 20
347.83
 30
0.0
 11
53.95
 21
347.83
 31
0.0
  0
LINE
  5
994
330
726
100
AcDbEntity
  8
AM_4
100
AcDbLine
 10
46.45
 20
349.93
 30
0.0
 11
52.02
 21
349.93
 31
0.0
  0
LINE
  5
995
330
726
100
AcDbEntity
  8
AM_4
100
AcDbLine
 10
52.02
 20
347.83
 30
0.0
 11
46.45
 21
347.83
 31
0.0
  0
LINE
  5
996
330
726
100
AcDbEntity
  8
AM_4
100
AcDbLine
 10
38.95
 20
349.93
 30
0.0
 11
44.52
 21
349.93
 31
0.0
  0
LINE
  5
997
330
726
100
AcDbEntity
  8
AM_4
100
AcDbLine
 10
44.52
 20
347.83
 30
0.0
 11
38.95
 21
347.83
 31
0.0
  0
LINE
  5
998
330
726
100
AcDbEntity
  8
AM_4
100
AcDbLine
 10
31.45
 20
349.93
 30
0.0
 11
37.02
 21
349.93
 31
0.0
  0
LINE
  5
999
330
726
100
AcDbEntity
  8
AM_4
100
AcDbLine
 10
37.02
 20
347.83
 30
0.0
 11
31.45
 21
347.83
 31
0.0
  0
LINE
  5
99A
330
726
100
AcDbEntity
  8
AM_4
100
AcDbLine
 10
53.95
 20
345.93
 30
0.0
 11
59.52
 21
345.93
 31
0.0
  0
LINE
  5
99B
330
726
100
AcDbEntity
  8
AM_4
100
AcDbLine
 10
59.52
 20
343.83
 30
0.0
 11
53.95
 21
343.83
 31
0.0
  0
LINE
  5
99C
330
726
100
AcDbEntity
  8
AM_4
100
AcDbLine
 10
46.45
 20
345.93
 30
0.0
 11
52.02
 21
345.93
 31
0.0
  0
LINE
  5
99D
330
726
100
AcDbEntity
  8
AM_4
100
AcDbLine
 10
52.02
 20
343.83
 30
0.0
 11
46.45
 21
343.83
 31
0.0
  0
LINE
  5
99E
330
726
100
AcDbEntity
  8
AM_4
100
AcDbLine
 10
38.95
 20
345.93
 30
0.0
 11
44.52
 21
345.93
 31
0.0
  0
LINE
  5
99F
330
726
100
AcDbEntity
  8
AM_4
100
AcDbLine
 10
44.52
 20
343.83
 30
0.0
 11
38.95
 21
343.83
 31
0.0
  0
LINE
  5
9A0
330
726
100
AcDbEntity
  8
AM_4
100
AcDbLine
 10
31.45
 20
345.93
 30
0.0
 11
37.02
 21
345.93
 31
0.0
  0
LINE
  5
9A1
330
726
100
AcDbEntity
  8
AM_4
100
AcDbLine
 10
37.02
 20
343.83
 30
0.0
 11
31.45
 21
343.83
 31
0.0
  0
LINE
  5
9A2
330
726
100
AcDbEntity
  8
AM_4
100
AcDbLine
 10
53.95
 20
341.93
 30
0.0
 11
59.52
 21
341.93
 31
0.0
  0
LINE
  5
9A3
330
726
100
AcDbEntity
  8
AM_4
100
AcDbLine
 10
59.52
 20
339.83
 30
0.0
 11
53.95
 21
339.83
 31
0.0
  0
LINE
  5
9A4
330
726
100
AcDbEntity
  8
AM_4
100
AcDbLine
 10
46.45
 20
341.93
 30
0.0
 11
52.02
 21
341.93
 31
0.0
  0
LINE
  5
9A5
330
726
100
AcDbEntity
  8
AM_4
100
AcDbLine
 10
52.02
 20
339.83
 30
0.0
 11
46.45
 21
339.83
 31
0.0
  0
LINE
  5
9A6
330
726
100
AcDbEntity
  8
AM_4
100
AcDbLine
 10
38.95
 20
341.93
 30
0.0
 11
44.52
 21
341.93
 31
0.0
  0
LINE
  5
9A7
330
726
100
AcDbEntity
  8
AM_4
100
AcDbLine
 10
44.52
 20
339.83
 30
0.0
 11
38.95
 21
339.83
 31
0.0
  0
LINE
  5
9A8
330
726
100
AcDbEntity
  8
AM_4
100
AcDbLine
 10
31.45
 20
341.93
 30
0.0
 11
37.02
 21
341.93
 31
0.0
  0
LINE
  5
9A9
330
726
100
AcDbEntity
  8
AM_4
100
AcDbLine
 10
37.02
 20
339.83
 30
0.0
 11
31.45
 21
339.83
 31
0.0
  0
LINE
  5
9AA
330
726
100
AcDbEntity
  8
AM_4
100
AcDbLine
 10
53.95
 20
337.93
 30
0.0
 11
59.52
 21
337.93
 31
0.0
  0
LINE
  5
9AB
330
726
100
AcDbEntity
  8
AM_4
100
AcDbLine
 10
59.52
 20
335.83
 30
0.0
 11
53.95
 21
335.83
 31
0.0
  0
LINE
  5
9AC
330
726
100
AcDbEntity
  8
AM_4
100
AcDbLine
 10
46.45
 20
337.93
 30
0.0
 11
52.02
 21
337.93
 31
0.0
  0
LINE
  5
9AD
330
726
100
AcDbEntity
  8
AM_4
100
AcDbLine
 10
52.02
 20
335.83
 30
0.0
 11
46.45
 21
335.83
 31
0.0
  0
LINE
  5
9AE
330
726
100
AcDbEntity
  8
AM_4
100
AcDbLine
 10
38.95
 20
337.93
 30
0.0
 11
44.52
 21
337.93
 31
0.0
  0
LINE
  5
9AF
330
726
100
AcDbEntity
  8
AM_4
100
AcDbLine
 10
44.52
 20
335.83
 30
0.0
 11
38.95
 21
335.83
 31
0.0
  0
LINE
  5
9B0
330
726
100
AcDbEntity
  8
AM_4
100
AcDbLine
 10
31.45
 20
337.93
 30
0.0
 11
37.02
 21
337.93
 31
0.0
  0
LINE
  5
9B1
330
726
100
AcDbEntity
  8
AM_4
100
AcDbLine
 10
37.02
 20
335.83
 30
0.0
 11
31.45
 21
335.83
 31
0.0
  0
LINE
  5
9B2
330
726
100
AcDbEntity
  8
AM_4
100
AcDbLine
 10
53.95
 20
333.93
 30
0.0
 11
59.52
 21
333.93
 31
0.0
  0
LINE
  5
9B3
330
726
100
AcDbEntity
  8
AM_4
100
AcDbLine
 10
59.52
 20
331.83
 30
0.0
 11
53.95
 21
331.83
 31
0.0
  0
LINE
  5
9B4
330
726
100
AcDbEntity
  8
AM_4
100
AcDbLine
 10
46.45
 20
333.93
 30
0.0
 11
52.02
 21
333.93
 31
0.0
  0
LINE
  5
9B5
330
726
100
AcDbEntity
  8
AM_4
100
AcDbLine
 10
52.02
 20
331.83
 30
0.0
 11
46.45
 21
331.83
 31
0.0
  0
LINE
  5
9B6
330
726
100
AcDbEntity
  8
AM_4
100
AcDbLine
 10
38.95
 20
333.93
 30
0.0
 11
44.52
 21
333.93
 31
0.0
  0
LINE
  5
9B7
330
726
100
AcDbEntity
  8
AM_4
100
AcDbLine
 10
44.52
 20
331.83
 30
0.0
 11
38.95
 21
331.83
 31
0.0
  0
LINE
  5
9B8
330
726
100
AcDbEntity
  8
AM_4
100
AcDbLine
 10
31.45
 20
333.93
 30
0.0
 11
37.02
 21
333.93
 31
0.0
  0
LINE
  5
9B9
330
726
100
AcDbEntity
  8
AM_4
100
AcDbLine
 10
37.02
 20
331.83
 30
0.0
 11
31.45
 21
331.83
 31
0.0
  0
LINE
  5
9BA
330
726
100
AcDbEntity
  8
AM_4
100
AcDbLine
 10
53.95
 20
329.93
 30
0.0
 11
59.52
 21
329.93
 31
0.0
  0
LINE
  5
9BB
330
726
100
AcDbEntity
  8
AM_4
100
AcDbLine
 10
59.52
 20
327.83
 30
0.0
 11
53.95
 21
327.83
 31
0.0
  0
LINE
  5
9BC
330
726
100
AcDbEntity
  8
AM_4
100
AcDbLine
 10
46.45
 20
329.93
 30
0.0
 11
52.02
 21
329.93
 31
0.0
  0
LINE
  5
9BD
330
726
100
AcDbEntity
  8
AM_4
100
AcDbLine
 10
52.02
 20
327.83
 30
0.0
 11
46.45
 21
327.83
 31
0.0
  0
LINE
  5
9BE
330
726
100
AcDbEntity
  8
AM_4
100
AcDbLine
 10
38.95
 20
329.93
 30
0.0
 11
44.52
 21
329.93
 31
0.0
  0
LINE
  5
9BF
330
726
100
AcDbEntity
  8
AM_4
100
AcDbLine
 10
44.52
 20
327.83
 30
0.0
 11
38.95
 21
327.83
 31
0.0
  0
LINE
  5
9C0
330
726
100
AcDbEntity
  8
AM_4
100
AcDbLine
 10
31.45
 20
329.93
 30
0.0
 11
37.02
 21
329.93
 31
0.0
  0
LINE
  5
9C1
330
726
100
AcDbEntity
  8
AM_4
100
AcDbLine
 10
37.02
 20
327.83
 30
0.0
 11
31.45
 21
327.83
 31
0.0
  0
LINE
  5
9C2
330
726
100
AcDbEntity
  8
AM_4
100
AcDbLine
 10
53.95
 20
325.93
 30
0.0
 11
59.52
 21
325.93
 31
0.0
  0
LINE
  5
9C3
330
726
100
AcDbEntity
  8
AM_4
100
AcDbLine
 10
59.52
 20
323.83
 30
0.0
 11
53.95
 21
323.83
 31
0.0
  0
LINE
  5
9C4
330
726
100
AcDbEntity
  8
AM_4
100
AcDbLine
 10
46.45
 20
325.93
 30
0.0
 11
52.02
 21
325.93
 31
0.0
  0
LINE
  5
9C5
330
726
100
AcDbEntity
  8
AM_4
100
AcDbLine
 10
52.02
 20
323.83
 30
0.0
 11
46.45
 21
323.83
 31
0.0
  0
LINE
  5
9C6
330
726
100
AcDbEntity
  8
AM_4
100
AcDbLine
 10
38.95
 20
325.93
 30
0.0
 11
44.52
 21
325.93
 31
0.0
  0
LINE
  5
9C7
330
726
100
AcDbEntity
  8
AM_4
100
AcDbLine
 10
44.52
 20
323.83
 30
0.0
 11
38.95
 21
323.83
 31
0.0
  0
LINE
  5
9C8
330
726
100
AcDbEntity
  8
AM_4
100
AcDbLine
 10
31.45
 20
325.93
 30
0.0
 11
37.02
 21
325.93
 31
0.0
  0
LINE
  5
9C9
330
726
100
AcDbEntity
  8
AM_4
100
AcDbLine
 10
37.02
 20
323.83
 30
0.0
 11
31.45
 21
323.83
 31
0.0
  0
LINE
  5
9CA
330
726
100
AcDbEntity
  8
AM_4
100
AcDbLine
 10
53.95
 20
321.93
 30
0.0
 11
59.52
 21
321.93
 31
0.0
  0
LINE
  5
9CB
330
726
100
AcDbEntity
  8
AM_4
100
AcDbLine
 10
59.52
 20
319.83
 30
0.0
 11
53.95
 21
319.83
 31
0.0
  0
LINE
  5
9CC
330
726
100
AcDbEntity
  8
AM_4
100
AcDbLine
 10
46.45
 20
321.93
 30
0.0
 11
52.02
 21
321.93
 31
0.0
  0
LINE
  5
9CD
330
726
100
AcDbEntity
  8
AM_4
100
AcDbLine
 10
52.02
 20
319.83
 30
0.0
 11
46.45
 21
319.83
 31
0.0
  0
LINE
  5
9CE
330
726
100
AcDbEntity
  8
AM_4
100
AcDbLine
 10
38.95
 20
321.93
 30
0.0
 11
44.52
 21
321.93
 31
0.0
  0
LINE
  5
9CF
330
726
100
AcDbEntity
  8
AM_4
100
AcDbLine
 10
44.52
 20
319.83
 30
0.0
 11
38.95
 21
319.83
 31
0.0
  0
LINE
  5
9D0
330
726
100
AcDbEntity
  8
AM_4
100
AcDbLine
 10
31.45
 20
321.93
 30
0.0
 11
37.02
 21
321.93
 31
0.0
  0
LINE
  5
9D1
330
726
100
AcDbEntity
  8
AM_4
100
AcDbLine
 10
37.02
 20
319.83
 30
0.0
 11
31.45
 21
319.83
 31
0.0
  0
LINE
  5
9D2
330
726
100
AcDbEntity
  8
AM_4
100
AcDbLine
 10
53.95
 20
317.93
 30
0.0
 11
59.52
 21
317.93
 31
0.0
  0
LINE
  5
9D3
330
726
100
AcDbEntity
  8
AM_4
100
AcDbLine
 10
59.52
 20
315.83
 30
0.0
 11
53.95
 21
315.83
 31
0.0
  0
LINE
  5
9D4
330
726
100
AcDbEntity
  8
AM_4
100
AcDbLine
 10
46.45
 20
317.93
 30
0.0
 11
52.02
 21
317.93
 31
0.0
  0
LINE
  5
9D5
330
726
100
AcDbEntity
  8
AM_4
100
AcDbLine
 10
52.02
 20
315.83
 30
0.0
 11
46.45
 21
315.83
 31
0.0
  0
LINE
  5
9D6
330
726
100
AcDbEntity
  8
AM_4
100
AcDbLine
 10
38.95
 20
317.93
 30
0.0
 11
44.52
 21
317.93
 31
0.0
  0
LINE
  5
9D7
330
726
100
AcDbEntity
  8
AM_4
100
AcDbLine
 10
44.52
 20
315.83
 30
0.0
 11
38.95
 21
315.83
 31
0.0
  0
LINE
  5
9D8
330
726
100
AcDbEntity
  8
AM_4
100
AcDbLine
 10
31.45
 20
317.93
 30
0.0
 11
37.02
 21
317.93
 31
0.0
  0
LINE
  5
9D9
330
726
100
AcDbEntity
  8
AM_4
100
AcDbLine
 10
37.02
 20
315.83
 30
0.0
 11
31.45
 21
315.83
 31
0.0
  0
LINE
  5
9DA
330
726
100
AcDbEntity
  8
AM_4
100
AcDbLine
 10
53.95
 20
313.93
 30
0.0
 11
59.52
 21
313.93
 31
0.0
  0
LINE
  5
9DB
330
726
100
AcDbEntity
  8
AM_4
100
AcDbLine
 10
59.52
 20
311.83
 30
0.0
 11
53.95
 21
311.83
 31
0.0
  0
LINE
  5
9DC
330
726
100
AcDbEntity
  8
AM_4
100
AcDbLine
 10
46.45
 20
313.93
 30
0.0
 11
52.02
 21
313.93
 31
0.0
  0
LINE
  5
9DD
330
726
100
AcDbEntity
  8
AM_4
100
AcDbLine
 10
52.02
 20
311.83
 30
0.0
 11
46.45
 21
311.83
 31
0.0
  0
LINE
  5
9DE
330
726
100
AcDbEntity
  8
AM_4
100
AcDbLine
 10
38.95
 20
313.93
 30
0.0
 11
44.52
 21
313.93
 31
0.0
  0
LINE
  5
9DF
330
726
100
AcDbEntity
  8
AM_4
100
AcDbLine
 10
44.52
 20
311.83
 30
0.0
 11
38.95
 21
311.83
 31
0.0
  0
LINE
  5
9E0
330
726
100
AcDbEntity
  8
AM_4
100
AcDbLine
 10
31.45
 20
313.93
 30
0.0
 11
37.02
 21
313.93
 31
0.0
  0
LINE
  5
9E1
330
726
100
AcDbEntity
  8
AM_4
100
AcDbLine
 10
37.02
 20
311.83
 30
0.0
 11
31.45
 21
311.83
 31
0.0
  0
LINE
  5
9E2
330
726
100
AcDbEntity
  8
AM_4
100
AcDbLine
 10
53.95
 20
309.93
 30
0.0
 11
59.52
 21
309.93
 31
0.0
  0
LINE
  5
9E3
330
726
100
AcDbEntity
  8
AM_4
100
AcDbLine
 10
59.52
 20
307.83
 30
0.0
 11
53.95
 21
307.83
 31
0.0
  0
LINE
  5
9E4
330
726
100
AcDbEntity
  8
AM_4
100
AcDbLine
 10
46.45
 20
309.93
 30
0.0
 11
52.02
 21
309.93
 31
0.0
  0
LINE
  5
9E5
330
726
100
AcDbEntity
  8
AM_4
100
AcDbLine
 10
52.02
 20
307.83
 30
0.0
 11
46.45
 21
307.83
 31
0.0
  0
LINE
  5
9E6
330
726
100
AcDbEntity
  8
AM_4
100
AcDbLine
 10
38.95
 20
309.93
 30
0.0
 11
44.52
 21
309.93
 31
0.0
  0
LINE
  5
9E7
330
726
100
AcDbEntity
  8
AM_4
100
AcDbLine
 10
44.52
 20
307.83
 30
0.0
 11
38.95
 21
307.83
 31
0.0
  0
LINE
  5
9E8
330
726
100
AcDbEntity
  8
AM_4
100
AcDbLine
 10
31.45
 20
309.93
 30
0.0
 11
37.02
 21
309.93
 31
0.0
  0
LINE
  5
9E9
330
726
100
AcDbEntity
  8
AM_4
100
AcDbLine
 10
37.02
 20
307.83
 30
0.0
 11
31.45
 21
307.83
 31
0.0
  0
LINE
  5
9EA
330
726
100
AcDbEntity
  8
AM_4
100
AcDbLine
 10
53.95
 20
305.93
 30
0.0
 11
59.52
 21
305.93
 31
0.0
  0
LINE
  5
9EB
330
726
100
AcDbEntity
  8
AM_4
100
AcDbLine
 10
59.52
 20
303.83
 30
0.0
 11
53.95
 21
303.83
 31
0.0
  0
LINE
  5
9EC
330
726
100
AcDbEntity
  8
AM_4
100
AcDbLine
 10
46.45
 20
305.93
 30
0.0
 11
52.02
 21
305.93
 31
0.0
  0
LINE
  5
9ED
330
726
100
AcDbEntity
  8
AM_4
100
AcDbLine
 10
52.02
 20
303.83
 30
0.0
 11
46.45
 21
303.83
 31
0.0
  0
LINE
  5
9EE
330
726
100
AcDbEntity
  8
AM_4
100
AcDbLine
 10
38.95
 20
305.93
 30
0.0
 11
44.52
 21
305.93
 31
0.0
  0
LINE
  5
9EF
330
726
100
AcDbEntity
  8
AM_4
100
AcDbLine
 10
44.52
 20
303.83
 30
0.0
 11
38.95
 21
303.83
 31
0.0
  0
LINE
  5
9F0
330
726
100
AcDbEntity
  8
AM_4
100
AcDbLine
 10
31.45
 20
305.93
 30
0.0
 11
37.02
 21
305.93
 31
0.0
  0
LINE
  5
9F1
330
726
100
AcDbEntity
  8
AM_4
100
AcDbLine
 10
37.02
 20
303.83
 30
0.0
 11
31.45
 21
303.83
 31
0.0
  0
LINE
  5
9F2
330
726
100
AcDbEntity
  8
AM_4
100
AcDbLine
 10
53.95
 20
301.93
 30
0.0
 11
59.52
 21
301.93
 31
0.0
  0
LINE
  5
9F3
330
726
100
AcDbEntity
  8
AM_4
100
AcDbLine
 10
59.52
 20
299.83
 30
0.0
 11
53.95
 21
299.83
 31
0.0
  0
LINE
  5
9F4
330
726
100
AcDbEntity
  8
AM_4
100
AcDbLine
 10
46.45
 20
301.93
 30
0.0
 11
52.02
 21
301.93
 31
0.0
  0
LINE
  5
9F5
330
726
100
AcDbEntity
  8
AM_4
100
AcDbLine
 10
52.02
 20
299.83
 30
0.0
 11
46.45
 21
299.83
 31
0.0
  0
LINE
  5
9F6
330
726
100
AcDbEntity
  8
AM_4
100
AcDbLine
 10
38.95
 20
301.93
 30
0.0
 11
44.52
 21
301.93
 31
0.0
  0
LINE
  5
9F7
330
726
100
AcDbEntity
  8
AM_4
100
AcDbLine
 10
44.52
 20
299.83
 30
0.0
 11
38.95
 21
299.83
 31
0.0
  0
LINE
  5
9F8
330
726
100
AcDbEntity
  8
AM_4
100
AcDbLine
 10
31.45
 20
301.93
 30
0.0
 11
37.02
 21
301.93
 31
0.0
  0
LINE
  5
9F9
330
726
100
AcDbEntity
  8
AM_4
100
AcDbLine
 10
37.02
 20
299.83
 30
0.0
 11
31.45
 21
299.83
 31
0.0
  0
LINE
  5
9FA
330
726
100
AcDbEntity
  8
AM_4
100
AcDbLine
 10
53.95
 20
297.93
 30
0.0
 11
59.52
 21
297.93
 31
0.0
  0
LINE
  5
9FB
330
726
100
AcDbEntity
  8
AM_4
100
AcDbLine
 10
59.52
 20
295.83
 30
0.0
 11
53.95
 21
295.83
 31
0.0
  0
LINE
  5
9FC
330
726
100
AcDbEntity
  8
AM_4
100
AcDbLine
 10
46.45
 20
297.93
 30
0.0
 11
52.02
 21
297.93
 31
0.0
  0
LINE
  5
9FD
330
726
100
AcDbEntity
  8
AM_4
100
AcDbLine
 10
52.02
 20
295.83
 30
0.0
 11
46.45
 21
295.83
 31
0.0
  0
LINE
  5
9FE
330
726
100
AcDbEntity
  8
AM_4
100
AcDbLine
 10
38.95
 20
297.93
 30
0.0
 11
44.52
 21
297.93
 31
0.0
  0
LINE
  5
9FF
330
726
100
AcDbEntity
  8
AM_4
100
AcDbLine
 10
44.52
 20
295.83
 30
0.0
 11
38.95
 21
295.83
 31
0.0
  0
LINE
  5
A00
330
726
100
AcDbEntity
  8
AM_4
100
AcDbLine
 10
31.45
 20
297.93
 30
0.0
 11
37.02
 21
297.93
 31
0.0
  0
LINE
  5
A01
330
726
100
AcDbEntity
  8
AM_4
100
AcDbLine
 10
37.02
 20
295.83
 30
0.0
 11
31.45
 21
295.83
 31
0.0
  0
LINE
  5
A02
330
726
100
AcDbEntity
  8
AM_4
100
AcDbLine
 10
53.95
 20
293.93
 30
0.0
 11
59.52
 21
293.93
 31
0.0
  0
LINE
  5
A03
330
726
100
AcDbEntity
  8
AM_4
100
AcDbLine
 10
59.52
 20
291.83
 30
0.0
 11
53.95
 21
291.83
 31
0.0
  0
LINE
  5
A04
330
726
100
AcDbEntity
  8
AM_4
100
AcDbLine
 10
46.45
 20
293.93
 30
0.0
 11
52.02
 21
293.93
 31
0.0
  0
LINE
  5
A05
330
726
100
AcDbEntity
  8
AM_4
100
AcDbLine
 10
52.02
 20
291.83
 30
0.0
 11
46.45
 21
291.83
 31
0.0
  0
LINE
  5
A06
330
726
100
AcDbEntity
  8
AM_4
100
AcDbLine
 10
38.95
 20
293.93
 30
0.0
 11
44.52
 21
293.93
 31
0.0
  0
LINE
  5
A07
330
726
100
AcDbEntity
  8
AM_4
100
AcDbLine
 10
44.52
 20
291.83
 30
0.0
 11
38.95
 21
291.83
 31
0.0
  0
LINE
  5
A08
330
726
100
AcDbEntity
  8
AM_4
100
AcDbLine
 10
31.45
 20
293.93
 30
0.0
 11
37.02
 21
293.93
 31
0.0
  0
LINE
  5
A09
330
726
100
AcDbEntity
  8
AM_4
100
AcDbLine
 10
37.02
 20
291.83
 30
0.0
 11
31.45
 21
291.83
 31
0.0
  0
LINE
  5
A0A
330
726
100
AcDbEntity
  8
AM_4
100
AcDbLine
 10
53.95
 20
289.93
 30
0.0
 11
59.52
 21
289.93
 31
0.0
  0
LINE
  5
A0B
330
726
100
AcDbEntity
  8
AM_4
100
AcDbLine
 10
59.52
 20
287.83
 30
0.0
 11
53.95
 21
287.83
 31
0.0
  0
LINE
  5
A0C
330
726
100
AcDbEntity
  8
AM_4
100
AcDbLine
 10
46.45
 20
289.93
 30
0.0
 11
52.02
 21
289.93
 31
0.0
  0
LINE
  5
A0D
330
726
100
AcDbEntity
  8
AM_4
100
AcDbLine
 10
52.02
 20
287.83
 30
0.0
 11
46.45
 21
287.83
 31
0.0
  0
LINE
  5
A0E
330
726
100
AcDbEntity
  8
AM_4
100
AcDbLine
 10
38.95
 20
289.93
 30
0.0
 11
44.52
 21
289.93
 31
0.0
  0
LINE
  5
A0F
330
726
100
AcDbEntity
  8
AM_4
100
AcDbLine
 10
44.52
 20
287.83
 30
0.0
 11
38.95
 21
287.83
 31
0.0
  0
LINE
  5
A10
330
726
100
AcDbEntity
  8
AM_4
100
AcDbLine
 10
31.45
 20
289.93
 30
0.0
 11
37.02
 21
289.93
 31
0.0
  0
LINE
  5
A11
330
726
100
AcDbEntity
  8
AM_4
100
AcDbLine
 10
37.02
 20
287.83
 30
0.0
 11
31.45
 21
287.83
 31
0.0
  0
LINE
  5
A12
330
726
100
AcDbEntity
  8
AM_4
100
AcDbLine
 10
0.3064730389569235
 20
267.325
 30
0.0
 11
28.323
 21
267.325
 31
0.0
  0
LINE
  5
A13
330
726
100
AcDbEntity
  8
AM_4
100
AcDbLine
 10
28.323
 20
267.325
 30
0.0
 11
28.323
 21
252.136473038957
 31
0.0
  0
LINE
  5
A14
330
726
100
AcDbEntity
  8
AM_4
100
AcDbLine
 10
84.3833106218656
 20
252.9136643594987
 30
0.0
 11
28.323
 21
252.9136643594987
 31
0.0
  0
LINE
  5
A15
330
726
100
AcDbEntity
  8
AM_4
100
AcDbLine
 10
78.787
 20
394.3939424775614
 30
0.0
 11
84.35616335281055
 21
394.3939424775614
 31
0.0
  0
LINE
  5
A16
330
726
100
AcDbEntity
  8
AM_4
100
AcDbLine
 10
0.6438366471894454
 20
394.3939424775614
 30
0.0
 11
44.61499999999999
 21
394.3939424775614
 31
0.0
  0
LINE
  5
A17
330
726
100
AcDbEntity
  8
AM_4
100
AcDbLine
 10
0.4793813263965845
 20
419.3506186736034
 30
0.0
 11
0.2959999999999994
 21
419.534
 31
0.0
  0
LINE
  5
A18
330
726
100
AcDbEntity
  8
AM_4
100
AcDbLine
 10
0.2959999999999994
 20
419.534
 30
0.0
 11
0.2959999999999994
 21
252.1260000000001
 31
0.0
  0
LINE
  5
A19
330
726
100
AcDbEntity
  8
AM_4
100
AcDbLine
 10
0.2959999999999994
 20
252.1260000000001
 30
0.0
 11
0.425167480468815
 21
252.2551674804688
 31
0.0
  0
LINE
  5
A1A
330
726
100
AcDbEntity
  8
AM_4
100
AcDbLine
 10
0.425167480468815
 20
266.825
 30
0.0
 11
0.425167480468815
 21
252.2551674804688
 31
0.0
  0
LINE
  5
A1B
330
726
100
AcDbEntity
  8
AM_4
100
AcDbLine
 10
27.561
 20
266.825
 30
0.0
 11
0.3064730389569235
 21
266.825
 31
0.0
  0
LINE
  5
A1C
330
726
100
AcDbEntity
  8
AM_4
100
AcDbLine
 10
0.3064730389569235
 20
267.325
 30
0.0
 11
0.3064730389569235
 21
266.825
 31
0.0
  0
LINE
  5
A1D
330
726
100
AcDbEntity
  8
AM_4
100
AcDbLine
 10
0.6280003835762642
 20
267.3249999999985
 30
0.0
 11
0.6438366471894597
 21
394.3939424774983
 31
0.0
  0
LWPOLYLINE
  5
A1E
330
726
100
AcDbEntity
  8
AM_4
100
AcDbPolyline
 90
       18
 70
     0
 43
0.0
 10
0.483154149377107
 20
404.3537268408495
 10
0.4840507872488757
 20
403.4697445308572
 10
0.4862888235181586
 20
402.5936030870702
 10
0.4898512253775991
 20
401.7319704749044
 10
0.494710880798003
 20
400.8914042388067
 10
0.5008308048672845
 20
400.0783015953813
 10
0.5081644212679564
 20
399.2988507467096
 10
0.5166559167510485
 20
398.5589837843951
 10
0.5262406659086523
 20
397.8643315427652
 10
0.5368457230122274
 20
397.2201807448209
 10
0.5483903771737104
 20
396.6314337670835
 10
0.5607867666040818
 20
396.1025713295489
 10
0.5739405472946402
 20
395.6376183947025
 10
0.587751611031841
 20
395.2401135351247
 10
0.6021148472813209
 20
394.913082002817
 10
0.6169209431424392
 20
394.6590127052071
 10
0.6320572152855348
 20
394.4798392630612
 10
0.6438366471894525
 20
394.3939424775614
  0
LINE
  5
A1F
330
726
100
AcDbEntity
  8
AM_4
100
AcDbLine
 10
0.4793813263965845
 20
419.3506186736034
 30
0.0
 11
0.483154149377107
 21
404.3537268408495
 31
0.0
  0
LINE
  5
A20
330
726
100
AcDbEntity
  8
AM_4
100
AcDbLine
 10
84.39187545325514
 20
252.4381245467449
 30
0.0
 11
84.70400000000001
 21
252.1260000000001
 31
0.0
  0
LINE
  5
A21
330
726
100
AcDbEntity
  8
AM_4
100
AcDbLine
 10
84.70400000000001
 20
419.534
 30
0.0
 11
84.70400000000001
 21
252.1260000000001
 31
0.0
  0
LINE
  5
A22
330
726
100
AcDbEntity
  8
AM_4
100
AcDbLine
 10
84.70400000000001
 20
419.534
 30
0.0
 11
84.5206186736034
 21
419.3506186736034
 31
0.0
  0
LINE
  5
A23
330
726
100
AcDbEntity
  8
AM_4
100
AcDbLine
 10
84.5168458506229
 20
404.3537268408495
 30
0.0
 11
84.5206186736034
 21
419.3506186736034
 31
0.0
  0
LWPOLYLINE
  5
A24
330
726
100
AcDbEntity
  8
AM_4
100
AcDbPolyline
 90
       18
 70
     0
 43
0.0
 10
84.35616335281055
 20
394.3939424775614
 10
84.37147512481397
 20
394.5146263224173
 10
84.3865450334649
 20
394.7113048902931
 10
84.40125838765906
 20
394.9824813385295
 10
84.41550320988685
 20
395.3260918506146
 10
84.42917108844988
 20
395.7395213430737
 10
84.44215800253937
 20
396.2196233678336
 10
84.45436511389741
 20
396.7627440585925
 10
84.4656995190357
 20
397.3647499389483
 10
84.47607495628722
 20
398.0210593806505
 10
84.48541246230965
 20
398.7266774725573
 10
84.49364097304402
 20
399.4762340349253
 10
84.50069786455512
 20
400.2640244897204
 10
84.50652942963748
 20
401.0840532759007
 10
84.51109128655963
 20
401.9300794792564
 10
84.51434871683585
 20
402.7956643295354
 10
84.5162769294549
 20
403.6742202033726
 10
84.5168458506229
 20
404.3537268408504
  0
LINE
  5
A25
330
726
100
AcDbEntity
  8
AM_4
100
AcDbLine
 10
84.35616335281055
 20
394.393942477499
 30
0.0
 11
84.3833106218656
 21
252.913664359503
 31
0.0
  0
LWPOLYLINE
  5
A26
330
726
100
AcDbEntity
  8
AM_4
100
AcDbPolyline
 90
       19
 70
     0
 43
0.0
 10
84.3833106218656
 20
252.9136643594955
 10
84.38338088890016
 20
252.8702311287467
 10
84.38351696391871
 20
252.827314028338
 10
84.38371781130823
 20
252.7852396833178
 10
84.38398190249876
 20
252.7443283048567
 10
84.38430722759693
 20
252.7048912532479
 10
84.38469131068229
 20
252.6672286682668
 10
84.38513122865064
 20
252.6316271849263
 10
84.3856236334606
 20
252.5983577520116
 10
84.38616477761428
 20
252.5676735699957
 10
84.38675054267787
 20
252.5398081640314
 10
84.38737647062558
 20
252.5149736066836
 10
84.38803779776777
 20
252.4933589039292
 10
84.38872949100556
 20
252.4751285567077
 10
84.38944628613578
 20
252.460421308969
 10
84.39018272791463
 20
252.449349091749
 10
84.39093321157554
 20
252.4419961713062
 10
84.39169202548467
 20
252.4384185078052
 10
84.39187545325514
 20
252.4381245467449
  0
LINE
  5
A27
330
726
100
AcDbEntity
  8
AM_4
100
AcDbLine
 10
72.66905523608202
 20
342.9178781906026
 30
0.0
 11
69.345055236082
 21
343.8085413062436
 31
0.0
  0
ARC
  5
A28
330
726
100
AcDbEntity
  8
AM_4
100
AcDbCircle
 10
72.47999999999989
 20
311.4000505846452
 30
0.0
 40
1.470000000000095
100
AcDbArc
 50
285.0000000000036
 51
0.0
  0
LINE
  5
A29
330
726
100
AcDbEntity
  8
AM_4
100
AcDbLine
 10
72.86046399630071
 20
343.5788603799998
 30
0.0
 11
69.50046399630071
 21
344.4791696665684
 31
0.0
  0
ARC
  5
A2A
330
726
100
AcDbEntity
  8
AM_4
100
AcDbCircle
 10
69.12000000000003
 20
343.0592587019234
 30
0.0
 40
1.470000000000058
100
AcDbArc
 50
75.00000000000178
 51
180.0
  0
LINE
  5
A2B
330
726
100
AcDbEntity
  8
AM_4
100
AcDbLine
 10
68.338
 20
343.0358006452122
 30
0.0
 11
68.338
 21
310.5231993667086
 31
0.0
  0
ARC
  5
A2C
330
726
100
AcDbEntity
  8
AM_4
100
AcDbCircle
 10
69.13800000000006
 20
343.0358006452122
 30
0.0
 40
0.8000000000000448
100
AcDbArc
 50
75.0000000000064
 51
180.0
  0
ARC
  5
A2D
330
726
100
AcDbEntity
  8
AM_4
100
AcDbCircle
 10
72.46200000000005
 20
342.1451375295713
 30
0.0
 40
0.7999999999999545
100
AcDbArc
 50
0.0
 51
75.00000000000335
  0
LINE
  5
A2E
330
726
100
AcDbEntity
  8
AM_4
100
AcDbLine
 10
73.262
 20
311.4138624704288
 30
0.0
 11
73.262
 21
342.1451375295712
 31
0.0
  0
ARC
  5
A2F
330
726
100
AcDbEntity
  8
AM_4
100
AcDbCircle
 10
72.46200000000006
 20
311.4138624704287
 30
0.0
 40
0.7999999999999386
100
AcDbArc
 50
284.9999999999967
 51
0.0
  0
LINE
  5
A30
330
726
100
AcDbEntity
  8
AM_4
100
AcDbLine
 10
69.34505523608202
 20
309.7504586937565
 30
0.0
 11
72.66905523608202
 21
310.6411218093975
 31
0.0
  0
ARC
  5
A31
330
726
100
AcDbEntity
  8
AM_4
100
AcDbCircle
 10
69.13799999999998
 20
310.5231993547877
 30
0.0
 40
0.7999999999999831
100
AcDbArc
 50
179.9999987925817
 51
285.0000000000015
  0
LINE
  5
A32
330
726
100
AcDbEntity
  8
AM_4
100
AcDbLine
 10
67.64999999999999
 20
343.0592587019234
 30
0.0
 11
67.65
 21
310.4997412980766
 31
0.0
  0
ARC
  5
A33
330
726
100
AcDbEntity
  8
AM_4
100
AcDbCircle
 10
69.12000000000005
 20
310.4997412980766
 30
0.0
 40
1.470000000000041
100
AcDbArc
 50
180.0
 51
284.9999999999976
  0
LINE
  5
A34
330
726
100
AcDbEntity
  8
AM_4
100
AcDbLine
 10
69.50046399630071
 20
309.0798303334316
 30
0.0
 11
72.86046399630071
 21
309.9801396200002
 31
0.0
  0
LINE
  5
A35
330
726
100
AcDbEntity
  8
AM_4
100
AcDbLine
 10
73.95
 20
311.4000505846452
 30
0.0
 11
73.95
 21
342.1589494153549
 31
0.0
  0
ARC
  5
A36
330
726
100
AcDbEntity
  8
AM_4
100
AcDbCircle
 10
72.47999999999989
 20
342.1589494153548
 30
0.0
 40
1.470000000000113
100
AcDbArc
 50
0.0
 51
74.99999999999702
  0
LINE
  5
A37
330
726
100
AcDbEntity
  8
AM_4
100
AcDbLine
 10
44.615
 20
417.269
 30
0.0
 11
44.615
 21
391.615
 31
0.0
  0
LINE
  5
A38
330
726
100
AcDbEntity
  8
AM_4
100
AcDbLine
 10
78.787
 20
391.615
 30
0.0
 11
78.787
 21
417.269
 31
0.0
  0
LINE
  5
A39
330
726
100
AcDbEntity
  8
AM_4
100
AcDbLine
 10
78.787
 20
417.269
 30
0.0
 11
44.615
 21
417.269
 31
0.0
  0
LINE
  5
A3A
330
726
100
AcDbEntity
  8
AM_4
100
AcDbLine
 10
44.615
 20
391.615
 30
0.0
 11
78.787
 21
391.615
 31
0.0
  0
LINE
  5
A3B
330
726
100
AcDbEntity
  8
AM_4
100
AcDbLine
 10
73.99999999999999
 20
379.195
 30
0.0
 11
75.6
 21
379.195
 31
0.0
  0
LINE
  5
A3C
330
726
100
AcDbEntity
  8
AM_4
100
AcDbLine
 10
73.99999999999999
 20
385.865
 30
0.0
 11
73.485
 21
386.38
 31
0.0
  0
LINE
  5
A3D
330
726
100
AcDbEntity
  8
AM_4
100
AcDbLine
 10
72.1
 20
385.98
 30
0.0
 11
72.1
 21
379.08
 31
0.0
  0
LINE
  5
A3E
330
726
100
AcDbEntity
  8
AM_4
100
AcDbLine
 10
73.32
 20
385.98
 30
0.0
 11
72.1
 21
385.98
 31
0.0
  0
LINE
  5
A3F
330
726
100
AcDbEntity
  8
AM_4
100
AcDbLine
 10
73.83499999999998
 20
385.465
 30
0.0
 11
73.32
 21
385.98
 31
0.0
  0
LINE
  5
A40
330
726
100
AcDbEntity
  8
AM_4
100
AcDbLine
 10
75.20000000000002
 20
385.465
 30
0.0
 11
73.83499999999998
 21
385.465
 31
0.0
  0
LINE
  5
A41
330
726
100
AcDbEntity
  8
AM_4
100
AcDbLine
 10
75.20000000000002
 20
379.595
 30
0.0
 11
75.20000000000002
 21
385.465
 31
0.0
  0
LINE
  5
A42
330
726
100
AcDbEntity
  8
AM_4
100
AcDbLine
 10
73.83499999999998
 20
379.595
 30
0.0
 11
75.20000000000002
 21
379.595
 31
0.0
  0
LINE
  5
A43
330
726
100
AcDbEntity
  8
AM_4
100
AcDbLine
 10
73.32
 20
379.08
 30
0.0
 11
73.83499999999998
 21
379.595
 31
0.0
  0
LINE
  5
A44
330
726
100
AcDbEntity
  8
AM_4
100
AcDbLine
 10
72.1
 20
379.08
 30
0.0
 11
73.32
 21
379.08
 31
0.0
  0
LINE
  5
A45
330
726
100
AcDbEntity
  8
AM_4
100
AcDbLine
 10
73.485
 20
386.38
 30
0.0
 11
71.7
 21
386.38
 31
0.0
  0
LINE
  5
A46
330
726
100
AcDbEntity
  8
AM_4
100
AcDbLine
 10
71.7
 20
386.38
 30
0.0
 11
71.7
 21
378.68
 31
0.0
  0
LINE
  5
A47
330
726
100
AcDbEntity
  8
AM_4
100
AcDbLine
 10
71.7
 20
378.68
 30
0.0
 11
73.485
 21
378.68
 31
0.0
  0
LINE
  5
A48
330
726
100
AcDbEntity
  8
AM_4
100
AcDbLine
 10
73.485
 20
378.68
 30
0.0
 11
73.99999999999999
 21
379.195
 31
0.0
  0
LINE
  5
A49
330
726
100
AcDbEntity
  8
AM_4
100
AcDbLine
 10
75.6
 20
379.195
 30
0.0
 11
75.6
 21
385.865
 31
0.0
  0
LINE
  5
A4A
330
726
100
AcDbEntity
  8
AM_4
100
AcDbLine
 10
75.6
 20
385.865
 30
0.0
 11
73.99999999999999
 21
385.865
 31
0.0
  0
LINE
  5
A4B
330
726
100
AcDbEntity
  8
AM_4
100
AcDbLine
 10
75.4
 20
277.2546063796278
 30
0.0
 11
75.4
 21
279.5053936345283
 31
0.0
  0
ARC
  5
A4C
330
726
100
AcDbEntity
  8
AM_4
100
AcDbCircle
 10
64.09999999999991
 20
275.6799999999999
 30
0.0
 40
0.3999999999999133
100
AcDbArc
 50
180.0
 51
270.0
  0
LINE
  5
A4D
330
726
100
AcDbEntity
  8
AM_4
100
AcDbLine
 10
73.00032775425277
 20
281.48
 30
0.0
 11
64.1
 21
281.48
 31
0.0
  0
ARC
  5
A4E
330
726
100
AcDbEntity
  8
AM_4
100
AcDbCircle
 10
64.10000000000002
 20
281.08
 30
0.0
 40
0.4000000000000341
100
AcDbArc
 50
90.0
 51
180.0
  0
ARC
  5
A4F
330
726
100
AcDbEntity
  8
AM_4
100
AcDbCircle
 10
73.0003277542527
 20
280.4799999999999
 30
0.0
 40
1.000000000000118
100
AcDbArc
 50
41.15900000000167
 51
90.0
  0
LINE
  5
A50
330
726
100
AcDbEntity
  8
AM_4
100
AcDbLine
 10
74.86408733547881
 20
279.8673766156145
 30
0.0
 11
73.75321381875969
 21
281.1381508747022
 31
0.0
  0
ARC
  5
A51
330
726
100
AcDbEntity
  8
AM_4
100
AcDbCircle
 10
74.45000000000006
 20
279.5053936345284
 30
0.0
 40
0.5499999999999403
100
AcDbArc
 50
0.0
 51
41.15899999999512
  0
LINE
  5
A52
330
726
100
AcDbEntity
  8
AM_4
100
AcDbLine
 10
75.0
 20
277.2546063736673
 30
0.0
 11
75.0
 21
279.5053936345283
 31
0.0
  0
ARC
  5
A53
330
726
100
AcDbEntity
  8
AM_4
100
AcDbCircle
 10
74.45000000000081
 20
277.2546063654714
 30
0.0
 40
0.5499999999991695
100
AcDbArc
 50
318.8409999999711
 51
0.0000012074182697
  0
LINE
  5
A54
330
726
100
AcDbEntity
  8
AM_4
100
AcDbLine
 10
73.75321381875969
 20
275.6218491252978
 30
0.0
 11
74.86408733547881
 21
276.8926233843856
 31
0.0
  0
ARC
  5
A55
330
726
100
AcDbEntity
  8
AM_4
100
AcDbCircle
 10
73.00032775425291
 20
276.2799999999998
 30
0.0
 40
0.9999999999997726
100
AcDbArc
 50
270.0
 51
318.8410000000025
  0
LINE
  5
A56
330
726
100
AcDbEntity
  8
AM_4
100
AcDbLine
 10
64.1
 20
275.28
 30
0.0
 11
73.00032775425277
 21
275.28
 31
0.0
  0
LINE
  5
A57
330
726
100
AcDbEntity
  8
AM_4
100
AcDbLine
 10
63.7
 20
281.08
 30
0.0
 11
63.7
 21
275.68
 31
0.0
  0
ARC
  5
A58
330
726
100
AcDbEntity
  8
AM_4
100
AcDbCircle
 10
64.09999999999994
 20
281.08
 30
0.0
 40
0.7999999999999545
100
AcDbArc
 50
90.0
 51
180.0
  0
LINE
  5
A59
330
726
100
AcDbEntity
  8
AM_4
100
AcDbLine
 10
63.3
 20
281.08
 30
0.0
 11
63.3
 21
275.68
 31
0.0
  0
ARC
  5
A5A
330
726
100
AcDbEntity
  8
AM_4
100
AcDbCircle
 10
64.10000000000002
 20
275.68
 30
0.0
 40
0.8000000000000256
100
AcDbArc
 50
180.0
 51
270.0
  0
LINE
  5
A5B
330
726
100
AcDbEntity
  8
AM_4
100
AcDbLine
 10
64.1
 20
274.88
 30
0.0
 11
73.00032775425277
 21
274.88
 31
0.0
  0
ARC
  5
A5C
330
726
100
AcDbEntity
  8
AM_4
100
AcDbCircle
 10
73.00032775425264
 20
276.2800000000003
 30
0.0
 40
1.400000000000261
100
AcDbArc
 50
270.0
 51
318.8409999999957
  0
LINE
  5
A5D
330
726
100
AcDbEntity
  8
AM_4
100
AcDbLine
 10
74.05436824456245
 20
275.3585887754169
 30
0.0
 11
75.16524176128158
 21
276.6293630345046
 31
0.0
  0
ARC
  5
A5E
330
726
100
AcDbEntity
  8
AM_4
100
AcDbCircle
 10
74.44999999999989
 20
277.2546063654718
 30
0.0
 40
0.9500000000001033
100
AcDbArc
 50
318.8410000000029
 51
0.0000008537736463
  0
ARC
  5
A5F
330
726
100
AcDbEntity
  8
AM_4
100
AcDbCircle
 10
74.45000000000007
 20
279.5053936345283
 30
0.0
 40
0.9499999999999318
100
AcDbArc
 50
0.0
 51
41.15900000000185
  0
LINE
  5
A60
330
726
100
AcDbEntity
  8
AM_4
100
AcDbLine
 10
75.16524176128158
 20
280.1306369654953
 30
0.0
 11
74.05436824456245
 21
281.4014112245831
 31
0.0
  0
ARC
  5
A61
330
726
100
AcDbEntity
  8
AM_4
100
AcDbCircle
 10
73.00032775425284
 20
280.4800000000001
 30
0.0
 40
1.399999999999912
100
AcDbArc
 50
41.15900000000082
 51
90.0
  0
LINE
  5
A62
330
726
100
AcDbEntity
  8
AM_4
100
AcDbLine
 10
73.00032775425277
 20
281.88
 30
0.0
 11
64.1
 21
281.88
 31
0.0
  0
ARC
  5
A63
330
726
100
AcDbEntity
  8
AM_4
100
AcDbCircle
 10
53.29999999999992
 20
401.2300000000001
 30
0.0
 40
0.4999999999999432
100
AcDbArc
 50
90.0
 51
180.0
  0
LINE
  5
A64
330
726
100
AcDbEntity
  8
AM_4
100
AcDbLine
 10
53.30000000000003
 20
397.33
 30
0.0
 11
57.1
 21
397.33
 31
0.0
  0
ARC
  5
A65
330
726
100
AcDbEntity
  8
AM_4
100
AcDbCircle
 10
57.10000000000012
 20
397.8299999999999
 30
0.0
 40
0.4999999999998863
100
AcDbArc
 50
270.0
 51
0.0
  0
LINE
  5
A66
330
726
100
AcDbEntity
  8
AM_4
100
AcDbLine
 10
57.6
 20
397.83
 30
0.0
 11
57.6
 21
401.23
 31
0.0
  0
ARC
  5
A67
330
726
100
AcDbEntity
  8
AM_4
100
AcDbCircle
 10
57.10000000000004
 20
401.2300000000001
 30
0.0
 40
0.4999999999999574
100
AcDbArc
 50
0.0
 51
90.0
  0
LINE
  5
A68
330
726
100
AcDbEntity
  8
AM_4
100
AcDbLine
 10
57.10000000000004
 20
401.73
 30
0.0
 11
53.3
 21
401.73
 31
0.0
  0
LINE
  5
A69
330
726
100
AcDbEntity
  8
AM_4
100
AcDbLine
 10
52.80000000000002
 20
401.2300000000001
 30
0.0
 11
52.8
 21
397.83
 31
0.0
  0
ARC
  5
A6A
330
726
100
AcDbEntity
  8
AM_4
100
AcDbCircle
 10
53.2999999999999
 20
397.8299999999999
 30
0.0
 40
0.4999999999999076
100
AcDbArc
 50
180.0
 51
270.0
  0
LINE
  5
A6B
330
726
100
AcDbEntity
  8
AM_4
100
AcDbLine
 10
47.10000000000002
 20
397.33
 30
0.0
 11
50.9
 21
397.33
 31
0.0
  0
LINE
  5
A6C
330
726
100
AcDbEntity
  8
AM_4
100
AcDbLine
 10
46.60000000000002
 20
401.2300000000001
 30
0.0
 11
46.6
 21
397.83
 31
0.0
  0
ARC
  5
A6D
330
726
100
AcDbEntity
  8
AM_4
100
AcDbCircle
 10
47.0999999999999
 20
397.8299999999999
 30
0.0
 40
0.4999999999999005
100
AcDbArc
 50
180.0
 51
270.0
  0
ARC
  5
A6E
330
726
100
AcDbEntity
  8
AM_4
100
AcDbCircle
 10
50.90000000000011
 20
397.8299999999999
 30
0.0
 40
0.4999999999998863
100
AcDbArc
 50
270.0
 51
0.0
  0
LINE
  5
A6F
330
726
100
AcDbEntity
  8
AM_4
100
AcDbLine
 10
51.40000000000001
 20
397.83
 30
0.0
 11
51.4
 21
401.23
 31
0.0
  0
ARC
  5
A70
330
726
100
AcDbEntity
  8
AM_4
100
AcDbCircle
 10
50.90000000000004
 20
401.2300000000001
 30
0.0
 40
0.4999999999999574
100
AcDbArc
 50
0.0
 51
90.0
  0
LINE
  5
A71
330
726
100
AcDbEntity
  8
AM_4
100
AcDbLine
 10
50.90000000000003
 20
401.73
 30
0.0
 11
47.1
 21
401.73
 31
0.0
  0
ARC
  5
A72
330
726
100
AcDbEntity
  8
AM_4
100
AcDbCircle
 10
47.09999999999992
 20
401.2300000000001
 30
0.0
 40
0.4999999999999432
100
AcDbArc
 50
90.0
 51
180.0
  0
LINE
  5
A73
330
726
100
AcDbEntity
  8
AM_4
100
AcDbLine
 10
63.8
 20
397.83
 30
0.0
 11
63.8
 21
401.23
 31
0.0
  0
LINE
  5
A74
330
726
100
AcDbEntity
  8
AM_4
100
AcDbLine
 10
63.30000000000003
 20
401.73
 30
0.0
 11
59.5
 21
401.73
 31
0.0
  0
ARC
  5
A75
330
726
100
AcDbEntity
  8
AM_4
100
AcDbCircle
 10
63.30000000000011
 20
397.8299999999999
 30
0.0
 40
0.4999999999998863
100
AcDbArc
 50
270.0
 51
0.0
  0
LINE
  5
A76
330
726
100
AcDbEntity
  8
AM_4
100
AcDbLine
 10
59.50000000000003
 20
397.33
 30
0.0
 11
63.3
 21
397.33
 31
0.0
  0
ARC
  5
A77
330
726
100
AcDbEntity
  8
AM_4
100
AcDbCircle
 10
63.30000000000008
 20
401.2300000000001
 30
0.0
 40
0.4999999999999218
100
AcDbArc
 50
0.0
 51
90.0
  0
ARC
  5
A78
330
726
100
AcDbEntity
  8
AM_4
100
AcDbCircle
 10
59.49999999999991
 20
401.2300000000001
 30
0.0
 40
0.4999999999999432
100
AcDbArc
 50
90.0
 51
180.0
  0
LINE
  5
A79
330
726
100
AcDbEntity
  8
AM_4
100
AcDbLine
 10
59.00000000000002
 20
401.2300000000001
 30
0.0
 11
59.0
 21
397.83
 31
0.0
  0
ARC
  5
A7A
330
726
100
AcDbEntity
  8
AM_4
100
AcDbCircle
 10
59.49999999999988
 20
397.8299999999999
 30
0.0
 40
0.4999999999998792
100
AcDbArc
 50
180.0
 51
270.0
  0
LINE
  5
A7B
330
726
100
AcDbEntity
  8
AM_4
100
AcDbLine
 10
71.90000000000002
 20
397.33
 30
0.0
 11
75.7
 21
397.33
 31
0.0
  0
LINE
  5
A7C
330
726
100
AcDbEntity
  8
AM_4
100
AcDbLine
 10
75.70000000000005
 20
401.73
 30
0.0
 11
71.9
 21
401.73
 31
0.0
  0
LINE
  5
A7D
330
726
100
AcDbEntity
  8
AM_4
100
AcDbLine
 10
71.40000000000002
 20
401.2300000000001
 30
0.0
 11
71.4
 21
397.83
 31
0.0
  0
ARC
  5
A7E
330
726
100
AcDbEntity
  8
AM_4
100
AcDbCircle
 10
71.89999999999989
 20
397.8299999999999
 30
0.0
 40
0.4999999999998863
100
AcDbArc
 50
180.0
 51
270.0
  0
ARC
  5
A7F
330
726
100
AcDbEntity
  8
AM_4
100
AcDbCircle
 10
75.70000000000003
 20
397.83
 30
0.0
 40
0.4999999999999432
100
AcDbArc
 50
270.0
 51
0.0
  0
LINE
  5
A80
330
726
100
AcDbEntity
  8
AM_4
100
AcDbLine
 10
76.2
 20
397.83
 30
0.0
 11
76.19999999999999
 21
401.23
 31
0.0
  0
ARC
  5
A81
330
726
100
AcDbEntity
  8
AM_4
100
AcDbCircle
 10
75.70000000000005
 20
401.2300000000001
 30
0.0
 40
0.4999999999999432
100
AcDbArc
 50
0.0
 51
90.0
  0
ARC
  5
A82
330
726
100
AcDbEntity
  8
AM_4
100
AcDbCircle
 10
71.8999999999999
 20
401.2300000000001
 30
0.0
 40
0.4999999999999432
100
AcDbArc
 50
90.0
 51
180.0
  0
ARC
  5
A83
330
726
100
AcDbEntity
  8
AM_4
100
AcDbCircle
 10
69.50000000000011
 20
397.8299999999999
 30
0.0
 40
0.4999999999998863
100
AcDbArc
 50
270.0
 51
0.0
  0
LINE
  5
A84
330
726
100
AcDbEntity
  8
AM_4
100
AcDbLine
 10
69.50000000000004
 20
401.73
 30
0.0
 11
65.7
 21
401.73
 31
0.0
  0
ARC
  5
A85
330
726
100
AcDbEntity
  8
AM_4
100
AcDbCircle
 10
65.69999999999992
 20
401.2300000000001
 30
0.0
 40
0.4999999999999432
100
AcDbArc
 50
90.0
 51
180.0
  0
LINE
  5
A86
330
726
100
AcDbEntity
  8
AM_4
100
AcDbLine
 10
65.20000000000002
 20
401.2300000000001
 30
0.0
 11
65.2
 21
397.83
 31
0.0
  0
ARC
  5
A87
330
726
100
AcDbEntity
  8
AM_4
100
AcDbCircle
 10
65.69999999999987
 20
397.8299999999999
 30
0.0
 40
0.4999999999998721
100
AcDbArc
 50
180.0
 51
270.0
  0
LINE
  5
A88
330
726
100
AcDbEntity
  8
AM_4
100
AcDbLine
 10
65.70000000000003
 20
397.33
 30
0.0
 11
69.5
 21
397.33
 31
0.0
  0
LINE
  5
A89
330
726
100
AcDbEntity
  8
AM_4
100
AcDbLine
 10
70.0
 20
397.83
 30
0.0
 11
70.0
 21
401.23
 31
0.0
  0
ARC
  5
A8A
330
726
100
AcDbEntity
  8
AM_4
100
AcDbCircle
 10
69.50000000000007
 20
401.2300000000001
 30
0.0
 40
0.4999999999999289
100
AcDbArc
 50
0.0
 51
90.0
  0
LINE
  5
A8B
330
726
100
AcDbEntity
  8
AM_4
100
AcDbLine
 10
11.7
 20
385.38
 30
0.0
 11
11.7
 21
377.305
 31
0.0
  0
LINE
  5
A8C
330
726
100
AcDbEntity
  8
AM_4
100
AcDbLine
 10
11.7
 20
385.38
 30
0.0
 11
13.15000000000001
 21
385.38
 31
0.0
  0
LINE
  5
A8D
330
726
100
AcDbEntity
  8
AM_4
100
AcDbLine
 10
10.4
 20
354.755
 30
0.0
 11
10.4
 21
345.38
 31
0.0
  0
LINE
  5
A8E
330
726
100
AcDbEntity
  8
AM_4
100
AcDbLine
 10
10.4
 20
386.68
 30
0.0
 11
10.4
 21
377.305
 31
0.0
  0
LINE
  5
A8F
330
726
100
AcDbEntity
  8
AM_4
100
AcDbLine
 10
11.7
 20
346.68
 30
0.0
 11
13.15000000000001
 21
346.68
 31
0.0
  0
LINE
  5
A90
330
726
100
AcDbEntity
  8
AM_4
100
AcDbLine
 10
11.7
 20
346.68
 30
0.0
 11
11.7
 21
354.755
 31
0.0
  0
LINE
  5
A91
330
726
100
AcDbEntity
  8
AM_4
100
AcDbLine
 10
11.6
 20
299.58
 30
0.0
 11
11.6
 21
299.405
 31
0.0
  0
LINE
  5
A92
330
726
100
AcDbEntity
  8
AM_4
100
AcDbLine
 10
11.6
 20
299.58
 30
0.0
 11
13.15000000000001
 21
299.58
 31
0.0
  0
LINE
  5
A93
330
726
100
AcDbEntity
  8
AM_4
100
AcDbLine
 10
10.4
 20
276.855
 30
0.0
 11
10.4
 21
275.48
 31
0.0
  0
LINE
  5
A94
330
726
100
AcDbEntity
  8
AM_4
100
AcDbLine
 10
10.4
 20
300.78
 30
0.0
 11
10.4
 21
299.405
 31
0.0
  0
LINE
  5
A95
330
726
100
AcDbEntity
  8
AM_4
100
AcDbLine
 10
11.6
 20
276.68
 30
0.0
 11
13.15000000000001
 21
276.68
 31
0.0
  0
LINE
  5
A96
330
726
100
AcDbEntity
  8
AM_4
100
AcDbLine
 10
11.6
 20
276.68
 30
0.0
 11
11.6
 21
276.855
 31
0.0
  0
LINE
  5
A97
330
726
100
AcDbEntity
  8
AM_4
100
AcDbLine
 10
11.09999999999999
 20
309.88
 30
0.0
 11
13.15000000000001
 21
309.88
 31
0.0
  0
LINE
  5
A98
330
726
100
AcDbEntity
  8
AM_4
100
AcDbLine
 10
11.09999999999999
 20
310.555
 30
0.0
 11
11.09999999999999
 21
309.88
 31
0.0
  0
LINE
  5
A99
330
726
100
AcDbEntity
  8
AM_4
100
AcDbLine
 10
11.09999999999999
 20
341.78
 30
0.0
 11
11.09999999999999
 21
341.105
 31
0.0
  0
LINE
  5
A9A
330
726
100
AcDbEntity
  8
AM_4
100
AcDbLine
 10
13.15000000000001
 20
341.78
 30
0.0
 11
11.09999999999999
 21
341.78
 31
0.0
  0
LINE
  5
A9B
330
726
100
AcDbEntity
  8
AM_4
100
AcDbLine
 10
10.4
 20
310.555
 30
0.0
 11
10.4
 21
309.18
 31
0.0
  0
LINE
  5
A9C
330
726
100
AcDbEntity
  8
AM_4
100
AcDbLine
 10
10.4
 20
342.48
 30
0.0
 11
10.4
 21
341.105
 31
0.0
  0
LINE
  5
A9D
330
726
100
AcDbEntity
  8
AM_4
100
AcDbLine
 10
22.8
 20
380.63
 30
0.0
 11
22.8
 21
383.43
 31
0.0
  0
LINE
  5
A9E
330
726
100
AcDbEntity
  8
AM_4
100
AcDbLine
 10
22.8
 20
372.63
 30
0.0
 11
22.8
 21
375.43
 31
0.0
  0
LINE
  5
A9F
330
726
100
AcDbEntity
  8
AM_4
100
AcDbLine
 10
22.8
 20
364.63
 30
0.0
 11
22.8
 21
367.43
 31
0.0
  0
LINE
  5
AA0
330
726
100
AcDbEntity
  8
AM_4
100
AcDbLine
 10
22.8
 20
356.63
 30
0.0
 11
22.8
 21
359.43
 31
0.0
  0
LINE
  5
AA1
330
726
100
AcDbEntity
  8
AM_4
100
AcDbLine
 10
22.8
 20
348.63
 30
0.0
 11
22.8
 21
351.43
 31
0.0
  0
LINE
  5
AA2
330
726
100
AcDbEntity
  8
AM_4
100
AcDbLine
 10
21.5
 20
380.63
 30
0.0
 11
21.5
 21
383.43
 31
0.0
  0
LINE
  5
AA3
330
726
100
AcDbEntity
  8
AM_4
100
AcDbLine
 10
21.5
 20
372.63
 30
0.0
 11
21.5
 21
375.43
 31
0.0
  0
LINE
  5
AA4
330
726
100
AcDbEntity
  8
AM_4
100
AcDbLine
 10
21.5
 20
364.63
 30
0.0
 11
21.5
 21
367.43
 31
0.0
  0
LINE
  5
AA5
330
726
100
AcDbEntity
  8
AM_4
100
AcDbLine
 10
21.5
 20
356.63
 30
0.0
 11
21.5
 21
359.43
 31
0.0
  0
LINE
  5
AA6
330
726
100
AcDbEntity
  8
AM_4
100
AcDbLine
 10
21.5
 20
348.63
 30
0.0
 11
21.5
 21
351.43
 31
0.0
  0
LINE
  5
AA7
330
726
100
AcDbEntity
  8
AM_4
100
AcDbLine
 10
22.8
 20
336.43
 30
0.0
 11
22.8
 21
339.23
 31
0.0
  0
LINE
  5
AA8
330
726
100
AcDbEntity
  8
AM_4
100
AcDbLine
 10
22.8
 20
328.43
 30
0.0
 11
22.8
 21
331.23
 31
0.0
  0
LINE
  5
AA9
330
726
100
AcDbEntity
  8
AM_4
100
AcDbLine
 10
22.8
 20
320.43
 30
0.0
 11
22.8
 21
323.23
 31
0.0
  0
LINE
  5
AAA
330
726
100
AcDbEntity
  8
AM_4
100
AcDbLine
 10
22.8
 20
312.43
 30
0.0
 11
22.8
 21
315.23
 31
0.0
  0
LINE
  5
AAB
330
726
100
AcDbEntity
  8
AM_4
100
AcDbLine
 10
22.1
 20
336.43
 30
0.0
 11
22.1
 21
339.23
 31
0.0
  0
LINE
  5
AAC
330
726
100
AcDbEntity
  8
AM_4
100
AcDbLine
 10
22.1
 20
328.43
 30
0.0
 11
22.1
 21
331.23
 31
0.0
  0
LINE
  5
AAD
330
726
100
AcDbEntity
  8
AM_4
100
AcDbLine
 10
22.1
 20
320.43
 30
0.0
 11
22.1
 21
323.23
 31
0.0
  0
LINE
  5
AAE
330
726
100
AcDbEntity
  8
AM_4
100
AcDbLine
 10
22.1
 20
312.43
 30
0.0
 11
22.1
 21
315.23
 31
0.0
  0
LINE
  5
AAF
330
726
100
AcDbEntity
  8
AM_4
100
AcDbLine
 10
22.8
 20
294.73
 30
0.0
 11
22.8
 21
297.53
 31
0.0
  0
LINE
  5
AB0
330
726
100
AcDbEntity
  8
AM_4
100
AcDbLine
 10
22.8
 20
286.73
 30
0.0
 11
22.8
 21
289.53
 31
0.0
  0
LINE
  5
AB1
330
726
100
AcDbEntity
  8
AM_4
100
AcDbLine
 10
22.8
 20
278.73
 30
0.0
 11
22.8
 21
281.53
 31
0.0
  0
LINE
  5
AB2
330
726
100
AcDbEntity
  8
AM_4
100
AcDbLine
 10
21.6
 20
294.73
 30
0.0
 11
21.6
 21
297.53
 31
0.0
  0
LINE
  5
AB3
330
726
100
AcDbEntity
  8
AM_4
100
AcDbLine
 10
21.6
 20
286.73
 30
0.0
 11
21.6
 21
289.53
 31
0.0
  0
LINE
  5
AB4
330
726
100
AcDbEntity
  8
AM_4
100
AcDbLine
 10
21.6
 20
278.73
 30
0.0
 11
21.6
 21
281.53
 31
0.0
  0
LINE
  5
AB5
330
726
100
AcDbEntity
  8
AM_4
100
AcDbLine
 10
9.750000000000007
 20
277.155
 30
0.0
 11
9.750000000000007
 21
280.055
 31
0.0
  0
LINE
  5
AB6
330
726
100
AcDbEntity
  8
AM_4
100
AcDbLine
 10
10.05
 20
276.855
 30
0.0
 11
9.750000000000007
 21
277.155
 31
0.0
  0
LINE
  5
AB7
330
726
100
AcDbEntity
  8
AM_4
100
AcDbLine
 10
13.15000000000001
 20
276.855
 30
0.0
 11
10.05
 21
276.855
 31
0.0
  0
LINE
  5
AB8
330
726
100
AcDbEntity
  8
AM_4
100
AcDbLine
 10
10.05
 20
299.405
 30
0.0
 11
13.15000000000001
 21
299.405
 31
0.0
  0
LINE
  5
AB9
330
726
100
AcDbEntity
  8
AM_4
100
AcDbLine
 10
9.750000000000007
 20
299.105
 30
0.0
 11
10.05
 21
299.405
 31
0.0
  0
LINE
  5
ABA
330
726
100
AcDbEntity
  8
AM_4
100
AcDbLine
 10
9.750000000000007
 20
296.205
 30
0.0
 11
9.750000000000007
 21
299.105
 31
0.0
  0
LINE
  5
ABB
330
726
100
AcDbEntity
  8
AM_4
100
AcDbLine
 10
9.750000000000007
 20
355.055
 30
0.0
 11
9.750000000000007
 21
357.955
 31
0.0
  0
LINE
  5
ABC
330
726
100
AcDbEntity
  8
AM_4
100
AcDbLine
 10
10.05
 20
354.755
 30
0.0
 11
9.750000000000007
 21
355.055
 31
0.0
  0
LINE
  5
ABD
330
726
100
AcDbEntity
  8
AM_4
100
AcDbLine
 10
13.15000000000001
 20
354.755
 30
0.0
 11
10.05
 21
354.755
 31
0.0
  0
LINE
  5
ABE
330
726
100
AcDbEntity
  8
AM_4
100
AcDbLine
 10
10.05
 20
377.305
 30
0.0
 11
13.15000000000001
 21
377.305
 31
0.0
  0
LINE
  5
ABF
330
726
100
AcDbEntity
  8
AM_4
100
AcDbLine
 10
9.750000000000007
 20
377.005
 30
0.0
 11
10.05
 21
377.305
 31
0.0
  0
LINE
  5
AC0
330
726
100
AcDbEntity
  8
AM_4
100
AcDbLine
 10
9.750000000000007
 20
374.105
 30
0.0
 11
9.750000000000007
 21
377.005
 31
0.0
  0
LINE
  5
AC1
330
726
100
AcDbEntity
  8
AM_4
100
AcDbLine
 10
9.750000000000014
 20
310.855
 30
0.0
 11
9.750000000000014
 21
313.755
 31
0.0
  0
LINE
  5
AC2
330
726
100
AcDbEntity
  8
AM_4
100
AcDbLine
 10
10.05
 20
310.555
 30
0.0
 11
9.750000000000014
 21
310.855
 31
0.0
  0
LINE
  5
AC3
330
726
100
AcDbEntity
  8
AM_4
100
AcDbLine
 10
13.15000000000001
 20
310.555
 30
0.0
 11
10.05
 21
310.555
 31
0.0
  0
LINE
  5
AC4
330
726
100
AcDbEntity
  8
AM_4
100
AcDbLine
 10
10.05
 20
341.105
 30
0.0
 11
13.15000000000001
 21
341.105
 31
0.0
  0
LINE
  5
AC5
330
726
100
AcDbEntity
  8
AM_4
100
AcDbLine
 10
9.750000000000007
 20
340.805
 30
0.0
 11
10.05
 21
341.105
 31
0.0
  0
LINE
  5
AC6
330
726
100
AcDbEntity
  8
AM_4
100
AcDbLine
 10
9.750000000000007
 20
337.905
 30
0.0
 11
9.750000000000007
 21
340.805
 31
0.0
  0
LINE
  5
AC7
330
726
100
AcDbEntity
  8
AM_4
100
AcDbLine
 10
7.900000000000006
 20
337.905
 30
0.0
 11
7.900000000000006
 21
313.755
 31
0.0
  0
LINE
  5
AC8
330
726
100
AcDbEntity
  8
AM_4
100
AcDbLine
 10
7.900000000000006
 20
296.205
 30
0.0
 11
7.900000000000006
 21
280.055
 31
0.0
  0
LINE
  5
AC9
330
726
100
AcDbEntity
  8
AM_4
100
AcDbLine
 10
7.900000000000006
 20
374.105
 30
0.0
 11
7.900000000000006
 21
357.955
 31
0.0
  0
LINE
  5
ACA
330
726
100
AcDbEntity
  8
AM_4
100
AcDbLine
 10
7.900000000000006
 20
357.955
 30
0.0
 11
11.45
 21
357.955
 31
0.0
  0
LINE
  5
ACB
330
726
100
AcDbEntity
  8
AM_4
100
AcDbLine
 10
11.45
 20
374.105
 30
0.0
 11
7.900000000000006
 21
374.105
 31
0.0
  0
LINE
  5
ACC
330
726
100
AcDbEntity
  8
AM_4
100
AcDbLine
 10
11.45
 20
374.105
 30
0.0
 11
11.45
 21
357.955
 31
0.0
  0
LINE
  5
ACD
330
726
100
AcDbEntity
  8
AM_4
100
AcDbLine
 10
8.899999999999999
 20
337.905
 30
0.0
 11
8.899999999999999
 21
313.755
 31
0.0
  0
LINE
  5
ACE
330
726
100
AcDbEntity
  8
AM_4
100
AcDbLine
 10
11.45
 20
296.205
 30
0.0
 11
7.900000000000006
 21
296.205
 31
0.0
  0
LINE
  5
ACF
330
726
100
AcDbEntity
  8
AM_4
100
AcDbLine
 10
7.900000000000006
 20
280.055
 30
0.0
 11
11.45
 21
280.055
 31
0.0
  0
LINE
  5
AD0
330
726
100
AcDbEntity
  8
AM_4
100
AcDbLine
 10
11.45
 20
296.205
 30
0.0
 11
11.45
 21
280.055
 31
0.0
  0
LINE
  5
AD1
330
726
100
AcDbEntity
  8
AM_4
100
AcDbLine
 10
10.95
 20
374.105
 30
0.0
 11
10.95
 21
357.955
 31
0.0
  0
LINE
  5
AD2
330
726
100
AcDbEntity
  8
AM_4
100
AcDbLine
 10
8.899999999999999
 20
374.105
 30
0.0
 11
8.899999999999999
 21
357.955
 31
0.0
  0
LINE
  5
AD3
330
726
100
AcDbEntity
  8
AM_4
100
AcDbLine
 10
10.95
 20
296.205
 30
0.0
 11
10.95
 21
280.055
 31
0.0
  0
LINE
  5
AD4
330
726
100
AcDbEntity
  8
AM_4
100
AcDbLine
 10
8.899999999999999
 20
296.205
 30
0.0
 11
8.899999999999999
 21
280.055
 31
0.0
  0
LINE
  5
AD5
330
726
100
AcDbEntity
  8
AM_4
100
AcDbLine
 10
10.95
 20
337.905
 30
0.0
 11
10.95
 21
313.755
 31
0.0
  0
LINE
  5
AD6
330
726
100
AcDbEntity
  8
AM_4
100
AcDbLine
 10
7.900000000000006
 20
313.755
 30
0.0
 11
11.45
 21
313.755
 31
0.0
  0
LINE
  5
AD7
330
726
100
AcDbEntity
  8
AM_4
100
AcDbLine
 10
11.45
 20
337.905
 30
0.0
 11
11.45
 21
313.755
 31
0.0
  0
LINE
  5
AD8
330
726
100
AcDbEntity
  8
AM_4
100
AcDbLine
 10
11.45
 20
337.905
 30
0.0
 11
7.900000000000006
 21
337.905
 31
0.0
  0
LINE
  5
AD9
330
726
100
AcDbEntity
  8
AM_4
100
AcDbLine
 10
21.375
 20
286.73
 30
0.0
 11
24.375
 21
286.73
 31
0.0
  0
LINE
  5
ADA
330
726
100
AcDbEntity
  8
AM_4
100
AcDbLine
 10
24.375
 20
297.53
 30
0.0
 11
21.375
 21
297.53
 31
0.0
  0
LINE
  5
ADB
330
726
100
AcDbEntity
  8
AM_4
100
AcDbLine
 10
21.375
 20
294.73
 30
0.0
 11
24.375
 21
294.73
 31
0.0
  0
LINE
  5
ADC
330
726
100
AcDbEntity
  8
AM_4
100
AcDbLine
 10
21.375
 20
278.73
 30
0.0
 11
24.375
 21
278.73
 31
0.0
  0
LINE
  5
ADD
330
726
100
AcDbEntity
  8
AM_4
100
AcDbLine
 10
24.375
 20
281.53
 30
0.0
 11
21.375
 21
281.53
 31
0.0
  0
LINE
  5
ADE
330
726
100
AcDbEntity
  8
AM_4
100
AcDbLine
 10
24.375
 20
289.53
 30
0.0
 11
21.375
 21
289.53
 31
0.0
  0
LINE
  5
ADF
330
726
100
AcDbEntity
  8
AM_4
100
AcDbLine
 10
24.375
 20
294.73
 30
0.0
 11
24.375
 21
297.53
 31
0.0
  0
LINE
  5
AE0
330
726
100
AcDbEntity
  8
AM_4
100
AcDbLine
 10
24.375
 20
286.73
 30
0.0
 11
24.375
 21
289.53
 31
0.0
  0
LINE
  5
AE1
330
726
100
AcDbEntity
  8
AM_4
100
AcDbLine
 10
24.375
 20
278.73
 30
0.0
 11
24.375
 21
281.53
 31
0.0
  0
LINE
  5
AE2
330
726
100
AcDbEntity
  8
AM_4
100
AcDbLine
 10
24.375
 20
339.23
 30
0.0
 11
21.375
 21
339.23
 31
0.0
  0
LINE
  5
AE3
330
726
100
AcDbEntity
  8
AM_4
100
AcDbLine
 10
24.375
 20
315.23
 30
0.0
 11
21.375
 21
315.23
 31
0.0
  0
LINE
  5
AE4
330
726
100
AcDbEntity
  8
AM_4
100
AcDbLine
 10
24.375
 20
323.23
 30
0.0
 11
21.375
 21
323.23
 31
0.0
  0
LINE
  5
AE5
330
726
100
AcDbEntity
  8
AM_4
100
AcDbLine
 10
21.375
 20
320.43
 30
0.0
 11
24.375
 21
320.43
 31
0.0
  0
LINE
  5
AE6
330
726
100
AcDbEntity
  8
AM_4
100
AcDbLine
 10
21.375
 20
328.43
 30
0.0
 11
24.375
 21
328.43
 31
0.0
  0
LINE
  5
AE7
330
726
100
AcDbEntity
  8
AM_4
100
AcDbLine
 10
21.375
 20
336.43
 30
0.0
 11
24.375
 21
336.43
 31
0.0
  0
LINE
  5
AE8
330
726
100
AcDbEntity
  8
AM_4
100
AcDbLine
 10
21.375
 20
312.43
 30
0.0
 11
24.375
 21
312.43
 31
0.0
  0
LINE
  5
AE9
330
726
100
AcDbEntity
  8
AM_4
100
AcDbLine
 10
24.375
 20
331.23
 30
0.0
 11
21.375
 21
331.23
 31
0.0
  0
LINE
  5
AEA
330
726
100
AcDbEntity
  8
AM_4
100
AcDbLine
 10
24.375
 20
336.43
 30
0.0
 11
24.375
 21
339.23
 31
0.0
  0
LINE
  5
AEB
330
726
100
AcDbEntity
  8
AM_4
100
AcDbLine
 10
24.375
 20
328.43
 30
0.0
 11
24.375
 21
331.23
 31
0.0
  0
LINE
  5
AEC
330
726
100
AcDbEntity
  8
AM_4
100
AcDbLine
 10
24.375
 20
320.43
 30
0.0
 11
24.375
 21
323.23
 31
0.0
  0
LINE
  5
AED
330
726
100
AcDbEntity
  8
AM_4
100
AcDbLine
 10
24.375
 20
312.43
 30
0.0
 11
24.375
 21
315.23
 31
0.0
  0
LINE
  5
AEE
330
726
100
AcDbEntity
  8
AM_4
100
AcDbLine
 10
24.375
 20
351.43
 30
0.0
 11
21.375
 21
351.43
 31
0.0
  0
LINE
  5
AEF
330
726
100
AcDbEntity
  8
AM_4
100
AcDbLine
 10
24.375
 20
359.43
 30
0.0
 11
21.375
 21
359.43
 31
0.0
  0
LINE
  5
AF0
330
726
100
AcDbEntity
  8
AM_4
100
AcDbLine
 10
21.375
 20
380.63
 30
0.0
 11
24.375
 21
380.63
 31
0.0
  0
LINE
  5
AF1
330
726
100
AcDbEntity
  8
AM_4
100
AcDbLine
 10
24.375
 20
375.43
 30
0.0
 11
21.375
 21
375.43
 31
0.0
  0
LINE
  5
AF2
330
726
100
AcDbEntity
  8
AM_4
100
AcDbLine
 10
21.375
 20
348.63
 30
0.0
 11
24.375
 21
348.63
 31
0.0
  0
LINE
  5
AF3
330
726
100
AcDbEntity
  8
AM_4
100
AcDbLine
 10
24.375
 20
367.43
 30
0.0
 11
21.375
 21
367.43
 31
0.0
  0
LINE
  5
AF4
330
726
100
AcDbEntity
  8
AM_4
100
AcDbLine
 10
24.375
 20
383.43
 30
0.0
 11
21.375
 21
383.43
 31
0.0
  0
LINE
  5
AF5
330
726
100
AcDbEntity
  8
AM_4
100
AcDbLine
 10
21.375
 20
356.63
 30
0.0
 11
24.375
 21
356.63
 31
0.0
  0
LINE
  5
AF6
330
726
100
AcDbEntity
  8
AM_4
100
AcDbLine
 10
21.375
 20
364.63
 30
0.0
 11
24.375
 21
364.63
 31
0.0
  0
LINE
  5
AF7
330
726
100
AcDbEntity
  8
AM_4
100
AcDbLine
 10
21.375
 20
372.63
 30
0.0
 11
24.375
 21
372.63
 31
0.0
  0
LINE
  5
AF8
330
726
100
AcDbEntity
  8
AM_4
100
AcDbLine
 10
24.375
 20
380.63
 30
0.0
 11
24.375
 21
383.43
 31
0.0
  0
LINE
  5
AF9
330
726
100
AcDbEntity
  8
AM_4
100
AcDbLine
 10
24.375
 20
372.63
 30
0.0
 11
24.375
 21
375.43
 31
0.0
  0
LINE
  5
AFA
330
726
100
AcDbEntity
  8
AM_4
100
AcDbLine
 10
24.375
 20
364.63
 30
0.0
 11
24.375
 21
367.43
 31
0.0
  0
LINE
  5
AFB
330
726
100
AcDbEntity
  8
AM_4
100
AcDbLine
 10
24.375
 20
356.63
 30
0.0
 11
24.375
 21
359.43
 31
0.0
  0
LINE
  5
AFC
330
726
100
AcDbEntity
  8
AM_4
100
AcDbLine
 10
24.375
 20
348.63
 30
0.0
 11
24.375
 21
351.43
 31
0.0
  0
LINE
  5
AFD
330
726
100
AcDbEntity
  8
AM_4
100
AcDbLine
 10
13.15
 20
300.78
 30
0.0
 11
13.15
 21
275.48
 31
0.0
  0
LINE
  5
AFE
330
726
100
AcDbEntity
  8
AM_4
100
AcDbLine
 10
13.45
 20
386.68
 30
0.0
 11
13.45
 21
345.38
 31
0.0
  0
LINE
  5
AFF
330
726
100
AcDbEntity
  8
AM_4
100
AcDbLine
 10
13.15
 20
386.68
 30
0.0
 11
13.15
 21
345.38
 31
0.0
  0
LINE
  5
B00
330
726
100
AcDbEntity
  8
AM_4
100
AcDbLine
 10
13.45
 20
342.48
 30
0.0
 11
13.45
 21
309.18
 31
0.0
  0
LINE
  5
B01
330
726
100
AcDbEntity
  8
AM_4
100
AcDbLine
 10
13.15
 20
342.48
 30
0.0
 11
13.15
 21
309.18
 31
0.0
  0
LINE
  5
B02
330
726
100
AcDbEntity
  8
AM_4
100
AcDbLine
 10
13.45
 20
300.78
 30
0.0
 11
13.45
 21
275.48
 31
0.0
  0
LINE
  5
B03
330
726
100
AcDbEntity
  8
AM_4
100
AcDbLine
 10
14.35
 20
349.0608699569489
 30
0.0
 11
14.35
 21
345.38
 31
0.0
  0
CIRCLE
  5
B04
330
726
100
AcDbEntity
  8
AM_4
100
AcDbCircle
 10
16.818
 20
350.026
 30
0.0
 40
2.2
  0
ARC
  5
B05
330
726
100
AcDbEntity
  8
AM_4
100
AcDbCircle
 10
16.8179999999996
 20
350.0260000000001
 30
0.0
 40
2.649999999999609
100
AcDbArc
 50
158.6416413675707
 51
201.3583586324304
  0
LINE
  5
B06
330
726
100
AcDbEntity
  8
AM_4
100
AcDbLine
 10
26.35
 20
342.48
 30
0.0
 11
26.35
 21
309.18
 31
0.0
  0
LINE
  5
B07
330
726
100
AcDbEntity
  8
AM_4
100
AcDbLine
 10
25.325
 20
342.48
 30
0.0
 11
25.325
 21
309.18
 31
0.0
  0
LINE
  5
B08
330
726
100
AcDbEntity
  8
AM_4
100
AcDbLine
 10
23.725
 20
335.58
 30
0.0
 11
19.725
 21
335.58
 31
0.0
  0
LINE
  5
B09
330
726
100
AcDbEntity
  8
AM_4
100
AcDbLine
 10
19.725
 20
335.58
 30
0.0
 11
19.725
 21
334.58
 31
0.0
  0
LINE
  5
B0A
330
726
100
AcDbEntity
  8
AM_4
100
AcDbLine
 10
19.725
 20
318.58
 30
0.0
 11
14.725
 21
318.58
 31
0.0
  0
LINE
  5
B0B
330
726
100
AcDbEntity
  8
AM_4
100
AcDbLine
 10
24.325
 20
342.48
 30
0.0
 11
24.325
 21
339.23
 31
0.0
  0
LINE
  5
B0C
330
726
100
AcDbEntity
  8
AM_4
100
AcDbLine
 10
24.325
 20
336.43
 30
0.0
 11
24.325
 21
331.23
 31
0.0
  0
LINE
  5
B0D
330
726
100
AcDbEntity
  8
AM_4
100
AcDbLine
 10
24.325
 20
328.43
 30
0.0
 11
24.325
 21
323.23
 31
0.0
  0
LINE
  5
B0E
330
726
100
AcDbEntity
  8
AM_4
100
AcDbLine
 10
24.325
 20
320.43
 30
0.0
 11
24.325
 21
315.23
 31
0.0
  0
LINE
  5
B0F
330
726
100
AcDbEntity
  8
AM_4
100
AcDbLine
 10
14.35
 20
342.48
 30
0.0
 11
14.35
 21
338.7911300430512
 31
0.0
  0
LINE
  5
B10
330
726
100
AcDbEntity
  8
AM_4
100
AcDbLine
 10
14.35
 20
312.8608699569488
 30
0.0
 11
14.35
 21
309.18
 31
0.0
  0
LINE
  5
B11
330
726
100
AcDbEntity
  8
AM_4
100
AcDbLine
 10
14.725
 20
318.58
 30
0.0
 11
14.725
 21
317.08
 31
0.0
  0
LINE
  5
B12
330
726
100
AcDbEntity
  8
AM_4
100
AcDbLine
 10
14.725
 20
317.08
 30
0.0
 11
19.725
 21
317.08
 31
0.0
  0
LINE
  5
B13
330
726
100
AcDbEntity
  8
AM_4
100
AcDbLine
 10
19.725
 20
317.08
 30
0.0
 11
19.725
 21
316.08
 31
0.0
  0
LINE
  5
B14
330
726
100
AcDbEntity
  8
AM_4
100
AcDbLine
 10
19.725
 20
316.08
 30
0.0
 11
23.725
 21
316.08
 31
0.0
  0
LINE
  5
B15
330
726
100
AcDbEntity
  8
AM_4
100
AcDbLine
 10
23.725
 20
316.08
 30
0.0
 11
23.725
 21
319.58
 31
0.0
  0
LINE
  5
B16
330
726
100
AcDbEntity
  8
AM_4
100
AcDbLine
 10
10.4
 20
342.48
 30
0.0
 11
26.35
 21
342.48
 31
0.0
  0
LINE
  5
B17
330
726
100
AcDbEntity
  8
AM_4
100
AcDbLine
 10
10.4
 20
309.18
 30
0.0
 11
26.35
 21
309.18
 31
0.0
  0
LINE
  5
B18
330
726
100
AcDbEntity
  8
AM_4
100
AcDbLine
 10
19.725
 20
319.58
 30
0.0
 11
19.725
 21
318.58
 31
0.0
  0
LINE
  5
B19
330
726
100
AcDbEntity
  8
AM_4
100
AcDbLine
 10
19.725
 20
326.58
 30
0.0
 11
14.725
 21
326.58
 31
0.0
  0
LINE
  5
B1A
330
726
100
AcDbEntity
  8
AM_4
100
AcDbLine
 10
14.725
 20
326.58
 30
0.0
 11
14.725
 21
325.08
 31
0.0
  0
LINE
  5
B1B
330
726
100
AcDbEntity
  8
AM_4
100
AcDbLine
 10
14.725
 20
325.08
 30
0.0
 11
19.725
 21
325.08
 31
0.0
  0
LINE
  5
B1C
330
726
100
AcDbEntity
  8
AM_4
100
AcDbLine
 10
19.725
 20
325.08
 30
0.0
 11
19.725
 21
324.08
 31
0.0
  0
LINE
  5
B1D
330
726
100
AcDbEntity
  8
AM_4
100
AcDbLine
 10
19.725
 20
324.08
 30
0.0
 11
23.725
 21
324.08
 31
0.0
  0
LINE
  5
B1E
330
726
100
AcDbEntity
  8
AM_4
100
AcDbLine
 10
23.725
 20
324.08
 30
0.0
 11
23.725
 21
327.58
 31
0.0
  0
LINE
  5
B1F
330
726
100
AcDbEntity
  8
AM_4
100
AcDbLine
 10
23.725
 20
327.58
 30
0.0
 11
19.725
 21
327.58
 31
0.0
  0
LINE
  5
B20
330
726
100
AcDbEntity
  8
AM_4
100
AcDbLine
 10
19.725
 20
327.58
 30
0.0
 11
19.725
 21
326.58
 31
0.0
  0
LINE
  5
B21
330
726
100
AcDbEntity
  8
AM_4
100
AcDbLine
 10
19.725
 20
334.58
 30
0.0
 11
14.725
 21
334.58
 31
0.0
  0
LINE
  5
B22
330
726
100
AcDbEntity
  8
AM_4
100
AcDbLine
 10
14.725
 20
334.58
 30
0.0
 11
14.725
 21
333.08
 31
0.0
  0
LINE
  5
B23
330
726
100
AcDbEntity
  8
AM_4
100
AcDbLine
 10
14.725
 20
333.08
 30
0.0
 11
19.725
 21
333.08
 31
0.0
  0
LINE
  5
B24
330
726
100
AcDbEntity
  8
AM_4
100
AcDbLine
 10
19.725
 20
333.08
 30
0.0
 11
19.725
 21
332.08
 31
0.0
  0
LINE
  5
B25
330
726
100
AcDbEntity
  8
AM_4
100
AcDbLine
 10
19.725
 20
332.08
 30
0.0
 11
23.725
 21
332.08
 31
0.0
  0
LINE
  5
B26
330
726
100
AcDbEntity
  8
AM_4
100
AcDbLine
 10
23.725
 20
332.08
 30
0.0
 11
23.725
 21
335.58
 31
0.0
  0
LINE
  5
B27
330
726
100
AcDbEntity
  8
AM_4
100
AcDbLine
 10
21.375
 20
315.23
 30
0.0
 11
21.375
 21
312.43
 31
0.0
  0
LINE
  5
B28
330
726
100
AcDbEntity
  8
AM_4
100
AcDbLine
 10
21.375
 20
331.23
 30
0.0
 11
21.375
 21
328.43
 31
0.0
  0
LINE
  5
B29
330
726
100
AcDbEntity
  8
AM_4
100
AcDbLine
 10
21.375
 20
339.23
 30
0.0
 11
21.375
 21
336.43
 31
0.0
  0
LINE
  5
B2A
330
726
100
AcDbEntity
  8
AM_4
100
AcDbLine
 10
24.325
 20
312.43
 30
0.0
 11
24.325
 21
309.18
 31
0.0
  0
LINE
  5
B2B
330
726
100
AcDbEntity
  8
AM_4
100
AcDbLine
 10
21.375
 20
323.23
 30
0.0
 11
21.375
 21
320.43
 31
0.0
  0
LINE
  5
B2C
330
726
100
AcDbEntity
  8
AM_4
100
AcDbLine
 10
23.725
 20
319.58
 30
0.0
 11
19.725
 21
319.58
 31
0.0
  0
LINE
  5
B2D
330
726
100
AcDbEntity
  8
AM_4
100
AcDbLine
 10
26.35
 20
386.68
 30
0.0
 11
26.35
 21
345.38
 31
0.0
  0
LINE
  5
B2E
330
726
100
AcDbEntity
  8
AM_4
100
AcDbLine
 10
25.325
 20
386.68
 30
0.0
 11
25.325
 21
345.38
 31
0.0
  0
LINE
  5
B2F
330
726
100
AcDbEntity
  8
AM_4
100
AcDbLine
 10
14.35
 20
328.8608699569488
 30
0.0
 11
14.35
 21
322.7911300430512
 31
0.0
  0
CIRCLE
  5
B30
330
726
100
AcDbEntity
  8
AM_4
100
AcDbCircle
 10
16.818
 20
321.826
 30
0.0
 40
2.200000000000014
  0
ARC
  5
B31
330
726
100
AcDbEntity
  8
AM_4
100
AcDbCircle
 10
16.81799999999982
 20
321.826
 30
0.0
 40
2.649999999999832
100
AcDbArc
 50
158.6416413675713
 51
201.3583586324287
  0
ARC
  5
B32
330
726
100
AcDbEntity
  8
AM_4
100
AcDbCircle
 10
16.818
 20
321.826
 30
0.0
 40
2.700000000000015
100
AcDbArc
 50
203.9254263545253
 51
156.0745736454747
  0
LINE
  5
B33
330
726
100
AcDbEntity
  8
AM_4
100
AcDbLine
 10
14.35
 20
336.8608699569488
 30
0.0
 11
14.35
 21
330.7911300430512
 31
0.0
  0
CIRCLE
  5
B34
330
726
100
AcDbEntity
  8
AM_4
100
AcDbCircle
 10
16.818
 20
329.826
 30
0.0
 40
2.200000000000014
  0
ARC
  5
B35
330
726
100
AcDbEntity
  8
AM_4
100
AcDbCircle
 10
16.81799999999982
 20
329.826
 30
0.0
 40
2.649999999999832
100
AcDbArc
 50
158.6416413675713
 51
201.3583586324287
  0
ARC
  5
B36
330
726
100
AcDbEntity
  8
AM_4
100
AcDbCircle
 10
16.818
 20
329.826
 30
0.0
 40
2.700000000000015
100
AcDbArc
 50
203.9254263545253
 51
156.0745736454747
  0
CIRCLE
  5
B37
330
726
100
AcDbEntity
  8
AM_4
100
AcDbCircle
 10
16.818
 20
374.026
 30
0.0
 40
2.200000000000014
  0
ARC
  5
B38
330
726
100
AcDbEntity
  8
AM_4
100
AcDbCircle
 10
16.81799999999982
 20
374.026
 30
0.0
 40
2.649999999999832
100
AcDbArc
 50
158.6416413675713
 51
201.3583586324287
  0
LINE
  5
B39
330
726
100
AcDbEntity
  8
AM_4
100
AcDbLine
 10
14.35
 20
386.68
 30
0.0
 11
14.35
 21
382.9911300430513
 31
0.0
  0
LINE
  5
B3A
330
726
100
AcDbEntity
  8
AM_4
100
AcDbLine
 10
14.35
 20
381.0608699569488
 30
0.0
 11
14.35
 21
374.9911300430512
 31
0.0
  0
CIRCLE
  5
B3B
330
726
100
AcDbEntity
  8
AM_4
100
AcDbCircle
 10
16.818
 20
382.026
 30
0.0
 40
2.200000000000014
  0
ARC
  5
B3C
330
726
100
AcDbEntity
  8
AM_4
100
AcDbCircle
 10
16.81799999999989
 20
382.0260000000001
 30
0.0
 40
2.649999999999901
100
AcDbArc
 50
158.6416413675719
 51
201.3583586324293
  0
LINE
  5
B3D
330
726
100
AcDbEntity
  8
AM_4
100
AcDbLine
 10
14.35
 20
357.0608699569489
 30
0.0
 11
14.35
 21
350.9911300430512
 31
0.0
  0
CIRCLE
  5
B3E
330
726
100
AcDbEntity
  8
AM_4
100
AcDbCircle
 10
16.818
 20
358.026
 30
0.0
 40
2.199999999999986
  0
ARC
  5
B3F
330
726
100
AcDbEntity
  8
AM_4
100
AcDbCircle
 10
16.81800000000018
 20
358.026
 30
0.0
 40
2.650000000000148
100
AcDbArc
 50
158.6416413675753
 51
201.3583586324247
  0
LINE
  5
B40
330
726
100
AcDbEntity
  8
AM_4
100
AcDbLine
 10
14.35
 20
373.0608699569488
 30
0.0
 11
14.35
 21
366.9911300430512
 31
0.0
  0
LINE
  5
B41
330
726
100
AcDbEntity
  8
AM_4
100
AcDbLine
 10
14.35
 20
365.0608699569489
 30
0.0
 11
14.35
 21
358.9911300430512
 31
0.0
  0
CIRCLE
  5
B42
330
726
100
AcDbEntity
  8
AM_4
100
AcDbCircle
 10
16.818
 20
366.026
 30
0.0
 40
2.2
  0
ARC
  5
B43
330
726
100
AcDbEntity
  8
AM_4
100
AcDbCircle
 10
16.8179999999996
 20
366.0260000000001
 30
0.0
 40
2.649999999999609
100
AcDbArc
 50
158.6416413675707
 51
201.3583586324304
  0
LINE
  5
B44
330
726
100
AcDbEntity
  8
AM_4
100
AcDbLine
 10
19.725
 20
354.795
 30
0.0
 11
14.725
 21
354.795
 31
0.0
  0
LINE
  5
B45
330
726
100
AcDbEntity
  8
AM_4
100
AcDbLine
 10
14.725
 20
354.795
 30
0.0
 11
14.725
 21
353.295
 31
0.0
  0
LINE
  5
B46
330
726
100
AcDbEntity
  8
AM_4
100
AcDbLine
 10
14.725
 20
353.295
 30
0.0
 11
19.725
 21
353.295
 31
0.0
  0
LINE
  5
B47
330
726
100
AcDbEntity
  8
AM_4
100
AcDbLine
 10
19.725
 20
353.295
 30
0.0
 11
19.725
 21
352.295
 31
0.0
  0
LINE
  5
B48
330
726
100
AcDbEntity
  8
AM_4
100
AcDbLine
 10
19.725
 20
352.295
 30
0.0
 11
23.725
 21
352.295
 31
0.0
  0
LINE
  5
B49
330
726
100
AcDbEntity
  8
AM_4
100
AcDbLine
 10
23.725
 20
352.295
 30
0.0
 11
23.725
 21
355.795
 31
0.0
  0
LINE
  5
B4A
330
726
100
AcDbEntity
  8
AM_4
100
AcDbLine
 10
23.725
 20
355.795
 30
0.0
 11
19.725
 21
355.795
 31
0.0
  0
LINE
  5
B4B
330
726
100
AcDbEntity
  8
AM_4
100
AcDbLine
 10
10.4
 20
345.38
 30
0.0
 11
26.35
 21
345.38
 31
0.0
  0
LINE
  5
B4C
330
726
100
AcDbEntity
  8
AM_4
100
AcDbLine
 10
19.725
 20
362.795
 30
0.0
 11
14.725
 21
362.795
 31
0.0
  0
LINE
  5
B4D
330
726
100
AcDbEntity
  8
AM_4
100
AcDbLine
 10
14.725
 20
361.295
 30
0.0
 11
19.725
 21
361.295
 31
0.0
  0
LINE
  5
B4E
330
726
100
AcDbEntity
  8
AM_4
100
AcDbLine
 10
19.725
 20
361.295
 30
0.0
 11
19.725
 21
360.295
 31
0.0
  0
LINE
  5
B4F
330
726
100
AcDbEntity
  8
AM_4
100
AcDbLine
 10
23.725
 20
360.295
 30
0.0
 11
23.725
 21
363.795
 31
0.0
  0
LINE
  5
B50
330
726
100
AcDbEntity
  8
AM_4
100
AcDbLine
 10
23.725
 20
363.795
 30
0.0
 11
19.725
 21
363.795
 31
0.0
  0
LINE
  5
B51
330
726
100
AcDbEntity
  8
AM_4
100
AcDbLine
 10
24.325
 20
386.68
 30
0.0
 11
24.325
 21
383.43
 31
0.0
  0
LINE
  5
B52
330
726
100
AcDbEntity
  8
AM_4
100
AcDbLine
 10
24.325
 20
380.63
 30
0.0
 11
24.325
 21
375.43
 31
0.0
  0
LINE
  5
B53
330
726
100
AcDbEntity
  8
AM_4
100
AcDbLine
 10
24.325
 20
372.63
 30
0.0
 11
24.325
 21
367.43
 31
0.0
  0
LINE
  5
B54
330
726
100
AcDbEntity
  8
AM_4
100
AcDbLine
 10
24.325
 20
364.63
 30
0.0
 11
24.325
 21
359.43
 31
0.0
  0
LINE
  5
B55
330
726
100
AcDbEntity
  8
AM_4
100
AcDbLine
 10
24.325
 20
356.63
 30
0.0
 11
24.325
 21
351.43
 31
0.0
  0
LINE
  5
B56
330
726
100
AcDbEntity
  8
AM_4
100
AcDbLine
 10
10.4
 20
386.68
 30
0.0
 11
26.35
 21
386.68
 31
0.0
  0
LINE
  5
B57
330
726
100
AcDbEntity
  8
AM_4
100
AcDbLine
 10
19.725
 20
363.795
 30
0.0
 11
19.725
 21
362.795
 31
0.0
  0
LINE
  5
B58
330
726
100
AcDbEntity
  8
AM_4
100
AcDbLine
 10
21.375
 20
375.43
 30
0.0
 11
21.375
 21
372.63
 31
0.0
  0
LINE
  5
B59
330
726
100
AcDbEntity
  8
AM_4
100
AcDbLine
 10
19.725
 20
369.295
 30
0.0
 11
19.725
 21
368.295
 31
0.0
  0
LINE
  5
B5A
330
726
100
AcDbEntity
  8
AM_4
100
AcDbLine
 10
19.725
 20
355.795
 30
0.0
 11
19.725
 21
354.795
 31
0.0
  0
LINE
  5
B5B
330
726
100
AcDbEntity
  8
AM_4
100
AcDbLine
 10
19.725
 20
377.295
 30
0.0
 11
19.725
 21
376.295
 31
0.0
  0
LINE
  5
B5C
330
726
100
AcDbEntity
  8
AM_4
100
AcDbLine
 10
14.725
 20
362.795
 30
0.0
 11
14.725
 21
361.295
 31
0.0
  0
LINE
  5
B5D
330
726
100
AcDbEntity
  8
AM_4
100
AcDbLine
 10
19.725
 20
379.795
 30
0.0
 11
19.725
 21
378.795
 31
0.0
  0
LINE
  5
B5E
330
726
100
AcDbEntity
  8
AM_4
100
AcDbLine
 10
19.725
 20
360.295
 30
0.0
 11
23.725
 21
360.295
 31
0.0
  0
LINE
  5
B5F
330
726
100
AcDbEntity
  8
AM_4
100
AcDbLine
 10
19.725
 20
370.795
 30
0.0
 11
14.725
 21
370.795
 31
0.0
  0
LINE
  5
B60
330
726
100
AcDbEntity
  8
AM_4
100
AcDbLine
 10
14.725
 20
370.795
 30
0.0
 11
14.725
 21
369.295
 31
0.0
  0
LINE
  5
B61
330
726
100
AcDbEntity
  8
AM_4
100
AcDbLine
 10
14.725
 20
369.295
 30
0.0
 11
19.725
 21
369.295
 31
0.0
  0
LINE
  5
B62
330
726
100
AcDbEntity
  8
AM_4
100
AcDbLine
 10
19.725
 20
368.295
 30
0.0
 11
23.725
 21
368.295
 31
0.0
  0
LINE
  5
B63
330
726
100
AcDbEntity
  8
AM_4
100
AcDbLine
 10
23.725
 20
368.295
 30
0.0
 11
23.725
 21
371.795
 31
0.0
  0
LINE
  5
B64
330
726
100
AcDbEntity
  8
AM_4
100
AcDbLine
 10
23.725
 20
371.795
 30
0.0
 11
19.725
 21
371.795
 31
0.0
  0
LINE
  5
B65
330
726
100
AcDbEntity
  8
AM_4
100
AcDbLine
 10
19.725
 20
371.795
 30
0.0
 11
19.725
 21
370.795
 31
0.0
  0
LINE
  5
B66
330
726
100
AcDbEntity
  8
AM_4
100
AcDbLine
 10
19.725
 20
378.795
 30
0.0
 11
14.725
 21
378.795
 31
0.0
  0
LINE
  5
B67
330
726
100
AcDbEntity
  8
AM_4
100
AcDbLine
 10
14.725
 20
378.795
 30
0.0
 11
14.725
 21
377.295
 31
0.0
  0
LINE
  5
B68
330
726
100
AcDbEntity
  8
AM_4
100
AcDbLine
 10
14.725
 20
377.295
 30
0.0
 11
19.725
 21
377.295
 31
0.0
  0
LINE
  5
B69
330
726
100
AcDbEntity
  8
AM_4
100
AcDbLine
 10
21.375
 20
367.43
 30
0.0
 11
21.375
 21
364.63
 31
0.0
  0
LINE
  5
B6A
330
726
100
AcDbEntity
  8
AM_4
100
AcDbLine
 10
19.725
 20
376.295
 30
0.0
 11
23.725
 21
376.295
 31
0.0
  0
LINE
  5
B6B
330
726
100
AcDbEntity
  8
AM_4
100
AcDbLine
 10
23.725
 20
376.295
 30
0.0
 11
23.725
 21
379.795
 31
0.0
  0
LINE
  5
B6C
330
726
100
AcDbEntity
  8
AM_4
100
AcDbLine
 10
23.725
 20
379.795
 30
0.0
 11
19.725
 21
379.795
 31
0.0
  0
LINE
  5
B6D
330
726
100
AcDbEntity
  8
AM_4
100
AcDbLine
 10
21.375
 20
383.43
 30
0.0
 11
21.375
 21
380.63
 31
0.0
  0
ARC
  5
B6E
330
726
100
AcDbEntity
  8
AM_4
100
AcDbCircle
 10
16.81799999999999
 20
382.026
 30
0.0
 40
2.700000000000002
100
AcDbArc
 50
203.9254263545254
 51
156.0745736454747
  0
ARC
  5
B6F
330
726
100
AcDbEntity
  8
AM_4
100
AcDbCircle
 10
16.81799999999999
 20
374.026
 30
0.0
 40
2.700000000000002
100
AcDbArc
 50
203.9254263545254
 51
156.0745736454746
  0
ARC
  5
B70
330
726
100
AcDbEntity
  8
AM_4
100
AcDbCircle
 10
16.818
 20
366.026
 30
0.0
 40
2.699999999999992
100
AcDbArc
 50
203.9254263545242
 51
156.0745736454759
  0
ARC
  5
B71
330
726
100
AcDbEntity
  8
AM_4
100
AcDbCircle
 10
16.818
 20
358.0260000000001
 30
0.0
 40
2.699999999999992
100
AcDbArc
 50
203.9254263545242
 51
156.074573645477
  0
ARC
  5
B72
330
726
100
AcDbEntity
  8
AM_4
100
AcDbCircle
 10
16.818
 20
350.026
 30
0.0
 40
2.699999999999992
100
AcDbArc
 50
203.9254263545242
 51
156.0745736454759
  0
LINE
  5
B73
330
726
100
AcDbEntity
  8
AM_4
100
AcDbLine
 10
24.325
 20
348.63
 30
0.0
 11
24.325
 21
345.38
 31
0.0
  0
LINE
  5
B74
330
726
100
AcDbEntity
  8
AM_4
100
AcDbLine
 10
21.375
 20
351.43
 30
0.0
 11
21.375
 21
348.63
 31
0.0
  0
LINE
  5
B75
330
726
100
AcDbEntity
  8
AM_4
100
AcDbLine
 10
21.375
 20
359.43
 30
0.0
 11
21.375
 21
356.63
 31
0.0
  0
CIRCLE
  5
B76
330
726
100
AcDbEntity
  8
AM_4
100
AcDbCircle
 10
16.818
 20
337.826
 30
0.0
 40
2.2
  0
ARC
  5
B77
330
726
100
AcDbEntity
  8
AM_4
100
AcDbCircle
 10
16.81799999999982
 20
337.826
 30
0.0
 40
2.649999999999838
100
AcDbArc
 50
158.6416413675713
 51
201.3583586324286
  0
ARC
  5
B78
330
726
100
AcDbEntity
  8
AM_4
100
AcDbCircle
 10
16.818
 20
337.826
 30
0.0
 40
2.699999999999992
100
AcDbArc
 50
203.9254263545242
 51
156.0745736454759
  0
LINE
  5
B79
330
726
100
AcDbEntity
  8
AM_4
100
AcDbLine
 10
10.4
 20
275.48
 30
0.0
 11
26.35
 21
275.48
 31
0.0
  0
LINE
  5
B7A
330
726
100
AcDbEntity
  8
AM_4
100
AcDbLine
 10
24.325
 20
300.78
 30
0.0
 11
24.325
 21
297.53
 31
0.0
  0
LINE
  5
B7B
330
726
100
AcDbEntity
  8
AM_4
100
AcDbLine
 10
24.325
 20
294.73
 30
0.0
 11
24.325
 21
289.53
 31
0.0
  0
LINE
  5
B7C
330
726
100
AcDbEntity
  8
AM_4
100
AcDbLine
 10
24.325
 20
286.73
 30
0.0
 11
24.325
 21
281.53
 31
0.0
  0
LINE
  5
B7D
330
726
100
AcDbEntity
  8
AM_4
100
AcDbLine
 10
14.35
 20
300.78
 30
0.0
 11
14.35
 21
297.0911300430512
 31
0.0
  0
LINE
  5
B7E
330
726
100
AcDbEntity
  8
AM_4
100
AcDbLine
 10
14.35
 20
279.1608699569488
 30
0.0
 11
14.35
 21
275.48
 31
0.0
  0
LINE
  5
B7F
330
726
100
AcDbEntity
  8
AM_4
100
AcDbLine
 10
14.725
 20
283.38
 30
0.0
 11
19.725
 21
283.38
 31
0.0
  0
LINE
  5
B80
330
726
100
AcDbEntity
  8
AM_4
100
AcDbLine
 10
19.725
 20
283.38
 30
0.0
 11
19.725
 21
282.38
 31
0.0
  0
LINE
  5
B81
330
726
100
AcDbEntity
  8
AM_4
100
AcDbLine
 10
19.725
 20
282.38
 30
0.0
 11
23.725
 21
282.38
 31
0.0
  0
LINE
  5
B82
330
726
100
AcDbEntity
  8
AM_4
100
AcDbLine
 10
23.725
 20
282.38
 30
0.0
 11
23.725
 21
285.88
 31
0.0
  0
LINE
  5
B83
330
726
100
AcDbEntity
  8
AM_4
100
AcDbLine
 10
23.725
 20
285.88
 30
0.0
 11
19.725
 21
285.88
 31
0.0
  0
LINE
  5
B84
330
726
100
AcDbEntity
  8
AM_4
100
AcDbLine
 10
19.725
 20
285.88
 30
0.0
 11
19.725
 21
284.88
 31
0.0
  0
LINE
  5
B85
330
726
100
AcDbEntity
  8
AM_4
100
AcDbLine
 10
14.725
 20
292.88
 30
0.0
 11
14.725
 21
291.38
 31
0.0
  0
LINE
  5
B86
330
726
100
AcDbEntity
  8
AM_4
100
AcDbLine
 10
14.725
 20
291.38
 30
0.0
 11
19.725
 21
291.38
 31
0.0
  0
LINE
  5
B87
330
726
100
AcDbEntity
  8
AM_4
100
AcDbLine
 10
19.725
 20
291.38
 30
0.0
 11
19.725
 21
290.38
 31
0.0
  0
LINE
  5
B88
330
726
100
AcDbEntity
  8
AM_4
100
AcDbLine
 10
19.725
 20
290.38
 30
0.0
 11
23.725
 21
290.38
 31
0.0
  0
LINE
  5
B89
330
726
100
AcDbEntity
  8
AM_4
100
AcDbLine
 10
23.725
 20
290.38
 30
0.0
 11
23.725
 21
293.88
 31
0.0
  0
LINE
  5
B8A
330
726
100
AcDbEntity
  8
AM_4
100
AcDbLine
 10
23.725
 20
293.88
 30
0.0
 11
19.725
 21
293.88
 31
0.0
  0
LINE
  5
B8B
330
726
100
AcDbEntity
  8
AM_4
100
AcDbLine
 10
19.725
 20
293.88
 30
0.0
 11
19.725
 21
292.88
 31
0.0
  0
LINE
  5
B8C
330
726
100
AcDbEntity
  8
AM_4
100
AcDbLine
 10
10.4
 20
300.78
 30
0.0
 11
26.35
 21
300.78
 31
0.0
  0
LINE
  5
B8D
330
726
100
AcDbEntity
  8
AM_4
100
AcDbLine
 10
21.375
 20
289.53
 30
0.0
 11
21.375
 21
286.73
 31
0.0
  0
LINE
  5
B8E
330
726
100
AcDbEntity
  8
AM_4
100
AcDbLine
 10
19.725
 20
284.88
 30
0.0
 11
14.725
 21
284.88
 31
0.0
  0
LINE
  5
B8F
330
726
100
AcDbEntity
  8
AM_4
100
AcDbLine
 10
21.375
 20
297.53
 30
0.0
 11
21.375
 21
294.73
 31
0.0
  0
LINE
  5
B90
330
726
100
AcDbEntity
  8
AM_4
100
AcDbLine
 10
19.725
 20
292.88
 30
0.0
 11
14.725
 21
292.88
 31
0.0
  0
LINE
  5
B91
330
726
100
AcDbEntity
  8
AM_4
100
AcDbLine
 10
14.725
 20
284.88
 30
0.0
 11
14.725
 21
283.38
 31
0.0
  0
LINE
  5
B92
330
726
100
AcDbEntity
  8
AM_4
100
AcDbLine
 10
24.325
 20
278.73
 30
0.0
 11
24.325
 21
275.48
 31
0.0
  0
LINE
  5
B93
330
726
100
AcDbEntity
  8
AM_4
100
AcDbLine
 10
21.375
 20
281.53
 30
0.0
 11
21.375
 21
278.73
 31
0.0
  0
LINE
  5
B94
330
726
100
AcDbEntity
  8
AM_4
100
AcDbLine
 10
26.35
 20
300.78
 30
0.0
 11
26.35
 21
275.48
 31
0.0
  0
LINE
  5
B95
330
726
100
AcDbEntity
  8
AM_4
100
AcDbLine
 10
25.325
 20
300.78
 30
0.0
 11
25.325
 21
275.48
 31
0.0
  0
CIRCLE
  5
B96
330
726
100
AcDbEntity
  8
AM_4
100
AcDbCircle
 10
16.818
 20
313.826
 30
0.0
 40
2.200000000000007
  0
LINE
  5
B97
330
726
100
AcDbEntity
  8
AM_4
100
AcDbLine
 10
14.35
 20
320.8608699569488
 30
0.0
 11
14.35
 21
314.7911300430512
 31
0.0
  0
ARC
  5
B98
330
726
100
AcDbEntity
  8
AM_4
100
AcDbCircle
 10
16.81799999999982
 20
313.826
 30
0.0
 40
2.649999999999835
100
AcDbArc
 50
158.6416413675714
 51
201.3583586324286
  0
ARC
  5
B99
330
726
100
AcDbEntity
  8
AM_4
100
AcDbCircle
 10
16.818
 20
313.826
 30
0.0
 40
2.700000000000015
100
AcDbArc
 50
203.9254263545253
 51
156.0745736454758
  0
CIRCLE
  5
B9A
330
726
100
AcDbEntity
  8
AM_4
100
AcDbCircle
 10
16.818
 20
296.126
 30
0.0
 40
2.2
  0
ARC
  5
B9B
330
726
100
AcDbEntity
  8
AM_4
100
AcDbCircle
 10
16.8179999999996
 20
296.126
 30
0.0
 40
2.64999999999963
100
AcDbArc
 50
158.6416413675696
 51
201.3583586324293
  0
ARC
  5
B9C
330
726
100
AcDbEntity
  8
AM_4
100
AcDbCircle
 10
16.818
 20
296.126
 30
0.0
 40
2.699999999999989
100
AcDbArc
 50
203.9254263545242
 51
156.0745736454747
  0
CIRCLE
  5
B9D
330
726
100
AcDbEntity
  8
AM_4
100
AcDbCircle
 10
16.818
 20
288.126
 30
0.0
 40
2.200000000000014
  0
LINE
  5
B9E
330
726
100
AcDbEntity
  8
AM_4
100
AcDbLine
 10
14.35
 20
295.1608699569488
 30
0.0
 11
14.35
 21
289.0911300430512
 31
0.0
  0
ARC
  5
B9F
330
726
100
AcDbEntity
  8
AM_4
100
AcDbCircle
 10
16.81800000000004
 20
288.126
 30
0.0
 40
2.650000000000064
100
AcDbArc
 50
158.641641367572
 51
201.3583586324269
  0
ARC
  5
BA0
330
726
100
AcDbEntity
  8
AM_4
100
AcDbCircle
 10
16.818
 20
288.126
 30
0.0
 40
2.700000000000009
100
AcDbArc
 50
203.9254263545253
 51
156.0745736454747
  0
LINE
  5
BA1
330
726
100
AcDbEntity
  8
AM_4
100
AcDbLine
 10
14.35
 20
287.1608699569488
 30
0.0
 11
14.35
 21
281.0911300430512
 31
0.0
  0
CIRCLE
  5
BA2
330
726
100
AcDbEntity
  8
AM_4
100
AcDbCircle
 10
16.818
 20
280.126
 30
0.0
 40
2.200000000000007
  0
ARC
  5
BA3
330
726
100
AcDbEntity
  8
AM_4
100
AcDbCircle
 10
16.81799999999959
 20
280.126
 30
0.0
 40
2.649999999999623
100
AcDbArc
 50
158.6416413675695
 51
201.3583586324293
  0
ARC
  5
BA4
330
726
100
AcDbEntity
  8
AM_4
100
AcDbCircle
 10
16.818
 20
280.126
 30
0.0
 40
2.699999999999986
100
AcDbArc
 50
203.9254263545242
 51
156.0745736454747
  0
CIRCLE
  5
BA5
330
726
100
AcDbEntity
  8
AM_4
100
AcDbCircle
 10
7.195999999999998
 20
259.321
 30
0.0
 40
3.500000000000016
  0
CIRCLE
  5
BA6
330
726
100
AcDbEntity
  8
AM_4
100
AcDbCircle
 10
20.86
 20
259.321
 30
0.0
 40
3.500000000000016
  0
ENDBLK
  5
729
330
726
100
AcDbEntity
  8
0
100
AcDbBlockEnd
  0
BLOCK
  5
BA9
330
BA7
100
AcDbEntity
  8
0
100
AcDbBlockBegin
  2
4_MEDLN83SE_2_in_MEDLN83SE_1100
 70
     2
 10
0.0
 20
0.0
 30
0.0
  3
4_MEDLN83SE_2_in_MEDLN83SE_1100
  1

  0
ATTDEF
  5
BAB
330
BA7
100
AcDbEntity
  8
AM_6
100
AcDbText
 10
336.145
 20
434.83
 30
0.0
 40
0.5
  1
Amp
100
AcDbAttributeDefinition
  3

  2
NN
 70
     8
  0
ATTDEF
  5
BAC
330
BA7
100
AcDbEntity
  8
AM_6
100
AcDbText
 10
336.145
 20
434.33
 30
0.0
 40
0.5
  1

100
AcDbAttributeDefinition
  3

  2
NT
 70
     8
  0
ATTDEF
  5
BAD
330
BA7
100
AcDbEntity
  8
AM_6
100
AcDbText
 10
336.145
 20
433.83
 30
0.0
 40
0.5
  1
MEDLN83SE
100
AcDbAttributeDefinition
  3

  2
NB
 70
     8
  0
ATTDEF
  5
BAE
330
BA7
100
AcDbEntity
  8
AM_6
100
AcDbText
 10
336.145
 20
433.33
 30
0.0
 40
0.5
  1
$CNSORDERNO.
100
AcDbAttributeDefinition
  3

  2
NBSYN
 70
     8
  0
ATTDEF
  5
BAF
330
BA7
100
AcDbEntity
  8
AM_6
100
AcDbText
 10
336.145
 20
432.83
 30
0.0
 40
0.5
  1
MEDLN83SE
100
AcDbAttributeDefinition
  3

  2
LINA
 70
     8
  0
ATTDEF
  5
BB0
330
BA7
100
AcDbEntity
  8
AM_6
100
AcDbText
 10
336.145
 20
432.33
 30
0.0
 40
0.5
  1
MEDLN83SE
100
AcDbAttributeDefinition
  3

  2
CNSORDERNO
 70
     8
  0
ATTDEF
  5
BB1
330
BA7
100
AcDbEntity
  8
AM_6
100
AcDbText
 10
336.145
 20
431.83
 30
0.0
 40
0.5
  1
E
100
AcDbAttributeDefinition
  3

  2
F
 70
     8
  0
ATTDEF
  5
BB2
330
BA7
100
AcDbEntity
  8
AM_6
100
AcDbText
 10
336.145
 20
431.33
 30
0.0
 40
0.5
  1
2kW
100
AcDbAttributeDefinition
  3

  2
MC
 70
     8
  0
ATTDEF
  5
BB3
330
BA7
100
AcDbEntity
  8
AM_6
100
AcDbText
 10
336.145
 20
430.83
 30
0.0
 40
0.5
  1
200V
100
AcDbAttributeDefinition
  3

  2
PSV
 70
     8
  0
ATTDEF
  5
BB4
330
BA7
100
AcDbEntity
  8
AM_6
100
AcDbText
 10
336.145
 20
430.33
 30
0.0
 40
0.5
  1
E : Standard type
100
AcDbAttributeDefinition
  3

  2
ES
 70
     8
  0
ATTDEF
  5
BB5
330
BA7
100
AcDbEntity
  8
AM_6
100
AcDbText
 10
336.145
 20
429.83
 30
0.0
 40
0.5
  1
matsushita
100
AcDbAttributeDefinition
  3

  2
COMPANY
 70
     8
  0
LINE
  5
BB6
330
BA7
100
AcDbEntity
  8
AM_9
100
AcDbLine
 10
318.03
 20
358.43
 30
0.0
 11
318.03
 21
354.23
 31
0.0
  0
LINE
  5
BB7
330
BA7
100
AcDbEntity
  8
AM_9
100
AcDbLine
 10
318.03
 20
354.23
 30
0.0
 11
319.03
 21
354.23
 31
0.0
  0
LINE
  5
BB8
330
BA7
100
AcDbEntity
  8
AM_9
100
AcDbLine
 10
318.03
 20
358.43
 30
0.0
 11
319.03
 21
358.43
 31
0.0
  0
LINE
  5
BB9
330
BA7
100
AcDbEntity
  8
AM_9
100
AcDbLine
 10
318.03
 20
317.43
 30
0.0
 11
319.03
 21
317.43
 31
0.0
  0
LINE
  5
BBA
330
BA7
100
AcDbEntity
  8
AM_9
100
AcDbLine
 10
318.03
 20
317.43
 30
0.0
 11
318.03
 21
313.23
 31
0.0
  0
LINE
  5
BBB
330
BA7
100
AcDbEntity
  8
AM_9
100
AcDbLine
 10
318.03
 20
313.23
 30
0.0
 11
319.03
 21
313.23
 31
0.0
  0
LINE
  5
BBC
330
BA7
100
AcDbEntity
  8
AM_9
100
AcDbLine
 10
265.93
 20
256.83
 30
0.0
 11
265.93
 21
251.83
 31
0.0
  0
LINE
  5
BBD
330
BA7
100
AcDbEntity
  8
AM_9
100
AcDbLine
 10
263.43
 20
256.83
 30
0.0
 11
263.43
 21
251.83
 31
0.0
  0
LINE
  5
BBE
330
BA7
100
AcDbEntity
  8
AM_9
100
AcDbLine
 10
173.43
 20
256.83
 30
0.0
 11
173.43
 21
251.83
 31
0.0
  0
LINE
  5
BBF
330
BA7
100
AcDbEntity
  8
AM_9
100
AcDbLine
 10
173.43
 20
256.83
 30
0.0
 11
175.93
 21
256.83
 31
0.0
  0
LINE
  5
BC0
330
BA7
100
AcDbEntity
  8
AM_9
100
AcDbLine
 10
175.93
 20
414.83
 30
0.0
 11
175.93
 21
419.83
 31
0.0
  0
LINE
  5
BC1
330
BA7
100
AcDbEntity
  8
AM_9
100
AcDbLine
 10
175.93
 20
256.83
 30
0.0
 11
175.93
 21
251.83
 31
0.0
  0
LINE
  5
BC2
330
BA7
100
AcDbEntity
  8
AM_9
100
AcDbLine
 10
173.43
 20
414.83
 30
0.0
 11
173.43
 21
419.83
 31
0.0
  0
LINE
  5
BC3
330
BA7
100
AcDbEntity
  8
AM_9
100
AcDbLine
 10
173.43
 20
414.83
 30
0.0
 11
175.93
 21
414.83
 31
0.0
  0
LINE
  5
BC4
330
BA7
100
AcDbEntity
  8
AM_9
100
AcDbLine
 10
299.43
 20
256.83
 30
0.0
 11
299.43
 21
251.83
 31
0.0
  0
LINE
  5
BC5
330
BA7
100
AcDbEntity
  8
AM_9
100
AcDbLine
 10
306.43
 20
414.83
 30
0.0
 11
306.43
 21
419.83
 31
0.0
  0
LINE
  5
BC6
330
BA7
100
AcDbEntity
  8
AM_9
100
AcDbLine
 10
297.43
 20
256.83
 30
0.0
 11
297.43
 21
251.83
 31
0.0
  0
LINE
  5
BC7
330
BA7
100
AcDbEntity
  8
AM_9
100
AcDbLine
 10
294.93
 20
256.83
 30
0.0
 11
294.93
 21
251.83
 31
0.0
  0
LINE
  5
BC8
330
BA7
100
AcDbEntity
  8
AM_9
100
AcDbLine
 10
301.93
 20
256.83
 30
0.0
 11
301.93
 21
251.83
 31
0.0
  0
LINE
  5
BC9
330
BA7
100
AcDbEntity
  8
AM_9
100
AcDbLine
 10
303.93
 20
256.83
 30
0.0
 11
306.43
 21
256.83
 31
0.0
  0
LINE
  5
BCA
330
BA7
100
AcDbEntity
  8
AM_9
100
AcDbLine
 10
306.43
 20
256.83
 30
0.0
 11
306.43
 21
251.83
 31
0.0
  0
LINE
  5
BCB
330
BA7
100
AcDbEntity
  8
AM_9
100
AcDbLine
 10
303.93
 20
256.83
 30
0.0
 11
303.93
 21
251.83
 31
0.0
  0
LINE
  5
BCC
330
BA7
100
AcDbEntity
  8
AM_9
100
AcDbLine
 10
285.93
 20
414.83
 30
0.0
 11
285.93
 21
419.83
 31
0.0
  0
LINE
  5
BCD
330
BA7
100
AcDbEntity
  8
AM_9
100
AcDbLine
 10
288.43
 20
414.83
 30
0.0
 11
288.43
 21
419.83
 31
0.0
  0
LINE
  5
BCE
330
BA7
100
AcDbEntity
  8
AM_9
100
AcDbLine
 10
261.43
 20
256.83
 30
0.0
 11
261.43
 21
251.83
 31
0.0
  0
LINE
  5
BCF
330
BA7
100
AcDbEntity
  8
AM_9
100
AcDbLine
 10
258.93
 20
256.83
 30
0.0
 11
258.93
 21
251.83
 31
0.0
  0
LINE
  5
BD0
330
BA7
100
AcDbEntity
  8
AM_9
100
AcDbLine
 10
256.93
 20
256.83
 30
0.0
 11
256.93
 21
251.83
 31
0.0
  0
LINE
  5
BD1
330
BA7
100
AcDbEntity
  8
AM_9
100
AcDbLine
 10
254.43
 20
256.83
 30
0.0
 11
254.43
 21
251.83
 31
0.0
  0
LINE
  5
BD2
330
BA7
100
AcDbEntity
  8
AM_9
100
AcDbLine
 10
281.43
 20
414.83
 30
0.0
 11
281.43
 21
419.83
 31
0.0
  0
LINE
  5
BD3
330
BA7
100
AcDbEntity
  8
AM_9
100
AcDbLine
 10
292.93
 20
414.83
 30
0.0
 11
292.93
 21
419.83
 31
0.0
  0
LINE
  5
BD4
330
BA7
100
AcDbEntity
  8
AM_9
100
AcDbLine
 10
290.43
 20
414.83
 30
0.0
 11
290.43
 21
419.83
 31
0.0
  0
LINE
  5
BD5
330
BA7
100
AcDbEntity
  8
AM_9
100
AcDbLine
 10
247.93
 20
256.83
 30
0.0
 11
247.93
 21
251.83
 31
0.0
  0
LINE
  5
BD6
330
BA7
100
AcDbEntity
  8
AM_9
100
AcDbLine
 10
252.43
 20
256.83
 30
0.0
 11
252.43
 21
251.83
 31
0.0
  0
LINE
  5
BD7
330
BA7
100
AcDbEntity
  8
AM_9
100
AcDbLine
 10
245.43
 20
256.83
 30
0.0
 11
245.43
 21
251.83
 31
0.0
  0
LINE
  5
BD8
330
BA7
100
AcDbEntity
  8
AM_9
100
AcDbLine
 10
249.93
 20
256.83
 30
0.0
 11
249.93
 21
251.83
 31
0.0
  0
LINE
  5
BD9
330
BA7
100
AcDbEntity
  8
AM_9
100
AcDbLine
 10
135.93
 20
257.571
 30
0.0
 11
133.9518956242623
 21
257.571
 31
0.0
  0
LINE
  5
BDA
330
BA7
100
AcDbEntity
  8
AM_9
100
AcDbLine
 10
119.28
 20
337.905
 30
0.0
 11
119.28
 21
313.755
 31
0.0
  0
LINE
  5
BDB
330
BA7
100
AcDbEntity
  8
AM_9
100
AcDbLine
 10
119.28
 20
296.205
 30
0.0
 11
119.28
 21
280.055
 31
0.0
  0
LINE
  5
BDC
330
BA7
100
AcDbEntity
  8
AM_9
100
AcDbLine
 10
119.28
 20
374.105
 30
0.0
 11
119.28
 21
357.955
 31
0.0
  0
LINE
  5
BDD
330
BA7
100
AcDbEntity
  8
AM_9
100
AcDbLine
 10
135.93
 20
258.221
 30
0.0
 11
133.93
 21
258.221
 31
0.0
  0
LINE
  5
BDE
330
BA7
100
AcDbEntity
  8
AM_9
100
AcDbLine
 10
135.93
 20
260.421
 30
0.0
 11
133.93
 21
260.421
 31
0.0
  0
LINE
  5
BDF
330
BA7
100
AcDbEntity
  8
AM_9
100
AcDbLine
 10
117.93
 20
296.205
 30
0.0
 11
117.93
 21
280.055
 31
0.0
  0
LINE
  5
BE0
330
BA7
100
AcDbEntity
  8
AM_9
100
AcDbLine
 10
117.93
 20
337.905
 30
0.0
 11
117.93
 21
313.755
 31
0.0
  0
LINE
  5
BE1
330
BA7
100
AcDbEntity
  8
AM_9
100
AcDbLine
 10
117.93
 20
374.105
 30
0.0
 11
117.93
 21
357.955
 31
0.0
  0
LINE
  5
BE2
330
BA7
100
AcDbEntity
  8
AM_9
100
AcDbLine
 10
196.9969728518128
 20
416.33
 30
0.0
 11
196.9969728518128
 21
419.83
 31
0.0
  0
LINE
  5
BE3
330
BA7
100
AcDbEntity
  8
AM_9
100
AcDbLine
 10
197.2630271481873
 20
416.33
 30
0.0
 11
197.2630271481873
 21
419.83
 31
0.0
  0
LINE
  5
BE4
330
BA7
100
AcDbEntity
  8
AM_9
100
AcDbLine
 10
121.13
 20
377.005
 30
0.0
 11
121.13
 21
374.105
 31
0.0
  0
LINE
  5
BE5
330
BA7
100
AcDbEntity
  8
AM_9
100
AcDbLine
 10
121.13
 20
377.005
 30
0.0
 11
117.53
 21
377.005
 31
0.0
  0
LINE
  5
BE6
330
BA7
100
AcDbEntity
  8
AM_9
100
AcDbLine
 10
121.13
 20
280.055
 30
0.0
 11
121.13
 21
277.155
 31
0.0
  0
LINE
  5
BE7
330
BA7
100
AcDbEntity
  8
AM_9
100
AcDbLine
 10
121.13
 20
277.155
 30
0.0
 11
117.53
 21
277.155
 31
0.0
  0
LINE
  5
BE8
330
BA7
100
AcDbEntity
  8
AM_9
100
AcDbLine
 10
121.13
 20
357.955
 30
0.0
 11
121.13
 21
355.055
 31
0.0
  0
LINE
  5
BE9
330
BA7
100
AcDbEntity
  8
AM_9
100
AcDbLine
 10
121.13
 20
355.055
 30
0.0
 11
117.53
 21
355.055
 31
0.0
  0
LINE
  5
BEA
330
BA7
100
AcDbEntity
  8
AM_9
100
AcDbLine
 10
121.13
 20
340.805
 30
0.0
 11
121.13
 21
337.905
 31
0.0
  0
LINE
  5
BEB
330
BA7
100
AcDbEntity
  8
AM_9
100
AcDbLine
 10
121.13
 20
340.805
 30
0.0
 11
117.53
 21
340.805
 31
0.0
  0
LINE
  5
BEC
330
BA7
100
AcDbEntity
  8
AM_9
100
AcDbLine
 10
121.13
 20
299.105
 30
0.0
 11
121.13
 21
296.205
 31
0.0
  0
LINE
  5
BED
330
BA7
100
AcDbEntity
  8
AM_9
100
AcDbLine
 10
121.13
 20
299.105
 30
0.0
 11
117.53
 21
299.105
 31
0.0
  0
LINE
  5
BEE
330
BA7
100
AcDbEntity
  8
AM_9
100
AcDbLine
 10
121.13
 20
313.755
 30
0.0
 11
121.13
 21
310.855
 31
0.0
  0
LINE
  5
BEF
330
BA7
100
AcDbEntity
  8
AM_9
100
AcDbLine
 10
121.13
 20
310.855
 30
0.0
 11
117.53
 21
310.855
 31
0.0
  0
LINE
  5
BF0
330
BA7
100
AcDbEntity
  8
AM_9
100
AcDbLine
 10
282.83
 20
256.83
 30
0.0
 11
282.83
 21
251.83
 31
0.0
  0
LINE
  5
BF1
330
BA7
100
AcDbEntity
  8
AM_9
100
AcDbLine
 10
289.83
 20
256.83
 30
0.0
 11
289.83
 21
251.83
 31
0.0
  0
LINE
  5
BF2
330
BA7
100
AcDbEntity
  8
AM_9
100
AcDbLine
 10
121.13
 20
355.055
 30
0.0
 11
121.43
 21
354.755
 31
0.0
  0
LINE
  5
BF3
330
BA7
100
AcDbEntity
  8
AM_9
100
AcDbLine
 10
121.43
 20
377.305
 30
0.0
 11
121.13
 21
377.005
 31
0.0
  0
LINE
  5
BF4
330
BA7
100
AcDbEntity
  8
AM_9
100
AcDbLine
 10
121.13
 20
277.155
 30
0.0
 11
121.43
 21
276.855
 31
0.0
  0
LINE
  5
BF5
330
BA7
100
AcDbEntity
  8
AM_9
100
AcDbLine
 10
121.43
 20
341.105
 30
0.0
 11
121.13
 21
340.805
 31
0.0
  0
LINE
  5
BF6
330
BA7
100
AcDbEntity
  8
AM_9
100
AcDbLine
 10
121.43
 20
299.405
 30
0.0
 11
121.13
 21
299.105
 31
0.0
  0
LINE
  5
BF7
330
BA7
100
AcDbEntity
  8
AM_9
100
AcDbLine
 10
121.13
 20
310.855
 30
0.0
 11
121.43
 21
310.555
 31
0.0
  0
LINE
  5
BF8
330
BA7
100
AcDbEntity
  8
AM_9
100
AcDbLine
 10
135.93
 20
255.821
 30
0.0
 11
136.28
 21
255.821
 31
0.0
  0
LINE
  5
BF9
330
BA7
100
AcDbEntity
  8
AM_9
100
AcDbLine
 10
136.28
 20
262.821
 30
0.0
 11
135.93
 21
262.821
 31
0.0
  0
LINE
  5
BFA
330
BA7
100
AcDbEntity
  8
AM_9
100
AcDbLine
 10
135.93
 20
261.071
 30
0.0
 11
133.9456865225962
 21
261.071
 31
0.0
  0
LINE
  5
BFB
330
BA7
100
AcDbEntity
  8
AM_9
100
AcDbLine
 10
133.93
 20
260.7666832294801
 30
0.0
 11
133.9518956242643
 21
261.071
 31
0.0
  0
LINE
  5
BFC
330
BA7
100
AcDbEntity
  8
AM_9
100
AcDbLine
 10
133.93
 20
260.7666832294801
 30
0.0
 11
133.93
 21
259.721
 31
0.0
  0
LINE
  5
BFD
330
BA7
100
AcDbEntity
  8
AM_9
100
AcDbLine
 10
135.93
 20
259.721
 30
0.0
 11
133.93
 21
259.721
 31
0.0
  0
LWPOLYLINE
  5
BFE
330
BA7
100
AcDbEntity
  8
AM_9
100
AcDbPolyline
 90
        3
 70
     0
 43
0.0
 10
133.9518956242643
 20
258.921
 10
133.9456865167016
 20
259.321
 10
133.9518956242623
 20
259.721
  0
LINE
  5
BFF
330
BA7
100
AcDbEntity
  8
AM_9
100
AcDbLine
 10
133.93
 20
258.921
 30
0.0
 11
135.93
 21
258.921
 31
0.0
  0
LINE
  5
C00
330
BA7
100
AcDbEntity
  8
AM_9
100
AcDbLine
 10
133.93
 20
258.921
 30
0.0
 11
133.93
 21
257.8753167705199
 31
0.0
  0
LINE
  5
C01
330
BA7
100
AcDbEntity
  8
AM_9
100
AcDbLine
 10
133.9518956242623
 20
257.571
 30
0.0
 11
133.93
 21
257.8753167705199
 31
0.0
  0
ARC
  5
C02
330
BA7
100
AcDbEntity
  8
AM_9
100
AcDbCircle
 10
135.9299999999999
 20
257.8209999999999
 30
0.0
 40
1.999999999999925
100
AcDbArc
 50
187.1559762843998
 51
270.0
  0
ARC
  5
C03
330
BA7
100
AcDbEntity
  8
AM_9
100
AcDbCircle
 10
135.93
 20
260.8210000000001
 30
0.0
 40
1.999999999999943
100
AcDbArc
 50
90.0
 51
172.8301688894352
  0
LINE
  5
C04
330
BA7
100
AcDbEntity
  8
AM_9
100
AcDbLine
 10
135.93
 20
262.821
 30
0.0
 11
135.93
 21
255.821
 31
0.0
  0
LINE
  5
C05
330
BA7
100
AcDbEntity
  8
AM_9
100
AcDbLine
 10
136.28
 20
255.701
 30
0.0
 11
136.98
 21
255.701
 31
0.0
  0
LINE
  5
C06
330
BA7
100
AcDbEntity
  8
AM_9
100
AcDbLine
 10
136.98
 20
262.941
 30
0.0
 11
136.28
 21
262.941
 31
0.0
  0
LINE
  5
C07
330
BA7
100
AcDbEntity
  8
AM_9
100
AcDbLine
 10
136.28
 20
262.941
 30
0.0
 11
136.28
 21
255.701
 31
0.0
  0
LINE
  5
C08
330
BA7
100
AcDbEntity
  8
AM_9
100
AcDbLine
 10
229.924
 20
414.83
 30
0.0
 11
229.924
 21
419.83
 31
0.0
  0
LINE
  5
C09
330
BA7
100
AcDbEntity
  8
AM_9
100
AcDbLine
 10
227.436
 20
414.83
 30
0.0
 11
227.436
 21
419.83
 31
0.0
  0
LINE
  5
C0A
330
BA7
100
AcDbEntity
  8
AM_9
100
AcDbLine
 10
218.436
 20
414.83
 30
0.0
 11
218.436
 21
419.83
 31
0.0
  0
LINE
  5
C0B
330
BA7
100
AcDbEntity
  8
AM_9
100
AcDbLine
 10
220.924
 20
414.83
 30
0.0
 11
220.924
 21
419.83
 31
0.0
  0
LINE
  5
C0C
330
BA7
100
AcDbEntity
  8
AM_9
100
AcDbLine
 10
225.424
 20
414.83
 30
0.0
 11
225.424
 21
419.83
 31
0.0
  0
LINE
  5
C0D
330
BA7
100
AcDbEntity
  8
AM_9
100
AcDbLine
 10
222.936
 20
414.83
 30
0.0
 11
222.936
 21
419.83
 31
0.0
  0
LINE
  5
C0E
330
BA7
100
AcDbEntity
  8
AM_9
100
AcDbLine
 10
231.936
 20
414.83
 30
0.0
 11
231.936
 21
419.83
 31
0.0
  0
LINE
  5
C0F
330
BA7
100
AcDbEntity
  8
AM_9
100
AcDbLine
 10
234.424
 20
414.83
 30
0.0
 11
234.424
 21
419.83
 31
0.0
  0
LINE
  5
C10
330
BA7
100
AcDbEntity
  8
AM_9
100
AcDbLine
 10
269.8183536827087
 20
255.33
 30
0.0
 11
269.8183536827087
 21
251.83
 31
0.0
  0
LINE
  5
C11
330
BA7
100
AcDbEntity
  8
AM_9
100
AcDbLine
 10
276.7316463172913
 20
255.33
 30
0.0
 11
276.7316463172913
 21
251.83
 31
0.0
  0
LINE
  5
C12
330
BA7
100
AcDbEntity
  8
AM_9
100
AcDbLine
 10
269.45
 20
255.33
 30
0.0
 11
269.45
 21
251.83
 31
0.0
  0
LINE
  5
C13
330
BA7
100
AcDbEntity
  8
AM_9
100
AcDbLine
 10
277.1
 20
255.33
 30
0.0
 11
277.1
 21
251.83
 31
0.0
  0
LINE
  5
C14
330
BA7
100
AcDbEntity
  8
AM_9
100
AcDbLine
 10
281.424
 20
414.83
 30
0.0
 11
281.424
 21
419.83
 31
0.0
  0
LINE
  5
C15
330
BA7
100
AcDbEntity
  8
AM_9
100
AcDbLine
 10
292.936
 20
414.83
 30
0.0
 11
292.936
 21
419.83
 31
0.0
  0
LINE
  5
C16
330
BA7
100
AcDbEntity
  8
AM_9
100
AcDbLine
 10
283.936
 20
414.83
 30
0.0
 11
283.936
 21
419.83
 31
0.0
  0
LINE
  5
C17
330
BA7
100
AcDbEntity
  8
AM_9
100
AcDbLine
 10
285.924
 20
414.83
 30
0.0
 11
285.924
 21
419.83
 31
0.0
  0
LINE
  5
C18
330
BA7
100
AcDbEntity
  8
AM_9
100
AcDbLine
 10
288.436
 20
414.83
 30
0.0
 11
288.436
 21
419.83
 31
0.0
  0
LINE
  5
C19
330
BA7
100
AcDbEntity
  8
AM_9
100
AcDbLine
 10
290.424
 20
414.83
 30
0.0
 11
290.424
 21
419.83
 31
0.0
  0
LINE
  5
C1A
330
BA7
100
AcDbEntity
  8
AM_9
100
AcDbLine
 10
281.424
 20
414.83
 30
0.0
 11
289.83
 21
414.83
 31
0.0
  0
LINE
  5
C1B
330
BA7
100
AcDbEntity
  8
AM_9
100
AcDbLine
 10
290.424
 20
414.83
 30
0.0
 11
297.93
 21
414.83
 31
0.0
  0
LINE
  5
C1C
330
BA7
100
AcDbEntity
  8
AM_9
100
AcDbLine
 10
136.98
 20
255.321
 30
0.0
 11
137.53
 21
255.321
 31
0.0
  0
LINE
  5
C1D
330
BA7
100
AcDbEntity
  8
AM_9
100
AcDbLine
 10
137.53
 20
263.321
 30
0.0
 11
136.98
 21
263.321
 31
0.0
  0
LINE
  5
C1E
330
BA7
100
AcDbEntity
  8
AM_9
100
AcDbLine
 10
136.98
 20
263.321
 30
0.0
 11
136.98
 21
255.321
 31
0.0
  0
LINE
  5
C1F
330
BA7
100
AcDbEntity
  8
AM_9
100
AcDbLine
 10
280.12
 20
255.33
 30
0.0
 11
280.12
 21
251.83
 31
0.0
  0
LINE
  5
C20
330
BA7
100
AcDbEntity
  8
AM_9
100
AcDbLine
 10
266.46
 20
255.33
 30
0.0
 11
266.46
 21
251.83
 31
0.0
  0
LINE
  5
C21
330
BA7
100
AcDbEntity
  8
AM_9
100
AcDbLine
 10
116.93
 20
357.955
 30
0.0
 11
121.13
 21
357.955
 31
0.0
  0
LINE
  5
C22
330
BA7
100
AcDbEntity
  8
AM_9
100
AcDbLine
 10
121.13
 20
374.105
 30
0.0
 11
116.93
 21
374.105
 31
0.0
  0
LINE
  5
C23
330
BA7
100
AcDbEntity
  8
AM_9
100
AcDbLine
 10
116.93
 20
374.105
 30
0.0
 11
116.93
 21
357.955
 31
0.0
  0
LINE
  5
C24
330
BA7
100
AcDbEntity
  8
AM_9
100
AcDbLine
 10
117.43
 20
374.105
 30
0.0
 11
117.43
 21
357.955
 31
0.0
  0
LINE
  5
C25
330
BA7
100
AcDbEntity
  8
AM_9
100
AcDbLine
 10
116.93
 20
337.905
 30
0.0
 11
116.93
 21
313.755
 31
0.0
  0
LINE
  5
C26
330
BA7
100
AcDbEntity
  8
AM_9
100
AcDbLine
 10
116.93
 20
313.755
 30
0.0
 11
121.13
 21
313.755
 31
0.0
  0
LINE
  5
C27
330
BA7
100
AcDbEntity
  8
AM_9
100
AcDbLine
 10
121.13
 20
337.905
 30
0.0
 11
116.93
 21
337.905
 31
0.0
  0
LINE
  5
C28
330
BA7
100
AcDbEntity
  8
AM_9
100
AcDbLine
 10
116.93
 20
296.205
 30
0.0
 11
116.93
 21
280.055
 31
0.0
  0
LINE
  5
C29
330
BA7
100
AcDbEntity
  8
AM_9
100
AcDbLine
 10
116.93
 20
280.055
 30
0.0
 11
121.13
 21
280.055
 31
0.0
  0
LINE
  5
C2A
330
BA7
100
AcDbEntity
  8
AM_9
100
AcDbLine
 10
121.13
 20
296.205
 30
0.0
 11
116.93
 21
296.205
 31
0.0
  0
LINE
  5
C2B
330
BA7
100
AcDbEntity
  8
AM_9
100
AcDbLine
 10
117.43
 20
296.205
 30
0.0
 11
117.43
 21
280.055
 31
0.0
  0
LINE
  5
C2C
330
BA7
100
AcDbEntity
  8
AM_9
100
AcDbLine
 10
117.43
 20
337.905
 30
0.0
 11
117.43
 21
313.755
 31
0.0
  0
LINE
  5
C2D
330
BA7
100
AcDbEntity
  8
AM_9
100
AcDbLine
 10
139.33
 20
403.225
 30
0.0
 11
134.1286015313417
 21
403.225
 31
0.0
  0
LINE
  5
C2E
330
BA7
100
AcDbEntity
  8
AM_9
100
AcDbLine
 10
139.33
 20
405.7910000000001
 30
0.0
 11
134.2286608715061
 21
405.7910000000001
 31
0.0
  0
LINE
  5
C2F
330
BA7
100
AcDbEntity
  8
AM_9
100
AcDbLine
 10
318.03
 20
316.43
 30
0.0
 11
319.03
 21
316.43
 31
0.0
  0
LINE
  5
C30
330
BA7
100
AcDbEntity
  8
AM_9
100
AcDbLine
 10
318.03
 20
316.93
 30
0.0
 11
319.03
 21
316.93
 31
0.0
  0
LINE
  5
C31
330
BA7
100
AcDbEntity
  8
AM_9
100
AcDbLine
 10
318.03
 20
357.43
 30
0.0
 11
319.03
 21
357.43
 31
0.0
  0
LINE
  5
C32
330
BA7
100
AcDbEntity
  8
AM_9
100
AcDbLine
 10
318.03
 20
357.93
 30
0.0
 11
319.03
 21
357.93
 31
0.0
  0
LINE
  5
C33
330
BA7
100
AcDbEntity
  8
AM_9
100
AcDbLine
 10
318.03
 20
313.73
 30
0.0
 11
319.03
 21
313.73
 31
0.0
  0
LINE
  5
C34
330
BA7
100
AcDbEntity
  8
AM_9
100
AcDbLine
 10
318.03
 20
314.23
 30
0.0
 11
319.03
 21
314.23
 31
0.0
  0
LINE
  5
C35
330
BA7
100
AcDbEntity
  8
AM_9
100
AcDbLine
 10
318.03
 20
355.23
 30
0.0
 11
319.03
 21
355.23
 31
0.0
  0
LINE
  5
C36
330
BA7
100
AcDbEntity
  8
AM_9
100
AcDbLine
 10
318.03
 20
354.73
 30
0.0
 11
319.03
 21
354.73
 31
0.0
  0
LINE
  5
C37
330
BA7
100
AcDbEntity
  8
AM_9
100
AcDbLine
 10
139.33
 20
403.025
 30
0.0
 11
134.1012544779546
 21
403.025
 31
0.0
  0
LINE
  5
C38
330
BA7
100
AcDbEntity
  8
AM_9
100
AcDbLine
 10
139.33
 20
403.025
 30
0.0
 11
139.33
 21
405.991
 31
0.0
  0
LINE
  5
C39
330
BA7
100
AcDbEntity
  8
AM_9
100
AcDbLine
 10
139.33
 20
405.991
 30
0.0
 11
134.2315434005822
 21
405.991
 31
0.0
  0
LINE
  5
C3A
330
BA7
100
AcDbEntity
  8
AM_9
100
AcDbLine
 10
122.63
 20
299.405
 30
0.0
 11
117.53
 21
299.405
 31
0.0
  0
LINE
  5
C3B
330
BA7
100
AcDbEntity
  8
AM_9
100
AcDbLine
 10
122.63
 20
276.855
 30
0.0
 11
117.53
 21
276.855
 31
0.0
  0
LINE
  5
C3C
330
BA7
100
AcDbEntity
  8
AM_9
100
AcDbLine
 10
122.63
 20
354.755
 30
0.0
 11
117.53
 21
354.755
 31
0.0
  0
LINE
  5
C3D
330
BA7
100
AcDbEntity
  8
AM_9
100
AcDbLine
 10
117.53
 20
299.405
 30
0.0
 11
117.53
 21
276.855
 31
0.0
  0
LINE
  5
C3E
330
BA7
100
AcDbEntity
  8
AM_9
100
AcDbLine
 10
122.63
 20
377.305
 30
0.0
 11
117.53
 21
377.305
 31
0.0
  0
LINE
  5
C3F
330
BA7
100
AcDbEntity
  8
AM_9
100
AcDbLine
 10
117.53
 20
341.105
 30
0.0
 11
117.53
 21
310.555
 31
0.0
  0
LINE
  5
C40
330
BA7
100
AcDbEntity
  8
AM_9
100
AcDbLine
 10
107.88
 20
300.78
 30
0.0
 11
107.88
 21
275.48
 31
0.0
  0
LINE
  5
C41
330
BA7
100
AcDbEntity
  8
AM_9
100
AcDbLine
 10
122.63
 20
310.555
 30
0.0
 11
117.53
 21
310.555
 31
0.0
  0
LINE
  5
C42
330
BA7
100
AcDbEntity
  8
AM_9
100
AcDbLine
 10
107.88
 20
386.68
 30
0.0
 11
107.88
 21
345.38
 31
0.0
  0
LINE
  5
C43
330
BA7
100
AcDbEntity
  8
AM_9
100
AcDbLine
 10
117.53
 20
377.305
 30
0.0
 11
117.53
 21
354.755
 31
0.0
  0
LINE
  5
C44
330
BA7
100
AcDbEntity
  8
AM_9
100
AcDbLine
 10
122.63
 20
341.105
 30
0.0
 11
117.53
 21
341.105
 31
0.0
  0
LINE
  5
C45
330
BA7
100
AcDbEntity
  8
AM_9
100
AcDbLine
 10
107.88
 20
342.48
 30
0.0
 11
107.88
 21
309.18
 31
0.0
  0
LINE
  5
C46
330
BA7
100
AcDbEntity
  8
AM_9
100
AcDbLine
 10
280.52
 20
255.33
 30
0.0
 11
280.52
 21
251.83
 31
0.0
  0
LINE
  5
C47
330
BA7
100
AcDbEntity
  8
AM_9
100
AcDbLine
 10
280.3199999999999
 20
255.33
 30
0.0
 11
280.3199999999999
 21
251.83
 31
0.0
  0
LINE
  5
C48
330
BA7
100
AcDbEntity
  8
AM_9
100
AcDbLine
 10
266.23
 20
255.33
 30
0.0
 11
266.23
 21
251.83
 31
0.0
  0
LINE
  5
C49
330
BA7
100
AcDbEntity
  8
AM_9
100
AcDbLine
 10
266.03
 20
255.33
 30
0.0
 11
266.03
 21
251.83
 31
0.0
  0
LINE
  5
C4A
330
BA7
100
AcDbEntity
  8
AM_9
100
AcDbLine
 10
238.23
 20
255.33
 30
0.0
 11
238.23
 21
251.83
 31
0.0
  0
LINE
  5
C4B
330
BA7
100
AcDbEntity
  8
AM_9
100
AcDbLine
 10
137.53
 20
266.825
 30
0.0
 11
137.53
 21
252.2551674804688
 31
0.0
  0
LINE
  5
C4C
330
BA7
100
AcDbEntity
  8
AM_9
100
AcDbLine
 10
305.83
 20
255.33
 30
0.0
 11
305.83
 21
251.83
 31
0.0
  0
LINE
  5
C4D
330
BA7
100
AcDbEntity
  8
AM_9
100
AcDbLine
 10
290.3200000000001
 20
255.33
 30
0.0
 11
290.3200000000001
 21
251.83
 31
0.0
  0
LINE
  5
C4E
330
BA7
100
AcDbEntity
  8
AM_9
100
AcDbLine
 10
282.82
 20
255.33
 30
0.0
 11
282.82
 21
251.83
 31
0.0
  0
LINE
  5
C4F
330
BA7
100
AcDbEntity
  8
AM_9
100
AcDbLine
 10
264.3331377549615
 20
255.33
 30
0.0
 11
264.3331377549615
 21
251.83
 31
0.0
  0
LINE
  5
C50
330
BA7
100
AcDbEntity
  8
AM_9
100
AcDbLine
 10
261.9468622450386
 20
255.33
 30
0.0
 11
261.9468622450386
 21
251.83
 31
0.0
  0
LINE
  5
C51
330
BA7
100
AcDbEntity
  8
AM_9
100
AcDbLine
 10
262.1467404104424
 20
255.33
 30
0.0
 11
262.1467404104424
 21
251.83
 31
0.0
  0
LINE
  5
C52
330
BA7
100
AcDbEntity
  8
AM_9
100
AcDbLine
 10
264.1332595895576
 20
255.33
 30
0.0
 11
264.1332595895576
 21
251.83
 31
0.0
  0
LINE
  5
C53
330
BA7
100
AcDbEntity
  8
AM_9
100
AcDbLine
 10
238.73
 20
255.33
 30
0.0
 11
238.73
 21
251.83
 31
0.0
  0
LINE
  5
C54
330
BA7
100
AcDbEntity
  8
AM_9
100
AcDbLine
 10
107.58
 20
342.48
 30
0.0
 11
107.58
 21
309.18
 31
0.0
  0
LINE
  5
C55
330
BA7
100
AcDbEntity
  8
AM_9
100
AcDbLine
 10
107.58
 20
386.68
 30
0.0
 11
107.58
 21
345.38
 31
0.0
  0
LINE
  5
C56
330
BA7
100
AcDbEntity
  8
AM_9
100
AcDbLine
 10
107.58
 20
300.78
 30
0.0
 11
107.58
 21
275.48
 31
0.0
  0
LINE
  5
C57
330
BA7
100
AcDbEntity
  8
AM_9
100
AcDbLine
 10
197.2630271481872
 20
255.33
 30
0.0
 11
197.2630271481872
 21
251.83
 31
0.0
  0
LINE
  5
C58
330
BA7
100
AcDbEntity
  8
AM_9
100
AcDbLine
 10
196.9969728518128
 20
255.33
 30
0.0
 11
196.9969728518128
 21
251.83
 31
0.0
  0
LINE
  5
C59
330
BA7
100
AcDbEntity
  8
AM_9
100
AcDbLine
 10
299.43
 20
414.83
 30
0.0
 11
299.43
 21
419.83
 31
0.0
  0
LINE
  5
C5A
330
BA7
100
AcDbEntity
  8
AM_9
100
AcDbLine
 10
276.93
 20
414.83
 30
0.0
 11
276.93
 21
419.83
 31
0.0
  0
LINE
  5
C5B
330
BA7
100
AcDbEntity
  8
AM_9
100
AcDbLine
 10
279.43
 20
414.83
 30
0.0
 11
279.43
 21
419.83
 31
0.0
  0
LINE
  5
C5C
330
BA7
100
AcDbEntity
  8
AM_9
100
AcDbLine
 10
270.43
 20
414.83
 30
0.0
 11
270.43
 21
419.83
 31
0.0
  0
LINE
  5
C5D
330
BA7
100
AcDbEntity
  8
AM_9
100
AcDbLine
 10
267.93
 20
414.83
 30
0.0
 11
267.93
 21
419.83
 31
0.0
  0
LINE
  5
C5E
330
BA7
100
AcDbEntity
  8
AM_9
100
AcDbLine
 10
297.43
 20
414.83
 30
0.0
 11
297.43
 21
419.83
 31
0.0
  0
LINE
  5
C5F
330
BA7
100
AcDbEntity
  8
AM_9
100
AcDbLine
 10
294.93
 20
414.83
 30
0.0
 11
294.93
 21
419.83
 31
0.0
  0
LINE
  5
C60
330
BA7
100
AcDbEntity
  8
AM_9
100
AcDbLine
 10
299.43
 20
414.83
 30
0.0
 11
306.43
 21
414.83
 31
0.0
  0
LINE
  5
C61
330
BA7
100
AcDbEntity
  8
AM_9
100
AcDbLine
 10
301.93
 20
414.83
 30
0.0
 11
301.93
 21
419.83
 31
0.0
  0
LINE
  5
C62
330
BA7
100
AcDbEntity
  8
AM_9
100
AcDbLine
 10
274.93
 20
414.83
 30
0.0
 11
274.93
 21
419.83
 31
0.0
  0
LINE
  5
C63
330
BA7
100
AcDbEntity
  8
AM_9
100
AcDbLine
 10
258.93
 20
414.83
 30
0.0
 11
258.93
 21
419.83
 31
0.0
  0
LINE
  5
C64
330
BA7
100
AcDbEntity
  8
AM_9
100
AcDbLine
 10
254.43
 20
414.83
 30
0.0
 11
265.93
 21
414.83
 31
0.0
  0
LINE
  5
C65
330
BA7
100
AcDbEntity
  8
AM_9
100
AcDbLine
 10
263.43
 20
414.83
 30
0.0
 11
263.43
 21
419.83
 31
0.0
  0
LINE
  5
C66
330
BA7
100
AcDbEntity
  8
AM_9
100
AcDbLine
 10
265.93
 20
414.83
 30
0.0
 11
265.93
 21
419.83
 31
0.0
  0
LINE
  5
C67
330
BA7
100
AcDbEntity
  8
AM_9
100
AcDbLine
 10
254.43
 20
414.83
 30
0.0
 11
254.43
 21
419.83
 31
0.0
  0
LINE
  5
C68
330
BA7
100
AcDbEntity
  8
AM_9
100
AcDbLine
 10
283.134443239166
 20
255.33
 30
0.0
 11
283.134443239166
 21
251.83
 31
0.0
  0
LINE
  5
C69
330
BA7
100
AcDbEntity
  8
AM_9
100
AcDbLine
 10
290.005556760834
 20
255.33
 30
0.0
 11
290.005556760834
 21
251.83
 31
0.0
  0
LINE
  5
C6A
330
BA7
100
AcDbEntity
  8
AM_9
100
AcDbLine
 10
289.5092836850133
 20
255.33
 30
0.0
 11
289.5092836850133
 21
251.83
 31
0.0
  0
LINE
  5
C6B
330
BA7
100
AcDbEntity
  8
AM_9
100
AcDbLine
 10
283.6307163149868
 20
255.33
 30
0.0
 11
283.6307163149868
 21
251.83
 31
0.0
  0
LINE
  5
C6C
330
BA7
100
AcDbEntity
  8
AM_9
100
AcDbLine
 10
276.83
 20
256.83
 30
0.0
 11
276.83
 21
251.83
 31
0.0
  0
LINE
  5
C6D
330
BA7
100
AcDbEntity
  8
AM_9
100
AcDbLine
 10
269.83
 20
256.83
 30
0.0
 11
269.83
 21
251.83
 31
0.0
  0
LINE
  5
C6E
330
BA7
100
AcDbEntity
  8
AM_9
100
AcDbLine
 10
262.2977528213527
 20
255.33
 30
0.0
 11
262.2977528213527
 21
251.83
 31
0.0
  0
LINE
  5
C6F
330
BA7
100
AcDbEntity
  8
AM_9
100
AcDbLine
 10
263.9822471786473
 20
255.33
 30
0.0
 11
263.9822471786473
 21
251.83
 31
0.0
  0
LINE
  5
C70
330
BA7
100
AcDbEntity
  8
AM_9
100
AcDbLine
 10
262.7974482348623
 20
255.33
 30
0.0
 11
262.7974482348623
 21
251.83
 31
0.0
  0
LINE
  5
C71
330
BA7
100
AcDbEntity
  8
AM_9
100
AcDbLine
 10
263.4825517651377
 20
255.33
 30
0.0
 11
263.4825517651377
 21
251.83
 31
0.0
  0
LINE
  5
C72
330
BA7
100
AcDbEntity
  8
AM_9
100
AcDbLine
 10
108.03
 20
355.826
 30
0.0
 11
109.53
 21
355.826
 31
0.0
  0
LINE
  5
C73
330
BA7
100
AcDbEntity
  8
AM_9
100
AcDbLine
 10
109.53
 20
360.226
 30
0.0
 11
108.03
 21
360.226
 31
0.0
  0
LINE
  5
C74
330
BA7
100
AcDbEntity
  8
AM_9
100
AcDbLine
 10
109.53
 20
360.226
 30
0.0
 11
109.53
 21
355.826
 31
0.0
  0
LINE
  5
C75
330
BA7
100
AcDbEntity
  8
AM_9
100
AcDbLine
 10
108.03
 20
347.826
 30
0.0
 11
109.53
 21
347.826
 31
0.0
  0
LINE
  5
C76
330
BA7
100
AcDbEntity
  8
AM_9
100
AcDbLine
 10
109.53
 20
352.226
 30
0.0
 11
108.03
 21
352.226
 31
0.0
  0
LINE
  5
C77
330
BA7
100
AcDbEntity
  8
AM_9
100
AcDbLine
 10
109.53
 20
352.226
 30
0.0
 11
109.53
 21
347.826
 31
0.0
  0
LINE
  5
C78
330
BA7
100
AcDbEntity
  8
AM_9
100
AcDbLine
 10
108.03
 20
293.926
 30
0.0
 11
109.53
 21
293.926
 31
0.0
  0
LINE
  5
C79
330
BA7
100
AcDbEntity
  8
AM_9
100
AcDbLine
 10
109.53
 20
298.326
 30
0.0
 11
108.03
 21
298.326
 31
0.0
  0
LINE
  5
C7A
330
BA7
100
AcDbEntity
  8
AM_9
100
AcDbLine
 10
109.53
 20
298.326
 30
0.0
 11
109.53
 21
293.926
 31
0.0
  0
LINE
  5
C7B
330
BA7
100
AcDbEntity
  8
AM_9
100
AcDbLine
 10
108.03
 20
363.826
 30
0.0
 11
109.53
 21
363.826
 31
0.0
  0
LINE
  5
C7C
330
BA7
100
AcDbEntity
  8
AM_9
100
AcDbLine
 10
109.53
 20
368.226
 30
0.0
 11
108.03
 21
368.226
 31
0.0
  0
LINE
  5
C7D
330
BA7
100
AcDbEntity
  8
AM_9
100
AcDbLine
 10
109.53
 20
368.226
 30
0.0
 11
109.53
 21
363.826
 31
0.0
  0
LINE
  5
C7E
330
BA7
100
AcDbEntity
  8
AM_9
100
AcDbLine
 10
108.03
 20
335.626
 30
0.0
 11
109.53
 21
335.626
 31
0.0
  0
LINE
  5
C7F
330
BA7
100
AcDbEntity
  8
AM_9
100
AcDbLine
 10
109.53
 20
340.026
 30
0.0
 11
108.03
 21
340.026
 31
0.0
  0
LINE
  5
C80
330
BA7
100
AcDbEntity
  8
AM_9
100
AcDbLine
 10
109.53
 20
340.026
 30
0.0
 11
109.53
 21
335.626
 31
0.0
  0
LINE
  5
C81
330
BA7
100
AcDbEntity
  8
AM_9
100
AcDbLine
 10
108.03
 20
311.626
 30
0.0
 11
109.53
 21
311.626
 31
0.0
  0
LINE
  5
C82
330
BA7
100
AcDbEntity
  8
AM_9
100
AcDbLine
 10
109.53
 20
316.026
 30
0.0
 11
108.03
 21
316.026
 31
0.0
  0
LINE
  5
C83
330
BA7
100
AcDbEntity
  8
AM_9
100
AcDbLine
 10
109.53
 20
316.026
 30
0.0
 11
109.53
 21
311.626
 31
0.0
  0
LINE
  5
C84
330
BA7
100
AcDbEntity
  8
AM_9
100
AcDbLine
 10
108.03
 20
277.926
 30
0.0
 11
109.53
 21
277.926
 31
0.0
  0
LINE
  5
C85
330
BA7
100
AcDbEntity
  8
AM_9
100
AcDbLine
 10
109.53
 20
282.326
 30
0.0
 11
108.03
 21
282.326
 31
0.0
  0
LINE
  5
C86
330
BA7
100
AcDbEntity
  8
AM_9
100
AcDbLine
 10
109.53
 20
282.326
 30
0.0
 11
109.53
 21
277.926
 31
0.0
  0
LINE
  5
C87
330
BA7
100
AcDbEntity
  8
AM_9
100
AcDbLine
 10
108.03
 20
371.826
 30
0.0
 11
109.53
 21
371.826
 31
0.0
  0
LINE
  5
C88
330
BA7
100
AcDbEntity
  8
AM_9
100
AcDbLine
 10
109.53
 20
376.226
 30
0.0
 11
108.03
 21
376.226
 31
0.0
  0
LINE
  5
C89
330
BA7
100
AcDbEntity
  8
AM_9
100
AcDbLine
 10
109.53
 20
376.226
 30
0.0
 11
109.53
 21
371.826
 31
0.0
  0
LINE
  5
C8A
330
BA7
100
AcDbEntity
  8
AM_9
100
AcDbLine
 10
108.03
 20
285.926
 30
0.0
 11
109.53
 21
285.926
 31
0.0
  0
LINE
  5
C8B
330
BA7
100
AcDbEntity
  8
AM_9
100
AcDbLine
 10
109.53
 20
290.326
 30
0.0
 11
108.03
 21
290.326
 31
0.0
  0
LINE
  5
C8C
330
BA7
100
AcDbEntity
  8
AM_9
100
AcDbLine
 10
109.53
 20
290.326
 30
0.0
 11
109.53
 21
285.926
 31
0.0
  0
LINE
  5
C8D
330
BA7
100
AcDbEntity
  8
AM_9
100
AcDbLine
 10
108.03
 20
379.826
 30
0.0
 11
109.53
 21
379.826
 31
0.0
  0
LINE
  5
C8E
330
BA7
100
AcDbEntity
  8
AM_9
100
AcDbLine
 10
109.53
 20
384.226
 30
0.0
 11
108.03
 21
384.226
 31
0.0
  0
LINE
  5
C8F
330
BA7
100
AcDbEntity
  8
AM_9
100
AcDbLine
 10
109.53
 20
384.226
 30
0.0
 11
109.53
 21
379.826
 31
0.0
  0
LINE
  5
C90
330
BA7
100
AcDbEntity
  8
AM_9
100
AcDbLine
 10
108.03
 20
319.626
 30
0.0
 11
109.53
 21
319.626
 31
0.0
  0
LINE
  5
C91
330
BA7
100
AcDbEntity
  8
AM_9
100
AcDbLine
 10
109.53
 20
324.026
 30
0.0
 11
108.03
 21
324.026
 31
0.0
  0
LINE
  5
C92
330
BA7
100
AcDbEntity
  8
AM_9
100
AcDbLine
 10
109.53
 20
324.026
 30
0.0
 11
109.53
 21
319.626
 31
0.0
  0
LINE
  5
C93
330
BA7
100
AcDbEntity
  8
AM_9
100
AcDbLine
 10
108.03
 20
327.626
 30
0.0
 11
109.53
 21
327.626
 31
0.0
  0
LINE
  5
C94
330
BA7
100
AcDbEntity
  8
AM_9
100
AcDbLine
 10
109.53
 20
332.026
 30
0.0
 11
108.03
 21
332.026
 31
0.0
  0
LINE
  5
C95
330
BA7
100
AcDbEntity
  8
AM_9
100
AcDbLine
 10
109.53
 20
332.026
 30
0.0
 11
109.53
 21
327.626
 31
0.0
  0
LINE
  5
C96
330
BA7
100
AcDbEntity
  8
AM_9
100
AcDbLine
 10
108.03
 20
360.226
 30
0.0
 11
107.53
 21
360.726
 31
0.0
  0
LINE
  5
C97
330
BA7
100
AcDbEntity
  8
AM_9
100
AcDbLine
 10
107.53
 20
355.326
 30
0.0
 11
108.03
 21
355.826
 31
0.0
  0
LINE
  5
C98
330
BA7
100
AcDbEntity
  8
AM_9
100
AcDbLine
 10
108.03
 20
360.226
 30
0.0
 11
108.03
 21
355.826
 31
0.0
  0
LINE
  5
C99
330
BA7
100
AcDbEntity
  8
AM_9
100
AcDbLine
 10
108.03
 20
352.226
 30
0.0
 11
107.53
 21
352.726
 31
0.0
  0
LINE
  5
C9A
330
BA7
100
AcDbEntity
  8
AM_9
100
AcDbLine
 10
107.53
 20
347.326
 30
0.0
 11
108.03
 21
347.826
 31
0.0
  0
LINE
  5
C9B
330
BA7
100
AcDbEntity
  8
AM_9
100
AcDbLine
 10
108.03
 20
352.226
 30
0.0
 11
108.03
 21
347.826
 31
0.0
  0
LINE
  5
C9C
330
BA7
100
AcDbEntity
  8
AM_9
100
AcDbLine
 10
108.03
 20
298.326
 30
0.0
 11
107.53
 21
298.826
 31
0.0
  0
LINE
  5
C9D
330
BA7
100
AcDbEntity
  8
AM_9
100
AcDbLine
 10
107.53
 20
293.426
 30
0.0
 11
108.03
 21
293.926
 31
0.0
  0
LINE
  5
C9E
330
BA7
100
AcDbEntity
  8
AM_9
100
AcDbLine
 10
108.03
 20
298.326
 30
0.0
 11
108.03
 21
293.926
 31
0.0
  0
LINE
  5
C9F
330
BA7
100
AcDbEntity
  8
AM_9
100
AcDbLine
 10
108.03
 20
340.026
 30
0.0
 11
107.53
 21
340.526
 31
0.0
  0
LINE
  5
CA0
330
BA7
100
AcDbEntity
  8
AM_9
100
AcDbLine
 10
107.53
 20
335.126
 30
0.0
 11
108.03
 21
335.626
 31
0.0
  0
LINE
  5
CA1
330
BA7
100
AcDbEntity
  8
AM_9
100
AcDbLine
 10
108.03
 20
340.026
 30
0.0
 11
108.03
 21
335.626
 31
0.0
  0
LINE
  5
CA2
330
BA7
100
AcDbEntity
  8
AM_9
100
AcDbLine
 10
108.03
 20
368.226
 30
0.0
 11
107.53
 21
368.726
 31
0.0
  0
LINE
  5
CA3
330
BA7
100
AcDbEntity
  8
AM_9
100
AcDbLine
 10
107.53
 20
363.326
 30
0.0
 11
108.03
 21
363.826
 31
0.0
  0
LINE
  5
CA4
330
BA7
100
AcDbEntity
  8
AM_9
100
AcDbLine
 10
108.03
 20
368.226
 30
0.0
 11
108.03
 21
363.826
 31
0.0
  0
LINE
  5
CA5
330
BA7
100
AcDbEntity
  8
AM_9
100
AcDbLine
 10
108.03
 20
316.026
 30
0.0
 11
107.53
 21
316.526
 31
0.0
  0
LINE
  5
CA6
330
BA7
100
AcDbEntity
  8
AM_9
100
AcDbLine
 10
107.53
 20
311.126
 30
0.0
 11
108.03
 21
311.626
 31
0.0
  0
LINE
  5
CA7
330
BA7
100
AcDbEntity
  8
AM_9
100
AcDbLine
 10
108.03
 20
316.026
 30
0.0
 11
108.03
 21
311.626
 31
0.0
  0
LINE
  5
CA8
330
BA7
100
AcDbEntity
  8
AM_9
100
AcDbLine
 10
108.03
 20
282.326
 30
0.0
 11
107.53
 21
282.826
 31
0.0
  0
LINE
  5
CA9
330
BA7
100
AcDbEntity
  8
AM_9
100
AcDbLine
 10
107.53
 20
277.426
 30
0.0
 11
108.03
 21
277.926
 31
0.0
  0
LINE
  5
CAA
330
BA7
100
AcDbEntity
  8
AM_9
100
AcDbLine
 10
108.03
 20
282.326
 30
0.0
 11
108.03
 21
277.926
 31
0.0
  0
LINE
  5
CAB
330
BA7
100
AcDbEntity
  8
AM_9
100
AcDbLine
 10
108.03
 20
384.226
 30
0.0
 11
107.53
 21
384.726
 31
0.0
  0
LINE
  5
CAC
330
BA7
100
AcDbEntity
  8
AM_9
100
AcDbLine
 10
107.53
 20
379.326
 30
0.0
 11
108.03
 21
379.826
 31
0.0
  0
LINE
  5
CAD
330
BA7
100
AcDbEntity
  8
AM_9
100
AcDbLine
 10
108.03
 20
384.226
 30
0.0
 11
108.03
 21
379.826
 31
0.0
  0
LINE
  5
CAE
330
BA7
100
AcDbEntity
  8
AM_9
100
AcDbLine
 10
108.03
 20
376.226
 30
0.0
 11
107.53
 21
376.726
 31
0.0
  0
LINE
  5
CAF
330
BA7
100
AcDbEntity
  8
AM_9
100
AcDbLine
 10
107.53
 20
371.326
 30
0.0
 11
108.03
 21
371.826
 31
0.0
  0
LINE
  5
CB0
330
BA7
100
AcDbEntity
  8
AM_9
100
AcDbLine
 10
108.03
 20
376.226
 30
0.0
 11
108.03
 21
371.826
 31
0.0
  0
LINE
  5
CB1
330
BA7
100
AcDbEntity
  8
AM_9
100
AcDbLine
 10
108.03
 20
332.026
 30
0.0
 11
107.53
 21
332.526
 31
0.0
  0
LINE
  5
CB2
330
BA7
100
AcDbEntity
  8
AM_9
100
AcDbLine
 10
107.53
 20
327.126
 30
0.0
 11
108.03
 21
327.626
 31
0.0
  0
LINE
  5
CB3
330
BA7
100
AcDbEntity
  8
AM_9
100
AcDbLine
 10
108.03
 20
332.026
 30
0.0
 11
108.03
 21
327.626
 31
0.0
  0
LINE
  5
CB4
330
BA7
100
AcDbEntity
  8
AM_9
100
AcDbLine
 10
108.03
 20
324.026
 30
0.0
 11
107.53
 21
324.526
 31
0.0
  0
LINE
  5
CB5
330
BA7
100
AcDbEntity
  8
AM_9
100
AcDbLine
 10
107.53
 20
319.126
 30
0.0
 11
108.03
 21
319.626
 31
0.0
  0
LINE
  5
CB6
330
BA7
100
AcDbEntity
  8
AM_9
100
AcDbLine
 10
108.03
 20
324.026
 30
0.0
 11
108.03
 21
319.626
 31
0.0
  0
LINE
  5
CB7
330
BA7
100
AcDbEntity
  8
AM_9
100
AcDbLine
 10
108.03
 20
290.326
 30
0.0
 11
107.53
 21
290.826
 31
0.0
  0
LINE
  5
CB8
330
BA7
100
AcDbEntity
  8
AM_9
100
AcDbLine
 10
107.53
 20
285.426
 30
0.0
 11
108.03
 21
285.926
 31
0.0
  0
LINE
  5
CB9
330
BA7
100
AcDbEntity
  8
AM_9
100
AcDbLine
 10
108.03
 20
290.326
 30
0.0
 11
108.03
 21
285.926
 31
0.0
  0
LINE
  5
CBA
330
BA7
100
AcDbEntity
  8
AM_9
100
AcDbLine
 10
197.7627225616968
 20
416.33
 30
0.0
 11
197.7627225616968
 21
419.83
 31
0.0
  0
LINE
  5
CBB
330
BA7
100
AcDbEntity
  8
AM_9
100
AcDbLine
 10
196.4972774383032
 20
416.33
 30
0.0
 11
196.4972774383032
 21
419.83
 31
0.0
  0
LINE
  5
CBC
330
BA7
100
AcDbEntity
  8
AM_9
100
AcDbLine
 10
109.03
 20
292.88
 30
0.0
 11
107.53
 21
292.88
 31
0.0
  0
LINE
  5
CBD
330
BA7
100
AcDbEntity
  8
AM_9
100
AcDbLine
 10
109.03
 20
377.295
 30
0.0
 11
107.53
 21
377.295
 31
0.0
  0
LINE
  5
CBE
330
BA7
100
AcDbEntity
  8
AM_9
100
AcDbLine
 10
109.03
 20
325.08
 30
0.0
 11
107.53
 21
325.08
 31
0.0
  0
LINE
  5
CBF
330
BA7
100
AcDbEntity
  8
AM_9
100
AcDbLine
 10
109.03
 20
334.58
 30
0.0
 11
107.53
 21
334.58
 31
0.0
  0
LINE
  5
CC0
330
BA7
100
AcDbEntity
  8
AM_9
100
AcDbLine
 10
109.03
 20
284.88
 30
0.0
 11
107.53
 21
284.88
 31
0.0
  0
LINE
  5
CC1
330
BA7
100
AcDbEntity
  8
AM_9
100
AcDbLine
 10
109.03
 20
354.795
 30
0.0
 11
107.53
 21
354.795
 31
0.0
  0
LINE
  5
CC2
330
BA7
100
AcDbEntity
  8
AM_9
100
AcDbLine
 10
109.03
 20
353.295
 30
0.0
 11
107.53
 21
353.295
 31
0.0
  0
LINE
  5
CC3
330
BA7
100
AcDbEntity
  8
AM_9
100
AcDbLine
 10
109.03
 20
318.58
 30
0.0
 11
107.53
 21
318.58
 31
0.0
  0
LINE
  5
CC4
330
BA7
100
AcDbEntity
  8
AM_9
100
AcDbLine
 10
109.03
 20
317.08
 30
0.0
 11
107.53
 21
317.08
 31
0.0
  0
LINE
  5
CC5
330
BA7
100
AcDbEntity
  8
AM_9
100
AcDbLine
 10
109.03
 20
370.795
 30
0.0
 11
107.53
 21
370.795
 31
0.0
  0
LINE
  5
CC6
330
BA7
100
AcDbEntity
  8
AM_9
100
AcDbLine
 10
109.03
 20
283.38
 30
0.0
 11
107.53
 21
283.38
 31
0.0
  0
LINE
  5
CC7
330
BA7
100
AcDbEntity
  8
AM_9
100
AcDbLine
 10
109.03
 20
362.795
 30
0.0
 11
107.53
 21
362.795
 31
0.0
  0
LINE
  5
CC8
330
BA7
100
AcDbEntity
  8
AM_9
100
AcDbLine
 10
109.03
 20
333.08
 30
0.0
 11
107.53
 21
333.08
 31
0.0
  0
LINE
  5
CC9
330
BA7
100
AcDbEntity
  8
AM_9
100
AcDbLine
 10
109.03
 20
369.295
 30
0.0
 11
107.53
 21
369.295
 31
0.0
  0
LINE
  5
CCA
330
BA7
100
AcDbEntity
  8
AM_9
100
AcDbLine
 10
109.03
 20
326.58
 30
0.0
 11
107.53
 21
326.58
 31
0.0
  0
LINE
  5
CCB
330
BA7
100
AcDbEntity
  8
AM_9
100
AcDbLine
 10
109.03
 20
291.38
 30
0.0
 11
107.53
 21
291.38
 31
0.0
  0
LINE
  5
CCC
330
BA7
100
AcDbEntity
  8
AM_9
100
AcDbLine
 10
109.03
 20
361.295
 30
0.0
 11
107.53
 21
361.295
 31
0.0
  0
LINE
  5
CCD
330
BA7
100
AcDbEntity
  8
AM_9
100
AcDbLine
 10
109.03
 20
378.795
 30
0.0
 11
107.53
 21
378.795
 31
0.0
  0
LINE
  5
CCE
330
BA7
100
AcDbEntity
  8
AM_9
100
AcDbLine
 10
198.1232595895576
 20
416.33
 30
0.0
 11
198.1232595895576
 21
419.83
 31
0.0
  0
LINE
  5
CCF
330
BA7
100
AcDbEntity
  8
AM_9
100
AcDbLine
 10
198.3231377549614
 20
416.33
 30
0.0
 11
198.3231377549614
 21
419.83
 31
0.0
  0
LINE
  5
CD0
330
BA7
100
AcDbEntity
  8
AM_9
100
AcDbLine
 10
195.9368622450386
 20
416.33
 30
0.0
 11
195.9368622450386
 21
419.83
 31
0.0
  0
LINE
  5
CD1
330
BA7
100
AcDbEntity
  8
AM_9
100
AcDbLine
 10
196.1367404104424
 20
416.33
 30
0.0
 11
196.1367404104424
 21
419.83
 31
0.0
  0
LINE
  5
CD2
330
BA7
100
AcDbEntity
  8
AM_9
100
AcDbLine
 10
255.33
 20
416.33
 30
0.0
 11
255.33
 21
419.83
 31
0.0
  0
LINE
  5
CD3
330
BA7
100
AcDbEntity
  8
AM_9
100
AcDbLine
 10
129.93
 20
257.571
 30
0.0
 11
127.9518956242623
 21
257.571
 31
0.0
  0
LINE
  5
CD4
330
BA7
100
AcDbEntity
  8
AM_9
100
AcDbLine
 10
124.782515786348
 20
385.38
 30
0.0
 11
122.63
 21
385.38
 31
0.0
  0
LINE
  5
CD5
330
BA7
100
AcDbEntity
  8
AM_9
100
AcDbLine
 10
124.3316174573123
 20
346.68
 30
0.0
 11
122.63
 21
346.68
 31
0.0
  0
LINE
  5
CD6
330
BA7
100
AcDbEntity
  8
AM_9
100
AcDbLine
 10
125.5485967738836
 20
276.68
 30
0.0
 11
122.63
 21
276.68
 31
0.0
  0
LINE
  5
CD7
330
BA7
100
AcDbEntity
  8
AM_9
100
AcDbLine
 10
124.8622308701201
 20
299.58
 30
0.0
 11
122.63
 21
299.58
 31
0.0
  0
LINE
  5
CD8
330
BA7
100
AcDbEntity
  8
AM_9
100
AcDbLine
 10
129.93
 20
260.421
 30
0.0
 11
127.93
 21
260.421
 31
0.0
  0
LINE
  5
CD9
330
BA7
100
AcDbEntity
  8
AM_9
100
AcDbLine
 10
129.93
 20
258.221
 30
0.0
 11
127.93
 21
258.221
 31
0.0
  0
LINE
  5
CDA
330
BA7
100
AcDbEntity
  8
AM_9
100
AcDbLine
 10
124.3315886681819
 20
341.78
 30
0.0
 11
122.63
 21
341.78
 31
0.0
  0
LINE
  5
CDB
330
BA7
100
AcDbEntity
  8
AM_9
100
AcDbLine
 10
124.6449352178873
 20
309.88
 30
0.0
 11
122.63
 21
309.88
 31
0.0
  0
LINE
  5
CDC
330
BA7
100
AcDbEntity
  8
AM_9
100
AcDbLine
 10
124.6579071239104
 20
309.18
 30
0.0
 11
124.33
 21
309.18
 31
0.0
  0
LINE
  5
CDD
330
BA7
100
AcDbEntity
  8
AM_9
100
AcDbLine
 10
125.5922990691187
 20
275.48
 30
0.0
 11
124.33
 21
275.48
 31
0.0
  0
LINE
  5
CDE
330
BA7
100
AcDbEntity
  8
AM_9
100
AcDbLine
 10
109.03
 20
316.08
 30
0.0
 11
107.53
 21
316.08
 31
0.0
  0
LINE
  5
CDF
330
BA7
100
AcDbEntity
  8
AM_9
100
AcDbLine
 10
109.03
 20
368.295
 30
0.0
 11
109.03
 21
371.795
 31
0.0
  0
LINE
  5
CE0
330
BA7
100
AcDbEntity
  8
AM_9
100
AcDbLine
 10
109.03
 20
282.38
 30
0.0
 11
107.53
 21
282.38
 31
0.0
  0
LINE
  5
CE1
330
BA7
100
AcDbEntity
  8
AM_9
100
AcDbLine
 10
109.03
 20
352.295
 30
0.0
 11
107.53
 21
352.295
 31
0.0
  0
LINE
  5
CE2
330
BA7
100
AcDbEntity
  8
AM_9
100
AcDbLine
 10
109.03
 20
355.795
 30
0.0
 11
107.53
 21
355.795
 31
0.0
  0
LINE
  5
CE3
330
BA7
100
AcDbEntity
  8
AM_9
100
AcDbLine
 10
109.03
 20
352.295
 30
0.0
 11
109.03
 21
355.795
 31
0.0
  0
LINE
  5
CE4
330
BA7
100
AcDbEntity
  8
AM_9
100
AcDbLine
 10
109.03
 20
282.38
 30
0.0
 11
109.03
 21
285.88
 31
0.0
  0
LINE
  5
CE5
330
BA7
100
AcDbEntity
  8
AM_9
100
AcDbLine
 10
109.03
 20
285.88
 30
0.0
 11
107.53
 21
285.88
 31
0.0
  0
LINE
  5
CE6
330
BA7
100
AcDbEntity
  8
AM_9
100
AcDbLine
 10
109.03
 20
290.38
 30
0.0
 11
109.03
 21
293.88
 31
0.0
  0
LINE
  5
CE7
330
BA7
100
AcDbEntity
  8
AM_9
100
AcDbLine
 10
109.03
 20
332.08
 30
0.0
 11
107.53
 21
332.08
 31
0.0
  0
LINE
  5
CE8
330
BA7
100
AcDbEntity
  8
AM_9
100
AcDbLine
 10
109.03
 20
332.08
 30
0.0
 11
109.03
 21
335.58
 31
0.0
  0
LINE
  5
CE9
330
BA7
100
AcDbEntity
  8
AM_9
100
AcDbLine
 10
109.03
 20
324.08
 30
0.0
 11
107.53
 21
324.08
 31
0.0
  0
LINE
  5
CEA
330
BA7
100
AcDbEntity
  8
AM_9
100
AcDbLine
 10
109.03
 20
335.58
 30
0.0
 11
107.53
 21
335.58
 31
0.0
  0
LINE
  5
CEB
330
BA7
100
AcDbEntity
  8
AM_9
100
AcDbLine
 10
109.03
 20
319.58
 30
0.0
 11
107.53
 21
319.58
 31
0.0
  0
LINE
  5
CEC
330
BA7
100
AcDbEntity
  8
AM_9
100
AcDbLine
 10
109.03
 20
363.795
 30
0.0
 11
107.53
 21
363.795
 31
0.0
  0
LINE
  5
CED
330
BA7
100
AcDbEntity
  8
AM_9
100
AcDbLine
 10
109.03
 20
324.08
 30
0.0
 11
109.03
 21
327.58
 31
0.0
  0
LINE
  5
CEE
330
BA7
100
AcDbEntity
  8
AM_9
100
AcDbLine
 10
109.03
 20
327.58
 30
0.0
 11
107.53
 21
327.58
 31
0.0
  0
LINE
  5
CEF
330
BA7
100
AcDbEntity
  8
AM_9
100
AcDbLine
 10
109.03
 20
293.88
 30
0.0
 11
107.53
 21
293.88
 31
0.0
  0
LINE
  5
CF0
330
BA7
100
AcDbEntity
  8
AM_9
100
AcDbLine
 10
109.03
 20
316.08
 30
0.0
 11
109.03
 21
319.58
 31
0.0
  0
LINE
  5
CF1
330
BA7
100
AcDbEntity
  8
AM_9
100
AcDbLine
 10
109.03
 20
368.295
 30
0.0
 11
107.53
 21
368.295
 31
0.0
  0
LINE
  5
CF2
330
BA7
100
AcDbEntity
  8
AM_9
100
AcDbLine
 10
109.03
 20
371.795
 30
0.0
 11
107.53
 21
371.795
 31
0.0
  0
LINE
  5
CF3
330
BA7
100
AcDbEntity
  8
AM_9
100
AcDbLine
 10
109.03
 20
360.295
 30
0.0
 11
109.03
 21
363.795
 31
0.0
  0
LINE
  5
CF4
330
BA7
100
AcDbEntity
  8
AM_9
100
AcDbLine
 10
109.03
 20
376.295
 30
0.0
 11
107.53
 21
376.295
 31
0.0
  0
LINE
  5
CF5
330
BA7
100
AcDbEntity
  8
AM_9
100
AcDbLine
 10
109.03
 20
379.795
 30
0.0
 11
107.53
 21
379.795
 31
0.0
  0
LINE
  5
CF6
330
BA7
100
AcDbEntity
  8
AM_9
100
AcDbLine
 10
109.03
 20
376.295
 30
0.0
 11
109.03
 21
379.795
 31
0.0
  0
LINE
  5
CF7
330
BA7
100
AcDbEntity
  8
AM_9
100
AcDbLine
 10
109.03
 20
290.38
 30
0.0
 11
107.53
 21
290.38
 31
0.0
  0
LINE
  5
CF8
330
BA7
100
AcDbEntity
  8
AM_9
100
AcDbLine
 10
109.03
 20
360.295
 30
0.0
 11
107.53
 21
360.295
 31
0.0
  0
LINE
  5
CF9
330
BA7
100
AcDbEntity
  8
AM_9
100
AcDbLine
 10
289.83
 20
414.83
 30
0.0
 11
289.83
 21
419.83
 31
0.0
  0
LINE
  5
CFA
330
BA7
100
AcDbEntity
  8
AM_9
100
AcDbLine
 10
282.83
 20
414.83
 30
0.0
 11
282.83
 21
419.83
 31
0.0
  0
LINE
  5
CFB
330
BA7
100
AcDbEntity
  8
AM_9
100
AcDbLine
 10
129.93
 20
255.821
 30
0.0
 11
130.28
 21
255.821
 31
0.0
  0
LINE
  5
CFC
330
BA7
100
AcDbEntity
  8
AM_9
100
AcDbLine
 10
130.28
 20
262.821
 30
0.0
 11
129.93
 21
262.821
 31
0.0
  0
LINE
  5
CFD
330
BA7
100
AcDbEntity
  8
AM_9
100
AcDbLine
 10
129.93
 20
261.071
 30
0.0
 11
127.9456865225962
 21
261.071
 31
0.0
  0
LINE
  5
CFE
330
BA7
100
AcDbEntity
  8
AM_9
100
AcDbLine
 10
127.93
 20
260.7666832294801
 30
0.0
 11
127.9518956242643
 21
261.071
 31
0.0
  0
LINE
  5
CFF
330
BA7
100
AcDbEntity
  8
AM_9
100
AcDbLine
 10
127.93
 20
260.7666832294801
 30
0.0
 11
127.93
 21
259.721
 31
0.0
  0
LINE
  5
D00
330
BA7
100
AcDbEntity
  8
AM_9
100
AcDbLine
 10
129.93
 20
259.721
 30
0.0
 11
127.93
 21
259.721
 31
0.0
  0
LWPOLYLINE
  5
D01
330
BA7
100
AcDbEntity
  8
AM_9
100
AcDbPolyline
 90
        3
 70
     0
 43
0.0
 10
127.9518956242643
 20
258.921
 10
127.9456865167016
 20
259.321
 10
127.9518956242623
 20
259.721
  0
LINE
  5
D02
330
BA7
100
AcDbEntity
  8
AM_9
100
AcDbLine
 10
127.93
 20
258.921
 30
0.0
 11
129.93
 21
258.921
 31
0.0
  0
LINE
  5
D03
330
BA7
100
AcDbEntity
  8
AM_9
100
AcDbLine
 10
127.93
 20
258.921
 30
0.0
 11
127.93
 21
257.8753167705199
 31
0.0
  0
LINE
  5
D04
330
BA7
100
AcDbEntity
  8
AM_9
100
AcDbLine
 10
127.9518956242623
 20
257.571
 30
0.0
 11
127.93
 21
257.8753167705199
 31
0.0
  0
ARC
  5
D05
330
BA7
100
AcDbEntity
  8
AM_9
100
AcDbCircle
 10
129.9299999999999
 20
257.8209999999999
 30
0.0
 40
1.999999999999911
100
AcDbArc
 50
187.1559762843998
 51
270.0
  0
ARC
  5
D06
330
BA7
100
AcDbEntity
  8
AM_9
100
AcDbCircle
 10
129.93
 20
260.8210000000001
 30
0.0
 40
1.999999999999943
100
AcDbArc
 50
90.0
 51
172.8301688894354
  0
LINE
  5
D07
330
BA7
100
AcDbEntity
  8
AM_9
100
AcDbLine
 10
129.93
 20
262.821
 30
0.0
 11
129.93
 21
255.821
 31
0.0
  0
LINE
  5
D08
330
BA7
100
AcDbEntity
  8
AM_9
100
AcDbLine
 10
119.961
 20
278.73
 30
0.0
 11
107.53
 21
278.73
 31
0.0
  0
LINE
  5
D09
330
BA7
100
AcDbEntity
  8
AM_9
100
AcDbLine
 10
119.961
 20
336.43
 30
0.0
 11
107.53
 21
336.43
 31
0.0
  0
LINE
  5
D0A
330
BA7
100
AcDbEntity
  8
AM_9
100
AcDbLine
 10
119.961
 20
339.23
 30
0.0
 11
107.53
 21
339.23
 31
0.0
  0
LINE
  5
D0B
330
BA7
100
AcDbEntity
  8
AM_9
100
AcDbLine
 10
119.961
 20
380.63
 30
0.0
 11
107.53
 21
380.63
 31
0.0
  0
LINE
  5
D0C
330
BA7
100
AcDbEntity
  8
AM_9
100
AcDbLine
 10
119.961
 20
312.43
 30
0.0
 11
107.53
 21
312.43
 31
0.0
  0
LINE
  5
D0D
330
BA7
100
AcDbEntity
  8
AM_9
100
AcDbLine
 10
119.961
 20
356.63
 30
0.0
 11
107.53
 21
356.63
 31
0.0
  0
LINE
  5
D0E
330
BA7
100
AcDbEntity
  8
AM_9
100
AcDbLine
 10
119.961
 20
286.73
 30
0.0
 11
107.53
 21
286.73
 31
0.0
  0
LINE
  5
D0F
330
BA7
100
AcDbEntity
  8
AM_9
100
AcDbLine
 10
119.961
 20
289.53
 30
0.0
 11
107.53
 21
289.53
 31
0.0
  0
LINE
  5
D10
330
BA7
100
AcDbEntity
  8
AM_9
100
AcDbLine
 10
119.961
 20
320.43
 30
0.0
 11
107.53
 21
320.43
 31
0.0
  0
LINE
  5
D11
330
BA7
100
AcDbEntity
  8
AM_9
100
AcDbLine
 10
119.961
 20
323.23
 30
0.0
 11
107.53
 21
323.23
 31
0.0
  0
LINE
  5
D12
330
BA7
100
AcDbEntity
  8
AM_9
100
AcDbLine
 10
119.961
 20
315.23
 30
0.0
 11
107.53
 21
315.23
 31
0.0
  0
LINE
  5
D13
330
BA7
100
AcDbEntity
  8
AM_9
100
AcDbLine
 10
119.961
 20
281.53
 30
0.0
 11
107.53
 21
281.53
 31
0.0
  0
LINE
  5
D14
330
BA7
100
AcDbEntity
  8
AM_9
100
AcDbLine
 10
119.961
 20
367.43
 30
0.0
 11
107.53
 21
367.43
 31
0.0
  0
LINE
  5
D15
330
BA7
100
AcDbEntity
  8
AM_9
100
AcDbLine
 10
119.961
 20
297.53
 30
0.0
 11
107.53
 21
297.53
 31
0.0
  0
LINE
  5
D16
330
BA7
100
AcDbEntity
  8
AM_9
100
AcDbLine
 10
119.961
 20
359.43
 30
0.0
 11
107.53
 21
359.43
 31
0.0
  0
LINE
  5
D17
330
BA7
100
AcDbEntity
  8
AM_9
100
AcDbLine
 10
119.961
 20
351.43
 30
0.0
 11
107.53
 21
351.43
 31
0.0
  0
LINE
  5
D18
330
BA7
100
AcDbEntity
  8
AM_9
100
AcDbLine
 10
119.961
 20
348.63
 30
0.0
 11
107.53
 21
348.63
 31
0.0
  0
LINE
  5
D19
330
BA7
100
AcDbEntity
  8
AM_9
100
AcDbLine
 10
119.961
 20
294.73
 30
0.0
 11
107.53
 21
294.73
 31
0.0
  0
LINE
  5
D1A
330
BA7
100
AcDbEntity
  8
AM_9
100
AcDbLine
 10
119.961
 20
364.63
 30
0.0
 11
107.53
 21
364.63
 31
0.0
  0
LINE
  5
D1B
330
BA7
100
AcDbEntity
  8
AM_9
100
AcDbLine
 10
119.961
 20
383.43
 30
0.0
 11
107.53
 21
383.43
 31
0.0
  0
LINE
  5
D1C
330
BA7
100
AcDbEntity
  8
AM_9
100
AcDbLine
 10
119.961
 20
328.43
 30
0.0
 11
107.53
 21
328.43
 31
0.0
  0
LINE
  5
D1D
330
BA7
100
AcDbEntity
  8
AM_9
100
AcDbLine
 10
119.961
 20
372.63
 30
0.0
 11
107.53
 21
372.63
 31
0.0
  0
LINE
  5
D1E
330
BA7
100
AcDbEntity
  8
AM_9
100
AcDbLine
 10
119.961
 20
375.43
 30
0.0
 11
107.53
 21
375.43
 31
0.0
  0
LINE
  5
D1F
330
BA7
100
AcDbEntity
  8
AM_9
100
AcDbLine
 10
119.961
 20
331.23
 30
0.0
 11
107.53
 21
331.23
 31
0.0
  0
LINE
  5
D20
330
BA7
100
AcDbEntity
  8
AM_9
100
AcDbLine
 10
130.28
 20
255.701
 30
0.0
 11
130.98
 21
255.701
 31
0.0
  0
LINE
  5
D21
330
BA7
100
AcDbEntity
  8
AM_9
100
AcDbLine
 10
130.98
 20
262.941
 30
0.0
 11
130.28
 21
262.941
 31
0.0
  0
LINE
  5
D22
330
BA7
100
AcDbEntity
  8
AM_9
100
AcDbLine
 10
130.28
 20
262.941
 30
0.0
 11
130.28
 21
255.701
 31
0.0
  0
LINE
  5
D23
330
BA7
100
AcDbEntity
  8
AM_9
100
AcDbLine
 10
130.98
 20
255.321
 30
0.0
 11
131.53
 21
255.321
 31
0.0
  0
LINE
  5
D24
330
BA7
100
AcDbEntity
  8
AM_9
100
AcDbLine
 10
131.53
 20
263.321
 30
0.0
 11
130.98
 21
263.321
 31
0.0
  0
LINE
  5
D25
330
BA7
100
AcDbEntity
  8
AM_9
100
AcDbLine
 10
130.98
 20
263.321
 30
0.0
 11
130.98
 21
255.321
 31
0.0
  0
LINE
  5
D26
330
BA7
100
AcDbEntity
  8
AM_9
100
AcDbLine
 10
268.8183536827087
 20
416.33
 30
0.0
 11
268.8183536827087
 21
419.83
 31
0.0
  0
LINE
  5
D27
330
BA7
100
AcDbEntity
  8
AM_9
100
AcDbLine
 10
275.7316463172913
 20
416.33
 30
0.0
 11
275.7316463172913
 21
419.83
 31
0.0
  0
LINE
  5
D28
330
BA7
100
AcDbEntity
  8
AM_9
100
AcDbLine
 10
276.1
 20
416.33
 30
0.0
 11
276.1
 21
419.83
 31
0.0
  0
LINE
  5
D29
330
BA7
100
AcDbEntity
  8
AM_9
100
AcDbLine
 10
268.45
 20
416.33
 30
0.0
 11
268.45
 21
419.83
 31
0.0
  0
LINE
  5
D2A
330
BA7
100
AcDbEntity
  8
AM_9
100
AcDbLine
 10
279.12
 20
416.33
 30
0.0
 11
279.12
 21
419.83
 31
0.0
  0
LINE
  5
D2B
330
BA7
100
AcDbEntity
  8
AM_9
100
AcDbLine
 10
265.46
 20
416.33
 30
0.0
 11
265.46
 21
419.83
 31
0.0
  0
LINE
  5
D2C
330
BA7
100
AcDbEntity
  8
AM_9
100
AcDbLine
 10
197.7627225616968
 20
255.33
 30
0.0
 11
197.7627225616968
 21
251.83
 31
0.0
  0
LINE
  5
D2D
330
BA7
100
AcDbEntity
  8
AM_9
100
AcDbLine
 10
196.4972774383032
 20
255.33
 30
0.0
 11
196.4972774383032
 21
251.83
 31
0.0
  0
LINE
  5
D2E
330
BA7
100
AcDbEntity
  8
AM_9
100
AcDbLine
 10
112.03
 20
300.78
 30
0.0
 11
112.03
 21
275.48
 31
0.0
  0
LINE
  5
D2F
330
BA7
100
AcDbEntity
  8
AM_9
100
AcDbLine
 10
112.247944947177
 20
294.73
 30
0.0
 11
112.247944947177
 21
297.53
 31
0.0
  0
LINE
  5
D30
330
BA7
100
AcDbEntity
  8
AM_9
100
AcDbLine
 10
112.247944947177
 20
286.73
 30
0.0
 11
112.247944947177
 21
289.53
 31
0.0
  0
LINE
  5
D31
330
BA7
100
AcDbEntity
  8
AM_9
100
AcDbLine
 10
112.247944947177
 20
278.73
 30
0.0
 11
112.247944947177
 21
281.53
 31
0.0
  0
LINE
  5
D32
330
BA7
100
AcDbEntity
  8
AM_9
100
AcDbLine
 10
112.53
 20
275.48
 30
0.0
 11
112.53
 21
300.78
 31
0.0
  0
LINE
  5
D33
330
BA7
100
AcDbEntity
  8
AM_9
100
AcDbLine
 10
112.03
 20
386.68
 30
0.0
 11
112.03
 21
345.38
 31
0.0
  0
LINE
  5
D34
330
BA7
100
AcDbEntity
  8
AM_9
100
AcDbLine
 10
112.247944947177
 20
380.63
 30
0.0
 11
112.247944947177
 21
383.43
 31
0.0
  0
LINE
  5
D35
330
BA7
100
AcDbEntity
  8
AM_9
100
AcDbLine
 10
112.247944947177
 20
372.63
 30
0.0
 11
112.247944947177
 21
375.43
 31
0.0
  0
LINE
  5
D36
330
BA7
100
AcDbEntity
  8
AM_9
100
AcDbLine
 10
112.247944947177
 20
364.63
 30
0.0
 11
112.247944947177
 21
367.43
 31
0.0
  0
LINE
  5
D37
330
BA7
100
AcDbEntity
  8
AM_9
100
AcDbLine
 10
112.247944947177
 20
356.63
 30
0.0
 11
112.247944947177
 21
359.43
 31
0.0
  0
LINE
  5
D38
330
BA7
100
AcDbEntity
  8
AM_9
100
AcDbLine
 10
112.247944947177
 20
348.63
 30
0.0
 11
112.247944947177
 21
351.43
 31
0.0
  0
LINE
  5
D39
330
BA7
100
AcDbEntity
  8
AM_9
100
AcDbLine
 10
112.53
 20
345.38
 30
0.0
 11
112.53
 21
386.68
 31
0.0
  0
LINE
  5
D3A
330
BA7
100
AcDbEntity
  8
AM_9
100
AcDbLine
 10
112.247944947177
 20
336.43
 30
0.0
 11
112.247944947177
 21
339.23
 31
0.0
  0
LINE
  5
D3B
330
BA7
100
AcDbEntity
  8
AM_9
100
AcDbLine
 10
112.247944947177
 20
328.43
 30
0.0
 11
112.247944947177
 21
331.23
 31
0.0
  0
LINE
  5
D3C
330
BA7
100
AcDbEntity
  8
AM_9
100
AcDbLine
 10
112.247944947177
 20
320.43
 30
0.0
 11
112.247944947177
 21
323.23
 31
0.0
  0
LINE
  5
D3D
330
BA7
100
AcDbEntity
  8
AM_9
100
AcDbLine
 10
112.247944947177
 20
312.43
 30
0.0
 11
112.247944947177
 21
315.23
 31
0.0
  0
LINE
  5
D3E
330
BA7
100
AcDbEntity
  8
AM_9
100
AcDbLine
 10
112.03
 20
342.48
 30
0.0
 11
112.03
 21
309.18
 31
0.0
  0
LINE
  5
D3F
330
BA7
100
AcDbEntity
  8
AM_9
100
AcDbLine
 10
112.53
 20
309.18
 30
0.0
 11
112.53
 21
342.48
 31
0.0
  0
LINE
  5
D40
330
BA7
100
AcDbEntity
  8
AM_9
100
AcDbLine
 10
198.1232595895576
 20
255.33
 30
0.0
 11
198.1232595895576
 21
251.83
 31
0.0
  0
LINE
  5
D41
330
BA7
100
AcDbEntity
  8
AM_9
100
AcDbLine
 10
237.8300000029802
 20
255.33
 30
0.0
 11
237.8300000029802
 21
251.83
 31
0.0
  0
LINE
  5
D42
330
BA7
100
AcDbEntity
  8
AM_9
100
AcDbLine
 10
198.3231377549614
 20
255.33
 30
0.0
 11
198.3231377549614
 21
251.83
 31
0.0
  0
LINE
  5
D43
330
BA7
100
AcDbEntity
  8
AM_9
100
AcDbLine
 10
196.1367404104424
 20
255.33
 30
0.0
 11
196.1367404104424
 21
251.83
 31
0.0
  0
LINE
  5
D44
330
BA7
100
AcDbEntity
  8
AM_9
100
AcDbLine
 10
195.9368622450386
 20
255.33
 30
0.0
 11
195.9368622450386
 21
251.83
 31
0.0
  0
LINE
  5
D45
330
BA7
100
AcDbEntity
  8
AM_9
100
AcDbLine
 10
118.286
 20
386.68
 30
0.0
 11
118.286
 21
345.38
 31
0.0
  0
LINE
  5
D46
330
BA7
100
AcDbEntity
  8
AM_9
100
AcDbLine
 10
118.286
 20
300.78
 30
0.0
 11
118.286
 21
275.48
 31
0.0
  0
LINE
  5
D47
330
BA7
100
AcDbEntity
  8
AM_9
100
AcDbLine
 10
118.286
 20
342.48
 30
0.0
 11
118.286
 21
309.18
 31
0.0
  0
LINE
  5
D48
330
BA7
100
AcDbEntity
  8
AM_9
100
AcDbLine
 10
279.32
 20
416.33
 30
0.0
 11
279.32
 21
419.83
 31
0.0
  0
LINE
  5
D49
330
BA7
100
AcDbEntity
  8
AM_9
100
AcDbLine
 10
255.53
 20
416.33
 30
0.0
 11
255.53
 21
419.83
 31
0.0
  0
LINE
  5
D4A
330
BA7
100
AcDbEntity
  8
AM_9
100
AcDbLine
 10
255.03
 20
416.33
 30
0.0
 11
255.03
 21
419.83
 31
0.0
  0
LINE
  5
D4B
330
BA7
100
AcDbEntity
  8
AM_9
100
AcDbLine
 10
279.52
 20
416.33
 30
0.0
 11
279.52
 21
419.83
 31
0.0
  0
LINE
  5
D4C
330
BA7
100
AcDbEntity
  8
AM_9
100
AcDbLine
 10
191.66
 20
416.33
 30
0.0
 11
191.66
 21
419.83
 31
0.0
  0
LINE
  5
D4D
330
BA7
100
AcDbEntity
  8
AM_9
100
AcDbLine
 10
254.53
 20
416.33
 30
0.0
 11
254.53
 21
419.83
 31
0.0
  0
LINE
  5
D4E
330
BA7
100
AcDbEntity
  8
AM_9
100
AcDbLine
 10
192.16
 20
416.33
 30
0.0
 11
192.16
 21
419.83
 31
0.0
  0
LINE
  5
D4F
330
BA7
100
AcDbEntity
  8
AM_9
100
AcDbLine
 10
182.19
 20
416.33
 30
0.0
 11
182.19
 21
419.83
 31
0.0
  0
LINE
  5
D50
330
BA7
100
AcDbEntity
  8
AM_9
100
AcDbLine
 10
182.69
 20
416.33
 30
0.0
 11
182.69
 21
419.83
 31
0.0
  0
LINE
  5
D51
330
BA7
100
AcDbEntity
  8
AM_9
100
AcDbLine
 10
265.23
 20
416.33
 30
0.0
 11
265.23
 21
419.83
 31
0.0
  0
LINE
  5
D52
330
BA7
100
AcDbEntity
  8
AM_9
100
AcDbLine
 10
255.73
 20
416.33
 30
0.0
 11
255.73
 21
419.83
 31
0.0
  0
LINE
  5
D53
330
BA7
100
AcDbEntity
  8
AM_9
100
AcDbLine
 10
265.03
 20
416.33
 30
0.0
 11
265.03
 21
419.83
 31
0.0
  0
LINE
  5
D54
330
BA7
100
AcDbEntity
  8
AM_9
100
AcDbLine
 10
200.48
 20
416.33
 30
0.0
 11
200.48
 21
419.83
 31
0.0
  0
LINE
  5
D55
330
BA7
100
AcDbEntity
  8
AM_9
100
AcDbLine
 10
216.15
 20
416.33
 30
0.0
 11
216.15
 21
419.83
 31
0.0
  0
LINE
  5
D56
330
BA7
100
AcDbEntity
  8
AM_9
100
AcDbLine
 10
131.53
 20
252.3598978700381
 30
0.0
 11
131.53
 21
266.825
 31
0.0
  0
LINE
  5
D57
330
BA7
100
AcDbEntity
  8
AM_9
100
AcDbLine
 10
144.33
 20
266.825
 30
0.0
 11
131.53
 21
266.825
 31
0.0
  0
LINE
  5
D58
330
BA7
100
AcDbEntity
  8
AM_9
100
AcDbLine
 10
144.33
 20
266.525
 30
0.0
 11
131.53
 21
266.525
 31
0.0
  0
LINE
  5
D59
330
BA7
100
AcDbEntity
  8
AM_9
100
AcDbLine
 10
305.83
 20
416.33
 30
0.0
 11
305.83
 21
419.83
 31
0.0
  0
LINE
  5
D5A
330
BA7
100
AcDbEntity
  8
AM_9
100
AcDbLine
 10
289.3200000000001
 20
416.33
 30
0.0
 11
289.3200000000001
 21
419.83
 31
0.0
  0
LINE
  5
D5B
330
BA7
100
AcDbEntity
  8
AM_9
100
AcDbLine
 10
281.82
 20
416.33
 30
0.0
 11
281.82
 21
419.83
 31
0.0
  0
LINE
  5
D5C
330
BA7
100
AcDbEntity
  8
AM_9
100
AcDbLine
 10
264.3331377549615
 20
416.33
 30
0.0
 11
264.3331377549615
 21
419.83
 31
0.0
  0
LINE
  5
D5D
330
BA7
100
AcDbEntity
  8
AM_9
100
AcDbLine
 10
261.9468622450386
 20
416.33
 30
0.0
 11
261.9468622450386
 21
419.83
 31
0.0
  0
LINE
  5
D5E
330
BA7
100
AcDbEntity
  8
AM_9
100
AcDbLine
 10
173.53
 20
416.33
 30
0.0
 11
173.53
 21
419.83
 31
0.0
  0
LINE
  5
D5F
330
BA7
100
AcDbEntity
  8
AM_9
100
AcDbLine
 10
262.1467404104424
 20
416.33
 30
0.0
 11
262.1467404104424
 21
419.83
 31
0.0
  0
LINE
  5
D60
330
BA7
100
AcDbEntity
  8
AM_9
100
AcDbLine
 10
264.1332595895576
 20
416.33
 30
0.0
 11
264.1332595895576
 21
419.83
 31
0.0
  0
LINE
  5
D61
330
BA7
100
AcDbEntity
  8
AM_9
100
AcDbLine
 10
199.98
 20
416.33
 30
0.0
 11
199.98
 21
419.83
 31
0.0
  0
LINE
  5
D62
330
BA7
100
AcDbEntity
  8
AM_9
100
AcDbLine
 10
216.65
 20
416.33
 30
0.0
 11
216.65
 21
419.83
 31
0.0
  0
LINE
  5
D63
330
BA7
100
AcDbEntity
  8
AM_9
100
AcDbLine
 10
144.33
 20
252.136473038957
 30
0.0
 11
144.33
 21
267.325
 31
0.0
  0
LINE
  5
D64
330
BA7
100
AcDbEntity
  8
AM_9
100
AcDbLine
 10
144.33
 20
267.125
 30
0.0
 11
131.53
 21
267.125
 31
0.0
  0
LINE
  5
D65
330
BA7
100
AcDbEntity
  8
AM_9
100
AcDbLine
 10
144.33
 20
267.325
 30
0.0
 11
125.9097107635194
 21
267.325
 31
0.0
  0
LINE
  5
D66
330
BA7
100
AcDbEntity
  8
AM_9
100
AcDbLine
 10
131.53
 20
267.325
 30
0.0
 11
131.53
 21
267.125
 31
0.0
  0
LINE
  5
D67
330
BA7
100
AcDbEntity
  8
AM_9
100
AcDbLine
 10
289.005556760834
 20
416.33
 30
0.0
 11
289.005556760834
 21
419.83
 31
0.0
  0
LINE
  5
D68
330
BA7
100
AcDbEntity
  8
AM_9
100
AcDbLine
 10
282.134443239166
 20
416.33
 30
0.0
 11
282.134443239166
 21
419.83
 31
0.0
  0
LINE
  5
D69
330
BA7
100
AcDbEntity
  8
AM_9
100
AcDbLine
 10
288.5092836850133
 20
416.33
 30
0.0
 11
288.5092836850133
 21
419.83
 31
0.0
  0
LINE
  5
D6A
330
BA7
100
AcDbEntity
  8
AM_9
100
AcDbLine
 10
282.6307163149868
 20
416.33
 30
0.0
 11
282.6307163149868
 21
419.83
 31
0.0
  0
LINE
  5
D6B
330
BA7
100
AcDbEntity
  8
AM_9
100
AcDbLine
 10
276.33
 20
414.83
 30
0.0
 11
276.33
 21
419.83
 31
0.0
  0
LINE
  5
D6C
330
BA7
100
AcDbEntity
  8
AM_9
100
AcDbLine
 10
269.33
 20
414.83
 30
0.0
 11
269.33
 21
419.83
 31
0.0
  0
LINE
  5
D6D
330
BA7
100
AcDbEntity
  8
AM_9
100
AcDbLine
 10
262.2977528213527
 20
416.33
 30
0.0
 11
262.2977528213527
 21
419.83
 31
0.0
  0
LINE
  5
D6E
330
BA7
100
AcDbEntity
  8
AM_9
100
AcDbLine
 10
263.9822471786473
 20
416.33
 30
0.0
 11
263.9822471786473
 21
419.83
 31
0.0
  0
LINE
  5
D6F
330
BA7
100
AcDbEntity
  8
AM_9
100
AcDbLine
 10
262.7974482348623
 20
416.33
 30
0.0
 11
262.7974482348623
 21
419.83
 31
0.0
  0
LINE
  5
D70
330
BA7
100
AcDbEntity
  8
AM_9
100
AcDbLine
 10
191.66
 20
255.33
 30
0.0
 11
191.66
 21
251.83
 31
0.0
  0
LINE
  5
D71
330
BA7
100
AcDbEntity
  8
AM_9
100
AcDbLine
 10
173.53
 20
416.33
 30
0.0
 11
305.83
 21
416.33
 31
0.0
  0
LINE
  5
D72
330
BA7
100
AcDbEntity
  8
AM_9
100
AcDbLine
 10
263.4825517651377
 20
416.33
 30
0.0
 11
263.4825517651377
 21
419.83
 31
0.0
  0
LINE
  5
D73
330
BA7
100
AcDbEntity
  8
AM_9
100
AcDbLine
 10
237.53
 20
255.33
 30
0.0
 11
237.53
 21
251.83
 31
0.0
  0
LINE
  5
D74
330
BA7
100
AcDbEntity
  8
AM_9
100
AcDbLine
 10
192.16
 20
255.33
 30
0.0
 11
192.16
 21
251.83
 31
0.0
  0
LINE
  5
D75
330
BA7
100
AcDbEntity
  8
AM_9
100
AcDbLine
 10
182.69
 20
255.33
 30
0.0
 11
182.69
 21
251.83
 31
0.0
  0
LINE
  5
D76
330
BA7
100
AcDbEntity
  8
AM_9
100
AcDbLine
 10
182.19
 20
255.33
 30
0.0
 11
182.19
 21
251.83
 31
0.0
  0
LINE
  5
D77
330
BA7
100
AcDbEntity
  8
AM_9
100
AcDbLine
 10
200.48
 20
255.33
 30
0.0
 11
200.48
 21
251.83
 31
0.0
  0
LINE
  5
D78
330
BA7
100
AcDbEntity
  8
AM_9
100
AcDbLine
 10
216.15
 20
255.33
 30
0.0
 11
216.15
 21
251.83
 31
0.0
  0
LINE
  5
D79
330
BA7
100
AcDbEntity
  8
AM_9
100
AcDbLine
 10
238.03
 20
255.33
 30
0.0
 11
238.03
 21
251.83
 31
0.0
  0
LINE
  5
D7A
330
BA7
100
AcDbEntity
  8
AM_9
100
AcDbLine
 10
238.53
 20
255.33
 30
0.0
 11
238.53
 21
251.83
 31
0.0
  0
LINE
  5
D7B
330
BA7
100
AcDbEntity
  8
AM_9
100
AcDbLine
 10
173.53
 20
255.33
 30
0.0
 11
173.53
 21
251.83
 31
0.0
  0
LINE
  5
D7C
330
BA7
100
AcDbEntity
  8
AM_9
100
AcDbLine
 10
199.98
 20
255.33
 30
0.0
 11
199.98
 21
251.83
 31
0.0
  0
LINE
  5
D7D
330
BA7
100
AcDbEntity
  8
AM_9
100
AcDbLine
 10
305.83
 20
255.33
 30
0.0
 11
173.53
 21
255.33
 31
0.0
  0
LINE
  5
D7E
330
BA7
100
AcDbEntity
  8
AM_9
100
AcDbLine
 10
216.65
 20
255.33
 30
0.0
 11
216.65
 21
251.83
 31
0.0
  0
LINE
  5
D7F
330
BA7
100
AcDbEntity
  8
AM_9
100
AcDbLine
 10
192.68
 20
414.83
 30
0.0
 11
192.68
 21
419.83
 31
0.0
  0
LINE
  5
D80
330
BA7
100
AcDbEntity
  8
AM_9
100
AcDbLine
 10
181.68
 20
414.83
 30
0.0
 11
181.68
 21
419.83
 31
0.0
  0
LINE
  5
D81
330
BA7
100
AcDbEntity
  8
AM_9
100
AcDbLine
 10
181.68
 20
414.83
 30
0.0
 11
193.93
 21
414.83
 31
0.0
  0
LINE
  5
D82
330
BA7
100
AcDbEntity
  8
AM_9
100
AcDbLine
 10
192.691
 20
256.83
 30
0.0
 11
192.691
 21
251.83
 31
0.0
  0
LINE
  5
D83
330
BA7
100
AcDbEntity
  8
AM_9
100
AcDbLine
 10
181.691
 20
256.83
 30
0.0
 11
181.691
 21
251.83
 31
0.0
  0
LINE
  5
D84
330
BA7
100
AcDbEntity
  8
AM_9
100
AcDbLine
 10
181.691
 20
256.83
 30
0.0
 11
193.93
 21
256.83
 31
0.0
  0
LINE
  5
D85
330
BA7
100
AcDbEntity
  8
AM_9
100
AcDbLine
 10
216.45
 20
416.33
 30
0.0
 11
216.45
 21
419.83
 31
0.0
  0
LINE
  5
D86
330
BA7
100
AcDbEntity
  8
AM_9
100
AcDbLine
 10
216.45
 20
255.33
 30
0.0
 11
216.45
 21
251.83
 31
0.0
  0
LINE
  5
D87
330
BA7
100
AcDbEntity
  8
AM_9
100
AcDbLine
 10
200.18
 20
416.33
 30
0.0
 11
200.18
 21
419.83
 31
0.0
  0
LINE
  5
D88
330
BA7
100
AcDbEntity
  8
AM_9
100
AcDbLine
 10
200.18
 20
255.33
 30
0.0
 11
200.18
 21
251.83
 31
0.0
  0
LINE
  5
D89
330
BA7
100
AcDbEntity
  8
AM_9
100
AcDbLine
 10
210.815
 20
416.33
 30
0.0
 11
210.815
 21
419.83
 31
0.0
  0
LINE
  5
D8A
330
BA7
100
AcDbEntity
  8
AM_9
100
AcDbLine
 10
205.815
 20
419.83
 30
0.0
 11
205.815
 21
416.33
 31
0.0
  0
LINE
  5
D8B
330
BA7
100
AcDbEntity
  8
AM_9
100
AcDbLine
 10
205.815
 20
255.33
 30
0.0
 11
205.815
 21
251.83
 31
0.0
  0
LINE
  5
D8C
330
BA7
100
AcDbEntity
  8
AM_9
100
AcDbLine
 10
210.815
 20
251.83
 30
0.0
 11
210.815
 21
255.33
 31
0.0
  0
LINE
  5
D8D
330
BA7
100
AcDbEntity
  8
AM_9
100
AcDbLine
 10
129.33
 20
383.83
 30
0.0
 11
124.7490729542488
 21
383.83
 31
0.0
  0
LINE
  5
D8E
330
BA7
100
AcDbEntity
  8
AM_9
100
AcDbLine
 10
129.33
 20
379.83
 30
0.0
 11
124.6687014349854
 21
379.83
 31
0.0
  0
LINE
  5
D8F
330
BA7
100
AcDbEntity
  8
AM_9
100
AcDbLine
 10
129.33
 20
385.93
 30
0.0
 11
124.7946912726225
 21
385.93
 31
0.0
  0
LINE
  5
D90
330
BA7
100
AcDbEntity
  8
AM_9
100
AcDbLine
 10
129.33
 20
381.93
 30
0.0
 11
124.7098302649962
 21
381.93
 31
0.0
  0
LINE
  5
D91
330
BA7
100
AcDbEntity
  8
AM_9
100
AcDbLine
 10
322.53
 20
432.43
 30
0.0
 11
320.03
 21
432.43
 31
0.0
  0
LINE
  5
D92
330
BA7
100
AcDbEntity
  8
AM_9
100
AcDbLine
 10
320.03
 20
239.23
 30
0.0
 11
322.53
 21
239.23
 31
0.0
  0
LINE
  5
D93
330
BA7
100
AcDbEntity
  8
AM_9
100
AcDbLine
 10
159.03
 20
432.43
 30
0.0
 11
156.53
 21
432.43
 31
0.0
  0
LINE
  5
D94
330
BA7
100
AcDbEntity
  8
AM_9
100
AcDbLine
 10
156.53
 20
239.23
 30
0.0
 11
159.03
 21
239.23
 31
0.0
  0
LINE
  5
D95
330
BA7
100
AcDbEntity
  8
AM_9
100
AcDbLine
 10
261.418
 20
414.83
 30
0.0
 11
261.418
 21
419.83
 31
0.0
  0
LINE
  5
D96
330
BA7
100
AcDbEntity
  8
AM_9
100
AcDbLine
 10
256.918
 20
414.83
 30
0.0
 11
256.918
 21
419.83
 31
0.0
  0
LINE
  5
D97
330
BA7
100
AcDbEntity
  8
AM_9
100
AcDbLine
 10
249.924
 20
414.83
 30
0.0
 11
249.924
 21
419.83
 31
0.0
  0
LINE
  5
D98
330
BA7
100
AcDbEntity
  8
AM_9
100
AcDbLine
 10
245.424
 20
414.83
 30
0.0
 11
245.424
 21
419.83
 31
0.0
  0
LINE
  5
D99
330
BA7
100
AcDbEntity
  8
AM_9
100
AcDbLine
 10
247.936
 20
414.83
 30
0.0
 11
247.936
 21
419.83
 31
0.0
  0
LINE
  5
D9A
330
BA7
100
AcDbEntity
  8
AM_9
100
AcDbLine
 10
245.424
 20
414.83
 30
0.0
 11
247.936
 21
414.83
 31
0.0
  0
LINE
  5
D9B
330
BA7
100
AcDbEntity
  8
AM_9
100
AcDbLine
 10
252.436
 20
414.83
 30
0.0
 11
252.436
 21
419.83
 31
0.0
  0
LINE
  5
D9C
330
BA7
100
AcDbEntity
  8
AM_9
100
AcDbLine
 10
236.424
 20
414.83
 30
0.0
 11
236.424
 21
419.83
 31
0.0
  0
LINE
  5
D9D
330
BA7
100
AcDbEntity
  8
AM_9
100
AcDbLine
 10
249.924
 20
414.83
 30
0.0
 11
252.436
 21
414.83
 31
0.0
  0
LINE
  5
D9E
330
BA7
100
AcDbEntity
  8
AM_9
100
AcDbLine
 10
231.924
 20
414.83
 30
0.0
 11
231.924
 21
419.83
 31
0.0
  0
LINE
  5
D9F
330
BA7
100
AcDbEntity
  8
AM_9
100
AcDbLine
 10
240.924
 20
414.83
 30
0.0
 11
240.924
 21
419.83
 31
0.0
  0
LINE
  5
DA0
330
BA7
100
AcDbEntity
  8
AM_9
100
AcDbLine
 10
227.424
 20
414.83
 30
0.0
 11
227.424
 21
419.83
 31
0.0
  0
LINE
  5
DA1
330
BA7
100
AcDbEntity
  8
AM_9
100
AcDbLine
 10
222.924
 20
414.83
 30
0.0
 11
222.924
 21
419.83
 31
0.0
  0
LINE
  5
DA2
330
BA7
100
AcDbEntity
  8
AM_9
100
AcDbLine
 10
231.924
 20
414.83
 30
0.0
 11
234.436
 21
414.83
 31
0.0
  0
LINE
  5
DA3
330
BA7
100
AcDbEntity
  8
AM_9
100
AcDbLine
 10
238.936
 20
414.83
 30
0.0
 11
238.936
 21
419.83
 31
0.0
  0
LINE
  5
DA4
330
BA7
100
AcDbEntity
  8
AM_9
100
AcDbLine
 10
236.424
 20
414.83
 30
0.0
 11
238.936
 21
414.83
 31
0.0
  0
LINE
  5
DA5
330
BA7
100
AcDbEntity
  8
AM_9
100
AcDbLine
 10
243.436
 20
414.83
 30
0.0
 11
243.436
 21
419.83
 31
0.0
  0
LINE
  5
DA6
330
BA7
100
AcDbEntity
  8
AM_9
100
AcDbLine
 10
240.924
 20
414.83
 30
0.0
 11
243.436
 21
414.83
 31
0.0
  0
LINE
  5
DA7
330
BA7
100
AcDbEntity
  8
AM_9
100
AcDbLine
 10
234.436
 20
414.83
 30
0.0
 11
234.436
 21
419.83
 31
0.0
  0
LINE
  5
DA8
330
BA7
100
AcDbEntity
  8
AM_9
100
AcDbLine
 10
229.936
 20
414.83
 30
0.0
 11
229.936
 21
419.83
 31
0.0
  0
LINE
  5
DA9
330
BA7
100
AcDbEntity
  8
AM_9
100
AcDbLine
 10
227.424
 20
414.83
 30
0.0
 11
229.936
 21
414.83
 31
0.0
  0
LINE
  5
DAA
330
BA7
100
AcDbEntity
  8
AM_9
100
AcDbLine
 10
222.924
 20
414.83
 30
0.0
 11
225.436
 21
414.83
 31
0.0
  0
LINE
  5
DAB
330
BA7
100
AcDbEntity
  8
AM_9
100
AcDbLine
 10
225.436
 20
414.83
 30
0.0
 11
225.436
 21
419.83
 31
0.0
  0
LINE
  5
DAC
330
BA7
100
AcDbEntity
  8
AM_9
100
AcDbLine
 10
215.95
 20
255.33
 30
0.0
 11
215.95
 21
251.83
 31
0.0
  0
LINE
  5
DAD
330
BA7
100
AcDbEntity
  8
AM_9
100
AcDbLine
 10
200.68
 20
255.33
 30
0.0
 11
200.68
 21
251.83
 31
0.0
  0
LINE
  5
DAE
330
BA7
100
AcDbEntity
  8
AM_9
100
AcDbLine
 10
200.68
 20
416.33
 30
0.0
 11
200.68
 21
419.83
 31
0.0
  0
LINE
  5
DAF
330
BA7
100
AcDbEntity
  8
AM_9
100
AcDbLine
 10
215.95
 20
416.33
 30
0.0
 11
215.95
 21
419.83
 31
0.0
  0
LINE
  5
DB0
330
BA7
100
AcDbEntity
  8
AM_9
100
AcDbLine
 10
294.2927646077515
 20
256.83
 30
0.0
 11
294.2927646077515
 21
251.83
 31
0.0
  0
LINE
  5
DB1
330
BA7
100
AcDbEntity
  8
AM_9
100
AcDbLine
 10
302.8055068489076
 20
256.83
 30
0.0
 11
302.8055068489076
 21
251.83
 31
0.0
  0
LINE
  5
DB2
330
BA7
100
AcDbEntity
  8
AM_9
100
AcDbLine
 10
252.3672353922485
 20
251.83
 30
0.0
 11
252.3672353922485
 21
256.83
 31
0.0
  0
LINE
  5
DB3
330
BA7
100
AcDbEntity
  8
AM_9
100
AcDbLine
 10
285.7673429638327
 20
256.83
 30
0.0
 11
285.7673429638327
 21
251.83
 31
0.0
  0
LINE
  5
DB4
330
BA7
100
AcDbEntity
  8
AM_9
100
AcDbLine
 10
260.8926570361672
 20
251.83
 30
0.0
 11
260.8926570361672
 21
256.83
 31
0.0
  0
LINE
  5
DB5
330
BA7
100
AcDbEntity
  8
AM_9
100
AcDbLine
 10
243.8544931510924
 20
256.83
 30
0.0
 11
243.8544931510924
 21
251.83
 31
0.0
  0
LINE
  5
DB6
330
BA7
100
AcDbEntity
  8
AM_9
100
AcDbLine
 10
278.7242881146503
 20
251.83
 30
0.0
 11
278.7242881146503
 21
256.83
 31
0.0
  0
LINE
  5
DB7
330
BA7
100
AcDbEntity
  8
AM_9
100
AcDbLine
 10
279.7086754110865
 20
256.83
 30
0.0
 11
279.7086754110865
 21
251.83
 31
0.0
  0
LINE
  5
DB8
330
BA7
100
AcDbEntity
  8
AM_9
100
AcDbLine
 10
267.9357118853496
 20
256.83
 30
0.0
 11
267.9357118853496
 21
251.83
 31
0.0
  0
LINE
  5
DB9
330
BA7
100
AcDbEntity
  8
AM_9
100
AcDbLine
 10
266.9513245889135
 20
251.83
 30
0.0
 11
266.9513245889135
 21
256.83
 31
0.0
  0
LINE
  5
DBA
330
BA7
100
AcDbEntity
  8
AM_9
100
AcDbLine
 10
259.43
 20
414.83
 30
0.0
 11
259.43
 21
419.83
 31
0.0
  0
LINE
  5
DBB
330
BA7
100
AcDbEntity
  8
AM_9
100
AcDbLine
 10
261.43
 20
414.83
 30
0.0
 11
261.43
 21
419.83
 31
0.0
  0
LINE
  5
DBC
330
BA7
100
AcDbEntity
  8
AM_9
100
AcDbLine
 10
202.924
 20
414.83
 30
0.0
 11
202.924
 21
419.83
 31
0.0
  0
LINE
  5
DBD
330
BA7
100
AcDbEntity
  8
AM_9
100
AcDbLine
 10
200.436
 20
414.83
 30
0.0
 11
200.436
 21
419.83
 31
0.0
  0
LINE
  5
DBE
330
BA7
100
AcDbEntity
  8
AM_9
100
AcDbLine
 10
216.424
 20
414.83
 30
0.0
 11
216.424
 21
419.83
 31
0.0
  0
LINE
  5
DBF
330
BA7
100
AcDbEntity
  8
AM_9
100
AcDbLine
 10
213.936
 20
414.83
 30
0.0
 11
213.936
 21
419.83
 31
0.0
  0
LINE
  5
DC0
330
BA7
100
AcDbEntity
  8
AM_9
100
AcDbLine
 10
129.33
 20
327.83
 30
0.0
 11
124.4017336026843
 21
327.83
 31
0.0
  0
LINE
  5
DC1
330
BA7
100
AcDbEntity
  8
AM_9
100
AcDbLine
 10
129.33
 20
363.83
 30
0.0
 11
124.4327119099135
 21
363.83
 31
0.0
  0
LINE
  5
DC2
330
BA7
100
AcDbEntity
  8
AM_9
100
AcDbLine
 10
129.33
 20
331.83
 30
0.0
 11
124.3709908262764
 21
331.83
 31
0.0
  0
LINE
  5
DC3
330
BA7
100
AcDbEntity
  8
AM_9
100
AcDbLine
 10
129.33
 20
333.93
 30
0.0
 11
124.3582721623546
 21
333.93
 31
0.0
  0
LINE
  5
DC4
330
BA7
100
AcDbEntity
  8
AM_9
100
AcDbLine
 10
129.33
 20
345.93
 30
0.0
 11
124.3307818249441
 21
345.93
 31
0.0
  0
LINE
  5
DC5
330
BA7
100
AcDbEntity
  8
AM_9
100
AcDbLine
 10
129.33
 20
339.83
 30
0.0
 11
124.3351444763018
 21
339.83
 31
0.0
  0
LINE
  5
DC6
330
BA7
100
AcDbEntity
  8
AM_9
100
AcDbLine
 10
129.33
 20
313.93
 30
0.0
 11
124.5750234792799
 21
313.93
 31
0.0
  0
LINE
  5
DC7
330
BA7
100
AcDbEntity
  8
AM_9
100
AcDbLine
 10
129.33
 20
311.83
 30
0.0
 11
124.6101799083507
 21
311.83
 31
0.0
  0
LINE
  5
DC8
330
BA7
100
AcDbEntity
  8
AM_9
100
AcDbLine
 10
129.33
 20
303.83
 30
0.0
 11
124.7656985856107
 21
303.83
 31
0.0
  0
LINE
  5
DC9
330
BA7
100
AcDbEntity
  8
AM_9
100
AcDbLine
 10
129.33
 20
305.93
 30
0.0
 11
124.7215641092931
 21
305.93
 31
0.0
  0
LINE
  5
DCA
330
BA7
100
AcDbEntity
  8
AM_9
100
AcDbLine
 10
129.33
 20
351.83
 30
0.0
 11
124.3454701544908
 21
351.83
 31
0.0
  0
LINE
  5
DCB
330
BA7
100
AcDbEntity
  8
AM_9
100
AcDbLine
 10
129.33
 20
353.93
 30
0.0
 11
124.355184900643
 21
353.93
 31
0.0
  0
LINE
  5
DCC
330
BA7
100
AcDbEntity
  8
AM_9
100
AcDbLine
 10
129.33
 20
373.93
 30
0.0
 11
124.5657606370347
 21
373.93
 31
0.0
  0
LINE
  5
DCD
330
BA7
100
AcDbEntity
  8
AM_9
100
AcDbLine
 10
129.33
 20
367.83
 30
0.0
 11
124.4788865421355
 21
367.83
 31
0.0
  0
LINE
  5
DCE
330
BA7
100
AcDbEntity
  8
AM_9
100
AcDbLine
 10
129.33
 20
369.93
 30
0.0
 11
124.5065500425475
 21
369.93
 31
0.0
  0
LINE
  5
DCF
330
BA7
100
AcDbEntity
  8
AM_9
100
AcDbLine
 10
129.33
 20
377.93
 30
0.0
 11
124.6335204017108
 21
377.93
 31
0.0
  0
LINE
  5
DD0
330
BA7
100
AcDbEntity
  8
AM_9
100
AcDbLine
 10
129.33
 20
375.83
 30
0.0
 11
124.5968804964225
 21
375.83
 31
0.0
  0
LINE
  5
DD1
330
BA7
100
AcDbEntity
  8
AM_9
100
AcDbLine
 10
129.33
 20
289.93
 30
0.0
 11
125.1172712940813
 21
289.93
 31
0.0
  0
LINE
  5
DD2
330
BA7
100
AcDbEntity
  8
AM_9
100
AcDbLine
 10
129.33
 20
297.93
 30
0.0
 11
124.9023100773154
 21
297.93
 31
0.0
  0
LINE
  5
DD3
330
BA7
100
AcDbEntity
  8
AM_9
100
AcDbLine
 10
129.33
 20
321.93
 30
0.0
 11
124.4626801549122
 21
321.93
 31
0.0
  0
LINE
  5
DD4
330
BA7
100
AcDbEntity
  8
AM_9
100
AcDbLine
 10
129.33
 20
371.83
 30
0.0
 11
124.5336091544251
 21
371.83
 31
0.0
  0
LINE
  5
DD5
330
BA7
100
AcDbEntity
  8
AM_9
100
AcDbLine
 10
129.33
 20
349.93
 30
0.0
 11
124.3387103326907
 21
349.93
 31
0.0
  0
LINE
  5
DD6
330
BA7
100
AcDbEntity
  8
AM_9
100
AcDbLine
 10
129.33
 20
347.83
 30
0.0
 11
124.3334822888586
 21
347.83
 31
0.0
  0
LINE
  5
DD7
330
BA7
100
AcDbEntity
  8
AM_9
100
AcDbLine
 10
129.33
 20
341.93
 30
0.0
 11
124.3313992688312
 21
341.93
 31
0.0
  0
LINE
  5
DD8
330
BA7
100
AcDbEntity
  8
AM_9
100
AcDbLine
 10
129.33
 20
299.83
 30
0.0
 11
124.8562852271672
 21
299.83
 31
0.0
  0
LINE
  5
DD9
330
BA7
100
AcDbEntity
  8
AM_9
100
AcDbLine
 10
129.33
 20
301.93
 30
0.0
 11
124.8076608506858
 21
301.93
 31
0.0
  0
LINE
  5
DDA
330
BA7
100
AcDbEntity
  8
AM_9
100
AcDbLine
 10
129.33
 20
325.93
 30
0.0
 11
124.4193304852958
 21
325.93
 31
0.0
  0
LINE
  5
DDB
330
BA7
100
AcDbEntity
  8
AM_9
100
AcDbLine
 10
129.33
 20
295.83
 30
0.0
 11
124.9554250205255
 21
295.83
 31
0.0
  0
LINE
  5
DDC
330
BA7
100
AcDbEntity
  8
AM_9
100
AcDbLine
 10
129.33
 20
307.83
 30
0.0
 11
124.6836638541088
 21
307.83
 31
0.0
  0
LINE
  5
DDD
330
BA7
100
AcDbEntity
  8
AM_9
100
AcDbLine
 10
129.33
 20
309.93
 30
0.0
 11
124.6440186730539
 21
309.93
 31
0.0
  0
LINE
  5
DDE
330
BA7
100
AcDbEntity
  8
AM_9
100
AcDbLine
 10
129.33
 20
287.83
 30
0.0
 11
125.1793696173313
 21
287.83
 31
0.0
  0
LINE
  5
DDF
330
BA7
100
AcDbEntity
  8
AM_9
100
AcDbLine
 10
129.33
 20
315.83
 30
0.0
 11
124.5452457413835
 21
315.83
 31
0.0
  0
LINE
  5
DE0
330
BA7
100
AcDbEntity
  8
AM_9
100
AcDbLine
 10
129.33
 20
365.93
 30
0.0
 11
124.4558878070769
 21
365.93
 31
0.0
  0
LINE
  5
DE1
330
BA7
100
AcDbEntity
  8
AM_9
100
AcDbLine
 10
129.33
 20
291.83
 30
0.0
 11
125.0631193249529
 21
291.83
 31
0.0
  0
LINE
  5
DE2
330
BA7
100
AcDbEntity
  8
AM_9
100
AcDbLine
 10
129.33
 20
323.83
 30
0.0
 11
124.4410233023975
 21
323.83
 31
0.0
  0
LINE
  5
DE3
330
BA7
100
AcDbEntity
  8
AM_9
100
AcDbLine
 10
129.33
 20
329.93
 30
0.0
 11
124.3845279799933
 21
329.93
 31
0.0
  0
LINE
  5
DE4
330
BA7
100
AcDbEntity
  8
AM_9
100
AcDbLine
 10
129.33
 20
355.83
 30
0.0
 11
124.3660041728984
 21
355.83
 31
0.0
  0
LINE
  5
DE5
330
BA7
100
AcDbEntity
  8
AM_9
100
AcDbLine
 10
129.33
 20
293.93
 30
0.0
 11
125.00551308674
 21
293.93
 31
0.0
  0
LINE
  5
DE6
330
BA7
100
AcDbEntity
  8
AM_9
100
AcDbLine
 10
129.33
 20
337.93
 30
0.0
 11
124.3405626728071
 21
337.93
 31
0.0
  0
LINE
  5
DE7
330
BA7
100
AcDbEntity
  8
AM_9
100
AcDbLine
 10
129.33
 20
335.83
 30
0.0
 11
124.3487945521388
 21
335.83
 31
0.0
  0
LINE
  5
DE8
330
BA7
100
AcDbEntity
  8
AM_9
100
AcDbLine
 10
129.33
 20
317.93
 30
0.0
 11
124.514577582603
 21
317.93
 31
0.0
  0
LINE
  5
DE9
330
BA7
100
AcDbEntity
  8
AM_9
100
AcDbLine
 10
129.33
 20
361.93
 30
0.0
 11
124.4137732366423
 21
361.93
 31
0.0
  0
LINE
  5
DEA
330
BA7
100
AcDbEntity
  8
AM_9
100
AcDbLine
 10
129.33
 20
319.83
 30
0.0
 11
124.4888604635441
 21
319.83
 31
0.0
  0
LINE
  5
DEB
330
BA7
100
AcDbEntity
  8
AM_9
100
AcDbLine
 10
129.33
 20
343.83
 30
0.0
 11
124.3300404118399
 21
343.83
 31
0.0
  0
LINE
  5
DEC
330
BA7
100
AcDbEntity
  8
AM_9
100
AcDbLine
 10
129.33
 20
359.83
 30
0.0
 11
124.3950846252848
 21
359.83
 31
0.0
  0
LINE
  5
DED
330
BA7
100
AcDbEntity
  8
AM_9
100
AcDbLine
 10
129.33
 20
357.93
 30
0.0
 11
124.3802057544076
 21
357.93
 31
0.0
  0
LINE
  5
DEE
330
BA7
100
AcDbEntity
  8
AM_9
100
AcDbLine
 10
283.0084130261521
 20
251.83
 30
0.0
 11
283.0084130261521
 21
256.83
 31
0.0
  0
LINE
  5
DEF
330
BA7
100
AcDbEntity
  8
AM_9
100
AcDbLine
 10
263.6515869738479
 20
256.83
 30
0.0
 11
263.6515869738479
 21
251.83
 31
0.0
  0
LINE
  5
DF0
330
BA7
100
AcDbEntity
  8
AM_9
100
AcDbLine
 10
281.2406460731858
 20
256.83
 30
0.0
 11
281.2406460731858
 21
251.83
 31
0.0
  0
LINE
  5
DF1
330
BA7
100
AcDbEntity
  8
AM_9
100
AcDbLine
 10
276.956521161684
 20
256.83
 30
0.0
 11
276.956521161684
 21
251.83
 31
0.0
  0
LINE
  5
DF2
330
BA7
100
AcDbEntity
  8
AM_9
100
AcDbLine
 10
265.4193539268142
 20
251.83
 30
0.0
 11
265.4193539268142
 21
256.83
 31
0.0
  0
LINE
  5
DF3
330
BA7
100
AcDbEntity
  8
AM_9
100
AcDbLine
 10
269.703478838316
 20
251.83
 30
0.0
 11
269.703478838316
 21
256.83
 31
0.0
  0
LINE
  5
DF4
330
BA7
100
AcDbEntity
  8
AM_9
100
AcDbLine
 10
284.783592554788
 20
251.83
 30
0.0
 11
284.783592554788
 21
256.83
 31
0.0
  0
LINE
  5
DF5
330
BA7
100
AcDbEntity
  8
AM_9
100
AcDbLine
 10
288.2778259288767
 20
256.83
 30
0.0
 11
288.2778259288767
 21
251.83
 31
0.0
  0
LINE
  5
DF6
330
BA7
100
AcDbEntity
  8
AM_9
100
AcDbLine
 10
261.876407445212
 20
256.83
 30
0.0
 11
261.876407445212
 21
251.83
 31
0.0
  0
LINE
  5
DF7
330
BA7
100
AcDbEntity
  8
AM_9
100
AcDbLine
 10
258.3821740711232
 20
251.83
 30
0.0
 11
258.3821740711232
 21
256.83
 31
0.0
  0
LINE
  5
DF8
330
BA7
100
AcDbEntity
  8
AM_9
100
AcDbLine
 10
311.33
 20
251.33
 30
0.0
 11
311.33
 21
249.33
 31
0.0
  0
LINE
  5
DF9
330
BA7
100
AcDbEntity
  8
AM_9
100
AcDbLine
 10
311.33
 20
420.33
 30
0.0
 11
311.33
 21
422.33
 31
0.0
  0
LINE
  5
DFA
330
BA7
100
AcDbEntity
  8
AM_9
100
AcDbLine
 10
311.33
 20
251.33
 30
0.0
 11
315.33
 21
251.33
 31
0.0
  0
LINE
  5
DFB
330
BA7
100
AcDbEntity
  8
AM_9
100
AcDbLine
 10
315.33
 20
251.33
 30
0.0
 11
315.33
 21
249.33
 31
0.0
  0
LINE
  5
DFC
330
BA7
100
AcDbEntity
  8
AM_9
100
AcDbLine
 10
311.33
 20
420.33
 30
0.0
 11
315.33
 21
420.33
 31
0.0
  0
LINE
  5
DFD
330
BA7
100
AcDbEntity
  8
AM_9
100
AcDbLine
 10
315.33
 20
420.33
 30
0.0
 11
315.33
 21
422.33
 31
0.0
  0
LINE
  5
DFE
330
BA7
100
AcDbEntity
  8
AM_9
100
AcDbLine
 10
168.03
 20
420.33
 30
0.0
 11
168.03
 21
422.33
 31
0.0
  0
LINE
  5
DFF
330
BA7
100
AcDbEntity
  8
AM_9
100
AcDbLine
 10
168.03
 20
251.33
 30
0.0
 11
168.03
 21
249.33
 31
0.0
  0
LINE
  5
E00
330
BA7
100
AcDbEntity
  8
AM_9
100
AcDbLine
 10
164.03
 20
251.33
 30
0.0
 11
164.03
 21
249.33
 31
0.0
  0
LINE
  5
E01
330
BA7
100
AcDbEntity
  8
AM_9
100
AcDbLine
 10
164.03
 20
251.33
 30
0.0
 11
168.03
 21
251.33
 31
0.0
  0
LINE
  5
E02
330
BA7
100
AcDbEntity
  8
AM_9
100
AcDbLine
 10
164.03
 20
420.33
 30
0.0
 11
168.03
 21
420.33
 31
0.0
  0
LINE
  5
E03
330
BA7
100
AcDbEntity
  8
AM_9
100
AcDbLine
 10
164.03
 20
420.33
 30
0.0
 11
164.03
 21
422.33
 31
0.0
  0
LINE
  5
E04
330
BA7
100
AcDbEntity
  8
AM_9
100
AcDbLine
 10
124.33
 20
275.68
 30
0.0
 11
129.33
 21
275.68
 31
0.0
  0
LINE
  5
E05
330
BA7
100
AcDbEntity
  8
AM_9
100
AcDbLine
 10
124.33
 20
281.08
 30
0.0
 11
129.33
 21
281.08
 31
0.0
  0
LINE
  5
E06
330
BA7
100
AcDbEntity
  8
AM_9
100
AcDbLine
 10
313.68
 20
251.33
 30
0.0
 11
313.68
 21
249.33
 31
0.0
  0
LINE
  5
E07
330
BA7
100
AcDbEntity
  8
AM_9
100
AcDbLine
 10
312.98
 20
420.33
 30
0.0
 11
312.98
 21
422.33
 31
0.0
  0
LINE
  5
E08
330
BA7
100
AcDbEntity
  8
AM_9
100
AcDbLine
 10
312.98
 20
251.33
 30
0.0
 11
312.98
 21
249.33
 31
0.0
  0
LINE
  5
E09
330
BA7
100
AcDbEntity
  8
AM_9
100
AcDbLine
 10
313.68
 20
420.33
 30
0.0
 11
313.68
 21
422.33
 31
0.0
  0
LINE
  5
E0A
330
BA7
100
AcDbEntity
  8
AM_9
100
AcDbLine
 10
166.3800000000001
 20
420.33
 30
0.0
 11
166.3800000000001
 21
422.33
 31
0.0
  0
LINE
  5
E0B
330
BA7
100
AcDbEntity
  8
AM_9
100
AcDbLine
 10
165.68
 20
420.33
 30
0.0
 11
165.68
 21
422.33
 31
0.0
  0
LINE
  5
E0C
330
BA7
100
AcDbEntity
  8
AM_9
100
AcDbLine
 10
166.3800000000001
 20
251.33
 30
0.0
 11
166.3800000000001
 21
249.33
 31
0.0
  0
LINE
  5
E0D
330
BA7
100
AcDbEntity
  8
AM_9
100
AcDbLine
 10
165.68
 20
251.33
 30
0.0
 11
165.68
 21
249.33
 31
0.0
  0
LINE
  5
E0E
330
BA7
100
AcDbEntity
  8
AM_9
100
AcDbLine
 10
289.0367964830416
 20
251.83
 30
0.0
 11
289.0367964830416
 21
256.83
 31
0.0
  0
LINE
  5
E0F
330
BA7
100
AcDbEntity
  8
AM_9
100
AcDbLine
 10
257.6232035169584
 20
256.83
 30
0.0
 11
257.6232035169584
 21
251.83
 31
0.0
  0
LINE
  5
E10
330
BA7
100
AcDbEntity
  8
AM_9
100
AcDbLine
 10
317.33
 20
249.33
 30
0.0
 11
317.33
 21
249.63
 31
0.0
  0
LINE
  5
E11
330
BA7
100
AcDbEntity
  8
AM_9
100
AcDbLine
 10
309.33
 20
249.63
 30
0.0
 11
309.33
 21
249.33
 31
0.0
  0
LINE
  5
E12
330
BA7
100
AcDbEntity
  8
AM_9
100
AcDbLine
 10
317.33
 20
422.03
 30
0.0
 11
317.33
 21
422.33
 31
0.0
  0
LINE
  5
E13
330
BA7
100
AcDbEntity
  8
AM_9
100
AcDbLine
 10
309.33
 20
422.33
 30
0.0
 11
309.33
 21
422.03
 31
0.0
  0
LINE
  5
E14
330
BA7
100
AcDbEntity
  8
AM_9
100
AcDbLine
 10
170.03
 20
249.33
 30
0.0
 11
170.03
 21
249.63
 31
0.0
  0
LINE
  5
E15
330
BA7
100
AcDbEntity
  8
AM_9
100
AcDbLine
 10
162.03
 20
249.63
 30
0.0
 11
162.03
 21
249.33
 31
0.0
  0
LINE
  5
E16
330
BA7
100
AcDbEntity
  8
AM_9
100
AcDbLine
 10
170.03
 20
422.03
 30
0.0
 11
170.03
 21
422.33
 31
0.0
  0
LINE
  5
E17
330
BA7
100
AcDbEntity
  8
AM_9
100
AcDbLine
 10
162.03
 20
422.33
 30
0.0
 11
162.03
 21
422.03
 31
0.0
  0
LINE
  5
E18
330
BA7
100
AcDbEntity
  8
AM_9
100
AcDbLine
 10
162.03
 20
422.03
 30
0.0
 11
170.03
 21
422.03
 31
0.0
  0
LINE
  5
E19
330
BA7
100
AcDbEntity
  8
AM_9
100
AcDbLine
 10
170.03
 20
422.03
 30
0.0
 11
170.33
 21
422.33
 31
0.0
  0
LINE
  5
E1A
330
BA7
100
AcDbEntity
  8
AM_9
100
AcDbLine
 10
161.73
 20
422.33
 30
0.0
 11
162.03
 21
422.03
 31
0.0
  0
LINE
  5
E1B
330
BA7
100
AcDbEntity
  8
AM_9
100
AcDbLine
 10
309.33
 20
422.03
 30
0.0
 11
317.33
 21
422.03
 31
0.0
  0
LINE
  5
E1C
330
BA7
100
AcDbEntity
  8
AM_9
100
AcDbLine
 10
317.33
 20
422.03
 30
0.0
 11
317.63
 21
422.33
 31
0.0
  0
LINE
  5
E1D
330
BA7
100
AcDbEntity
  8
AM_9
100
AcDbLine
 10
309.03
 20
422.33
 30
0.0
 11
309.33
 21
422.03
 31
0.0
  0
LINE
  5
E1E
330
BA7
100
AcDbEntity
  8
AM_9
100
AcDbLine
 10
309.33
 20
249.63
 30
0.0
 11
317.33
 21
249.63
 31
0.0
  0
LINE
  5
E1F
330
BA7
100
AcDbEntity
  8
AM_9
100
AcDbLine
 10
309.33
 20
249.63
 30
0.0
 11
309.03
 21
249.33
 31
0.0
  0
LINE
  5
E20
330
BA7
100
AcDbEntity
  8
AM_9
100
AcDbLine
 10
317.63
 20
249.33
 30
0.0
 11
317.33
 21
249.63
 31
0.0
  0
LINE
  5
E21
330
BA7
100
AcDbEntity
  8
AM_9
100
AcDbLine
 10
162.03
 20
249.63
 30
0.0
 11
170.03
 21
249.63
 31
0.0
  0
LINE
  5
E22
330
BA7
100
AcDbEntity
  8
AM_9
100
AcDbLine
 10
162.03
 20
249.63
 30
0.0
 11
161.73
 21
249.33
 31
0.0
  0
LINE
  5
E23
330
BA7
100
AcDbEntity
  8
AM_9
100
AcDbLine
 10
170.33
 20
249.33
 30
0.0
 11
170.03
 21
249.63
 31
0.0
  0
LINE
  5
E24
330
BA7
100
AcDbEntity
  8
AM_9
100
AcDbLine
 10
287.2690295300753
 20
256.83
 30
0.0
 11
287.2690295300753
 21
251.83
 31
0.0
  0
LINE
  5
E25
330
BA7
100
AcDbEntity
  8
AM_9
100
AcDbLine
 10
283.0158256018217
 20
256.83
 30
0.0
 11
283.0158256018217
 21
251.83
 31
0.0
  0
LINE
  5
E26
330
BA7
100
AcDbEntity
  8
AM_9
100
AcDbLine
 10
259.3909704699247
 20
251.83
 30
0.0
 11
259.3909704699247
 21
256.83
 31
0.0
  0
LINE
  5
E27
330
BA7
100
AcDbEntity
  8
AM_9
100
AcDbLine
 10
263.6441743981783
 20
251.83
 30
0.0
 11
263.6441743981783
 21
256.83
 31
0.0
  0
LINE
  5
E28
330
BA7
100
AcDbEntity
  8
AM_9
100
AcDbLine
 10
290.8073686438614
 20
251.83
 30
0.0
 11
290.8073686438614
 21
256.83
 31
0.0
  0
LINE
  5
E29
330
BA7
100
AcDbEntity
  8
AM_9
100
AcDbLine
 10
296.796731770743
 20
256.83
 30
0.0
 11
296.796731770743
 21
251.83
 31
0.0
  0
LINE
  5
E2A
330
BA7
100
AcDbEntity
  8
AM_9
100
AcDbLine
 10
255.8526313561387
 20
256.83
 30
0.0
 11
255.8526313561387
 21
251.83
 31
0.0
  0
LINE
  5
E2B
330
BA7
100
AcDbEntity
  8
AM_9
100
AcDbLine
 10
249.863268229257
 20
251.83
 30
0.0
 11
249.863268229257
 21
256.83
 31
0.0
  0
LINE
  5
E2C
330
BA7
100
AcDbEntity
  8
AM_9
100
AcDbLine
 10
124.33
 20
343.8085413062436
 30
0.0
 11
129.13
 21
343.8085413062436
 31
0.0
  0
LINE
  5
E2D
330
BA7
100
AcDbEntity
  8
AM_9
100
AcDbLine
 10
124.3303738740342
 20
343.0358006452122
 30
0.0
 11
129.13
 21
343.0358006452122
 31
0.0
  0
LINE
  5
E2E
330
BA7
100
AcDbEntity
  8
AM_9
100
AcDbLine
 10
129.13
 20
343.8358006452123
 30
0.0
 11
124.33
 21
343.8358006452123
 31
0.0
  0
LINE
  5
E2F
330
BA7
100
AcDbEntity
  8
AM_9
100
AcDbLine
 10
124.33
 20
309.7504586937565
 30
0.0
 11
129.13
 21
309.7504586937565
 31
0.0
  0
LINE
  5
E30
330
BA7
100
AcDbEntity
  8
AM_9
100
AcDbLine
 10
124.33
 20
310.5231993667086
 30
0.0
 11
129.13
 21
310.5231993667086
 31
0.0
  0
LINE
  5
E31
330
BA7
100
AcDbEntity
  8
AM_9
100
AcDbLine
 10
124.33
 20
309.7231993547877
 30
0.0
 11
129.13
 21
309.7231993547877
 31
0.0
  0
LINE
  5
E32
330
BA7
100
AcDbEntity
  8
AM_9
100
AcDbLine
 10
124.33
 20
310.4997412980766
 30
0.0
 11
129.13
 21
310.4997412980766
 31
0.0
  0
LINE
  5
E33
330
BA7
100
AcDbEntity
  8
AM_9
100
AcDbLine
 10
124.6607257491873
 20
309.0297412980766
 30
0.0
 11
129.13
 21
309.0297412980766
 31
0.0
  0
LINE
  5
E34
330
BA7
100
AcDbEntity
  8
AM_9
100
AcDbLine
 10
124.33
 20
344.2190000000011
 30
0.0
 11
124.33
 21
344.5292587019234
 31
0.0
  0
LINE
  5
E35
330
BA7
100
AcDbEntity
  8
AM_9
100
AcDbLine
 10
124.33
 20
343.0592587019234
 30
0.0
 11
129.13
 21
343.0592587019234
 31
0.0
  0
LINE
  5
E36
330
BA7
100
AcDbEntity
  8
AM_9
100
AcDbLine
 10
129.13
 20
344.5292587019234
 30
0.0
 11
124.3300257073527
 21
344.5292587019234
 31
0.0
  0
LINE
  5
E37
330
BA7
100
AcDbEntity
  8
AM_9
100
AcDbLine
 10
129.33
 20
376.861
 30
0.0
 11
124.6145744731519
 21
376.861
 31
0.0
  0
LINE
  5
E38
330
BA7
100
AcDbEntity
  8
AM_9
100
AcDbLine
 10
320.03
 20
241.83
 30
0.0
 11
322.53
 21
241.83
 31
0.0
  0
LINE
  5
E39
330
BA7
100
AcDbEntity
  8
AM_9
100
AcDbLine
 10
322.53
 20
244.43
 30
0.0
 11
320.03
 21
244.43
 31
0.0
  0
LINE
  5
E3A
330
BA7
100
AcDbEntity
  8
AM_9
100
AcDbLine
 10
320.03
 20
429.83
 30
0.0
 11
322.53
 21
429.83
 31
0.0
  0
LINE
  5
E3B
330
BA7
100
AcDbEntity
  8
AM_9
100
AcDbLine
 10
320.03
 20
427.23
 30
0.0
 11
322.53
 21
427.23
 31
0.0
  0
LINE
  5
E3C
330
BA7
100
AcDbEntity
  8
AM_9
100
AcDbLine
 10
156.53
 20
241.83
 30
0.0
 11
159.03
 21
241.83
 31
0.0
  0
LINE
  5
E3D
330
BA7
100
AcDbEntity
  8
AM_9
100
AcDbLine
 10
159.03
 20
244.43
 30
0.0
 11
156.53
 21
244.43
 31
0.0
  0
LINE
  5
E3E
330
BA7
100
AcDbEntity
  8
AM_9
100
AcDbLine
 10
156.53
 20
429.83
 30
0.0
 11
159.03
 21
429.83
 31
0.0
  0
LINE
  5
E3F
330
BA7
100
AcDbEntity
  8
AM_9
100
AcDbLine
 10
156.53
 20
427.23
 30
0.0
 11
159.03
 21
427.23
 31
0.0
  0
LINE
  5
E40
330
BA7
100
AcDbEntity
  8
AM_9
100
AcDbLine
 10
320.03
 20
237.83
 30
0.0
 11
322.53
 21
237.83
 31
0.0
  0
LINE
  5
E41
330
BA7
100
AcDbEntity
  8
AM_9
100
AcDbLine
 10
320.03
 20
433.83
 30
0.0
 11
322.53
 21
433.83
 31
0.0
  0
LINE
  5
E42
330
BA7
100
AcDbEntity
  8
AM_9
100
AcDbLine
 10
156.53
 20
237.83
 30
0.0
 11
159.03
 21
237.83
 31
0.0
  0
LINE
  5
E43
330
BA7
100
AcDbEntity
  8
AM_9
100
AcDbLine
 10
156.53
 20
433.83
 30
0.0
 11
159.03
 21
433.83
 31
0.0
  0
LINE
  5
E44
330
BA7
100
AcDbEntity
  8
AM_9
100
AcDbLine
 10
251.6037857517437
 20
256.83
 30
0.0
 11
251.6037857517437
 21
251.83
 31
0.0
  0
LINE
  5
E45
330
BA7
100
AcDbEntity
  8
AM_9
100
AcDbLine
 10
295.0562142482563
 20
256.83
 30
0.0
 11
295.0562142482563
 21
251.83
 31
0.0
  0
LINE
  5
E46
330
BA7
100
AcDbEntity
  8
AM_9
100
AcDbLine
 10
243.8544931510924
 20
256.83
 30
0.0
 11
302.8055068489076
 21
256.83
 31
0.0
  0
LINE
  5
E47
330
BA7
100
AcDbEntity
  8
AM_9
100
AcDbLine
 10
124.33
 20
342.9178781906026
 30
0.0
 11
129.13
 21
342.9178781906026
 31
0.0
  0
LINE
  5
E48
330
BA7
100
AcDbEntity
  8
AM_9
100
AcDbLine
 10
124.33
 20
310.6411218093975
 30
0.0
 11
129.13
 21
310.6411218093975
 31
0.0
  0
LINE
  5
E49
330
BA7
100
AcDbEntity
  8
AM_9
100
AcDbLine
 10
124.6597848142216
 20
309.0798303334316
 30
0.0
 11
129.13
 21
309.0798303334316
 31
0.0
  0
LINE
  5
E4A
330
BA7
100
AcDbEntity
  8
AM_9
100
AcDbLine
 10
124.3300180768491
 20
344.4791696665684
 30
0.0
 11
129.13
 21
344.4791696665684
 31
0.0
  0
LINE
  5
E4B
330
BA7
100
AcDbEntity
  8
AM_9
100
AcDbLine
 10
238.93
 20
414.83
 30
0.0
 11
238.93
 21
419.83
 31
0.0
  0
LINE
  5
E4C
330
BA7
100
AcDbEntity
  8
AM_9
100
AcDbLine
 10
218.43
 20
414.83
 30
0.0
 11
218.43
 21
419.83
 31
0.0
  0
LINE
  5
E4D
330
BA7
100
AcDbEntity
  8
AM_9
100
AcDbLine
 10
220.93
 20
414.83
 30
0.0
 11
220.93
 21
419.83
 31
0.0
  0
LINE
  5
E4E
330
BA7
100
AcDbEntity
  8
AM_9
100
AcDbLine
 10
218.43
 20
414.83
 30
0.0
 11
220.93
 21
414.83
 31
0.0
  0
LINE
  5
E4F
330
BA7
100
AcDbEntity
  8
AM_9
100
AcDbLine
 10
236.43
 20
414.83
 30
0.0
 11
236.43
 21
419.83
 31
0.0
  0
LINE
  5
E50
330
BA7
100
AcDbEntity
  8
AM_9
100
AcDbLine
 10
124.33
 20
311.4138624704288
 30
0.0
 11
129.13
 21
311.4138624704288
 31
0.0
  0
LINE
  5
E51
330
BA7
100
AcDbEntity
  8
AM_9
100
AcDbLine
 10
124.33
 20
342.1451375295712
 30
0.0
 11
129.13
 21
342.1451375295712
 31
0.0
  0
LINE
  5
E52
330
BA7
100
AcDbEntity
  8
AM_9
100
AcDbLine
 10
124.33
 20
385.98
 30
0.0
 11
129.33
 21
385.98
 31
0.0
  0
LINE
  5
E53
330
BA7
100
AcDbEntity
  8
AM_9
100
AcDbLine
 10
124.33
 20
379.08
 30
0.0
 11
129.33
 21
379.08
 31
0.0
  0
LINE
  5
E54
330
BA7
100
AcDbEntity
  8
AM_9
100
AcDbLine
 10
253.3715527047101
 20
256.83
 30
0.0
 11
253.3715527047101
 21
251.83
 31
0.0
  0
LINE
  5
E55
330
BA7
100
AcDbEntity
  8
AM_9
100
AcDbLine
 10
293.2884472952899
 20
256.83
 30
0.0
 11
293.2884472952899
 21
251.83
 31
0.0
  0
LINE
  5
E56
330
BA7
100
AcDbEntity
  8
AM_9
100
AcDbLine
 10
124.33
 20
281.1381508747022
 30
0.0
 11
129.33
 21
281.1381508747022
 31
0.0
  0
LINE
  5
E57
330
BA7
100
AcDbEntity
  8
AM_9
100
AcDbLine
 10
124.33
 20
281.48
 30
0.0
 11
129.33
 21
281.48
 31
0.0
  0
LINE
  5
E58
330
BA7
100
AcDbEntity
  8
AM_9
100
AcDbLine
 10
124.33
 20
275.6218491252978
 30
0.0
 11
129.33
 21
275.6218491252978
 31
0.0
  0
LINE
  5
E59
330
BA7
100
AcDbEntity
  8
AM_9
100
AcDbLine
 10
124.33
 20
275.28
 30
0.0
 11
129.33
 21
275.28
 31
0.0
  0
LINE
  5
E5A
330
BA7
100
AcDbEntity
  8
AM_9
100
AcDbLine
 10
124.3301094356545
 20
343.5788603799998
 30
0.0
 11
129.13
 21
343.5788603799998
 31
0.0
  0
LINE
  5
E5B
330
BA7
100
AcDbEntity
  8
AM_9
100
AcDbLine
 10
124.331133353299
 20
342.1589494153549
 30
0.0
 11
129.13
 21
342.1589494153549
 31
0.0
  0
LINE
  5
E5C
330
BA7
100
AcDbEntity
  8
AM_9
100
AcDbLine
 10
124.6176683799007
 20
311.4000505846452
 30
0.0
 11
129.13
 21
311.4000505846452
 31
0.0
  0
LINE
  5
E5D
330
BA7
100
AcDbEntity
  8
AM_9
100
AcDbLine
 10
124.6431009104356
 20
309.9801396200002
 30
0.0
 11
129.13
 21
309.9801396200002
 31
0.0
  0
LINE
  5
E5E
330
BA7
100
AcDbEntity
  8
AM_9
100
AcDbLine
 10
124.6471771941068
 20
378.68
 30
0.0
 11
129.33
 21
378.68
 31
0.0
  0
LINE
  5
E5F
330
BA7
100
AcDbEntity
  8
AM_9
100
AcDbLine
 10
124.8047733006643
 20
386.38
 30
0.0
 11
129.33
 21
386.38
 31
0.0
  0
LINE
  5
E60
330
BA7
100
AcDbEntity
  8
AM_9
100
AcDbLine
 10
125.6144392227034
 20
274.88
 30
0.0
 11
129.33
 21
274.88
 31
0.0
  0
LINE
  5
E61
330
BA7
100
AcDbEntity
  8
AM_9
100
AcDbLine
 10
125.3681246337945
 20
281.88
 30
0.0
 11
129.33
 21
281.88
 31
0.0
  0
LINE
  5
E62
330
BA7
100
AcDbEntity
  8
AM_9
100
AcDbLine
 10
124.33
 20
276.8926233843856
 30
0.0
 11
129.33
 21
276.8926233843856
 31
0.0
  0
LINE
  5
E63
330
BA7
100
AcDbEntity
  8
AM_9
100
AcDbLine
 10
124.33
 20
279.8673766156145
 30
0.0
 11
129.33
 21
279.8673766156145
 31
0.0
  0
LINE
  5
E64
330
BA7
100
AcDbEntity
  8
AM_9
100
AcDbLine
 10
125.5967636249113
 20
275.3585887754169
 30
0.0
 11
129.33
 21
275.3585887754169
 31
0.0
  0
LINE
  5
E65
330
BA7
100
AcDbEntity
  8
AM_9
100
AcDbLine
 10
125.3841301016078
 20
281.4014112245831
 30
0.0
 11
129.33
 21
281.4014112245831
 31
0.0
  0
LINE
  5
E66
330
BA7
100
AcDbEntity
  8
AM_9
100
AcDbLine
 10
124.33
 20
379.595
 30
0.0
 11
129.33
 21
379.595
 31
0.0
  0
LINE
  5
E67
330
BA7
100
AcDbEntity
  8
AM_9
100
AcDbLine
 10
124.33
 20
385.465
 30
0.0
 11
129.33
 21
385.465
 31
0.0
  0
LINE
  5
E68
330
BA7
100
AcDbEntity
  8
AM_9
100
AcDbLine
 10
125.4272233670214
 20
280.1306369654953
 30
0.0
 11
129.33
 21
280.1306369654953
 31
0.0
  0
LINE
  5
E69
330
BA7
100
AcDbEntity
  8
AM_9
100
AcDbLine
 10
125.5504253264825
 20
276.6293630345046
 30
0.0
 11
129.33
 21
276.6293630345046
 31
0.0
  0
LINE
  5
E6A
330
BA7
100
AcDbEntity
  8
AM_9
100
AcDbLine
 10
125.4487431592707
 20
279.5053936345283
 30
0.0
 11
129.33
 21
279.5053936345283
 31
0.0
  0
LINE
  5
E6B
330
BA7
100
AcDbEntity
  8
AM_9
100
AcDbLine
 10
125.5279432830724
 20
277.2546063796278
 30
0.0
 11
129.33
 21
277.2546063796278
 31
0.0
  0
LINE
  5
E6C
330
BA7
100
AcDbEntity
  8
AM_9
100
AcDbLine
 10
289.039601690895
 20
256.83
 30
0.0
 11
289.039601690895
 21
251.83
 31
0.0
  0
LINE
  5
E6D
330
BA7
100
AcDbEntity
  8
AM_9
100
AcDbLine
 10
257.620398309105
 20
251.83
 30
0.0
 11
257.620398309105
 21
256.83
 31
0.0
  0
LINE
  5
E6E
330
BA7
100
AcDbEntity
  8
AM_9
100
AcDbLine
 10
124.7932439262287
 20
385.865
 30
0.0
 11
129.33
 21
385.865
 31
0.0
  0
LINE
  5
E6F
330
BA7
100
AcDbEntity
  8
AM_9
100
AcDbLine
 10
124.6567289294171
 20
379.195
 30
0.0
 11
129.33
 21
379.195
 31
0.0
  0
LINE
  5
E70
330
BA7
100
AcDbEntity
  8
AM_9
100
AcDbLine
 10
129.33
 20
299.83
 30
0.0
 11
129.33
 21
387.211
 31
0.0
  0
LINE
  5
E71
330
BA7
100
AcDbEntity
  8
AM_9
100
AcDbLine
 10
129.33
 20
387.211
 30
0.0
 11
124.8236759521625
 21
387.211
 31
0.0
  0
LINE
  5
E72
330
BA7
100
AcDbEntity
  8
AM_9
100
AcDbLine
 10
129.33
 20
298.83
 30
0.0
 11
124.880268266438
 21
298.83
 31
0.0
  0
LINE
  5
E73
330
BA7
100
AcDbEntity
  8
AM_9
100
AcDbLine
 10
129.33
 20
285.13
 30
0.0
 11
129.33
 21
298.83
 31
0.0
  0
LINE
  5
E74
330
BA7
100
AcDbEntity
  8
AM_9
100
AcDbLine
 10
129.33
 20
285.13
 30
0.0
 11
125.2626761705895
 21
285.13
 31
0.0
  0
LINE
  5
E75
330
BA7
100
AcDbEntity
  8
AM_9
100
AcDbLine
 10
129.13
 20
352.78
 30
0.0
 11
129.33
 21
352.78
 31
0.0
  0
LINE
  5
E76
330
BA7
100
AcDbEntity
  8
AM_9
100
AcDbLine
 10
129.13
 20
300.78
 30
0.0
 11
129.33
 21
300.78
 31
0.0
  0
LINE
  5
E77
330
BA7
100
AcDbEntity
  8
AM_9
100
AcDbLine
 10
129.13
 20
300.78
 30
0.0
 11
129.13
 21
352.78
 31
0.0
  0
LINE
  5
E78
330
BA7
100
AcDbEntity
  8
AM_9
100
AcDbLine
 10
129.33
 20
282.93
 30
0.0
 11
125.3334387786537
 21
282.93
 31
0.0
  0
LINE
  5
E79
330
BA7
100
AcDbEntity
  8
AM_9
100
AcDbLine
 10
129.33
 20
283.13
 30
0.0
 11
125.3268988226547
 21
283.13
 31
0.0
  0
LINE
  5
E7A
330
BA7
100
AcDbEntity
  8
AM_9
100
AcDbLine
 10
129.33
 20
273.83
 30
0.0
 11
125.6536481312655
 21
273.83
 31
0.0
  0
LINE
  5
E7B
330
BA7
100
AcDbEntity
  8
AM_9
100
AcDbLine
 10
129.33
 20
273.63
 30
0.0
 11
125.661183400556
 21
273.63
 31
0.0
  0
LINE
  5
E7C
330
BA7
100
AcDbEntity
  8
AM_9
100
AcDbLine
 10
129.33
 20
281.58
 30
0.0
 11
125.3781432162404
 21
281.58
 31
0.0
  0
LINE
  5
E7D
330
BA7
100
AcDbEntity
  8
AM_9
100
AcDbLine
 10
129.33
 20
275.18
 30
0.0
 11
125.603345061372
 21
275.18
 31
0.0
  0
LINE
  5
E7E
330
BA7
100
AcDbEntity
  8
AM_9
100
AcDbLine
 10
129.33
 20
353.549
 30
0.0
 11
124.3532474539654
 21
353.549
 31
0.0
  0
LINE
  5
E7F
330
BA7
100
AcDbEntity
  8
AM_9
100
AcDbLine
 10
129.33
 20
300.03
 30
0.0
 11
124.8515527685321
 21
300.03
 31
0.0
  0
LINE
  5
E80
330
BA7
100
AcDbEntity
  8
AM_9
100
AcDbLine
 10
129.33
 20
297.98
 30
0.0
 11
124.9010741719289
 21
297.98
 31
0.0
  0
LINE
  5
E81
330
BA7
100
AcDbEntity
  8
AM_9
100
AcDbLine
 10
129.33
 20
285.98
 30
0.0
 11
125.2360294776981
 21
285.98
 31
0.0
  0
LINE
  5
E82
330
BA7
100
AcDbEntity
  8
AM_9
100
AcDbLine
 10
129.33
 20
281.18
 30
0.0
 11
125.391576228929
 21
281.18
 31
0.0
  0
LINE
  5
E83
330
BA7
100
AcDbEntity
  8
AM_9
100
AcDbLine
 10
129.33
 20
281.38
 30
0.0
 11
125.3848490220945
 21
281.38
 31
0.0
  0
LINE
  5
E84
330
BA7
100
AcDbEntity
  8
AM_9
100
AcDbLine
 10
129.33
 20
273.63
 30
0.0
 11
129.33
 21
283.13
 31
0.0
  0
LINE
  5
E85
330
BA7
100
AcDbEntity
  8
AM_9
100
AcDbLine
 10
129.33
 20
275.58
 30
0.0
 11
125.5886277757929
 21
275.58
 31
0.0
  0
LINE
  5
E86
330
BA7
100
AcDbEntity
  8
AM_9
100
AcDbLine
 10
129.33
 20
275.38
 30
0.0
 11
125.5959757144693
 21
275.38
 31
0.0
  0
LINE
  5
E87
330
BA7
100
AcDbEntity
  8
AM_9
100
AcDbLine
 10
300.93
 20
414.83
 30
0.0
 11
300.93
 21
419.83
 31
0.0
  0
LINE
  5
E88
330
BA7
100
AcDbEntity
  8
AM_9
100
AcDbLine
 10
303.93
 20
414.83
 30
0.0
 11
303.93
 21
419.83
 31
0.0
  0
LINE
  5
E89
330
BA7
100
AcDbEntity
  8
AM_9
100
AcDbLine
 10
297.93
 20
414.83
 30
0.0
 11
297.93
 21
419.83
 31
0.0
  0
LINE
  5
E8A
330
BA7
100
AcDbEntity
  8
AM_9
100
AcDbLine
 10
227.43
 20
256.83
 30
0.0
 11
229.93
 21
256.83
 31
0.0
  0
LINE
  5
E8B
330
BA7
100
AcDbEntity
  8
AM_9
100
AcDbLine
 10
182.43
 20
414.83
 30
0.0
 11
182.43
 21
419.83
 31
0.0
  0
LINE
  5
E8C
330
BA7
100
AcDbEntity
  8
AM_9
100
AcDbLine
 10
225.43
 20
414.83
 30
0.0
 11
225.43
 21
419.83
 31
0.0
  0
LINE
  5
E8D
330
BA7
100
AcDbEntity
  8
AM_9
100
AcDbLine
 10
231.93
 20
256.83
 30
0.0
 11
234.43
 21
256.83
 31
0.0
  0
LINE
  5
E8E
330
BA7
100
AcDbEntity
  8
AM_9
100
AcDbLine
 10
193.93
 20
256.83
 30
0.0
 11
193.93
 21
251.83
 31
0.0
  0
LINE
  5
E8F
330
BA7
100
AcDbEntity
  8
AM_9
100
AcDbLine
 10
272.43
 20
414.83
 30
0.0
 11
272.43
 21
419.83
 31
0.0
  0
LINE
  5
E90
330
BA7
100
AcDbEntity
  8
AM_9
100
AcDbLine
 10
266.93
 20
414.83
 30
0.0
 11
266.93
 21
419.83
 31
0.0
  0
LINE
  5
E91
330
BA7
100
AcDbEntity
  8
AM_9
100
AcDbLine
 10
266.93
 20
414.83
 30
0.0
 11
280.93
 21
414.83
 31
0.0
  0
LINE
  5
E92
330
BA7
100
AcDbEntity
  8
AM_9
100
AcDbLine
 10
213.93
 20
256.83
 30
0.0
 11
216.43
 21
256.83
 31
0.0
  0
LINE
  5
E93
330
BA7
100
AcDbEntity
  8
AM_9
100
AcDbLine
 10
184.93
 20
414.83
 30
0.0
 11
184.93
 21
419.83
 31
0.0
  0
LINE
  5
E94
330
BA7
100
AcDbEntity
  8
AM_9
100
AcDbLine
 10
186.93
 20
414.83
 30
0.0
 11
186.93
 21
419.83
 31
0.0
  0
LINE
  5
E95
330
BA7
100
AcDbEntity
  8
AM_9
100
AcDbLine
 10
189.43
 20
414.83
 30
0.0
 11
189.43
 21
419.83
 31
0.0
  0
LINE
  5
E96
330
BA7
100
AcDbEntity
  8
AM_9
100
AcDbLine
 10
200.43
 20
414.83
 30
0.0
 11
200.43
 21
419.83
 31
0.0
  0
LINE
  5
E97
330
BA7
100
AcDbEntity
  8
AM_9
100
AcDbLine
 10
200.43
 20
414.83
 30
0.0
 11
202.93
 21
414.83
 31
0.0
  0
LINE
  5
E98
330
BA7
100
AcDbEntity
  8
AM_9
100
AcDbLine
 10
202.93
 20
414.83
 30
0.0
 11
202.93
 21
419.83
 31
0.0
  0
LINE
  5
E99
330
BA7
100
AcDbEntity
  8
AM_9
100
AcDbLine
 10
200.43
 20
256.83
 30
0.0
 11
202.93
 21
256.83
 31
0.0
  0
LINE
  5
E9A
330
BA7
100
AcDbEntity
  8
AM_9
100
AcDbLine
 10
191.43
 20
256.83
 30
0.0
 11
191.43
 21
251.83
 31
0.0
  0
LINE
  5
E9B
330
BA7
100
AcDbEntity
  8
AM_9
100
AcDbLine
 10
191.43
 20
414.83
 30
0.0
 11
191.43
 21
419.83
 31
0.0
  0
LINE
  5
E9C
330
BA7
100
AcDbEntity
  8
AM_9
100
AcDbLine
 10
238.93
 20
256.83
 30
0.0
 11
238.93
 21
251.83
 31
0.0
  0
LINE
  5
E9D
330
BA7
100
AcDbEntity
  8
AM_9
100
AcDbLine
 10
283.93
 20
414.83
 30
0.0
 11
283.93
 21
419.83
 31
0.0
  0
LINE
  5
E9E
330
BA7
100
AcDbEntity
  8
AM_9
100
AcDbLine
 10
247.93
 20
414.83
 30
0.0
 11
247.93
 21
419.83
 31
0.0
  0
LINE
  5
E9F
330
BA7
100
AcDbEntity
  8
AM_9
100
AcDbLine
 10
245.43
 20
414.83
 30
0.0
 11
245.43
 21
419.83
 31
0.0
  0
LINE
  5
EA0
330
BA7
100
AcDbEntity
  8
AM_9
100
AcDbLine
 10
227.43
 20
414.83
 30
0.0
 11
227.43
 21
419.83
 31
0.0
  0
LINE
  5
EA1
330
BA7
100
AcDbEntity
  8
AM_9
100
AcDbLine
 10
229.93
 20
414.83
 30
0.0
 11
229.93
 21
419.83
 31
0.0
  0
LINE
  5
EA2
330
BA7
100
AcDbEntity
  8
AM_9
100
AcDbLine
 10
231.93
 20
256.83
 30
0.0
 11
231.93
 21
251.83
 31
0.0
  0
LINE
  5
EA3
330
BA7
100
AcDbEntity
  8
AM_9
100
AcDbLine
 10
234.43
 20
256.83
 30
0.0
 11
234.43
 21
251.83
 31
0.0
  0
LINE
  5
EA4
330
BA7
100
AcDbEntity
  8
AM_9
100
AcDbLine
 10
275.43
 20
414.83
 30
0.0
 11
275.43
 21
419.83
 31
0.0
  0
LINE
  5
EA5
330
BA7
100
AcDbEntity
  8
AM_9
100
AcDbLine
 10
280.93
 20
414.83
 30
0.0
 11
280.93
 21
419.83
 31
0.0
  0
LINE
  5
EA6
330
BA7
100
AcDbEntity
  8
AM_9
100
AcDbLine
 10
213.93
 20
414.83
 30
0.0
 11
216.43
 21
414.83
 31
0.0
  0
LINE
  5
EA7
330
BA7
100
AcDbEntity
  8
AM_9
100
AcDbLine
 10
213.93
 20
414.83
 30
0.0
 11
213.93
 21
419.83
 31
0.0
  0
LINE
  5
EA8
330
BA7
100
AcDbEntity
  8
AM_9
100
AcDbLine
 10
195.93
 20
256.83
 30
0.0
 11
195.93
 21
251.83
 31
0.0
  0
LINE
  5
EA9
330
BA7
100
AcDbEntity
  8
AM_9
100
AcDbLine
 10
222.93
 20
414.83
 30
0.0
 11
222.93
 21
419.83
 31
0.0
  0
LINE
  5
EAA
330
BA7
100
AcDbEntity
  8
AM_9
100
AcDbLine
 10
289.43
 20
414.83
 30
0.0
 11
289.43
 21
419.83
 31
0.0
  0
LINE
  5
EAB
330
BA7
100
AcDbEntity
  8
AM_9
100
AcDbLine
 10
207.43
 20
414.83
 30
0.0
 11
207.43
 21
419.83
 31
0.0
  0
LINE
  5
EAC
330
BA7
100
AcDbEntity
  8
AM_9
100
AcDbLine
 10
231.93
 20
414.83
 30
0.0
 11
231.93
 21
419.83
 31
0.0
  0
LINE
  5
EAD
330
BA7
100
AcDbEntity
  8
AM_9
100
AcDbLine
 10
218.43
 20
256.83
 30
0.0
 11
220.93
 21
256.83
 31
0.0
  0
LINE
  5
EAE
330
BA7
100
AcDbEntity
  8
AM_9
100
AcDbLine
 10
229.93
 20
256.83
 30
0.0
 11
229.93
 21
251.83
 31
0.0
  0
LINE
  5
EAF
330
BA7
100
AcDbEntity
  8
AM_9
100
AcDbLine
 10
220.93
 20
256.83
 30
0.0
 11
220.93
 21
251.83
 31
0.0
  0
LINE
  5
EB0
330
BA7
100
AcDbEntity
  8
AM_9
100
AcDbLine
 10
227.43
 20
256.83
 30
0.0
 11
227.43
 21
251.83
 31
0.0
  0
LINE
  5
EB1
330
BA7
100
AcDbEntity
  8
AM_9
100
AcDbLine
 10
216.43
 20
414.83
 30
0.0
 11
216.43
 21
419.83
 31
0.0
  0
LINE
  5
EB2
330
BA7
100
AcDbEntity
  8
AM_9
100
AcDbLine
 10
198.43
 20
414.83
 30
0.0
 11
198.43
 21
419.83
 31
0.0
  0
LINE
  5
EB3
330
BA7
100
AcDbEntity
  8
AM_9
100
AcDbLine
 10
195.93
 20
414.83
 30
0.0
 11
198.43
 21
414.83
 31
0.0
  0
LINE
  5
EB4
330
BA7
100
AcDbEntity
  8
AM_9
100
AcDbLine
 10
195.93
 20
414.83
 30
0.0
 11
195.93
 21
419.83
 31
0.0
  0
LINE
  5
EB5
330
BA7
100
AcDbEntity
  8
AM_9
100
AcDbLine
 10
204.93
 20
256.83
 30
0.0
 11
207.43
 21
256.83
 31
0.0
  0
LINE
  5
EB6
330
BA7
100
AcDbEntity
  8
AM_9
100
AcDbLine
 10
222.93
 20
256.83
 30
0.0
 11
222.93
 21
251.83
 31
0.0
  0
LINE
  5
EB7
330
BA7
100
AcDbEntity
  8
AM_9
100
AcDbLine
 10
225.43
 20
256.83
 30
0.0
 11
225.43
 21
251.83
 31
0.0
  0
LINE
  5
EB8
330
BA7
100
AcDbEntity
  8
AM_9
100
AcDbLine
 10
236.43
 20
256.83
 30
0.0
 11
238.93
 21
256.83
 31
0.0
  0
LINE
  5
EB9
330
BA7
100
AcDbEntity
  8
AM_9
100
AcDbLine
 10
252.43
 20
414.83
 30
0.0
 11
252.43
 21
419.83
 31
0.0
  0
LINE
  5
EBA
330
BA7
100
AcDbEntity
  8
AM_9
100
AcDbLine
 10
209.43
 20
256.83
 30
0.0
 11
209.43
 21
251.83
 31
0.0
  0
LINE
  5
EBB
330
BA7
100
AcDbEntity
  8
AM_9
100
AcDbLine
 10
186.93
 20
256.83
 30
0.0
 11
186.93
 21
251.83
 31
0.0
  0
LINE
  5
EBC
330
BA7
100
AcDbEntity
  8
AM_9
100
AcDbLine
 10
189.43
 20
256.83
 30
0.0
 11
189.43
 21
251.83
 31
0.0
  0
LINE
  5
EBD
330
BA7
100
AcDbEntity
  8
AM_9
100
AcDbLine
 10
211.93
 20
256.83
 30
0.0
 11
211.93
 21
251.83
 31
0.0
  0
LINE
  5
EBE
330
BA7
100
AcDbEntity
  8
AM_9
100
AcDbLine
 10
195.93
 20
256.83
 30
0.0
 11
198.43
 21
256.83
 31
0.0
  0
LINE
  5
EBF
330
BA7
100
AcDbEntity
  8
AM_9
100
AcDbLine
 10
198.43
 20
256.83
 30
0.0
 11
198.43
 21
251.83
 31
0.0
  0
LINE
  5
EC0
330
BA7
100
AcDbEntity
  8
AM_9
100
AcDbLine
 10
202.93
 20
256.83
 30
0.0
 11
202.93
 21
251.83
 31
0.0
  0
LINE
  5
EC1
330
BA7
100
AcDbEntity
  8
AM_9
100
AcDbLine
 10
200.43
 20
256.83
 30
0.0
 11
200.43
 21
251.83
 31
0.0
  0
LINE
  5
EC2
330
BA7
100
AcDbEntity
  8
AM_9
100
AcDbLine
 10
209.43
 20
256.83
 30
0.0
 11
211.93
 21
256.83
 31
0.0
  0
LINE
  5
EC3
330
BA7
100
AcDbEntity
  8
AM_9
100
AcDbLine
 10
234.43
 20
414.83
 30
0.0
 11
234.43
 21
419.83
 31
0.0
  0
LINE
  5
EC4
330
BA7
100
AcDbEntity
  8
AM_9
100
AcDbLine
 10
204.93
 20
256.83
 30
0.0
 11
204.93
 21
251.83
 31
0.0
  0
LINE
  5
EC5
330
BA7
100
AcDbEntity
  8
AM_9
100
AcDbLine
 10
213.93
 20
256.83
 30
0.0
 11
213.93
 21
251.83
 31
0.0
  0
LINE
  5
EC6
330
BA7
100
AcDbEntity
  8
AM_9
100
AcDbLine
 10
182.43
 20
256.83
 30
0.0
 11
182.43
 21
251.83
 31
0.0
  0
LINE
  5
EC7
330
BA7
100
AcDbEntity
  8
AM_9
100
AcDbLine
 10
184.93
 20
256.83
 30
0.0
 11
184.93
 21
251.83
 31
0.0
  0
LINE
  5
EC8
330
BA7
100
AcDbEntity
  8
AM_9
100
AcDbLine
 10
236.43
 20
256.83
 30
0.0
 11
236.43
 21
251.83
 31
0.0
  0
LINE
  5
EC9
330
BA7
100
AcDbEntity
  8
AM_9
100
AcDbLine
 10
240.93
 20
256.83
 30
0.0
 11
240.93
 21
251.83
 31
0.0
  0
LINE
  5
ECA
330
BA7
100
AcDbEntity
  8
AM_9
100
AcDbLine
 10
292.43
 20
414.83
 30
0.0
 11
292.43
 21
419.83
 31
0.0
  0
LINE
  5
ECB
330
BA7
100
AcDbEntity
  8
AM_9
100
AcDbLine
 10
216.43
 20
256.83
 30
0.0
 11
216.43
 21
251.83
 31
0.0
  0
LINE
  5
ECC
330
BA7
100
AcDbEntity
  8
AM_9
100
AcDbLine
 10
204.93
 20
414.83
 30
0.0
 11
204.93
 21
419.83
 31
0.0
  0
LINE
  5
ECD
330
BA7
100
AcDbEntity
  8
AM_9
100
AcDbLine
 10
204.93
 20
414.83
 30
0.0
 11
207.43
 21
414.83
 31
0.0
  0
LINE
  5
ECE
330
BA7
100
AcDbEntity
  8
AM_9
100
AcDbLine
 10
256.93
 20
414.83
 30
0.0
 11
256.93
 21
419.83
 31
0.0
  0
LINE
  5
ECF
330
BA7
100
AcDbEntity
  8
AM_9
100
AcDbLine
 10
222.93
 20
256.83
 30
0.0
 11
225.43
 21
256.83
 31
0.0
  0
LINE
  5
ED0
330
BA7
100
AcDbEntity
  8
AM_9
100
AcDbLine
 10
218.43
 20
256.83
 30
0.0
 11
218.43
 21
251.83
 31
0.0
  0
LINE
  5
ED1
330
BA7
100
AcDbEntity
  8
AM_9
100
AcDbLine
 10
240.93
 20
414.83
 30
0.0
 11
240.93
 21
419.83
 31
0.0
  0
LINE
  5
ED2
330
BA7
100
AcDbEntity
  8
AM_9
100
AcDbLine
 10
243.43
 20
414.83
 30
0.0
 11
243.43
 21
419.83
 31
0.0
  0
LINE
  5
ED3
330
BA7
100
AcDbEntity
  8
AM_9
100
AcDbLine
 10
240.93
 20
256.83
 30
0.0
 11
243.43
 21
256.83
 31
0.0
  0
LINE
  5
ED4
330
BA7
100
AcDbEntity
  8
AM_9
100
AcDbLine
 10
243.43
 20
256.83
 30
0.0
 11
243.43
 21
251.83
 31
0.0
  0
LINE
  5
ED5
330
BA7
100
AcDbEntity
  8
AM_9
100
AcDbLine
 10
209.43
 20
414.83
 30
0.0
 11
209.43
 21
419.83
 31
0.0
  0
LINE
  5
ED6
330
BA7
100
AcDbEntity
  8
AM_9
100
AcDbLine
 10
211.93
 20
414.83
 30
0.0
 11
211.93
 21
419.83
 31
0.0
  0
LINE
  5
ED7
330
BA7
100
AcDbEntity
  8
AM_9
100
AcDbLine
 10
209.43
 20
414.83
 30
0.0
 11
211.93
 21
414.83
 31
0.0
  0
LINE
  5
ED8
330
BA7
100
AcDbEntity
  8
AM_9
100
AcDbLine
 10
263.93
 20
414.83
 30
0.0
 11
263.93
 21
419.83
 31
0.0
  0
LINE
  5
ED9
330
BA7
100
AcDbEntity
  8
AM_9
100
AcDbLine
 10
207.43
 20
256.83
 30
0.0
 11
207.43
 21
251.83
 31
0.0
  0
LINE
  5
EDA
330
BA7
100
AcDbEntity
  8
AM_9
100
AcDbLine
 10
249.93
 20
414.83
 30
0.0
 11
249.93
 21
419.83
 31
0.0
  0
LINE
  5
EDB
330
BA7
100
AcDbEntity
  8
AM_9
100
AcDbLine
 10
193.93
 20
414.83
 30
0.0
 11
193.93
 21
419.83
 31
0.0
  0
LINE
  5
EDC
330
BA7
100
AcDbEntity
  8
AM_9
100
AcDbLine
 10
177.93
 20
414.83
 30
0.0
 11
180.43
 21
414.83
 31
0.0
  0
LINE
  5
EDD
330
BA7
100
AcDbEntity
  8
AM_9
100
AcDbLine
 10
177.93
 20
414.83
 30
0.0
 11
177.93
 21
419.83
 31
0.0
  0
LINE
  5
EDE
330
BA7
100
AcDbEntity
  8
AM_9
100
AcDbLine
 10
180.43
 20
414.83
 30
0.0
 11
180.43
 21
419.83
 31
0.0
  0
LINE
  5
EDF
330
BA7
100
AcDbEntity
  8
AM_9
100
AcDbLine
 10
177.93
 20
256.83
 30
0.0
 11
180.43
 21
256.83
 31
0.0
  0
LINE
  5
EE0
330
BA7
100
AcDbEntity
  8
AM_9
100
AcDbLine
 10
180.43
 20
256.83
 30
0.0
 11
180.43
 21
251.83
 31
0.0
  0
LINE
  5
EE1
330
BA7
100
AcDbEntity
  8
AM_9
100
AcDbLine
 10
177.93
 20
256.83
 30
0.0
 11
177.93
 21
251.83
 31
0.0
  0
LINE
  5
EE2
330
BA7
100
AcDbEntity
  8
AM_9
100
AcDbLine
 10
272.08
 20
256.83
 30
0.0
 11
272.08
 21
251.83
 31
0.0
  0
LINE
  5
EE3
330
BA7
100
AcDbEntity
  8
AM_9
100
AcDbLine
 10
274.58
 20
256.83
 30
0.0
 11
274.58
 21
251.83
 31
0.0
  0
LINE
  5
EE4
330
BA7
100
AcDbEntity
  8
AM_7
100
AcDbLine
 10
208.4665
 20
404.83
 30
0.0
 11
216.5935
 21
404.83
 31
0.0
  0
LINE
  5
EE5
330
BA7
100
AcDbEntity
  8
AM_7
100
AcDbLine
 10
212.53
 20
400.7665
 30
0.0
 11
212.53
 21
408.8935
 31
0.0
  0
LINE
  5
EE6
330
BA7
100
AcDbEntity
  8
AM_7
100
AcDbLine
 10
170.64
 20
410.83
 30
0.0
 11
174.42
 21
410.83
 31
0.0
  0
LINE
  5
EE7
330
BA7
100
AcDbEntity
  8
AM_7
100
AcDbLine
 10
172.53
 20
408.94
 30
0.0
 11
172.53
 21
412.72
 31
0.0
  0
LINE
  5
EE8
330
BA7
100
AcDbEntity
  8
AM_7
100
AcDbLine
 10
178.3665
 20
275.83
 30
0.0
 11
186.4935
 21
275.83
 31
0.0
  0
LINE
  5
EE9
330
BA7
100
AcDbEntity
  8
AM_7
100
AcDbLine
 10
182.43
 20
271.7665
 30
0.0
 11
182.43
 21
279.8935
 31
0.0
  0
LINE
  5
EEA
330
BA7
100
AcDbEntity
  8
AM_7
100
AcDbLine
 10
331.145
 20
429.83
 30
0.0
 11
148.215
 21
429.83
 31
0.0
  0
LINE
  5
EEB
330
BA7
100
AcDbEntity
  8
AM_7
100
AcDbLine
 10
331.145
 20
241.83
 30
0.0
 11
148.215
 21
241.83
 31
0.0
  0
LINE
  5
EEC
330
BA7
100
AcDbEntity
  8
AM_7
100
AcDbLine
 10
313.33
 20
423.395
 30
0.0
 11
313.33
 21
421.965
 31
0.0
  0
LINE
  5
EED
330
BA7
100
AcDbEntity
  8
AM_7
100
AcDbLine
 10
166.03
 20
423.395
 30
0.0
 11
166.03
 21
421.965
 31
0.0
  0
LINE
  5
EEE
330
BA7
100
AcDbEntity
  8
AM_7
100
AcDbLine
 10
313.33
 20
249.695
 30
0.0
 11
313.33
 21
248.265
 31
0.0
  0
LINE
  5
EEF
330
BA7
100
AcDbEntity
  8
AM_7
100
AcDbLine
 10
166.03
 20
249.695
 30
0.0
 11
166.03
 21
248.265
 31
0.0
  0
LINE
  5
EF0
330
BA7
100
AcDbEntity
  8
AM_7
100
AcDbLine
 10
273.33
 20
251.58
 30
0.0
 11
273.33
 21
257.08
 31
0.0
  0
LINE
  5
EF1
330
BA7
100
AcDbEntity
  8
AM_7
100
AcDbLine
 10
133.75
 20
259.321
 30
0.0
 11
137.71
 21
259.321
 31
0.0
  0
LINE
  5
EF2
330
BA7
100
AcDbEntity
  8
AM_7
100
AcDbLine
 10
127.75
 20
259.321
 30
0.0
 11
131.71
 21
259.321
 31
0.0
  0
LINE
  5
EF3
330
BA7
100
AcDbEntity
  8
AM_7
100
AcDbLine
 10
107.43
 20
280.126
 30
0.0
 11
109.63
 21
280.126
 31
0.0
  0
LINE
  5
EF4
330
BA7
100
AcDbEntity
  8
AM_7
100
AcDbLine
 10
107.43
 20
288.126
 30
0.0
 11
109.63
 21
288.126
 31
0.0
  0
LINE
  5
EF5
330
BA7
100
AcDbEntity
  8
AM_7
100
AcDbLine
 10
107.43
 20
296.126
 30
0.0
 11
109.63
 21
296.126
 31
0.0
  0
LINE
  5
EF6
330
BA7
100
AcDbEntity
  8
AM_7
100
AcDbLine
 10
107.43
 20
313.826
 30
0.0
 11
109.63
 21
313.826
 31
0.0
  0
LINE
  5
EF7
330
BA7
100
AcDbEntity
  8
AM_7
100
AcDbLine
 10
107.43
 20
321.826
 30
0.0
 11
109.63
 21
321.826
 31
0.0
  0
LINE
  5
EF8
330
BA7
100
AcDbEntity
  8
AM_7
100
AcDbLine
 10
107.43
 20
329.826
 30
0.0
 11
109.63
 21
329.826
 31
0.0
  0
LINE
  5
EF9
330
BA7
100
AcDbEntity
  8
AM_7
100
AcDbLine
 10
107.43
 20
337.826
 30
0.0
 11
109.63
 21
337.826
 31
0.0
  0
LINE
  5
EFA
330
BA7
100
AcDbEntity
  8
AM_7
100
AcDbLine
 10
107.43
 20
350.026
 30
0.0
 11
109.63
 21
350.026
 31
0.0
  0
LINE
  5
EFB
330
BA7
100
AcDbEntity
  8
AM_7
100
AcDbLine
 10
107.43
 20
358.026
 30
0.0
 11
109.63
 21
358.026
 31
0.0
  0
LINE
  5
EFC
330
BA7
100
AcDbEntity
  8
AM_7
100
AcDbLine
 10
107.43
 20
366.026
 30
0.0
 11
109.63
 21
366.026
 31
0.0
  0
LINE
  5
EFD
330
BA7
100
AcDbEntity
  8
AM_7
100
AcDbLine
 10
107.43
 20
374.026
 30
0.0
 11
109.63
 21
374.026
 31
0.0
  0
LINE
  5
EFE
330
BA7
100
AcDbEntity
  8
AM_7
100
AcDbLine
 10
107.43
 20
382.026
 30
0.0
 11
109.63
 21
382.026
 31
0.0
  0
LINE
  5
EFF
330
BA7
100
AcDbEntity
  8
AM_7
100
AcDbLine
 10
208.315
 20
420.005
 30
0.0
 11
208.315
 21
416.155
 31
0.0
  0
LINE
  5
F00
330
BA7
100
AcDbEntity
  8
AM_7
100
AcDbLine
 10
208.315
 20
251.655
 30
0.0
 11
208.315
 21
255.505
 31
0.0
  0
LINE
  5
F01
330
BA7
100
AcDbEntity
  8
AM_4
100
AcDbLine
 10
122.13
 20
342.48
 30
0.0
 11
122.13
 21
309.18
 31
0.0
  0
LINE
  5
F02
330
BA7
100
AcDbEntity
  8
AM_4
100
AcDbLine
 10
122.13
 20
300.78
 30
0.0
 11
122.13
 21
275.48
 31
0.0
  0
LINE
  5
F03
330
BA7
100
AcDbEntity
  8
AM_4
100
AcDbLine
 10
122.13
 20
386.68
 30
0.0
 11
122.13
 21
345.38
 31
0.0
  0
LINE
  5
F04
330
BA7
100
AcDbEntity
  8
AM_4
100
AcDbLine
 10
122.63
 20
345.38
 30
0.0
 11
122.63
 21
386.68
 31
0.0
  0
LINE
  5
F05
330
BA7
100
AcDbEntity
  8
AM_4
100
AcDbLine
 10
122.63
 20
309.18
 30
0.0
 11
122.63
 21
342.48
 31
0.0
  0
LINE
  5
F06
330
BA7
100
AcDbEntity
  8
AM_4
100
AcDbLine
 10
122.63
 20
275.48
 30
0.0
 11
122.63
 21
300.78
 31
0.0
  0
LINE
  5
F07
330
BA7
100
AcDbEntity
  8
AM_4
100
AcDbLine
 10
119.961
 20
380.63
 30
0.0
 11
119.961
 21
383.43
 31
0.0
  0
LINE
  5
F08
330
BA7
100
AcDbEntity
  8
AM_4
100
AcDbLine
 10
119.961
 20
383.43
 30
0.0
 11
121.83
 21
383.43
 31
0.0
  0
LINE
  5
F09
330
BA7
100
AcDbEntity
  8
AM_4
100
AcDbLine
 10
121.83
 20
386.68
 30
0.0
 11
121.83
 21
345.38
 31
0.0
  0
LINE
  5
F0A
330
BA7
100
AcDbEntity
  8
AM_4
100
AcDbLine
 10
121.83
 20
348.63
 30
0.0
 11
119.961
 21
348.63
 31
0.0
  0
LINE
  5
F0B
330
BA7
100
AcDbEntity
  8
AM_4
100
AcDbLine
 10
119.961
 20
348.63
 30
0.0
 11
119.961
 21
351.43
 31
0.0
  0
LINE
  5
F0C
330
BA7
100
AcDbEntity
  8
AM_4
100
AcDbLine
 10
119.961
 20
351.43
 30
0.0
 11
121.83
 21
351.43
 31
0.0
  0
LINE
  5
F0D
330
BA7
100
AcDbEntity
  8
AM_4
100
AcDbLine
 10
121.83
 20
356.63
 30
0.0
 11
119.961
 21
356.63
 31
0.0
  0
LINE
  5
F0E
330
BA7
100
AcDbEntity
  8
AM_4
100
AcDbLine
 10
119.961
 20
356.63
 30
0.0
 11
119.961
 21
359.43
 31
0.0
  0
LINE
  5
F0F
330
BA7
100
AcDbEntity
  8
AM_4
100
AcDbLine
 10
119.961
 20
359.43
 30
0.0
 11
121.83
 21
359.43
 31
0.0
  0
LINE
  5
F10
330
BA7
100
AcDbEntity
  8
AM_4
100
AcDbLine
 10
121.83
 20
364.63
 30
0.0
 11
119.961
 21
364.63
 31
0.0
  0
LINE
  5
F11
330
BA7
100
AcDbEntity
  8
AM_4
100
AcDbLine
 10
119.961
 20
364.63
 30
0.0
 11
119.961
 21
367.43
 31
0.0
  0
LINE
  5
F12
330
BA7
100
AcDbEntity
  8
AM_4
100
AcDbLine
 10
119.961
 20
367.43
 30
0.0
 11
121.83
 21
367.43
 31
0.0
  0
LINE
  5
F13
330
BA7
100
AcDbEntity
  8
AM_4
100
AcDbLine
 10
121.83
 20
372.63
 30
0.0
 11
119.961
 21
372.63
 31
0.0
  0
LINE
  5
F14
330
BA7
100
AcDbEntity
  8
AM_4
100
AcDbLine
 10
119.961
 20
372.63
 30
0.0
 11
119.961
 21
375.43
 31
0.0
  0
LINE
  5
F15
330
BA7
100
AcDbEntity
  8
AM_4
100
AcDbLine
 10
119.961
 20
375.43
 30
0.0
 11
121.83
 21
375.43
 31
0.0
  0
LINE
  5
F16
330
BA7
100
AcDbEntity
  8
AM_4
100
AcDbLine
 10
121.83
 20
380.63
 30
0.0
 11
119.961
 21
380.63
 31
0.0
  0
LINE
  5
F17
330
BA7
100
AcDbEntity
  8
AM_4
100
AcDbLine
 10
119.961
 20
294.73
 30
0.0
 11
119.961
 21
297.53
 31
0.0
  0
LINE
  5
F18
330
BA7
100
AcDbEntity
  8
AM_4
100
AcDbLine
 10
119.961
 20
297.53
 30
0.0
 11
121.83
 21
297.53
 31
0.0
  0
LINE
  5
F19
330
BA7
100
AcDbEntity
  8
AM_4
100
AcDbLine
 10
121.83
 20
300.78
 30
0.0
 11
121.83
 21
275.48
 31
0.0
  0
LINE
  5
F1A
330
BA7
100
AcDbEntity
  8
AM_4
100
AcDbLine
 10
121.83
 20
278.73
 30
0.0
 11
119.961
 21
278.73
 31
0.0
  0
LINE
  5
F1B
330
BA7
100
AcDbEntity
  8
AM_4
100
AcDbLine
 10
119.961
 20
278.73
 30
0.0
 11
119.961
 21
281.53
 31
0.0
  0
LINE
  5
F1C
330
BA7
100
AcDbEntity
  8
AM_4
100
AcDbLine
 10
119.961
 20
281.53
 30
0.0
 11
121.83
 21
281.53
 31
0.0
  0
LINE
  5
F1D
330
BA7
100
AcDbEntity
  8
AM_4
100
AcDbLine
 10
121.83
 20
286.73
 30
0.0
 11
119.961
 21
286.73
 31
0.0
  0
LINE
  5
F1E
330
BA7
100
AcDbEntity
  8
AM_4
100
AcDbLine
 10
119.961
 20
286.73
 30
0.0
 11
119.961
 21
289.53
 31
0.0
  0
LINE
  5
F1F
330
BA7
100
AcDbEntity
  8
AM_4
100
AcDbLine
 10
119.961
 20
289.53
 30
0.0
 11
121.83
 21
289.53
 31
0.0
  0
LINE
  5
F20
330
BA7
100
AcDbEntity
  8
AM_4
100
AcDbLine
 10
121.83
 20
294.73
 30
0.0
 11
119.961
 21
294.73
 31
0.0
  0
LINE
  5
F21
330
BA7
100
AcDbEntity
  8
AM_4
100
AcDbLine
 10
119.961
 20
336.43
 30
0.0
 11
119.961
 21
339.23
 31
0.0
  0
LINE
  5
F22
330
BA7
100
AcDbEntity
  8
AM_4
100
AcDbLine
 10
119.961
 20
339.23
 30
0.0
 11
121.83
 21
339.23
 31
0.0
  0
LINE
  5
F23
330
BA7
100
AcDbEntity
  8
AM_4
100
AcDbLine
 10
121.83
 20
342.48
 30
0.0
 11
121.83
 21
309.18
 31
0.0
  0
LINE
  5
F24
330
BA7
100
AcDbEntity
  8
AM_4
100
AcDbLine
 10
121.83
 20
312.43
 30
0.0
 11
119.961
 21
312.43
 31
0.0
  0
LINE
  5
F25
330
BA7
100
AcDbEntity
  8
AM_4
100
AcDbLine
 10
119.961
 20
312.43
 30
0.0
 11
119.961
 21
315.23
 31
0.0
  0
LINE
  5
F26
330
BA7
100
AcDbEntity
  8
AM_4
100
AcDbLine
 10
119.961
 20
315.23
 30
0.0
 11
121.83
 21
315.23
 31
0.0
  0
LINE
  5
F27
330
BA7
100
AcDbEntity
  8
AM_4
100
AcDbLine
 10
121.83
 20
320.43
 30
0.0
 11
119.961
 21
320.43
 31
0.0
  0
LINE
  5
F28
330
BA7
100
AcDbEntity
  8
AM_4
100
AcDbLine
 10
119.961
 20
320.43
 30
0.0
 11
119.961
 21
323.23
 31
0.0
  0
LINE
  5
F29
330
BA7
100
AcDbEntity
  8
AM_4
100
AcDbLine
 10
119.961
 20
323.23
 30
0.0
 11
121.83
 21
323.23
 31
0.0
  0
LINE
  5
F2A
330
BA7
100
AcDbEntity
  8
AM_4
100
AcDbLine
 10
121.83
 20
328.43
 30
0.0
 11
119.961
 21
328.43
 31
0.0
  0
LINE
  5
F2B
330
BA7
100
AcDbEntity
  8
AM_4
100
AcDbLine
 10
119.961
 20
328.43
 30
0.0
 11
119.961
 21
331.23
 31
0.0
  0
LINE
  5
F2C
330
BA7
100
AcDbEntity
  8
AM_4
100
AcDbLine
 10
119.961
 20
331.23
 30
0.0
 11
121.83
 21
331.23
 31
0.0
  0
LINE
  5
F2D
330
BA7
100
AcDbEntity
  8
AM_4
100
AcDbLine
 10
121.83
 20
336.43
 30
0.0
 11
119.961
 21
336.43
 31
0.0
  0
LINE
  5
F2E
330
BA7
100
AcDbEntity
  8
AM_4
100
AcDbLine
 10
107.53
 20
300.78
 30
0.0
 11
107.53
 21
275.48
 31
0.0
  0
LINE
  5
F2F
330
BA7
100
AcDbEntity
  8
AM_4
100
AcDbLine
 10
118.4102640687119
 20
300.78
 30
0.0
 11
118.4102640687119
 21
275.48
 31
0.0
  0
LINE
  5
F30
330
BA7
100
AcDbEntity
  8
AM_4
100
AcDbLine
 10
107.53
 20
275.48
 30
0.0
 11
124.33
 21
275.48
 31
0.0
  0
LINE
  5
F31
330
BA7
100
AcDbEntity
  8
AM_4
100
AcDbLine
 10
107.53
 20
300.78
 30
0.0
 11
124.8339964869438
 21
300.78
 31
0.0
  0
LINE
  5
F32
330
BA7
100
AcDbEntity
  8
AM_4
100
AcDbLine
 10
107.53
 20
386.68
 30
0.0
 11
124.8115547869001
 21
386.68
 31
0.0
  0
LINE
  5
F33
330
BA7
100
AcDbEntity
  8
AM_4
100
AcDbLine
 10
107.53
 20
345.38
 30
0.0
 11
124.3303599762879
 21
345.38
 31
0.0
  0
LINE
  5
F34
330
BA7
100
AcDbEntity
  8
AM_4
100
AcDbLine
 10
118.4102640687119
 20
386.68
 30
0.0
 11
118.4102640687119
 21
345.38
 31
0.0
  0
LINE
  5
F35
330
BA7
100
AcDbEntity
  8
AM_4
100
AcDbLine
 10
107.53
 20
386.68
 30
0.0
 11
107.53
 21
345.38
 31
0.0
  0
LINE
  5
F36
330
BA7
100
AcDbEntity
  8
AM_4
100
AcDbLine
 10
107.53
 20
342.48
 30
0.0
 11
124.33
 21
342.48
 31
0.0
  0
LINE
  5
F37
330
BA7
100
AcDbEntity
  8
AM_4
100
AcDbLine
 10
118.4102640687119
 20
342.48
 30
0.0
 11
118.4102640687119
 21
309.18
 31
0.0
  0
LINE
  5
F38
330
BA7
100
AcDbEntity
  8
AM_4
100
AcDbLine
 10
107.53
 20
309.18
 30
0.0
 11
124.33
 21
309.18
 31
0.0
  0
LINE
  5
F39
330
BA7
100
AcDbEntity
  8
AM_4
100
AcDbLine
 10
107.53
 20
342.48
 30
0.0
 11
107.53
 21
309.18
 31
0.0
  0
LINE
  5
F3A
330
BA7
100
AcDbEntity
  8
AM_4
100
AcDbLine
 10
124.33
 20
309.0297412980766
 30
0.0
 11
124.6607257491873
 21
309.0297412980766
 31
0.0
  0
LINE
  5
F3B
330
BA7
100
AcDbEntity
  8
AM_4
100
AcDbLine
 10
124.33
 20
309.0798303334316
 30
0.0
 11
124.6597848142216
 21
309.0798303334316
 31
0.0
  0
LINE
  5
F3C
330
BA7
100
AcDbEntity
  8
AM_4
100
AcDbLine
 10
124.33
 20
309.0297412980766
 30
0.0
 11
124.33
 21
344.2190000000011
 31
0.0
  0
LINE
  5
F3D
330
BA7
100
AcDbEntity
  8
AM_4
100
AcDbLine
 10
124.33
 20
342.1589494153549
 30
0.0
 11
124.331133353299
 21
342.1589494153549
 31
0.0
  0
LINE
  5
F3E
330
BA7
100
AcDbEntity
  8
AM_4
100
AcDbLine
 10
124.33
 20
311.4000505846452
 30
0.0
 11
124.6176683799007
 21
311.4000505846452
 31
0.0
  0
LINE
  5
F3F
330
BA7
100
AcDbEntity
  8
AM_4
100
AcDbLine
 10
124.33
 20
309.9801396200002
 30
0.0
 11
124.6431009104356
 21
309.9801396200002
 31
0.0
  0
LINE
  5
F40
330
BA7
100
AcDbEntity
  8
AM_4
100
AcDbLine
 10
124.33
 20
378.68
 30
0.0
 11
124.6471771941068
 21
378.68
 31
0.0
  0
LINE
  5
F41
330
BA7
100
AcDbEntity
  8
AM_4
100
AcDbLine
 10
124.33
 20
378.68
 30
0.0
 11
124.33
 21
386.38
 31
0.0
  0
LINE
  5
F42
330
BA7
100
AcDbEntity
  8
AM_4
100
AcDbLine
 10
124.33
 20
386.38
 30
0.0
 11
124.8047733006643
 21
386.38
 31
0.0
  0
LINE
  5
F43
330
BA7
100
AcDbEntity
  8
AM_4
100
AcDbLine
 10
124.33
 20
274.88
 30
0.0
 11
125.6144392227034
 21
274.88
 31
0.0
  0
LINE
  5
F44
330
BA7
100
AcDbEntity
  8
AM_4
100
AcDbLine
 10
124.33
 20
281.88
 30
0.0
 11
125.3681246337945
 21
281.88
 31
0.0
  0
LINE
  5
F45
330
BA7
100
AcDbEntity
  8
AM_4
100
AcDbLine
 10
124.33
 20
275.3585887754169
 30
0.0
 11
125.5967636249113
 21
275.3585887754169
 31
0.0
  0
LINE
  5
F46
330
BA7
100
AcDbEntity
  8
AM_4
100
AcDbLine
 10
124.33
 20
281.4014112245831
 30
0.0
 11
125.3841301016078
 21
281.4014112245831
 31
0.0
  0
LINE
  5
F47
330
BA7
100
AcDbEntity
  8
AM_4
100
AcDbLine
 10
124.33
 20
280.1306369654953
 30
0.0
 11
125.4272233670214
 21
280.1306369654953
 31
0.0
  0
LINE
  5
F48
330
BA7
100
AcDbEntity
  8
AM_4
100
AcDbLine
 10
124.33
 20
274.88
 30
0.0
 11
124.33
 21
281.88
 31
0.0
  0
LINE
  5
F49
330
BA7
100
AcDbEntity
  8
AM_4
100
AcDbLine
 10
124.33
 20
276.6293630345046
 30
0.0
 11
125.5504253264825
 21
276.6293630345046
 31
0.0
  0
LINE
  5
F4A
330
BA7
100
AcDbEntity
  8
AM_4
100
AcDbLine
 10
124.33
 20
279.5053936345283
 30
0.0
 11
125.4487431592707
 21
279.5053936345283
 31
0.0
  0
LINE
  5
F4B
330
BA7
100
AcDbEntity
  8
AM_4
100
AcDbLine
 10
124.33
 20
277.2546063796278
 30
0.0
 11
125.5279432830724
 21
277.2546063796278
 31
0.0
  0
LINE
  5
F4C
330
BA7
100
AcDbEntity
  8
AM_4
100
AcDbLine
 10
124.33
 20
385.865
 30
0.0
 11
124.7932439262287
 21
385.865
 31
0.0
  0
LINE
  5
F4D
330
BA7
100
AcDbEntity
  8
AM_4
100
AcDbLine
 10
124.33
 20
379.195
 30
0.0
 11
124.6567289294171
 21
379.195
 31
0.0
  0
LINE
  5
F4E
330
BA7
100
AcDbEntity
  8
AM_4
100
AcDbLine
 10
123.33
 20
397.33
 30
0.0
 11
124.33
 21
397.33
 31
0.0
  0
LINE
  5
F4F
330
BA7
100
AcDbEntity
  8
AM_4
100
AcDbLine
 10
123.33
 20
397.83
 30
0.0
 11
124.33
 21
397.83
 31
0.0
  0
LINE
  5
F50
330
BA7
100
AcDbEntity
  8
AM_4
100
AcDbLine
 10
123.33
 20
401.73
 30
0.0
 11
124.33
 21
401.73
 31
0.0
  0
LINE
  5
F51
330
BA7
100
AcDbEntity
  8
AM_4
100
AcDbLine
 10
123.33
 20
397.33
 30
0.0
 11
123.33
 21
401.73
 31
0.0
  0
LINE
  5
F52
330
BA7
100
AcDbEntity
  8
AM_4
100
AcDbLine
 10
123.33
 20
401.23
 30
0.0
 11
124.33
 21
401.23
 31
0.0
  0
LINE
  5
F53
330
BA7
100
AcDbEntity
  8
AM_4
100
AcDbLine
 10
124.9300153918819
 20
391.615
 30
0.0
 11
124.33
 21
391.615
 31
0.0
  0
LINE
  5
F54
330
BA7
100
AcDbEntity
  8
AM_4
100
AcDbLine
 10
125.33
 20
417.269
 30
0.0
 11
124.33
 21
417.269
 31
0.0
  0
LINE
  5
F55
330
BA7
100
AcDbEntity
  8
AM_4
100
AcDbLine
 10
124.33
 20
391.615
 30
0.0
 11
124.33
 21
417.269
 31
0.0
  0
LINE
  5
F56
330
BA7
100
AcDbEntity
  8
AM_4
100
AcDbLine
 10
134.4200175642202
 20
419.068
 30
0.0
 11
125.33
 21
419.068
 31
0.0
  0
LINE
  5
F57
330
BA7
100
AcDbEntity
  8
AM_4
100
AcDbLine
 10
125.33
 20
394.4298928009678
 30
0.0
 11
125.33
 21
419.068
 31
0.0
  0
LINE
  5
F58
330
BA7
100
AcDbEntity
  8
AM_4
100
AcDbLine
 10
150.43
 20
252.8300000000001
 30
0.0
 11
150.63
 21
252.8300000000001
 31
0.0
  0
LINE
  5
F59
330
BA7
100
AcDbEntity
  8
AM_4
100
AcDbLine
 10
150.63
 20
418.83
 30
0.0
 11
150.43
 21
418.83
 31
0.0
  0
CIRCLE
  5
F5A
330
BA7
100
AcDbEntity
  8
AM_4
100
AcDbCircle
 10
212.53
 20
404.83
 30
0.0
 40
3.48267863883936
  0
CIRCLE
  5
F5B
330
BA7
100
AcDbEntity
  8
AM_4
100
AcDbCircle
 10
182.43
 20
275.83
 30
0.0
 40
3.482678638839346
  0
LINE
  5
F5C
330
BA7
100
AcDbEntity
  8
AM_4
100
AcDbLine
 10
127.0483966929681
 20
252.4381245467449
 30
0.0
 11
144.93
 21
252.1260000000001
 31
0.0
  0
LINE
  5
F5D
330
BA7
100
AcDbEntity
  8
AM_4
100
AcDbLine
 10
144.93
 20
419.534
 30
0.0
 11
134.4240908469407
 21
419.3506186736034
 31
0.0
  0
LINE
  5
F5E
330
BA7
100
AcDbEntity
  8
AM_4
100
AcDbLine
 10
134.2079459631487
 20
404.3537268408495
 30
0.0
 11
134.4240908469407
 21
419.3506186736034
 31
0.0
  0
LWPOLYLINE
  5
F5F
330
BA7
100
AcDbEntity
  8
AM_4
100
AcDbPolyline
 90
       18
 70
     0
 43
0.0
 10
125.0024518287447
 20
394.3939424775614
 10
125.8796626593191
 20
394.5146263224173
 10
126.7430171477099
 20
394.7113048902931
 10
127.5859446449528
 20
394.9824813385295
 10
128.4020299638202
 20
395.3260918506146
 10
129.1850622022698
 20
395.7395213430737
 10
129.9290820121591
 20
396.2196233678336
 10
130.6284269534834
 20
396.7627440585925
 10
131.2777745889633
 20
397.3647499389483
 10
131.8721829910059
 20
398.0210593806505
 10
132.407128352758
 20
398.7266774725573
 10
132.878539417008
 20
399.4762340349253
 10
133.282828460911
 20
400.2640244897204
 10
133.6169186007266
 20
401.0840532759007
 10
133.8782672087616
 20
401.9300794792564
 10
134.0648852643023
 20
402.7956643295354
 10
134.1753524912629
 20
403.6742202033726
 10
134.2079459631487
 20
404.3537268408503
  0
LINE
  5
F60
330
BA7
100
AcDbEntity
  8
AM_4
100
AcDbLine
 10
125.0024518287442
 20
394.393942477499
 30
0.0
 11
126.5577178312882
 21
252.913664359503
 31
0.0
  0
LWPOLYLINE
  5
F61
330
BA7
100
AcDbEntity
  8
AM_4
100
AcDbPolyline
 90
       19
 70
     0
 43
0.0
 10
126.5577178312886
 20
252.9136643594955
 10
126.5617434270016
 20
252.8702311287467
 10
126.5695391595935
 20
252.827314028338
 10
126.5810456988319
 20
252.7852396833178
 10
126.5961754730054
 20
252.7443283048567
 10
126.614813335397
 20
252.7048912532479
 10
126.6368174406201
 20
252.6672286682668
 10
126.6620203241473
 20
252.6316271849263
 10
126.6902301768173
 20
252.5983577520116
 10
126.7212323046175
 20
252.5676735699957
 10
126.7547907626359
 20
252.5398081640314
 10
126.7906501507437
 20
252.5149736066836
 10
126.8285375573449
 20
252.4933589039292
 10
126.8681646363984
 20
252.4751285567077
 10
126.9092298019049
 20
252.460421308969
 10
126.9514205231593
 20
252.449349091749
 10
126.9944157032972
 20
252.4419961713062
 10
127.0378881230366
 20
252.4384185078052
 10
127.0483966929681
 20
252.4381245467449
  0
LINE
  5
F62
330
BA7
100
AcDbEntity
  8
AM_4
100
AcDbLine
 10
249.55084257625
 20
419.83
 30
0.0
 11
249.55084257625
 21
251.83
 31
0.0
  0
LINE
  5
F63
330
BA7
100
AcDbEntity
  8
AM_4
100
AcDbLine
 10
251.55084257625
 20
419.83
 30
0.0
 11
251.55084257625
 21
251.83
 31
0.0
  0
LINE
  5
F64
330
BA7
100
AcDbEntity
  8
AM_4
100
AcDbLine
 10
319.0300000000001
 20
422.33
 30
0.0
 11
305.83
 21
422.33
 31
0.0
  0
LINE
  5
F65
330
BA7
100
AcDbEntity
  8
AM_4
100
AcDbLine
 10
305.83
 20
422.33
 30
0.0
 11
305.83
 21
419.83
 31
0.0
  0
LINE
  5
F66
330
BA7
100
AcDbEntity
  8
AM_4
100
AcDbLine
 10
305.83
 20
249.33
 30
0.0
 11
305.83
 21
251.83
 31
0.0
  0
LINE
  5
F67
330
BA7
100
AcDbEntity
  8
AM_4
100
AcDbLine
 10
319.03
 20
249.33
 30
0.0
 11
305.83
 21
249.33
 31
0.0
  0
LINE
  5
F68
330
BA7
100
AcDbEntity
  8
AM_4
100
AcDbLine
 10
320.03
 20
434.83
 30
0.0
 11
322.53
 21
434.83
 31
0.0
  0
LINE
  5
F69
330
BA7
100
AcDbEntity
  8
AM_4
100
AcDbLine
 10
320.03
 20
423.33
 30
0.0
 11
320.03
 21
434.83
 31
0.0
  0
LINE
  5
F6A
330
BA7
100
AcDbEntity
  8
AM_4
100
AcDbLine
 10
322.53
 20
434.83
 30
0.0
 11
322.53
 21
423.330000052154
 31
0.0
  0
LINE
  5
F6B
330
BA7
100
AcDbEntity
  8
AM_4
100
AcDbLine
 10
320.03
 20
236.83
 30
0.0
 11
322.53
 21
236.83
 31
0.0
  0
LINE
  5
F6C
330
BA7
100
AcDbEntity
  8
AM_4
100
AcDbLine
 10
322.53
 20
248.33
 30
0.0
 11
322.53
 21
236.83
 31
0.0
  0
LINE
  5
F6D
330
BA7
100
AcDbEntity
  8
AM_4
100
AcDbLine
 10
320.03
 20
236.83
 30
0.0
 11
320.03
 21
248.33
 31
0.0
  0
CIRCLE
  5
F6E
330
BA7
100
AcDbEntity
  8
AM_4
100
AcDbCircle
 10
212.53
 20
404.83
 30
0.0
 40
3.800158461016531
  0
LINE
  5
F6F
330
BA7
100
AcDbEntity
  8
AM_4
100
AcDbLine
 10
310.83
 20
422.33
 30
0.0
 11
310.83
 21
419.83
 31
0.0
  0
LINE
  5
F70
330
BA7
100
AcDbEntity
  8
AM_4
100
AcDbLine
 10
310.83
 20
249.33
 30
0.0
 11
310.83
 21
251.83
 31
0.0
  0
ARC
  5
F71
330
BA7
100
AcDbEntity
  8
AM_4
100
AcDbCircle
 10
319.0300000000001
 20
248.3300000000001
 30
0.0
 40
0.9999999999998863
100
AcDbArc
 50
0.0
 51
90.0
  0
LINE
  5
F72
330
BA7
100
AcDbEntity
  8
AM_4
100
AcDbLine
 10
320.03
 20
238.83
 30
0.0
 11
322.53
 21
238.83
 31
0.0
  0
ARC
  5
F73
330
BA7
100
AcDbEntity
  8
AM_4
100
AcDbCircle
 10
319.0299999999999
 20
248.33
 30
0.0
 40
3.500000000000057
100
AcDbArc
 50
0.0
 51
90.0
  0
LINE
  5
F74
330
BA7
100
AcDbEntity
  8
AM_4
100
AcDbLine
 10
319.03
 20
251.83
 30
0.0
 11
319.03
 21
419.83
 31
0.0
  0
ARC
  5
F75
330
BA7
100
AcDbEntity
  8
AM_4
100
AcDbCircle
 10
319.03
 20
423.33
 30
0.0
 40
3.500000000000057
100
AcDbArc
 50
270.0
 51
0.0
  0
LINE
  5
F76
330
BA7
100
AcDbEntity
  8
AM_4
100
AcDbLine
 10
320.03
 20
432.83
 30
0.0
 11
322.53
 21
432.83
 31
0.0
  0
ARC
  5
F77
330
BA7
100
AcDbEntity
  8
AM_4
100
AcDbCircle
 10
319.03
 20
423.3299999999999
 30
0.0
 40
0.9999999999998863
100
AcDbArc
 50
270.0
 51
0.0
  0
LINE
  5
F78
330
BA7
100
AcDbEntity
  8
AM_4
100
AcDbLine
 10
250.50915742375
 20
419.83
 30
0.0
 11
250.50915742375
 21
251.83
 31
0.0
  0
LINE
  5
F79
330
BA7
100
AcDbEntity
  8
AM_4
100
AcDbLine
 10
252.70082039325
 20
419.83
 30
0.0
 11
252.70082039325
 21
251.83
 31
0.0
  0
LINE
  5
F7A
330
BA7
100
AcDbEntity
  8
AM_4
100
AcDbLine
 10
252.50915742375
 20
419.83
 30
0.0
 11
252.50915742375
 21
251.83
 31
0.0
  0
LINE
  5
F7B
330
BA7
100
AcDbEntity
  8
AM_4
100
AcDbLine
 10
250.70082039325
 20
419.83
 30
0.0
 11
250.70082039325
 21
251.83
 31
0.0
  0
LINE
  5
F7C
330
BA7
100
AcDbEntity
  8
AM_4
100
AcDbLine
 10
251.3591796067501
 20
419.83
 30
0.0
 11
251.3591796067501
 21
251.83
 31
0.0
  0
CIRCLE
  5
F7D
330
BA7
100
AcDbEntity
  8
AM_4
100
AcDbCircle
 10
212.53
 20
404.83
 30
0.0
 40
2.000000000000018
  0
CIRCLE
  5
F7E
330
BA7
100
AcDbEntity
  8
AM_4
100
AcDbCircle
 10
212.53
 20
404.83
 30
0.0
 40
1.500000000000013
  0
CIRCLE
  5
F7F
330
BA7
100
AcDbEntity
  8
AM_4
100
AcDbCircle
 10
212.53
 20
404.83
 30
0.0
 40
3.456500000000029
  0
CIRCLE
  5
F80
330
BA7
100
AcDbEntity
  8
AM_4
100
AcDbCircle
 10
212.53
 20
404.83
 30
0.0
 40
2.938500000000034
  0
LINE
  5
F81
330
BA7
100
AcDbEntity
  8
AM_4
100
AcDbLine
 10
173.53
 20
249.33
 30
0.0
 11
160.03
 21
249.33
 31
0.0
  0
LINE
  5
F82
330
BA7
100
AcDbEntity
  8
AM_4
100
AcDbLine
 10
173.53
 20
249.33
 30
0.0
 11
173.53
 21
251.83
 31
0.0
  0
CIRCLE
  5
F83
330
BA7
100
AcDbEntity
  8
AM_4
100
AcDbCircle
 10
182.43
 20
275.83
 30
0.0
 40
3.456500000000025
  0
CIRCLE
  5
F84
330
BA7
100
AcDbEntity
  8
AM_4
100
AcDbCircle
 10
182.43
 20
275.83
 30
0.0
 40
1.500000000000013
  0
CIRCLE
  5
F85
330
BA7
100
AcDbEntity
  8
AM_4
100
AcDbCircle
 10
182.43
 20
275.83
 30
0.0
 40
2.000000000000018
  0
CIRCLE
  5
F86
330
BA7
100
AcDbEntity
  8
AM_4
100
AcDbCircle
 10
182.43
 20
275.83
 30
0.0
 40
2.938500000000024
  0
LINE
  5
F87
330
BA7
100
AcDbEntity
  8
AM_4
100
AcDbLine
 10
150.63
 20
251.83
 30
0.0
 11
160.03
 21
251.83
 31
0.0
  0
LINE
  5
F88
330
BA7
100
AcDbEntity
  8
AM_4
100
AcDbLine
 10
156.53
 20
434.83
 30
0.0
 11
156.53
 21
423.330000052154
 31
0.0
  0
ARC
  5
F89
330
BA7
100
AcDbEntity
  8
AM_4
100
AcDbCircle
 10
160.0299999999999
 20
423.3299999999999
 30
0.0
 40
3.499999999999944
100
AcDbArc
 50
179.9999987925817
 51
270.0
  0
ARC
  5
F8A
330
BA7
100
AcDbEntity
  8
AM_4
100
AcDbCircle
 10
160.03
 20
423.33
 30
0.0
 40
0.9999999999999716
100
AcDbArc
 50
180.0
 51
270.0
  0
LINE
  5
F8B
330
BA7
100
AcDbEntity
  8
AM_4
100
AcDbLine
 10
159.03
 20
423.33
 30
0.0
 11
159.03
 21
434.83
 31
0.0
  0
ARC
  5
F8C
330
BA7
100
AcDbEntity
  8
AM_4
100
AcDbCircle
 10
160.03
 20
248.33
 30
0.0
 40
3.500000000000028
100
AcDbArc
 50
90.0
 51
179.9999991462263
  0
CIRCLE
  5
F8D
330
BA7
100
AcDbEntity
  8
AM_4
100
AcDbCircle
 10
212.53
 20
404.83
 30
0.0
 40
3.870000000000044
  0
LINE
  5
F8E
330
BA7
100
AcDbEntity
  8
AM_4
100
AcDbLine
 10
160.03
 20
419.83
 30
0.0
 11
150.63
 21
419.83
 31
0.0
  0
LINE
  5
F8F
330
BA7
100
AcDbEntity
  8
AM_4
100
AcDbLine
 10
150.63
 20
419.83
 30
0.0
 11
150.63
 21
251.83
 31
0.0
  0
LINE
  5
F90
330
BA7
100
AcDbEntity
  8
AM_4
100
AcDbLine
 10
156.53
 20
248.33
 30
0.0
 11
156.53
 21
236.83
 31
0.0
  0
LINE
  5
F91
330
BA7
100
AcDbEntity
  8
AM_4
100
AcDbLine
 10
159.03
 20
236.83
 30
0.0
 11
159.03
 21
248.33
 31
0.0
  0
ARC
  5
F92
330
BA7
100
AcDbEntity
  8
AM_4
100
AcDbCircle
 10
160.03
 20
248.33
 30
0.0
 40
0.9999999999999716
100
AcDbArc
 50
90.0
 51
180.0
  0
LINE
  5
F93
330
BA7
100
AcDbEntity
  8
AM_4
100
AcDbLine
 10
168.53
 20
249.33
 30
0.0
 11
168.53
 21
251.83
 31
0.0
  0
LINE
  5
F94
330
BA7
100
AcDbEntity
  8
AM_4
100
AcDbLine
 10
168.53
 20
251.83
 30
0.0
 11
310.83
 21
251.83
 31
0.0
  0
LINE
  5
F95
330
BA7
100
AcDbEntity
  8
AM_4
100
AcDbLine
 10
249.36
 20
419.83
 30
0.0
 11
249.36
 21
251.83
 31
0.0
  0
LINE
  5
F96
330
BA7
100
AcDbEntity
  8
AM_4
100
AcDbLine
 10
310.83
 20
419.83
 30
0.0
 11
168.53
 21
419.83
 31
0.0
  0
LINE
  5
F97
330
BA7
100
AcDbEntity
  8
AM_4
100
AcDbLine
 10
173.53
 20
422.33
 30
0.0
 11
160.03
 21
422.33
 31
0.0
  0
LINE
  5
F98
330
BA7
100
AcDbEntity
  8
AM_4
100
AcDbLine
 10
144.93
 20
419.83
 30
0.0
 11
144.93
 21
251.83
 31
0.0
  0
LINE
  5
F99
330
BA7
100
AcDbEntity
  8
AM_4
100
AcDbLine
 10
144.93
 20
251.83
 30
0.0
 11
150.43
 21
251.83
 31
0.0
  0
LINE
  5
F9A
330
BA7
100
AcDbEntity
  8
AM_4
100
AcDbLine
 10
150.43
 20
251.83
 30
0.0
 11
150.43
 21
419.83
 31
0.0
  0
LINE
  5
F9B
330
BA7
100
AcDbEntity
  8
AM_4
100
AcDbLine
 10
150.43
 20
419.83
 30
0.0
 11
144.93
 21
419.83
 31
0.0
  0
LINE
  5
F9C
330
BA7
100
AcDbEntity
  8
AM_4
100
AcDbLine
 10
173.53
 20
422.33
 30
0.0
 11
173.53
 21
419.83
 31
0.0
  0
LINE
  5
F9D
330
BA7
100
AcDbEntity
  8
AM_4
100
AcDbLine
 10
168.53
 20
422.33
 30
0.0
 11
168.53
 21
419.83
 31
0.0
  0
LINE
  5
F9E
330
BA7
100
AcDbEntity
  8
AM_4
100
AcDbLine
 10
156.53
 20
434.83
 30
0.0
 11
159.03
 21
434.83
 31
0.0
  0
LINE
  5
F9F
330
BA7
100
AcDbEntity
  8
AM_4
100
AcDbLine
 10
156.53
 20
432.83
 30
0.0
 11
159.03
 21
432.83
 31
0.0
  0
LINE
  5
FA0
330
BA7
100
AcDbEntity
  8
AM_4
100
AcDbLine
 10
156.53
 20
238.83
 30
0.0
 11
159.03
 21
238.83
 31
0.0
  0
LINE
  5
FA1
330
BA7
100
AcDbEntity
  8
AM_4
100
AcDbLine
 10
156.53
 20
236.83
 30
0.0
 11
159.03
 21
236.83
 31
0.0
  0
CIRCLE
  5
FA2
330
BA7
100
AcDbEntity
  8
AM_4
100
AcDbCircle
 10
172.53
 20
410.83
 30
0.0
 40
1.800000000000038
  0
CIRCLE
  5
FA3
330
BA7
100
AcDbEntity
  8
AM_4
100
AcDbCircle
 10
172.53
 20
410.83
 30
0.0
 40
1.300000000000034
  0
CIRCLE
  5
FA4
330
BA7
100
AcDbEntity
  8
AM_4
100
AcDbCircle
 10
182.43
 20
275.83
 30
0.0
 40
3.870000000000033
  0
CIRCLE
  5
FA5
330
BA7
100
AcDbEntity
  8
AM_4
100
AcDbCircle
 10
182.43
 20
275.83
 30
0.0
 40
3.800158461016534
  0
ENDBLK
  5
BAA
330
BA7
100
AcDbEntity
  8
0
100
AcDbBlockEnd
  0
ENDSEC
  0
SECTION
  2
ENTITIES
  0
INSERT
  5
6F
330
1F
100
AcDbEntity
  8
0
100
AcDbBlockReference
  2
1_MEDLN83SE_1100
 10
0.0
 20
0.0
 30
0.0
  0
ENDSEC
  0
SECTION
  2
OBJECTS
  0
DICTIONARY
  5
C
330
0
100
AcDbDictionary
281
     1
  3
ACAD_DETAILVIEWSTYLE
350
FEB
  3
ACAD_GROUP
350
D
  3
ACAD_LAYOUT
350
1A
  3
ACAD_MATERIAL
350
43
  3
ACAD_MLEADERSTYLE
350
6B
  3
ACAD_MLINESTYLE
350
17
  3
ACAD_PLOTSETTINGS
350
19
  3
ACAD_PLOTSTYLENAME
350
E
  3
ACAD_SCALELIST
350
47
  3
ACAD_SECTIONVIEWSTYLE
350
FEC
  3
ACAD_TABLESTYLE
350
69
  3
ACAD_VISUALSTYLE
350
2A
  3
ACDB_RECOMPOSE_DATA
350
FE8
  3
AcDbVariableDictionary
350
FA8
  0
DICTIONARY
  5
FA6
330
8
100
AcDbDictionary
280
     1
281
     1
  3
ACAD_XREC_ROUNDTRIP
360
FA7
  0
DICTIONARY
  5
FEB
102
{ACAD_REACTORS
330
C
102
}
330
C
100
AcDbDictionary
281
     1
  0
DICTIONARY
  5
D
102
{ACAD_REACTORS
330
C
102
}
330
C
100
AcDbDictionary
281
     1
  0
DICTIONARY
  5
1A
102
{ACAD_REACTORS
330
C
102
}
330
C
100
AcDbDictionary
281
     1
  3
Layout1
350
1E
  3
Layout2
350
26
  3
Model
350
22
  0
DICTIONARY
  5
43
102
{ACAD_REACTORS
330
C
102
}
330
C
100
AcDbDictionary
281
     1
  3
ByBlock
350
45
  3
ByLayer
350
44
  3
Global
350
46
  0
DICTIONARY
  5
6B
102
{ACAD_REACTORS
330
C
102
}
330
C
100
AcDbDictionary
281
     1
  3
Standard
350
6C
  0
DICTIONARY
  5
17
102
{ACAD_REACTORS
330
C
102
}
330
C
100
AcDbDictionary
281
     1
  3
Standard
350
18
  0
DICTIONARY
  5
19
102
{ACAD_REACTORS
330
C
102
}
330
C
100
AcDbDictionary
281
     1
  0
ACDBDICTIONARYWDFLT
  5
E
102
{ACAD_REACTORS
330
C
102
}
330
C
100
AcDbDictionary
281
     1
  3
Normal
350
F
100
AcDbDictionaryWithDefault
340
F
  0
DICTIONARY
  5
47
102
{ACAD_REACTORS
330
C
102
}
330
C
100
AcDbDictionary
281
     1
  3
A0
350
48
  3
A1
350
49
  3
A2
350
4A
  3
A3
350
4B
  3
A4
350
4C
  3
A5
350
4D
  3
A6
350
4E
  3
A7
350
4F
  3
A8
350
50
  3
A9
350
51
  3
B0
350
52
  3
B1
350
53
  3
B2
350
54
  3
B3
350
55
  3
B4
350
56
  3
B5
350
57
  3
B6
350
58
  3
B7
350
59
  3
B8
350
5A
  3
B9
350
5B
  3
C0
350
5C
  3
C1
350
5D
  3
C2
350
5E
  3
C3
350
5F
  3
C4
350
60
  3
C5
350
61
  3
C6
350
62
  3
C7
350
63
  3
C8
350
64
  3
C9
350
65
  3
D0
350
66
  3
D1
350
67
  3
D2
350
68
  0
DICTIONARY
  5
FEC
102
{ACAD_REACTORS
330
C
102
}
330
C
100
AcDbDictionary
281
     1
  0
DICTIONARY
  5
69
102
{ACAD_REACTORS
330
C
102
}
330
C
100
AcDbDictionary
281
     1
  3
Standard
350
6A
  0
DICTIONARY
  5
2A
102
{ACAD_REACTORS
330
C
102
}
330
C
100
AcDbDictionary
281
     1
  3
2dWireframe
350
2F
  3
Basic
350
32
  3
Brighten
350
36
  3
ColorChange
350
3A
  3
Conceptual
350
34
  3
Dim
350
35
  3
EdgeColorOff
350
3D
  3
Facepattern
350
39
  3
Flat
350
2B
  3
FlatWithEdges
350
2C
  3
Gouraud
350
2D
  3
GouraudWithEdges
350
2E
  3
Hidden
350
31
  3
JitterOff
350
3B
  3
Linepattern
350
38
  3
OverhangOff
350
3C
  3
Realistic
350
33
  3
Shaded
350
42
  3
Shaded with edges
350
41
  3
Shades of Gray
350
3E
  3
Sketchy
350
3F
  3
Thicken
350
37
  3
Wireframe
350
30
  3
X-Ray
350
40
  0
XRECORD
  5
FE8
102
{ACAD_REACTORS
330
C
102
}
330
C
100
AcDbXrecord
280
     1
 90
        1
330
6A
  0
DICTIONARY
  5
FA8
102
{ACAD_REACTORS
330
C
102
}
330
C
100
AcDbDictionary
281
     1
  3
CANNOSCALE
350
FA9
  3
CMLEADERSTYLE
350
FEA
  3
CTABLESTYLE
350
FE9
  3
MSLTSCALE
350
FAA
  3
XCLIPFRAME
350
FAB
  0
XRECORD
  5
FA7
102
{ACAD_REACTORS
330
FA6
102
}
330
FA6
100
AcDbXrecord
280
     1
102
VTR_0.000_0.000_1.000_1.000_VISUALSTYLE
340
2F
102
VTR_0.000_0.000_1.000_1.000_GRIDDISPLAY
 70
     3
102
VTR_0.000_0.000_1.000_1.000_GRIDMAJOR
 70
     5
102
VTR_0.000_0.000_1.000_1.000_DEFAULTLIGHTING
280
     1
102
VTR_0.000_0.000_1.000_1.000_DEFAULTLIGHTINGTYPE
 70
     1
102
VTR_0.000_0.000_1.000_1.000_BRIGHTNESS
141
0.0
102
VTR_0.000_0.000_1.000_1.000_CONTRAST
142
0.0
  0
LAYOUT
  5
1E
102
{ACAD_REACTORS
330
1A
102
}
330
1A
100
AcDbPlotSettings
  1

  2
none_device
  4

  6

 40
0.0
 41
0.0
 42
0.0
 43
0.0
 44
0.0
 45
0.0
 46
0.0
 47
0.0
 48
0.0
 49
0.0
140
0.0
141
0.0
142
1.0
143
1.0
 70
   688
 72
     1
 73
     0
 74
     5
  7

 75
    16
 76
     0
 77
     2
 78
   300
147
1.0
148
0.0
149
0.0
100
AcDbLayout
  1
Layout1
 70
     1
 71
     1
 10
0.0
 20
0.0
 11
420.0
 21
297.0
 12
0.0
 22
0.0
 32
0.0
 14
1.000000000000000E+20
 24
1.000000000000000E+20
 34
1.000000000000000E+20
 15
-1.000000000000000E+20
 25
-1.000000000000000E+20
 35
-1.000000000000000E+20
146
0.0
 13
0.0
 23
0.0
 33
0.0
 16
1.0
 26
0.0
 36
0.0
 17
0.0
 27
1.0
 37
0.0
 76
     0
330
1B
  0
LAYOUT
  5
26
102
{ACAD_REACTORS
330
1A
102
}
330
1A
100
AcDbPlotSettings
  1

  2
none_device
  4

  6

 40
0.0
 41
0.0
 42
0.0
 43
0.0
 44
0.0
 45
0.0
 46
0.0
 47
0.0
 48
0.0
 49
0.0
140
0.0
141
0.0
142
1.0
143
1.0
 70
   688
 72
     1
 73
     0
 74
     5
  7

 75
    16
 76
     0
 77
     2
 78
   300
147
1.0
148
0.0
149
0.0
100
AcDbLayout
  1
Layout2
 70
     1
 71
     2
 10
0.0
 20
0.0
 11
0.0
 21
0.0
 12
0.0
 22
0.0
 32
0.0
 14
0.0
 24
0.0
 34
0.0
 15
0.0
 25
0.0
 35
0.0
146
0.0
 13
0.0
 23
0.0
 33
0.0
 16
1.0
 26
0.0
 36
0.0
 17
0.0
 27
1.0
 37
0.0
 76
     0
330
23
  0
LAYOUT
  5
22
102
{ACAD_REACTORS
330
1A
102
}
330
1A
100
AcDbPlotSettings
  1

  2
none_device
  4
Letter_(8.50_x_11.00_Inches)
  6

 40
6.35
 41
6.35
 42
6.35000508
 43
6.35000508
 44
215.9
 45
279.4
 46
0.0
 47
0.0
 48
0.0
 49
0.0
140
0.0
141
0.0
142
1.0
143
1.0
 70
  1712
 72
     1
 73
     0
 74
     0
  7

 75
     0
 76
     0
 77
     2
 78
   300
147
1.0
148
0.0
149
0.0
100
AcDbLayout
  1
Model
 70
     1
 71
     0
 10
0.0
 20
0.0
 11
420.0
 21
297.0
 12
0.0
 22
0.0
 32
0.0
 14
1.000000000000000E+20
 24
1.000000000000000E+20
 34
1.000000000000000E+20
 15
-1.000000000000000E+20
 25
-1.000000000000000E+20
 35
-1.000000000000000E+20
146
0.0
 13
0.0
 23
0.0
 33
0.0
 16
1.0
 26
0.0
 36
0.0
 17
0.0
 27
1.0
 37
0.0
 76
     0
330
1F
331
29
  0
MATERIAL
  5
45
102
{ACAD_REACTORS
330
43
102
}
102
{ACAD_XDICTIONARY
360
FDE
102
}
330
43
100
AcDbMaterial
  1
ByBlock
  0
MATERIAL
  5
44
102
{ACAD_REACTORS
330
43
102
}
102
{ACAD_XDICTIONARY
360
FDC
102
}
330
43
100
AcDbMaterial
  1
ByLayer
  0
MATERIAL
  5
46
102
{ACAD_REACTORS
330
43
102
}
102
{ACAD_XDICTIONARY
360
FE0
102
}
330
43
100
AcDbMaterial
  1
Global
  0
MLEADERSTYLE
  5
6C
102
{ACAD_REACTORS
330
6B
102
}
102
{ACAD_XDICTIONARY
360
FE6
102
}
330
6B
100
AcDbMLeaderStyle
170
     2
171
     1
172
     0
 90
        2
 40
0.0
 41
0.0
173
     1
 91
-1056964608
340
14
 92
       -2
290
     1
 42
2.0
291
     1
 43
8.0
  3
Standard
341
0
 44
4.0
300

342
11
174
     1
178
     6
175
     1
176
     0
 93
-1056964608
 45
4.0
292
     0
297
     0
 46
4.0
343
0
 94
-1056964608
 47
1.0
 49
1.0
140
1.0
293
     1
141
0.0
294
     1
177
     0
142
1.0
295
     0
296
     0
143
3.75
1001
ACAD_MLEADERVER
1070
     2
  0
MLINESTYLE
  5
18
102
{ACAD_REACTORS
330
17
102
}
330
17
100
AcDbMlineStyle
  2
Standard
 70
     0
  3

 62
   256
 51
90.0
 52
90.0
 71
     2
 49
0.5
 62
   256
  6
BYLAYER
 49
-0.5
 62
   256
  6
BYLAYER
  0
ACDBPLACEHOLDER
  5
F
102
{ACAD_REACTORS
330
E
102
}
330
E
  0
SCALE
  5
48
102
{ACAD_REACTORS
330
47
102
}
330
47
100
AcDbScale
 70
     0
300
1:1
140
1.0
141
1.0
290
     1
  0
SCALE
  5
49
102
{ACAD_REACTORS
330
47
102
}
330
47
100
AcDbScale
 70
     0
300
1:2
140
1.0
141
2.0
290
     0
  0
SCALE
  5
4A
102
{ACAD_REACTORS
330
47
102
}
330
47
100
AcDbScale
 70
     0
300
1:4
140
1.0
141
4.0
290
     0
  0
SCALE
  5
4B
102
{ACAD_REACTORS
330
47
102
}
330
47
100
AcDbScale
 70
     0
300
1:5
140
1.0
141
5.0
290
     0
  0
SCALE
  5
4C
102
{ACAD_REACTORS
330
47
102
}
330
47
100
AcDbScale
 70
     0
300
1:8
140
1.0
141
8.0
290
     0
  0
SCALE
  5
4D
102
{ACAD_REACTORS
330
47
102
}
330
47
100
AcDbScale
 70
     0
300
1:10
140
1.0
141
10.0
290
     0
  0
SCALE
  5
4E
102
{ACAD_REACTORS
330
47
102
}
330
47
100
AcDbScale
 70
     0
300
1:16
140
1.0
141
16.0
290
     0
  0
SCALE
  5
4F
102
{ACAD_REACTORS
330
47
102
}
330
47
100
AcDbScale
 70
     0
300
1:20
140
1.0
141
20.0
290
     0
  0
SCALE
  5
50
102
{ACAD_REACTORS
330
47
102
}
330
47
100
AcDbScale
 70
     0
300
1:30
140
1.0
141
30.0
290
     0
  0
SCALE
  5
51
102
{ACAD_REACTORS
330
47
102
}
330
47
100
AcDbScale
 70
     0
300
1:40
140
1.0
141
40.0
290
     0
  0
SCALE
  5
52
102
{ACAD_REACTORS
330
47
102
}
330
47
100
AcDbScale
 70
     0
300
1:50
140
1.0
141
50.0
290
     0
  0
SCALE
  5
53
102
{ACAD_REACTORS
330
47
102
}
330
47
100
AcDbScale
 70
     0
300
1:100
140
1.0
141
100.0
290
     0
  0
SCALE
  5
54
102
{ACAD_REACTORS
330
47
102
}
330
47
100
AcDbScale
 70
     0
300
2:1
140
2.0
141
1.0
290
     0
  0
SCALE
  5
55
102
{ACAD_REACTORS
330
47
102
}
330
47
100
AcDbScale
 70
     0
300
4:1
140
4.0
141
1.0
290
     0
  0
SCALE
  5
56
102
{ACAD_REACTORS
330
47
102
}
330
47
100
AcDbScale
 70
     0
300
8:1
140
8.0
141
1.0
290
     0
  0
SCALE
  5
57
102
{ACAD_REACTORS
330
47
102
}
330
47
100
AcDbScale
 70
     0
300
10:1
140
10.0
141
1.0
290
     0
  0
SCALE
  5
58
102
{ACAD_REACTORS
330
47
102
}
330
47
100
AcDbScale
 70
     0
300
100:1
140
100.0
141
1.0
290
     0
  0
SCALE
  5
59
102
{ACAD_REACTORS
330
47
102
}
330
47
100
AcDbScale
 70
     0
300
1/128" = 1'-0"
140
0.0078125
141
12.0
290
     0
  0
SCALE
  5
5A
102
{ACAD_REACTORS
330
47
102
}
330
47
100
AcDbScale
 70
     0
300
1/64" = 1'-0"
140
0.015625
141
12.0
290
     0
  0
SCALE
  5
5B
102
{ACAD_REACTORS
330
47
102
}
330
47
100
AcDbScale
 70
     0
300
1/32" = 1'-0"
140
0.03125
141
12.0
290
     0
  0
SCALE
  5
5C
102
{ACAD_REACTORS
330
47
102
}
330
47
100
AcDbScale
 70
     0
300
1/16" = 1'-0"
140
0.0625
141
12.0
290
     0
  0
SCALE
  5
5D
102
{ACAD_REACTORS
330
47
102
}
330
47
100
AcDbScale
 70
     0
300
3/32" = 1'-0"
140
0.09375
141
12.0
290
     0
  0
SCALE
  5
5E
102
{ACAD_REACTORS
330
47
102
}
330
47
100
AcDbScale
 70
     0
300
1/8" = 1'-0"
140
0.125
141
12.0
290
     0
  0
SCALE
  5
5F
102
{ACAD_REACTORS
330
47
102
}
330
47
100
AcDbScale
 70
     0
300
3/16" = 1'-0"
140
0.1875
141
12.0
290
     0
  0
SCALE
  5
60
102
{ACAD_REACTORS
330
47
102
}
330
47
100
AcDbScale
 70
     0
300
1/4" = 1'-0"
140
0.25
141
12.0
290
     0
  0
SCALE
  5
61
102
{ACAD_REACTORS
330
47
102
}
330
47
100
AcDbScale
 70
     0
300
3/8" = 1'-0"
140
0.375
141
12.0
290
     0
  0
SCALE
  5
62
102
{ACAD_REACTORS
330
47
102
}
330
47
100
AcDbScale
 70
     0
300
1/2" = 1'-0"
140
0.5
141
12.0
290
     0
  0
SCALE
  5
63
102
{ACAD_REACTORS
330
47
102
}
330
47
100
AcDbScale
 70
     0
300
3/4" = 1'-0"
140
0.75
141
12.0
290
     0
  0
SCALE
  5
64
102
{ACAD_REACTORS
330
47
102
}
330
47
100
AcDbScale
 70
     0
300
1" = 1'-0"
140
1.0
141
12.0
290
     0
  0
SCALE
  5
65
102
{ACAD_REACTORS
330
47
102
}
330
47
100
AcDbScale
 70
     0
300
1-1/2" = 1'-0"
140
1.5
141
12.0
290
     0
  0
SCALE
  5
66
102
{ACAD_REACTORS
330
47
102
}
330
47
100
AcDbScale
 70
     0
300
3" = 1'-0"
140
3.0
141
12.0
290
     0
  0
SCALE
  5
67
102
{ACAD_REACTORS
330
47
102
}
330
47
100
AcDbScale
 70
     0
300
6" = 1'-0"
140
6.0
141
12.0
290
     0
  0
SCALE
  5
68
102
{ACAD_REACTORS
330
47
102
}
330
47
100
AcDbScale
 70
     0
300
1'-0" = 1'-0"
140
12.0
141
12.0
290
     0
  0
TABLESTYLE
  5
6A
102
{ACAD_REACTORS
330
69
102
}
102
{ACAD_XDICTIONARY
360
FE2
102
}
330
69
100
AcDbTableStyle
  3
Standard
 70
     0
 71
     0
 40
0.06
 41
0.06
280
     0
281
     0
  7
Standard
140
4.5
170
     2
 62
     0
 63
   257
283
     0
274
    -2
284
     1
 64
     0
275
    -2
285
     1
 65
     0
276
    -2
286
     1
 66
     0
277
    -2
287
     1
 67
     0
278
    -2
288
     1
 68
     0
279
    -2
289
     1
 69
     0
  7
Standard
140
6.0
170
     5
 62
     0
 63
   257
283
     0
274
    -2
284
     1
 64
     0
275
    -2
285
     1
 65
     0
276
    -2
286
     1
 66
     0
277
    -2
287
     1
 67
     0
278
    -2
288
     1
 68
     0
279
    -2
289
     1
 69
     0
  7
Standard
140
4.5
170
     5
 62
     0
 63
   257
283
     0
274
    -2
284
     1
 64
     0
275
    -2
285
     1
 65
     0
276
    -2
286
     1
 66
     0
277
    -2
287
     1
 67
     0
278
    -2
288
     1
 68
     0
279
    -2
289
     1
 69
     0
  0
VISUALSTYLE
  5
2F
102
{ACAD_REACTORS
330
2A
102
}
102
{ACAD_XDICTIONARY
360
FB4
102
}
330
2A
100
AcDbVisualStyle
  2
2dWireframe
 70
     4
 71
     0
 72
     2
 73
     0
 90
        0
 40
0.6
 41
30.0
 62
     5
 63
     7
421
 16777215
 74
     1
 91
        4
 64
     7
 65
   257
 75
     1
175
     1
 42
1.0
 92
        0
 66
   257
 43
1.0
 76
     1
 77
     6
 78
     2
 67
     7
 79
     5
170
     0
171
     0
290
     0
174
     0
 93
        1
 44
0.0
173
     0
291
     0
 45
0.0
1001
ACAD
1000
AcDbSavedByObjectVersion
1070
     0
  0
VISUALSTYLE
  5
32
102
{ACAD_REACTORS
330
2A
102
}
102
{ACAD_XDICTIONARY
360
FBA
102
}
330
2A
100
AcDbVisualStyle
  2
Basic
 70
     7
 71
     1
 72
     0
 73
     1
 90
        0
 40
0.6
 41
30.0
 62
     5
 63
     7
421
 16777215
 74
     0
 91
        4
 64
     7
 65
   257
 75
     1
175
     1
 42
1.0
 92
        8
 66
     7
 43
1.0
 76
     1
 77
     6
 78
     2
 67
     7
 79
     5
170
     0
171
     0
290
     0
174
     0
 93
        1
 44
0.0
173
     0
291
     1
 45
0.0
1001
ACAD
1000
AcDbSavedByObjectVersion
1070
     0
  0
VISUALSTYLE
  5
36
102
{ACAD_REACTORS
330
2A
102
}
102
{ACAD_XDICTIONARY
360
FC2
102
}
330
2A
100
AcDbVisualStyle
  2
Brighten
 70
    12
 71
     2
 72
     2
 73
     0
 90
        0
 40
0.6
 41
30.0
 62
     5
 63
     7
421
 16777215
 74
     1
 91
        4
 64
     7
 65
   257
 75
     1
175
     1
 42
1.0
 92
        8
 66
     7
 43
1.0
 76
     1
 77
     6
 78
     2
 67
     7
 79
     5
170
     0
171
     0
290
     0
174
     0
 93
        1
 44
50.0
173
     0
291
     1
 45
0.0
1001
ACAD
1000
AcDbSavedByObjectVersion
1070
     0
  0
VISUALSTYLE
  5
3A
102
{ACAD_REACTORS
330
2A
102
}
102
{ACAD_XDICTIONARY
360
FCA
102
}
330
2A
100
AcDbVisualStyle
  2
ColorChange
 70
    16
 71
     2
 72
     2
 73
     3
 90
        0
 40
0.6
 41
30.0
 62
     5
 63
     8
421
  8421504
 74
     1
 91
        4
 64
     7
 65
   257
 75
     1
175
     1
 42
1.0
 92
        8
 66
     8
424
  8421504
 43
1.0
 76
     1
 77
     6
 78
     2
 67
     7
 79
     5
170
     0
171
     0
290
     0
174
     0
 93
        1
 44
0.0
173
     0
291
     1
 45
0.0
1001
ACAD
1000
AcDbSavedByObjectVersion
1070
     0
  0
VISUALSTYLE
  5
34
102
{ACAD_REACTORS
330
2A
102
}
102
{ACAD_XDICTIONARY
360
FBE
102
}
330
2A
100
AcDbVisualStyle
  2
Conceptual
 70
     9
 71
     3
 72
     2
 73
     0
 90
        0
 40
0.6
 41
30.0
 62
     5
 63
     7
421
 16777215
 74
     2
 91
        2
 64
     7
 65
   257
 75
     1
175
     1
 42
179.0
 92
        8
 66
     7
 43
1.0
 76
     1
 77
     6
 78
     2
 67
     7
 79
     3
170
     0
171
     0
290
     0
174
     0
 93
        1
 44
0.0
173
     0
291
     0
 45
0.0
1001
ACAD
1000
AcDbSavedByObjectVersion
1070
     0
  0
VISUALSTYLE
  5
35
102
{ACAD_REACTORS
330
2A
102
}
102
{ACAD_XDICTIONARY
360
FC0
102
}
330
2A
100
AcDbVisualStyle
  2
Dim
 70
    11
 71
     2
 72
     2
 73
     0
 90
        0
 40
0.6
 41
30.0
 62
     5
 63
     7
421
 16777215
 74
     1
 91
        4
 64
     7
 65
   257
 75
     1
175
     1
 42
1.0
 92
        8
 66
     7
 43
1.0
 76
     1
 77
     6
 78
     2
 67
     7
 79
     5
170
     0
171
     0
290
     0
174
     0
 93
        1
 44
-50.0
173
     0
291
     1
 45
0.0
1001
ACAD
1000
AcDbSavedByObjectVersion
1070
     0
  0
VISUALSTYLE
  5
3D
102
{ACAD_REACTORS
330
2A
102
}
102
{ACAD_XDICTIONARY
360
FD0
102
}
330
2A
100
AcDbVisualStyle
  2
EdgeColorOff
 70
    22
 71
     2
 72
     2
 73
     0
 90
        0
 40
0.6
 41
30.0
 62
     5
 63
     7
421
 16777215
 74
     1
 91
        4
 64
     7
 65
   257
 75
     1
175
     1
 42
1.0
 92
        8
 66
     7
 43
1.0
 76
     1
 77
     6
 78
     2
 67
     7
 79
     5
170
     0
171
     0
290
     0
174
     0
 93
        1
 44
0.0
173
     0
291
     1
 45
0.0
1001
ACAD
1000
AcDbSavedByObjectVersion
1070
     0
  0
VISUALSTYLE
  5
39
102
{ACAD_REACTORS
330
2A
102
}
102
{ACAD_XDICTIONARY
360
FC8
102
}
330
2A
100
AcDbVisualStyle
  2
Facepattern
 70
    15
 71
     2
 72
     2
 73
     0
 90
        0
 40
0.6
 41
30.0
 62
     5
 63
     7
421
 16777215
 74
     1
 91
        4
 64
     7
 65
   257
 75
     1
175
     1
 42
1.0
 92
        8
 66
     7
 43
1.0
 76
     1
 77
     6
 78
     2
 67
     7
 79
     5
170
     0
171
     0
290
     0
174
     0
 93
        1
 44
0.0
173
     0
291
     1
 45
0.0
1001
ACAD
1000
AcDbSavedByObjectVersion
1070
     0
  0
VISUALSTYLE
  5
2B
102
{ACAD_REACTORS
330
2A
102
}
102
{ACAD_XDICTIONARY
360
FAC
102
}
330
2A
100
AcDbVisualStyle
  2
Flat
 70
     0
 71
     2
 72
     1
 73
     1
 90
        2
 40
0.6
 41
30.0
 62
     5
 63
     7
421
 16777215
 74
     0
 91
        0
 64
     7
 65
   257
 75
     1
175
     1
 42
1.0
 92
        8
 66
     7
 43
1.0
 76
     1
 77
     6
 78
     2
 67
     7
 79
     5
170
     0
171
     0
290
     0
174
     0
 93
       13
 44
0.0
173
     0
291
     1
 45
0.0
1001
ACAD
1000
AcDbSavedByObjectVersion
1070
     0
  0
VISUALSTYLE
  5
2C
102
{ACAD_REACTORS
330
2A
102
}
102
{ACAD_XDICTIONARY
360
FAE
102
}
330
2A
100
AcDbVisualStyle
  2
FlatWithEdges
 70
     1
 71
     2
 72
     1
 73
     1
 90
        2
 40
0.6
 41
30.0
 62
     5
 63
     7
421
 16777215
 74
     1
 91
        0
 64
     7
 65
   257
 75
     1
175
     1
 42
1.0
 92
        0
 66
   257
 43
1.0
 76
     1
 77
     6
 78
     2
 67
     7
 79
     5
170
     0
171
     0
290
     0
174
     0
 93
       13
 44
0.0
173
     0
291
     1
 45
0.0
1001
ACAD
1000
AcDbSavedByObjectVersion
1070
     0
  0
VISUALSTYLE
  5
2D
102
{ACAD_REACTORS
330
2A
102
}
102
{ACAD_XDICTIONARY
360
FB0
102
}
330
2A
100
AcDbVisualStyle
  2
Gouraud
 70
     2
 71
     2
 72
     2
 73
     1
 90
        2
 40
0.6
 41
30.0
 62
     5
 63
     7
421
 16777215
 74
     0
 91
        0
 64
     7
 65
   257
 75
     1
175
     1
 42
1.0
 92
        0
 66
     7
 43
1.0
 76
     1
 77
     6
 78
     2
 67
     7
 79
     5
170
     0
171
     0
290
     0
174
     0
 93
       13
 44
0.0
173
     0
291
     1
 45
0.0
1001
ACAD
1000
AcDbSavedByObjectVersion
1070
     0
  0
VISUALSTYLE
  5
2E
102
{ACAD_REACTORS
330
2A
102
}
102
{ACAD_XDICTIONARY
360
FB2
102
}
330
2A
100
AcDbVisualStyle
  2
GouraudWithEdges
 70
     3
 71
     2
 72
     2
 73
     1
 90
        2
 40
0.6
 41
30.0
 62
     5
 63
     7
421
 16777215
 74
     1
 91
        0
 64
     7
 65
   257
 75
     1
175
     1
 42
1.0
 92
        0
 66
   257
 43
1.0
 76
     1
 77
     6
 78
     2
 67
     7
 79
     5
170
     0
171
     0
290
     0
174
     0
 93
       13
 44
0.0
173
     0
291
     1
 45
0.0
1001
ACAD
1000
AcDbSavedByObjectVersion
1070
     0
  0
VISUALSTYLE
  5
31
102
{ACAD_REACTORS
330
2A
102
}
102
{ACAD_XDICTIONARY
360
FB8
102
}
330
2A
100
AcDbVisualStyle
  2
Hidden
 70
     6
 71
     1
 72
     2
 73
     2
 90
        0
 40
0.6
 41
30.0
 62
     5
 63
     7
421
 16777215
 74
     2
 91
        2
 64
     7
 65
   257
 75
     2
175
     1
 42
40.0
 92
        0
 66
   257
 43
1.0
 76
     1
 77
     6
 78
     2
 67
     7
 79
     3
170
     0
171
     0
290
     0
174
     0
 93
        1
 44
0.0
173
     0
291
     0
 45
0.0
1001
ACAD
1000
AcDbSavedByObjectVersion
1070
     0
  0
VISUALSTYLE
  5
3B
102
{ACAD_REACTORS
330
2A
102
}
102
{ACAD_XDICTIONARY
360
FCC
102
}
330
2A
100
AcDbVisualStyle
  2
JitterOff
 70
    20
 71
     2
 72
     2
 73
     0
 90
        0
 40
0.6
 41
30.0
 62
     5
 63
     7
421
 16777215
 74
     1
 91
        4
 64
     7
 65
   257
 75
     1
175
     1
 42
1.0
 92
       10
 66
     7
 43
1.0
 76
     1
 77
     6
 78
     2
 67
     7
 79
     5
170
     0
171
     0
290
     0
174
     0
 93
        1
 44
0.0
173
     0
291
     1
 45
0.0
1001
ACAD
1000
AcDbSavedByObjectVersion
1070
     0
  0
VISUALSTYLE
  5
38
102
{ACAD_REACTORS
330
2A
102
}
102
{ACAD_XDICTIONARY
360
FC6
102
}
330
2A
100
AcDbVisualStyle
  2
Linepattern
 70
    14
 71
     2
 72
     2
 73
     0
 90
        0
 40
0.6
 41
30.0
 62
     5
 63
     7
421
 16777215
 74
     1
 91
        4
 64
     7
 65
   257
 75
     7
175
     7
 42
1.0
 92
        8
 66
     7
 43
1.0
 76
     1
 77
     6
 78
     2
 67
     7
 79
     5
170
     0
171
     0
290
     0
174
     0
 93
        1
 44
0.0
173
     0
291
     1
 45
0.0
1001
ACAD
1000
AcDbSavedByObjectVersion
1070
     0
  0
VISUALSTYLE
  5
3C
102
{ACAD_REACTORS
330
2A
102
}
102
{ACAD_XDICTIONARY
360
FCE
102
}
330
2A
100
AcDbVisualStyle
  2
OverhangOff
 70
    21
 71
     2
 72
     2
 73
     0
 90
        0
 40
0.6
 41
30.0
 62
     5
 63
     7
421
 16777215
 74
     1
 91
        4
 64
     7
 65
   257
 75
     1
175
     1
 42
1.0
 92
        9
 66
     7
 43
1.0
 76
     1
 77
     6
 78
     2
 67
     7
 79
     5
170
     0
171
     0
290
     0
174
     0
 93
        1
 44
0.0
173
     0
291
     1
 45
0.0
1001
ACAD
1000
AcDbSavedByObjectVersion
1070
     0
  0
VISUALSTYLE
  5
33
102
{ACAD_REACTORS
330
2A
102
}
102
{ACAD_XDICTIONARY
360
FBC
102
}
330
2A
100
AcDbVisualStyle
  2
Realistic
 70
     8
 71
     2
 72
     3
 73
     0
 90
        2
 40
0.6
 41
30.0
 62
     5
 63
     7
421
 16777215
 74
     0
 91
        0
 64
     7
 65
   257
 75
     1
175
     1
 42
1.0
 92
        8
 66
   257
 43
1.0
 76
     1
 77
     6
 78
     2
 67
     7
 79
     3
170
     0
171
     0
290
     0
174
     0
 93
       13
 44
0.0
173
     0
291
     0
 45
0.0
1001
ACAD
1000
AcDbSavedByObjectVersion
1070
     0
  0
VISUALSTYLE
  5
42
102
{ACAD_REACTORS
330
2A
102
}
102
{ACAD_XDICTIONARY
360
FDA
102
}
330
2A
100
AcDbVisualStyle
  2
Shaded
 70
    27
 71
     2
 72
     2
 73
     1
 90
        2
 40
0.6
 41
30.0
 62
     5
 63
     7
421
 16777215
 74
     0
 91
        4
 64
     7
 65
   257
 75
     1
175
     1
 42
1.0
 92
        8
 66
   257
 43
1.0
 76
     1
 77
     6
 78
     2
 67
     8
425
  7895160
 79
     3
170
     0
171
     0
290
     0
174
     0
 93
        5
 44
0.0
173
     0
291
     0
 45
0.0
1001
ACAD
1000
AcDbSavedByObjectVersion
1070
     0
  0
VISUALSTYLE
  5
41
102
{ACAD_REACTORS
330
2A
102
}
102
{ACAD_XDICTIONARY
360
FD8
102
}
330
2A
100
AcDbVisualStyle
  2
Shaded with edges
 70
    26
 71
     2
 72
     2
 73
     1
 90
        2
 40
0.6
 41
30.0
 62
     5
 63
     7
421
 16777215
 74
     1
 91
       10
 64
     7
 65
   257
 75
     2
175
     1
 42
1.0
 92
        8
 66
   257
 43
1.0
 76
     1
 77
     6
 78
     2
 67
     7
 79
     3
170
     0
171
     0
290
     0
174
     0
 93
        5
 44
0.0
173
     0
291
     0
 45
0.0
1001
ACAD
1000
AcDbSavedByObjectVersion
1070
     0
  0
VISUALSTYLE
  5
3E
102
{ACAD_REACTORS
330
2A
102
}
102
{ACAD_XDICTIONARY
360
FD2
102
}
330
2A
100
AcDbVisualStyle
  2
Shades of Gray
 70
    23
 71
     2
 72
     2
 73
     3
 90
        0
 40
0.6
 41
30.0
 62
     5
 63
     7
421
 16777215
 74
     2
 91
        2
 64
     7
 65
     7
 75
     1
175
     1
 42
40.0
 92
        8
 66
     7
 43
1.0
 76
     1
 77
     6
 78
     2
 67
     7
 79
     3
170
     0
171
     0
290
     0
174
     0
 93
        1
 44
0.0
173
     0
291
     0
 45
0.0
1001
ACAD
1000
AcDbSavedByObjectVersion
1070
     0
  0
VISUALSTYLE
  5
3F
102
{ACAD_REACTORS
330
2A
102
}
102
{ACAD_XDICTIONARY
360
FD4
102
}
330
2A
100
AcDbVisualStyle
  2
Sketchy
 70
    24
 71
     1
 72
     2
 73
     2
 90
        0
 40
0.6
 41
30.0
 62
     5
 63
     7
421
 16777215
 74
     2
 91
        2
 64
     7
 65
     7
 75
     1
175
     1
 42
40.0
 92
       11
 66
     7
 43
1.0
 76
     1
 77
     6
 78
     2
 67
     7
 79
     6
170
     0
171
     0
290
     0
174
     0
 93
        1
 44
0.0
173
     0
291
     0
 45
0.0
1001
ACAD
1000
AcDbSavedByObjectVersion
1070
     0
  0
VISUALSTYLE
  5
37
102
{ACAD_REACTORS
330
2A
102
}
102
{ACAD_XDICTIONARY
360
FC4
102
}
330
2A
100
AcDbVisualStyle
  2
Thicken
 70
    13
 71
     2
 72
     2
 73
     0
 90
        0
 40
0.6
 41
30.0
 62
     5
 63
     7
421
 16777215
 74
     1
 91
        4
 64
     7
 65
   257
 75
     1
175
     1
 42
1.0
 92
       12
 66
     7
 43
1.0
 76
     1
 77
     6
 78
     2
 67
     7
 79
     5
170
     0
171
     0
290
     0
174
     0
 93
        1
 44
0.0
173
     0
291
     1
 45
0.0
1001
ACAD
1000
AcDbSavedByObjectVersion
1070
     0
  0
VISUALSTYLE
  5
30
102
{ACAD_REACTORS
330
2A
102
}
102
{ACAD_XDICTIONARY
360
FB6
102
}
330
2A
100
AcDbVisualStyle
  2
Wireframe
 70
     5
 71
     0
 72
     2
 73
     0
 90
        0
 40
0.6
 41
30.0
 62
     5
 63
     7
421
 16777215
 74
     1
 91
        4
 64
     7
 65
   257
 75
     1
175
     1
 42
1.0
 92
        0
 66
   257
 43
1.0
 76
     1
 77
     6
 78
     2
 67
     7
 79
     3
170
     0
171
     0
290
     0
174
     0
 93
        1
 44
0.0
173
     0
291
     0
 45
0.0
1001
ACAD
1000
AcDbSavedByObjectVersion
1070
     0
  0
VISUALSTYLE
  5
40
102
{ACAD_REACTORS
330
2A
102
}
102
{ACAD_XDICTIONARY
360
FD6
102
}
330
2A
100
AcDbVisualStyle
  2
X-Ray
 70
    25
 71
     2
 72
     2
 73
     1
 90
        1
 40
0.5
 41
30.0
 62
     5
 63
     7
421
 16777215
 74
     1
 91
        0
 64
     7
 65
   257
 75
     1
175
     1
 42
1.0
 92
        8
 66
     7
 43
1.0
 76
     1
 77
     6
 78
     2
 67
     7
 79
     3
170
     0
171
     0
290
     0
174
     0
 93
       13
 44
0.0
173
     0
291
     0
 45
0.0
1001
ACAD
1000
AcDbSavedByObjectVersion
1070
     0
  0
DICTIONARYVAR
  5
FA9
102
{ACAD_REACTORS
330
FA8
102
}
330
FA8
100
DictionaryVariables
280
     0
  1
1:1
  0
DICTIONARYVAR
  5
FEA
102
{ACAD_REACTORS
330
FA8
102
}
330
FA8
100
DictionaryVariables
280
     0
  1
Standard
  0
DICTIONARYVAR
  5
FE9
102
{ACAD_REACTORS
330
FA8
102
}
330
FA8
100
DictionaryVariables
280
     0
  1
Standard
  0
DICTIONARYVAR
  5
FAA
102
{ACAD_REACTORS
330
FA8
102
}
330
FA8
100
DictionaryVariables
280
     0
  1
1
  0
DICTIONARYVAR
  5
FAB
102
{ACAD_REACTORS
330
FA8
102
}
330
FA8
100
DictionaryVariables
280
     0
  1
2
  0
DICTIONARY
  5
FDE
330
45
100
AcDbDictionary
280
     1
281
     1
  3
ACAD_XREC_ROUNDTRIP
360
FDF
  0
DICTIONARY
  5
FDC
330
44
100
AcDbDictionary
280
     1
281
     1
  3
ACAD_XREC_ROUNDTRIP
360
FDD
  0
DICTIONARY
  5
FE0
330
46
100
AcDbDictionary
280
     1
281
     1
  3
ACAD_XREC_ROUNDTRIP
360
FE1
  0
DICTIONARY
  5
FE6
330
6C
100
AcDbDictionary
280
     1
281
     1
  3
ACAD_XREC_ROUNDTRIP
360
FE7
  0
DICTIONARY
  5
FE2
330
6A
100
AcDbDictionary
280
     1
281
     1
  3
ACAD_ROUNDTRIP_2008_TABLESTYLE_CELLSTYLEMAP
360
FE4
  3
ACAD_XREC_ROUNDTRIP
360
FE3
  0
DICTIONARY
  5
FB4
330
2F
100
AcDbDictionary
280
     1
281
     1
  3
ACAD_XREC_ROUNDTRIP
360
FB5
  0
DICTIONARY
  5
FBA
330
32
100
AcDbDictionary
280
     1
281
     1
  3
ACAD_XREC_ROUNDTRIP
360
FBB
  0
DICTIONARY
  5
FC2
330
36
100
AcDbDictionary
280
     1
281
     1
  3
ACAD_XREC_ROUNDTRIP
360
FC3
  0
DICTIONARY
  5
FCA
330
3A
100
AcDbDictionary
280
     1
281
     1
  3
ACAD_XREC_ROUNDTRIP
360
FCB
  0
DICTIONARY
  5
FBE
330
34
100
AcDbDictionary
280
     1
281
     1
  3
ACAD_XREC_ROUNDTRIP
360
FBF
  0
DICTIONARY
  5
FC0
330
35
100
AcDbDictionary
280
     1
281
     1
  3
ACAD_XREC_ROUNDTRIP
360
FC1
  0
DICTIONARY
  5
FD0
330
3D
100
AcDbDictionary
280
     1
281
     1
  3
ACAD_XREC_ROUNDTRIP
360
FD1
  0
DICTIONARY
  5
FC8
330
39
100
AcDbDictionary
280
     1
281
     1
  3
ACAD_XREC_ROUNDTRIP
360
FC9
  0
DICTIONARY
  5
FAC
330
2B
100
AcDbDictionary
280
     1
281
     1
  3
ACAD_XREC_ROUNDTRIP
360
FAD
  0
DICTIONARY
  5
FAE
330
2C
100
AcDbDictionary
280
     1
281
     1
  3
ACAD_XREC_ROUNDTRIP
360
FAF
  0
DICTIONARY
  5
FB0
330
2D
100
AcDbDictionary
280
     1
281
     1
  3
ACAD_XREC_ROUNDTRIP
360
FB1
  0
DICTIONARY
  5
FB2
330
2E
100
AcDbDictionary
280
     1
281
     1
  3
ACAD_XREC_ROUNDTRIP
360
FB3
  0
DICTIONARY
  5
FB8
330
31
100
AcDbDictionary
280
     1
281
     1
  3
ACAD_XREC_ROUNDTRIP
360
FB9
  0
DICTIONARY
  5
FCC
330
3B
100
AcDbDictionary
280
     1
281
     1
  3
ACAD_XREC_ROUNDTRIP
360
FCD
  0
DICTIONARY
  5
FC6
330
38
100
AcDbDictionary
280
     1
281
     1
  3
ACAD_XREC_ROUNDTRIP
360
FC7
  0
DICTIONARY
  5
FCE
330
3C
100
AcDbDictionary
280
     1
281
     1
  3
ACAD_XREC_ROUNDTRIP
360
FCF
  0
DICTIONARY
  5
FBC
330
33
100
AcDbDictionary
280
     1
281
     1
  3
ACAD_XREC_ROUNDTRIP
360
FBD
  0
DICTIONARY
  5
FDA
330
42
100
AcDbDictionary
280
     1
281
     1
  3
ACAD_XREC_ROUNDTRIP
360
FDB
  0
DICTIONARY
  5
FD8
330
41
100
AcDbDictionary
280
     1
281
     1
  3
ACAD_XREC_ROUNDTRIP
360
FD9
  0
DICTIONARY
  5
FD2
330
3E
100
AcDbDictionary
280
     1
281
     1
  3
ACAD_XREC_ROUNDTRIP
360
FD3
  0
DICTIONARY
  5
FD4
330
3F
100
AcDbDictionary
280
     1
281
     1
  3
ACAD_XREC_ROUNDTRIP
360
FD5
  0
DICTIONARY
  5
FC4
330
37
100
AcDbDictionary
280
     1
281
     1
  3
ACAD_XREC_ROUNDTRIP
360
FC5
  0
DICTIONARY
  5
FB6
330
30
100
AcDbDictionary
280
     1
281
     1
  3
ACAD_XREC_ROUNDTRIP
360
FB7
  0
DICTIONARY
  5
FD6
330
40
100
AcDbDictionary
280
     1
281
     1
  3
ACAD_XREC_ROUNDTRIP
360
FD7
  0
XRECORD
  5
FDF
102
{ACAD_REACTORS
330
FDE
102
}
330
FDE
100
AcDbXrecord
280
     1
102
MATERIAL
148
0.0
149
0.0
149
0.0
 93
        0
 94
      127
282
     0
 72
     1
 77
     1
171
     1
175
     1
179
     1
273
     0
  0
XRECORD
  5
FDD
102
{ACAD_REACTORS
330
FDC
102
}
330
FDC
100
AcDbXrecord
280
     1
102
MATERIAL
148
0.0
149
0.0
149
0.0
 93
        0
 94
      127
282
     0
 72
     1
 77
     1
171
     1
175
     1
179
     1
273
     0
  0
XRECORD
  5
FE1
102
{ACAD_REACTORS
330
FE0
102
}
330
FE0
100
AcDbXrecord
280
     1
102
MATERIAL
148
0.0
149
0.0
149
0.0
 93
        0
 94
      127
282
     0
 72
     1
 77
     1
171
     1
175
     1
179
     1
273
     0
  0
XRECORD
  5
FE7
102
{ACAD_REACTORS
330
FE6
102
}
330
FE6
100
AcDbXrecord
280
     1
102
ACAD_ROUNDTRIP_2010_MLEADER_STYLE
  0
CELLSTYLEMAP
  5
FE4
102
{ACAD_REACTORS
330
FE2
102
}
330
FE2
100
AcDbCellStyleMap
 90
        3
300
CELLSTYLE
  1
TABLEFORMAT_BEGIN
 90
        5
170
     1
 91
        0
 92
    32768
 62
   257
 93
        1
300
CONTENTFORMAT
  1
CONTENTFORMAT_BEGIN
 90
        0
 91
        0
 92
        4
 93
        0
300

 40
0.0
140
1.0
 94
        5
 62
     0
340
11
144
6.0
309
CONTENTFORMAT_END
171
     1
301
MARGIN
  1
CELLMARGIN_BEGIN
 40
1.5
 40
1.5
 40
1.5
 40
1.5
 40
1.5
 40
1.5
309
CELLMARGIN_END
 94
        6
 95
        1
302
GRIDFORMAT
  1
GRIDFORMAT_BEGIN
 90
        0
 91
        1
 62
     0
 92
       -2
340
14
 93
        0
 40
0.045
309
GRIDFORMAT_END
 95
        2
302
GRIDFORMAT
  1
GRIDFORMAT_BEGIN
 90
        0
 91
        1
 62
     0
 92
       -2
340
14
 93
        0
 40
0.045
309
GRIDFORMAT_END
 95
        4
302
GRIDFORMAT
  1
GRIDFORMAT_BEGIN
 90
        0
 91
        1
 62
     0
 92
       -2
340
14
 93
        0
 40
0.045
309
GRIDFORMAT_END
 95
        8
302
GRIDFORMAT
  1
GRIDFORMAT_BEGIN
 90
        0
 91
        1
 62
     0
 92
       -2
340
14
 93
        0
 40
0.045
309
GRIDFORMAT_END
 95
       16
302
GRIDFORMAT
  1
GRIDFORMAT_BEGIN
 90
        0
 91
        1
 62
     0
 92
       -2
340
14
 93
        0
 40
0.045
309
GRIDFORMAT_END
 95
       32
302
GRIDFORMAT
  1
GRIDFORMAT_BEGIN
 90
        0
 91
        1
 62
     0
 92
       -2
340
14
 93
        0
 40
0.045
309
GRIDFORMAT_END
309
TABLEFORMAT_END
  1
CELLSTYLE_BEGIN
 90
        1
 91
        1
300
_TITLE
309
CELLSTYLE_END
300
CELLSTYLE
  1
TABLEFORMAT_BEGIN
 90
        5
170
     1
 91
        0
 92
        0
 62
   257
 93
        1
300
CONTENTFORMAT
  1
CONTENTFORMAT_BEGIN
 90
        0
 91
        0
 92
        4
 93
        0
300

 40
0.0
140
1.0
 94
        5
 62
     0
340
11
144
4.5
309
CONTENTFORMAT_END
171
     1
301
MARGIN
  1
CELLMARGIN_BEGIN
 40
1.5
 40
1.5
 40
1.5
 40
1.5
 40
1.5
 40
1.5
309
CELLMARGIN_END
 94
        6
 95
        1
302
GRIDFORMAT
  1
GRIDFORMAT_BEGIN
 90
        0
 91
        1
 62
     0
 92
       -2
340
14
 93
        0
 40
0.045
309
GRIDFORMAT_END
 95
        2
302
GRIDFORMAT
  1
GRIDFORMAT_BEGIN
 90
        0
 91
        1
 62
     0
 92
       -2
340
14
 93
        0
 40
0.045
309
GRIDFORMAT_END
 95
        4
302
GRIDFORMAT
  1
GRIDFORMAT_BEGIN
 90
        0
 91
        1
 62
     0
 92
       -2
340
14
 93
        0
 40
0.045
309
GRIDFORMAT_END
 95
        8
302
GRIDFORMAT
  1
GRIDFORMAT_BEGIN
 90
        0
 91
        1
 62
     0
 92
       -2
340
14
 93
        0
 40
0.045
309
GRIDFORMAT_END
 95
       16
302
GRIDFORMAT
  1
GRIDFORMAT_BEGIN
 90
        0
 91
        1
 62
     0
 92
       -2
340
14
 93
        0
 40
0.045
309
GRIDFORMAT_END
 95
       32
302
GRIDFORMAT
  1
GRIDFORMAT_BEGIN
 90
        0
 91
        1
 62
     0
 92
       -2
340
14
 93
        0
 40
0.045
309
GRIDFORMAT_END
309
TABLEFORMAT_END
  1
CELLSTYLE_BEGIN
 90
        2
 91
        1
300
_HEADER
309
CELLSTYLE_END
300
CELLSTYLE
  1
TABLEFORMAT_BEGIN
 90
        5
170
     1
 91
        0
 92
        0
 62
   257
 93
        1
300
CONTENTFORMAT
  1
CONTENTFORMAT_BEGIN
 90
        0
 91
        0
 92
        4
 93
        0
300

 40
0.0
140
1.0
 94
        2
 62
     0
340
11
144
4.5
309
CONTENTFORMAT_END
171
     1
301
MARGIN
  1
CELLMARGIN_BEGIN
 40
1.5
 40
1.5
 40
1.5
 40
1.5
 40
1.5
 40
1.5
309
CELLMARGIN_END
 94
        6
 95
        1
302
GRIDFORMAT
  1
GRIDFORMAT_BEGIN
 90
        0
 91
        1
 62
     0
 92
       -2
340
14
 93
        0
 40
0.045
309
GRIDFORMAT_END
 95
        2
302
GRIDFORMAT
  1
GRIDFORMAT_BEGIN
 90
        0
 91
        1
 62
     0
 92
       -2
340
14
 93
        0
 40
0.045
309
GRIDFORMAT_END
 95
        4
302
GRIDFORMAT
  1
GRIDFORMAT_BEGIN
 90
        0
 91
        1
 62
     0
 92
       -2
340
14
 93
        0
 40
0.045
309
GRIDFORMAT_END
 95
        8
302
GRIDFORMAT
  1
GRIDFORMAT_BEGIN
 90
        0
 91
        1
 62
     0
 92
       -2
340
14
 93
        0
 40
0.045
309
GRIDFORMAT_END
 95
       16
302
GRIDFORMAT
  1
GRIDFORMAT_BEGIN
 90
        0
 91
        1
 62
     0
 92
       -2
340
14
 93
        0
 40
0.045
309
GRIDFORMAT_END
 95
       32
302
GRIDFORMAT
  1
GRIDFORMAT_BEGIN
 90
        0
 91
        1
 62
     0
 92
       -2
340
14
 93
        0
 40
0.045
309
GRIDFORMAT_END
309
TABLEFORMAT_END
  1
CELLSTYLE_BEGIN
 90
        3
 91
        2
300
_DATA
309
CELLSTYLE_END
  0
XRECORD
  5
FE3
102
{ACAD_REACTORS
330
FE2
102
}
330
FE2
100
AcDbXrecord
280
     1
102
ACAD_ROUNDTRIP_PRE2007_TABLESTYLE
 90
        4
 91
        0
  1

 92
        4
 93
        0
  2

 94
        4
 95
        0
  3

  0
XRECORD
  5
FB5
102
{ACAD_REACTORS
330
FB4
102
}
330
FB4
100
AcDbXrecord
280
     1
102
RTVSPropertyOp0
 70
     1
102
RTVSPropertyOp1
 70
     1
102
RTVSPropertyOp2
 70
     1
102
RTVSPropertyOp3
 70
     1
102
RTVSPropertyOp4
 70
     1
102
RTVSPropertyOp5
 70
     1
102
RTVSPropertyOp6
 70
     1
102
RTVSPropertyOp7
 70
     1
102
RTVSPropertyOp8
 70
     1
102
RTVSPropertyOp9
 70
     1
102
RTVSPropertyOp10
 70
     1
102
RTVSPropertyOp11
 70
     1
102
RTVSPropertyOp12
 70
     1
102
RTVSPropertyOp13
 70
     1
102
RTVSPropertyOp14
 70
     1
102
RTVSPropertyOp15
 70
     1
102
RTVSPropertyOp16
 70
     1
102
RTVSPropertyOp17
 70
     1
102
RTVSPropertyOp18
 70
     1
102
RTVSPropertyOp19
 70
     1
102
RTVSPropertyOp20
 70
     1
102
RTVSPropertyOp21
 70
     1
102
RTVSPropertyOp22
 70
     1
102
RTVSPropertyOp23
 70
     1
102
RTVSPropertyOp24
 70
     1
102
RTVSPropertyOp25
 70
     1
102
RTVSPropertyOp26
 70
     1
102
RTVSPropertyOp27
 70
     1
102
RTVSPropertyOp28
 70
     1
102
RTVSPropertyOp29
 70
     1
102
RTVSPropertyOp30
 70
     1
102
RTVSPropertyOp31
 70
     1
102
RTVSPropertyOp32
 70
     1
102
RTVSPropertyOp33
 70
     1
102
RTVSPropertyOp34
 70
     1
102
RTVSPropertyOp35
 70
     1
102
RTVSPropertyOp36
 70
     1
102
RTVSPropertyOp37
 70
     1
102
RTVSPropertyOp38
 70
     1
102
RTVSPropertyOp39
 70
     1
102
RTVSPropertyOp40
 70
     1
102
RTVSPropertyOp41
 70
     1
102
RTVSPropertyOp42
 70
     1
102
RTVSPropertyOp43
 70
     1
102
RTVSPropertyOp44
 70
     1
102
RTVSPropertyOp45
 70
     1
102
RTVSPropertyOp46
 70
     1
102
RTVSPropertyOp47
 70
     1
102
RTVSPropertyOp48
 70
     1
102
RTVSPropertyOp49
 70
     1
102
RTVSPropertyOp50
 70
     1
102
RTVSPropertyOp51
 70
     0
102
RTVSPropertyOp52
 70
     0
102
RTVSPropertyOp53
 70
     1
102
RTVSPropertyOp54
 70
     1
102
RTVSPropertyOp55
 70
     1
102
RTVSPropertyOp56
 70
     1
102
RTVSPropertyOp57
 70
     1
102
RTVSPost2010Prop28
280
     1
102
RTVSPost2010PropOp28
 70
     1
102
RTVSPost2010Prop29
280
     1
102
RTVSPost2010PropOp29
 70
     1
102
RTVSPost2010Prop30
280
     0
102
RTVSPost2010PropOp30
 70
     1
102
RTVSPost2010Prop31
280
     0
102
RTVSPost2010PropOp31
 70
     1
102
RTVSPost2010Prop32
280
     0
102
RTVSPost2010PropOp32
 70
     1
102
RTVSPost2010Prop33
280
     0
102
RTVSPost2010PropOp33
 70
     1
102
RTVSPost2010Prop34
280
     0
102
RTVSPost2010PropOp34
 70
     1
102
RTVSPost2010Prop35
280
     0
102
RTVSPost2010PropOp35
 70
     1
102
RTVSPost2010Prop36
280
     0
102
RTVSPost2010PropOp36
 70
     1
102
RTVSPost2010Prop37
 90
       50
102
RTVSPost2010PropOp37
 70
     1
102
RTVSPost2010Prop38
140
0.0
102
RTVSPost2010PropOp38
 70
     1
102
RTVSPost2010Prop39
140
1.0
102
RTVSPost2010PropOp39
 70
     1
102
RTVSPost2010Prop40
 90
        0
102
RTVSPost2010PropOp40
 70
     1
102
RTVSPost2010Prop41ColorIndex
 90
       18
102
RTVSPost2010Prop41ColorRGB
 90
        0
102
RTVSPost2010PropOp41
 70
     1
102
RTVSPost2010Prop42
 90
       50
102
RTVSPost2010PropOp42
 70
     1
102
RTVSPost2010Prop43
 90
        3
102
RTVSPost2010PropOp43
 70
     1
102
RTVSPost2010Prop44ColorIndex
 90
        5
102
RTVSPost2010Prop44ColorRGB
 90
      255
102
RTVSPost2010PropOp44
 70
     1
102
RTVSPost2010Prop45
280
     0
102
RTVSPost2010PropOp45
 70
     1
102
RTVSPost2010Prop46
 90
       50
102
RTVSPost2010PropOp46
 70
     1
102
RTVSPost2010Prop47
 90
       50
102
RTVSPost2010PropOp47
 70
     1
102
RTVSPost2010Prop48
 90
       50
102
RTVSPost2010PropOp48
 70
     1
102
RTVSPost2010Prop49
280
     0
102
RTVSPost2010PropOp49
 70
     1
102
RTVSPost2010Prop50
 90
       50
102
RTVSPost2010PropOp50
 70
     1
102
RTVSPost2010Prop51ColorIndex
 90
      256
102
RTVSPost2010Prop51ColorRGB
 90
-16777216
102
RTVSPost2010PropOp51
 70
     0
102
RTVSPost2010Prop52
140
1.0
102
RTVSPost2010PropOp52
 70
     0
102
RTVSPost2010Prop53
 90
        2
102
RTVSPost2010PropOp53
 70
     1
102
RTVSPost2010Prop54
  1
strokes_ogs.tif
102
RTVSPost2010PropOp54
 70
     1
102
RTVSPost2010Prop55
280
     0
102
RTVSPost2010PropOp55
 70
     1
102
RTVSPost2010Prop56
140
1.0
102
RTVSPost2010PropOp56
 70
     1
102
RTVSPost2010Prop57
140
1.0
102
RTVSPost2010PropOp57
 70
     1
  0
XRECORD
  5
FBB
102
{ACAD_REACTORS
330
FBA
102
}
330
FBA
100
AcDbXrecord
280
     1
102
RTVSPropertyOp0
 70
     1
102
RTVSPropertyOp1
 70
     1
102
RTVSPropertyOp2
 70
     1
102
RTVSPropertyOp3
 70
     1
102
RTVSPropertyOp4
 70
     1
102
RTVSPropertyOp5
 70
     1
102
RTVSPropertyOp6
 70
     1
102
RTVSPropertyOp7
 70
     1
102
RTVSPropertyOp8
 70
     1
102
RTVSPropertyOp9
 70
     1
102
RTVSPropertyOp10
 70
     1
102
RTVSPropertyOp11
 70
     1
102
RTVSPropertyOp12
 70
     1
102
RTVSPropertyOp13
 70
     1
102
RTVSPropertyOp14
 70
     1
102
RTVSPropertyOp15
 70
     1
102
RTVSPropertyOp16
 70
     1
102
RTVSPropertyOp17
 70
     1
102
RTVSPropertyOp18
 70
     1
102
RTVSPropertyOp19
 70
     1
102
RTVSPropertyOp20
 70
     1
102
RTVSPropertyOp21
 70
     1
102
RTVSPropertyOp22
 70
     1
102
RTVSPropertyOp23
 70
     1
102
RTVSPropertyOp24
 70
     1
102
RTVSPropertyOp25
 70
     1
102
RTVSPropertyOp26
 70
     1
102
RTVSPropertyOp27
 70
     1
102
RTVSPropertyOp28
 70
     1
102
RTVSPropertyOp29
 70
     1
102
RTVSPropertyOp30
 70
     1
102
RTVSPropertyOp31
 70
     1
102
RTVSPropertyOp32
 70
     1
102
RTVSPropertyOp33
 70
     1
102
RTVSPropertyOp34
 70
     1
102
RTVSPropertyOp35
 70
     1
102
RTVSPropertyOp36
 70
     1
102
RTVSPropertyOp37
 70
     1
102
RTVSPropertyOp38
 70
     1
102
RTVSPropertyOp39
 70
     1
102
RTVSPropertyOp40
 70
     1
102
RTVSPropertyOp41
 70
     1
102
RTVSPropertyOp42
 70
     1
102
RTVSPropertyOp43
 70
     1
102
RTVSPropertyOp44
 70
     1
102
RTVSPropertyOp45
 70
     1
102
RTVSPropertyOp46
 70
     1
102
RTVSPropertyOp47
 70
     1
102
RTVSPropertyOp48
 70
     1
102
RTVSPropertyOp49
 70
     1
102
RTVSPropertyOp50
 70
     1
102
RTVSPropertyOp51
 70
     0
102
RTVSPropertyOp52
 70
     0
102
RTVSPropertyOp53
 70
     1
102
RTVSPropertyOp54
 70
     1
102
RTVSPropertyOp55
 70
     1
102
RTVSPropertyOp56
 70
     1
102
RTVSPropertyOp57
 70
     1
102
RTVSPost2010Prop28
280
     0
102
RTVSPost2010PropOp28
 70
     1
102
RTVSPost2010Prop29
280
     1
102
RTVSPost2010PropOp29
 70
     1
102
RTVSPost2010Prop30
280
     1
102
RTVSPost2010PropOp30
 70
     1
102
RTVSPost2010Prop31
280
     0
102
RTVSPost2010PropOp31
 70
     1
102
RTVSPost2010Prop32
280
     0
102
RTVSPost2010PropOp32
 70
     1
102
RTVSPost2010Prop33
280
     0
102
RTVSPost2010PropOp33
 70
     1
102
RTVSPost2010Prop34
280
     0
102
RTVSPost2010PropOp34
 70
     1
102
RTVSPost2010Prop35
280
     0
102
RTVSPost2010PropOp35
 70
     1
102
RTVSPost2010Prop36
280
     0
102
RTVSPost2010PropOp36
 70
     1
102
RTVSPost2010Prop37
 90
       50
102
RTVSPost2010PropOp37
 70
     1
102
RTVSPost2010Prop38
140
0.0
102
RTVSPost2010PropOp38
 70
     1
102
RTVSPost2010Prop39
140
1.0
102
RTVSPost2010PropOp39
 70
     1
102
RTVSPost2010Prop40
 90
        0
102
RTVSPost2010PropOp40
 70
     1
102
RTVSPost2010Prop41ColorIndex
 90
       18
102
RTVSPost2010Prop41ColorRGB
 90
        0
102
RTVSPost2010PropOp41
 70
     1
102
RTVSPost2010Prop42
 90
       50
102
RTVSPost2010PropOp42
 70
     1
102
RTVSPost2010Prop43
 90
        3
102
RTVSPost2010PropOp43
 70
     1
102
RTVSPost2010Prop44ColorIndex
 90
        5
102
RTVSPost2010Prop44ColorRGB
 90
      255
102
RTVSPost2010PropOp44
 70
     1
102
RTVSPost2010Prop45
280
     0
102
RTVSPost2010PropOp45
 70
     1
102
RTVSPost2010Prop46
 90
       50
102
RTVSPost2010PropOp46
 70
     1
102
RTVSPost2010Prop47
 90
       50
102
RTVSPost2010PropOp47
 70
     1
102
RTVSPost2010Prop48
 90
       50
102
RTVSPost2010PropOp48
 70
     1
102
RTVSPost2010Prop49
280
     0
102
RTVSPost2010PropOp49
 70
     1
102
RTVSPost2010Prop50
 90
       50
102
RTVSPost2010PropOp50
 70
     1
102
RTVSPost2010Prop51ColorIndex
 90
      256
102
RTVSPost2010Prop51ColorRGB
 90
-16777216
102
RTVSPost2010PropOp51
 70
     0
102
RTVSPost2010Prop52
140
1.0
102
RTVSPost2010PropOp52
 70
     0
102
RTVSPost2010Prop53
 90
        2
102
RTVSPost2010PropOp53
 70
     1
102
RTVSPost2010Prop54
  1
strokes_ogs.tif
102
RTVSPost2010PropOp54
 70
     1
102
RTVSPost2010Prop55
280
     0
102
RTVSPost2010PropOp55
 70
     1
102
RTVSPost2010Prop56
140
1.0
102
RTVSPost2010PropOp56
 70
     1
102
RTVSPost2010Prop57
140
1.0
102
RTVSPost2010PropOp57
 70
     1
  0
XRECORD
  5
FC3
102
{ACAD_REACTORS
330
FC2
102
}
330
FC2
100
AcDbXrecord
280
     1
102
RTVSPropertyOp0
 70
     1
102
RTVSPropertyOp1
 70
     1
102
RTVSPropertyOp2
 70
     1
102
RTVSPropertyOp3
 70
     1
102
RTVSPropertyOp4
 70
     1
102
RTVSPropertyOp5
 70
     1
102
RTVSPropertyOp6
 70
     1
102
RTVSPropertyOp7
 70
     1
102
RTVSPropertyOp8
 70
     1
102
RTVSPropertyOp9
 70
     1
102
RTVSPropertyOp10
 70
     1
102
RTVSPropertyOp11
 70
     1
102
RTVSPropertyOp12
 70
     1
102
RTVSPropertyOp13
 70
     1
102
RTVSPropertyOp14
 70
     1
102
RTVSPropertyOp15
 70
     1
102
RTVSPropertyOp16
 70
     1
102
RTVSPropertyOp17
 70
     1
102
RTVSPropertyOp18
 70
     1
102
RTVSPropertyOp19
 70
     1
102
RTVSPropertyOp20
 70
     1
102
RTVSPropertyOp21
 70
     1
102
RTVSPropertyOp22
 70
     1
102
RTVSPropertyOp23
 70
     1
102
RTVSPropertyOp24
 70
     1
102
RTVSPropertyOp25
 70
     1
102
RTVSPropertyOp26
 70
     1
102
RTVSPropertyOp27
 70
     1
102
RTVSPropertyOp28
 70
     1
102
RTVSPropertyOp29
 70
     1
102
RTVSPropertyOp30
 70
     1
102
RTVSPropertyOp31
 70
     1
102
RTVSPropertyOp32
 70
     1
102
RTVSPropertyOp33
 70
     1
102
RTVSPropertyOp34
 70
     1
102
RTVSPropertyOp35
 70
     1
102
RTVSPropertyOp36
 70
     1
102
RTVSPropertyOp37
 70
     1
102
RTVSPropertyOp38
 70
     1
102
RTVSPropertyOp39
 70
     1
102
RTVSPropertyOp40
 70
     1
102
RTVSPropertyOp41
 70
     1
102
RTVSPropertyOp42
 70
     1
102
RTVSPropertyOp43
 70
     1
102
RTVSPropertyOp44
 70
     1
102
RTVSPropertyOp45
 70
     1
102
RTVSPropertyOp46
 70
     1
102
RTVSPropertyOp47
 70
     1
102
RTVSPropertyOp48
 70
     1
102
RTVSPropertyOp49
 70
     1
102
RTVSPropertyOp50
 70
     1
102
RTVSPropertyOp51
 70
     0
102
RTVSPropertyOp52
 70
     0
102
RTVSPropertyOp53
 70
     1
102
RTVSPropertyOp54
 70
     1
102
RTVSPropertyOp55
 70
     1
102
RTVSPropertyOp56
 70
     1
102
RTVSPropertyOp57
 70
     1
102
RTVSPost2010Prop28
280
     0
102
RTVSPost2010PropOp28
 70
     1
102
RTVSPost2010Prop29
280
     1
102
RTVSPost2010PropOp29
 70
     1
102
RTVSPost2010Prop30
280
     1
102
RTVSPost2010PropOp30
 70
     1
102
RTVSPost2010Prop31
280
     0
102
RTVSPost2010PropOp31
 70
     1
102
RTVSPost2010Prop32
280
     0
102
RTVSPost2010PropOp32
 70
     1
102
RTVSPost2010Prop33
280
     0
102
RTVSPost2010PropOp33
 70
     1
102
RTVSPost2010Prop34
280
     0
102
RTVSPost2010PropOp34
 70
     1
102
RTVSPost2010Prop35
280
     0
102
RTVSPost2010PropOp35
 70
     1
102
RTVSPost2010Prop36
280
     0
102
RTVSPost2010PropOp36
 70
     1
102
RTVSPost2010Prop37
 90
       50
102
RTVSPost2010PropOp37
 70
     1
102
RTVSPost2010Prop38
140
0.0
102
RTVSPost2010PropOp38
 70
     1
102
RTVSPost2010Prop39
140
1.0
102
RTVSPost2010PropOp39
 70
     1
102
RTVSPost2010Prop40
 90
        0
102
RTVSPost2010PropOp40
 70
     1
102
RTVSPost2010Prop41ColorIndex
 90
       18
102
RTVSPost2010Prop41ColorRGB
 90
        0
102
RTVSPost2010PropOp41
 70
     1
102
RTVSPost2010Prop42
 90
       50
102
RTVSPost2010PropOp42
 70
     1
102
RTVSPost2010Prop43
 90
        3
102
RTVSPost2010PropOp43
 70
     1
102
RTVSPost2010Prop44ColorIndex
 90
        5
102
RTVSPost2010Prop44ColorRGB
 90
      255
102
RTVSPost2010PropOp44
 70
     1
102
RTVSPost2010Prop45
280
     0
102
RTVSPost2010PropOp45
 70
     1
102
RTVSPost2010Prop46
 90
       50
102
RTVSPost2010PropOp46
 70
     1
102
RTVSPost2010Prop47
 90
       50
102
RTVSPost2010PropOp47
 70
     1
102
RTVSPost2010Prop48
 90
       50
102
RTVSPost2010PropOp48
 70
     1
102
RTVSPost2010Prop49
280
     0
102
RTVSPost2010PropOp49
 70
     1
102
RTVSPost2010Prop50
 90
       50
102
RTVSPost2010PropOp50
 70
     1
102
RTVSPost2010Prop51ColorIndex
 90
      256
102
RTVSPost2010Prop51ColorRGB
 90
-16777216
102
RTVSPost2010PropOp51
 70
     0
102
RTVSPost2010Prop52
140
1.0
102
RTVSPost2010PropOp52
 70
     0
102
RTVSPost2010Prop53
 90
        2
102
RTVSPost2010PropOp53
 70
     1
102
RTVSPost2010Prop54
  1
strokes_ogs.tif
102
RTVSPost2010PropOp54
 70
     1
102
RTVSPost2010Prop55
280
     0
102
RTVSPost2010PropOp55
 70
     1
102
RTVSPost2010Prop56
140
1.0
102
RTVSPost2010PropOp56
 70
     1
102
RTVSPost2010Prop57
140
1.0
102
RTVSPost2010PropOp57
 70
     1
  0
XRECORD
  5
FCB
102
{ACAD_REACTORS
330
FCA
102
}
330
FCA
100
AcDbXrecord
280
     1
102
RTVSPropertyOp0
 70
     1
102
RTVSPropertyOp1
 70
     1
102
RTVSPropertyOp2
 70
     1
102
RTVSPropertyOp3
 70
     1
102
RTVSPropertyOp4
 70
     1
102
RTVSPropertyOp5
 70
     1
102
RTVSPropertyOp6
 70
     1
102
RTVSPropertyOp7
 70
     1
102
RTVSPropertyOp8
 70
     1
102
RTVSPropertyOp9
 70
     1
102
RTVSPropertyOp10
 70
     1
102
RTVSPropertyOp11
 70
     1
102
RTVSPropertyOp12
 70
     1
102
RTVSPropertyOp13
 70
     1
102
RTVSPropertyOp14
 70
     1
102
RTVSPropertyOp15
 70
     1
102
RTVSPropertyOp16
 70
     1
102
RTVSPropertyOp17
 70
     1
102
RTVSPropertyOp18
 70
     1
102
RTVSPropertyOp19
 70
     1
102
RTVSPropertyOp20
 70
     1
102
RTVSPropertyOp21
 70
     1
102
RTVSPropertyOp22
 70
     1
102
RTVSPropertyOp23
 70
     1
102
RTVSPropertyOp24
 70
     1
102
RTVSPropertyOp25
 70
     1
102
RTVSPropertyOp26
 70
     1
102
RTVSPropertyOp27
 70
     1
102
RTVSPropertyOp28
 70
     1
102
RTVSPropertyOp29
 70
     1
102
RTVSPropertyOp30
 70
     1
102
RTVSPropertyOp31
 70
     1
102
RTVSPropertyOp32
 70
     1
102
RTVSPropertyOp33
 70
     1
102
RTVSPropertyOp34
 70
     1
102
RTVSPropertyOp35
 70
     1
102
RTVSPropertyOp36
 70
     1
102
RTVSPropertyOp37
 70
     1
102
RTVSPropertyOp38
 70
     1
102
RTVSPropertyOp39
 70
     1
102
RTVSPropertyOp40
 70
     1
102
RTVSPropertyOp41
 70
     1
102
RTVSPropertyOp42
 70
     1
102
RTVSPropertyOp43
 70
     1
102
RTVSPropertyOp44
 70
     1
102
RTVSPropertyOp45
 70
     1
102
RTVSPropertyOp46
 70
     1
102
RTVSPropertyOp47
 70
     1
102
RTVSPropertyOp48
 70
     1
102
RTVSPropertyOp49
 70
     1
102
RTVSPropertyOp50
 70
     1
102
RTVSPropertyOp51
 70
     0
102
RTVSPropertyOp52
 70
     0
102
RTVSPropertyOp53
 70
     1
102
RTVSPropertyOp54
 70
     1
102
RTVSPropertyOp55
 70
     1
102
RTVSPropertyOp56
 70
     1
102
RTVSPropertyOp57
 70
     1
102
RTVSPost2010Prop28
280
     0
102
RTVSPost2010PropOp28
 70
     1
102
RTVSPost2010Prop29
280
     1
102
RTVSPost2010PropOp29
 70
     1
102
RTVSPost2010Prop30
280
     1
102
RTVSPost2010PropOp30
 70
     1
102
RTVSPost2010Prop31
280
     0
102
RTVSPost2010PropOp31
 70
     1
102
RTVSPost2010Prop32
280
     0
102
RTVSPost2010PropOp32
 70
     1
102
RTVSPost2010Prop33
280
     0
102
RTVSPost2010PropOp33
 70
     1
102
RTVSPost2010Prop34
280
     0
102
RTVSPost2010PropOp34
 70
     1
102
RTVSPost2010Prop35
280
     0
102
RTVSPost2010PropOp35
 70
     1
102
RTVSPost2010Prop36
280
     0
102
RTVSPost2010PropOp36
 70
     1
102
RTVSPost2010Prop37
 90
       50
102
RTVSPost2010PropOp37
 70
     1
102
RTVSPost2010Prop38
140
0.0
102
RTVSPost2010PropOp38
 70
     1
102
RTVSPost2010Prop39
140
1.0
102
RTVSPost2010PropOp39
 70
     1
102
RTVSPost2010Prop40
 90
        0
102
RTVSPost2010PropOp40
 70
     1
102
RTVSPost2010Prop41ColorIndex
 90
       18
102
RTVSPost2010Prop41ColorRGB
 90
        0
102
RTVSPost2010PropOp41
 70
     1
102
RTVSPost2010Prop42
 90
       50
102
RTVSPost2010PropOp42
 70
     1
102
RTVSPost2010Prop43
 90
        3
102
RTVSPost2010PropOp43
 70
     1
102
RTVSPost2010Prop44ColorIndex
 90
        5
102
RTVSPost2010Prop44ColorRGB
 90
      255
102
RTVSPost2010PropOp44
 70
     1
102
RTVSPost2010Prop45
280
     0
102
RTVSPost2010PropOp45
 70
     1
102
RTVSPost2010Prop46
 90
       50
102
RTVSPost2010PropOp46
 70
     1
102
RTVSPost2010Prop47
 90
       50
102
RTVSPost2010PropOp47
 70
     1
102
RTVSPost2010Prop48
 90
       50
102
RTVSPost2010PropOp48
 70
     1
102
RTVSPost2010Prop49
280
     0
102
RTVSPost2010PropOp49
 70
     1
102
RTVSPost2010Prop50
 90
       50
102
RTVSPost2010PropOp50
 70
     1
102
RTVSPost2010Prop51ColorIndex
 90
      256
102
RTVSPost2010Prop51ColorRGB
 90
-16777216
102
RTVSPost2010PropOp51
 70
     0
102
RTVSPost2010Prop52
140
1.0
102
RTVSPost2010PropOp52
 70
     0
102
RTVSPost2010Prop53
 90
        2
102
RTVSPost2010PropOp53
 70
     1
102
RTVSPost2010Prop54
  1
strokes_ogs.tif
102
RTVSPost2010PropOp54
 70
     1
102
RTVSPost2010Prop55
280
     0
102
RTVSPost2010PropOp55
 70
     1
102
RTVSPost2010Prop56
140
1.0
102
RTVSPost2010PropOp56
 70
     1
102
RTVSPost2010Prop57
140
1.0
102
RTVSPost2010PropOp57
 70
     1
  0
XRECORD
  5
FBF
102
{ACAD_REACTORS
330
FBE
102
}
330
FBE
100
AcDbXrecord
280
     1
102
RTVSPropertyOp0
 70
     1
102
RTVSPropertyOp1
 70
     1
102
RTVSPropertyOp2
 70
     1
102
RTVSPropertyOp3
 70
     1
102
RTVSPropertyOp4
 70
     1
102
RTVSPropertyOp5
 70
     1
102
RTVSPropertyOp6
 70
     1
102
RTVSPropertyOp7
 70
     1
102
RTVSPropertyOp8
 70
     1
102
RTVSPropertyOp9
 70
     1
102
RTVSPropertyOp10
 70
     1
102
RTVSPropertyOp11
 70
     1
102
RTVSPropertyOp12
 70
     1
102
RTVSPropertyOp13
 70
     1
102
RTVSPropertyOp14
 70
     1
102
RTVSPropertyOp15
 70
     1
102
RTVSPropertyOp16
 70
     1
102
RTVSPropertyOp17
 70
     1
102
RTVSPropertyOp18
 70
     1
102
RTVSPropertyOp19
 70
     1
102
RTVSPropertyOp20
 70
     1
102
RTVSPropertyOp21
 70
     1
102
RTVSPropertyOp22
 70
     1
102
RTVSPropertyOp23
 70
     1
102
RTVSPropertyOp24
 70
     1
102
RTVSPropertyOp25
 70
     1
102
RTVSPropertyOp26
 70
     1
102
RTVSPropertyOp27
 70
     1
102
RTVSPropertyOp28
 70
     1
102
RTVSPropertyOp29
 70
     1
102
RTVSPropertyOp30
 70
     1
102
RTVSPropertyOp31
 70
     1
102
RTVSPropertyOp32
 70
     1
102
RTVSPropertyOp33
 70
     1
102
RTVSPropertyOp34
 70
     1
102
RTVSPropertyOp35
 70
     1
102
RTVSPropertyOp36
 70
     1
102
RTVSPropertyOp37
 70
     1
102
RTVSPropertyOp38
 70
     1
102
RTVSPropertyOp39
 70
     1
102
RTVSPropertyOp40
 70
     1
102
RTVSPropertyOp41
 70
     1
102
RTVSPropertyOp42
 70
     1
102
RTVSPropertyOp43
 70
     1
102
RTVSPropertyOp44
 70
     1
102
RTVSPropertyOp45
 70
     1
102
RTVSPropertyOp46
 70
     1
102
RTVSPropertyOp47
 70
     1
102
RTVSPropertyOp48
 70
     1
102
RTVSPropertyOp49
 70
     1
102
RTVSPropertyOp50
 70
     1
102
RTVSPropertyOp51
 70
     0
102
RTVSPropertyOp52
 70
     0
102
RTVSPropertyOp53
 70
     1
102
RTVSPropertyOp54
 70
     1
102
RTVSPropertyOp55
 70
     1
102
RTVSPropertyOp56
 70
     1
102
RTVSPropertyOp57
 70
     1
102
RTVSPost2010Prop28
280
     0
102
RTVSPost2010PropOp28
 70
     1
102
RTVSPost2010Prop29
280
     1
102
RTVSPost2010PropOp29
 70
     1
102
RTVSPost2010Prop30
280
     1
102
RTVSPost2010PropOp30
 70
     1
102
RTVSPost2010Prop31
280
     0
102
RTVSPost2010PropOp31
 70
     1
102
RTVSPost2010Prop32
280
     0
102
RTVSPost2010PropOp32
 70
     1
102
RTVSPost2010Prop33
280
     0
102
RTVSPost2010PropOp33
 70
     1
102
RTVSPost2010Prop34
280
     0
102
RTVSPost2010PropOp34
 70
     1
102
RTVSPost2010Prop35
280
     0
102
RTVSPost2010PropOp35
 70
     1
102
RTVSPost2010Prop36
280
     0
102
RTVSPost2010PropOp36
 70
     1
102
RTVSPost2010Prop37
 90
       50
102
RTVSPost2010PropOp37
 70
     1
102
RTVSPost2010Prop38
140
0.0
102
RTVSPost2010PropOp38
 70
     1
102
RTVSPost2010Prop39
140
1.0
102
RTVSPost2010PropOp39
 70
     1
102
RTVSPost2010Prop40
 90
        0
102
RTVSPost2010PropOp40
 70
     1
102
RTVSPost2010Prop41ColorIndex
 90
       18
102
RTVSPost2010Prop41ColorRGB
 90
        0
102
RTVSPost2010PropOp41
 70
     1
102
RTVSPost2010Prop42
 90
       50
102
RTVSPost2010PropOp42
 70
     1
102
RTVSPost2010Prop43
 90
        3
102
RTVSPost2010PropOp43
 70
     1
102
RTVSPost2010Prop44ColorIndex
 90
        5
102
RTVSPost2010Prop44ColorRGB
 90
      255
102
RTVSPost2010PropOp44
 70
     1
102
RTVSPost2010Prop45
280
     0
102
RTVSPost2010PropOp45
 70
     1
102
RTVSPost2010Prop46
 90
       50
102
RTVSPost2010PropOp46
 70
     1
102
RTVSPost2010Prop47
 90
       50
102
RTVSPost2010PropOp47
 70
     1
102
RTVSPost2010Prop48
 90
       50
102
RTVSPost2010PropOp48
 70
     1
102
RTVSPost2010Prop49
280
     0
102
RTVSPost2010PropOp49
 70
     1
102
RTVSPost2010Prop50
 90
       50
102
RTVSPost2010PropOp50
 70
     1
102
RTVSPost2010Prop51ColorIndex
 90
      256
102
RTVSPost2010Prop51ColorRGB
 90
-16777216
102
RTVSPost2010PropOp51
 70
     0
102
RTVSPost2010Prop52
140
1.0
102
RTVSPost2010PropOp52
 70
     0
102
RTVSPost2010Prop53
 90
        2
102
RTVSPost2010PropOp53
 70
     1
102
RTVSPost2010Prop54
  1
strokes_ogs.tif
102
RTVSPost2010PropOp54
 70
     1
102
RTVSPost2010Prop55
280
     0
102
RTVSPost2010PropOp55
 70
     1
102
RTVSPost2010Prop56
140
1.0
102
RTVSPost2010PropOp56
 70
     1
102
RTVSPost2010Prop57
140
1.0
102
RTVSPost2010PropOp57
 70
     1
  0
XRECORD
  5
FC1
102
{ACAD_REACTORS
330
FC0
102
}
330
FC0
100
AcDbXrecord
280
     1
102
RTVSPropertyOp0
 70
     1
102
RTVSPropertyOp1
 70
     1
102
RTVSPropertyOp2
 70
     1
102
RTVSPropertyOp3
 70
     1
102
RTVSPropertyOp4
 70
     1
102
RTVSPropertyOp5
 70
     1
102
RTVSPropertyOp6
 70
     1
102
RTVSPropertyOp7
 70
     1
102
RTVSPropertyOp8
 70
     1
102
RTVSPropertyOp9
 70
     1
102
RTVSPropertyOp10
 70
     1
102
RTVSPropertyOp11
 70
     1
102
RTVSPropertyOp12
 70
     1
102
RTVSPropertyOp13
 70
     1
102
RTVSPropertyOp14
 70
     1
102
RTVSPropertyOp15
 70
     1
102
RTVSPropertyOp16
 70
     1
102
RTVSPropertyOp17
 70
     1
102
RTVSPropertyOp18
 70
     1
102
RTVSPropertyOp19
 70
     1
102
RTVSPropertyOp20
 70
     1
102
RTVSPropertyOp21
 70
     1
102
RTVSPropertyOp22
 70
     1
102
RTVSPropertyOp23
 70
     1
102
RTVSPropertyOp24
 70
     1
102
RTVSPropertyOp25
 70
     1
102
RTVSPropertyOp26
 70
     1
102
RTVSPropertyOp27
 70
     1
102
RTVSPropertyOp28
 70
     1
102
RTVSPropertyOp29
 70
     1
102
RTVSPropertyOp30
 70
     1
102
RTVSPropertyOp31
 70
     1
102
RTVSPropertyOp32
 70
     1
102
RTVSPropertyOp33
 70
     1
102
RTVSPropertyOp34
 70
     1
102
RTVSPropertyOp35
 70
     1
102
RTVSPropertyOp36
 70
     1
102
RTVSPropertyOp37
 70
     1
102
RTVSPropertyOp38
 70
     1
102
RTVSPropertyOp39
 70
     1
102
RTVSPropertyOp40
 70
     1
102
RTVSPropertyOp41
 70
     1
102
RTVSPropertyOp42
 70
     1
102
RTVSPropertyOp43
 70
     1
102
RTVSPropertyOp44
 70
     1
102
RTVSPropertyOp45
 70
     1
102
RTVSPropertyOp46
 70
     1
102
RTVSPropertyOp47
 70
     1
102
RTVSPropertyOp48
 70
     1
102
RTVSPropertyOp49
 70
     1
102
RTVSPropertyOp50
 70
     1
102
RTVSPropertyOp51
 70
     0
102
RTVSPropertyOp52
 70
     0
102
RTVSPropertyOp53
 70
     1
102
RTVSPropertyOp54
 70
     1
102
RTVSPropertyOp55
 70
     1
102
RTVSPropertyOp56
 70
     1
102
RTVSPropertyOp57
 70
     1
102
RTVSPost2010Prop28
280
     0
102
RTVSPost2010PropOp28
 70
     1
102
RTVSPost2010Prop29
280
     1
102
RTVSPost2010PropOp29
 70
     1
102
RTVSPost2010Prop30
280
     1
102
RTVSPost2010PropOp30
 70
     1
102
RTVSPost2010Prop31
280
     0
102
RTVSPost2010PropOp31
 70
     1
102
RTVSPost2010Prop32
280
     0
102
RTVSPost2010PropOp32
 70
     1
102
RTVSPost2010Prop33
280
     0
102
RTVSPost2010PropOp33
 70
     1
102
RTVSPost2010Prop34
280
     0
102
RTVSPost2010PropOp34
 70
     1
102
RTVSPost2010Prop35
280
     0
102
RTVSPost2010PropOp35
 70
     1
102
RTVSPost2010Prop36
280
     0
102
RTVSPost2010PropOp36
 70
     1
102
RTVSPost2010Prop37
 90
       50
102
RTVSPost2010PropOp37
 70
     1
102
RTVSPost2010Prop38
140
0.0
102
RTVSPost2010PropOp38
 70
     1
102
RTVSPost2010Prop39
140
1.0
102
RTVSPost2010PropOp39
 70
     1
102
RTVSPost2010Prop40
 90
        0
102
RTVSPost2010PropOp40
 70
     1
102
RTVSPost2010Prop41ColorIndex
 90
       18
102
RTVSPost2010Prop41ColorRGB
 90
        0
102
RTVSPost2010PropOp41
 70
     1
102
RTVSPost2010Prop42
 90
       50
102
RTVSPost2010PropOp42
 70
     1
102
RTVSPost2010Prop43
 90
        3
102
RTVSPost2010PropOp43
 70
     1
102
RTVSPost2010Prop44ColorIndex
 90
        5
102
RTVSPost2010Prop44ColorRGB
 90
      255
102
RTVSPost2010PropOp44
 70
     1
102
RTVSPost2010Prop45
280
     0
102
RTVSPost2010PropOp45
 70
     1
102
RTVSPost2010Prop46
 90
       50
102
RTVSPost2010PropOp46
 70
     1
102
RTVSPost2010Prop47
 90
       50
102
RTVSPost2010PropOp47
 70
     1
102
RTVSPost2010Prop48
 90
       50
102
RTVSPost2010PropOp48
 70
     1
102
RTVSPost2010Prop49
280
     0
102
RTVSPost2010PropOp49
 70
     1
102
RTVSPost2010Prop50
 90
       50
102
RTVSPost2010PropOp50
 70
     1
102
RTVSPost2010Prop51ColorIndex
 90
      256
102
RTVSPost2010Prop51ColorRGB
 90
-16777216
102
RTVSPost2010PropOp51
 70
     0
102
RTVSPost2010Prop52
140
1.0
102
RTVSPost2010PropOp52
 70
     0
102
RTVSPost2010Prop53
 90
        2
102
RTVSPost2010PropOp53
 70
     1
102
RTVSPost2010Prop54
  1
strokes_ogs.tif
102
RTVSPost2010PropOp54
 70
     1
102
RTVSPost2010Prop55
280
     0
102
RTVSPost2010PropOp55
 70
     1
102
RTVSPost2010Prop56
140
1.0
102
RTVSPost2010PropOp56
 70
     1
102
RTVSPost2010Prop57
140
1.0
102
RTVSPost2010PropOp57
 70
     1
  0
XRECORD
  5
FD1
102
{ACAD_REACTORS
330
FD0
102
}
330
FD0
100
AcDbXrecord
280
     1
102
RTVSPropertyOp0
 70
     0
102
RTVSPropertyOp1
 70
     0
102
RTVSPropertyOp2
 70
     0
102
RTVSPropertyOp3
 70
     0
102
RTVSPropertyOp4
 70
     0
102
RTVSPropertyOp5
 70
     0
102
RTVSPropertyOp6
 70
     0
102
RTVSPropertyOp7
 70
     0
102
RTVSPropertyOp8
 70
     0
102
RTVSPropertyOp9
 70
     0
102
RTVSPropertyOp10
 70
     0
102
RTVSPropertyOp11
 70
     0
102
RTVSPropertyOp12
 70
     0
102
RTVSPropertyOp13
 70
     0
102
RTVSPropertyOp14
 70
     2
102
RTVSPropertyOp15
 70
     0
102
RTVSPropertyOp16
 70
     0
102
RTVSPropertyOp17
 70
     0
102
RTVSPropertyOp18
 70
     0
102
RTVSPropertyOp19
 70
     0
102
RTVSPropertyOp20
 70
     0
102
RTVSPropertyOp21
 70
     0
102
RTVSPropertyOp22
 70
     0
102
RTVSPropertyOp23
 70
     0
102
RTVSPropertyOp24
 70
     0
102
RTVSPropertyOp25
 70
     0
102
RTVSPropertyOp26
 70
     0
102
RTVSPropertyOp27
 70
     0
102
RTVSPropertyOp28
 70
     0
102
RTVSPropertyOp29
 70
     0
102
RTVSPropertyOp30
 70
     0
102
RTVSPropertyOp31
 70
     0
102
RTVSPropertyOp32
 70
     0
102
RTVSPropertyOp33
 70
     0
102
RTVSPropertyOp34
 70
     0
102
RTVSPropertyOp35
 70
     0
102
RTVSPropertyOp36
 70
     0
102
RTVSPropertyOp37
 70
     0
102
RTVSPropertyOp38
 70
     0
102
RTVSPropertyOp39
 70
     0
102
RTVSPropertyOp40
 70
     0
102
RTVSPropertyOp41
 70
     0
102
RTVSPropertyOp42
 70
     0
102
RTVSPropertyOp43
 70
     0
102
RTVSPropertyOp44
 70
     0
102
RTVSPropertyOp45
 70
     0
102
RTVSPropertyOp46
 70
     0
102
RTVSPropertyOp47
 70
     0
102
RTVSPropertyOp48
 70
     0
102
RTVSPropertyOp49
 70
     0
102
RTVSPropertyOp50
 70
     0
102
RTVSPropertyOp51
 70
     0
102
RTVSPropertyOp52
 70
     0
102
RTVSPropertyOp53
 70
     0
102
RTVSPropertyOp54
 70
     0
102
RTVSPropertyOp55
 70
     0
102
RTVSPropertyOp56
 70
     0
102
RTVSPropertyOp57
 70
     0
102
RTVSPost2010Prop28
280
     0
102
RTVSPost2010PropOp28
 70
     0
102
RTVSPost2010Prop29
280
     1
102
RTVSPost2010PropOp29
 70
     0
102
RTVSPost2010Prop30
280
     1
102
RTVSPost2010PropOp30
 70
     0
102
RTVSPost2010Prop31
280
     0
102
RTVSPost2010PropOp31
 70
     0
102
RTVSPost2010Prop32
280
     0
102
RTVSPost2010PropOp32
 70
     0
102
RTVSPost2010Prop33
280
     0
102
RTVSPost2010PropOp33
 70
     0
102
RTVSPost2010Prop34
280
     0
102
RTVSPost2010PropOp34
 70
     0
102
RTVSPost2010Prop35
280
     0
102
RTVSPost2010PropOp35
 70
     0
102
RTVSPost2010Prop36
280
     0
102
RTVSPost2010PropOp36
 70
     0
102
RTVSPost2010Prop37
 90
       50
102
RTVSPost2010PropOp37
 70
     0
102
RTVSPost2010Prop38
140
0.0
102
RTVSPost2010PropOp38
 70
     0
102
RTVSPost2010Prop39
140
1.0
102
RTVSPost2010PropOp39
 70
     0
102
RTVSPost2010Prop40
 90
        0
102
RTVSPost2010PropOp40
 70
     0
102
RTVSPost2010Prop41ColorIndex
 90
       18
102
RTVSPost2010Prop41ColorRGB
 90
        0
102
RTVSPost2010PropOp41
 70
     0
102
RTVSPost2010Prop42
 90
       50
102
RTVSPost2010PropOp42
 70
     0
102
RTVSPost2010Prop43
 90
        3
102
RTVSPost2010PropOp43
 70
     0
102
RTVSPost2010Prop44ColorIndex
 90
        5
102
RTVSPost2010Prop44ColorRGB
 90
      255
102
RTVSPost2010PropOp44
 70
     0
102
RTVSPost2010Prop45
280
     0
102
RTVSPost2010PropOp45
 70
     0
102
RTVSPost2010Prop46
 90
       50
102
RTVSPost2010PropOp46
 70
     0
102
RTVSPost2010Prop47
 90
       50
102
RTVSPost2010PropOp47
 70
     0
102
RTVSPost2010Prop48
 90
       50
102
RTVSPost2010PropOp48
 70
     0
102
RTVSPost2010Prop49
280
     0
102
RTVSPost2010PropOp49
 70
     0
102
RTVSPost2010Prop50
 90
       50
102
RTVSPost2010PropOp50
 70
     0
102
RTVSPost2010Prop51ColorIndex
 90
      256
102
RTVSPost2010Prop51ColorRGB
 90
-16777216
102
RTVSPost2010PropOp51
 70
     0
102
RTVSPost2010Prop52
140
1.0
102
RTVSPost2010PropOp52
 70
     0
102
RTVSPost2010Prop53
 90
        2
102
RTVSPost2010PropOp53
 70
     0
102
RTVSPost2010Prop54
  1
strokes_ogs.tif
102
RTVSPost2010PropOp54
 70
     0
102
RTVSPost2010Prop55
280
     0
102
RTVSPost2010PropOp55
 70
     0
102
RTVSPost2010Prop56
140
1.0
102
RTVSPost2010PropOp56
 70
     0
102
RTVSPost2010Prop57
140
1.0
102
RTVSPost2010PropOp57
 70
     0
  0
XRECORD
  5
FC9
102
{ACAD_REACTORS
330
FC8
102
}
330
FC8
100
AcDbXrecord
280
     1
102
RTVSPropertyOp0
 70
     1
102
RTVSPropertyOp1
 70
     1
102
RTVSPropertyOp2
 70
     1
102
RTVSPropertyOp3
 70
     1
102
RTVSPropertyOp4
 70
     1
102
RTVSPropertyOp5
 70
     1
102
RTVSPropertyOp6
 70
     1
102
RTVSPropertyOp7
 70
     1
102
RTVSPropertyOp8
 70
     1
102
RTVSPropertyOp9
 70
     1
102
RTVSPropertyOp10
 70
     1
102
RTVSPropertyOp11
 70
     1
102
RTVSPropertyOp12
 70
     1
102
RTVSPropertyOp13
 70
     1
102
RTVSPropertyOp14
 70
     1
102
RTVSPropertyOp15
 70
     1
102
RTVSPropertyOp16
 70
     1
102
RTVSPropertyOp17
 70
     1
102
RTVSPropertyOp18
 70
     1
102
RTVSPropertyOp19
 70
     1
102
RTVSPropertyOp20
 70
     1
102
RTVSPropertyOp21
 70
     1
102
RTVSPropertyOp22
 70
     1
102
RTVSPropertyOp23
 70
     1
102
RTVSPropertyOp24
 70
     1
102
RTVSPropertyOp25
 70
     1
102
RTVSPropertyOp26
 70
     1
102
RTVSPropertyOp27
 70
     1
102
RTVSPropertyOp28
 70
     1
102
RTVSPropertyOp29
 70
     1
102
RTVSPropertyOp30
 70
     1
102
RTVSPropertyOp31
 70
     1
102
RTVSPropertyOp32
 70
     1
102
RTVSPropertyOp33
 70
     1
102
RTVSPropertyOp34
 70
     1
102
RTVSPropertyOp35
 70
     1
102
RTVSPropertyOp36
 70
     1
102
RTVSPropertyOp37
 70
     1
102
RTVSPropertyOp38
 70
     1
102
RTVSPropertyOp39
 70
     1
102
RTVSPropertyOp40
 70
     1
102
RTVSPropertyOp41
 70
     1
102
RTVSPropertyOp42
 70
     1
102
RTVSPropertyOp43
 70
     1
102
RTVSPropertyOp44
 70
     1
102
RTVSPropertyOp45
 70
     1
102
RTVSPropertyOp46
 70
     1
102
RTVSPropertyOp47
 70
     1
102
RTVSPropertyOp48
 70
     1
102
RTVSPropertyOp49
 70
     1
102
RTVSPropertyOp50
 70
     1
102
RTVSPropertyOp51
 70
     0
102
RTVSPropertyOp52
 70
     0
102
RTVSPropertyOp53
 70
     1
102
RTVSPropertyOp54
 70
     1
102
RTVSPropertyOp55
 70
     1
102
RTVSPropertyOp56
 70
     1
102
RTVSPropertyOp57
 70
     1
102
RTVSPost2010Prop28
280
     0
102
RTVSPost2010PropOp28
 70
     1
102
RTVSPost2010Prop29
280
     1
102
RTVSPost2010PropOp29
 70
     1
102
RTVSPost2010Prop30
280
     1
102
RTVSPost2010PropOp30
 70
     1
102
RTVSPost2010Prop31
280
     0
102
RTVSPost2010PropOp31
 70
     1
102
RTVSPost2010Prop32
280
     0
102
RTVSPost2010PropOp32
 70
     1
102
RTVSPost2010Prop33
280
     0
102
RTVSPost2010PropOp33
 70
     1
102
RTVSPost2010Prop34
280
     0
102
RTVSPost2010PropOp34
 70
     1
102
RTVSPost2010Prop35
280
     0
102
RTVSPost2010PropOp35
 70
     1
102
RTVSPost2010Prop36
280
     0
102
RTVSPost2010PropOp36
 70
     1
102
RTVSPost2010Prop37
 90
       50
102
RTVSPost2010PropOp37
 70
     1
102
RTVSPost2010Prop38
140
0.0
102
RTVSPost2010PropOp38
 70
     1
102
RTVSPost2010Prop39
140
1.0
102
RTVSPost2010PropOp39
 70
     1
102
RTVSPost2010Prop40
 90
        0
102
RTVSPost2010PropOp40
 70
     1
102
RTVSPost2010Prop41ColorIndex
 90
       18
102
RTVSPost2010Prop41ColorRGB
 90
        0
102
RTVSPost2010PropOp41
 70
     1
102
RTVSPost2010Prop42
 90
       50
102
RTVSPost2010PropOp42
 70
     1
102
RTVSPost2010Prop43
 90
        3
102
RTVSPost2010PropOp43
 70
     1
102
RTVSPost2010Prop44ColorIndex
 90
        5
102
RTVSPost2010Prop44ColorRGB
 90
      255
102
RTVSPost2010PropOp44
 70
     1
102
RTVSPost2010Prop45
280
     0
102
RTVSPost2010PropOp45
 70
     1
102
RTVSPost2010Prop46
 90
       50
102
RTVSPost2010PropOp46
 70
     1
102
RTVSPost2010Prop47
 90
       50
102
RTVSPost2010PropOp47
 70
     1
102
RTVSPost2010Prop48
 90
       50
102
RTVSPost2010PropOp48
 70
     1
102
RTVSPost2010Prop49
280
     0
102
RTVSPost2010PropOp49
 70
     1
102
RTVSPost2010Prop50
 90
       50
102
RTVSPost2010PropOp50
 70
     1
102
RTVSPost2010Prop51ColorIndex
 90
      256
102
RTVSPost2010Prop51ColorRGB
 90
-16777216
102
RTVSPost2010PropOp51
 70
     0
102
RTVSPost2010Prop52
140
1.0
102
RTVSPost2010PropOp52
 70
     0
102
RTVSPost2010Prop53
 90
        2
102
RTVSPost2010PropOp53
 70
     1
102
RTVSPost2010Prop54
  1
strokes_ogs.tif
102
RTVSPost2010PropOp54
 70
     1
102
RTVSPost2010Prop55
280
     0
102
RTVSPost2010PropOp55
 70
     1
102
RTVSPost2010Prop56
140
1.0
102
RTVSPost2010PropOp56
 70
     1
102
RTVSPost2010Prop57
140
1.0
102
RTVSPost2010PropOp57
 70
     1
  0
XRECORD
  5
FAD
102
{ACAD_REACTORS
330
FAC
102
}
330
FAC
100
AcDbXrecord
280
     1
102
RTVSPropertyOp0
 70
     1
102
RTVSPropertyOp1
 70
     1
102
RTVSPropertyOp2
 70
     1
102
RTVSPropertyOp3
 70
     1
102
RTVSPropertyOp4
 70
     1
102
RTVSPropertyOp5
 70
     1
102
RTVSPropertyOp6
 70
     1
102
RTVSPropertyOp7
 70
     1
102
RTVSPropertyOp8
 70
     1
102
RTVSPropertyOp9
 70
     1
102
RTVSPropertyOp10
 70
     1
102
RTVSPropertyOp11
 70
     1
102
RTVSPropertyOp12
 70
     1
102
RTVSPropertyOp13
 70
     1
102
RTVSPropertyOp14
 70
     1
102
RTVSPropertyOp15
 70
     1
102
RTVSPropertyOp16
 70
     1
102
RTVSPropertyOp17
 70
     1
102
RTVSPropertyOp18
 70
     1
102
RTVSPropertyOp19
 70
     1
102
RTVSPropertyOp20
 70
     1
102
RTVSPropertyOp21
 70
     1
102
RTVSPropertyOp22
 70
     1
102
RTVSPropertyOp23
 70
     1
102
RTVSPropertyOp24
 70
     1
102
RTVSPropertyOp25
 70
     1
102
RTVSPropertyOp26
 70
     1
102
RTVSPropertyOp27
 70
     1
102
RTVSPropertyOp28
 70
     1
102
RTVSPropertyOp29
 70
     1
102
RTVSPropertyOp30
 70
     1
102
RTVSPropertyOp31
 70
     1
102
RTVSPropertyOp32
 70
     1
102
RTVSPropertyOp33
 70
     1
102
RTVSPropertyOp34
 70
     1
102
RTVSPropertyOp35
 70
     1
102
RTVSPropertyOp36
 70
     1
102
RTVSPropertyOp37
 70
     1
102
RTVSPropertyOp38
 70
     1
102
RTVSPropertyOp39
 70
     1
102
RTVSPropertyOp40
 70
     1
102
RTVSPropertyOp41
 70
     1
102
RTVSPropertyOp42
 70
     1
102
RTVSPropertyOp43
 70
     1
102
RTVSPropertyOp44
 70
     1
102
RTVSPropertyOp45
 70
     1
102
RTVSPropertyOp46
 70
     1
102
RTVSPropertyOp47
 70
     1
102
RTVSPropertyOp48
 70
     1
102
RTVSPropertyOp49
 70
     1
102
RTVSPropertyOp50
 70
     1
102
RTVSPropertyOp51
 70
     0
102
RTVSPropertyOp52
 70
     0
102
RTVSPropertyOp53
 70
     1
102
RTVSPropertyOp54
 70
     1
102
RTVSPropertyOp55
 70
     1
102
RTVSPropertyOp56
 70
     1
102
RTVSPropertyOp57
 70
     1
102
RTVSPost2010Prop28
280
     0
102
RTVSPost2010PropOp28
 70
     1
102
RTVSPost2010Prop29
280
     1
102
RTVSPost2010PropOp29
 70
     1
102
RTVSPost2010Prop30
280
     1
102
RTVSPost2010PropOp30
 70
     1
102
RTVSPost2010Prop31
280
     0
102
RTVSPost2010PropOp31
 70
     1
102
RTVSPost2010Prop32
280
     0
102
RTVSPost2010PropOp32
 70
     1
102
RTVSPost2010Prop33
280
     0
102
RTVSPost2010PropOp33
 70
     1
102
RTVSPost2010Prop34
280
     0
102
RTVSPost2010PropOp34
 70
     1
102
RTVSPost2010Prop35
280
     0
102
RTVSPost2010PropOp35
 70
     1
102
RTVSPost2010Prop36
280
     0
102
RTVSPost2010PropOp36
 70
     1
102
RTVSPost2010Prop37
 90
       50
102
RTVSPost2010PropOp37
 70
     1
102
RTVSPost2010Prop38
140
0.0
102
RTVSPost2010PropOp38
 70
     1
102
RTVSPost2010Prop39
140
1.0
102
RTVSPost2010PropOp39
 70
     1
102
RTVSPost2010Prop40
 90
        0
102
RTVSPost2010PropOp40
 70
     1
102
RTVSPost2010Prop41ColorIndex
 90
       18
102
RTVSPost2010Prop41ColorRGB
 90
        0
102
RTVSPost2010PropOp41
 70
     1
102
RTVSPost2010Prop42
 90
       50
102
RTVSPost2010PropOp42
 70
     1
102
RTVSPost2010Prop43
 90
        3
102
RTVSPost2010PropOp43
 70
     1
102
RTVSPost2010Prop44ColorIndex
 90
        5
102
RTVSPost2010Prop44ColorRGB
 90
      255
102
RTVSPost2010PropOp44
 70
     1
102
RTVSPost2010Prop45
280
     0
102
RTVSPost2010PropOp45
 70
     1
102
RTVSPost2010Prop46
 90
       50
102
RTVSPost2010PropOp46
 70
     1
102
RTVSPost2010Prop47
 90
       50
102
RTVSPost2010PropOp47
 70
     1
102
RTVSPost2010Prop48
 90
       50
102
RTVSPost2010PropOp48
 70
     1
102
RTVSPost2010Prop49
280
     0
102
RTVSPost2010PropOp49
 70
     1
102
RTVSPost2010Prop50
 90
       50
102
RTVSPost2010PropOp50
 70
     1
102
RTVSPost2010Prop51ColorIndex
 90
      256
102
RTVSPost2010Prop51ColorRGB
 90
-16777216
102
RTVSPost2010PropOp51
 70
     0
102
RTVSPost2010Prop52
140
1.0
102
RTVSPost2010PropOp52
 70
     0
102
RTVSPost2010Prop53
 90
        2
102
RTVSPost2010PropOp53
 70
     1
102
RTVSPost2010Prop54
  1
strokes_ogs.tif
102
RTVSPost2010PropOp54
 70
     1
102
RTVSPost2010Prop55
280
     0
102
RTVSPost2010PropOp55
 70
     1
102
RTVSPost2010Prop56
140
1.0
102
RTVSPost2010PropOp56
 70
     1
102
RTVSPost2010Prop57
140
1.0
102
RTVSPost2010PropOp57
 70
     1
  0
XRECORD
  5
FAF
102
{ACAD_REACTORS
330
FAE
102
}
330
FAE
100
AcDbXrecord
280
     1
102
RTVSPropertyOp0
 70
     1
102
RTVSPropertyOp1
 70
     1
102
RTVSPropertyOp2
 70
     1
102
RTVSPropertyOp3
 70
     1
102
RTVSPropertyOp4
 70
     1
102
RTVSPropertyOp5
 70
     1
102
RTVSPropertyOp6
 70
     1
102
RTVSPropertyOp7
 70
     1
102
RTVSPropertyOp8
 70
     1
102
RTVSPropertyOp9
 70
     1
102
RTVSPropertyOp10
 70
     1
102
RTVSPropertyOp11
 70
     1
102
RTVSPropertyOp12
 70
     1
102
RTVSPropertyOp13
 70
     1
102
RTVSPropertyOp14
 70
     1
102
RTVSPropertyOp15
 70
     1
102
RTVSPropertyOp16
 70
     1
102
RTVSPropertyOp17
 70
     1
102
RTVSPropertyOp18
 70
     1
102
RTVSPropertyOp19
 70
     1
102
RTVSPropertyOp20
 70
     1
102
RTVSPropertyOp21
 70
     1
102
RTVSPropertyOp22
 70
     1
102
RTVSPropertyOp23
 70
     1
102
RTVSPropertyOp24
 70
     1
102
RTVSPropertyOp25
 70
     1
102
RTVSPropertyOp26
 70
     1
102
RTVSPropertyOp27
 70
     1
102
RTVSPropertyOp28
 70
     1
102
RTVSPropertyOp29
 70
     1
102
RTVSPropertyOp30
 70
     1
102
RTVSPropertyOp31
 70
     1
102
RTVSPropertyOp32
 70
     1
102
RTVSPropertyOp33
 70
     1
102
RTVSPropertyOp34
 70
     1
102
RTVSPropertyOp35
 70
     1
102
RTVSPropertyOp36
 70
     1
102
RTVSPropertyOp37
 70
     1
102
RTVSPropertyOp38
 70
     1
102
RTVSPropertyOp39
 70
     1
102
RTVSPropertyOp40
 70
     1
102
RTVSPropertyOp41
 70
     1
102
RTVSPropertyOp42
 70
     1
102
RTVSPropertyOp43
 70
     1
102
RTVSPropertyOp44
 70
     1
102
RTVSPropertyOp45
 70
     1
102
RTVSPropertyOp46
 70
     1
102
RTVSPropertyOp47
 70
     1
102
RTVSPropertyOp48
 70
     1
102
RTVSPropertyOp49
 70
     1
102
RTVSPropertyOp50
 70
     1
102
RTVSPropertyOp51
 70
     0
102
RTVSPropertyOp52
 70
     0
102
RTVSPropertyOp53
 70
     1
102
RTVSPropertyOp54
 70
     1
102
RTVSPropertyOp55
 70
     1
102
RTVSPropertyOp56
 70
     1
102
RTVSPropertyOp57
 70
     1
102
RTVSPost2010Prop28
280
     0
102
RTVSPost2010PropOp28
 70
     1
102
RTVSPost2010Prop29
280
     1
102
RTVSPost2010PropOp29
 70
     1
102
RTVSPost2010Prop30
280
     1
102
RTVSPost2010PropOp30
 70
     1
102
RTVSPost2010Prop31
280
     0
102
RTVSPost2010PropOp31
 70
     1
102
RTVSPost2010Prop32
280
     0
102
RTVSPost2010PropOp32
 70
     1
102
RTVSPost2010Prop33
280
     0
102
RTVSPost2010PropOp33
 70
     1
102
RTVSPost2010Prop34
280
     0
102
RTVSPost2010PropOp34
 70
     1
102
RTVSPost2010Prop35
280
     0
102
RTVSPost2010PropOp35
 70
     1
102
RTVSPost2010Prop36
280
     0
102
RTVSPost2010PropOp36
 70
     1
102
RTVSPost2010Prop37
 90
       50
102
RTVSPost2010PropOp37
 70
     1
102
RTVSPost2010Prop38
140
0.0
102
RTVSPost2010PropOp38
 70
     1
102
RTVSPost2010Prop39
140
1.0
102
RTVSPost2010PropOp39
 70
     1
102
RTVSPost2010Prop40
 90
        0
102
RTVSPost2010PropOp40
 70
     1
102
RTVSPost2010Prop41ColorIndex
 90
       18
102
RTVSPost2010Prop41ColorRGB
 90
        0
102
RTVSPost2010PropOp41
 70
     1
102
RTVSPost2010Prop42
 90
       50
102
RTVSPost2010PropOp42
 70
     1
102
RTVSPost2010Prop43
 90
        3
102
RTVSPost2010PropOp43
 70
     1
102
RTVSPost2010Prop44ColorIndex
 90
        5
102
RTVSPost2010Prop44ColorRGB
 90
      255
102
RTVSPost2010PropOp44
 70
     1
102
RTVSPost2010Prop45
280
     0
102
RTVSPost2010PropOp45
 70
     1
102
RTVSPost2010Prop46
 90
       50
102
RTVSPost2010PropOp46
 70
     1
102
RTVSPost2010Prop47
 90
       50
102
RTVSPost2010PropOp47
 70
     1
102
RTVSPost2010Prop48
 90
       50
102
RTVSPost2010PropOp48
 70
     1
102
RTVSPost2010Prop49
280
     0
102
RTVSPost2010PropOp49
 70
     1
102
RTVSPost2010Prop50
 90
       50
102
RTVSPost2010PropOp50
 70
     1
102
RTVSPost2010Prop51ColorIndex
 90
      256
102
RTVSPost2010Prop51ColorRGB
 90
-16777216
102
RTVSPost2010PropOp51
 70
     0
102
RTVSPost2010Prop52
140
1.0
102
RTVSPost2010PropOp52
 70
     0
102
RTVSPost2010Prop53
 90
        2
102
RTVSPost2010PropOp53
 70
     1
102
RTVSPost2010Prop54
  1
strokes_ogs.tif
102
RTVSPost2010PropOp54
 70
     1
102
RTVSPost2010Prop55
280
     0
102
RTVSPost2010PropOp55
 70
     1
102
RTVSPost2010Prop56
140
1.0
102
RTVSPost2010PropOp56
 70
     1
102
RTVSPost2010Prop57
140
1.0
102
RTVSPost2010PropOp57
 70
     1
  0
XRECORD
  5
FB1
102
{ACAD_REACTORS
330
FB0
102
}
330
FB0
100
AcDbXrecord
280
     1
102
RTVSPropertyOp0
 70
     1
102
RTVSPropertyOp1
 70
     1
102
RTVSPropertyOp2
 70
     1
102
RTVSPropertyOp3
 70
     1
102
RTVSPropertyOp4
 70
     1
102
RTVSPropertyOp5
 70
     1
102
RTVSPropertyOp6
 70
     1
102
RTVSPropertyOp7
 70
     1
102
RTVSPropertyOp8
 70
     1
102
RTVSPropertyOp9
 70
     1
102
RTVSPropertyOp10
 70
     1
102
RTVSPropertyOp11
 70
     1
102
RTVSPropertyOp12
 70
     1
102
RTVSPropertyOp13
 70
     1
102
RTVSPropertyOp14
 70
     1
102
RTVSPropertyOp15
 70
     1
102
RTVSPropertyOp16
 70
     1
102
RTVSPropertyOp17
 70
     1
102
RTVSPropertyOp18
 70
     1
102
RTVSPropertyOp19
 70
     1
102
RTVSPropertyOp20
 70
     1
102
RTVSPropertyOp21
 70
     1
102
RTVSPropertyOp22
 70
     1
102
RTVSPropertyOp23
 70
     1
102
RTVSPropertyOp24
 70
     1
102
RTVSPropertyOp25
 70
     1
102
RTVSPropertyOp26
 70
     1
102
RTVSPropertyOp27
 70
     1
102
RTVSPropertyOp28
 70
     1
102
RTVSPropertyOp29
 70
     1
102
RTVSPropertyOp30
 70
     1
102
RTVSPropertyOp31
 70
     1
102
RTVSPropertyOp32
 70
     1
102
RTVSPropertyOp33
 70
     1
102
RTVSPropertyOp34
 70
     1
102
RTVSPropertyOp35
 70
     1
102
RTVSPropertyOp36
 70
     1
102
RTVSPropertyOp37
 70
     1
102
RTVSPropertyOp38
 70
     1
102
RTVSPropertyOp39
 70
     1
102
RTVSPropertyOp40
 70
     1
102
RTVSPropertyOp41
 70
     1
102
RTVSPropertyOp42
 70
     1
102
RTVSPropertyOp43
 70
     1
102
RTVSPropertyOp44
 70
     1
102
RTVSPropertyOp45
 70
     1
102
RTVSPropertyOp46
 70
     1
102
RTVSPropertyOp47
 70
     1
102
RTVSPropertyOp48
 70
     1
102
RTVSPropertyOp49
 70
     1
102
RTVSPropertyOp50
 70
     1
102
RTVSPropertyOp51
 70
     0
102
RTVSPropertyOp52
 70
     0
102
RTVSPropertyOp53
 70
     1
102
RTVSPropertyOp54
 70
     1
102
RTVSPropertyOp55
 70
     1
102
RTVSPropertyOp56
 70
     1
102
RTVSPropertyOp57
 70
     1
102
RTVSPost2010Prop28
280
     0
102
RTVSPost2010PropOp28
 70
     1
102
RTVSPost2010Prop29
280
     1
102
RTVSPost2010PropOp29
 70
     1
102
RTVSPost2010Prop30
280
     1
102
RTVSPost2010PropOp30
 70
     1
102
RTVSPost2010Prop31
280
     0
102
RTVSPost2010PropOp31
 70
     1
102
RTVSPost2010Prop32
280
     0
102
RTVSPost2010PropOp32
 70
     1
102
RTVSPost2010Prop33
280
     0
102
RTVSPost2010PropOp33
 70
     1
102
RTVSPost2010Prop34
280
     0
102
RTVSPost2010PropOp34
 70
     1
102
RTVSPost2010Prop35
280
     0
102
RTVSPost2010PropOp35
 70
     1
102
RTVSPost2010Prop36
280
     0
102
RTVSPost2010PropOp36
 70
     1
102
RTVSPost2010Prop37
 90
       50
102
RTVSPost2010PropOp37
 70
     1
102
RTVSPost2010Prop38
140
0.0
102
RTVSPost2010PropOp38
 70
     1
102
RTVSPost2010Prop39
140
1.0
102
RTVSPost2010PropOp39
 70
     1
102
RTVSPost2010Prop40
 90
        0
102
RTVSPost2010PropOp40
 70
     1
102
RTVSPost2010Prop41ColorIndex
 90
       18
102
RTVSPost2010Prop41ColorRGB
 90
        0
102
RTVSPost2010PropOp41
 70
     1
102
RTVSPost2010Prop42
 90
       50
102
RTVSPost2010PropOp42
 70
     1
102
RTVSPost2010Prop43
 90
        3
102
RTVSPost2010PropOp43
 70
     1
102
RTVSPost2010Prop44ColorIndex
 90
        5
102
RTVSPost2010Prop44ColorRGB
 90
      255
102
RTVSPost2010PropOp44
 70
     1
102
RTVSPost2010Prop45
280
     0
102
RTVSPost2010PropOp45
 70
     1
102
RTVSPost2010Prop46
 90
       50
102
RTVSPost2010PropOp46
 70
     1
102
RTVSPost2010Prop47
 90
       50
102
RTVSPost2010PropOp47
 70
     1
102
RTVSPost2010Prop48
 90
       50
102
RTVSPost2010PropOp48
 70
     1
102
RTVSPost2010Prop49
280
     0
102
RTVSPost2010PropOp49
 70
     1
102
RTVSPost2010Prop50
 90
       50
102
RTVSPost2010PropOp50
 70
     1
102
RTVSPost2010Prop51ColorIndex
 90
      256
102
RTVSPost2010Prop51ColorRGB
 90
-16777216
102
RTVSPost2010PropOp51
 70
     0
102
RTVSPost2010Prop52
140
1.0
102
RTVSPost2010PropOp52
 70
     0
102
RTVSPost2010Prop53
 90
        2
102
RTVSPost2010PropOp53
 70
     1
102
RTVSPost2010Prop54
  1
strokes_ogs.tif
102
RTVSPost2010PropOp54
 70
     1
102
RTVSPost2010Prop55
280
     0
102
RTVSPost2010PropOp55
 70
     1
102
RTVSPost2010Prop56
140
1.0
102
RTVSPost2010PropOp56
 70
     1
102
RTVSPost2010Prop57
140
1.0
102
RTVSPost2010PropOp57
 70
     1
  0
XRECORD
  5
FB3
102
{ACAD_REACTORS
330
FB2
102
}
330
FB2
100
AcDbXrecord
280
     1
102
RTVSPropertyOp0
 70
     1
102
RTVSPropertyOp1
 70
     1
102
RTVSPropertyOp2
 70
     1
102
RTVSPropertyOp3
 70
     1
102
RTVSPropertyOp4
 70
     1
102
RTVSPropertyOp5
 70
     1
102
RTVSPropertyOp6
 70
     1
102
RTVSPropertyOp7
 70
     1
102
RTVSPropertyOp8
 70
     1
102
RTVSPropertyOp9
 70
     1
102
RTVSPropertyOp10
 70
     1
102
RTVSPropertyOp11
 70
     1
102
RTVSPropertyOp12
 70
     1
102
RTVSPropertyOp13
 70
     1
102
RTVSPropertyOp14
 70
     1
102
RTVSPropertyOp15
 70
     1
102
RTVSPropertyOp16
 70
     1
102
RTVSPropertyOp17
 70
     1
102
RTVSPropertyOp18
 70
     1
102
RTVSPropertyOp19
 70
     1
102
RTVSPropertyOp20
 70
     1
102
RTVSPropertyOp21
 70
     1
102
RTVSPropertyOp22
 70
     1
102
RTVSPropertyOp23
 70
     1
102
RTVSPropertyOp24
 70
     1
102
RTVSPropertyOp25
 70
     1
102
RTVSPropertyOp26
 70
     1
102
RTVSPropertyOp27
 70
     1
102
RTVSPropertyOp28
 70
     1
102
RTVSPropertyOp29
 70
     1
102
RTVSPropertyOp30
 70
     1
102
RTVSPropertyOp31
 70
     1
102
RTVSPropertyOp32
 70
     1
102
RTVSPropertyOp33
 70
     1
102
RTVSPropertyOp34
 70
     1
102
RTVSPropertyOp35
 70
     1
102
RTVSPropertyOp36
 70
     1
102
RTVSPropertyOp37
 70
     1
102
RTVSPropertyOp38
 70
     1
102
RTVSPropertyOp39
 70
     1
102
RTVSPropertyOp40
 70
     1
102
RTVSPropertyOp41
 70
     1
102
RTVSPropertyOp42
 70
     1
102
RTVSPropertyOp43
 70
     1
102
RTVSPropertyOp44
 70
     1
102
RTVSPropertyOp45
 70
     1
102
RTVSPropertyOp46
 70
     1
102
RTVSPropertyOp47
 70
     1
102
RTVSPropertyOp48
 70
     1
102
RTVSPropertyOp49
 70
     1
102
RTVSPropertyOp50
 70
     1
102
RTVSPropertyOp51
 70
     0
102
RTVSPropertyOp52
 70
     0
102
RTVSPropertyOp53
 70
     1
102
RTVSPropertyOp54
 70
     1
102
RTVSPropertyOp55
 70
     1
102
RTVSPropertyOp56
 70
     1
102
RTVSPropertyOp57
 70
     1
102
RTVSPost2010Prop28
280
     0
102
RTVSPost2010PropOp28
 70
     1
102
RTVSPost2010Prop29
280
     1
102
RTVSPost2010PropOp29
 70
     1
102
RTVSPost2010Prop30
280
     1
102
RTVSPost2010PropOp30
 70
     1
102
RTVSPost2010Prop31
280
     0
102
RTVSPost2010PropOp31
 70
     1
102
RTVSPost2010Prop32
280
     0
102
RTVSPost2010PropOp32
 70
     1
102
RTVSPost2010Prop33
280
     0
102
RTVSPost2010PropOp33
 70
     1
102
RTVSPost2010Prop34
280
     0
102
RTVSPost2010PropOp34
 70
     1
102
RTVSPost2010Prop35
280
     0
102
RTVSPost2010PropOp35
 70
     1
102
RTVSPost2010Prop36
280
     0
102
RTVSPost2010PropOp36
 70
     1
102
RTVSPost2010Prop37
 90
       50
102
RTVSPost2010PropOp37
 70
     1
102
RTVSPost2010Prop38
140
0.0
102
RTVSPost2010PropOp38
 70
     1
102
RTVSPost2010Prop39
140
1.0
102
RTVSPost2010PropOp39
 70
     1
102
RTVSPost2010Prop40
 90
        0
102
RTVSPost2010PropOp40
 70
     1
102
RTVSPost2010Prop41ColorIndex
 90
       18
102
RTVSPost2010Prop41ColorRGB
 90
        0
102
RTVSPost2010PropOp41
 70
     1
102
RTVSPost2010Prop42
 90
       50
102
RTVSPost2010PropOp42
 70
     1
102
RTVSPost2010Prop43
 90
        3
102
RTVSPost2010PropOp43
 70
     1
102
RTVSPost2010Prop44ColorIndex
 90
        5
102
RTVSPost2010Prop44ColorRGB
 90
      255
102
RTVSPost2010PropOp44
 70
     1
102
RTVSPost2010Prop45
280
     0
102
RTVSPost2010PropOp45
 70
     1
102
RTVSPost2010Prop46
 90
       50
102
RTVSPost2010PropOp46
 70
     1
102
RTVSPost2010Prop47
 90
       50
102
RTVSPost2010PropOp47
 70
     1
102
RTVSPost2010Prop48
 90
       50
102
RTVSPost2010PropOp48
 70
     1
102
RTVSPost2010Prop49
280
     0
102
RTVSPost2010PropOp49
 70
     1
102
RTVSPost2010Prop50
 90
       50
102
RTVSPost2010PropOp50
 70
     1
102
RTVSPost2010Prop51ColorIndex
 90
      256
102
RTVSPost2010Prop51ColorRGB
 90
-16777216
102
RTVSPost2010PropOp51
 70
     0
102
RTVSPost2010Prop52
140
1.0
102
RTVSPost2010PropOp52
 70
     0
102
RTVSPost2010Prop53
 90
        2
102
RTVSPost2010PropOp53
 70
     1
102
RTVSPost2010Prop54
  1
strokes_ogs.tif
102
RTVSPost2010PropOp54
 70
     1
102
RTVSPost2010Prop55
280
     0
102
RTVSPost2010PropOp55
 70
     1
102
RTVSPost2010Prop56
140
1.0
102
RTVSPost2010PropOp56
 70
     1
102
RTVSPost2010Prop57
140
1.0
102
RTVSPost2010PropOp57
 70
     1
  0
XRECORD
  5
FB9
102
{ACAD_REACTORS
330
FB8
102
}
330
FB8
100
AcDbXrecord
280
     1
102
RTVSPropertyOp0
 70
     1
102
RTVSPropertyOp1
 70
     1
102
RTVSPropertyOp2
 70
     1
102
RTVSPropertyOp3
 70
     1
102
RTVSPropertyOp4
 70
     1
102
RTVSPropertyOp5
 70
     1
102
RTVSPropertyOp6
 70
     1
102
RTVSPropertyOp7
 70
     1
102
RTVSPropertyOp8
 70
     1
102
RTVSPropertyOp9
 70
     1
102
RTVSPropertyOp10
 70
     1
102
RTVSPropertyOp11
 70
     1
102
RTVSPropertyOp12
 70
     1
102
RTVSPropertyOp13
 70
     1
102
RTVSPropertyOp14
 70
     1
102
RTVSPropertyOp15
 70
     1
102
RTVSPropertyOp16
 70
     1
102
RTVSPropertyOp17
 70
     1
102
RTVSPropertyOp18
 70
     1
102
RTVSPropertyOp19
 70
     1
102
RTVSPropertyOp20
 70
     1
102
RTVSPropertyOp21
 70
     1
102
RTVSPropertyOp22
 70
     1
102
RTVSPropertyOp23
 70
     1
102
RTVSPropertyOp24
 70
     1
102
RTVSPropertyOp25
 70
     1
102
RTVSPropertyOp26
 70
     1
102
RTVSPropertyOp27
 70
     1
102
RTVSPropertyOp28
 70
     1
102
RTVSPropertyOp29
 70
     1
102
RTVSPropertyOp30
 70
     1
102
RTVSPropertyOp31
 70
     1
102
RTVSPropertyOp32
 70
     1
102
RTVSPropertyOp33
 70
     1
102
RTVSPropertyOp34
 70
     1
102
RTVSPropertyOp35
 70
     1
102
RTVSPropertyOp36
 70
     1
102
RTVSPropertyOp37
 70
     1
102
RTVSPropertyOp38
 70
     1
102
RTVSPropertyOp39
 70
     1
102
RTVSPropertyOp40
 70
     1
102
RTVSPropertyOp41
 70
     1
102
RTVSPropertyOp42
 70
     1
102
RTVSPropertyOp43
 70
     1
102
RTVSPropertyOp44
 70
     1
102
RTVSPropertyOp45
 70
     1
102
RTVSPropertyOp46
 70
     1
102
RTVSPropertyOp47
 70
     1
102
RTVSPropertyOp48
 70
     1
102
RTVSPropertyOp49
 70
     1
102
RTVSPropertyOp50
 70
     1
102
RTVSPropertyOp51
 70
     0
102
RTVSPropertyOp52
 70
     0
102
RTVSPropertyOp53
 70
     1
102
RTVSPropertyOp54
 70
     1
102
RTVSPropertyOp55
 70
     1
102
RTVSPropertyOp56
 70
     1
102
RTVSPropertyOp57
 70
     1
102
RTVSPost2010Prop28
280
     0
102
RTVSPost2010PropOp28
 70
     1
102
RTVSPost2010Prop29
280
     1
102
RTVSPost2010PropOp29
 70
     1
102
RTVSPost2010Prop30
280
     1
102
RTVSPost2010PropOp30
 70
     1
102
RTVSPost2010Prop31
280
     0
102
RTVSPost2010PropOp31
 70
     1
102
RTVSPost2010Prop32
280
     0
102
RTVSPost2010PropOp32
 70
     1
102
RTVSPost2010Prop33
280
     0
102
RTVSPost2010PropOp33
 70
     1
102
RTVSPost2010Prop34
280
     0
102
RTVSPost2010PropOp34
 70
     1
102
RTVSPost2010Prop35
280
     0
102
RTVSPost2010PropOp35
 70
     1
102
RTVSPost2010Prop36
280
     0
102
RTVSPost2010PropOp36
 70
     1
102
RTVSPost2010Prop37
 90
       50
102
RTVSPost2010PropOp37
 70
     1
102
RTVSPost2010Prop38
140
0.0
102
RTVSPost2010PropOp38
 70
     1
102
RTVSPost2010Prop39
140
1.0
102
RTVSPost2010PropOp39
 70
     1
102
RTVSPost2010Prop40
 90
        0
102
RTVSPost2010PropOp40
 70
     1
102
RTVSPost2010Prop41ColorIndex
 90
       18
102
RTVSPost2010Prop41ColorRGB
 90
        0
102
RTVSPost2010PropOp41
 70
     1
102
RTVSPost2010Prop42
 90
       50
102
RTVSPost2010PropOp42
 70
     1
102
RTVSPost2010Prop43
 90
        3
102
RTVSPost2010PropOp43
 70
     1
102
RTVSPost2010Prop44ColorIndex
 90
        5
102
RTVSPost2010Prop44ColorRGB
 90
      255
102
RTVSPost2010PropOp44
 70
     1
102
RTVSPost2010Prop45
280
     0
102
RTVSPost2010PropOp45
 70
     1
102
RTVSPost2010Prop46
 90
       50
102
RTVSPost2010PropOp46
 70
     1
102
RTVSPost2010Prop47
 90
       50
102
RTVSPost2010PropOp47
 70
     1
102
RTVSPost2010Prop48
 90
       50
102
RTVSPost2010PropOp48
 70
     1
102
RTVSPost2010Prop49
280
     0
102
RTVSPost2010PropOp49
 70
     1
102
RTVSPost2010Prop50
 90
       50
102
RTVSPost2010PropOp50
 70
     1
102
RTVSPost2010Prop51ColorIndex
 90
      256
102
RTVSPost2010Prop51ColorRGB
 90
-16777216
102
RTVSPost2010PropOp51
 70
     0
102
RTVSPost2010Prop52
140
1.0
102
RTVSPost2010PropOp52
 70
     0
102
RTVSPost2010Prop53
 90
        2
102
RTVSPost2010PropOp53
 70
     1
102
RTVSPost2010Prop54
  1
strokes_ogs.tif
102
RTVSPost2010PropOp54
 70
     1
102
RTVSPost2010Prop55
280
     0
102
RTVSPost2010PropOp55
 70
     1
102
RTVSPost2010Prop56
140
1.0
102
RTVSPost2010PropOp56
 70
     1
102
RTVSPost2010Prop57
140
1.0
102
RTVSPost2010PropOp57
 70
     1
  0
XRECORD
  5
FCD
102
{ACAD_REACTORS
330
FCC
102
}
330
FCC
100
AcDbXrecord
280
     1
102
RTVSPropertyOp0
 70
     0
102
RTVSPropertyOp1
 70
     0
102
RTVSPropertyOp2
 70
     0
102
RTVSPropertyOp3
 70
     0
102
RTVSPropertyOp4
 70
     0
102
RTVSPropertyOp5
 70
     0
102
RTVSPropertyOp6
 70
     0
102
RTVSPropertyOp7
 70
     0
102
RTVSPropertyOp8
 70
     0
102
RTVSPropertyOp9
 70
     0
102
RTVSPropertyOp10
 70
     0
102
RTVSPropertyOp11
 70
     0
102
RTVSPropertyOp12
 70
     0
102
RTVSPropertyOp13
 70
     0
102
RTVSPropertyOp14
 70
     2
102
RTVSPropertyOp15
 70
     0
102
RTVSPropertyOp16
 70
     0
102
RTVSPropertyOp17
 70
     0
102
RTVSPropertyOp18
 70
     0
102
RTVSPropertyOp19
 70
     0
102
RTVSPropertyOp20
 70
     0
102
RTVSPropertyOp21
 70
     0
102
RTVSPropertyOp22
 70
     0
102
RTVSPropertyOp23
 70
     0
102
RTVSPropertyOp24
 70
     0
102
RTVSPropertyOp25
 70
     0
102
RTVSPropertyOp26
 70
     0
102
RTVSPropertyOp27
 70
     0
102
RTVSPropertyOp28
 70
     0
102
RTVSPropertyOp29
 70
     0
102
RTVSPropertyOp30
 70
     0
102
RTVSPropertyOp31
 70
     0
102
RTVSPropertyOp32
 70
     0
102
RTVSPropertyOp33
 70
     0
102
RTVSPropertyOp34
 70
     0
102
RTVSPropertyOp35
 70
     0
102
RTVSPropertyOp36
 70
     0
102
RTVSPropertyOp37
 70
     0
102
RTVSPropertyOp38
 70
     0
102
RTVSPropertyOp39
 70
     0
102
RTVSPropertyOp40
 70
     0
102
RTVSPropertyOp41
 70
     0
102
RTVSPropertyOp42
 70
     0
102
RTVSPropertyOp43
 70
     0
102
RTVSPropertyOp44
 70
     0
102
RTVSPropertyOp45
 70
     0
102
RTVSPropertyOp46
 70
     0
102
RTVSPropertyOp47
 70
     0
102
RTVSPropertyOp48
 70
     0
102
RTVSPropertyOp49
 70
     0
102
RTVSPropertyOp50
 70
     0
102
RTVSPropertyOp51
 70
     0
102
RTVSPropertyOp52
 70
     0
102
RTVSPropertyOp53
 70
     0
102
RTVSPropertyOp54
 70
     0
102
RTVSPropertyOp55
 70
     0
102
RTVSPropertyOp56
 70
     0
102
RTVSPropertyOp57
 70
     0
102
RTVSPost2010Prop28
280
     0
102
RTVSPost2010PropOp28
 70
     0
102
RTVSPost2010Prop29
280
     1
102
RTVSPost2010PropOp29
 70
     0
102
RTVSPost2010Prop30
280
     1
102
RTVSPost2010PropOp30
 70
     0
102
RTVSPost2010Prop31
280
     0
102
RTVSPost2010PropOp31
 70
     0
102
RTVSPost2010Prop32
280
     0
102
RTVSPost2010PropOp32
 70
     0
102
RTVSPost2010Prop33
280
     0
102
RTVSPost2010PropOp33
 70
     0
102
RTVSPost2010Prop34
280
     0
102
RTVSPost2010PropOp34
 70
     0
102
RTVSPost2010Prop35
280
     0
102
RTVSPost2010PropOp35
 70
     0
102
RTVSPost2010Prop36
280
     0
102
RTVSPost2010PropOp36
 70
     0
102
RTVSPost2010Prop37
 90
       50
102
RTVSPost2010PropOp37
 70
     0
102
RTVSPost2010Prop38
140
0.0
102
RTVSPost2010PropOp38
 70
     0
102
RTVSPost2010Prop39
140
1.0
102
RTVSPost2010PropOp39
 70
     0
102
RTVSPost2010Prop40
 90
        0
102
RTVSPost2010PropOp40
 70
     0
102
RTVSPost2010Prop41ColorIndex
 90
       18
102
RTVSPost2010Prop41ColorRGB
 90
        0
102
RTVSPost2010PropOp41
 70
     0
102
RTVSPost2010Prop42
 90
       50
102
RTVSPost2010PropOp42
 70
     0
102
RTVSPost2010Prop43
 90
        3
102
RTVSPost2010PropOp43
 70
     0
102
RTVSPost2010Prop44ColorIndex
 90
        5
102
RTVSPost2010Prop44ColorRGB
 90
      255
102
RTVSPost2010PropOp44
 70
     0
102
RTVSPost2010Prop45
280
     0
102
RTVSPost2010PropOp45
 70
     0
102
RTVSPost2010Prop46
 90
       50
102
RTVSPost2010PropOp46
 70
     0
102
RTVSPost2010Prop47
 90
       50
102
RTVSPost2010PropOp47
 70
     0
102
RTVSPost2010Prop48
 90
       50
102
RTVSPost2010PropOp48
 70
     0
102
RTVSPost2010Prop49
280
     0
102
RTVSPost2010PropOp49
 70
     0
102
RTVSPost2010Prop50
 90
       50
102
RTVSPost2010PropOp50
 70
     0
102
RTVSPost2010Prop51ColorIndex
 90
      256
102
RTVSPost2010Prop51ColorRGB
 90
-16777216
102
RTVSPost2010PropOp51
 70
     0
102
RTVSPost2010Prop52
140
1.0
102
RTVSPost2010PropOp52
 70
     0
102
RTVSPost2010Prop53
 90
        2
102
RTVSPost2010PropOp53
 70
     0
102
RTVSPost2010Prop54
  1
strokes_ogs.tif
102
RTVSPost2010PropOp54
 70
     0
102
RTVSPost2010Prop55
280
     0
102
RTVSPost2010PropOp55
 70
     0
102
RTVSPost2010Prop56
140
1.0
102
RTVSPost2010PropOp56
 70
     0
102
RTVSPost2010Prop57
140
1.0
102
RTVSPost2010PropOp57
 70
     0
  0
XRECORD
  5
FC7
102
{ACAD_REACTORS
330
FC6
102
}
330
FC6
100
AcDbXrecord
280
     1
102
RTVSPropertyOp0
 70
     1
102
RTVSPropertyOp1
 70
     1
102
RTVSPropertyOp2
 70
     1
102
RTVSPropertyOp3
 70
     1
102
RTVSPropertyOp4
 70
     1
102
RTVSPropertyOp5
 70
     1
102
RTVSPropertyOp6
 70
     1
102
RTVSPropertyOp7
 70
     1
102
RTVSPropertyOp8
 70
     1
102
RTVSPropertyOp9
 70
     1
102
RTVSPropertyOp10
 70
     1
102
RTVSPropertyOp11
 70
     1
102
RTVSPropertyOp12
 70
     1
102
RTVSPropertyOp13
 70
     1
102
RTVSPropertyOp14
 70
     1
102
RTVSPropertyOp15
 70
     1
102
RTVSPropertyOp16
 70
     1
102
RTVSPropertyOp17
 70
     1
102
RTVSPropertyOp18
 70
     1
102
RTVSPropertyOp19
 70
     1
102
RTVSPropertyOp20
 70
     1
102
RTVSPropertyOp21
 70
     1
102
RTVSPropertyOp22
 70
     1
102
RTVSPropertyOp23
 70
     1
102
RTVSPropertyOp24
 70
     1
102
RTVSPropertyOp25
 70
     1
102
RTVSPropertyOp26
 70
     1
102
RTVSPropertyOp27
 70
     1
102
RTVSPropertyOp28
 70
     1
102
RTVSPropertyOp29
 70
     1
102
RTVSPropertyOp30
 70
     1
102
RTVSPropertyOp31
 70
     1
102
RTVSPropertyOp32
 70
     1
102
RTVSPropertyOp33
 70
     1
102
RTVSPropertyOp34
 70
     1
102
RTVSPropertyOp35
 70
     1
102
RTVSPropertyOp36
 70
     1
102
RTVSPropertyOp37
 70
     1
102
RTVSPropertyOp38
 70
     1
102
RTVSPropertyOp39
 70
     1
102
RTVSPropertyOp40
 70
     1
102
RTVSPropertyOp41
 70
     1
102
RTVSPropertyOp42
 70
     1
102
RTVSPropertyOp43
 70
     1
102
RTVSPropertyOp44
 70
     1
102
RTVSPropertyOp45
 70
     1
102
RTVSPropertyOp46
 70
     1
102
RTVSPropertyOp47
 70
     1
102
RTVSPropertyOp48
 70
     1
102
RTVSPropertyOp49
 70
     1
102
RTVSPropertyOp50
 70
     1
102
RTVSPropertyOp51
 70
     0
102
RTVSPropertyOp52
 70
     0
102
RTVSPropertyOp53
 70
     1
102
RTVSPropertyOp54
 70
     1
102
RTVSPropertyOp55
 70
     1
102
RTVSPropertyOp56
 70
     1
102
RTVSPropertyOp57
 70
     1
102
RTVSPost2010Prop28
280
     0
102
RTVSPost2010PropOp28
 70
     1
102
RTVSPost2010Prop29
280
     1
102
RTVSPost2010PropOp29
 70
     1
102
RTVSPost2010Prop30
280
     1
102
RTVSPost2010PropOp30
 70
     1
102
RTVSPost2010Prop31
280
     0
102
RTVSPost2010PropOp31
 70
     1
102
RTVSPost2010Prop32
280
     0
102
RTVSPost2010PropOp32
 70
     1
102
RTVSPost2010Prop33
280
     0
102
RTVSPost2010PropOp33
 70
     1
102
RTVSPost2010Prop34
280
     0
102
RTVSPost2010PropOp34
 70
     1
102
RTVSPost2010Prop35
280
     0
102
RTVSPost2010PropOp35
 70
     1
102
RTVSPost2010Prop36
280
     0
102
RTVSPost2010PropOp36
 70
     1
102
RTVSPost2010Prop37
 90
       50
102
RTVSPost2010PropOp37
 70
     1
102
RTVSPost2010Prop38
140
0.0
102
RTVSPost2010PropOp38
 70
     1
102
RTVSPost2010Prop39
140
1.0
102
RTVSPost2010PropOp39
 70
     1
102
RTVSPost2010Prop40
 90
        0
102
RTVSPost2010PropOp40
 70
     1
102
RTVSPost2010Prop41ColorIndex
 90
       18
102
RTVSPost2010Prop41ColorRGB
 90
        0
102
RTVSPost2010PropOp41
 70
     1
102
RTVSPost2010Prop42
 90
       50
102
RTVSPost2010PropOp42
 70
     1
102
RTVSPost2010Prop43
 90
        3
102
RTVSPost2010PropOp43
 70
     1
102
RTVSPost2010Prop44ColorIndex
 90
        5
102
RTVSPost2010Prop44ColorRGB
 90
      255
102
RTVSPost2010PropOp44
 70
     1
102
RTVSPost2010Prop45
280
     0
102
RTVSPost2010PropOp45
 70
     1
102
RTVSPost2010Prop46
 90
       50
102
RTVSPost2010PropOp46
 70
     1
102
RTVSPost2010Prop47
 90
       50
102
RTVSPost2010PropOp47
 70
     1
102
RTVSPost2010Prop48
 90
       50
102
RTVSPost2010PropOp48
 70
     1
102
RTVSPost2010Prop49
280
     0
102
RTVSPost2010PropOp49
 70
     1
102
RTVSPost2010Prop50
 90
       50
102
RTVSPost2010PropOp50
 70
     1
102
RTVSPost2010Prop51ColorIndex
 90
      256
102
RTVSPost2010Prop51ColorRGB
 90
-16777216
102
RTVSPost2010PropOp51
 70
     0
102
RTVSPost2010Prop52
140
1.0
102
RTVSPost2010PropOp52
 70
     0
102
RTVSPost2010Prop53
 90
        2
102
RTVSPost2010PropOp53
 70
     1
102
RTVSPost2010Prop54
  1
strokes_ogs.tif
102
RTVSPost2010PropOp54
 70
     1
102
RTVSPost2010Prop55
280
     0
102
RTVSPost2010PropOp55
 70
     1
102
RTVSPost2010Prop56
140
1.0
102
RTVSPost2010PropOp56
 70
     1
102
RTVSPost2010Prop57
140
1.0
102
RTVSPost2010PropOp57
 70
     1
  0
XRECORD
  5
FCF
102
{ACAD_REACTORS
330
FCE
102
}
330
FCE
100
AcDbXrecord
280
     1
102
RTVSPropertyOp0
 70
     0
102
RTVSPropertyOp1
 70
     0
102
RTVSPropertyOp2
 70
     0
102
RTVSPropertyOp3
 70
     0
102
RTVSPropertyOp4
 70
     0
102
RTVSPropertyOp5
 70
     0
102
RTVSPropertyOp6
 70
     0
102
RTVSPropertyOp7
 70
     0
102
RTVSPropertyOp8
 70
     0
102
RTVSPropertyOp9
 70
     0
102
RTVSPropertyOp10
 70
     0
102
RTVSPropertyOp11
 70
     0
102
RTVSPropertyOp12
 70
     0
102
RTVSPropertyOp13
 70
     0
102
RTVSPropertyOp14
 70
     2
102
RTVSPropertyOp15
 70
     0
102
RTVSPropertyOp16
 70
     0
102
RTVSPropertyOp17
 70
     0
102
RTVSPropertyOp18
 70
     0
102
RTVSPropertyOp19
 70
     0
102
RTVSPropertyOp20
 70
     0
102
RTVSPropertyOp21
 70
     0
102
RTVSPropertyOp22
 70
     0
102
RTVSPropertyOp23
 70
     0
102
RTVSPropertyOp24
 70
     0
102
RTVSPropertyOp25
 70
     0
102
RTVSPropertyOp26
 70
     0
102
RTVSPropertyOp27
 70
     0
102
RTVSPropertyOp28
 70
     0
102
RTVSPropertyOp29
 70
     0
102
RTVSPropertyOp30
 70
     0
102
RTVSPropertyOp31
 70
     0
102
RTVSPropertyOp32
 70
     0
102
RTVSPropertyOp33
 70
     0
102
RTVSPropertyOp34
 70
     0
102
RTVSPropertyOp35
 70
     0
102
RTVSPropertyOp36
 70
     0
102
RTVSPropertyOp37
 70
     0
102
RTVSPropertyOp38
 70
     0
102
RTVSPropertyOp39
 70
     0
102
RTVSPropertyOp40
 70
     0
102
RTVSPropertyOp41
 70
     0
102
RTVSPropertyOp42
 70
     0
102
RTVSPropertyOp43
 70
     0
102
RTVSPropertyOp44
 70
     0
102
RTVSPropertyOp45
 70
     0
102
RTVSPropertyOp46
 70
     0
102
RTVSPropertyOp47
 70
     0
102
RTVSPropertyOp48
 70
     0
102
RTVSPropertyOp49
 70
     0
102
RTVSPropertyOp50
 70
     0
102
RTVSPropertyOp51
 70
     0
102
RTVSPropertyOp52
 70
     0
102
RTVSPropertyOp53
 70
     0
102
RTVSPropertyOp54
 70
     0
102
RTVSPropertyOp55
 70
     0
102
RTVSPropertyOp56
 70
     0
102
RTVSPropertyOp57
 70
     0
102
RTVSPost2010Prop28
280
     0
102
RTVSPost2010PropOp28
 70
     0
102
RTVSPost2010Prop29
280
     1
102
RTVSPost2010PropOp29
 70
     0
102
RTVSPost2010Prop30
280
     1
102
RTVSPost2010PropOp30
 70
     0
102
RTVSPost2010Prop31
280
     0
102
RTVSPost2010PropOp31
 70
     0
102
RTVSPost2010Prop32
280
     0
102
RTVSPost2010PropOp32
 70
     0
102
RTVSPost2010Prop33
280
     0
102
RTVSPost2010PropOp33
 70
     0
102
RTVSPost2010Prop34
280
     0
102
RTVSPost2010PropOp34
 70
     0
102
RTVSPost2010Prop35
280
     0
102
RTVSPost2010PropOp35
 70
     0
102
RTVSPost2010Prop36
280
     0
102
RTVSPost2010PropOp36
 70
     0
102
RTVSPost2010Prop37
 90
       50
102
RTVSPost2010PropOp37
 70
     0
102
RTVSPost2010Prop38
140
0.0
102
RTVSPost2010PropOp38
 70
     0
102
RTVSPost2010Prop39
140
1.0
102
RTVSPost2010PropOp39
 70
     0
102
RTVSPost2010Prop40
 90
        0
102
RTVSPost2010PropOp40
 70
     0
102
RTVSPost2010Prop41ColorIndex
 90
       18
102
RTVSPost2010Prop41ColorRGB
 90
        0
102
RTVSPost2010PropOp41
 70
     0
102
RTVSPost2010Prop42
 90
       50
102
RTVSPost2010PropOp42
 70
     0
102
RTVSPost2010Prop43
 90
        3
102
RTVSPost2010PropOp43
 70
     0
102
RTVSPost2010Prop44ColorIndex
 90
        5
102
RTVSPost2010Prop44ColorRGB
 90
      255
102
RTVSPost2010PropOp44
 70
     0
102
RTVSPost2010Prop45
280
     0
102
RTVSPost2010PropOp45
 70
     0
102
RTVSPost2010Prop46
 90
       50
102
RTVSPost2010PropOp46
 70
     0
102
RTVSPost2010Prop47
 90
       50
102
RTVSPost2010PropOp47
 70
     0
102
RTVSPost2010Prop48
 90
       50
102
RTVSPost2010PropOp48
 70
     0
102
RTVSPost2010Prop49
280
     0
102
RTVSPost2010PropOp49
 70
     0
102
RTVSPost2010Prop50
 90
       50
102
RTVSPost2010PropOp50
 70
     0
102
RTVSPost2010Prop51ColorIndex
 90
      256
102
RTVSPost2010Prop51ColorRGB
 90
-16777216
102
RTVSPost2010PropOp51
 70
     0
102
RTVSPost2010Prop52
140
1.0
102
RTVSPost2010PropOp52
 70
     0
102
RTVSPost2010Prop53
 90
        2
102
RTVSPost2010PropOp53
 70
     0
102
RTVSPost2010Prop54
  1
strokes_ogs.tif
102
RTVSPost2010PropOp54
 70
     0
102
RTVSPost2010Prop55
280
     0
102
RTVSPost2010PropOp55
 70
     0
102
RTVSPost2010Prop56
140
1.0
102
RTVSPost2010PropOp56
 70
     0
102
RTVSPost2010Prop57
140
1.0
102
RTVSPost2010PropOp57
 70
     0
  0
XRECORD
  5
FBD
102
{ACAD_REACTORS
330
FBC
102
}
330
FBC
100
AcDbXrecord
280
     1
102
RTVSPropertyOp0
 70
     1
102
RTVSPropertyOp1
 70
     1
102
RTVSPropertyOp2
 70
     1
102
RTVSPropertyOp3
 70
     1
102
RTVSPropertyOp4
 70
     1
102
RTVSPropertyOp5
 70
     1
102
RTVSPropertyOp6
 70
     1
102
RTVSPropertyOp7
 70
     1
102
RTVSPropertyOp8
 70
     1
102
RTVSPropertyOp9
 70
     1
102
RTVSPropertyOp10
 70
     1
102
RTVSPropertyOp11
 70
     1
102
RTVSPropertyOp12
 70
     1
102
RTVSPropertyOp13
 70
     1
102
RTVSPropertyOp14
 70
     1
102
RTVSPropertyOp15
 70
     1
102
RTVSPropertyOp16
 70
     1
102
RTVSPropertyOp17
 70
     1
102
RTVSPropertyOp18
 70
     1
102
RTVSPropertyOp19
 70
     1
102
RTVSPropertyOp20
 70
     1
102
RTVSPropertyOp21
 70
     1
102
RTVSPropertyOp22
 70
     1
102
RTVSPropertyOp23
 70
     1
102
RTVSPropertyOp24
 70
     1
102
RTVSPropertyOp25
 70
     1
102
RTVSPropertyOp26
 70
     1
102
RTVSPropertyOp27
 70
     1
102
RTVSPropertyOp28
 70
     1
102
RTVSPropertyOp29
 70
     1
102
RTVSPropertyOp30
 70
     1
102
RTVSPropertyOp31
 70
     1
102
RTVSPropertyOp32
 70
     1
102
RTVSPropertyOp33
 70
     1
102
RTVSPropertyOp34
 70
     1
102
RTVSPropertyOp35
 70
     1
102
RTVSPropertyOp36
 70
     1
102
RTVSPropertyOp37
 70
     1
102
RTVSPropertyOp38
 70
     1
102
RTVSPropertyOp39
 70
     1
102
RTVSPropertyOp40
 70
     1
102
RTVSPropertyOp41
 70
     1
102
RTVSPropertyOp42
 70
     1
102
RTVSPropertyOp43
 70
     1
102
RTVSPropertyOp44
 70
     1
102
RTVSPropertyOp45
 70
     1
102
RTVSPropertyOp46
 70
     1
102
RTVSPropertyOp47
 70
     1
102
RTVSPropertyOp48
 70
     1
102
RTVSPropertyOp49
 70
     1
102
RTVSPropertyOp50
 70
     1
102
RTVSPropertyOp51
 70
     0
102
RTVSPropertyOp52
 70
     0
102
RTVSPropertyOp53
 70
     1
102
RTVSPropertyOp54
 70
     1
102
RTVSPropertyOp55
 70
     1
102
RTVSPropertyOp56
 70
     1
102
RTVSPropertyOp57
 70
     1
102
RTVSPost2010Prop28
280
     0
102
RTVSPost2010PropOp28
 70
     1
102
RTVSPost2010Prop29
280
     1
102
RTVSPost2010PropOp29
 70
     1
102
RTVSPost2010Prop30
280
     1
102
RTVSPost2010PropOp30
 70
     1
102
RTVSPost2010Prop31
280
     0
102
RTVSPost2010PropOp31
 70
     1
102
RTVSPost2010Prop32
280
     0
102
RTVSPost2010PropOp32
 70
     1
102
RTVSPost2010Prop33
280
     0
102
RTVSPost2010PropOp33
 70
     1
102
RTVSPost2010Prop34
280
     0
102
RTVSPost2010PropOp34
 70
     1
102
RTVSPost2010Prop35
280
     0
102
RTVSPost2010PropOp35
 70
     1
102
RTVSPost2010Prop36
280
     0
102
RTVSPost2010PropOp36
 70
     1
102
RTVSPost2010Prop37
 90
       50
102
RTVSPost2010PropOp37
 70
     1
102
RTVSPost2010Prop38
140
0.0
102
RTVSPost2010PropOp38
 70
     1
102
RTVSPost2010Prop39
140
1.0
102
RTVSPost2010PropOp39
 70
     1
102
RTVSPost2010Prop40
 90
        0
102
RTVSPost2010PropOp40
 70
     1
102
RTVSPost2010Prop41ColorIndex
 90
       18
102
RTVSPost2010Prop41ColorRGB
 90
        0
102
RTVSPost2010PropOp41
 70
     1
102
RTVSPost2010Prop42
 90
       50
102
RTVSPost2010PropOp42
 70
     1
102
RTVSPost2010Prop43
 90
        3
102
RTVSPost2010PropOp43
 70
     1
102
RTVSPost2010Prop44ColorIndex
 90
        5
102
RTVSPost2010Prop44ColorRGB
 90
      255
102
RTVSPost2010PropOp44
 70
     1
102
RTVSPost2010Prop45
280
     0
102
RTVSPost2010PropOp45
 70
     1
102
RTVSPost2010Prop46
 90
       50
102
RTVSPost2010PropOp46
 70
     1
102
RTVSPost2010Prop47
 90
       50
102
RTVSPost2010PropOp47
 70
     1
102
RTVSPost2010Prop48
 90
       50
102
RTVSPost2010PropOp48
 70
     1
102
RTVSPost2010Prop49
280
     0
102
RTVSPost2010PropOp49
 70
     1
102
RTVSPost2010Prop50
 90
       50
102
RTVSPost2010PropOp50
 70
     1
102
RTVSPost2010Prop51ColorIndex
 90
      256
102
RTVSPost2010Prop51ColorRGB
 90
-16777216
102
RTVSPost2010PropOp51
 70
     0
102
RTVSPost2010Prop52
140
1.0
102
RTVSPost2010PropOp52
 70
     0
102
RTVSPost2010Prop53
 90
        2
102
RTVSPost2010PropOp53
 70
     1
102
RTVSPost2010Prop54
  1
strokes_ogs.tif
102
RTVSPost2010PropOp54
 70
     1
102
RTVSPost2010Prop55
280
     0
102
RTVSPost2010PropOp55
 70
     1
102
RTVSPost2010Prop56
140
1.0
102
RTVSPost2010PropOp56
 70
     1
102
RTVSPost2010Prop57
140
1.0
102
RTVSPost2010PropOp57
 70
     1
  0
XRECORD
  5
FDB
102
{ACAD_REACTORS
330
FDA
102
}
330
FDA
100
AcDbXrecord
280
     1
102
RTVSPropertyOp0
 70
     1
102
RTVSPropertyOp1
 70
     1
102
RTVSPropertyOp2
 70
     1
102
RTVSPropertyOp3
 70
     1
102
RTVSPropertyOp4
 70
     1
102
RTVSPropertyOp5
 70
     1
102
RTVSPropertyOp6
 70
     1
102
RTVSPropertyOp7
 70
     1
102
RTVSPropertyOp8
 70
     1
102
RTVSPropertyOp9
 70
     1
102
RTVSPropertyOp10
 70
     1
102
RTVSPropertyOp11
 70
     1
102
RTVSPropertyOp12
 70
     1
102
RTVSPropertyOp13
 70
     1
102
RTVSPropertyOp14
 70
     1
102
RTVSPropertyOp15
 70
     1
102
RTVSPropertyOp16
 70
     1
102
RTVSPropertyOp17
 70
     1
102
RTVSPropertyOp18
 70
     1
102
RTVSPropertyOp19
 70
     1
102
RTVSPropertyOp20
 70
     1
102
RTVSPropertyOp21
 70
     1
102
RTVSPropertyOp22
 70
     1
102
RTVSPropertyOp23
 70
     1
102
RTVSPropertyOp24
 70
     1
102
RTVSPropertyOp25
 70
     1
102
RTVSPropertyOp26
 70
     1
102
RTVSPropertyOp27
 70
     1
102
RTVSPropertyOp28
 70
     1
102
RTVSPropertyOp29
 70
     1
102
RTVSPropertyOp30
 70
     1
102
RTVSPropertyOp31
 70
     1
102
RTVSPropertyOp32
 70
     1
102
RTVSPropertyOp33
 70
     1
102
RTVSPropertyOp34
 70
     1
102
RTVSPropertyOp35
 70
     1
102
RTVSPropertyOp36
 70
     1
102
RTVSPropertyOp37
 70
     1
102
RTVSPropertyOp38
 70
     1
102
RTVSPropertyOp39
 70
     1
102
RTVSPropertyOp40
 70
     1
102
RTVSPropertyOp41
 70
     1
102
RTVSPropertyOp42
 70
     1
102
RTVSPropertyOp43
 70
     1
102
RTVSPropertyOp44
 70
     1
102
RTVSPropertyOp45
 70
     1
102
RTVSPropertyOp46
 70
     1
102
RTVSPropertyOp47
 70
     1
102
RTVSPropertyOp48
 70
     1
102
RTVSPropertyOp49
 70
     1
102
RTVSPropertyOp50
 70
     1
102
RTVSPropertyOp51
 70
     0
102
RTVSPropertyOp52
 70
     0
102
RTVSPropertyOp53
 70
     1
102
RTVSPropertyOp54
 70
     1
102
RTVSPropertyOp55
 70
     1
102
RTVSPropertyOp56
 70
     1
102
RTVSPropertyOp57
 70
     1
102
RTVSPost2010Prop28
280
     0
102
RTVSPost2010PropOp28
 70
     1
102
RTVSPost2010Prop29
280
     1
102
RTVSPost2010PropOp29
 70
     1
102
RTVSPost2010Prop30
280
     1
102
RTVSPost2010PropOp30
 70
     1
102
RTVSPost2010Prop31
280
     0
102
RTVSPost2010PropOp31
 70
     1
102
RTVSPost2010Prop32
280
     0
102
RTVSPost2010PropOp32
 70
     1
102
RTVSPost2010Prop33
280
     0
102
RTVSPost2010PropOp33
 70
     1
102
RTVSPost2010Prop34
280
     0
102
RTVSPost2010PropOp34
 70
     1
102
RTVSPost2010Prop35
280
     0
102
RTVSPost2010PropOp35
 70
     1
102
RTVSPost2010Prop36
280
     0
102
RTVSPost2010PropOp36
 70
     1
102
RTVSPost2010Prop37
 90
       50
102
RTVSPost2010PropOp37
 70
     1
102
RTVSPost2010Prop38
140
0.0
102
RTVSPost2010PropOp38
 70
     1
102
RTVSPost2010Prop39
140
1.0
102
RTVSPost2010PropOp39
 70
     1
102
RTVSPost2010Prop40
 90
        0
102
RTVSPost2010PropOp40
 70
     1
102
RTVSPost2010Prop41ColorIndex
 90
       18
102
RTVSPost2010Prop41ColorRGB
 90
        0
102
RTVSPost2010PropOp41
 70
     1
102
RTVSPost2010Prop42
 90
       50
102
RTVSPost2010PropOp42
 70
     1
102
RTVSPost2010Prop43
 90
        3
102
RTVSPost2010PropOp43
 70
     1
102
RTVSPost2010Prop44ColorIndex
 90
        5
102
RTVSPost2010Prop44ColorRGB
 90
      255
102
RTVSPost2010PropOp44
 70
     1
102
RTVSPost2010Prop45
280
     0
102
RTVSPost2010PropOp45
 70
     1
102
RTVSPost2010Prop46
 90
       50
102
RTVSPost2010PropOp46
 70
     1
102
RTVSPost2010Prop47
 90
       50
102
RTVSPost2010PropOp47
 70
     1
102
RTVSPost2010Prop48
 90
       50
102
RTVSPost2010PropOp48
 70
     1
102
RTVSPost2010Prop49
280
     0
102
RTVSPost2010PropOp49
 70
     1
102
RTVSPost2010Prop50
 90
       50
102
RTVSPost2010PropOp50
 70
     1
102
RTVSPost2010Prop51ColorIndex
 90
      256
102
RTVSPost2010Prop51ColorRGB
 90
-16777216
102
RTVSPost2010PropOp51
 70
     0
102
RTVSPost2010Prop52
140
1.0
102
RTVSPost2010PropOp52
 70
     0
102
RTVSPost2010Prop53
 90
        2
102
RTVSPost2010PropOp53
 70
     1
102
RTVSPost2010Prop54
  1
strokes_ogs.tif
102
RTVSPost2010PropOp54
 70
     1
102
RTVSPost2010Prop55
280
     0
102
RTVSPost2010PropOp55
 70
     1
102
RTVSPost2010Prop56
140
1.0
102
RTVSPost2010PropOp56
 70
     1
102
RTVSPost2010Prop57
140
1.0
102
RTVSPost2010PropOp57
 70
     1
  0
XRECORD
  5
FD9
102
{ACAD_REACTORS
330
FD8
102
}
330
FD8
100
AcDbXrecord
280
     1
102
RTVSPropertyOp0
 70
     1
102
RTVSPropertyOp1
 70
     1
102
RTVSPropertyOp2
 70
     1
102
RTVSPropertyOp3
 70
     1
102
RTVSPropertyOp4
 70
     1
102
RTVSPropertyOp5
 70
     1
102
RTVSPropertyOp6
 70
     1
102
RTVSPropertyOp7
 70
     1
102
RTVSPropertyOp8
 70
     1
102
RTVSPropertyOp9
 70
     1
102
RTVSPropertyOp10
 70
     1
102
RTVSPropertyOp11
 70
     1
102
RTVSPropertyOp12
 70
     1
102
RTVSPropertyOp13
 70
     1
102
RTVSPropertyOp14
 70
     1
102
RTVSPropertyOp15
 70
     1
102
RTVSPropertyOp16
 70
     1
102
RTVSPropertyOp17
 70
     1
102
RTVSPropertyOp18
 70
     1
102
RTVSPropertyOp19
 70
     1
102
RTVSPropertyOp20
 70
     1
102
RTVSPropertyOp21
 70
     1
102
RTVSPropertyOp22
 70
     1
102
RTVSPropertyOp23
 70
     1
102
RTVSPropertyOp24
 70
     1
102
RTVSPropertyOp25
 70
     1
102
RTVSPropertyOp26
 70
     1
102
RTVSPropertyOp27
 70
     1
102
RTVSPropertyOp28
 70
     1
102
RTVSPropertyOp29
 70
     1
102
RTVSPropertyOp30
 70
     1
102
RTVSPropertyOp31
 70
     1
102
RTVSPropertyOp32
 70
     1
102
RTVSPropertyOp33
 70
     1
102
RTVSPropertyOp34
 70
     1
102
RTVSPropertyOp35
 70
     1
102
RTVSPropertyOp36
 70
     1
102
RTVSPropertyOp37
 70
     1
102
RTVSPropertyOp38
 70
     1
102
RTVSPropertyOp39
 70
     1
102
RTVSPropertyOp40
 70
     1
102
RTVSPropertyOp41
 70
     1
102
RTVSPropertyOp42
 70
     1
102
RTVSPropertyOp43
 70
     1
102
RTVSPropertyOp44
 70
     1
102
RTVSPropertyOp45
 70
     1
102
RTVSPropertyOp46
 70
     1
102
RTVSPropertyOp47
 70
     1
102
RTVSPropertyOp48
 70
     1
102
RTVSPropertyOp49
 70
     1
102
RTVSPropertyOp50
 70
     1
102
RTVSPropertyOp51
 70
     0
102
RTVSPropertyOp52
 70
     0
102
RTVSPropertyOp53
 70
     1
102
RTVSPropertyOp54
 70
     1
102
RTVSPropertyOp55
 70
     1
102
RTVSPropertyOp56
 70
     1
102
RTVSPropertyOp57
 70
     1
102
RTVSPost2010Prop28
280
     0
102
RTVSPost2010PropOp28
 70
     1
102
RTVSPost2010Prop29
280
     1
102
RTVSPost2010PropOp29
 70
     1
102
RTVSPost2010Prop30
280
     1
102
RTVSPost2010PropOp30
 70
     1
102
RTVSPost2010Prop31
280
     0
102
RTVSPost2010PropOp31
 70
     1
102
RTVSPost2010Prop32
280
     0
102
RTVSPost2010PropOp32
 70
     1
102
RTVSPost2010Prop33
280
     0
102
RTVSPost2010PropOp33
 70
     1
102
RTVSPost2010Prop34
280
     0
102
RTVSPost2010PropOp34
 70
     1
102
RTVSPost2010Prop35
280
     0
102
RTVSPost2010PropOp35
 70
     1
102
RTVSPost2010Prop36
280
     0
102
RTVSPost2010PropOp36
 70
     1
102
RTVSPost2010Prop37
 90
       50
102
RTVSPost2010PropOp37
 70
     1
102
RTVSPost2010Prop38
140
0.0
102
RTVSPost2010PropOp38
 70
     1
102
RTVSPost2010Prop39
140
1.0
102
RTVSPost2010PropOp39
 70
     1
102
RTVSPost2010Prop40
 90
        0
102
RTVSPost2010PropOp40
 70
     1
102
RTVSPost2010Prop41ColorIndex
 90
       18
102
RTVSPost2010Prop41ColorRGB
 90
        0
102
RTVSPost2010PropOp41
 70
     1
102
RTVSPost2010Prop42
 90
       50
102
RTVSPost2010PropOp42
 70
     1
102
RTVSPost2010Prop43
 90
        3
102
RTVSPost2010PropOp43
 70
     1
102
RTVSPost2010Prop44ColorIndex
 90
        5
102
RTVSPost2010Prop44ColorRGB
 90
      255
102
RTVSPost2010PropOp44
 70
     1
102
RTVSPost2010Prop45
280
     0
102
RTVSPost2010PropOp45
 70
     1
102
RTVSPost2010Prop46
 90
       50
102
RTVSPost2010PropOp46
 70
     1
102
RTVSPost2010Prop47
 90
       50
102
RTVSPost2010PropOp47
 70
     1
102
RTVSPost2010Prop48
 90
       50
102
RTVSPost2010PropOp48
 70
     1
102
RTVSPost2010Prop49
280
     0
102
RTVSPost2010PropOp49
 70
     1
102
RTVSPost2010Prop50
 90
       50
102
RTVSPost2010PropOp50
 70
     1
102
RTVSPost2010Prop51ColorIndex
 90
      256
102
RTVSPost2010Prop51ColorRGB
 90
-16777216
102
RTVSPost2010PropOp51
 70
     0
102
RTVSPost2010Prop52
140
1.0
102
RTVSPost2010PropOp52
 70
     0
102
RTVSPost2010Prop53
 90
        2
102
RTVSPost2010PropOp53
 70
     1
102
RTVSPost2010Prop54
  1
strokes_ogs.tif
102
RTVSPost2010PropOp54
 70
     1
102
RTVSPost2010Prop55
280
     0
102
RTVSPost2010PropOp55
 70
     1
102
RTVSPost2010Prop56
140
1.0
102
RTVSPost2010PropOp56
 70
     1
102
RTVSPost2010Prop57
140
1.0
102
RTVSPost2010PropOp57
 70
     1
  0
XRECORD
  5
FD3
102
{ACAD_REACTORS
330
FD2
102
}
330
FD2
100
AcDbXrecord
280
     1
102
RTVSPropertyOp0
 70
     1
102
RTVSPropertyOp1
 70
     1
102
RTVSPropertyOp2
 70
     1
102
RTVSPropertyOp3
 70
     1
102
RTVSPropertyOp4
 70
     1
102
RTVSPropertyOp5
 70
     1
102
RTVSPropertyOp6
 70
     1
102
RTVSPropertyOp7
 70
     1
102
RTVSPropertyOp8
 70
     1
102
RTVSPropertyOp9
 70
     1
102
RTVSPropertyOp10
 70
     1
102
RTVSPropertyOp11
 70
     1
102
RTVSPropertyOp12
 70
     1
102
RTVSPropertyOp13
 70
     1
102
RTVSPropertyOp14
 70
     1
102
RTVSPropertyOp15
 70
     1
102
RTVSPropertyOp16
 70
     1
102
RTVSPropertyOp17
 70
     1
102
RTVSPropertyOp18
 70
     1
102
RTVSPropertyOp19
 70
     1
102
RTVSPropertyOp20
 70
     1
102
RTVSPropertyOp21
 70
     1
102
RTVSPropertyOp22
 70
     1
102
RTVSPropertyOp23
 70
     1
102
RTVSPropertyOp24
 70
     1
102
RTVSPropertyOp25
 70
     1
102
RTVSPropertyOp26
 70
     1
102
RTVSPropertyOp27
 70
     1
102
RTVSPropertyOp28
 70
     1
102
RTVSPropertyOp29
 70
     1
102
RTVSPropertyOp30
 70
     1
102
RTVSPropertyOp31
 70
     1
102
RTVSPropertyOp32
 70
     1
102
RTVSPropertyOp33
 70
     1
102
RTVSPropertyOp34
 70
     1
102
RTVSPropertyOp35
 70
     1
102
RTVSPropertyOp36
 70
     1
102
RTVSPropertyOp37
 70
     1
102
RTVSPropertyOp38
 70
     1
102
RTVSPropertyOp39
 70
     1
102
RTVSPropertyOp40
 70
     1
102
RTVSPropertyOp41
 70
     1
102
RTVSPropertyOp42
 70
     1
102
RTVSPropertyOp43
 70
     1
102
RTVSPropertyOp44
 70
     1
102
RTVSPropertyOp45
 70
     1
102
RTVSPropertyOp46
 70
     1
102
RTVSPropertyOp47
 70
     1
102
RTVSPropertyOp48
 70
     1
102
RTVSPropertyOp49
 70
     1
102
RTVSPropertyOp50
 70
     1
102
RTVSPropertyOp51
 70
     0
102
RTVSPropertyOp52
 70
     0
102
RTVSPropertyOp53
 70
     1
102
RTVSPropertyOp54
 70
     1
102
RTVSPropertyOp55
 70
     1
102
RTVSPropertyOp56
 70
     1
102
RTVSPropertyOp57
 70
     1
102
RTVSPost2010Prop28
280
     0
102
RTVSPost2010PropOp28
 70
     1
102
RTVSPost2010Prop29
280
     1
102
RTVSPost2010PropOp29
 70
     1
102
RTVSPost2010Prop30
280
     1
102
RTVSPost2010PropOp30
 70
     1
102
RTVSPost2010Prop31
280
     0
102
RTVSPost2010PropOp31
 70
     1
102
RTVSPost2010Prop32
280
     0
102
RTVSPost2010PropOp32
 70
     1
102
RTVSPost2010Prop33
280
     0
102
RTVSPost2010PropOp33
 70
     1
102
RTVSPost2010Prop34
280
     0
102
RTVSPost2010PropOp34
 70
     1
102
RTVSPost2010Prop35
280
     0
102
RTVSPost2010PropOp35
 70
     1
102
RTVSPost2010Prop36
280
     0
102
RTVSPost2010PropOp36
 70
     1
102
RTVSPost2010Prop37
 90
       50
102
RTVSPost2010PropOp37
 70
     1
102
RTVSPost2010Prop38
140
0.0
102
RTVSPost2010PropOp38
 70
     1
102
RTVSPost2010Prop39
140
1.0
102
RTVSPost2010PropOp39
 70
     1
102
RTVSPost2010Prop40
 90
        0
102
RTVSPost2010PropOp40
 70
     1
102
RTVSPost2010Prop41ColorIndex
 90
       18
102
RTVSPost2010Prop41ColorRGB
 90
        0
102
RTVSPost2010PropOp41
 70
     1
102
RTVSPost2010Prop42
 90
       50
102
RTVSPost2010PropOp42
 70
     1
102
RTVSPost2010Prop43
 90
        3
102
RTVSPost2010PropOp43
 70
     1
102
RTVSPost2010Prop44ColorIndex
 90
        5
102
RTVSPost2010Prop44ColorRGB
 90
      255
102
RTVSPost2010PropOp44
 70
     1
102
RTVSPost2010Prop45
280
     0
102
RTVSPost2010PropOp45
 70
     1
102
RTVSPost2010Prop46
 90
       50
102
RTVSPost2010PropOp46
 70
     1
102
RTVSPost2010Prop47
 90
       50
102
RTVSPost2010PropOp47
 70
     1
102
RTVSPost2010Prop48
 90
       50
102
RTVSPost2010PropOp48
 70
     1
102
RTVSPost2010Prop49
280
     0
102
RTVSPost2010PropOp49
 70
     1
102
RTVSPost2010Prop50
 90
       50
102
RTVSPost2010PropOp50
 70
     1
102
RTVSPost2010Prop51ColorIndex
 90
      256
102
RTVSPost2010Prop51ColorRGB
 90
-16777216
102
RTVSPost2010PropOp51
 70
     0
102
RTVSPost2010Prop52
140
1.0
102
RTVSPost2010PropOp52
 70
     0
102
RTVSPost2010Prop53
 90
        2
102
RTVSPost2010PropOp53
 70
     1
102
RTVSPost2010Prop54
  1
strokes_ogs.tif
102
RTVSPost2010PropOp54
 70
     1
102
RTVSPost2010Prop55
280
     0
102
RTVSPost2010PropOp55
 70
     1
102
RTVSPost2010Prop56
140
1.0
102
RTVSPost2010PropOp56
 70
     1
102
RTVSPost2010Prop57
140
1.0
102
RTVSPost2010PropOp57
 70
     1
  0
XRECORD
  5
FD5
102
{ACAD_REACTORS
330
FD4
102
}
330
FD4
100
AcDbXrecord
280
     1
102
RTVSPropertyOp0
 70
     1
102
RTVSPropertyOp1
 70
     1
102
RTVSPropertyOp2
 70
     1
102
RTVSPropertyOp3
 70
     1
102
RTVSPropertyOp4
 70
     1
102
RTVSPropertyOp5
 70
     1
102
RTVSPropertyOp6
 70
     1
102
RTVSPropertyOp7
 70
     1
102
RTVSPropertyOp8
 70
     1
102
RTVSPropertyOp9
 70
     1
102
RTVSPropertyOp10
 70
     1
102
RTVSPropertyOp11
 70
     1
102
RTVSPropertyOp12
 70
     1
102
RTVSPropertyOp13
 70
     1
102
RTVSPropertyOp14
 70
     1
102
RTVSPropertyOp15
 70
     1
102
RTVSPropertyOp16
 70
     1
102
RTVSPropertyOp17
 70
     1
102
RTVSPropertyOp18
 70
     1
102
RTVSPropertyOp19
 70
     1
102
RTVSPropertyOp20
 70
     1
102
RTVSPropertyOp21
 70
     1
102
RTVSPropertyOp22
 70
     1
102
RTVSPropertyOp23
 70
     1
102
RTVSPropertyOp24
 70
     1
102
RTVSPropertyOp25
 70
     1
102
RTVSPropertyOp26
 70
     1
102
RTVSPropertyOp27
 70
     1
102
RTVSPropertyOp28
 70
     1
102
RTVSPropertyOp29
 70
     1
102
RTVSPropertyOp30
 70
     1
102
RTVSPropertyOp31
 70
     1
102
RTVSPropertyOp32
 70
     1
102
RTVSPropertyOp33
 70
     1
102
RTVSPropertyOp34
 70
     1
102
RTVSPropertyOp35
 70
     1
102
RTVSPropertyOp36
 70
     1
102
RTVSPropertyOp37
 70
     1
102
RTVSPropertyOp38
 70
     1
102
RTVSPropertyOp39
 70
     1
102
RTVSPropertyOp40
 70
     1
102
RTVSPropertyOp41
 70
     1
102
RTVSPropertyOp42
 70
     1
102
RTVSPropertyOp43
 70
     1
102
RTVSPropertyOp44
 70
     1
102
RTVSPropertyOp45
 70
     1
102
RTVSPropertyOp46
 70
     1
102
RTVSPropertyOp47
 70
     1
102
RTVSPropertyOp48
 70
     1
102
RTVSPropertyOp49
 70
     1
102
RTVSPropertyOp50
 70
     1
102
RTVSPropertyOp51
 70
     0
102
RTVSPropertyOp52
 70
     0
102
RTVSPropertyOp53
 70
     1
102
RTVSPropertyOp54
 70
     1
102
RTVSPropertyOp55
 70
     1
102
RTVSPropertyOp56
 70
     1
102
RTVSPropertyOp57
 70
     1
102
RTVSPost2010Prop28
280
     0
102
RTVSPost2010PropOp28
 70
     1
102
RTVSPost2010Prop29
280
     1
102
RTVSPost2010PropOp29
 70
     1
102
RTVSPost2010Prop30
280
     1
102
RTVSPost2010PropOp30
 70
     1
102
RTVSPost2010Prop31
280
     0
102
RTVSPost2010PropOp31
 70
     1
102
RTVSPost2010Prop32
280
     0
102
RTVSPost2010PropOp32
 70
     1
102
RTVSPost2010Prop33
280
     0
102
RTVSPost2010PropOp33
 70
     1
102
RTVSPost2010Prop34
280
     0
102
RTVSPost2010PropOp34
 70
     1
102
RTVSPost2010Prop35
280
     0
102
RTVSPost2010PropOp35
 70
     1
102
RTVSPost2010Prop36
280
     0
102
RTVSPost2010PropOp36
 70
     1
102
RTVSPost2010Prop37
 90
       50
102
RTVSPost2010PropOp37
 70
     1
102
RTVSPost2010Prop38
140
0.0
102
RTVSPost2010PropOp38
 70
     1
102
RTVSPost2010Prop39
140
1.0
102
RTVSPost2010PropOp39
 70
     1
102
RTVSPost2010Prop40
 90
        0
102
RTVSPost2010PropOp40
 70
     1
102
RTVSPost2010Prop41ColorIndex
 90
       18
102
RTVSPost2010Prop41ColorRGB
 90
        0
102
RTVSPost2010PropOp41
 70
     1
102
RTVSPost2010Prop42
 90
       50
102
RTVSPost2010PropOp42
 70
     1
102
RTVSPost2010Prop43
 90
        3
102
RTVSPost2010PropOp43
 70
     1
102
RTVSPost2010Prop44ColorIndex
 90
        5
102
RTVSPost2010Prop44ColorRGB
 90
      255
102
RTVSPost2010PropOp44
 70
     1
102
RTVSPost2010Prop45
280
     0
102
RTVSPost2010PropOp45
 70
     1
102
RTVSPost2010Prop46
 90
       50
102
RTVSPost2010PropOp46
 70
     1
102
RTVSPost2010Prop47
 90
       50
102
RTVSPost2010PropOp47
 70
     1
102
RTVSPost2010Prop48
 90
       50
102
RTVSPost2010PropOp48
 70
     1
102
RTVSPost2010Prop49
280
     0
102
RTVSPost2010PropOp49
 70
     1
102
RTVSPost2010Prop50
 90
       50
102
RTVSPost2010PropOp50
 70
     1
102
RTVSPost2010Prop51ColorIndex
 90
      256
102
RTVSPost2010Prop51ColorRGB
 90
-16777216
102
RTVSPost2010PropOp51
 70
     0
102
RTVSPost2010Prop52
140
1.0
102
RTVSPost2010PropOp52
 70
     0
102
RTVSPost2010Prop53
 90
        2
102
RTVSPost2010PropOp53
 70
     1
102
RTVSPost2010Prop54
  1
strokes_ogs.tif
102
RTVSPost2010PropOp54
 70
     1
102
RTVSPost2010Prop55
280
     0
102
RTVSPost2010PropOp55
 70
     1
102
RTVSPost2010Prop56
140
1.0
102
RTVSPost2010PropOp56
 70
     1
102
RTVSPost2010Prop57
140
1.0
102
RTVSPost2010PropOp57
 70
     1
  0
XRECORD
  5
FC5
102
{ACAD_REACTORS
330
FC4
102
}
330
FC4
100
AcDbXrecord
280
     1
102
RTVSPropertyOp0
 70
     1
102
RTVSPropertyOp1
 70
     1
102
RTVSPropertyOp2
 70
     1
102
RTVSPropertyOp3
 70
     1
102
RTVSPropertyOp4
 70
     1
102
RTVSPropertyOp5
 70
     1
102
RTVSPropertyOp6
 70
     1
102
RTVSPropertyOp7
 70
     1
102
RTVSPropertyOp8
 70
     1
102
RTVSPropertyOp9
 70
     1
102
RTVSPropertyOp10
 70
     1
102
RTVSPropertyOp11
 70
     1
102
RTVSPropertyOp12
 70
     1
102
RTVSPropertyOp13
 70
     1
102
RTVSPropertyOp14
 70
     1
102
RTVSPropertyOp15
 70
     1
102
RTVSPropertyOp16
 70
     1
102
RTVSPropertyOp17
 70
     1
102
RTVSPropertyOp18
 70
     1
102
RTVSPropertyOp19
 70
     1
102
RTVSPropertyOp20
 70
     1
102
RTVSPropertyOp21
 70
     1
102
RTVSPropertyOp22
 70
     1
102
RTVSPropertyOp23
 70
     1
102
RTVSPropertyOp24
 70
     1
102
RTVSPropertyOp25
 70
     1
102
RTVSPropertyOp26
 70
     1
102
RTVSPropertyOp27
 70
     1
102
RTVSPropertyOp28
 70
     1
102
RTVSPropertyOp29
 70
     1
102
RTVSPropertyOp30
 70
     1
102
RTVSPropertyOp31
 70
     1
102
RTVSPropertyOp32
 70
     1
102
RTVSPropertyOp33
 70
     1
102
RTVSPropertyOp34
 70
     1
102
RTVSPropertyOp35
 70
     1
102
RTVSPropertyOp36
 70
     1
102
RTVSPropertyOp37
 70
     1
102
RTVSPropertyOp38
 70
     1
102
RTVSPropertyOp39
 70
     1
102
RTVSPropertyOp40
 70
     1
102
RTVSPropertyOp41
 70
     1
102
RTVSPropertyOp42
 70
     1
102
RTVSPropertyOp43
 70
     1
102
RTVSPropertyOp44
 70
     1
102
RTVSPropertyOp45
 70
     1
102
RTVSPropertyOp46
 70
     1
102
RTVSPropertyOp47
 70
     1
102
RTVSPropertyOp48
 70
     1
102
RTVSPropertyOp49
 70
     1
102
RTVSPropertyOp50
 70
     1
102
RTVSPropertyOp51
 70
     0
102
RTVSPropertyOp52
 70
     0
102
RTVSPropertyOp53
 70
     1
102
RTVSPropertyOp54
 70
     1
102
RTVSPropertyOp55
 70
     1
102
RTVSPropertyOp56
 70
     1
102
RTVSPropertyOp57
 70
     1
102
RTVSPost2010Prop28
280
     0
102
RTVSPost2010PropOp28
 70
     1
102
RTVSPost2010Prop29
280
     1
102
RTVSPost2010PropOp29
 70
     1
102
RTVSPost2010Prop30
280
     1
102
RTVSPost2010PropOp30
 70
     1
102
RTVSPost2010Prop31
280
     0
102
RTVSPost2010PropOp31
 70
     1
102
RTVSPost2010Prop32
280
     0
102
RTVSPost2010PropOp32
 70
     1
102
RTVSPost2010Prop33
280
     0
102
RTVSPost2010PropOp33
 70
     1
102
RTVSPost2010Prop34
280
     0
102
RTVSPost2010PropOp34
 70
     1
102
RTVSPost2010Prop35
280
     0
102
RTVSPost2010PropOp35
 70
     1
102
RTVSPost2010Prop36
280
     0
102
RTVSPost2010PropOp36
 70
     1
102
RTVSPost2010Prop37
 90
       50
102
RTVSPost2010PropOp37
 70
     1
102
RTVSPost2010Prop38
140
0.0
102
RTVSPost2010PropOp38
 70
     1
102
RTVSPost2010Prop39
140
1.0
102
RTVSPost2010PropOp39
 70
     1
102
RTVSPost2010Prop40
 90
        0
102
RTVSPost2010PropOp40
 70
     1
102
RTVSPost2010Prop41ColorIndex
 90
       18
102
RTVSPost2010Prop41ColorRGB
 90
        0
102
RTVSPost2010PropOp41
 70
     1
102
RTVSPost2010Prop42
 90
       50
102
RTVSPost2010PropOp42
 70
     1
102
RTVSPost2010Prop43
 90
        3
102
RTVSPost2010PropOp43
 70
     1
102
RTVSPost2010Prop44ColorIndex
 90
        5
102
RTVSPost2010Prop44ColorRGB
 90
      255
102
RTVSPost2010PropOp44
 70
     1
102
RTVSPost2010Prop45
280
     0
102
RTVSPost2010PropOp45
 70
     1
102
RTVSPost2010Prop46
 90
       50
102
RTVSPost2010PropOp46
 70
     1
102
RTVSPost2010Prop47
 90
       50
102
RTVSPost2010PropOp47
 70
     1
102
RTVSPost2010Prop48
 90
       50
102
RTVSPost2010PropOp48
 70
     1
102
RTVSPost2010Prop49
280
     0
102
RTVSPost2010PropOp49
 70
     1
102
RTVSPost2010Prop50
 90
       50
102
RTVSPost2010PropOp50
 70
     1
102
RTVSPost2010Prop51ColorIndex
 90
      256
102
RTVSPost2010Prop51ColorRGB
 90
-16777216
102
RTVSPost2010PropOp51
 70
     0
102
RTVSPost2010Prop52
140
1.0
102
RTVSPost2010PropOp52
 70
     0
102
RTVSPost2010Prop53
 90
        2
102
RTVSPost2010PropOp53
 70
     1
102
RTVSPost2010Prop54
  1
strokes_ogs.tif
102
RTVSPost2010PropOp54
 70
     1
102
RTVSPost2010Prop55
280
     0
102
RTVSPost2010PropOp55
 70
     1
102
RTVSPost2010Prop56
140
1.0
102
RTVSPost2010PropOp56
 70
     1
102
RTVSPost2010Prop57
140
1.0
102
RTVSPost2010PropOp57
 70
     1
  0
XRECORD
  5
FB7
102
{ACAD_REACTORS
330
FB6
102
}
330
FB6
100
AcDbXrecord
280
     1
102
RTVSPropertyOp0
 70
     1
102
RTVSPropertyOp1
 70
     1
102
RTVSPropertyOp2
 70
     1
102
RTVSPropertyOp3
 70
     1
102
RTVSPropertyOp4
 70
     1
102
RTVSPropertyOp5
 70
     1
102
RTVSPropertyOp6
 70
     1
102
RTVSPropertyOp7
 70
     1
102
RTVSPropertyOp8
 70
     1
102
RTVSPropertyOp9
 70
     1
102
RTVSPropertyOp10
 70
     1
102
RTVSPropertyOp11
 70
     1
102
RTVSPropertyOp12
 70
     1
102
RTVSPropertyOp13
 70
     1
102
RTVSPropertyOp14
 70
     1
102
RTVSPropertyOp15
 70
     1
102
RTVSPropertyOp16
 70
     1
102
RTVSPropertyOp17
 70
     1
102
RTVSPropertyOp18
 70
     1
102
RTVSPropertyOp19
 70
     1
102
RTVSPropertyOp20
 70
     1
102
RTVSPropertyOp21
 70
     1
102
RTVSPropertyOp22
 70
     1
102
RTVSPropertyOp23
 70
     1
102
RTVSPropertyOp24
 70
     1
102
RTVSPropertyOp25
 70
     1
102
RTVSPropertyOp26
 70
     1
102
RTVSPropertyOp27
 70
     1
102
RTVSPropertyOp28
 70
     1
102
RTVSPropertyOp29
 70
     1
102
RTVSPropertyOp30
 70
     1
102
RTVSPropertyOp31
 70
     1
102
RTVSPropertyOp32
 70
     1
102
RTVSPropertyOp33
 70
     1
102
RTVSPropertyOp34
 70
     1
102
RTVSPropertyOp35
 70
     1
102
RTVSPropertyOp36
 70
     1
102
RTVSPropertyOp37
 70
     1
102
RTVSPropertyOp38
 70
     1
102
RTVSPropertyOp39
 70
     1
102
RTVSPropertyOp40
 70
     1
102
RTVSPropertyOp41
 70
     1
102
RTVSPropertyOp42
 70
     1
102
RTVSPropertyOp43
 70
     1
102
RTVSPropertyOp44
 70
     1
102
RTVSPropertyOp45
 70
     1
102
RTVSPropertyOp46
 70
     1
102
RTVSPropertyOp47
 70
     1
102
RTVSPropertyOp48
 70
     1
102
RTVSPropertyOp49
 70
     1
102
RTVSPropertyOp50
 70
     1
102
RTVSPropertyOp51
 70
     0
102
RTVSPropertyOp52
 70
     0
102
RTVSPropertyOp53
 70
     1
102
RTVSPropertyOp54
 70
     1
102
RTVSPropertyOp55
 70
     1
102
RTVSPropertyOp56
 70
     1
102
RTVSPropertyOp57
 70
     1
102
RTVSPost2010Prop28
280
     0
102
RTVSPost2010PropOp28
 70
     1
102
RTVSPost2010Prop29
280
     1
102
RTVSPost2010PropOp29
 70
     1
102
RTVSPost2010Prop30
280
     1
102
RTVSPost2010PropOp30
 70
     1
102
RTVSPost2010Prop31
280
     0
102
RTVSPost2010PropOp31
 70
     1
102
RTVSPost2010Prop32
280
     0
102
RTVSPost2010PropOp32
 70
     1
102
RTVSPost2010Prop33
280
     0
102
RTVSPost2010PropOp33
 70
     1
102
RTVSPost2010Prop34
280
     0
102
RTVSPost2010PropOp34
 70
     1
102
RTVSPost2010Prop35
280
     0
102
RTVSPost2010PropOp35
 70
     1
102
RTVSPost2010Prop36
280
     0
102
RTVSPost2010PropOp36
 70
     1
102
RTVSPost2010Prop37
 90
       50
102
RTVSPost2010PropOp37
 70
     1
102
RTVSPost2010Prop38
140
0.0
102
RTVSPost2010PropOp38
 70
     1
102
RTVSPost2010Prop39
140
1.0
102
RTVSPost2010PropOp39
 70
     1
102
RTVSPost2010Prop40
 90
        0
102
RTVSPost2010PropOp40
 70
     1
102
RTVSPost2010Prop41ColorIndex
 90
       18
102
RTVSPost2010Prop41ColorRGB
 90
        0
102
RTVSPost2010PropOp41
 70
     1
102
RTVSPost2010Prop42
 90
       50
102
RTVSPost2010PropOp42
 70
     1
102
RTVSPost2010Prop43
 90
        3
102
RTVSPost2010PropOp43
 70
     1
102
RTVSPost2010Prop44ColorIndex
 90
        5
102
RTVSPost2010Prop44ColorRGB
 90
      255
102
RTVSPost2010PropOp44
 70
     1
102
RTVSPost2010Prop45
280
     0
102
RTVSPost2010PropOp45
 70
     1
102
RTVSPost2010Prop46
 90
       50
102
RTVSPost2010PropOp46
 70
     1
102
RTVSPost2010Prop47
 90
       50
102
RTVSPost2010PropOp47
 70
     1
102
RTVSPost2010Prop48
 90
       50
102
RTVSPost2010PropOp48
 70
     1
102
RTVSPost2010Prop49
280
     0
102
RTVSPost2010PropOp49
 70
     1
102
RTVSPost2010Prop50
 90
       50
102
RTVSPost2010PropOp50
 70
     1
102
RTVSPost2010Prop51ColorIndex
 90
      256
102
RTVSPost2010Prop51ColorRGB
 90
-16777216
102
RTVSPost2010PropOp51
 70
     0
102
RTVSPost2010Prop52
140
1.0
102
RTVSPost2010PropOp52
 70
     0
102
RTVSPost2010Prop53
 90
        2
102
RTVSPost2010PropOp53
 70
     1
102
RTVSPost2010Prop54
  1
strokes_ogs.tif
102
RTVSPost2010PropOp54
 70
     1
102
RTVSPost2010Prop55
280
     0
102
RTVSPost2010PropOp55
 70
     1
102
RTVSPost2010Prop56
140
1.0
102
RTVSPost2010PropOp56
 70
     1
102
RTVSPost2010Prop57
140
1.0
102
RTVSPost2010PropOp57
 70
     1
  0
XRECORD
  5
FD7
102
{ACAD_REACTORS
330
FD6
102
}
330
FD6
100
AcDbXrecord
280
     1
102
RTVSPropertyOp0
 70
     1
102
RTVSPropertyOp1
 70
     1
102
RTVSPropertyOp2
 70
     1
102
RTVSPropertyOp3
 70
     1
102
RTVSPropertyOp4
 70
     1
102
RTVSPropertyOp5
 70
     1
102
RTVSPropertyOp6
 70
     1
102
RTVSPropertyOp7
 70
     1
102
RTVSPropertyOp8
 70
     1
102
RTVSPropertyOp9
 70
     1
102
RTVSPropertyOp10
 70
     1
102
RTVSPropertyOp11
 70
     1
102
RTVSPropertyOp12
 70
     1
102
RTVSPropertyOp13
 70
     1
102
RTVSPropertyOp14
 70
     1
102
RTVSPropertyOp15
 70
     1
102
RTVSPropertyOp16
 70
     1
102
RTVSPropertyOp17
 70
     1
102
RTVSPropertyOp18
 70
     1
102
RTVSPropertyOp19
 70
     1
102
RTVSPropertyOp20
 70
     1
102
RTVSPropertyOp21
 70
     1
102
RTVSPropertyOp22
 70
     1
102
RTVSPropertyOp23
 70
     1
102
RTVSPropertyOp24
 70
     1
102
RTVSPropertyOp25
 70
     1
102
RTVSPropertyOp26
 70
     1
102
RTVSPropertyOp27
 70
     1
102
RTVSPropertyOp28
 70
     1
102
RTVSPropertyOp29
 70
     1
102
RTVSPropertyOp30
 70
     1
102
RTVSPropertyOp31
 70
     1
102
RTVSPropertyOp32
 70
     1
102
RTVSPropertyOp33
 70
     1
102
RTVSPropertyOp34
 70
     1
102
RTVSPropertyOp35
 70
     1
102
RTVSPropertyOp36
 70
     1
102
RTVSPropertyOp37
 70
     1
102
RTVSPropertyOp38
 70
     1
102
RTVSPropertyOp39
 70
     1
102
RTVSPropertyOp40
 70
     1
102
RTVSPropertyOp41
 70
     1
102
RTVSPropertyOp42
 70
     1
102
RTVSPropertyOp43
 70
     1
102
RTVSPropertyOp44
 70
     1
102
RTVSPropertyOp45
 70
     1
102
RTVSPropertyOp46
 70
     1
102
RTVSPropertyOp47
 70
     1
102
RTVSPropertyOp48
 70
     1
102
RTVSPropertyOp49
 70
     1
102
RTVSPropertyOp50
 70
     1
102
RTVSPropertyOp51
 70
     0
102
RTVSPropertyOp52
 70
     0
102
RTVSPropertyOp53
 70
     1
102
RTVSPropertyOp54
 70
     1
102
RTVSPropertyOp55
 70
     1
102
RTVSPropertyOp56
 70
     1
102
RTVSPropertyOp57
 70
     1
102
RTVSPost2010Prop28
280
     0
102
RTVSPost2010PropOp28
 70
     1
102
RTVSPost2010Prop29
280
     1
102
RTVSPost2010PropOp29
 70
     1
102
RTVSPost2010Prop30
280
     1
102
RTVSPost2010PropOp30
 70
     1
102
RTVSPost2010Prop31
280
     0
102
RTVSPost2010PropOp31
 70
     1
102
RTVSPost2010Prop32
280
     0
102
RTVSPost2010PropOp32
 70
     1
102
RTVSPost2010Prop33
280
     0
102
RTVSPost2010PropOp33
 70
     1
102
RTVSPost2010Prop34
280
     0
102
RTVSPost2010PropOp34
 70
     1
102
RTVSPost2010Prop35
280
     0
102
RTVSPost2010PropOp35
 70
     1
102
RTVSPost2010Prop36
280
     0
102
RTVSPost2010PropOp36
 70
     1
102
RTVSPost2010Prop37
 90
       50
102
RTVSPost2010PropOp37
 70
     1
102
RTVSPost2010Prop38
140
0.0
102
RTVSPost2010PropOp38
 70
     1
102
RTVSPost2010Prop39
140
1.0
102
RTVSPost2010PropOp39
 70
     1
102
RTVSPost2010Prop40
 90
        0
102
RTVSPost2010PropOp40
 70
     1
102
RTVSPost2010Prop41ColorIndex
 90
       18
102
RTVSPost2010Prop41ColorRGB
 90
        0
102
RTVSPost2010PropOp41
 70
     1
102
RTVSPost2010Prop42
 90
       50
102
RTVSPost2010PropOp42
 70
     1
102
RTVSPost2010Prop43
 90
        3
102
RTVSPost2010PropOp43
 70
     1
102
RTVSPost2010Prop44ColorIndex
 90
        5
102
RTVSPost2010Prop44ColorRGB
 90
      255
102
RTVSPost2010PropOp44
 70
     1
102
RTVSPost2010Prop45
280
     0
102
RTVSPost2010PropOp45
 70
     1
102
RTVSPost2010Prop46
 90
       50
102
RTVSPost2010PropOp46
 70
     1
102
RTVSPost2010Prop47
 90
       50
102
RTVSPost2010PropOp47
 70
     1
102
RTVSPost2010Prop48
 90
       50
102
RTVSPost2010PropOp48
 70
     1
102
RTVSPost2010Prop49
280
     0
102
RTVSPost2010PropOp49
 70
     1
102
RTVSPost2010Prop50
 90
       50
102
RTVSPost2010PropOp50
 70
     1
102
RTVSPost2010Prop51ColorIndex
 90
      256
102
RTVSPost2010Prop51ColorRGB
 90
-16777216
102
RTVSPost2010PropOp51
 70
     0
102
RTVSPost2010Prop52
140
1.0
102
RTVSPost2010PropOp52
 70
     0
102
RTVSPost2010Prop53
 90
        2
102
RTVSPost2010PropOp53
 70
     1
102
RTVSPost2010Prop54
  1
strokes_ogs.tif
102
RTVSPost2010PropOp54
 70
     1
102
RTVSPost2010Prop55
280
     0
102
RTVSPost2010PropOp55
 70
     1
102
RTVSPost2010Prop56
140
1.0
102
RTVSPost2010PropOp56
 70
     1
102
RTVSPost2010Prop57
140
1.0
102
RTVSPost2010PropOp57
 70
     1
  0
ENDSEC
  0
EOF
