  0
SECTION
  2
HEADER
  9
$ACADVER
  1
AC1009
  9
$INSBASE
 10
0.0
 20
0.0
 30
0.0
  9
$EXTMIN
 10
-193.68762289493861
 20
-170.19737728337799
 30
-0.0015258207003583
  9
$EXTMAX
 10
240.61734281909409
 20
158.51023151320061
 30
0.0000000349246037
  9
$LIMMIN
 10
0.0
 20
0.0
  9
$LIMMAX
 10
12.0
 20
9.0
  9
$ORTHOMODE
 70
     1
  9
$REGENMODE
 70
     1
  9
$FILLMODE
 70
     1
  9
$QTEXTMODE
 70
     0
  9
$MIRRTEXT
 70
     1
  9
$DRAGMODE
 70
     2
  9
$LTSCALE
 40
1.0
  9
$OSMODE
 70
    37
  9
$ATTMODE
 70
     1
  9
$TEXTSIZE
 40
0.2
  9
$TRACEWID
 40
0.05
  9
$TEXTSTYLE
  7
STANDARD
  9
$CLAYER
  8
0
  9
$CELTYPE
  6
BYLAYER
  9
$CECOLOR
 62
   256
  9
$DIMSCALE
 40
1.0
  9
$DIMASZ
 40
0.18
  9
$DIMEXO
 40
0.0625
  9
$DIMDLI
 40
0.38
  9
$DIMRND
 40
0.0
  9
$DIMDLE
 40
0.0
  9
$DIMEXE
 40
0.18
  9
$DIMTP
 40
0.0
  9
$DIMTM
 40
0.0
  9
$DIMTXT
 40
0.18
  9
$DIMCEN
 40
0.09
  9
$DIMTSZ
 40
0.0
  9
$DIMTOL
 70
     0
  9
$DIMLIM
 70
     0
  9
$DIMTIH
 70
     1
  9
$DIMTOH
 70
     1
  9
$DIMSE1
 70
     0
  9
$DIMSE2
 70
     0
  9
$DIMTAD
 70
     0
  9
$DIMZIN
 70
     0
  9
$DIMBLK
  1

  9
$DIMASO
 70
     1
  9
$DIMSHO
 70
     1
  9
$DIMPOST
  1

  9
$DIMAPOST
  1

  9
$DIMALT
 70
     0
  9
$DIMALTD
 70
     2
  9
$DIMALTF
 40
25.399999999999999
  9
$DIMLFAC
 40
1.0
  9
$DIMTOFL
 70
     0
  9
$DIMTVP
 40
0.0
  9
$DIMTIX
 70
     0
  9
$DIMSOXD
 70
     0
  9
$DIMSAH
 70
     0
  9
$DIMBLK1
  1

  9
$DIMBLK2
  1

  9
$DIMSTYLE
  2
STANDARD
  9
$DIMCLRD
 70
     0
  9
$DIMCLRE
 70
     0
  9
$DIMCLRT
 70
     0
  9
$DIMTFAC
 40
1.0
  9
$DIMGAP
 40
0.09
  9
$LUNITS
 70
     2
  9
$LUPREC
 70
     4
  9
$SKETCHINC
 40
0.1
  9
$FILLETRAD
 40
0.5
  9
$AUNITS
 70
     0
  9
$AUPREC
 70
     0
  9
$MENU
  1
.
  9
$ELEVATION
 40
0.0
  9
$PELEVATION
 40
0.0
  9
$THICKNESS
 40
0.0
  9
$LIMCHECK
 70
     0
  9
$BLIPMODE
 70
     0
  9
$CHAMFERA
 40
0.5
  9
$CHAMFERB
 40
0.5
  9
$SKPOLY
 70
     0
  9
$TDCREATE
 40
2457042.4343274189
  9
$TDUPDATE
 40
2457291.3605584032
  9
$TDINDWG
 40
0.0622819097
  9
$TDUSRTIMER
 40
0.0622817708
  9
$USRTIMER
 70
     1
  9
$ANGBASE
 50
0.0
  9
$ANGDIR
 70
     0
  9
$PDMODE
 70
     0
  9
$PDSIZE
 40
0.0
  9
$PLINEWID
 40
0.0
  9
$COORDS
 70
     1
  9
$SPLFRAME
 70
     0
  9
$SPLINETYPE
 70
     6
  9
$SPLINESEGS
 70
     8
  9
$ATTDIA
 70
     1
  9
$ATTREQ
 70
     1
  9
$HANDLING
 70
     1
  9
$HANDSEED
  5
3069
  9
$SURFTAB1
 70
     6
  9
$SURFTAB2
 70
     6
  9
$SURFTYPE
 70
     6
  9
$SURFU
 70
     6
  9
$SURFV
 70
     6
  9
$UCSNAME
  2

  9
$UCSORG
 10
0.0
 20
0.0
 30
0.0
  9
$UCSXDIR
 10
1.0
 20
0.0
 30
0.0
  9
$UCSYDIR
 10
0.0
 20
1.0
 30
0.0
  9
$PUCSNAME
  2

  9
$PUCSORG
 10
0.0
 20
0.0
 30
0.0
  9
$PUCSXDIR
 10
1.0
 20
0.0
 30
0.0
  9
$PUCSYDIR
 10
0.0
 20
1.0
 30
0.0
  9
$USERI1
 70
     0
  9
$USERI2
 70
     0
  9
$USERI3
 70
     0
  9
$USERI4
 70
     0
  9
$USERI5
 70
     0
  9
$USERR1
 40
18.100000000000001
  9
$USERR2
 40
0.0
  9
$USERR3
 40
0.0
  9
$USERR4
 40
0.0
  9
$USERR5
 40
0.0
  9
$WORLDVIEW
 70
     1
  9
$SHADEDGE
 70
     3
  9
$SHADEDIF
 70
    70
  9
$TILEMODE
 70
     1
  9
$MAXACTVP
 70
    64
  9
$PLIMCHECK
 70
     0
  9
$PEXTMIN
 10
1.0000000000000000E+020
 20
1.0000000000000000E+020
 30
1.0000000000000000E+020
  9
$PEXTMAX
 10
-1.0000000000000000E+020
 20
-1.0000000000000000E+020
 30
-1.0000000000000000E+020
  9
$PLIMMIN
 10
0.0
 20
0.0
  9
$PLIMMAX
 10
12.0
 20
9.0
  9
$UNITMODE
 70
     0
  9
$VISRETAIN
 70
     1
  9
$PLINEGEN
 70
     0
  9
$PSLTSCALE
 70
     1
  0
ENDSEC
  0
SECTION
  2
TABLES
  0
TABLE
  2
VPORT
 70
     1
  0
VPORT
  2
*ACTIVE
 70
     0
 10
0.0
 20
0.0
 11
1.0
 21
1.0
 12
23.464859962077739
 22
-5.8435728850886903
 13
0.0
 23
0.0
 14
0.5
 24
0.5
 15
0.5
 25
0.5
 16
0.0
 26
0.0
 36
1.0
 17
0.0
 27
0.0
 37
0.0
 40
330.97455782276199
 41
1.8803222094361329
 42
50.0
 43
0.0
 44
0.0
 50
0.0
 51
0.0
 71
     0
 72
   100
 73
     1
 74
     2
 75
     0
 76
     0
 77
     0
 78
     0
  0
ENDTAB
  0
TABLE
  2
LTYPE
 70
     3
  0
LTYPE
  2
CONTINUOUS
 70
     0
  3
Solid line
 72
    65
 73
     0
 40
0.0
  0
LTYPE
  2
DASH_CENTER
 70
     0
  3
Dash_Center
 72
    65
 73
     4
 40
14.0
 49
11.0
 49
-1.0
 49
1.0
 49
-1.0
  0
ENDTAB
  0
TABLE
  2
LAYER
 70
     2
  0
LAYER
  2
0
 70
     0
 62
     7
  6
CONTINUOUS
  0
LAYER
  2
DEFPOINTS
 70
     0
 62
     7
  6
CONTINUOUS
  0
ENDTAB
  0
TABLE
  2
STYLE
 70
     1
  0
STYLE
  2
STANDARD
 70
     0
 40
0.0
 41
1.0
 50
0.0
 71
     0
 42
0.2
  3
txt
  4

  0
ENDTAB
  0
TABLE
  2
VIEW
 70
     0
  0
ENDTAB
  0
TABLE
  2
UCS
 70
     0
  0
ENDTAB
  0
TABLE
  2
APPID
 70
     5
  0
APPID
  2
ACAD
 70
     0
  0
APPID
  2
ACAD_EXEMPT_FROM_CAD_STANDARDS
 70
     0
  0
APPID
  2
ACAD_DSTYLE_DIMRADIAL_EXTENSION
 70
     0
  0
APPID
  2
ACAD_MLEADERVER
 70
     0
  0
APPID
  2
ACAD_NAV_VCDISPLAY
 70
     0
  0
ENDTAB
  0
TABLE
  2
DIMSTYLE
 70
     2
  0
DIMSTYLE
  2
STANDARD
 70
     0
  3

  4

  5

  6

  7

 40
1.0
 41
0.18
 42
0.0625
 43
0.38
 44
0.18
 45
0.0
 46
0.0
 47
0.0
 48
0.0
140
0.18
141
0.09
142
0.0
143
25.399999999999999
144
1.0
145
0.0
146
1.0
147
0.09
 71
     0
 72
     0
 73
     1
 74
     1
 75
     0
 76
     0
 77
     0
 78
     0
170
     0
171
     2
172
     0
173
     0
174
     0
175
     0
176
     0
177
     0
178
     0
  0
ENDTAB
  0
ENDSEC
  0
SECTION
  2
BLOCKS
  0
BLOCK
  8
0
  2
$MODEL_SPACE
 70
     0
 10
0.0
 20
0.0
 30
0.0
  3
$MODEL_SPACE
  1

  0
ENDBLK
  5
21
  8
0
  0
BLOCK
 67
     1
  8
0
  2
$PAPER_SPACE
 70
     0
 10
0.0
 20
0.0
 30
0.0
  3
$PAPER_SPACE
  1

  0
ENDBLK
  5
1D
 67
     1
  8
0
  0
ENDSEC
  0
SECTION
  2
ENTITIES
  0
LINE
  5
11BD
  8
0
  6
CONTINUOUS
 62
     7
 10
-15.70584500385125
 20
-160.59449642777909
 30
0.0
 11
-11.061745003850829
 21
-160.59449642777909
 31
0.0
  0
LINE
  5
11BE
  8
0
  6
CONTINUOUS
 62
     7
 10
-11.061745003850829
 20
-160.59449642777909
 30
0.0
 11
-11.061745003850829
 21
-166.91389642777969
 31
0.0
  0
LINE
  5
11BF
  8
0
  6
CONTINUOUS
 62
     7
 10
-1.52614500385158
 20
-158.55539642777919
 30
0.0
 11
-9.2022450038521608
 21
-158.55539642777919
 31
0.0
  0
LINE
  5
11C0
  8
0
  6
CONTINUOUS
 62
     7
 10
-11.061745003850829
 20
-160.59449642777909
 30
0.0
 11
-9.2022450038521608
 21
-158.55539642777919
 31
0.0
  0
LINE
  5
11C1
  8
0
  6
CONTINUOUS
 62
     7
 10
-20.82918483767757
 20
-154.51809642778019
 30
0.0
 11
-25.99964500385164
 21
-154.51809642778019
 31
0.0
  0
LINE
  5
11C2
  8
0
  6
CONTINUOUS
 62
     7
 10
-20.82918483767757
 20
-154.51809642778019
 30
0.0
 11
-17.705845003851248
 21
-157.51809642778019
 31
0.0
  0
LINE
  5
11C3
  8
0
  6
CONTINUOUS
 62
     7
 10
-20.82918483767757
 20
-164.32088231958059
 30
0.0
 11
-20.82918483767757
 21
-154.51809642778019
 31
0.0
  0
LINE
  5
11C4
  8
0
  6
CONTINUOUS
 62
     7
 10
-17.705845003851248
 20
-167.06265488413791
 30
0.0
 11
-17.705845003851248
 21
-157.51809642778019
 31
0.0
  0
LINE
  5
11C5
  8
0
  6
CONTINUOUS
 62
     7
 10
-9.2022450038521608
 20
-167.59734068697659
 30
0.0
 11
-9.2022450038521608
 21
-158.55539642777919
 31
0.0
  0
ARC
  5
11C6
  8
0
  6
CONTINUOUS
 62
     7
 10
-15.70584500385125
 20
-158.59449642777909
 30
0.0
 40
1.999999999999998
 50
180.0
 51
270.0
  0
POLYLINE
  8
0
  5
29E1
  62
2
  66
     1
 10
0.000000
 20
0.000000
 30
0.000000
  70
     8
  0
VERTEX
  8
0
  5
29E2
 10
-25.9996
 20
-154.518
 30
0.000000
  70
    32
  0
VERTEX
  8
0
  5
29E3
 10
-26.0004
 20
-154.559
 30
0.000000
  70
    32
  0
VERTEX
  8
0
  5
29E4
 10
-26.0011
 20
-154.599
 30
0.000000
  70
    32
  0
VERTEX
  8
0
  5
29E5
 10
-26.0019
 20
-154.640
 30
0.000000
  70
    32
  0
VERTEX
  8
0
  5
29E6
 10
-26.0026
 20
-154.680
 30
0.000000
  70
    32
  0
VERTEX
  8
0
  5
29E7
 10
-26.0033
 20
-154.721
 30
0.000000
  70
    32
  0
VERTEX
  8
0
  5
29E8
 10
-26.0040
 20
-154.761
 30
0.000000
  70
    32
  0
VERTEX
  8
0
  5
29E9
 10
-26.0047
 20
-154.802
 30
0.000000
  70
    32
  0
VERTEX
  8
0
  5
29EA
 10
-26.0054
 20
-154.842
 30
0.000000
  70
    32
  0
VERTEX
  8
0
  5
29EB
 10
-26.0061
 20
-154.883
 30
0.000000
  70
    32
  0
VERTEX
  8
0
  5
29EC
 10
-26.0068
 20
-154.923
 30
0.000000
  70
    32
  0
VERTEX
  8
0
  5
29ED
 10
-26.0075
 20
-154.964
 30
0.000000
  70
    32
  0
VERTEX
  8
0
  5
29EE
 10
-26.0081
 20
-155.004
 30
0.000000
  70
    32
  0
VERTEX
  8
0
  5
29EF
 10
-26.0087
 20
-155.045
 30
0.000000
  70
    32
  0
VERTEX
  8
0
  5
29F0
 10
-26.0093
 20
-155.085
 30
0.000000
  70
    32
  0
VERTEX
  8
0
  5
29F1
 10
-26.0099
 20
-155.126
 30
0.000000
  70
    32
  0
VERTEX
  8
0
  5
29F2
 10
-26.0105
 20
-155.166
 30
0.000000
  70
    32
  0
VERTEX
  8
0
  5
29F3
 10
-26.0110
 20
-155.207
 30
0.000000
  70
    32
  0
VERTEX
  8
0
  5
29F4
 10
-26.0116
 20
-155.247
 30
0.000000
  70
    32
  0
VERTEX
  8
0
  5
29F5
 10
-26.0120
 20
-155.288
 30
0.000000
  70
    32
  0
VERTEX
  8
0
  5
29F6
 10
-26.0125
 20
-155.328
 30
0.000000
  70
    32
  0
VERTEX
  8
0
  5
29F7
 10
-26.0130
 20
-155.369
 30
0.000000
  70
    32
  0
VERTEX
  8
0
  5
29F8
 10
-26.0134
 20
-155.409
 30
0.000000
  70
    32
  0
VERTEX
  8
0
  5
29F9
 10
-26.0137
 20
-155.450
 30
0.000000
  70
    32
  0
VERTEX
  8
0
  5
29FA
 10
-26.0141
 20
-155.490
 30
0.000000
  70
    32
  0
VERTEX
  8
0
  5
29FB
 10
-26.0144
 20
-155.531
 30
0.000000
  70
    32
  0
VERTEX
  8
0
  5
29FC
 10
-26.0147
 20
-155.571
 30
0.000000
  70
    32
  0
VERTEX
  8
0
  5
29FD
 10
-26.0149
 20
-155.612
 30
0.000000
  70
    32
  0
VERTEX
  8
0
  5
29FE
 10
-26.0151
 20
-155.652
 30
0.000000
  70
    32
  0
VERTEX
  8
0
  5
29FF
 10
-26.0152
 20
-155.693
 30
0.000000
  70
    32
  0
VERTEX
  8
0
  5
2A00
 10
-26.0154
 20
-155.733
 30
0.000000
  70
    32
  0
VERTEX
  8
0
  5
2A01
 10
-26.0154
 20
-155.774
 30
0.000000
  70
    32
  0
VERTEX
  8
0
  5
2A02
 10
-26.0155
 20
-155.814
 30
0.000000
  70
    32
  0
VERTEX
  8
0
  5
2A03
 10
-26.0154
 20
-155.855
 30
0.000000
  70
    32
  0
VERTEX
  8
0
  5
2A04
 10
-26.0154
 20
-155.895
 30
0.000000
  70
    32
  0
VERTEX
  8
0
  5
2A05
 10
-26.0152
 20
-155.936
 30
0.000000
  70
    32
  0
VERTEX
  8
0
  5
2A06
 10
-26.0151
 20
-155.976
 30
0.000000
  70
    32
  0
VERTEX
  8
0
  5
2A07
 10
-26.0149
 20
-156.017
 30
0.000000
  70
    32
  0
VERTEX
  8
0
  5
2A08
 10
-26.0146
 20
-156.057
 30
0.000000
  70
    32
  0
VERTEX
  8
0
  5
2A09
 10
-26.0143
 20
-156.098
 30
0.000000
  70
    32
  0
VERTEX
  8
0
  5
2A0A
 10
-26.0139
 20
-156.138
 30
0.000000
  70
    32
  0
VERTEX
  8
0
  5
2A0B
 10
-26.0134
 20
-156.179
 30
0.000000
  70
    32
  0
VERTEX
  8
0
  5
2A0C
 10
-26.0129
 20
-156.219
 30
0.000000
  70
    32
  0
VERTEX
  8
0
  5
2A0D
 10
-26.0124
 20
-156.260
 30
0.000000
  70
    32
  0
VERTEX
  8
0
  5
2A0E
 10
-26.0118
 20
-156.300
 30
0.000000
  70
    32
  0
VERTEX
  8
0
  5
2A0F
 10
-26.0111
 20
-156.341
 30
0.000000
  70
    32
  0
VERTEX
  8
0
  5
2A10
 10
-26.0103
 20
-156.382
 30
0.000000
  70
    32
  0
VERTEX
  8
0
  5
2A11
 10
-26.0095
 20
-156.422
 30
0.000000
  70
    32
  0
VERTEX
  8
0
  5
2A12
 10
-26.0086
 20
-156.463
 30
0.000000
  70
    32
  0
VERTEX
  8
0
  5
2A13
 10
-26.0077
 20
-156.503
 30
0.000000
  70
    32
  0
VERTEX
  8
0
  5
2A14
 10
-26.0067
 20
-156.544
 30
0.000000
  70
    32
  0
VERTEX
  8
0
  5
2A15
 10
-26.0056
 20
-156.584
 30
0.000000
  70
    32
  0
VERTEX
  8
0
  5
2A16
 10
-26.0044
 20
-156.625
 30
0.000000
  70
    32
  0
VERTEX
  8
0
  5
2A17
 10
-26.0032
 20
-156.665
 30
0.000000
  70
    32
  0
VERTEX
  8
0
  5
2A18
 10
-26.0018
 20
-156.706
 30
0.000000
  70
    32
  0
VERTEX
  8
0
  5
2A19
 10
-26.0004
 20
-156.746
 30
0.000000
  70
    32
  0
VERTEX
  8
0
  5
2A1A
 10
-25.9990
 20
-156.787
 30
0.000000
  70
    32
  0
VERTEX
  8
0
  5
2A1B
 10
-25.9974
 20
-156.827
 30
0.000000
  70
    32
  0
VERTEX
  8
0
  5
2A1C
 10
-25.9958
 20
-156.868
 30
0.000000
  70
    32
  0
VERTEX
  8
0
  5
2A1D
 10
-25.9940
 20
-156.908
 30
0.000000
  70
    32
  0
VERTEX
  8
0
  5
2A1E
 10
-25.9922
 20
-156.949
 30
0.000000
  70
    32
  0
VERTEX
  8
0
  5
2A1F
 10
-25.9903
 20
-156.989
 30
0.000000
  70
    32
  0
VERTEX
  8
0
  5
2A20
 10
-25.9883
 20
-157.030
 30
0.000000
  70
    32
  0
VERTEX
  8
0
  5
2A21
 10
-25.9862
 20
-157.070
 30
0.000000
  70
    32
  0
VERTEX
  8
0
  5
2A22
 10
-25.9840
 20
-157.111
 30
0.000000
  70
    32
  0
VERTEX
  8
0
  5
2A23
 10
-25.9817
 20
-157.151
 30
0.000000
  70
    32
  0
VERTEX
  8
0
  5
2A24
 10
-25.9793
 20
-157.192
 30
0.000000
  70
    32
  0
VERTEX
  8
0
  5
2A25
 10
-25.9768
 20
-157.232
 30
0.000000
  70
    32
  0
VERTEX
  8
0
  5
2A26
 10
-25.9742
 20
-157.273
 30
0.000000
  70
    32
  0
VERTEX
  8
0
  5
2A27
 10
-25.9715
 20
-157.313
 30
0.000000
  70
    32
  0
VERTEX
  8
0
  5
2A28
 10
-25.9687
 20
-157.353
 30
0.000000
  70
    32
  0
VERTEX
  8
0
  5
2A29
 10
-25.9658
 20
-157.394
 30
0.000000
  70
    32
  0
VERTEX
  8
0
  5
2A2A
 10
-25.9627
 20
-157.434
 30
0.000000
  70
    32
  0
VERTEX
  8
0
  5
2A2B
 10
-25.9596
 20
-157.475
 30
0.000000
  70
    32
  0
VERTEX
  8
0
  5
2A2C
 10
-25.9563
 20
-157.515
 30
0.000000
  70
    32
  0
VERTEX
  8
0
  5
2A2D
 10
-25.9529
 20
-157.556
 30
0.000000
  70
    32
  0
VERTEX
  8
0
  5
2A2E
 10
-25.9494
 20
-157.596
 30
0.000000
  70
    32
  0
VERTEX
  8
0
  5
2A2F
 10
-25.9458
 20
-157.636
 30
0.000000
  70
    32
  0
VERTEX
  8
0
  5
2A30
 10
-25.9420
 20
-157.677
 30
0.000000
  70
    32
  0
VERTEX
  8
0
  5
2A31
 10
-25.9381
 20
-157.717
 30
0.000000
  70
    32
  0
VERTEX
  8
0
  5
2A32
 10
-25.9341
 20
-157.757
 30
0.000000
  70
    32
  0
VERTEX
  8
0
  5
2A33
 10
-25.9300
 20
-157.798
 30
0.000000
  70
    32
  0
VERTEX
  8
0
  5
2A34
 10
-25.9257
 20
-157.838
 30
0.000000
  70
    32
  0
VERTEX
  8
0
  5
2A35
 10
-25.9213
 20
-157.878
 30
0.000000
  70
    32
  0
VERTEX
  8
0
  5
2A36
 10
-25.9167
 20
-157.919
 30
0.000000
  70
    32
  0
VERTEX
  8
0
  5
2A37
 10
-25.9120
 20
-157.959
 30
0.000000
  70
    32
  0
VERTEX
  8
0
  5
2A38
 10
-25.9072
 20
-157.999
 30
0.000000
  70
    32
  0
VERTEX
  8
0
  5
2A39
 10
-25.9022
 20
-158.039
 30
0.000000
  70
    32
  0
VERTEX
  8
0
  5
2A3A
 10
-25.8971
 20
-158.080
 30
0.000000
  70
    32
  0
VERTEX
  8
0
  5
2A3B
 10
-25.8918
 20
-158.120
 30
0.000000
  70
    32
  0
VERTEX
  8
0
  5
2A3C
 10
-25.8864
 20
-158.160
 30
0.000000
  70
    32
  0
VERTEX
  8
0
  5
2A3D
 10
-25.8808
 20
-158.200
 30
0.000000
  70
    32
  0
VERTEX
  8
0
  5
2A3E
 10
-25.8751
 20
-158.240
 30
0.000000
  70
    32
  0
VERTEX
  8
0
  5
2A3F
 10
-25.8692
 20
-158.280
 30
0.000000
  70
    32
  0
VERTEX
  8
0
  5
2A40
 10
-25.8632
 20
-158.321
 30
0.000000
  70
    32
  0
VERTEX
  8
0
  5
2A41
 10
-25.8570
 20
-158.361
 30
0.000000
  70
    32
  0
VERTEX
  8
0
  5
2A42
 10
-25.8506
 20
-158.401
 30
0.000000
  70
    32
  0
VERTEX
  8
0
  5
2A43
 10
-25.8441
 20
-158.441
 30
0.000000
  70
    32
  0
VERTEX
  8
0
  5
2A44
 10
-25.8374
 20
-158.481
 30
0.000000
  70
    32
  0
VERTEX
  8
0
  5
2A45
 10
-25.8305
 20
-158.521
 30
0.000000
  70
    32
  0
VERTEX
  8
0
  5
2A46
 10
-25.8235
 20
-158.561
 30
0.000000
  70
    32
  0
VERTEX
  8
0
  5
2A47
 10
-25.8163
 20
-158.601
 30
0.000000
  70
    32
  0
VERTEX
  8
0
  5
2A48
 10
-25.8089
 20
-158.641
 30
0.000000
  70
    32
  0
VERTEX
  8
0
  5
2A49
 10
-25.8014
 20
-158.681
 30
0.000000
  70
    32
  0
VERTEX
  8
0
  5
2A4A
 10
-25.7937
 20
-158.720
 30
0.000000
  70
    32
  0
VERTEX
  8
0
  5
2A4B
 10
-25.7858
 20
-158.760
 30
0.000000
  70
    32
  0
VERTEX
  8
0
  5
2A4C
 10
-25.7777
 20
-158.800
 30
0.000000
  70
    32
  0
VERTEX
  8
0
  5
2A4D
 10
-25.7694
 20
-158.840
 30
0.000000
  70
    32
  0
VERTEX
  8
0
  5
2A4E
 10
-25.7610
 20
-158.880
 30
0.000000
  70
    32
  0
VERTEX
  8
0
  5
2A4F
 10
-25.7523
 20
-158.919
 30
0.000000
  70
    32
  0
VERTEX
  8
0
  5
2A50
 10
-25.7435
 20
-158.959
 30
0.000000
  70
    32
  0
VERTEX
  8
0
  5
2A51
 10
-25.7345
 20
-158.999
 30
0.000000
  70
    32
  0
VERTEX
  8
0
  5
2A52
 10
-25.7253
 20
-159.038
 30
0.000000
  70
    32
  0
VERTEX
  8
0
  5
2A53
 10
-25.7159
 20
-159.078
 30
0.000000
  70
    32
  0
VERTEX
  8
0
  5
2A54
 10
-25.7063
 20
-159.118
 30
0.000000
  70
    32
  0
VERTEX
  8
0
  5
2A55
 10
-25.6965
 20
-159.157
 30
0.000000
  70
    32
  0
VERTEX
  8
0
  5
2A56
 10
-25.6866
 20
-159.196
 30
0.000000
  70
    32
  0
VERTEX
  8
0
  5
2A57
 10
-25.6764
 20
-159.236
 30
0.000000
  70
    32
  0
VERTEX
  8
0
  5
2A58
 10
-25.6660
 20
-159.275
 30
0.000000
  70
    32
  0
VERTEX
  8
0
  5
2A59
 10
-25.6555
 20
-159.315
 30
0.000000
  70
    32
  0
VERTEX
  8
0
  5
2A5A
 10
-25.6447
 20
-159.354
 30
0.000000
  70
    32
  0
VERTEX
  8
0
  5
2A5B
 10
-25.6337
 20
-159.393
 30
0.000000
  70
    32
  0
VERTEX
  8
0
  5
2A5C
 10
-25.6226
 20
-159.432
 30
0.000000
  70
    32
  0
VERTEX
  8
0
  5
2A5D
 10
-25.6112
 20
-159.471
 30
0.000000
  70
    32
  0
VERTEX
  8
0
  5
2A5E
 10
-25.5996
 20
-159.510
 30
0.000000
  70
    32
  0
VERTEX
  8
0
  5
2A5F
 10
-25.5879
 20
-159.549
 30
0.000000
  70
    32
  0
VERTEX
  8
0
  5
2A60
 10
-25.5759
 20
-159.588
 30
0.000000
  70
    32
  0
VERTEX
  8
0
  5
2A61
 10
-25.5637
 20
-159.627
 30
0.000000
  70
    32
  0
VERTEX
  8
0
  5
2A62
 10
-25.5513
 20
-159.665
 30
0.000000
  70
    32
  0
VERTEX
  8
0
  5
2A63
 10
-25.5386
 20
-159.704
 30
0.000000
  70
    32
  0
VERTEX
  8
0
  5
2A64
 10
-25.5258
 20
-159.743
 30
0.000000
  70
    32
  0
VERTEX
  8
0
  5
2A65
 10
-25.5128
 20
-159.781
 30
0.000000
  70
    32
  0
VERTEX
  8
0
  5
2A66
 10
-25.4995
 20
-159.820
 30
0.000000
  70
    32
  0
VERTEX
  8
0
  5
2A67
 10
-25.4860
 20
-159.858
 30
0.000000
  70
    32
  0
VERTEX
  8
0
  5
2A68
 10
-25.4723
 20
-159.896
 30
0.000000
  70
    32
  0
VERTEX
  8
0
  5
2A69
 10
-25.4584
 20
-159.934
 30
0.000000
  70
    32
  0
VERTEX
  8
0
  5
2A6A
 10
-25.4443
 20
-159.972
 30
0.000000
  70
    32
  0
VERTEX
  8
0
  5
2A6B
 10
-25.4299
 20
-160.010
 30
0.000000
  70
    32
  0
VERTEX
  8
0
  5
2A6C
 10
-25.4154
 20
-160.048
 30
0.000000
  70
    32
  0
VERTEX
  8
0
  5
2A6D
 10
-25.4006
 20
-160.086
 30
0.000000
  70
    32
  0
VERTEX
  8
0
  5
2A6E
 10
-25.3855
 20
-160.124
 30
0.000000
  70
    32
  0
VERTEX
  8
0
  5
2A6F
 10
-25.3703
 20
-160.162
 30
0.000000
  70
    32
  0
VERTEX
  8
0
  5
2A70
 10
-25.3548
 20
-160.199
 30
0.000000
  70
    32
  0
VERTEX
  8
0
  5
2A71
 10
-25.3391
 20
-160.236
 30
0.000000
  70
    32
  0
VERTEX
  8
0
  5
2A72
 10
-25.3231
 20
-160.274
 30
0.000000
  70
    32
  0
VERTEX
  8
0
  5
2A73
 10
-25.3069
 20
-160.311
 30
0.000000
  70
    32
  0
VERTEX
  8
0
  5
2A74
 10
-25.2905
 20
-160.348
 30
0.000000
  70
    32
  0
VERTEX
  8
0
  5
2A75
 10
-25.2739
 20
-160.385
 30
0.000000
  70
    32
  0
VERTEX
  8
0
  5
2A76
 10
-25.2570
 20
-160.422
 30
0.000000
  70
    32
  0
VERTEX
  8
0
  5
2A77
 10
-25.2399
 20
-160.459
 30
0.000000
  70
    32
  0
VERTEX
  8
0
  5
2A78
 10
-25.2225
 20
-160.495
 30
0.000000
  70
    32
  0
VERTEX
  8
0
  5
2A79
 10
-25.2049
 20
-160.532
 30
0.000000
  70
    32
  0
VERTEX
  8
0
  5
2A7A
 10
-25.1870
 20
-160.568
 30
0.000000
  70
    32
  0
VERTEX
  8
0
  5
2A7B
 10
-25.1690
 20
-160.605
 30
0.000000
  70
    32
  0
VERTEX
  8
0
  5
2A7C
 10
-25.1506
 20
-160.641
 30
0.000000
  70
    32
  0
VERTEX
  8
0
  5
2A7D
 10
-25.1320
 20
-160.677
 30
0.000000
  70
    32
  0
VERTEX
  8
0
  5
2A7E
 10
-25.1132
 20
-160.713
 30
0.000000
  70
    32
  0
VERTEX
  8
0
  5
2A7F
 10
-25.0942
 20
-160.749
 30
0.000000
  70
    32
  0
VERTEX
  8
0
  5
2A80
 10
-25.0749
 20
-160.784
 30
0.000000
  70
    32
  0
VERTEX
  8
0
  5
2A81
 10
-25.0553
 20
-160.820
 30
0.000000
  70
    32
  0
VERTEX
  8
0
  5
2A82
 10
-25.0356
 20
-160.855
 30
0.000000
  70
    32
  0
VERTEX
  8
0
  5
2A83
 10
-25.0156
 20
-160.891
 30
0.000000
  70
    32
  0
VERTEX
  8
0
  5
2A84
 10
-24.9953
 20
-160.926
 30
0.000000
  70
    32
  0
VERTEX
  8
0
  5
2A85
 10
-24.9749
 20
-160.961
 30
0.000000
  70
    32
  0
VERTEX
  8
0
  5
2A86
 10
-24.9542
 20
-160.996
 30
0.000000
  70
    32
  0
VERTEX
  8
0
  5
2A87
 10
-24.9333
 20
-161.031
 30
0.000000
  70
    32
  0
VERTEX
  8
0
  5
2A88
 10
-24.9121
 20
-161.065
 30
0.000000
  70
    32
  0
VERTEX
  8
0
  5
2A89
 10
-24.8908
 20
-161.100
 30
0.000000
  70
    32
  0
VERTEX
  8
0
  5
2A8A
 10
-24.8692
 20
-161.134
 30
0.000000
  70
    32
  0
VERTEX
  8
0
  5
2A8B
 10
-24.8474
 20
-161.169
 30
0.000000
  70
    32
  0
VERTEX
  8
0
  5
2A8C
 10
-24.8253
 20
-161.203
 30
0.000000
  70
    32
  0
VERTEX
  8
0
  5
2A8D
 10
-24.8031
 20
-161.237
 30
0.000000
  70
    32
  0
VERTEX
  8
0
  5
2A8E
 10
-24.7807
 20
-161.271
 30
0.000000
  70
    32
  0
VERTEX
  8
0
  5
2A8F
 10
-24.7580
 20
-161.304
 30
0.000000
  70
    32
  0
VERTEX
  8
0
  5
2A90
 10
-24.7351
 20
-161.338
 30
0.000000
  70
    32
  0
VERTEX
  8
0
  5
2A91
 10
-24.7120
 20
-161.371
 30
0.000000
  70
    32
  0
VERTEX
  8
0
  5
2A92
 10
-24.6888
 20
-161.405
 30
0.000000
  70
    32
  0
VERTEX
  8
0
  5
2A93
 10
-24.6653
 20
-161.438
 30
0.000000
  70
    32
  0
VERTEX
  8
0
  5
2A94
 10
-24.6416
 20
-161.471
 30
0.000000
  70
    32
  0
VERTEX
  8
0
  5
2A95
 10
-24.6177
 20
-161.504
 30
0.000000
  70
    32
  0
VERTEX
  8
0
  5
2A96
 10
-24.5936
 20
-161.537
 30
0.000000
  70
    32
  0
VERTEX
  8
0
  5
2A97
 10
-24.5693
 20
-161.569
 30
0.000000
  70
    32
  0
VERTEX
  8
0
  5
2A98
 10
-24.5448
 20
-161.602
 30
0.000000
  70
    32
  0
VERTEX
  8
0
  5
2A99
 10
-24.5201
 20
-161.634
 30
0.000000
  70
    32
  0
VERTEX
  8
0
  5
2A9A
 10
-24.4953
 20
-161.667
 30
0.000000
  70
    32
  0
VERTEX
  8
0
  5
2A9B
 10
-24.4702
 20
-161.699
 30
0.000000
  70
    32
  0
VERTEX
  8
0
  5
2A9C
 10
-24.4449
 20
-161.731
 30
0.000000
  70
    32
  0
VERTEX
  8
0
  5
2A9D
 10
-24.4195
 20
-161.762
 30
0.000000
  70
    32
  0
VERTEX
  8
0
  5
2A9E
 10
-24.3939
 20
-161.794
 30
0.000000
  70
    32
  0
VERTEX
  8
0
  5
2A9F
 10
-24.3681
 20
-161.826
 30
0.000000
  70
    32
  0
VERTEX
  8
0
  5
2AA0
 10
-24.3421
 20
-161.857
 30
0.000000
  70
    32
  0
VERTEX
  8
0
  5
2AA1
 10
-24.3159
 20
-161.888
 30
0.000000
  70
    32
  0
VERTEX
  8
0
  5
2AA2
 10
-24.2896
 20
-161.919
 30
0.000000
  70
    32
  0
VERTEX
  8
0
  5
2AA3
 10
-24.2630
 20
-161.950
 30
0.000000
  70
    32
  0
VERTEX
  8
0
  5
2AA4
 10
-24.2364
 20
-161.981
 30
0.000000
  70
    32
  0
VERTEX
  8
0
  5
2AA5
 10
-24.2095
 20
-162.012
 30
0.000000
  70
    32
  0
VERTEX
  8
0
  5
2AA6
 10
-24.1824
 20
-162.042
 30
0.000000
  70
    32
  0
VERTEX
  8
0
  5
2AA7
 10
-24.1552
 20
-162.073
 30
0.000000
  70
    32
  0
VERTEX
  8
0
  5
2AA8
 10
-24.1279
 20
-162.103
 30
0.000000
  70
    32
  0
VERTEX
  8
0
  5
2AA9
 10
-24.1003
 20
-162.133
 30
0.000000
  70
    32
  0
VERTEX
  8
0
  5
2AAA
 10
-24.0726
 20
-162.163
 30
0.000000
  70
    32
  0
VERTEX
  8
0
  5
2AAB
 10
-24.0448
 20
-162.192
 30
0.000000
  70
    32
  0
VERTEX
  8
0
  5
2AAC
 10
-24.0167
 20
-162.222
 30
0.000000
  70
    32
  0
VERTEX
  8
0
  5
2AAD
 10
-23.9885
 20
-162.252
 30
0.000000
  70
    32
  0
VERTEX
  8
0
  5
2AAE
 10
-23.9602
 20
-162.281
 30
0.000000
  70
    32
  0
VERTEX
  8
0
  5
2AAF
 10
-23.9317
 20
-162.310
 30
0.000000
  70
    32
  0
VERTEX
  8
0
  5
2AB0
 10
-23.9031
 20
-162.339
 30
0.000000
  70
    32
  0
VERTEX
  8
0
  5
2AB1
 10
-23.8743
 20
-162.368
 30
0.000000
  70
    32
  0
VERTEX
  8
0
  5
2AB2
 10
-23.8453
 20
-162.396
 30
0.000000
  70
    32
  0
VERTEX
  8
0
  5
2AB3
 10
-23.8162
 20
-162.425
 30
0.000000
  70
    32
  0
VERTEX
  8
0
  5
2AB4
 10
-23.7870
 20
-162.453
 30
0.000000
  70
    32
  0
VERTEX
  8
0
  5
2AB5
 10
-23.7576
 20
-162.482
 30
0.000000
  70
    32
  0
VERTEX
  8
0
  5
2AB6
 10
-23.7281
 20
-162.510
 30
0.000000
  70
    32
  0
VERTEX
  8
0
  5
2AB7
 10
-23.6984
 20
-162.538
 30
0.000000
  70
    32
  0
VERTEX
  8
0
  5
2AB8
 10
-23.6686
 20
-162.565
 30
0.000000
  70
    32
  0
VERTEX
  8
0
  5
2AB9
 10
-23.6386
 20
-162.593
 30
0.000000
  70
    32
  0
VERTEX
  8
0
  5
2ABA
 10
-23.6085
 20
-162.620
 30
0.000000
  70
    32
  0
VERTEX
  8
0
  5
2ABB
 10
-23.5782
 20
-162.648
 30
0.000000
  70
    32
  0
VERTEX
  8
0
  5
2ABC
 10
-23.5479
 20
-162.675
 30
0.000000
  70
    32
  0
VERTEX
  8
0
  5
2ABD
 10
-23.5173
 20
-162.702
 30
0.000000
  70
    32
  0
VERTEX
  8
0
  5
2ABE
 10
-23.4867
 20
-162.728
 30
0.000000
  70
    32
  0
VERTEX
  8
0
  5
2ABF
 10
-23.4559
 20
-162.755
 30
0.000000
  70
    32
  0
VERTEX
  8
0
  5
2AC0
 10
-23.4249
 20
-162.782
 30
0.000000
  70
    32
  0
VERTEX
  8
0
  5
2AC1
 10
-23.3939
 20
-162.808
 30
0.000000
  70
    32
  0
VERTEX
  8
0
  5
2AC2
 10
-23.3627
 20
-162.834
 30
0.000000
  70
    32
  0
VERTEX
  8
0
  5
2AC3
 10
-23.3313
 20
-162.860
 30
0.000000
  70
    32
  0
VERTEX
  8
0
  5
2AC4
 10
-23.2999
 20
-162.886
 30
0.000000
  70
    32
  0
VERTEX
  8
0
  5
2AC5
 10
-23.2683
 20
-162.911
 30
0.000000
  70
    32
  0
VERTEX
  8
0
  5
2AC6
 10
-23.2365
 20
-162.937
 30
0.000000
  70
    32
  0
VERTEX
  8
0
  5
2AC7
 10
-23.2047
 20
-162.962
 30
0.000000
  70
    32
  0
VERTEX
  8
0
  5
2AC8
 10
-23.1727
 20
-162.987
 30
0.000000
  70
    32
  0
VERTEX
  8
0
  5
2AC9
 10
-23.1406
 20
-163.012
 30
0.000000
  70
    32
  0
VERTEX
  8
0
  5
2ACA
 10
-23.1083
 20
-163.037
 30
0.000000
  70
    32
  0
VERTEX
  8
0
  5
2ACB
 10
-23.0760
 20
-163.062
 30
0.000000
  70
    32
  0
VERTEX
  8
0
  5
2ACC
 10
-23.0435
 20
-163.086
 30
0.000000
  70
    32
  0
VERTEX
  8
0
  5
2ACD
 10
-23.0109
 20
-163.110
 30
0.000000
  70
    32
  0
VERTEX
  8
0
  5
2ACE
 10
-22.9781
 20
-163.134
 30
0.000000
  70
    32
  0
VERTEX
  8
0
  5
2ACF
 10
-22.9453
 20
-163.158
 30
0.000000
  70
    32
  0
VERTEX
  8
0
  5
2AD0
 10
-22.9123
 20
-163.182
 30
0.000000
  70
    32
  0
VERTEX
  8
0
  5
2AD1
 10
-22.8792
 20
-163.206
 30
0.000000
  70
    32
  0
VERTEX
  8
0
  5
2AD2
 10
-22.8460
 20
-163.229
 30
0.000000
  70
    32
  0
VERTEX
  8
0
  5
2AD3
 10
-22.8127
 20
-163.252
 30
0.000000
  70
    32
  0
VERTEX
  8
0
  5
2AD4
 10
-22.7792
 20
-163.275
 30
0.000000
  70
    32
  0
VERTEX
  8
0
  5
2AD5
 10
-22.7457
 20
-163.298
 30
0.000000
  70
    32
  0
VERTEX
  8
0
  5
2AD6
 10
-22.7120
 20
-163.321
 30
0.000000
  70
    32
  0
VERTEX
  8
0
  5
2AD7
 10
-22.6782
 20
-163.343
 30
0.000000
  70
    32
  0
VERTEX
  8
0
  5
2AD8
 10
-22.6443
 20
-163.366
 30
0.000000
  70
    32
  0
VERTEX
  8
0
  5
2AD9
 10
-22.6103
 20
-163.388
 30
0.000000
  70
    32
  0
VERTEX
  8
0
  5
2ADA
 10
-22.5761
 20
-163.410
 30
0.000000
  70
    32
  0
VERTEX
  8
0
  5
2ADB
 10
-22.5419
 20
-163.432
 30
0.000000
  70
    32
  0
VERTEX
  8
0
  5
2ADC
 10
-22.5075
 20
-163.453
 30
0.000000
  70
    32
  0
VERTEX
  8
0
  5
2ADD
 10
-22.4731
 20
-163.475
 30
0.000000
  70
    32
  0
VERTEX
  8
0
  5
2ADE
 10
-22.4385
 20
-163.496
 30
0.000000
  70
    32
  0
VERTEX
  8
0
  5
2ADF
 10
-22.4038
 20
-163.517
 30
0.000000
  70
    32
  0
VERTEX
  8
0
  5
2AE0
 10
-22.3691
 20
-163.538
 30
0.000000
  70
    32
  0
VERTEX
  8
0
  5
2AE1
 10
-22.3342
 20
-163.559
 30
0.000000
  70
    32
  0
VERTEX
  8
0
  5
2AE2
 10
-22.2992
 20
-163.579
 30
0.000000
  70
    32
  0
VERTEX
  8
0
  5
2AE3
 10
-22.2641
 20
-163.600
 30
0.000000
  70
    32
  0
VERTEX
  8
0
  5
2AE4
 10
-22.2289
 20
-163.620
 30
0.000000
  70
    32
  0
VERTEX
  8
0
  5
2AE5
 10
-22.1936
 20
-163.640
 30
0.000000
  70
    32
  0
VERTEX
  8
0
  5
2AE6
 10
-22.1583
 20
-163.660
 30
0.000000
  70
    32
  0
VERTEX
  8
0
  5
2AE7
 10
-22.1228
 20
-163.679
 30
0.000000
  70
    32
  0
VERTEX
  8
0
  5
2AE8
 10
-22.0872
 20
-163.698
 30
0.000000
  70
    32
  0
VERTEX
  8
0
  5
2AE9
 10
-22.0515
 20
-163.718
 30
0.000000
  70
    32
  0
VERTEX
  8
0
  5
2AEA
 10
-22.0157
 20
-163.737
 30
0.000000
  70
    32
  0
VERTEX
  8
0
  5
2AEB
 10
-21.9799
 20
-163.756
 30
0.000000
  70
    32
  0
VERTEX
  8
0
  5
2AEC
 10
-21.9439
 20
-163.774
 30
0.000000
  70
    32
  0
VERTEX
  8
0
  5
2AED
 10
-21.9079
 20
-163.793
 30
0.000000
  70
    32
  0
VERTEX
  8
0
  5
2AEE
 10
-21.8718
 20
-163.811
 30
0.000000
  70
    32
  0
VERTEX
  8
0
  5
2AEF
 10
-21.8356
 20
-163.829
 30
0.000000
  70
    32
  0
VERTEX
  8
0
  5
2AF0
 10
-21.7994
 20
-163.848
 30
0.000000
  70
    32
  0
VERTEX
  8
0
  5
2AF1
 10
-21.7631
 20
-163.866
 30
0.000000
  70
    32
  0
VERTEX
  8
0
  5
2AF2
 10
-21.7268
 20
-163.883
 30
0.000000
  70
    32
  0
VERTEX
  8
0
  5
2AF3
 10
-21.6904
 20
-163.901
 30
0.000000
  70
    32
  0
VERTEX
  8
0
  5
2AF4
 10
-21.6539
 20
-163.919
 30
0.000000
  70
    32
  0
VERTEX
  8
0
  5
2AF5
 10
-21.6175
 20
-163.937
 30
0.000000
  70
    32
  0
VERTEX
  8
0
  5
2AF6
 10
-21.5810
 20
-163.954
 30
0.000000
  70
    32
  0
VERTEX
  8
0
  5
2AF7
 10
-21.5444
 20
-163.972
 30
0.000000
  70
    32
  0
VERTEX
  8
0
  5
2AF8
 10
-21.5079
 20
-163.989
 30
0.000000
  70
    32
  0
VERTEX
  8
0
  5
2AF9
 10
-21.4713
 20
-164.007
 30
0.000000
  70
    32
  0
VERTEX
  8
0
  5
2AFA
 10
-21.4347
 20
-164.024
 30
0.000000
  70
    32
  0
VERTEX
  8
0
  5
2AFB
 10
-21.3981
 20
-164.041
 30
0.000000
  70
    32
  0
VERTEX
  8
0
  5
2AFC
 10
-21.3614
 20
-164.059
 30
0.000000
  70
    32
  0
VERTEX
  8
0
  5
2AFD
 10
-21.3248
 20
-164.076
 30
0.000000
  70
    32
  0
VERTEX
  8
0
  5
2AFE
 10
-21.2882
 20
-164.093
 30
0.000000
  70
    32
  0
VERTEX
  8
0
  5
2AFF
 10
-21.2516
 20
-164.111
 30
0.000000
  70
    32
  0
VERTEX
  8
0
  5
2B00
 10
-21.2151
 20
-164.128
 30
0.000000
  70
    32
  0
VERTEX
  8
0
  5
2B01
 10
-21.1786
 20
-164.146
 30
0.000000
  70
    32
  0
VERTEX
  8
0
  5
2B02
 10
-21.1421
 20
-164.163
 30
0.000000
  70
    32
  0
VERTEX
  8
0
  5
2B03
 10
-21.1056
 20
-164.181
 30
0.000000
  70
    32
  0
VERTEX
  8
0
  5
2B04
 10
-21.0692
 20
-164.199
 30
0.000000
  70
    32
  0
VERTEX
  8
0
  5
2B05
 10
-21.0329
 20
-164.217
 30
0.000000
  70
    32
  0
VERTEX
  8
0
  5
2B06
 10
-20.9967
 20
-164.235
 30
0.000000
  70
    32
  0
VERTEX
  8
0
  5
2B07
 10
-20.9605
 20
-164.253
 30
0.000000
  70
    32
  0
VERTEX
  8
0
  5
2B08
 10
-20.9244
 20
-164.271
 30
0.000000
  70
    32
  0
VERTEX
  8
0
  5
2B09
 10
-20.8883
 20
-164.290
 30
0.000000
  70
    32
  0
VERTEX
  8
0
  5
2B0A
 10
-20.8524
 20
-164.309
 30
0.000000
  70
    32
  0
VERTEX
  8
0
  5
2B0B
 10
-20.8166
 20
-164.328
 30
0.000000
  70
    32
  0
VERTEX
  8
0
  5
2B0C
 10
-20.7808
 20
-164.347
 30
0.000000
  70
    32
  0
VERTEX
  8
0
  5
2B0D
 10
-20.7452
 20
-164.366
 30
0.000000
  70
    32
  0
VERTEX
  8
0
  5
2B0E
 10
-20.7097
 20
-164.386
 30
0.000000
  70
    32
  0
VERTEX
  8
0
  5
2B0F
 10
-20.6743
 20
-164.405
 30
0.000000
  70
    32
  0
VERTEX
  8
0
  5
2B10
 10
-20.6390
 20
-164.425
 30
0.000000
  70
    32
  0
VERTEX
  8
0
  5
2B11
 10
-20.6038
 20
-164.445
 30
0.000000
  70
    32
  0
VERTEX
  8
0
  5
2B12
 10
-20.5687
 20
-164.466
 30
0.000000
  70
    32
  0
VERTEX
  8
0
  5
2B13
 10
-20.5338
 20
-164.486
 30
0.000000
  70
    32
  0
VERTEX
  8
0
  5
2B14
 10
-20.4989
 20
-164.507
 30
0.000000
  70
    32
  0
VERTEX
  8
0
  5
2B15
 10
-20.4641
 20
-164.528
 30
0.000000
  70
    32
  0
VERTEX
  8
0
  5
2B16
 10
-20.4295
 20
-164.549
 30
0.000000
  70
    32
  0
VERTEX
  8
0
  5
2B17
 10
-20.3950
 20
-164.570
 30
0.000000
  70
    32
  0
VERTEX
  8
0
  5
2B18
 10
-20.3605
 20
-164.592
 30
0.000000
  70
    32
  0
VERTEX
  8
0
  5
2B19
 10
-20.3262
 20
-164.613
 30
0.000000
  70
    32
  0
VERTEX
  8
0
  5
2B1A
 10
-20.2920
 20
-164.635
 30
0.000000
  70
    32
  0
VERTEX
  8
0
  5
2B1B
 10
-20.2579
 20
-164.657
 30
0.000000
  70
    32
  0
VERTEX
  8
0
  5
2B1C
 10
-20.2239
 20
-164.680
 30
0.000000
  70
    32
  0
VERTEX
  8
0
  5
2B1D
 10
-20.1901
 20
-164.702
 30
0.000000
  70
    32
  0
VERTEX
  8
0
  5
2B1E
 10
-20.1563
 20
-164.725
 30
0.000000
  70
    32
  0
VERTEX
  8
0
  5
2B1F
 10
-20.1227
 20
-164.747
 30
0.000000
  70
    32
  0
VERTEX
  8
0
  5
2B20
 10
-20.0891
 20
-164.770
 30
0.000000
  70
    32
  0
VERTEX
  8
0
  5
2B21
 10
-20.0557
 20
-164.793
 30
0.000000
  70
    32
  0
VERTEX
  8
0
  5
2B22
 10
-20.0224
 20
-164.817
 30
0.000000
  70
    32
  0
VERTEX
  8
0
  5
2B23
 10
-19.9892
 20
-164.840
 30
0.000000
  70
    32
  0
VERTEX
  8
0
  5
2B24
 10
-19.9562
 20
-164.864
 30
0.000000
  70
    32
  0
VERTEX
  8
0
  5
2B25
 10
-19.9232
 20
-164.888
 30
0.000000
  70
    32
  0
VERTEX
  8
0
  5
2B26
 10
-19.8904
 20
-164.912
 30
0.000000
  70
    32
  0
VERTEX
  8
0
  5
2B27
 10
-19.8576
 20
-164.936
 30
0.000000
  70
    32
  0
VERTEX
  8
0
  5
2B28
 10
-19.8250
 20
-164.960
 30
0.000000
  70
    32
  0
VERTEX
  8
0
  5
2B29
 10
-19.7925
 20
-164.984
 30
0.000000
  70
    32
  0
VERTEX
  8
0
  5
2B2A
 10
-19.7602
 20
-165.009
 30
0.000000
  70
    32
  0
VERTEX
  8
0
  5
2B2B
 10
-19.7279
 20
-165.034
 30
0.000000
  70
    32
  0
VERTEX
  8
0
  5
2B2C
 10
-19.6958
 20
-165.059
 30
0.000000
  70
    32
  0
VERTEX
  8
0
  5
2B2D
 10
-19.6638
 20
-165.084
 30
0.000000
  70
    32
  0
VERTEX
  8
0
  5
2B2E
 10
-19.6319
 20
-165.109
 30
0.000000
  70
    32
  0
VERTEX
  8
0
  5
2B2F
 10
-19.6001
 20
-165.134
 30
0.000000
  70
    32
  0
VERTEX
  8
0
  5
2B30
 10
-19.5684
 20
-165.160
 30
0.000000
  70
    32
  0
VERTEX
  8
0
  5
2B31
 10
-19.5369
 20
-165.185
 30
0.000000
  70
    32
  0
VERTEX
  8
0
  5
2B32
 10
-19.5055
 20
-165.211
 30
0.000000
  70
    32
  0
VERTEX
  8
0
  5
2B33
 10
-19.4742
 20
-165.237
 30
0.000000
  70
    32
  0
VERTEX
  8
0
  5
2B34
 10
-19.4430
 20
-165.263
 30
0.000000
  70
    32
  0
VERTEX
  8
0
  5
2B35
 10
-19.4119
 20
-165.289
 30
0.000000
  70
    32
  0
VERTEX
  8
0
  5
2B36
 10
-19.3810
 20
-165.316
 30
0.000000
  70
    32
  0
VERTEX
  8
0
  5
2B37
 10
-19.3502
 20
-165.342
 30
0.000000
  70
    32
  0
VERTEX
  8
0
  5
2B38
 10
-19.3195
 20
-165.369
 30
0.000000
  70
    32
  0
VERTEX
  8
0
  5
2B39
 10
-19.2890
 20
-165.395
 30
0.000000
  70
    32
  0
VERTEX
  8
0
  5
2B3A
 10
-19.2585
 20
-165.422
 30
0.000000
  70
    32
  0
VERTEX
  8
0
  5
2B3B
 10
-19.2282
 20
-165.449
 30
0.000000
  70
    32
  0
VERTEX
  8
0
  5
2B3C
 10
-19.1980
 20
-165.476
 30
0.000000
  70
    32
  0
VERTEX
  8
0
  5
2B3D
 10
-19.1680
 20
-165.504
 30
0.000000
  70
    32
  0
VERTEX
  8
0
  5
2B3E
 10
-19.1380
 20
-165.531
 30
0.000000
  70
    32
  0
VERTEX
  8
0
  5
2B3F
 10
-19.1082
 20
-165.558
 30
0.000000
  70
    32
  0
VERTEX
  8
0
  5
2B40
 10
-19.0785
 20
-165.586
 30
0.000000
  70
    32
  0
VERTEX
  8
0
  5
2B41
 10
-19.0489
 20
-165.614
 30
0.000000
  70
    32
  0
VERTEX
  8
0
  5
2B42
 10
-19.0194
 20
-165.642
 30
0.000000
  70
    32
  0
VERTEX
  8
0
  5
2B43
 10
-18.9900
 20
-165.670
 30
0.000000
  70
    32
  0
VERTEX
  8
0
  5
2B44
 10
-18.9607
 20
-165.698
 30
0.000000
  70
    32
  0
VERTEX
  8
0
  5
2B45
 10
-18.9316
 20
-165.726
 30
0.000000
  70
    32
  0
VERTEX
  8
0
  5
2B46
 10
-18.9025
 20
-165.754
 30
0.000000
  70
    32
  0
VERTEX
  8
0
  5
2B47
 10
-18.8736
 20
-165.782
 30
0.000000
  70
    32
  0
VERTEX
  8
0
  5
2B48
 10
-18.8447
 20
-165.811
 30
0.000000
  70
    32
  0
VERTEX
  8
0
  5
2B49
 10
-18.8160
 20
-165.839
 30
0.000000
  70
    32
  0
VERTEX
  8
0
  5
2B4A
 10
-18.7873
 20
-165.868
 30
0.000000
  70
    32
  0
VERTEX
  8
0
  5
2B4B
 10
-18.7588
 20
-165.897
 30
0.000000
  70
    32
  0
VERTEX
  8
0
  5
2B4C
 10
-18.7303
 20
-165.926
 30
0.000000
  70
    32
  0
VERTEX
  8
0
  5
2B4D
 10
-18.7019
 20
-165.955
 30
0.000000
  70
    32
  0
VERTEX
  8
0
  5
2B4E
 10
-18.6737
 20
-165.984
 30
0.000000
  70
    32
  0
VERTEX
  8
0
  5
2B4F
 10
-18.6455
 20
-166.013
 30
0.000000
  70
    32
  0
VERTEX
  8
0
  5
2B50
 10
-18.6174
 20
-166.042
 30
0.000000
  70
    32
  0
VERTEX
  8
0
  5
2B51
 10
-18.5893
 20
-166.071
 30
0.000000
  70
    32
  0
VERTEX
  8
0
  5
2B52
 10
-18.5614
 20
-166.101
 30
0.000000
  70
    32
  0
VERTEX
  8
0
  5
2B53
 10
-18.5335
 20
-166.130
 30
0.000000
  70
    32
  0
VERTEX
  8
0
  5
2B54
 10
-18.5057
 20
-166.160
 30
0.000000
  70
    32
  0
VERTEX
  8
0
  5
2B55
 10
-18.4780
 20
-166.189
 30
0.000000
  70
    32
  0
VERTEX
  8
0
  5
2B56
 10
-18.4504
 20
-166.219
 30
0.000000
  70
    32
  0
VERTEX
  8
0
  5
2B57
 10
-18.4229
 20
-166.249
 30
0.000000
  70
    32
  0
VERTEX
  8
0
  5
2B58
 10
-18.3954
 20
-166.278
 30
0.000000
  70
    32
  0
VERTEX
  8
0
  5
2B59
 10
-18.3679
 20
-166.308
 30
0.000000
  70
    32
  0
VERTEX
  8
0
  5
2B5A
 10
-18.3406
 20
-166.338
 30
0.000000
  70
    32
  0
VERTEX
  8
0
  5
2B5B
 10
-18.3133
 20
-166.368
 30
0.000000
  70
    32
  0
VERTEX
  8
0
  5
2B5C
 10
-18.2861
 20
-166.398
 30
0.000000
  70
    32
  0
VERTEX
  8
0
  5
2B5D
 10
-18.2589
 20
-166.428
 30
0.000000
  70
    32
  0
VERTEX
  8
0
  5
2B5E
 10
-18.2318
 20
-166.459
 30
0.000000
  70
    32
  0
VERTEX
  8
0
  5
2B5F
 10
-18.2048
 20
-166.489
 30
0.000000
  70
    32
  0
VERTEX
  8
0
  5
2B60
 10
-18.1778
 20
-166.519
 30
0.000000
  70
    32
  0
VERTEX
  8
0
  5
2B61
 10
-18.1509
 20
-166.549
 30
0.000000
  70
    32
  0
VERTEX
  8
0
  5
2B62
 10
-18.1240
 20
-166.580
 30
0.000000
  70
    32
  0
VERTEX
  8
0
  5
2B63
 10
-18.0972
 20
-166.610
 30
0.000000
  70
    32
  0
VERTEX
  8
0
  5
2B64
 10
-18.0704
 20
-166.641
 30
0.000000
  70
    32
  0
VERTEX
  8
0
  5
2B65
 10
-18.0437
 20
-166.671
 30
0.000000
  70
    32
  0
VERTEX
  8
0
  5
2B66
 10
-18.0170
 20
-166.702
 30
0.000000
  70
    32
  0
VERTEX
  8
0
  5
2B67
 10
-17.9903
 20
-166.732
 30
0.000000
  70
    32
  0
VERTEX
  8
0
  5
2B68
 10
-17.9637
 20
-166.763
 30
0.000000
  70
    32
  0
VERTEX
  8
0
  5
2B69
 10
-17.9371
 20
-166.793
 30
0.000000
  70
    32
  0
VERTEX
  8
0
  5
2B6A
 10
-17.9106
 20
-166.824
 30
0.000000
  70
    32
  0
VERTEX
  8
0
  5
2B6B
 10
-17.8841
 20
-166.855
 30
0.000000
  70
    32
  0
VERTEX
  8
0
  5
2B6C
 10
-17.8577
 20
-166.885
 30
0.000000
  70
    32
  0
VERTEX
  8
0
  5
2B6D
 10
-17.8312
 20
-166.916
 30
0.000000
  70
    32
  0
VERTEX
  8
0
  5
2B6E
 10
-17.8048
 20
-166.947
 30
0.000000
  70
    32
  0
VERTEX
  8
0
  5
2B6F
 10
-17.7785
 20
-166.978
 30
0.000000
  70
    32
  0
VERTEX
  8
0
  5
2B70
 10
-17.7521
 20
-167.008
 30
0.000000
  70
    32
  0
VERTEX
  8
0
  5
2B71
 10
-17.7258
 20
-167.039
 30
0.000000
  70
    32
  0
VERTEX
  8
0
  5
2B72
 10
-17.6995
 20
-167.070
 30
0.000000
  70
    32
  0
VERTEX
  8
0
  5
2B73
 10
-17.6732
 20
-167.101
 30
0.000000
  70
    32
  0
VERTEX
  8
0
  5
2B74
 10
-17.6469
 20
-167.132
 30
0.000000
  70
    32
  0
VERTEX
  8
0
  5
2B75
 10
-17.6207
 20
-167.163
 30
0.000000
  70
    32
  0
VERTEX
  8
0
  5
2B76
 10
-17.5945
 20
-167.193
 30
0.000000
  70
    32
  0
VERTEX
  8
0
  5
2B77
 10
-17.5683
 20
-167.224
 30
0.000000
  70
    32
  0
VERTEX
  8
0
  5
2B78
 10
-17.5420
 20
-167.255
 30
0.000000
  70
    32
  0
VERTEX
  8
0
  5
2B79
 10
-17.5158
 20
-167.286
 30
0.000000
  70
    32
  0
VERTEX
  8
0
  5
2B7A
 10
-17.4897
 20
-167.317
 30
0.000000
  70
    32
  0
VERTEX
  8
0
  5
2B7B
 10
-17.4635
 20
-167.348
 30
0.000000
  70
    32
  0
VERTEX
  8
0
  5
2B7C
 10
-17.4373
 20
-167.379
 30
0.000000
  70
    32
  0
VERTEX
  8
0
  5
2B7D
 10
-17.4111
 20
-167.410
 30
0.000000
  70
    32
  0
VERTEX
  8
0
  5
2B7E
 10
-17.3849
 20
-167.441
 30
0.000000
  70
    32
  0
VERTEX
  8
0
  5
2B7F
 10
-17.3587
 20
-167.471
 30
0.000000
  70
    32
  0
VERTEX
  8
0
  5
2B80
 10
-17.3326
 20
-167.502
 30
0.000000
  70
    32
  0
VERTEX
  8
0
  5
2B81
 10
-17.3064
 20
-167.533
 30
0.000000
  70
    32
  0
VERTEX
  8
0
  5
2B82
 10
-17.2802
 20
-167.564
 30
0.000000
  70
    32
  0
VERTEX
  8
0
  5
2B83
 10
-17.2540
 20
-167.595
 30
0.000000
  70
    32
  0
VERTEX
  8
0
  5
2B84
 10
-17.2277
 20
-167.626
 30
0.000000
  70
    32
  0
VERTEX
  8
0
  5
2B85
 10
-17.2015
 20
-167.657
 30
0.000000
  70
    32
  0
VERTEX
  8
0
  5
2B86
 10
-17.1753
 20
-167.687
 30
0.000000
  70
    32
  0
VERTEX
  8
0
  5
2B87
 10
-17.1490
 20
-167.718
 30
0.000000
  70
    32
  0
VERTEX
  8
0
  5
2B88
 10
-17.1227
 20
-167.749
 30
0.000000
  70
    32
  0
VERTEX
  8
0
  5
2B89
 10
-17.0964
 20
-167.780
 30
0.000000
  70
    32
  0
VERTEX
  8
0
  5
2B8A
 10
-17.0701
 20
-167.811
 30
0.000000
  70
    32
  0
VERTEX
  8
0
  5
2B8B
 10
-17.0437
 20
-167.841
 30
0.000000
  70
    32
  0
VERTEX
  8
0
  5
2B8C
 10
-17.0173
 20
-167.872
 30
0.000000
  70
    32
  0
VERTEX
  8
0
  5
2B8D
 10
-16.9909
 20
-167.903
 30
0.000000
  70
    32
  0
VERTEX
  8
0
  5
2B8E
 10
-16.9645
 20
-167.934
 30
0.000000
  70
    32
  0
VERTEX
  8
0
  5
2B8F
 10
-16.9380
 20
-167.964
 30
0.000000
  70
    32
  0
VERTEX
  8
0
  5
2B90
 10
-16.9115
 20
-167.995
 30
0.000000
  70
    32
  0
VERTEX
  8
0
  5
2B91
 10
-16.8850
 20
-168.026
 30
0.000000
  70
    32
  0
VERTEX
  8
0
  5
2B92
 10
-16.8584
 20
-168.056
 30
0.000000
  70
    32
  0
VERTEX
  8
0
  5
2B93
 10
-16.8318
 20
-168.087
 30
0.000000
  70
    32
  0
VERTEX
  8
0
  5
2B94
 10
-16.8052
 20
-168.118
 30
0.000000
  70
    32
  0
VERTEX
  8
0
  5
2B95
 10
-16.7785
 20
-168.148
 30
0.000000
  70
    32
  0
VERTEX
  8
0
  5
2B96
 10
-16.7517
 20
-168.179
 30
0.000000
  70
    32
  0
VERTEX
  8
0
  5
2B97
 10
-16.7250
 20
-168.209
 30
0.000000
  70
    32
  0
VERTEX
  8
0
  5
2B98
 10
-16.6981
 20
-168.240
 30
0.000000
  70
    32
  0
VERTEX
  8
0
  5
2B99
 10
-16.6713
 20
-168.270
 30
0.000000
  70
    32
  0
VERTEX
  8
0
  5
2B9A
 10
-16.6443
 20
-168.301
 30
0.000000
  70
    32
  0
VERTEX
  8
0
  5
2B9B
 10
-16.6174
 20
-168.331
 30
0.000000
  70
    32
  0
VERTEX
  8
0
  5
2B9C
 10
-16.5903
 20
-168.361
 30
0.000000
  70
    32
  0
VERTEX
  8
0
  5
2B9D
 10
-16.5633
 20
-168.392
 30
0.000000
  70
    32
  0
VERTEX
  8
0
  5
2B9E
 10
-16.5361
 20
-168.422
 30
0.000000
  70
    32
  0
VERTEX
  8
0
  5
2B9F
 10
-16.5089
 20
-168.452
 30
0.000000
  70
    32
  0
VERTEX
  8
0
  5
2BA0
 10
-16.4817
 20
-168.482
 30
0.000000
  70
    32
  0
VERTEX
  8
0
  5
2BA1
 10
-16.4544
 20
-168.512
 30
0.000000
  70
    32
  0
VERTEX
  8
0
  5
2BA2
 10
-16.4270
 20
-168.542
 30
0.000000
  70
    32
  0
VERTEX
  8
0
  5
2BA3
 10
-16.3996
 20
-168.572
 30
0.000000
  70
    32
  0
VERTEX
  8
0
  5
2BA4
 10
-16.3721
 20
-168.602
 30
0.000000
  70
    32
  0
VERTEX
  8
0
  5
2BA5
 10
-16.3446
 20
-168.632
 30
0.000000
  70
    32
  0
VERTEX
  8
0
  5
2BA6
 10
-16.3169
 20
-168.661
 30
0.000000
  70
    32
  0
VERTEX
  8
0
  5
2BA7
 10
-16.2893
 20
-168.691
 30
0.000000
  70
    32
  0
VERTEX
  8
0
  5
2BA8
 10
-16.2615
 20
-168.720
 30
0.000000
  70
    32
  0
VERTEX
  8
0
  5
2BA9
 10
-16.2337
 20
-168.750
 30
0.000000
  70
    32
  0
VERTEX
  8
0
  5
2BAA
 10
-16.2058
 20
-168.779
 30
0.000000
  70
    32
  0
VERTEX
  8
0
  5
2BAB
 10
-16.1779
 20
-168.809
 30
0.000000
  70
    32
  0
VERTEX
  8
0
  5
2BAC
 10
-16.1498
 20
-168.838
 30
0.000000
  70
    32
  0
VERTEX
  8
0
  5
2BAD
 10
-16.1217
 20
-168.867
 30
0.000000
  70
    32
  0
VERTEX
  8
0
  5
2BAE
 10
-16.0936
 20
-168.896
 30
0.000000
  70
    32
  0
VERTEX
  8
0
  5
2BAF
 10
-16.0653
 20
-168.925
 30
0.000000
  70
    32
  0
VERTEX
  8
0
  5
2BB0
 10
-16.0370
 20
-168.954
 30
0.000000
  70
    32
  0
VERTEX
  8
0
  5
2BB1
 10
-16.0086
 20
-168.982
 30
0.000000
  70
    32
  0
VERTEX
  8
0
  5
2BB2
 10
-15.9801
 20
-169.011
 30
0.000000
  70
    32
  0
VERTEX
  8
0
  5
2BB3
 10
-15.9515
 20
-169.040
 30
0.000000
  70
    32
  0
VERTEX
  8
0
  5
2BB4
 10
-15.9229
 20
-169.068
 30
0.000000
  70
    32
  0
VERTEX
  8
0
  5
2BB5
 10
-15.8941
 20
-169.096
 30
0.000000
  70
    32
  0
VERTEX
  8
0
  5
2BB6
 10
-15.8653
 20
-169.124
 30
0.000000
  70
    32
  0
VERTEX
  8
0
  5
2BB7
 10
-15.8364
 20
-169.152
 30
0.000000
  70
    32
  0
VERTEX
  8
0
  5
2BB8
 10
-15.8074
 20
-169.180
 30
0.000000
  70
    32
  0
VERTEX
  8
0
  5
2BB9
 10
-15.7783
 20
-169.208
 30
0.000000
  70
    32
  0
VERTEX
  8
0
  5
2BBA
 10
-15.7490
 20
-169.236
 30
0.000000
  70
    32
  0
VERTEX
  8
0
  5
2BBB
 10
-15.7197
 20
-169.263
 30
0.000000
  70
    32
  0
VERTEX
  8
0
  5
2BBC
 10
-15.6902
 20
-169.290
 30
0.000000
  70
    32
  0
VERTEX
  8
0
  5
2BBD
 10
-15.6606
 20
-169.318
 30
0.000000
  70
    32
  0
VERTEX
  8
0
  5
2BBE
 10
-15.6309
 20
-169.345
 30
0.000000
  70
    32
  0
VERTEX
  8
0
  5
2BBF
 10
-15.6009
 20
-169.372
 30
0.000000
  70
    32
  0
VERTEX
  8
0
  5
2BC0
 10
-15.5709
 20
-169.398
 30
0.000000
  70
    32
  0
VERTEX
  8
0
  5
2BC1
 10
-15.5406
 20
-169.425
 30
0.000000
  70
    32
  0
VERTEX
  8
0
  5
2BC2
 10
-15.5102
 20
-169.451
 30
0.000000
  70
    32
  0
VERTEX
  8
0
  5
2BC3
 10
-15.4796
 20
-169.478
 30
0.000000
  70
    32
  0
VERTEX
  8
0
  5
2BC4
 10
-15.4488
 20
-169.504
 30
0.000000
  70
    32
  0
VERTEX
  8
0
  5
2BC5
 10
-15.4178
 20
-169.529
 30
0.000000
  70
    32
  0
VERTEX
  8
0
  5
2BC6
 10
-15.3866
 20
-169.555
 30
0.000000
  70
    32
  0
VERTEX
  8
0
  5
2BC7
 10
-15.3552
 20
-169.581
 30
0.000000
  70
    32
  0
VERTEX
  8
0
  5
2BC8
 10
-15.3235
 20
-169.606
 30
0.000000
  70
    32
  0
VERTEX
  8
0
  5
2BC9
 10
-15.2916
 20
-169.631
 30
0.000000
  70
    32
  0
VERTEX
  8
0
  5
2BCA
 10
-15.2595
 20
-169.656
 30
0.000000
  70
    32
  0
VERTEX
  8
0
  5
2BCB
 10
-15.2271
 20
-169.680
 30
0.000000
  70
    32
  0
VERTEX
  8
0
  5
2BCC
 10
-15.1945
 20
-169.705
 30
0.000000
  70
    32
  0
VERTEX
  8
0
  5
2BCD
 10
-15.1616
 20
-169.729
 30
0.000000
  70
    32
  0
VERTEX
  8
0
  5
2BCE
 10
-15.1284
 20
-169.753
 30
0.000000
  70
    32
  0
VERTEX
  8
0
  5
2BCF
 10
-15.0949
 20
-169.777
 30
0.000000
  70
    32
  0
VERTEX
  8
0
  5
2BD0
 10
-15.0611
 20
-169.800
 30
0.000000
  70
    32
  0
VERTEX
  8
0
  5
2BD1
 10
-15.0271
 20
-169.824
 30
0.000000
  70
    32
  0
VERTEX
  8
0
  5
2BD2
 10
-14.9927
 20
-169.847
 30
0.000000
  70
    32
  0
VERTEX
  8
0
  5
2BD3
 10
-14.9580
 20
-169.869
 30
0.000000
  70
    32
  0
VERTEX
  8
0
  5
2BD4
 10
-14.9230
 20
-169.892
 30
0.000000
  70
    32
  0
VERTEX
  8
0
  5
2BD5
 10
-14.8877
 20
-169.914
 30
0.000000
  70
    32
  0
VERTEX
  8
0
  5
2BD6
 10
-14.8520
 20
-169.936
 30
0.000000
  70
    32
  0
VERTEX
  8
0
  5
2BD7
 10
-14.8161
 20
-169.958
 30
0.000000
  70
    32
  0
VERTEX
  8
0
  5
2BD8
 10
-14.7798
 20
-169.979
 30
0.000000
  70
    32
  0
VERTEX
  8
0
  5
2BD9
 10
-14.7432
 20
-170.000
 30
0.000000
  70
    32
  0
VERTEX
  8
0
  5
2BDA
 10
-14.7064
 20
-170.020
 30
0.000000
  70
    32
  0
VERTEX
  8
0
  5
2BDB
 10
-14.6693
 20
-170.039
 30
0.000000
  70
    32
  0
VERTEX
  8
0
  5
2BDC
 10
-14.6319
 20
-170.058
 30
0.000000
  70
    32
  0
VERTEX
  8
0
  5
2BDD
 10
-14.5943
 20
-170.076
 30
0.000000
  70
    32
  0
VERTEX
  8
0
  5
2BDE
 10
-14.5564
 20
-170.093
 30
0.000000
  70
    32
  0
VERTEX
  8
0
  5
2BDF
 10
-14.5183
 20
-170.109
 30
0.000000
  70
    32
  0
VERTEX
  8
0
  5
2BE0
 10
-14.4800
 20
-170.124
 30
0.000000
  70
    32
  0
VERTEX
  8
0
  5
2BE1
 10
-14.4415
 20
-170.139
 30
0.000000
  70
    32
  0
VERTEX
  8
0
  5
2BE2
 10
-14.4028
 20
-170.152
 30
0.000000
  70
    32
  0
VERTEX
  8
0
  5
2BE3
 10
-14.3638
 20
-170.164
 30
0.000000
  70
    32
  0
VERTEX
  8
0
  5
2BE4
 10
-14.3247
 20
-170.175
 30
0.000000
  70
    32
  0
VERTEX
  8
0
  5
2BE5
 10
-14.2855
 20
-170.185
 30
0.000000
  70
    32
  0
VERTEX
  8
0
  5
2BE6
 10
-14.2460
 20
-170.193
 30
0.000000
  70
    32
  0
VERTEX
  8
0
  5
2BE7
 10
-14.2065
 20
-170.200
 30
0.000000
  70
    32
  0
VERTEX
  8
0
  5
2BE8
 10
-14.1667
 20
-170.205
 30
0.000000
  70
    32
  0
VERTEX
  8
0
  5
2BE9
 10
-14.1269
 20
-170.209
 30
0.000000
  70
    32
  0
VERTEX
  8
0
  5
2BEA
 10
-14.0869
 20
-170.212
 30
0.000000
  70
    32
  0
VERTEX
  8
0
  5
2BEB
 10
-14.0468
 20
-170.213
 30
0.000000
  70
    32
  0
VERTEX
  8
0
  5
2BEC
 10
-14.0066
 20
-170.212
 30
0.000000
  70
    32
  0
VERTEX
  8
0
  5
2BED
 10
-13.9664
 20
-170.209
 30
0.000000
  70
    32
  0
VERTEX
  8
0
  5
2BEE
 10
-13.9261
 20
-170.205
 30
0.000000
  70
    32
  0
VERTEX
  8
0
  5
2BEF
 10
-13.8859
 20
-170.199
 30
0.000000
  70
    32
  0
VERTEX
  8
0
  5
2BF0
 10
-13.8457
 20
-170.191
 30
0.000000
  70
    32
  0
VERTEX
  8
0
  5
2BF1
 10
-13.8057
 20
-170.182
 30
0.000000
  70
    32
  0
VERTEX
  8
0
  5
2BF2
 10
-13.7659
 20
-170.172
 30
0.000000
  70
    32
  0
VERTEX
  8
0
  5
2BF3
 10
-13.7264
 20
-170.160
 30
0.000000
  70
    32
  0
VERTEX
  8
0
  5
2BF4
 10
-13.6871
 20
-170.147
 30
0.000000
  70
    32
  0
VERTEX
  8
0
  5
2BF5
 10
-13.6482
 20
-170.132
 30
0.000000
  70
    32
  0
VERTEX
  8
0
  5
2BF6
 10
-13.6097
 20
-170.116
 30
0.000000
  70
    32
  0
VERTEX
  8
0
  5
2BF7
 10
-13.5716
 20
-170.099
 30
0.000000
  70
    32
  0
VERTEX
  8
0
  5
2BF8
 10
-13.5341
 20
-170.080
 30
0.000000
  70
    32
  0
VERTEX
  8
0
  5
2BF9
 10
-13.4971
 20
-170.061
 30
0.000000
  70
    32
  0
VERTEX
  8
0
  5
2BFA
 10
-13.4607
 20
-170.040
 30
0.000000
  70
    32
  0
VERTEX
  8
0
  5
2BFB
 10
-13.4250
 20
-170.018
 30
0.000000
  70
    32
  0
VERTEX
  8
0
  5
2BFC
 10
-13.3900
 20
-169.995
 30
0.000000
  70
    32
  0
VERTEX
  8
0
  5
2BFD
 10
-13.3558
 20
-169.971
 30
0.000000
  70
    32
  0
VERTEX
  8
0
  5
2BFE
 10
-13.3224
 20
-169.946
 30
0.000000
  70
    32
  0
VERTEX
  8
0
  5
2BFF
 10
-13.2899
 20
-169.921
 30
0.000000
  70
    32
  0
VERTEX
  8
0
  5
2C00
 10
-13.2583
 20
-169.894
 30
0.000000
  70
    32
  0
VERTEX
  8
0
  5
2C01
 10
-13.2276
 20
-169.866
 30
0.000000
  70
    32
  0
VERTEX
  8
0
  5
2C02
 10
-13.1980
 20
-169.838
 30
0.000000
  70
    32
  0
VERTEX
  8
0
  5
2C03
 10
-13.1694
 20
-169.809
 30
0.000000
  70
    32
  0
VERTEX
  8
0
  5
2C04
 10
-13.1416
 20
-169.779
 30
0.000000
  70
    32
  0
VERTEX
  8
0
  5
2C05
 10
-13.1148
 20
-169.749
 30
0.000000
  70
    32
  0
VERTEX
  8
0
  5
2C06
 10
-13.0887
 20
-169.718
 30
0.000000
  70
    32
  0
VERTEX
  8
0
  5
2C07
 10
-13.0635
 20
-169.686
 30
0.000000
  70
    32
  0
VERTEX
  8
0
  5
2C08
 10
-13.0390
 20
-169.654
 30
0.000000
  70
    32
  0
VERTEX
  8
0
  5
2C09
 10
-13.0152
 20
-169.621
 30
0.000000
  70
    32
  0
VERTEX
  8
0
  5
2C0A
 10
-12.9921
 20
-169.587
 30
0.000000
  70
    32
  0
VERTEX
  8
0
  5
2C0B
 10
-12.9696
 20
-169.554
 30
0.000000
  70
    32
  0
VERTEX
  8
0
  5
2C0C
 10
-12.9477
 20
-169.519
 30
0.000000
  70
    32
  0
VERTEX
  8
0
  5
2C0D
 10
-12.9262
 20
-169.485
 30
0.000000
  70
    32
  0
VERTEX
  8
0
  5
2C0E
 10
-12.9053
 20
-169.450
 30
0.000000
  70
    32
  0
VERTEX
  8
0
  5
2C0F
 10
-12.8849
 20
-169.415
 30
0.000000
  70
    32
  0
VERTEX
  8
0
  5
2C10
 10
-12.8648
 20
-169.379
 30
0.000000
  70
    32
  0
VERTEX
  8
0
  5
2C11
 10
-12.8451
 20
-169.343
 30
0.000000
  70
    32
  0
VERTEX
  8
0
  5
2C12
 10
-12.8256
 20
-169.307
 30
0.000000
  70
    32
  0
VERTEX
  8
0
  5
2C13
 10
-12.8065
 20
-169.271
 30
0.000000
  70
    32
  0
VERTEX
  8
0
  5
2C14
 10
-12.7876
 20
-169.235
 30
0.000000
  70
    32
  0
VERTEX
  8
0
  5
2C15
 10
-12.7688
 20
-169.198
 30
0.000000
  70
    32
  0
VERTEX
  8
0
  5
2C16
 10
-12.7503
 20
-169.162
 30
0.000000
  70
    32
  0
VERTEX
  8
0
  5
2C17
 10
-12.7318
 20
-169.126
 30
0.000000
  70
    32
  0
VERTEX
  8
0
  5
2C18
 10
-12.7134
 20
-169.089
 30
0.000000
  70
    32
  0
VERTEX
  8
0
  5
2C19
 10
-12.6952
 20
-169.053
 30
0.000000
  70
    32
  0
VERTEX
  8
0
  5
2C1A
 10
-12.6770
 20
-169.016
 30
0.000000
  70
    32
  0
VERTEX
  8
0
  5
2C1B
 10
-12.6590
 20
-168.980
 30
0.000000
  70
    32
  0
VERTEX
  8
0
  5
2C1C
 10
-12.6410
 20
-168.943
 30
0.000000
  70
    32
  0
VERTEX
  8
0
  5
2C1D
 10
-12.6231
 20
-168.906
 30
0.000000
  70
    32
  0
VERTEX
  8
0
  5
2C1E
 10
-12.6053
 20
-168.870
 30
0.000000
  70
    32
  0
VERTEX
  8
0
  5
2C1F
 10
-12.5875
 20
-168.833
 30
0.000000
  70
    32
  0
VERTEX
  8
0
  5
2C20
 10
-12.5699
 20
-168.797
 30
0.000000
  70
    32
  0
VERTEX
  8
0
  5
2C21
 10
-12.5522
 20
-168.760
 30
0.000000
  70
    32
  0
VERTEX
  8
0
  5
2C22
 10
-12.5347
 20
-168.724
 30
0.000000
  70
    32
  0
VERTEX
  8
0
  5
2C23
 10
-12.5171
 20
-168.687
 30
0.000000
  70
    32
  0
VERTEX
  8
0
  5
2C24
 10
-12.4996
 20
-168.651
 30
0.000000
  70
    32
  0
VERTEX
  8
0
  5
2C25
 10
-12.4822
 20
-168.614
 30
0.000000
  70
    32
  0
VERTEX
  8
0
  5
2C26
 10
-12.4647
 20
-168.578
 30
0.000000
  70
    32
  0
VERTEX
  8
0
  5
2C27
 10
-12.4473
 20
-168.541
 30
0.000000
  70
    32
  0
VERTEX
  8
0
  5
2C28
 10
-12.4299
 20
-168.505
 30
0.000000
  70
    32
  0
VERTEX
  8
0
  5
2C29
 10
-12.4125
 20
-168.469
 30
0.000000
  70
    32
  0
VERTEX
  8
0
  5
2C2A
 10
-12.3951
 20
-168.433
 30
0.000000
  70
    32
  0
VERTEX
  8
0
  5
2C2B
 10
-12.3777
 20
-168.396
 30
0.000000
  70
    32
  0
VERTEX
  8
0
  5
2C2C
 10
-12.3602
 20
-168.360
 30
0.000000
  70
    32
  0
VERTEX
  8
0
  5
2C2D
 10
-12.3428
 20
-168.324
 30
0.000000
  70
    32
  0
VERTEX
  8
0
  5
2C2E
 10
-12.3253
 20
-168.288
 30
0.000000
  70
    32
  0
VERTEX
  8
0
  5
2C2F
 10
-12.3078
 20
-168.252
 30
0.000000
  70
    32
  0
VERTEX
  8
0
  5
2C30
 10
-12.2902
 20
-168.217
 30
0.000000
  70
    32
  0
VERTEX
  8
0
  5
2C31
 10
-12.2727
 20
-168.181
 30
0.000000
  70
    32
  0
VERTEX
  8
0
  5
2C32
 10
-12.2551
 20
-168.145
 30
0.000000
  70
    32
  0
VERTEX
  8
0
  5
2C33
 10
-12.2374
 20
-168.109
 30
0.000000
  70
    32
  0
VERTEX
  8
0
  5
2C34
 10
-12.2198
 20
-168.073
 30
0.000000
  70
    32
  0
VERTEX
  8
0
  5
2C35
 10
-12.2021
 20
-168.038
 30
0.000000
  70
    32
  0
VERTEX
  8
0
  5
2C36
 10
-12.1843
 20
-168.002
 30
0.000000
  70
    32
  0
VERTEX
  8
0
  5
2C37
 10
-12.1665
 20
-167.966
 30
0.000000
  70
    32
  0
VERTEX
  8
0
  5
2C38
 10
-12.1487
 20
-167.930
 30
0.000000
  70
    32
  0
VERTEX
  8
0
  5
2C39
 10
-12.1309
 20
-167.894
 30
0.000000
  70
    32
  0
VERTEX
  8
0
  5
2C3A
 10
-12.1130
 20
-167.858
 30
0.000000
  70
    32
  0
VERTEX
  8
0
  5
2C3B
 10
-12.0950
 20
-167.821
 30
0.000000
  70
    32
  0
VERTEX
  8
0
  5
2C3C
 10
-12.0770
 20
-167.785
 30
0.000000
  70
    32
  0
VERTEX
  8
0
  5
2C3D
 10
-12.0590
 20
-167.749
 30
0.000000
  70
    32
  0
VERTEX
  8
0
  5
2C3E
 10
-12.0409
 20
-167.712
 30
0.000000
  70
    32
  0
VERTEX
  8
0
  5
2C3F
 10
-12.0228
 20
-167.675
 30
0.000000
  70
    32
  0
VERTEX
  8
0
  5
2C40
 10
-12.0046
 20
-167.638
 30
0.000000
  70
    32
  0
VERTEX
  8
0
  5
2C41
 10
-11.9864
 20
-167.601
 30
0.000000
  70
    32
  0
VERTEX
  8
0
  5
2C42
 10
-11.9681
 20
-167.564
 30
0.000000
  70
    32
  0
VERTEX
  8
0
  5
2C43
 10
-11.9498
 20
-167.526
 30
0.000000
  70
    32
  0
VERTEX
  8
0
  5
2C44
 10
-11.9314
 20
-167.489
 30
0.000000
  70
    32
  0
VERTEX
  8
0
  5
2C45
 10
-11.9130
 20
-167.451
 30
0.000000
  70
    32
  0
VERTEX
  8
0
  5
2C46
 10
-11.8944
 20
-167.412
 30
0.000000
  70
    32
  0
VERTEX
  8
0
  5
2C47
 10
-11.8755
 20
-167.374
 30
0.000000
  70
    32
  0
VERTEX
  8
0
  5
2C48
 10
-11.8561
 20
-167.337
 30
0.000000
  70
    32
  0
VERTEX
  8
0
  5
2C49
 10
-11.8363
 20
-167.299
 30
0.000000
  70
    32
  0
VERTEX
  8
0
  5
2C4A
 10
-11.8158
 20
-167.263
 30
0.000000
  70
    32
  0
VERTEX
  8
0
  5
2C4B
 10
-11.7945
 20
-167.227
 30
0.000000
  70
    32
  0
VERTEX
  8
0
  5
2C4C
 10
-11.7724
 20
-167.191
 30
0.000000
  70
    32
  0
VERTEX
  8
0
  5
2C4D
 10
-11.7492
 20
-167.157
 30
0.000000
  70
    32
  0
VERTEX
  8
0
  5
2C4E
 10
-11.7249
 20
-167.124
 30
0.000000
  70
    32
  0
VERTEX
  8
0
  5
2C4F
 10
-11.6993
 20
-167.093
 30
0.000000
  70
    32
  0
VERTEX
  8
0
  5
2C50
 10
-11.6724
 20
-167.063
 30
0.000000
  70
    32
  0
VERTEX
  8
0
  5
2C51
 10
-11.6440
 20
-167.035
 30
0.000000
  70
    32
  0
VERTEX
  8
0
  5
2C52
 10
-11.6140
 20
-167.008
 30
0.000000
  70
    32
  0
VERTEX
  8
0
  5
2C53
 10
-11.5822
 20
-166.984
 30
0.000000
  70
    32
  0
VERTEX
  8
0
  5
2C54
 10
-11.5486
 20
-166.962
 30
0.000000
  70
    32
  0
VERTEX
  8
0
  5
2C55
 10
-11.5130
 20
-166.942
 30
0.000000
  70
    32
  0
VERTEX
  8
0
  5
2C56
 10
-11.4754
 20
-166.924
 30
0.000000
  70
    32
  0
VERTEX
  8
0
  5
2C57
 10
-11.4361
 20
-166.910
 30
0.000000
  70
    32
  0
VERTEX
  8
0
  5
2C58
 10
-11.3955
 20
-166.898
 30
0.000000
  70
    32
  0
VERTEX
  8
0
  5
2C59
 10
-11.3539
 20
-166.889
 30
0.000000
  70
    32
  0
VERTEX
  8
0
  5
2C5A
 10
-11.3118
 20
-166.882
 30
0.000000
  70
    32
  0
VERTEX
  8
0
  5
2C5B
 10
-11.2694
 20
-166.879
 30
0.000000
  70
    32
  0
VERTEX
  8
0
  5
2C5C
 10
-11.2272
 20
-166.879
 30
0.000000
  70
    32
  0
VERTEX
  8
0
  5
2C5D
 10
-11.1856
 20
-166.882
 30
0.000000
  70
    32
  0
VERTEX
  8
0
  5
2C5E
 10
-11.1448
 20
-166.888
 30
0.000000
  70
    32
  0
VERTEX
  8
0
  5
2C5F
 10
-11.1053
 20
-166.898
 30
0.000000
  70
    32
  0
VERTEX
  8
0
  5
2C60
 10
-11.0675
 20
-166.911
 30
0.000000
  70
    32
  0
VERTEX
  8
0
  5
2C61
 10
-11.0316
 20
-166.928
 30
0.000000
  70
    32
  0
VERTEX
  8
0
  5
2C62
 10
-10.9976
 20
-166.949
 30
0.000000
  70
    32
  0
VERTEX
  8
0
  5
2C63
 10
-10.9653
 20
-166.972
 30
0.000000
  70
    32
  0
VERTEX
  8
0
  5
2C64
 10
-10.9345
 20
-166.997
 30
0.000000
  70
    32
  0
VERTEX
  8
0
  5
2C65
 10
-10.9050
 20
-167.025
 30
0.000000
  70
    32
  0
VERTEX
  8
0
  5
2C66
 10
-10.8764
 20
-167.055
 30
0.000000
  70
    32
  0
VERTEX
  8
0
  5
2C67
 10
-10.8487
 20
-167.086
 30
0.000000
  70
    32
  0
VERTEX
  8
0
  5
2C68
 10
-10.8217
 20
-167.118
 30
0.000000
  70
    32
  0
VERTEX
  8
0
  5
2C69
 10
-10.7950
 20
-167.150
 30
0.000000
  70
    32
  0
VERTEX
  8
0
  5
2C6A
 10
-10.7685
 20
-167.183
 30
0.000000
  70
    32
  0
VERTEX
  8
0
  5
2C6B
 10
-10.7420
 20
-167.215
 30
0.000000
  70
    32
  0
VERTEX
  8
0
  5
2C6C
 10
-10.7153
 20
-167.247
 30
0.000000
  70
    32
  0
VERTEX
  8
0
  5
2C6D
 10
-10.6883
 20
-167.279
 30
0.000000
  70
    32
  0
VERTEX
  8
0
  5
2C6E
 10
-10.6610
 20
-167.310
 30
0.000000
  70
    32
  0
VERTEX
  8
0
  5
2C6F
 10
-10.6333
 20
-167.340
 30
0.000000
  70
    32
  0
VERTEX
  8
0
  5
2C70
 10
-10.6050
 20
-167.370
 30
0.000000
  70
    32
  0
VERTEX
  8
0
  5
2C71
 10
-10.5763
 20
-167.398
 30
0.000000
  70
    32
  0
VERTEX
  8
0
  5
2C72
 10
-10.5469
 20
-167.426
 30
0.000000
  70
    32
  0
VERTEX
  8
0
  5
2C73
 10
-10.5168
 20
-167.452
 30
0.000000
  70
    32
  0
VERTEX
  8
0
  5
2C74
 10
-10.4859
 20
-167.478
 30
0.000000
  70
    32
  0
VERTEX
  8
0
  5
2C75
 10
-10.4542
 20
-167.503
 30
0.000000
  70
    32
  0
VERTEX
  8
0
  5
2C76
 10
-10.4215
 20
-167.526
 30
0.000000
  70
    32
  0
VERTEX
  8
0
  5
2C77
 10
-10.3879
 20
-167.548
 30
0.000000
  70
    32
  0
VERTEX
  8
0
  5
2C78
 10
-10.3533
 20
-167.568
 30
0.000000
  70
    32
  0
VERTEX
  8
0
  5
2C79
 10
-10.3178
 20
-167.588
 30
0.000000
  70
    32
  0
VERTEX
  8
0
  5
2C7A
 10
-10.2813
 20
-167.606
 30
0.000000
  70
    32
  0
VERTEX
  8
0
  5
2C7B
 10
-10.2441
 20
-167.622
 30
0.000000
  70
    32
  0
VERTEX
  8
0
  5
2C7C
 10
-10.2061
 20
-167.638
 30
0.000000
  70
    32
  0
VERTEX
  8
0
  5
2C7D
 10
-10.1675
 20
-167.652
 30
0.000000
  70
    32
  0
VERTEX
  8
0
  5
2C7E
 10
-10.1282
 20
-167.664
 30
0.000000
  70
    32
  0
VERTEX
  8
0
  5
2C7F
 10
-10.0885
 20
-167.676
 30
0.000000
  70
    32
  0
VERTEX
  8
0
  5
2C80
 10
-10.0482
 20
-167.686
 30
0.000000
  70
    32
  0
VERTEX
  8
0
  5
2C81
 10
-10.0076
 20
-167.695
 30
0.000000
  70
    32
  0
VERTEX
  8
0
  5
2C82
 10
-9.96663
 20
-167.702
 30
0.000000
  70
    32
  0
VERTEX
  8
0
  5
2C83
 10
-9.92543
 20
-167.708
 30
0.000000
  70
    32
  0
VERTEX
  8
0
  5
2C84
 10
-9.88403
 20
-167.713
 30
0.000000
  70
    32
  0
VERTEX
  8
0
  5
2C85
 10
-9.84252
 20
-167.716
 30
0.000000
  70
    32
  0
VERTEX
  8
0
  5
2C86
 10
-9.80096
 20
-167.719
 30
0.000000
  70
    32
  0
VERTEX
  8
0
  5
2C87
 10
-9.75943
 20
-167.719
 30
0.000000
  70
    32
  0
VERTEX
  8
0
  5
2C88
 10
-9.71798
 20
-167.719
 30
0.000000
  70
    32
  0
VERTEX
  8
0
  5
2C89
 10
-9.67670
 20
-167.717
 30
0.000000
  70
    32
  0
VERTEX
  8
0
  5
2C8A
 10
-9.63564
 20
-167.714
 30
0.000000
  70
    32
  0
VERTEX
  8
0
  5
2C8B
 10
-9.59488
 20
-167.710
 30
0.000000
  70
    32
  0
VERTEX
  8
0
  5
2C8C
 10
-9.55441
 20
-167.704
 30
0.000000
  70
    32
  0
VERTEX
  8
0
  5
2C8D
 10
-9.51424
 20
-167.698
 30
0.000000
  70
    32
  0
VERTEX
  8
0
  5
2C8E
 10
-9.47436
 20
-167.690
 30
0.000000
  70
    32
  0
VERTEX
  8
0
  5
2C8F
 10
-9.43476
 20
-167.681
 30
0.000000
  70
    32
  0
VERTEX
  8
0
  5
2C90
 10
-9.39543
 20
-167.671
 30
0.000000
  70
    32
  0
VERTEX
  8
0
  5
2C91
 10
-9.35637
 20
-167.660
 30
0.000000
  70
    32
  0
VERTEX
  8
0
  5
2C92
 10
-9.31758
 20
-167.648
 30
0.000000
  70
    32
  0
VERTEX
  8
0
  5
2C93
 10
-9.27904
 20
-167.635
 30
0.000000
  70
    32
  0
VERTEX
  8
0
  5
2C94
 10
-9.24076
 20
-167.621
 30
0.000000
  70
    32
  0
VERTEX
  8
0
  5
2C95
 10
-9.20271
 20
-167.607
 30
0.000000
  70
    32
  0
VERTEX
  8
0
  5
2C96
 10
-9.16491
 20
-167.591
 30
0.000000
  70
    32
  0
VERTEX
  8
0
  5
2C97
 10
-9.12733
 20
-167.575
 30
0.000000
  70
    32
  0
VERTEX
  8
0
  5
2C98
 10
-9.08998
 20
-167.559
 30
0.000000
  70
    32
  0
VERTEX
  8
0
  5
2C99
 10
-9.05285
 20
-167.542
 30
0.000000
  70
    32
  0
VERTEX
  8
0
  5
2C9A
 10
-9.01593
 20
-167.524
 30
0.000000
  70
    32
  0
VERTEX
  8
0
  5
2C9B
 10
-8.97922
 20
-167.506
 30
0.000000
  70
    32
  0
VERTEX
  8
0
  5
2C9C
 10
-8.94271
 20
-167.487
 30
0.000000
  70
    32
  0
VERTEX
  8
0
  5
2C9D
 10
-8.90639
 20
-167.468
 30
0.000000
  70
    32
  0
VERTEX
  8
0
  5
2C9E
 10
-8.87025
 20
-167.448
 30
0.000000
  70
    32
  0
VERTEX
  8
0
  5
2C9F
 10
-8.83430
 20
-167.429
 30
0.000000
  70
    32
  0
VERTEX
  8
0
  5
2CA0
 10
-8.79852
 20
-167.409
 30
0.000000
  70
    32
  0
VERTEX
  8
0
  5
2CA1
 10
-8.76292
 20
-167.388
 30
0.000000
  70
    32
  0
VERTEX
  8
0
  5
2CA2
 10
-8.72747
 20
-167.368
 30
0.000000
  70
    32
  0
VERTEX
  8
0
  5
2CA3
 10
-8.69218
 20
-167.348
 30
0.000000
  70
    32
  0
VERTEX
  8
0
  5
2CA4
 10
-8.65704
 20
-167.327
 30
0.000000
  70
    32
  0
VERTEX
  8
0
  5
2CA5
 10
-8.62204
 20
-167.306
 30
0.000000
  70
    32
  0
VERTEX
  8
0
  5
2CA6
 10
-8.58718
 20
-167.285
 30
0.000000
  70
    32
  0
VERTEX
  8
0
  5
2CA7
 10
-8.55245
 20
-167.264
 30
0.000000
  70
    32
  0
VERTEX
  8
0
  5
2CA8
 10
-8.51784
 20
-167.243
 30
0.000000
  70
    32
  0
VERTEX
  8
0
  5
2CA9
 10
-8.48336
 20
-167.221
 30
0.000000
  70
    32
  0
VERTEX
  8
0
  5
2CAA
 10
-8.44899
 20
-167.200
 30
0.000000
  70
    32
  0
VERTEX
  8
0
  5
2CAB
 10
-8.41472
 20
-167.178
 30
0.000000
  70
    32
  0
VERTEX
  8
0
  5
2CAC
 10
-8.38056
 20
-167.157
 30
0.000000
  70
    32
  0
VERTEX
  8
0
  5
2CAD
 10
-8.34648
 20
-167.135
 30
0.000000
  70
    32
  0
VERTEX
  8
0
  5
2CAE
 10
-8.31250
 20
-167.113
 30
0.000000
  70
    32
  0
VERTEX
  8
0
  5
2CAF
 10
-8.27860
 20
-167.091
 30
0.000000
  70
    32
  0
VERTEX
  8
0
  5
2CB0
 10
-8.24478
 20
-167.069
 30
0.000000
  70
    32
  0
VERTEX
  8
0
  5
2CB1
 10
-8.21103
 20
-167.047
 30
0.000000
  70
    32
  0
VERTEX
  8
0
  5
2CB2
 10
-8.17734
 20
-167.024
 30
0.000000
  70
    32
  0
VERTEX
  8
0
  5
2CB3
 10
-8.14370
 20
-167.002
 30
0.000000
  70
    32
  0
VERTEX
  8
0
  5
2CB4
 10
-8.11012
 20
-166.980
 30
0.000000
  70
    32
  0
VERTEX
  8
0
  5
2CB5
 10
-8.07659
 20
-166.957
 30
0.000000
  70
    32
  0
VERTEX
  8
0
  5
2CB6
 10
-8.04309
 20
-166.934
 30
0.000000
  70
    32
  0
VERTEX
  8
0
  5
2CB7
 10
-8.00963
 20
-166.912
 30
0.000000
  70
    32
  0
VERTEX
  8
0
  5
2CB8
 10
-7.97619
 20
-166.889
 30
0.000000
  70
    32
  0
VERTEX
  8
0
  5
2CB9
 10
-7.94278
 20
-166.867
 30
0.000000
  70
    32
  0
VERTEX
  8
0
  5
2CBA
 10
-7.90938
 20
-166.844
 30
0.000000
  70
    32
  0
VERTEX
  8
0
  5
2CBB
 10
-7.87599
 20
-166.821
 30
0.000000
  70
    32
  0
VERTEX
  8
0
  5
2CBC
 10
-7.84262
 20
-166.798
 30
0.000000
  70
    32
  0
VERTEX
  8
0
  5
2CBD
 10
-7.80926
 20
-166.776
 30
0.000000
  70
    32
  0
VERTEX
  8
0
  5
2CBE
 10
-7.77592
 20
-166.753
 30
0.000000
  70
    32
  0
VERTEX
  8
0
  5
2CBF
 10
-7.74259
 20
-166.730
 30
0.000000
  70
    32
  0
VERTEX
  8
0
  5
2CC0
 10
-7.70928
 20
-166.707
 30
0.000000
  70
    32
  0
VERTEX
  8
0
  5
2CC1
 10
-7.67599
 20
-166.684
 30
0.000000
  70
    32
  0
VERTEX
  8
0
  5
2CC2
 10
-7.64272
 20
-166.661
 30
0.000000
  70
    32
  0
VERTEX
  8
0
  5
2CC3
 10
-7.60947
 20
-166.638
 30
0.000000
  70
    32
  0
VERTEX
  8
0
  5
2CC4
 10
-7.57624
 20
-166.615
 30
0.000000
  70
    32
  0
VERTEX
  8
0
  5
2CC5
 10
-7.54303
 20
-166.592
 30
0.000000
  70
    32
  0
VERTEX
  8
0
  5
2CC6
 10
-7.50984
 20
-166.568
 30
0.000000
  70
    32
  0
VERTEX
  8
0
  5
2CC7
 10
-7.47668
 20
-166.545
 30
0.000000
  70
    32
  0
VERTEX
  8
0
  5
2CC8
 10
-7.44354
 20
-166.522
 30
0.000000
  70
    32
  0
VERTEX
  8
0
  5
2CC9
 10
-7.41043
 20
-166.499
 30
0.000000
  70
    32
  0
VERTEX
  8
0
  5
2CCA
 10
-7.37734
 20
-166.475
 30
0.000000
  70
    32
  0
VERTEX
  8
0
  5
2CCB
 10
-7.34429
 20
-166.452
 30
0.000000
  70
    32
  0
VERTEX
  8
0
  5
2CCC
 10
-7.31126
 20
-166.428
 30
0.000000
  70
    32
  0
VERTEX
  8
0
  5
2CCD
 10
-7.27826
 20
-166.405
 30
0.000000
  70
    32
  0
VERTEX
  8
0
  5
2CCE
 10
-7.24529
 20
-166.381
 30
0.000000
  70
    32
  0
VERTEX
  8
0
  5
2CCF
 10
-7.21235
 20
-166.358
 30
0.000000
  70
    32
  0
VERTEX
  8
0
  5
2CD0
 10
-7.17944
 20
-166.334
 30
0.000000
  70
    32
  0
VERTEX
  8
0
  5
2CD1
 10
-7.14657
 20
-166.310
 30
0.000000
  70
    32
  0
VERTEX
  8
0
  5
2CD2
 10
-7.11373
 20
-166.287
 30
0.000000
  70
    32
  0
VERTEX
  8
0
  5
2CD3
 10
-7.08093
 20
-166.263
 30
0.000000
  70
    32
  0
VERTEX
  8
0
  5
2CD4
 10
-7.04816
 20
-166.239
 30
0.000000
  70
    32
  0
VERTEX
  8
0
  5
2CD5
 10
-7.01542
 20
-166.215
 30
0.000000
  70
    32
  0
VERTEX
  8
0
  5
2CD6
 10
-6.98273
 20
-166.191
 30
0.000000
  70
    32
  0
VERTEX
  8
0
  5
2CD7
 10
-6.95007
 20
-166.167
 30
0.000000
  70
    32
  0
VERTEX
  8
0
  5
2CD8
 10
-6.91746
 20
-166.143
 30
0.000000
  70
    32
  0
VERTEX
  8
0
  5
2CD9
 10
-6.88488
 20
-166.119
 30
0.000000
  70
    32
  0
VERTEX
  8
0
  5
2CDA
 10
-6.85235
 20
-166.095
 30
0.000000
  70
    32
  0
VERTEX
  8
0
  5
2CDB
 10
-6.81986
 20
-166.070
 30
0.000000
  70
    32
  0
VERTEX
  8
0
  5
2CDC
 10
-6.78741
 20
-166.046
 30
0.000000
  70
    32
  0
VERTEX
  8
0
  5
2CDD
 10
-6.75500
 20
-166.022
 30
0.000000
  70
    32
  0
VERTEX
  8
0
  5
2CDE
 10
-6.72264
 20
-165.997
 30
0.000000
  70
    32
  0
VERTEX
  8
0
  5
2CDF
 10
-6.69033
 20
-165.973
 30
0.000000
  70
    32
  0
VERTEX
  8
0
  5
2CE0
 10
-6.65806
 20
-165.948
 30
0.000000
  70
    32
  0
VERTEX
  8
0
  5
2CE1
 10
-6.62584
 20
-165.924
 30
0.000000
  70
    32
  0
VERTEX
  8
0
  5
2CE2
 10
-6.59367
 20
-165.899
 30
0.000000
  70
    32
  0
VERTEX
  8
0
  5
2CE3
 10
-6.56155
 20
-165.874
 30
0.000000
  70
    32
  0
VERTEX
  8
0
  5
2CE4
 10
-6.52948
 20
-165.849
 30
0.000000
  70
    32
  0
VERTEX
  8
0
  5
2CE5
 10
-6.49746
 20
-165.824
 30
0.000000
  70
    32
  0
VERTEX
  8
0
  5
2CE6
 10
-6.46549
 20
-165.799
 30
0.000000
  70
    32
  0
VERTEX
  8
0
  5
2CE7
 10
-6.43358
 20
-165.774
 30
0.000000
  70
    32
  0
VERTEX
  8
0
  5
2CE8
 10
-6.40172
 20
-165.749
 30
0.000000
  70
    32
  0
VERTEX
  8
0
  5
2CE9
 10
-6.36991
 20
-165.724
 30
0.000000
  70
    32
  0
VERTEX
  8
0
  5
2CEA
 10
-6.33817
 20
-165.699
 30
0.000000
  70
    32
  0
VERTEX
  8
0
  5
2CEB
 10
-6.30648
 20
-165.673
 30
0.000000
  70
    32
  0
VERTEX
  8
0
  5
2CEC
 10
-6.27484
 20
-165.648
 30
0.000000
  70
    32
  0
VERTEX
  8
0
  5
2CED
 10
-6.24327
 20
-165.622
 30
0.000000
  70
    32
  0
VERTEX
  8
0
  5
2CEE
 10
-6.21175
 20
-165.597
 30
0.000000
  70
    32
  0
VERTEX
  8
0
  5
2CEF
 10
-6.18030
 20
-165.571
 30
0.000000
  70
    32
  0
VERTEX
  8
0
  5
2CF0
 10
-6.14891
 20
-165.545
 30
0.000000
  70
    32
  0
VERTEX
  8
0
  5
2CF1
 10
-6.11758
 20
-165.520
 30
0.000000
  70
    32
  0
VERTEX
  8
0
  5
2CF2
 10
-6.08631
 20
-165.494
 30
0.000000
  70
    32
  0
VERTEX
  8
0
  5
2CF3
 10
-6.05511
 20
-165.468
 30
0.000000
  70
    32
  0
VERTEX
  8
0
  5
2CF4
 10
-6.02398
 20
-165.442
 30
0.000000
  70
    32
  0
VERTEX
  8
0
  5
2CF5
 10
-5.99291
 20
-165.416
 30
0.000000
  70
    32
  0
VERTEX
  8
0
  5
2CF6
 10
-5.96190
 20
-165.389
 30
0.000000
  70
    32
  0
VERTEX
  8
0
  5
2CF7
 10
-5.93097
 20
-165.363
 30
0.000000
  70
    32
  0
VERTEX
  8
0
  5
2CF8
 10
-5.90010
 20
-165.337
 30
0.000000
  70
    32
  0
VERTEX
  8
0
  5
2CF9
 10
-5.86931
 20
-165.310
 30
0.000000
  70
    32
  0
VERTEX
  8
0
  5
2CFA
 10
-5.83858
 20
-165.284
 30
0.000000
  70
    32
  0
VERTEX
  8
0
  5
2CFB
 10
-5.80793
 20
-165.257
 30
0.000000
  70
    32
  0
VERTEX
  8
0
  5
2CFC
 10
-5.77735
 20
-165.230
 30
0.000000
  70
    32
  0
VERTEX
  8
0
  5
2CFD
 10
-5.74685
 20
-165.204
 30
0.000000
  70
    32
  0
VERTEX
  8
0
  5
2CFE
 10
-5.71642
 20
-165.177
 30
0.000000
  70
    32
  0
VERTEX
  8
0
  5
2CFF
 10
-5.68607
 20
-165.150
 30
0.000000
  70
    32
  0
VERTEX
  8
0
  5
2D00
 10
-5.65579
 20
-165.123
 30
0.000000
  70
    32
  0
VERTEX
  8
0
  5
2D01
 10
-5.62560
 20
-165.095
 30
0.000000
  70
    32
  0
VERTEX
  8
0
  5
2D02
 10
-5.59549
 20
-165.068
 30
0.000000
  70
    32
  0
VERTEX
  8
0
  5
2D03
 10
-5.56545
 20
-165.041
 30
0.000000
  70
    32
  0
VERTEX
  8
0
  5
2D04
 10
-5.53550
 20
-165.013
 30
0.000000
  70
    32
  0
VERTEX
  8
0
  5
2D05
 10
-5.50564
 20
-164.986
 30
0.000000
  70
    32
  0
VERTEX
  8
0
  5
2D06
 10
-5.47586
 20
-164.958
 30
0.000000
  70
    32
  0
VERTEX
  8
0
  5
2D07
 10
-5.44616
 20
-164.930
 30
0.000000
  70
    32
  0
VERTEX
  8
0
  5
2D08
 10
-5.41655
 20
-164.903
 30
0.000000
  70
    32
  0
VERTEX
  8
0
  5
2D09
 10
-5.38703
 20
-164.875
 30
0.000000
  70
    32
  0
VERTEX
  8
0
  5
2D0A
 10
-5.35760
 20
-164.847
 30
0.000000
  70
    32
  0
VERTEX
  8
0
  5
2D0B
 10
-5.32826
 20
-164.819
 30
0.000000
  70
    32
  0
VERTEX
  8
0
  5
2D0C
 10
-5.29901
 20
-164.791
 30
0.000000
  70
    32
  0
VERTEX
  8
0
  5
2D0D
 10
-5.26986
 20
-164.762
 30
0.000000
  70
    32
  0
VERTEX
  8
0
  5
2D0E
 10
-5.24080
 20
-164.734
 30
0.000000
  70
    32
  0
VERTEX
  8
0
  5
2D0F
 10
-5.21183
 20
-164.706
 30
0.000000
  70
    32
  0
VERTEX
  8
0
  5
2D10
 10
-5.18296
 20
-164.677
 30
0.000000
  70
    32
  0
VERTEX
  8
0
  5
2D11
 10
-5.15419
 20
-164.648
 30
0.000000
  70
    32
  0
VERTEX
  8
0
  5
2D12
 10
-5.12551
 20
-164.620
 30
0.000000
  70
    32
  0
VERTEX
  8
0
  5
2D13
 10
-5.09694
 20
-164.591
 30
0.000000
  70
    32
  0
VERTEX
  8
0
  5
2D14
 10
-5.06846
 20
-164.562
 30
0.000000
  70
    32
  0
VERTEX
  8
0
  5
2D15
 10
-5.04009
 20
-164.533
 30
0.000000
  70
    32
  0
VERTEX
  8
0
  5
2D16
 10
-5.01182
 20
-164.504
 30
0.000000
  70
    32
  0
VERTEX
  8
0
  5
2D17
 10
-4.98366
 20
-164.475
 30
0.000000
  70
    32
  0
VERTEX
  8
0
  5
2D18
 10
-4.95560
 20
-164.445
 30
0.000000
  70
    32
  0
VERTEX
  8
0
  5
2D19
 10
-4.92765
 20
-164.416
 30
0.000000
  70
    32
  0
VERTEX
  8
0
  5
2D1A
 10
-4.89980
 20
-164.386
 30
0.000000
  70
    32
  0
VERTEX
  8
0
  5
2D1B
 10
-4.87206
 20
-164.357
 30
0.000000
  70
    32
  0
VERTEX
  8
0
  5
2D1C
 10
-4.84444
 20
-164.327
 30
0.000000
  70
    32
  0
VERTEX
  8
0
  5
2D1D
 10
-4.81692
 20
-164.297
 30
0.000000
  70
    32
  0
VERTEX
  8
0
  5
2D1E
 10
-4.78952
 20
-164.268
 30
0.000000
  70
    32
  0
VERTEX
  8
0
  5
2D1F
 10
-4.76223
 20
-164.238
 30
0.000000
  70
    32
  0
VERTEX
  8
0
  5
2D20
 10
-4.73505
 20
-164.208
 30
0.000000
  70
    32
  0
VERTEX
  8
0
  5
2D21
 10
-4.70799
 20
-164.177
 30
0.000000
  70
    32
  0
VERTEX
  8
0
  5
2D22
 10
-4.68105
 20
-164.147
 30
0.000000
  70
    32
  0
VERTEX
  8
0
  5
2D23
 10
-4.65422
 20
-164.117
 30
0.000000
  70
    32
  0
VERTEX
  8
0
  5
2D24
 10
-4.62752
 20
-164.086
 30
0.000000
  70
    32
  0
VERTEX
  8
0
  5
2D25
 10
-4.60093
 20
-164.056
 30
0.000000
  70
    32
  0
VERTEX
  8
0
  5
2D26
 10
-4.57447
 20
-164.025
 30
0.000000
  70
    32
  0
VERTEX
  8
0
  5
2D27
 10
-4.54812
 20
-163.994
 30
0.000000
  70
    32
  0
VERTEX
  8
0
  5
2D28
 10
-4.52190
 20
-163.963
 30
0.000000
  70
    32
  0
VERTEX
  8
0
  5
2D29
 10
-4.49581
 20
-163.932
 30
0.000000
  70
    32
  0
VERTEX
  8
0
  5
2D2A
 10
-4.46984
 20
-163.901
 30
0.000000
  70
    32
  0
VERTEX
  8
0
  5
2D2B
 10
-4.44400
 20
-163.870
 30
0.000000
  70
    32
  0
VERTEX
  8
0
  5
2D2C
 10
-4.41828
 20
-163.839
 30
0.000000
  70
    32
  0
VERTEX
  8
0
  5
2D2D
 10
-4.39270
 20
-163.808
 30
0.000000
  70
    32
  0
VERTEX
  8
0
  5
2D2E
 10
-4.36725
 20
-163.776
 30
0.000000
  70
    32
  0
VERTEX
  8
0
  5
2D2F
 10
-4.34192
 20
-163.744
 30
0.000000
  70
    32
  0
VERTEX
  8
0
  5
2D30
 10
-4.31673
 20
-163.713
 30
0.000000
  70
    32
  0
VERTEX
  8
0
  5
2D31
 10
-4.29167
 20
-163.681
 30
0.000000
  70
    32
  0
VERTEX
  8
0
  5
2D32
 10
-4.26673
 20
-163.649
 30
0.000000
  70
    32
  0
VERTEX
  8
0
  5
2D33
 10
-4.24193
 20
-163.617
 30
0.000000
  70
    32
  0
VERTEX
  8
0
  5
2D34
 10
-4.21725
 20
-163.585
 30
0.000000
  70
    32
  0
VERTEX
  8
0
  5
2D35
 10
-4.19269
 20
-163.553
 30
0.000000
  70
    32
  0
VERTEX
  8
0
  5
2D36
 10
-4.16826
 20
-163.521
 30
0.000000
  70
    32
  0
VERTEX
  8
0
  5
2D37
 10
-4.14396
 20
-163.488
 30
0.000000
  70
    32
  0
VERTEX
  8
0
  5
2D38
 10
-4.11977
 20
-163.456
 30
0.000000
  70
    32
  0
VERTEX
  8
0
  5
2D39
 10
-4.09571
 20
-163.423
 30
0.000000
  70
    32
  0
VERTEX
  8
0
  5
2D3A
 10
-4.07177
 20
-163.390
 30
0.000000
  70
    32
  0
VERTEX
  8
0
  5
2D3B
 10
-4.04794
 20
-163.358
 30
0.000000
  70
    32
  0
VERTEX
  8
0
  5
2D3C
 10
-4.02424
 20
-163.325
 30
0.000000
  70
    32
  0
VERTEX
  8
0
  5
2D3D
 10
-4.00065
 20
-163.292
 30
0.000000
  70
    32
  0
VERTEX
  8
0
  5
2D3E
 10
-3.97718
 20
-163.259
 30
0.000000
  70
    32
  0
VERTEX
  8
0
  5
2D3F
 10
-3.95382
 20
-163.226
 30
0.000000
  70
    32
  0
VERTEX
  8
0
  5
2D40
 10
-3.93057
 20
-163.193
 30
0.000000
  70
    32
  0
VERTEX
  8
0
  5
2D41
 10
-3.90744
 20
-163.159
 30
0.000000
  70
    32
  0
VERTEX
  8
0
  5
2D42
 10
-3.88443
 20
-163.126
 30
0.000000
  70
    32
  0
VERTEX
  8
0
  5
2D43
 10
-3.86152
 20
-163.093
 30
0.000000
  70
    32
  0
VERTEX
  8
0
  5
2D44
 10
-3.83872
 20
-163.059
 30
0.000000
  70
    32
  0
VERTEX
  8
0
  5
2D45
 10
-3.81603
 20
-163.026
 30
0.000000
  70
    32
  0
VERTEX
  8
0
  5
2D46
 10
-3.79345
 20
-162.992
 30
0.000000
  70
    32
  0
VERTEX
  8
0
  5
2D47
 10
-3.77098
 20
-162.958
 30
0.000000
  70
    32
  0
VERTEX
  8
0
  5
2D48
 10
-3.74861
 20
-162.924
 30
0.000000
  70
    32
  0
VERTEX
  8
0
  5
2D49
 10
-3.72634
 20
-162.890
 30
0.000000
  70
    32
  0
VERTEX
  8
0
  5
2D4A
 10
-3.70418
 20
-162.856
 30
0.000000
  70
    32
  0
VERTEX
  8
0
  5
2D4B
 10
-3.68212
 20
-162.822
 30
0.000000
  70
    32
  0
VERTEX
  8
0
  5
2D4C
 10
-3.66016
 20
-162.788
 30
0.000000
  70
    32
  0
VERTEX
  8
0
  5
2D4D
 10
-3.63831
 20
-162.754
 30
0.000000
  70
    32
  0
VERTEX
  8
0
  5
2D4E
 10
-3.61655
 20
-162.720
 30
0.000000
  70
    32
  0
VERTEX
  8
0
  5
2D4F
 10
-3.59489
 20
-162.686
 30
0.000000
  70
    32
  0
VERTEX
  8
0
  5
2D50
 10
-3.57333
 20
-162.651
 30
0.000000
  70
    32
  0
VERTEX
  8
0
  5
2D51
 10
-3.55186
 20
-162.617
 30
0.000000
  70
    32
  0
VERTEX
  8
0
  5
2D52
 10
-3.53049
 20
-162.582
 30
0.000000
  70
    32
  0
VERTEX
  8
0
  5
2D53
 10
-3.50922
 20
-162.548
 30
0.000000
  70
    32
  0
VERTEX
  8
0
  5
2D54
 10
-3.48803
 20
-162.513
 30
0.000000
  70
    32
  0
VERTEX
  8
0
  5
2D55
 10
-3.46694
 20
-162.478
 30
0.000000
  70
    32
  0
VERTEX
  8
0
  5
2D56
 10
-3.44594
 20
-162.444
 30
0.000000
  70
    32
  0
VERTEX
  8
0
  5
2D57
 10
-3.42503
 20
-162.409
 30
0.000000
  70
    32
  0
VERTEX
  8
0
  5
2D58
 10
-3.40421
 20
-162.374
 30
0.000000
  70
    32
  0
VERTEX
  8
0
  5
2D59
 10
-3.38348
 20
-162.339
 30
0.000000
  70
    32
  0
VERTEX
  8
0
  5
2D5A
 10
-3.36283
 20
-162.304
 30
0.000000
  70
    32
  0
VERTEX
  8
0
  5
2D5B
 10
-3.34227
 20
-162.269
 30
0.000000
  70
    32
  0
VERTEX
  8
0
  5
2D5C
 10
-3.32180
 20
-162.234
 30
0.000000
  70
    32
  0
VERTEX
  8
0
  5
2D5D
 10
-3.30140
 20
-162.199
 30
0.000000
  70
    32
  0
VERTEX
  8
0
  5
2D5E
 10
-3.28109
 20
-162.163
 30
0.000000
  70
    32
  0
VERTEX
  8
0
  5
2D5F
 10
-3.26087
 20
-162.128
 30
0.000000
  70
    32
  0
VERTEX
  8
0
  5
2D60
 10
-3.24072
 20
-162.093
 30
0.000000
  70
    32
  0
VERTEX
  8
0
  5
2D61
 10
-3.22065
 20
-162.058
 30
0.000000
  70
    32
  0
VERTEX
  8
0
  5
2D62
 10
-3.20066
 20
-162.022
 30
0.000000
  70
    32
  0
VERTEX
  8
0
  5
2D63
 10
-3.18075
 20
-161.987
 30
0.000000
  70
    32
  0
VERTEX
  8
0
  5
2D64
 10
-3.16091
 20
-161.951
 30
0.000000
  70
    32
  0
VERTEX
  8
0
  5
2D65
 10
-3.14115
 20
-161.916
 30
0.000000
  70
    32
  0
VERTEX
  8
0
  5
2D66
 10
-3.12147
 20
-161.880
 30
0.000000
  70
    32
  0
VERTEX
  8
0
  5
2D67
 10
-3.10185
 20
-161.845
 30
0.000000
  70
    32
  0
VERTEX
  8
0
  5
2D68
 10
-3.08231
 20
-161.809
 30
0.000000
  70
    32
  0
VERTEX
  8
0
  5
2D69
 10
-3.06284
 20
-161.773
 30
0.000000
  70
    32
  0
VERTEX
  8
0
  5
2D6A
 10
-3.04344
 20
-161.737
 30
0.000000
  70
    32
  0
VERTEX
  8
0
  5
2D6B
 10
-3.02411
 20
-161.702
 30
0.000000
  70
    32
  0
VERTEX
  8
0
  5
2D6C
 10
-3.00485
 20
-161.666
 30
0.000000
  70
    32
  0
VERTEX
  8
0
  5
2D6D
 10
-2.98565
 20
-161.630
 30
0.000000
  70
    32
  0
VERTEX
  8
0
  5
2D6E
 10
-2.96652
 20
-161.594
 30
0.000000
  70
    32
  0
VERTEX
  8
0
  5
2D6F
 10
-2.94746
 20
-161.558
 30
0.000000
  70
    32
  0
VERTEX
  8
0
  5
2D70
 10
-2.92846
 20
-161.522
 30
0.000000
  70
    32
  0
VERTEX
  8
0
  5
2D71
 10
-2.90952
 20
-161.486
 30
0.000000
  70
    32
  0
VERTEX
  8
0
  5
2D72
 10
-2.89064
 20
-161.450
 30
0.000000
  70
    32
  0
VERTEX
  8
0
  5
2D73
 10
-2.87183
 20
-161.414
 30
0.000000
  70
    32
  0
VERTEX
  8
0
  5
2D74
 10
-2.85307
 20
-161.378
 30
0.000000
  70
    32
  0
VERTEX
  8
0
  5
2D75
 10
-2.83438
 20
-161.342
 30
0.000000
  70
    32
  0
VERTEX
  8
0
  5
2D76
 10
-2.81574
 20
-161.306
 30
0.000000
  70
    32
  0
VERTEX
  8
0
  5
2D77
 10
-2.79715
 20
-161.270
 30
0.000000
  70
    32
  0
VERTEX
  8
0
  5
2D78
 10
-2.77863
 20
-161.234
 30
0.000000
  70
    32
  0
VERTEX
  8
0
  5
2D79
 10
-2.76015
 20
-161.198
 30
0.000000
  70
    32
  0
VERTEX
  8
0
  5
2D7A
 10
-2.74174
 20
-161.162
 30
0.000000
  70
    32
  0
VERTEX
  8
0
  5
2D7B
 10
-2.72337
 20
-161.126
 30
0.000000
  70
    32
  0
VERTEX
  8
0
  5
2D7C
 10
-2.70506
 20
-161.089
 30
0.000000
  70
    32
  0
VERTEX
  8
0
  5
2D7D
 10
-2.68680
 20
-161.053
 30
0.000000
  70
    32
  0
VERTEX
  8
0
  5
2D7E
 10
-2.66859
 20
-161.017
 30
0.000000
  70
    32
  0
VERTEX
  8
0
  5
2D7F
 10
-2.65044
 20
-160.981
 30
0.000000
  70
    32
  0
VERTEX
  8
0
  5
2D80
 10
-2.63233
 20
-160.944
 30
0.000000
  70
    32
  0
VERTEX
  8
0
  5
2D81
 10
-2.61427
 20
-160.908
 30
0.000000
  70
    32
  0
VERTEX
  8
0
  5
2D82
 10
-2.59626
 20
-160.872
 30
0.000000
  70
    32
  0
VERTEX
  8
0
  5
2D83
 10
-2.57830
 20
-160.835
 30
0.000000
  70
    32
  0
VERTEX
  8
0
  5
2D84
 10
-2.56039
 20
-160.799
 30
0.000000
  70
    32
  0
VERTEX
  8
0
  5
2D85
 10
-2.54252
 20
-160.762
 30
0.000000
  70
    32
  0
VERTEX
  8
0
  5
2D86
 10
-2.52469
 20
-160.726
 30
0.000000
  70
    32
  0
VERTEX
  8
0
  5
2D87
 10
-2.50691
 20
-160.690
 30
0.000000
  70
    32
  0
VERTEX
  8
0
  5
2D88
 10
-2.48918
 20
-160.653
 30
0.000000
  70
    32
  0
VERTEX
  8
0
  5
2D89
 10
-2.47149
 20
-160.617
 30
0.000000
  70
    32
  0
VERTEX
  8
0
  5
2D8A
 10
-2.45384
 20
-160.580
 30
0.000000
  70
    32
  0
VERTEX
  8
0
  5
2D8B
 10
-2.43623
 20
-160.544
 30
0.000000
  70
    32
  0
VERTEX
  8
0
  5
2D8C
 10
-2.41866
 20
-160.507
 30
0.000000
  70
    32
  0
VERTEX
  8
0
  5
2D8D
 10
-2.40113
 20
-160.471
 30
0.000000
  70
    32
  0
VERTEX
  8
0
  5
2D8E
 10
-2.38364
 20
-160.434
 30
0.000000
  70
    32
  0
VERTEX
  8
0
  5
2D8F
 10
-2.36619
 20
-160.397
 30
0.000000
  70
    32
  0
VERTEX
  8
0
  5
2D90
 10
-2.34878
 20
-160.361
 30
0.000000
  70
    32
  0
VERTEX
  8
0
  5
2D91
 10
-2.33141
 20
-160.324
 30
0.000000
  70
    32
  0
VERTEX
  8
0
  5
2D92
 10
-2.31407
 20
-160.288
 30
0.000000
  70
    32
  0
VERTEX
  8
0
  5
2D93
 10
-2.29677
 20
-160.251
 30
0.000000
  70
    32
  0
VERTEX
  8
0
  5
2D94
 10
-2.27950
 20
-160.214
 30
0.000000
  70
    32
  0
VERTEX
  8
0
  5
2D95
 10
-2.26226
 20
-160.178
 30
0.000000
  70
    32
  0
VERTEX
  8
0
  5
2D96
 10
-2.24506
 20
-160.141
 30
0.000000
  70
    32
  0
VERTEX
  8
0
  5
2D97
 10
-2.22789
 20
-160.104
 30
0.000000
  70
    32
  0
VERTEX
  8
0
  5
2D98
 10
-2.21076
 20
-160.068
 30
0.000000
  70
    32
  0
VERTEX
  8
0
  5
2D99
 10
-2.19365
 20
-160.031
 30
0.000000
  70
    32
  0
VERTEX
  8
0
  5
2D9A
 10
-2.17658
 20
-159.994
 30
0.000000
  70
    32
  0
VERTEX
  8
0
  5
2D9B
 10
-2.15953
 20
-159.957
 30
0.000000
  70
    32
  0
VERTEX
  8
0
  5
2D9C
 10
-2.14251
 20
-159.921
 30
0.000000
  70
    32
  0
VERTEX
  8
0
  5
2D9D
 10
-2.12552
 20
-159.884
 30
0.000000
  70
    32
  0
VERTEX
  8
0
  5
2D9E
 10
-2.10856
 20
-159.847
 30
0.000000
  70
    32
  0
VERTEX
  8
0
  5
2D9F
 10
-2.09162
 20
-159.810
 30
0.000000
  70
    32
  0
VERTEX
  8
0
  5
2DA0
 10
-2.07471
 20
-159.774
 30
0.000000
  70
    32
  0
VERTEX
  8
0
  5
2DA1
 10
-2.05783
 20
-159.737
 30
0.000000
  70
    32
  0
VERTEX
  8
0
  5
2DA2
 10
-2.04097
 20
-159.700
 30
0.000000
  70
    32
  0
VERTEX
  8
0
  5
2DA3
 10
-2.02413
 20
-159.663
 30
0.000000
  70
    32
  0
VERTEX
  8
0
  5
2DA4
 10
-2.00731
 20
-159.626
 30
0.000000
  70
    32
  0
VERTEX
  8
0
  5
2DA5
 10
-1.99052
 20
-159.589
 30
0.000000
  70
    32
  0
VERTEX
  8
0
  5
2DA6
 10
-1.97375
 20
-159.553
 30
0.000000
  70
    32
  0
VERTEX
  8
0
  5
2DA7
 10
-1.95700
 20
-159.516
 30
0.000000
  70
    32
  0
VERTEX
  8
0
  5
2DA8
 10
-1.94027
 20
-159.479
 30
0.000000
  70
    32
  0
VERTEX
  8
0
  5
2DA9
 10
-1.92355
 20
-159.442
 30
0.000000
  70
    32
  0
VERTEX
  8
0
  5
2DAA
 10
-1.90686
 20
-159.405
 30
0.000000
  70
    32
  0
VERTEX
  8
0
  5
2DAB
 10
-1.89018
 20
-159.368
 30
0.000000
  70
    32
  0
VERTEX
  8
0
  5
2DAC
 10
-1.87352
 20
-159.331
 30
0.000000
  70
    32
  0
VERTEX
  8
0
  5
2DAD
 10
-1.85688
 20
-159.294
 30
0.000000
  70
    32
  0
VERTEX
  8
0
  5
2DAE
 10
-1.84025
 20
-159.257
 30
0.000000
  70
    32
  0
VERTEX
  8
0
  5
2DAF
 10
-1.82363
 20
-159.221
 30
0.000000
  70
    32
  0
VERTEX
  8
0
  5
2DB0
 10
-1.80703
 20
-159.184
 30
0.000000
  70
    32
  0
VERTEX
  8
0
  5
2DB1
 10
-1.79044
 20
-159.147
 30
0.000000
  70
    32
  0
VERTEX
  8
0
  5
2DB2
 10
-1.77386
 20
-159.110
 30
0.000000
  70
    32
  0
VERTEX
  8
0
  5
2DB3
 10
-1.75730
 20
-159.073
 30
0.000000
  70
    32
  0
VERTEX
  8
0
  5
2DB4
 10
-1.74074
 20
-159.036
 30
0.000000
  70
    32
  0
VERTEX
  8
0
  5
2DB5
 10
-1.72420
 20
-158.999
 30
0.000000
  70
    32
  0
VERTEX
  8
0
  5
2DB6
 10
-1.70766
 20
-158.962
 30
0.000000
  70
    32
  0
VERTEX
  8
0
  5
2DB7
 10
-1.69113
 20
-158.925
 30
0.000000
  70
    32
  0
VERTEX
  8
0
  5
2DB8
 10
-1.67461
 20
-158.888
 30
0.000000
  70
    32
  0
VERTEX
  8
0
  5
2DB9
 10
-1.65810
 20
-158.851
 30
0.000000
  70
    32
  0
VERTEX
  8
0
  5
2DBA
 10
-1.64159
 20
-158.814
 30
0.000000
  70
    32
  0
VERTEX
  8
0
  5
2DBB
 10
-1.62509
 20
-158.777
 30
0.000000
  70
    32
  0
VERTEX
  8
0
  5
2DBC
 10
-1.60859
 20
-158.740
 30
0.000000
  70
    32
  0
VERTEX
  8
0
  5
2DBD
 10
-1.59210
 20
-158.703
 30
0.000000
  70
    32
  0
VERTEX
  8
0
  5
2DBE
 10
-1.57561
 20
-158.666
 30
0.000000
  70
    32
  0
VERTEX
  8
0
  5
2DBF
 10
-1.55912
 20
-158.629
 30
0.000000
  70
    32
  0
VERTEX
  8
0
  5
2DC0
 10
-1.54263
 20
-158.592
 30
0.000000
  70
    32
  0
VERTEX
  8
0
  5
2DC1
 10
-1.52615
 20
-158.555
 30
0.000000
  70
    32
  0
SEQEND
  8
0
  5
2DC2
  0
LINE
  5
11DA
  8
0
  6
CONTINUOUS
 62
     7
 10
-57.184420661428348
 20
-25.24979999999999
 30
0.0
 11
-58.031669544307647
 21
-25.323924672437389
 31
0.0
  0
LINE
  5
11DB
  8
0
  6
CONTINUOUS
 62
     7
 10
-58.031669544307647
 20
-30.675675327562601
 30
0.0
 11
-57.184420661428348
 21
-30.74979999999999
 31
0.0
  0
LINE
  5
11DC
  8
0
  6
CONTINUOUS
 62
     7
 10
-56.484420661427649
 20
-30.949800000000721
 30
0.0
 11
-57.184420661428348
 21
-30.949800000000721
 31
0.0
  0
LINE
  5
11DD
  8
0
  6
CONTINUOUS
 62
     7
 10
-57.184420661428348
 20
-25.049800000000179
 30
0.0
 11
-57.184420661428348
 21
-30.949800000000721
 31
0.0
  0
LINE
  5
11DE
  8
0
  6
CONTINUOUS
 62
     7
 10
-57.184420661428348
 20
-25.049800000000179
 30
0.0
 11
-56.484420661427649
 21
-25.049800000000179
 31
0.0
  0
LINE
  5
11DF
  8
0
  6
CONTINUOUS
 62
     7
 10
-56.484420661427649
 20
-24.99979999999999
 30
0.0
 11
-55.984420661427649
 21
-24.99979999999999
 31
0.0
  0
LINE
  5
11E0
  8
0
  6
CONTINUOUS
 62
     7
 10
-56.484420661427649
 20
-24.99979999999999
 30
0.0
 11
-56.484420661427649
 21
-30.99979999999999
 31
0.0
  0
LINE
  5
11E1
  8
0
  6
CONTINUOUS
 62
     7
 10
-55.984420661427649
 20
-30.99979999999999
 30
0.0
 11
-56.484420661427649
 21
-30.99979999999999
 31
0.0
  0
LINE
  5
11E2
  8
0
  6
DASH_CENTER
 62
     1
 10
-60.684420661428362
 20
-27.99979999999999
 30
0.0
 11
-54.304420661430044
 21
-27.99979999999999
 31
0.0
  0
LINE
  5
11EA
  8
0
  6
DASH_CENTER
 62
     1
 10
66.815879338561302
 20
-93.508456792560025
 30
0.0
 11
-73.485220661419689
 21
-93.508456792560025
 31
0.0
  0
LINE
  5
11EB
  8
0
  6
CONTINUOUS
 62
     7
 10
25.315879338521281
 20
-113.50845679256
 30
0.0
 11
25.315879338512179
 21
-123.50845679256091
 31
0.0
  0
LINE
  5
11EC
  8
0
  6
CONTINUOUS
 62
     7
 10
-18.684120661410521
 20
-113.50845679256
 30
0.0
 11
25.315879338521281
 21
-113.50845679256
 31
0.0
  0
LINE
  5
11ED
  8
0
  6
CONTINUOUS
 62
     7
 10
25.315879338521281
 20
-73.508456792560025
 30
0.0
 11
25.315879338521281
 21
-63.50845679257457
 31
0.0
  0
LINE
  5
11EE
  8
0
  6
CONTINUOUS
 62
     7
 10
-18.684120661419609
 20
-73.508456792560025
 30
0.0
 11
25.315879338521281
 21
-73.508456792560025
 31
0.0
  0
LINE
  5
11EF
  8
0
  6
CONTINUOUS
 62
     7
 10
31.315879338532181
 20
-63.50845679257457
 30
0.0
 11
31.815879338561292
 21
-64.008456792589129
 31
0.0
  0
LINE
  5
11F0
  8
0
  6
CONTINUOUS
 62
     7
 10
-18.584120661418311
 20
-63.508456792572737
 30
0.0
 11
31.315879338532181
 21
-63.50845679257457
 31
0.0
  0
LINE
  5
11F1
  8
0
  6
CONTINUOUS
 62
     7
 10
31.81587933847219
 20
-123.00845679256091
 30
0.0
 11
31.815879340071081
 21
-64.008456794102514
 31
0.0
  0
LINE
  5
11F2
  8
0
  6
CONTINUOUS
 62
     7
 10
31.31587933847219
 20
-123.50845679256091
 30
0.0
 11
31.81587933847219
 21
-123.00845679256091
 31
0.0
  0
LINE
  5
11F3
  8
0
  6
CONTINUOUS
 62
     7
 10
-18.584120661410129
 20
-123.50845679256371
 30
0.0
 11
31.31587933847219
 21
-123.50845679256091
 31
0.0
  0
LINE
  5
11F9
  8
0
  6
CONTINUOUS
 62
     7
 10
24.11587933852239
 20
-123.50845679256091
 30
0.0
 11
24.11587933852239
 21
-113.50845679256
 31
0.0
  0
LINE
  5
11FA
  8
0
  6
CONTINUOUS
 62
     7
 10
24.11587933852239
 20
-73.508456792560025
 30
0.0
 11
24.11587933852239
 21
-63.50845679257457
 31
0.0
  0
LINE
  5
1227
  8
0
  6
DASH_CENTER
 62
     1
 10
-60.684420661419693
 20
-77.008456792561844
 30
0.0
 11
-54.304420661421389
 21
-77.008456792561844
 31
0.0
  0
LINE
  5
1228
  8
0
  6
DASH_CENTER
 62
     1
 10
-69.684420661419708
 20
-67.00845679256004
 30
0.0
 11
-63.304420661421403
 21
-67.00845679256004
 31
0.0
  0
LINE
  5
1229
  8
0
  6
DASH_CENTER
 62
     1
 10
-68.7844206614201
 20
-84.00845679256004
 30
0.0
 11
-62.404420661421788
 21
-84.00845679256004
 31
0.0
  0
LINE
  5
122A
  8
0
  6
DASH_CENTER
 62
     1
 10
-69.684420661419708
 20
-120.00845679256
 30
0.0
 11
-63.304420661421403
 21
-120.00845679256
 31
0.0
  0
LINE
  5
122B
  8
0
  6
DASH_CENTER
 62
     1
 10
-54.865220661418888
 20
-110.00845679256
 30
0.0
 11
-48.485220661419689
 21
-110.00845679256
 31
0.0
  0
LINE
  5
122C
  8
0
  6
DASH_CENTER
 62
     1
 10
-54.865220661418888
 20
-67.008456792573654
 30
0.0
 11
-48.485220661419689
 21
-67.008456792573654
 31
0.0
  0
LINE
  5
122D
  8
0
  6
CONTINUOUS
 62
     7
 10
-67.266410465677907
 20
-122.1900415496934
 30
0.0
 11
-66.484420661418994
 21
-122.25845679256
 31
0.0
  0
LINE
  5
122E
  8
0
  6
CONTINUOUS
 62
     7
 10
-66.484420661418994
 20
-117.75845679256
 30
0.0
 11
-67.266410465677907
 21
-117.8268720354276
 31
0.0
  0
LINE
  5
122F
  8
0
  6
CONTINUOUS
 62
     7
 10
-66.484420661418994
 20
-117.4084567925597
 30
0.0
 11
-65.884420661417678
 21
-117.4084567925597
 31
0.0
  0
LINE
  5
1230
  8
0
  6
CONTINUOUS
 62
     7
 10
-66.484420661418994
 20
-122.60845679255949
 30
0.0
 11
-66.484420661418994
 21
-117.4084567925597
 31
0.0
  0
LINE
  5
1231
  8
0
  6
CONTINUOUS
 62
     7
 10
-65.884420661417678
 20
-122.60845679255949
 30
0.0
 11
-66.484420661418994
 21
-122.60845679255949
 31
0.0
  0
LINE
  5
1232
  8
0
  6
CONTINUOUS
 62
     7
 10
-65.884420661417678
 20
-117.1584567925597
 30
0.0
 11
-65.584420661419301
 21
-117.1584567925597
 31
0.0
  0
LINE
  5
1233
  8
0
  6
CONTINUOUS
 62
     7
 10
-65.884420661417678
 20
-122.85845679255949
 30
0.0
 11
-65.884420661417678
 21
-117.1584567925597
 31
0.0
  0
LINE
  5
1234
  8
0
  6
CONTINUOUS
 62
     7
 10
-65.584420661419301
 20
-122.85845679255949
 30
0.0
 11
-65.884420661417678
 21
-122.85845679255949
 31
0.0
  0
LINE
  5
1235
  8
0
  6
CONTINUOUS
 62
     7
 10
-65.584420661419301
 20
-69.85845679255948
 30
0.0
 11
-65.884420661417678
 21
-69.85845679255948
 31
0.0
  0
LINE
  5
1236
  8
0
  6
CONTINUOUS
 62
     7
 10
-65.884420661417678
 20
-69.85845679255948
 30
0.0
 11
-65.884420661417678
 21
-64.158456792560571
 31
0.0
  0
LINE
  5
1237
  8
0
  6
CONTINUOUS
 62
     7
 10
-65.884420661417678
 20
-64.158456792560571
 30
0.0
 11
-65.584420661419301
 21
-64.158456792561481
 31
0.0
  0
LINE
  5
1238
  8
0
  6
CONTINUOUS
 62
     7
 10
-65.884420661417678
 20
-69.60845679255948
 30
0.0
 11
-66.484420661418994
 21
-69.608456792560375
 31
0.0
  0
LINE
  5
1239
  8
0
  6
CONTINUOUS
 62
     7
 10
-66.484420661418994
 20
-69.608456792560375
 30
0.0
 11
-66.484420661418994
 21
-64.408456792561481
 31
0.0
  0
LINE
  5
123A
  8
0
  6
CONTINUOUS
 62
     7
 10
-66.484420661418994
 20
-64.408456792561481
 30
0.0
 11
-65.884420661417678
 21
-64.408456792560571
 31
0.0
  0
LINE
  5
123B
  8
0
  6
CONTINUOUS
 62
     7
 10
-66.484420661418994
 20
-64.758456792560025
 30
0.0
 11
-67.266410465677907
 21
-64.826872035427584
 31
0.0
  0
LINE
  5
123C
  8
0
  6
CONTINUOUS
 62
     7
 10
-67.266410465677907
 20
-69.19004154969339
 30
0.0
 11
-66.484420661418994
 21
-69.25845679256004
 31
0.0
  0
LINE
  5
123D
  8
0
  6
CONTINUOUS
 62
     7
 10
-65.584420661419301
 20
-81.758456792560054
 30
0.0
 11
-66.366410465679209
 21
-81.826872035426675
 31
0.0
  0
LINE
  5
123E
  8
0
  6
CONTINUOUS
 62
     7
 10
-66.366410465679209
 20
-86.190041549692481
 30
0.0
 11
-65.584420661419301
 21
-86.258456792560025
 31
0.0
  0
LINE
  5
123F
  8
0
  6
CONTINUOUS
 62
     7
 10
-18.683320661418929
 20
-63.608456792573122
 30
0.0
 11
-18.583320661417631
 21
-63.508456792572737
 31
0.0
  0
LINE
  5
1240
  8
0
  6
CONTINUOUS
 62
     7
 10
-18.683320661409809
 20
-123.4084567925624
 30
0.0
 11
-18.583320661408511
 21
-123.50845679256371
 31
0.0
  0
LINE
  5
1241
  8
0
  6
CONTINUOUS
 62
     7
 10
-18.683320661418929
 20
-63.608456792573122
 30
0.0
 11
-18.683320661409809
 21
-123.4084567925624
 31
0.0
  0
LINE
  5
1242
  8
0
  6
CONTINUOUS
 62
     7
 10
-18.683320661418929
 20
-63.608456792573122
 30
0.0
 11
-18.783320661419211
 21
-63.508456792572737
 31
0.0
  0
LINE
  5
1243
  8
0
  6
CONTINUOUS
 62
     7
 10
-18.783320661419211
 20
-63.508456792572737
 30
0.0
 11
-51.884420661417671
 21
-63.508456792572737
 31
0.0
  0
LINE
  5
1244
  8
0
  6
CONTINUOUS
 62
     7
 10
-51.984420661418987
 20
-123.40845679256149
 30
0.0
 11
-51.884420661417671
 21
-123.5084567925464
 31
0.0
  0
LINE
  5
1245
  8
0
  6
CONTINUOUS
 62
     7
 10
-51.984420661418987
 20
-73.508456792560082
 30
0.0
 11
-18.683320661418929
 21
-73.508456792560025
 31
0.0
  0
LINE
  5
1246
  8
0
  6
CONTINUOUS
 62
     7
 10
-51.884420661417671
 20
-63.508456792572737
 30
0.0
 11
-51.984420661418987
 21
-63.60845679255948
 31
0.0
  0
LINE
  5
1247
  8
0
  6
CONTINUOUS
 62
     7
 10
-51.884420661417671
 20
-123.5084567925464
 30
0.0
 11
-18.783320661419211
 21
-123.5084567925464
 31
0.0
  0
LINE
  5
1248
  8
0
  6
CONTINUOUS
 62
     7
 10
-18.783320661419211
 20
-123.5084567925464
 30
0.0
 11
-18.683320661418929
 21
-123.408456792546
 31
0.0
  0
LINE
  5
1249
  8
0
  6
CONTINUOUS
 62
     7
 10
-18.683320661418929
 20
-113.50845679256
 30
0.0
 11
-51.984420661418987
 21
-113.5084567925601
 31
0.0
  0
LINE
  5
124A
  8
0
  6
CONTINUOUS
 62
     7
 10
-51.984420661418987
 20
-64.258456792573668
 30
0.0
 11
-51.984420661418987
 21
-63.60855679256241
 31
0.0
  0
LINE
  5
124B
  8
0
  6
CONTINUOUS
 62
     7
 10
-50.364420661419999
 20
-69.758456792573668
 30
0.0
 11
-53.114420661419992
 21
-69.758456792573668
 31
0.0
  0
LINE
  5
124C
  8
0
  6
CONTINUOUS
 62
     7
 10
-53.364420661419999
 20
-69.508456792573654
 30
0.0
 11
-53.114420661419992
 21
-69.758456792573668
 31
0.0
  0
LINE
  5
124D
  8
0
  6
CONTINUOUS
 62
     7
 10
-53.364420661419999
 20
-69.508456792573654
 30
0.0
 11
-53.364420661419999
 21
-64.508456792573654
 31
0.0
  0
LINE
  5
124E
  8
0
  6
CONTINUOUS
 62
     7
 10
-53.114420661419992
 20
-64.258456792573668
 30
0.0
 11
-53.114420661419992
 21
-69.758456792573668
 31
0.0
  0
LINE
  5
124F
  8
0
  6
CONTINUOUS
 62
     7
 10
-53.114420661419992
 20
-64.258456792573668
 30
0.0
 11
-53.364420661419999
 21
-64.508456792573654
 31
0.0
  0
LINE
  5
1250
  8
0
  6
CONTINUOUS
 62
     7
 10
-53.114420661419992
 20
-64.258456792573668
 30
0.0
 11
-50.364420661419999
 21
-64.258456792573668
 31
0.0
  0
LINE
  5
1251
  8
0
  6
CONTINUOUS
 62
     7
 10
-49.984420661418987
 20
-70.008456792573654
 30
0.0
 11
-50.364420661419999
 21
-70.008456792573654
 31
0.0
  0
LINE
  5
1252
  8
0
  6
CONTINUOUS
 62
     7
 10
-50.364420661419999
 20
-70.008456792573654
 30
0.0
 11
-50.364420661419999
 21
-64.008456792573668
 31
0.0
  0
LINE
  5
1253
  8
0
  6
CONTINUOUS
 62
     7
 10
-49.984420661418987
 20
-64.008456792573668
 30
0.0
 11
-50.364420661419999
 21
-64.008456792573668
 31
0.0
  0
LINE
  5
1254
  8
0
  6
CONTINUOUS
 62
     7
 10
-49.984420661418987
 20
-70.508456792656446
 30
0.0
 11
-51.984420661418987
 21
-70.508456792656446
 31
0.0
  0
LINE
  5
1255
  8
0
  6
CONTINUOUS
 62
     7
 10
-49.984420661418987
 20
-63.508456792573668
 30
0.0
 11
-49.984420661418987
 21
-70.508456792656446
 31
0.0
  0
LINE
  5
1256
  8
0
  6
CONTINUOUS
 62
     7
 10
-51.984420661418987
 20
-107.25845679256
 30
0.0
 11
-51.984420661418987
 21
-69.758456792573668
 31
0.0
  0
LINE
  5
1257
  8
0
  6
CONTINUOUS
 62
     7
 10
-52.184420661419672
 20
-63.758456792560033
 30
0.0
 11
-51.984420661418987
 21
-63.758456792560033
 31
0.0
  0
LINE
  5
1258
  8
0
  6
CONTINUOUS
 62
     7
 10
-52.184420661419672
 20
-64.258456792573668
 30
0.0
 11
-52.184420661419672
 21
-63.758456792560033
 31
0.0
  0
LINE
  5
1259
  8
0
  6
CONTINUOUS
 62
     7
 10
-52.184420661419672
 20
-107.25845679256
 30
0.0
 11
-52.184420661419672
 21
-69.758456792573668
 31
0.0
  0
LINE
  5
125A
  8
0
  6
CONTINUOUS
 62
     7
 10
-51.984420661418987
 20
-123.50845679256
 30
0.0
 11
-52.184420661419672
 21
-123.50845679256
 31
0.0
  0
LINE
  5
125B
  8
0
  6
CONTINUOUS
 62
     7
 10
-51.984420661418987
 20
-123.40845679256149
 30
0.0
 11
-51.984420661418987
 21
-123.50845679256
 31
0.0
  0
LINE
  5
125C
  8
0
  6
CONTINUOUS
 62
     7
 10
-53.984420661419001
 20
-70.508456792656446
 30
0.0
 11
-52.184420661419672
 21
-70.508456792656446
 31
0.0
  0
LINE
  5
125D
  8
0
  6
CONTINUOUS
 62
     7
 10
-53.984420661419001
 20
-63.508456792573668
 30
0.0
 11
-53.984420661419001
 21
-70.508456792656446
 31
0.0
  0
LINE
  5
125E
  8
0
  6
CONTINUOUS
 62
     7
 10
-64.384420661417664
 20
-73.508456792560025
 30
0.0
 11
-52.184420661419672
 21
-73.508456792560025
 31
0.0
  0
LINE
  5
125F
  8
0
  6
CONTINUOUS
 62
     7
 10
-55.984420661418987
 20
-80.508456792561844
 30
0.0
 11
-64.384420661417664
 21
-80.508456792561844
 31
0.0
  0
LINE
  5
1260
  8
0
  6
CONTINUOUS
 62
     7
 10
-55.984420661418987
 20
-73.50845679255913
 30
0.0
 11
-55.984420661418987
 21
-80.508456792561844
 31
0.0
  0
LINE
  5
1261
  8
0
  6
CONTINUOUS
 62
     7
 10
-52.184420661419672
 20
-63.508456792560033
 30
0.0
 11
-55.984420661418987
 21
-63.50845679255638
 31
0.0
  0
LINE
  5
1262
  8
0
  6
CONTINUOUS
 62
     7
 10
-55.984420661418987
 20
-63.50845679255638
 30
0.0
 11
-64.384420661417664
 21
-63.508456792560033
 31
0.0
  0
LINE
  5
1263
  8
0
  6
CONTINUOUS
 62
     7
 10
-53.984420661419001
 20
-106.5084567924745
 30
0.0
 11
-53.984420661419001
 21
-113.50845679256
 31
0.0
  0
LINE
  5
1264
  8
0
  6
CONTINUOUS
 62
     7
 10
-52.184420661419672
 20
-106.5084567924745
 30
0.0
 11
-53.984420661419001
 21
-106.5084567924745
 31
0.0
  0
LINE
  5
1265
  8
0
  6
CONTINUOUS
 62
     7
 10
-49.984420661418987
 20
-106.5084567924745
 30
0.0
 11
-49.984420661418987
 21
-113.50845679256
 31
0.0
  0
LINE
  5
1266
  8
0
  6
CONTINUOUS
 62
     7
 10
-51.984420661418987
 20
-106.5084567924745
 30
0.0
 11
-49.984420661418987
 21
-106.5084567924745
 31
0.0
  0
LINE
  5
1267
  8
0
  6
CONTINUOUS
 62
     7
 10
-50.364420661419999
 20
-113.00845679256
 30
0.0
 11
-49.984420661418987
 21
-113.00845679256
 31
0.0
  0
LINE
  5
1268
  8
0
  6
CONTINUOUS
 62
     7
 10
-50.364420661419999
 20
-113.00845679256
 30
0.0
 11
-50.364420661419999
 21
-107.00845679256
 31
0.0
  0
LINE
  5
1269
  8
0
  6
CONTINUOUS
 62
     7
 10
-50.364420661419999
 20
-107.00845679256
 30
0.0
 11
-49.984420661418987
 21
-107.00845679256
 31
0.0
  0
LINE
  5
126A
  8
0
  6
CONTINUOUS
 62
     7
 10
-50.364420661419999
 20
-112.75845679256
 30
0.0
 11
-53.114420661419992
 21
-112.75845679256
 31
0.0
  0
LINE
  5
126B
  8
0
  6
CONTINUOUS
 62
     7
 10
-53.364420661419999
 20
-112.50845679256
 30
0.0
 11
-53.114420661419992
 21
-112.75845679256
 31
0.0
  0
LINE
  5
126C
  8
0
  6
CONTINUOUS
 62
     7
 10
-53.114420661419992
 20
-107.25845679256
 30
0.0
 11
-53.114420661419992
 21
-112.75845679256
 31
0.0
  0
LINE
  5
126D
  8
0
  6
CONTINUOUS
 62
     7
 10
-53.364420661419999
 20
-112.50845679256
 30
0.0
 11
-53.364420661419999
 21
-107.50845679256
 31
0.0
  0
LINE
  5
126E
  8
0
  6
CONTINUOUS
 62
     7
 10
-53.114420661419992
 20
-107.25845679256
 30
0.0
 11
-53.364420661419999
 21
-107.50845679256
 31
0.0
  0
LINE
  5
126F
  8
0
  6
CONTINUOUS
 62
     7
 10
-53.114420661419992
 20
-107.25845679256
 30
0.0
 11
-50.364420661419999
 21
-107.25845679256
 31
0.0
  0
LINE
  5
1270
  8
0
  6
CONTINUOUS
 62
     7
 10
-52.184420661419672
 20
-123.50845679256
 30
0.0
 11
-52.184420661419672
 21
-112.75845679256
 31
0.0
  0
LINE
  5
1271
  8
0
  6
CONTINUOUS
 62
     7
 10
-51.984420661418987
 20
-123.40845679256149
 30
0.0
 11
-51.984420661418987
 21
-112.75845679256
 31
0.0
  0
LINE
  5
1272
  8
0
  6
CONTINUOUS
 62
     7
 10
-64.384420661417664
 20
-123.5084567925464
 30
0.0
 11
-52.184420661419672
 21
-123.50845679256
 31
0.0
  0
LINE
  5
1273
  8
0
  6
CONTINUOUS
 62
     7
 10
-64.384420661417664
 20
-63.508456792560033
 30
0.0
 11
-64.384420661417664
 21
-123.5084567925464
 31
0.0
  0
LINE
  5
1274
  8
0
  6
CONTINUOUS
 62
     7
 10
-64.584420661419301
 20
-123.25845679256
 30
0.0
 11
-64.384420661417664
 21
-123.25845679256
 31
0.0
  0
LINE
  5
1275
  8
0
  6
CONTINUOUS
 62
     7
 10
-64.584420661419301
 20
-63.758456792560033
 30
0.0
 11
-64.584420661419301
 21
-123.25845679256
 31
0.0
  0
LINE
  5
1276
  8
0
  6
CONTINUOUS
 62
     7
 10
-64.384420661417664
 20
-63.758456792560033
 30
0.0
 11
-64.584420661419301
 21
-63.758456792560033
 31
0.0
  0
LINE
  5
1277
  8
0
  6
CONTINUOUS
 62
     7
 10
-52.184420661419672
 20
-113.50845679256
 30
0.0
 11
-64.384420661417664
 21
-113.50845679256
 31
0.0
  0
LINE
  5
1278
  8
0
  6
CONTINUOUS
 62
     7
 10
-65.584420661419301
 20
-123.25845679256
 30
0.0
 11
-64.584420661419301
 21
-123.25845679256
 31
0.0
  0
LINE
  5
1279
  8
0
  6
CONTINUOUS
 62
     7
 10
-65.584420661419301
 20
-63.758456792560033
 30
0.0
 11
-65.584420661419301
 21
-123.25845679256
 31
0.0
  0
LINE
  5
127A
  8
0
  6
CONTINUOUS
 62
     7
 10
-64.584420661419301
 20
-63.758456792560033
 30
0.0
 11
-65.584420661419301
 21
-63.758456792560033
 31
0.0
  0
LINE
  5
127B
  8
0
  6
CONTINUOUS
 62
     7
 10
-65.865432285369991
 20
-116.2220755295106
 30
0.0
 11
-67.922397413510282
 21
-114.0941805693578
 31
0.0
  0
LINE
  5
127C
  8
0
  6
CONTINUOUS
 62
     7
 10
-67.922397413510282
 20
-72.922733015761381
 30
0.0
 11
-65.865432285369991
 21
-70.794838055611251
 31
0.0
  0
LINE
  5
127D
  8
0
  6
CONTINUOUS
 62
     7
 10
-68.484420661418994
 20
-112.704136375662
 30
0.0
 11
-68.484420661418994
 21
-74.312777209458034
 31
0.0
  0
LINE
  5
127E
  8
0
  6
CONTINUOUS
 62
     7
 10
-64.584420661419301
 20
-113.50845679256
 30
0.0
 11
-65.584420661419301
 21
-113.50845679256
 31
0.0
  0
LINE
  5
127F
  8
0
  6
CONTINUOUS
 62
     7
 10
-65.584420661419301
 20
-73.508456792560025
 30
0.0
 11
-64.584420661419301
 21
-73.508456792560025
 31
0.0
  0
LINE
  5
1280
  8
0
  6
CONTINUOUS
 62
     7
 10
-52.184420661419672
 20
-63.508456792560033
 30
0.0
 11
-52.184420661419672
 21
-63.758456792560033
 31
0.0
  0
LINE
  5
1281
  8
0
  6
CONTINUOUS
 62
     7
 10
-55.984420661418987
 20
-80.008456792561844
 30
0.0
 11
-56.484420661419001
 21
-80.008456792561844
 31
0.0
  0
LINE
  5
1282
  8
0
  6
CONTINUOUS
 62
     7
 10
-56.484420661419001
 20
-74.008456792561844
 30
0.0
 11
-56.484420661419001
 21
-80.008456792561844
 31
0.0
  0
LINE
  5
1283
  8
0
  6
CONTINUOUS
 62
     7
 10
-56.484420661419001
 20
-74.008456792561844
 30
0.0
 11
-55.984420661418987
 21
-74.008456792561844
 31
0.0
  0
LINE
  5
1284
  8
0
  6
CONTINUOUS
 62
     7
 10
-57.184420661419672
 20
-74.058456792562012
 30
0.0
 11
-56.484420661419001
 21
-74.058456792562012
 31
0.0
  0
LINE
  5
1285
  8
0
  6
CONTINUOUS
 62
     7
 10
-57.184420661419672
 20
-74.058456792562012
 30
0.0
 11
-57.184420661419672
 21
-79.958456792562544
 31
0.0
  0
LINE
  5
1286
  8
0
  6
CONTINUOUS
 62
     7
 10
-56.484420661419001
 20
-79.958456792562544
 30
0.0
 11
-57.184420661419672
 21
-79.958456792562544
 31
0.0
  0
LINE
  5
1287
  8
0
  6
CONTINUOUS
 62
     7
 10
-58.031669544298992
 20
-79.684332120124452
 30
0.0
 11
-57.184420661419672
 21
-79.758456792561844
 31
0.0
  0
LINE
  5
1288
  8
0
  6
CONTINUOUS
 62
     7
 10
-57.184420661419672
 20
-74.258456792561844
 30
0.0
 11
-58.031669544298992
 21
-74.332581464999237
 31
0.0
  0
LINE
  5
1289
  8
0
  6
DASH_CENTER
 62
     1
 10
-142.1743707792418
 20
-24.399800000001449
 30
0.0
 11
-142.1743707792418
 21
-31.599800000000361
 31
0.0
  0
LINE
  5
128A
  8
0
  6
DASH_CENTER
 62
     1
 10
-138.57437077925229
 20
-27.99979999999999
 30
0.0
 11
-145.7743707792412
 21
-27.99979999999999
 31
0.0
  0
LINE
  5
128B
  8
0
  6
DASH_CENTER
 62
     1
 10
-175.1743707792418
 20
28.600199999998551
 30
0.0
 11
-175.1743707792418
 21
21.400199999999639
 31
0.0
  0
LINE
  5
128C
  8
0
  6
DASH_CENTER
 62
     1
 10
-171.57437077925229
 20
25.00019999999904
 30
0.0
 11
-178.77437077924111
 21
25.00019999999904
 31
0.0
  0
LINE
  5
128D
  8
0
  6
DASH_CENTER
 62
     1
 10
-185.1743707792418
 20
-21.49979999999999
 30
0.0
 11
-185.1743707792418
 21
-14.49979999999999
 31
0.0
  0
LINE
  5
128E
  8
0
  6
DASH_CENTER
 62
     1
 10
-188.6743707792418
 20
-17.99979999999999
 30
0.0
 11
-181.6743707792418
 21
-17.99979999999999
 31
0.0
  0
LINE
  5
1297
  8
0
  6
DASH_CENTER
 62
     1
 10
-135.6743707792418
 20
15.00020000000001
 30
0.0
 11
-128.6743707792418
 21
15.00020000000001
 31
0.0
  0
LINE
  5
1298
  8
0
  6
DASH_CENTER
 62
     1
 10
-132.1743707792418
 20
11.50020000000001
 30
0.0
 11
-132.1743707792418
 21
18.50020000000001
 31
0.0
  0
LINE
  5
129B
  8
0
  6
DASH_CENTER
 62
     1
 10
-148.02437077924111
 20
39.400199999999643
 30
0.0
 11
-148.02437077924111
 21
34.600199999998551
 31
0.0
  0
LINE
  5
12B8
  8
0
  6
CONTINUOUS
 62
     7
 10
-145.6743707792418
 20
-27.99979999999999
 30
0.0
 11
-145.6743707792418
 21
-30.49979999999999
 31
0.0
  0
LINE
  5
12B9
  8
0
  6
CONTINUOUS
 62
     7
 10
-171.67437077926181
 20
25.00019999999904
 30
0.0
 11
-171.67437077926181
 21
28.50019999999904
 31
0.0
  0
LINE
  5
12BA
  8
0
  6
CONTINUOUS
 62
     7
 10
-171.21917396320231
 20
28.793328400555371
 30
0.0
 11
-146.12956759529121
 21
28.793328400555371
 31
0.0
  0
LINE
  5
12BB
  8
0
  6
CONTINUOUS
 62
     7
 10
-146.1743707792418
 20
34.262421576582369
 30
0.0
 11
-146.1743707792418
 21
29.000200000003652
 31
0.0
  0
LINE
  5
12BC
  8
0
  6
CONTINUOUS
 62
     7
 10
-171.1743707792418
 20
34.462421576581292
 30
0.0
 11
-146.1743707792418
 21
34.462421576581292
 31
0.0
  0
LINE
  5
12BD
  8
0
  6
CONTINUOUS
 62
     7
 10
-171.1743707792418
 20
29.00019999999904
 30
0.0
 11
-171.1743707792418
 21
34.262421576582369
 31
0.0
  0
LINE
  5
12BE
  8
0
  6
CONTINUOUS
 62
     7
 10
-175.1743707792418
 20
21.500200000003652
 30
0.0
 11
-178.92980813272121
 21
21.500200000003652
 31
0.0
  0
LINE
  5
12BF
  8
0
  6
CONTINUOUS
 62
     7
 10
-142.1743707792418
 20
-24.49979999999999
 30
0.0
 11
-138.41893342579229
 21
-24.49979999999999
 31
0.0
  0
LINE
  5
12C0
  8
0
  6
CONTINUOUS
 62
     7
 10
-171.1743707792418
 20
36.092836514771541
 30
0.0
 11
-146.1743707792418
 21
36.092836514771541
 31
0.0
  0
LINE
  5
12C1
  8
0
  6
CONTINUOUS
 62
     7
 10
-146.1743707792418
 20
34.462421576581292
 30
0.0
 11
-146.1743707792418
 21
35.892836514770863
 31
0.0
  0
LINE
  5
12C2
  8
0
  6
CONTINUOUS
 62
     7
 10
-171.1743707792418
 20
35.892836514770863
 30
0.0
 11
-171.1743707792418
 21
34.462421576581292
 31
0.0
  0
LINE
  5
12C3
  8
0
  6
CONTINUOUS
 62
     7
 10
-165.13635317548099
 20
38.528147415357651
 30
0.0
 11
-152.21238838301241
 21
38.528147415357651
 31
0.0
  0
LINE
  5
12C4
  8
0
  6
CONTINUOUS
 62
     7
 10
-171.1743707792418
 20
37.513862180458652
 30
0.0
 11
-171.1743707792418
 21
36.092836514771541
 31
0.0
  0
LINE
  5
12C5
  8
0
  6
CONTINUOUS
 62
     7
 10
-146.1743707792418
 20
36.092836514771541
 30
0.0
 11
-146.1743707792418
 21
37.513862180458652
 31
0.0
  0
LINE
  5
12C6
  8
0
  6
CONTINUOUS
 62
     7
 10
-170.97437077925201
 20
37.713862180458477
 30
0.0
 11
-165.3445714036113
 21
37.713862180458477
 31
0.0
  0
LINE
  5
12C7
  8
0
  6
CONTINUOUS
 62
     7
 10
-165.3445714036113
 20
37.713862180458477
 30
0.0
 11
-165.13635317548099
 21
38.528147415357651
 31
0.0
  0
LINE
  5
12C8
  8
0
  6
CONTINUOUS
 62
     7
 10
-152.21238838301241
 20
38.528147415357651
 30
0.0
 11
-152.0041701548823
 21
37.713862180458477
 31
0.0
  0
LINE
  5
12C9
  8
0
  6
CONTINUOUS
 62
     7
 10
-152.0041701548823
 20
37.713862180458477
 30
0.0
 11
-146.37437077925159
 21
37.713862180458477
 31
0.0
  0
LINE
  5
12CA
  8
0
  6
CONTINUOUS
 62
     7
 10
-166.13459163282161
 20
37.713862180458477
 30
0.0
 11
-165.13635317548099
 21
38.528147415357651
 31
0.0
  0
LINE
  5
12CB
  8
0
  6
CONTINUOUS
 62
     7
 10
-152.21238838301241
 20
38.528147415357651
 30
0.0
 11
-151.21414992566201
 21
37.713862180458477
 31
0.0
  0
LINE
  5
12CC
  8
0
  6
DASH_CENTER
 62
     1
 10
-152.6743707792418
 20
-27.99979999999999
 30
0.0
 11
-145.6743707792418
 21
-27.99979999999999
 31
0.0
  0
LINE
  5
12D1
  8
0
  6
DASH_CENTER
 62
     1
 10
-149.1743707792418
 20
-31.49979999999999
 30
0.0
 11
-149.1743707792418
 21
-24.49979999999999
 31
0.0
  0
LINE
  5
12D2
  8
0
  6
DASH_CENTER
 62
     1
 10
-168.1743707792418
 20
21.50019999999904
 30
0.0
 11
-168.1743707792418
 21
28.50019999999904
 31
0.0
  0
LINE
  5
12D3
  8
0
  6
DASH_CENTER
 62
     1
 10
-171.6743707792418
 20
25.00019999999904
 30
0.0
 11
-164.6743707792418
 21
25.00019999999904
 31
0.0
  0
LINE
  5
12D8
  8
0
  6
CONTINUOUS
 62
     7
 10
-128.9243707792418
 20
15.25020000000001
 30
0.0
 11
-128.9243707792418
 21
-1.499799999999988
 31
0.0
  0
LINE
  5
12D9
  8
0
  6
CONTINUOUS
 62
     7
 10
-131.9243707792418
 20
-21.24979999999999
 30
0.0
 11
-132.9243707792418
 21
-21.24979999999999
 31
0.0
  0
LINE
  5
12DA
  8
0
  6
CONTINUOUS
 62
     7
 10
-138.66893342579229
 20
-24.24979999999999
 30
0.0
 11
-142.12437077925159
 21
-24.24979999999999
 31
0.0
  0
LINE
  5
12DB
  8
0
  6
CONTINUOUS
 62
     7
 10
-145.9243707792418
 20
-30.24979999999999
 30
0.0
 11
-145.9243707792418
 21
-28.049800000001088
 31
0.0
  0
LINE
  5
12DC
  8
0
  6
CONTINUOUS
 62
     7
 10
-171.4243707792418
 20
27.25019999999904
 30
0.0
 11
-171.4243707792418
 21
25.05020000000297
 31
0.0
  0
LINE
  5
12DD
  8
0
  6
CONTINUOUS
 62
     7
 10
-178.67980813272109
 20
21.25019999999904
 30
0.0
 11
-175.22437077925201
 21
21.25019999999904
 31
0.0
  0
LINE
  5
12DE
  8
0
  6
CONTINUOUS
 62
     7
 10
-132.9243707792418
 20
18.25020000000001
 30
0.0
 11
-131.92437077926181
 21
18.25020000000001
 31
0.0
  0
LINE
  5
12DF
  8
0
  6
CONTINUOUS
 62
     7
 10
-138.9243707792418
 20
26.25019999999904
 30
0.0
 11
-138.9243707792418
 21
24.25019999999904
 31
0.0
  0
LINE
  5
12E0
  8
0
  6
CONTINUOUS
 62
     7
 10
-158.6743707792418
 20
28.25019999999904
 30
0.0
 11
-140.9243707792418
 21
28.250200000000049
 31
0.0
  0
LINE
  5
12E1
  8
0
  6
CONTINUOUS
 62
     7
 10
-146.9243707792418
 20
-31.24979999999999
 30
0.0
 11
-158.6743707792418
 21
-31.24979999999999
 31
0.0
  0
LINE
  5
12E2
  8
0
  6
CONTINUOUS
 62
     7
 10
-128.9243707792418
 20
-18.24979999999999
 30
0.0
 11
-128.9243707792418
 21
-1.499799999999988
 31
0.0
  0
LINE
  5
12E3
  8
0
  6
CONTINUOUS
 62
     7
 10
-178.4243707792418
 20
-28.24979999999999
 30
0.0
 11
-178.4243707792418
 21
-27.24979999999999
 31
0.0
  0
LINE
  5
12E4
  8
0
  6
CONTINUOUS
 62
     7
 10
-185.4243707792418
 20
-21.24979999999999
 30
0.0
 11
-184.4243707792418
 21
-21.24979999999999
 31
0.0
  0
LINE
  5
12E5
  8
0
  6
CONTINUOUS
 62
     7
 10
-188.4243707792418
 20
-18.49979999999999
 30
0.0
 11
-188.4243707792418
 21
-1.499799999999988
 31
0.0
  0
LINE
  5
12E6
  8
0
  6
CONTINUOUS
 62
     7
 10
-175.4243707792418
 20
-31.24979999999999
 30
0.0
 11
-158.6743707792418
 21
-31.24979999999999
 31
0.0
  0
LINE
  5
12E7
  8
0
  6
CONTINUOUS
 62
     7
 10
-188.4243707792418
 20
15.25020000000001
 30
0.0
 11
-188.4243707792418
 21
-1.499799999999988
 31
0.0
  0
LINE
  5
12E8
  8
0
  6
CONTINUOUS
 62
     7
 10
-170.4243707792418
 20
28.25019999999904
 30
0.0
 11
-158.6743707792418
 21
28.25019999999904
 31
0.0
  0
LINE
  5
12E9
  8
0
  6
CONTINUOUS
 62
     7
 10
-185.4243707792418
 20
18.25020000000001
 30
0.0
 11
-184.4243707792418
 21
18.25020000000001
 31
0.0
  0
LINE
  5
12EA
  8
0
  6
CONTINUOUS
 62
     7
 10
-171.67437077926181
 20
28.50019999999904
 30
0.0
 11
-176.6743707792418
 21
28.50019999999904
 31
0.0
  0
LINE
  5
12EB
  8
0
  6
DASH_CENTER
 62
     1
 10
-158.6743707792418
 20
46.500199999998131
 30
0.0
 11
-158.6743707792418
 21
-36.499799999999993
 31
0.0
  0
LINE
  5
12EC
  8
0
  6
DASH_CENTER
 62
     1
 10
-193.6743707792418
 20
-1.499799999999988
 30
0.0
 11
-123.6743707792418
 21
-1.499799999999988
 31
0.0
  0
LINE
  5
12ED
  8
0
  6
CONTINUOUS
 62
     7
 10
-140.6743707792418
 20
28.50020000000006
 30
0.0
 11
-145.6743707792418
 21
28.50019999999904
 31
0.0
  0
LINE
  5
12EE
  8
0
  6
CONTINUOUS
 62
     7
 10
-128.6743707792418
 20
-18.49979999999999
 30
0.0
 11
-128.6743707792418
 21
15.50020000000001
 31
0.0
  0
LINE
  5
12EF
  8
0
  6
CONTINUOUS
 62
     7
 10
-175.6743707792418
 20
-31.49979999999999
 30
0.0
 11
-141.6743707792418
 21
-31.49979999999999
 31
0.0
  0
LINE
  5
12F0
  8
0
  6
CONTINUOUS
 62
     7
 10
-188.6743707792418
 20
15.50020000000001
 30
0.0
 11
-188.6743707792418
 21
-18.49979999999999
 31
0.0
  0
LINE
  5
12F1
  8
0
  6
CONTINUOUS
 62
     7
 10
-184.6743707792418
 20
-21.49979999999999
 30
0.0
 11
-185.6743707792418
 21
-21.49979999999999
 31
0.0
  0
LINE
  5
12F2
  8
0
  6
CONTINUOUS
 62
     7
 10
-178.6743707792418
 20
-27.49979999999999
 30
0.0
 11
-178.6743707792418
 21
-28.49979999999999
 31
0.0
  0
LINE
  5
12F3
  8
0
  6
CONTINUOUS
 62
     7
 10
-184.6743707792418
 20
18.50020000000001
 30
0.0
 11
-185.6743707792418
 21
18.50020000000001
 31
0.0
  0
LINE
  5
12F4
  8
0
  6
CONTINUOUS
 62
     7
 10
-178.6743707792418
 20
24.50019999999904
 30
0.0
 11
-178.6743707792418
 21
26.50019999999904
 31
0.0
  0
LINE
  5
12F5
  8
0
  6
CONTINUOUS
 62
     7
 10
-132.6743707792418
 20
18.50020000000001
 30
0.0
 11
-131.6743707792418
 21
18.50020000000001
 31
0.0
  0
LINE
  5
12F6
  8
0
  6
CONTINUOUS
 62
     7
 10
-138.6743707792418
 20
24.50020000000006
 30
0.0
 11
-138.6743707792418
 21
26.50019999999904
 31
0.0
  0
LINE
  5
12F7
  8
0
  6
CONTINUOUS
 62
     7
 10
-132.6743707792418
 20
-21.49979999999999
 30
0.0
 11
-131.6743707792418
 21
-21.49979999999999
 31
0.0
  0
LINE
  5
12F8
  8
0
  6
CONTINUOUS
 62
     7
 10
-138.6743707792418
 20
-27.49979999999999
 30
0.0
 11
-138.6743707792418
 21
-28.49979999999999
 31
0.0
  0
LINE
  5
12F9
  8
0
  6
DASH_CENTER
 62
     1
 10
-186.78186533141221
 20
26.607694552165071
 30
0.0
 11
-180.0643509101416
 21
19.890180130892588
 31
0.0
  0
LINE
  5
12FA
  8
0
  6
DASH_CENTER
 62
     1
 10
-130.56687622708219
 20
26.607694552165071
 30
0.0
 11
-137.28439064836189
 21
19.890180130892588
 31
0.0
  0
LINE
  5
12FB
  8
0
  6
CONTINUOUS
 62
     7
 10
-183.6743707792418
 20
28.50019999999904
 30
0.0
 11
-176.6743707792418
 21
28.50019999999904
 31
0.0
  0
LINE
  5
12FC
  8
0
  6
CONTINUOUS
 62
     7
 10
-188.6743707792418
 20
23.50019999999904
 30
0.0
 11
-188.6743707792418
 21
15.50020000000001
 31
0.0
  0
LINE
  5
12FD
  8
0
  6
CONTINUOUS
 62
     7
 10
-140.6743707792418
 20
28.50020000000006
 30
0.0
 11
-133.6743707792418
 21
28.50020000000006
 31
0.0
  0
LINE
  5
12FE
  8
0
  6
CONTINUOUS
 62
     7
 10
-128.6743707792418
 20
23.50019999999904
 30
0.0
 11
-128.6743707792418
 21
15.50020000000001
 31
0.0
  0
LINE
  5
12FF
  8
0
  6
DASH_CENTER
 62
     1
 10
-137.28439064836189
 20
-22.889780130892579
 30
0.0
 11
-130.56687622708219
 21
-29.607294552165001
 31
0.0
  0
LINE
  5
1300
  8
0
  6
CONTINUOUS
 62
     7
 10
-133.6743707792418
 20
-31.49979999999999
 30
0.0
 11
-140.6743707792418
 21
-31.49979999999999
 31
0.0
  0
LINE
  5
1301
  8
0
  6
CONTINUOUS
 62
     7
 10
-128.6743707792418
 20
-18.49979999999999
 30
0.0
 11
-128.6743707792418
 21
-26.49979999999999
 31
0.0
  0
LINE
  5
1302
  8
0
  6
CONTINUOUS
 62
     7
 10
-188.6743707792418
 20
-18.49979999999999
 30
0.0
 11
-188.6743707792418
 21
-26.49979999999999
 31
0.0
  0
LINE
  5
1303
  8
0
  6
CONTINUOUS
 62
     7
 10
-175.6743707792418
 20
-31.49979999999999
 30
0.0
 11
-183.6743707792418
 21
-31.49979999999999
 31
0.0
  0
LINE
  5
1304
  8
0
  6
DASH_CENTER
 62
     1
 10
-180.0643509101416
 20
-22.889780130892579
 30
0.0
 11
-186.78186533141221
 21
-29.607294552165001
 31
0.0
  0
LINE
  5
130C
  8
0
  6
DASH_CENTER
 62
     1
 10
-160.77437077924111
 20
44.000199999998131
 30
0.0
 11
-160.77437077924111
 21
25.75019999999904
 31
0.0
  0
LINE
  5
1315
  8
0
  6
DASH_CENTER
 62
     1
 10
180.70408868113131
 20
46.500200000000063
 30
0.0
 11
180.70408868113131
 21
23.913582301439082
 31
0.0
  0
LINE
  5
1316
  8
0
  6
DASH_CENTER
 62
     1
 10
206.7115832333005
 20
-29.60729455216773
 30
0.0
 11
199.99406881202631
 21
-22.889780130896209
 31
0.0
  0
LINE
  5
1317
  8
0
  6
DASH_CENTER
 62
     1
 10
206.71158323330141
 20
26.607694552165071
 30
0.0
 11
199.99406881202631
 21
19.89018013089532
 31
0.0
  0
LINE
  5
1318
  8
0
  6
CONTINUOUS
 62
     7
 10
178.604088681131
 20
-31.499800000001809
 30
0.0
 11
203.6040886811337
 21
-31.499800000001809
 31
0.0
  0
LINE
  5
1319
  8
0
  6
CONTINUOUS
 62
     7
 10
208.6040886811337
 20
-26.499800000001809
 30
0.0
 11
208.60408868113549
 21
23.500200000000049
 31
0.0
  0
LINE
  5
131A
  8
0
  6
CONTINUOUS
 62
     7
 10
203.60408868113549
 20
28.50020000000006
 30
0.0
 11
178.604088681131
 21
28.50020000000006
 31
0.0
  0
LINE
  5
131B
  8
0
  6
DASH_CENTER
 62
     1
 10
143.6040886811283
 20
-1.499799999999988
 30
0.0
 11
185.604088681131
 21
-1.499799999999988
 31
0.0
  0
LINE
  5
131C
  8
0
  6
CONTINUOUS
 62
     7
 10
178.604088681131
 20
28.50020000000006
 30
0.0
 11
153.60408868112731
 21
28.50020000000006
 31
0.0
  0
LINE
  5
131D
  8
0
  6
CONTINUOUS
 62
     7
 10
148.60408868112731
 20
23.500200000000049
 30
0.0
 11
148.60408868113001
 21
-26.499800000001809
 31
0.0
  0
LINE
  5
131E
  8
0
  6
CONTINUOUS
 62
     7
 10
153.60408868113001
 20
-31.499800000001809
 30
0.0
 11
178.604088681131
 21
-31.499800000001809
 31
0.0
  0
LINE
  5
131F
  8
0
  6
DASH_CENTER
 62
     1
 10
157.21410855023751
 20
19.89018013089532
 30
0.0
 11
150.4965941289623
 21
26.607694552165071
 31
0.0
  0
LINE
  5
1320
  8
0
  6
DASH_CENTER
 62
     1
 10
157.21410855023751
 20
-22.889780130896209
 30
0.0
 11
150.4965941289623
 21
-29.60729455216773
 31
0.0
  0
LINE
  5
1337
  8
0
  6
DASH_CENTER
 62
     1
 10
178.604088681131
 20
46.500200000000063
 30
0.0
 11
178.604088681131
 21
-36.499800000001812
 31
0.0
  0
LINE
  5
1338
  8
0
  6
DASH_CENTER
 62
     1
 10
185.604088681131
 20
-1.499799999999988
 30
0.0
 11
213.6040886811337
 21
-1.499799999999988
 31
0.0
  0
LINE
  5
1364
  8
0
  6
DASH_CENTER
 62
     1
 10
33.615579338556337
 20
-1.499799999999988
 30
0.0
 11
-73.484420661419023
 21
-1.499799999999988
 31
0.0
  0
LINE
  5
138E
  8
0
  6
DASH_CENTER
 62
     1
 10
-68.784420661426921
 20
25.0001999999559
 30
0.0
 11
-64.084420661418008
 21
25.0001999999559
 31
0.0
  0
LINE
  5
138F
  8
0
  6
DASH_CENTER
 62
     1
 10
-69.684420661428817
 20
15.000199999955891
 30
0.0
 11
-64.984420661427635
 21
15.000199999955891
 31
0.0
  0
LINE
  5
1390
  8
0
  6
DASH_CENTER
 62
     1
 10
-68.784420661426921
 20
-27.999800000041841
 30
0.0
 11
-64.084420661418008
 21
-27.999800000041841
 31
0.0
  0
LINE
  5
1391
  8
0
  6
DASH_CENTER
 62
     1
 10
-54.864420661417753
 20
-17.999800000041841
 30
0.0
 11
-48.484420661419009
 21
-17.999800000041841
 31
0.0
  0
LINE
  5
1392
  8
0
  6
DASH_CENTER
 62
     1
 10
-54.864420661417753
 20
25.000199999958181
 30
0.0
 11
-48.484420661419009
 21
25.000199999958181
 31
0.0
  0
LINE
  5
1393
  8
0
  6
CONTINUOUS
 62
     7
 10
-58.806875876196642
 20
38.50425948517119
 30
0.0
 11
-57.445201842099003
 21
38.008650667984107
 31
0.0
  0
LINE
  5
1395
  8
0
  6
DASH_CENTER
 62
     1
 10
66.815579338557058
 20
-1.499799999999988
 30
0.0
 11
33.615579338556337
 21
-1.499799999999988
 31
0.0
  0
LINE
  5
1396
  8
0
  6
CONTINUOUS
 62
     7
 10
-52.005490449977643
 20
32.979276912643023
 30
0.0
 11
-52.010051321707699
 21
34.896456924651893
 31
0.0
  0
LINE
  5
1397
  8
0
  6
CONTINUOUS
 62
     7
 10
-52.010051321707699
 20
34.896456924651893
 30
0.0
 11
-52.012585139337837
 21
35.961556931325113
 31
0.0
  0
LINE
  5
1398
  8
0
  6
CONTINUOUS
 62
     7
 10
-53.44005687613766
 20
36.550897116450933
 30
0.0
 11
-52.078382842037747
 21
36.055288299266117
 31
0.0
  0
LINE
  5
1399
  8
0
  6
CONTINUOUS
 62
     7
 10
-55.784649502437922
 20
36.340081271431757
 30
0.0
 11
-52.075849024408981
 21
34.990188292595178
 31
0.0
  0
LINE
  5
139C
  8
0
  6
CONTINUOUS
 62
     7
 10
-59.493449980477763
 20
37.689974250271057
 30
0.0
 11
-55.784649502437922
 21
36.340081271431757
 31
0.0
  0
LINE
  5
139E
  8
0
  6
CONTINUOUS
 62
     7
 10
-58.91752920267767
 20
38.474751039651949
 30
0.0
 11
-59.604103306958812
 21
37.660465804753187
 31
0.0
  0
LINE
  5
139F
  8
0
  6
CONTINUOUS
 62
     7
 10
-59.604103306958812
 20
37.660465804753187
 30
0.0
 11
-60.839936694658853
 21
36.194752381933149
 31
0.0
  0
LINE
  5
13A0
  8
0
  6
CONTINUOUS
 62
     7
 10
25.31557933851705
 20
-21.49979999999999
 30
0.0
 11
25.31557933850614
 21
-31.499800000001809
 31
0.0
  0
LINE
  5
13A1
  8
0
  6
CONTINUOUS
 62
     7
 10
-18.68442066141883
 20
-21.49979999999908
 30
0.0
 11
25.31557933851705
 21
-21.49979999999999
 31
0.0
  0
LINE
  5
13A2
  8
0
  6
CONTINUOUS
 62
     7
 10
25.31557933851705
 20
18.50020000000001
 30
0.0
 11
25.31557933851705
 21
28.500199999985
 31
0.0
  0
LINE
  5
13A3
  8
0
  6
CONTINUOUS
 62
     7
 10
-18.684420661419729
 20
18.50020000000092
 30
0.0
 11
25.31557933851705
 21
18.50020000000001
 31
0.0
  0
LINE
  5
13A4
  8
0
  6
CONTINUOUS
 62
     7
 10
31.315579338537059
 20
28.500199999985
 30
0.0
 11
31.815579338557072
 21
28.00019999997091
 31
0.0
  0
LINE
  5
13A5
  8
0
  6
CONTINUOUS
 62
     7
 10
-18.584420661418921
 20
28.500199999985909
 30
0.0
 11
31.315579338537059
 21
28.500199999985
 31
0.0
  0
LINE
  5
13A6
  8
0
  6
CONTINUOUS
 62
     7
 10
-18.68442066141883
 20
28.40019999998691
 30
0.0
 11
-18.584420661418921
 21
28.500199999985909
 31
0.0
  0
LINE
  5
13A7
  8
0
  6
CONTINUOUS
 62
     7
 10
31.81557933847704
 20
-30.999800000001809
 30
0.0
 11
31.815579340067291
 21
28.000199998457049
 31
0.0
  0
LINE
  5
13A8
  8
0
  6
CONTINUOUS
 62
     7
 10
31.31557933847704
 20
-31.499800000001809
 30
0.0
 11
31.81557933847704
 21
-30.999800000001809
 31
0.0
  0
LINE
  5
13A9
  8
0
  6
CONTINUOUS
 62
     7
 10
-18.584420661418012
 20
-31.49980000000409
 30
0.0
 11
31.31557933847704
 21
-31.499800000001809
 31
0.0
  0
LINE
  5
13AA
  8
0
  6
CONTINUOUS
 62
     7
 10
-18.68442066141883
 20
-31.399800000002809
 30
0.0
 11
-18.584420661418012
 21
-31.49980000000409
 31
0.0
  0
LINE
  5
13AB
  8
0
  6
CONTINUOUS
 62
     7
 10
-18.68442066141883
 20
28.40019999998691
 30
0.0
 11
-18.68442066141883
 21
-31.399800000002809
 31
0.0
  0
LINE
  5
13AC
  8
0
  6
CONTINUOUS
 62
     7
 10
24.11557933851633
 20
-31.499800000001809
 30
0.0
 11
24.11557933851633
 21
-21.49979999999999
 31
0.0
  0
LINE
  5
13AD
  8
0
  6
CONTINUOUS
 62
     7
 10
24.11557933851633
 20
18.50020000000001
 30
0.0
 11
24.11557933851633
 21
28.500199999985
 31
0.0
  0
LINE
  5
13BA
  8
0
  6
CONTINUOUS
 62
     7
 10
-18.68442066141883
 20
28.40019999998691
 30
0.0
 11
-18.784420661418739
 21
28.500199999985909
 31
0.0
  0
LINE
  5
13BB
  8
0
  6
CONTINUOUS
 62
     7
 10
-18.784420661418739
 20
28.500199999985909
 30
0.0
 11
-51.884420661427747
 21
28.500199999985909
 31
0.0
  0
LINE
  5
13BC
  8
0
  6
CONTINUOUS
 62
     7
 10
-51.884420661427747
 20
28.500199999985909
 30
0.0
 11
-51.984420661427649
 21
28.400199999999192
 31
0.0
  0
LINE
  5
13BD
  8
0
  6
CONTINUOUS
 62
     7
 10
-51.984420661427649
 20
18.50020000000001
 30
0.0
 11
-18.684420661419729
 21
18.50020000000092
 31
0.0
  0
LINE
  5
13BE
  8
0
  6
CONTINUOUS
 62
     7
 10
-51.984420661427649
 20
-31.3998000000019
 30
0.0
 11
-51.884420661427747
 21
-31.499799999986809
 31
0.0
  0
LINE
  5
13BF
  8
0
  6
CONTINUOUS
 62
     7
 10
-51.884420661427747
 20
-31.499799999986809
 30
0.0
 11
-18.784420661418739
 21
-31.4997999999859
 31
0.0
  0
LINE
  5
13C0
  8
0
  6
CONTINUOUS
 62
     7
 10
-18.784420661418739
 20
-31.4997999999859
 30
0.0
 11
-18.68442066141883
 21
-31.39979999998781
 31
0.0
  0
LINE
  5
13C1
  8
0
  6
CONTINUOUS
 62
     7
 10
-18.68442066141883
 20
-21.49979999999908
 30
0.0
 11
-51.984420661427649
 21
-21.49979999999999
 31
0.0
  0
LINE
  5
13C2
  8
0
  6
CONTINUOUS
 62
     7
 10
-51.984420661427649
 20
-31.49979999999999
 30
0.0
 11
-51.984420661427649
 21
-20.74979999999999
 31
0.0
  0
LINE
  5
13C3
  8
0
  6
CONTINUOUS
 62
     7
 10
-53.114420661417761
 20
-15.24979999999999
 30
0.0
 11
-50.364420661417753
 21
-15.24979999999999
 31
0.0
  0
LINE
  5
13C4
  8
0
  6
CONTINUOUS
 62
     7
 10
-53.114420661417761
 20
-15.24979999999999
 30
0.0
 11
-53.364420661417753
 21
-15.49979999999999
 31
0.0
  0
LINE
  5
13C5
  8
0
  6
CONTINUOUS
 62
     7
 10
-53.364420661417753
 20
-20.49979999999999
 30
0.0
 11
-53.364420661417753
 21
-15.49979999999999
 31
0.0
  0
LINE
  5
13C6
  8
0
  6
CONTINUOUS
 62
     7
 10
-53.114420661417761
 20
-15.24979999999999
 30
0.0
 11
-53.114420661417761
 21
-20.74979999999999
 31
0.0
  0
LINE
  5
13C7
  8
0
  6
CONTINUOUS
 62
     7
 10
-53.364420661417753
 20
-20.49979999999999
 30
0.0
 11
-53.114420661417761
 21
-20.74979999999999
 31
0.0
  0
LINE
  5
13C8
  8
0
  6
CONTINUOUS
 62
     7
 10
-50.364420661417753
 20
-20.74979999999999
 30
0.0
 11
-53.114420661417761
 21
-20.74979999999999
 31
0.0
  0
LINE
  5
13C9
  8
0
  6
CONTINUOUS
 62
     7
 10
-50.364420661417753
 20
-14.99979999999999
 30
0.0
 11
-49.984420661419009
 21
-14.99979999999999
 31
0.0
  0
LINE
  5
13CA
  8
0
  6
CONTINUOUS
 62
     7
 10
-50.364420661417753
 20
-20.99979999999999
 30
0.0
 11
-50.364420661417753
 21
-14.99979999999999
 31
0.0
  0
LINE
  5
13CB
  8
0
  6
CONTINUOUS
 62
     7
 10
-50.364420661417753
 20
-20.99979999999999
 30
0.0
 11
-49.984420661419009
 21
-20.99979999999999
 31
0.0
  0
LINE
  5
13CC
  8
0
  6
CONTINUOUS
 62
     7
 10
-51.984420661427649
 20
-14.49979999991724
 30
0.0
 11
-49.984420661419009
 21
-14.49979999991724
 31
0.0
  0
LINE
  5
13CD
  8
0
  6
CONTINUOUS
 62
     7
 10
-49.984420661419009
 20
-14.49979999991724
 30
0.0
 11
-49.984420661419009
 21
-21.49979999999999
 31
0.0
  0
LINE
  5
13CE
  8
0
  6
CONTINUOUS
 62
     7
 10
-51.984420661427649
 20
-15.24979999999999
 30
0.0
 11
-51.984420661427649
 21
22.25020000000001
 31
0.0
  0
LINE
  5
13CF
  8
0
  6
CONTINUOUS
 62
     7
 10
-52.184420661417917
 20
-26.24979999999999
 30
0.0
 11
-52.184420661417917
 21
-20.74979999999999
 31
0.0
  0
LINE
  5
13D0
  8
0
  6
CONTINUOUS
 62
     7
 10
-52.184420661417917
 20
-15.24979999999954
 30
0.0
 11
-52.184420661417917
 21
13.25020000000001
 31
0.0
  0
LINE
  5
13D1
  8
0
  6
CONTINUOUS
 62
     7
 10
-52.184420661417917
 20
28.50020000000001
 30
0.0
 11
-51.984420661427649
 21
28.50020000000001
 31
0.0
  0
LINE
  5
13D2
  8
0
  6
CONTINUOUS
 62
     7
 10
-51.984420661427649
 20
28.50020000000001
 30
0.0
 11
-51.984420661427649
 21
28.400199999999192
 31
0.0
  0
LINE
  5
13D3
  8
0
  6
CONTINUOUS
 62
     7
 10
-52.184420661417917
 20
-14.49979999991724
 30
0.0
 11
-53.984420661427649
 21
-14.49979999991724
 31
0.0
  0
LINE
  5
13D4
  8
0
  6
CONTINUOUS
 62
     7
 10
-53.984420661427649
 20
-14.49979999991724
 30
0.0
 11
-53.984420661427649
 21
-21.49979999999999
 31
0.0
  0
LINE
  5
13D5
  8
0
  6
CONTINUOUS
 62
     7
 10
-52.184420661417917
 20
-21.49979999999999
 30
0.0
 11
-64.38442066142774
 21
-21.49979999999999
 31
0.0
  0
LINE
  5
13D6
  8
0
  6
CONTINUOUS
 62
     7
 10
-64.38442066142774
 20
-24.49979999999999
 30
0.0
 11
-55.984420661427649
 21
-24.49979999999999
 31
0.0
  0
LINE
  5
13D7
  8
0
  6
CONTINUOUS
 62
     7
 10
-55.984420661427649
 20
-24.49979999999999
 30
0.0
 11
-55.984420661427649
 21
-31.49980000000409
 31
0.0
  0
LINE
  5
13D8
  8
0
  6
CONTINUOUS
 62
     7
 10
-55.984420661427649
 20
-31.49980000000409
 30
0.0
 11
-51.984420661427649
 21
-31.49979999999999
 31
0.0
  0
LINE
  5
13D9
  8
0
  6
CONTINUOUS
 62
     7
 10
-64.584420661416644
 20
-31.49979999999999
 30
0.0
 11
-55.984420661427649
 21
-31.49980000000409
 31
0.0
  0
LINE
  5
13DA
  8
0
  6
CONTINUOUS
 62
     7
 10
-53.984420661427649
 20
28.50020000000001
 30
0.0
 11
-53.984420661427649
 21
21.500199999914059
 31
0.0
  0
LINE
  5
13DB
  8
0
  6
CONTINUOUS
 62
     7
 10
-53.984420661427649
 20
21.500199999914059
 30
0.0
 11
-52.184420661417917
 21
21.500199999914059
 31
0.0
  0
LINE
  5
13DC
  8
0
  6
CONTINUOUS
 62
     7
 10
-49.984420661419009
 20
28.50020000000001
 30
0.0
 11
-49.984420661419009
 21
21.500199999914059
 31
0.0
  0
LINE
  5
13DD
  8
0
  6
CONTINUOUS
 62
     7
 10
-49.984420661419009
 20
21.500199999914059
 30
0.0
 11
-51.984420661427649
 21
21.500199999914059
 31
0.0
  0
LINE
  5
13DE
  8
0
  6
CONTINUOUS
 62
     7
 10
-49.984420661419009
 20
28.00020000000001
 30
0.0
 11
-50.364420661417753
 21
28.00020000000001
 31
0.0
  0
LINE
  5
13DF
  8
0
  6
CONTINUOUS
 62
     7
 10
-50.364420661417753
 20
22.00020000000001
 30
0.0
 11
-50.364420661417753
 21
28.00020000000001
 31
0.0
  0
LINE
  5
13E0
  8
0
  6
CONTINUOUS
 62
     7
 10
-49.984420661419009
 20
22.00020000000001
 30
0.0
 11
-50.364420661417753
 21
22.00020000000001
 31
0.0
  0
LINE
  5
13E1
  8
0
  6
CONTINUOUS
 62
     7
 10
-53.114420661417761
 20
27.75020000000001
 30
0.0
 11
-50.364420661417753
 21
27.75020000000001
 31
0.0
  0
LINE
  5
13E2
  8
0
  6
CONTINUOUS
 62
     7
 10
-53.114420661417761
 20
27.75020000000001
 30
0.0
 11
-53.364420661417753
 21
27.50020000000001
 31
0.0
  0
LINE
  5
13E3
  8
0
  6
CONTINUOUS
 62
     7
 10
-53.114420661417761
 20
27.75020000000001
 30
0.0
 11
-53.114420661417761
 21
22.25020000000001
 31
0.0
  0
LINE
  5
13E4
  8
0
  6
CONTINUOUS
 62
     7
 10
-53.364420661417753
 20
22.50020000000001
 30
0.0
 11
-53.364420661417753
 21
27.50020000000001
 31
0.0
  0
LINE
  5
13E5
  8
0
  6
CONTINUOUS
 62
     7
 10
-53.364420661417753
 20
22.50020000000001
 30
0.0
 11
-53.114420661417761
 21
22.25020000000001
 31
0.0
  0
LINE
  5
13E6
  8
0
  6
CONTINUOUS
 62
     7
 10
-50.364420661417753
 20
22.25020000000001
 30
0.0
 11
-53.114420661417761
 21
22.25020000000001
 31
0.0
  0
LINE
  5
13E7
  8
0
  6
CONTINUOUS
 62
     7
 10
-52.184420661417917
 20
27.75020000000001
 30
0.0
 11
-52.184420661417917
 21
28.50020000000001
 31
0.0
  0
LINE
  5
13E8
  8
0
  6
CONTINUOUS
 62
     7
 10
-51.984420661427649
 20
27.75020000000001
 30
0.0
 11
-51.984420661427649
 21
28.400199999999192
 31
0.0
  0
LINE
  5
13E9
  8
0
  6
CONTINUOUS
 62
     7
 10
-52.184420661417917
 20
28.50020000000001
 30
0.0
 11
-64.38442066142774
 21
28.500199999985909
 31
0.0
  0
LINE
  5
13EA
  8
0
  6
CONTINUOUS
 62
     7
 10
-64.38442066142774
 20
28.500199999985909
 30
0.0
 11
-64.38442066142774
 21
18.50020000000001
 31
0.0
  0
LINE
  5
13EB
  8
0
  6
CONTINUOUS
 62
     7
 10
-64.38442066142774
 20
28.25020000000001
 30
0.0
 11
-64.584420661416644
 21
28.25020000000001
 31
0.0
  0
LINE
  5
13EC
  8
0
  6
CONTINUOUS
 62
     7
 10
-64.584420661416644
 20
28.25020000000001
 30
0.0
 11
-64.584420661416644
 21
-31.49979999999999
 31
0.0
  0
LINE
  5
13ED
  8
0
  6
CONTINUOUS
 62
     7
 10
-64.584420661416644
 20
18.50020000000001
 30
0.0
 11
-51.984420661427649
 21
18.50020000000001
 31
0.0
  0
LINE
  5
13EE
  8
0
  6
CONTINUOUS
 62
     7
 10
-64.584420661416644
 20
28.25020000000001
 30
0.0
 11
-65.584420661416644
 21
28.25020000000001
 31
0.0
  0
LINE
  5
13EF
  8
0
  6
CONTINUOUS
 62
     7
 10
-65.584420661416644
 20
28.25020000000001
 30
0.0
 11
-65.584420661416644
 21
-31.24979999999999
 31
0.0
  0
LINE
  5
13F0
  8
0
  6
CONTINUOUS
 62
     7
 10
-65.584420661416644
 20
-31.24979999999999
 30
0.0
 11
-64.584420661416644
 21
-31.24979999999999
 31
0.0
  0
LINE
  5
13F1
  8
0
  6
CONTINUOUS
 62
     7
 10
-67.922397413516705
 20
19.08592377679776
 30
0.0
 11
-65.865432285376883
 21
21.213818736948781
 31
0.0
  0
LINE
  5
13F2
  8
0
  6
CONTINUOUS
 62
     7
 10
-65.865432285376883
 20
-24.213418736949219
 30
0.0
 11
-67.922397413516705
 21
-22.08552377679683
 31
0.0
  0
LINE
  5
13F3
  8
0
  6
CONTINUOUS
 62
     7
 10
-68.484420661419009
 20
-20.695479583104252
 30
0.0
 11
-68.484420661419009
 21
17.695879583100179
 31
0.0
  0
LINE
  5
13F4
  8
0
  6
CONTINUOUS
 62
     7
 10
-65.584420661416644
 20
18.50020000000001
 30
0.0
 11
-64.584420661416644
 21
18.50020000000001
 31
0.0
  0
LINE
  5
13F5
  8
0
  6
CONTINUOUS
 62
     7
 10
-64.584420661416644
 20
-21.49979999999999
 30
0.0
 11
-65.584420661416644
 21
-21.49979999999999
 31
0.0
  0
LINE
  5
13F6
  8
0
  6
CONTINUOUS
 62
     7
 10
-64.38442066142774
 20
28.500199999985909
 30
0.0
 11
-64.38442066142774
 21
28.79332840055493
 31
0.0
  0
LINE
  5
13F7
  8
0
  6
CONTINUOUS
 62
     7
 10
-64.38442066142774
 20
28.79332840055493
 30
0.0
 11
-62.389443518726821
 21
34.274483052425737
 31
0.0
  0
LINE
  5
13F8
  8
0
  6
CONTINUOUS
 62
     7
 10
-52.11601663275782
 20
30.748097016516169
 30
0.0
 11
-62.186837475618752
 21
34.413576037943187
 31
0.0
  0
LINE
  5
13F9
  8
0
  6
CONTINUOUS
 62
     7
 10
-51.984420661427649
 20
28.50020000000001
 30
0.0
 11
-51.984420661427649
 21
30.560158492356159
 31
0.0
  0
LINE
  5
13FA
  8
0
  6
CONTINUOUS
 62
     7
 10
-62.229239905717932
 20
34.571824061030902
 30
0.0
 11
-60.997967389738861
 21
36.039197505403152
 31
0.0
  0
LINE
  5
13FB
  8
0
  6
CONTINUOUS
 62
     7
 10
-51.984420661427649
 20
32.75853479112908
 30
0.0
 11
-51.984420661427649
 21
30.843014800671941
 31
0.0
  0
LINE
  5
13FC
  8
0
  6
CONTINUOUS
 62
     7
 10
-52.050218647087718
 20
32.852504053208179
 30
0.0
 11
-60.887160931097817
 21
36.06888800651501
 31
0.0
  0
LINE
  5
1407
  8
0
  6
CONTINUOUS
 62
     7
 10
-53.670341105677963
 20
35.570535948950749
 30
0.0
 11
-53.467174139607899
 21
36.328765388721017
 31
0.0
  0
LINE
  5
1408
  8
0
  6
CONTINUOUS
 62
     7
 10
-57.567212335408058
 20
37.821057251344939
 30
0.0
 11
-57.898957899208781
 21
37.109626593915038
 31
0.0
  0
LINE
  5
140B
  8
0
  6
CONTINUOUS
 62
     7
 10
-66.366410465687892
 20
-30.18138475713425
 30
0.0
 11
-65.584420661416644
 21
-30.24979999999999
 31
0.0
  0
LINE
  5
140C
  8
0
  6
CONTINUOUS
 62
     7
 10
-65.584420661416644
 20
-25.74979999999999
 30
0.0
 11
-66.366410465687892
 21
-25.818215242868021
 31
0.0
  0
LINE
  5
140D
  8
0
  6
CONTINUOUS
 62
     7
 10
-65.88442066142774
 20
17.8501999999981
 30
0.0
 11
-65.584420661416644
 21
17.8501999999981
 31
0.0
  0
LINE
  5
140E
  8
0
  6
CONTINUOUS
 62
     7
 10
-65.88442066142774
 20
12.15019999999919
 30
0.0
 11
-65.88442066142774
 21
17.8501999999981
 31
0.0
  0
LINE
  5
140F
  8
0
  6
CONTINUOUS
 62
     7
 10
-65.584420661416644
 20
12.15019999999919
 30
0.0
 11
-65.88442066142774
 21
12.15019999999919
 31
0.0
  0
LINE
  5
1410
  8
0
  6
CONTINUOUS
 62
     7
 10
-66.484420661427649
 20
17.6001999999981
 30
0.0
 11
-65.88442066142774
 21
17.6001999999981
 31
0.0
  0
LINE
  5
1411
  8
0
  6
CONTINUOUS
 62
     7
 10
-66.484420661427649
 20
12.40019999999919
 30
0.0
 11
-66.484420661427649
 21
17.6001999999981
 31
0.0
  0
LINE
  5
1412
  8
0
  6
CONTINUOUS
 62
     7
 10
-65.88442066142774
 20
12.40019999999919
 30
0.0
 11
-66.484420661427649
 21
12.40019999999919
 31
0.0
  0
LINE
  5
1413
  8
0
  6
CONTINUOUS
 62
     7
 10
-67.266410465687969
 20
12.81861524286575
 30
0.0
 11
-66.484420661427649
 21
12.75020000000001
 31
0.0
  0
LINE
  5
1414
  8
0
  6
CONTINUOUS
 62
     7
 10
-66.484420661427649
 20
17.25020000000001
 30
0.0
 11
-67.266410465687969
 21
17.181784757131989
 31
0.0
  0
LINE
  5
1415
  8
0
  6
CONTINUOUS
 62
     7
 10
-65.584420661416644
 20
27.25020000000001
 30
0.0
 11
-66.366410465687892
 21
27.181784757132
 31
0.0
  0
LINE
  5
1416
  8
0
  6
CONTINUOUS
 62
     7
 10
-66.366410465687892
 20
22.81861524286575
 30
0.0
 11
-65.584420661416644
 21
22.75020000000001
 31
0.0
  0
LINE
  5
1417
  8
0
  6
CONTINUOUS
 62
     7
 10
-52.184420661417917
 20
18.50020000000001
 30
0.0
 11
-52.184420661417917
 21
22.25020000000001
 31
0.0
  0
LINE
  5
1418
  8
0
  6
CONTINUOUS
 62
     7
 10
-52.184420661417917
 20
13.25020000000001
 30
0.0
 11
-51.984420661427649
 21
13.25020000000001
 31
0.0
  0
LINE
  5
1419
  8
0
  6
CONTINUOUS
 62
     7
 10
-64.584420661416644
 20
13.25020000000001
 30
0.0
 11
-64.38442066142774
 21
13.25020000000001
 31
0.0
  0
LINE
  5
141A
  8
0
  6
CONTINUOUS
 62
     7
 10
-64.38442066142774
 20
13.25020000000001
 30
0.0
 11
-64.38442066142774
 21
-26.74979999999999
 31
0.0
  0
LINE
  5
141B
  8
0
  6
CONTINUOUS
 62
     7
 10
-52.184420661417917
 20
-26.24979999999999
 30
0.0
 11
-51.984420661427649
 21
-26.24979999999999
 31
0.0
  0
LINE
  5
141C
  8
0
  6
CONTINUOUS
 62
     7
 10
-64.584420661416644
 20
-26.74979999999999
 30
0.0
 11
-64.38442066142774
 21
-26.74979999999999
 31
0.0
  0
LINE
  5
141E
  8
0
  6
DASH_CENTER
 62
     1
 10
-58.00778043405635
 20
30.232079236322591
 30
0.0
 11
-50.895271729530691
 21
49.77353629771099
 31
0.0
  0
LINE
  5
1452
  8
0
  6
CONTINUOUS
 62
     7
 10
-53.083427454247527
 20
82.344689237190394
 30
0.0
 11
-53.083427454247527
 21
73.987608627537185
 31
0.0
  0
LINE
  5
1453
  8
0
  6
CONTINUOUS
 62
     7
 10
-53.533427454247537
 20
82.344689237190394
 30
0.0
 11
-47.533427454247537
 21
82.344689237190394
 31
0.0
  0
LINE
  5
1454
  8
0
  6
CONTINUOUS
 62
     7
 10
-53.533427454247537
 20
85.594689237190408
 30
0.0
 11
-53.533427454247537
 21
82.344689237190394
 31
0.0
  0
LINE
  5
1455
  8
0
  6
CONTINUOUS
 62
     7
 10
-47.533427454247537
 20
85.594689237190408
 30
0.0
 11
-47.533427454247537
 21
82.344689237190394
 31
0.0
  0
LINE
  5
1456
  8
0
  6
CONTINUOUS
 62
     7
 10
-52.283427454247537
 20
89.594689237190394
 30
0.0
 11
-52.283427454247537
 21
97.667697677009585
 31
0.0
  0
LINE
  5
1457
  8
0
  6
CONTINUOUS
 62
     7
 10
-51.533427454247551
 20
89.594689237190394
 30
0.0
 11
-51.533427454247551
 21
97.667697677009585
 31
0.0
  0
LINE
  5
1458
  8
0
  6
CONTINUOUS
 62
     7
 10
-50.783427454247537
 20
89.594689237190394
 30
0.0
 11
-50.783427454247537
 21
97.667697677009585
 31
0.0
  0
LINE
  5
1459
  8
0
  6
CONTINUOUS
 62
     7
 10
-50.283427454247551
 20
89.594689237190394
 30
0.0
 11
-50.283427454247551
 21
97.667697677009585
 31
0.0
  0
LINE
  5
145A
  8
0
  6
CONTINUOUS
 62
     7
 10
-49.533427454247537
 20
89.594689237190394
 30
0.0
 11
-49.533427454247537
 21
97.667697677009585
 31
0.0
  0
LINE
  5
145B
  8
0
  6
CONTINUOUS
 62
     7
 10
-48.783427454247537
 20
89.594689237190394
 30
0.0
 11
-48.783427454247537
 21
97.667697677009585
 31
0.0
  0
LINE
  5
145C
  8
0
  6
CONTINUOUS
 62
     7
 10
-52.783427454247551
 20
89.594689237190394
 30
0.0
 11
-48.283427454247537
 21
89.594689237190394
 31
0.0
  0
LINE
  5
145D
  8
0
  6
CONTINUOUS
 62
     7
 10
-52.783427454247551
 20
87.094689237190394
 30
0.0
 11
-53.533427454247537
 21
85.594689237190408
 31
0.0
  0
LINE
  5
145E
  8
0
  6
CONTINUOUS
 62
     7
 10
-48.283427454247537
 20
87.094689237190394
 30
0.0
 11
-48.283427454247537
 21
89.594689237190394
 31
0.0
  0
LINE
  5
145F
  8
0
  6
CONTINUOUS
 62
     7
 10
-48.283427454247537
 20
87.094689237190394
 30
0.0
 11
-47.533427454247537
 21
85.594689237190408
 31
0.0
  0
LINE
  5
1460
  8
0
  6
CONTINUOUS
 62
     7
 10
-52.783427454247551
 20
89.594689237190394
 30
0.0
 11
-52.783427454247551
 21
87.094689237190394
 31
0.0
  0
LINE
  5
1465
  8
0
  6
CONTINUOUS
 62
     7
 10
-43.408917163561568
 20
112.1676976770096
 30
0.0
 11
-43.408917163561568
 21
98.667697677009599
 31
0.0
  0
LINE
  5
1466
  8
0
  6
CONTINUOUS
 62
     7
 10
-52.65884819542417
 20
112.1676976770096
 30
0.0
 11
-52.65884819542417
 21
121.3676976770076
 31
0.0
  0
LINE
  5
1467
  8
0
  6
CONTINUOUS
 62
     7
 10
-51.908848195424177
 20
112.1676976770096
 30
0.0
 11
-51.908848195424177
 21
121.3676976770076
 31
0.0
  0
LINE
  5
1468
  8
0
  6
CONTINUOUS
 62
     7
 10
-48.40884819542417
 20
112.1676976770096
 30
0.0
 11
-51.908848195424177
 21
112.1676976770096
 31
0.0
  0
LINE
  5
1469
  8
0
  6
CONTINUOUS
 62
     7
 10
-43.408917163561568
 20
112.1676976770096
 30
0.0
 11
-48.40884819542417
 21
112.1676976770096
 31
0.0
  0
LINE
  5
146A
  8
0
  6
CONTINUOUS
 62
     7
 10
-56.40838268519758
 20
112.1671976770086
 30
0.0
 11
-56.408882685198591
 21
97.667497677007404
 31
0.0
  0
LINE
  5
146B
  8
0
  6
CONTINUOUS
 62
     7
 10
-57.408848195424177
 20
98.667697677009599
 30
0.0
 11
-57.408848195424177
 21
108.9176976770096
 31
0.0
  0
LINE
  5
146C
  8
0
  6
CONTINUOUS
 62
     7
 10
-59.020818362945739
 20
109.05186175565819
 30
0.0
 11
-59.908848195424177
 21
104.1676976770096
 31
0.0
  0
LINE
  5
146D
  8
0
  6
CONTINUOUS
 62
     7
 10
-58.282915930366592
 20
109.6676976770096
 30
0.0
 11
-58.158848195424177
 21
109.6676976770096
 31
0.0
  0
LINE
  5
146E
  8
0
  6
CONTINUOUS
 62
     7
 10
-58.90884819542417
 20
111.1676976770096
 30
0.0
 11
-59.652515457925013
 21
111.1676976770096
 31
0.0
  0
LINE
  5
146F
  8
0
  6
CONTINUOUS
 62
     7
 10
-60.743424548836749
 20
105.1676976770096
 30
0.0
 11
-61.158848195424177
 21
105.1676976770096
 31
0.0
  0
LINE
  5
1470
  8
0
  6
CONTINUOUS
 62
     7
 10
-59.493424548837652
 20
117.1676976770096
 30
0.0
 11
-58.493424548836749
 21
117.1676976770096
 31
0.0
  0
LINE
  5
1471
  8
0
  6
CONTINUOUS
 62
     7
 10
-58.743424548836749
 20
111.1711417277039
 30
0.0
 11
-58.743424548837652
 21
115.1676976770096
 31
0.0
  0
LINE
  5
1472
  8
0
  6
CONTINUOUS
 62
     7
 10
-42.408882679490603
 20
98.667697677009599
 30
0.0
 11
-43.408917163561568
 21
98.667697677009599
 31
0.0
  0
LINE
  5
1473
  8
0
  6
CONTINUOUS
 62
     7
 10
-56.408882685198591
 20
97.667697677009585
 30
0.0
 11
-56.408848194831187
 21
97.667697677009585
 31
0.0
  0
LINE
  5
1474
  8
0
  6
CONTINUOUS
 62
     7
 10
-53.908237385835612
 20
112.1676976770096
 30
0.0
 11
-52.65884819542417
 21
112.1676976770096
 31
0.0
  0
LINE
  5
1475
  8
0
  6
CONTINUOUS
 62
     7
 10
-52.65884819542417
 20
121.3676976770076
 30
0.0
 11
-56.158382667810791
 21
121.3676976770076
 31
0.0
  0
LINE
  5
1476
  8
0
  6
CONTINUOUS
 62
     7
 10
-48.40884819542417
 20
121.3676976770076
 30
0.0
 11
-48.40884819542417
 21
112.1676976770096
 31
0.0
  0
LINE
  5
1477
  8
0
  6
CONTINUOUS
 62
     7
 10
-51.908848195424177
 20
121.3676976770076
 30
0.0
 11
-48.40884819542417
 21
121.3676976770076
 31
0.0
  0
LINE
  5
1478
  8
0
  6
CONTINUOUS
 62
     7
 10
-44.158848195424177
 20
112.1676976770096
 30
0.0
 11
-44.158848195424177
 21
121.3676976770076
 31
0.0
  0
LINE
  5
1479
  8
0
  6
CONTINUOUS
 62
     7
 10
-47.65884819542417
 20
121.3676976770076
 30
0.0
 11
-47.65884819542417
 21
112.1676976770096
 31
0.0
  0
LINE
  5
147A
  8
0
  6
CONTINUOUS
 62
     7
 10
-44.158848195424177
 20
121.3676976770076
 30
0.0
 11
-47.65884819542417
 21
121.3676976770076
 31
0.0
  0
LINE
  5
147B
  8
0
  6
CONTINUOUS
 62
     7
 10
-57.408848195424177
 20
112.1676976770096
 30
0.0
 11
-53.908237385835612
 21
112.1676976770096
 31
0.0
  0
LINE
  5
147C
  8
0
  6
CONTINUOUS
 62
     7
 10
-56.158382667810791
 20
121.3676976770076
 30
0.0
 11
-56.158382667810791
 21
112.1676976770096
 31
0.0
  0
LINE
  5
147D
  8
0
  6
CONTINUOUS
 62
     7
 10
-61.158848195424177
 20
104.1676976770096
 30
0.0
 11
-59.908848195424177
 21
104.1676976770096
 31
0.0
  0
LINE
  5
147E
  8
0
  6
CONTINUOUS
 62
     7
 10
-61.158848195424177
 20
105.1676976770096
 30
0.0
 11
-61.158848195424177
 21
104.1676976770096
 31
0.0
  0
LINE
  5
147F
  8
0
  6
CONTINUOUS
 62
     7
 10
-59.493424548837652
 20
117.1676976770096
 30
0.0
 11
-60.493424548836742
 21
116.6676976770096
 31
0.0
  0
LINE
  5
1480
  8
0
  6
CONTINUOUS
 62
     7
 10
-58.743424548837652
 20
115.1676976770096
 30
0.0
 11
-57.743424548836749
 21
115.1676976770096
 31
0.0
  0
LINE
  5
1481
  8
0
  6
CONTINUOUS
 62
     7
 10
-57.743424548836749
 20
115.9176976770096
 30
0.0
 11
-57.743424548836749
 21
115.1676976770096
 31
0.0
  0
LINE
  5
1482
  8
0
  6
CONTINUOUS
 62
     7
 10
-60.493424548836742
 20
106.5426976770096
 30
0.0
 11
-60.493424548836742
 21
116.6676976770096
 31
0.0
  0
LINE
  5
1483
  8
0
  6
CONTINUOUS
 62
     7
 10
-60.743424548836749
 20
105.1676976770096
 30
0.0
 11
-59.652515457925013
 21
111.1676976770096
 31
0.0
  0
LINE
  5
1484
  8
0
  6
CONTINUOUS
 62
     7
 10
-58.493424548836749
 20
117.1676976770096
 30
0.0
 11
-57.743424548836749
 21
115.9176976770096
 31
0.0
  0
LINE
  5
1485
  8
0
  6
CONTINUOUS
 62
     7
 10
-55.908882678003579
 20
97.667697677009585
 30
0.0
 11
-55.908382685499532
 21
112.1671804352719
 31
0.0
  0
LINE
  5
1486
  8
0
  6
CONTINUOUS
 62
     7
 10
-42.408882679490603
 20
97.667697677009585
 30
0.0
 11
-42.408882679490603
 21
98.667697677009599
 31
0.0
  0
LINE
  5
1487
  8
0
  6
CONTINUOUS
 62
     7
 10
-58.408882679490603
 20
97.667697677009585
 30
0.0
 11
-57.7075920864728
 21
97.667697677009585
 31
0.0
  0
LINE
  5
1488
  8
0
  6
CONTINUOUS
 62
     7
 10
-56.408848194831187
 20
97.667697677009585
 30
0.0
 11
-56.408848194831187
 21
98.667697677009599
 31
0.0
  0
LINE
  5
1489
  8
0
  6
CONTINUOUS
 62
     7
 10
-58.408882679490603
 20
98.667697677009599
 30
0.0
 11
-58.408882679490603
 21
97.667697677009585
 31
0.0
  0
LINE
  5
148A
  8
0
  6
CONTINUOUS
 62
     7
 10
-57.408848195424177
 20
98.667697677009599
 30
0.0
 11
-58.408882679490603
 21
98.667697677009599
 31
0.0
  0
LINE
  5
148B
  8
0
  6
CONTINUOUS
 62
     7
 10
-42.408882679490603
 20
97.667697677009585
 30
0.0
 11
-56.408848194831187
 21
97.667697677009585
 31
0.0
  0
LINE
  5
148C
  8
0
  6
CONTINUOUS
 62
     7
 10
-57.7075920864728
 20
97.667697677009585
 30
0.0
 11
-56.408882685198591
 21
97.667697677009585
 31
0.0
  0
LINE
  5
148D
  8
0
  6
CONTINUOUS
 62
     7
 10
-51.908848195424177
 20
112.1676976770096
 30
0.0
 11
-52.65884819542417
 21
112.1676976770096
 31
0.0
  0
LINE
  5
148E
  8
0
  6
DASH_CENTER
 62
     1
 10
-50.533427454247537
 20
51.825657157661297
 30
0.0
 11
-50.533427454247537
 21
123.421894447236
 31
0.0
  0
LINE
  5
148F
  8
0
  6
CONTINUOUS
 62
     7
 10
-57.838845542121113
 20
38.151925257699247
 30
0.0
 11
-53.291487912533952
 21
50.645687663190259
 31
0.0
  0
LINE
  5
1490
  8
0
  6
CONTINUOUS
 62
     7
 10
-53.046413176113823
 20
36.407622526736063
 30
0.0
 11
-48.499055546525753
 21
48.901384932231551
 31
0.0
  0
LINE
  5
1491
  8
0
  6
CONTINUOUS
 62
     7
 10
-53.083427454247527
 20
51.825657157661297
 30
0.0
 11
-53.083427454247527
 21
72.710280452073704
 31
0.0
  0
LINE
  5
1492
  8
0
  6
CONTINUOUS
 62
     7
 10
-47.983427454247533
 20
73.987608627537185
 30
0.0
 11
-47.983427454247533
 21
82.344689237190394
 31
0.0
  0
LINE
  5
1493
  8
0
  6
CONTINUOUS
 62
     7
 10
-47.983427454247533
 20
72.710280452073704
 30
0.0
 11
-47.983427454247533
 21
51.825657157661297
 31
0.0
  0
ARC
  5
149B
  8
0
  6
CONTINUOUS
 62
     7
 10
-57.944513801558656
 20
-26.32011937052852
 30
0.0
 40
0.9999999999995036
 50
95.000000000079098
 51
163.7429721034031
  0
ARC
  5
149C
  8
0
  6
CONTINUOUS
 62
     7
 10
-52.184420661428348
 20
-27.99979999999999
 30
0.0
 40
6.9999999999937721
 50
163.74297210339651
 51
180.0
  0
ARC
  5
149D
  8
0
  6
CONTINUOUS
 62
     7
 10
-52.184420661428348
 20
-27.99979999999999
 30
0.0
 40
7.0
 50
180.0
 51
196.25702789661079
  0
ARC
  5
149E
  8
0
  6
CONTINUOUS
 62
     7
 10
-57.944513801558656
 20
-29.67948062947147
 30
0.0
 40
0.9999999999942003
 50
196.25702789664689
 51
264.99999999992087
  0
ARC
  5
14A5
  8
0
  6
CONTINUOUS
 62
     7
 10
-67.196685871488711
 20
-118.6238277939005
 30
0.0
 40
0.7999999999987317
 50
94.999999999365926
 51
164.55728417226621
  0
ARC
  5
14A6
  8
0
  6
CONTINUOUS
 62
     7
 10
-62.184420661419672
 20
-120.00845679256
 30
0.0
 40
6.0
 50
180.0
 51
195.44271582760189
  0
ARC
  5
14A7
  8
0
  6
CONTINUOUS
 62
     7
 10
-67.196685871488711
 20
-121.3930857912205
 30
0.0
 40
0.7999999999935291
 50
195.44271582773379
 51
265.00000000063409
  0
ARC
  5
14A8
  8
0
  6
CONTINUOUS
 62
     7
 10
-62.184420661419672
 20
-120.00845679256
 30
0.0
 40
5.9999999999932268
 50
164.55728417240741
 51
180.0
  0
ARC
  5
14A9
  8
0
  6
CONTINUOUS
 62
     7
 10
-62.184420661419672
 20
-67.00845679256004
 30
0.0
 40
5.9999999999934852
 50
164.55728417239851
 51
180.0
  0
ARC
  5
14AA
  8
0
  6
CONTINUOUS
 62
     7
 10
-67.196685871488711
 20
-68.393085791220471
 30
0.0
 40
0.7999999999935329
 50
195.44271582773459
 51
265.00000000063409
  0
ARC
  5
14AB
  8
0
  6
CONTINUOUS
 62
     7
 10
-62.184420661419672
 20
-67.00845679256004
 30
0.0
 40
6.0
 50
180.0
 51
195.44271582760149
  0
ARC
  5
14AC
  8
0
  6
CONTINUOUS
 62
     7
 10
-67.196685871488711
 20
-65.623827793900475
 30
0.0
 40
0.7999999999987317
 50
94.999999999365926
 51
164.5572841722024
  0
ARC
  5
14AD
  8
0
  6
CONTINUOUS
 62
     7
 10
-61.2844206614201
 20
-84.00845679256004
 30
0.0
 40
5.9999999999943459
 50
164.55728417240081
 51
180.0
  0
ARC
  5
14AE
  8
0
  6
CONTINUOUS
 62
     7
 10
-66.296685871489089
 20
-85.393085791219548
 30
0.0
 40
0.7999999999944097
 50
195.44271582771751
 51
265.00000000056917
  0
ARC
  5
14AF
  8
0
  6
CONTINUOUS
 62
     7
 10
-61.2844206614201
 20
-84.00845679256004
 30
0.0
 40
6.0
 50
180.0
 51
195.44271582759089
  0
ARC
  5
14B0
  8
0
  6
CONTINUOUS
 62
     7
 10
-66.296685871489089
 20
-82.623827793899565
 30
0.0
 40
0.7999999999988109
 50
94.999999999430827
 51
164.55728417228261
  0
ARC
  5
14B1
  8
0
  6
CONTINUOUS
 62
     7
 10
-66.484420661398985
 20
-112.7041363756566
 30
0.0
 40
2.0000000000199951
 50
180.0000000001547
 51
224.0289780687894
  0
ARC
  5
14B2
  8
0
  6
CONTINUOUS
 62
     7
 10
-66.584420661410192
 20
-116.9170976263544
 30
0.0
 40
0.9999999999908908
 50
0.0
 51
44.028978069124307
  0
ARC
  5
14B3
  8
0
  6
CONTINUOUS
 62
     7
 10
-66.584420661410192
 20
-70.099815958764751
 30
0.0
 40
0.9999999999929258
 50
315.97102193076392
 51
0.00000000015633
  0
ARC
  5
14B4
  8
0
  6
CONTINUOUS
 62
     7
 10
-66.484420661398985
 20
-74.3127772094644
 30
0.0
 40
2.0000000000150151
 50
135.971021931173
 51
179.99999999981759
  0
ARC
  5
14B5
  8
0
  6
CONTINUOUS
 62
     7
 10
-57.944513801549988
 20
-78.688137422032398
 30
0.0
 40
0.9999999999944486
 50
196.257027896697
 51
264.99999999992542
  0
ARC
  5
14B6
  8
0
  6
CONTINUOUS
 62
     7
 10
-52.184420661419672
 20
-77.008456792561844
 30
0.0
 40
7.0
 50
180.0
 51
196.25702789661079
  0
ARC
  5
14B7
  8
0
  6
CONTINUOUS
 62
     7
 10
-52.184420661419672
 20
-77.008456792561844
 30
0.0
 40
6.9999999999937668
 50
163.7429721033964
 51
180.0
  0
ARC
  5
14B8
  8
0
  6
CONTINUOUS
 62
     7
 10
-57.944513801549988
 20
-75.328776163090353
 30
0.0
 40
0.9999999999995036
 50
95.000000000079098
 51
163.74297210340299
  0
ARC
  5
14BB
  8
0
  6
CONTINUOUS
 62
     7
 10
-148.02437077924111
 20
33.400199999999643
 30
0.0
 40
4.4999999999981828
 50
73.612312869702691
 51
90.0
  0
ARC
  5
14BC
  8
0
  6
CONTINUOUS
 62
     7
 10
-148.02437077924111
 20
33.400199999999643
 30
0.0
 40
4.5
 50
90.0
 51
106.54596138960871
  0
ARC
  5
14CD
  8
0
  6
CONTINUOUS
 62
     7
 10
-170.97437077925201
 20
34.262421576582369
 30
0.0
 40
0.1999999999989086
 50
90.0
 51
180.0
  0
ARC
  5
14CE
  8
0
  6
CONTINUOUS
 62
     7
 10
-146.37437077925159
 20
34.262421576582369
 30
0.0
 40
0.2000000000097941
 50
0.0
 51
90.0
  0
ARC
  5
14CF
  8
0
  6
CONTINUOUS
 62
     7
 10
-145.6743707792418
 20
29.000200000003652
 30
0.0
 40
0.5
 50
180.0
 51
270.0
  0
ARC
  5
14D0
  8
0
  6
CONTINUOUS
 62
     7
 10
-171.6743707792418
 20
29.00019999999904
 30
0.0
 40
0.5
 50
270.0
 51
0.0
  0
ARC
  5
14D1
  8
0
  6
CONTINUOUS
 62
     7
 10
-178.92980813272121
 20
20.500200000003652
 30
0.0
 40
1.0
 50
90.0
 51
145.15009542077391
  0
ARC
  5
14D2
  8
0
  6
CONTINUOUS
 62
     7
 10
-146.6743707792418
 20
-30.49979999999999
 30
0.0
 40
1.0
 50
270.0
 51
0.0
  0
ARC
  5
14D3
  8
0
  6
CONTINUOUS
 62
     7
 10
-138.41893342579229
 20
-23.49979999999999
 30
0.0
 40
1.0
 50
270.0
 51
325.15009542134197
  0
ARC
  5
14D4
  8
0
  6
CONTINUOUS
 62
     7
 10
-175.1743707792418
 20
25.00019999999904
 30
0.0
 40
3.4999999999953881
 50
270.0
 51
0.0
  0
ARC
  5
14D5
  8
0
  6
CONTINUOUS
 62
     7
 10
-142.1743707792418
 20
-27.99979999999999
 30
0.0
 40
3.499999999996358
 50
90.0
 51
180.0
  0
ARC
  5
14D6
  8
0
  6
CONTINUOUS
 62
     7
 10
-146.37437077925159
 20
35.892836514770863
 30
0.0
 40
0.2000000000097941
 50
0.0
 51
90.0
  0
ARC
  5
14D7
  8
0
  6
CONTINUOUS
 62
     7
 10
-170.97437077925201
 20
35.892836514770863
 30
0.0
 40
0.2000000000006636
 50
90.0
 51
180.0
  0
ARC
  5
14D8
  8
0
  6
CONTINUOUS
 62
     7
 10
-170.97437077925201
 20
37.513862180458652
 30
0.0
 40
0.1999999999998181
 50
90.0
 51
180.0
  0
ARC
  5
14D9
  8
0
  6
CONTINUOUS
 62
     7
 10
-146.37437077925159
 20
37.513862180458652
 30
0.0
 40
0.2000000000097941
 50
0.0
 51
90.0
  0
ARC
  5
14DA
  8
0
  6
CONTINUOUS
 62
     7
 10
-140.9243707792418
 20
26.25020000000006
 30
0.0
 40
2.0
 50
359.99999999997078
 51
90.0
  0
ARC
  5
14DB
  8
0
  6
CONTINUOUS
 62
     7
 10
-131.92437077926181
 20
15.25020000000001
 30
0.0
 40
3.0
 50
0.0
 51
90.0
  0
ARC
  5
14DC
  8
0
  6
CONTINUOUS
 62
     7
 10
-132.9243707792418
 20
24.25019999999904
 30
0.0
 40
6.0
 50
180.0
 51
270.0
  0
ARC
  5
14DD
  8
0
  6
CONTINUOUS
 62
     7
 10
-132.9243707792418
 20
-27.24979999999999
 30
0.0
 40
6.0
 50
90.0
 51
145.15009542097809
  0
ARC
  5
14DE
  8
0
  6
CONTINUOUS
 62
     7
 10
-131.9243707792418
 20
-18.24979999999999
 30
0.0
 40
3.0
 50
270.0
 51
0.0
  0
ARC
  5
14DF
  8
0
  6
CONTINUOUS
 62
     7
 10
-142.12437077925159
 20
-28.049800000001088
 30
0.0
 40
3.8000000000010981
 50
90.0
 51
180.0
  0
ARC
  5
14E0
  8
0
  6
CONTINUOUS
 62
     7
 10
-146.9243707792418
 20
-30.24979999999999
 30
0.0
 40
1.0
 50
270.0
 51
0.0
  0
ARC
  5
14E1
  8
0
  6
CONTINUOUS
 62
     7
 10
-138.66893342579229
 20
-23.24979999999999
 30
0.0
 40
1.0
 50
270.0
 51
325.15009542121408
  0
ARC
  5
14E2
  8
0
  6
CONTINUOUS
 62
     7
 10
-178.67980813272109
 20
20.25020000000001
 30
0.0
 40
0.9999999999990299
 50
90.0
 51
145.1500954206455
  0
ARC
  5
14E3
  8
0
  6
CONTINUOUS
 62
     7
 10
-170.4243707792418
 20
27.25019999999904
 30
0.0
 40
1.0
 50
90.0
 51
180.0
  0
ARC
  5
14E4
  8
0
  6
CONTINUOUS
 62
     7
 10
-184.4243707792418
 20
-27.24979999999999
 30
0.0
 40
6.0
 50
0.0
 51
90.0
  0
ARC
  5
14E5
  8
0
  6
CONTINUOUS
 62
     7
 10
-185.4243707792418
 20
-18.24979999999999
 30
0.0
 40
3.0
 50
180.0
 51
270.0
  0
ARC
  5
14E6
  8
0
  6
CONTINUOUS
 62
     7
 10
-175.4243707792418
 20
-28.24979999999999
 30
0.0
 40
3.0
 50
180.0
 51
270.0
  0
ARC
  5
14E7
  8
0
  6
CONTINUOUS
 62
     7
 10
-185.4243707792418
 20
15.25020000000001
 30
0.0
 40
3.0
 50
90.0
 51
180.0
  0
ARC
  5
14E8
  8
0
  6
CONTINUOUS
 62
     7
 10
-184.4243707792418
 20
24.25019999999904
 30
0.0
 40
5.9999999999990301
 50
270.0
 51
325.1500954209173
  0
ARC
  5
14E9
  8
0
  6
CONTINUOUS
 62
     7
 10
-175.22437077925201
 20
25.05020000001014
 30
0.0
 40
3.8000000000110981
 50
270.0
 51
359.99999999989188
  0
ARC
  5
14EA
  8
0
  6
CONTINUOUS
 62
     7
 10
-184.6743707792418
 20
-27.49979999999999
 30
0.0
 40
6.0
 50
0.0
 51
90.0
  0
ARC
  5
14EB
  8
0
  6
CONTINUOUS
 62
     7
 10
-175.6743707792418
 20
-28.49979999999999
 30
0.0
 40
3.0
 50
180.0
 51
270.0
  0
ARC
  5
14EC
  8
0
  6
CONTINUOUS
 62
     7
 10
-185.6743707792418
 20
-18.49979999999999
 30
0.0
 40
3.0
 50
180.0
 51
270.0
  0
ARC
  5
14ED
  8
0
  6
CONTINUOUS
 62
     7
 10
-185.6743707792418
 20
15.50020000000001
 30
0.0
 40
3.0
 50
90.0
 51
180.0
  0
ARC
  5
14EE
  8
0
  6
CONTINUOUS
 62
     7
 10
-184.6743707792418
 20
24.50019999999904
 30
0.0
 40
5.9999999999990301
 50
270.0
 51
0.0
  0
ARC
  5
14EF
  8
0
  6
CONTINUOUS
 62
     7
 10
-132.6743707792418
 20
24.50019999999904
 30
0.0
 40
6.0
 50
179.99999999999031
 51
270.0
  0
ARC
  5
14F0
  8
0
  6
CONTINUOUS
 62
     7
 10
-131.6743707792418
 20
15.50020000000001
 30
0.0
 40
3.0
 50
0.0
 51
90.0
  0
ARC
  5
14F1
  8
0
  6
CONTINUOUS
 62
     7
 10
-141.6743707792418
 20
-28.49979999999999
 30
0.0
 40
3.0
 50
270.0
 51
0.0
  0
ARC
  5
14F2
  8
0
  6
CONTINUOUS
 62
     7
 10
-131.6743707792418
 20
-18.49979999999999
 30
0.0
 40
3.0
 50
270.0
 51
0.0
  0
ARC
  5
14F3
  8
0
  6
CONTINUOUS
 62
     7
 10
-132.6743707792418
 20
-27.49979999999999
 30
0.0
 40
6.0
 50
90.0
 51
180.0
  0
ARC
  5
14F4
  8
0
  6
CONTINUOUS
 62
     7
 10
-176.6743707792418
 20
26.50019999999904
 30
0.0
 40
2.0
 50
90.0
 51
180.0
  0
ARC
  5
14F5
  8
0
  6
CONTINUOUS
 62
     7
 10
-140.6743707792418
 20
26.50020000000006
 30
0.0
 40
2.0
 50
359.99999999997078
 51
90.0
  0
ARC
  5
14F6
  8
0
  6
DASH_CENTER
 62
     1
 10
-158.6743707792418
 20
-1.499799999999988
 30
0.0
 40
35.000000000000853
 50
127.2181643696662
 51
142.7818356303475
  0
ARC
  5
14F7
  8
0
  6
CONTINUOUS
 62
     7
 10
-183.6743707792418
 20
23.50019999999904
 30
0.0
 40
5.0
 50
90.0
 51
180.0
  0
ARC
  5
14F8
  8
0
  6
CONTINUOUS
 62
     7
 10
-133.6743707792418
 20
23.500200000000049
 30
0.0
 40
5.0
 50
359.9999999999884
 51
90.0
  0
ARC
  5
14F9
  8
0
  6
DASH_CENTER
 62
     1
 10
-158.6743707792418
 20
-1.499799999999988
 30
0.0
 40
34.999999999990017
 50
37.218164369672202
 51
52.781835630359872
  0
ARC
  5
14FA
  8
0
  6
DASH_CENTER
 62
     1
 10
-158.6743707792418
 20
-1.499799999999988
 30
0.0
 40
34.999999999990187
 50
307.21816436963832
 51
322.78183563032781
  0
ARC
  5
14FB
  8
0
  6
CONTINUOUS
 62
     7
 10
-133.6743707792418
 20
-26.49979999999999
 30
0.0
 40
5.0
 50
270.0
 51
0.0
  0
ARC
  5
14FC
  8
0
  6
CONTINUOUS
 62
     7
 10
-183.6743707792418
 20
-26.49979999999999
 30
0.0
 40
5.0
 50
180.0
 51
270.0
  0
ARC
  5
14FD
  8
0
  6
DASH_CENTER
 62
     1
 10
-158.6743707792418
 20
-1.499799999999988
 30
0.0
 40
35.000000000005862
 50
217.2181643696525
 51
232.78183563033559
  0
ARC
  5
1501
  8
0
  6
DASH_CENTER
 62
     1
 10
178.604088681131
 20
-1.499799999999988
 30
0.0
 40
35.000000000004761
 50
307.21816436965742
 51
322.7818356303373
  0
ARC
  5
1502
  8
0
  6
CONTINUOUS
 62
     7
 10
203.6040886811337
 20
-26.499800000001809
 30
0.0
 40
5.0
 50
270.0
 51
0.0
  0
ARC
  5
1503
  8
0
  6
DASH_CENTER
 62
     1
 10
178.604088681131
 20
-1.4998000000018099
 30
0.0
 40
35.000000000002657
 50
37.218164369660222
 51
52.781835630337667
  0
ARC
  5
1504
  8
0
  6
CONTINUOUS
 62
     7
 10
203.60408868113549
 20
23.500200000000049
 30
0.0
 40
5.0
 50
0.0
 51
90.0
  0
ARC
  5
1505
  8
0
  6
CONTINUOUS
 62
     7
 10
153.60408868112731
 20
23.500200000000049
 30
0.0
 40
5.0
 50
90.0
 51
180.0
  0
ARC
  5
1506
  8
0
  6
DASH_CENTER
 62
     1
 10
178.604088681131
 20
-1.4998000000018099
 30
0.0
 40
35.000000000001393
 50
127.21816436966
 51
142.78183563033889
  0
ARC
  5
1507
  8
0
  6
CONTINUOUS
 62
     7
 10
153.60408868113001
 20
-26.499800000001809
 30
0.0
 40
5.0
 50
180.0
 51
270.0
  0
ARC
  5
1508
  8
0
  6
DASH_CENTER
 62
     1
 10
178.604088681131
 20
-1.499799999999988
 30
0.0
 40
35.000000000003041
 50
217.2181643696635
 51
232.78183563034361
  0
ARC
  5
152A
  8
0
  6
CONTINUOUS
 62
     7
 10
-52.105490167007829
 20
32.979039018507187
 30
0.0
 40
0.1000000000003801
 50
250.00000000175319
 51
0.13630342810199
  0
ARC
  5
152B
  8
0
  6
CONTINUOUS
 62
     7
 10
-52.110051038737872
 20
34.896219030516988
 30
0.0
 40
0.0999999999986842
 50
0.13630342757682
 51
70.000000001889262
  0
ARC
  5
152C
  8
0
  6
CONTINUOUS
 62
     7
 10
-52.11258485636894
 20
35.961319037188836
 30
0.0
 40
0.0999999999996041
 50
0.13630342836129
 51
70.000000000490672
  0
ARC
  5
152D
  8
0
  6
CONTINUOUS
 62
     7
 10
-58.841077890536909
 20
38.410290223093
 30
0.0
 40
0.1000000000022614
 50
69.99999999576832
 51
139.86369657206069
  0
ARC
  5
152E
  8
0
  6
CONTINUOUS
 62
     7
 10
-59.527651994816672
 20
37.596004988191957
 30
0.0
 40
0.1000000000026494
 50
69.999999996681069
 51
139.86369657156811
  0
ARC
  5
152F
  8
0
  6
CONTINUOUS
 62
     7
 10
-60.763485382516713
 20
36.130291565374193
 30
0.0
 40
0.0999999999985062
 50
139.86369657256401
 51
250.00000000101619
  0
ARC
  5
1538
  8
0
  6
CONTINUOUS
 62
     7
 10
-66.48442066140764
 20
17.69587958309517
 30
0.0
 40
2.0000000000131082
 50
135.97102193113821
 51
179.99999999985681
  0
ARC
  5
1539
  8
0
  6
CONTINUOUS
 62
     7
 10
-66.584420661416644
 20
21.908840833793938
 30
0.0
 40
0.9999999999916654
 50
315.97102193080218
 51
0.0
  0
ARC
  5
153A
  8
0
  6
CONTINUOUS
 62
     7
 10
-66.584420661416644
 20
-24.908440833794831
 30
0.0
 40
1.0
 50
359.99999999986977
 51
44.028978069216492
  0
ARC
  5
153B
  8
0
  6
CONTINUOUS
 62
     7
 10
-66.48442066140764
 20
-20.69547958309607
 30
0.0
 40
2.0000000000113691
 50
180.00000000023439
 51
224.02897806882439
  0
ARC
  5
153C
  8
0
  6
CONTINUOUS
 62
     7
 10
-62.201504994576808
 20
34.206079023758839
 30
0.0
 40
0.1999999999997338
 50
69.999999999150788
 51
159.9999999988228
  0
ARC
  5
153D
  8
0
  6
CONTINUOUS
 62
     7
 10
-52.184420661417917
 20
30.560158492356159
 30
0.0
 40
0.1999999999902684
 50
0.0
 51
70.000000001632941
  0
ARC
  5
153E
  8
0
  6
CONTINUOUS
 62
     7
 10
-62.152635461258932
 20
34.507545300100048
 30
0.0
 40
0.1000000000884011
 50
140.0000000707725
 51
249.9999999282644
  0
ARC
  5
153F
  8
0
  6
CONTINUOUS
 62
     7
 10
-60.92136294542901
 20
35.974918744433189
 30
0.0
 40
0.1000000000025651
 50
70.000000001372783
 51
139.99999999867799
  0
ARC
  5
1540
  8
0
  6
CONTINUOUS
 62
     7
 10
-52.084420661428013
 20
32.75853479112817
 30
0.0
 40
0.1000000000003638
 50
0.0000000005211
 51
69.999999996124771
  0
ARC
  5
1541
  8
0
  6
CONTINUOUS
 62
     7
 10
-52.084420661508048
 20
30.843014800795171
 30
0.0
 40
0.1000000000867946
 50
250.00000006913299
 51
359.99999992939468
  0
ARC
  5
154A
  8
0
  6
CONTINUOUS
 62
     7
 10
-54.239914800637628
 20
36.535820624802973
 30
0.0
 40
0.7999999999985109
 50
344.9999999999759
 51
54.5572841727191
  0
ARC
  5
154B
  8
0
  6
CONTINUOUS
 62
     7
 10
-57.255336118736651
 20
32.29940300205277
 30
0.0
 40
5.9999999999951319
 50
54.55728417248455
 51
70.000000000048999
  0
ARC
  5
154C
  8
0
  6
CONTINUOUS
 62
     7
 10
-57.255336118736651
 20
32.29940300205277
 30
0.0
 40
5.9999999999991491
 50
70.000000000048999
 51
85.442715827651753
  0
ARC
  5
154D
  8
0
  6
CONTINUOUS
 62
     7
 10
-56.84216610577699
 20
37.482962641951929
 30
0.0
 40
0.800000000000416
 50
85.4427158276076
 51
155.00000000002339
  0
ARC
  5
154E
  8
0
  6
CONTINUOUS
 62
     7
 10
-61.284420661426921
 20
-27.99979999999999
 30
0.0
 40
6.0
 50
180.0
 51
195.44271582759879
  0
ARC
  5
154F
  8
0
  6
CONTINUOUS
 62
     7
 10
-66.296685871486844
 20
-26.615171001340912
 30
0.0
 40
0.79999999999976
 50
95.000000000210505
 51
164.5572841725226
  0
ARC
  5
1550
  8
0
  6
CONTINUOUS
 62
     7
 10
-61.284420661426921
 20
-27.99979999999999
 30
0.0
 40
5.999999999995655
 50
164.5572841724223
 51
180.0
  0
ARC
  5
1551
  8
0
  6
CONTINUOUS
 62
     7
 10
-66.296685871486844
 20
-29.384428998662251
 30
0.0
 40
0.8000000000045826
 50
195.44271582741561
 51
264.99999999978382
  0
ARC
  5
1552
  8
0
  6
CONTINUOUS
 62
     7
 10
-62.184420661428817
 20
15.00020000000001
 30
0.0
 40
6.0
 50
180.0
 51
195.44271582760331
  0
ARC
  5
1553
  8
0
  6
CONTINUOUS
 62
     7
 10
-67.196685871497849
 20
16.384828998659088
 30
0.0
 40
0.7999999999988087
 50
94.999999999431836
 51
164.55728417231441
  0
ARC
  5
1554
  8
0
  6
CONTINUOUS
 62
     7
 10
-62.184420661428817
 20
15.00020000000001
 30
0.0
 40
5.9999999999939018
 50
164.55728417241761
 51
180.0
  0
ARC
  5
1555
  8
0
  6
CONTINUOUS
 62
     7
 10
-67.196685871497849
 20
13.61557100133775
 30
0.0
 40
0.7999999999940608
 50
195.44271582762329
 51
265.00000000056252
  0
ARC
  5
1556
  8
0
  6
CONTINUOUS
 62
     7
 10
-66.296685871486844
 20
23.615571001337749
 30
0.0
 40
0.8000000000045808
 50
195.4427158274151
 51
264.99999999978382
  0
ARC
  5
1557
  8
0
  6
CONTINUOUS
 62
     7
 10
-61.284420661426921
 20
25.00020000000001
 30
0.0
 40
5.9999999999956586
 50
164.55728417242219
 51
180.0
  0
ARC
  5
1558
  8
0
  6
CONTINUOUS
 62
     7
 10
-66.296685871486844
 20
26.384828998659099
 30
0.0
 40
0.7999999999997706
 50
95.000000000210477
 51
164.5572841725218
  0
ARC
  5
1559
  8
0
  6
CONTINUOUS
 62
     7
 10
-61.284420661426921
 20
25.00020000000001
 30
0.0
 40
6.0
 50
180.0
 51
195.4427158275987
  0
ARC
  5
155A
  8
0
  6
CONTINUOUS
 62
     7
 10
-60.92136294542901
 20
35.974918744433189
 30
0.0
 40
0.1000000000014987
 50
70.000000000873143
 51
139.99999999867799
  0
ARC
  5
155B
  8
0
  6
CONTINUOUS
 62
     2
 10
-49.258427454247538
 20
74.918645231724653
 30
0.0
 40
2.550000000000558
 50
240.00000000000719
 51
299.99999999999272
  0
ARC
  5
155C
  8
0
  6
CONTINUOUS
 62
     2
 10
-51.808427454247543
 20
70.501915672423564
 30
0.0
 40
2.5499999999998462
 50
59.999999999997883
 51
120.00000000000171
  0
ARC
  5
1562
  8
0
  6
CONTINUOUS
 62
     2
 10
-49.258427454247538
 20
76.195973407187395
 30
0.0
 40
2.5499999999999039
 50
239.99999999999881
 51
300.00000000000119
  0
ARC
  5
1563
  8
0
  6
CONTINUOUS
 62
     2
 10
-51.808427454247543
 20
71.779243847887059
 30
0.0
 40
2.5499999999998351
 50
59.999999999997719
 51
120.0000000000019
  0
ARC
  5
1564
  8
0
  6
CONTINUOUS
 62
     7
 10
-58.858355480726559
 20
112.7169586049604
 30
0.0
 40
1.550083525850301
 50
268.13330619652362
 51
339.2468288555292
  0
CIRCLE
  5
1565
  8
0
  6
CONTINUOUS
 62
     7
 10
-185.1743707792418
 20
-17.99979999999999
 30
0.0
 40
2.25
  0
CIRCLE
  5
1566
  8
0
  6
CONTINUOUS
 62
     7
 10
-185.1743707792418
 20
-17.99979999999999
 30
0.0
 40
2.5999999999895049
  0
CIRCLE
  5
1567
  8
0
  6
CONTINUOUS
 62
     7
 10
-185.1743707792418
 20
-17.99979999999999
 30
0.0
 40
2.8499999999895058
  0
CIRCLE
  5
1568
  8
0
  6
CONTINUOUS
 62
     7
 10
-132.1743707792418
 20
15.00020000000001
 30
0.0
 40
2.8499999999895058
  0
CIRCLE
  5
1569
  8
0
  6
CONTINUOUS
 62
     7
 10
-132.1743707792418
 20
15.00020000000001
 30
0.0
 40
2.5999999999895049
  0
CIRCLE
  5
156A
  8
0
  6
CONTINUOUS
 62
     7
 10
-132.1743707792418
 20
15.00020000000001
 30
0.0
 40
2.25
  0
CIRCLE
  5
156B
  8
0
  6
CONTINUOUS
 62
     7
 10
-142.1743707792418
 20
-27.99979999999999
 30
0.0
 40
3.0
  0
CIRCLE
  5
156C
  8
0
  6
CONTINUOUS
 62
     7
 10
-142.1743707792418
 20
-27.99979999999999
 30
0.0
 40
2.75
  0
CIRCLE
  5
156D
  8
0
  6
CONTINUOUS
 62
     7
 10
-142.1743707792418
 20
-27.99979999999999
 30
0.0
 40
2.5
  0
CIRCLE
  5
156E
  8
0
  6
CONTINUOUS
 62
     7
 10
-175.1743707792418
 20
25.00019999999904
 30
0.0
 40
2.5
  0
CIRCLE
  5
156F
  8
0
  6
CONTINUOUS
 62
     7
 10
-175.1743707792418
 20
25.00019999999904
 30
0.0
 40
2.75
  0
CIRCLE
  5
1570
  8
0
  6
CONTINUOUS
 62
     7
 10
-175.1743707792418
 20
25.00019999999904
 30
0.0
 40
3.0
  0
CIRCLE
  5
1571
  8
0
  6
CONTINUOUS
 62
     7
 10
-149.1743707792418
 20
-27.99979999999999
 30
0.0
 40
2.25
  0
CIRCLE
  5
1572
  8
0
  6
CONTINUOUS
 62
     7
 10
-168.1743707792418
 20
25.00019999999904
 30
0.0
 40
2.25
  0
CIRCLE
  5
1573
  8
0
  6
CONTINUOUS
 62
     7
 10
-158.6743707792418
 20
-1.499799999999988
 30
0.0
 40
20.0
  0
CIRCLE
  5
1574
  8
0
  6
CONTINUOUS
 62
     7
 10
-158.6743707792418
 20
-1.499799999999988
 30
0.0
 40
23.130843863329599
  0
CIRCLE
  5
1575
  8
0
  6
CONTINUOUS
 62
     7
 10
-183.42310812078239
 20
23.248937341527839
 30
0.0
 40
2.25
  0
CIRCLE
  5
1576
  8
0
  6
CONTINUOUS
 62
     7
 10
-133.92563343773111
 20
23.248937341527839
 30
0.0
 40
2.25
  0
CIRCLE
  5
1577
  8
0
  6
CONTINUOUS
 62
     7
 10
-133.92563343773111
 20
-26.248537341529701
 30
0.0
 40
2.25
  0
CIRCLE
  5
1578
  8
0
  6
CONTINUOUS
 62
     7
 10
-183.42310812078239
 20
-26.248537341529701
 30
0.0
 40
2.25
  0
CIRCLE
  5
1579
  8
0
  6
CONTINUOUS
 62
     7
 10
203.35282602266341
 20
-26.248537341530611
 30
0.0
 40
2.25
  0
CIRCLE
  5
157A
  8
0
  6
CONTINUOUS
 62
     7
 10
203.35282602266341
 20
23.248937341528858
 30
0.0
 40
2.25
  0
CIRCLE
  5
157B
  8
0
  6
CONTINUOUS
 62
     7
 10
153.85535133959951
 20
23.248937341528858
 30
0.0
 40
2.25
  0
CIRCLE
  5
157C
  8
0
  6
CONTINUOUS
 62
     7
 10
153.85535133959951
 20
-26.248537341530611
 30
0.0
 40
2.25
  0
ARC
  5
159D
  8
0
  6
CONTINUOUS
 62
     7
 10
-58.158848195424177
 20
108.9176976770096
 30
0.0
 40
0.75
 50
0.0
 51
90.0
  0
ARC
  5
159E
  8
0
  6
CONTINUOUS
 62
     7
 10
-58.282915930366592
 20
108.9176976770096
 30
0.0
 40
0.75
 50
90.0
 51
169.6951535313965
  0
ARC
  5
159F
  8
0
  6
CONTINUOUS
 62
     7
 10
-56.533427454244809
 20
51.825657157660721
 30
0.0
 40
3.4499999999984481
 50
340.00000000004508
 51
0.00000000000944
  0
ARC
  5
15A0
  8
0
  6
CONTINUOUS
 62
     7
 10
-56.533427454244922
 20
51.825657157658377
 30
0.0
 40
8.5499999999970857
 50
340.00000000004718
 51
0.00000000001943
  0
ARC
  5
15A1
  8
0
  6
DASH_CENTER
 62
     1
 10
-56.533427454247551
 20
51.825657157661297
 30
0.0
 40
6.0000000000000444
 50
340.0000000000378
 51
0.0
  0
LINE
  5
2119
  8
0
  6
CONTINUOUS
 62
     7
 10
-3.7100910407103811
 20
99.058800867874695
 30
0.0
 11
3.9269531789290109
 21
106.69584508751311
 31
0.0
  0
LINE
  5
211A
  8
0
  6
CONTINUOUS
 62
     7
 10
-4.027998109422354
 20
114.65079637586091
 30
0.0
 11
3.9269531789290109
 21
106.69584508751311
 31
0.0
  0
LINE
  5
211B
  8
0
  6
CONTINUOUS
 62
     7
 10
-13.256008202809991
 20
110.0189803601847
 30
0.0
 11
-6.3260951482776591
 21
116.94889341471711
 31
0.0
  0
LINE
  5
211C
  8
0
  6
CONTINUOUS
 62
     7
 10
-16.190788253207408
 20
120.0949650836196
 30
0.0
 11
-9.6854058662889884
 21
113.5895826967066
 31
0.0
  0
LINE
  5
211D
  8
0
  6
CONTINUOUS
 62
     7
 10
-19.054283808541751
 20
117.23146952828711
 30
0.0
 11
-12.54890142162696
 21
110.7260871413678
 31
0.0
  0
LINE
  5
211E
  8
0
  6
CONTINUOUS
 62
     7
 10
-10.073803357826931
 20
113.2011852051651
 30
0.0
 11
-16.579185744745359
 21
119.7065675920808
 31
0.0
  0
LINE
  5
211F
  8
0
  6
CONTINUOUS
 62
     7
 10
-16.579185744745359
 20
119.7065675920808
 30
0.0
 11
-19.054283808541751
 21
117.23146952828711
 31
0.0
  0
LINE
  5
2120
  8
0
  6
CONTINUOUS
 62
     7
 10
-3.7100666567954459
 20
100.47303881416561
 30
0.0
 11
-13.256008202809991
 21
110.0189803601847
 31
0.0
  0
LINE
  5
2121
  8
0
  6
CONTINUOUS
 62
     7
 10
-4.417197821897048
 20
99.765907649061361
 30
0.0
 11
-3.7100910407103811
 21
99.058800867874695
 31
0.0
  0
LINE
  5
2122
  8
0
  6
CONTINUOUS
 62
     7
 10
2.5127396161345801
 20
106.6958450870912
 30
0.0
 11
3.2200122070520361
 21
105.9886212729248
 31
0.0
  0
LINE
  5
2123
  8
0
  6
CONTINUOUS
 62
     7
 10
2.5127396161345801
 20
106.6958450870912
 30
0.0
 11
3.219846397321247
 21
105.9887383059063
 31
0.0
  0
LINE
  5
2124
  8
0
  6
CONTINUOUS
 62
     7
 10
1.098526054179614
 20
113.0598061181913
 30
0.0
 11
-2.983031402703658
 21
115.8854997421908
 31
0.0
  0
LINE
  5
2125
  8
0
  6
CONTINUOUS
 62
     7
 10
-4.027998109422354
 20
115.7114565476418
 30
0.0
 11
-3.940268972716352
 21
115.79918568434501
 31
0.0
  0
LINE
  5
2126
  8
0
  6
CONTINUOUS
 62
     7
 10
0.9815538719079768
 20
114.3570474982903
 30
0.0
 11
-4.032476031051031
 21
117.82829896957131
 31
0.0
  0
LINE
  5
2127
  8
0
  6
CONTINUOUS
 62
     7
 10
-4.032476031051031
 20
117.82829896957131
 30
0.0
 11
-4.5583281953109909
 21
117.3024468053132
 31
0.0
  0
LINE
  5
2128
  8
0
  6
CONTINUOUS
 62
     7
 10
1.098526054179614
 20
113.0598061181913
 30
0.0
 11
1.98240953066704
 21
113.9436895946742
 31
0.0
  0
LINE
  5
2129
  8
0
  6
CONTINUOUS
 62
     7
 10
1.2753027494776461
 20
114.65079637586091
 30
0.0
 11
0.9815538719079768
 21
114.3570474982903
 31
0.0
  0
LINE
  5
212A
  8
0
  6
CONTINUOUS
 62
     7
 10
1.98240953066704
 20
113.9436895946742
 30
0.0
 11
1.2753027494776461
 21
114.65079637586091
 31
0.0
  0
LINE
  5
212B
  8
0
  6
CONTINUOUS
 62
     7
 10
-7.503727502331115
 20
120.01390174778361
 30
0.0
 11
-4.6777356891849413
 21
117.1879099346402
 31
0.0
  0
LINE
  5
212C
  8
0
  6
CONTINUOUS
 62
     7
 10
-8.2108342835159611
 20
119.3067949665988
 30
0.0
 11
-7.503727502331115
 21
120.01390174778361
 31
0.0
  0
LINE
  5
212D
  8
0
  6
CONTINUOUS
 62
     7
 10
-8.2108342835159611
 20
119.3067949665988
 30
0.0
 11
-8.7411643694064196
 21
119.8371250524883
 31
0.0
  0
LINE
  5
212E
  8
0
  6
CONTINUOUS
 62
     7
 10
-1.5887706971503801
 20
102.5943347738062
 30
0.0
 11
-0.8816639159655322
 21
101.8872279926231
 31
0.0
  0
LINE
  5
212F
  8
0
  6
CONTINUOUS
 62
     7
 10
-4.417197821897048
 20
99.765907649061361
 30
0.0
 11
-1.5887706971503801
 21
102.5943347738062
 31
0.0
  0
LINE
  5
2130
  8
0
  6
CONTINUOUS
 62
     7
 10
1.0985748215965701
 20
105.2815827585668
 30
0.0
 11
1.8058474125140249
 21
104.57435894439691
 31
0.0
  0
LINE
  5
2131
  8
0
  6
CONTINUOUS
 62
     7
 10
1.0985260529199641
 20
105.28163152388009
 30
0.0
 11
2.5127396161345801
 21
106.6958450870912
 31
0.0
  0
LINE
  5
2132
  8
0
  6
CONTINUOUS
 62
     7
 10
-7.2103078024944116
 20
116.0646807605022
 30
0.0
 11
-13.715690189411021
 21
122.5700631474142
 31
0.0
  0
LINE
  5
2133
  8
0
  6
CONTINUOUS
 62
     7
 10
-13.715690189411021
 20
122.5700631474142
 30
0.0
 11
-16.190788253207408
 21
120.0949650836196
 31
0.0
  0
LINE
  5
2134
  8
0
  6
CONTINUOUS
 62
     7
 10
-7.3269508070303573
 20
122.3119987866407
 30
0.0
 11
-8.3876109788130861
 21
121.9584453960483
 31
0.0
  0
LINE
  5
2135
  8
0
  6
CONTINUOUS
 62
     7
 10
-9.0947177599997513
 20
121.2513386148607
 30
0.0
 11
-8.3876109788130861
 21
121.9584453960483
 31
0.0
  0
LINE
  5
2136
  8
0
  6
CONTINUOUS
 62
     7
 10
-7.3269508070303573
 20
122.3119987866407
 30
0.0
 11
-0.167494647521039
 21
115.1525426271278
 31
0.0
  0
LINE
  5
2137
  8
0
  6
CONTINUOUS
 62
     7
 10
-8.7411643694064196
 20
119.8371250524883
 30
0.0
 11
-9.0947177599997513
 21
121.2513386148607
 31
0.0
  0
LINE
  5
2138
  8
0
  6
CONTINUOUS
 62
     7
 10
13.51557933887795
 20
90.000200000001826
 30
0.0
 11
0.3734437151473458
 21
103.1423356237315
 31
0.0
  0
LINE
  5
2139
  8
0
  6
CONTINUOUS
 62
     7
 10
10.929792901252201
 20
94.000200000001797
 30
0.0
 11
13.51557933887795
 21
91.414413562373355
 31
0.0
  0
LINE
  5
213A
  8
0
  6
CONTINUOUS
 62
     7
 10
1.080550496334012
 20
103.849442404919
 30
0.0
 11
9.929792901252199
 21
95.000200000001826
 31
0.0
  0
LINE
  5
213B
  8
0
  6
CONTINUOUS
 62
     7
 10
-0.3336630660384117
 20
102.4352288425457
 30
0.0
 11
13.10136577650462
 21
89.000200000001797
 31
0.0
  0
LINE
  5
2157
  8
0
  6
CONTINUOUS
 62
     7
 10
32.115579338576602
 20
23.50019999998182
 30
0.0
 11
34.31557933914587
 21
23.50019999998182
 31
0.0
  0
LINE
  5
215B
  8
0
  6
CONTINUOUS
 62
     7
 10
34.315579339143042
 20
-26.499799999985441
 30
0.0
 11
32.115579338576602
 21
-26.49979999998089
 31
0.0
  0
LINE
  5
2161
  8
0
  6
CONTINUOUS
 62
     7
 10
61.315579338557313
 20
-6.999799999999988
 30
0.0
 11
34.815579339272183
 21
-6.999799999999988
 31
0.0
  0
LINE
  5
2162
  8
0
  6
CONTINUOUS
 62
     7
 10
61.81557933855732
 20
-6.499799999999988
 30
0.0
 11
61.315579338557313
 21
-6.999799999999988
 31
0.0
  0
LINE
  5
2163
  8
0
  6
CONTINUOUS
 62
     7
 10
61.81557933855732
 20
3.5002000000000089
 30
0.0
 11
61.81557933855732
 21
-6.499799999999988
 31
0.0
  0
LINE
  5
2164
  8
0
  6
CONTINUOUS
 62
     7
 10
61.315579338557313
 20
4.0002000000000093
 30
0.0
 11
61.81557933855732
 21
3.5002000000000089
 31
0.0
  0
LINE
  5
2165
  8
0
  6
CONTINUOUS
 62
     7
 10
34.815579339272183
 20
4.0002000000000093
 30
0.0
 11
61.315579338557313
 21
4.0002000000000093
 31
0.0
  0
LINE
  5
2168
  8
0
  6
CONTINUOUS
 62
     7
 10
-18.38442066142045
 20
36.100199999987638
 30
0.0
 11
-13.38442066142045
 21
36.100199999987638
 31
0.0
  0
LINE
  5
2169
  8
0
  6
CONTINUOUS
 62
     7
 10
-13.284420661419171
 20
36.200199999986182
 30
0.0
 11
-13.284420661419171
 21
39.868949999986903
 31
0.0
  0
LINE
  5
216A
  8
0
  6
CONTINUOUS
 62
     7
 10
-5.8844206614204477
 20
36.200199999986182
 30
0.0
 11
-5.8844206614204477
 21
41.500199999987252
 31
0.0
  0
LINE
  5
216B
  8
0
  6
CONTINUOUS
 62
     7
 10
-0.8844206614204495
 20
41.500199999987252
 30
0.0
 11
-0.8844206614204495
 21
36.200199999986182
 31
0.0
  0
LINE
  5
216C
  8
0
  6
CONTINUOUS
 62
     7
 10
-0.9844206614199038
 20
36.100199999987638
 30
0.0
 11
-5.7844206614191762
 21
36.100199999987638
 31
0.0
  0
LINE
  5
216D
  8
0
  6
CONTINUOUS
 62
     7
 10
-18.38442066142045
 20
29.50019999998819
 30
0.0
 11
3.0155793385800962
 21
29.500199999989089
 31
0.0
  0
LINE
  5
216E
  8
0
  6
CONTINUOUS
 62
     7
 10
-18.38442066142045
 20
36.415352515572131
 30
0.0
 11
-18.38442066142045
 21
29.50019999998819
 31
0.0
  0
LINE
  5
216F
  8
0
  6
CONTINUOUS
 62
     7
 10
-17.874681901049481
 20
37.286928052695259
 30
0.0
 11
-10.841040973868189
 21
41.243351074237182
 31
0.0
  0
LINE
  5
2170
  8
0
  6
CONTINUOUS
 62
     7
 10
-9.8605184945992033
 20
41.500199999987252
 30
0.0
 11
2.0155793385800962
 21
41.500199999987252
 31
0.0
  0
LINE
  5
2171
  8
0
  6
CONTINUOUS
 62
     7
 10
3.0155793385800962
 20
40.500199999987267
 30
0.0
 11
3.0155793385800962
 21
29.00019999998818
 31
0.0
  0
LINE
  5
2172
  8
0
  6
CONTINUOUS
 62
     7
 10
-13.284420661419171
 20
37.000200000001833
 30
0.0
 11
-5.8844206614204477
 21
37.000200000001833
 31
0.0
  0
LINE
  5
2173
  8
0
  6
CONTINUOUS
 62
     7
 10
-0.8844206614204495
 20
37.000200000001833
 30
0.0
 11
3.0155793385800962
 21
37.000200000001833
 31
0.0
  0
LINE
  5
21B7
  8
0
  6
CONTINUOUS
 62
     7
 10
-5.5344206614191762
 20
36.100199999987638
 30
0.0
 11
-5.5344206614191762
 21
36.550199999990177
 31
0.0
  0
LINE
  5
21B8
  8
0
  6
CONTINUOUS
 62
     7
 10
-1.2344206614199029
 20
36.100199999987638
 30
0.0
 11
-1.2344206614199029
 21
36.550199999990177
 31
0.0
  0
LINE
  5
21B9
  8
0
  6
CONTINUOUS
 62
     7
 10
-5.5344206614191762
 20
36.550199999990177
 30
0.0
 11
-1.2344206614199029
 21
36.550199999990177
 31
0.0
  0
LINE
  5
21BA
  8
0
  6
CONTINUOUS
 62
     7
 10
-5.0824651254698656
 20
37.144054493275291
 30
0.0
 11
-5.1344206614204477
 21
36.550199999990177
 31
0.0
  0
LINE
  5
21BB
  8
0
  6
CONTINUOUS
 62
     7
 10
-1.6344206614204491
 20
36.550199999990177
 30
0.0
 11
-1.6863761973692131
 21
37.144054493275291
 31
0.0
  0
LINE
  5
21BC
  8
0
  6
CONTINUOUS
 62
     7
 10
-14.034420661419171
 20
36.550199999990177
 30
0.0
 11
-14.08637619736885
 21
37.144054493275291
 31
0.0
  0
LINE
  5
21BD
  8
0
  6
CONTINUOUS
 62
     7
 10
-17.4824651254795
 20
37.144054493275291
 30
0.0
 11
-17.534420661419169
 21
36.550199999990177
 31
0.0
  0
LINE
  5
21BE
  8
0
  6
CONTINUOUS
 62
     7
 10
-17.934420661418809
 20
36.550199999990177
 30
0.0
 11
-13.63442066142045
 21
36.550199999990177
 31
0.0
  0
LINE
  5
21BF
  8
0
  6
CONTINUOUS
 62
     7
 10
-13.63442066142045
 20
36.100199999987638
 30
0.0
 11
-13.63442066142045
 21
36.550199999990177
 31
0.0
  0
LINE
  5
21C0
  8
0
  6
CONTINUOUS
 62
     7
 10
-17.934420661418809
 20
36.100199999987638
 30
0.0
 11
-17.934420661418809
 21
36.550199999990177
 31
0.0
  0
LINE
  5
21C3
  8
0
  6
DASH_CENTER
 62
     1
 10
-3.3844206614204491
 20
34.600199999987652
 30
0.0
 11
-3.3844206614204491
 21
39.350199999987652
 31
0.0
  0
LINE
  5
21C4
  8
0
  6
DASH_CENTER
 62
     1
 10
-15.784420661419171
 20
34.600199999987652
 30
0.0
 11
-15.784420661419171
 21
39.350199999987652
 31
0.0
  0
LINE
  5
21DF
  8
0
  6
CONTINUOUS
 62
     7
 10
34.815579339272183
 20
-25.999799999858109
 30
0.0
 11
34.815579339272183
 21
23.00019999985631
 31
0.0
  0
LINE
  5
21E0
  8
0
  6
CONTINUOUS
 62
     7
 10
34.81557933914587
 20
-25.999799999983619
 30
0.0
 11
34.31557933914587
 21
-26.499799999983619
 31
0.0
  0
LINE
  5
21E1
  8
0
  6
CONTINUOUS
 62
     7
 10
34.81557933914587
 20
23.00019999998182
 30
0.0
 11
34.31557933914587
 21
23.50019999998182
 31
0.0
  0
LINE
  5
21E7
  8
0
  6
CONTINUOUS
 62
     7
 10
32.115879338572313
 20
-68.508456792578215
 30
0.0
 11
34.315879339951039
 21
-68.508456792578215
 31
0.0
  0
LINE
  5
21EA
  8
0
  6
CONTINUOUS
 62
     7
 10
34.315879338592246
 20
-118.5084567925437
 30
0.0
 11
32.115879338572313
 21
-118.5084567925428
 31
0.0
  0
LINE
  5
21FD
  8
0
  6
CONTINUOUS
 62
     7
 10
34.81587933993103
 20
-69.00845679257823
 30
0.0
 11
34.815879338612262
 21
-118.0084567925437
 31
0.0
  0
LINE
  5
21FE
  8
0
  6
CONTINUOUS
 62
     7
 10
34.815879338612262
 20
-118.0084567925437
 30
0.0
 11
34.315879338592246
 21
-118.5084567925437
 31
0.0
  0
LINE
  5
21FF
  8
0
  6
CONTINUOUS
 62
     7
 10
34.81587933993103
 20
-69.00845679257823
 30
0.0
 11
34.315879339951039
 21
-68.508456792578215
 31
0.0
  0
LINE
  5
2209
  8
0
  6
CONTINUOUS
 62
     7
 10
-171.77437077924131
 20
36.600199999997649
 30
0.0
 11
-171.82632631519181
 21
37.194054493285492
 31
0.0
  0
LINE
  5
220A
  8
0
  6
CONTINUOUS
 62
     7
 10
-173.52437077924131
 20
36.600199999997649
 30
0.0
 11
-171.37437077925071
 21
36.600199999997649
 31
0.0
  0
LINE
  5
220B
  8
0
  6
CONTINUOUS
 62
     7
 10
-171.37437077925071
 20
36.100199999997649
 30
0.0
 11
-171.37437077925071
 21
36.600199999997649
 31
0.0
  0
LINE
  5
225D
  8
0
  6
CONTINUOUS
 62
     7
 10
-160.77437077924131
 20
41.500199999999097
 30
0.0
 11
-150.52437077924219
 21
41.500199999999097
 31
0.0
  0
LINE
  5
225E
  8
0
  6
CONTINUOUS
 62
     7
 10
-175.6743707792418
 20
36.600199999997649
 30
0.0
 11
-175.6743707792418
 21
36.100199999997649
 31
0.0
  0
LINE
  5
225F
  8
0
  6
CONTINUOUS
 62
     7
 10
-175.6743707792418
 20
36.600199999997649
 30
0.0
 11
-173.52437077924131
 21
36.600199999997649
 31
0.0
  0
LINE
  5
2260
  8
0
  6
CONTINUOUS
 62
     7
 10
-175.2224152433007
 20
37.194054493285492
 30
0.0
 11
-175.27437077924131
 21
36.600199999997649
 31
0.0
  0
LINE
  5
2264
  8
0
  6
CONTINUOUS
 62
     7
 10
-176.17437077926181
 20
36.100199999997649
 30
0.0
 11
-176.17437077926181
 21
29.600199999997649
 31
0.0
  0
LINE
  5
2265
  8
0
  6
CONTINUOUS
 62
     7
 10
-176.0743707792524
 20
29.500199999999111
 30
0.0
 11
-171.1743707792418
 21
29.500199999999111
 31
0.0
  0
LINE
  5
2267
  8
0
  6
CONTINUOUS
 62
     7
 10
-176.0064210735826
 20
37.25212455849357
 30
0.0
 11
-173.47123731510121
 21
41.054900196224096
 31
0.0
  0
LINE
  5
2268
  8
0
  6
CONTINUOUS
 62
     7
 10
-176.17437077926181
 20
36.697424362267682
 30
0.0
 11
-176.17437077926181
 21
36.100199999997649
 31
0.0
  0
LINE
  5
2269
  8
0
  6
CONTINUOUS
 62
     7
 10
-172.63918702075239
 20
41.500199999999097
 30
0.0
 11
-171.02437077924131
 21
41.500199999999097
 31
0.0
  0
LINE
  5
226B
  8
0
  6
CONTINUOUS
 62
     7
 10
-171.02437077924131
 20
41.500199999999097
 30
0.0
 11
-160.77437077924131
 21
41.500199999999097
 31
0.0
  0
LINE
  5
226C
  8
0
  6
CONTINUOUS
 62
     7
 10
-174.2618707792524
 20
39.868949999999657
 30
0.0
 11
-173.52437077924131
 21
39.868949999999657
 31
0.0
  0
LINE
  5
226D
  8
0
  6
CONTINUOUS
 62
     7
 10
-171.1743707792418
 20
36.100199999997649
 30
0.0
 11
-176.0743707792524
 21
36.100199999997649
 31
0.0
  0
LINE
  5
226E
  8
0
  6
CONTINUOUS
 62
     7
 10
-145.47437077925201
 20
36.100199999997649
 30
0.0
 11
-146.1743707792418
 21
36.100199999997649
 31
0.0
  0
LINE
  5
226F
  8
0
  6
CONTINUOUS
 62
     7
 10
-148.02437077924131
 20
39.868949999999657
 30
0.0
 11
-147.2868707792519
 21
39.868949999999657
 31
0.0
  0
LINE
  5
2271
  8
0
  6
CONTINUOUS
 62
     7
 10
-150.52437077924219
 20
41.500199999999097
 30
0.0
 11
-148.9095545377312
 21
41.500199999999097
 31
0.0
  0
LINE
  5
2272
  8
0
  6
CONTINUOUS
 62
     7
 10
-145.37437077925071
 20
36.100199999997649
 30
0.0
 11
-145.37437077925071
 21
36.697424362267682
 31
0.0
  0
LINE
  5
2273
  8
0
  6
CONTINUOUS
 62
     7
 10
-148.07750424340219
 20
41.054900196224096
 30
0.0
 11
-145.54232048492099
 21
37.25212455849357
 31
0.0
  0
LINE
  5
2275
  8
0
  6
CONTINUOUS
 62
     7
 10
-146.1743707792418
 20
29.500199999999111
 30
0.0
 11
-145.47437077925201
 21
29.500199999999111
 31
0.0
  0
LINE
  5
2276
  8
0
  6
CONTINUOUS
 62
     7
 10
-145.37437077925071
 20
29.600199999997649
 30
0.0
 11
-145.37437077925071
 21
36.100199999997649
 31
0.0
  0
LINE
  5
227A
  8
0
  6
CONTINUOUS
 62
     7
 10
-146.1743707792418
 20
36.600199999997649
 30
0.0
 11
-145.87437077925071
 21
36.600199999997649
 31
0.0
  0
LINE
  5
227B
  8
0
  6
CONTINUOUS
 62
     7
 10
-145.87437077925071
 20
36.100199999997649
 30
0.0
 11
-145.87437077925071
 21
36.600199999997649
 31
0.0
  0
LINE
  5
2337
  8
0
  6
CONTINUOUS
 62
     7
 10
18.865579338879229
 20
62.250200000001811
 30
0.0
 11
18.865579338879229
 21
76.500200000001811
 31
0.0
  0
LINE
  5
2338
  8
0
  6
CONTINUOUS
 62
     7
 10
12.165579338879409
 20
76.500200000001811
 30
0.0
 11
12.165579338879409
 21
62.250200000001811
 31
0.0
  0
LINE
  5
2339
  8
0
  6
CONTINUOUS
 62
     7
 10
9.6153563409173994
 20
94.000200000001797
 30
0.0
 11
21.415802336840329
 21
94.000200000001797
 31
0.0
  0
LINE
  5
233A
  8
0
  6
CONTINUOUS
 62
     7
 10
9.6153563409173994
 20
95.000200000001826
 30
0.0
 11
9.6153563409173994
 21
94.000200000001797
 31
0.0
  0
LINE
  5
233B
  8
0
  6
CONTINUOUS
 62
     7
 10
10.615390824984731
 20
95.000200000001826
 30
0.0
 11
9.6153563409173994
 21
95.000200000001826
 31
0.0
  0
LINE
  5
233C
  8
0
  6
CONTINUOUS
 62
     7
 10
10.615390824984731
 20
95.000200000001826
 30
0.0
 11
10.615390824984731
 21
105.2502000000018
 31
0.0
  0
LINE
  5
233D
  8
0
  6
CONTINUOUS
 62
     7
 10
21.415802336840329
 20
94.000200000001797
 30
0.0
 11
21.415802336840329
 21
95.000200000001826
 31
0.0
  0
LINE
  5
233E
  8
0
  6
CONTINUOUS
 62
     7
 10
21.415802336840329
 20
95.000200000001826
 30
0.0
 11
20.415767852773911
 21
95.000200000001826
 31
0.0
  0
LINE
  5
233F
  8
0
  6
CONTINUOUS
 62
     7
 10
20.415767852773911
 20
108.5002000000018
 30
0.0
 11
20.415767852773911
 21
95.000200000001826
 31
0.0
  0
LINE
  5
2340
  8
0
  6
CONTINUOUS
 62
     7
 10
9.7413230900423269
 20
106.0002000000018
 30
0.0
 11
9.8653908249847273
 21
106.0002000000018
 31
0.0
  0
LINE
  5
2341
  8
0
  6
CONTINUOUS
 62
     7
 10
9.0034206574649698
 20
105.38436407865041
 30
0.0
 11
8.1153908249847273
 21
100.5002000000018
 31
0.0
  0
LINE
  5
2342
  8
0
  6
CONTINUOUS
 62
     7
 10
6.8653908249847282
 20
100.5002000000018
 30
0.0
 11
8.1153908249847273
 21
100.5002000000018
 31
0.0
  0
LINE
  5
2343
  8
0
  6
CONTINUOUS
 62
     7
 10
6.8653908249847282
 20
101.5002000000018
 30
0.0
 11
6.8653908249847282
 21
100.5002000000018
 31
0.0
  0
LINE
  5
2344
  8
0
  6
CONTINUOUS
 62
     7
 10
7.2808144715748977
 20
101.5002000000018
 30
0.0
 11
6.8653908249847282
 21
101.5002000000018
 31
0.0
  0
LINE
  5
2345
  8
0
  6
CONTINUOUS
 62
     7
 10
7.2808144715748977
 20
101.5002000000018
 30
0.0
 11
8.3717235624839041
 21
107.5002000000018
 31
0.0
  0
LINE
  5
2346
  8
0
  6
CONTINUOUS
 62
     7
 10
9.1153908249847273
 20
107.5002000000018
 30
0.0
 11
8.3717235624839041
 21
107.5002000000018
 31
0.0
  0
LINE
  5
2347
  8
0
  6
CONTINUOUS
 62
     7
 10
20.415767852773911
 20
108.5002000000018
 30
0.0
 11
10.615390824984731
 21
108.5002000000018
 31
0.0
  0
LINE
  5
2348
  8
0
  6
CONTINUOUS
 62
     7
 10
11.61585633521133
 20
108.4997000000007
 30
0.0
 11
11.615356335209411
 21
94.000000000001435
 31
0.0
  0
LINE
  5
2349
  8
0
  6
CONTINUOUS
 62
     7
 10
7.5308144715748977
 20
102.8752000000018
 30
0.0
 11
7.5308144715748977
 21
113.0002000000018
 31
0.0
  0
LINE
  5
234A
  8
0
  6
CONTINUOUS
 62
     7
 10
8.5308144715748995
 20
113.5002000000018
 30
0.0
 11
7.5308144715748977
 21
113.0002000000018
 31
0.0
  0
LINE
  5
234B
  8
0
  6
CONTINUOUS
 62
     7
 10
8.5308144715748995
 20
113.5002000000018
 30
0.0
 11
9.5308144715748995
 21
113.5002000000018
 31
0.0
  0
LINE
  5
234C
  8
0
  6
CONTINUOUS
 62
     7
 10
9.5308144715748995
 20
113.5002000000018
 30
0.0
 11
10.280814471574899
 21
112.2502000000018
 31
0.0
  0
LINE
  5
234D
  8
0
  6
CONTINUOUS
 62
     7
 10
10.280814471574899
 20
112.2502000000018
 30
0.0
 11
10.280814471574899
 21
111.5002000000018
 31
0.0
  0
LINE
  5
234E
  8
0
  6
CONTINUOUS
 62
     7
 10
9.2808144715748995
 20
111.5002000000018
 30
0.0
 11
10.280814471574899
 21
111.5002000000018
 31
0.0
  0
LINE
  5
234F
  8
0
  6
CONTINUOUS
 62
     7
 10
9.2808144715748995
 20
107.5036440506988
 30
0.0
 11
9.2808144715748995
 21
111.5002000000018
 31
0.0
  0
LINE
  5
2350
  8
0
  6
CONTINUOUS
 62
     7
 10
11.73926850369241
 20
108.5002000000018
 30
0.0
 11
11.73926850369241
 21
117.7001999999988
 31
0.0
  0
LINE
  5
2351
  8
0
  6
CONTINUOUS
 62
     7
 10
11.73926850369241
 20
117.7001999999988
 30
0.0
 11
15.23926850369241
 21
117.7001999999988
 31
0.0
  0
LINE
  5
2352
  8
0
  6
CONTINUOUS
 62
     7
 10
15.23926850369241
 20
117.7001999999988
 30
0.0
 11
15.23926850369241
 21
108.5002000000018
 31
0.0
  0
LINE
  5
2353
  8
0
  6
CONTINUOUS
 62
     7
 10
15.78926850369441
 20
108.5002000000018
 30
0.0
 11
15.78926850369441
 21
117.7001999999988
 31
0.0
  0
LINE
  5
2354
  8
0
  6
CONTINUOUS
 62
     7
 10
15.78926850369441
 20
117.7001999999988
 30
0.0
 11
19.289268503694409
 21
117.7001999999988
 31
0.0
  0
LINE
  5
2355
  8
0
  6
CONTINUOUS
 62
     7
 10
19.289268503694409
 20
117.7001999999988
 30
0.0
 11
19.289268503694409
 21
108.5002000000018
 31
0.0
  0
LINE
  5
2356
  8
0
  6
CONTINUOUS
 62
     7
 10
17.515579338877949
 20
94.000200000001797
 30
0.0
 11
17.515579338877949
 21
89.000200000001797
 31
0.0
  0
LINE
  5
2357
  8
0
  6
CONTINUOUS
 62
     7
 10
16.515579338877949
 20
94.000200000001797
 30
0.0
 11
16.515579338877949
 21
89.000200000001797
 31
0.0
  0
LINE
  5
2358
  8
0
  6
CONTINUOUS
 62
     7
 10
15.51557933887795
 20
94.000200000001797
 30
0.0
 11
15.51557933887795
 21
89.000200000001797
 31
0.0
  0
LINE
  5
2359
  8
0
  6
CONTINUOUS
 62
     7
 10
14.51557933887795
 20
94.000200000001797
 30
0.0
 11
14.51557933887795
 21
89.000200000001797
 31
0.0
  0
LINE
  5
235A
  8
0
  6
CONTINUOUS
 62
     7
 10
13.51557933887795
 20
94.000200000001797
 30
0.0
 11
13.51557933887795
 21
89.000200000001797
 31
0.0
  0
LINE
  5
235B
  8
0
  6
CONTINUOUS
 62
     7
 10
18.86557933887741
 20
89.000200000001797
 30
0.0
 11
12.165579338879409
 21
89.000200000001797
 31
0.0
  0
LINE
  5
235C
  8
0
  6
CONTINUOUS
 62
     7
 10
12.165579338879409
 20
89.000200000001797
 30
0.0
 11
12.165579338879409
 21
86.426033024919491
 31
0.0
  0
LINE
  5
235D
  8
0
  6
CONTINUOUS
 62
     7
 10
12.165579338879409
 20
86.426033024919491
 30
0.0
 11
11.715579338879589
 21
84.000200000001797
 31
0.0
  0
LINE
  5
235E
  8
0
  6
CONTINUOUS
 62
     7
 10
11.715579338879589
 20
84.000200000001797
 30
0.0
 11
11.715579338879589
 21
76.500200000001811
 31
0.0
  0
LINE
  5
235F
  8
0
  6
CONTINUOUS
 62
     7
 10
11.715579338879589
 20
76.500200000001811
 30
0.0
 11
19.315579338879051
 21
76.500200000001811
 31
0.0
  0
LINE
  5
2360
  8
0
  6
CONTINUOUS
 62
     7
 10
19.315579338879051
 20
76.500200000001811
 30
0.0
 11
19.315579338879051
 21
84.000200000001797
 31
0.0
  0
LINE
  5
2361
  8
0
  6
CONTINUOUS
 62
     7
 10
19.315579338879051
 20
84.000200000001797
 30
0.0
 11
18.86557933887741
 21
86.426033024919491
 31
0.0
  0
LINE
  5
2362
  8
0
  6
CONTINUOUS
 62
     7
 10
18.86557933887741
 20
86.426033024919491
 30
0.0
 11
18.86557933887741
 21
89.000200000001797
 31
0.0
  0
LINE
  5
2364
  8
0
  6
CONTINUOUS
 62
     7
 10
12.165579338879409
 20
60.750200000001833
 30
0.0
 11
12.165579338879409
 21
41.850200000002189
 31
0.0
  0
LINE
  5
2365
  8
0
  6
CONTINUOUS
 62
     7
 10
18.865579338879229
 20
41.850200000002189
 30
0.0
 11
18.865579338879229
 21
60.750200000001833
 31
0.0
  0
LINE
  5
2366
  8
0
  6
DASH_CENTER
 62
     1
 10
15.51557933887795
 20
41.850200000002189
 30
0.0
 11
15.51557933887795
 21
122.7001999999988
 31
0.0
  0
LINE
  5
2367
  8
0
  6
CONTINUOUS
 62
     7
 10
7.16557933887941
 20
36.850200000002189
 30
0.0
 11
5.6155793385800052
 21
36.850200000002189
 31
0.0
  0
LINE
  5
2368
  8
0
  6
DASH_CENTER
 62
     1
 10
0.5155793388784105
 20
33.500200000001819
 30
0.0
 11
7.16557933887941
 21
33.500200000001819
 31
0.0
  0
LINE
  5
2369
  8
0
  6
CONTINUOUS
 62
     7
 10
5.6155793385800052
 20
30.150200000001458
 30
0.0
 11
7.16557933887941
 21
30.150200000001458
 31
0.0
  0
LINE
  5
236B
  8
0
  6
CONTINUOUS
 62
     7
 10
187.3753134973806
 20
29.068814129706539
 30
0.0
 11
186.64732538964591
 21
34.323569556495052
 31
0.0
  0
LINE
  5
236C
  8
0
  6
CONTINUOUS
 62
     7
 10
174.7608519726185
 20
34.323569556495052
 30
0.0
 11
174.03286386488381
 21
29.068814129706539
 31
0.0
  0
LINE
  5
237A
  8
0
  6
CONTINUOUS
 62
     7
 10
180.70408868113219
 20
28.50020000000006
 30
0.0
 11
195.604088681131
 21
28.50020000000006
 31
0.0
  0
LINE
  5
237B
  8
0
  6
CONTINUOUS
 62
     7
 10
165.8040886811317
 20
28.50020000000006
 30
0.0
 11
180.70408868113219
 21
28.50020000000006
 31
0.0
  0
LINE
  5
237E
  8
0
  6
CONTINUOUS
 62
     7
 10
165.30408868113159
 20
36.697424362271363
 30
0.0
 11
165.30408868113159
 21
29.600200000000431
 31
0.0
  0
LINE
  5
2380
  8
0
  6
CONTINUOUS
 62
     7
 10
165.47203838679459
 20
37.252124558494529
 30
0.0
 11
168.00722214528139
 21
41.054900196223223
 31
0.0
  0
LINE
  5
2381
  8
0
  6
CONTINUOUS
 62
     7
 10
168.83927243961941
 20
41.500200000000063
 30
0.0
 11
192.5689049226433
 21
41.500200000000063
 31
0.0
  0
LINE
  5
2383
  8
0
  6
CONTINUOUS
 62
     7
 10
165.40408868113019
 20
29.500200000000049
 30
0.0
 11
174.09262759466969
 21
29.500200000000049
 31
0.0
  0
LINE
  5
2384
  8
0
  6
CONTINUOUS
 62
     7
 10
187.31554976759469
 20
29.500200000000049
 30
0.0
 11
196.00408868113331
 21
29.500200000000049
 31
0.0
  0
LINE
  5
2386
  8
0
  6
CONTINUOUS
 62
     7
 10
193.40095521698129
 20
41.054900196223223
 30
0.0
 11
195.9361389754697
 21
37.252124558494529
 31
0.0
  0
LINE
  5
2388
  8
0
  6
CONTINUOUS
 62
     7
 10
196.104088681131
 20
29.600200000000431
 30
0.0
 11
196.104088681131
 21
36.697424362271363
 31
0.0
  0
LINE
  5
238B
  8
0
  6
DASH_CENTER
 62
     1
 10
175.604088681131
 20
33.500200000000063
 30
0.0
 11
185.80408868113159
 21
33.500200000000063
 31
0.0
  0
LINE
  5
238E
  8
0
  6
DASH_CENTER
 62
     1
 10
125.9040886811356
 20
128.50020000000009
 30
0.0
 11
173.60408868113089
 21
128.50020000000009
 31
0.0
  0
LINE
  5
238F
  8
0
  6
DASH_CENTER
 62
     1
 10
141.104088681131
 20
146.50020000000009
 30
0.0
 11
171.104088681131
 21
146.50020000000009
 31
0.0
  0
LINE
  5
2391
  8
0
  6
CONTINUOUS
 62
     7
 10
168.60408868113089
 20
144.50020000000009
 30
0.0
 11
168.60408868113089
 21
148.50020000000009
 31
0.0
  0
LINE
  5
2396
  8
0
  6
CONTINUOUS
 62
     7
 10
135.1040886826579
 20
158.50020000000009
 30
0.0
 11
138.604088681131
 21
158.50020000000009
 31
0.0
  0
LINE
  5
2397
  8
0
  6
CONTINUOUS
 62
     7
 10
135.10408868104
 20
98.500200000010068
 30
0.0
 11
138.604088681131
 21
98.500200000000063
 31
0.0
  0
LINE
  5
2398
  8
0
  6
CONTINUOUS
 62
     7
 10
138.604088681131
 20
158.50020000000009
 30
0.0
 11
138.604088681131
 21
98.500200000000063
 31
0.0
  0
LINE
  5
2399
  8
0
  6
CONTINUOUS
 62
     7
 10
138.9040886811311
 20
153.50020000000009
 30
0.0
 11
141.104088681131
 21
153.50020000000009
 31
0.0
  0
LINE
  5
239A
  8
0
  6
CONTINUOUS
 62
     7
 10
141.104088681131
 20
153.50020000000009
 30
0.0
 11
141.60408868113089
 21
153.00020000000009
 31
0.0
  0
LINE
  5
239B
  8
0
  6
CONTINUOUS
 62
     7
 10
141.60408868113089
 20
153.00020000000009
 30
0.0
 11
141.60408868113089
 21
104.00020000000011
 31
0.0
  0
LINE
  5
239C
  8
0
  6
CONTINUOUS
 62
     7
 10
141.104088681131
 20
103.50020000000011
 30
0.0
 11
138.9040886811311
 21
103.50020000000011
 31
0.0
  0
LINE
  5
239D
  8
0
  6
CONTINUOUS
 62
     7
 10
141.60408868113089
 20
104.00020000000011
 30
0.0
 11
141.104088681131
 21
103.50020000000011
 31
0.0
  0
LINE
  5
23A3
  8
0
  6
DASH_CENTER
 62
     1
 10
228.604088681131
 20
140.50020000000009
 30
0.0
 11
228.604088681131
 21
116.50020000000011
 31
0.0
  0
LINE
  5
23A4
  8
0
  6
DASH_CENTER
 62
     1
 10
216.604088681131
 20
128.50020000000009
 30
0.0
 11
240.604088681131
 21
128.50020000000009
 31
0.0
  0
LINE
  5
23AE
  8
0
  6
CONTINUOUS
 62
     7
 10
3.1155793385900079
 20
40.000199999988169
 30
0.0
 11
5.1155793385800052
 21
40.000199999988169
 31
0.0
  0
LINE
  5
23AF
  8
0
  6
CONTINUOUS
 62
     7
 10
5.6155793385800052
 20
39.50019999998819
 30
0.0
 11
5.6155793385800052
 21
29.00019999998818
 31
0.0
  0
ARC
  5
23B1
  8
0
  6
CONTINUOUS
 62
     7
 10
-5.6895248442593811
 20
118.36223597232819
 30
0.0
 40
1.5500835258502479
 50
245.753171144585
 51
316.86669380366209
  0
ARC
  5
23B8
  8
0
  6
CONTINUOUS
 62
     7
 10
32.115579338576602
 20
23.8001999999811
 30
0.0
 40
0.2999999999992653
 50
180.000000000521
 51
270.0
  0
ARC
  5
23B9
  8
0
  6
CONTINUOUS
 62
     7
 10
32.115579338576602
 20
-26.799799999981978
 30
0.0
 40
0.3000000000010878
 50
90.0
 51
179.9999999986097
  0
ARC
  5
23BA
  8
0
  6
CONTINUOUS
 62
     7
 10
-13.38442066142045
 20
36.200199999986182
 30
0.0
 40
0.0999999999985377
 50
270.0
 51
0.0
  0
ARC
  5
23BB
  8
0
  6
CONTINUOUS
 62
     7
 10
-5.7844206614191762
 20
36.200199999986182
 30
0.0
 40
0.1000000000012697
 50
180.0
 51
270.0
  0
ARC
  5
23BC
  8
0
  6
CONTINUOUS
 62
     7
 10
-0.9844206614199038
 20
36.200199999986182
 30
0.0
 40
0.0999999999985377
 50
270.0
 51
0.0
  0
ARC
  5
23BD
  8
0
  6
CONTINUOUS
 62
     7
 10
-17.38442066142045
 20
36.415352515572131
 30
0.0
 40
0.9999999999970416
 50
119.3577535426566
 51
180.0
  0
ARC
  5
23BE
  8
0
  6
CONTINUOUS
 62
     7
 10
-9.8605184946092077
 20
39.500200000000909
 30
0.0
 40
1.9999999999863629
 50
89.999999999713395
 51
119.357753542821
  0
ARC
  5
23BF
  8
0
  6
CONTINUOUS
 62
     7
 10
2.0155793385800962
 20
40.500199999987267
 30
0.0
 40
1.0
 50
0.0
 51
90.0
  0
ARC
  5
23C0
  8
0
  6
CONTINUOUS
 62
     7
 10
-17.88442066142045
 20
29.000199999989089
 30
0.0
 40
0.5
 50
90.0
 51
270.0
  0
ARC
  5
23C1
  8
0
  6
CONTINUOUS
 62
     7
 10
2.5155793385800949
 20
29.00019999998818
 30
0.0
 40
0.5
 50
270.0
 51
90.0
  0
ARC
  5
23CC
  8
0
  6
CONTINUOUS
 62
     7
 10
-2.284093016219344
 20
37.091761047625887
 30
0.0
 40
0.5999999999951735
 50
5.0000000001183853
 51
73.612312870110401
  0
ARC
  5
23CD
  8
0
  6
CONTINUOUS
 62
     7
 10
-3.3844206614204491
 20
33.350199999987652
 30
0.0
 40
4.4999999999986926
 50
73.612312869682668
 51
90.0
  0
ARC
  5
23CE
  8
0
  6
CONTINUOUS
 62
     7
 10
-4.4847483066188261
 20
37.091761047625887
 30
0.0
 40
0.5999999999995223
 50
106.38768713005931
 51
174.9999999998889
  0
ARC
  5
23CF
  8
0
  6
CONTINUOUS
 62
     7
 10
-3.3844206614204491
 20
33.350199999987652
 30
0.0
 40
4.5
 50
90.0
 51
106.3876871303105
  0
ARC
  5
23D0
  8
0
  6
CONTINUOUS
 62
     7
 10
-15.784420661419171
 20
33.350199999987652
 30
0.0
 40
4.5
 50
90.0
 51
106.3876871303105
  0
ARC
  5
23D1
  8
0
  6
CONTINUOUS
 62
     7
 10
-16.884748306619361
 20
37.091761047625887
 30
0.0
 40
0.5999999999990096
 50
106.3876871298896
 51
174.99999999996459
  0
ARC
  5
23D2
  8
0
  6
CONTINUOUS
 62
     7
 10
-15.784420661419171
 20
33.350199999987652
 30
0.0
 40
4.499999999998181
 50
73.612312869703047
 51
90.0
  0
ARC
  5
23D3
  8
0
  6
CONTINUOUS
 62
     7
 10
-14.68409301621989
 20
37.091761047625887
 30
0.0
 40
0.5999999999960796
 50
5.0000000001109308
 51
73.612312870110401
  0
ARC
  5
23E4
  8
0
  6
CONTINUOUS
 62
     7
 10
32.115879338572313
 20
-68.208456792578971
 30
0.0
 40
0.3000000000001748
 50
180.0000000003474
 51
270.0
  0
ARC
  5
23E5
  8
0
  6
CONTINUOUS
 62
     7
 10
32.115879338572313
 20
-118.808456792542
 30
0.0
 40
0.2999999999992013
 50
90.0
 51
179.99999999845289
  0
ARC
  5
23E6
  8
0
  6
CONTINUOUS
 62
     7
 10
-173.52437077924131
 20
33.40019999999965
 30
0.0
 40
4.4999999999990736
 50
73.612312869703075
 51
90.0
  0
ARC
  5
23E7
  8
0
  6
CONTINUOUS
 62
     7
 10
-172.424043134052
 20
37.141761047640621
 30
0.0
 40
0.6000000000048292
 50
4.9999999996023634
 51
73.612312869139515
  0
ARC
  5
2419
  8
0
  6
CONTINUOUS
 62
     7
 10
-174.62469842445239
 20
37.141761047640621
 30
0.0
 40
0.599999999999822
 50
106.38768713077221
 51
175.00000000029769
  0
ARC
  5
241A
  8
0
  6
CONTINUOUS
 62
     7
 10
-173.52437077924131
 20
33.40019999999965
 30
0.0
 40
4.5
 50
90.0
 51
106.3876871305481
  0
ARC
  5
241B
  8
0
  6
CONTINUOUS
 62
     7
 10
-176.0743707792524
 20
36.000199999999097
 30
0.0
 40
0.0999999999985519
 50
90.0
 51
180.0
  0
ARC
  5
241C
  8
0
  6
CONTINUOUS
 62
     7
 10
-176.0743707792524
 20
29.600199999997649
 30
0.0
 40
0.1000000000093735
 50
180.0
 51
270.0
  0
ARC
  5
241D
  8
0
  6
CONTINUOUS
 62
     7
 10
-175.17437077926181
 20
36.697424362267682
 30
0.0
 40
0.9999999999861078
 50
146.30993247344321
 51
180.0
  0
ARC
  5
241E
  8
0
  6
CONTINUOUS
 62
     7
 10
-172.63918702075239
 20
40.500199999999097
 30
0.0
 40
1.0
 50
90.0
 51
146.30993247438099
  0
ARC
  5
241F
  8
0
  6
CONTINUOUS
 62
     7
 10
-173.52437077924131
 20
37.368949999999657
 30
0.0
 40
2.4999999999977982
 50
84.260829522725373
 51
90.0
  0
ARC
  5
2420
  8
0
  6
CONTINUOUS
 62
     7
 10
-175.67437077926181
 20
29.000199999999111
 30
0.0
 40
0.5
 50
90.0
 51
270.0
  0
ARC
  5
2421
  8
0
  6
CONTINUOUS
 62
     7
 10
-173.52437077924131
 20
37.368949999999657
 30
0.0
 40
2.4999999999944178
 50
27.624760462983801
 51
84.260829522725373
  0
ARC
  5
2422
  8
0
  6
CONTINUOUS
 62
     7
 10
-148.02437077924131
 20
37.368949999999657
 30
0.0
 40
2.4999999999977982
 50
95.739170477274627
 51
152.37523953723331
  0
ARC
  5
2423
  8
0
  6
CONTINUOUS
 62
     7
 10
-145.87437077925071
 20
29.000199999999111
 30
0.0
 40
0.4999999999995337
 50
281.53695903392838
 51
90.0
  0
ARC
  5
2424
  8
0
  6
CONTINUOUS
 62
     7
 10
-148.02437077924131
 20
37.368949999999657
 30
0.0
 40
2.5
 50
90.0
 51
95.739170477274627
  0
ARC
  5
2425
  8
0
  6
CONTINUOUS
 62
     7
 10
-148.9095545377312
 20
40.500199999999097
 30
0.0
 40
0.9999999999924224
 50
33.690067526252683
 51
90.0
  0
ARC
  5
2426
  8
0
  6
CONTINUOUS
 62
     7
 10
-146.37437077925071
 20
36.697424362267682
 30
0.0
 40
1.0
 50
0.0
 51
33.690067526273253
  0
ARC
  5
2427
  8
0
  6
CONTINUOUS
 62
     7
 10
-145.47437077925201
 20
29.600199999997649
 30
0.0
 40
0.0999999999985484
 50
270.0
 51
0.0
  0
ARC
  5
2428
  8
0
  6
CONTINUOUS
 62
     7
 10
-145.47437077925201
 20
36.000199999999097
 30
0.0
 40
0.1000000000013017
 50
0.0
 51
90.0
  0
ARC
  5
242B
  8
0
  6
CONTINUOUS
 62
     7
 10
-148.02437077924131
 20
37.368949999999657
 30
0.0
 40
2.5000000000128511
 50
152.37523953723331
 51
172.06990076195021
  0
ARC
  5
242C
  8
0
  6
CONTINUOUS
 62
     7
 10
-173.52437077924131
 20
37.368949999999657
 30
0.0
 40
2.4999999999882272
 50
7.6192759133260424
 51
27.624760462983801
  0
ARC
  5
2449
  8
0
  6
CONTINUOUS
 62
     7
 10
9.1658835396841596
 20
109.0494609279535
 30
0.0
 40
1.550083525851254
 50
268.13330619645831
 51
339.24682885547458
  0
ARC
  5
244A
  8
0
  6
DASH_CENTER
 62
     1
 10
7.16557933887941
 20
41.850200000002189
 30
0.0
 40
8.350000000000362
 50
270.0
 51
0.0
  0
ARC
  5
244B
  8
0
  6
CONTINUOUS
 62
     7
 10
7.16557933887941
 20
41.850200000002189
 30
0.0
 40
11.700000000000729
 50
270.0
 51
0.0
  0
ARC
  5
244C
  8
0
  6
CONTINUOUS
 62
     7
 10
180.70408868113219
 20
33.500200000000063
 30
0.0
 40
5.9999999999989821
 50
7.8874891423190894
 51
172.1125108576808
  0
ARC
  5
244D
  8
0
  6
CONTINUOUS
 62
     7
 10
178.604088681131
 20
-1.4997999999999929
 30
0.0
 40
25.49999999998181
 50
270.0
 51
90.0
  0
ARC
  5
244E
  8
0
  6
CONTINUOUS
 62
     7
 10
178.604088681131
 20
-1.4997999999999929
 30
0.0
 40
25.499999999981821
 50
90.0
 51
270.0
  0
ARC
  5
2457
  8
0
  6
CONTINUOUS
 62
     7
 10
195.604088681131
 20
29.00020000000006
 30
0.0
 40
0.5
 50
270.0
 51
90.0
  0
ARC
  5
2458
  8
0
  6
CONTINUOUS
 62
     7
 10
165.8040886811317
 20
29.00020000000006
 30
0.0
 40
0.5
 50
90.0
 51
270.0
  0
ARC
  5
2459
  8
0
  6
CONTINUOUS
 62
     7
 10
196.00408868113331
 20
29.600200000000431
 30
0.0
 40
0.1000000000003709
 50
270.0
 51
0.0
  0
ARC
  5
245A
  8
0
  6
CONTINUOUS
 62
     7
 10
165.40408868113019
 20
29.600200000000431
 30
0.0
 40
0.0999999999986017
 50
180.0
 51
270.0
  0
ARC
  5
245B
  8
0
  6
CONTINUOUS
 62
     7
 10
166.30408868113159
 20
36.697424362271363
 30
0.0
 40
0.9999999999981728
 50
146.3099324740902
 51
180.0
  0
ARC
  5
245C
  8
0
  6
CONTINUOUS
 62
     7
 10
168.83927243961941
 20
40.500200000000063
 30
0.0
 40
1.0
 50
90.0
 51
146.3099324741232
  0
ARC
  5
245D
  8
0
  6
CONTINUOUS
 62
     7
 10
192.5689049226433
 20
40.500200000000063
 30
0.0
 40
0.9999999999989055
 50
33.690067525878042
 51
90.0
  0
ARC
  5
245E
  8
0
  6
CONTINUOUS
 62
     7
 10
195.10408868113089
 20
36.697424362271363
 30
0.0
 40
1.0
 50
0.0
 51
33.690067525852399
  0
ARC
  5
2465
  8
0
  6
CONTINUOUS
 62
     7
 10
5.1155793385800052
 20
29.00019999998818
 30
0.0
 40
0.5
 50
270.0
 51
0.0
  0
CIRCLE
  5
2481
  8
0
  6
CONTINUOUS
 62
     7
 10
180.70408868113219
 20
33.500200000000063
 30
0.0
 40
3.2000000000007272
  0
CIRCLE
  5
2482
  8
0
  6
CONTINUOUS
 62
     7
 10
178.604088681131
 20
-1.499799999998173
 30
0.0
 40
9.0
  0
CIRCLE
  5
2484
  8
0
  6
CONTINUOUS
 62
     2
 10
228.604088681131
 20
128.50020000000009
 30
0.0
 40
2.0
  0
CIRCLE
  5
2485
  8
0
  6
CONTINUOUS
 62
     7
 10
228.604088681131
 20
128.50020000000009
 30
0.0
 40
1.6000000000000001
  0
POLYLINE
  8
0
  5
2DC3
  62
2
  66
     1
 10
0.000000
 20
0.000000
 30
0.000000
  70
     8
  0
VERTEX
  8
0
  5
2DC4
 10
12.1656
 20
60.7502
 30
0.000000
  70
    32
  0
VERTEX
  8
0
  5
2DC5
 10
12.1956
 20
60.7569
 30
0.000000
  70
    32
  0
VERTEX
  8
0
  5
2DC6
 10
12.2257
 20
60.7636
 30
0.000000
  70
    32
  0
VERTEX
  8
0
  5
2DC7
 10
12.2557
 20
60.7704
 30
0.000000
  70
    32
  0
VERTEX
  8
0
  5
2DC8
 10
12.2858
 20
60.7771
 30
0.000000
  70
    32
  0
VERTEX
  8
0
  5
2DC9
 10
12.3158
 20
60.7837
 30
0.000000
  70
    32
  0
VERTEX
  8
0
  5
2DCA
 10
12.3458
 20
60.7904
 30
0.000000
  70
    32
  0
VERTEX
  8
0
  5
2DCB
 10
12.3759
 20
60.7970
 30
0.000000
  70
    32
  0
VERTEX
  8
0
  5
2DCC
 10
12.4059
 20
60.8036
 30
0.000000
  70
    32
  0
VERTEX
  8
0
  5
2DCD
 10
12.4360
 20
60.8102
 30
0.000000
  70
    32
  0
VERTEX
  8
0
  5
2DCE
 10
12.4660
 20
60.8167
 30
0.000000
  70
    32
  0
VERTEX
  8
0
  5
2DCF
 10
12.4961
 20
60.8232
 30
0.000000
  70
    32
  0
VERTEX
  8
0
  5
2DD0
 10
12.5261
 20
60.8297
 30
0.000000
  70
    32
  0
VERTEX
  8
0
  5
2DD1
 10
12.5562
 20
60.8361
 30
0.000000
  70
    32
  0
VERTEX
  8
0
  5
2DD2
 10
12.5862
 20
60.8424
 30
0.000000
  70
    32
  0
VERTEX
  8
0
  5
2DD3
 10
12.6163
 20
60.8487
 30
0.000000
  70
    32
  0
VERTEX
  8
0
  5
2DD4
 10
12.6463
 20
60.8549
 30
0.000000
  70
    32
  0
VERTEX
  8
0
  5
2DD5
 10
12.6763
 20
60.8610
 30
0.000000
  70
    32
  0
VERTEX
  8
0
  5
2DD6
 10
12.7064
 20
60.8671
 30
0.000000
  70
    32
  0
VERTEX
  8
0
  5
2DD7
 10
12.7364
 20
60.8731
 30
0.000000
  70
    32
  0
VERTEX
  8
0
  5
2DD8
 10
12.7665
 20
60.8790
 30
0.000000
  70
    32
  0
VERTEX
  8
0
  5
2DD9
 10
12.7965
 20
60.8848
 30
0.000000
  70
    32
  0
VERTEX
  8
0
  5
2DDA
 10
12.8266
 20
60.8905
 30
0.000000
  70
    32
  0
VERTEX
  8
0
  5
2DDB
 10
12.8566
 20
60.8961
 30
0.000000
  70
    32
  0
VERTEX
  8
0
  5
2DDC
 10
12.8867
 20
60.9017
 30
0.000000
  70
    32
  0
VERTEX
  8
0
  5
2DDD
 10
12.9167
 20
60.9071
 30
0.000000
  70
    32
  0
VERTEX
  8
0
  5
2DDE
 10
12.9467
 20
60.9124
 30
0.000000
  70
    32
  0
VERTEX
  8
0
  5
2DDF
 10
12.9768
 20
60.9176
 30
0.000000
  70
    32
  0
VERTEX
  8
0
  5
2DE0
 10
13.0068
 20
60.9227
 30
0.000000
  70
    32
  0
VERTEX
  8
0
  5
2DE1
 10
13.0369
 20
60.9277
 30
0.000000
  70
    32
  0
VERTEX
  8
0
  5
2DE2
 10
13.0669
 20
60.9325
 30
0.000000
  70
    32
  0
VERTEX
  8
0
  5
2DE3
 10
13.0970
 20
60.9372
 30
0.000000
  70
    32
  0
VERTEX
  8
0
  5
2DE4
 10
13.1270
 20
60.9418
 30
0.000000
  70
    32
  0
VERTEX
  8
0
  5
2DE5
 10
13.1571
 20
60.9462
 30
0.000000
  70
    32
  0
VERTEX
  8
0
  5
2DE6
 10
13.1871
 20
60.9505
 30
0.000000
  70
    32
  0
VERTEX
  8
0
  5
2DE7
 10
13.2171
 20
60.9547
 30
0.000000
  70
    32
  0
VERTEX
  8
0
  5
2DE8
 10
13.2472
 20
60.9587
 30
0.000000
  70
    32
  0
VERTEX
  8
0
  5
2DE9
 10
13.2772
 20
60.9625
 30
0.000000
  70
    32
  0
VERTEX
  8
0
  5
2DEA
 10
13.3073
 20
60.9662
 30
0.000000
  70
    32
  0
VERTEX
  8
0
  5
2DEB
 10
13.3373
 20
60.9697
 30
0.000000
  70
    32
  0
VERTEX
  8
0
  5
2DEC
 10
13.3674
 20
60.9731
 30
0.000000
  70
    32
  0
VERTEX
  8
0
  5
2DED
 10
13.3974
 20
60.9763
 30
0.000000
  70
    32
  0
VERTEX
  8
0
  5
2DEE
 10
13.4275
 20
60.9793
 30
0.000000
  70
    32
  0
VERTEX
  8
0
  5
2DEF
 10
13.4575
 20
60.9821
 30
0.000000
  70
    32
  0
VERTEX
  8
0
  5
2DF0
 10
13.4876
 20
60.9847
 30
0.000000
  70
    32
  0
VERTEX
  8
0
  5
2DF1
 10
13.5176
 20
60.9872
 30
0.000000
  70
    32
  0
VERTEX
  8
0
  5
2DF2
 10
13.5476
 20
60.9894
 30
0.000000
  70
    32
  0
VERTEX
  8
0
  5
2DF3
 10
13.5777
 20
60.9914
 30
0.000000
  70
    32
  0
VERTEX
  8
0
  5
2DF4
 10
13.6077
 20
60.9933
 30
0.000000
  70
    32
  0
VERTEX
  8
0
  5
2DF5
 10
13.6378
 20
60.9949
 30
0.000000
  70
    32
  0
VERTEX
  8
0
  5
2DF6
 10
13.6678
 20
60.9963
 30
0.000000
  70
    32
  0
VERTEX
  8
0
  5
2DF7
 10
13.6979
 20
60.9976
 30
0.000000
  70
    32
  0
VERTEX
  8
0
  5
2DF8
 10
13.7279
 20
60.9985
 30
0.000000
  70
    32
  0
VERTEX
  8
0
  5
2DF9
 10
13.7580
 20
60.9993
 30
0.000000
  70
    32
  0
VERTEX
  8
0
  5
2DFA
 10
13.7880
 20
60.9998
 30
0.000000
  70
    32
  0
VERTEX
  8
0
  5
2DFB
 10
13.8180
 20
61.0001
 30
0.000000
  70
    32
  0
VERTEX
  8
0
  5
2DFC
 10
13.8481
 20
61.0002
 30
0.000000
  70
    32
  0
VERTEX
  8
0
  5
2DFD
 10
13.8781
 20
61.0000
 30
0.000000
  70
    32
  0
VERTEX
  8
0
  5
2DFE
 10
13.9082
 20
60.9996
 30
0.000000
  70
    32
  0
VERTEX
  8
0
  5
2DFF
 10
13.9382
 20
60.9990
 30
0.000000
  70
    32
  0
VERTEX
  8
0
  5
2E00
 10
13.9683
 20
60.9981
 30
0.000000
  70
    32
  0
VERTEX
  8
0
  5
2E01
 10
13.9983
 20
60.9970
 30
0.000000
  70
    32
  0
VERTEX
  8
0
  5
2E02
 10
14.0284
 20
60.9957
 30
0.000000
  70
    32
  0
VERTEX
  8
0
  5
2E03
 10
14.0584
 20
60.9941
 30
0.000000
  70
    32
  0
VERTEX
  8
0
  5
2E04
 10
14.0884
 20
60.9924
 30
0.000000
  70
    32
  0
VERTEX
  8
0
  5
2E05
 10
14.1185
 20
60.9904
 30
0.000000
  70
    32
  0
VERTEX
  8
0
  5
2E06
 10
14.1485
 20
60.9883
 30
0.000000
  70
    32
  0
VERTEX
  8
0
  5
2E07
 10
14.1786
 20
60.9860
 30
0.000000
  70
    32
  0
VERTEX
  8
0
  5
2E08
 10
14.2086
 20
60.9834
 30
0.000000
  70
    32
  0
VERTEX
  8
0
  5
2E09
 10
14.2387
 20
60.9807
 30
0.000000
  70
    32
  0
VERTEX
  8
0
  5
2E0A
 10
14.2687
 20
60.9778
 30
0.000000
  70
    32
  0
VERTEX
  8
0
  5
2E0B
 10
14.2988
 20
60.9747
 30
0.000000
  70
    32
  0
VERTEX
  8
0
  5
2E0C
 10
14.3288
 20
60.9714
 30
0.000000
  70
    32
  0
VERTEX
  8
0
  5
2E0D
 10
14.3589
 20
60.9680
 30
0.000000
  70
    32
  0
VERTEX
  8
0
  5
2E0E
 10
14.3889
 20
60.9644
 30
0.000000
  70
    32
  0
VERTEX
  8
0
  5
2E0F
 10
14.4189
 20
60.9606
 30
0.000000
  70
    32
  0
VERTEX
  8
0
  5
2E10
 10
14.4490
 20
60.9567
 30
0.000000
  70
    32
  0
VERTEX
  8
0
  5
2E11
 10
14.4790
 20
60.9526
 30
0.000000
  70
    32
  0
VERTEX
  8
0
  5
2E12
 10
14.5091
 20
60.9484
 30
0.000000
  70
    32
  0
VERTEX
  8
0
  5
2E13
 10
14.5391
 20
60.9440
 30
0.000000
  70
    32
  0
VERTEX
  8
0
  5
2E14
 10
14.5692
 20
60.9395
 30
0.000000
  70
    32
  0
VERTEX
  8
0
  5
2E15
 10
14.5992
 20
60.9349
 30
0.000000
  70
    32
  0
VERTEX
  8
0
  5
2E16
 10
14.6293
 20
60.9301
 30
0.000000
  70
    32
  0
VERTEX
  8
0
  5
2E17
 10
14.6593
 20
60.9252
 30
0.000000
  70
    32
  0
VERTEX
  8
0
  5
2E18
 10
14.6893
 20
60.9202
 30
0.000000
  70
    32
  0
VERTEX
  8
0
  5
2E19
 10
14.7194
 20
60.9150
 30
0.000000
  70
    32
  0
VERTEX
  8
0
  5
2E1A
 10
14.7494
 20
60.9098
 30
0.000000
  70
    32
  0
VERTEX
  8
0
  5
2E1B
 10
14.7795
 20
60.9044
 30
0.000000
  70
    32
  0
VERTEX
  8
0
  5
2E1C
 10
14.8095
 20
60.8989
 30
0.000000
  70
    32
  0
VERTEX
  8
0
  5
2E1D
 10
14.8396
 20
60.8933
 30
0.000000
  70
    32
  0
VERTEX
  8
0
  5
2E1E
 10
14.8696
 20
60.8876
 30
0.000000
  70
    32
  0
VERTEX
  8
0
  5
2E1F
 10
14.8997
 20
60.8819
 30
0.000000
  70
    32
  0
VERTEX
  8
0
  5
2E20
 10
14.9297
 20
60.8760
 30
0.000000
  70
    32
  0
VERTEX
  8
0
  5
2E21
 10
14.9597
 20
60.8701
 30
0.000000
  70
    32
  0
VERTEX
  8
0
  5
2E22
 10
14.9898
 20
60.8640
 30
0.000000
  70
    32
  0
VERTEX
  8
0
  5
2E23
 10
15.0198
 20
60.8579
 30
0.000000
  70
    32
  0
VERTEX
  8
0
  5
2E24
 10
15.0499
 20
60.8518
 30
0.000000
  70
    32
  0
VERTEX
  8
0
  5
2E25
 10
15.0799
 20
60.8455
 30
0.000000
  70
    32
  0
VERTEX
  8
0
  5
2E26
 10
15.1100
 20
60.8392
 30
0.000000
  70
    32
  0
VERTEX
  8
0
  5
2E27
 10
15.1400
 20
60.8329
 30
0.000000
  70
    32
  0
VERTEX
  8
0
  5
2E28
 10
15.1701
 20
60.8265
 30
0.000000
  70
    32
  0
VERTEX
  8
0
  5
2E29
 10
15.2001
 20
60.8200
 30
0.000000
  70
    32
  0
VERTEX
  8
0
  5
2E2A
 10
15.2302
 20
60.8135
 30
0.000000
  70
    32
  0
VERTEX
  8
0
  5
2E2B
 10
15.2602
 20
60.8069
 30
0.000000
  70
    32
  0
VERTEX
  8
0
  5
2E2C
 10
15.2902
 20
60.8003
 30
0.000000
  70
    32
  0
VERTEX
  8
0
  5
2E2D
 10
15.3203
 20
60.7937
 30
0.000000
  70
    32
  0
VERTEX
  8
0
  5
2E2E
 10
15.3503
 20
60.7871
 30
0.000000
  70
    32
  0
VERTEX
  8
0
  5
2E2F
 10
15.3804
 20
60.7804
 30
0.000000
  70
    32
  0
VERTEX
  8
0
  5
2E30
 10
15.4104
 20
60.7737
 30
0.000000
  70
    32
  0
VERTEX
  8
0
  5
2E31
 10
15.4405
 20
60.7670
 30
0.000000
  70
    32
  0
VERTEX
  8
0
  5
2E32
 10
15.4705
 20
60.7603
 30
0.000000
  70
    32
  0
VERTEX
  8
0
  5
2E33
 10
15.5006
 20
60.7536
 30
0.000000
  70
    32
  0
VERTEX
  8
0
  5
2E34
 10
15.5306
 20
60.7468
 30
0.000000
  70
    32
  0
VERTEX
  8
0
  5
2E35
 10
15.5606
 20
60.7401
 30
0.000000
  70
    32
  0
VERTEX
  8
0
  5
2E36
 10
15.5907
 20
60.7334
 30
0.000000
  70
    32
  0
VERTEX
  8
0
  5
2E37
 10
15.6207
 20
60.7267
 30
0.000000
  70
    32
  0
VERTEX
  8
0
  5
2E38
 10
15.6508
 20
60.7200
 30
0.000000
  70
    32
  0
VERTEX
  8
0
  5
2E39
 10
15.6808
 20
60.7133
 30
0.000000
  70
    32
  0
VERTEX
  8
0
  5
2E3A
 10
15.7109
 20
60.7067
 30
0.000000
  70
    32
  0
VERTEX
  8
0
  5
2E3B
 10
15.7409
 20
60.7001
 30
0.000000
  70
    32
  0
VERTEX
  8
0
  5
2E3C
 10
15.7710
 20
60.6935
 30
0.000000
  70
    32
  0
VERTEX
  8
0
  5
2E3D
 10
15.8010
 20
60.6869
 30
0.000000
  70
    32
  0
VERTEX
  8
0
  5
2E3E
 10
15.8311
 20
60.6804
 30
0.000000
  70
    32
  0
VERTEX
  8
0
  5
2E3F
 10
15.8611
 20
60.6739
 30
0.000000
  70
    32
  0
VERTEX
  8
0
  5
2E40
 10
15.8911
 20
60.6675
 30
0.000000
  70
    32
  0
VERTEX
  8
0
  5
2E41
 10
15.9212
 20
60.6612
 30
0.000000
  70
    32
  0
VERTEX
  8
0
  5
2E42
 10
15.9512
 20
60.6549
 30
0.000000
  70
    32
  0
VERTEX
  8
0
  5
2E43
 10
15.9813
 20
60.6486
 30
0.000000
  70
    32
  0
VERTEX
  8
0
  5
2E44
 10
16.0113
 20
60.6425
 30
0.000000
  70
    32
  0
VERTEX
  8
0
  5
2E45
 10
16.0414
 20
60.6364
 30
0.000000
  70
    32
  0
VERTEX
  8
0
  5
2E46
 10
16.0714
 20
60.6303
 30
0.000000
  70
    32
  0
VERTEX
  8
0
  5
2E47
 10
16.1015
 20
60.6244
 30
0.000000
  70
    32
  0
VERTEX
  8
0
  5
2E48
 10
16.1315
 20
60.6185
 30
0.000000
  70
    32
  0
VERTEX
  8
0
  5
2E49
 10
16.1615
 20
60.6128
 30
0.000000
  70
    32
  0
VERTEX
  8
0
  5
2E4A
 10
16.1916
 20
60.6071
 30
0.000000
  70
    32
  0
VERTEX
  8
0
  5
2E4B
 10
16.2216
 20
60.6015
 30
0.000000
  70
    32
  0
VERTEX
  8
0
  5
2E4C
 10
16.2517
 20
60.5960
 30
0.000000
  70
    32
  0
VERTEX
  8
0
  5
2E4D
 10
16.2817
 20
60.5906
 30
0.000000
  70
    32
  0
VERTEX
  8
0
  5
2E4E
 10
16.3118
 20
60.5854
 30
0.000000
  70
    32
  0
VERTEX
  8
0
  5
2E4F
 10
16.3418
 20
60.5802
 30
0.000000
  70
    32
  0
VERTEX
  8
0
  5
2E50
 10
16.3719
 20
60.5752
 30
0.000000
  70
    32
  0
VERTEX
  8
0
  5
2E51
 10
16.4019
 20
60.5703
 30
0.000000
  70
    32
  0
VERTEX
  8
0
  5
2E52
 10
16.4319
 20
60.5655
 30
0.000000
  70
    32
  0
VERTEX
  8
0
  5
2E53
 10
16.4620
 20
60.5609
 30
0.000000
  70
    32
  0
VERTEX
  8
0
  5
2E54
 10
16.4920
 20
60.5564
 30
0.000000
  70
    32
  0
VERTEX
  8
0
  5
2E55
 10
16.5221
 20
60.5520
 30
0.000000
  70
    32
  0
VERTEX
  8
0
  5
2E56
 10
16.5521
 20
60.5478
 30
0.000000
  70
    32
  0
VERTEX
  8
0
  5
2E57
 10
16.5822
 20
60.5437
 30
0.000000
  70
    32
  0
VERTEX
  8
0
  5
2E58
 10
16.6122
 20
60.5398
 30
0.000000
  70
    32
  0
VERTEX
  8
0
  5
2E59
 10
16.6423
 20
60.5360
 30
0.000000
  70
    32
  0
VERTEX
  8
0
  5
2E5A
 10
16.6723
 20
60.5324
 30
0.000000
  70
    32
  0
VERTEX
  8
0
  5
2E5B
 10
16.7024
 20
60.5290
 30
0.000000
  70
    32
  0
VERTEX
  8
0
  5
2E5C
 10
16.7324
 20
60.5257
 30
0.000000
  70
    32
  0
VERTEX
  8
0
  5
2E5D
 10
16.7624
 20
60.5226
 30
0.000000
  70
    32
  0
VERTEX
  8
0
  5
2E5E
 10
16.7925
 20
60.5197
 30
0.000000
  70
    32
  0
VERTEX
  8
0
  5
2E5F
 10
16.8225
 20
60.5170
 30
0.000000
  70
    32
  0
VERTEX
  8
0
  5
2E60
 10
16.8526
 20
60.5144
 30
0.000000
  70
    32
  0
VERTEX
  8
0
  5
2E61
 10
16.8826
 20
60.5121
 30
0.000000
  70
    32
  0
VERTEX
  8
0
  5
2E62
 10
16.9127
 20
60.5100
 30
0.000000
  70
    32
  0
VERTEX
  8
0
  5
2E63
 10
16.9427
 20
60.5080
 30
0.000000
  70
    32
  0
VERTEX
  8
0
  5
2E64
 10
16.9728
 20
60.5063
 30
0.000000
  70
    32
  0
VERTEX
  8
0
  5
2E65
 10
17.0028
 20
60.5047
 30
0.000000
  70
    32
  0
VERTEX
  8
0
  5
2E66
 10
17.0328
 20
60.5034
 30
0.000000
  70
    32
  0
VERTEX
  8
0
  5
2E67
 10
17.0629
 20
60.5023
 30
0.000000
  70
    32
  0
VERTEX
  8
0
  5
2E68
 10
17.0929
 20
60.5014
 30
0.000000
  70
    32
  0
VERTEX
  8
0
  5
2E69
 10
17.1230
 20
60.5008
 30
0.000000
  70
    32
  0
VERTEX
  8
0
  5
2E6A
 10
17.1530
 20
60.5004
 30
0.000000
  70
    32
  0
VERTEX
  8
0
  5
2E6B
 10
17.1831
 20
60.5002
 30
0.000000
  70
    32
  0
VERTEX
  8
0
  5
2E6C
 10
17.2131
 20
60.5003
 30
0.000000
  70
    32
  0
VERTEX
  8
0
  5
2E6D
 10
17.2432
 20
60.5006
 30
0.000000
  70
    32
  0
VERTEX
  8
0
  5
2E6E
 10
17.2732
 20
60.5011
 30
0.000000
  70
    32
  0
VERTEX
  8
0
  5
2E6F
 10
17.3032
 20
60.5019
 30
0.000000
  70
    32
  0
VERTEX
  8
0
  5
2E70
 10
17.3333
 20
60.5028
 30
0.000000
  70
    32
  0
VERTEX
  8
0
  5
2E71
 10
17.3633
 20
60.5041
 30
0.000000
  70
    32
  0
VERTEX
  8
0
  5
2E72
 10
17.3934
 20
60.5055
 30
0.000000
  70
    32
  0
VERTEX
  8
0
  5
2E73
 10
17.4234
 20
60.5071
 30
0.000000
  70
    32
  0
VERTEX
  8
0
  5
2E74
 10
17.4535
 20
60.5090
 30
0.000000
  70
    32
  0
VERTEX
  8
0
  5
2E75
 10
17.4835
 20
60.5110
 30
0.000000
  70
    32
  0
VERTEX
  8
0
  5
2E76
 10
17.5136
 20
60.5132
 30
0.000000
  70
    32
  0
VERTEX
  8
0
  5
2E77
 10
17.5436
 20
60.5157
 30
0.000000
  70
    32
  0
VERTEX
  8
0
  5
2E78
 10
17.5737
 20
60.5183
 30
0.000000
  70
    32
  0
VERTEX
  8
0
  5
2E79
 10
17.6037
 20
60.5211
 30
0.000000
  70
    32
  0
VERTEX
  8
0
  5
2E7A
 10
17.6337
 20
60.5241
 30
0.000000
  70
    32
  0
VERTEX
  8
0
  5
2E7B
 10
17.6638
 20
60.5273
 30
0.000000
  70
    32
  0
VERTEX
  8
0
  5
2E7C
 10
17.6938
 20
60.5307
 30
0.000000
  70
    32
  0
VERTEX
  8
0
  5
2E7D
 10
17.7239
 20
60.5342
 30
0.000000
  70
    32
  0
VERTEX
  8
0
  5
2E7E
 10
17.7539
 20
60.5379
 30
0.000000
  70
    32
  0
VERTEX
  8
0
  5
2E7F
 10
17.7840
 20
60.5417
 30
0.000000
  70
    32
  0
VERTEX
  8
0
  5
2E80
 10
17.8140
 20
60.5457
 30
0.000000
  70
    32
  0
VERTEX
  8
0
  5
2E81
 10
17.8441
 20
60.5499
 30
0.000000
  70
    32
  0
VERTEX
  8
0
  5
2E82
 10
17.8741
 20
60.5542
 30
0.000000
  70
    32
  0
VERTEX
  8
0
  5
2E83
 10
17.9041
 20
60.5586
 30
0.000000
  70
    32
  0
VERTEX
  8
0
  5
2E84
 10
17.9342
 20
60.5632
 30
0.000000
  70
    32
  0
VERTEX
  8
0
  5
2E85
 10
17.9642
 20
60.5679
 30
0.000000
  70
    32
  0
VERTEX
  8
0
  5
2E86
 10
17.9943
 20
60.5727
 30
0.000000
  70
    32
  0
VERTEX
  8
0
  5
2E87
 10
18.0243
 20
60.5777
 30
0.000000
  70
    32
  0
VERTEX
  8
0
  5
2E88
 10
18.0544
 20
60.5828
 30
0.000000
  70
    32
  0
VERTEX
  8
0
  5
2E89
 10
18.0844
 20
60.5880
 30
0.000000
  70
    32
  0
VERTEX
  8
0
  5
2E8A
 10
18.1145
 20
60.5933
 30
0.000000
  70
    32
  0
VERTEX
  8
0
  5
2E8B
 10
18.1445
 20
60.5987
 30
0.000000
  70
    32
  0
VERTEX
  8
0
  5
2E8C
 10
18.1745
 20
60.6043
 30
0.000000
  70
    32
  0
VERTEX
  8
0
  5
2E8D
 10
18.2046
 20
60.6099
 30
0.000000
  70
    32
  0
VERTEX
  8
0
  5
2E8E
 10
18.2346
 20
60.6156
 30
0.000000
  70
    32
  0
VERTEX
  8
0
  5
2E8F
 10
18.2647
 20
60.6214
 30
0.000000
  70
    32
  0
VERTEX
  8
0
  5
2E90
 10
18.2947
 20
60.6273
 30
0.000000
  70
    32
  0
VERTEX
  8
0
  5
2E91
 10
18.3248
 20
60.6333
 30
0.000000
  70
    32
  0
VERTEX
  8
0
  5
2E92
 10
18.3548
 20
60.6394
 30
0.000000
  70
    32
  0
VERTEX
  8
0
  5
2E93
 10
18.3849
 20
60.6455
 30
0.000000
  70
    32
  0
VERTEX
  8
0
  5
2E94
 10
18.4149
 20
60.6517
 30
0.000000
  70
    32
  0
VERTEX
  8
0
  5
2E95
 10
18.4450
 20
60.6580
 30
0.000000
  70
    32
  0
VERTEX
  8
0
  5
2E96
 10
18.4750
 20
60.6643
 30
0.000000
  70
    32
  0
VERTEX
  8
0
  5
2E97
 10
18.5050
 20
60.6707
 30
0.000000
  70
    32
  0
VERTEX
  8
0
  5
2E98
 10
18.5351
 20
60.6772
 30
0.000000
  70
    32
  0
VERTEX
  8
0
  5
2E99
 10
18.5651
 20
60.6837
 30
0.000000
  70
    32
  0
VERTEX
  8
0
  5
2E9A
 10
18.5952
 20
60.6902
 30
0.000000
  70
    32
  0
VERTEX
  8
0
  5
2E9B
 10
18.6252
 20
60.6968
 30
0.000000
  70
    32
  0
VERTEX
  8
0
  5
2E9C
 10
18.6553
 20
60.7034
 30
0.000000
  70
    32
  0
VERTEX
  8
0
  5
2E9D
 10
18.6853
 20
60.7100
 30
0.000000
  70
    32
  0
VERTEX
  8
0
  5
2E9E
 10
18.7154
 20
60.7167
 30
0.000000
  70
    32
  0
VERTEX
  8
0
  5
2E9F
 10
18.7454
 20
60.7233
 30
0.000000
  70
    32
  0
VERTEX
  8
0
  5
2EA0
 10
18.7754
 20
60.7300
 30
0.000000
  70
    32
  0
VERTEX
  8
0
  5
2EA1
 10
18.8055
 20
60.7368
 30
0.000000
  70
    32
  0
VERTEX
  8
0
  5
2EA2
 10
18.8355
 20
60.7435
 30
0.000000
  70
    32
  0
VERTEX
  8
0
  5
2EA3
 10
18.8656
 20
60.7502
 30
0.000000
  70
    32
  0
SEQEND
  8
0
  5
2EA4
  0
POLYLINE
  8
0
  5
2EA5
  62
2
  66
     1
 10
0.000000
 20
0.000000
 30
0.000000
  70
     8
  0
VERTEX
  8
0
  5
2EA6
 10
12.1656
 20
62.2502
 30
0.000000
  70
    32
  0
VERTEX
  8
0
  5
2EA7
 10
12.1956
 20
62.2569
 30
0.000000
  70
    32
  0
VERTEX
  8
0
  5
2EA8
 10
12.2257
 20
62.2636
 30
0.000000
  70
    32
  0
VERTEX
  8
0
  5
2EA9
 10
12.2557
 20
62.2704
 30
0.000000
  70
    32
  0
VERTEX
  8
0
  5
2EAA
 10
12.2858
 20
62.2771
 30
0.000000
  70
    32
  0
VERTEX
  8
0
  5
2EAB
 10
12.3158
 20
62.2837
 30
0.000000
  70
    32
  0
VERTEX
  8
0
  5
2EAC
 10
12.3458
 20
62.2904
 30
0.000000
  70
    32
  0
VERTEX
  8
0
  5
2EAD
 10
12.3759
 20
62.2970
 30
0.000000
  70
    32
  0
VERTEX
  8
0
  5
2EAE
 10
12.4059
 20
62.3036
 30
0.000000
  70
    32
  0
VERTEX
  8
0
  5
2EAF
 10
12.4360
 20
62.3102
 30
0.000000
  70
    32
  0
VERTEX
  8
0
  5
2EB0
 10
12.4660
 20
62.3167
 30
0.000000
  70
    32
  0
VERTEX
  8
0
  5
2EB1
 10
12.4961
 20
62.3232
 30
0.000000
  70
    32
  0
VERTEX
  8
0
  5
2EB2
 10
12.5261
 20
62.3297
 30
0.000000
  70
    32
  0
VERTEX
  8
0
  5
2EB3
 10
12.5562
 20
62.3361
 30
0.000000
  70
    32
  0
VERTEX
  8
0
  5
2EB4
 10
12.5862
 20
62.3424
 30
0.000000
  70
    32
  0
VERTEX
  8
0
  5
2EB5
 10
12.6163
 20
62.3487
 30
0.000000
  70
    32
  0
VERTEX
  8
0
  5
2EB6
 10
12.6463
 20
62.3549
 30
0.000000
  70
    32
  0
VERTEX
  8
0
  5
2EB7
 10
12.6763
 20
62.3610
 30
0.000000
  70
    32
  0
VERTEX
  8
0
  5
2EB8
 10
12.7064
 20
62.3671
 30
0.000000
  70
    32
  0
VERTEX
  8
0
  5
2EB9
 10
12.7364
 20
62.3731
 30
0.000000
  70
    32
  0
VERTEX
  8
0
  5
2EBA
 10
12.7665
 20
62.3790
 30
0.000000
  70
    32
  0
VERTEX
  8
0
  5
2EBB
 10
12.7965
 20
62.3848
 30
0.000000
  70
    32
  0
VERTEX
  8
0
  5
2EBC
 10
12.8266
 20
62.3905
 30
0.000000
  70
    32
  0
VERTEX
  8
0
  5
2EBD
 10
12.8566
 20
62.3961
 30
0.000000
  70
    32
  0
VERTEX
  8
0
  5
2EBE
 10
12.8867
 20
62.4017
 30
0.000000
  70
    32
  0
VERTEX
  8
0
  5
2EBF
 10
12.9167
 20
62.4071
 30
0.000000
  70
    32
  0
VERTEX
  8
0
  5
2EC0
 10
12.9467
 20
62.4124
 30
0.000000
  70
    32
  0
VERTEX
  8
0
  5
2EC1
 10
12.9768
 20
62.4176
 30
0.000000
  70
    32
  0
VERTEX
  8
0
  5
2EC2
 10
13.0068
 20
62.4227
 30
0.000000
  70
    32
  0
VERTEX
  8
0
  5
2EC3
 10
13.0369
 20
62.4277
 30
0.000000
  70
    32
  0
VERTEX
  8
0
  5
2EC4
 10
13.0669
 20
62.4325
 30
0.000000
  70
    32
  0
VERTEX
  8
0
  5
2EC5
 10
13.0970
 20
62.4372
 30
0.000000
  70
    32
  0
VERTEX
  8
0
  5
2EC6
 10
13.1270
 20
62.4418
 30
0.000000
  70
    32
  0
VERTEX
  8
0
  5
2EC7
 10
13.1571
 20
62.4462
 30
0.000000
  70
    32
  0
VERTEX
  8
0
  5
2EC8
 10
13.1871
 20
62.4505
 30
0.000000
  70
    32
  0
VERTEX
  8
0
  5
2EC9
 10
13.2171
 20
62.4547
 30
0.000000
  70
    32
  0
VERTEX
  8
0
  5
2ECA
 10
13.2472
 20
62.4587
 30
0.000000
  70
    32
  0
VERTEX
  8
0
  5
2ECB
 10
13.2772
 20
62.4625
 30
0.000000
  70
    32
  0
VERTEX
  8
0
  5
2ECC
 10
13.3073
 20
62.4662
 30
0.000000
  70
    32
  0
VERTEX
  8
0
  5
2ECD
 10
13.3373
 20
62.4697
 30
0.000000
  70
    32
  0
VERTEX
  8
0
  5
2ECE
 10
13.3674
 20
62.4731
 30
0.000000
  70
    32
  0
VERTEX
  8
0
  5
2ECF
 10
13.3974
 20
62.4763
 30
0.000000
  70
    32
  0
VERTEX
  8
0
  5
2ED0
 10
13.4275
 20
62.4793
 30
0.000000
  70
    32
  0
VERTEX
  8
0
  5
2ED1
 10
13.4575
 20
62.4821
 30
0.000000
  70
    32
  0
VERTEX
  8
0
  5
2ED2
 10
13.4876
 20
62.4847
 30
0.000000
  70
    32
  0
VERTEX
  8
0
  5
2ED3
 10
13.5176
 20
62.4872
 30
0.000000
  70
    32
  0
VERTEX
  8
0
  5
2ED4
 10
13.5476
 20
62.4894
 30
0.000000
  70
    32
  0
VERTEX
  8
0
  5
2ED5
 10
13.5777
 20
62.4914
 30
0.000000
  70
    32
  0
VERTEX
  8
0
  5
2ED6
 10
13.6077
 20
62.4933
 30
0.000000
  70
    32
  0
VERTEX
  8
0
  5
2ED7
 10
13.6378
 20
62.4949
 30
0.000000
  70
    32
  0
VERTEX
  8
0
  5
2ED8
 10
13.6678
 20
62.4963
 30
0.000000
  70
    32
  0
VERTEX
  8
0
  5
2ED9
 10
13.6979
 20
62.4976
 30
0.000000
  70
    32
  0
VERTEX
  8
0
  5
2EDA
 10
13.7279
 20
62.4985
 30
0.000000
  70
    32
  0
VERTEX
  8
0
  5
2EDB
 10
13.7580
 20
62.4993
 30
0.000000
  70
    32
  0
VERTEX
  8
0
  5
2EDC
 10
13.7880
 20
62.4998
 30
0.000000
  70
    32
  0
VERTEX
  8
0
  5
2EDD
 10
13.8180
 20
62.5001
 30
0.000000
  70
    32
  0
VERTEX
  8
0
  5
2EDE
 10
13.8481
 20
62.5002
 30
0.000000
  70
    32
  0
VERTEX
  8
0
  5
2EDF
 10
13.8781
 20
62.5000
 30
0.000000
  70
    32
  0
VERTEX
  8
0
  5
2EE0
 10
13.9082
 20
62.4996
 30
0.000000
  70
    32
  0
VERTEX
  8
0
  5
2EE1
 10
13.9382
 20
62.4990
 30
0.000000
  70
    32
  0
VERTEX
  8
0
  5
2EE2
 10
13.9683
 20
62.4981
 30
0.000000
  70
    32
  0
VERTEX
  8
0
  5
2EE3
 10
13.9983
 20
62.4970
 30
0.000000
  70
    32
  0
VERTEX
  8
0
  5
2EE4
 10
14.0284
 20
62.4957
 30
0.000000
  70
    32
  0
VERTEX
  8
0
  5
2EE5
 10
14.0584
 20
62.4941
 30
0.000000
  70
    32
  0
VERTEX
  8
0
  5
2EE6
 10
14.0884
 20
62.4924
 30
0.000000
  70
    32
  0
VERTEX
  8
0
  5
2EE7
 10
14.1185
 20
62.4904
 30
0.000000
  70
    32
  0
VERTEX
  8
0
  5
2EE8
 10
14.1485
 20
62.4883
 30
0.000000
  70
    32
  0
VERTEX
  8
0
  5
2EE9
 10
14.1786
 20
62.4860
 30
0.000000
  70
    32
  0
VERTEX
  8
0
  5
2EEA
 10
14.2086
 20
62.4834
 30
0.000000
  70
    32
  0
VERTEX
  8
0
  5
2EEB
 10
14.2387
 20
62.4807
 30
0.000000
  70
    32
  0
VERTEX
  8
0
  5
2EEC
 10
14.2687
 20
62.4778
 30
0.000000
  70
    32
  0
VERTEX
  8
0
  5
2EED
 10
14.2988
 20
62.4747
 30
0.000000
  70
    32
  0
VERTEX
  8
0
  5
2EEE
 10
14.3288
 20
62.4714
 30
0.000000
  70
    32
  0
VERTEX
  8
0
  5
2EEF
 10
14.3589
 20
62.4680
 30
0.000000
  70
    32
  0
VERTEX
  8
0
  5
2EF0
 10
14.3889
 20
62.4644
 30
0.000000
  70
    32
  0
VERTEX
  8
0
  5
2EF1
 10
14.4189
 20
62.4606
 30
0.000000
  70
    32
  0
VERTEX
  8
0
  5
2EF2
 10
14.4490
 20
62.4567
 30
0.000000
  70
    32
  0
VERTEX
  8
0
  5
2EF3
 10
14.4790
 20
62.4526
 30
0.000000
  70
    32
  0
VERTEX
  8
0
  5
2EF4
 10
14.5091
 20
62.4484
 30
0.000000
  70
    32
  0
VERTEX
  8
0
  5
2EF5
 10
14.5391
 20
62.4440
 30
0.000000
  70
    32
  0
VERTEX
  8
0
  5
2EF6
 10
14.5692
 20
62.4395
 30
0.000000
  70
    32
  0
VERTEX
  8
0
  5
2EF7
 10
14.5992
 20
62.4349
 30
0.000000
  70
    32
  0
VERTEX
  8
0
  5
2EF8
 10
14.6293
 20
62.4301
 30
0.000000
  70
    32
  0
VERTEX
  8
0
  5
2EF9
 10
14.6593
 20
62.4252
 30
0.000000
  70
    32
  0
VERTEX
  8
0
  5
2EFA
 10
14.6893
 20
62.4202
 30
0.000000
  70
    32
  0
VERTEX
  8
0
  5
2EFB
 10
14.7194
 20
62.4150
 30
0.000000
  70
    32
  0
VERTEX
  8
0
  5
2EFC
 10
14.7494
 20
62.4098
 30
0.000000
  70
    32
  0
VERTEX
  8
0
  5
2EFD
 10
14.7795
 20
62.4044
 30
0.000000
  70
    32
  0
VERTEX
  8
0
  5
2EFE
 10
14.8095
 20
62.3989
 30
0.000000
  70
    32
  0
VERTEX
  8
0
  5
2EFF
 10
14.8396
 20
62.3933
 30
0.000000
  70
    32
  0
VERTEX
  8
0
  5
2F00
 10
14.8696
 20
62.3876
 30
0.000000
  70
    32
  0
VERTEX
  8
0
  5
2F01
 10
14.8997
 20
62.3819
 30
0.000000
  70
    32
  0
VERTEX
  8
0
  5
2F02
 10
14.9297
 20
62.3760
 30
0.000000
  70
    32
  0
VERTEX
  8
0
  5
2F03
 10
14.9597
 20
62.3701
 30
0.000000
  70
    32
  0
VERTEX
  8
0
  5
2F04
 10
14.9898
 20
62.3640
 30
0.000000
  70
    32
  0
VERTEX
  8
0
  5
2F05
 10
15.0198
 20
62.3579
 30
0.000000
  70
    32
  0
VERTEX
  8
0
  5
2F06
 10
15.0499
 20
62.3518
 30
0.000000
  70
    32
  0
VERTEX
  8
0
  5
2F07
 10
15.0799
 20
62.3455
 30
0.000000
  70
    32
  0
VERTEX
  8
0
  5
2F08
 10
15.1100
 20
62.3392
 30
0.000000
  70
    32
  0
VERTEX
  8
0
  5
2F09
 10
15.1400
 20
62.3329
 30
0.000000
  70
    32
  0
VERTEX
  8
0
  5
2F0A
 10
15.1701
 20
62.3265
 30
0.000000
  70
    32
  0
VERTEX
  8
0
  5
2F0B
 10
15.2001
 20
62.3200
 30
0.000000
  70
    32
  0
VERTEX
  8
0
  5
2F0C
 10
15.2302
 20
62.3135
 30
0.000000
  70
    32
  0
VERTEX
  8
0
  5
2F0D
 10
15.2602
 20
62.3069
 30
0.000000
  70
    32
  0
VERTEX
  8
0
  5
2F0E
 10
15.2902
 20
62.3003
 30
0.000000
  70
    32
  0
VERTEX
  8
0
  5
2F0F
 10
15.3203
 20
62.2937
 30
0.000000
  70
    32
  0
VERTEX
  8
0
  5
2F10
 10
15.3503
 20
62.2871
 30
0.000000
  70
    32
  0
VERTEX
  8
0
  5
2F11
 10
15.3804
 20
62.2804
 30
0.000000
  70
    32
  0
VERTEX
  8
0
  5
2F12
 10
15.4104
 20
62.2737
 30
0.000000
  70
    32
  0
VERTEX
  8
0
  5
2F13
 10
15.4405
 20
62.2670
 30
0.000000
  70
    32
  0
VERTEX
  8
0
  5
2F14
 10
15.4705
 20
62.2603
 30
0.000000
  70
    32
  0
VERTEX
  8
0
  5
2F15
 10
15.5006
 20
62.2536
 30
0.000000
  70
    32
  0
VERTEX
  8
0
  5
2F16
 10
15.5306
 20
62.2468
 30
0.000000
  70
    32
  0
VERTEX
  8
0
  5
2F17
 10
15.5606
 20
62.2401
 30
0.000000
  70
    32
  0
VERTEX
  8
0
  5
2F18
 10
15.5907
 20
62.2334
 30
0.000000
  70
    32
  0
VERTEX
  8
0
  5
2F19
 10
15.6207
 20
62.2267
 30
0.000000
  70
    32
  0
VERTEX
  8
0
  5
2F1A
 10
15.6508
 20
62.2200
 30
0.000000
  70
    32
  0
VERTEX
  8
0
  5
2F1B
 10
15.6808
 20
62.2133
 30
0.000000
  70
    32
  0
VERTEX
  8
0
  5
2F1C
 10
15.7109
 20
62.2067
 30
0.000000
  70
    32
  0
VERTEX
  8
0
  5
2F1D
 10
15.7409
 20
62.2001
 30
0.000000
  70
    32
  0
VERTEX
  8
0
  5
2F1E
 10
15.7710
 20
62.1935
 30
0.000000
  70
    32
  0
VERTEX
  8
0
  5
2F1F
 10
15.8010
 20
62.1869
 30
0.000000
  70
    32
  0
VERTEX
  8
0
  5
2F20
 10
15.8311
 20
62.1804
 30
0.000000
  70
    32
  0
VERTEX
  8
0
  5
2F21
 10
15.8611
 20
62.1739
 30
0.000000
  70
    32
  0
VERTEX
  8
0
  5
2F22
 10
15.8911
 20
62.1675
 30
0.000000
  70
    32
  0
VERTEX
  8
0
  5
2F23
 10
15.9212
 20
62.1612
 30
0.000000
  70
    32
  0
VERTEX
  8
0
  5
2F24
 10
15.9512
 20
62.1549
 30
0.000000
  70
    32
  0
VERTEX
  8
0
  5
2F25
 10
15.9813
 20
62.1486
 30
0.000000
  70
    32
  0
VERTEX
  8
0
  5
2F26
 10
16.0113
 20
62.1425
 30
0.000000
  70
    32
  0
VERTEX
  8
0
  5
2F27
 10
16.0414
 20
62.1364
 30
0.000000
  70
    32
  0
VERTEX
  8
0
  5
2F28
 10
16.0714
 20
62.1303
 30
0.000000
  70
    32
  0
VERTEX
  8
0
  5
2F29
 10
16.1015
 20
62.1244
 30
0.000000
  70
    32
  0
VERTEX
  8
0
  5
2F2A
 10
16.1315
 20
62.1185
 30
0.000000
  70
    32
  0
VERTEX
  8
0
  5
2F2B
 10
16.1615
 20
62.1128
 30
0.000000
  70
    32
  0
VERTEX
  8
0
  5
2F2C
 10
16.1916
 20
62.1071
 30
0.000000
  70
    32
  0
VERTEX
  8
0
  5
2F2D
 10
16.2216
 20
62.1015
 30
0.000000
  70
    32
  0
VERTEX
  8
0
  5
2F2E
 10
16.2517
 20
62.0960
 30
0.000000
  70
    32
  0
VERTEX
  8
0
  5
2F2F
 10
16.2817
 20
62.0906
 30
0.000000
  70
    32
  0
VERTEX
  8
0
  5
2F30
 10
16.3118
 20
62.0854
 30
0.000000
  70
    32
  0
VERTEX
  8
0
  5
2F31
 10
16.3418
 20
62.0802
 30
0.000000
  70
    32
  0
VERTEX
  8
0
  5
2F32
 10
16.3719
 20
62.0752
 30
0.000000
  70
    32
  0
VERTEX
  8
0
  5
2F33
 10
16.4019
 20
62.0703
 30
0.000000
  70
    32
  0
VERTEX
  8
0
  5
2F34
 10
16.4319
 20
62.0655
 30
0.000000
  70
    32
  0
VERTEX
  8
0
  5
2F35
 10
16.4620
 20
62.0609
 30
0.000000
  70
    32
  0
VERTEX
  8
0
  5
2F36
 10
16.4920
 20
62.0564
 30
0.000000
  70
    32
  0
VERTEX
  8
0
  5
2F37
 10
16.5221
 20
62.0520
 30
0.000000
  70
    32
  0
VERTEX
  8
0
  5
2F38
 10
16.5521
 20
62.0478
 30
0.000000
  70
    32
  0
VERTEX
  8
0
  5
2F39
 10
16.5822
 20
62.0437
 30
0.000000
  70
    32
  0
VERTEX
  8
0
  5
2F3A
 10
16.6122
 20
62.0398
 30
0.000000
  70
    32
  0
VERTEX
  8
0
  5
2F3B
 10
16.6423
 20
62.0360
 30
0.000000
  70
    32
  0
VERTEX
  8
0
  5
2F3C
 10
16.6723
 20
62.0324
 30
0.000000
  70
    32
  0
VERTEX
  8
0
  5
2F3D
 10
16.7024
 20
62.0290
 30
0.000000
  70
    32
  0
VERTEX
  8
0
  5
2F3E
 10
16.7324
 20
62.0257
 30
0.000000
  70
    32
  0
VERTEX
  8
0
  5
2F3F
 10
16.7624
 20
62.0226
 30
0.000000
  70
    32
  0
VERTEX
  8
0
  5
2F40
 10
16.7925
 20
62.0197
 30
0.000000
  70
    32
  0
VERTEX
  8
0
  5
2F41
 10
16.8225
 20
62.0170
 30
0.000000
  70
    32
  0
VERTEX
  8
0
  5
2F42
 10
16.8526
 20
62.0144
 30
0.000000
  70
    32
  0
VERTEX
  8
0
  5
2F43
 10
16.8826
 20
62.0121
 30
0.000000
  70
    32
  0
VERTEX
  8
0
  5
2F44
 10
16.9127
 20
62.0100
 30
0.000000
  70
    32
  0
VERTEX
  8
0
  5
2F45
 10
16.9427
 20
62.0080
 30
0.000000
  70
    32
  0
VERTEX
  8
0
  5
2F46
 10
16.9728
 20
62.0063
 30
0.000000
  70
    32
  0
VERTEX
  8
0
  5
2F47
 10
17.0028
 20
62.0047
 30
0.000000
  70
    32
  0
VERTEX
  8
0
  5
2F48
 10
17.0328
 20
62.0034
 30
0.000000
  70
    32
  0
VERTEX
  8
0
  5
2F49
 10
17.0629
 20
62.0023
 30
0.000000
  70
    32
  0
VERTEX
  8
0
  5
2F4A
 10
17.0929
 20
62.0014
 30
0.000000
  70
    32
  0
VERTEX
  8
0
  5
2F4B
 10
17.1230
 20
62.0008
 30
0.000000
  70
    32
  0
VERTEX
  8
0
  5
2F4C
 10
17.1530
 20
62.0004
 30
0.000000
  70
    32
  0
VERTEX
  8
0
  5
2F4D
 10
17.1831
 20
62.0002
 30
0.000000
  70
    32
  0
VERTEX
  8
0
  5
2F4E
 10
17.2131
 20
62.0003
 30
0.000000
  70
    32
  0
VERTEX
  8
0
  5
2F4F
 10
17.2432
 20
62.0006
 30
0.000000
  70
    32
  0
VERTEX
  8
0
  5
2F50
 10
17.2732
 20
62.0011
 30
0.000000
  70
    32
  0
VERTEX
  8
0
  5
2F51
 10
17.3032
 20
62.0019
 30
0.000000
  70
    32
  0
VERTEX
  8
0
  5
2F52
 10
17.3333
 20
62.0028
 30
0.000000
  70
    32
  0
VERTEX
  8
0
  5
2F53
 10
17.3633
 20
62.0041
 30
0.000000
  70
    32
  0
VERTEX
  8
0
  5
2F54
 10
17.3934
 20
62.0055
 30
0.000000
  70
    32
  0
VERTEX
  8
0
  5
2F55
 10
17.4234
 20
62.0071
 30
0.000000
  70
    32
  0
VERTEX
  8
0
  5
2F56
 10
17.4535
 20
62.0090
 30
0.000000
  70
    32
  0
VERTEX
  8
0
  5
2F57
 10
17.4835
 20
62.0110
 30
0.000000
  70
    32
  0
VERTEX
  8
0
  5
2F58
 10
17.5136
 20
62.0132
 30
0.000000
  70
    32
  0
VERTEX
  8
0
  5
2F59
 10
17.5436
 20
62.0157
 30
0.000000
  70
    32
  0
VERTEX
  8
0
  5
2F5A
 10
17.5737
 20
62.0183
 30
0.000000
  70
    32
  0
VERTEX
  8
0
  5
2F5B
 10
17.6037
 20
62.0211
 30
0.000000
  70
    32
  0
VERTEX
  8
0
  5
2F5C
 10
17.6337
 20
62.0241
 30
0.000000
  70
    32
  0
VERTEX
  8
0
  5
2F5D
 10
17.6638
 20
62.0273
 30
0.000000
  70
    32
  0
VERTEX
  8
0
  5
2F5E
 10
17.6938
 20
62.0307
 30
0.000000
  70
    32
  0
VERTEX
  8
0
  5
2F5F
 10
17.7239
 20
62.0342
 30
0.000000
  70
    32
  0
VERTEX
  8
0
  5
2F60
 10
17.7539
 20
62.0379
 30
0.000000
  70
    32
  0
VERTEX
  8
0
  5
2F61
 10
17.7840
 20
62.0417
 30
0.000000
  70
    32
  0
VERTEX
  8
0
  5
2F62
 10
17.8140
 20
62.0457
 30
0.000000
  70
    32
  0
VERTEX
  8
0
  5
2F63
 10
17.8441
 20
62.0499
 30
0.000000
  70
    32
  0
VERTEX
  8
0
  5
2F64
 10
17.8741
 20
62.0542
 30
0.000000
  70
    32
  0
VERTEX
  8
0
  5
2F65
 10
17.9041
 20
62.0586
 30
0.000000
  70
    32
  0
VERTEX
  8
0
  5
2F66
 10
17.9342
 20
62.0632
 30
0.000000
  70
    32
  0
VERTEX
  8
0
  5
2F67
 10
17.9642
 20
62.0679
 30
0.000000
  70
    32
  0
VERTEX
  8
0
  5
2F68
 10
17.9943
 20
62.0727
 30
0.000000
  70
    32
  0
VERTEX
  8
0
  5
2F69
 10
18.0243
 20
62.0777
 30
0.000000
  70
    32
  0
VERTEX
  8
0
  5
2F6A
 10
18.0544
 20
62.0828
 30
0.000000
  70
    32
  0
VERTEX
  8
0
  5
2F6B
 10
18.0844
 20
62.0880
 30
0.000000
  70
    32
  0
VERTEX
  8
0
  5
2F6C
 10
18.1145
 20
62.0933
 30
0.000000
  70
    32
  0
VERTEX
  8
0
  5
2F6D
 10
18.1445
 20
62.0987
 30
0.000000
  70
    32
  0
VERTEX
  8
0
  5
2F6E
 10
18.1745
 20
62.1043
 30
0.000000
  70
    32
  0
VERTEX
  8
0
  5
2F6F
 10
18.2046
 20
62.1099
 30
0.000000
  70
    32
  0
VERTEX
  8
0
  5
2F70
 10
18.2346
 20
62.1156
 30
0.000000
  70
    32
  0
VERTEX
  8
0
  5
2F71
 10
18.2647
 20
62.1214
 30
0.000000
  70
    32
  0
VERTEX
  8
0
  5
2F72
 10
18.2947
 20
62.1273
 30
0.000000
  70
    32
  0
VERTEX
  8
0
  5
2F73
 10
18.3248
 20
62.1333
 30
0.000000
  70
    32
  0
VERTEX
  8
0
  5
2F74
 10
18.3548
 20
62.1394
 30
0.000000
  70
    32
  0
VERTEX
  8
0
  5
2F75
 10
18.3849
 20
62.1455
 30
0.000000
  70
    32
  0
VERTEX
  8
0
  5
2F76
 10
18.4149
 20
62.1517
 30
0.000000
  70
    32
  0
VERTEX
  8
0
  5
2F77
 10
18.4450
 20
62.1580
 30
0.000000
  70
    32
  0
VERTEX
  8
0
  5
2F78
 10
18.4750
 20
62.1643
 30
0.000000
  70
    32
  0
VERTEX
  8
0
  5
2F79
 10
18.5050
 20
62.1707
 30
0.000000
  70
    32
  0
VERTEX
  8
0
  5
2F7A
 10
18.5351
 20
62.1772
 30
0.000000
  70
    32
  0
VERTEX
  8
0
  5
2F7B
 10
18.5651
 20
62.1837
 30
0.000000
  70
    32
  0
VERTEX
  8
0
  5
2F7C
 10
18.5952
 20
62.1902
 30
0.000000
  70
    32
  0
VERTEX
  8
0
  5
2F7D
 10
18.6252
 20
62.1968
 30
0.000000
  70
    32
  0
VERTEX
  8
0
  5
2F7E
 10
18.6553
 20
62.2034
 30
0.000000
  70
    32
  0
VERTEX
  8
0
  5
2F7F
 10
18.6853
 20
62.2100
 30
0.000000
  70
    32
  0
VERTEX
  8
0
  5
2F80
 10
18.7154
 20
62.2167
 30
0.000000
  70
    32
  0
VERTEX
  8
0
  5
2F81
 10
18.7454
 20
62.2233
 30
0.000000
  70
    32
  0
VERTEX
  8
0
  5
2F82
 10
18.7754
 20
62.2300
 30
0.000000
  70
    32
  0
VERTEX
  8
0
  5
2F83
 10
18.8055
 20
62.2368
 30
0.000000
  70
    32
  0
VERTEX
  8
0
  5
2F84
 10
18.8355
 20
62.2435
 30
0.000000
  70
    32
  0
VERTEX
  8
0
  5
2F85
 10
18.8656
 20
62.2502
 30
0.000000
  70
    32
  0
SEQEND
  8
0
  5
2F86
  0
POLYLINE
  8
0
  5
2F87
  62
2
  66
     1
 10
0.000000
 20
0.000000
 30
0.000000
  70
     8
  0
VERTEX
  8
0
  5
2F88
 10
135.104
 20
98.5002
 30
0.000000
  70
    32
  0
VERTEX
  8
0
  5
2F89
 10
135.077
 20
98.7693
 30
0.000000
  70
    32
  0
VERTEX
  8
0
  5
2F8A
 10
135.050
 20
99.0383
 30
0.000000
  70
    32
  0
VERTEX
  8
0
  5
2F8B
 10
135.023
 20
99.3074
 30
0.000000
  70
    32
  0
VERTEX
  8
0
  5
2F8C
 10
134.997
 20
99.5764
 30
0.000000
  70
    32
  0
VERTEX
  8
0
  5
2F8D
 10
134.970
 20
99.8455
 30
0.000000
  70
    32
  0
VERTEX
  8
0
  5
2F8E
 10
134.943
 20
100.115
 30
0.000000
  70
    32
  0
VERTEX
  8
0
  5
2F8F
 10
134.917
 20
100.384
 30
0.000000
  70
    32
  0
VERTEX
  8
0
  5
2F90
 10
134.890
 20
100.653
 30
0.000000
  70
    32
  0
VERTEX
  8
0
  5
2F91
 10
134.864
 20
100.922
 30
0.000000
  70
    32
  0
VERTEX
  8
0
  5
2F92
 10
134.838
 20
101.191
 30
0.000000
  70
    32
  0
VERTEX
  8
0
  5
2F93
 10
134.812
 20
101.460
 30
0.000000
  70
    32
  0
VERTEX
  8
0
  5
2F94
 10
134.786
 20
101.729
 30
0.000000
  70
    32
  0
VERTEX
  8
0
  5
2F95
 10
134.761
 20
101.998
 30
0.000000
  70
    32
  0
VERTEX
  8
0
  5
2F96
 10
134.735
 20
102.267
 30
0.000000
  70
    32
  0
VERTEX
  8
0
  5
2F97
 10
134.710
 20
102.536
 30
0.000000
  70
    32
  0
VERTEX
  8
0
  5
2F98
 10
134.685
 20
102.805
 30
0.000000
  70
    32
  0
VERTEX
  8
0
  5
2F99
 10
134.661
 20
103.074
 30
0.000000
  70
    32
  0
VERTEX
  8
0
  5
2F9A
 10
134.637
 20
103.343
 30
0.000000
  70
    32
  0
VERTEX
  8
0
  5
2F9B
 10
134.613
 20
103.612
 30
0.000000
  70
    32
  0
VERTEX
  8
0
  5
2F9C
 10
134.589
 20
103.881
 30
0.000000
  70
    32
  0
VERTEX
  8
0
  5
2F9D
 10
134.566
 20
104.150
 30
0.000000
  70
    32
  0
VERTEX
  8
0
  5
2F9E
 10
134.543
 20
104.419
 30
0.000000
  70
    32
  0
VERTEX
  8
0
  5
2F9F
 10
134.520
 20
104.689
 30
0.000000
  70
    32
  0
VERTEX
  8
0
  5
2FA0
 10
134.498
 20
104.958
 30
0.000000
  70
    32
  0
VERTEX
  8
0
  5
2FA1
 10
134.477
 20
105.227
 30
0.000000
  70
    32
  0
VERTEX
  8
0
  5
2FA2
 10
134.455
 20
105.496
 30
0.000000
  70
    32
  0
VERTEX
  8
0
  5
2FA3
 10
134.434
 20
105.765
 30
0.000000
  70
    32
  0
VERTEX
  8
0
  5
2FA4
 10
134.414
 20
106.034
 30
0.000000
  70
    32
  0
VERTEX
  8
0
  5
2FA5
 10
134.394
 20
106.303
 30
0.000000
  70
    32
  0
VERTEX
  8
0
  5
2FA6
 10
134.375
 20
106.572
 30
0.000000
  70
    32
  0
VERTEX
  8
0
  5
2FA7
 10
134.356
 20
106.841
 30
0.000000
  70
    32
  0
VERTEX
  8
0
  5
2FA8
 10
134.338
 20
107.110
 30
0.000000
  70
    32
  0
VERTEX
  8
0
  5
2FA9
 10
134.320
 20
107.379
 30
0.000000
  70
    32
  0
VERTEX
  8
0
  5
2FAA
 10
134.303
 20
107.648
 30
0.000000
  70
    32
  0
VERTEX
  8
0
  5
2FAB
 10
134.286
 20
107.917
 30
0.000000
  70
    32
  0
VERTEX
  8
0
  5
2FAC
 10
134.270
 20
108.186
 30
0.000000
  70
    32
  0
VERTEX
  8
0
  5
2FAD
 10
134.255
 20
108.455
 30
0.000000
  70
    32
  0
VERTEX
  8
0
  5
2FAE
 10
134.240
 20
108.724
 30
0.000000
  70
    32
  0
VERTEX
  8
0
  5
2FAF
 10
134.226
 20
108.993
 30
0.000000
  70
    32
  0
VERTEX
  8
0
  5
2FB0
 10
134.213
 20
109.263
 30
0.000000
  70
    32
  0
VERTEX
  8
0
  5
2FB1
 10
134.200
 20
109.532
 30
0.000000
  70
    32
  0
VERTEX
  8
0
  5
2FB2
 10
134.188
 20
109.801
 30
0.000000
  70
    32
  0
VERTEX
  8
0
  5
2FB3
 10
134.177
 20
110.070
 30
0.000000
  70
    32
  0
VERTEX
  8
0
  5
2FB4
 10
134.166
 20
110.339
 30
0.000000
  70
    32
  0
VERTEX
  8
0
  5
2FB5
 10
134.156
 20
110.608
 30
0.000000
  70
    32
  0
VERTEX
  8
0
  5
2FB6
 10
134.147
 20
110.877
 30
0.000000
  70
    32
  0
VERTEX
  8
0
  5
2FB7
 10
134.139
 20
111.146
 30
0.000000
  70
    32
  0
VERTEX
  8
0
  5
2FB8
 10
134.132
 20
111.415
 30
0.000000
  70
    32
  0
VERTEX
  8
0
  5
2FB9
 10
134.125
 20
111.684
 30
0.000000
  70
    32
  0
VERTEX
  8
0
  5
2FBA
 10
134.119
 20
111.953
 30
0.000000
  70
    32
  0
VERTEX
  8
0
  5
2FBB
 10
134.115
 20
112.222
 30
0.000000
  70
    32
  0
VERTEX
  8
0
  5
2FBC
 10
134.111
 20
112.491
 30
0.000000
  70
    32
  0
VERTEX
  8
0
  5
2FBD
 10
134.108
 20
112.760
 30
0.000000
  70
    32
  0
VERTEX
  8
0
  5
2FBE
 10
134.106
 20
113.029
 30
0.000000
  70
    32
  0
VERTEX
  8
0
  5
2FBF
 10
134.104
 20
113.298
 30
0.000000
  70
    32
  0
VERTEX
  8
0
  5
2FC0
 10
134.104
 20
113.567
 30
0.000000
  70
    32
  0
VERTEX
  8
0
  5
2FC1
 10
134.105
 20
113.837
 30
0.000000
  70
    32
  0
VERTEX
  8
0
  5
2FC2
 10
134.106
 20
114.106
 30
0.000000
  70
    32
  0
VERTEX
  8
0
  5
2FC3
 10
134.109
 20
114.375
 30
0.000000
  70
    32
  0
VERTEX
  8
0
  5
2FC4
 10
134.113
 20
114.644
 30
0.000000
  70
    32
  0
VERTEX
  8
0
  5
2FC5
 10
134.117
 20
114.913
 30
0.000000
  70
    32
  0
VERTEX
  8
0
  5
2FC6
 10
134.122
 20
115.182
 30
0.000000
  70
    32
  0
VERTEX
  8
0
  5
2FC7
 10
134.128
 20
115.451
 30
0.000000
  70
    32
  0
VERTEX
  8
0
  5
2FC8
 10
134.135
 20
115.720
 30
0.000000
  70
    32
  0
VERTEX
  8
0
  5
2FC9
 10
134.143
 20
115.989
 30
0.000000
  70
    32
  0
VERTEX
  8
0
  5
2FCA
 10
134.152
 20
116.258
 30
0.000000
  70
    32
  0
VERTEX
  8
0
  5
2FCB
 10
134.161
 20
116.527
 30
0.000000
  70
    32
  0
VERTEX
  8
0
  5
2FCC
 10
134.171
 20
116.796
 30
0.000000
  70
    32
  0
VERTEX
  8
0
  5
2FCD
 10
134.182
 20
117.065
 30
0.000000
  70
    32
  0
VERTEX
  8
0
  5
2FCE
 10
134.194
 20
117.334
 30
0.000000
  70
    32
  0
VERTEX
  8
0
  5
2FCF
 10
134.206
 20
117.603
 30
0.000000
  70
    32
  0
VERTEX
  8
0
  5
2FD0
 10
134.219
 20
117.872
 30
0.000000
  70
    32
  0
VERTEX
  8
0
  5
2FD1
 10
134.233
 20
118.141
 30
0.000000
  70
    32
  0
VERTEX
  8
0
  5
2FD2
 10
134.247
 20
118.411
 30
0.000000
  70
    32
  0
VERTEX
  8
0
  5
2FD3
 10
134.262
 20
118.680
 30
0.000000
  70
    32
  0
VERTEX
  8
0
  5
2FD4
 10
134.278
 20
118.949
 30
0.000000
  70
    32
  0
VERTEX
  8
0
  5
2FD5
 10
134.294
 20
119.218
 30
0.000000
  70
    32
  0
VERTEX
  8
0
  5
2FD6
 10
134.311
 20
119.487
 30
0.000000
  70
    32
  0
VERTEX
  8
0
  5
2FD7
 10
134.329
 20
119.756
 30
0.000000
  70
    32
  0
VERTEX
  8
0
  5
2FD8
 10
134.347
 20
120.025
 30
0.000000
  70
    32
  0
VERTEX
  8
0
  5
2FD9
 10
134.365
 20
120.294
 30
0.000000
  70
    32
  0
VERTEX
  8
0
  5
2FDA
 10
134.384
 20
120.563
 30
0.000000
  70
    32
  0
VERTEX
  8
0
  5
2FDB
 10
134.404
 20
120.832
 30
0.000000
  70
    32
  0
VERTEX
  8
0
  5
2FDC
 10
134.424
 20
121.101
 30
0.000000
  70
    32
  0
VERTEX
  8
0
  5
2FDD
 10
134.445
 20
121.370
 30
0.000000
  70
    32
  0
VERTEX
  8
0
  5
2FDE
 10
134.466
 20
121.639
 30
0.000000
  70
    32
  0
VERTEX
  8
0
  5
2FDF
 10
134.487
 20
121.908
 30
0.000000
  70
    32
  0
VERTEX
  8
0
  5
2FE0
 10
134.509
 20
122.177
 30
0.000000
  70
    32
  0
VERTEX
  8
0
  5
2FE1
 10
134.532
 20
122.446
 30
0.000000
  70
    32
  0
VERTEX
  8
0
  5
2FE2
 10
134.554
 20
122.715
 30
0.000000
  70
    32
  0
VERTEX
  8
0
  5
2FE3
 10
134.577
 20
122.985
 30
0.000000
  70
    32
  0
VERTEX
  8
0
  5
2FE4
 10
134.601
 20
123.254
 30
0.000000
  70
    32
  0
VERTEX
  8
0
  5
2FE5
 10
134.625
 20
123.523
 30
0.000000
  70
    32
  0
VERTEX
  8
0
  5
2FE6
 10
134.649
 20
123.792
 30
0.000000
  70
    32
  0
VERTEX
  8
0
  5
2FE7
 10
134.673
 20
124.061
 30
0.000000
  70
    32
  0
VERTEX
  8
0
  5
2FE8
 10
134.698
 20
124.330
 30
0.000000
  70
    32
  0
VERTEX
  8
0
  5
2FE9
 10
134.723
 20
124.599
 30
0.000000
  70
    32
  0
VERTEX
  8
0
  5
2FEA
 10
134.748
 20
124.868
 30
0.000000
  70
    32
  0
VERTEX
  8
0
  5
2FEB
 10
134.773
 20
125.137
 30
0.000000
  70
    32
  0
VERTEX
  8
0
  5
2FEC
 10
134.799
 20
125.406
 30
0.000000
  70
    32
  0
VERTEX
  8
0
  5
2FED
 10
134.825
 20
125.675
 30
0.000000
  70
    32
  0
VERTEX
  8
0
  5
2FEE
 10
134.851
 20
125.944
 30
0.000000
  70
    32
  0
VERTEX
  8
0
  5
2FEF
 10
134.877
 20
126.213
 30
0.000000
  70
    32
  0
VERTEX
  8
0
  5
2FF0
 10
134.904
 20
126.482
 30
0.000000
  70
    32
  0
VERTEX
  8
0
  5
2FF1
 10
134.930
 20
126.751
 30
0.000000
  70
    32
  0
VERTEX
  8
0
  5
2FF2
 10
134.957
 20
127.020
 30
0.000000
  70
    32
  0
VERTEX
  8
0
  5
2FF3
 10
134.983
 20
127.289
 30
0.000000
  70
    32
  0
VERTEX
  8
0
  5
2FF4
 10
135.010
 20
127.558
 30
0.000000
  70
    32
  0
VERTEX
  8
0
  5
2FF5
 10
135.037
 20
127.828
 30
0.000000
  70
    32
  0
VERTEX
  8
0
  5
2FF6
 10
135.064
 20
128.097
 30
0.000000
  70
    32
  0
VERTEX
  8
0
  5
2FF7
 10
135.091
 20
128.366
 30
0.000000
  70
    32
  0
VERTEX
  8
0
  5
2FF8
 10
135.118
 20
128.635
 30
0.000000
  70
    32
  0
VERTEX
  8
0
  5
2FF9
 10
135.144
 20
128.904
 30
0.000000
  70
    32
  0
VERTEX
  8
0
  5
2FFA
 10
135.171
 20
129.173
 30
0.000000
  70
    32
  0
VERTEX
  8
0
  5
2FFB
 10
135.198
 20
129.442
 30
0.000000
  70
    32
  0
VERTEX
  8
0
  5
2FFC
 10
135.225
 20
129.711
 30
0.000000
  70
    32
  0
VERTEX
  8
0
  5
2FFD
 10
135.252
 20
129.980
 30
0.000000
  70
    32
  0
VERTEX
  8
0
  5
2FFE
 10
135.278
 20
130.249
 30
0.000000
  70
    32
  0
VERTEX
  8
0
  5
2FFF
 10
135.305
 20
130.518
 30
0.000000
  70
    32
  0
VERTEX
  8
0
  5
3000
 10
135.331
 20
130.787
 30
0.000000
  70
    32
  0
VERTEX
  8
0
  5
3001
 10
135.357
 20
131.056
 30
0.000000
  70
    32
  0
VERTEX
  8
0
  5
3002
 10
135.383
 20
131.325
 30
0.000000
  70
    32
  0
VERTEX
  8
0
  5
3003
 10
135.409
 20
131.594
 30
0.000000
  70
    32
  0
VERTEX
  8
0
  5
3004
 10
135.435
 20
131.863
 30
0.000000
  70
    32
  0
VERTEX
  8
0
  5
3005
 10
135.460
 20
132.132
 30
0.000000
  70
    32
  0
VERTEX
  8
0
  5
3006
 10
135.485
 20
132.402
 30
0.000000
  70
    32
  0
VERTEX
  8
0
  5
3007
 10
135.510
 20
132.671
 30
0.000000
  70
    32
  0
VERTEX
  8
0
  5
3008
 10
135.535
 20
132.940
 30
0.000000
  70
    32
  0
VERTEX
  8
0
  5
3009
 10
135.559
 20
133.209
 30
0.000000
  70
    32
  0
VERTEX
  8
0
  5
300A
 10
135.584
 20
133.478
 30
0.000000
  70
    32
  0
VERTEX
  8
0
  5
300B
 10
135.607
 20
133.747
 30
0.000000
  70
    32
  0
VERTEX
  8
0
  5
300C
 10
135.631
 20
134.016
 30
0.000000
  70
    32
  0
VERTEX
  8
0
  5
300D
 10
135.654
 20
134.285
 30
0.000000
  70
    32
  0
VERTEX
  8
0
  5
300E
 10
135.677
 20
134.554
 30
0.000000
  70
    32
  0
VERTEX
  8
0
  5
300F
 10
135.699
 20
134.823
 30
0.000000
  70
    32
  0
VERTEX
  8
0
  5
3010
 10
135.721
 20
135.092
 30
0.000000
  70
    32
  0
VERTEX
  8
0
  5
3011
 10
135.742
 20
135.361
 30
0.000000
  70
    32
  0
VERTEX
  8
0
  5
3012
 10
135.763
 20
135.630
 30
0.000000
  70
    32
  0
VERTEX
  8
0
  5
3013
 10
135.784
 20
135.899
 30
0.000000
  70
    32
  0
VERTEX
  8
0
  5
3014
 10
135.804
 20
136.168
 30
0.000000
  70
    32
  0
VERTEX
  8
0
  5
3015
 10
135.824
 20
136.437
 30
0.000000
  70
    32
  0
VERTEX
  8
0
  5
3016
 10
135.843
 20
136.706
 30
0.000000
  70
    32
  0
VERTEX
  8
0
  5
3017
 10
135.861
 20
136.976
 30
0.000000
  70
    32
  0
VERTEX
  8
0
  5
3018
 10
135.879
 20
137.245
 30
0.000000
  70
    32
  0
VERTEX
  8
0
  5
3019
 10
135.897
 20
137.514
 30
0.000000
  70
    32
  0
VERTEX
  8
0
  5
301A
 10
135.914
 20
137.783
 30
0.000000
  70
    32
  0
VERTEX
  8
0
  5
301B
 10
135.930
 20
138.052
 30
0.000000
  70
    32
  0
VERTEX
  8
0
  5
301C
 10
135.946
 20
138.321
 30
0.000000
  70
    32
  0
VERTEX
  8
0
  5
301D
 10
135.961
 20
138.590
 30
0.000000
  70
    32
  0
VERTEX
  8
0
  5
301E
 10
135.975
 20
138.859
 30
0.000000
  70
    32
  0
VERTEX
  8
0
  5
301F
 10
135.989
 20
139.128
 30
0.000000
  70
    32
  0
VERTEX
  8
0
  5
3020
 10
136.002
 20
139.397
 30
0.000000
  70
    32
  0
VERTEX
  8
0
  5
3021
 10
136.014
 20
139.666
 30
0.000000
  70
    32
  0
VERTEX
  8
0
  5
3022
 10
136.026
 20
139.935
 30
0.000000
  70
    32
  0
VERTEX
  8
0
  5
3023
 10
136.037
 20
140.204
 30
0.000000
  70
    32
  0
VERTEX
  8
0
  5
3024
 10
136.047
 20
140.473
 30
0.000000
  70
    32
  0
VERTEX
  8
0
  5
3025
 10
136.056
 20
140.742
 30
0.000000
  70
    32
  0
VERTEX
  8
0
  5
3026
 10
136.065
 20
141.011
 30
0.000000
  70
    32
  0
VERTEX
  8
0
  5
3027
 10
136.073
 20
141.280
 30
0.000000
  70
    32
  0
VERTEX
  8
0
  5
3028
 10
136.080
 20
141.550
 30
0.000000
  70
    32
  0
VERTEX
  8
0
  5
3029
 10
136.086
 20
141.819
 30
0.000000
  70
    32
  0
VERTEX
  8
0
  5
302A
 10
136.091
 20
142.088
 30
0.000000
  70
    32
  0
VERTEX
  8
0
  5
302B
 10
136.096
 20
142.357
 30
0.000000
  70
    32
  0
VERTEX
  8
0
  5
302C
 10
136.099
 20
142.626
 30
0.000000
  70
    32
  0
VERTEX
  8
0
  5
302D
 10
136.102
 20
142.895
 30
0.000000
  70
    32
  0
VERTEX
  8
0
  5
302E
 10
136.103
 20
143.164
 30
0.000000
  70
    32
  0
VERTEX
  8
0
  5
302F
 10
136.104
 20
143.433
 30
0.000000
  70
    32
  0
VERTEX
  8
0
  5
3030
 10
136.104
 20
143.702
 30
0.000000
  70
    32
  0
VERTEX
  8
0
  5
3031
 10
136.103
 20
143.971
 30
0.000000
  70
    32
  0
VERTEX
  8
0
  5
3032
 10
136.100
 20
144.240
 30
0.000000
  70
    32
  0
VERTEX
  8
0
  5
3033
 10
136.097
 20
144.509
 30
0.000000
  70
    32
  0
VERTEX
  8
0
  5
3034
 10
136.094
 20
144.778
 30
0.000000
  70
    32
  0
VERTEX
  8
0
  5
3035
 10
136.089
 20
145.047
 30
0.000000
  70
    32
  0
VERTEX
  8
0
  5
3036
 10
136.083
 20
145.316
 30
0.000000
  70
    32
  0
VERTEX
  8
0
  5
3037
 10
136.076
 20
145.585
 30
0.000000
  70
    32
  0
VERTEX
  8
0
  5
3038
 10
136.069
 20
145.854
 30
0.000000
  70
    32
  0
VERTEX
  8
0
  5
3039
 10
136.061
 20
146.124
 30
0.000000
  70
    32
  0
VERTEX
  8
0
  5
303A
 10
136.052
 20
146.393
 30
0.000000
  70
    32
  0
VERTEX
  8
0
  5
303B
 10
136.042
 20
146.662
 30
0.000000
  70
    32
  0
VERTEX
  8
0
  5
303C
 10
136.032
 20
146.931
 30
0.000000
  70
    32
  0
VERTEX
  8
0
  5
303D
 10
136.020
 20
147.200
 30
0.000000
  70
    32
  0
VERTEX
  8
0
  5
303E
 10
136.008
 20
147.469
 30
0.000000
  70
    32
  0
VERTEX
  8
0
  5
303F
 10
135.996
 20
147.738
 30
0.000000
  70
    32
  0
VERTEX
  8
0
  5
3040
 10
135.982
 20
148.007
 30
0.000000
  70
    32
  0
VERTEX
  8
0
  5
3041
 10
135.968
 20
148.276
 30
0.000000
  70
    32
  0
VERTEX
  8
0
  5
3042
 10
135.953
 20
148.545
 30
0.000000
  70
    32
  0
VERTEX
  8
0
  5
3043
 10
135.938
 20
148.814
 30
0.000000
  70
    32
  0
VERTEX
  8
0
  5
3044
 10
135.922
 20
149.083
 30
0.000000
  70
    32
  0
VERTEX
  8
0
  5
3045
 10
135.905
 20
149.352
 30
0.000000
  70
    32
  0
VERTEX
  8
0
  5
3046
 10
135.888
 20
149.621
 30
0.000000
  70
    32
  0
VERTEX
  8
0
  5
3047
 10
135.871
 20
149.890
 30
0.000000
  70
    32
  0
VERTEX
  8
0
  5
3048
 10
135.852
 20
150.159
 30
0.000000
  70
    32
  0
VERTEX
  8
0
  5
3049
 10
135.833
 20
150.428
 30
0.000000
  70
    32
  0
VERTEX
  8
0
  5
304A
 10
135.814
 20
150.698
 30
0.000000
  70
    32
  0
VERTEX
  8
0
  5
304B
 10
135.794
 20
150.967
 30
0.000000
  70
    32
  0
VERTEX
  8
0
  5
304C
 10
135.774
 20
151.236
 30
0.000000
  70
    32
  0
VERTEX
  8
0
  5
304D
 10
135.753
 20
151.505
 30
0.000000
  70
    32
  0
VERTEX
  8
0
  5
304E
 10
135.732
 20
151.774
 30
0.000000
  70
    32
  0
VERTEX
  8
0
  5
304F
 10
135.710
 20
152.043
 30
0.000000
  70
    32
  0
VERTEX
  8
0
  5
3050
 10
135.688
 20
152.312
 30
0.000000
  70
    32
  0
VERTEX
  8
0
  5
3051
 10
135.665
 20
152.581
 30
0.000000
  70
    32
  0
VERTEX
  8
0
  5
3052
 10
135.642
 20
152.850
 30
0.000000
  70
    32
  0
VERTEX
  8
0
  5
3053
 10
135.619
 20
153.119
 30
0.000000
  70
    32
  0
VERTEX
  8
0
  5
3054
 10
135.596
 20
153.388
 30
0.000000
  70
    32
  0
VERTEX
  8
0
  5
3055
 10
135.572
 20
153.657
 30
0.000000
  70
    32
  0
VERTEX
  8
0
  5
3056
 10
135.547
 20
153.926
 30
0.000000
  70
    32
  0
VERTEX
  8
0
  5
3057
 10
135.523
 20
154.195
 30
0.000000
  70
    32
  0
VERTEX
  8
0
  5
3058
 10
135.498
 20
154.464
 30
0.000000
  70
    32
  0
VERTEX
  8
0
  5
3059
 10
135.473
 20
154.733
 30
0.000000
  70
    32
  0
VERTEX
  8
0
  5
305A
 10
135.448
 20
155.002
 30
0.000000
  70
    32
  0
VERTEX
  8
0
  5
305B
 10
135.422
 20
155.272
 30
0.000000
  70
    32
  0
VERTEX
  8
0
  5
305C
 10
135.396
 20
155.541
 30
0.000000
  70
    32
  0
VERTEX
  8
0
  5
305D
 10
135.370
 20
155.810
 30
0.000000
  70
    32
  0
VERTEX
  8
0
  5
305E
 10
135.344
 20
156.079
 30
0.000000
  70
    32
  0
VERTEX
  8
0
  5
305F
 10
135.318
 20
156.348
 30
0.000000
  70
    32
  0
VERTEX
  8
0
  5
3060
 10
135.291
 20
156.617
 30
0.000000
  70
    32
  0
VERTEX
  8
0
  5
3061
 10
135.265
 20
156.886
 30
0.000000
  70
    32
  0
VERTEX
  8
0
  5
3062
 10
135.238
 20
157.155
 30
0.000000
  70
    32
  0
VERTEX
  8
0
  5
3063
 10
135.212
 20
157.424
 30
0.000000
  70
    32
  0
VERTEX
  8
0
  5
3064
 10
135.185
 20
157.693
 30
0.000000
  70
    32
  0
VERTEX
  8
0
  5
3065
 10
135.158
 20
157.962
 30
0.000000
  70
    32
  0
VERTEX
  8
0
  5
3066
 10
135.131
 20
158.231
 30
0.000000
  70
    32
  0
VERTEX
  8
0
  5
3067
 10
135.104
 20
158.500
 30
0.000000
  70
    32
  0
SEQEND
  8
0
  5
3068
  0
ARC
  5
2493
  8
0
  6
CONTINUOUS
 62
     7
 10
-3.409938886824988
 20
115.2688555984555
 30
0.0
 40
0.75000000000123
 50
55.304846468959809
 51
135.00000000010141
  0
ARC
  5
2494
  8
0
  6
CONTINUOUS
 62
     7
 10
-3.49766802353099
 20
115.1811264617513
 30
0.0
 40
0.7500000000014409
 50
135.0000000000465
 51
224.9999999999452
  0
ARC
  5
249B
  8
0
  6
CONTINUOUS
 62
     7
 10
9.8653908249847273
 20
105.2502000000018
 30
0.0
 40
0.75
 50
0.0
 51
90.0
  0
ARC
  5
249C
  8
0
  6
CONTINUOUS
 62
     7
 10
9.7413230900423269
 20
105.2502000000018
 30
0.0
 40
0.75
 50
90.0
 51
169.69515353137169
  0
ARC
  5
249D
  8
0
  6
CONTINUOUS
 62
     7
 10
7.16557933887941
 20
41.850200000002189
 30
0.0
 40
5.0
 50
270.0
 51
0.0
  0
ARC
  5
249E
  8
0
  6
CONTINUOUS
 62
     7
 10
186.88004377167121
 20
29.00020000000006
 30
0.0
 40
0.5
 50
270.0
 51
7.8874891421562623
  0
ARC
  5
249F
  8
0
  6
CONTINUOUS
 62
     7
 10
174.52813359059309
 20
29.00020000000006
 30
0.0
 40
0.4999999999997461
 50
172.11251085784539
 51
270.0
  0
ARC
  5
24A0
  8
0
  6
CONTINUOUS
 62
     7
 10
138.9040886811311
 20
153.8001999999984
 30
0.0
 40
0.3000000000001961
 50
180.0
 51
270.0
  0
ARC
  5
24A1
  8
0
  6
CONTINUOUS
 62
     7
 10
138.9040886811311
 20
103.2001999999999
 30
0.0
 40
0.3000000000002103
 50
90.0
 51
180.0
  0
ARC
  5
24A2
  8
0
  6
CONTINUOUS
 62
     7
 10
3.1155793385900079
 20
39.900199999987827
 30
0.0
 40
0.1000000000003638
 50
90.0
 51
180.0
  0
ARC
  5
24A3
  8
0
  6
CONTINUOUS
 62
     7
 10
5.1155793385800052
 20
39.50019999998819
 30
0.0
 40
0.5
 50
0.0
 51
90.0
  0
LINE
  5
27B8
  8
0
  6
DASH_CENTER
 62
     1
 10
-173.52437077924131
 20
39.400199999998719
 30
0.0
 11
-173.52437077924131
 21
34.600199999997642
 31
0.0
  0
LINE
  5
290C
  8
0
  6
CONTINUOUS
 62
     7
 10
61.315879338556783
 20
-99.00845679256004
 30
0.0
 11
34.815879339271653
 21
-99.00845679256004
 31
0.0
  0
LINE
  5
290D
  8
0
  6
CONTINUOUS
 62
     7
 10
61.81587933855679
 20
-98.508456792560025
 30
0.0
 11
61.315879338556783
 21
-99.00845679256004
 31
0.0
  0
LINE
  5
290E
  8
0
  6
CONTINUOUS
 62
     7
 10
61.81587933855679
 20
-88.508456792560025
 30
0.0
 11
61.81587933855679
 21
-98.508456792560025
 31
0.0
  0
LINE
  5
290F
  8
0
  6
CONTINUOUS
 62
     7
 10
61.315879338556783
 20
-88.008456792560054
 30
0.0
 11
61.81587933855679
 21
-88.508456792560025
 31
0.0
  0
LINE
  5
2910
  8
0
  6
CONTINUOUS
 62
     7
 10
34.815879339271653
 20
-88.008456792560054
 30
0.0
 11
61.315879338556783
 21
-88.008456792560054
 31
0.0
  0
CIRCLE
  5
2919
  8
0
 10
178.604088681131
 20
-1.499799999998173
 30
0.0
 40
4.9999999999981819
  0
CIRCLE
  5
291C
  8
0
 10
178.604088681131
 20
-1.499799999999986
 30
0.0
 40
5.4999999999999947
  0
LINE
  5
291D
  8
0
  6
CONTINUOUS
 62
     7
 10
168.104088680416
 20
123.00020000000011
 30
0.0
 11
141.60408868113089
 21
123.00020000000011
 31
0.0
  0
LINE
  5
291E
  8
0
  6
CONTINUOUS
 62
     7
 10
168.604088680416
 20
123.50020000000011
 30
0.0
 11
168.104088680416
 21
123.00020000000011
 31
0.0
  0
LINE
  5
291F
  8
0
  6
CONTINUOUS
 62
     7
 10
168.604088680416
 20
135.50020000000009
 30
0.0
 11
168.604088680416
 21
123.50020000000011
 31
0.0
  0
LINE
  5
2920
  8
0
  6
CONTINUOUS
 62
     7
 10
168.104088680416
 20
134.00020000000009
 30
0.0
 11
168.604088680416
 21
133.50020000000009
 31
0.0
  0
LINE
  5
2921
  8
0
  6
CONTINUOUS
 62
     7
 10
141.60408868113089
 20
134.00020000000009
 30
0.0
 11
168.104088680416
 21
134.00020000000009
 31
0.0
  0
LINE
  5
2923
  8
0
  6
CONTINUOUS
 62
     7
 10
150.60408868041611
 20
135.50020000000009
 30
0.0
 11
150.60408868041611
 21
134.00020000000009
 31
0.0
  0
ARC
  5
2925
  8
0
 10
228.604088681131
 20
128.50020000000009
 30
0.0
 40
5.4999999999999849
 50
111.32368626349771
 51
68.676313736501385
  0
LINE
  5
2926
  8
0
  6
CONTINUOUS
 62
     7
 10
230.604088681131
 20
131.50020000000009
 30
0.0
 11
226.604088681131
 21
131.50020000000009
 31
0.0
  0
LINE
  5
2927
  8
0
  6
CONTINUOUS
 62
     7
 10
230.604088681131
 20
135.50020000000009
 30
0.0
 11
226.604088681131
 21
135.50020000000009
 31
0.0
  0
LINE
  5
2928
  8
0
  6
CONTINUOUS
 62
     7
 10
230.604088681131
 20
135.50020000000009
 30
0.0
 11
230.604088681131
 21
131.50020000000009
 31
0.0
  0
LINE
  5
2929
  8
0
  6
CONTINUOUS
 62
     7
 10
226.604088681131
 20
135.50020000000009
 30
0.0
 11
226.604088681131
 21
131.50020000000009
 31
0.0
  0
LINE
  5
2932
  8
0
  6
CONTINUOUS
 62
     7
 10
150.604088680416
 20
148.50020000000009
 30
0.0
 11
168.60408868113089
 21
148.50020000000009
 31
0.0
  0
LINE
  5
2933
  8
0
  6
CONTINUOUS
 62
     7
 10
150.604088680416
 20
144.50020000000009
 30
0.0
 11
168.60408868113089
 21
144.50020000000009
 31
0.0
  0
LINE
  5
2934
  8
0
  6
CONTINUOUS
 62
     7
 10
150.604088680416
 20
148.50020000000009
 30
0.0
 11
150.604088680416
 21
144.50020000000009
 31
0.0
  0
ARC
  5
2935
  8
0
 10
150.604088680416
 20
146.50020000000009
 30
0.0
 40
2.0
 50
90.0
 51
270.0
  0
LINE
  5
2936
  8
0
  6
CONTINUOUS
 62
     7
 10
168.604088680416
 20
135.50020000000009
 30
0.0
 11
150.604088680416
 21
135.50020000000009
 31
0.0
  0
ENDSEC
  0
EOF
