  0
SECTION
  2
HEADER
  9
$ACADVER
  1
AC1015
  9
$ACADMAINTVER
 70
    20
  9
$DWGCODEPAGE
  3
ANSI_932
  9
$INSBASE
 10
0.0
 20
0.0
 30
0.0
  9
$EXTMIN
 10
-201.999827196888
 20
-216.6275396565062
 30
0.0
  9
$EXTMAX
 10
224.0957526880714
 20
160.0002000000028
 30
0.0
  9
$LIMMIN
 10
0.0
 20
0.0
  9
$LIMMAX
 10
12.0
 20
9.0
  9
$ORTHOMODE
 70
     0
  9
$REGENMODE
 70
     1
  9
$FILLMODE
 70
     1
  9
$QTEXTMODE
 70
     0
  9
$MIRRTEXT
 70
     1
  9
$LTSCALE
 40
1.0
  9
$ATTMODE
 70
     1
  9
$TEXTSIZE
 40
0.2
  9
$TRACEWID
 40
0.05
  9
$TEXTSTYLE
  7
Standard
  9
$CLAYER
  8
0
  9
$CELTYPE
  6
ByLayer
  9
$CECOLOR
 62
   256
  9
$CELTSCALE
 40
1.0
  9
$DISPSILH
 70
     0
  9
$DIMSCALE
 40
1.0
  9
$DIMASZ
 40
0.18
  9
$DIMEXO
 40
0.0625
  9
$DIMDLI
 40
0.38
  9
$DIMRND
 40
0.0
  9
$DIMDLE
 40
0.0
  9
$DIMEXE
 40
0.18
  9
$DIMTP
 40
0.0
  9
$DIMTM
 40
0.0
  9
$DIMTXT
 40
0.18
  9
$DIMCEN
 40
0.09
  9
$DIMTSZ
 40
0.0
  9
$DIMTOL
 70
     0
  9
$DIMLIM
 70
     0
  9
$DIMTIH
 70
     1
  9
$DIMTOH
 70
     1
  9
$DIMSE1
 70
     0
  9
$DIMSE2
 70
     0
  9
$DIMTAD
 70
     0
  9
$DIMZIN
 70
     0
  9
$DIMBLK
  1

  9
$DIMASO
 70
     1
  9
$DIMSHO
 70
     1
  9
$DIMPOST
  1

  9
$DIMAPOST
  1

  9
$DIMALT
 70
     0
  9
$DIMALTD
 70
     2
  9
$DIMALTF
 40
25.4
  9
$DIMLFAC
 40
1.0
  9
$DIMTOFL
 70
     0
  9
$DIMTVP
 40
0.0
  9
$DIMTIX
 70
     0
  9
$DIMSOXD
 70
     0
  9
$DIMSAH
 70
     0
  9
$DIMBLK1
  1

  9
$DIMBLK2
  1

  9
$DIMSTYLE
  2
Standard
  9
$DIMCLRD
 70
     0
  9
$DIMCLRE
 70
     0
  9
$DIMCLRT
 70
     0
  9
$DIMTFAC
 40
1.0
  9
$DIMGAP
 40
0.09
  9
$DIMJUST
 70
     0
  9
$DIMSD1
 70
     0
  9
$DIMSD2
 70
     0
  9
$DIMTOLJ
 70
     1
  9
$DIMTZIN
 70
     0
  9
$DIMALTZ
 70
     0
  9
$DIMALTTZ
 70
     0
  9
$DIMUPT
 70
     0
  9
$DIMDEC
 70
     4
  9
$DIMTDEC
 70
     4
  9
$DIMALTU
 70
     2
  9
$DIMALTTD
 70
     2
  9
$DIMTXSTY
  7
Standard
  9
$DIMAUNIT
 70
     0
  9
$DIMADEC
 70
     0
  9
$DIMALTRND
 40
0.0
  9
$DIMAZIN
 70
     0
  9
$DIMDSEP
 70
    46
  9
$DIMATFIT
 70
     3
  9
$DIMFRAC
 70
     0
  9
$DIMLDRBLK
  1

  9
$DIMLUNIT
 70
     2
  9
$DIMLWD
 70
    -2
  9
$DIMLWE
 70
    -2
  9
$DIMTMOVE
 70
     0
  9
$LUNITS
 70
     2
  9
$LUPREC
 70
     4
  9
$SKETCHINC
 40
0.1
  9
$FILLETRAD
 40
0.5
  9
$AUNITS
 70
     0
  9
$AUPREC
 70
     0
  9
$MENU
  1
.
  9
$ELEVATION
 40
0.0
  9
$PELEVATION
 40
0.0
  9
$THICKNESS
 40
0.0
  9
$LIMCHECK
 70
     0
  9
$CHAMFERA
 40
0.5
  9
$CHAMFERB
 40
0.5
  9
$CHAMFERC
 40
1.0
  9
$CHAMFERD
 40
0.0
  9
$SKPOLY
 70
     0
  9
$TDCREATE
 40
2457578.581644456
  9
$TDUCREATE
 40
2457578.206644456
  9
$TDUPDATE
 40
2457638.676075533
  9
$TDUUPDATE
 40
2457638.301075533
  9
$TDINDWG
 40
0.0111392245
  9
$TDUSRTIMER
 40
0.0111377778
  9
$USRTIMER
 70
     1
  9
$ANGBASE
 50
0.0
  9
$ANGDIR
 70
     0
  9
$PDMODE
 70
     0
  9
$PDSIZE
 40
0.0
  9
$PLINEWID
 40
0.0
  9
$SPLFRAME
 70
     0
  9
$SPLINETYPE
 70
     6
  9
$SPLINESEGS
 70
     8
  9
$HANDSEED
  5
103D
  9
$SURFTAB1
 70
     6
  9
$SURFTAB2
 70
     6
  9
$SURFTYPE
 70
     6
  9
$SURFU
 70
     6
  9
$SURFV
 70
     6
  9
$UCSBASE
  2

  9
$UCSNAME
  2

  9
$UCSORG
 10
0.0
 20
0.0
 30
0.0
  9
$UCSXDIR
 10
1.0
 20
0.0
 30
0.0
  9
$UCSYDIR
 10
0.0
 20
1.0
 30
0.0
  9
$UCSORTHOREF
  2

  9
$UCSORTHOVIEW
 70
     0
  9
$UCSORGTOP
 10
0.0
 20
0.0
 30
0.0
  9
$UCSORGBOTTOM
 10
0.0
 20
0.0
 30
0.0
  9
$UCSORGLEFT
 10
0.0
 20
0.0
 30
0.0
  9
$UCSORGRIGHT
 10
0.0
 20
0.0
 30
0.0
  9
$UCSORGFRONT
 10
0.0
 20
0.0
 30
0.0
  9
$UCSORGBACK
 10
0.0
 20
0.0
 30
0.0
  9
$PUCSBASE
  2

  9
$PUCSNAME
  2

  9
$PUCSORG
 10
0.0
 20
0.0
 30
0.0
  9
$PUCSXDIR
 10
1.0
 20
0.0
 30
0.0
  9
$PUCSYDIR
 10
0.0
 20
1.0
 30
0.0
  9
$PUCSORTHOREF
  2

  9
$PUCSORTHOVIEW
 70
     0
  9
$PUCSORGTOP
 10
0.0
 20
0.0
 30
0.0
  9
$PUCSORGBOTTOM
 10
0.0
 20
0.0
 30
0.0
  9
$PUCSORGLEFT
 10
0.0
 20
0.0
 30
0.0
  9
$PUCSORGRIGHT
 10
0.0
 20
0.0
 30
0.0
  9
$PUCSORGFRONT
 10
0.0
 20
0.0
 30
0.0
  9
$PUCSORGBACK
 10
0.0
 20
0.0
 30
0.0
  9
$USERI1
 70
     0
  9
$USERI2
 70
     0
  9
$USERI3
 70
     0
  9
$USERI4
 70
     0
  9
$USERI5
 70
     0
  9
$USERR1
 40
18.1
  9
$USERR2
 40
0.0
  9
$USERR3
 40
0.0
  9
$USERR4
 40
0.0
  9
$USERR5
 40
0.0
  9
$WORLDVIEW
 70
     1
  9
$SHADEDGE
 70
     3
  9
$SHADEDIF
 70
    70
  9
$TILEMODE
 70
     1
  9
$MAXACTVP
 70
    64
  9
$PINSBASE
 10
0.0
 20
0.0
 30
0.0
  9
$PLIMCHECK
 70
     0
  9
$PEXTMIN
 10
1.000000000000000E+20
 20
1.000000000000000E+20
 30
1.000000000000000E+20
  9
$PEXTMAX
 10
-1.000000000000000E+20
 20
-1.000000000000000E+20
 30
-1.000000000000000E+20
  9
$PLIMMIN
 10
0.0
 20
0.0
  9
$PLIMMAX
 10
12.0
 20
9.0
  9
$UNITMODE
 70
     0
  9
$VISRETAIN
 70
     1
  9
$PLINEGEN
 70
     0
  9
$PSLTSCALE
 70
     1
  9
$TREEDEPTH
 70
  3020
  9
$CMLSTYLE
  2
Standard
  9
$CMLJUST
 70
     0
  9
$CMLSCALE
 40
1.0
  9
$PROXYGRAPHICS
 70
     1
  9
$MEASUREMENT
 70
     1
  9
$CELWEIGHT
370
    -1
  9
$ENDCAPS
280
     0
  9
$JOINSTYLE
280
     0
  9
$LWDISPLAY
290
     0
  9
$INSUNITS
 70
     4
  9
$HYPERLINKBASE
  1

  9
$STYLESHEET
  1

  9
$XEDIT
290
     1
  9
$CEPSNTYPE
380
     0
  9
$PSTYLEMODE
290
     1
  9
$FINGERPRINTGUID
  2
{DE6829E3-ED03-493E-BCE6-B81A4A53DF76}
  9
$VERSIONGUID
  2
{C1EE2A9C-220D-4869-8C03-0EF9D6137AC7}
  9
$EXTNAMES
290
     1
  9
$PSVPSCALE
 40
0.0
  9
$OLESTARTUP
290
     0
  0
ENDSEC
  0
SECTION
  2
CLASSES
  0
CLASS
  1
ACDBDICTIONARYWDFLT
  2
AcDbDictionaryWithDefault
  3
ObjectDBX Classes
 90
        0
280
     0
281
     0
  0
CLASS
  1
VISUALSTYLE
  2
AcDbVisualStyle
  3
ObjectDBX Classes
 90
     4095
280
     0
281
     0
  0
CLASS
  1
MATERIAL
  2
AcDbMaterial
  3
ObjectDBX Classes
 90
     1153
280
     0
281
     0
  0
CLASS
  1
DICTIONARYVAR
  2
AcDbDictionaryVar
  3
ObjectDBX Classes
 90
        0
280
     0
281
     0
  0
CLASS
  1
ACDBPLACEHOLDER
  2
AcDbPlaceHolder
  3
ObjectDBX Classes
 90
        0
280
     0
281
     0
  0
CLASS
  1
LAYOUT
  2
AcDbLayout
  3
ObjectDBX Classes
 90
        0
280
     0
281
     0
  0
CLASS
  1
TABLESTYLE
  2
AcDbTableStyle
  3
ObjectDBX Classes
 90
     4095
280
     0
281
     0
  0
CLASS
  1
SCALE
  2
AcDbScale
  3
ObjectDBX Classes
 90
     1153
280
     0
281
     0
  0
CLASS
  1
MLEADERSTYLE
  2
AcDbMLeaderStyle
  3
ACDB_MLEADERSTYLE_CLASS
 90
     4095
280
     0
281
     0
  0
CLASS
  1
EXACXREFPANELOBJECT
  2
ExAcXREFPanelObject
  3
EXAC_ESW
 90
     1025
280
     0
281
     0
  0
CLASS
  1
NPOCOLLECTION
  2
AcDbImpNonPersistentObjectsCollection
  3
ObjectDBX Classes
 90
     1153
280
     0
281
     0
  0
CLASS
  1
DIMASSOC
  2
AcDbDimAssoc
  3
"AcDbDimAssoc|Product Desc:     AcDim ARX App For Dimension|Company:          Autodesk, Inc.|WEB Address:      www.autodesk.com"
 90
    32768
280
     0
281
     0
  0
CLASS
  1
CELLSTYLEMAP
  2
AcDbCellStyleMap
  3
ObjectDBX Classes
 90
     1152
280
     0
281
     0
  0
ENDSEC
  0
SECTION
  2
TABLES
  0
TABLE
  2
VPORT
  5
8
330
0
100
AcDbSymbolTable
 70
     1
  0
VPORT
  5
29
330
8
100
AcDbSymbolTableRecord
100
AcDbViewportTableRecord
  2
*Active
 70
     0
 10
0.0
 20
0.0
 11
1.0
 21
1.0
 12
11.07028701461047
 22
-28.39903405967703
 13
0.0
 23
0.0
 14
0.5
 24
0.5
 15
0.5
 25
0.5
 16
0.0
 26
0.0
 36
1.0
 17
0.0
 27
0.0
 37
0.0
 40
379.8103511013122
 41
1.987373737373737
 42
50.0
 43
0.0
 44
0.0
 50
0.0
 51
0.0
 71
     0
 72
   100
 73
     1
 74
     2
 75
     0
 76
     0
 77
     0
 78
     0
281
     0
 65
     1
110
0.0
120
0.0
130
0.0
111
1.0
121
0.0
131
0.0
112
0.0
122
1.0
132
0.0
 79
     0
146
0.0
  0
ENDTAB
  0
TABLE
  2
LTYPE
  5
5
330
0
100
AcDbSymbolTable
 70
     2
  0
LTYPE
  5
14
330
5
100
AcDbSymbolTableRecord
100
AcDbLinetypeTableRecord
  2
ByBlock
 70
     0
  3

 72
    65
 73
     0
 40
0.0
  0
LTYPE
  5
15
330
5
100
AcDbSymbolTableRecord
100
AcDbLinetypeTableRecord
  2
ByLayer
 70
     0
  3

 72
    65
 73
     0
 40
0.0
  0
LTYPE
  5
16
330
5
100
AcDbSymbolTableRecord
100
AcDbLinetypeTableRecord
  2
Continuous
 70
     0
  3
Solid line
 72
    65
 73
     0
 40
0.0
  0
LTYPE
  5
43
330
5
100
AcDbSymbolTableRecord
100
AcDbLinetypeTableRecord
  2
DASH_CENTER
 70
     0
  3
Dash_Center
 72
    65
 73
     4
 40
14.0
 49
11.0
 74
     0
 49
-1.0
 74
     0
 49
1.0
 74
     0
 49
-1.0
 74
     0
  0
ENDTAB
  0
TABLE
  2
LAYER
  5
2
102
{ACAD_XDICTIONARY
360
FC9
102
}
330
0
100
AcDbSymbolTable
 70
     2
  0
LAYER
  5
10
102
{ACAD_XDICTIONARY
360
EAD
102
}
330
2
100
AcDbSymbolTableRecord
100
AcDbLayerTableRecord
  2
0
 70
     0
 62
     7
  6
Continuous
370
    -3
390
F
  0
LAYER
  5
EBB
330
2
100
AcDbSymbolTableRecord
100
AcDbLayerTableRecord
  2
Defpoints
 70
     0
 62
     7
  6
Continuous
290
     0
370
    -3
390
F
  0
ENDTAB
  0
TABLE
  2
STYLE
  5
3
330
0
100
AcDbSymbolTable
 70
     1
  0
STYLE
  5
11
330
3
100
AcDbSymbolTableRecord
100
AcDbTextStyleTableRecord
  2
Standard
 70
     0
 40
0.0
 41
1.0
 50
0.0
 71
     0
 42
0.2
  3
txt
  4

  0
ENDTAB
  0
TABLE
  2
VIEW
  5
6
330
0
100
AcDbSymbolTable
 70
     0
  0
ENDTAB
  0
TABLE
  2
UCS
  5
7
330
0
100
AcDbSymbolTable
 70
     0
  0
ENDTAB
  0
TABLE
  2
APPID
  5
9
330
0
100
AcDbSymbolTable
 70
     3
  0
APPID
  5
12
330
9
100
AcDbSymbolTableRecord
100
AcDbRegAppTableRecord
  2
ACAD
 70
     0
  0
APPID
  5
F23
330
9
100
AcDbSymbolTableRecord
100
AcDbRegAppTableRecord
  2
ACAD_DSTYLE_DIMRADIAL_EXTENSION
 70
     0
  0
APPID
  5
103C
330
9
100
AcDbSymbolTableRecord
100
AcDbRegAppTableRecord
  2
ACAD_MLEADERVER
 70
     0
  0
ENDTAB
  0
TABLE
  2
DIMSTYLE
  5
A
330
0
100
AcDbSymbolTable
 70
     1
100
AcDbDimStyleTable
 71
     1
340
27
  0
DIMSTYLE
105
27
330
A
100
AcDbSymbolTableRecord
100
AcDbDimStyleTableRecord
  2
Standard
 70
     0
340
11
  0
ENDTAB
  0
TABLE
  2
BLOCK_RECORD
  5
1
330
0
100
AcDbSymbolTable
 70
     1
  0
BLOCK_RECORD
  5
1F
330
1
100
AcDbSymbolTableRecord
100
AcDbBlockTableRecord
  2
*Model_Space
340
22
  0
BLOCK_RECORD
  5
1B
330
1
100
AcDbSymbolTableRecord
100
AcDbBlockTableRecord
  2
*Paper_Space
340
1E
  0
BLOCK_RECORD
  5
23
330
1
100
AcDbSymbolTableRecord
100
AcDbBlockTableRecord
  2
*Paper_Space0
340
26
  0
ENDTAB
  0
ENDSEC
  0
SECTION
  2
BLOCKS
  0
BLOCK
  5
20
330
1F
100
AcDbEntity
  8
0
100
AcDbBlockBegin
  2
*Model_Space
 70
     0
 10
0.0
 20
0.0
 30
0.0
  3
*Model_Space
  1

  0
ENDBLK
  5
21
330
1F
100
AcDbEntity
  8
0
100
AcDbBlockEnd
  0
BLOCK
  5
1C
330
1B
100
AcDbEntity
 67
     1
  8
0
100
AcDbBlockBegin
  2
*Paper_Space
 70
     0
 10
0.0
 20
0.0
 30
0.0
  3
*Paper_Space
  1

  0
ENDBLK
  5
1D
330
1B
100
AcDbEntity
 67
     1
  8
0
100
AcDbBlockEnd
  0
BLOCK
  5
24
330
23
100
AcDbEntity
 67
     1
  8
0
100
AcDbBlockBegin
  2
*Paper_Space0
 70
     0
 10
0.0
 20
0.0
 30
0.0
  3
*Paper_Space0
  1

  0
ENDBLK
  5
25
330
23
100
AcDbEntity
 67
     1
  8
0
100
AcDbBlockEnd
  0
ENDSEC
  0
SECTION
  2
ENTITIES
  0
LINE
  5
4F6
330
1F
100
AcDbEntity
  8
0
  6
Continuous
 62
     7
100
AcDbLine
 10
59.0997029395997
 20
137.0002000000001
 30
0.0
 11
81.49970293936831
 21
137.0002000000001
 31
0.0
  0
LINE
  5
4F7
330
1F
100
AcDbEntity
  8
0
  6
Continuous
 62
     7
100
AcDbLine
 10
81.49970293936831
 20
137.0002000000001
 30
0.0
 11
81.99970293936832
 21
136.5002000000001
 31
0.0
  0
LINE
  5
4F8
330
1F
100
AcDbEntity
  8
0
  6
Continuous
 62
     7
100
AcDbLine
 10
81.99970293936832
 20
136.5002000000001
 30
0.0
 11
81.99970293936832
 21
123.5002000000001
 31
0.0
  0
LINE
  5
4F9
330
1F
100
AcDbEntity
  8
0
  6
Continuous
 62
     7
100
AcDbLine
 10
81.99970293936832
 20
123.5002000000001
 30
0.0
 11
81.49970293936831
 21
123.0002000000001
 31
0.0
  0
LINE
  5
4FA
330
1F
100
AcDbEntity
  8
0
  6
Continuous
 62
     7
100
AcDbLine
 10
81.49970293936831
 20
123.0002000000001
 30
0.0
 11
59.0997029395997
 21
123.0002000000001
 31
0.0
  0
LINE
  5
4FB
330
1F
100
AcDbEntity
  8
0
  6
Continuous
 62
     7
100
AcDbLine
 10
48.69970293992565
 20
153.9001999999861
 30
0.0
 11
48.79970293855723
 21
153.9001999999861
 31
0.0
  0
LINE
  5
4FC
330
1F
100
AcDbEntity
  8
0
  6
Continuous
 62
     7
100
AcDbLine
 10
48.69970293992565
 20
106.1001999999986
 30
0.0
 11
48.79970293855723
 21
106.1001999999986
 31
0.0
  0
LINE
  5
4FD
330
1F
100
AcDbEntity
  8
0
  6
Continuous
 62
     7
100
AcDbLine
 10
59.0997029395997
 20
130.0002000000001
 30
0.0
 11
59.0997029395997
 21
154.2001999999835
 31
0.0
  0
LINE
  5
4FE
330
1F
100
AcDbEntity
  8
0
  6
Continuous
 62
     7
100
AcDbLine
 10
59.0997029395997
 20
105.8002000000167
 30
0.0
 11
58.5997029395997
 21
105.3002000000167
 31
0.0
  0
LINE
  5
4FF
330
1F
100
AcDbEntity
  8
0
  6
Continuous
 62
     7
100
AcDbLine
 10
58.5997029395997
 20
105.3002000000167
 30
0.0
 11
48.8997029385576
 21
105.3002000000167
 31
0.0
  0
LINE
  5
500
330
1F
100
AcDbEntity
  8
0
  6
Continuous
 62
     7
100
AcDbLine
 10
48.8997029385576
 20
105.3002000000167
 30
0.0
 11
48.79970293855723
 21
105.4002000000161
 31
0.0
  0
LINE
  5
501
330
1F
100
AcDbEntity
  8
0
  6
Continuous
 62
     7
100
AcDbLine
 10
48.49970293992583
 20
154.8001999999803
 30
0.0
 11
48.49970293992583
 21
105.2002000000181
 31
0.0
  0
LINE
  5
502
330
1F
100
AcDbEntity
  8
0
  6
Continuous
 62
     7
100
AcDbLine
 10
48.49970293992583
 20
105.2002000000181
 30
0.0
 11
48.29970293992693
 21
105.0002000000165
 31
0.0
  0
LINE
  5
503
330
1F
100
AcDbEntity
  8
0
  6
Continuous
 62
     7
100
AcDbLine
 10
48.29970293992693
 20
105.0002000000165
 30
0.0
 11
47.29970293857724
 21
105.0002000000183
 31
0.0
  0
LINE
  5
504
330
1F
100
AcDbEntity
  8
0
  6
Continuous
 62
     7
100
AcDbLine
 10
59.0997029395997
 20
130.0002000000001
 30
0.0
 11
59.0997029395997
 21
105.8002000000167
 31
0.0
  0
LINE
  5
505
330
1F
100
AcDbEntity
  8
0
  6
Continuous
 62
     7
100
AcDbLine
 10
48.79970293855723
 20
105.4002000000161
 30
0.0
 11
48.79970293855723
 21
154.600199999985
 31
0.0
  0
LINE
  5
506
330
1F
100
AcDbEntity
  8
0
  6
Continuous
 62
     7
100
AcDbLine
 10
47.29970293857724
 20
155.0001999999819
 30
0.0
 11
48.29970293992693
 21
155.0001999999819
 31
0.0
  0
LINE
  5
507
330
1F
100
AcDbEntity
  8
0
  6
Continuous
 62
     7
100
AcDbLine
 10
48.29970293992693
 20
155.0001999999819
 30
0.0
 11
48.49970293992583
 21
154.8001999999803
 31
0.0
  0
LINE
  5
508
330
1F
100
AcDbEntity
  8
0
  6
Continuous
 62
     7
100
AcDbLine
 10
48.79970293855723
 20
154.600199999985
 30
0.0
 11
48.8997029385576
 21
154.7001999999835
 31
0.0
  0
LINE
  5
509
330
1F
100
AcDbEntity
  8
0
  6
Continuous
 62
     7
100
AcDbLine
 10
48.8997029385576
 20
154.7001999999835
 30
0.0
 11
58.5997029395997
 21
154.7001999999835
 31
0.0
  0
LINE
  5
50A
330
1F
100
AcDbEntity
  8
0
  6
Continuous
 62
     7
100
AcDbLine
 10
58.5997029395997
 20
154.7001999999835
 30
0.0
 11
59.0997029395997
 21
154.2001999999835
 31
0.0
  0
LINE
  5
50B
330
1F
100
AcDbEntity
  8
0
  6
DASH_CENTER
 62
     1
100
AcDbLine
 10
20.99970293893222
 20
130.0002000000001
 30
0.0
 11
86.99970293936877
 21
130.0002000000001
 31
0.0
  0
LINE
  5
50C
330
1F
100
AcDbEntity
  8
0
  6
DASH_CENTER
 62
     1
100
AcDbLine
 10
86.9997029393683
 20
-132.1144786820148
 30
0.0
 11
-71.80109706288994
 21
-132.1144786820148
 31
0.0
  0
LINE
  5
50D
330
1F
100
AcDbEntity
  8
0
  6
Continuous
 62
     7
100
AcDbLine
 10
58.5997029395997
 20
-107.4144786820313
 30
0.0
 11
59.0997029395997
 21
-107.9144786820313
 31
0.0
  0
LINE
  5
50E
330
1F
100
AcDbEntity
  8
0
  6
Continuous
 62
     7
100
AcDbLine
 10
48.8997029385576
 20
-107.4144786820313
 30
0.0
 11
58.5997029395997
 21
-107.4144786820313
 31
0.0
  0
LINE
  5
50F
330
1F
100
AcDbEntity
  8
0
  6
Continuous
 62
     7
100
AcDbLine
 10
48.79970293855723
 20
-107.5144786820299
 30
0.0
 11
48.8997029385576
 21
-107.4144786820313
 31
0.0
  0
LINE
  5
510
330
1F
100
AcDbEntity
  8
0
  6
Continuous
 62
     7
100
AcDbLine
 10
48.29970293992693
 20
-107.114478682033
 30
0.0
 11
48.49970293992583
 21
-107.3144786820346
 31
0.0
  0
LINE
  5
511
330
1F
100
AcDbEntity
  8
0
  6
Continuous
 62
     7
100
AcDbLine
 10
47.29970293857724
 20
-107.114478682033
 30
0.0
 11
48.29970293992693
 21
-107.114478682033
 31
0.0
  0
LINE
  5
512
330
1F
100
AcDbEntity
  8
0
  6
Continuous
 62
     7
100
AcDbLine
 10
48.79970293855723
 20
-156.7144786819987
 30
0.0
 11
48.79970293855723
 21
-107.5144786820299
 31
0.0
  0
LINE
  5
513
330
1F
100
AcDbEntity
  8
0
  6
Continuous
 62
     7
100
AcDbLine
 10
59.0997029395997
 20
-132.1144786820148
 30
0.0
 11
59.0997029395997
 21
-156.3144786819981
 31
0.0
  0
LINE
  5
514
330
1F
100
AcDbEntity
  8
0
  6
Continuous
 62
     7
100
AcDbLine
 10
48.29970293992693
 20
-157.1144786819984
 30
0.0
 11
47.29970293857724
 21
-157.1144786819967
 31
0.0
  0
LINE
  5
515
330
1F
100
AcDbEntity
  8
0
  6
Continuous
 62
     7
100
AcDbLine
 10
48.49970293992583
 20
-156.9144786819967
 30
0.0
 11
48.29970293992693
 21
-157.1144786819984
 31
0.0
  0
LINE
  5
516
330
1F
100
AcDbEntity
  8
0
  6
Continuous
 62
     7
100
AcDbLine
 10
48.49970293992583
 20
-107.3144786820346
 30
0.0
 11
48.49970293992583
 21
-156.9144786819967
 31
0.0
  0
LINE
  5
517
330
1F
100
AcDbEntity
  8
0
  6
Continuous
 62
     7
100
AcDbLine
 10
48.8997029385576
 20
-156.8144786819981
 30
0.0
 11
48.79970293855723
 21
-156.7144786819987
 31
0.0
  0
LINE
  5
518
330
1F
100
AcDbEntity
  8
0
  6
Continuous
 62
     7
100
AcDbLine
 10
58.5997029395997
 20
-156.8144786819981
 30
0.0
 11
48.8997029385576
 21
-156.8144786819981
 31
0.0
  0
LINE
  5
519
330
1F
100
AcDbEntity
  8
0
  6
Continuous
 62
     7
100
AcDbLine
 10
59.0997029395997
 20
-156.3144786819981
 30
0.0
 11
58.5997029395997
 21
-156.8144786819981
 31
0.0
  0
LINE
  5
51A
330
1F
100
AcDbEntity
  8
0
  6
Continuous
 62
     7
100
AcDbLine
 10
59.0997029395997
 20
-132.1144786820148
 30
0.0
 11
59.0997029395997
 21
-107.9144786820313
 31
0.0
  0
LINE
  5
51B
330
1F
100
AcDbEntity
  8
0
  6
Continuous
 62
     7
100
AcDbLine
 10
48.69970293992565
 20
-156.0144786820164
 30
0.0
 11
48.79970293855723
 21
-156.0144786820164
 31
0.0
  0
LINE
  5
51C
330
1F
100
AcDbEntity
  8
0
  6
Continuous
 62
     7
100
AcDbLine
 10
48.69970293992565
 20
-108.2144786820288
 30
0.0
 11
48.79970293855723
 21
-108.2144786820288
 31
0.0
  0
LINE
  5
51D
330
1F
100
AcDbEntity
  8
0
  6
Continuous
 62
     7
100
AcDbLine
 10
59.09970293953693
 20
-112.4698218113442
 30
0.0
 11
51.79970293894559
 21
-112.4698218113442
 31
0.0
  0
LINE
  5
51E
330
1F
100
AcDbEntity
  8
0
  6
Continuous
 62
     7
100
AcDbLine
 10
51.79970293894559
 20
-112.4698218113442
 30
0.0
 11
51.79970293886828
 21
-109.3255357178566
 31
0.0
  0
LINE
  5
51F
330
1F
100
AcDbEntity
  8
0
  6
Continuous
 62
     7
100
AcDbLine
 10
51.79970293886828
 20
-109.3255357178566
 30
0.0
 11
59.0997029395997
 21
-109.3255357178566
 31
0.0
  0
LINE
  5
520
330
1F
100
AcDbEntity
  8
0
  6
Continuous
 62
     7
100
AcDbLine
 10
52.89970293892867
 20
-112.4698218113442
 30
0.0
 11
52.89970293892867
 21
-112.1109579030196
 31
0.0
  0
LINE
  5
521
330
1F
100
AcDbEntity
  8
0
  6
Continuous
 62
     7
100
AcDbLine
 10
53.68169274319763
 20
-112.1793731458863
 30
0.0
 11
52.89970293892867
 21
-112.1109579030196
 31
0.0
  0
LINE
  5
522
330
1F
100
AcDbEntity
  8
0
  6
Continuous
 62
     7
100
AcDbLine
 10
52.89970293892867
 20
-111.7109579030173
 30
0.0
 11
52.89970293892867
 21
-112.1109579030196
 31
0.0
  0
LINE
  5
523
330
1F
100
AcDbEntity
  8
0
  6
Continuous
 62
     7
100
AcDbLine
 10
52.2997029389283
 20
-111.7109579030173
 30
0.0
 11
52.89970293892867
 21
-111.7109579030173
 31
0.0
  0
LINE
  5
524
330
1F
100
AcDbEntity
  8
0
  6
Continuous
 62
     7
100
AcDbLine
 10
52.2997029389283
 20
-112.4698218113442
 30
0.0
 11
52.2997029389283
 21
-111.7109579030173
 31
0.0
  0
LINE
  5
525
330
1F
100
AcDbEntity
  8
0
  6
Continuous
 62
     7
100
AcDbLine
 10
52.2997029389283
 20
-111.8609579030196
 30
0.0
 11
52.2997029389283
 21
-111.7109579030173
 31
0.0
  0
LINE
  5
526
330
1F
100
AcDbEntity
  8
0
  6
Continuous
 62
     7
100
AcDbLine
 10
51.7997029389283
 20
-111.8609579030196
 30
0.0
 11
52.2997029389283
 21
-111.8609579030196
 31
0.0
  0
LINE
  5
527
330
1F
100
AcDbEntity
  8
0
  6
Continuous
 62
     7
100
AcDbLine
 10
52.2997029389283
 20
-152.36799946101
 30
0.0
 11
51.7997029389283
 21
-152.36799946101
 31
0.0
  0
LINE
  5
528
330
1F
100
AcDbEntity
  8
0
  6
Continuous
 62
     7
100
AcDbLine
 10
52.2997029389283
 20
-152.5179994610095
 30
0.0
 11
52.2997029389283
 21
-152.36799946101
 31
0.0
  0
LINE
  5
529
330
1F
100
AcDbEntity
  8
0
  6
Continuous
 62
     7
100
AcDbLine
 10
52.2997029389283
 20
-152.5179994610095
 30
0.0
 11
52.2997029389283
 21
-151.7591355526854
 31
0.0
  0
LINE
  5
52A
330
1F
100
AcDbEntity
  8
0
  6
Continuous
 62
     7
100
AcDbLine
 10
52.89970293892867
 20
-152.5179994610095
 30
0.0
 11
52.2997029389283
 21
-152.5179994610095
 31
0.0
  0
LINE
  5
52B
330
1F
100
AcDbEntity
  8
0
  6
Continuous
 62
     7
100
AcDbLine
 10
52.89970293892867
 20
-152.1179994610101
 30
0.0
 11
52.89970293892867
 21
-152.5179994610095
 31
0.0
  0
LINE
  5
52C
330
1F
100
AcDbEntity
  8
0
  6
Continuous
 62
     7
100
AcDbLine
 10
52.89970293892867
 20
-152.1179994610101
 30
0.0
 11
53.68169274319763
 21
-152.0495842181423
 31
0.0
  0
LINE
  5
52D
330
1F
100
AcDbEntity
  8
0
  6
Continuous
 62
     7
100
AcDbLine
 10
52.89970293892867
 20
-152.1179994610101
 30
0.0
 11
52.89970293892867
 21
-151.7591355526854
 31
0.0
  0
LINE
  5
52E
330
1F
100
AcDbEntity
  8
0
  6
Continuous
 62
     7
100
AcDbLine
 10
59.0997029395997
 20
-154.9034216461729
 30
0.0
 11
51.79970293886828
 21
-154.9034216461729
 31
0.0
  0
LINE
  5
52F
330
1F
100
AcDbEntity
  8
0
  6
Continuous
 62
     7
100
AcDbLine
 10
51.79970293886828
 20
-154.9034216461729
 30
0.0
 11
51.79970293894559
 21
-151.7591355526854
 31
0.0
  0
LINE
  5
530
330
1F
100
AcDbEntity
  8
0
  6
Continuous
 62
     7
100
AcDbLine
 10
51.79970293894559
 20
-151.7591355526854
 30
0.0
 11
59.09970293953693
 21
-151.7591355526854
 31
0.0
  0
LINE
  5
531
330
1F
100
AcDbEntity
  8
0
  6
Continuous
 62
     7
100
AcDbLine
 10
81.49970293936831
 20
-139.1144786820148
 30
0.0
 11
59.0997029395997
 21
-139.1144786820148
 31
0.0
  0
LINE
  5
532
330
1F
100
AcDbEntity
  8
0
  6
Continuous
 62
     7
100
AcDbLine
 10
81.99970293936832
 20
-138.6144786820147
 30
0.0
 11
81.49970293936831
 21
-139.1144786820148
 31
0.0
  0
LINE
  5
533
330
1F
100
AcDbEntity
  8
0
  6
Continuous
 62
     7
100
AcDbLine
 10
81.99970293936832
 20
-125.6144786820148
 30
0.0
 11
81.99970293936832
 21
-138.6144786820147
 31
0.0
  0
LINE
  5
534
330
1F
100
AcDbEntity
  8
0
  6
Continuous
 62
     7
100
AcDbLine
 10
81.49970293936831
 20
-125.1144786820148
 30
0.0
 11
81.99970293936832
 21
-125.6144786820148
 31
0.0
  0
LINE
  5
535
330
1F
100
AcDbEntity
  8
0
  6
Continuous
 62
     7
100
AcDbLine
 10
59.0997029395997
 20
-125.1144786820148
 30
0.0
 11
81.49970293936831
 21
-125.1144786820148
 31
0.0
  0
LINE
  5
536
330
1F
100
AcDbEntity
  8
0
  6
DASH_CENTER
 62
     1
100
AcDbLine
 10
204.2245192203048
 20
-12.74990073069364
 30
0.0
 11
195.5643233402755
 21
-7.74980000106495
 31
0.0
  0
LINE
  5
537
330
1F
100
AcDbEntity
  8
0
  6
DASH_CENTER
 62
     1
100
AcDbLine
 10
160.0572236272894
 20
-12.74969926815936
 30
0.0
 11
168.717535820839
 21
-7.749799999456059
 31
0.0
  0
LINE
  5
53E
330
1F
100
AcDbEntity
  8
0
  6
Continuous
 62
     7
100
AcDbLine
 10
204.5534258441069
 20
-9.47555913549638
 30
0.0
 11
201.3944503573641
 21
-7.651723788191129
 31
0.0
  0
LINE
  5
53F
330
1F
100
AcDbEntity
  8
0
  6
Continuous
 62
     7
100
AcDbLine
 10
201.5534258444881
 20
-14.67171155847461
 30
0.0
 11
198.3944503577479
 21
-12.84787621117209
 31
0.0
  0
LINE
  5
541
330
1F
100
AcDbEntity
  8
0
  6
Continuous
 62
     7
100
AcDbLine
 10
162.7284333155815
 20
-14.67171155861104
 30
0.0
 11
165.8874088021105
 21
-12.8478762109329
 31
0.0
  0
LINE
  5
542
330
1F
100
AcDbEntity
  8
0
  6
Continuous
 62
     7
100
AcDbLine
 10
159.7284333153606
 20
-9.475559135981139
 30
0.0
 11
162.8874088018859
 21
-7.651723788307549
 31
0.0
  0
LINE
  5
546
330
1F
100
AcDbEntity
  8
0
  6
Continuous
 62
     7
100
AcDbLine
 10
185.1409295810539
 20
24.14787069509805
 30
0.0
 11
185.1409295810539
 21
20.50019999999643
 31
0.0
  0
LINE
  5
547
330
1F
100
AcDbEntity
  8
0
  6
Continuous
 62
     7
100
AcDbLine
 10
179.1409295810112
 20
24.1478706951026
 30
0.0
 11
179.1409295810112
 21
20.50019999999643
 31
0.0
  0
LINE
  5
54D
330
1F
100
AcDbEntity
  8
0
  6
Continuous
 62
     7
100
AcDbLine
 10
182.992077059719
 20
123.0002
 30
0.0
 11
160.5920770597185
 21
123.0002
 31
0.0
  0
LINE
  5
54E
330
1F
100
AcDbEntity
  8
0
  6
Continuous
 62
     7
100
AcDbLine
 10
182.992077059719
 20
123.0002
 30
0.0
 11
183.492077059719
 21
123.5002
 31
0.0
  0
LINE
  5
54F
330
1F
100
AcDbEntity
  8
0
  6
Continuous
 62
     7
100
AcDbLine
 10
183.492077059719
 20
139.0002
 30
0.0
 11
183.492077059719
 21
123.5002
 31
0.0
  0
LINE
  5
550
330
1F
100
AcDbEntity
  8
0
  6
Continuous
 62
     7
100
AcDbLine
 10
182.992077059719
 20
137.0002
 30
0.0
 11
183.492077059719
 21
136.5002
 31
0.0
  0
LINE
  5
551
330
1F
100
AcDbEntity
  8
0
  6
Continuous
 62
     7
100
AcDbLine
 10
160.5920770597185
 20
137.0002
 30
0.0
 11
182.992077059719
 21
137.0002
 31
0.0
  0
LINE
  5
552
330
1F
100
AcDbEntity
  8
0
  6
Continuous
 62
     7
100
AcDbLine
 10
148.492077059719
 20
160.0002
 30
0.0
 11
148.492077059719
 21
100.0002
 31
0.0
  0
LINE
  5
553
330
1F
100
AcDbEntity
  8
0
  6
Continuous
 62
     7
100
AcDbLine
 10
144.9920770596253
 20
100.0002000000118
 30
0.0
 11
148.492077059719
 21
100.0002
 31
0.0
  0
LINE
  5
554
330
1F
100
AcDbEntity
  8
0
  6
Continuous
 62
     7
100
AcDbLine
 10
144.9920770612433
 20
160.0002
 30
0.0
 11
148.492077059719
 21
160.0002
 31
0.0
  0
LINE
  5
555
330
1F
100
AcDbEntity
  8
0
  6
Continuous
 62
     7
100
AcDbLine
 10
183.492077059719
 20
139.0002
 30
0.0
 11
165.492077059719
 21
139.0002
 31
0.0
  0
LINE
  5
556
330
1F
100
AcDbEntity
  8
0
  6
Continuous
 62
     7
100
AcDbLine
 10
165.492077059719
 20
139.0002
 30
0.0
 11
165.492077059719
 21
137.0002
 31
0.0
  0
LINE
  5
557
330
1F
100
AcDbEntity
  8
0
  6
Continuous
 62
     7
100
AcDbLine
 10
165.492077059719
 20
150.5002
 30
0.0
 11
165.492077059719
 21
145.5002
 31
0.0
  0
LINE
  5
558
330
1F
100
AcDbEntity
  8
0
  6
Continuous
 62
     7
100
AcDbLine
 10
165.492077059719
 20
145.5002
 30
0.0
 11
183.492077059719
 21
145.5002
 31
0.0
  0
LINE
  5
559
330
1F
100
AcDbEntity
  8
0
  6
Continuous
 62
     7
100
AcDbLine
 10
183.492077059719
 20
145.5002
 30
0.0
 11
183.492077059719
 21
150.5002
 31
0.0
  0
LINE
  5
55A
330
1F
100
AcDbEntity
  8
0
  6
Continuous
 62
     7
100
AcDbLine
 10
183.492077059719
 20
150.5002
 30
0.0
 11
165.492077059719
 21
150.5002
 31
0.0
  0
LINE
  5
55B
330
1F
100
AcDbEntity
  8
0
  6
DASH_CENTER
 62
     1
100
AcDbLine
 10
160.492077059719
 20
148.0002
 30
0.0
 11
185.992077059719
 21
148.0002
 31
0.0
  0
LINE
  5
55C
330
1F
100
AcDbEntity
  8
0
  6
DASH_CENTER
 62
     1
100
AcDbLine
 10
135.792077059721
 20
130.0002
 30
0.0
 11
188.492077059719
 21
130.0002
 31
0.0
  0
LINE
  5
55D
330
1F
100
AcDbEntity
  8
0
  6
Continuous
 62
     7
100
AcDbLine
 10
150.19207706037
 20
153.9001999999859
 30
0.0
 11
150.2920770590007
 21
153.9001999999859
 31
0.0
  0
LINE
  5
55E
330
1F
100
AcDbEntity
  8
0
  6
Continuous
 62
     7
100
AcDbLine
 10
150.19207706037
 20
106.1001999999985
 30
0.0
 11
150.2920770590007
 21
106.1001999999985
 31
0.0
  0
LINE
  5
55F
330
1F
100
AcDbEntity
  8
0
  6
Continuous
 62
     7
100
AcDbLine
 10
160.5920770597185
 20
130.0002
 30
0.0
 11
160.5920770597185
 21
154.2001999999825
 31
0.0
  0
LINE
  5
560
330
1F
100
AcDbEntity
  8
0
  6
Continuous
 62
     7
100
AcDbLine
 10
153.2920770594618
 20
120.4574535657098
 30
0.0
 11
160.5920770597276
 21
120.4574535657098
 31
0.0
  0
LINE
  5
561
330
1F
100
AcDbEntity
  8
0
  6
Continuous
 62
     7
100
AcDbLine
 10
153.2920770593118
 20
115.042815555566
 30
0.0
 11
153.2920770594618
 21
120.4574535657098
 31
0.0
  0
LINE
  5
562
330
1F
100
AcDbEntity
  8
0
  6
Continuous
 62
     7
100
AcDbLine
 10
160.5920770597185
 20
115.042815555566
 30
0.0
 11
153.2920770593118
 21
115.042815555566
 31
0.0
  0
LINE
  5
563
330
1F
100
AcDbEntity
  8
0
  6
Continuous
 62
     7
100
AcDbLine
 10
154.3920770593712
 20
117.5001999999854
 30
0.0
 11
154.3920770593712
 21
120.4574535657098
 31
0.0
  0
LINE
  5
564
330
1F
100
AcDbEntity
  8
0
  6
Continuous
 62
     7
100
AcDbLine
 10
154.3920770593712
 20
117.5001999999854
 30
0.0
 11
155.174066863642
 21
117.5686152428521
 31
0.0
  0
LINE
  5
565
330
1F
100
AcDbEntity
  8
0
  6
Continuous
 62
     7
100
AcDbLine
 10
154.3920770593712
 20
117.5001999999854
 30
0.0
 11
154.3920770593712
 21
117.1001999999858
 31
0.0
  0
LINE
  5
566
330
1F
100
AcDbEntity
  8
0
  6
Continuous
 62
     7
100
AcDbLine
 10
154.3920770593712
 20
117.1001999999858
 30
0.0
 11
153.7920770593718
 21
117.1001999999858
 31
0.0
  0
LINE
  5
567
330
1F
100
AcDbEntity
  8
0
  6
Continuous
 62
     7
100
AcDbLine
 10
153.7920770593718
 20
117.1001999999858
 30
0.0
 11
153.7920770593718
 21
120.4574535657098
 31
0.0
  0
LINE
  5
568
330
1F
100
AcDbEntity
  8
0
  6
Continuous
 62
     7
100
AcDbLine
 10
153.7920770593718
 20
117.1001999999858
 30
0.0
 11
153.7920770593718
 21
117.2501999999854
 31
0.0
  0
LINE
  5
569
330
1F
100
AcDbEntity
  8
0
  6
Continuous
 62
     7
100
AcDbLine
 10
153.7920770593718
 20
117.2501999999854
 30
0.0
 11
153.2920770593718
 21
117.2501999999854
 31
0.0
  0
LINE
  5
56A
330
1F
100
AcDbEntity
  8
0
  6
Continuous
 62
     7
100
AcDbLine
 10
160.5920770597185
 20
105.8002000000156
 30
0.0
 11
160.0920770597185
 21
105.3002000000156
 31
0.0
  0
LINE
  5
56B
330
1F
100
AcDbEntity
  8
0
  6
Continuous
 62
     7
100
AcDbLine
 10
160.0920770597185
 20
105.3002000000156
 30
0.0
 11
150.3920770590011
 21
105.3002000000156
 31
0.0
  0
LINE
  5
56C
330
1F
100
AcDbEntity
  8
0
  6
Continuous
 62
     7
100
AcDbLine
 10
150.3920770590011
 20
105.3002000000156
 30
0.0
 11
150.2920770590007
 21
105.4002000000151
 31
0.0
  0
LINE
  5
56D
330
1F
100
AcDbEntity
  8
0
  6
Continuous
 62
     7
100
AcDbLine
 10
149.9920770603693
 20
154.8001999999801
 30
0.0
 11
149.9920770603693
 21
105.2002000000171
 31
0.0
  0
LINE
  5
56E
330
1F
100
AcDbEntity
  8
0
  6
Continuous
 62
     7
100
AcDbLine
 10
149.9920770603693
 20
105.2002000000171
 30
0.0
 11
149.7920770603704
 21
105.0002000000172
 31
0.0
  0
LINE
  5
56F
330
1F
100
AcDbEntity
  8
0
  6
Continuous
 62
     7
100
AcDbLine
 10
149.7920770603704
 20
105.0002000000172
 30
0.0
 11
148.7920770590216
 21
105.0002000000181
 31
0.0
  0
LINE
  5
570
330
1F
100
AcDbEntity
  8
0
  6
Continuous
 62
     7
100
AcDbLine
 10
160.5920770597185
 20
130.0002
 30
0.0
 11
160.5920770597185
 21
105.8002000000156
 31
0.0
  0
LINE
  5
571
330
1F
100
AcDbEntity
  8
0
  6
Continuous
 62
     7
100
AcDbLine
 10
150.2920770590007
 20
105.4002000000151
 30
0.0
 11
150.2920770590007
 21
154.6001999999839
 31
0.0
  0
LINE
  5
572
330
1F
100
AcDbEntity
  8
0
  6
Continuous
 62
     7
100
AcDbLine
 10
148.7920770590216
 20
155.0001999999818
 30
0.0
 11
149.7920770603704
 21
155.0001999999818
 31
0.0
  0
LINE
  5
573
330
1F
100
AcDbEntity
  8
0
  6
Continuous
 62
     7
100
AcDbLine
 10
149.7920770603704
 20
155.0001999999818
 30
0.0
 11
149.9920770603693
 21
154.8001999999801
 31
0.0
  0
LINE
  5
574
330
1F
100
AcDbEntity
  8
0
  6
Continuous
 62
     7
100
AcDbLine
 10
150.2920770590007
 20
154.6001999999839
 30
0.0
 11
150.3920770590011
 21
154.7001999999825
 31
0.0
  0
LINE
  5
575
330
1F
100
AcDbEntity
  8
0
  6
Continuous
 62
     7
100
AcDbLine
 10
150.3920770590011
 20
154.7001999999825
 30
0.0
 11
160.0920770597185
 21
154.7001999999825
 31
0.0
  0
LINE
  5
576
330
1F
100
AcDbEntity
  8
0
  6
Continuous
 62
     7
100
AcDbLine
 10
160.0920770597185
 20
154.7001999999825
 30
0.0
 11
160.5920770597185
 21
154.2001999999825
 31
0.0
  0
LINE
  5
579
330
1F
100
AcDbEntity
  8
0
  6
DASH_CENTER
 62
     1
100
AcDbLine
 10
86.99970293936877
 20
0.00020000000006
 30
0.0
 11
-71.8002970607251
 21
0.00020000000006
 31
0.0
  0
LINE
  5
57A
330
1F
100
AcDbEntity
  8
0
  6
Continuous
 62
     7
100
AcDbLine
 10
59.09970293960014
 20
7.000200000000059
 30
0.0
 11
81.49970293936876
 21
7.000200000000059
 31
0.0
  0
LINE
  5
57B
330
1F
100
AcDbEntity
  8
0
  6
Continuous
 62
     7
100
AcDbLine
 10
81.49970293936876
 20
7.000200000000059
 30
0.0
 11
81.99970293936877
 21
6.500200000000059
 31
0.0
  0
LINE
  5
57C
330
1F
100
AcDbEntity
  8
0
  6
Continuous
 62
     7
100
AcDbLine
 10
81.99970293936877
 20
6.500200000000059
 30
0.0
 11
81.99970293936877
 21
-6.49979999999994
 31
0.0
  0
LINE
  5
57D
330
1F
100
AcDbEntity
  8
0
  6
Continuous
 62
     7
100
AcDbLine
 10
81.99970293936877
 20
-6.49979999999994
 30
0.0
 11
81.49970293936876
 21
-6.99979999999994
 31
0.0
  0
LINE
  5
57E
330
1F
100
AcDbEntity
  8
0
  6
Continuous
 62
     7
100
AcDbLine
 10
81.49970293936876
 20
-6.99979999999994
 30
0.0
 11
59.09970293960014
 21
-6.99979999999994
 31
0.0
  0
LINE
  5
580
330
1F
100
AcDbEntity
  8
0
  6
Continuous
 62
     7
100
AcDbLine
 10
58.59970293960015
 20
24.7001999999826
 30
0.0
 11
59.09970293960014
 21
24.2001999999826
 31
0.0
  0
LINE
  5
581
330
1F
100
AcDbEntity
  8
0
  6
Continuous
 62
     7
100
AcDbLine
 10
48.89970293855804
 20
24.7001999999826
 30
0.0
 11
58.59970293960015
 21
24.7001999999826
 31
0.0
  0
LINE
  5
582
330
1F
100
AcDbEntity
  8
0
  6
Continuous
 62
     7
100
AcDbLine
 10
48.7997029385577
 20
24.60019999998406
 30
0.0
 11
48.89970293855804
 21
24.7001999999826
 31
0.0
  0
LINE
  5
583
330
1F
100
AcDbEntity
  8
0
  6
Continuous
 62
     7
100
AcDbLine
 10
48.29970293992738
 20
25.00019999998096
 30
0.0
 11
48.49970293992629
 21
24.80019999998024
 31
0.0
  0
LINE
  5
584
330
1F
100
AcDbEntity
  8
0
  6
Continuous
 62
     7
100
AcDbLine
 10
47.2997029385786
 20
25.00019999998187
 30
0.0
 11
48.29970293992738
 21
25.00019999998096
 31
0.0
  0
LINE
  5
585
330
1F
100
AcDbEntity
  8
0
  6
Continuous
 62
     7
100
AcDbLine
 10
48.7997029385577
 20
-24.59979999998393
 30
0.0
 11
48.7997029385577
 21
24.60019999998406
 31
0.0
  0
LINE
  5
586
330
1F
100
AcDbEntity
  8
0
  6
Continuous
 62
     7
100
AcDbLine
 10
59.09970293960014
 20
0.00020000000006
 30
0.0
 11
59.09970293960014
 21
-24.19979999998338
 31
0.0
  0
LINE
  5
587
330
1F
100
AcDbEntity
  8
0
  6
Continuous
 62
     7
100
AcDbLine
 10
48.29970293992738
 20
-24.99979999998357
 30
0.0
 11
47.2997029385786
 21
-24.99979999998175
 31
0.0
  0
LINE
  5
588
330
1F
100
AcDbEntity
  8
0
  6
Continuous
 62
     7
100
AcDbLine
 10
48.49970293992629
 20
-24.79979999998193
 30
0.0
 11
48.29970293992738
 21
-24.99979999998357
 31
0.0
  0
LINE
  5
589
330
1F
100
AcDbEntity
  8
0
  6
Continuous
 62
     7
100
AcDbLine
 10
48.49970293992629
 20
24.80019999998024
 30
0.0
 11
48.49970293992629
 21
-24.79979999998193
 31
0.0
  0
LINE
  5
58A
330
1F
100
AcDbEntity
  8
0
  6
Continuous
 62
     7
100
AcDbLine
 10
48.89970293855804
 20
-24.69979999998338
 30
0.0
 11
48.7997029385577
 21
-24.59979999998393
 31
0.0
  0
LINE
  5
58B
330
1F
100
AcDbEntity
  8
0
  6
Continuous
 62
     7
100
AcDbLine
 10
58.59970293960015
 20
-24.69979999998338
 30
0.0
 11
48.89970293855804
 21
-24.69979999998338
 31
0.0
  0
LINE
  5
58C
330
1F
100
AcDbEntity
  8
0
  6
Continuous
 62
     7
100
AcDbLine
 10
59.09970293960014
 20
-24.19979999998338
 30
0.0
 11
58.59970293960015
 21
-24.69979999998338
 31
0.0
  0
LINE
  5
58D
330
1F
100
AcDbEntity
  8
0
  6
Continuous
 62
     7
100
AcDbLine
 10
52.29970293877869
 20
-12.74980000001449
 30
0.0
 11
51.79970293877868
 21
-12.74980000001449
 31
0.0
  0
LINE
  5
58E
330
1F
100
AcDbEntity
  8
0
  6
Continuous
 62
     7
100
AcDbLine
 10
52.29970293877869
 20
-12.89980000001503
 30
0.0
 11
52.29970293877869
 21
-12.74980000001449
 31
0.0
  0
LINE
  5
58F
330
1F
100
AcDbEntity
  8
0
  6
Continuous
 62
     7
100
AcDbLine
 10
52.29970293877869
 20
-12.89980000001503
 30
0.0
 11
52.29970293877869
 21
-9.54254643429101
 31
0.0
  0
LINE
  5
590
330
1F
100
AcDbEntity
  8
0
  6
Continuous
 62
     7
100
AcDbLine
 10
52.89970293877906
 20
-12.89980000001503
 30
0.0
 11
52.29970293877869
 21
-12.89980000001503
 31
0.0
  0
LINE
  5
591
330
1F
100
AcDbEntity
  8
0
  6
Continuous
 62
     7
100
AcDbLine
 10
52.89970293877906
 20
-12.49980000001449
 30
0.0
 11
52.89970293877906
 21
-12.89980000001503
 31
0.0
  0
LINE
  5
592
330
1F
100
AcDbEntity
  8
0
  6
Continuous
 62
     7
100
AcDbLine
 10
52.89970293877906
 20
-12.49980000001449
 30
0.0
 11
53.68169274304893
 21
-12.43138475714693
 31
0.0
  0
LINE
  5
593
330
1F
100
AcDbEntity
  8
0
  6
Continuous
 62
     7
100
AcDbLine
 10
52.89970293877906
 20
-12.49980000001449
 30
0.0
 11
52.89970293877906
 21
-9.54254643429101
 31
0.0
  0
LINE
  5
594
330
1F
100
AcDbEntity
  8
0
  6
Continuous
 62
     7
100
AcDbLine
 10
59.09970293960014
 20
-14.95718444443389
 30
0.0
 11
51.79970293871868
 21
-14.95718444443389
 31
0.0
  0
LINE
  5
595
330
1F
100
AcDbEntity
  8
0
  6
Continuous
 62
     7
100
AcDbLine
 10
51.79970293871868
 20
-14.95718444443389
 30
0.0
 11
51.79970293886872
 21
-9.54254643429101
 31
0.0
  0
LINE
  5
596
330
1F
100
AcDbEntity
  8
0
  6
Continuous
 62
     7
100
AcDbLine
 10
51.79970293886872
 20
-9.54254643429101
 30
0.0
 11
59.09970293961015
 21
-9.54254643429101
 31
0.0
  0
LINE
  5
597
330
1F
100
AcDbEntity
  8
0
  6
Continuous
 62
     7
100
AcDbLine
 10
59.09970293960014
 20
0.00020000000006
 30
0.0
 11
59.09970293960014
 21
24.2001999999826
 31
0.0
  0
LINE
  5
598
330
1F
100
AcDbEntity
  8
0
  6
Continuous
 62
     7
100
AcDbLine
 10
48.69970293992611
 20
-23.89980000000139
 30
0.0
 11
48.7997029385577
 21
-23.89980000000139
 31
0.0
  0
LINE
  5
599
330
1F
100
AcDbEntity
  8
0
  6
Continuous
 62
     7
100
AcDbLine
 10
48.69970293992611
 20
23.90019999998606
 30
0.0
 11
48.7997029385577
 21
23.90019999998606
 31
0.0
  0
LINE
  5
59A
330
1F
100
AcDbEntity
  8
0
  6
Continuous
 62
     4
100
AcDbLine
 10
152.4409295808661
 20
31.00019999999233
 30
0.0
 11
152.4409295808661
 21
33.20019999999214
 31
0.0
  0
LINE
  5
59B
330
1F
100
AcDbEntity
  8
0
  6
Continuous
 62
     4
100
AcDbLine
 10
152.4409295808661
 20
33.20019999999214
 30
0.0
 11
155.0909295808658
 21
33.20019999999214
 31
0.0
  0
LINE
  5
59C
330
1F
100
AcDbEntity
  8
0
  6
Continuous
 62
     4
100
AcDbLine
 10
155.0909295808658
 20
33.20019999999214
 30
0.0
 11
155.0909295808658
 21
40.00019999999232
 31
0.0
  0
LINE
  5
59D
330
1F
100
AcDbEntity
  8
0
  6
Continuous
 62
     4
100
AcDbLine
 10
159.0909295808658
 20
44.00019999999323
 30
0.0
 11
166.7909295808647
 21
44.00019999999323
 31
0.0
  0
LINE
  5
59E
330
1F
100
AcDbEntity
  8
0
  6
Continuous
 62
     4
100
AcDbLine
 10
170.7909295808647
 20
40.00019999999232
 30
0.0
 11
170.7909295808647
 21
33.20019999999214
 31
0.0
  0
LINE
  5
59F
330
1F
100
AcDbEntity
  8
0
  6
Continuous
 62
     4
100
AcDbLine
 10
170.7909295808647
 20
33.20019999999214
 30
0.0
 11
173.4409295808661
 21
33.20019999999214
 31
0.0
  0
LINE
  5
5A0
330
1F
100
AcDbEntity
  8
0
  6
Continuous
 62
     4
100
AcDbLine
 10
173.4409295808661
 20
33.20019999999214
 30
0.0
 11
173.4409295808661
 21
31.00019999999233
 31
0.0
  0
LINE
  5
5A1
330
1F
100
AcDbEntity
  8
0
  6
Continuous
 62
     4
100
AcDbLine
 10
173.4409295808661
 20
31.00019999999233
 30
0.0
 11
152.4409295808661
 21
31.00019999999233
 31
0.0
  0
LINE
  5
5A2
330
1F
100
AcDbEntity
  8
0
  6
Continuous
 62
     4
100
AcDbLine
 10
199.6409295810206
 20
30.00019999999779
 30
0.0
 11
168.8409295810213
 21
30.00019999999779
 31
0.0
  0
LINE
  5
5A3
330
1F
100
AcDbEntity
  8
0
  6
Continuous
 62
     4
100
AcDbLine
 10
199.6409295810206
 20
33.00019999999779
 30
0.0
 11
199.6409295810206
 21
30.00019999999779
 31
0.0
  0
LINE
  5
5A4
330
1F
100
AcDbEntity
  8
0
  6
Continuous
 62
     4
100
AcDbLine
 10
196.9909295810209
 20
33.00019999999779
 30
0.0
 11
199.6409295810206
 21
33.00019999999779
 31
0.0
  0
LINE
  5
5A5
330
1F
100
AcDbEntity
  8
0
  6
Continuous
 62
     4
100
AcDbLine
 10
196.9909295810209
 20
43.00019999999778
 30
0.0
 11
196.9909295810209
 21
33.00019999999779
 31
0.0
  0
LINE
  5
5A6
330
1F
100
AcDbEntity
  8
0
  6
Continuous
 62
     4
100
AcDbLine
 10
172.4909295810209
 20
44.00019999999779
 30
0.0
 11
195.9909295810209
 21
44.00019999999779
 31
0.0
  0
LINE
  5
5A7
330
1F
100
AcDbEntity
  8
0
  6
Continuous
 62
     4
100
AcDbLine
 10
171.4909295810209
 20
33.00019999999779
 30
0.0
 11
171.4909295810209
 21
43.00019999999778
 31
0.0
  0
LINE
  5
5A8
330
1F
100
AcDbEntity
  8
0
  6
Continuous
 62
     4
100
AcDbLine
 10
168.8409295810213
 20
33.00019999999779
 30
0.0
 11
171.4909295810209
 21
33.00019999999779
 31
0.0
  0
LINE
  5
5A9
330
1F
100
AcDbEntity
  8
0
  6
Continuous
 62
     4
100
AcDbLine
 10
168.8409295810213
 20
30.00019999999779
 30
0.0
 11
168.8409295810213
 21
33.00019999999779
 31
0.0
  0
LINE
  5
5AA
330
1F
100
AcDbEntity
  8
0
  6
Continuous
 62
     7
100
AcDbLine
 10
152.2419500954505
 20
26.00020000000009
 30
0.0
 11
152.1409295810211
 21
26.00020000000009
 31
0.0
  0
LINE
  5
5AB
330
1F
100
AcDbEntity
  8
0
  6
DASH_CENTER
 62
     1
100
AcDbLine
 10
162.9409295810214
 20
38.80019999999939
 30
0.0
 11
162.9409295810214
 21
28.50019999999279
 31
0.0
  0
LINE
  5
5AC
330
1F
100
AcDbEntity
  8
0
  6
Continuous
 62
     7
100
AcDbLine
 10
167.8659295810206
 20
36.1001999999995
 30
0.0
 11
167.8659295810206
 21
31.00020000000009
 31
0.0
  0
LINE
  5
5AD
330
1F
100
AcDbEntity
  8
0
  6
Continuous
 62
     7
100
AcDbLine
 10
158.21592958102
 20
36.3001999999994
 30
0.0
 11
167.6659295810208
 21
36.3001999999994
 31
0.0
  0
LINE
  5
5AE
330
1F
100
AcDbEntity
  8
0
  6
Continuous
 62
     7
100
AcDbLine
 10
158.0159295810211
 20
31.00020000000009
 30
0.0
 11
158.0159295810211
 21
36.1001999999995
 31
0.0
  0
LINE
  5
5AF
330
1F
100
AcDbEntity
  8
0
  6
Continuous
 62
     7
100
AcDbLine
 10
167.8659295810206
 20
36.1001999999995
 30
0.0
 11
167.6659295810208
 21
36.3001999999994
 31
0.0
  0
LINE
  5
5B0
330
1F
100
AcDbEntity
  8
0
  6
Continuous
 62
     7
100
AcDbLine
 10
158.21592958102
 20
36.3001999999994
 30
0.0
 11
158.0159295810211
 21
36.1001999999995
 31
0.0
  0
LINE
  5
5B1
330
1F
100
AcDbEntity
  8
0
  6
Continuous
 62
     7
100
AcDbLine
 10
158.0159295810211
 20
36.1001999999995
 30
0.0
 11
167.8659295810206
 21
36.1001999999995
 31
0.0
  0
LINE
  5
5B2
330
1F
100
AcDbEntity
  8
0
  6
Continuous
 62
     7
100
AcDbLine
 10
158.21592958102
 20
31.00020000000009
 30
0.0
 11
158.21592958102
 21
36.3001999999994
 31
0.0
  0
LINE
  5
5B3
330
1F
100
AcDbEntity
  8
0
  6
Continuous
 62
     7
100
AcDbLine
 10
167.6659295810208
 20
36.3001999999994
 30
0.0
 11
167.6659295810208
 21
31.00020000000009
 31
0.0
  0
LINE
  5
5B4
330
1F
100
AcDbEntity
  8
0
  6
Continuous
 62
     7
100
AcDbLine
 10
152.1409295810211
 20
31.00020000000009
 30
0.0
 11
173.4409295810214
 21
31.00019999998729
 31
0.0
  0
LINE
  5
5B5
330
1F
100
AcDbEntity
  8
0
  6
Continuous
 62
     7
100
AcDbLine
 10
152.1409295810211
 20
26.00020000000009
 30
0.0
 11
152.1409295810211
 21
31.00020000000009
 31
0.0
  0
LINE
  5
5B6
330
1F
100
AcDbEntity
  8
0
  6
DASH_CENTER
 62
     1
100
AcDbLine
 10
182.1409295810211
 20
42.6001999999995
 30
0.0
 11
182.1409295810211
 21
-34.99980000000266
 31
0.0
  0
LINE
  5
5B7
330
1F
100
AcDbEntity
  8
0
  6
DASH_CENTER
 62
     1
100
AcDbLine
 10
160.750949450125
 20
-21.38978013089706
 30
0.0
 11
154.0334350288516
 21
-28.10729455216949
 31
0.0
  0
LINE
  5
5B8
330
1F
100
AcDbEntity
  8
0
  6
DASH_CENTER
 62
     1
100
AcDbLine
 10
160.750949450125
 20
21.39018013089446
 30
0.0
 11
154.0334350288516
 21
28.10769455216509
 31
0.0
  0
LINE
  5
5B9
330
1F
100
AcDbEntity
  8
0
  6
Continuous
 62
     7
100
AcDbLine
 10
157.1409295810194
 20
-29.99980000000266
 30
0.0
 11
182.1409295810211
 21
-29.99980000000175
 31
0.0
  0
LINE
  5
5BA
330
1F
100
AcDbEntity
  8
0
  6
Continuous
 62
     7
100
AcDbLine
 10
152.1409295810166
 20
25.00020000000009
 30
0.0
 11
152.1409295810194
 21
-24.99980000000266
 31
0.0
  0
LINE
  5
5BB
330
1F
100
AcDbEntity
  8
0
  6
Continuous
 62
     7
100
AcDbLine
 10
182.1409295810211
 20
30.00019999999829
 30
0.0
 11
157.1409295810167
 21
30.00020000000009
 31
0.0
  0
LINE
  5
5BC
330
1F
100
AcDbEntity
  8
0
  6
DASH_CENTER
 62
     1
100
AcDbLine
 10
147.1409295810175
 20
0.00020000000006
 30
0.0
 11
217.1409295810221
 21
0.00020000000006
 31
0.0
  0
LINE
  5
5BD
330
1F
100
AcDbEntity
  8
0
  6
Continuous
 62
     7
100
AcDbLine
 10
207.1409295810239
 20
30.00020000000009
 30
0.0
 11
182.1409295810211
 21
30.00019999999829
 31
0.0
  0
LINE
  5
5BE
330
1F
100
AcDbEntity
  8
0
  6
Continuous
 62
     7
100
AcDbLine
 10
212.1409295810221
 20
-24.99980000000266
 30
0.0
 11
212.1409295810239
 21
25.00020000000009
 31
0.0
  0
LINE
  5
5BF
330
1F
100
AcDbEntity
  8
0
  6
Continuous
 62
     7
100
AcDbLine
 10
182.1409295810211
 20
-29.99980000000175
 30
0.0
 11
207.1409295810221
 21
-29.99980000000266
 31
0.0
  0
LINE
  5
5C0
330
1F
100
AcDbEntity
  8
0
  6
DASH_CENTER
 62
     1
100
AcDbLine
 10
210.2484241331889
 20
28.10769455216509
 30
0.0
 11
203.5309097119156
 21
21.39018013089446
 31
0.0
  0
LINE
  5
5C1
330
1F
100
AcDbEntity
  8
0
  6
DASH_CENTER
 62
     1
100
AcDbLine
 10
210.2484241331889
 20
-28.10729455216949
 30
0.0
 11
203.5309097119156
 21
-21.38978013089706
 31
0.0
  0
LINE
  5
5C2
330
1F
100
AcDbEntity
  8
0
  6
Continuous
 62
     7
100
AcDbLine
 10
195.0409295810208
 20
31.00019999999829
 30
0.0
 11
173.4409295810214
 21
31.00019999999829
 31
0.0
  0
LINE
  5
5C3
330
1F
100
AcDbEntity
  8
0
  6
Continuous
 62
     7
100
AcDbLine
 10
174.9409295810214
 20
31.00019999999829
 30
0.0
 11
174.9409295810214
 21
30.00019999999829
 31
0.0
  0
LINE
  5
5C4
330
1F
100
AcDbEntity
  8
0
  6
Continuous
 62
     7
100
AcDbLine
 10
193.5409295810208
 20
31.00019999999829
 30
0.0
 11
193.5409295810208
 21
30.00019999999829
 31
0.0
  0
LINE
  5
5C5
330
1F
100
AcDbEntity
  8
0
  6
Continuous
 62
     7
100
AcDbLine
 10
173.4409295810214
 20
35.80019999999939
 30
0.0
 11
173.8409295810209
 21
37.6001999999995
 31
0.0
  0
LINE
  5
5C6
330
1F
100
AcDbEntity
  8
0
  6
Continuous
 62
     7
100
AcDbLine
 10
173.8409295810209
 20
37.6001999999995
 30
0.0
 11
194.6409295810211
 21
37.6001999999995
 31
0.0
  0
LINE
  5
5C7
330
1F
100
AcDbEntity
  8
0
  6
Continuous
 62
     7
100
AcDbLine
 10
194.6409295810211
 20
37.6001999999995
 30
0.0
 11
195.0409295810208
 21
35.80019999999939
 31
0.0
  0
LINE
  5
5C8
330
1F
100
AcDbEntity
  8
0
  6
Continuous
 62
     7
100
AcDbLine
 10
195.0409295810208
 20
35.80019999999939
 30
0.0
 11
195.0409295810208
 21
30.00019999999829
 31
0.0
  0
LINE
  5
5C9
330
1F
100
AcDbEntity
  8
0
  6
Continuous
 62
     7
100
AcDbLine
 10
173.4409295810214
 20
35.80019999999939
 30
0.0
 11
173.4409295810214
 21
30.00019999999829
 31
0.0
  0
LINE
  5
5CA
330
1F
100
AcDbEntity
  8
0
  6
Continuous
 62
     7
100
AcDbLine
 10
174.4409295810214
 20
37.6001999999995
 30
0.0
 11
175.4409295810214
 21
35.80019999999939
 31
0.0
  0
LINE
  5
5CB
330
1F
100
AcDbEntity
  8
0
  6
Continuous
 62
     7
100
AcDbLine
 10
175.4409295810214
 20
35.80019999999939
 30
0.0
 11
175.4409295810214
 21
31.00019999999829
 31
0.0
  0
LINE
  5
5CC
330
1F
100
AcDbEntity
  8
0
  6
Continuous
 62
     7
100
AcDbLine
 10
189.9430138193641
 20
35.80019999999939
 30
0.0
 11
189.9430138193641
 21
31.00019999999829
 31
0.0
  0
LINE
  5
5CD
330
1F
100
AcDbEntity
  8
0
  6
Continuous
 62
     7
100
AcDbLine
 10
190.2078566802504
 20
37.6001999999995
 30
0.0
 11
189.9430138193641
 21
35.80019999999939
 31
0.0
  0
LINE
  5
5CE
330
1F
100
AcDbEntity
  8
0
  6
Continuous
 62
     7
100
AcDbLine
 10
190.6468221464077
 20
37.6001999999995
 30
0.0
 11
190.6468221464077
 21
32.67793274646979
 31
0.0
  0
LINE
  5
5CF
330
1F
100
AcDbEntity
  8
0
  6
Continuous
 62
     7
100
AcDbLine
 10
193.5901718312702
 20
37.6001999999995
 30
0.0
 11
193.5901718312702
 21
33.1733231534833
 31
0.0
  0
LINE
  5
5D0
330
1F
100
AcDbEntity
  8
0
  6
DASH_CENTER
 62
     1
100
AcDbLine
 10
192.3409295810209
 20
29.60019999999949
 30
0.0
 11
192.3409295810209
 21
36.50019999983459
 31
0.0
  0
LINE
  5
5D1
330
1F
100
AcDbEntity
  8
0
  6
Continuous
 62
     7
100
AcDbLine
 10
194.0909295810209
 20
32.05019999999939
 30
0.0
 11
194.0389740450713
 21
32.64405449328629
 31
0.0
  0
LINE
  5
5D2
330
1F
100
AcDbEntity
  8
0
  6
Continuous
 62
     7
100
AcDbLine
 10
192.3409295810209
 20
32.05019999999939
 30
0.0
 11
194.4909295810197
 21
32.05019999999939
 31
0.0
  0
LINE
  5
5D3
330
1F
100
AcDbEntity
  8
0
  6
Continuous
 62
     7
100
AcDbLine
 10
194.4909295810197
 20
31.60019999999949
 30
0.0
 11
194.4909295810197
 21
32.05019999999939
 31
0.0
  0
LINE
  5
5D4
330
1F
100
AcDbEntity
  8
0
  6
Continuous
 62
     7
100
AcDbLine
 10
192.3409295810209
 20
31.60019999999949
 30
0.0
 11
194.5409295810208
 21
31.60019999999949
 31
0.0
  0
LINE
  5
5D5
330
1F
100
AcDbEntity
  8
0
  6
Continuous
 62
     7
100
AcDbLine
 10
194.5409295810208
 20
31.60019999999949
 30
0.0
 11
194.5409295810208
 21
31.10019999999949
 31
0.0
  0
LINE
  5
5D6
330
1F
100
AcDbEntity
  8
0
  6
Continuous
 62
     7
100
AcDbLine
 10
192.3409295810209
 20
31.10019999999949
 30
0.0
 11
194.5409295810208
 21
31.10019999999949
 31
0.0
  0
LINE
  5
5D7
330
1F
100
AcDbEntity
  8
0
  6
Continuous
 62
     7
100
AcDbLine
 10
193.8909295810211
 20
31.10019999999949
 30
0.0
 11
193.8909295810211
 21
31.00019999999829
 31
0.0
  0
LINE
  5
5D8
330
1F
100
AcDbEntity
  8
0
  6
Continuous
 62
     7
100
AcDbLine
 10
190.7909295810208
 20
31.00019999999829
 30
0.0
 11
190.7909295810208
 21
31.10019999999949
 31
0.0
  0
LINE
  5
5D9
330
1F
100
AcDbEntity
  8
0
  6
Continuous
 62
     7
100
AcDbLine
 10
190.1409295810211
 20
31.10019999999949
 30
0.0
 11
192.3409295810209
 21
31.10019999999949
 31
0.0
  0
LINE
  5
5DA
330
1F
100
AcDbEntity
  8
0
  6
Continuous
 62
     7
100
AcDbLine
 10
190.1409295810211
 20
31.10019999999949
 30
0.0
 11
190.1409295810211
 21
31.60019999999949
 31
0.0
  0
LINE
  5
5DB
330
1F
100
AcDbEntity
  8
0
  6
Continuous
 62
     7
100
AcDbLine
 10
190.1409295810211
 20
31.60019999999949
 30
0.0
 11
192.3409295810209
 21
31.60019999999949
 31
0.0
  0
LINE
  5
5DC
330
1F
100
AcDbEntity
  8
0
  6
Continuous
 62
     7
100
AcDbLine
 10
190.1909295810214
 20
32.05019999999939
 30
0.0
 11
190.1909295810214
 21
31.60019999999949
 31
0.0
  0
LINE
  5
5DD
330
1F
100
AcDbEntity
  8
0
  6
Continuous
 62
     7
100
AcDbLine
 10
190.1909295810214
 20
32.05019999999939
 30
0.0
 11
192.3409295810209
 21
32.05019999999939
 31
0.0
  0
LINE
  5
5DE
330
1F
100
AcDbEntity
  8
0
  6
Continuous
 62
     7
100
AcDbLine
 10
190.6428851169707
 20
32.64405449328629
 30
0.0
 11
190.5909295810209
 21
32.05019999999939
 31
0.0
  0
LINE
  5
5DF
330
1F
100
AcDbEntity
  8
0
  6
Continuous
 62
     4
100
AcDbLine
 10
192.9409295810214
 20
35.40021905535708
 30
0.0
 11
192.9409295810214
 21
33.310020624194
 31
0.0
  0
LINE
  5
5E0
330
1F
100
AcDbEntity
  8
0
  6
Continuous
 62
     4
100
AcDbLine
 10
191.7409295810206
 20
35.40021905535708
 30
0.0
 11
191.7409295810206
 21
33.31002062419309
 31
0.0
  0
LINE
  5
5E1
330
1F
100
AcDbEntity
  8
0
  6
Continuous
 62
     4
100
AcDbLine
 10
192.9409295810214
 20
35.40021905535708
 30
0.0
 11
191.7409295810206
 21
35.40021905535708
 31
0.0
  0
LINE
  5
5E2
330
1F
100
AcDbEntity
  8
0
  6
Continuous
 62
     7
100
AcDbLine
 10
175.4409295810214
 20
35.80019999999939
 30
0.0
 11
189.9430138193641
 21
35.80019999999939
 31
0.0
  0
LINE
  5
5E3
330
1F
100
AcDbEntity
  8
0
  6
DASH_CENTER
 62
     1
100
AcDbLine
 10
184.2409295810206
 20
40.1001999999995
 30
0.0
 11
184.2409295810206
 21
27.50019999999829
 31
0.0
  0
LINE
  5
5E4
330
1F
100
AcDbEntity
  8
0
  6
Continuous
 62
     4
100
AcDbLine
 10
-16.7002970625162
 20
145.5002000000001
 30
0.0
 11
-16.7002970625162
 21
118.7001999999999
 31
0.0
  0
LINE
  5
5E5
330
1F
100
AcDbEntity
  8
0
  6
Continuous
 62
     4
100
AcDbLine
 10
-14.7002970625162
 20
116.7001999999999
 30
0.0
 11
-1.100297062517649
 21
116.7001999999999
 31
0.0
  0
LINE
  5
5E6
330
1F
100
AcDbEntity
  8
0
  6
Continuous
 62
     4
100
AcDbLine
 10
0.8997029374823499
 20
118.7001999999999
 30
0.0
 11
0.8997029374823499
 21
125.4001999999997
 31
0.0
  0
LINE
  5
5E7
330
1F
100
AcDbEntity
  8
0
  6
Continuous
 62
     4
100
AcDbLine
 10
-1.100297062517649
 20
147.5002000000001
 30
0.0
 11
-14.7002970625162
 21
147.5002000000001
 31
0.0
  0
LINE
  5
5E8
330
1F
100
AcDbEntity
  8
0
  6
Continuous
 62
     4
100
AcDbLine
 10
5.899702937482349
 20
137.8502000000005
 30
0.0
 11
9.89970293748234
 21
137.8502000000005
 31
0.0
  0
LINE
  5
5E9
330
1F
100
AcDbEntity
  8
0
  6
Continuous
 62
     4
100
AcDbLine
 10
9.89970293748234
 20
137.8502000000005
 30
0.0
 11
9.89970293748234
 21
126.3502000000005
 31
0.0
  0
LINE
  5
5EA
330
1F
100
AcDbEntity
  8
0
  6
Continuous
 62
     4
100
AcDbLine
 10
9.89970293748234
 20
126.3502000000005
 30
0.0
 11
5.899702937482349
 21
126.3502000000005
 31
0.0
  0
LINE
  5
5EB
330
1F
100
AcDbEntity
  8
0
  6
Continuous
 62
     4
100
AcDbLine
 10
5.899702937482349
 20
126.3502000000005
 30
0.0
 11
5.899702937482349
 21
125.4001999999997
 31
0.0
  0
LINE
  5
5EC
330
1F
100
AcDbEntity
  8
0
  6
Continuous
 62
     4
100
AcDbLine
 10
5.899702937482349
 20
125.4001999999997
 30
0.0
 11
0.8997029374823499
 21
125.4001999999997
 31
0.0
  0
LINE
  5
5ED
330
1F
100
AcDbEntity
  8
0
  6
Continuous
 62
     4
100
AcDbLine
 10
0.8997029374823499
 20
138.8002000000012
 30
0.0
 11
5.899702937482349
 21
138.8002000000012
 31
0.0
  0
LINE
  5
5EE
330
1F
100
AcDbEntity
  8
0
  6
Continuous
 62
     4
100
AcDbLine
 10
5.899702937482349
 20
138.8002000000012
 30
0.0
 11
5.899702937482349
 21
137.8502000000005
 31
0.0
  0
LINE
  5
5EF
330
1F
100
AcDbEntity
  8
0
  6
Continuous
 62
     4
100
AcDbLine
 10
0.8997029374823499
 20
138.8002000000012
 30
0.0
 11
0.8997029374823499
 21
145.5002000000001
 31
0.0
  0
LINE
  5
5F0
330
1F
100
AcDbEntity
  8
0
  6
Continuous
 62
     4
100
AcDbLine
 10
9.89970293748234
 20
136.3502000000005
 30
0.0
 11
15.89970293748234
 21
136.3502000000005
 31
0.0
  0
LINE
  5
5F1
330
1F
100
AcDbEntity
  8
0
  6
Continuous
 62
     4
100
AcDbLine
 10
9.89970293748234
 20
127.8502000000005
 30
0.0
 11
15.89970293748234
 21
127.8502000000005
 31
0.0
  0
LINE
  5
5F2
330
1F
100
AcDbEntity
  8
0
  6
Continuous
 62
     4
100
AcDbLine
 10
-62.85029706242506
 20
119.1001999999996
 30
0.0
 11
-62.85029706242506
 21
102.5002000000011
 31
0.0
  0
LINE
  5
5F3
330
1F
100
AcDbEntity
  8
0
  6
Continuous
 62
     4
100
AcDbLine
 10
-60.65029706242524
 20
100.3002000000004
 30
0.0
 11
-52.55029706242488
 21
100.3002000000004
 31
0.0
  0
LINE
  5
5F4
330
1F
100
AcDbEntity
  8
0
  6
Continuous
 62
     4
100
AcDbLine
 10
-50.35029706242506
 20
102.5002000000011
 30
0.0
 11
-50.35029706242506
 21
104.3501999999996
 31
0.0
  0
LINE
  5
5F5
330
1F
100
AcDbEntity
  8
0
  6
Continuous
 62
     4
100
AcDbLine
 10
-52.55029706242488
 20
121.3002000000004
 30
0.0
 11
-60.65029706242524
 21
121.3002000000004
 31
0.0
  0
LINE
  5
5F6
330
1F
100
AcDbEntity
  8
0
  6
Continuous
 62
     4
100
AcDbLine
 10
-50.35029706242506
 20
104.3501999999996
 30
0.0
 11
-43.35029706242506
 21
104.3501999999996
 31
0.0
  0
LINE
  5
5F7
330
1F
100
AcDbEntity
  8
0
  6
Continuous
 62
     4
100
AcDbLine
 10
-43.35029706242506
 20
104.3501999999996
 30
0.0
 11
-43.35029706242506
 21
105.3002000000004
 31
0.0
  0
LINE
  5
5F8
330
1F
100
AcDbEntity
  8
0
  6
Continuous
 62
     4
100
AcDbLine
 10
-43.35029706242506
 20
117.2502000000011
 30
0.0
 11
-50.35029706242506
 21
117.2502000000011
 31
0.0
  0
LINE
  5
5F9
330
1F
100
AcDbEntity
  8
0
  6
Continuous
 62
     4
100
AcDbLine
 10
-43.35029706242506
 20
105.3002000000004
 30
0.0
 11
-41.35029706242506
 21
105.3002000000004
 31
0.0
  0
LINE
  5
5FA
330
1F
100
AcDbEntity
  8
0
  6
Continuous
 62
     4
100
AcDbLine
 10
-41.35029706242506
 20
105.3002000000004
 30
0.0
 11
-41.35029706242506
 21
116.3002000000004
 31
0.0
  0
LINE
  5
5FB
330
1F
100
AcDbEntity
  8
0
  6
Continuous
 62
     4
100
AcDbLine
 10
-41.35029706242506
 20
116.3002000000004
 30
0.0
 11
-43.35029706242506
 21
116.3002000000004
 31
0.0
  0
LINE
  5
5FC
330
1F
100
AcDbEntity
  8
0
  6
Continuous
 62
     4
100
AcDbLine
 10
-43.35029706242506
 20
116.3002000000004
 30
0.0
 11
-43.35029706242506
 21
117.2502000000011
 31
0.0
  0
LINE
  5
5FD
330
1F
100
AcDbEntity
  8
0
  6
Continuous
 62
     4
100
AcDbLine
 10
-50.35029706242506
 20
117.2502000000011
 30
0.0
 11
-50.35029706242506
 21
119.1001999999996
 31
0.0
  0
LINE
  5
5FE
330
1F
100
AcDbEntity
  8
0
  6
Continuous
 62
     4
100
AcDbLine
 10
-41.35029706242506
 20
114.0501999999995
 30
0.0
 11
-35.35029706242506
 21
114.0502000000004
 31
0.0
  0
LINE
  5
5FF
330
1F
100
AcDbEntity
  8
0
  6
Continuous
 62
     4
100
AcDbLine
 10
-41.35029706242506
 20
107.5501999999995
 30
0.0
 11
-35.35029706242506
 21
107.5502000000004
 31
0.0
  0
LINE
  5
600
330
1F
100
AcDbEntity
  8
0
  6
Continuous
 62
     7
100
AcDbLine
 10
39.29970293801563
 20
110.5002000000001
 30
0.0
 11
40.49970293801727
 21
110.5002000000001
 31
0.0
  0
LINE
  5
601
330
1F
100
AcDbEntity
  8
0
  6
Continuous
 62
     7
100
AcDbLine
 10
39.29970293801563
 20
149.5002000000001
 30
0.0
 11
40.49970293801635
 21
149.5002000000001
 31
0.0
  0
LINE
  5
602
330
1F
100
AcDbEntity
  8
0
  6
Continuous
 62
     7
100
AcDbLine
 10
-5.100297062516969
 20
122.3002000000003
 30
0.0
 11
-5.100297062516969
 21
138.0671270992303
 31
0.0
  0
LINE
  5
603
330
1F
100
AcDbEntity
  8
0
  6
Continuous
 62
     7
100
AcDbLine
 10
-10.8002970625177
 20
142.5002000000001
 30
0.0
 11
-5.70029706251734
 21
142.5002000000001
 31
0.0
  0
LINE
  5
604
330
1F
100
AcDbEntity
  8
0
  6
Continuous
 62
     7
100
AcDbLine
 10
-10.8002970625177
 20
121.7001999999999
 30
0.0
 11
-5.70029706251734
 21
121.7001999999999
 31
0.0
  0
LINE
  5
605
330
1F
100
AcDbEntity
  8
0
  6
DASH_CENTER
 62
     1
100
AcDbLine
 10
-16.60029706251697
 20
144.8502000000004
 30
0.0
 11
-11.60029706251697
 21
144.8502000000004
 31
0.0
  0
LINE
  5
606
330
1F
100
AcDbEntity
  8
0
  6
DASH_CENTER
 62
     1
100
AcDbLine
 10
-14.10029706251697
 20
147.3502000000004
 30
0.0
 11
-14.10029706251697
 21
142.3502000000004
 31
0.0
  0
LINE
  5
607
330
1F
100
AcDbEntity
  8
0
  6
DASH_CENTER
 62
     1
100
AcDbLine
 10
-1.70029706251734
 20
147.3502000000004
 30
0.0
 11
-1.70029706251734
 21
142.3502000000004
 31
0.0
  0
LINE
  5
608
330
1F
100
AcDbEntity
  8
0
  6
DASH_CENTER
 62
     1
100
AcDbLine
 10
-4.200297062517339
 20
144.8502000000004
 30
0.0
 11
0.79970293748266
 21
144.8502000000004
 31
0.0
  0
LINE
  5
609
330
1F
100
AcDbEntity
  8
0
  6
DASH_CENTER
 62
     1
100
AcDbLine
 10
-14.10029706251697
 20
121.8502000000004
 30
0.0
 11
-14.10029706251697
 21
116.8502000000004
 31
0.0
  0
LINE
  5
60A
330
1F
100
AcDbEntity
  8
0
  6
DASH_CENTER
 62
     1
100
AcDbLine
 10
-11.60029706251697
 20
119.3502000000004
 30
0.0
 11
-16.60029706251697
 21
119.3502000000004
 31
0.0
  0
LINE
  5
60B
330
1F
100
AcDbEntity
  8
0
  6
DASH_CENTER
 62
     1
100
AcDbLine
 10
0.79970293748266
 20
119.3502000000004
 30
0.0
 11
-4.200297062517339
 21
119.3502000000004
 31
0.0
  0
LINE
  5
60C
330
1F
100
AcDbEntity
  8
0
  6
DASH_CENTER
 62
     1
100
AcDbLine
 10
-1.70029706251734
 20
121.8502000000004
 30
0.0
 11
-1.70029706251734
 21
116.8502000000004
 31
0.0
  0
LINE
  5
60D
330
1F
100
AcDbEntity
  8
0
  6
Continuous
 62
     7
100
AcDbLine
 10
-58.90029706242529
 20
106.5502000000003
 30
0.0
 11
-54.9002970624253
 21
106.5502000000003
 31
0.0
  0
LINE
  5
60E
330
1F
100
AcDbEntity
  8
0
  6
Continuous
 62
     7
100
AcDbLine
 10
-58.90029706242529
 20
115.0501999999994
 30
0.0
 11
-54.9002970624253
 21
115.0501999999994
 31
0.0
  0
LINE
  5
60F
330
1F
100
AcDbEntity
  8
0
  6
Continuous
 62
     7
100
AcDbLine
 10
-53.45029706242457
 20
113.7163842830775
 30
0.0
 11
-54.46884724625596
 21
115.0501999999994
 31
0.0
  0
LINE
  5
610
330
1F
100
AcDbEntity
  8
0
  6
Continuous
 62
     7
100
AcDbLine
 10
-54.46884724625596
 20
115.0501999999994
 30
0.0
 11
-54.9002970624253
 21
115.0501999999994
 31
0.0
  0
LINE
  5
611
330
1F
100
AcDbEntity
  8
0
  6
Continuous
 62
     7
100
AcDbLine
 10
-54.9002970624253
 20
114.6801999999995
 30
0.0
 11
-54.9002970624253
 21
115.0501999999994
 31
0.0
  0
LINE
  5
612
330
1F
100
AcDbEntity
  8
0
  6
Continuous
 62
     7
100
AcDbLine
 10
-54.30029706242493
 20
114.0502000000003
 30
0.0
 11
-54.9002970624253
 21
114.6801999999995
 31
0.0
  0
LINE
  5
613
330
1F
100
AcDbEntity
  8
0
  6
Continuous
 62
     7
100
AcDbLine
 10
-53.45029706242457
 20
113.3002000000003
 30
0.0
 11
-53.45029706242457
 21
113.7163842830775
 31
0.0
  0
LINE
  5
614
330
1F
100
AcDbEntity
  8
0
  6
Continuous
 62
     7
100
AcDbLine
 10
-54.30029706242493
 20
113.3002000000003
 30
0.0
 11
-54.30029706242493
 21
114.0502000000003
 31
0.0
  0
LINE
  5
615
330
1F
100
AcDbEntity
  8
0
  6
Continuous
 62
     7
100
AcDbLine
 10
-53.45029706242457
 20
113.3002000000003
 30
0.0
 11
-54.30029706242493
 21
113.3002000000003
 31
0.0
  0
LINE
  5
616
330
1F
100
AcDbEntity
  8
0
  6
Continuous
 62
     7
100
AcDbLine
 10
-53.90029706242529
 20
112.9001999999997
 30
0.0
 11
-53.90029706242529
 21
113.3002000000003
 31
0.0
  0
LINE
  5
617
330
1F
100
AcDbEntity
  8
0
  6
Continuous
 62
     7
100
AcDbLine
 10
-53.90029706242529
 20
108.3002000000003
 30
0.0
 11
-53.90029706242529
 21
108.7001999999999
 31
0.0
  0
LINE
  5
618
330
1F
100
AcDbEntity
  8
0
  6
Continuous
 62
     7
100
AcDbLine
 10
-54.9002970624253
 20
106.9202000000011
 30
0.0
 11
-54.30029706242493
 21
107.5502000000003
 31
0.0
  0
LINE
  5
619
330
1F
100
AcDbEntity
  8
0
  6
Continuous
 62
     7
100
AcDbLine
 10
-54.9002970624253
 20
106.5502000000003
 30
0.0
 11
-54.9002970624253
 21
106.9202000000011
 31
0.0
  0
LINE
  5
61A
330
1F
100
AcDbEntity
  8
0
  6
Continuous
 62
     7
100
AcDbLine
 10
-54.30029706242493
 20
108.3002000000003
 30
0.0
 11
-53.45029706242457
 21
108.3002000000003
 31
0.0
  0
LINE
  5
61B
330
1F
100
AcDbEntity
  8
0
  6
Continuous
 62
     7
100
AcDbLine
 10
-54.30029706242493
 20
107.5502000000003
 30
0.0
 11
-54.30029706242493
 21
108.3002000000003
 31
0.0
  0
LINE
  5
61C
330
1F
100
AcDbEntity
  8
0
  6
Continuous
 62
     7
100
AcDbLine
 10
-53.45029706242457
 20
107.8840157169231
 30
0.0
 11
-53.45029706242457
 21
108.3002000000003
 31
0.0
  0
LINE
  5
61D
330
1F
100
AcDbEntity
  8
0
  6
Continuous
 62
     7
100
AcDbLine
 10
-54.46884724625596
 20
106.5502000000003
 30
0.0
 11
-53.45029706242457
 21
107.8840157169231
 31
0.0
  0
LINE
  5
61E
330
1F
100
AcDbEntity
  8
0
  6
Continuous
 62
     7
100
AcDbLine
 10
-54.9002970624253
 20
106.5502000000003
 30
0.0
 11
-54.46884724625596
 21
106.5502000000003
 31
0.0
  0
LINE
  5
61F
330
1F
100
AcDbEntity
  8
0
  6
Continuous
 62
     7
100
AcDbLine
 10
-53.55029706242492
 20
108.7001999999999
 30
0.0
 11
-53.55029706242492
 21
112.9001999999997
 31
0.0
  0
LINE
  5
620
330
1F
100
AcDbEntity
  8
0
  6
Continuous
 62
     7
100
AcDbLine
 10
-54.12529706242474
 20
112.9001999999997
 30
0.0
 11
-53.55029706242492
 21
112.9001999999997
 31
0.0
  0
LINE
  5
621
330
1F
100
AcDbEntity
  8
0
  6
Continuous
 62
     7
100
AcDbLine
 10
-54.12529706242474
 20
108.7001999999999
 30
0.0
 11
-54.12529706242474
 21
112.9001999999997
 31
0.0
  0
LINE
  5
622
330
1F
100
AcDbEntity
  8
0
  6
Continuous
 62
     7
100
AcDbLine
 10
-53.55029706242492
 20
108.7001999999999
 30
0.0
 11
-54.12529706242474
 21
108.7001999999999
 31
0.0
  0
LINE
  5
623
330
1F
100
AcDbEntity
  8
0
  6
Continuous
 62
     7
100
AcDbLine
 10
-59.30029706242493
 20
108.7001999999999
 30
0.0
 11
-59.30029706242493
 21
108.3002000000003
 31
0.0
  0
LINE
  5
624
330
1F
100
AcDbEntity
  8
0
  6
Continuous
 62
     7
100
AcDbLine
 10
-59.25029706242474
 20
107.0502000000003
 30
0.0
 11
-58.90029706242529
 21
107.0502000000003
 31
0.0
  0
LINE
  5
625
330
1F
100
AcDbEntity
  8
0
  6
Continuous
 62
     7
100
AcDbLine
 10
-59.25029706242474
 20
107.8001999999994
 30
0.0
 11
-59.25029706242474
 21
107.0502000000003
 31
0.0
  0
LINE
  5
626
330
1F
100
AcDbEntity
  8
0
  6
Continuous
 62
     7
100
AcDbLine
 10
-58.90029706242529
 20
107.8001999999994
 30
0.0
 11
-59.25029706242474
 21
107.8001999999994
 31
0.0
  0
LINE
  5
627
330
1F
100
AcDbEntity
  8
0
  6
Continuous
 62
     7
100
AcDbLine
 10
-58.90029706242529
 20
108.3002000000003
 30
0.0
 11
-58.90029706242529
 21
107.8001999999994
 31
0.0
  0
LINE
  5
628
330
1F
100
AcDbEntity
  8
0
  6
Continuous
 62
     7
100
AcDbLine
 10
-59.75029706242474
 20
108.3002000000003
 30
0.0
 11
-58.90029706242529
 21
108.3002000000003
 31
0.0
  0
LINE
  5
629
330
1F
100
AcDbEntity
  8
0
  6
Continuous
 62
     7
100
AcDbLine
 10
-59.75029706242474
 20
106.5502000000003
 30
0.0
 11
-59.75029706242474
 21
108.3002000000003
 31
0.0
  0
LINE
  5
62A
330
1F
100
AcDbEntity
  8
0
  6
Continuous
 62
     7
100
AcDbLine
 10
-58.90029706242529
 20
106.5502000000003
 30
0.0
 11
-59.75029706242474
 21
106.5502000000003
 31
0.0
  0
LINE
  5
62B
330
1F
100
AcDbEntity
  8
0
  6
Continuous
 62
     7
100
AcDbLine
 10
-58.90029706242529
 20
107.0502000000003
 30
0.0
 11
-58.90029706242529
 21
106.5502000000003
 31
0.0
  0
LINE
  5
62C
330
1F
100
AcDbEntity
  8
0
  6
Continuous
 62
     7
100
AcDbLine
 10
-59.30029706242493
 20
113.3002000000003
 30
0.0
 11
-59.30029706242493
 21
112.9001999999997
 31
0.0
  0
LINE
  5
62D
330
1F
100
AcDbEntity
  8
0
  6
Continuous
 62
     7
100
AcDbLine
 10
-59.07529706242457
 20
108.7001999999999
 30
0.0
 11
-59.65029706242529
 21
108.7001999999999
 31
0.0
  0
LINE
  5
62E
330
1F
100
AcDbEntity
  8
0
  6
Continuous
 62
     7
100
AcDbLine
 10
-59.07529706242457
 20
112.9001999999997
 30
0.0
 11
-59.07529706242457
 21
108.7001999999999
 31
0.0
  0
LINE
  5
62F
330
1F
100
AcDbEntity
  8
0
  6
Continuous
 62
     7
100
AcDbLine
 10
-59.65029706242529
 20
112.9001999999997
 30
0.0
 11
-59.07529706242457
 21
112.9001999999997
 31
0.0
  0
LINE
  5
630
330
1F
100
AcDbEntity
  8
0
  6
Continuous
 62
     7
100
AcDbLine
 10
-59.65029706242529
 20
112.9001999999997
 30
0.0
 11
-59.65029706242529
 21
108.7001999999999
 31
0.0
  0
LINE
  5
631
330
1F
100
AcDbEntity
  8
0
  6
Continuous
 62
     7
100
AcDbLine
 10
-58.90029706242529
 20
115.0501999999994
 30
0.0
 11
-58.90029706242529
 21
114.5502000000003
 31
0.0
  0
LINE
  5
632
330
1F
100
AcDbEntity
  8
0
  6
Continuous
 62
     7
100
AcDbLine
 10
-59.75029706242474
 20
115.0501999999994
 30
0.0
 11
-58.90029706242529
 21
115.0501999999994
 31
0.0
  0
LINE
  5
633
330
1F
100
AcDbEntity
  8
0
  6
Continuous
 62
     7
100
AcDbLine
 10
-59.75029706242474
 20
113.3002000000003
 30
0.0
 11
-59.75029706242474
 21
115.0501999999994
 31
0.0
  0
LINE
  5
634
330
1F
100
AcDbEntity
  8
0
  6
Continuous
 62
     7
100
AcDbLine
 10
-58.90029706242529
 20
113.3002000000003
 30
0.0
 11
-59.75029706242474
 21
113.3002000000003
 31
0.0
  0
LINE
  5
635
330
1F
100
AcDbEntity
  8
0
  6
Continuous
 62
     7
100
AcDbLine
 10
-58.90029706242529
 20
113.8002000000003
 30
0.0
 11
-58.90029706242529
 21
113.3002000000003
 31
0.0
  0
LINE
  5
636
330
1F
100
AcDbEntity
  8
0
  6
Continuous
 62
     7
100
AcDbLine
 10
-59.25029706242474
 20
113.8002000000003
 30
0.0
 11
-58.90029706242529
 21
113.8002000000003
 31
0.0
  0
LINE
  5
637
330
1F
100
AcDbEntity
  8
0
  6
Continuous
 62
     7
100
AcDbLine
 10
-59.25029706242474
 20
114.5502000000003
 30
0.0
 11
-59.25029706242474
 21
113.8002000000003
 31
0.0
  0
LINE
  5
638
330
1F
100
AcDbEntity
  8
0
  6
Continuous
 62
     7
100
AcDbLine
 10
-58.90029706242529
 20
114.5502000000003
 30
0.0
 11
-59.25029706242474
 21
114.5502000000003
 31
0.0
  0
LINE
  5
639
330
1F
100
AcDbEntity
  8
0
  6
Continuous
 62
     7
100
AcDbLine
 10
-58.00029706242474
 20
109.0301999999998
 30
0.0
 11
-57.00029706242474
 21
109.0301999999998
 31
0.0
  0
LINE
  5
63A
330
1F
100
AcDbEntity
  8
0
  6
Continuous
 62
     7
100
AcDbLine
 10
-58.00029706242474
 20
109.0002000000001
 30
0.0
 11
-58.00029706242474
 21
109.0301999999998
 31
0.0
  0
LINE
  5
63B
330
1F
100
AcDbEntity
  8
0
  6
Continuous
 62
     7
100
AcDbLine
 10
-58.18029706242504
 20
109.0002000000001
 30
0.0
 11
-58.00029706242474
 21
109.0002000000001
 31
0.0
  0
LINE
  5
63C
330
1F
100
AcDbEntity
  8
0
  6
Continuous
 62
     7
100
AcDbLine
 10
-58.18029706242504
 20
110.6002000000004
 30
0.0
 11
-58.18029706242504
 21
109.0002000000001
 31
0.0
  0
LINE
  5
63D
330
1F
100
AcDbEntity
  8
0
  6
Continuous
 62
     7
100
AcDbLine
 10
-58.00029706242474
 20
110.6002000000004
 30
0.0
 11
-58.18029706242504
 21
110.6002000000004
 31
0.0
  0
LINE
  5
63E
330
1F
100
AcDbEntity
  8
0
  6
Continuous
 62
     7
100
AcDbLine
 10
-58.00029706242474
 20
110.5701999999998
 30
0.0
 11
-58.00029706242474
 21
110.6002000000004
 31
0.0
  0
LINE
  5
63F
330
1F
100
AcDbEntity
  8
0
  6
Continuous
 62
     7
100
AcDbLine
 10
-57.00029706242474
 20
110.5701999999998
 30
0.0
 11
-58.00029706242474
 21
110.5701999999998
 31
0.0
  0
LINE
  5
640
330
1F
100
AcDbEntity
  8
0
  6
Continuous
 62
     7
100
AcDbLine
 10
-57.00029706242474
 20
109.0301999999998
 30
0.0
 11
-57.00029706242474
 21
110.5701999999998
 31
0.0
  0
LINE
  5
641
330
1F
100
AcDbEntity
  8
0
  6
Continuous
 62
     7
100
AcDbLine
 10
-57.00029706242474
 20
107.0301999999989
 30
0.0
 11
-57.00029706242474
 21
108.5701999999998
 31
0.0
  0
LINE
  5
642
330
1F
100
AcDbEntity
  8
0
  6
Continuous
 62
     7
100
AcDbLine
 10
-57.00029706242474
 20
108.5701999999998
 30
0.0
 11
-58.00029706242474
 21
108.5701999999998
 31
0.0
  0
LINE
  5
643
330
1F
100
AcDbEntity
  8
0
  6
Continuous
 62
     7
100
AcDbLine
 10
-58.00029706242474
 20
108.5701999999998
 30
0.0
 11
-58.00029706242474
 21
108.6001999999995
 31
0.0
  0
LINE
  5
644
330
1F
100
AcDbEntity
  8
0
  6
Continuous
 62
     7
100
AcDbLine
 10
-58.00029706242474
 20
108.6001999999995
 30
0.0
 11
-58.18029706242504
 21
108.6001999999995
 31
0.0
  0
LINE
  5
645
330
1F
100
AcDbEntity
  8
0
  6
Continuous
 62
     7
100
AcDbLine
 10
-58.18029706242504
 20
108.6001999999995
 30
0.0
 11
-58.18029706242504
 21
107.0002000000001
 31
0.0
  0
LINE
  5
646
330
1F
100
AcDbEntity
  8
0
  6
Continuous
 62
     7
100
AcDbLine
 10
-58.18029706242504
 20
107.0002000000001
 30
0.0
 11
-58.00029706242474
 21
107.0002000000001
 31
0.0
  0
LINE
  5
647
330
1F
100
AcDbEntity
  8
0
  6
Continuous
 62
     7
100
AcDbLine
 10
-58.00029706242474
 20
107.0002000000001
 30
0.0
 11
-58.00029706242474
 21
107.0301999999989
 31
0.0
  0
LINE
  5
648
330
1F
100
AcDbEntity
  8
0
  6
Continuous
 62
     7
100
AcDbLine
 10
-58.00029706242474
 20
107.0301999999989
 30
0.0
 11
-57.00029706242474
 21
107.0301999999989
 31
0.0
  0
LINE
  5
649
330
1F
100
AcDbEntity
  8
0
  6
Continuous
 62
     7
100
AcDbLine
 10
-57.00029706242474
 20
114.5701999999998
 30
0.0
 11
-58.00029706242474
 21
114.5701999999998
 31
0.0
  0
LINE
  5
64A
330
1F
100
AcDbEntity
  8
0
  6
Continuous
 62
     7
100
AcDbLine
 10
-58.00029706242474
 20
114.5701999999998
 30
0.0
 11
-58.00029706242474
 21
114.6002000000004
 31
0.0
  0
LINE
  5
64B
330
1F
100
AcDbEntity
  8
0
  6
Continuous
 62
     7
100
AcDbLine
 10
-58.00029706242474
 20
114.6002000000004
 30
0.0
 11
-58.18029706242504
 21
114.6002000000004
 31
0.0
  0
LINE
  5
64C
330
1F
100
AcDbEntity
  8
0
  6
Continuous
 62
     7
100
AcDbLine
 10
-58.18029706242504
 20
114.6002000000004
 30
0.0
 11
-58.18029706242504
 21
113.0002000000001
 31
0.0
  0
LINE
  5
64D
330
1F
100
AcDbEntity
  8
0
  6
Continuous
 62
     7
100
AcDbLine
 10
-58.18029706242504
 20
113.0002000000001
 30
0.0
 11
-58.00029706242474
 21
113.0002000000001
 31
0.0
  0
LINE
  5
64E
330
1F
100
AcDbEntity
  8
0
  6
Continuous
 62
     7
100
AcDbLine
 10
-58.00029706242474
 20
113.0002000000001
 30
0.0
 11
-58.00029706242474
 21
113.0301999999998
 31
0.0
  0
LINE
  5
64F
330
1F
100
AcDbEntity
  8
0
  6
Continuous
 62
     7
100
AcDbLine
 10
-58.00029706242474
 20
113.0301999999998
 30
0.0
 11
-57.00029706242474
 21
113.0301999999998
 31
0.0
  0
LINE
  5
650
330
1F
100
AcDbEntity
  8
0
  6
Continuous
 62
     7
100
AcDbLine
 10
-57.00029706242474
 20
113.0301999999998
 30
0.0
 11
-57.00029706242474
 21
114.5701999999998
 31
0.0
  0
LINE
  5
651
330
1F
100
AcDbEntity
  8
0
  6
Continuous
 62
     7
100
AcDbLine
 10
-57.00029706242474
 20
111.0301999999998
 30
0.0
 11
-57.00029706242474
 21
112.5701999999998
 31
0.0
  0
LINE
  5
652
330
1F
100
AcDbEntity
  8
0
  6
Continuous
 62
     7
100
AcDbLine
 10
-58.00029706242474
 20
111.0301999999998
 30
0.0
 11
-57.00029706242474
 21
111.0301999999998
 31
0.0
  0
LINE
  5
653
330
1F
100
AcDbEntity
  8
0
  6
Continuous
 62
     7
100
AcDbLine
 10
-58.00029706242474
 20
111.0002000000001
 30
0.0
 11
-58.00029706242474
 21
111.0301999999998
 31
0.0
  0
LINE
  5
654
330
1F
100
AcDbEntity
  8
0
  6
Continuous
 62
     7
100
AcDbLine
 10
-58.18029706242504
 20
111.0002000000001
 30
0.0
 11
-58.00029706242474
 21
111.0002000000001
 31
0.0
  0
LINE
  5
655
330
1F
100
AcDbEntity
  8
0
  6
Continuous
 62
     7
100
AcDbLine
 10
-58.18029706242504
 20
112.6002000000004
 30
0.0
 11
-58.18029706242504
 21
111.0002000000001
 31
0.0
  0
LINE
  5
656
330
1F
100
AcDbEntity
  8
0
  6
Continuous
 62
     7
100
AcDbLine
 10
-58.00029706242474
 20
112.6002000000004
 30
0.0
 11
-58.18029706242504
 21
112.6002000000004
 31
0.0
  0
LINE
  5
657
330
1F
100
AcDbEntity
  8
0
  6
Continuous
 62
     7
100
AcDbLine
 10
-58.00029706242474
 20
112.5701999999998
 30
0.0
 11
-58.00029706242474
 21
112.6002000000004
 31
0.0
  0
LINE
  5
658
330
1F
100
AcDbEntity
  8
0
  6
Continuous
 62
     7
100
AcDbLine
 10
-57.00029706242474
 20
112.5701999999998
 30
0.0
 11
-58.00029706242474
 21
112.5701999999998
 31
0.0
  0
LINE
  5
659
330
1F
100
AcDbEntity
  8
0
  6
Continuous
 62
     7
100
AcDbLine
 10
-55.20029706242457
 20
109.5701999999998
 30
0.0
 11
-56.20029706242458
 21
109.5701999999998
 31
0.0
  0
LINE
  5
65A
330
1F
100
AcDbEntity
  8
0
  6
Continuous
 62
     7
100
AcDbLine
 10
-55.20029706242457
 20
109.6002000000004
 30
0.0
 11
-55.20029706242457
 21
109.5701999999998
 31
0.0
  0
LINE
  5
65B
330
1F
100
AcDbEntity
  8
0
  6
Continuous
 62
     7
100
AcDbLine
 10
-55.02029706242428
 20
109.6002000000004
 30
0.0
 11
-55.20029706242457
 21
109.6002000000004
 31
0.0
  0
LINE
  5
65C
330
1F
100
AcDbEntity
  8
0
  6
Continuous
 62
     7
100
AcDbLine
 10
-55.02029706242428
 20
108.0002000000001
 30
0.0
 11
-55.02029706242428
 21
109.6002000000004
 31
0.0
  0
LINE
  5
65D
330
1F
100
AcDbEntity
  8
0
  6
Continuous
 62
     7
100
AcDbLine
 10
-55.20029706242457
 20
108.0002000000001
 30
0.0
 11
-55.02029706242428
 21
108.0002000000001
 31
0.0
  0
LINE
  5
65E
330
1F
100
AcDbEntity
  8
0
  6
Continuous
 62
     7
100
AcDbLine
 10
-55.20029706242457
 20
108.0301999999998
 30
0.0
 11
-55.20029706242457
 21
108.0002000000001
 31
0.0
  0
LINE
  5
65F
330
1F
100
AcDbEntity
  8
0
  6
Continuous
 62
     7
100
AcDbLine
 10
-56.20029706242458
 20
108.0301999999998
 30
0.0
 11
-55.20029706242457
 21
108.0301999999998
 31
0.0
  0
LINE
  5
660
330
1F
100
AcDbEntity
  8
0
  6
Continuous
 62
     7
100
AcDbLine
 10
-56.20029706242458
 20
109.5701999999998
 30
0.0
 11
-56.20029706242458
 21
108.0301999999998
 31
0.0
  0
LINE
  5
661
330
1F
100
AcDbEntity
  8
0
  6
Continuous
 62
     7
100
AcDbLine
 10
-56.20029706242458
 20
113.5701999999998
 30
0.0
 11
-56.20029706242458
 21
112.0301999999998
 31
0.0
  0
LINE
  5
662
330
1F
100
AcDbEntity
  8
0
  6
Continuous
 62
     7
100
AcDbLine
 10
-56.20029706242458
 20
112.0301999999998
 30
0.0
 11
-55.20029706242457
 21
112.0301999999998
 31
0.0
  0
LINE
  5
663
330
1F
100
AcDbEntity
  8
0
  6
Continuous
 62
     7
100
AcDbLine
 10
-55.20029706242457
 20
112.0301999999998
 30
0.0
 11
-55.20029706242457
 21
112.0002000000001
 31
0.0
  0
LINE
  5
664
330
1F
100
AcDbEntity
  8
0
  6
Continuous
 62
     7
100
AcDbLine
 10
-55.20029706242457
 20
112.0002000000001
 30
0.0
 11
-55.02029706242428
 21
112.0002000000001
 31
0.0
  0
LINE
  5
665
330
1F
100
AcDbEntity
  8
0
  6
Continuous
 62
     7
100
AcDbLine
 10
-55.02029706242428
 20
112.0002000000001
 30
0.0
 11
-55.02029706242428
 21
113.6002000000004
 31
0.0
  0
LINE
  5
666
330
1F
100
AcDbEntity
  8
0
  6
Continuous
 62
     7
100
AcDbLine
 10
-55.02029706242428
 20
113.6002000000004
 30
0.0
 11
-55.20029706242457
 21
113.6002000000004
 31
0.0
  0
LINE
  5
667
330
1F
100
AcDbEntity
  8
0
  6
Continuous
 62
     7
100
AcDbLine
 10
-55.20029706242457
 20
113.6002000000004
 30
0.0
 11
-55.20029706242457
 21
113.5701999999998
 31
0.0
  0
LINE
  5
668
330
1F
100
AcDbEntity
  8
0
  6
Continuous
 62
     7
100
AcDbLine
 10
-55.20029706242457
 20
113.5701999999998
 30
0.0
 11
-56.20029706242458
 21
113.5701999999998
 31
0.0
  0
LINE
  5
669
330
1F
100
AcDbEntity
  8
0
  6
Continuous
 62
     7
100
AcDbLine
 10
-55.20029706242457
 20
111.5701999999998
 30
0.0
 11
-56.20029706242458
 21
111.5701999999998
 31
0.0
  0
LINE
  5
66A
330
1F
100
AcDbEntity
  8
0
  6
Continuous
 62
     7
100
AcDbLine
 10
-55.20029706242457
 20
111.6002000000004
 30
0.0
 11
-55.20029706242457
 21
111.5701999999998
 31
0.0
  0
LINE
  5
66B
330
1F
100
AcDbEntity
  8
0
  6
Continuous
 62
     7
100
AcDbLine
 10
-55.02029706242428
 20
111.6002000000004
 30
0.0
 11
-55.20029706242457
 21
111.6002000000004
 31
0.0
  0
LINE
  5
66C
330
1F
100
AcDbEntity
  8
0
  6
Continuous
 62
     7
100
AcDbLine
 10
-55.02029706242428
 20
110.0002000000001
 30
0.0
 11
-55.02029706242428
 21
111.6002000000004
 31
0.0
  0
LINE
  5
66D
330
1F
100
AcDbEntity
  8
0
  6
Continuous
 62
     7
100
AcDbLine
 10
-55.20029706242457
 20
110.0002000000001
 30
0.0
 11
-55.02029706242428
 21
110.0002000000001
 31
0.0
  0
LINE
  5
66E
330
1F
100
AcDbEntity
  8
0
  6
Continuous
 62
     7
100
AcDbLine
 10
-55.20029706242457
 20
110.0301999999998
 30
0.0
 11
-55.20029706242457
 21
110.0002000000001
 31
0.0
  0
LINE
  5
66F
330
1F
100
AcDbEntity
  8
0
  6
Continuous
 62
     7
100
AcDbLine
 10
-56.20029706242458
 20
110.0301999999998
 30
0.0
 11
-55.20029706242457
 21
110.0301999999998
 31
0.0
  0
LINE
  5
670
330
1F
100
AcDbEntity
  8
0
  6
Continuous
 62
     7
100
AcDbLine
 10
-56.20029706242458
 20
111.5701999999998
 30
0.0
 11
-56.20029706242458
 21
110.0301999999998
 31
0.0
  0
LINE
  5
671
330
1F
100
AcDbEntity
  8
0
  6
DASH_CENTER
 62
     1
100
AcDbLine
 10
-61.92529706242492
 20
110.8002000000003
 30
0.0
 11
-51.27529706242348
 21
110.8002000000003
 31
0.0
  0
LINE
  5
672
330
1F
100
AcDbEntity
  8
0
  6
DASH_CENTER
 62
     1
100
AcDbLine
 10
-56.60029706242511
 20
104.3752000000001
 30
0.0
 11
-56.60029706242511
 21
117.2252000000004
 31
0.0
  0
LINE
  5
673
330
1F
100
AcDbEntity
  8
0
  6
Continuous
 62
     7
100
AcDbLine
 10
-59.65029706242529
 20
111.6502000000006
 30
0.0
 11
-59.8502970624251
 21
111.6502000000006
 31
0.0
  0
LINE
  5
674
330
1F
100
AcDbEntity
  8
0
  6
Continuous
 62
     7
100
AcDbLine
 10
-59.8502970624251
 20
109.9502000000008
 30
0.0
 11
-59.65029706242529
 21
109.9502000000008
 31
0.0
  0
LINE
  5
675
330
1F
100
AcDbEntity
  8
0
  6
Continuous
 62
     7
100
AcDbLine
 10
-53.55029706242492
 20
111.6502000000006
 30
0.0
 11
-53.35029706242511
 21
111.6502000000006
 31
0.0
  0
LINE
  5
676
330
1F
100
AcDbEntity
  8
0
  6
Continuous
 62
     7
100
AcDbLine
 10
-53.35029706242511
 20
109.9502000000008
 30
0.0
 11
-53.55029706242492
 21
109.9502000000008
 31
0.0
  0
LINE
  5
677
330
1F
100
AcDbEntity
  8
0
  6
Continuous
 62
     7
100
AcDbLine
 10
-60.42529706242492
 20
115.5252000000006
 30
0.0
 11
-60.22529706242511
 21
115.7252000000004
 31
0.0
  0
LINE
  5
678
330
1F
100
AcDbEntity
  8
0
  6
Continuous
 62
     7
100
AcDbLine
 10
-52.9752970624251
 20
115.7252000000004
 30
0.0
 11
-52.77529706242347
 21
115.5252000000006
 31
0.0
  0
LINE
  5
679
330
1F
100
AcDbEntity
  8
0
  6
Continuous
 62
     7
100
AcDbLine
 10
-52.77529706242347
 20
106.0752000000008
 30
0.0
 11
-52.9752970624251
 21
105.8752000000001
 31
0.0
  0
LINE
  5
67A
330
1F
100
AcDbEntity
  8
0
  6
Continuous
 62
     7
100
AcDbLine
 10
-60.42529706242492
 20
106.0752000000008
 30
0.0
 11
-60.22529706242511
 21
105.8752000000001
 31
0.0
  0
LINE
  5
67B
330
1F
100
AcDbEntity
  8
0
  6
Continuous
 62
     7
100
AcDbLine
 10
-60.42529706242492
 20
115.5252000000006
 30
0.0
 11
-60.42529706242492
 21
106.0752000000008
 31
0.0
  0
LINE
  5
67C
330
1F
100
AcDbEntity
  8
0
  6
Continuous
 62
     7
100
AcDbLine
 10
-52.9752970624251
 20
115.7252000000004
 30
0.0
 11
-60.22529706242511
 21
115.7252000000004
 31
0.0
  0
LINE
  5
67D
330
1F
100
AcDbEntity
  8
0
  6
Continuous
 62
     7
100
AcDbLine
 10
-52.77529706242347
 20
106.0752000000008
 30
0.0
 11
-52.77529706242347
 21
115.5252000000006
 31
0.0
  0
LINE
  5
67E
330
1F
100
AcDbEntity
  8
0
  6
Continuous
 62
     7
100
AcDbLine
 10
-60.22529706242511
 20
105.8752000000001
 30
0.0
 11
-52.9752970624251
 21
105.8752000000001
 31
0.0
  0
LINE
  5
67F
330
1F
100
AcDbEntity
  8
0
  6
Continuous
 62
     7
100
AcDbLine
 10
-53.35029706242511
 20
107.8502000000004
 30
0.0
 11
-53.35029706242511
 21
113.7502000000001
 31
0.0
  0
LINE
  5
680
330
1F
100
AcDbEntity
  8
0
  6
Continuous
 62
     7
100
AcDbLine
 10
-59.8502970624251
 20
115.1252000000001
 30
0.0
 11
-54.40029706242348
 21
115.1252000000001
 31
0.0
  0
LINE
  5
681
330
1F
100
AcDbEntity
  8
0
  6
Continuous
 62
     7
100
AcDbLine
 10
-59.8502970624251
 20
106.4752000000004
 30
0.0
 11
-59.8502970624251
 21
115.1252000000001
 31
0.0
  0
LINE
  5
682
330
1F
100
AcDbEntity
  8
0
  6
Continuous
 62
     7
100
AcDbLine
 10
-54.40029706242348
 20
106.4752000000004
 30
0.0
 11
-59.8502970624251
 21
106.4752000000004
 31
0.0
  0
LINE
  5
683
330
1F
100
AcDbEntity
  8
0
  6
Continuous
 62
     7
100
AcDbLine
 10
-53.35029706242511
 20
113.7502000000001
 30
0.0
 11
-54.40029706242348
 21
115.1252000000001
 31
0.0
  0
LINE
  5
684
330
1F
100
AcDbEntity
  8
0
  6
Continuous
 62
     7
100
AcDbLine
 10
-54.40029706242348
 20
106.4752000000004
 30
0.0
 11
-53.35029706242511
 21
107.8502000000004
 31
0.0
  0
LINE
  5
685
330
1F
100
AcDbEntity
  8
0
  6
DASH_CENTER
 62
     1
100
AcDbLine
 10
-49.75029706242474
 20
119.1002000000004
 30
0.0
 11
-55.45029706242366
 21
119.1002000000004
 31
0.0
  0
LINE
  5
686
330
1F
100
AcDbEntity
  8
0
  6
DASH_CENTER
 62
     1
100
AcDbLine
 10
-52.6002970624251
 20
116.2502000000001
 30
0.0
 11
-52.6002970624251
 21
121.9502000000008
 31
0.0
  0
LINE
  5
687
330
1F
100
AcDbEntity
  8
0
  6
DASH_CENTER
 62
     1
100
AcDbLine
 10
-60.6002970624251
 20
116.2502000000001
 30
0.0
 11
-60.6002970624251
 21
121.9502000000008
 31
0.0
  0
LINE
  5
688
330
1F
100
AcDbEntity
  8
0
  6
DASH_CENTER
 62
     1
100
AcDbLine
 10
-57.75029706242474
 20
119.1002000000004
 30
0.0
 11
-63.45029706242366
 21
119.1002000000004
 31
0.0
  0
LINE
  5
689
330
1F
100
AcDbEntity
  8
0
  6
DASH_CENTER
 62
     1
100
AcDbLine
 10
-52.6002970624251
 20
99.65020000000057
 30
0.0
 11
-52.6002970624251
 21
105.3502000000004
 31
0.0
  0
LINE
  5
68A
330
1F
100
AcDbEntity
  8
0
  6
DASH_CENTER
 62
     1
100
AcDbLine
 10
-55.45029706242366
 20
102.5002000000001
 30
0.0
 11
-49.75029706242474
 21
102.5002000000001
 31
0.0
  0
LINE
  5
68B
330
1F
100
AcDbEntity
  8
0
  6
DASH_CENTER
 62
     1
100
AcDbLine
 10
-63.45029706242366
 20
102.5002000000001
 30
0.0
 11
-57.75029706242474
 21
102.5002000000001
 31
0.0
  0
LINE
  5
68C
330
1F
100
AcDbEntity
  8
0
  6
DASH_CENTER
 62
     1
100
AcDbLine
 10
-60.6002970624251
 20
99.65020000000057
 30
0.0
 11
-60.6002970624251
 21
105.3502000000004
 31
0.0
  0
LINE
  5
68D
330
1F
100
AcDbEntity
  8
0
  6
Continuous
 62
     7
100
AcDbLine
 10
-50.50029706241656
 20
142.5002000000001
 30
0.0
 11
-50.50029706241656
 21
144.7502000000001
 31
0.0
  0
LINE
  5
68E
330
1F
100
AcDbEntity
  8
0
  6
Continuous
 62
     7
100
AcDbLine
 10
-50.50029706241656
 20
150.0002000000001
 30
0.0
 11
-50.50029706241656
 21
153.7501999999873
 31
0.0
  0
LINE
  5
68F
330
1F
100
AcDbEntity
  8
0
  6
Continuous
 62
     7
100
AcDbLine
 10
-50.50029706241656
 20
144.7502000000001
 30
0.0
 11
-50.30029706241585
 21
144.7502000000001
 31
0.0
  0
LINE
  5
690
330
1F
100
AcDbEntity
  8
0
  6
Continuous
 62
     7
100
AcDbLine
 10
-65.5822868666757
 20
101.3186152428667
 30
0.0
 11
-64.80029706241585
 21
101.2502000000001
 31
0.0
  0
LINE
  5
691
330
1F
100
AcDbEntity
  8
0
  6
Continuous
 62
     7
100
AcDbLine
 10
-64.80029706241585
 20
105.7502000000001
 30
0.0
 11
-65.5822868666757
 21
105.6817847571343
 31
0.0
  0
LINE
  5
692
330
1F
100
AcDbEntity
  8
0
  6
Continuous
 62
     7
100
AcDbLine
 10
-64.80029706241585
 20
106.1002000000004
 30
0.0
 11
-64.20029706241547
 21
106.1002000000004
 31
0.0
  0
LINE
  5
693
330
1F
100
AcDbEntity
  8
0
  6
Continuous
 62
     7
100
AcDbLine
 10
-64.80029706241585
 20
100.9002000000024
 30
0.0
 11
-64.80029706241585
 21
106.1002000000004
 31
0.0
  0
LINE
  5
694
330
1F
100
AcDbEntity
  8
0
  6
Continuous
 62
     7
100
AcDbLine
 10
-64.20029706241547
 20
100.9002000000024
 30
0.0
 11
-64.80029706241585
 21
100.9002000000024
 31
0.0
  0
LINE
  5
695
330
1F
100
AcDbEntity
  8
0
  6
Continuous
 62
     7
100
AcDbLine
 10
-64.20029706241547
 20
106.3502000000004
 30
0.0
 11
-63.90029706241528
 21
106.3502000000004
 31
0.0
  0
LINE
  5
696
330
1F
100
AcDbEntity
  8
0
  6
Continuous
 62
     7
100
AcDbLine
 10
-64.20029706241547
 20
100.6502000000024
 30
0.0
 11
-64.20029706241547
 21
106.3502000000004
 31
0.0
  0
LINE
  5
697
330
1F
100
AcDbEntity
  8
0
  6
Continuous
 62
     7
100
AcDbLine
 10
-63.90029706241528
 20
100.6502000000024
 30
0.0
 11
-64.20029706241547
 21
100.6502000000024
 31
0.0
  0
LINE
  5
698
330
1F
100
AcDbEntity
  8
0
  6
Continuous
 62
     7
100
AcDbLine
 10
-63.90029706241528
 20
153.6501999999988
 30
0.0
 11
-64.20029706241547
 21
153.6501999999988
 31
0.0
  0
LINE
  5
699
330
1F
100
AcDbEntity
  8
0
  6
Continuous
 62
     7
100
AcDbLine
 10
-64.20029706241547
 20
153.6501999999988
 30
0.0
 11
-64.20029706241547
 21
159.3502000000004
 31
0.0
  0
LINE
  5
69A
330
1F
100
AcDbEntity
  8
0
  6
Continuous
 62
     7
100
AcDbLine
 10
-64.20029706241547
 20
159.3502000000004
 30
0.0
 11
-63.90029706241528
 21
159.3502000000004
 31
0.0
  0
LINE
  5
69B
330
1F
100
AcDbEntity
  8
0
  6
Continuous
 62
     7
100
AcDbLine
 10
-64.20029706241547
 20
153.9001999999988
 30
0.0
 11
-64.80029706241585
 21
153.9001999999988
 31
0.0
  0
LINE
  5
69C
330
1F
100
AcDbEntity
  8
0
  6
Continuous
 62
     7
100
AcDbLine
 10
-64.80029706241585
 20
153.9001999999988
 30
0.0
 11
-64.80029706241585
 21
159.1002000000004
 31
0.0
  0
LINE
  5
69D
330
1F
100
AcDbEntity
  8
0
  6
Continuous
 62
     7
100
AcDbLine
 10
-64.80029706241585
 20
159.1002000000004
 30
0.0
 11
-64.20029706241547
 21
159.1002000000004
 31
0.0
  0
LINE
  5
69E
330
1F
100
AcDbEntity
  8
0
  6
Continuous
 62
     7
100
AcDbLine
 10
-64.80029706241585
 20
158.7502000000001
 30
0.0
 11
-65.5822868666757
 21
158.6817847571343
 31
0.0
  0
LINE
  5
69F
330
1F
100
AcDbEntity
  8
0
  6
Continuous
 62
     7
100
AcDbLine
 10
-65.5822868666757
 20
154.3186152428667
 30
0.0
 11
-64.80029706241585
 21
154.2502000000001
 31
0.0
  0
LINE
  5
6A0
330
1F
100
AcDbEntity
  8
0
  6
Continuous
 62
     7
100
AcDbLine
 10
-63.90029706241528
 20
141.7502000000001
 30
0.0
 11
-64.68228686667607
 21
141.6817847571343
 31
0.0
  0
LINE
  5
6A1
330
1F
100
AcDbEntity
  8
0
  6
Continuous
 62
     7
100
AcDbLine
 10
-64.68228686667607
 20
137.3186152428667
 30
0.0
 11
-63.90029706241528
 21
137.2502000000001
 31
0.0
  0
LINE
  5
6A2
330
1F
100
AcDbEntity
  8
0
  6
DASH_CENTER
 62
     1
100
AcDbLine
 10
-71.80029706241585
 20
130.0002000000001
 30
0.0
 11
20.99970293893222
 21
130.0002000000001
 31
0.0
  0
LINE
  5
6A3
330
1F
100
AcDbEntity
  8
0
  6
Continuous
 62
     7
100
AcDbLine
 10
40.49970293863571
 20
160.0002000000019
 30
0.0
 11
40.49970293864754
 21
149.5002000000001
 31
0.0
  0
LINE
  5
6A4
330
1F
100
AcDbEntity
  8
0
  6
Continuous
 62
     7
100
AcDbLine
 10
39.299702938645
 20
150.0002000000001
 30
0.0
 11
-17.00029706251843
 21
150.000200000001
 31
0.0
  0
LINE
  5
6A5
330
1F
100
AcDbEntity
  8
0
  6
Continuous
 62
     7
100
AcDbLine
 10
40.49970293864664
 20
100.0002000000137
 30
0.0
 11
40.49970293864664
 21
110.5002000000001
 31
0.0
  0
LINE
  5
6A6
330
1F
100
AcDbEntity
  8
0
  6
Continuous
 62
     7
100
AcDbLine
 10
39.299702938645
 20
110.0002000000001
 30
0.0
 11
-17.00029706251843
 21
110.000200000001
 31
0.0
  0
LINE
  5
6A7
330
1F
100
AcDbEntity
  8
0
  6
Continuous
 62
     7
100
AcDbLine
 10
46.99970293868664
 20
100.5002000000301
 30
0.0
 11
46.49970293866664
 21
100.0002000000137
 31
0.0
  0
LINE
  5
6A8
330
1F
100
AcDbEntity
  8
0
  6
Continuous
 62
     7
100
AcDbLine
 10
46.49970293866664
 20
100.0002000000137
 30
0.0
 11
-16.90029706252079
 21
100.0002000000128
 31
0.0
  0
LINE
  5
6A9
330
1F
100
AcDbEntity
  8
0
  6
Continuous
 62
     7
100
AcDbLine
 10
-16.90029706252079
 20
100.0002000000128
 30
0.0
 11
-17.00029706251843
 21
100.1002000000141
 31
0.0
  0
LINE
  5
6AA
330
1F
100
AcDbEntity
  8
0
  6
Continuous
 62
     7
100
AcDbLine
 10
46.9997029401955
 20
100.5002000015417
 30
0.0
 11
46.99970293860661
 21
159.5002000000019
 31
0.0
  0
LINE
  5
6AB
330
1F
100
AcDbEntity
  8
0
  6
Continuous
 62
     7
100
AcDbLine
 10
46.99970293860661
 20
159.5002000000019
 30
0.0
 11
46.4997029385957
 21
160.0002000000019
 31
0.0
  0
LINE
  5
6AC
330
1F
100
AcDbEntity
  8
0
  6
Continuous
 62
     7
100
AcDbLine
 10
46.4997029385957
 20
160.0002000000019
 30
0.0
 11
-16.90029706251897
 21
160.0002000000028
 31
0.0
  0
LINE
  5
6AD
330
1F
100
AcDbEntity
  8
0
  6
Continuous
 62
     7
100
AcDbLine
 10
-16.90029706251897
 20
160.0002000000028
 30
0.0
 11
-17.00029706251843
 21
159.9002000000034
 31
0.0
  0
LINE
  5
6AE
330
1F
100
AcDbEntity
  8
0
  6
Continuous
 62
     7
100
AcDbLine
 10
-17.00029706251843
 20
159.9002000000034
 30
0.0
 11
-17.00029706251843
 21
100.1002000000141
 31
0.0
  0
LINE
  5
6AF
330
1F
100
AcDbEntity
  8
0
  6
Continuous
 62
     7
100
AcDbLine
 10
39.299702938645
 20
149.5002000000001
 30
0.0
 11
39.299702938645
 21
160.0002000000019
 31
0.0
  0
LINE
  5
6B0
330
1F
100
AcDbEntity
  8
0
  6
Continuous
 62
     7
100
AcDbLine
 10
39.299702938645
 20
100.0002000000137
 30
0.0
 11
39.299702938645
 21
110.5002000000001
 31
0.0
  0
LINE
  5
6B1
330
1F
100
AcDbEntity
  8
0
  6
Continuous
 62
     7
100
AcDbLine
 10
-17.1002970625197
 20
100.0002000000119
 30
0.0
 11
-17.00029706251843
 21
100.1002000000141
 31
0.0
  0
LINE
  5
6B2
330
1F
100
AcDbEntity
  8
0
  6
Continuous
 62
     7
100
AcDbLine
 10
-50.20029706241547
 20
100.0002000000128
 30
0.0
 11
-17.1002970625197
 21
100.0002000000119
 31
0.0
  0
LINE
  5
6B3
330
1F
100
AcDbEntity
  8
0
  6
Continuous
 62
     7
100
AcDbLine
 10
-50.30029706241585
 20
100.1002000000004
 30
0.0
 11
-50.20029706241547
 21
100.0002000000128
 31
0.0
  0
LINE
  5
6B4
330
1F
100
AcDbEntity
  8
0
  6
Continuous
 62
     7
100
AcDbLine
 10
-17.00029706251843
 20
110.000200000001
 30
0.0
 11
-50.30029706241585
 21
110.0002000000001
 31
0.0
  0
LINE
  5
6B5
330
1F
100
AcDbEntity
  8
0
  6
Continuous
 62
     7
100
AcDbLine
 10
-50.20029706241547
 20
160.0001999999864
 30
0.0
 11
-50.30029706241585
 21
159.9002000000024
 31
0.0
  0
LINE
  5
6B6
330
1F
100
AcDbEntity
  8
0
  6
Continuous
 62
     7
100
AcDbLine
 10
-17.1002970625197
 20
160.0001999999864
 30
0.0
 11
-50.20029706241547
 21
160.0001999999864
 31
0.0
  0
LINE
  5
6B7
330
1F
100
AcDbEntity
  8
0
  6
Continuous
 62
     7
100
AcDbLine
 10
-17.00029706251843
 20
159.900199999987
 30
0.0
 11
-17.1002970625197
 21
160.0001999999864
 31
0.0
  0
LINE
  5
6B8
330
1F
100
AcDbEntity
  8
0
  6
Continuous
 62
     7
100
AcDbLine
 10
-50.30029706241585
 20
150.0002000000001
 30
0.0
 11
-17.00029706251843
 21
150.000200000001
 31
0.0
  0
LINE
  5
6B9
330
1F
100
AcDbEntity
  8
0
  6
Continuous
 62
     7
100
AcDbLine
 10
-50.30029706241585
 20
159.2501999999873
 30
0.0
 11
-50.30029706241585
 21
159.9000999999977
 31
0.0
  0
LINE
  5
6BA
330
1F
100
AcDbEntity
  8
0
  6
Continuous
 62
     7
100
AcDbLine
 10
-48.68029706241685
 20
153.7501999999873
 30
0.0
 11
-51.43029706241685
 21
153.7501999999873
 31
0.0
  0
LINE
  5
6BB
330
1F
100
AcDbEntity
  8
0
  6
Continuous
 62
     7
100
AcDbLine
 10
-51.68029706241686
 20
154.0001999999873
 30
0.0
 11
-51.43029706241685
 21
153.7501999999873
 31
0.0
  0
LINE
  5
6BC
330
1F
100
AcDbEntity
  8
0
  6
Continuous
 62
     7
100
AcDbLine
 10
-51.68029706241686
 20
154.0001999999873
 30
0.0
 11
-51.68029706241686
 21
159.0001999999873
 31
0.0
  0
LINE
  5
6BD
330
1F
100
AcDbEntity
  8
0
  6
Continuous
 62
     7
100
AcDbLine
 10
-51.43029706241685
 20
159.2501999999873
 30
0.0
 11
-51.43029706241685
 21
153.7501999999873
 31
0.0
  0
LINE
  5
6BE
330
1F
100
AcDbEntity
  8
0
  6
Continuous
 62
     7
100
AcDbLine
 10
-51.43029706241685
 20
159.2501999999873
 30
0.0
 11
-51.68029706241686
 21
159.0001999999873
 31
0.0
  0
LINE
  5
6BF
330
1F
100
AcDbEntity
  8
0
  6
Continuous
 62
     7
100
AcDbLine
 10
-51.43029706241685
 20
159.2501999999873
 30
0.0
 11
-48.68029706241685
 21
159.2501999999873
 31
0.0
  0
LINE
  5
6C0
330
1F
100
AcDbEntity
  8
0
  6
Continuous
 62
     7
100
AcDbLine
 10
-48.30029706241585
 20
153.5001999999864
 30
0.0
 11
-48.68029706241685
 21
153.5001999999864
 31
0.0
  0
LINE
  5
6C1
330
1F
100
AcDbEntity
  8
0
  6
Continuous
 62
     7
100
AcDbLine
 10
-48.68029706241685
 20
153.5001999999864
 30
0.0
 11
-48.68029706241685
 21
159.5001999999873
 31
0.0
  0
LINE
  5
6C2
330
1F
100
AcDbEntity
  8
0
  6
Continuous
 62
     7
100
AcDbLine
 10
-48.30029706241585
 20
159.5001999999873
 30
0.0
 11
-48.68029706241685
 21
159.5001999999873
 31
0.0
  0
LINE
  5
6C3
330
1F
100
AcDbEntity
  8
0
  6
Continuous
 62
     7
100
AcDbLine
 10
-48.30029706241585
 20
153.0001999999028
 30
0.0
 11
-50.30029706241585
 21
153.0001999999028
 31
0.0
  0
LINE
  5
6C4
330
1F
100
AcDbEntity
  8
0
  6
Continuous
 62
     7
100
AcDbLine
 10
-48.30029706241585
 20
160.0001999999873
 30
0.0
 11
-48.30029706241585
 21
153.0001999999028
 31
0.0
  0
LINE
  5
6C5
330
1F
100
AcDbEntity
  8
0
  6
Continuous
 62
     7
100
AcDbLine
 10
-50.30029706241585
 20
100.0002000000001
 30
0.0
 11
-50.30029706241585
 21
153.7501999999873
 31
0.0
  0
LINE
  5
6C6
330
1F
100
AcDbEntity
  8
0
  6
Continuous
 62
     7
100
AcDbLine
 10
-50.50029706241656
 20
159.7502000000001
 30
0.0
 11
-50.30029706241585
 21
159.7502000000001
 31
0.0
  0
LINE
  5
6C7
330
1F
100
AcDbEntity
  8
0
  6
Continuous
 62
     7
100
AcDbLine
 10
-50.50029706241656
 20
159.2501999999873
 30
0.0
 11
-50.50029706241656
 21
159.7502000000001
 31
0.0
  0
LINE
  5
6C8
330
1F
100
AcDbEntity
  8
0
  6
Continuous
 62
     7
100
AcDbLine
 10
-52.30029706241585
 20
153.0001999999028
 30
0.0
 11
-50.50029706241656
 21
153.0001999999028
 31
0.0
  0
LINE
  5
6C9
330
1F
100
AcDbEntity
  8
0
  6
Continuous
 62
     7
100
AcDbLine
 10
-52.30029706241585
 20
160.0001999999873
 30
0.0
 11
-52.30029706241585
 21
153.0001999999028
 31
0.0
  0
LINE
  5
6CA
330
1F
100
AcDbEntity
  8
0
  6
Continuous
 62
     7
100
AcDbLine
 10
-62.70029706241547
 20
150.0002000000001
 30
0.0
 11
-50.30029706241585
 21
150.0002000000001
 31
0.0
  0
LINE
  5
6CB
330
1F
100
AcDbEntity
  8
0
  6
Continuous
 62
     7
100
AcDbLine
 10
-54.30029706241585
 20
143.0001999999983
 30
0.0
 11
-62.90029706241528
 21
143.0001999999983
 31
0.0
  0
LINE
  5
6CC
330
1F
100
AcDbEntity
  8
0
  6
Continuous
 62
     7
100
AcDbLine
 10
-54.30029706241585
 20
150.0002000000028
 30
0.0
 11
-54.30029706241585
 21
143.0001999999983
 31
0.0
  0
LINE
  5
6CD
330
1F
100
AcDbEntity
  8
0
  6
Continuous
 62
     7
100
AcDbLine
 10
-50.50029706241656
 20
160.0002000000001
 30
0.0
 11
-54.30029706241585
 21
160.0002000000028
 31
0.0
  0
LINE
  5
6CE
330
1F
100
AcDbEntity
  8
0
  6
Continuous
 62
     7
100
AcDbLine
 10
-54.30029706241585
 20
160.0002000000028
 30
0.0
 11
-62.70029706241547
 21
160.0002000000001
 31
0.0
  0
LINE
  5
6CF
330
1F
100
AcDbEntity
  8
0
  6
Continuous
 62
     7
100
AcDbLine
 10
-48.30029706241585
 20
117.0002000000847
 30
0.0
 11
-48.30029706241585
 21
110.0002000000001
 31
0.0
  0
LINE
  5
6D0
330
1F
100
AcDbEntity
  8
0
  6
Continuous
 62
     7
100
AcDbLine
 10
-50.30029706241585
 20
117.0002000000847
 30
0.0
 11
-48.30029706241585
 21
117.0002000000847
 31
0.0
  0
LINE
  5
6D1
330
1F
100
AcDbEntity
  8
0
  6
Continuous
 62
     7
100
AcDbLine
 10
-48.68029706241685
 20
110.5002000000001
 30
0.0
 11
-48.30029706241585
 21
110.5002000000001
 31
0.0
  0
LINE
  5
6D2
330
1F
100
AcDbEntity
  8
0
  6
Continuous
 62
     7
100
AcDbLine
 10
-48.68029706241685
 20
110.5002000000001
 30
0.0
 11
-48.68029706241685
 21
116.5002000000001
 31
0.0
  0
LINE
  5
6D3
330
1F
100
AcDbEntity
  8
0
  6
Continuous
 62
     7
100
AcDbLine
 10
-48.68029706241685
 20
116.5002000000001
 30
0.0
 11
-48.30029706241585
 21
116.5002000000001
 31
0.0
  0
LINE
  5
6D4
330
1F
100
AcDbEntity
  8
0
  6
Continuous
 62
     7
100
AcDbLine
 10
-48.68029706241685
 20
110.7502000000001
 30
0.0
 11
-50.30029706241585
 21
110.7502000000001
 31
0.0
  0
LINE
  5
6D5
330
1F
100
AcDbEntity
  8
0
  6
Continuous
 62
     7
100
AcDbLine
 10
-50.30029706241585
 20
116.2502000000001
 30
0.0
 11
-48.68029706241685
 21
116.2502000000001
 31
0.0
  0
LINE
  5
6D6
330
1F
100
AcDbEntity
  8
0
  6
Continuous
 62
     7
100
AcDbLine
 10
-62.90029706241528
 20
100.0002000000128
 30
0.0
 11
-50.30029706241585
 21
100.0002000000001
 31
0.0
  0
LINE
  5
6D7
330
1F
100
AcDbEntity
  8
0
  6
Continuous
 62
     7
100
AcDbLine
 10
-62.70029706241547
 20
160.0002000000001
 30
0.0
 11
-62.70029706241547
 21
143.0002000000001
 31
0.0
  0
LINE
  5
6D8
330
1F
100
AcDbEntity
  8
0
  6
Continuous
 62
     7
100
AcDbLine
 10
-62.90029706241528
 20
159.7502000000001
 30
0.0
 11
-62.90029706241528
 21
100.0002000000128
 31
0.0
  0
LINE
  5
6D9
330
1F
100
AcDbEntity
  8
0
  6
Continuous
 62
     7
100
AcDbLine
 10
-62.70029706241547
 20
159.7502000000001
 30
0.0
 11
-62.90029706241528
 21
159.7502000000001
 31
0.0
  0
LINE
  5
6DA
330
1F
100
AcDbEntity
  8
0
  6
Continuous
 62
     7
100
AcDbLine
 10
-63.90029706241528
 20
100.2502000000001
 30
0.0
 11
-62.90029706241528
 21
100.2502000000001
 31
0.0
  0
LINE
  5
6DB
330
1F
100
AcDbEntity
  8
0
  6
Continuous
 62
     7
100
AcDbLine
 10
-63.90029706241528
 20
159.7502000000001
 30
0.0
 11
-63.90029706241528
 21
100.2502000000001
 31
0.0
  0
LINE
  5
6DC
330
1F
100
AcDbEntity
  8
0
  6
Continuous
 62
     7
100
AcDbLine
 10
-62.90029706241528
 20
159.7502000000001
 30
0.0
 11
-63.90029706241528
 21
159.7502000000001
 31
0.0
  0
LINE
  5
6DD
330
1F
100
AcDbEntity
  8
0
  6
Continuous
 62
     7
100
AcDbLine
 10
-64.18130868636689
 20
107.2865812630513
 30
0.0
 11
-66.23827381450627
 21
109.4144762232023
 31
0.0
  0
LINE
  5
6DE
330
1F
100
AcDbEntity
  8
0
  6
Continuous
 62
     7
100
AcDbLine
 10
-66.23827381450627
 20
150.5859237767978
 30
0.0
 11
-64.18130868636689
 21
152.7138187369489
 31
0.0
  0
LINE
  5
6DF
330
1F
100
AcDbEntity
  8
0
  6
Continuous
 62
     7
100
AcDbLine
 10
-66.80029706241585
 20
110.804520416899
 30
0.0
 11
-66.80029706241585
 21
149.195879583103
 31
0.0
  0
LINE
  5
6E0
330
1F
100
AcDbEntity
  8
0
  6
Continuous
 62
     7
100
AcDbLine
 10
-62.90029706241528
 20
110.0002000000001
 30
0.0
 11
-63.90029706241528
 21
110.0002000000001
 31
0.0
  0
LINE
  5
6E1
330
1F
100
AcDbEntity
  8
0
  6
Continuous
 62
     7
100
AcDbLine
 10
-63.90029706241528
 20
150.0002000000001
 30
0.0
 11
-62.90029706241528
 21
150.0002000000001
 31
0.0
  0
LINE
  5
6E2
330
1F
100
AcDbEntity
  8
0
  6
Continuous
 62
     7
100
AcDbLine
 10
-50.50029706241656
 20
160.0002000000001
 30
0.0
 11
-50.50029706241656
 21
159.7502000000001
 31
0.0
  0
LINE
  5
6E3
330
1F
100
AcDbEntity
  8
0
  6
DASH_CENTER
 62
     1
100
AcDbLine
 10
-53.18029706241503
 20
156.5001999999873
 30
0.0
 11
-46.80029706241585
 21
156.5001999999873
 31
0.0
  0
LINE
  5
6E4
330
1F
100
AcDbEntity
  8
0
  6
DASH_CENTER
 62
     1
100
AcDbLine
 10
-53.18029706241503
 20
113.5001999999873
 30
0.0
 11
-46.80029706241585
 21
113.5001999999873
 31
0.0
  0
LINE
  5
6E5
330
1F
100
AcDbEntity
  8
0
  6
DASH_CENTER
 62
     1
100
AcDbLine
 10
-68.00029706241656
 20
103.5001999999873
 30
0.0
 11
-63.30029706241585
 21
103.5001999999873
 31
0.0
  0
LINE
  5
6E6
330
1F
100
AcDbEntity
  8
0
  6
DASH_CENTER
 62
     1
100
AcDbLine
 10
-67.16901747640003
 20
139.5002000000001
 30
0.0
 11
-62.46901747639929
 21
139.5002000000001
 31
0.0
  0
LINE
  5
6E7
330
1F
100
AcDbEntity
  8
0
  6
DASH_CENTER
 62
     1
100
AcDbLine
 10
-67.10029706242329
 20
156.5001999999864
 30
0.0
 11
-62.40029706241529
 21
156.5001999999864
 31
0.0
  0
LINE
  5
6E8
330
1F
100
AcDbEntity
  8
0
  6
Continuous
 62
     7
100
AcDbLine
 10
-13.8002970625177
 20
122.8002000000003
 30
0.0
 11
-13.8002970625177
 21
141.4001999999997
 31
0.0
  0
LINE
  5
6E9
330
1F
100
AcDbEntity
  8
0
  6
Continuous
 62
     7
100
AcDbLine
 10
-12.3002970625177
 20
142.9001999999997
 30
0.0
 11
-3.50029706251752
 21
142.9001999999997
 31
0.0
  0
LINE
  5
6EA
330
1F
100
AcDbEntity
  8
0
  6
Continuous
 62
     7
100
AcDbLine
 10
-12.3002970625177
 20
121.3002000000003
 30
0.0
 11
-3.50029706251752
 21
121.3002000000003
 31
0.0
  0
LINE
  5
6EB
330
1F
100
AcDbEntity
  8
0
  6
Continuous
 62
     7
100
AcDbLine
 10
-2.000297062517519
 20
122.8002000000003
 30
0.0
 11
-2.000297062517519
 21
139.2836848610101
 31
0.0
  0
LINE
  5
6EC
330
1F
100
AcDbEntity
  8
0
  6
Continuous
 62
     7
100
AcDbLine
 10
-2.000297062517519
 20
141.4001999999997
 30
0.0
 11
-3.50029706251752
 21
142.9001999999997
 31
0.0
  0
LINE
  5
6ED
330
1F
100
AcDbEntity
  8
0
  6
Continuous
 62
     7
100
AcDbLine
 10
-2.000297062517519
 20
122.8002000000003
 30
0.0
 11
-3.50029706251752
 21
121.3002000000003
 31
0.0
  0
LINE
  5
6EE
330
1F
100
AcDbEntity
  8
0
  6
Continuous
 62
     7
100
AcDbLine
 10
-12.3002970625177
 20
121.3002000000003
 30
0.0
 11
-13.8002970625177
 21
122.8002000000003
 31
0.0
  0
LINE
  5
6EF
330
1F
100
AcDbEntity
  8
0
  6
Continuous
 62
     7
100
AcDbLine
 10
-12.3002970625177
 20
142.9001999999997
 30
0.0
 11
-13.8002970625177
 21
141.4001999999997
 31
0.0
  0
LINE
  5
6F0
330
1F
100
AcDbEntity
  8
0
  6
Continuous
 62
     7
100
AcDbLine
 10
-12.70029706251734
 20
140.6002000000004
 30
0.0
 11
-10.40029706251715
 21
142.9001999999997
 31
0.0
  0
LINE
  5
6F1
330
1F
100
AcDbEntity
  8
0
  6
Continuous
 62
     7
100
AcDbLine
 10
-10.40029706251715
 20
121.3002000000003
 30
0.0
 11
-12.70029706251734
 21
123.6002000000004
 31
0.0
  0
LINE
  5
6F2
330
1F
100
AcDbEntity
  8
0
  6
Continuous
 62
     7
100
AcDbLine
 10
-11.70029706251734
 20
122.6002000000004
 30
0.0
 11
-11.70029706251734
 21
141.6002000000004
 31
0.0
  0
LINE
  5
6F3
330
1F
100
AcDbEntity
  8
0
  6
Continuous
 62
     7
100
AcDbLine
 10
-12.70029706251734
 20
123.6002000000004
 30
0.0
 11
-12.70029706251734
 21
140.6002000000004
 31
0.0
  0
LINE
  5
6F4
330
1F
100
AcDbEntity
  8
0
  6
Continuous
 62
     7
100
AcDbLine
 10
-6.100297062516969
 20
121.3002000000003
 30
0.0
 11
-4.100297062516969
 21
123.3002000000003
 31
0.0
  0
LINE
  5
6F5
330
1F
100
AcDbEntity
  8
0
  6
Continuous
 62
     7
100
AcDbLine
 10
-5.370626371367679
 20
142.1705293088504
 30
0.0
 11
-6.100297062516969
 21
142.9001999999997
 31
0.0
  0
LINE
  5
6F6
330
1F
100
AcDbEntity
  8
0
  6
Continuous
 62
     7
100
AcDbLine
 10
-4.100297062516969
 20
123.3002000000003
 30
0.0
 11
-4.100297062516969
 21
137.8022842383431
 31
0.0
  0
LINE
  5
6F7
330
1F
100
AcDbEntity
  8
0
  6
Continuous
 62
     7
100
AcDbLine
 10
-11.15029706251715
 20
123.1002000000004
 30
0.0
 11
-10.35029706251697
 21
122.3002000000003
 31
0.0
  0
LINE
  5
6F8
330
1F
100
AcDbEntity
  8
0
  6
Continuous
 62
     7
100
AcDbLine
 10
-10.35029706251697
 20
141.9001999999997
 30
0.0
 11
-11.15029706251715
 21
141.1002000000004
 31
0.0
  0
LINE
  5
6F9
330
1F
100
AcDbEntity
  8
0
  6
Continuous
 62
     7
100
AcDbLine
 10
-11.15029706251715
 20
141.1002000000004
 30
0.0
 11
-11.15029706251715
 21
123.1002000000004
 31
0.0
  0
LINE
  5
6FA
330
1F
100
AcDbEntity
  8
0
  6
Continuous
 62
     7
100
AcDbLine
 10
-10.35029706251697
 20
122.3002000000003
 30
0.0
 11
-6.500297062517518
 21
122.3002000000003
 31
0.0
  0
LINE
  5
6FB
330
1F
100
AcDbEntity
  8
0
  6
Continuous
 62
     7
100
AcDbLine
 10
-6.500297062517518
 20
122.3002000000003
 30
0.0
 11
-5.70029706251734
 21
123.1002000000004
 31
0.0
  0
LINE
  5
6FC
330
1F
100
AcDbEntity
  8
0
  6
Continuous
 62
     7
100
AcDbLine
 10
-5.70029706251734
 20
123.1002000000004
 30
0.0
 11
-5.70029706251734
 21
138.5060925653876
 31
0.0
  0
LINE
  5
6FD
330
1F
100
AcDbEntity
  8
0
  6
Continuous
 62
     7
100
AcDbLine
 10
-10.35029706251697
 20
141.9001999999997
 30
0.0
 11
-6.500297062517518
 21
141.9001999999997
 31
0.0
  0
LINE
  5
6FE
330
1F
100
AcDbEntity
  8
0
  6
Continuous
 62
     7
100
AcDbLine
 10
-6.500297062517518
 20
141.9001999999997
 30
0.0
 11
-6.04953931276504
 21
141.4494422502491
 31
0.0
  0
LINE
  5
6FF
330
1F
100
AcDbEntity
  8
0
  6
DASH_CENTER
 62
     1
100
AcDbLine
 10
-16.3002970625177
 20
132.1002000000004
 30
0.0
 11
0.49970293748248
 21
132.1002000000004
 31
0.0
  0
LINE
  5
700
330
1F
100
AcDbEntity
  8
0
  6
DASH_CENTER
 62
     1
100
AcDbLine
 10
-7.90029706251715
 20
118.8002000000003
 30
0.0
 11
-7.90029706251715
 21
145.4001999999997
 31
0.0
  0
LINE
  5
701
330
1F
100
AcDbEntity
  8
0
  6
Continuous
 62
     7
100
AcDbLine
 10
-5.200297062517339
 20
142.2786609690826
 30
0.0
 11
-5.200297062517339
 21
142.9001999999997
 31
0.0
  0
LINE
  5
704
330
1F
100
AcDbEntity
  8
0
  6
DASH_CENTER
 62
     1
100
AcDbLine
 10
-4.000297062517519
 20
142.8502000000014
 30
0.0
 11
-4.000297062517519
 21
137.5502000000003
 31
0.0
  0
LINE
  5
705
330
1F
100
AcDbEntity
  8
0
  6
DASH_CENTER
 62
     1
100
AcDbLine
 10
-1.35029706251606
 20
140.2001999999999
 30
0.0
 11
-6.650297062518059
 21
140.2001999999999
 31
0.0
  0
LINE
  5
706
330
1F
100
AcDbEntity
  8
0
  6
Continuous
 62
     7
100
AcDbLine
 10
-2.000297062517519
 20
141.1167151389924
 30
0.0
 11
-2.000297062517519
 21
141.4001999999997
 31
0.0
  0
LINE
  5
707
330
1F
100
AcDbEntity
  8
0
  6
Continuous
 62
     7
100
AcDbLine
 10
-11.15029706251715
 20
133.0002000000001
 30
0.0
 11
-5.70029706251734
 21
133.0002000000001
 31
0.0
  0
LINE
  5
708
330
1F
100
AcDbEntity
  8
0
  6
Continuous
 62
     7
100
AcDbLine
 10
-5.70029706251734
 20
132.3002000000003
 30
0.0
 11
-11.15029706251715
 21
132.3002000000003
 31
0.0
  0
LINE
  5
709
330
1F
100
AcDbEntity
  8
0
  6
DASH_CENTER
 62
     1
100
AcDbLine
 10
-9.000297062517519
 20
140.2001999999999
 30
0.0
 11
-6.800297062517699
 21
140.2001999999999
 31
0.0
  0
LINE
  5
70A
330
1F
100
AcDbEntity
  8
0
  6
DASH_CENTER
 62
     1
100
AcDbLine
 10
-9.000297062517519
 20
137.5002000000001
 30
0.0
 11
-6.800297062517699
 21
137.5002000000001
 31
0.0
  0
LINE
  5
70B
330
1F
100
AcDbEntity
  8
0
  6
DASH_CENTER
 62
     1
100
AcDbLine
 10
-9.000297062517519
 20
134.8002000000003
 30
0.0
 11
-6.800297062517699
 21
134.8002000000003
 31
0.0
  0
LINE
  5
70C
330
1F
100
AcDbEntity
  8
0
  6
Continuous
 62
     7
100
AcDbLine
 10
-8.500297062517519
 20
131.1002000000004
 30
0.0
 11
-8.500297062517519
 21
129.9001999999997
 31
0.0
  0
LINE
  5
70D
330
1F
100
AcDbEntity
  8
0
  6
Continuous
 62
     7
100
AcDbLine
 10
-8.500297062517519
 20
129.9001999999997
 30
0.0
 11
-7.300297062517699
 21
129.9001999999997
 31
0.0
  0
LINE
  5
70E
330
1F
100
AcDbEntity
  8
0
  6
Continuous
 62
     7
100
AcDbLine
 10
-7.300297062517699
 20
129.9001999999997
 30
0.0
 11
-7.300297062517699
 21
131.1002000000004
 31
0.0
  0
LINE
  5
70F
330
1F
100
AcDbEntity
  8
0
  6
Continuous
 62
     7
100
AcDbLine
 10
-7.300297062517699
 20
131.1002000000004
 30
0.0
 11
-8.500297062517519
 21
131.1002000000004
 31
0.0
  0
LINE
  5
710
330
1F
100
AcDbEntity
  8
0
  6
DASH_CENTER
 62
     1
100
AcDbLine
 10
-9.000297062517519
 20
130.5002000000001
 30
0.0
 11
-6.800297062517699
 21
130.5002000000001
 31
0.0
  0
LINE
  5
711
330
1F
100
AcDbEntity
  8
0
  6
DASH_CENTER
 62
     1
100
AcDbLine
 10
-9.000297062517519
 20
127.3002000000003
 30
0.0
 11
-6.800297062517699
 21
127.3002000000003
 31
0.0
  0
LINE
  5
712
330
1F
100
AcDbEntity
  8
0
  6
Continuous
 62
     7
100
AcDbLine
 10
-7.300297062517699
 20
127.9001999999997
 30
0.0
 11
-8.500297062517519
 21
127.9001999999997
 31
0.0
  0
LINE
  5
713
330
1F
100
AcDbEntity
  8
0
  6
Continuous
 62
     7
100
AcDbLine
 10
-7.300297062517699
 20
126.7001999999999
 30
0.0
 11
-7.300297062517699
 21
127.9001999999997
 31
0.0
  0
LINE
  5
714
330
1F
100
AcDbEntity
  8
0
  6
Continuous
 62
     7
100
AcDbLine
 10
-8.500297062517519
 20
126.7001999999999
 30
0.0
 11
-7.300297062517699
 21
126.7001999999999
 31
0.0
  0
LINE
  5
715
330
1F
100
AcDbEntity
  8
0
  6
Continuous
 62
     7
100
AcDbLine
 10
-8.500297062517519
 20
127.9001999999997
 30
0.0
 11
-8.500297062517519
 21
126.7001999999999
 31
0.0
  0
LINE
  5
716
330
1F
100
AcDbEntity
  8
0
  6
Continuous
 62
     7
100
AcDbLine
 10
-8.500297062517519
 20
124.7001999999999
 30
0.0
 11
-8.500297062517519
 21
123.5002000000001
 31
0.0
  0
LINE
  5
717
330
1F
100
AcDbEntity
  8
0
  6
Continuous
 62
     7
100
AcDbLine
 10
-8.500297062517519
 20
123.5002000000001
 30
0.0
 11
-7.300297062517699
 21
123.5002000000001
 31
0.0
  0
LINE
  5
718
330
1F
100
AcDbEntity
  8
0
  6
Continuous
 62
     7
100
AcDbLine
 10
-7.300297062517699
 20
123.5002000000001
 30
0.0
 11
-7.300297062517699
 21
124.7001999999999
 31
0.0
  0
LINE
  5
719
330
1F
100
AcDbEntity
  8
0
  6
Continuous
 62
     7
100
AcDbLine
 10
-7.300297062517699
 20
124.7001999999999
 30
0.0
 11
-8.500297062517519
 21
124.7001999999999
 31
0.0
  0
LINE
  5
71A
330
1F
100
AcDbEntity
  8
0
  6
DASH_CENTER
 62
     1
100
AcDbLine
 10
-9.000297062517519
 20
124.1002000000004
 30
0.0
 11
-6.800297062517699
 21
124.1002000000004
 31
0.0
  0
LINE
  5
71B
330
1F
100
AcDbEntity
  8
0
  6
Continuous
 62
     7
100
AcDbLine
 10
-8.800297062517698
 20
129.1002000000004
 30
0.0
 11
-8.800297062517698
 21
128.7001999999999
 31
0.0
  0
LINE
  5
71C
330
1F
100
AcDbEntity
  8
0
  6
Continuous
 62
     7
100
AcDbLine
 10
-8.800297062517698
 20
128.7001999999999
 30
0.0
 11
-7.000297062517518
 21
128.7001999999999
 31
0.0
  0
LINE
  5
71D
330
1F
100
AcDbEntity
  8
0
  6
Continuous
 62
     7
100
AcDbLine
 10
-7.000297062517518
 20
128.7001999999999
 30
0.0
 11
-7.000297062517518
 21
129.1002000000004
 31
0.0
  0
LINE
  5
71E
330
1F
100
AcDbEntity
  8
0
  6
Continuous
 62
     7
100
AcDbLine
 10
-7.000297062517518
 20
129.1002000000004
 30
0.0
 11
-8.800297062517698
 21
129.1002000000004
 31
0.0
  0
LINE
  5
71F
330
1F
100
AcDbEntity
  8
0
  6
Continuous
 62
     7
100
AcDbLine
 10
-7.000297062517518
 20
125.9001999999997
 30
0.0
 11
-8.800297062517698
 21
125.9001999999997
 31
0.0
  0
LINE
  5
720
330
1F
100
AcDbEntity
  8
0
  6
Continuous
 62
     7
100
AcDbLine
 10
-7.000297062517518
 20
125.5002000000001
 30
0.0
 11
-7.000297062517518
 21
125.9001999999997
 31
0.0
  0
LINE
  5
721
330
1F
100
AcDbEntity
  8
0
  6
Continuous
 62
     7
100
AcDbLine
 10
-8.800297062517698
 20
125.5002000000001
 30
0.0
 11
-7.000297062517518
 21
125.5002000000001
 31
0.0
  0
LINE
  5
722
330
1F
100
AcDbEntity
  8
0
  6
Continuous
 62
     7
100
AcDbLine
 10
-8.800297062517698
 20
125.9001999999997
 30
0.0
 11
-8.800297062517698
 21
125.5002000000001
 31
0.0
  0
LINE
  5
723
330
1F
100
AcDbEntity
  8
0
  6
Continuous
 62
     7
100
AcDbLine
 10
-11.15029706251715
 20
126.0502000000003
 30
0.0
 11
-10.65029706251715
 21
126.0502000000003
 31
0.0
  0
LINE
  5
724
330
1F
100
AcDbEntity
  8
0
  6
Continuous
 62
     7
100
AcDbLine
 10
-10.65029706251715
 20
126.0502000000003
 30
0.0
 11
-10.65029706251715
 21
125.3502000000004
 31
0.0
  0
LINE
  5
725
330
1F
100
AcDbEntity
  8
0
  6
Continuous
 62
     7
100
AcDbLine
 10
-10.65029706251715
 20
125.3502000000004
 30
0.0
 11
-11.15029706251715
 21
125.3502000000004
 31
0.0
  0
LINE
  5
726
330
1F
100
AcDbEntity
  8
0
  6
Continuous
 62
     7
100
AcDbLine
 10
-11.15029706251715
 20
139.1002000000004
 30
0.0
 11
-10.65029706251715
 21
139.1002000000004
 31
0.0
  0
LINE
  5
727
330
1F
100
AcDbEntity
  8
0
  6
Continuous
 62
     7
100
AcDbLine
 10
-10.65029706251715
 20
139.1002000000004
 30
0.0
 11
-10.65029706251715
 21
138.6002000000004
 31
0.0
  0
LINE
  5
728
330
1F
100
AcDbEntity
  8
0
  6
Continuous
 62
     7
100
AcDbLine
 10
-10.65029706251715
 20
138.6002000000004
 30
0.0
 11
-11.15029706251715
 21
138.6002000000004
 31
0.0
  0
LINE
  5
729
330
1F
100
AcDbEntity
  8
0
  6
Continuous
 62
     7
100
AcDbLine
 10
-62.90029706241528
 20
123.0002000000001
 30
0.0
 11
-50.30029706242492
 21
123.0002000000001
 31
0.0
  0
LINE
  5
72A
330
1F
100
AcDbEntity
  8
0
  6
Continuous
 62
     7
100
AcDbLine
 10
-55.49949706125442
 20
149.2501999999974
 30
0.0
 11
-56.34674594413372
 21
149.17607532756
 31
0.0
  0
LINE
  5
72B
330
1F
100
AcDbEntity
  8
0
  6
Continuous
 62
     7
100
AcDbLine
 10
-56.34674594413372
 20
143.8243246724347
 30
0.0
 11
-55.49949706125442
 21
143.7501999999974
 31
0.0
  0
LINE
  5
72C
330
1F
100
AcDbEntity
  8
0
  6
Continuous
 62
     7
100
AcDbLine
 10
-54.79949706125371
 20
143.5501999999975
 30
0.0
 11
-55.49949706125442
 21
143.5501999999975
 31
0.0
  0
LINE
  5
72D
330
1F
100
AcDbEntity
  8
0
  6
Continuous
 62
     7
100
AcDbLine
 10
-55.49949706125442
 20
149.4501999999981
 30
0.0
 11
-55.49949706125442
 21
143.5501999999975
 31
0.0
  0
LINE
  5
72E
330
1F
100
AcDbEntity
  8
0
  6
Continuous
 62
     7
100
AcDbLine
 10
-55.49949706125442
 20
149.4501999999981
 30
0.0
 11
-54.79949706125371
 21
149.4501999999981
 31
0.0
  0
LINE
  5
72F
330
1F
100
AcDbEntity
  8
0
  6
Continuous
 62
     7
100
AcDbLine
 10
-54.79949706125371
 20
149.5001999999974
 30
0.0
 11
-54.2994970612537
 21
149.5001999999974
 31
0.0
  0
LINE
  5
730
330
1F
100
AcDbEntity
  8
0
  6
Continuous
 62
     7
100
AcDbLine
 10
-54.79949706125371
 20
149.5001999999974
 30
0.0
 11
-54.79949706125371
 21
143.5001999999974
 31
0.0
  0
LINE
  5
731
330
1F
100
AcDbEntity
  8
0
  6
Continuous
 62
     7
100
AcDbLine
 10
-54.2994970612537
 20
143.5001999999974
 30
0.0
 11
-54.79949706125371
 21
143.5001999999974
 31
0.0
  0
LINE
  5
732
330
1F
100
AcDbEntity
  8
0
  6
DASH_CENTER
 62
     1
100
AcDbLine
 10
-58.99949706125442
 20
146.5001999999974
 30
0.0
 11
-52.61949706125614
 21
146.5001999999974
 31
0.0
  0
LINE
  5
733
330
1F
100
AcDbEntity
  8
0
  6
Continuous
 62
     4
100
AcDbLine
 10
-184.4998271968878
 20
30.00019999999779
 30
0.0
 11
-184.4998271968878
 21
33.00019999999779
 31
0.0
  0
LINE
  5
734
330
1F
100
AcDbEntity
  8
0
  6
Continuous
 62
     4
100
AcDbLine
 10
-184.4998271968878
 20
33.00019999999779
 30
0.0
 11
-181.8498271968871
 21
33.00019999999779
 31
0.0
  0
LINE
  5
735
330
1F
100
AcDbEntity
  8
0
  6
Continuous
 62
     4
100
AcDbLine
 10
-181.8498271968871
 20
33.00019999999779
 30
0.0
 11
-181.8498271968871
 21
43.00019999999778
 31
0.0
  0
LINE
  5
736
330
1F
100
AcDbEntity
  8
0
  6
Continuous
 62
     4
100
AcDbLine
 10
-180.8498271968871
 20
44.00019999999779
 30
0.0
 11
-157.3498271968872
 21
44.00019999999779
 31
0.0
  0
LINE
  5
737
330
1F
100
AcDbEntity
  8
0
  6
Continuous
 62
     4
100
AcDbLine
 10
-156.3498271968872
 20
43.00019999999778
 30
0.0
 11
-156.3498271968872
 21
33.00019999999779
 31
0.0
  0
LINE
  5
738
330
1F
100
AcDbEntity
  8
0
  6
Continuous
 62
     4
100
AcDbLine
 10
-156.3498271968872
 20
33.00019999999779
 30
0.0
 11
-153.6998271968876
 21
33.00019999999779
 31
0.0
  0
LINE
  5
739
330
1F
100
AcDbEntity
  8
0
  6
Continuous
 62
     4
100
AcDbLine
 10
-153.6998271968876
 20
33.00019999999779
 30
0.0
 11
-153.6998271968876
 21
30.00019999999779
 31
0.0
  0
LINE
  5
73A
330
1F
100
AcDbEntity
  8
0
  6
Continuous
 62
     4
100
AcDbLine
 10
-153.6998271968876
 20
30.00019999999779
 30
0.0
 11
-184.4998271968878
 21
30.00019999999779
 31
0.0
  0
LINE
  5
73B
330
1F
100
AcDbEntity
  8
0
  6
Continuous
 62
     4
100
AcDbLine
 10
-137.2998271970435
 20
31.00019999999233
 30
0.0
 11
-158.2998271970435
 21
31.00019999999233
 31
0.0
  0
LINE
  5
73C
330
1F
100
AcDbEntity
  8
0
  6
Continuous
 62
     4
100
AcDbLine
 10
-137.2998271970435
 20
33.20019999999214
 30
0.0
 11
-137.2998271970435
 21
31.00019999999233
 31
0.0
  0
LINE
  5
73D
330
1F
100
AcDbEntity
  8
0
  6
Continuous
 62
     4
100
AcDbLine
 10
-139.949827197044
 20
33.20019999999214
 30
0.0
 11
-137.2998271970435
 21
33.20019999999214
 31
0.0
  0
LINE
  5
73E
330
1F
100
AcDbEntity
  8
0
  6
Continuous
 62
     4
100
AcDbLine
 10
-139.949827197044
 20
40.00019999999232
 30
0.0
 11
-139.949827197044
 21
33.20019999999214
 31
0.0
  0
LINE
  5
73F
330
1F
100
AcDbEntity
  8
0
  6
Continuous
 62
     4
100
AcDbLine
 10
-151.6498271970429
 20
44.00019999999323
 30
0.0
 11
-143.949827197044
 21
44.00019999999323
 31
0.0
  0
LINE
  5
740
330
1F
100
AcDbEntity
  8
0
  6
Continuous
 62
     4
100
AcDbLine
 10
-155.6498271970429
 20
33.20019999999214
 30
0.0
 11
-155.6498271970429
 21
40.00019999999232
 31
0.0
  0
LINE
  5
741
330
1F
100
AcDbEntity
  8
0
  6
Continuous
 62
     4
100
AcDbLine
 10
-158.2998271970435
 20
33.20019999999214
 30
0.0
 11
-155.6498271970429
 21
33.20019999999214
 31
0.0
  0
LINE
  5
742
330
1F
100
AcDbEntity
  8
0
  6
Continuous
 62
     4
100
AcDbLine
 10
-158.2998271970435
 20
31.00019999999233
 30
0.0
 11
-158.2998271970435
 21
33.20019999999214
 31
0.0
  0
LINE
  5
743
330
1F
100
AcDbEntity
  8
0
  6
DASH_CENTER
 62
     1
100
AcDbLine
 10
-150.499827196888
 20
-22.89980000000139
 30
0.0
 11
-150.499827196888
 21
-30.0998000000003
 31
0.0
  0
LINE
  5
744
330
1F
100
AcDbEntity
  8
0
  6
DASH_CENTER
 62
     1
100
AcDbLine
 10
-146.8998271968986
 20
-26.49979999999994
 30
0.0
 11
-154.0998271968875
 21
-26.49979999999994
 31
0.0
  0
LINE
  5
745
330
1F
100
AcDbEntity
  8
0
  6
DASH_CENTER
 62
     1
100
AcDbLine
 10
-183.4998271968881
 20
30.10019999999859
 30
0.0
 11
-183.4998271968881
 21
22.9001999999997
 31
0.0
  0
LINE
  5
746
330
1F
100
AcDbEntity
  8
0
  6
DASH_CENTER
 62
     1
100
AcDbLine
 10
-179.8998271968985
 20
26.50019999999829
 30
0.0
 11
-187.0998271968875
 21
26.50019999999829
 31
0.0
  0
LINE
  5
74F
330
1F
100
AcDbEntity
  8
0
  6
DASH_CENTER
 62
     1
100
AcDbLine
 10
-147.7998271968874
 20
28.50019999999189
 30
0.0
 11
-147.7998271968874
 21
38.80019999999939
 31
0.0
  0
LINE
  5
750
330
1F
100
AcDbEntity
  8
0
  6
Continuous
 62
     7
100
AcDbLine
 10
-152.5248271968877
 20
31.00020000000009
 30
0.0
 11
-152.5248271968877
 21
36.3001999999994
 31
0.0
  0
LINE
  5
751
330
1F
100
AcDbEntity
  8
0
  6
Continuous
 62
     7
100
AcDbLine
 10
-143.0748271968879
 20
36.3001999999994
 30
0.0
 11
-143.0748271968879
 21
31.00020000000009
 31
0.0
  0
LINE
  5
752
330
1F
100
AcDbEntity
  8
0
  6
Continuous
 62
     7
100
AcDbLine
 10
-152.7248271968875
 20
36.1001999999995
 30
0.0
 11
-142.8748271968881
 21
36.1001999999995
 31
0.0
  0
LINE
  5
753
330
1F
100
AcDbEntity
  8
0
  6
Continuous
 62
     7
100
AcDbLine
 10
-142.8748271968881
 20
36.1001999999995
 30
0.0
 11
-143.0748271968879
 21
36.3001999999994
 31
0.0
  0
LINE
  5
754
330
1F
100
AcDbEntity
  8
0
  6
Continuous
 62
     7
100
AcDbLine
 10
-152.5248271968877
 20
36.3001999999994
 30
0.0
 11
-152.7248271968875
 21
36.1001999999995
 31
0.0
  0
LINE
  5
755
330
1F
100
AcDbEntity
  8
0
  6
Continuous
 62
     7
100
AcDbLine
 10
-142.8748271968881
 20
36.1001999999995
 30
0.0
 11
-142.8748271968881
 21
31.00020000000009
 31
0.0
  0
LINE
  5
756
330
1F
100
AcDbEntity
  8
0
  6
Continuous
 62
     7
100
AcDbLine
 10
-152.5248271968877
 20
36.3001999999994
 30
0.0
 11
-143.0748271968879
 21
36.3001999999994
 31
0.0
  0
LINE
  5
757
330
1F
100
AcDbEntity
  8
0
  6
Continuous
 62
     7
100
AcDbLine
 10
-152.7248271968875
 20
31.00020000000009
 30
0.0
 11
-152.7248271968875
 21
36.1001999999995
 31
0.0
  0
LINE
  5
758
330
1F
100
AcDbEntity
  8
0
  6
Continuous
 62
     7
100
AcDbLine
 10
-140.9998271968881
 20
29.00020000000009
 30
0.0
 11
-140.9998271968881
 21
20.50019999999734
 31
0.0
  0
LINE
  5
759
330
1F
100
AcDbEntity
  8
0
  6
Continuous
 62
     7
100
AcDbLine
 10
-136.9998271968881
 20
26.00020000000009
 30
0.0
 11
-140.499827196888
 21
26.00020000000188
 31
0.0
  0
LINE
  5
75A
330
1F
100
AcDbEntity
  8
0
  6
Continuous
 62
     7
100
AcDbLine
 10
-136.9998271968881
 20
31.00020000000009
 30
0.0
 11
-136.9998271968881
 21
26.00020000000009
 31
0.0
  0
LINE
  5
75B
330
1F
100
AcDbEntity
  8
0
  6
Continuous
 62
     7
100
AcDbLine
 10
-159.9998271968881
 20
31.00019999998548
 30
0.0
 11
-136.9998271968881
 21
31.00020000000009
 31
0.0
  0
LINE
  5
75C
330
1F
100
AcDbEntity
  8
0
  6
Continuous
 62
     7
100
AcDbLine
 10
-159.9998271968881
 20
30.00020000000009
 30
0.0
 11
-159.9998271968881
 21
31.00019999998548
 31
0.0
  0
LINE
  5
75D
330
1F
100
AcDbEntity
  8
0
  6
Continuous
 62
     7
100
AcDbLine
 10
-140.249827196888
 20
-19.74979999999994
 30
0.0
 11
-141.2498271968881
 21
-19.74979999999994
 31
0.0
  0
LINE
  5
75E
330
1F
100
AcDbEntity
  8
0
  6
Continuous
 62
     7
100
AcDbLine
 10
-146.9943898434276
 20
-22.74979999999994
 30
0.0
 11
-150.4498271968879
 21
-22.74979999999994
 31
0.0
  0
LINE
  5
75F
330
1F
100
AcDbEntity
  8
0
  6
Continuous
 62
     7
100
AcDbLine
 10
-154.2498271968881
 20
-28.74979999999995
 30
0.0
 11
-154.2498271968881
 21
-26.54980000000194
 31
0.0
  0
LINE
  5
760
330
1F
100
AcDbEntity
  8
0
  6
Continuous
 62
     7
100
AcDbLine
 10
-179.7498271968871
 20
28.75020000000009
 30
0.0
 11
-179.7498271968881
 21
26.55020000000209
 31
0.0
  0
LINE
  5
761
330
1F
100
AcDbEntity
  8
0
  6
Continuous
 62
     7
100
AcDbLine
 10
-187.0052645503484
 20
22.75020000000006
 30
0.0
 11
-183.5498271968892
 21
22.75020000000006
 31
0.0
  0
LINE
  5
762
330
1F
100
AcDbEntity
  8
0
  6
Continuous
 62
     7
100
AcDbLine
 10
-137.249827196888
 20
16.75020000000006
 30
0.0
 11
-137.249827196888
 21
0.00020000000006
 31
0.0
  0
LINE
  5
763
330
1F
100
AcDbEntity
  8
0
  6
Continuous
 62
     7
100
AcDbLine
 10
-140.7498271968881
 20
19.75020000000006
 30
0.0
 11
-140.249827196888
 21
19.75020000000006
 31
0.0
  0
LINE
  5
764
330
1F
100
AcDbEntity
  8
0
  6
Continuous
 62
     7
100
AcDbLine
 10
-141.2498271968881
 20
28.75020000000009
 30
0.0
 11
-141.2498271968881
 21
20.25020000000006
 31
0.0
  0
LINE
  5
765
330
1F
100
AcDbEntity
  8
0
  6
Continuous
 62
     7
100
AcDbLine
 10
-166.9998271968881
 20
29.75020000000009
 30
0.0
 11
-142.2498271968881
 21
29.75020000000009
 31
0.0
  0
LINE
  5
766
330
1F
100
AcDbEntity
  8
0
  6
Continuous
 62
     7
100
AcDbLine
 10
-155.2498271968881
 20
-29.74979999999995
 30
0.0
 11
-166.9998271968881
 21
-29.74979999999995
 31
0.0
  0
LINE
  5
767
330
1F
100
AcDbEntity
  8
0
  6
Continuous
 62
     7
100
AcDbLine
 10
-137.249827196888
 20
-16.74979999999994
 30
0.0
 11
-137.249827196888
 21
0.00020000000006
 31
0.0
  0
LINE
  5
768
330
1F
100
AcDbEntity
  8
0
  6
Continuous
 62
     7
100
AcDbLine
 10
-186.749827196888
 20
-26.74979999999994
 30
0.0
 11
-186.749827196888
 21
-25.74979999999995
 31
0.0
  0
LINE
  5
769
330
1F
100
AcDbEntity
  8
0
  6
Continuous
 62
     7
100
AcDbLine
 10
-193.7498271968872
 20
-19.74979999999994
 30
0.0
 11
-192.749827196888
 21
-19.74979999999994
 31
0.0
  0
LINE
  5
76A
330
1F
100
AcDbEntity
  8
0
  6
Continuous
 62
     7
100
AcDbLine
 10
-196.7498271968871
 20
-16.74979999999994
 30
0.0
 11
-196.7498271968871
 21
0.00020000000006
 31
0.0
  0
LINE
  5
76B
330
1F
100
AcDbEntity
  8
0
  6
Continuous
 62
     7
100
AcDbLine
 10
-183.7498271968881
 20
-29.74979999999995
 30
0.0
 11
-166.9998271968881
 21
-29.74979999999995
 31
0.0
  0
LINE
  5
76C
330
1F
100
AcDbEntity
  8
0
  6
Continuous
 62
     7
100
AcDbLine
 10
-196.7498271968871
 20
16.75020000000006
 30
0.0
 11
-196.7498271968871
 21
0.00020000000006
 31
0.0
  0
LINE
  5
76D
330
1F
100
AcDbEntity
  8
0
  6
Continuous
 62
     7
100
AcDbLine
 10
-178.7498271968871
 20
29.75020000000009
 30
0.0
 11
-166.9998271968881
 21
29.75020000000009
 31
0.0
  0
LINE
  5
76E
330
1F
100
AcDbEntity
  8
0
  6
Continuous
 62
     7
100
AcDbLine
 10
-193.7498271968872
 20
19.75020000000006
 30
0.0
 11
-192.749827196888
 21
19.75020000000006
 31
0.0
  0
LINE
  5
76F
330
1F
100
AcDbEntity
  8
0
  6
DASH_CENTER
 62
     1
100
AcDbLine
 10
-193.499827196888
 20
-19.99979999999994
 30
0.0
 11
-193.499827196888
 21
-12.99979999999994
 31
0.0
  0
LINE
  5
770
330
1F
100
AcDbEntity
  8
0
  6
DASH_CENTER
 62
     1
100
AcDbLine
 10
-196.999827196888
 20
-16.49979999999994
 30
0.0
 11
-189.999827196888
 21
-16.49979999999994
 31
0.0
  0
LINE
  5
779
330
1F
100
AcDbEntity
  8
0
  6
DASH_CENTER
 62
     1
100
AcDbLine
 10
-143.9998271968881
 20
16.50020000000006
 30
0.0
 11
-136.9998271968881
 21
16.50020000000006
 31
0.0
  0
LINE
  5
77A
330
1F
100
AcDbEntity
  8
0
  6
DASH_CENTER
 62
     1
100
AcDbLine
 10
-140.499827196888
 20
13.00020000000006
 30
0.0
 11
-140.499827196888
 21
20.00020000000006
 31
0.0
  0
LINE
  5
77B
330
1F
100
AcDbEntity
  8
0
  6
Continuous
 62
     7
100
AcDbLine
 10
-153.999827196888
 20
-26.49979999999994
 30
0.0
 11
-153.999827196888
 21
-28.99979999999994
 31
0.0
  0
LINE
  5
77C
330
1F
100
AcDbEntity
  8
0
  6
Continuous
 62
     7
100
AcDbLine
 10
-179.9998271968972
 20
26.50020000000009
 30
0.0
 11
-179.9998271968972
 21
30.00020000000009
 31
0.0
  0
LINE
  5
77D
330
1F
100
AcDbEntity
  8
0
  6
Continuous
 62
     7
100
AcDbLine
 10
-183.4998271968881
 20
23.00020000000188
 30
0.0
 11
-187.2552645503566
 21
23.00020000000188
 31
0.0
  0
LINE
  5
77E
330
1F
100
AcDbEntity
  8
0
  6
Continuous
 62
     7
100
AcDbLine
 10
-150.499827196888
 20
-22.99979999999994
 30
0.0
 11
-146.7443898434277
 21
-22.99979999999994
 31
0.0
  0
LINE
  5
77F
330
1F
100
AcDbEntity
  8
0
  6
DASH_CENTER
 62
     1
100
AcDbLine
 10
-160.9998271968881
 20
-26.49979999999994
 30
0.0
 11
-153.999827196888
 21
-26.49979999999994
 31
0.0
  0
LINE
  5
784
330
1F
100
AcDbEntity
  8
0
  6
DASH_CENTER
 62
     1
100
AcDbLine
 10
-157.4998271968881
 20
-29.99979999999995
 30
0.0
 11
-157.4998271968881
 21
-22.99979999999994
 31
0.0
  0
LINE
  5
785
330
1F
100
AcDbEntity
  8
0
  6
DASH_CENTER
 62
     1
100
AcDbLine
 10
-176.4998271968881
 20
23.00020000000006
 30
0.0
 11
-176.4998271968881
 21
30.00020000000009
 31
0.0
  0
LINE
  5
786
330
1F
100
AcDbEntity
  8
0
  6
DASH_CENTER
 62
     1
100
AcDbLine
 10
-179.999827196888
 20
26.50020000000009
 30
0.0
 11
-172.9998271968881
 21
26.50020000000009
 31
0.0
  0
LINE
  5
78B
330
1F
100
AcDbEntity
  8
0
  6
Continuous
 62
     7
100
AcDbLine
 10
-179.9998271968972
 20
30.00020000000009
 30
0.0
 11
-184.999827196888
 21
30.00020000000009
 31
0.0
  0
LINE
  5
78C
330
1F
100
AcDbEntity
  8
0
  6
DASH_CENTER
 62
     1
100
AcDbLine
 10
-166.9998271968881
 20
42.60019999998589
 30
0.0
 11
-166.9998271968881
 21
-34.99979999999994
 31
0.0
  0
LINE
  5
78D
330
1F
100
AcDbEntity
  8
0
  6
DASH_CENTER
 62
     1
100
AcDbLine
 10
-201.999827196888
 20
0.00020000000006
 30
0.0
 11
-131.999827196888
 21
0.00020000000006
 31
0.0
  0
LINE
  5
78E
330
1F
100
AcDbEntity
  8
0
  6
Continuous
 62
     7
100
AcDbLine
 10
-141.9998271968881
 20
30.00020000000009
 30
0.0
 11
-179.9998271968972
 21
30.00020000000009
 31
0.0
  0
LINE
  5
78F
330
1F
100
AcDbEntity
  8
0
  6
Continuous
 62
     7
100
AcDbLine
 10
-136.9998271968881
 20
-16.99979999999994
 30
0.0
 11
-136.9998271968881
 21
17.00020000000006
 31
0.0
  0
LINE
  5
790
330
1F
100
AcDbEntity
  8
0
  6
Continuous
 62
     7
100
AcDbLine
 10
-183.999827196888
 20
-29.99979999999995
 30
0.0
 11
-149.9998271968881
 21
-29.99979999999995
 31
0.0
  0
LINE
  5
791
330
1F
100
AcDbEntity
  8
0
  6
Continuous
 62
     7
100
AcDbLine
 10
-196.999827196888
 20
17.00020000000006
 30
0.0
 11
-196.999827196888
 21
-16.99979999999994
 31
0.0
  0
LINE
  5
792
330
1F
100
AcDbEntity
  8
0
  6
Continuous
 62
     7
100
AcDbLine
 10
-192.999827196888
 20
-19.99979999999994
 30
0.0
 11
-193.999827196888
 21
-19.99979999999994
 31
0.0
  0
LINE
  5
793
330
1F
100
AcDbEntity
  8
0
  6
Continuous
 62
     7
100
AcDbLine
 10
-186.999827196888
 20
-25.99979999999995
 30
0.0
 11
-186.999827196888
 21
-26.99979999999995
 31
0.0
  0
LINE
  5
794
330
1F
100
AcDbEntity
  8
0
  6
Continuous
 62
     7
100
AcDbLine
 10
-192.999827196888
 20
20.00020000000006
 30
0.0
 11
-193.999827196888
 21
20.00020000000006
 31
0.0
  0
LINE
  5
795
330
1F
100
AcDbEntity
  8
0
  6
Continuous
 62
     7
100
AcDbLine
 10
-186.999827196888
 20
26.00020000000009
 30
0.0
 11
-186.999827196888
 21
28.00020000000009
 31
0.0
  0
LINE
  5
796
330
1F
100
AcDbEntity
  8
0
  6
Continuous
 62
     7
100
AcDbLine
 10
-140.4998271968899
 20
20.00020000000006
 30
0.0
 11
-139.9998271968881
 21
20.00020000000006
 31
0.0
  0
LINE
  5
797
330
1F
100
AcDbEntity
  8
0
  6
Continuous
 62
     7
100
AcDbLine
 10
-140.9998271968881
 20
-19.99979999999994
 30
0.0
 11
-139.9998271968881
 21
-19.99979999999994
 31
0.0
  0
LINE
  5
798
330
1F
100
AcDbEntity
  8
0
  6
Continuous
 62
     7
100
AcDbLine
 10
-146.9998271968881
 20
-25.99979999999995
 30
0.0
 11
-146.9998271968881
 21
-26.99979999999995
 31
0.0
  0
LINE
  5
799
330
1F
100
AcDbEntity
  8
0
  6
DASH_CENTER
 62
     1
100
AcDbLine
 10
-195.1073217490567
 20
28.10769455216509
 30
0.0
 11
-188.3898073277879
 21
21.39018013088902
 31
0.0
  0
LINE
  5
79A
330
1F
100
AcDbEntity
  8
0
  6
DASH_CENTER
 62
     1
100
AcDbLine
 10
-138.8923326447267
 20
28.10769455216509
 30
0.0
 11
-145.6098470659964
 21
21.39018013088902
 31
0.0
  0
LINE
  5
79B
330
1F
100
AcDbEntity
  8
0
  6
Continuous
 62
     7
100
AcDbLine
 10
-191.999827196888
 20
30.00020000000009
 30
0.0
 11
-184.999827196888
 21
30.00020000000009
 31
0.0
  0
LINE
  5
79C
330
1F
100
AcDbEntity
  8
0
  6
Continuous
 62
     7
100
AcDbLine
 10
-196.999827196888
 20
25.00020000000009
 30
0.0
 11
-196.999827196888
 21
17.00020000000006
 31
0.0
  0
LINE
  5
79D
330
1F
100
AcDbEntity
  8
0
  6
DASH_CENTER
 62
     1
100
AcDbLine
 10
-145.6098470659964
 20
-21.38978013089343
 30
0.0
 11
-138.8923326447267
 21
-28.10729455216494
 31
0.0
  0
LINE
  5
79E
330
1F
100
AcDbEntity
  8
0
  6
Continuous
 62
     7
100
AcDbLine
 10
-141.9998271968881
 20
-29.99979999999995
 30
0.0
 11
-148.9998271968881
 21
-29.99979999999995
 31
0.0
  0
LINE
  5
79F
330
1F
100
AcDbEntity
  8
0
  6
Continuous
 62
     7
100
AcDbLine
 10
-136.9998271968881
 20
-16.99979999999994
 30
0.0
 11
-136.9998271968881
 21
-24.99979999999994
 31
0.0
  0
LINE
  5
7A0
330
1F
100
AcDbEntity
  8
0
  6
Continuous
 62
     7
100
AcDbLine
 10
-196.999827196888
 20
-16.99979999999994
 30
0.0
 11
-196.999827196888
 21
-24.99979999999994
 31
0.0
  0
LINE
  5
7A1
330
1F
100
AcDbEntity
  8
0
  6
Continuous
 62
     7
100
AcDbLine
 10
-183.999827196888
 20
-29.99979999999995
 30
0.0
 11
-191.999827196888
 21
-29.99979999999995
 31
0.0
  0
LINE
  5
7A2
330
1F
100
AcDbEntity
  8
0
  6
DASH_CENTER
 62
     1
100
AcDbLine
 10
-188.3898073277879
 20
-21.38978013089343
 30
0.0
 11
-195.1073217490567
 21
-28.10729455216494
 31
0.0
  0
LINE
  5
7A3
330
1F
100
AcDbEntity
  8
0
  6
Continuous
 62
     7
100
AcDbLine
 10
-179.8998271968877
 20
35.80019999999939
 30
0.0
 11
-179.4998271968881
 21
37.60019999998589
 31
0.0
  0
LINE
  5
7A4
330
1F
100
AcDbEntity
  8
0
  6
Continuous
 62
     7
100
AcDbLine
 10
-158.6998271968879
 20
37.60019999998589
 30
0.0
 11
-158.2998271968874
 21
35.80019999999939
 31
0.0
  0
LINE
  5
7A5
330
1F
100
AcDbEntity
  8
0
  6
Continuous
 62
     7
100
AcDbLine
 10
-158.6998271968879
 20
37.60019999998589
 30
0.0
 11
-179.4998271968881
 21
37.60019999998589
 31
0.0
  0
LINE
  5
7A6
330
1F
100
AcDbEntity
  8
0
  6
Continuous
 62
     7
100
AcDbLine
 10
-178.5998271968875
 20
37.60019999998589
 30
0.0
 11
-178.5998271968875
 21
32.80019999998569
 31
0.0
  0
LINE
  5
7A7
330
1F
100
AcDbEntity
  8
0
  6
Continuous
 62
     7
100
AcDbLine
 10
-159.5998271968875
 20
37.60019999998589
 30
0.0
 11
-159.5998271968875
 21
32.80019999998569
 31
0.0
  0
LINE
  5
7A8
330
1F
100
AcDbEntity
  8
0
  6
Continuous
 62
     7
100
AcDbLine
 10
-178.5998271968875
 20
32.80019999998569
 30
0.0
 11
-177.5998271968875
 21
31.00019999998548
 31
0.0
  0
LINE
  5
7A9
330
1F
100
AcDbEntity
  8
0
  6
Continuous
 62
     7
100
AcDbLine
 10
-160.5998271968875
 20
31.00019999998548
 30
0.0
 11
-159.5998271968875
 21
32.80019999998569
 31
0.0
  0
LINE
  5
7AA
330
1F
100
AcDbEntity
  8
0
  6
Continuous
 62
     7
100
AcDbLine
 10
-159.5998271968875
 20
32.80019999998569
 30
0.0
 11
-178.5998271968875
 21
32.80019999998569
 31
0.0
  0
LINE
  5
7AB
330
1F
100
AcDbEntity
  8
0
  6
Continuous
 62
     7
100
AcDbLine
 10
-178.3998271968877
 20
31.00019999998548
 30
0.0
 11
-178.3998271968877
 21
30.00019999998548
 31
0.0
  0
LINE
  5
7AC
330
1F
100
AcDbEntity
  8
0
  6
Continuous
 62
     7
100
AcDbLine
 10
-179.8998271968877
 20
35.80019999999939
 30
0.0
 11
-179.8998271968877
 21
30.00019999998548
 31
0.0
  0
LINE
  5
7AD
330
1F
100
AcDbEntity
  8
0
  6
Continuous
 62
     7
100
AcDbLine
 10
-158.2998271968874
 20
35.80019999999939
 30
0.0
 11
-158.2998271968874
 21
31.00020000000009
 31
0.0
  0
LINE
  5
7AE
330
1F
100
AcDbEntity
  8
0
  6
Continuous
 62
     7
100
AcDbLine
 10
-159.9998271968881
 20
31.00019999998548
 30
0.0
 11
-179.8998271968877
 21
31.00019999998548
 31
0.0
  0
LINE
  5
7AF
330
1F
100
AcDbEntity
  8
0
  6
DASH_CENTER
 62
     1
100
AcDbLine
 10
-169.0998271968875
 20
40.10019999998589
 30
0.0
 11
-169.0998271968875
 21
27.50020000000009
 31
0.0
  0
LINE
  5
7B0
330
1F
100
AcDbEntity
  8
0
  6
Continuous
 62
     7
100
AcDbLine
 10
-136.9998271968881
 20
17.00020000000006
 30
0.0
 11
-136.9998271968881
 21
26.00020000000009
 31
0.0
  0
LINE
  5
7B5
330
1F
100
AcDbEntity
  8
0
  6
Continuous
 62
     7
100
AcDbLine
 10
39.29970293851858
 20
-112.6144786820148
 30
0.0
 11
40.49970293851931
 21
-112.6144786820148
 31
0.0
  0
LINE
  5
7B6
330
1F
100
AcDbEntity
  8
0
  6
Continuous
 62
     7
100
AcDbLine
 10
39.29970293851858
 20
-151.6144786820149
 30
0.0
 11
40.49970293852021
 21
-151.6144786820149
 31
0.0
  0
LINE
  5
7B7
330
1F
100
AcDbEntity
  8
0
  6
Continuous
 62
     7
100
AcDbLine
 10
39.29970293851858
 20
-19.49979999999994
 30
0.0
 11
40.49970293852021
 21
-19.49979999999994
 31
0.0
  0
LINE
  5
7B8
330
1F
100
AcDbEntity
  8
0
  6
Continuous
 62
     7
100
AcDbLine
 10
39.29970293851858
 20
19.50020000000006
 30
0.0
 11
40.49970293851931
 21
19.50020000000006
 31
0.0
  0
LINE
  5
7C0
330
1F
100
AcDbEntity
  8
0
  6
Continuous
 62
     7
100
AcDbLine
 10
40.49970293852021
 20
-19.49979999999994
 30
0.0
 11
40.4997029385084
 21
-29.99980000000086
 31
0.0
  0
LINE
  5
7C1
330
1F
100
AcDbEntity
  8
0
  6
Continuous
 62
     7
100
AcDbLine
 10
-17.00029706141611
 20
-19.99979999999994
 30
0.0
 11
39.29970293851858
 21
-19.99979999999994
 31
0.0
  0
LINE
  5
7C2
330
1F
100
AcDbEntity
  8
0
  6
Continuous
 62
     7
100
AcDbLine
 10
40.49970293851931
 20
19.50020000000006
 30
0.0
 11
40.49970293851931
 21
30.00019999998642
 31
0.0
  0
LINE
  5
7C3
330
1F
100
AcDbEntity
  8
0
  6
Continuous
 62
     7
100
AcDbLine
 10
-17.00029706141611
 20
20.00020000000006
 30
0.0
 11
39.29970293851858
 21
20.00020000000006
 31
0.0
  0
LINE
  5
7C4
330
1F
100
AcDbEntity
  8
0
  6
Continuous
 62
     7
100
AcDbLine
 10
46.49970293853932
 20
30.00019999998642
 30
0.0
 11
46.99970293855932
 21
29.50019999997005
 31
0.0
  0
LINE
  5
7C5
330
1F
100
AcDbEntity
  8
0
  6
Continuous
 62
     7
100
AcDbLine
 10
-16.90029706141666
 20
30.00019999998733
 30
0.0
 11
46.49970293853932
 21
30.00019999998642
 31
0.0
  0
LINE
  5
7C6
330
1F
100
AcDbEntity
  8
0
  6
Continuous
 62
     7
100
AcDbLine
 10
46.99970293847928
 20
-29.49980000000085
 30
0.0
 11
46.99970294006909
 21
29.50019999845665
 31
0.0
  0
LINE
  5
7C7
330
1F
100
AcDbEntity
  8
0
  6
Continuous
 62
     7
100
AcDbLine
 10
46.49970293847928
 20
-29.99980000000086
 30
0.0
 11
46.99970293847928
 21
-29.49980000000085
 31
0.0
  0
LINE
  5
7C8
330
1F
100
AcDbEntity
  8
0
  6
Continuous
 62
     7
100
AcDbLine
 10
-16.90029706141666
 20
-29.99980000000357
 30
0.0
 11
46.49970293847928
 21
-29.99980000000086
 31
0.0
  0
LINE
  5
7C9
330
1F
100
AcDbEntity
  8
0
  6
Continuous
 62
     7
100
AcDbLine
 10
-17.00029706141611
 20
-29.89980000000503
 30
0.0
 11
-16.90029706141666
 21
-29.99980000000357
 31
0.0
  0
LINE
  5
7CA
330
1F
100
AcDbEntity
  8
0
  6
Continuous
 62
     7
100
AcDbLine
 10
-17.00029706141611
 20
29.90019999998515
 30
0.0
 11
-17.00029706141611
 21
-29.89980000000503
 31
0.0
  0
LINE
  5
7CB
330
1F
100
AcDbEntity
  8
0
  6
Continuous
 62
     7
100
AcDbLine
 10
39.29970293851858
 20
-29.99980000000086
 30
0.0
 11
39.29970293851858
 21
-19.49979999999994
 31
0.0
  0
LINE
  5
7CC
330
1F
100
AcDbEntity
  8
0
  6
Continuous
 62
     7
100
AcDbLine
 10
39.29970293851858
 20
19.50020000000006
 30
0.0
 11
39.29970293851858
 21
30.00019999998642
 31
0.0
  0
LINE
  5
7CD
330
1F
100
AcDbEntity
  8
0
  6
Continuous
 62
     7
100
AcDbLine
 10
-17.10029706141648
 20
30.00019999998733
 30
0.0
 11
-50.20029706073382
 21
30.00019999998733
 31
0.0
  0
LINE
  5
7CE
330
1F
100
AcDbEntity
  8
0
  6
Continuous
 62
     7
100
AcDbLine
 10
-50.30029706073326
 20
20.00020000000006
 30
0.0
 11
-17.00029706141611
 21
20.00020000000006
 31
0.0
  0
LINE
  5
7CF
330
1F
100
AcDbEntity
  8
0
  6
Continuous
 62
     7
100
AcDbLine
 10
-50.20029706073382
 20
-29.99979999998902
 30
0.0
 11
-17.10029706141648
 21
-29.99979999998902
 31
0.0
  0
LINE
  5
7D0
330
1F
100
AcDbEntity
  8
0
  6
Continuous
 62
     7
100
AcDbLine
 10
-17.10029706141648
 20
-29.99979999998902
 30
0.0
 11
-17.00029706141611
 21
-29.89979999998593
 31
0.0
  0
LINE
  5
7D1
330
1F
100
AcDbEntity
  8
0
  6
Continuous
 62
     7
100
AcDbLine
 10
-17.00029706141611
 20
-19.99979999999994
 30
0.0
 11
-50.30029706073326
 21
-19.99979999999994
 31
0.0
  0
LINE
  5
7D2
330
1F
100
AcDbEntity
  8
0
  6
Continuous
 62
     7
100
AcDbLine
 10
40.49970293839835
 20
-151.6144786820149
 30
0.0
 11
40.49970293838835
 21
-162.1144786820176
 31
0.0
  0
LINE
  5
7D3
330
1F
100
AcDbEntity
  8
0
  6
Continuous
 62
     7
100
AcDbLine
 10
-17.00029706153344
 20
-152.1144786820148
 30
0.0
 11
39.29970293839853
 21
-152.1144786820148
 31
0.0
  0
LINE
  5
7D4
330
1F
100
AcDbEntity
  8
0
  6
Continuous
 62
     7
100
AcDbLine
 10
40.49970293839743
 20
-112.6144786820148
 30
0.0
 11
40.49970293839743
 21
-102.1144786820293
 31
0.0
  0
LINE
  5
7D5
330
1F
100
AcDbEntity
  8
0
  6
Continuous
 62
     7
100
AcDbLine
 10
-17.00029706154344
 20
-112.1144786820148
 30
0.0
 11
39.29970293839853
 21
-112.1144786820148
 31
0.0
  0
LINE
  5
7D6
330
1F
100
AcDbEntity
  8
0
  6
Continuous
 62
     7
100
AcDbLine
 10
46.49970293840835
 20
-102.1144786820293
 30
0.0
 11
46.99970293843747
 21
-102.6144786820439
 31
0.0
  0
LINE
  5
7D7
330
1F
100
AcDbEntity
  8
0
  6
Continuous
 62
     7
100
AcDbLine
 10
-16.90029706154308
 20
-102.1144786820275
 30
0.0
 11
46.49970293840835
 21
-102.1144786820293
 31
0.0
  0
LINE
  5
7D8
330
1F
100
AcDbEntity
  8
0
  6
Continuous
 62
     7
100
AcDbLine
 10
46.99970293834834
 20
-161.6144786820176
 30
0.0
 11
46.99970293994721
 21
-102.6144786835573
 31
0.0
  0
LINE
  5
7D9
330
1F
100
AcDbEntity
  8
0
  6
Continuous
 62
     7
100
AcDbLine
 10
46.49970293834834
 20
-162.1144786820176
 30
0.0
 11
46.99970293834834
 21
-161.6144786820176
 31
0.0
  0
LINE
  5
7DA
330
1F
100
AcDbEntity
  8
0
  6
Continuous
 62
     7
100
AcDbLine
 10
-16.90029706153308
 20
-162.1144786820184
 30
0.0
 11
46.49970293834834
 21
-162.1144786820176
 31
0.0
  0
LINE
  5
7DB
330
1F
100
AcDbEntity
  8
0
  6
Continuous
 62
     7
100
AcDbLine
 10
39.29970293839853
 20
-162.1144786820176
 30
0.0
 11
39.29970293839853
 21
-151.6144786820149
 31
0.0
  0
LINE
  5
7DC
330
1F
100
AcDbEntity
  8
0
  6
Continuous
 62
     7
100
AcDbLine
 10
39.29970293839853
 20
-112.6144786820148
 30
0.0
 11
39.29970293839853
 21
-102.1144786820293
 31
0.0
  0
LINE
  5
7ED
330
1F
100
AcDbEntity
  8
0
  6
Continuous
 62
     7
100
AcDbLine
 10
-16.99949706154274
 20
-152.1144786820148
 30
0.0
 11
-50.29949706085079
 21
-152.1144786820148
 31
0.0
  0
LINE
  5
7EE
330
1F
100
AcDbEntity
  8
0
  6
Continuous
 62
     7
100
AcDbLine
 10
-17.0994970615431
 20
-162.1144786820021
 30
0.0
 11
-16.99949706154274
 21
-162.0144786820008
 31
0.0
  0
LINE
  5
7EF
330
1F
100
AcDbEntity
  8
0
  6
Continuous
 62
     7
100
AcDbLine
 10
-50.19949706084952
 20
-162.1144786820021
 30
0.0
 11
-17.0994970615431
 21
-162.1144786820021
 31
0.0
  0
LINE
  5
7F0
330
1F
100
AcDbEntity
  8
0
  6
Continuous
 62
     7
100
AcDbLine
 10
-50.29949706085079
 20
-112.1144786820148
 30
0.0
 11
-16.99949706154274
 21
-112.1144786820148
 31
0.0
  0
LINE
  5
7F1
330
1F
100
AcDbEntity
  8
0
  6
Continuous
 62
     7
100
AcDbLine
 10
-17.0994970615431
 20
-102.1144786820275
 30
0.0
 11
-50.19949706084952
 21
-102.1144786820275
 31
0.0
  0
LINE
  5
7F2
330
1F
100
AcDbEntity
  8
0
  6
Continuous
 62
     7
100
AcDbLine
 10
-16.99949706154274
 20
-102.2144786820279
 30
0.0
 11
-17.0994970615431
 21
-102.1144786820275
 31
0.0
  0
LINE
  5
7F3
330
1F
100
AcDbEntity
  8
0
  6
Continuous
 62
     7
100
AcDbLine
 10
-16.99949706154274
 20
-102.2144786820279
 30
0.0
 11
-16.99949706153364
 21
-162.0144786820181
 31
0.0
  0
LINE
  5
7F4
330
1F
100
AcDbEntity
  8
0
  6
Continuous
 62
     7
100
AcDbLine
 10
-16.99949706153364
 20
-162.0144786820181
 30
0.0
 11
-16.89949706153146
 21
-162.1144786820184
 31
0.0
  0
LINE
  5
7F5
330
1F
100
AcDbEntity
  8
0
  6
Continuous
 62
     7
100
AcDbLine
 10
-16.99949706154274
 20
-102.2144786820279
 30
0.0
 11
-16.89949706154146
 21
-102.1144786820275
 31
0.0
  0
LINE
  5
7F6
330
1F
100
AcDbEntity
  8
0
  6
DASH_CENTER
 62
     1
100
AcDbLine
 10
212.0957526880714
 20
142.0002000000001
 30
0.0
 11
212.0957526880714
 21
118.0002000000001
 31
0.0
  0
LINE
  5
7F7
330
1F
100
AcDbEntity
  8
0
  6
DASH_CENTER
 62
     1
100
AcDbLine
 10
200.0957526880714
 20
130.0002000000001
 30
0.0
 11
224.0957526880714
 21
130.0002000000001
 31
0.0
  0
LINE
  5
7F8
330
1F
100
AcDbEntity
  8
0
  6
Continuous
 62
     7
100
AcDbLine
 10
209.5957526880714
 20
139.0002000000001
 30
0.0
 11
209.5957526880714
 21
134.0002000000001
 31
0.0
  0
LINE
  5
7F9
330
1F
100
AcDbEntity
  8
0
  6
Continuous
 62
     7
100
AcDbLine
 10
209.5957526880714
 20
134.0002000000001
 30
0.0
 11
214.5957526880714
 21
134.0002000000001
 31
0.0
  0
LINE
  5
7FA
330
1F
100
AcDbEntity
  8
0
  6
Continuous
 62
     7
100
AcDbLine
 10
214.5957526880714
 20
134.0002000000001
 30
0.0
 11
214.5957526880714
 21
139.0002000000001
 31
0.0
  0
LINE
  5
7FB
330
1F
100
AcDbEntity
  8
0
  6
Continuous
 62
     7
100
AcDbLine
 10
214.5957526880714
 20
139.0002000000001
 30
0.0
 11
209.5957526880714
 21
139.0002000000001
 31
0.0
  0
LINE
  5
7FC
330
1F
100
AcDbEntity
  8
0
  6
Continuous
 62
     7
100
AcDbLine
 10
-50.3002970623167
 20
-145.1144786819303
 30
0.0
 11
-48.3002970623167
 21
-145.1144786819303
 31
0.0
  0
LINE
  5
7FD
330
1F
100
AcDbEntity
  8
0
  6
Continuous
 62
     7
100
AcDbLine
 10
-50.50029706102777
 20
-156.8644786820148
 30
0.0
 11
-50.50029706102777
 21
-151.3644786820148
 31
0.0
  0
LINE
  5
7FE
330
1F
100
AcDbEntity
  8
0
  6
Continuous
 62
     7
100
AcDbLine
 10
-50.50029706102777
 20
-156.8644786820148
 30
0.0
 11
-50.30029706103795
 21
-156.8644786820148
 31
0.0
  0
LINE
  5
7FF
330
1F
100
AcDbEntity
  8
0
  6
Continuous
 62
     7
100
AcDbLine
 10
-50.50029706231743
 20
-145.8644786820148
 30
0.0
 11
-50.50029706231743
 21
-117.3644786820148
 31
0.0
  0
LINE
  5
800
330
1F
100
AcDbEntity
  8
0
  6
Continuous
 62
     7
100
AcDbLine
 10
-50.50029706231743
 20
-112.1144786820148
 30
0.0
 11
-50.50029706231743
 21
-108.3644786820275
 31
0.0
  0
LINE
  5
801
330
1F
100
AcDbEntity
  8
0
  6
Continuous
 62
     7
100
AcDbLine
 10
-50.50029706231743
 20
-117.3644786820148
 30
0.0
 11
-50.3002970623167
 21
-117.3644786820148
 31
0.0
  0
LINE
  5
802
330
1F
100
AcDbEntity
  8
0
  6
Continuous
 62
     7
100
AcDbLine
 10
-65.58228686657656
 20
-160.7960634391481
 30
0.0
 11
-64.8002970623167
 21
-160.8644786820148
 31
0.0
  0
LINE
  5
803
330
1F
100
AcDbEntity
  8
0
  6
Continuous
 62
     7
100
AcDbLine
 10
-64.8002970623167
 20
-156.3644786820148
 30
0.0
 11
-65.58228686657656
 21
-156.4328939248805
 31
0.0
  0
LINE
  5
804
330
1F
100
AcDbEntity
  8
0
  6
Continuous
 62
     7
100
AcDbLine
 10
-64.8002970623167
 20
-156.0144786820145
 30
0.0
 11
-64.20029706231634
 21
-156.0144786820145
 31
0.0
  0
LINE
  5
805
330
1F
100
AcDbEntity
  8
0
  6
Continuous
 62
     7
100
AcDbLine
 10
-64.8002970623167
 20
-161.2144786820124
 30
0.0
 11
-64.8002970623167
 21
-156.0144786820145
 31
0.0
  0
LINE
  5
806
330
1F
100
AcDbEntity
  8
0
  6
Continuous
 62
     7
100
AcDbLine
 10
-64.20029706231634
 20
-161.2144786820124
 30
0.0
 11
-64.8002970623167
 21
-161.2144786820124
 31
0.0
  0
LINE
  5
807
330
1F
100
AcDbEntity
  8
0
  6
Continuous
 62
     7
100
AcDbLine
 10
-64.20029706231634
 20
-155.7644786820145
 30
0.0
 11
-63.90029706231616
 21
-155.7644786820145
 31
0.0
  0
LINE
  5
808
330
1F
100
AcDbEntity
  8
0
  6
Continuous
 62
     7
100
AcDbLine
 10
-64.20029706231634
 20
-161.4644786820124
 30
0.0
 11
-64.20029706231634
 21
-155.7644786820145
 31
0.0
  0
LINE
  5
809
330
1F
100
AcDbEntity
  8
0
  6
Continuous
 62
     7
100
AcDbLine
 10
-63.90029706231616
 20
-161.4644786820124
 30
0.0
 11
-64.20029706231634
 21
-161.4644786820124
 31
0.0
  0
LINE
  5
80A
330
1F
100
AcDbEntity
  8
0
  6
Continuous
 62
     7
100
AcDbLine
 10
-63.90029706231616
 20
-108.464478682016
 30
0.0
 11
-64.20029706231634
 21
-108.464478682016
 31
0.0
  0
LINE
  5
80B
330
1F
100
AcDbEntity
  8
0
  6
Continuous
 62
     7
100
AcDbLine
 10
-64.20029706231634
 20
-108.464478682016
 30
0.0
 11
-64.20029706231634
 21
-102.7644786820144
 31
0.0
  0
LINE
  5
80C
330
1F
100
AcDbEntity
  8
0
  6
Continuous
 62
     7
100
AcDbLine
 10
-64.20029706231634
 20
-102.7644786820144
 30
0.0
 11
-63.90029706231616
 21
-102.7644786820144
 31
0.0
  0
LINE
  5
80D
330
1F
100
AcDbEntity
  8
0
  6
Continuous
 62
     7
100
AcDbLine
 10
-64.20029706231634
 20
-108.214478682016
 30
0.0
 11
-64.8002970623167
 21
-108.214478682016
 31
0.0
  0
LINE
  5
80E
330
1F
100
AcDbEntity
  8
0
  6
Continuous
 62
     7
100
AcDbLine
 10
-64.8002970623167
 20
-108.214478682016
 30
0.0
 11
-64.8002970623167
 21
-103.0144786820144
 31
0.0
  0
LINE
  5
80F
330
1F
100
AcDbEntity
  8
0
  6
Continuous
 62
     7
100
AcDbLine
 10
-64.8002970623167
 20
-103.0144786820144
 30
0.0
 11
-64.20029706231634
 21
-103.0144786820144
 31
0.0
  0
LINE
  5
810
330
1F
100
AcDbEntity
  8
0
  6
Continuous
 62
     7
100
AcDbLine
 10
-64.8002970623167
 20
-103.3644786820148
 30
0.0
 11
-65.58228686657656
 21
-103.4328939248805
 31
0.0
  0
LINE
  5
811
330
1F
100
AcDbEntity
  8
0
  6
Continuous
 62
     7
100
AcDbLine
 10
-65.58228686657656
 20
-107.7960634391481
 30
0.0
 11
-64.8002970623167
 21
-107.8644786820148
 31
0.0
  0
LINE
  5
812
330
1F
100
AcDbEntity
  8
0
  6
Continuous
 62
     7
100
AcDbLine
 10
-63.90029706231616
 20
-120.3644786820148
 30
0.0
 11
-64.68228686657693
 21
-120.4328939248805
 31
0.0
  0
LINE
  5
813
330
1F
100
AcDbEntity
  8
0
  6
Continuous
 62
     7
100
AcDbLine
 10
-64.68228686657693
 20
-124.7960634391481
 30
0.0
 11
-63.90029706231616
 21
-124.8644786820148
 31
0.0
  0
LINE
  5
814
330
1F
100
AcDbEntity
  8
0
  6
Continuous
 62
     7
100
AcDbLine
 10
-50.3002970623167
 20
-162.0144786820145
 30
0.0
 11
-50.20029706231635
 21
-162.1144786820021
 31
0.0
  0
LINE
  5
815
330
1F
100
AcDbEntity
  8
0
  6
Continuous
 62
     7
100
AcDbLine
 10
-50.20029706231635
 20
-102.1144786820275
 30
0.0
 11
-50.3002970623167
 21
-102.2144786820124
 31
0.0
  0
LINE
  5
816
330
1F
100
AcDbEntity
  8
0
  6
Continuous
 62
     7
100
AcDbLine
 10
-50.3002970623167
 20
-102.8644786820275
 30
0.0
 11
-50.3002970623167
 21
-102.2145786820172
 31
0.0
  0
LINE
  5
817
330
1F
100
AcDbEntity
  8
0
  6
Continuous
 62
     7
100
AcDbLine
 10
-48.68029706231771
 20
-108.3644786820275
 30
0.0
 11
-51.43029706231772
 21
-108.3644786820275
 31
0.0
  0
LINE
  5
818
330
1F
100
AcDbEntity
  8
0
  6
Continuous
 62
     7
100
AcDbLine
 10
-51.68029706231771
 20
-108.1144786820275
 30
0.0
 11
-51.43029706231772
 21
-108.3644786820275
 31
0.0
  0
LINE
  5
819
330
1F
100
AcDbEntity
  8
0
  6
Continuous
 62
     7
100
AcDbLine
 10
-51.68029706231771
 20
-108.1144786820275
 30
0.0
 11
-51.68029706231771
 21
-103.1144786820275
 31
0.0
  0
LINE
  5
81A
330
1F
100
AcDbEntity
  8
0
  6
Continuous
 62
     7
100
AcDbLine
 10
-51.43029706231772
 20
-102.8644786820275
 30
0.0
 11
-51.43029706231772
 21
-108.3644786820275
 31
0.0
  0
LINE
  5
81B
330
1F
100
AcDbEntity
  8
0
  6
Continuous
 62
     7
100
AcDbLine
 10
-51.43029706231772
 20
-102.8644786820275
 30
0.0
 11
-51.68029706231771
 21
-103.1144786820275
 31
0.0
  0
LINE
  5
81C
330
1F
100
AcDbEntity
  8
0
  6
Continuous
 62
     7
100
AcDbLine
 10
-51.43029706231772
 20
-102.8644786820275
 30
0.0
 11
-48.68029706231771
 21
-102.8644786820275
 31
0.0
  0
LINE
  5
81D
330
1F
100
AcDbEntity
  8
0
  6
Continuous
 62
     7
100
AcDbLine
 10
-48.3002970623167
 20
-108.6144786820275
 30
0.0
 11
-48.68029706231771
 21
-108.6144786820275
 31
0.0
  0
LINE
  5
81E
330
1F
100
AcDbEntity
  8
0
  6
Continuous
 62
     7
100
AcDbLine
 10
-48.68029706231771
 20
-108.6144786820275
 30
0.0
 11
-48.68029706231771
 21
-102.6144786820275
 31
0.0
  0
LINE
  5
81F
330
1F
100
AcDbEntity
  8
0
  6
Continuous
 62
     7
100
AcDbLine
 10
-48.3002970623167
 20
-102.6144786820275
 30
0.0
 11
-48.68029706231771
 21
-102.6144786820275
 31
0.0
  0
LINE
  5
820
330
1F
100
AcDbEntity
  8
0
  6
Continuous
 62
     7
100
AcDbLine
 10
-48.3002970623167
 20
-109.1144786821121
 30
0.0
 11
-50.3002970623167
 21
-109.1144786821121
 31
0.0
  0
LINE
  5
821
330
1F
100
AcDbEntity
  8
0
  6
Continuous
 62
     7
100
AcDbLine
 10
-48.3002970623167
 20
-102.1144786820275
 30
0.0
 11
-48.3002970623167
 21
-109.1144786821121
 31
0.0
  0
LINE
  5
822
330
1F
100
AcDbEntity
  8
0
  6
Continuous
 62
     7
100
AcDbLine
 10
-50.3002970623167
 20
-162.1144786820148
 30
0.0
 11
-50.3002970623167
 21
-151.3644786820148
 31
0.0
  0
LINE
  5
823
330
1F
100
AcDbEntity
  8
0
  6
Continuous
 62
     7
100
AcDbLine
 10
-50.50029706231743
 20
-102.3644786820148
 30
0.0
 11
-50.3002970623167
 21
-102.3644786820148
 31
0.0
  0
LINE
  5
824
330
1F
100
AcDbEntity
  8
0
  6
Continuous
 62
     7
100
AcDbLine
 10
-50.50029706231743
 20
-102.8644786820275
 30
0.0
 11
-50.50029706231743
 21
-102.3644786820148
 31
0.0
  0
LINE
  5
825
330
1F
100
AcDbEntity
  8
0
  6
Continuous
 62
     7
100
AcDbLine
 10
-52.3002970623167
 20
-109.1144786821121
 30
0.0
 11
-50.50029706231743
 21
-109.1144786821121
 31
0.0
  0
LINE
  5
826
330
1F
100
AcDbEntity
  8
0
  6
Continuous
 62
     7
100
AcDbLine
 10
-52.3002970623167
 20
-102.1144786820275
 30
0.0
 11
-52.3002970623167
 21
-109.1144786821121
 31
0.0
  0
LINE
  5
827
330
1F
100
AcDbEntity
  8
0
  6
Continuous
 62
     7
100
AcDbLine
 10
-62.70029706231635
 20
-112.1144786820148
 30
0.0
 11
-50.3002970623167
 21
-112.1144786820148
 31
0.0
  0
LINE
  5
828
330
1F
100
AcDbEntity
  8
0
  6
Continuous
 62
     7
100
AcDbLine
 10
-54.3002970623167
 20
-119.1144786820166
 30
0.0
 11
-62.90029706231616
 21
-119.1144786820166
 31
0.0
  0
LINE
  5
829
330
1F
100
AcDbEntity
  8
0
  6
Continuous
 62
     7
100
AcDbLine
 10
-54.3002970623167
 20
-112.114478682012
 30
0.0
 11
-54.3002970623167
 21
-119.1144786820166
 31
0.0
  0
LINE
  5
82A
330
1F
100
AcDbEntity
  8
0
  6
Continuous
 62
     7
100
AcDbLine
 10
-50.50029706231743
 20
-102.1144786820148
 30
0.0
 11
-54.3002970623167
 21
-102.1144786820121
 31
0.0
  0
LINE
  5
82B
330
1F
100
AcDbEntity
  8
0
  6
Continuous
 62
     7
100
AcDbLine
 10
-54.3002970623167
 20
-102.1144786820121
 30
0.0
 11
-62.70029706231635
 21
-102.1144786820148
 31
0.0
  0
LINE
  5
82C
330
1F
100
AcDbEntity
  8
0
  6
Continuous
 62
     7
100
AcDbLine
 10
-48.3002970623167
 20
-145.1144786819303
 30
0.0
 11
-48.3002970623167
 21
-152.1144786820148
 31
0.0
  0
LINE
  5
82D
330
1F
100
AcDbEntity
  8
0
  6
Continuous
 62
     7
100
AcDbLine
 10
-52.3002970623167
 20
-145.1144786819303
 30
0.0
 11
-50.50029706231743
 21
-145.1144786819303
 31
0.0
  0
LINE
  5
82E
330
1F
100
AcDbEntity
  8
0
  6
Continuous
 62
     7
100
AcDbLine
 10
-48.68029706231771
 20
-151.6144786820149
 30
0.0
 11
-48.3002970623167
 21
-151.6144786820149
 31
0.0
  0
LINE
  5
82F
330
1F
100
AcDbEntity
  8
0
  6
Continuous
 62
     7
100
AcDbLine
 10
-48.68029706231771
 20
-151.6144786820149
 30
0.0
 11
-48.68029706231771
 21
-145.6144786820147
 31
0.0
  0
LINE
  5
830
330
1F
100
AcDbEntity
  8
0
  6
Continuous
 62
     7
100
AcDbLine
 10
-48.68029706231771
 20
-145.6144786820147
 30
0.0
 11
-48.3002970623167
 21
-145.6144786820147
 31
0.0
  0
LINE
  5
831
330
1F
100
AcDbEntity
  8
0
  6
Continuous
 62
     7
100
AcDbLine
 10
-48.68029706231771
 20
-151.3644786820148
 30
0.0
 11
-51.43029706231772
 21
-151.3644786820148
 31
0.0
  0
LINE
  5
832
330
1F
100
AcDbEntity
  8
0
  6
Continuous
 62
     7
100
AcDbLine
 10
-51.43029706231772
 20
-145.8644786820148
 30
0.0
 11
-48.68029706231771
 21
-145.8644786820148
 31
0.0
  0
LINE
  5
833
330
1F
100
AcDbEntity
  8
0
  6
Continuous
 62
     7
100
AcDbLine
 10
-62.90029706231616
 20
-162.1144786820021
 30
0.0
 11
-50.3002970623167
 21
-162.1144786820148
 31
0.0
  0
LINE
  5
834
330
1F
100
AcDbEntity
  8
0
  6
Continuous
 62
     7
100
AcDbLine
 10
-62.70029706231635
 20
-102.1144786820148
 30
0.0
 11
-62.70029706231635
 21
-119.1144786820148
 31
0.0
  0
LINE
  5
835
330
1F
100
AcDbEntity
  8
0
  6
Continuous
 62
     7
100
AcDbLine
 10
-62.90029706231616
 20
-102.3644786820148
 30
0.0
 11
-62.90029706231616
 21
-162.1144786820021
 31
0.0
  0
LINE
  5
836
330
1F
100
AcDbEntity
  8
0
  6
Continuous
 62
     7
100
AcDbLine
 10
-62.70029706231635
 20
-102.3644786820148
 30
0.0
 11
-62.90029706231616
 21
-102.3644786820148
 31
0.0
  0
LINE
  5
837
330
1F
100
AcDbEntity
  8
0
  6
Continuous
 62
     7
100
AcDbLine
 10
-63.90029706231616
 20
-161.8644786820148
 30
0.0
 11
-62.90029706231616
 21
-161.8644786820148
 31
0.0
  0
LINE
  5
838
330
1F
100
AcDbEntity
  8
0
  6
Continuous
 62
     7
100
AcDbLine
 10
-63.90029706231616
 20
-102.3644786820148
 30
0.0
 11
-63.90029706231616
 21
-161.8644786820148
 31
0.0
  0
LINE
  5
839
330
1F
100
AcDbEntity
  8
0
  6
Continuous
 62
     7
100
AcDbLine
 10
-62.90029706231616
 20
-102.3644786820148
 30
0.0
 11
-63.90029706231616
 21
-102.3644786820148
 31
0.0
  0
LINE
  5
83A
330
1F
100
AcDbEntity
  8
0
  6
Continuous
 62
     7
100
AcDbLine
 10
-64.18130868626775
 20
-154.8280974189635
 30
0.0
 11
-66.23827381440714
 21
-152.7002024588125
 31
0.0
  0
LINE
  5
83B
330
1F
100
AcDbEntity
  8
0
  6
Continuous
 62
     7
100
AcDbLine
 10
-66.23827381440714
 20
-111.528754905217
 30
0.0
 11
-64.18130868626775
 21
-109.400859945066
 31
0.0
  0
LINE
  5
83C
330
1F
100
AcDbEntity
  8
0
  6
Continuous
 62
     7
100
AcDbLine
 10
-66.8002970623167
 20
-151.3101582651159
 30
0.0
 11
-66.8002970623167
 21
-112.9187990989119
 31
0.0
  0
LINE
  5
83D
330
1F
100
AcDbEntity
  8
0
  6
Continuous
 62
     7
100
AcDbLine
 10
-62.90029706231616
 20
-152.1144786820148
 30
0.0
 11
-63.90029706231616
 21
-152.1144786820148
 31
0.0
  0
LINE
  5
83E
330
1F
100
AcDbEntity
  8
0
  6
Continuous
 62
     7
100
AcDbLine
 10
-63.90029706231616
 20
-112.1144786820148
 30
0.0
 11
-62.90029706231616
 21
-112.1144786820148
 31
0.0
  0
LINE
  5
83F
330
1F
100
AcDbEntity
  8
0
  6
Continuous
 62
     7
100
AcDbLine
 10
-50.50029706231743
 20
-102.1144786820148
 30
0.0
 11
-50.50029706231743
 21
-102.3644786820148
 31
0.0
  0
LINE
  5
840
330
1F
100
AcDbEntity
  8
0
  6
DASH_CENTER
 62
     1
100
AcDbLine
 10
-53.1802970623159
 20
-105.6144786820275
 30
0.0
 11
-46.8002970623167
 21
-105.6144786820275
 31
0.0
  0
LINE
  5
841
330
1F
100
AcDbEntity
  8
0
  6
DASH_CENTER
 62
     1
100
AcDbLine
 10
-53.1802970623159
 20
-148.6144786820275
 30
0.0
 11
-46.8002970623167
 21
-148.6144786820275
 31
0.0
  0
LINE
  5
842
330
1F
100
AcDbEntity
  8
0
  6
DASH_CENTER
 62
     1
100
AcDbLine
 10
-68.00029706231743
 20
-158.6144786820275
 30
0.0
 11
-63.3002970623167
 21
-158.6144786820275
 31
0.0
  0
LINE
  5
843
330
1F
100
AcDbEntity
  8
0
  6
DASH_CENTER
 62
     1
100
AcDbLine
 10
-67.16901747630089
 20
-122.6144786820148
 30
0.0
 11
-62.46901747630017
 21
-122.6144786820148
 31
0.0
  0
LINE
  5
844
330
1F
100
AcDbEntity
  8
0
  6
DASH_CENTER
 62
     1
100
AcDbLine
 10
-67.10029706232415
 20
-105.6144786820284
 30
0.0
 11
-62.40029706231617
 21
-105.6144786820284
 31
0.0
  0
LINE
  5
845
330
1F
100
AcDbEntity
  8
0
  6
Continuous
 62
     7
100
AcDbLine
 10
-55.4994970611553
 20
-112.8644786820166
 30
0.0
 11
-56.34674594403457
 21
-112.938603354454
 31
0.0
  0
LINE
  5
846
330
1F
100
AcDbEntity
  8
0
  6
Continuous
 62
     7
100
AcDbLine
 10
-56.34674594403457
 20
-118.2903540095792
 30
0.0
 11
-55.4994970611553
 21
-118.3644786820166
 31
0.0
  0
LINE
  5
847
330
1F
100
AcDbEntity
  8
0
  6
Continuous
 62
     7
100
AcDbLine
 10
-54.79949706115457
 20
-118.5644786820164
 30
0.0
 11
-55.4994970611553
 21
-118.5644786820164
 31
0.0
  0
LINE
  5
848
330
1F
100
AcDbEntity
  8
0
  6
Continuous
 62
     7
100
AcDbLine
 10
-55.4994970611553
 20
-112.6644786820168
 30
0.0
 11
-55.4994970611553
 21
-118.5644786820164
 31
0.0
  0
LINE
  5
849
330
1F
100
AcDbEntity
  8
0
  6
Continuous
 62
     7
100
AcDbLine
 10
-55.4994970611553
 20
-112.6644786820168
 30
0.0
 11
-54.79949706115457
 21
-112.6644786820168
 31
0.0
  0
LINE
  5
84A
330
1F
100
AcDbEntity
  8
0
  6
Continuous
 62
     7
100
AcDbLine
 10
-54.79949706115457
 20
-112.6144786820166
 30
0.0
 11
-54.29949706115457
 21
-112.6144786820166
 31
0.0
  0
LINE
  5
84B
330
1F
100
AcDbEntity
  8
0
  6
Continuous
 62
     7
100
AcDbLine
 10
-54.79949706115457
 20
-112.6144786820166
 30
0.0
 11
-54.79949706115457
 21
-118.6144786820166
 31
0.0
  0
LINE
  5
84C
330
1F
100
AcDbEntity
  8
0
  6
Continuous
 62
     7
100
AcDbLine
 10
-54.29949706115457
 20
-118.6144786820166
 30
0.0
 11
-54.79949706115457
 21
-118.6144786820166
 31
0.0
  0
LINE
  5
84D
330
1F
100
AcDbEntity
  8
0
  6
DASH_CENTER
 62
     1
100
AcDbLine
 10
-58.9994970611553
 20
-115.6144786820166
 30
0.0
 11
-52.619497061157
 21
-115.6144786820166
 31
0.0
  0
LINE
  5
84E
330
1F
100
AcDbEntity
  8
0
  6
Continuous
 62
     7
100
AcDbLine
 10
-62.90029706231616
 20
-152.1144786820148
 30
0.0
 11
-50.50029706102777
 21
-152.1144786820148
 31
0.0
  0
LINE
  5
84F
330
1F
100
AcDbEntity
  8
0
  6
Continuous
 62
     7
100
AcDbLine
 10
-52.3002970623167
 20
-145.1144786820147
 30
0.0
 11
-52.3002970623167
 21
-152.1144786820993
 31
0.0
  0
LINE
  5
850
330
1F
100
AcDbEntity
  8
0
  6
Continuous
 62
     7
100
AcDbLine
 10
-51.43029706231772
 20
-145.8644786820148
 30
0.0
 11
-51.68029706231771
 21
-146.1144786820147
 31
0.0
  0
LINE
  5
851
330
1F
100
AcDbEntity
  8
0
  6
Continuous
 62
     7
100
AcDbLine
 10
-51.43029706231772
 20
-145.8644786820148
 30
0.0
 11
-51.43029706231772
 21
-151.3644786820148
 31
0.0
  0
LINE
  5
852
330
1F
100
AcDbEntity
  8
0
  6
Continuous
 62
     7
100
AcDbLine
 10
-51.68029706231771
 20
-151.1144786820148
 30
0.0
 11
-51.68029706231771
 21
-146.1144786820147
 31
0.0
  0
LINE
  5
853
330
1F
100
AcDbEntity
  8
0
  6
Continuous
 62
     7
100
AcDbLine
 10
-51.68029706231771
 20
-151.1144786820148
 30
0.0
 11
-51.43029706231772
 21
-151.3644786820148
 31
0.0
  0
LINE
  5
854
330
1F
100
AcDbEntity
  8
0
  6
Continuous
 62
     7
100
AcDbLine
 10
-50.3002970623167
 20
-145.8644786820148
 30
0.0
 11
-50.3002970623167
 21
-108.3644786820275
 31
0.0
  0
LINE
  5
855
330
1F
100
AcDbEntity
  8
0
  6
Continuous
 62
     7
100
AcDbLine
 10
-55.49949706036676
 20
-23.74979999999994
 30
0.0
 11
-56.34674594324515
 21
-23.82392467243733
 31
0.0
  0
LINE
  5
856
330
1F
100
AcDbEntity
  8
0
  6
Continuous
 62
     7
100
AcDbLine
 10
-56.34674594324515
 20
-29.17567532756163
 30
0.0
 11
-55.49949706036676
 21
-29.24979999999994
 31
0.0
  0
LINE
  5
857
330
1F
100
AcDbEntity
  8
0
  6
Continuous
 62
     7
100
AcDbLine
 10
-54.79949706036514
 20
-29.44980000000066
 30
0.0
 11
-55.49949706036676
 21
-29.44980000000066
 31
0.0
  0
LINE
  5
858
330
1F
100
AcDbEntity
  8
0
  6
Continuous
 62
     7
100
AcDbLine
 10
-55.49949706036676
 20
-23.54980000000012
 30
0.0
 11
-55.49949706036676
 21
-29.44980000000066
 31
0.0
  0
LINE
  5
859
330
1F
100
AcDbEntity
  8
0
  6
Continuous
 62
     7
100
AcDbLine
 10
-55.49949706036676
 20
-23.54980000000012
 30
0.0
 11
-54.79949706036514
 21
-23.54980000000012
 31
0.0
  0
LINE
  5
85A
330
1F
100
AcDbEntity
  8
0
  6
Continuous
 62
     7
100
AcDbLine
 10
-54.79949706036514
 20
-23.49979999999995
 30
0.0
 11
-54.29949706036513
 21
-23.49979999999995
 31
0.0
  0
LINE
  5
85B
330
1F
100
AcDbEntity
  8
0
  6
Continuous
 62
     7
100
AcDbLine
 10
-54.79949706036514
 20
-23.49979999999995
 30
0.0
 11
-54.79949706036514
 21
-29.49979999999995
 31
0.0
  0
LINE
  5
85C
330
1F
100
AcDbEntity
  8
0
  6
Continuous
 62
     7
100
AcDbLine
 10
-54.29949706036513
 20
-29.49979999999995
 30
0.0
 11
-54.79949706036514
 21
-29.49979999999995
 31
0.0
  0
LINE
  5
85D
330
1F
100
AcDbEntity
  8
0
  6
DASH_CENTER
 62
     1
100
AcDbLine
 10
-58.99949706036675
 20
-26.49979999999994
 30
0.0
 11
-52.61949706036848
 21
-26.49979999999994
 31
0.0
  0
LINE
  5
85E
330
1F
100
AcDbEntity
  8
0
  6
Continuous
 62
     7
100
AcDbLine
 10
-52.77529706037529
 20
36.1001999999995
 30
0.0
 11
-52.77529706037529
 21
31.00020000000009
 31
0.0
  0
LINE
  5
85F
330
1F
100
AcDbEntity
  8
0
  6
Continuous
 62
     7
100
AcDbLine
 10
-60.22529706037602
 20
36.3001999999994
 30
0.0
 11
-52.97529706037602
 21
36.3001999999994
 31
0.0
  0
LINE
  5
860
330
1F
100
AcDbEntity
  8
0
  6
Continuous
 62
     7
100
AcDbLine
 10
-60.42529706037583
 20
31.00020000000009
 30
0.0
 11
-60.42529706037583
 21
36.1001999999995
 31
0.0
  0
LINE
  5
861
330
1F
100
AcDbEntity
  8
0
  6
Continuous
 62
     7
100
AcDbLine
 10
-62.90029706036438
 20
31.00020000000009
 30
0.0
 11
-50.30029706037584
 21
31.00020000000009
 31
0.0
  0
LINE
  5
862
330
1F
100
AcDbEntity
  8
0
  6
Continuous
 62
     7
100
AcDbLine
 10
-62.90029706036438
 20
26.00020000000009
 30
0.0
 11
-50.30029706037584
 21
26.00020000000009
 31
0.0
  0
LINE
  5
863
330
1F
100
AcDbEntity
  8
0
  6
DASH_CENTER
 62
     1
100
AcDbLine
 10
-53.18029706036504
 20
-16.49980000004359
 30
0.0
 11
-46.80029706036675
 21
-16.49980000004359
 31
0.0
  0
LINE
  5
864
330
1F
100
AcDbEntity
  8
0
  6
DASH_CENTER
 62
     1
100
AcDbLine
 10
-67.1002970603742
 20
-26.49980000004359
 30
0.0
 11
-62.40029706036438
 21
-26.49980000004359
 31
0.0
  0
LINE
  5
865
330
1F
100
AcDbEntity
  8
0
  6
DASH_CENTER
 62
     1
100
AcDbLine
 10
-68.00029706037657
 20
16.5001999999555
 30
0.0
 11
-63.30029706037584
 21
16.5001999999555
 31
0.0
  0
LINE
  5
866
330
1F
100
AcDbEntity
  8
0
  6
DASH_CENTER
 62
     1
100
AcDbLine
 10
-67.1002970603742
 20
26.50019999995548
 30
0.0
 11
-62.40029706036438
 21
26.50019999995548
 31
0.0
  0
LINE
  5
867
330
1F
100
AcDbEntity
  8
0
  6
DASH_CENTER
 62
     1
100
AcDbLine
 10
-53.18029706036504
 20
26.50019999995639
 30
0.0
 11
-46.80029706036675
 21
26.50019999995639
 31
0.0
  0
LINE
  5
868
330
1F
100
AcDbEntity
  8
0
  6
Continuous
 62
     7
100
AcDbLine
 10
-62.90029706036438
 20
-25.24979999999994
 30
0.0
 11
-62.70029706037548
 21
-25.24979999999994
 31
0.0
  0
LINE
  5
869
330
1F
100
AcDbEntity
  8
0
  6
Continuous
 62
     7
100
AcDbLine
 10
-50.50029706036564
 20
-24.74979999999995
 30
0.0
 11
-50.30029706037584
 21
-24.74979999999995
 31
0.0
  0
LINE
  5
86A
330
1F
100
AcDbEntity
  8
0
  6
Continuous
 62
     7
100
AcDbLine
 10
-62.70029706037548
 20
14.75020000000006
 30
0.0
 11
-62.70029706037548
 21
-25.24979999999994
 31
0.0
  0
LINE
  5
86B
330
1F
100
AcDbEntity
  8
0
  6
Continuous
 62
     7
100
AcDbLine
 10
-62.90029706036438
 20
14.75020000000006
 30
0.0
 11
-62.70029706037548
 21
14.75020000000006
 31
0.0
  0
LINE
  5
86C
330
1F
100
AcDbEntity
  8
0
  6
Continuous
 62
     7
100
AcDbLine
 10
-50.50029706036564
 20
14.75020000000006
 30
0.0
 11
-50.30029706037584
 21
14.75020000000006
 31
0.0
  0
LINE
  5
86D
330
1F
100
AcDbEntity
  8
0
  6
Continuous
 62
     7
100
AcDbLine
 10
-64.68228686463607
 20
24.3186152428658
 30
0.0
 11
-63.90029706036438
 21
24.25020000000006
 31
0.0
  0
LINE
  5
86E
330
1F
100
AcDbEntity
  8
0
  6
Continuous
 62
     7
100
AcDbLine
 10
-63.90029706036438
 20
28.75020000000009
 30
0.0
 11
-64.68228686463607
 21
28.68178475713249
 31
0.0
  0
LINE
  5
86F
330
1F
100
AcDbEntity
  8
0
  6
Continuous
 62
     7
100
AcDbLine
 10
-64.80029706037583
 20
18.75020000000006
 30
0.0
 11
-65.58228686463571
 21
18.68178475713251
 31
0.0
  0
LINE
  5
870
330
1F
100
AcDbEntity
  8
0
  6
Continuous
 62
     7
100
AcDbLine
 10
-65.58228686463571
 20
14.3186152428658
 30
0.0
 11
-64.80029706037583
 21
14.25020000000006
 31
0.0
  0
LINE
  5
871
330
1F
100
AcDbEntity
  8
0
  6
Continuous
 62
     7
100
AcDbLine
 10
-64.20029706037547
 20
13.90019999999879
 30
0.0
 11
-64.80029706037583
 21
13.90019999999879
 31
0.0
  0
LINE
  5
872
330
1F
100
AcDbEntity
  8
0
  6
Continuous
 62
     7
100
AcDbLine
 10
-64.80029706037583
 20
13.90019999999879
 30
0.0
 11
-64.80029706037583
 21
19.10019999999679
 31
0.0
  0
LINE
  5
873
330
1F
100
AcDbEntity
  8
0
  6
Continuous
 62
     7
100
AcDbLine
 10
-64.80029706037583
 20
19.10019999999679
 30
0.0
 11
-64.20029706037547
 21
19.10019999999679
 31
0.0
  0
LINE
  5
874
330
1F
100
AcDbEntity
  8
0
  6
Continuous
 62
     7
100
AcDbLine
 10
-63.90029706036438
 20
13.65019999999879
 30
0.0
 11
-64.20029706037547
 21
13.65019999999879
 31
0.0
  0
LINE
  5
875
330
1F
100
AcDbEntity
  8
0
  6
Continuous
 62
     7
100
AcDbLine
 10
-64.20029706037547
 20
13.65019999999879
 30
0.0
 11
-64.20029706037547
 21
19.35019999999679
 31
0.0
  0
LINE
  5
876
330
1F
100
AcDbEntity
  8
0
  6
Continuous
 62
     7
100
AcDbLine
 10
-64.20029706037547
 20
19.35019999999679
 30
0.0
 11
-63.90029706036438
 21
19.35019999999679
 31
0.0
  0
LINE
  5
877
330
1F
100
AcDbEntity
  8
0
  6
Continuous
 62
     7
100
AcDbLine
 10
-63.90029706036438
 20
-24.24979999999994
 30
0.0
 11
-64.68228686463607
 21
-24.31821524286749
 31
0.0
  0
LINE
  5
878
330
1F
100
AcDbEntity
  8
0
  6
Continuous
 62
     7
100
AcDbLine
 10
-64.68228686463607
 20
-28.6813847571342
 30
0.0
 11
-63.90029706036438
 21
-28.74979999999995
 31
0.0
  0
LINE
  5
879
330
1F
100
AcDbEntity
  8
0
  6
Continuous
 62
     7
100
AcDbLine
 10
-62.90029706036438
 20
-19.99979999999994
 30
0.0
 11
-63.90029706036438
 21
-19.99979999999994
 31
0.0
  0
LINE
  5
87A
330
1F
100
AcDbEntity
  8
0
  6
Continuous
 62
     7
100
AcDbLine
 10
-63.90029706036438
 20
20.00020000000006
 30
0.0
 11
-62.90029706036438
 21
20.00020000000006
 31
0.0
  0
LINE
  5
87B
330
1F
100
AcDbEntity
  8
0
  6
Continuous
 62
     7
100
AcDbLine
 10
-66.80029706036674
 20
-19.19547958310193
 30
0.0
 11
-66.80029706036674
 21
19.19587958310023
 31
0.0
  0
LINE
  5
87C
330
1F
100
AcDbEntity
  8
0
  6
Continuous
 62
     7
100
AcDbLine
 10
-64.18130868432417
 20
-22.71341873694962
 30
0.0
 11
-66.23827381246536
 21
-20.58552377679768
 31
0.0
  0
LINE
  5
87D
330
1F
100
AcDbEntity
  8
0
  6
Continuous
 62
     7
100
AcDbLine
 10
-66.23827381246536
 20
20.58592377679781
 30
0.0
 11
-64.18130868432417
 21
22.71381873694793
 31
0.0
  0
LINE
  5
87E
330
1F
100
AcDbEntity
  8
0
  6
Continuous
 62
     7
100
AcDbLine
 10
-63.90029706036438
 20
-29.74979999999995
 30
0.0
 11
-62.90029706036438
 21
-29.74979999999995
 31
0.0
  0
LINE
  5
87F
330
1F
100
AcDbEntity
  8
0
  6
Continuous
 62
     7
100
AcDbLine
 10
-63.90029706036438
 20
29.75020000000009
 30
0.0
 11
-63.90029706036438
 21
-29.74979999999995
 31
0.0
  0
LINE
  5
880
330
1F
100
AcDbEntity
  8
0
  6
Continuous
 62
     7
100
AcDbLine
 10
-62.90029706036438
 20
29.75020000000009
 30
0.0
 11
-63.90029706036438
 21
29.75020000000009
 31
0.0
  0
LINE
  5
881
330
1F
100
AcDbEntity
  8
0
  6
Continuous
 62
     7
100
AcDbLine
 10
-62.90029706036438
 20
20.00020000000006
 30
0.0
 11
-50.30029706037584
 21
20.00020000000006
 31
0.0
  0
LINE
  5
882
330
1F
100
AcDbEntity
  8
0
  6
Continuous
 62
     7
100
AcDbLine
 10
-62.90029706036438
 20
31.00020000000009
 30
0.0
 11
-62.90029706036438
 21
-29.99979999999995
 31
0.0
  0
LINE
  5
883
330
1F
100
AcDbEntity
  8
0
  6
Continuous
 62
     7
100
AcDbLine
 10
-62.70029706037548
 20
26.00020000000009
 30
0.0
 11
-62.70029706037548
 21
20.00020000000006
 31
0.0
  0
LINE
  5
884
330
1F
100
AcDbEntity
  8
0
  6
Continuous
 62
     7
100
AcDbLine
 10
-50.30029706037584
 20
26.00020000000009
 30
0.0
 11
-50.30029706037584
 21
31.00020000000009
 31
0.0
  0
LINE
  5
885
330
1F
100
AcDbEntity
  8
0
  6
Continuous
 62
     7
100
AcDbLine
 10
-48.68029706036503
 20
23.75020000000006
 30
0.0
 11
-50.30029706037584
 21
23.75020000000006
 31
0.0
  0
LINE
  5
886
330
1F
100
AcDbEntity
  8
0
  6
Continuous
 62
     7
100
AcDbLine
 10
-50.30029706037584
 20
29.25020000000009
 30
0.0
 11
-48.68029706036503
 21
29.25020000000009
 31
0.0
  0
LINE
  5
887
330
1F
100
AcDbEntity
  8
0
  6
Continuous
 62
     7
100
AcDbLine
 10
-48.30029706036675
 20
23.50020000000005
 30
0.0
 11
-48.68029706036503
 21
23.50020000000005
 31
0.0
  0
LINE
  5
888
330
1F
100
AcDbEntity
  8
0
  6
Continuous
 62
     7
100
AcDbLine
 10
-48.68029706036503
 20
23.50020000000005
 30
0.0
 11
-48.68029706036503
 21
29.50020000000009
 31
0.0
  0
LINE
  5
889
330
1F
100
AcDbEntity
  8
0
  6
Continuous
 62
     7
100
AcDbLine
 10
-48.30029706036675
 20
29.50020000000009
 30
0.0
 11
-48.68029706036503
 21
29.50020000000009
 31
0.0
  0
LINE
  5
88A
330
1F
100
AcDbEntity
  8
0
  6
Continuous
 62
     7
100
AcDbLine
 10
-48.30029706036675
 20
23.00019999991366
 30
0.0
 11
-50.30029706037584
 21
23.00019999991366
 31
0.0
  0
LINE
  5
88B
330
1F
100
AcDbEntity
  8
0
  6
Continuous
 62
     7
100
AcDbLine
 10
-48.30029706036675
 20
30.00020000000009
 30
0.0
 11
-48.30029706036675
 21
23.00019999991366
 31
0.0
  0
LINE
  5
88C
330
1F
100
AcDbEntity
  8
0
  6
Continuous
 62
     7
100
AcDbLine
 10
-62.90029706036438
 20
-29.99979999999995
 30
0.0
 11
-54.30029706037584
 21
-29.99980000000448
 31
0.0
  0
LINE
  5
88D
330
1F
100
AcDbEntity
  8
0
  6
Continuous
 62
     7
100
AcDbLine
 10
-54.30029706037584
 20
-29.99980000000448
 30
0.0
 11
-50.30029706037584
 21
-29.99979999999995
 31
0.0
  0
LINE
  5
88E
330
1F
100
AcDbEntity
  8
0
  6
Continuous
 62
     7
100
AcDbLine
 10
-54.30029706037584
 20
-22.99979999999994
 30
0.0
 11
-54.30029706037584
 21
-29.99980000000448
 31
0.0
  0
LINE
  5
88F
330
1F
100
AcDbEntity
  8
0
  6
Continuous
 62
     7
100
AcDbLine
 10
-62.70029706037548
 20
-22.99979999999994
 30
0.0
 11
-54.30029706037584
 21
-22.99979999999994
 31
0.0
  0
LINE
  5
890
330
1F
100
AcDbEntity
  8
0
  6
Continuous
 62
     7
100
AcDbLine
 10
-50.50029706036564
 20
-19.99979999999994
 30
0.0
 11
-62.70029706037548
 21
-19.99979999999994
 31
0.0
  0
LINE
  5
891
330
1F
100
AcDbEntity
  8
0
  6
Continuous
 62
     7
100
AcDbLine
 10
-52.30029706037583
 20
-12.99979999991808
 30
0.0
 11
-52.30029706037583
 21
-19.99979999999994
 31
0.0
  0
LINE
  5
892
330
1F
100
AcDbEntity
  8
0
  6
Continuous
 62
     7
100
AcDbLine
 10
-50.50029706036564
 20
-12.99979999991808
 30
0.0
 11
-52.30029706037583
 21
-12.99979999991808
 31
0.0
  0
LINE
  5
893
330
1F
100
AcDbEntity
  8
0
  6
Continuous
 62
     7
100
AcDbLine
 10
-50.30029706037584
 20
30.00020000000009
 30
0.0
 11
-50.30029706037584
 21
29.90019999999879
 31
0.0
  0
LINE
  5
894
330
1F
100
AcDbEntity
  8
0
  6
Continuous
 62
     7
100
AcDbLine
 10
-50.50029706036564
 20
-13.74979999999994
 30
0.0
 11
-50.50029706036564
 21
14.75020000000006
 31
0.0
  0
LINE
  5
895
330
1F
100
AcDbEntity
  8
0
  6
Continuous
 62
     7
100
AcDbLine
 10
-50.50029706036564
 20
-24.74979999999995
 30
0.0
 11
-50.50029706036564
 21
-19.24979999999994
 31
0.0
  0
LINE
  5
896
330
1F
100
AcDbEntity
  8
0
  6
Continuous
 62
     7
100
AcDbLine
 10
-50.30029706037584
 20
-13.74979999999994
 30
0.0
 11
-50.30029706037584
 21
26.00020000000009
 31
0.0
  0
LINE
  5
897
330
1F
100
AcDbEntity
  8
0
  6
Continuous
 62
     7
100
AcDbLine
 10
-48.30029706036675
 20
-12.99979999991808
 30
0.0
 11
-48.30029706036675
 21
-19.99979999999994
 31
0.0
  0
LINE
  5
898
330
1F
100
AcDbEntity
  8
0
  6
Continuous
 62
     7
100
AcDbLine
 10
-50.30029706037584
 20
-12.99979999991808
 30
0.0
 11
-48.30029706036675
 21
-12.99979999991808
 31
0.0
  0
LINE
  5
899
330
1F
100
AcDbEntity
  8
0
  6
Continuous
 62
     7
100
AcDbLine
 10
-48.68029706036503
 20
-19.49979999999994
 30
0.0
 11
-48.30029706036675
 21
-19.49979999999994
 31
0.0
  0
LINE
  5
89A
330
1F
100
AcDbEntity
  8
0
  6
Continuous
 62
     7
100
AcDbLine
 10
-48.68029706036503
 20
-19.49979999999994
 30
0.0
 11
-48.68029706036503
 21
-13.49979999999994
 31
0.0
  0
LINE
  5
89B
330
1F
100
AcDbEntity
  8
0
  6
Continuous
 62
     7
100
AcDbLine
 10
-48.68029706036503
 20
-13.49979999999994
 30
0.0
 11
-48.30029706036675
 21
-13.49979999999994
 31
0.0
  0
LINE
  5
89C
330
1F
100
AcDbEntity
  8
0
  6
Continuous
 62
     7
100
AcDbLine
 10
-48.68029706036503
 20
-19.24979999999994
 30
0.0
 11
-51.43029706036504
 21
-19.24979999999994
 31
0.0
  0
LINE
  5
89D
330
1F
100
AcDbEntity
  8
0
  6
Continuous
 62
     7
100
AcDbLine
 10
-51.68029706036503
 20
-18.99979999999994
 30
0.0
 11
-51.43029706036504
 21
-19.24979999999994
 31
0.0
  0
LINE
  5
89E
330
1F
100
AcDbEntity
  8
0
  6
Continuous
 62
     7
100
AcDbLine
 10
-51.43029706036504
 20
-13.74979999999994
 30
0.0
 11
-51.43029706036504
 21
-19.24979999999994
 31
0.0
  0
LINE
  5
89F
330
1F
100
AcDbEntity
  8
0
  6
Continuous
 62
     7
100
AcDbLine
 10
-51.68029706036503
 20
-18.99979999999994
 30
0.0
 11
-51.68029706036503
 21
-13.99979999999994
 31
0.0
  0
LINE
  5
8A0
330
1F
100
AcDbEntity
  8
0
  6
Continuous
 62
     7
100
AcDbLine
 10
-51.43029706036504
 20
-13.74979999999994
 30
0.0
 11
-51.68029706036503
 21
-13.99979999999994
 31
0.0
  0
LINE
  5
8A1
330
1F
100
AcDbEntity
  8
0
  6
Continuous
 62
     7
100
AcDbLine
 10
-51.43029706036504
 20
-13.74979999999994
 30
0.0
 11
-48.68029706036503
 21
-13.74979999999994
 31
0.0
  0
LINE
  5
8A2
330
1F
100
AcDbEntity
  8
0
  6
Continuous
 62
     7
100
AcDbLine
 10
-50.30029706037584
 20
-29.99979999999995
 30
0.0
 11
-50.30029706037584
 21
-19.24979999999994
 31
0.0
  0
LINE
  5
8A3
330
1F
100
AcDbEntity
  8
0
  6
Continuous
 62
     7
100
AcDbLine
 10
-50.30029706037584
 20
-29.89980000000321
 30
0.0
 11
-50.20029706037548
 21
-29.9997999999881
 31
0.0
  0
LINE
  5
8A4
330
1F
100
AcDbEntity
  8
0
  6
Continuous
 62
     7
100
AcDbLine
 10
-50.20029706037548
 20
30.00019999998729
 30
0.0
 11
-50.30029706037584
 21
29.90019999999879
 31
0.0
  0
LINE
  5
8A5
330
1F
100
AcDbEntity
  8
0
  6
Continuous
 62
     7
100
AcDbLine
 10
-60.42529706037583
 20
36.1001999999995
 30
0.0
 11
-60.22529706037602
 21
36.3001999999994
 31
0.0
  0
LINE
  5
8A6
330
1F
100
AcDbEntity
  8
0
  6
Continuous
 62
     7
100
AcDbLine
 10
-52.97529706037602
 20
36.3001999999994
 30
0.0
 11
-52.77529706037529
 21
36.1001999999995
 31
0.0
  0
LINE
  5
8A7
330
1F
100
AcDbEntity
  8
0
  6
Continuous
 62
     7
100
AcDbLine
 10
-60.42529706037583
 20
36.1001999999995
 30
0.0
 11
-52.77529706037529
 21
36.1001999999995
 31
0.0
  0
LINE
  5
8A8
330
1F
100
AcDbEntity
  8
0
  6
Continuous
 62
     7
100
AcDbLine
 10
-52.97529706037602
 20
36.3001999999994
 30
0.0
 11
-52.97529706037602
 21
31.00020000000009
 31
0.0
  0
LINE
  5
8A9
330
1F
100
AcDbEntity
  8
0
  6
Continuous
 62
     7
100
AcDbLine
 10
-60.22529706037602
 20
31.00020000000009
 30
0.0
 11
-60.22529706037602
 21
36.3001999999994
 31
0.0
  0
LINE
  5
8AA
330
1F
100
AcDbEntity
  8
0
  6
DASH_CENTER
 62
     1
100
AcDbLine
 10
-56.60029706037602
 20
28.50020000000009
 30
0.0
 11
-56.60029706037602
 21
38.80019999999939
 31
0.0
  0
LINE
  5
8AB
330
1F
100
AcDbEntity
  8
0
  6
Continuous
 62
     4
100
AcDbLine
 10
-62.85029706037551
 20
31.00020000000006
 30
0.0
 11
-50.35029706037551
 21
31.00020000000006
 31
0.0
  0
LINE
  5
8AC
330
1F
100
AcDbEntity
  8
0
  6
Continuous
 62
     4
100
AcDbLine
 10
-43.3502970603754
 20
32.00020000000006
 30
0.0
 11
-43.3502970603754
 21
31.05019999999934
 31
0.0
  0
LINE
  5
8AD
330
1F
100
AcDbEntity
  8
0
  6
Continuous
 62
     4
100
AcDbLine
 10
-43.3502970603754
 20
32.00020000000006
 30
0.0
 11
-41.35029706037539
 21
32.00020000000006
 31
0.0
  0
LINE
  5
8AE
330
1F
100
AcDbEntity
  8
0
  6
Continuous
 62
     4
100
AcDbLine
 10
-41.35029706037539
 20
43.00020000000006
 30
0.0
 11
-41.35029706037539
 21
32.00020000000006
 31
0.0
  0
LINE
  5
8AF
330
1F
100
AcDbEntity
  8
0
  6
Continuous
 62
     4
100
AcDbLine
 10
-43.3502970603754
 20
43.00020000000006
 30
0.0
 11
-41.35029706037539
 21
43.00020000000006
 31
0.0
  0
LINE
  5
8B0
330
1F
100
AcDbEntity
  8
0
  6
Continuous
 62
     4
100
AcDbLine
 10
-50.35029706037551
 20
31.05019999999934
 30
0.0
 11
-50.35029706037551
 21
31.00020000000006
 31
0.0
  0
LINE
  5
8B1
330
1F
100
AcDbEntity
  8
0
  6
Continuous
 62
     4
100
AcDbLine
 10
-43.3502970603754
 20
31.05019999999934
 30
0.0
 11
-50.35029706037551
 21
31.05019999999934
 31
0.0
  0
LINE
  5
8B2
330
1F
100
AcDbEntity
  8
0
  6
Continuous
 62
     4
100
AcDbLine
 10
-43.3502970603754
 20
43.95019999999897
 30
0.0
 11
-43.3502970603754
 21
43.00020000000006
 31
0.0
  0
LINE
  5
8B3
330
1F
100
AcDbEntity
  8
0
  6
Continuous
 62
     4
100
AcDbLine
 10
-50.35029706037551
 20
43.95019999999897
 30
0.0
 11
-43.3502970603754
 21
43.95019999999897
 31
0.0
  0
LINE
  5
8B4
330
1F
100
AcDbEntity
  8
0
  6
Continuous
 62
     4
100
AcDbLine
 10
-50.35029706037551
 20
44.00020000000006
 30
0.0
 11
-50.35029706037551
 21
43.95019999999897
 31
0.0
  0
LINE
  5
8B5
330
1F
100
AcDbEntity
  8
0
  6
Continuous
 62
     4
100
AcDbLine
 10
-62.85029706037551
 20
33.20019999999988
 30
0.0
 11
-62.85029706037551
 21
31.00020000000006
 31
0.0
  0
LINE
  5
8B6
330
1F
100
AcDbEntity
  8
0
  6
Continuous
 62
     4
100
AcDbLine
 10
-61.60029706037551
 20
33.20019999999988
 30
0.0
 11
-62.85029706037551
 21
33.20019999999988
 31
0.0
  0
LINE
  5
8B7
330
1F
100
AcDbEntity
  8
0
  6
Continuous
 62
     4
100
AcDbLine
 10
-61.60029706037551
 20
40.00020000000006
 30
0.0
 11
-61.60029706037551
 21
33.20019999999988
 31
0.0
  0
LINE
  5
8B8
330
1F
100
AcDbEntity
  8
0
  6
Continuous
 62
     4
100
AcDbLine
 10
-50.35029706037551
 20
44.00020000000006
 30
0.0
 11
-57.60029706037551
 21
44.00020000000006
 31
0.0
  0
LINE
  5
8B9
330
1F
100
AcDbEntity
  8
0
  6
Continuous
 62
     7
100
AcDbLine
 10
-2.450297060468249
 20
31.10019999998589
 30
0.0
 11
-2.450297060468249
 21
31.00019999998639
 31
0.0
  0
LINE
  5
8BA
330
1F
100
AcDbEntity
  8
0
  6
Continuous
 62
     7
100
AcDbLine
 10
-4.100297060467879
 20
31.10019999998589
 30
0.0
 11
-1.800297060467699
 21
31.10019999998589
 31
0.0
  0
LINE
  5
8BB
330
1F
100
AcDbEntity
  8
0
  6
Continuous
 62
     7
100
AcDbLine
 10
-1.800297060467699
 20
31.60019999998589
 30
0.0
 11
-1.800297060467699
 21
31.10019999998589
 31
0.0
  0
LINE
  5
8BC
330
1F
100
AcDbEntity
  8
0
  6
Continuous
 62
     7
100
AcDbLine
 10
-4.100297060467879
 20
31.60019999998589
 30
0.0
 11
-1.800297060467699
 21
31.60019999998589
 31
0.0
  0
LINE
  5
8BD
330
1F
100
AcDbEntity
  8
0
  6
Continuous
 62
     7
100
AcDbLine
 10
-1.850297060467879
 20
31.60019999998589
 30
0.0
 11
-1.850297060467879
 21
32.05019999998659
 31
0.0
  0
LINE
  5
8BE
330
1F
100
AcDbEntity
  8
0
  6
Continuous
 62
     7
100
AcDbLine
 10
-4.100297060467879
 20
32.05019999998659
 30
0.0
 11
-1.850297060467879
 21
32.05019999998659
 31
0.0
  0
LINE
  5
8BF
330
1F
100
AcDbEntity
  8
0
  6
Continuous
 62
     7
100
AcDbLine
 10
-2.25029706046843
 20
32.05019999998659
 30
0.0
 11
-2.302252596418099
 21
32.6440544932745
 31
0.0
  0
LINE
  5
8C0
330
1F
100
AcDbEntity
  8
0
  6
DASH_CENTER
 62
     1
100
AcDbLine
 10
-4.00029706046843
 20
29.60019999998589
 30
0.0
 11
-4.00029706046843
 21
34.85019999998589
 31
0.0
  0
LINE
  5
8C1
330
1F
100
AcDbEntity
  8
0
  6
DASH_CENTER
 62
     1
100
AcDbLine
 10
-7.90029706046806
 20
27.50019999998639
 30
0.0
 11
-7.90029706046806
 21
40.10019999998589
 31
0.0
  0
LINE
  5
8C2
330
1F
100
AcDbEntity
  8
0
  6
Continuous
 62
     7
100
AcDbLine
 10
-3.50029706046843
 20
31.00019999998639
 30
0.0
 11
-3.50029706046843
 21
30.00019999998639
 31
0.0
  0
LINE
  5
8C3
330
1F
100
AcDbEntity
  8
0
  6
Continuous
 62
     7
100
AcDbLine
 10
-12.3002970604677
 20
31.00019999998639
 30
0.0
 11
-12.3002970604677
 21
30.00019999998639
 31
0.0
  0
LINE
  5
8C4
330
1F
100
AcDbEntity
  8
0
  6
Continuous
 62
     7
100
AcDbLine
 10
-6.100297060467879
 20
31.00019999998639
 30
0.0
 11
-2.00029706046843
 21
31.00019999998639
 31
0.0
  0
LINE
  5
8C5
330
1F
100
AcDbEntity
  8
0
  6
Continuous
 62
     7
100
AcDbLine
 10
-6.100297060467879
 20
36.10019999998589
 30
0.0
 11
-6.100297060467879
 21
31.00019999998639
 31
0.0
  0
LINE
  5
8C6
330
1F
100
AcDbEntity
  8
0
  6
Continuous
 62
     7
100
AcDbLine
 10
-6.100297060467879
 20
36.10019999998589
 30
0.0
 11
-5.800297060467699
 21
37.60019999998589
 31
0.0
  0
LINE
  5
8C7
330
1F
100
AcDbEntity
  8
0
  6
Continuous
 62
     7
100
AcDbLine
 10
-10.40029706046806
 20
36.10019999998589
 30
0.0
 11
-6.100297060467879
 21
36.10019999998589
 31
0.0
  0
LINE
  5
8C8
330
1F
100
AcDbEntity
  8
0
  6
Continuous
 62
     7
100
AcDbLine
 10
-10.40029706046806
 20
36.10019999998589
 30
0.0
 11
-10.40029706046806
 21
31.00019999998639
 31
0.0
  0
LINE
  5
8C9
330
1F
100
AcDbEntity
  8
0
  6
Continuous
 62
     7
100
AcDbLine
 10
-10.70029706046825
 20
37.60019999998589
 30
0.0
 11
-10.40029706046806
 21
36.10019999998589
 31
0.0
  0
LINE
  5
8CA
330
1F
100
AcDbEntity
  8
0
  6
Continuous
 62
     7
100
AcDbLine
 10
-11.70029706046825
 20
37.60019999998589
 30
0.0
 11
-5.100297060467879
 21
37.60019999998589
 31
0.0
  0
LINE
  5
8CB
330
1F
100
AcDbEntity
  8
0
  6
Continuous
 62
     7
100
AcDbLine
 10
-11.70029706046825
 20
32.80019999998659
 30
0.0
 11
-11.70029706046825
 21
37.60019999998589
 31
0.0
  0
LINE
  5
8CC
330
1F
100
AcDbEntity
  8
0
  6
Continuous
 62
     7
100
AcDbLine
 10
-12.70029706046825
 20
31.00019999998639
 30
0.0
 11
-11.70029706046825
 21
32.80019999998659
 31
0.0
  0
LINE
  5
8CD
330
1F
100
AcDbEntity
  8
0
  6
Continuous
 62
     7
100
AcDbLine
 10
-13.8002970604677
 20
31.00019999998639
 30
0.0
 11
-10.40029706046806
 21
31.00019999998639
 31
0.0
  0
LINE
  5
8CE
330
1F
100
AcDbEntity
  8
0
  6
Continuous
 62
     7
100
AcDbLine
 10
-13.8002970604677
 20
30.00019999998639
 30
0.0
 11
-13.8002970604677
 21
31.00019999998639
 31
0.0
  0
LINE
  5
8CF
330
1F
100
AcDbEntity
  8
0
  6
Continuous
 62
     7
100
AcDbLine
 10
-2.00029706046843
 20
31.00019999998639
 30
0.0
 11
-2.00029706046843
 21
30.00019999998639
 31
0.0
  0
LINE
  5
8D0
330
1F
100
AcDbEntity
  8
0
  6
Continuous
 62
     7
100
AcDbLine
 10
-4.100297060467879
 20
35.8001999999866
 30
0.0
 11
-4.100297060467879
 21
31.00019999998639
 31
0.0
  0
LINE
  5
8D1
330
1F
100
AcDbEntity
  8
0
  6
Continuous
 62
     7
100
AcDbLine
 10
-5.100297060467879
 20
37.60019999998589
 30
0.0
 11
-4.100297060467879
 21
35.8001999999866
 31
0.0
  0
LINE
  5
8D2
330
1F
100
AcDbEntity
  8
0
  6
Continuous
 62
     7
100
AcDbLine
 10
-50.30029706037584
 20
20.00020000000006
 30
0.0
 11
-17.00029706047025
 21
20.00020000000006
 31
0.0
  0
LINE
  5
8D3
330
1F
100
AcDbEntity
  8
0
  6
Continuous
 62
     7
100
AcDbLine
 10
-17.1002970604697
 20
30.00019999998639
 30
0.0
 11
-50.20029706037548
 21
30.00019999998729
 31
0.0
  0
LINE
  5
8D4
330
1F
100
AcDbEntity
  8
0
  6
Continuous
 62
     7
100
AcDbLine
 10
-17.00029706046934
 20
29.90019999998609
 30
0.0
 11
-17.1002970604697
 21
30.00019999998639
 31
0.0
  0
LINE
  5
8D5
330
1F
100
AcDbEntity
  8
0
  6
Continuous
 62
     7
100
AcDbLine
 10
-17.00029706046934
 20
29.90019999998609
 30
0.0
 11
-16.9002970604684
 21
30.00019999998639
 31
0.0
  0
LINE
  5
8D6
330
1F
100
AcDbEntity
  8
0
  6
Continuous
 62
     4
100
AcDbLine
 10
-16.70029706046778
 20
30.00019999998681
 30
0.0
 11
0.8997029395316699
 21
30.00019999998681
 31
0.0
  0
LINE
  5
8D7
330
1F
100
AcDbEntity
  8
0
  6
Continuous
 62
     4
100
AcDbLine
 10
5.899702939531669
 20
30.3606719043064
 30
0.0
 11
5.899702939531669
 21
30.3001999999869
 31
0.0
  0
LINE
  5
8D8
330
1F
100
AcDbEntity
  8
0
  6
Continuous
 62
     4
100
AcDbLine
 10
9.899702939531669
 20
30.3606719043064
 30
0.0
 11
5.899702939531669
 21
30.3606719043064
 31
0.0
  0
LINE
  5
8D9
330
1F
100
AcDbEntity
  8
0
  6
Continuous
 62
     4
100
AcDbLine
 10
9.899702939531669
 20
43.6397280956662
 30
0.0
 11
9.899702939531669
 21
30.3606719043064
 31
0.0
  0
LINE
  5
8DA
330
1F
100
AcDbEntity
  8
0
  6
Continuous
 62
     4
100
AcDbLine
 10
5.899702939531669
 20
43.6397280956662
 30
0.0
 11
9.899702939531669
 21
43.6397280956662
 31
0.0
  0
LINE
  5
8DB
330
1F
100
AcDbEntity
  8
0
  6
Continuous
 62
     4
100
AcDbLine
 10
5.899702939531669
 20
43.70019999998571
 30
0.0
 11
5.899702939531669
 21
43.6397280956662
 31
0.0
  0
LINE
  5
8DC
330
1F
100
AcDbEntity
  8
0
  6
Continuous
 62
     4
100
AcDbLine
 10
0.8997029395316699
 20
30.3001999999869
 30
0.0
 11
5.899702939531669
 21
30.3001999999869
 31
0.0
  0
LINE
  5
8DD
330
1F
100
AcDbEntity
  8
0
  6
Continuous
 62
     4
100
AcDbLine
 10
0.8997029395316699
 20
30.00019999998681
 30
0.0
 11
0.8997029395316699
 21
30.3001999999869
 31
0.0
  0
LINE
  5
8DE
330
1F
100
AcDbEntity
  8
0
  6
Continuous
 62
     4
100
AcDbLine
 10
0.8997029395316699
 20
43.70019999998571
 30
0.0
 11
5.899702939531669
 21
43.70019999998571
 31
0.0
  0
LINE
  5
8DF
330
1F
100
AcDbEntity
  8
0
  6
Continuous
 62
     4
100
AcDbLine
 10
0.8997029395316699
 20
44.00019999998681
 30
0.0
 11
0.8997029395316699
 21
43.70019999998571
 31
0.0
  0
LINE
  5
8E0
330
1F
100
AcDbEntity
  8
0
  6
Continuous
 62
     4
100
AcDbLine
 10
-11.00029706046706
 20
44.00019999998681
 30
0.0
 11
0.8997029395316699
 21
44.00019999998681
 31
0.0
  0
LINE
  5
8E1
330
1F
100
AcDbEntity
  8
0
  6
Continuous
 62
     4
100
AcDbLine
 10
-15.00029706046706
 20
40.00019999998681
 30
0.0
 11
-11.00029706046706
 21
44.00019999998681
 31
0.0
  0
LINE
  5
8E2
330
1F
100
AcDbEntity
  8
0
  6
Continuous
 62
     4
100
AcDbLine
 10
-15.00029706046706
 20
33.00019999998681
 30
0.0
 11
-15.00029706046706
 21
40.00019999998681
 31
0.0
  0
LINE
  5
8E3
330
1F
100
AcDbEntity
  8
0
  6
Continuous
 62
     4
100
AcDbLine
 10
-16.70029706046778
 20
33.00019999998681
 30
0.0
 11
-15.00029706046706
 21
33.00019999998681
 31
0.0
  0
LINE
  5
8E4
330
1F
100
AcDbEntity
  8
0
  6
Continuous
 62
     4
100
AcDbLine
 10
-16.70029706046778
 20
30.00019999998681
 30
0.0
 11
-16.70029706046778
 21
33.00019999998681
 31
0.0
  0
LINE
  5
8E5
330
1F
100
AcDbEntity
  8
0
  6
Continuous
 62
     4
100
AcDbLine
 10
9.899702939531669
 20
41.25019999998681
 30
0.0
 11
15.89970293953167
 21
41.25019999998681
 31
0.0
  0
LINE
  5
8E6
330
1F
100
AcDbEntity
  8
0
  6
Continuous
 62
     4
100
AcDbLine
 10
9.899702939531669
 20
32.75019999998681
 30
0.0
 11
15.89970293953167
 21
32.75019999998681
 31
0.0
  0
LINE
  5
8E7
330
1F
100
AcDbEntity
  8
0
  6
Continuous
 62
     4
100
AcDbLine
 10
-41.35029706037539
 20
40.75020000000006
 30
0.0
 11
-35.35029706037551
 21
40.75020000000006
 31
0.0
  0
LINE
  5
8E8
330
1F
100
AcDbEntity
  8
0
  6
Continuous
 62
     4
100
AcDbLine
 10
-41.35029706037539
 20
34.25020000000006
 30
0.0
 11
-35.35029706037551
 21
34.25020000000006
 31
0.0
  0
LINE
  5
8E9
330
1F
100
AcDbEntity
  8
0
  6
Continuous
 62
     7
100
AcDbLine
 10
53.68169274386521
 20
132.1817847571335
 30
0.0
 11
52.89970293959896
 21
132.2502000000001
 31
0.0
  0
LINE
  5
8EA
330
1F
100
AcDbEntity
  8
0
  6
Continuous
 62
     7
100
AcDbLine
 10
52.89970293959896
 20
127.7502000000001
 30
0.0
 11
52.89970293959896
 21
132.2502000000001
 31
0.0
  0
LINE
  5
8EB
330
1F
100
AcDbEntity
  8
0
  6
Continuous
 62
     7
100
AcDbLine
 10
52.89970293959896
 20
127.7502000000001
 30
0.0
 11
53.68169274386521
 21
127.8186152428658
 31
0.0
  0
LINE
  5
8EC
330
1F
100
AcDbEntity
  8
0
  6
Continuous
 62
     7
100
AcDbLine
 10
52.89970293959896
 20
127.7502000000001
 30
0.0
 11
52.89970293959896
 21
127.3501999999996
 31
0.0
  0
LINE
  5
8ED
330
1F
100
AcDbEntity
  8
0
  6
Continuous
 62
     7
100
AcDbLine
 10
52.89970293959896
 20
127.3501999999996
 30
0.0
 11
52.29970293959771
 21
127.3501999999996
 31
0.0
  0
LINE
  5
8EE
330
1F
100
AcDbEntity
  8
0
  6
Continuous
 62
     7
100
AcDbLine
 10
52.29970293959771
 20
127.3501999999996
 30
0.0
 11
52.29970293959771
 21
132.6501999999997
 31
0.0
  0
LINE
  5
8EF
330
1F
100
AcDbEntity
  8
0
  6
Continuous
 62
     7
100
AcDbLine
 10
52.29970293959771
 20
132.6501999999997
 30
0.0
 11
52.89970293959896
 21
132.6501999999997
 31
0.0
  0
LINE
  5
8F0
330
1F
100
AcDbEntity
  8
0
  6
Continuous
 62
     7
100
AcDbLine
 10
52.89970293959896
 20
132.6501999999997
 30
0.0
 11
52.89970293959896
 21
132.2502000000001
 31
0.0
  0
LINE
  5
8F1
330
1F
100
AcDbEntity
  8
0
  6
Continuous
 62
     7
100
AcDbLine
 10
52.29970293959771
 20
127.3501999999996
 30
0.0
 11
52.29970293959771
 21
127.5002000000001
 31
0.0
  0
LINE
  5
8F2
330
1F
100
AcDbEntity
  8
0
  6
Continuous
 62
     7
100
AcDbLine
 10
52.29970293959771
 20
127.5002000000001
 30
0.0
 11
51.7997029395977
 21
127.5002000000001
 31
0.0
  0
LINE
  5
8F3
330
1F
100
AcDbEntity
  8
0
  6
Continuous
 62
     7
100
AcDbLine
 10
51.7997029395977
 20
127.5002000000001
 30
0.0
 11
51.7997029395977
 21
132.5002000000001
 31
0.0
  0
LINE
  5
8F4
330
1F
100
AcDbEntity
  8
0
  6
Continuous
 62
     7
100
AcDbLine
 10
51.7997029395977
 20
132.5002000000001
 30
0.0
 11
52.29970293959771
 21
132.5002000000001
 31
0.0
  0
LINE
  5
8F5
330
1F
100
AcDbEntity
  8
0
  6
Continuous
 62
     7
100
AcDbLine
 10
52.29970293959771
 20
132.5002000000001
 30
0.0
 11
52.29970293959771
 21
132.6501999999997
 31
0.0
  0
LINE
  5
8F6
330
1F
100
AcDbEntity
  8
0
  6
Continuous
 62
     7
100
AcDbLine
 10
51.7997029395977
 20
133.0002000000329
 30
0.0
 11
59.0997029395997
 21
133.0002000000329
 31
0.0
  0
LINE
  5
8F7
330
1F
100
AcDbEntity
  8
0
  6
Continuous
 62
     7
100
AcDbLine
 10
51.7997029395977
 20
127.0001999999901
 30
0.0
 11
51.7997029395977
 21
133.0002000000329
 31
0.0
  0
LINE
  5
8F8
330
1F
100
AcDbEntity
  8
0
  6
Continuous
 62
     7
100
AcDbLine
 10
59.0997029395997
 20
127.0001999999901
 30
0.0
 11
51.7997029395977
 21
127.0001999999901
 31
0.0
  0
LINE
  5
9DD
330
1F
100
AcDbEntity
  8
0
  6
Continuous
 62
     7
100
AcDbLine
 10
3.62551093859645
 20
-204.4640482586691
 30
0.0
 11
14.62551093859656
 21
-204.4640482586691
 31
0.0
  0
LINE
  5
9DE
330
1F
100
AcDbEntity
  8
0
  6
Continuous
 62
     7
100
AcDbLine
 10
2.12551093859656
 20
-205.9640482586677
 30
0.0
 11
-1.874489061402409
 21
-205.9640482586677
 31
0.0
  0
LINE
  5
9DF
330
1F
100
AcDbEntity
  8
0
  6
Continuous
 62
     7
100
AcDbLine
 10
2.12551093859656
 20
-205.9640482586677
 30
0.0
 11
3.62551093859645
 21
-204.4640482586691
 31
0.0
  0
LINE
  5
9E0
330
1F
100
AcDbEntity
  8
0
  6
Continuous
 62
     7
100
AcDbLine
 10
-6.874489061402409
 20
-196.9640482586691
 30
0.0
 11
-6.874489061402409
 21
-214.1032374570444
 31
0.0
  0
LINE
  5
9E1
330
1F
100
AcDbEntity
  8
0
  6
Continuous
 62
     7
100
AcDbLine
 10
-5.37448906140344
 20
-198.4640482586677
 30
0.0
 11
-6.874489061402409
 21
-196.9640482586691
 31
0.0
  0
LINE
  5
9E2
330
1F
100
AcDbEntity
  8
0
  6
Continuous
 62
     7
100
AcDbLine
 10
-5.37448906140344
 20
-198.4640482586677
 30
0.0
 11
-5.37448906140344
 21
-214.3231731274549
 31
0.0
  0
LINE
  5
9E3
330
1F
100
AcDbEntity
  8
0
  6
Continuous
 62
     7
100
AcDbLine
 10
2.12551093859656
 20
-205.9640482586677
 30
0.0
 11
2.12551093859656
 21
-213.4236324031002
 31
0.0
  0
LINE
  5
9E4
330
1F
100
AcDbEntity
  8
0
  6
Continuous
 62
     7
100
AcDbLine
 10
3.62551093859645
 20
-204.4640482586691
 30
0.0
 11
3.62551093859645
 21
-211.6910826601796
 31
0.0
  0
LINE
  5
9E5
330
1F
100
AcDbEntity
  8
0
  6
Continuous
 62
     7
100
AcDbLine
 10
-17.87448906140344
 20
-196.9640482586691
 30
0.0
 11
-6.874489061402409
 21
-196.9640482586691
 31
0.0
  0
LINE
  5
9E9
330
1F
100
AcDbEntity
  8
0
  6
Continuous
 62
     7
100
AcDbLine
 10
-17.1002970604697
 20
-29.9997999999872
 30
0.0
 11
-17.00029706046934
 21
-29.89979999998593
 31
0.0
  0
LINE
  5
9EA
330
1F
100
AcDbEntity
  8
0
  6
Continuous
 62
     7
100
AcDbLine
 10
-17.00029706046934
 20
-29.89980000000321
 30
0.0
 11
-16.90029706046806
 21
-29.99980000000448
 31
0.0
  0
ARC
  5
A63
330
1F
100
AcDbEntity
  8
0
  6
Continuous
 62
     7
100
AcDbCircle
 10
48.69970293992565
 20
105.9002000000006
 30
0.0
 40
0.1999999999979991
100
AcDbArc
 50
90.0
 51
180.0
  0
ARC
  5
A64
330
1F
100
AcDbEntity
  8
0
  6
Continuous
 62
     7
100
AcDbCircle
 10
47.29970293857724
 20
104.7002000000181
 30
0.0
 40
0.3000000000001961
100
AcDbArc
 50
90.0
 51
179.999999998434
  0
ARC
  5
A65
330
1F
100
AcDbEntity
  8
0
  6
Continuous
 62
     7
100
AcDbCircle
 10
47.29970293857724
 20
155.3001999999803
 30
0.0
 40
0.2999999999983629
100
AcDbArc
 50
180.0000000001683
 51
270.0
  0
ARC
  5
A66
330
1F
100
AcDbEntity
  8
0
  6
Continuous
 62
     7
100
AcDbCircle
 10
48.69970293992565
 20
154.1002000000005
 30
0.0
 40
0.1999999999998181
100
AcDbArc
 50
180.0000000005455
 51
270.0
  0
ARC
  5
A67
330
1F
100
AcDbEntity
  8
0
  6
Continuous
 62
     7
100
AcDbCircle
 10
48.69970293992565
 20
-108.0144786820144
 30
0.0
 40
0.1999999999998181
100
AcDbArc
 50
180.0000000005211
 51
270.0
  0
ARC
  5
A68
330
1F
100
AcDbEntity
  8
0
  6
Continuous
 62
     7
100
AcDbCircle
 10
47.29970293857724
 20
-106.8144786820346
 30
0.0
 40
0.2999999999983629
100
AcDbArc
 50
180.0000000001736
 51
270.0
  0
ARC
  5
A69
330
1F
100
AcDbEntity
  8
0
  6
Continuous
 62
     7
100
AcDbCircle
 10
47.29970293857724
 20
-157.4144786819968
 30
0.0
 40
0.3000000000000966
100
AcDbArc
 50
90.0
 51
179.9999999984338
  0
ARC
  5
A6A
330
1F
100
AcDbEntity
  8
0
  6
Continuous
 62
     7
100
AcDbCircle
 10
48.69970293992565
 20
-156.2144786820143
 30
0.0
 40
0.1999999999979991
100
AcDbArc
 50
90.0
 51
180.0
  0
ARC
  5
A6B
330
1F
100
AcDbEntity
  8
0
  6
Continuous
 62
     7
100
AcDbCircle
 10
53.61196814899842
 20
-112.9763289043592
 30
0.0
 40
0.799999999999579
100
AcDbArc
 50
39.28171382970481
 51
84.99999999991977
  0
ARC
  5
A6C
330
1F
100
AcDbEntity
  8
0
  6
Continuous
 62
     7
100
AcDbCircle
 10
53.61196814899842
 20
-151.2526284596694
 30
0.0
 40
0.7999999999996043
100
AcDbArc
 50
275.0000000000802
 51
320.7182861702448
  0
ARC
  5
A6D
330
1F
100
AcDbEntity
  8
0
  6
DASH_CENTER
 62
     1
100
AcDbCircle
 10
182.1409295791749
 20
0.0002000010569
 30
0.0
 40
20.49999999998863
100
AcDbArc
 50
195.9905471840462
 51
224.0094528203657
  0
ARC
  5
A6E
330
1F
100
AcDbEntity
  8
0
  6
DASH_CENTER
 62
     1
100
AcDbCircle
 10
182.1409295791884
 20
0.00019999893505
 30
0.0
 40
20.49999999998867
100
AcDbArc
 50
315.9905471862896
 51
344.0094528226116
  0
ARC
  5
A6F
330
1F
100
AcDbEntity
  8
0
  6
Continuous
 62
     7
100
AcDbCircle
 10
204.8034258440742
 20
-9.04254643358433
 30
0.0
 40
0.5000000000007729
100
AcDbArc
 50
240.0000000043909
 51
284.6487951837712
  0
ARC
  5
A70
330
1F
100
AcDbEntity
  8
0
  6
Continuous
 62
     7
100
AcDbCircle
 10
199.8944503575561
 20
-10.24979999968161
 30
0.0
 40
3.000000000022831
100
AcDbArc
 50
60.00000000448373
 51
240.0000000044837
  0
ARC
  5
A71
330
1F
100
AcDbEntity
  8
0
  6
Continuous
 62
     7
100
AcDbCircle
 10
201.3034258445217
 20
-15.10472426038666
 30
0.0
 40
0.5000000000024329
100
AcDbArc
 50
15.35120489267075
 51
60.00000000448139
  0
ARC
  5
A72
330
1F
100
AcDbEntity
  8
0
  6
Continuous
 62
     7
100
AcDbCircle
 10
162.9784333155979
 20
-15.10472426049307
 30
0.0
 40
0.4999999999993751
100
AcDbArc
 50
120.0000000022113
 51
164.6487948778004
  0
ARC
  5
A73
330
1F
100
AcDbEntity
  8
0
  6
Continuous
 62
     7
100
AcDbCircle
 10
164.3874088020004
 20
-10.24979999961977
 30
0.0
 40
3.000000000020238
100
AcDbArc
 50
300.0000000022043
 51
120.0000000022863
  0
ARC
  5
A74
330
1F
100
AcDbEntity
  8
0
  6
Continuous
 62
     7
100
AcDbCircle
 10
159.4784333153451
 20
-9.042546434099108
 30
0.0
 40
0.4999999999986298
100
AcDbArc
 50
255.3512051936038
 51
300.0000000021121
  0
ARC
  5
A75
330
1F
100
AcDbEntity
  8
0
  6
Continuous
 62
     7
100
AcDbCircle
 10
185.6409295810539
 20
24.14787069509805
 30
0.0
 40
0.4999999999988898
100
AcDbArc
 50
135.3512050060705
 51
180.0
  0
ARC
  5
A76
330
1F
100
AcDbEntity
  8
0
  6
DASH_CENTER
 62
     1
100
AcDbCircle
 10
182.1409295810211
 20
0.00020000000734
 30
0.0
 40
20.49999999998895
100
AcDbArc
 50
75.99054718180942
 51
104.009452818131
  0
ARC
  5
A77
330
1F
100
AcDbEntity
  8
0
  6
Continuous
 62
     7
100
AcDbCircle
 10
182.140929581032
 20
20.50019999999643
 30
0.0
 40
3.00000000002089
100
AcDbArc
 50
180.0
 51
0.0
  0
ARC
  5
A78
330
1F
100
AcDbEntity
  8
0
  6
Continuous
 62
     7
100
AcDbCircle
 10
178.6409295810111
 20
24.1478706951026
 30
0.0
 40
0.5
100
AcDbArc
 50
0.0
 51
44.64879499364663
  0
ARC
  5
A79
330
1F
100
AcDbEntity
  8
0
  6
Continuous
 62
     7
100
AcDbCircle
 10
165.492077059719
 20
148.0002
 30
0.0
 40
2.5
100
AcDbArc
 50
90.0
 51
180.0
  0
ARC
  5
A7A
330
1F
100
AcDbEntity
  8
0
  6
Continuous
 62
     7
100
AcDbCircle
 10
165.492077059719
 20
148.0002
 30
0.0
 40
2.5
100
AcDbArc
 50
180.0
 51
270.0
  0
ARC
  5
A7B
330
1F
100
AcDbEntity
  8
0
  6
Continuous
 62
     7
100
AcDbCircle
 10
150.19207706037
 20
105.9001999999996
 30
0.0
 40
0.1999999999988944
100
AcDbArc
 50
90.0
 51
180.0
  0
ARC
  5
A7C
330
1F
100
AcDbEntity
  8
0
  6
Continuous
 62
     7
100
AcDbCircle
 10
155.1043422694428
 20
118.365571001325
 30
0.0
 40
0.7999999999995908
100
AcDbArc
 50
275.0000000000807
 51
344.5572841723284
  0
ARC
  5
A7D
330
1F
100
AcDbEntity
  8
0
  6
Continuous
 62
     7
100
AcDbCircle
 10
150.0920770593711
 20
119.7501999999854
 30
0.0
 40
6.0
100
AcDbArc
 50
0.0
 51
6.769512896379016
  0
ARC
  5
A7E
330
1F
100
AcDbEntity
  8
0
  6
Continuous
 62
     7
100
AcDbCircle
 10
150.0920770593711
 20
119.7501999999854
 30
0.0
 40
5.999999999995833
100
AcDbArc
 50
344.5572841724141
 51
0.0
  0
ARC
  5
A7F
330
1F
100
AcDbEntity
  8
0
  6
Continuous
 62
     7
100
AcDbCircle
 10
148.7920770590216
 20
104.700200000018
 30
0.0
 40
0.3000000000000966
100
AcDbArc
 50
90.0
 51
179.9999999984529
  0
ARC
  5
A80
330
1F
100
AcDbEntity
  8
0
  6
Continuous
 62
     7
100
AcDbCircle
 10
148.7920770590216
 20
155.300199999981
 30
0.0
 40
0.2999999999992013
100
AcDbArc
 50
180.000000000342
 51
270.0
  0
ARC
  5
A81
330
1F
100
AcDbEntity
  8
0
  6
Continuous
 62
     7
100
AcDbCircle
 10
150.19207706037
 20
154.1002000000012
 30
0.0
 40
0.2000000000006992
100
AcDbArc
 50
180.0000000010259
 51
270.0
  0
ARC
  5
A82
330
1F
100
AcDbEntity
  8
0
  6
Continuous
 62
     7
100
AcDbCircle
 10
48.69970293992611
 20
24.10020000000043
 30
0.0
 40
0.1999999999998252
100
AcDbArc
 50
180.0000000005221
 51
270.0
  0
ARC
  5
A83
330
1F
100
AcDbEntity
  8
0
  6
Continuous
 62
     7
100
AcDbCircle
 10
47.2997029385786
 20
25.30019999998115
 30
0.0
 40
0.2999999999992653
100
AcDbArc
 50
180.000000000521
 51
270.0
  0
ARC
  5
A84
330
1F
100
AcDbEntity
  8
0
  6
Continuous
 62
     7
100
AcDbCircle
 10
47.2997029385786
 20
-25.29979999998193
 30
0.0
 40
0.3000000000001783
100
AcDbArc
 50
90.0
 51
179.999999998436
  0
ARC
  5
A85
330
1F
100
AcDbEntity
  8
0
  6
Continuous
 62
     7
100
AcDbCircle
 10
48.59970293877889
 20
-10.24980000001449
 30
0.0
 40
5.99999999999526
100
AcDbArc
 50
344.5572841724032
 51
0.0
  0
ARC
  5
A86
330
1F
100
AcDbEntity
  8
0
  6
Continuous
 62
     7
100
AcDbCircle
 10
48.59970293877889
 20
-10.24980000001449
 30
0.0
 40
6.0
100
AcDbArc
 50
0.0
 51
6.76951289637024
  0
ARC
  5
A87
330
1F
100
AcDbEntity
  8
0
  6
Continuous
 62
     7
100
AcDbCircle
 10
53.6119681488488
 20
-11.63442899867494
 30
0.0
 40
0.7999999999987728
100
AcDbArc
 50
275.0000000001513
 51
344.5572841722828
  0
ARC
  5
A88
330
1F
100
AcDbEntity
  8
0
  6
Continuous
 62
     7
100
AcDbCircle
 10
48.69970293992611
 20
-24.09979999999939
 30
0.0
 40
0.1999999999979991
100
AcDbArc
 50
90.0
 51
180.0
  0
ARC
  5
A89
330
1F
100
AcDbEntity
  8
0
  6
DASH_CENTER
 62
     1
100
AcDbCircle
 10
182.1409295810211
 20
0.00020000000006
 30
0.0
 40
35.00000000000376
100
AcDbArc
 50
217.2181643696625
 51
232.7818356303402
  0
ARC
  5
A8A
330
1F
100
AcDbEntity
  8
0
  6
Continuous
 62
     7
100
AcDbCircle
 10
157.1409295810194
 20
-24.99980000000266
 30
0.0
 40
5.0
100
AcDbArc
 50
180.0
 51
270.0
  0
ARC
  5
A8B
330
1F
100
AcDbEntity
  8
0
  6
DASH_CENTER
 62
     1
100
AcDbCircle
 10
182.1409295810211
 20
0.00019999999733
 30
0.0
 40
35.00000000000372
100
AcDbArc
 50
127.2181643696627
 51
142.7818356303386
  0
ARC
  5
A8C
330
1F
100
AcDbEntity
  8
0
  6
Continuous
 62
     7
100
AcDbCircle
 10
157.1409295810167
 20
25.00020000000009
 30
0.0
 40
5.0
100
AcDbArc
 50
90.0
 51
180.0
  0
ARC
  5
A8D
330
1F
100
AcDbEntity
  8
0
  6
Continuous
 62
     7
100
AcDbCircle
 10
207.1409295810239
 20
25.00020000000009
 30
0.0
 40
5.0
100
AcDbArc
 50
0.0
 51
90.0
  0
ARC
  5
A8E
330
1F
100
AcDbEntity
  8
0
  6
DASH_CENTER
 62
     1
100
AcDbCircle
 10
182.1409295810211
 20
0.00019999999733
 30
0.0
 40
35.00000000000239
100
AcDbArc
 50
37.21816436966237
 51
52.78183563033952
  0
ARC
  5
A8F
330
1F
100
AcDbEntity
  8
0
  6
Continuous
 62
     7
100
AcDbCircle
 10
207.1409295810221
 20
-24.99980000000266
 30
0.0
 40
5.0
100
AcDbArc
 50
270.0
 51
0.0
  0
ARC
  5
A90
330
1F
100
AcDbEntity
  8
0
  6
DASH_CENTER
 62
     1
100
AcDbCircle
 10
182.1409295810211
 20
0.00020000000006
 30
0.0
 40
35.00000000000361
100
AcDbArc
 50
307.2181643696574
 51
322.7818356303363
  0
ARC
  5
A91
330
1F
100
AcDbEntity
  8
0
  6
Continuous
 62
     7
100
AcDbCircle
 10
192.3409295810209
 20
28.85019999999949
 30
0.0
 40
4.499999999998528
100
AcDbArc
 50
73.61231286969076
 51
90.0
  0
ARC
  5
A92
330
1F
100
AcDbEntity
  8
0
  6
Continuous
 62
     7
100
AcDbCircle
 10
193.441257226222
 20
32.59176104763689
 30
0.0
 40
0.5999999999943229
100
AcDbArc
 50
5.00000000012432
 51
73.61231287021228
  0
ARC
  5
A93
330
1F
100
AcDbEntity
  8
0
  6
Continuous
 62
     7
100
AcDbCircle
 10
191.2406019358198
 20
32.59176104763689
 30
0.0
 40
0.5999999999993364
100
AcDbArc
 50
106.3876871296886
 51
174.9999999998743
  0
ARC
  5
A94
330
1F
100
AcDbEntity
  8
0
  6
Continuous
 62
     7
100
AcDbCircle
 10
192.3409295810209
 20
28.85019999999949
 30
0.0
 40
4.5
100
AcDbArc
 50
90.0
 51
106.3876871302961
  0
ARC
  5
A95
330
1F
100
AcDbEntity
  8
0
  6
Continuous
 62
     4
100
AcDbCircle
 10
192.3409295810209
 20
35.4001999999979
 30
0.0
 40
0.6000000003030949
100
AcDbArc
 50
0.00181965276244
 51
179.9981803472376
  0
ARC
  5
A98
330
1F
100
AcDbEntity
  8
0
  6
Continuous
 62
     7
100
AcDbCircle
 10
-65.51256227248558
 20
104.8848289986614
 30
0.0
 40
0.799999999998798
100
AcDbArc
 50
94.99999999943192
 51
164.5572841724084
  0
ARC
  5
A99
330
1F
100
AcDbEntity
  8
0
  6
Continuous
 62
     7
100
AcDbCircle
 10
-60.50029706241656
 20
103.5002000000001
 30
0.0
 40
6.000000000000007
100
AcDbArc
 50
180.0
 51
195.442715827583
  0
ARC
  5
A9A
330
1F
100
AcDbEntity
  8
0
  6
Continuous
 62
     7
100
AcDbCircle
 10
-65.51256227248558
 20
102.1155710013415
 30
0.0
 40
0.799999999994446
100
AcDbArc
 50
195.442715827723
 51
265.00000000058
  0
ARC
  5
A9B
330
1F
100
AcDbEntity
  8
0
  6
Continuous
 62
     7
100
AcDbCircle
 10
-60.50029706241656
 20
103.5002000000001
 30
0.0
 40
5.999999999994137
100
AcDbArc
 50
164.5572841724098
 51
180.0
  0
ARC
  5
A9C
330
1F
100
AcDbEntity
  8
0
  6
Continuous
 62
     7
100
AcDbCircle
 10
-60.50029706241656
 20
156.5002000000001
 30
0.0
 40
5.999999999994146
100
AcDbArc
 50
164.5572841724095
 51
180.0
  0
ARC
  5
A9D
330
1F
100
AcDbEntity
  8
0
  6
Continuous
 62
     7
100
AcDbCircle
 10
-65.51256227248558
 20
155.1155710013415
 30
0.0
 40
0.799999999994446
100
AcDbArc
 50
195.442715827723
 51
265.0000000005799
  0
ARC
  5
A9E
330
1F
100
AcDbEntity
  8
0
  6
Continuous
 62
     7
100
AcDbCircle
 10
-60.50029706241656
 20
156.5002000000001
 30
0.0
 40
6.000000000000007
100
AcDbArc
 50
180.0
 51
195.4427158275829
  0
ARC
  5
A9F
330
1F
100
AcDbEntity
  8
0
  6
Continuous
 62
     7
100
AcDbCircle
 10
-65.51256227248558
 20
157.8848289986614
 30
0.0
 40
0.7999999999988123
100
AcDbArc
 50
94.99999999943183
 51
164.5572841724064
  0
ARC
  5
AA0
330
1F
100
AcDbEntity
  8
0
  6
Continuous
 62
     7
100
AcDbCircle
 10
-59.60029706241693
 20
139.5002000000001
 30
0.0
 40
5.999999999994138
100
AcDbArc
 50
164.5572841724095
 51
180.0
  0
ARC
  5
AA1
330
1F
100
AcDbEntity
  8
0
  6
Continuous
 62
     7
100
AcDbCircle
 10
-64.61256227248594
 20
138.1155710013415
 30
0.0
 40
0.799999999994446
100
AcDbArc
 50
195.442715827723
 51
265.0000000005799
  0
ARC
  5
AA2
330
1F
100
AcDbEntity
  8
0
  6
Continuous
 62
     7
100
AcDbCircle
 10
-59.60029706241693
 20
139.5002000000001
 30
0.0
 40
6.0
100
AcDbArc
 50
180.0
 51
195.4427158275829
  0
ARC
  5
AA3
330
1F
100
AcDbEntity
  8
0
  6
Continuous
 62
     7
100
AcDbCircle
 10
-64.61256227248594
 20
140.8848289986614
 30
0.0
 40
0.7999999999988123
100
AcDbArc
 50
94.99999999943183
 51
164.5572841724064
  0
ARC
  5
AA4
330
1F
100
AcDbEntity
  8
0
  6
Continuous
 62
     7
100
AcDbCircle
 10
-64.80029706239583
 20
110.8045204169045
 30
0.0
 40
2.000000000020008
100
AcDbArc
 50
180.0000000001575
 51
224.0289780688267
  0
ARC
  5
AA5
330
1F
100
AcDbEntity
  8
0
  6
Continuous
 62
     7
100
AcDbCircle
 10
-64.90029706240711
 20
106.5915591662048
 30
0.0
 40
0.9999999999918143
100
AcDbArc
 50
0.0
 51
44.02897806923497
  0
ARC
  5
AA6
330
1F
100
AcDbEntity
  8
0
  6
Continuous
 62
     7
100
AcDbCircle
 10
-64.90029706240711
 20
153.4088408337954
 30
0.0
 40
0.9999999999929359
100
AcDbArc
 50
315.9710219307644
 51
0.0000000001547
  0
ARC
  5
AA7
330
1F
100
AcDbEntity
  8
0
  6
Continuous
 62
     7
100
AcDbCircle
 10
-64.80029706239583
 20
149.1958795830948
 30
0.0
 40
2.000000000014384
100
AcDbArc
 50
135.9710219311566
 51
179.9999999997655
  0
ARC
  5
AA8
330
1F
100
AcDbEntity
  8
0
  6
Continuous
 62
     7
100
AcDbCircle
 10
-4.000297062517519
 20
140.2001999999999
 30
0.0
 40
2.399999999999947
100
AcDbArc
 50
119.9999999999957
 51
267.6119845367447
  0
ARC
  5
AA9
330
1F
100
AcDbEntity
  8
0
  6
Continuous
 62
     7
100
AcDbCircle
 10
-56.2595902013847
 20
148.1798806294697
 30
0.0
 40
0.9999999999986856
100
AcDbArc
 50
95.00000000008524
 51
163.7429721033512
  0
ARC
  5
AAA
330
1F
100
AcDbEntity
  8
0
  6
Continuous
 62
     7
100
AcDbCircle
 10
-50.49949706125442
 20
146.5001999999974
 30
0.0
 40
6.999999999994206
100
AcDbArc
 50
163.7429721033824
 51
180.0
  0
ARC
  5
AAB
330
1F
100
AcDbEntity
  8
0
  6
Continuous
 62
     7
100
AcDbCircle
 10
-50.49949706125442
 20
146.5001999999974
 30
0.0
 40
7.0
100
AcDbArc
 50
180.0
 51
196.2570278966042
  0
ARC
  5
AAC
330
1F
100
AcDbEntity
  8
0
  6
Continuous
 62
     7
100
AcDbCircle
 10
-56.2595902013847
 20
144.8205193705277
 30
0.0
 40
0.9999999999944424
100
AcDbArc
 50
196.2570278966988
 51
264.9999999999283
  0
ARC
  5
AAD
330
1F
100
AcDbEntity
  8
0
  6
Continuous
 62
     7
100
AcDbCircle
 10
-142.2510898553666
 20
24.74893734152704
 30
0.0
 40
2.249999999999001
100
AcDbArc
 50
303.7876673519386
 51
33.78766735175921
  0
ARC
  5
AAE
330
1F
100
AcDbEntity
  8
0
  6
Continuous
 62
     7
100
AcDbCircle
 10
-140.4998271968899
 20
20.50019999999734
 30
0.0
 40
0.4999999999982094
100
AcDbArc
 50
180.0
 51
270.0
  0
ARC
  5
AAF
330
1F
100
AcDbEntity
  8
0
  6
Continuous
 62
     7
100
AcDbCircle
 10
-141.2498271968881
 20
-25.74979999999995
 30
0.0
 40
6.0
100
AcDbArc
 50
90.0
 51
145.1500954209736
  0
ARC
  5
AB0
330
1F
100
AcDbEntity
  8
0
  6
Continuous
 62
     7
100
AcDbCircle
 10
-140.249827196888
 20
-16.74979999999994
 30
0.0
 40
3.0
100
AcDbArc
 50
270.0
 51
0.0
  0
ARC
  5
AB1
330
1F
100
AcDbEntity
  8
0
  6
Continuous
 62
     7
100
AcDbCircle
 10
-150.4498271968879
 20
-26.54980000000194
 30
0.0
 40
3.800000000002001
100
AcDbArc
 50
90.0
 51
180.0
  0
ARC
  5
AB2
330
1F
100
AcDbEntity
  8
0
  6
Continuous
 62
     7
100
AcDbCircle
 10
-155.2498271968881
 20
-28.74979999999995
 30
0.0
 40
1.0
100
AcDbArc
 50
270.0
 51
0.0
  0
ARC
  5
AB3
330
1F
100
AcDbEntity
  8
0
  6
Continuous
 62
     7
100
AcDbCircle
 10
-146.9943898434276
 20
-21.74979999999994
 30
0.0
 40
1.0
100
AcDbArc
 50
270.0
 51
325.1500954208847
  0
ARC
  5
AB4
330
1F
100
AcDbEntity
  8
0
  6
Continuous
 62
     7
100
AcDbCircle
 10
-187.0052645503484
 20
21.75020000000006
 30
0.0
 40
1.0
100
AcDbArc
 50
90.0
 51
145.1500954209866
  0
ARC
  5
AB5
330
1F
100
AcDbEntity
  8
0
  6
Continuous
 62
     7
100
AcDbCircle
 10
-178.7498271968881
 20
28.75020000000009
 30
0.0
 40
1.0
100
AcDbArc
 50
89.99999999994789
 51
180.0
  0
ARC
  5
AB6
330
1F
100
AcDbEntity
  8
0
  6
Continuous
 62
     7
100
AcDbCircle
 10
-192.749827196888
 20
-25.74979999999995
 30
0.0
 40
6.0
100
AcDbArc
 50
0.0
 51
90.0
  0
ARC
  5
AB7
330
1F
100
AcDbEntity
  8
0
  6
Continuous
 62
     7
100
AcDbCircle
 10
-193.7498271968872
 20
-16.74979999999994
 30
0.0
 40
3.0
100
AcDbArc
 50
180.0
 51
270.0
  0
ARC
  5
AB8
330
1F
100
AcDbEntity
  8
0
  6
Continuous
 62
     7
100
AcDbCircle
 10
-183.7498271968881
 20
-26.74979999999994
 30
0.0
 40
2.999999999999886
100
AcDbArc
 50
180.0
 51
270.0
  0
ARC
  5
AB9
330
1F
100
AcDbEntity
  8
0
  6
Continuous
 62
     7
100
AcDbCircle
 10
-193.7498271968872
 20
16.75020000000006
 30
0.0
 40
3.0
100
AcDbArc
 50
90.0
 51
180.0
  0
ARC
  5
ABA
330
1F
100
AcDbEntity
  8
0
  6
Continuous
 62
     7
100
AcDbCircle
 10
-192.749827196888
 20
25.75020000000009
 30
0.0
 40
6.000000000000027
100
AcDbArc
 50
270.0
 51
325.1500954209564
  0
ARC
  5
ABB
330
1F
100
AcDbEntity
  8
0
  6
Continuous
 62
     7
100
AcDbCircle
 10
-142.2498271968881
 20
28.75020000000009
 30
0.0
 40
1.0
100
AcDbArc
 50
0.0
 51
90.0
  0
ARC
  5
ABC
330
1F
100
AcDbEntity
  8
0
  6
Continuous
 62
     7
100
AcDbCircle
 10
-140.7498271968881
 20
20.25020000000006
 30
0.0
 40
0.5
100
AcDbArc
 50
180.0
 51
270.0
  0
ARC
  5
ABD
330
1F
100
AcDbEntity
  8
0
  6
Continuous
 62
     7
100
AcDbCircle
 10
-183.5498271968974
 20
26.55020000001208
 30
0.0
 40
3.800000000012019
100
AcDbArc
 50
270.0000000001239
 51
359.9999999998494
  0
ARC
  5
ABE
330
1F
100
AcDbEntity
  8
0
  6
Continuous
 62
     7
100
AcDbCircle
 10
-140.249827196888
 20
16.75020000000006
 30
0.0
 40
3.0
100
AcDbArc
 50
0.0
 51
90.0
  0
ARC
  5
ABF
330
1F
100
AcDbEntity
  8
0
  6
Continuous
 62
     7
100
AcDbCircle
 10
-187.2552645503566
 20
22.00020000000188
 30
0.0
 40
1.0
100
AcDbArc
 50
90.0
 51
145.150095420986
  0
ARC
  5
AC0
330
1F
100
AcDbEntity
  8
0
  6
Continuous
 62
     7
100
AcDbCircle
 10
-154.999827196888
 20
-28.99979999999994
 30
0.0
 40
1.0
100
AcDbArc
 50
270.0
 51
0.0
  0
ARC
  5
AC1
330
1F
100
AcDbEntity
  8
0
  6
Continuous
 62
     7
100
AcDbCircle
 10
-146.7443898434277
 20
-21.99979999999994
 30
0.0
 40
1.0
100
AcDbArc
 50
270.0
 51
325.1500954209135
  0
ARC
  5
AC2
330
1F
100
AcDbEntity
  8
0
  6
Continuous
 62
     7
100
AcDbCircle
 10
-183.4998271968881
 20
26.50020000000009
 30
0.0
 40
3.499999999998208
100
AcDbArc
 50
270.0
 51
0.0
  0
ARC
  5
AC3
330
1F
100
AcDbEntity
  8
0
  6
Continuous
 62
     7
100
AcDbCircle
 10
-150.499827196888
 20
-26.49979999999994
 30
0.0
 40
3.49999999999546
100
AcDbArc
 50
90.0
 51
180.0
  0
ARC
  5
AC4
330
1F
100
AcDbEntity
  8
0
  6
Continuous
 62
     7
100
AcDbCircle
 10
-192.999827196888
 20
-25.99979999999995
 30
0.0
 40
6.0
100
AcDbArc
 50
0.0
 51
90.0
  0
ARC
  5
AC5
330
1F
100
AcDbEntity
  8
0
  6
Continuous
 62
     7
100
AcDbCircle
 10
-183.999827196888
 20
-26.99979999999995
 30
0.0
 40
2.999999999999886
100
AcDbArc
 50
180.0
 51
270.0
  0
ARC
  5
AC6
330
1F
100
AcDbEntity
  8
0
  6
Continuous
 62
     7
100
AcDbCircle
 10
-193.999827196888
 20
-16.99979999999994
 30
0.0
 40
3.0
100
AcDbArc
 50
180.0
 51
270.0
  0
ARC
  5
AC7
330
1F
100
AcDbEntity
  8
0
  6
Continuous
 62
     7
100
AcDbCircle
 10
-193.999827196888
 20
17.00020000000006
 30
0.0
 40
3.0
100
AcDbArc
 50
90.0
 51
180.0
  0
ARC
  5
AC8
330
1F
100
AcDbEntity
  8
0
  6
Continuous
 62
     7
100
AcDbCircle
 10
-192.999827196888
 20
26.00020000000009
 30
0.0
 40
6.000000000000027
100
AcDbArc
 50
270.0
 51
0.0
  0
ARC
  5
AC9
330
1F
100
AcDbEntity
  8
0
  6
Continuous
 62
     7
100
AcDbCircle
 10
-139.9998271968881
 20
17.00020000000006
 30
0.0
 40
3.0
100
AcDbArc
 50
0.0
 51
90.0
  0
ARC
  5
ACA
330
1F
100
AcDbEntity
  8
0
  6
Continuous
 62
     7
100
AcDbCircle
 10
-149.9998271968881
 20
-26.99979999999995
 30
0.0
 40
3.0
100
AcDbArc
 50
270.0
 51
0.0
  0
ARC
  5
ACB
330
1F
100
AcDbEntity
  8
0
  6
Continuous
 62
     7
100
AcDbCircle
 10
-139.9998271968881
 20
-16.99979999999994
 30
0.0
 40
3.0
100
AcDbArc
 50
270.0
 51
0.0
  0
ARC
  5
ACC
330
1F
100
AcDbEntity
  8
0
  6
Continuous
 62
     7
100
AcDbCircle
 10
-140.9998271968881
 20
-25.99979999999995
 30
0.0
 40
6.0
100
AcDbArc
 50
90.0
 51
180.0
  0
ARC
  5
ACD
330
1F
100
AcDbEntity
  8
0
  6
Continuous
 62
     7
100
AcDbCircle
 10
-184.999827196888
 20
28.00020000000009
 30
0.0
 40
2.0
100
AcDbArc
 50
90.0
 51
180.0
  0
ARC
  5
ACE
330
1F
100
AcDbEntity
  8
0
  6
DASH_CENTER
 62
     1
100
AcDbCircle
 10
-166.9998271968881
 20
0.00020000000006
 30
0.0
 40
34.9999999999992
100
AcDbArc
 50
127.2181643696627
 51
142.7818356303522
  0
ARC
  5
ACF
330
1F
100
AcDbEntity
  8
0
  6
Continuous
 62
     7
100
AcDbCircle
 10
-191.999827196888
 20
25.00020000000009
 30
0.0
 40
5.0
100
AcDbArc
 50
90.0
 51
180.0
  0
ARC
  5
AD0
330
1F
100
AcDbEntity
  8
0
  6
DASH_CENTER
 62
     1
100
AcDbCircle
 10
-166.9998271968881
 20
0.00020000000006
 30
0.0
 40
34.99999999999721
100
AcDbArc
 50
37.21816436965578
 51
52.78183563034563
  0
ARC
  5
AD1
330
1F
100
AcDbEntity
  8
0
  6
DASH_CENTER
 62
     1
100
AcDbCircle
 10
-166.9998271968881
 20
0.00020000000006
 30
0.0
 40
34.99999999999751
100
AcDbArc
 50
307.2181643696516
 51
322.7818356303383
  0
ARC
  5
AD2
330
1F
100
AcDbEntity
  8
0
  6
Continuous
 62
     7
100
AcDbCircle
 10
-141.9998271968881
 20
-24.99979999999994
 30
0.0
 40
5.0
100
AcDbArc
 50
270.0
 51
0.0
  0
ARC
  5
AD3
330
1F
100
AcDbEntity
  8
0
  6
Continuous
 62
     7
100
AcDbCircle
 10
-191.999827196888
 20
-24.99979999999994
 30
0.0
 40
5.0
100
AcDbArc
 50
180.0
 51
270.0
  0
ARC
  5
AD4
330
1F
100
AcDbEntity
  8
0
  6
DASH_CENTER
 62
     1
100
AcDbCircle
 10
-166.9998271968881
 20
0.00020000000006
 30
0.0
 40
35.00000000000641
100
AcDbArc
 50
217.2181643696537
 51
232.78183563034
  0
ARC
  5
AD5
330
1F
100
AcDbEntity
  8
0
  6
Continuous
 62
     7
100
AcDbCircle
 10
212.0957526880714
 20
130.0002000000001
 30
0.0
 40
6.999999999999986
100
AcDbArc
 50
270.0
 51
69.07516757236361
  0
ARC
  5
AD6
330
1F
100
AcDbEntity
  8
0
  6
Continuous
 62
     7
100
AcDbCircle
 10
212.0957526880714
 20
130.0002000000001
 30
0.0
 40
7.000000000000647
100
AcDbArc
 50
110.9248324276364
 51
270.0
  0
ARC
  5
AD7
330
1F
100
AcDbEntity
  8
0
  6
Continuous
 62
     7
100
AcDbCircle
 10
-65.51256227238646
 20
-157.2298496833534
 30
0.0
 40
0.799999999998798
100
AcDbArc
 50
94.99999999943192
 51
164.5572841724083
  0
ARC
  5
AD8
330
1F
100
AcDbEntity
  8
0
  6
Continuous
 62
     7
100
AcDbCircle
 10
-60.50029706231743
 20
-158.6144786820148
 30
0.0
 40
6.0
100
AcDbArc
 50
180.0
 51
195.4427158275821
  0
ARC
  5
AD9
330
1F
100
AcDbEntity
  8
0
  6
Continuous
 62
     7
100
AcDbCircle
 10
-65.51256227238646
 20
-159.9991076806735
 30
0.0
 40
0.7999999999944195
100
AcDbArc
 50
195.442715827716
 51
265.0000000005793
  0
ARC
  5
ADA
330
1F
100
AcDbEntity
  8
0
  6
Continuous
 62
     7
100
AcDbCircle
 10
-60.50029706231743
 20
-158.6144786820148
 30
0.0
 40
5.999999999994157
100
AcDbArc
 50
164.5572841724088
 51
180.0
  0
ARC
  5
ADB
330
1F
100
AcDbEntity
  8
0
  6
Continuous
 62
     7
100
AcDbCircle
 10
-60.50029706231743
 20
-105.6144786820148
 30
0.0
 40
5.999999999994147
100
AcDbArc
 50
164.5572841724094
 51
180.0
  0
ARC
  5
ADC
330
1F
100
AcDbEntity
  8
0
  6
Continuous
 62
     7
100
AcDbCircle
 10
-65.51256227238646
 20
-106.9991076806734
 30
0.0
 40
0.7999999999944232
100
AcDbArc
 50
195.4427158277171
 51
265.0000000005795
  0
ARC
  5
ADD
330
1F
100
AcDbEntity
  8
0
  6
Continuous
 62
     7
100
AcDbCircle
 10
-60.50029706231743
 20
-105.6144786820148
 30
0.0
 40
6.0
100
AcDbArc
 50
180.0
 51
195.4427158275823
  0
ARC
  5
ADE
330
1F
100
AcDbEntity
  8
0
  6
Continuous
 62
     7
100
AcDbCircle
 10
-65.51256227238646
 20
-104.2298496833534
 30
0.0
 40
0.7999999999988123
100
AcDbArc
 50
94.99999999943183
 51
164.5572841724083
  0
ARC
  5
ADF
330
1F
100
AcDbEntity
  8
0
  6
Continuous
 62
     7
100
AcDbCircle
 10
-59.60029706231779
 20
-122.6144786820148
 30
0.0
 40
5.999999999994147
100
AcDbArc
 50
164.5572841724094
 51
180.0
  0
ARC
  5
AE0
330
1F
100
AcDbEntity
  8
0
  6
Continuous
 62
     7
100
AcDbCircle
 10
-64.61256227238681
 20
-123.9991076806734
 30
0.0
 40
0.7999999999944232
100
AcDbArc
 50
195.4427158277171
 51
265.0000000005795
  0
ARC
  5
AE1
330
1F
100
AcDbEntity
  8
0
  6
Continuous
 62
     7
100
AcDbCircle
 10
-59.60029706231779
 20
-122.6144786820148
 30
0.0
 40
6.0
100
AcDbArc
 50
180.0
 51
195.4427158275823
  0
ARC
  5
AE2
330
1F
100
AcDbEntity
  8
0
  6
Continuous
 62
     7
100
AcDbCircle
 10
-64.61256227238681
 20
-121.2298496833534
 30
0.0
 40
0.7999999999988123
100
AcDbArc
 50
94.99999999943183
 51
164.5572841724083
  0
ARC
  5
AE3
330
1F
100
AcDbEntity
  8
0
  6
Continuous
 62
     7
100
AcDbCircle
 10
-64.80029706229669
 20
-151.3101582651104
 30
0.0
 40
2.000000000020008
100
AcDbArc
 50
180.0000000001547
 51
224.0289780688247
  0
ARC
  5
AE4
330
1F
100
AcDbEntity
  8
0
  6
Continuous
 62
     7
100
AcDbCircle
 10
-64.90029706230797
 20
-155.5231195158101
 30
0.0
 40
0.9999999999918074
100
AcDbArc
 50
0.0
 51
44.028978069235
  0
ARC
  5
AE5
330
1F
100
AcDbEntity
  8
0
  6
Continuous
 62
     7
100
AcDbCircle
 10
-64.90029706230797
 20
-108.7058378482195
 30
0.0
 40
0.9999999999929359
100
AcDbArc
 50
315.9710219307644
 51
0.0000000001563306
  0
ARC
  5
AE6
330
1F
100
AcDbEntity
  8
0
  6
Continuous
 62
     7
100
AcDbCircle
 10
-64.80029706229669
 20
-112.9187990989201
 30
0.0
 40
2.000000000014404
100
AcDbArc
 50
135.9710219311559
 51
179.9999999997655
  0
ARC
  5
AE7
330
1F
100
AcDbEntity
  8
0
  6
Continuous
 62
     7
100
AcDbCircle
 10
-56.25959020128556
 20
-113.9347980525451
 30
0.0
 40
0.9999999999995059
100
AcDbArc
 50
95.00000000008069
 51
163.7429721033529
  0
ARC
  5
AE8
330
1F
100
AcDbEntity
  8
0
  6
Continuous
 62
     7
100
AcDbCircle
 10
-50.4994970611553
 20
-115.6144786820166
 30
0.0
 40
6.999999999993968
100
AcDbArc
 50
163.7429721033889
 51
180.0
  0
ARC
  5
AE9
330
1F
100
AcDbEntity
  8
0
  6
Continuous
 62
     7
100
AcDbCircle
 10
-50.4994970611553
 20
-115.6144786820166
 30
0.0
 40
7.0
100
AcDbArc
 50
180.0
 51
196.2570278966108
  0
ARC
  5
AEA
330
1F
100
AcDbEntity
  8
0
  6
Continuous
 62
     7
100
AcDbCircle
 10
-56.25959020128556
 20
-117.2941593114872
 30
0.0
 40
0.9999999999944414
100
AcDbArc
 50
196.2570278966969
 51
264.9999999999238
  0
ARC
  5
AEB
330
1F
100
AcDbEntity
  8
0
  6
Continuous
 62
     7
100
AcDbCircle
 10
-56.25959020049612
 20
-24.82011937052755
 30
0.0
 40
0.9999999999986
100
AcDbArc
 50
95.0000000000853
 51
163.7429721034673
  0
ARC
  5
AEC
330
1F
100
AcDbEntity
  8
0
  6
Continuous
 62
     7
100
AcDbCircle
 10
-50.49949706036676
 20
-26.49979999999994
 30
0.0
 40
6.999999999993712
100
AcDbArc
 50
163.7429721033962
 51
180.0
  0
ARC
  5
AED
330
1F
100
AcDbEntity
  8
0
  6
Continuous
 62
     7
100
AcDbCircle
 10
-50.49949706036676
 20
-26.49979999999994
 30
0.0
 40
7.0
100
AcDbArc
 50
180.0
 51
196.2570278966109
  0
ARC
  5
AEE
330
1F
100
AcDbEntity
  8
0
  6
Continuous
 62
     7
100
AcDbCircle
 10
-56.25959020049612
 20
-28.17948062947141
 30
0.0
 40
0.9999999999950464
100
AcDbArc
 50
196.2570278966328
 51
264.9999999999147
  0
ARC
  5
AEF
330
1F
100
AcDbEntity
  8
0
  6
Continuous
 62
     7
100
AcDbCircle
 10
-59.6002970603742
 20
26.50020000000009
 30
0.0
 40
6.0
100
AcDbArc
 50
180.0
 51
195.4427158275949
  0
ARC
  5
AF0
330
1F
100
AcDbEntity
  8
0
  6
Continuous
 62
     7
100
AcDbCircle
 10
-64.61256227043503
 20
27.88482899865869
 30
0.0
 40
0.8000000000006552
100
AcDbArc
 50
95.00000000020492
 51
164.5572841724743
  0
ARC
  5
AF1
330
1F
100
AcDbEntity
  8
0
  6
Continuous
 62
     7
100
AcDbCircle
 10
-59.6002970603742
 20
26.50020000000009
 30
0.0
 40
5.999999999995648
100
AcDbArc
 50
164.5572841724226
 51
180.0
  0
ARC
  5
AF2
330
1F
100
AcDbEntity
  8
0
  6
Continuous
 62
     7
100
AcDbCircle
 10
-64.61256227043503
 20
25.11557100133689
 30
0.0
 40
0.8000000000033447
100
AcDbArc
 50
195.4427158273391
 51
264.9999999997781
  0
ARC
  5
AF3
330
1F
100
AcDbEntity
  8
0
  6
Continuous
 62
     7
100
AcDbCircle
 10
-65.51256227044557
 20
15.11557100133689
 30
0.0
 40
0.7999999999936963
100
AcDbArc
 50
195.4427158275287
 51
265.0000000005568
  0
ARC
  5
AF4
330
1F
100
AcDbEntity
  8
0
  6
Continuous
 62
     7
100
AcDbCircle
 10
-60.50029706037657
 20
16.50020000000006
 30
0.0
 40
5.999999999993906
100
AcDbArc
 50
164.5572841724176
 51
180.0
  0
ARC
  5
AF5
330
1F
100
AcDbEntity
  8
0
  6
Continuous
 62
     7
100
AcDbCircle
 10
-65.51256227044557
 20
17.88482899865869
 30
0.0
 40
0.7999999999997253
100
AcDbArc
 50
94.99999999942613
 51
164.5572841722828
  0
ARC
  5
AF6
330
1F
100
AcDbEntity
  8
0
  6
Continuous
 62
     7
100
AcDbCircle
 10
-60.50029706037657
 20
16.50020000000006
 30
0.0
 40
6.0
100
AcDbArc
 50
180.0
 51
195.442715827599
  0
ARC
  5
AF7
330
1F
100
AcDbEntity
  8
0
  6
Continuous
 62
     7
100
AcDbCircle
 10
-64.61256227043503
 20
-27.88442899866311
 30
0.0
 40
0.800000000003339
100
AcDbArc
 50
195.4427158273378
 51
264.9999999997781
  0
ARC
  5
AF8
330
1F
100
AcDbEntity
  8
0
  6
Continuous
 62
     7
100
AcDbCircle
 10
-59.6002970603742
 20
-26.49979999999994
 30
0.0
 40
5.999999999995659
100
AcDbArc
 50
164.5572841724222
 51
180.0
  0
ARC
  5
AF9
330
1F
100
AcDbEntity
  8
0
  6
Continuous
 62
     7
100
AcDbCircle
 10
-64.61256227043503
 20
-25.11517100134131
 30
0.0
 40
0.8000000000006764
100
AcDbArc
 50
95.00000000020479
 51
164.5572841724736
  0
ARC
  5
AFA
330
1F
100
AcDbEntity
  8
0
  6
Continuous
 62
     7
100
AcDbCircle
 10
-59.6002970603742
 20
-26.49979999999994
 30
0.0
 40
6.0
100
AcDbArc
 50
180.0
 51
195.4427158275944
  0
ARC
  5
AFB
330
1F
100
AcDbEntity
  8
0
  6
Continuous
 62
     7
100
AcDbCircle
 10
-64.80029706035583
 20
-19.19547958309647
 30
0.0
 40
2.000000000010914
100
AcDbArc
 50
180.0000000001563
 51
224.0289780688245
  0
ARC
  5
AFC
330
1F
100
AcDbEntity
  8
0
  6
Continuous
 62
     7
100
AcDbCircle
 10
-64.90029706036438
 20
-23.40844083379522
 30
0.0
 40
1.0
100
AcDbArc
 50
359.9999999998956
 51
44.02897806919779
  0
ARC
  5
AFD
330
1F
100
AcDbEntity
  8
0
  6
Continuous
 62
     7
100
AcDbCircle
 10
-64.90029706036438
 20
23.40884083379535
 30
0.0
 40
0.9999999999935656
100
AcDbArc
 50
315.9710219307271
 51
0.0
  0
ARC
  5
AFE
330
1F
100
AcDbEntity
  8
0
  6
Continuous
 62
     7
100
AcDbCircle
 10
-64.80029706035583
 20
19.19587958309478
 30
0.0
 40
2.000000000013748
100
AcDbArc
 50
135.971021931138
 51
179.9999999998436
  0
ARC
  5
AFF
330
1F
100
AcDbEntity
  8
0
  6
Continuous
 62
     7
100
AcDbCircle
 10
-2.899969415267319
 20
32.5917610476232
 30
0.0
 40
0.599999999994433
100
AcDbArc
 50
5.000000000307309
 51
73.61231287010979
  0
ARC
  5
B00
330
1F
100
AcDbEntity
  8
0
  6
Continuous
 62
     7
100
AcDbCircle
 10
-4.00029706046843
 20
28.85019999998589
 30
0.0
 40
4.499999999997793
100
AcDbArc
 50
73.61231286967667
 51
90.0
  0
ARC
  5
B01
330
1F
100
AcDbEntity
  8
0
  6
Continuous
 62
     7
100
AcDbCircle
 10
-4.00029706046843
 20
28.85019999998589
 30
0.0
 40
4.5
100
AcDbArc
 50
90.0
 51
91.27334436140079
  0
ARC
  5
B02
330
1F
100
AcDbEntity
  8
0
  6
Continuous
 62
     7
100
AcDbCircle
 10
53.61196814966691
 20
128.6155710013396
 30
0.0
 40
0.8000000000004034
100
AcDbArc
 50
275.0000000000103
 51
344.5572841724119
  0
ARC
  5
B03
330
1F
100
AcDbEntity
  8
0
  6
Continuous
 62
     7
100
AcDbCircle
 10
48.59970293959788
 20
130.0002000000001
 30
0.0
 40
6.0
100
AcDbArc
 50
0.0
 51
15.44271582757509
  0
ARC
  5
B04
330
1F
100
AcDbEntity
  8
0
  6
Continuous
 62
     7
100
AcDbCircle
 10
53.61196814966691
 20
131.3848289986596
 30
0.0
 40
0.8000000000005758
100
AcDbArc
 50
15.4427158276018
 51
84.99999999999038
  0
ARC
  5
B05
330
1F
100
AcDbEntity
  8
0
  6
Continuous
 62
     7
100
AcDbCircle
 10
48.59970293959788
 20
130.0002000000001
 30
0.0
 40
6.000000000000509
100
AcDbArc
 50
344.5572841724176
 51
0.0
  0
ARC
  5
B07
330
1F
100
AcDbEntity
  8
0
  6
Continuous
 62
     7
100
AcDbCircle
 10
-1.874489061402409
 20
-202.4640482586682
 30
0.0
 40
3.500000000001025
100
AcDbArc
 50
180.0
 51
270.0
  0
CIRCLE
  5
B08
330
1F
100
AcDbEntity
  8
0
  6
Continuous
 62
     7
100
AcDbCircle
 10
182.1409295810211
 20
0.00020000000006
 30
0.0
 40
24.6999999999843
  0
CIRCLE
  5
B09
330
1F
100
AcDbEntity
  8
0
  6
Continuous
 62
     7
100
AcDbCircle
 10
199.8944503575615
 20
-10.24979999966979
 30
0.0
 40
2.649999999979598
  0
CIRCLE
  5
B0A
330
1F
100
AcDbEntity
  8
0
  6
Continuous
 62
     7
100
AcDbCircle
 10
199.8944503575615
 20
-10.24979999966979
 30
0.0
 40
2.249999999999312
  0
CIRCLE
  5
B0B
330
1F
100
AcDbEntity
  8
0
  6
Continuous
 62
     7
100
AcDbCircle
 10
164.387408802005
 20
-10.24979999963068
 30
0.0
 40
2.25000000000011
  0
CIRCLE
  5
B0C
330
1F
100
AcDbEntity
  8
0
  6
Continuous
 62
     7
100
AcDbCircle
 10
164.387408802005
 20
-10.24979999963068
 30
0.0
 40
2.649999999979163
  0
CIRCLE
  5
B0D
330
1F
100
AcDbEntity
  8
0
  6
Continuous
 62
     7
100
AcDbCircle
 10
182.1409295810211
 20
0.00020000000006
 30
0.0
 40
14.63508529610769
  0
CIRCLE
  5
B0E
330
1F
100
AcDbEntity
  8
0
  6
Continuous
 62
     7
100
AcDbCircle
 10
182.1409295810211
 20
0.00020000000006
 30
0.0
 40
13.99999999999909
  0
CIRCLE
  5
B0F
330
1F
100
AcDbEntity
  8
0
  6
Continuous
 62
     7
100
AcDbCircle
 10
182.1409295810211
 20
20.50019999999643
 30
0.0
 40
2.649999999977779
  0
CIRCLE
  5
B10
330
1F
100
AcDbEntity
  8
0
  6
Continuous
 62
     7
100
AcDbCircle
 10
182.1409295810211
 20
20.50019999999643
 30
0.0
 40
2.25
  0
CIRCLE
  5
B11
330
1F
100
AcDbEntity
  8
0
  6
Continuous
 62
     7
100
AcDbCircle
 10
182.1409295810211
 20
0.00020000000006
 30
0.0
 40
7.0
  0
CIRCLE
  5
B12
330
1F
100
AcDbEntity
  8
0
  6
Continuous
 62
     7
100
AcDbCircle
 10
182.1409295810211
 20
0.00020000000006
 30
0.0
 40
8.499950000002087
  0
CIRCLE
  5
B13
330
1F
100
AcDbEntity
  8
0
  6
Continuous
 62
     7
100
AcDbCircle
 10
182.1409295810211
 20
0.00020000000006
 30
0.0
 40
9.499950000002087
  0
CIRCLE
  5
B14
330
1F
100
AcDbEntity
  8
0
  6
Continuous
 62
     7
100
AcDbCircle
 10
182.1409295810211
 20
0.00020000000006
 30
0.0
 40
13.00005000000229
  0
CIRCLE
  5
B15
330
1F
100
AcDbEntity
  8
0
  6
Continuous
 62
     7
100
AcDbCircle
 10
182.1409295810211
 20
0.00020000000006
 30
0.0
 40
24.99999999998178
  0
CIRCLE
  5
B16
330
1F
100
AcDbEntity
  8
0
  6
Continuous
 62
     7
100
AcDbCircle
 10
157.3921922394887
 20
-24.74853734153147
 30
0.0
 40
2.25
  0
CIRCLE
  5
B17
330
1F
100
AcDbEntity
  8
0
  6
Continuous
 62
     7
100
AcDbCircle
 10
157.3921922394887
 20
24.74893734152795
 30
0.0
 40
2.25
  0
CIRCLE
  5
B18
330
1F
100
AcDbEntity
  8
0
  6
Continuous
 62
     7
100
AcDbCircle
 10
206.8896669225527
 20
24.74893734152795
 30
0.0
 40
2.25
  0
CIRCLE
  5
B19
330
1F
100
AcDbEntity
  8
0
  6
Continuous
 62
     7
100
AcDbCircle
 10
206.8896669225527
 20
-24.74853734153147
 30
0.0
 40
2.25
  0
CIRCLE
  5
B1A
330
1F
100
AcDbEntity
  8
0
  6
Continuous
 62
     7
100
AcDbCircle
 10
-14.10029706251697
 20
144.8502000000004
 30
0.0
 40
0.75
  0
CIRCLE
  5
B1B
330
1F
100
AcDbEntity
  8
0
  6
Continuous
 62
     2
100
AcDbCircle
 10
-14.10029706251697
 20
144.8502000000004
 30
0.0
 40
1.0
  0
CIRCLE
  5
B1C
330
1F
100
AcDbEntity
  8
0
  6
Continuous
 62
     2
100
AcDbCircle
 10
-1.70029706251734
 20
144.8502000000004
 30
0.0
 40
1.0
  0
CIRCLE
  5
B1D
330
1F
100
AcDbEntity
  8
0
  6
Continuous
 62
     7
100
AcDbCircle
 10
-1.70029706251734
 20
144.8502000000004
 30
0.0
 40
0.75
  0
CIRCLE
  5
B1E
330
1F
100
AcDbEntity
  8
0
  6
Continuous
 62
     2
100
AcDbCircle
 10
-14.10029706251697
 20
119.3502000000004
 30
0.0
 40
1.0
  0
CIRCLE
  5
B1F
330
1F
100
AcDbEntity
  8
0
  6
Continuous
 62
     7
100
AcDbCircle
 10
-14.10029706251697
 20
119.3502000000004
 30
0.0
 40
0.75
  0
CIRCLE
  5
B20
330
1F
100
AcDbEntity
  8
0
  6
Continuous
 62
     7
100
AcDbCircle
 10
-1.70029706251734
 20
119.3502000000004
 30
0.0
 40
0.75
  0
CIRCLE
  5
B21
330
1F
100
AcDbEntity
  8
0
  6
Continuous
 62
     2
100
AcDbCircle
 10
-1.70029706251734
 20
119.3502000000004
 30
0.0
 40
1.0
  0
CIRCLE
  5
B23
330
1F
100
AcDbEntity
  8
0
  6
Continuous
 62
     2
100
AcDbCircle
 10
-52.6002970624251
 20
119.1002000000004
 30
0.0
 40
1.0
  0
CIRCLE
  5
B24
330
1F
100
AcDbEntity
  8
0
  6
Continuous
 62
     7
100
AcDbCircle
 10
-52.6002970624251
 20
119.1002000000004
 30
0.0
 40
0.8000000000000966
  0
CIRCLE
  5
B25
330
1F
100
AcDbEntity
  8
0
  6
Continuous
 62
     7
100
AcDbCircle
 10
-60.6002970624251
 20
119.1002000000004
 30
0.0
 40
0.8000000000000966
  0
CIRCLE
  5
B26
330
1F
100
AcDbEntity
  8
0
  6
Continuous
 62
     2
100
AcDbCircle
 10
-60.6002970624251
 20
119.1002000000004
 30
0.0
 40
1.0
  0
CIRCLE
  5
B28
330
1F
100
AcDbEntity
  8
0
  6
Continuous
 62
     7
100
AcDbCircle
 10
-52.6002970624251
 20
102.5002000000001
 30
0.0
 40
0.8000000000001961
  0
CIRCLE
  5
B29
330
1F
100
AcDbEntity
  8
0
  6
Continuous
 62
     2
100
AcDbCircle
 10
-52.6002970624251
 20
102.5002000000001
 30
0.0
 40
1.0
  0
CIRCLE
  5
B2C
330
1F
100
AcDbEntity
  8
0
  6
Continuous
 62
     2
100
AcDbCircle
 10
-60.6002970624251
 20
102.5002000000001
 30
0.0
 40
1.0
  0
CIRCLE
  5
B2D
330
1F
100
AcDbEntity
  8
0
  6
Continuous
 62
     7
100
AcDbCircle
 10
-60.6002970624251
 20
102.5002000000001
 30
0.0
 40
0.8000000000001961
  0
CIRCLE
  5
B2E
330
1F
100
AcDbEntity
  8
0
  6
Continuous
 62
     7
100
AcDbCircle
 10
-4.000297062517519
 20
140.2001999999999
 30
0.0
 40
1.750000000000909
  0
CIRCLE
  5
B2F
330
1F
100
AcDbEntity
  8
0
  6
Continuous
 62
     7
100
AcDbCircle
 10
-4.000297062517519
 20
140.2001999999999
 30
0.0
 40
2.150000000001454
  0
CIRCLE
  5
B30
330
1F
100
AcDbEntity
  8
0
  6
Continuous
 62
     7
100
AcDbCircle
 10
-4.000297062517519
 20
140.2001999999999
 30
0.0
 40
2.199999999999818
  0
CIRCLE
  5
B31
330
1F
100
AcDbEntity
  8
0
  6
Continuous
 62
     7
100
AcDbCircle
 10
-7.90029706251715
 20
140.2001999999999
 30
0.0
 40
0.5999999999994543
  0
CIRCLE
  5
B32
330
1F
100
AcDbEntity
  8
0
  6
Continuous
 62
     7
100
AcDbCircle
 10
-7.90029706251715
 20
137.5002000000001
 30
0.0
 40
0.5999999999994543
  0
CIRCLE
  5
B33
330
1F
100
AcDbEntity
  8
0
  6
Continuous
 62
     7
100
AcDbCircle
 10
-7.90029706251715
 20
134.8002000000003
 30
0.0
 40
0.5999999999994543
  0
CIRCLE
  5
B34
330
1F
100
AcDbEntity
  8
0
  6
Continuous
 62
     7
100
AcDbCircle
 10
-150.499827196888
 20
-26.49979999999994
 30
0.0
 40
2.75
  0
CIRCLE
  5
B35
330
1F
100
AcDbEntity
  8
0
  6
Continuous
 62
     7
100
AcDbCircle
 10
-150.499827196888
 20
-26.49979999999994
 30
0.0
 40
2.5
  0
CIRCLE
  5
B36
330
1F
100
AcDbEntity
  8
0
  6
Continuous
 62
     7
100
AcDbCircle
 10
-150.499827196888
 20
-26.49979999999994
 30
0.0
 40
3.0
  0
CIRCLE
  5
B37
330
1F
100
AcDbEntity
  8
0
  6
Continuous
 62
     7
100
AcDbCircle
 10
-183.4998271968881
 20
26.50020000000009
 30
0.0
 40
2.75
  0
CIRCLE
  5
B38
330
1F
100
AcDbEntity
  8
0
  6
Continuous
 62
     7
100
AcDbCircle
 10
-183.4998271968881
 20
26.50020000000009
 30
0.0
 40
2.499999999998201
  0
CIRCLE
  5
B39
330
1F
100
AcDbEntity
  8
0
  6
Continuous
 62
     7
100
AcDbCircle
 10
-183.4998271968881
 20
26.50020000000009
 30
0.0
 40
3.0
  0
CIRCLE
  5
B3A
330
1F
100
AcDbEntity
  8
0
  6
Continuous
 62
     7
100
AcDbCircle
 10
-166.9998271968881
 20
0.00020000000006
 30
0.0
 40
20.0
  0
CIRCLE
  5
B3B
330
1F
100
AcDbEntity
  8
0
  6
Continuous
 62
     7
100
AcDbCircle
 10
-166.9998271968881
 20
0.00020000000006
 30
0.0
 40
23.1308438633414
  0
CIRCLE
  5
B3C
330
1F
100
AcDbEntity
  8
0
  6
Continuous
 62
     7
100
AcDbCircle
 10
-193.499827196888
 20
-16.49979999999994
 30
0.0
 40
2.25
  0
CIRCLE
  5
B3D
330
1F
100
AcDbEntity
  8
0
  6
Continuous
 62
     7
100
AcDbCircle
 10
-193.499827196888
 20
-16.49979999999994
 30
0.0
 40
2.600000000000279
  0
CIRCLE
  5
B3E
330
1F
100
AcDbEntity
  8
0
  6
Continuous
 62
     7
100
AcDbCircle
 10
-193.499827196888
 20
-16.49979999999994
 30
0.0
 40
2.850000000000278
  0
CIRCLE
  5
B3F
330
1F
100
AcDbEntity
  8
0
  6
Continuous
 62
     7
100
AcDbCircle
 10
-140.499827196888
 20
16.50020000000006
 30
0.0
 40
2.849999999991297
  0
CIRCLE
  5
B40
330
1F
100
AcDbEntity
  8
0
  6
Continuous
 62
     7
100
AcDbCircle
 10
-140.499827196888
 20
16.50020000000006
 30
0.0
 40
2.599999999991296
  0
CIRCLE
  5
B41
330
1F
100
AcDbEntity
  8
0
  6
Continuous
 62
     7
100
AcDbCircle
 10
-140.499827196888
 20
16.50020000000006
 30
0.0
 40
2.25
  0
CIRCLE
  5
B42
330
1F
100
AcDbEntity
  8
0
  6
Continuous
 62
     7
100
AcDbCircle
 10
-157.4998271968881
 20
-26.49979999999994
 30
0.0
 40
2.25
  0
CIRCLE
  5
B43
330
1F
100
AcDbEntity
  8
0
  6
Continuous
 62
     7
100
AcDbCircle
 10
-176.4998271968881
 20
26.50020000000009
 30
0.0
 40
2.250000000000028
  0
CIRCLE
  5
B44
330
1F
100
AcDbEntity
  8
0
  6
Continuous
 62
     7
100
AcDbCircle
 10
-166.9998271968881
 20
0.00020000000006
 30
0.0
 40
20.0
  0
CIRCLE
  5
B45
330
1F
100
AcDbEntity
  8
0
  6
Continuous
 62
     7
100
AcDbCircle
 10
-166.9998271968881
 20
0.00020000000006
 30
0.0
 40
23.1308438633414
  0
CIRCLE
  5
B46
330
1F
100
AcDbEntity
  8
0
  6
Continuous
 62
     7
100
AcDbCircle
 10
-191.7485645384268
 20
24.74893734152704
 30
0.0
 40
2.25
  0
CIRCLE
  5
B47
330
1F
100
AcDbEntity
  8
0
  6
Continuous
 62
     7
100
AcDbCircle
 10
-142.2510898553666
 20
-24.74853734153055
 30
0.0
 40
2.25
  0
CIRCLE
  5
B48
330
1F
100
AcDbEntity
  8
0
  6
Continuous
 62
     7
100
AcDbCircle
 10
-191.7485645384268
 20
-24.74853734153055
 30
0.0
 40
2.25
  0
CIRCLE
  5
B49
330
1F
100
AcDbEntity
  8
0
  6
Continuous
 62
     2
100
AcDbCircle
 10
212.0957526880714
 20
130.0002000000001
 30
0.0
 40
2.5
  0
CIRCLE
  5
B4A
330
1F
100
AcDbEntity
  8
0
  6
Continuous
 62
     7
100
AcDbCircle
 10
212.0957526880714
 20
130.0002000000001
 30
0.0
 40
2.0
  0
SPLINE
  5
B52
330
1F
100
AcDbEntity
  8
0
  6
Continuous
 62
     2
100
AcDbSpline
210
0.0
220
0.0
230
1.0
 70
    40
 71
     3
 72
    11
 73
     7
 74
     5
 42
0.0000000001
 43
0.0000000001
 44
0.00000001
 40
0.0
 40
0.0
 40
0.0
 40
0.0
 40
15.0332963777085
 40
30.06659275541754
 40
45.09988913311847
 40
60.13318551081886
 40
60.13318551081886
 40
60.13318551081886
 40
60.13318551081886
 10
144.9920770596253
 20
100.0002000000118
 30
0.0
 10
144.4920770597827
 20
105.0001999998043
 30
0.0
 10
143.4920770771641
 20
115.0002000001481
 30
0.0
 10
144.992077060435
 20
130.0002000000112
 30
0.0
 10
146.4920770437034
 20
145.0001999998718
 30
0.0
 10
145.4920770610858
 20
155.0002000002102
 30
0.0
 10
144.9920770612433
 20
160.0002
 30
0.0
 11
144.9920770596253
 21
100.0002000000118
 31
0.0
 11
143.9920770600306
 21
115.0002000000396
 31
0.0
 11
144.9920770604341
 21
130.000200000014
 31
0.0
 11
145.9920770608377
 21
145.0001999999803
 31
0.0
 11
144.9920770612433
 21
160.0002
 31
0.0
  0
SPLINE
  5
B53
330
1F
100
AcDbEntity
  8
0
  6
Continuous
 62
     4
100
AcDbSpline
210
0.0
220
0.0
230
1.0
 70
    40
 71
     3
 72
    11
 73
     7
 74
     5
 42
0.0000000001
 43
0.0000000001
 44
0.00000001
 40
0.0
 40
0.0
 40
0.0
 40
0.0
 40
2.183031147280793
 40
4.366062294562275
 40
6.549093441843536
 40
8.73212458912503
 40
8.73212458912503
 40
8.73212458912503
 40
8.73212458912503
 10
15.89970293748234
 20
127.8502000000005
 30
0.0
 10
15.64970293774472
 20
128.5585333325905
 30
0.0
 10
15.14970295451294
 20
129.9752000003188
 30
0.0
 10
15.89970293748257
 20
132.1002000000002
 30
0.0
 10
16.64970292045246
 20
134.2251999996819
 30
0.0
 10
16.14970293722025
 20
135.6418666674102
 30
0.0
 10
15.89970293748234
 20
136.3502000000005
 30
0.0
 11
15.89970293748234
 21
127.8502000000005
 31
0.0
 11
15.39970293748249
 21
129.9752000000001
 31
0.0
 11
15.89970293748257
 21
132.1002000000003
 31
0.0
 11
16.39970293748277
 21
134.2252000000003
 31
0.0
 11
15.89970293748234
 21
136.3502000000005
 31
0.0
  0
SPLINE
  5
B54
330
1F
100
AcDbEntity
  8
0
  6
Continuous
 62
     4
100
AcDbSpline
210
0.0
220
0.0
230
1.0
 70
    40
 71
     3
 72
     9
 73
     5
 74
     3
 42
0.0000000001
 43
0.0000000001
 44
0.00000001
 40
0.0
 40
0.0
 40
0.0
 40
0.0
 40
2.183031147281215
 40
4.366062294562444
 40
4.366062294562444
 40
4.366062294562444
 40
4.366062294562444
 10
15.89970293748234
 20
127.8502000000005
 30
0.0
 10
16.14970293722005
 20
128.5585333325907
 30
0.0
 10
16.64970291774463
 20
129.9752000000004
 30
0.0
 10
16.14970293722005
 20
131.3918666674103
 30
0.0
 10
15.89970293748234
 20
132.1002000000005
 30
0.0
 11
15.89970293748234
 21
127.8502000000005
 31
0.0
 11
16.39970293748234
 21
129.9752000000005
 31
0.0
 11
15.89970293748234
 21
132.1002000000005
 31
0.0
  0
SPLINE
  5
B55
330
1F
100
AcDbEntity
  8
0
  6
Continuous
 62
     4
100
AcDbSpline
210
0.0
220
0.0
230
1.0
 70
    40
 71
     3
 72
    11
 73
     7
 74
     5
 42
0.0000000001
 43
0.0000000001
 44
0.00000001
 40
0.0
 40
0.0
 40
0.0
 40
0.0
 40
1.700183810651002
 40
3.400367621301958
 40
5.100551431953039
 40
6.800735242604454
 40
6.800735242604454
 40
6.800735242604454
 40
6.800735242604454
 10
-35.35029706242506
 20
107.5502000000004
 30
0.0
 10
-35.60029706199284
 20
108.09186666573
 30
0.0
 10
-36.10029704546799
 20
109.1752000004017
 30
0.0
 10
-35.35029706242563
 20
110.8002000000002
 30
0.0
 10
-34.60029707938262
 20
112.4251999995985
 30
0.0
 10
-35.10029706285753
 20
113.5085333342705
 30
0.0
 10
-35.35029706242506
 20
114.0502000000004
 30
0.0
 11
-35.35029706242506
 21
107.5502000000004
 31
0.0
 11
-35.85029706242548
 21
109.1752000000002
 31
0.0
 11
-35.35029706242528
 21
110.8002000000001
 31
0.0
 11
-34.85029706242519
 21
112.4252
 31
0.0
 11
-35.35029706242506
 21
114.0502000000004
 31
0.0
  0
SPLINE
  5
B56
330
1F
100
AcDbEntity
  8
0
  6
Continuous
 62
     4
100
AcDbSpline
210
0.0
220
0.0
230
1.0
 70
    40
 71
     3
 72
     9
 73
     5
 74
     3
 42
0.0000000001
 43
0.0000000001
 44
0.00000001
 40
0.0
 40
0.0
 40
0.0
 40
0.0
 40
1.700183810651071
 40
3.400367621302143
 40
3.400367621302143
 40
3.400367621302143
 40
3.400367621302143
 10
-35.35029706242506
 20
107.5502000000004
 30
0.0
 10
-35.10029706285749
 20
108.0918666657301
 30
0.0
 10
-34.60029708199264
 20
109.1752000000004
 30
0.0
 10
-35.1002970628575
 20
110.2585333342707
 30
0.0
 10
-35.35029706242506
 20
110.8002000000004
 30
0.0
 11
-35.35029706242506
 21
107.5502000000004
 31
0.0
 11
-34.85029706242507
 21
109.1752000000004
 31
0.0
 11
-35.35029706242506
 21
110.8002000000004
 31
0.0
  0
SPLINE
  5
B5F
330
1F
100
AcDbEntity
  8
0
  6
Continuous
 62
     4
100
AcDbSpline
210
0.0
220
0.0
230
1.0
 70
    40
 71
     3
 72
    11
 73
     7
 74
     5
 42
0.0000000001
 43
0.0000000001
 44
0.00000001
 40
0.0
 40
0.0
 40
0.0
 40
0.0
 40
2.183031147281191
 40
4.366062294562266
 40
6.549093441843288
 40
8.732124589124815
 40
8.732124589124815
 40
8.732124589124815
 40
8.732124589124815
 10
15.89970293953167
 20
32.75019999998681
 30
0.0
 10
15.64970293979427
 20
33.45853333257702
 30
0.0
 10
15.14970295656294
 20
34.87520000030546
 30
0.0
 10
15.89970293953239
 20
37.00019999998672
 30
0.0
 10
16.64970292250172
 20
39.12519999966831
 30
0.0
 10
16.14970293926959
 20
40.54186666739659
 30
0.0
 10
15.89970293953167
 20
41.25019999998681
 30
0.0
 11
15.89970293953167
 21
32.75019999998681
 31
0.0
 11
15.39970293953235
 21
34.87519999998693
 31
0.0
 11
15.89970293953213
 21
37.00019999998679
 31
0.0
 11
16.39970293953213
 21
39.12519999998661
 31
0.0
 11
15.89970293953167
 21
41.25019999998681
 31
0.0
  0
SPLINE
  5
B60
330
1F
100
AcDbEntity
  8
0
  6
Continuous
 62
     4
100
AcDbSpline
210
0.0
220
0.0
230
1.0
 70
    40
 71
     3
 72
     9
 73
     5
 74
     3
 42
0.0000000001
 43
0.0000000001
 44
0.00000001
 40
0.0
 40
0.0
 40
0.0
 40
0.0
 40
2.183031147281228
 40
4.366062294562457
 40
4.366062294562457
 40
4.366062294562457
 40
4.366062294562457
 10
15.89970293953167
 20
32.75019999998681
 30
0.0
 10
16.14970293926937
 20
33.45853333257698
 30
0.0
 10
16.64970291979396
 20
34.87519999998681
 30
0.0
 10
16.14970293926937
 20
36.29186666739665
 30
0.0
 10
15.89970293953167
 20
37.00019999998681
 30
0.0
 11
15.89970293953167
 21
32.75019999998681
 31
0.0
 11
16.39970293953167
 21
34.87519999998681
 31
0.0
 11
15.89970293953167
 21
37.00019999998681
 31
0.0
  0
SPLINE
  5
B61
330
1F
100
AcDbEntity
  8
0
  6
Continuous
 62
     4
100
AcDbSpline
210
0.0
220
0.0
230
1.0
 70
    40
 71
     3
 72
    11
 73
     7
 74
     5
 42
0.0000000001
 43
0.0000000001
 44
0.00000001
 40
0.0
 40
0.0
 40
0.0
 40
0.0
 40
1.700183810651172
 40
3.400367621302253
 40
5.100551431953375
 40
6.800735242604766
 40
6.800735242604766
 40
6.800735242604766
 40
6.800735242604766
 10
-35.35029706037551
 20
34.25020000000006
 30
0.0
 10
-35.60029705994355
 20
34.79186666572971
 30
0.0
 10
-36.10029704341919
 20
35.87520000040129
 30
0.0
 10
-35.35029706037639
 20
37.50019999999992
 30
0.0
 10
-34.60029707733305
 20
39.12519999959812
 30
0.0
 10
-35.10029706080798
 20
40.20853333427019
 30
0.0
 10
-35.35029706037551
 20
40.75020000000006
 30
0.0
 11
-35.35029706037551
 21
34.25020000000006
 31
0.0
 11
-35.85029706037648
 21
35.87519999999987
 31
0.0
 11
-35.35029706037597
 21
37.50019999999983
 31
0.0
 11
-34.85029706037567
 21
39.12519999999968
 31
0.0
 11
-35.35029706037551
 21
40.75020000000006
 31
0.0
  0
SPLINE
  5
B62
330
1F
100
AcDbEntity
  8
0
  6
Continuous
 62
     4
100
AcDbSpline
210
0.0
220
0.0
230
1.0
 70
    40
 71
     3
 72
     9
 73
     5
 74
     3
 42
0.0000000001
 43
0.0000000001
 44
0.00000001
 40
0.0
 40
0.0
 40
0.0
 40
0.0
 40
1.700183810651076
 40
3.400367621302145
 40
3.400367621302145
 40
3.400367621302145
 40
3.400367621302145
 10
-35.35029706037551
 20
34.25020000000006
 30
0.0
 10
-35.10029706080794
 20
34.79186666572978
 30
0.0
 10
-34.60029707994309
 20
35.87520000000007
 30
0.0
 10
-35.10029706080794
 20
36.95853333427034
 30
0.0
 10
-35.35029706037551
 20
37.50020000000006
 30
0.0
 11
-35.35029706037551
 21
34.25020000000006
 31
0.0
 11
-34.85029706037552
 21
35.87520000000007
 31
0.0
 11
-35.35029706037551
 21
37.50020000000006
 31
0.0
  0
SPLINE
  5
B63
330
1F
100
AcDbEntity
  8
0
  6
Continuous
 62
     2
100
AcDbSpline
210
0.0
220
0.0
230
1.0
 70
    40
 71
     3
 72
    25
 73
    21
 74
    19
 42
0.0000000001
 43
0.0000000001
 44
0.00000001
 40
0.0
 40
0.0
 40
0.0
 40
0.0
 40
8.449231863134057
 40
16.86350112141301
 40
17.76090938120097
 40
18.62055290703863
 40
19.95931797487794
 40
21.37262819540449
 40
23.39748829921359
 40
25.48982979892834
 40
27.47496279926116
 40
28.97720682617228
 40
32.03193437601227
 40
35.16049085725411
 40
36.26483213325184
 40
37.53242761045179
 40
39.76387609675277
 40
42.13457151346087
 40
45.96582959590284
 40
49.76891400625712
 40
49.76891400625712
 40
49.76891400625712
 40
49.76891400625712
 10
-17.87448906140344
 20
-196.9640482586691
 30
0.0
 10
-17.23905257070289
 20
-199.7528444304943
 30
0.0
 10
-15.97080898833749
 20
-205.3188968357424
 30
0.0
 10
-11.96420932501735
 20
-209.8851671569021
 30
0.0
 10
-10.12153151287201
 20
-212.7221783739597
 30
0.0
 10
-9.41824486860489
 20
-213.5013964341388
 30
0.0
 10
-8.2495943966461
 20
-213.9388457638061
 30
0.0
 10
-6.673008615460263
 20
-214.1267477845166
 30
0.0
 10
-4.844320144040267
 20
-214.3494814383931
 30
0.0
 10
-2.886696821147623
 20
-215.115728998187
 30
0.0
 10
-1.539281481442282
 20
-216.2777653340746
 30
0.0
 10
0.8126780246497752
 20
-217.3283700340248
 30
0.0
 10
1.762146993954265
 20
-214.1386298506124
 30
0.0
 10
2.84683711221648
 20
-211.3854909043719
 30
0.0
 10
4.801127969016197
 20
-211.8535036191813
 30
0.0
 10
6.197661869124379
 20
-212.452338610752
 30
0.0
 10
8.282651338259221
 20
-212.0016936212283
 30
0.0
 10
10.48228903039946
 20
-210.2496355251289
 30
0.0
 10
12.91473350868686
 20
-207.9007582580624
 30
0.0
 10
14.05665651086861
 20
-205.6067963920967
 30
0.0
 10
14.62551093859656
 20
-204.4640482586691
 30
0.0
 11
-17.87448906140344
 21
-196.9640482586691
 31
0.0
 11
-15.33156954254311
 21
-205.0215341858037
 31
0.0
 11
-10.60626614581776
 21
-211.9836771756104
 31
0.0
 11
-10.09360169365385
 21
-212.7202345354904
 31
0.0
 11
-9.494684406628124
 21
-213.3369071189706
 31
0.0
 11
-8.269501889776179
 21
-213.8765548825802
 31
0.0
 11
-6.874489061404367
 21
-214.1032374570449
 31
0.0
 11
-4.876447529837315
 21
-214.4317012791257
 31
0.0
 11
-2.9374627586799
 21
-215.2179779567397
 31
0.0
 11
-1.289300573585979
 21
-216.324465391037
 31
0.0
 11
0.1376834473703784
 21
-216.7939903873406
 31
0.0
 11
1.791207306376174
 21
-214.2254851326104
 31
0.0
 11
3.625510938596988
 21
-211.6910826601795
 31
0.0
 11
4.716427876822903
 21
-211.8627506156745
 31
0.0
 11
5.929061680697561
 21
-212.2319626904444
 31
0.0
 11
8.131067662142577
 21
-211.8706705400689
 31
0.0
 11
10.08529654721115
 21
-210.5285877451557
 31
0.0
 11
12.74172463011479
 21
-207.7678037327992
 31
0.0
 11
14.62551093859656
 21
-204.4640482586691
 31
0.0
  0
ARC
  5
B64
330
1F
100
AcDbEntity
  8
0
  6
Continuous
 62
     4
100
AcDbCircle
 10
159.0909295808658
 20
40.00019999999232
 30
0.0
 40
4.000000000000908
100
AcDbArc
 50
90.0
 51
180.0
  0
ARC
  5
B65
330
1F
100
AcDbEntity
  8
0
  6
Continuous
 62
     4
100
AcDbCircle
 10
166.7909295808647
 20
40.00019999999232
 30
0.0
 40
4.0
100
AcDbArc
 50
0.0
 51
90.0
  0
ARC
  5
B66
330
1F
100
AcDbEntity
  8
0
  6
Continuous
 62
     4
100
AcDbCircle
 10
195.9909295810209
 20
43.00019999999778
 30
0.0
 40
1.0
100
AcDbArc
 50
0.0
 51
90.0
  0
ARC
  5
B67
330
1F
100
AcDbEntity
  8
0
  6
Continuous
 62
     4
100
AcDbCircle
 10
172.4909295810209
 20
43.00019999999778
 30
0.0
 40
1.0
100
AcDbArc
 50
90.0
 51
180.0
  0
ARC
  5
B68
330
1F
100
AcDbEntity
  8
0
  6
Continuous
 62
     4
100
AcDbCircle
 10
-14.7002970625162
 20
145.5002000000001
 30
0.0
 40
2.0
100
AcDbArc
 50
90.0
 51
180.0
  0
ARC
  5
B69
330
1F
100
AcDbEntity
  8
0
  6
Continuous
 62
     4
100
AcDbCircle
 10
-1.100297062517649
 20
145.5002000000001
 30
0.0
 40
2.0
100
AcDbArc
 50
0.0
 51
90.0
  0
ARC
  5
B6A
330
1F
100
AcDbEntity
  8
0
  6
Continuous
 62
     4
100
AcDbCircle
 10
-1.100297062517649
 20
118.7001999999999
 30
0.0
 40
2.0
100
AcDbArc
 50
270.0
 51
0.0
  0
ARC
  5
B6B
330
1F
100
AcDbEntity
  8
0
  6
Continuous
 62
     4
100
AcDbCircle
 10
-14.7002970625162
 20
118.7001999999999
 30
0.0
 40
2.0
100
AcDbArc
 50
180.0
 51
270.0
  0
ARC
  5
B6C
330
1F
100
AcDbEntity
  8
0
  6
Continuous
 62
     4
100
AcDbCircle
 10
-60.65029706242524
 20
119.1001999999996
 30
0.0
 40
2.200000000000798
100
AcDbArc
 50
90.0
 51
180.0
  0
ARC
  5
B6D
330
1F
100
AcDbEntity
  8
0
  6
Continuous
 62
     4
100
AcDbCircle
 10
-52.55029706242488
 20
119.1001999999996
 30
0.0
 40
2.199999999999825
100
AcDbArc
 50
0.0
 51
90.0
  0
ARC
  5
B6E
330
1F
100
AcDbEntity
  8
0
  6
Continuous
 62
     4
100
AcDbCircle
 10
-52.55029706242488
 20
102.5002000000011
 30
0.0
 40
2.200000000000699
100
AcDbArc
 50
270.0
 51
0.0
  0
ARC
  5
B6F
330
1F
100
AcDbEntity
  8
0
  6
Continuous
 62
     4
100
AcDbCircle
 10
-60.65029706242524
 20
102.5002000000011
 30
0.0
 40
2.199999999999818
100
AcDbArc
 50
180.0
 51
270.0
  0
ARC
  5
B70
330
1F
100
AcDbEntity
  8
0
  6
Continuous
 62
     4
100
AcDbCircle
 10
-180.8498271968871
 20
43.00019999999778
 30
0.0
 40
1.0
100
AcDbArc
 50
90.0
 51
180.0
  0
ARC
  5
B71
330
1F
100
AcDbEntity
  8
0
  6
Continuous
 62
     4
100
AcDbCircle
 10
-157.3498271968872
 20
43.00019999999778
 30
0.0
 40
1.0
100
AcDbArc
 50
0.0
 51
90.0
  0
ARC
  5
B72
330
1F
100
AcDbEntity
  8
0
  6
Continuous
 62
     4
100
AcDbCircle
 10
-143.949827197044
 20
40.00019999999232
 30
0.0
 40
4.0
100
AcDbArc
 50
0.0
 51
90.0
  0
ARC
  5
B73
330
1F
100
AcDbEntity
  8
0
  6
Continuous
 62
     4
100
AcDbCircle
 10
-151.6498271970429
 20
40.00019999999232
 30
0.0
 40
4.000000000000908
100
AcDbArc
 50
90.0
 51
180.0
  0
ARC
  5
B74
330
1F
100
AcDbEntity
  8
0
  6
Continuous
 62
     7
100
AcDbCircle
 10
-141.9998271968881
 20
29.00020000000009
 30
0.0
 40
1.0
100
AcDbArc
 50
0.0
 51
90.0
  0
ARC
  5
B75
330
1F
100
AcDbEntity
  8
0
  6
Continuous
 62
     7
100
AcDbCircle
 10
-140.499827196888
 20
25.50020000000188
 30
0.0
 40
0.5
100
AcDbArc
 50
90.0
 51
180.0
  0
ARC
  5
B79
330
1F
100
AcDbEntity
  8
0
  6
Continuous
 62
     4
100
AcDbCircle
 10
-57.60029706037551
 20
40.00020000000006
 30
0.0
 40
4.0
100
AcDbArc
 50
90.0
 51
180.0
  0
ENDSEC
  0
SECTION
  2
OBJECTS
  0
DICTIONARY
  5
C
330
0
100
AcDbDictionary
281
     1
  3
ACAD_COLOR
350
E91
  3
ACAD_GROUP
350
D
  3
ACAD_LAYOUT
350
1A
  3
ACAD_MATERIAL
350
3B
  3
ACAD_MLEADERSTYLE
350
E5B
  3
ACAD_MLINESTYLE
350
17
  3
ACAD_PLOTSETTINGS
350
19
  3
ACAD_PLOTSTYLENAME
350
E
  3
ACAD_SCALELIST
350
E94
  3
ACAD_TABLESTYLE
350
E92
  3
ACAD_VISUALSTYLE
350
2A
  3
ACDB_RECOMPOSE_DATA
350
1000
  3
AcDbVariableDictionary
350
E59
  3
DWGPROPS
350
1001
  0
DICTIONARY
  5
FC9
330
2
100
AcDbDictionary
280
     1
281
     1
  3
ACAD_LAYERSTATES
360
FCA
  0
DICTIONARY
  5
EAD
330
10
100
AcDbDictionary
280
     1
281
     1
  3
ADSK_XREC_LAYER_RECONCILED
360
EAE
  0
DICTIONARY
  5
E91
102
{ACAD_REACTORS
330
C
102
}
330
C
100
AcDbDictionary
281
     1
  0
DICTIONARY
  5
D
102
{ACAD_REACTORS
330
C
102
}
330
C
100
AcDbDictionary
281
     1
  0
DICTIONARY
  5
1A
102
{ACAD_REACTORS
330
C
102
}
330
C
100
AcDbDictionary
281
     1
  3
Layout1
350
1E
  3
Layout2
350
26
  3
Model
350
22
  0
DICTIONARY
  5
3B
102
{ACAD_REACTORS
330
C
102
}
330
C
100
AcDbDictionary
281
     1
  3
ByBlock
350
3D
  3
ByLayer
350
3C
  3
Global
350
3E
  0
DICTIONARY
  5
E5B
102
{ACAD_REACTORS
330
C
102
}
330
C
100
AcDbDictionary
281
     1
  3
Standard
350
EA6
  0
DICTIONARY
  5
17
102
{ACAD_REACTORS
330
C
102
}
330
C
100
AcDbDictionary
281
     1
  3
Standard
350
18
  0
DICTIONARY
  5
19
102
{ACAD_REACTORS
330
C
102
}
330
C
100
AcDbDictionary
281
     1
  0
ACDBDICTIONARYWDFLT
  5
E
102
{ACAD_REACTORS
330
C
102
}
330
C
100
AcDbDictionary
281
     1
  3
Normal
350
F
100
AcDbDictionaryWithDefault
340
F
  0
DICTIONARY
  5
E94
102
{ACAD_REACTORS
330
C
102
}
330
C
100
AcDbDictionary
281
     1
  3
A0
350
E95
  3
A1
350
E96
  3
A2
350
E97
  3
A3
350
E98
  3
A4
350
E99
  3
A5
350
E9A
  3
A6
350
E9B
  3
A7
350
E9C
  3
A8
350
E9D
  3
A9
350
E9E
  3
B0
350
E9F
  3
B1
350
EA0
  3
B2
350
EA1
  3
B3
350
EA2
  3
B4
350
EA3
  3
B5
350
EA4
  3
B6
350
EA5
  0
DICTIONARY
  5
E92
102
{ACAD_REACTORS
330
C
102
}
330
C
100
AcDbDictionary
281
     1
  3
Standard
350
E93
  0
DICTIONARY
  5
2A
102
{ACAD_REACTORS
330
C
102
}
330
C
100
AcDbDictionary
281
     1
  3
2dWireframe
350
2F
  3
3D Hidden
350
31
  3
3dWireframe
350
30
  3
Basic
350
32
  3
Brighten
350
36
  3
ColorChange
350
3A
  3
Conceptual
350
34
  3
Dim
350
35
  3
EdgeColorOff
350
E90
  3
Facepattern
350
39
  3
Flat
350
2B
  3
FlatWithEdges
350
2C
  3
Gouraud
350
2D
  3
GouraudWithEdges
350
2E
  3
Hidden
350
E88
  3
JitterOff
350
E8E
  3
Linepattern
350
38
  3
OverhangOff
350
E8F
  3
Realistic
350
33
  3
Shaded
350
E8D
  3
Shaded with edges
350
E8C
  3
Shades of Gray
350
E89
  3
Sketchy
350
E8A
  3
Thicken
350
37
  3
Wireframe
350
E87
  3
X-Ray
350
E8B
  0
XRECORD
  5
1000
102
{ACAD_REACTORS
330
C
102
}
330
C
100
AcDbXrecord
280
     1
 90
        1
330
E93
  0
DICTIONARY
  5
E59
102
{ACAD_REACTORS
330
C
102
}
330
C
100
AcDbDictionary
281
     1
  3
CANNOSCALE
350
FF1
  3
CMLEADERSTYLE
350
FEF
  3
CTABLESTYLE
350
FEE
  3
DIMASSOC
350
E5C
  3
HIDETEXT
350
E5D
  3
INDEXCTL
350
FFC
  3
LAYEREVAL
350
FF3
  3
LAYERNOTIFY
350
FF4
  3
LIGHTINGUNITS
350
FF2
  3
MSLTSCALE
350
FF0
  3
SORTENTS
350
FFB
  3
XCLIPFRAME
350
FFD
  0
XRECORD
  5
1001
102
{ACAD_REACTORS
330
C
102
}
330
C
100
AcDbXrecord
280
     1
  1
DWGPROPS COOKIE
  2

  3

  4

  6

  7

  8
nabe
  9

300
=
301
=
302
=
303
=
304
=
305
=
306
=
307
=
308
=
309
=
 40
0.0111390740740741
 41
2457578.581644456
 42
2457638.676075533
  1

 90
        0
  0
DICTIONARY
  5
FCA
102
{ACAD_REACTORS
330
FC9
102
}
330
FC9
100
AcDbDictionary
281
     1
  0
XRECORD
  5
EAE
102
{ACAD_REACTORS
330
EAD
102
}
330
EAD
100
AcDbXrecord
280
     1
290
     1
  0
LAYOUT
  5
1E
102
{ACAD_XDICTIONARY
360
1002
102
}
102
{ACAD_REACTORS
330
1A
102
}
330
1A
100
AcDbPlotSettings
  1

  2
none_device
  4

  6

 40
0.0
 41
0.0
 42
0.0
 43
0.0
 44
0.0
 45
0.0
 46
0.0
 47
0.0
 48
0.0
 49
0.0
140
0.0
141
0.0
142
1.0
143
1.0
 70
   688
 72
     0
 73
     0
 74
     5
  7

 75
    16
147
1.0
148
0.0
149
0.0
100
AcDbLayout
  1
Layout1
 70
     1
 71
     1
 10
0.0
 20
0.0
 11
12.0
 21
9.0
 12
0.0
 22
0.0
 32
0.0
 14
1.000000000000000E+20
 24
1.000000000000000E+20
 34
1.000000000000000E+20
 15
-1.000000000000000E+20
 25
-1.000000000000000E+20
 35
-1.000000000000000E+20
146
0.0
 13
0.0
 23
0.0
 33
0.0
 16
1.0
 26
0.0
 36
0.0
 17
0.0
 27
1.0
 37
0.0
 76
     0
330
1B
  0
LAYOUT
  5
26
102
{ACAD_XDICTIONARY
360
1005
102
}
102
{ACAD_REACTORS
330
1A
102
}
330
1A
100
AcDbPlotSettings
  1

  2
none_device
  4

  6

 40
0.0
 41
0.0
 42
0.0
 43
0.0
 44
0.0
 45
0.0
 46
0.0
 47
0.0
 48
0.0
 49
0.0
140
0.0
141
0.0
142
1.0
143
1.0
 70
   688
 72
     0
 73
     0
 74
     5
  7

 75
    16
147
1.0
148
0.0
149
0.0
100
AcDbLayout
  1
Layout2
 70
     1
 71
     2
 10
0.0
 20
0.0
 11
0.0
 21
0.0
 12
0.0
 22
0.0
 32
0.0
 14
0.0
 24
0.0
 34
0.0
 15
0.0
 25
0.0
 35
0.0
146
0.0
 13
0.0
 23
0.0
 33
0.0
 16
1.0
 26
0.0
 36
0.0
 17
0.0
 27
1.0
 37
0.0
 76
     0
330
23
  0
LAYOUT
  5
22
102
{ACAD_XDICTIONARY
360
FCF
102
}
102
{ACAD_REACTORS
330
1A
102
}
330
1A
100
AcDbPlotSettings
  1

  2
none_device
  4

  6

 40
0.0
 41
0.0
 42
0.0
 43
0.0
 44
0.0
 45
0.0
 46
0.0
 47
0.0
 48
0.0
 49
0.0
140
0.0
141
0.0
142
1.0
143
1.0
 70
  1712
 72
     0
 73
     0
 74
     0
  7

 75
     0
147
1.0
148
0.0
149
0.0
100
AcDbLayout
  1
Model
 70
     1
 71
     0
 10
0.0
 20
0.0
 11
12.0
 21
9.0
 12
0.0
 22
0.0
 32
0.0
 14
-305.9995
 24
-209.0
 34
0.0
 15
286.0002
 25
208.9995
 35
0.0
146
0.0
 13
0.0
 23
0.0
 33
0.0
 16
1.0
 26
0.0
 36
0.0
 17
0.0
 27
1.0
 37
0.0
 76
     0
330
1F
331
29
  0
MATERIAL
  5
3D
102
{ACAD_XDICTIONARY
360
E80
102
}
102
{ACAD_REACTORS
330
3B
102
}
330
3B
100
AcDbMaterial
  1
ByBlock
  0
MATERIAL
  5
3C
102
{ACAD_XDICTIONARY
360
E7E
102
}
102
{ACAD_REACTORS
330
3B
102
}
330
3B
100
AcDbMaterial
  1
ByLayer
  0
MATERIAL
  5
3E
102
{ACAD_XDICTIONARY
360
E82
102
}
102
{ACAD_REACTORS
330
3B
102
}
330
3B
100
AcDbMaterial
  1
Global
  0
MLEADERSTYLE
  5
EA6
102
{ACAD_REACTORS
330
E5B
102
}
330
E5B
100
AcDbMLeaderStyle
170
     2
171
     1
172
     0
 90
        2
 40
0.0
 41
0.0
173
     1
 91
-1056964608
340
14
 92
       -2
290
     1
 42
2.0
291
     1
 43
0.36
  3
Standard
 44
4.0
300

342
11
174
     1
178
     6
175
     1
176
     0
 93
-1056964608
 45
4.0
292
     0
297
     0
 46
4.0
 94
-1056964608
 47
1.0
 49
1.0
140
1.0
293
     1
141
0.0
294
     1
177
     0
142
1.0
295
     0
296
     0
143
0.125
1001
ACAD_MLEADERVER
1070
     2
  0
MLINESTYLE
  5
18
102
{ACAD_REACTORS
330
17
102
}
330
17
100
AcDbMlineStyle
  2
STANDARD
 70
     0
  3

 62
   256
 51
90.0
 52
90.0
 71
     2
 49
0.5
 62
   256
  6
BYLAYER
 49
-0.5
 62
   256
  6
BYLAYER
  0
ACDBPLACEHOLDER
  5
F
102
{ACAD_REACTORS
330
E
102
}
330
E
  0
SCALE
  5
E95
102
{ACAD_REACTORS
330
E94
102
}
330
E94
100
AcDbScale
 70
     0
300
1:1
140
1.0
141
1.0
290
     1
  0
SCALE
  5
E96
102
{ACAD_REACTORS
330
E94
102
}
330
E94
100
AcDbScale
 70
     0
300
1:2
140
1.0
141
2.0
290
     0
  0
SCALE
  5
E97
102
{ACAD_REACTORS
330
E94
102
}
330
E94
100
AcDbScale
 70
     0
300
1:4
140
1.0
141
4.0
290
     0
  0
SCALE
  5
E98
102
{ACAD_REACTORS
330
E94
102
}
330
E94
100
AcDbScale
 70
     0
300
1:5
140
1.0
141
5.0
290
     0
  0
SCALE
  5
E99
102
{ACAD_REACTORS
330
E94
102
}
330
E94
100
AcDbScale
 70
     0
300
1:8
140
1.0
141
8.0
290
     0
  0
SCALE
  5
E9A
102
{ACAD_REACTORS
330
E94
102
}
330
E94
100
AcDbScale
 70
     0
300
1:10
140
1.0
141
10.0
290
     0
  0
SCALE
  5
E9B
102
{ACAD_REACTORS
330
E94
102
}
330
E94
100
AcDbScale
 70
     0
300
1:16
140
1.0
141
16.0
290
     0
  0
SCALE
  5
E9C
102
{ACAD_REACTORS
330
E94
102
}
330
E94
100
AcDbScale
 70
     0
300
1:20
140
1.0
141
20.0
290
     0
  0
SCALE
  5
E9D
102
{ACAD_REACTORS
330
E94
102
}
330
E94
100
AcDbScale
 70
     0
300
1:30
140
1.0
141
30.0
290
     0
  0
SCALE
  5
E9E
102
{ACAD_REACTORS
330
E94
102
}
330
E94
100
AcDbScale
 70
     0
300
1:40
140
1.0
141
40.0
290
     0
  0
SCALE
  5
E9F
102
{ACAD_REACTORS
330
E94
102
}
330
E94
100
AcDbScale
 70
     0
300
1:50
140
1.0
141
50.0
290
     0
  0
SCALE
  5
EA0
102
{ACAD_REACTORS
330
E94
102
}
330
E94
100
AcDbScale
 70
     0
300
1:100
140
1.0
141
100.0
290
     0
  0
SCALE
  5
EA1
102
{ACAD_REACTORS
330
E94
102
}
330
E94
100
AcDbScale
 70
     0
300
2:1
140
2.0
141
1.0
290
     0
  0
SCALE
  5
EA2
102
{ACAD_REACTORS
330
E94
102
}
330
E94
100
AcDbScale
 70
     0
300
4:1
140
4.0
141
1.0
290
     0
  0
SCALE
  5
EA3
102
{ACAD_REACTORS
330
E94
102
}
330
E94
100
AcDbScale
 70
     0
300
8:1
140
8.0
141
1.0
290
     0
  0
SCALE
  5
EA4
102
{ACAD_REACTORS
330
E94
102
}
330
E94
100
AcDbScale
 70
     0
300
10:1
140
10.0
141
1.0
290
     0
  0
SCALE
  5
EA5
102
{ACAD_REACTORS
330
E94
102
}
330
E94
100
AcDbScale
 70
     0
300
100:1
140
100.0
141
1.0
290
     0
  0
TABLESTYLE
  5
E93
102
{ACAD_XDICTIONARY
360
FFE
102
}
102
{ACAD_REACTORS
330
E92
102
}
330
E92
100
AcDbTableStyle
  3
Standard
 70
     0
 71
     0
 40
1.5
 41
1.5
280
     0
281
     0
  7
Standard
140
4.5
170
     2
 62
     0
 63
     7
283
     0
274
    -2
284
     1
 64
     0
275
    -2
285
     1
 65
     0
276
    -2
286
     1
 66
     0
277
    -2
287
     1
 67
     0
278
    -2
288
     1
 68
     0
279
    -2
289
     1
 69
     0
  7
Standard
140
6.0
170
     5
 62
     0
 63
     7
283
     0
274
    -2
284
     1
 64
     0
275
    -2
285
     1
 65
     0
276
    -2
286
     1
 66
     0
277
    -2
287
     1
 67
     0
278
    -2
288
     1
 68
     0
279
    -2
289
     1
 69
     0
  7
Standard
140
4.5
170
     5
 62
     0
 63
     7
283
     0
274
    -2
284
     1
 64
     0
275
    -2
285
     1
 65
     0
276
    -2
286
     1
 66
     0
277
    -2
287
     1
 67
     0
278
    -2
288
     1
 68
     0
279
    -2
289
     1
 69
     0
  0
VISUALSTYLE
  5
2F
102
{ACAD_XDICTIONARY
360
100F
102
}
102
{ACAD_REACTORS
330
2A
102
}
330
2A
100
AcDbVisualStyle
  2

 70
     4
 71
     0
 72
     2
 73
     0
 90
        0
 40
-0.6
 41
-30.0
 62
     5
 63
     7
 74
     1
 91
        4
 64
     7
 65
   257
 75
     1
175
     1
 42
1.0
 92
        0
 66
   257
 43
1.0
 76
     1
 77
     6
 78
     2
 67
     7
 79
     5
170
     0
171
     0
290
     0
174
     0
 93
        1
 44
0.0
173
     0
291
     0
 45
0.0
1001
ACAD
1000
AcDbSavedByObjectVersion
1070
     0
  0
VISUALSTYLE
  5
31
102
{ACAD_XDICTIONARY
360
1013
102
}
102
{ACAD_REACTORS
330
2A
102
}
330
2A
100
AcDbVisualStyle
  2

 70
     6
 71
     1
 72
     2
 73
     2
 90
        0
 40
-0.6
 41
-30.0
 62
     5
 63
     7
 74
     2
 91
        2
 64
     7
 65
   257
 75
     2
175
     1
 42
40.0
 92
        0
 66
   257
 43
1.0
 76
     1
 77
     6
 78
     2
 67
     7
 79
     3
170
     0
171
     0
290
     0
174
     0
 93
        1
 44
0.0
173
     0
291
     0
 45
0.0
1001
ACAD
1000
AcDbSavedByObjectVersion
1070
     0
  0
VISUALSTYLE
  5
30
102
{ACAD_XDICTIONARY
360
1011
102
}
102
{ACAD_REACTORS
330
2A
102
}
330
2A
100
AcDbVisualStyle
  2

 70
     5
 71
     0
 72
     2
 73
     0
 90
        0
 40
-0.6
 41
-30.0
 62
     5
 63
     7
 74
     1
 91
        4
 64
     7
 65
   257
 75
     1
175
     1
 42
1.0
 92
        0
 66
   257
 43
1.0
 76
     1
 77
     6
 78
     2
 67
     7
 79
     5
170
     0
171
     0
290
     0
174
     0
 93
        1
 44
0.0
173
     0
291
     0
 45
0.0
1001
ACAD
1000
AcDbSavedByObjectVersion
1070
     0
  0
VISUALSTYLE
  5
32
102
{ACAD_XDICTIONARY
360
1015
102
}
102
{ACAD_REACTORS
330
2A
102
}
330
2A
100
AcDbVisualStyle
  2

 70
     7
 71
     1
 72
     0
 73
     1
 90
        0
 40
-0.6
 41
-30.0
 62
     5
 63
     7
 74
     0
 91
        4
 64
     7
 65
   257
 75
     1
175
     1
 42
1.0
 92
        8
 66
     7
 43
1.0
 76
     1
 77
     6
 78
     2
 67
     7
 79
     5
170
     0
171
     0
290
     0
174
     0
 93
        1
 44
0.0
173
     0
291
     1
 45
0.0
1001
ACAD
1000
AcDbSavedByObjectVersion
1070
     0
  0
VISUALSTYLE
  5
36
102
{ACAD_XDICTIONARY
360
101D
102
}
102
{ACAD_REACTORS
330
2A
102
}
330
2A
100
AcDbVisualStyle
  2

 70
    12
 71
     2
 72
     2
 73
     0
 90
        0
 40
-0.6
 41
-30.0
 62
     5
 63
     7
 74
     1
 91
        4
 64
     7
 65
   257
 75
     1
175
     1
 42
1.0
 92
        8
 66
     7
 43
1.0
 76
     1
 77
     6
 78
     2
 67
     7
 79
     5
170
     0
171
     0
290
     0
174
     0
 93
        1
 44
50.0
173
     0
291
     1
 45
0.0
1001
ACAD
1000
AcDbSavedByObjectVersion
1070
     0
  0
VISUALSTYLE
  5
3A
102
{ACAD_XDICTIONARY
360
1025
102
}
102
{ACAD_REACTORS
330
2A
102
}
330
2A
100
AcDbVisualStyle
  2

 70
    16
 71
     2
 72
     2
 73
     3
 90
        0
 40
-0.6
 41
-30.0
 62
     5
 63
     8
 74
     1
 91
        4
 64
     7
 65
   257
 75
     1
175
     1
 42
1.0
 92
        8
 66
     8
 43
1.0
 76
     1
 77
     6
 78
     2
 67
     7
 79
     5
170
     0
171
     0
290
     0
174
     0
 93
        1
 44
0.0
173
     0
291
     1
 45
0.0
1001
ACAD
1000
AcDbSavedByObjectVersion
1070
     0
  0
VISUALSTYLE
  5
34
102
{ACAD_XDICTIONARY
360
1019
102
}
102
{ACAD_REACTORS
330
2A
102
}
330
2A
100
AcDbVisualStyle
  2

 70
     9
 71
     3
 72
     2
 73
     0
 90
        0
 40
-0.6
 41
-30.0
 62
     5
 63
     7
 74
     2
 91
        2
 64
     7
 65
   257
 75
     1
175
     1
 42
40.0
 92
        8
 66
     7
 43
1.0
 76
     1
 77
     6
 78
     2
 67
     7
 79
     3
170
     0
171
     0
290
     0
174
     0
 93
        1
 44
0.0
173
     0
291
     0
 45
0.0
1001
ACAD
1000
AcDbSavedByObjectVersion
1070
     0
  0
VISUALSTYLE
  5
35
102
{ACAD_XDICTIONARY
360
101B
102
}
102
{ACAD_REACTORS
330
2A
102
}
330
2A
100
AcDbVisualStyle
  2

 70
    11
 71
     2
 72
     2
 73
     0
 90
        0
 40
-0.6
 41
-30.0
 62
     5
 63
     7
 74
     1
 91
        4
 64
     7
 65
   257
 75
     1
175
     1
 42
1.0
 92
        8
 66
     7
 43
1.0
 76
     1
 77
     6
 78
     2
 67
     7
 79
     5
170
     0
171
     0
290
     0
174
     0
 93
        1
 44
-50.0
173
     0
291
     1
 45
0.0
1001
ACAD
1000
AcDbSavedByObjectVersion
1070
     0
  0
VISUALSTYLE
  5
E90
102
{ACAD_XDICTIONARY
360
1039
102
}
102
{ACAD_REACTORS
330
2A
102
}
330
2A
100
AcDbVisualStyle
  2
EdgeColorOff
 70
    22
 71
     2
 72
     2
 73
     0
 90
        0
 40
-0.6
 41
-30.0
 62
     5
 63
     7
 74
     1
 91
        4
 64
     7
 65
   257
 75
     1
175
     1
 42
1.0
 92
        8
 66
     7
 43
1.0
 76
     1
 77
     6
 78
     2
 67
     7
 79
     5
170
     0
171
     0
290
     0
174
     0
 93
        1
 44
0.0
173
     0
291
     1
 45
0.0
1001
ACAD
1000
AcDbSavedByObjectVersion
1070
     0
  0
VISUALSTYLE
  5
39
102
{ACAD_XDICTIONARY
360
1023
102
}
102
{ACAD_REACTORS
330
2A
102
}
330
2A
100
AcDbVisualStyle
  2

 70
    15
 71
     2
 72
     2
 73
     0
 90
        0
 40
-0.6
 41
-30.0
 62
     5
 63
     7
 74
     1
 91
        4
 64
     7
 65
   257
 75
     1
175
     1
 42
1.0
 92
        8
 66
     7
 43
1.0
 76
     1
 77
     6
 78
     2
 67
     7
 79
     5
170
     0
171
     0
290
     0
174
     0
 93
        1
 44
0.0
173
     0
291
     1
 45
0.0
1001
ACAD
1000
AcDbSavedByObjectVersion
1070
     0
  0
VISUALSTYLE
  5
2B
102
{ACAD_XDICTIONARY
360
1007
102
}
102
{ACAD_REACTORS
330
2A
102
}
330
2A
100
AcDbVisualStyle
  2

 70
     0
 71
     2
 72
     1
 73
     1
 90
        2
 40
-0.6
 41
30.0
 62
     5
 63
     7
 74
     0
 91
        4
 64
     7
 65
   257
 75
     1
175
     1
 42
1.0
 92
        8
 66
     7
 43
1.0
 76
     1
 77
     6
 78
     2
 67
     7
 79
     5
170
     0
171
     0
290
     0
174
     0
 93
       13
 44
0.0
173
     0
291
     1
 45
0.0
1001
ACAD
1000
AcDbSavedByObjectVersion
1070
     0
  0
VISUALSTYLE
  5
2C
102
{ACAD_XDICTIONARY
360
1009
102
}
102
{ACAD_REACTORS
330
2A
102
}
330
2A
100
AcDbVisualStyle
  2

 70
     1
 71
     2
 72
     1
 73
     1
 90
        2
 40
-0.6
 41
30.0
 62
     5
 63
     7
 74
     1
 91
        4
 64
     7
 65
   257
 75
     1
175
     1
 42
1.0
 92
        0
 66
   257
 43
1.0
 76
     1
 77
     6
 78
     2
 67
     7
 79
     5
170
     0
171
     0
290
     0
174
     0
 93
       13
 44
0.0
173
     0
291
     1
 45
0.0
1001
ACAD
1000
AcDbSavedByObjectVersion
1070
     0
  0
VISUALSTYLE
  5
2D
102
{ACAD_XDICTIONARY
360
100B
102
}
102
{ACAD_REACTORS
330
2A
102
}
330
2A
100
AcDbVisualStyle
  2

 70
     2
 71
     2
 72
     2
 73
     1
 90
        2
 40
-0.6
 41
30.0
 62
     5
 63
     7
 74
     0
 91
        4
 64
     7
 65
   257
 75
     1
175
     1
 42
1.0
 92
        0
 66
     7
 43
1.0
 76
     1
 77
     6
 78
     2
 67
     7
 79
     5
170
     0
171
     0
290
     0
174
     0
 93
       13
 44
0.0
173
     0
291
     1
 45
0.0
1001
ACAD
1000
AcDbSavedByObjectVersion
1070
     0
  0
VISUALSTYLE
  5
2E
102
{ACAD_XDICTIONARY
360
100D
102
}
102
{ACAD_REACTORS
330
2A
102
}
330
2A
100
AcDbVisualStyle
  2

 70
     3
 71
     2
 72
     2
 73
     1
 90
        2
 40
-0.6
 41
30.0
 62
     5
 63
     7
 74
     1
 91
        4
 64
     7
 65
   257
 75
     1
175
     1
 42
1.0
 92
        0
 66
   257
 43
1.0
 76
     1
 77
     6
 78
     2
 67
     7
 79
     5
170
     0
171
     0
290
     0
174
     0
 93
       13
 44
0.0
173
     0
291
     1
 45
0.0
1001
ACAD
1000
AcDbSavedByObjectVersion
1070
     0
  0
VISUALSTYLE
  5
E88
102
{ACAD_XDICTIONARY
360
1029
102
}
102
{ACAD_REACTORS
330
2A
102
}
330
2A
100
AcDbVisualStyle
  2
Hidden
 70
     6
 71
     1
 72
     2
 73
     2
 90
        0
 40
-0.6
 41
-30.0
 62
     5
 63
     7
 74
     2
 91
        2
 64
     7
 65
   257
 75
     2
175
     1
 42
40.0
 92
        0
 66
   257
 43
1.0
 76
     1
 77
     6
 78
     2
 67
     7
 79
     3
170
     0
171
     0
290
     0
174
     0
 93
        1
 44
0.0
173
     0
291
     0
 45
0.0
1001
ACAD
1000
AcDbSavedByObjectVersion
1070
     0
  0
VISUALSTYLE
  5
E8E
102
{ACAD_XDICTIONARY
360
1035
102
}
102
{ACAD_REACTORS
330
2A
102
}
330
2A
100
AcDbVisualStyle
  2
JitterOff
 70
    20
 71
     2
 72
     2
 73
     0
 90
        0
 40
-0.6
 41
-30.0
 62
     5
 63
     7
 74
     1
 91
        4
 64
     7
 65
   257
 75
     1
175
     1
 42
1.0
 92
       10
 66
     7
 43
1.0
 76
     1
 77
     6
 78
     2
 67
     7
 79
     5
170
     0
171
     0
290
     0
174
     0
 93
        1
 44
0.0
173
     0
291
     1
 45
0.0
1001
ACAD
1000
AcDbSavedByObjectVersion
1070
     0
  0
VISUALSTYLE
  5
38
102
{ACAD_XDICTIONARY
360
1021
102
}
102
{ACAD_REACTORS
330
2A
102
}
330
2A
100
AcDbVisualStyle
  2

 70
    14
 71
     2
 72
     2
 73
     0
 90
        0
 40
-0.6
 41
-30.0
 62
     5
 63
     7
 74
     1
 91
        4
 64
     7
 65
   257
 75
     7
175
     7
 42
1.0
 92
        8
 66
     7
 43
1.0
 76
     1
 77
     6
 78
     2
 67
     7
 79
     5
170
     0
171
     0
290
     0
174
     0
 93
        1
 44
0.0
173
     0
291
     1
 45
0.0
1001
ACAD
1000
AcDbSavedByObjectVersion
1070
     0
  0
VISUALSTYLE
  5
E8F
102
{ACAD_XDICTIONARY
360
1037
102
}
102
{ACAD_REACTORS
330
2A
102
}
330
2A
100
AcDbVisualStyle
  2
OverhangOff
 70
    21
 71
     2
 72
     2
 73
     0
 90
        0
 40
-0.6
 41
-30.0
 62
     5
 63
     7
 74
     1
 91
        4
 64
     7
 65
   257
 75
     1
175
     1
 42
1.0
 92
        9
 66
     7
 43
1.0
 76
     1
 77
     6
 78
     2
 67
     7
 79
     5
170
     0
171
     0
290
     0
174
     0
 93
        1
 44
0.0
173
     0
291
     1
 45
0.0
1001
ACAD
1000
AcDbSavedByObjectVersion
1070
     0
  0
VISUALSTYLE
  5
33
102
{ACAD_XDICTIONARY
360
1017
102
}
102
{ACAD_REACTORS
330
2A
102
}
330
2A
100
AcDbVisualStyle
  2

 70
     8
 71
     2
 72
     2
 73
     0
 90
        0
 40
-0.6
 41
-30.0
 62
     5
 63
     7
 74
     1
 91
        0
 64
     7
 65
   257
 75
     1
175
     1
 42
1.0
 92
        8
 66
     8
 43
1.0
 76
     1
 77
     6
 78
     2
 67
     7
 79
     5
170
     0
171
     0
290
     0
174
     0
 93
       13
 44
0.0
173
     0
291
     0
 45
0.0
1001
ACAD
1000
AcDbSavedByObjectVersion
1070
     0
  0
VISUALSTYLE
  5
E8D
102
{ACAD_XDICTIONARY
360
1033
102
}
102
{ACAD_REACTORS
330
2A
102
}
330
2A
100
AcDbVisualStyle
  2
Shaded
 70
    27
 71
     2
 72
     2
 73
     1
 90
        2
 40
-0.6
 41
30.0
 62
     5
 63
     7
 74
     0
 91
        4
 64
     7
 65
   257
 75
     1
175
     1
 42
1.0
 92
        8
 66
   257
 43
1.0
 76
     1
 77
     6
 78
     2
 67
     8
 79
     3
170
     0
171
     0
290
     0
174
     0
 93
        5
 44
0.0
173
     0
291
     0
 45
0.0
1001
ACAD
1000
AcDbSavedByObjectVersion
1070
     0
  0
VISUALSTYLE
  5
E8C
102
{ACAD_XDICTIONARY
360
1031
102
}
102
{ACAD_REACTORS
330
2A
102
}
330
2A
100
AcDbVisualStyle
  2
Shaded with edges
 70
    26
 71
     2
 72
     2
 73
     1
 90
        2
 40
-0.6
 41
30.0
 62
     5
 63
     7
 74
     1
 91
       10
 64
     7
 65
   257
 75
     2
175
     1
 42
1.0
 92
        8
 66
   257
 43
1.0
 76
     1
 77
     6
 78
     2
 67
     7
 79
     3
170
     0
171
     0
290
     0
174
     0
 93
        5
 44
0.0
173
     0
291
     0
 45
0.0
1001
ACAD
1000
AcDbSavedByObjectVersion
1070
     0
  0
VISUALSTYLE
  5
E89
102
{ACAD_XDICTIONARY
360
102B
102
}
102
{ACAD_REACTORS
330
2A
102
}
330
2A
100
AcDbVisualStyle
  2
Shades of Gray
 70
    23
 71
     2
 72
     2
 73
     3
 90
        0
 40
-0.6
 41
-30.0
 62
     5
 63
     7
 74
     2
 91
        2
 64
     7
 65
     7
 75
     1
175
     1
 42
40.0
 92
        8
 66
     7
 43
1.0
 76
     1
 77
     6
 78
     2
 67
     7
 79
     3
170
     0
171
     0
290
     0
174
     0
 93
        1
 44
0.0
173
     0
291
     0
 45
0.0
1001
ACAD
1000
AcDbSavedByObjectVersion
1070
     0
  0
VISUALSTYLE
  5
E8A
102
{ACAD_XDICTIONARY
360
102D
102
}
102
{ACAD_REACTORS
330
2A
102
}
330
2A
100
AcDbVisualStyle
  2
Sketchy
 70
    24
 71
     1
 72
     2
 73
     2
 90
        0
 40
-0.6
 41
-30.0
 62
     5
 63
     7
 74
     2
 91
        2
 64
     7
 65
     7
 75
     1
175
     1
 42
40.0
 92
       11
 66
     7
 43
1.0
 76
     1
 77
     6
 78
     2
 67
     7
 79
     6
170
     0
171
     0
290
     0
174
     0
 93
        1
 44
0.0
173
     0
291
     0
 45
0.0
1001
ACAD
1000
AcDbSavedByObjectVersion
1070
     0
  0
VISUALSTYLE
  5
37
102
{ACAD_XDICTIONARY
360
101F
102
}
102
{ACAD_REACTORS
330
2A
102
}
330
2A
100
AcDbVisualStyle
  2

 70
    13
 71
     2
 72
     2
 73
     0
 90
        0
 40
-0.6
 41
-30.0
 62
     5
 63
     7
 74
     1
 91
        4
 64
     7
 65
   257
 75
     1
175
     1
 42
1.0
 92
       12
 66
     7
 43
1.0
 76
     1
 77
     6
 78
     2
 67
     7
 79
     5
170
     0
171
     0
290
     0
174
     0
 93
        1
 44
0.0
173
     0
291
     1
 45
0.0
1001
ACAD
1000
AcDbSavedByObjectVersion
1070
     0
  0
VISUALSTYLE
  5
E87
102
{ACAD_XDICTIONARY
360
1027
102
}
102
{ACAD_REACTORS
330
2A
102
}
330
2A
100
AcDbVisualStyle
  2
Wireframe
 70
     5
 71
     0
 72
     2
 73
     0
 90
        0
 40
-0.6
 41
-30.0
 62
     5
 63
     7
 74
     1
 91
        4
 64
     7
 65
   257
 75
     1
175
     1
 42
1.0
 92
        0
 66
   257
 43
1.0
 76
     1
 77
     6
 78
     2
 67
     7
 79
     3
170
     0
171
     0
290
     0
174
     0
 93
        1
 44
0.0
173
     0
291
     0
 45
0.0
1001
ACAD
1000
AcDbSavedByObjectVersion
1070
     0
  0
VISUALSTYLE
  5
E8B
102
{ACAD_XDICTIONARY
360
102F
102
}
102
{ACAD_REACTORS
330
2A
102
}
330
2A
100
AcDbVisualStyle
  2
X-Ray
 70
    25
 71
     2
 72
     2
 73
     1
 90
        1
 40
0.5
 41
-30.0
 62
     5
 63
     7
 74
     1
 91
        0
 64
     7
 65
   257
 75
     1
175
     1
 42
1.0
 92
        8
 66
     7
 43
1.0
 76
     1
 77
     6
 78
     2
 67
     7
 79
     3
170
     0
171
     0
290
     0
174
     0
 93
       13
 44
0.0
173
     0
291
     0
 45
0.0
1001
ACAD
1000
AcDbSavedByObjectVersion
1070
     0
  0
DICTIONARYVAR
  5
FF1
102
{ACAD_REACTORS
330
E59
102
}
330
E59
100
DictionaryVariables
280
     0
  1
1:1
  0
DICTIONARYVAR
  5
FEF
102
{ACAD_REACTORS
330
E59
102
}
330
E59
100
DictionaryVariables
280
     0
  1
STANDARD
  0
DICTIONARYVAR
  5
FEE
102
{ACAD_REACTORS
330
E59
102
}
330
E59
100
DictionaryVariables
280
     0
  1
STANDARD
  0
DICTIONARYVAR
  5
E5C
102
{ACAD_REACTORS
330
E59
102
}
330
E59
100
DictionaryVariables
280
     0
  1
2
  0
DICTIONARYVAR
  5
E5D
102
{ACAD_REACTORS
330
E59
102
}
330
E59
100
DictionaryVariables
280
     0
  1
1
  0
DICTIONARYVAR
  5
FFC
102
{ACAD_REACTORS
330
E59
102
}
330
E59
100
DictionaryVariables
280
     0
  1
0
  0
DICTIONARYVAR
  5
FF3
102
{ACAD_REACTORS
330
E59
102
}
330
E59
100
DictionaryVariables
280
     0
  1
1
  0
DICTIONARYVAR
  5
FF4
102
{ACAD_REACTORS
330
E59
102
}
330
E59
100
DictionaryVariables
280
     0
  1
15
  0
DICTIONARYVAR
  5
FF2
102
{ACAD_REACTORS
330
E59
102
}
330
E59
100
DictionaryVariables
280
     0
  1
0
  0
DICTIONARYVAR
  5
FF0
102
{ACAD_REACTORS
330
E59
102
}
330
E59
100
DictionaryVariables
280
     0
  1
0
  0
DICTIONARYVAR
  5
FFB
102
{ACAD_REACTORS
330
E59
102
}
330
E59
100
DictionaryVariables
280
     0
  1
127
  0
DICTIONARYVAR
  5
FFD
102
{ACAD_REACTORS
330
E59
102
}
330
E59
100
DictionaryVariables
280
     0
  1
2
  0
DICTIONARY
  5
1002
330
1E
100
AcDbDictionary
280
     1
281
     1
  3
ACAD_XREC_ROUNDTRIP
360
1003
  0
DICTIONARY
  5
1005
330
26
100
AcDbDictionary
280
     1
281
     1
  3
ACAD_XREC_ROUNDTRIP
360
1006
  0
DICTIONARY
  5
FCF
330
22
100
AcDbDictionary
280
     1
281
     1
  3
ACAD_XREC_ROUNDTRIP
360
1004
  3
ADSK_XREC_LAYOUTTHUMBNAIL
360
FD0
  0
DICTIONARY
  5
E80
330
3D
100
AcDbDictionary
280
     1
281
     1
  3
ACAD_XREC_ROUNDTRIP
360
E81
  0
DICTIONARY
  5
E7E
330
3C
100
AcDbDictionary
280
     1
281
     1
  3
ACAD_XREC_ROUNDTRIP
360
E7F
  0
DICTIONARY
  5
E82
330
3E
100
AcDbDictionary
280
     1
281
     1
  3
ACAD_XREC_ROUNDTRIP
360
E83
  0
DICTIONARY
  5
FFE
330
E93
100
AcDbDictionary
280
     1
281
     1
  3
ACAD_ROUNDTRIP_2008_TABLESTYLE_CELLSTYLEMAP
360
FFF
  3
ACAD_XREC_ROUNDTRIP
360
103B
  0
DICTIONARY
  5
100F
330
2F
100
AcDbDictionary
280
     1
281
     1
  3
ACAD_XREC_ROUNDTRIP
360
1010
  0
DICTIONARY
  5
1013
330
31
100
AcDbDictionary
280
     1
281
     1
  3
ACAD_XREC_ROUNDTRIP
360
1014
  0
DICTIONARY
  5
1011
330
30
100
AcDbDictionary
280
     1
281
     1
  3
ACAD_XREC_ROUNDTRIP
360
1012
  0
DICTIONARY
  5
1015
330
32
100
AcDbDictionary
280
     1
281
     1
  3
ACAD_XREC_ROUNDTRIP
360
1016
  0
DICTIONARY
  5
101D
330
36
100
AcDbDictionary
280
     1
281
     1
  3
ACAD_XREC_ROUNDTRIP
360
101E
  0
DICTIONARY
  5
1025
330
3A
100
AcDbDictionary
280
     1
281
     1
  3
ACAD_XREC_ROUNDTRIP
360
1026
  0
DICTIONARY
  5
1019
330
34
100
AcDbDictionary
280
     1
281
     1
  3
ACAD_XREC_ROUNDTRIP
360
101A
  0
DICTIONARY
  5
101B
330
35
100
AcDbDictionary
280
     1
281
     1
  3
ACAD_XREC_ROUNDTRIP
360
101C
  0
DICTIONARY
  5
1039
330
E90
100
AcDbDictionary
280
     1
281
     1
  3
ACAD_XREC_ROUNDTRIP
360
103A
  0
DICTIONARY
  5
1023
330
39
100
AcDbDictionary
280
     1
281
     1
  3
ACAD_XREC_ROUNDTRIP
360
1024
  0
DICTIONARY
  5
1007
330
2B
100
AcDbDictionary
280
     1
281
     1
  3
ACAD_XREC_ROUNDTRIP
360
1008
  0
DICTIONARY
  5
1009
330
2C
100
AcDbDictionary
280
     1
281
     1
  3
ACAD_XREC_ROUNDTRIP
360
100A
  0
DICTIONARY
  5
100B
330
2D
100
AcDbDictionary
280
     1
281
     1
  3
ACAD_XREC_ROUNDTRIP
360
100C
  0
DICTIONARY
  5
100D
330
2E
100
AcDbDictionary
280
     1
281
     1
  3
ACAD_XREC_ROUNDTRIP
360
100E
  0
DICTIONARY
  5
1029
330
E88
100
AcDbDictionary
280
     1
281
     1
  3
ACAD_XREC_ROUNDTRIP
360
102A
  0
DICTIONARY
  5
1035
330
E8E
100
AcDbDictionary
280
     1
281
     1
  3
ACAD_XREC_ROUNDTRIP
360
1036
  0
DICTIONARY
  5
1021
330
38
100
AcDbDictionary
280
     1
281
     1
  3
ACAD_XREC_ROUNDTRIP
360
1022
  0
DICTIONARY
  5
1037
330
E8F
100
AcDbDictionary
280
     1
281
     1
  3
ACAD_XREC_ROUNDTRIP
360
1038
  0
DICTIONARY
  5
1017
330
33
100
AcDbDictionary
280
     1
281
     1
  3
ACAD_XREC_ROUNDTRIP
360
1018
  0
DICTIONARY
  5
1033
330
E8D
100
AcDbDictionary
280
     1
281
     1
  3
ACAD_XREC_ROUNDTRIP
360
1034
  0
DICTIONARY
  5
1031
330
E8C
100
AcDbDictionary
280
     1
281
     1
  3
ACAD_XREC_ROUNDTRIP
360
1032
  0
DICTIONARY
  5
102B
330
E89
100
AcDbDictionary
280
     1
281
     1
  3
ACAD_XREC_ROUNDTRIP
360
102C
  0
DICTIONARY
  5
102D
330
E8A
100
AcDbDictionary
280
     1
281
     1
  3
ACAD_XREC_ROUNDTRIP
360
102E
  0
DICTIONARY
  5
101F
330
37
100
AcDbDictionary
280
     1
281
     1
  3
ACAD_XREC_ROUNDTRIP
360
1020
  0
DICTIONARY
  5
1027
330
E87
100
AcDbDictionary
280
     1
281
     1
  3
ACAD_XREC_ROUNDTRIP
360
1028
  0
DICTIONARY
  5
102F
330
E8B
100
AcDbDictionary
280
     1
281
     1
  3
ACAD_XREC_ROUNDTRIP
360
1030
  0
XRECORD
  5
1003
102
{ACAD_REACTORS
330
1002
102
}
330
1002
100
AcDbXrecord
280
     1
102
SHADEPLOT
 70
     0
102
SHADEPLOTRESLEVEL
 70
     2
102
SHADEPLOTCUSTOMDPI
 70
   300
  0
XRECORD
  5
1006
102
{ACAD_REACTORS
330
1005
102
}
330
1005
100
AcDbXrecord
280
     1
102
SHADEPLOT
 70
     0
102
SHADEPLOTRESLEVEL
 70
     2
102
SHADEPLOTCUSTOMDPI
 70
   300
  0
XRECORD
  5
1004
102
{ACAD_REACTORS
330
FCF
102
}
330
FCF
100
AcDbXrecord
280
     1
102
SHADEPLOT
 70
     0
102
SHADEPLOTRESLEVEL
 70
     2
102
SHADEPLOTCUSTOMDPI
 70
   300
  0
XRECORD
  5
FD0
102
{ACAD_REACTORS
330
FCF
102
}
330
FCF
100
AcDbXrecord
280
     1
310
280000000001000080000000010008000000000000800000000000000000000000010000000000003028210000000000FFFFFF000000000000000000000000000000000000000000000000000000000000000000330000006600000099000000CC000000FF00000000330000333300006633000099330000CC330000FF3300
310
0000660000336600006666000099660000CC660000FF66000000990000339900006699000099990000CC990000FF99000000CC000033CC000066CC000099CC0000CCCC0000FFCC000000FF000033FF000066FF000099FF0000CCFF0000FFFF000000003300330033006600330099003300CC003300FF003300003333003333
310
33006633330099333300CC333300FF33330000663300336633006666330099663300CC663300FF66330000993300339933006699330099993300CC993300FF99330000CC330033CC330066CC330099CC3300CCCC3300FFCC330000FF330033FF330066FF330099FF3300CCFF3300FFFF330000006600330066006600660099
310
006600CC006600FF00660000336600333366006633660099336600CC336600FF33660000666600336666006666660099666600CC666600FF66660000996600339966006699660099996600CC996600FF99660000CC660033CC660066CC660099CC6600CCCC6600FFCC660000FF660033FF660066FF660099FF6600CCFF6600
310
FFFF660000009900330099006600990099009900CC009900FF00990000339900333399006633990099339900CC339900FF33990000669900336699006666990099669900CC669900FF66990000999900339999006699990099999900CC999900FF99990000CC990033CC990066CC990099CC9900CCCC9900FFCC990000FF99
310
0033FF990066FF990099FF9900CCFF9900FFFF99000000CC003300CC006600CC009900CC00CC00CC00FF00CC000033CC003333CC006633CC009933CC00CC33CC00FF33CC000066CC003366CC006666CC009966CC00CC66CC00FF66CC000099CC003399CC006699CC009999CC00CC99CC00FF99CC0000CCCC0033CCCC0066CC
310
CC0099CCCC00CCCCCC00FFCCCC0000FFCC0033FFCC0066FFCC0099FFCC00CCFFCC00FFFFCC000000FF003300FF006600FF009900FF00CC00FF00FF00FF000033FF003333FF006633FF009933FF00CC33FF00FF33FF000066FF003366FF006666FF009966FF00CC66FF00FF66FF000099FF003399FF006699FF009999FF00CC
310
99FF00FF99FF0000CCFF0033CCFF0066CCFF0099CCFF00CCCCFF00FFCCFF0000FFFF0033FFFF0066FFFF0099FFFF00CCFFFF00FFFFFF00000000000D0D0D001A1A1A00282828003535350043434300505050005D5D5D006B6B6B00787878008686860093939300A1A1A100AEAEAE00BBBBBB00C9C9C900D6D6D600E4E4E400
310
F1F1F100FFFFFF000000000000000000000000000000000000000000000000000000000000000000000000000000000000000000000000000000000000000000000000000000000000000000000000000000000000000000000000000000000000000000000000000000000000000000000000000000000000000000000000
310
000000000000000000000000000000000000000000000000000000000000000000000000000000000000000000DC000000000000000000000000000000000000000000000000000000000000000000000000000000000000000000000000000000000000000000000000000000000000000000000000000000000000000000
310
00000000000000000000000000000000000000000000000000000000000000000000000000000000000000000000000000000000000000000000000000000000000000000000000000000000000000000000000000000000000000000000000000000000000000000000000000000000000000000000000000000000000000
310
0000000000000000000000000000000000000000000000000000000000000000000000000000000000000000DCDCDCDC00000000000000000000000000000000000000000000000000000000000000000000000000000000000000000000000000000000000000000000000000000000000000000000000000000000000000
310
00000000000000000000000000000000000000000000000000000000000000000000000000000000000000000000000000000000000000000000000000000000000000000000000000000000000000000000000000000000000000000000000000000000000000000000000000000000000000000000000000000000000000
310
00000000000000000000000000000000000000000000000000000000000000000000000000000000000000000000DCF500DCDCDCDC0000000000000000000000000000000000000000000000000000000000000000000000000000000000000000000000000000000000000000000000000000000000000000000000000000
310
00000000000000000000000000000000000000000000000000000000000000000000000000000000000000000000000000000000000000000000000000000000000000000000000000000000000000000000000000000000000000000000000000000000000000000000000000000000000000000000000000000000000000
310
00000000000000000000000000000000000000000000000000000000000000000000000000000000000000000000DCDCF5F500F5F50000DC0000000000000000000000000000000000000000000000000000000000000000000000000000000000000000000000000000000000000000000000000000000000000000000000
310
00000000000000000000000000000000000000000000000000000000000000000000000000000000000000000000000000000000000000000000000000000000000000000000000000000000000000000000000000000000000000000000000000000000000000000000000000000000000000000000000000000000000000
310
000000000000000000000000000000000000000000000000000000000000000000000000000000000000000000000000DC00F5F5F5F5F50000DC000000000000000000000000000000000000000000000000000000000000000000000000000000000000000000000000000000000000000000000000000000000000000000
310
00000000000000000000000000000000000000000000000000000000000000000000000000000000000000000000000000000000000000000000000000000000000000000000000000000000000000000000000000000000000000000000000000000000000000000000000000000000000000000000000000000000000000
310
00000000000000000000000000000000000000000000000000000000000000000000000000000000000000000000000000DC0000F5F50000F5F5F5F5DC000000000000000000000000000000000000000000000000000000000000000000000000000000000000000000000000000000000000000000000000000000000000
310
00000000000000000000000000000000000000000000000000000000000000000000000000000000000000000000000000000000000000000000000000000000000000000000000000000000000000000000000000000000000000000000000000000000000000000000000000000000000000000000000000000000000000
310
000000000000000000000000000000000000000000000000000000000000000000000000000000000000000000000000000000DC0000F5F50000000000000000000000000000000000000000000000000000000000000000000000000000000000000000000000000000000000000000000000000000000000000000000000
310
00000000000000000000000000000000000000000000000000000000000000000000000000000000000000000000000000000000000000000000000000000000000000000000000000000000000000000000000000000000000000000000000000000000000000000000000000000000000000000000000000000000000000
310
0000000000000000000000000000000000000000000000000000000000000000000000000000000000000000000000000000000000DCF5F5F5F5000000000000000000000000000000000000000000000000000000000000000000000000000000000000000000000000000000000000000000000000000000000000000000
310
00000000000000000000000000000000000000000000000000000000000000000000000000000000000000000000000000000000000000000000000000000000000000000000000000000000000000000000000000000000000000000000000000000000000000000000000000000000000000000000000000000000000000
310
00000000000000000000000000000000000000000000000000000000000000000000000000000000000000000000000000000000000000000000000000000000000000000000000000000000000000000000000000000000000000000000000000000000000000000000000000000000000000000000000000000000000000
310
00000000000000000000000000000000000000000000000000000000000000000000000000000000000000000000000000000000000000000000000000000000000000000000000000000000000000000000000000000000000000000000000000000000000000000000000000000000000000000000000000000000000000
310
00000000000000000000000000000000000000000000000000000000000000000000000000000000000000000000000000000000000000000000000000000000000000000000000000000000000000000000000000000000000000000000000000000000000000000000000000000000000000000000000000000000000000
310
00000000000000000000000000000000000000000000000000000000000000000000000000000000000000000000000000000000000000000000000000000000000000000000000000000000000000000000000000000000000000000000000000000000000000000000000000000000000000000000000000000000000000
310
00000000000000000000000000000000000000000000000000000000000000000000000000000000000000000000000000000000000000000000000000000000000000000000000000000000000000000000000000000000000000000000000000000000000000000000000000000000000000000000000000000000000000
310
00000000000000000000000000000000000000000000000000000000000000000000000000000000000000000000000000000000000000000000000000000000000000000000000000000000000000000000000000000000000000000000000000000000000000000000000000000000000000000000000000000000000000
310
00000000000000000000000000000000000000000000000000000000000000000000000000000000000000000000000000000000000000000000000000000000000000000000000000000000000000000000000000000000000000000000000000000000000000000000000000000000000000000000000000000000000000
310
00000000000000000000000000000000000000000000000000000000000000000000000000000000000000000000000000000000000000000000000000000000000000000000000000000000000000000000000000000000000000000000000000000000000000000000000000000000000000000000000000000000000000
310
00000000000000000000000000000000000000000000000000000000000000000000000000000000000000000000000000000000000000000000000000000000000000000000000000000000000000000000000000000000000000000000000000000000000000000000000000000000000000000000000000000000000000
310
00000000000000000000000000000000000000000000000000000000000000000000000000000000000000000000000000000000000000000000000000000000000000000000000000000000000000000000000000000000000000000000000000000000000000000000000000000000000000000000000000000000000000
310
00000000000000000000000000000000000000000000000000000000000000000000000000000000000000000000000000000000000000000000000000000000000000000000000000000000000000000000000000000000000000000000000000000000000000000000000000000000000000000000000000000000000000
310
00000000000000000000000000000000000000000000000000000000000000000000000000000000000000000000000000000000000000000000000000000000000000000000000000000000000000000000000000000000000000000000000000000000000000000000000000000000000000000000000000000000000000
310
00000000000000000000000000000000000000000000000000000000000000000000000000000000000000000000000000000000000000000000000000000000000000000000000000000000000000000000000000000000000000000000000000000000000000000000000000000000000000000000000000000000000000
310
00000000000000000000000000000000000000000000000000000000000000000000000000000000000000000000000000000000000000000000000000000000000000000000000000000000000000000000000000000000000000000000000000000000000000000000000000000000000000000000000000000000000000
310
00000000000000000000000000000000000000000000000000000000000000000000000000000000000000000000000000000000000000000000000000000000000000000000000000000000000000000000000000000000000000000000000000000000000000000000000000000000000000000000000000000000000000
310
00000000000000000000000000000000000000000000000000000000000000000000000000000000000000000000000000000000000000000000000000000000000000000000000000000000000000000000000000000000000000000000000000000000000000000000000000000000000000000000000000000000000000
310
00000000000000000000000000000000000000000000000000000000000000000000000000000000000000000000000000000000000000000000000000000000000000000000000000000000000000000000000000000000000000000000000000000000000000000000000000000000000000000000000000000000000000
310
00000000000000000000000000000000000000000000000000000000000000000000000000000000000000000000000000000000000000000000000000000000000000000000000000000000000000000000000000000000000000000000000000000000000000000000000000000000000000000000000000000000000000
310
00000000000000000000000000000000000000000000000000000000000000000000000000000000000000000000000000000000000000000000000000000000000000000000000000000000000000000000000000000000000000000000000000000000000000000000000000000000000000000000000000000000000000
310
00000000000000000000000000000000000000000000000000000000000000000000000000000000000000000000000000000000000000000000000000000000000000000000000000000000000000000000000000000000000000000000000000000000000000000000000000000000000000000000000000000000000000
310
00000000000000000000000000000000000000000000000000000000000000000000000000000000000000000000000000000000000000000000000000000000000000000000000000000000000000000000000000000000000000000000000000000000000000000000000000000000000000000000000000000000000000
310
00000000000000000000000000000000000000000000000000000000000000000000000000000000000000000000000000000000000000000000000000000000000000000000000000000000000000000000000000000000000000000000000000000000000000000000000000000000000000000000000000000000000000
310
000000000000000000000000000000000000000000000000000000000000000000000000000000000000000000000000000000000000000000000000F5F5F5F5F5F5F5F5F5F5F5F5F5F5F5F5F5F5F5F5F5F5F5F5F5F5F5F5F5F5F5F5F5F5F5F5F5F5F5F5000000000000000000000000000000000000000000000000000000
310
00000000000000000000000000000000000000000000000000000000000000000000000000000000000000000000000000000000000000000000000000000000000000000000000000000000000000000000000000000000000000000000000000000000000000000000000000000000000000000000000000000000000000
310
0000000000000000000000000000000000000000000000000000000000000000000000000000000000000000000000000000000000000000000000000000F5BEF5000000F500000000000000000000F5000000000000000000000000000000000000F50000F500000000000000000000000000000000000000000000000000
310
00000000000000000000000000000000000000000000000000000000000000000000000000000000000000000000000000000000000000000000000000000000000000000000000000000000000000000000000000000000000000000000000000000000000000000000000000000000000000000000000000000000000000
310
00000000000000000000000000000000000000000000000000000000000000000000000000000000000000000000000000000000000000000000000000000000F5F5F5000000F500000000000000000000F5000000000000000000000000000000000000F50000F5F5F5F5F500000000000000000000000000000000000000
310
00000000000000000000000000000000000000000000000000000000000000000000000000000000000000000000000000000000000000000000000000000000000000000000000000000000000000000000000000000000000000000000000000000000000000000000000000000000000000000000000000000000000000
310
000000000000000000000000000000000000000000000000000000000000000000000000000000000000000000000000000000000000000000000000000000000000F5F5F5F5F5F5F5F5F5F5F5F5F5F5F5F5F5F5F5F5F5F5F5F5F5F5F5F5F5F5F5F5F5F5F5F5F50000F5F5F5F5F50000000000000000000000000000000000
310
00000000000000000000000000000000000000000000000000000000000000000000000000000000000000000000000000000000000000000000000000000000000000000000000000000000000000000000000000000000000000000000000000000000000000000000000000000000000000000000000000000000000000
310
0000000000000000000000000000000000000000000000000000000000000000000000000000000000000000000000000000000000000000000000000000000000000000F5F5F50000F5BEBE000000000000000000F5000000000000000000000000000000000000000000F5000000F5000000000000000000000000000000
310
00000000000000000000000000000000000000000000000000000000000000000000000000000000000000000000000000000000000000000000000000000000000000000000000000000000000000000000000000000000000000000000000000000000000000000000000000000000000000000000000000000000000000
310
00000000000000000000000000000000000000000000000000000000000000000000000000000000000000000000000000000000000000000000000000000000000000000000F5F5F50000F5F500000000000000000000F5000000000000000000000000000000000000000000F5000000F500000000000000000000000000
310
00000000000000000000000000000000000000000000000000000000000000000000000000000000000000000000000000000000000000000000000000000000000000000000000000000000000000000000000000000000000000000000000000000000000000000000000000000000000000000000000000000000000000
310
000000000000000000000000000000000000000000000000000000000000000000000000000000000000000000000000000000000000000000000000000000000000000000000000F5F5F5000000F500000000000000000000F5000000000000000000000000000000000000000000F5000000F50000000000000000000000
310
00000000000000000000000000000000000000000000000000000000000000000000000000000000000000000000000000000000000000000000000000000000000000000000000000000000000000000000000000000000000000000000000000000000000000000000000000000000000000000000000000000000000000
310
0000000000000000000000000000000000000000000000000000000000000000000000000000000000000000000000000000000000000000000000000000000000000000000000000000F5F5F5000000F500000000000000000000F5000000000000000000000000000000000000000000F5000000F5F5F5F5F5F5F5F50000
310
00000000000000000000000000000000000000000000000000000000000000000000000000000000000000000000000000000000000000000000000000000000000000000000000000000000000000000000000000000000000000000000000000000000000000000000000000000000000000000000000000000000000000
310
00000000000000000000000000000000000000000000000000000000000000000000000000000000000000000000000000000000000000000000000000000000000000000000000000000000F5F5F5000000F500000000000000000000F5000000000000000000000000000000000000000000F5000000F5000000000000F5
310
00000000000000000000000000000000000000000000000000000000000000000000000000000000000000000000000000000000000000000000000000000000000000000000000000000000000000000000000000000000000000000000000000000000000000000000000000000000000000000000000000000000000000
310
000000000000000000000000000000000000000000000000000000000000000000000000000000000000000000000000000000000000000000000000000000000000000000000000000000000000F5F5F5000000F500000000000000000000F5000000000000000000000000000000000000000000F5000000F50000000000
310
00F50000000000000000000000000000000000000000000000000000000000000000000000000000000000000000000000000000000000000000000000000000000000000000000000000000000000000000000000000000000000000000000000000000000000000000000000000000000000000000000000000000000000
310
000000000000000000000000000000000000000000000000000000000000000000000000000000000000000000000000000000000000000000000000000000000000000000000000000000000000BEBEF5F5F5BEBEBEF5BEBEBEBEBEBEBEBEBEBEF5BEBEBEBEBEBEBEBEBEBEBEBEBEBEBEBEBEBEBEBEBEF5BEBEBEF5BEBEBE
310
BEBEBEF5BEBE00000000000000000000000000000000000000000000000000000000000000000000000000000000000000000000000000000000000000000000000000000000000000000000000000000000000000000000000000000000000000000000000000000000000000000000000000000000000000000000000000
310
00000000000000000000000000000000000000000000000000000000000000000000000000000000000000000000000000000000000000000000000000000000000000000000000000000000000000000000F5F5F5000000F500000000000000000000F5000000000000000000000000000000000000000000F5000000F500
310
0000000000F500000000000000000000000000000000000000000000000000000000000000000000000000000000000000000000000000000000000000000000000000000000000000000000000000000000000000000000000000000000000000000000000000000000000000000000000000000000000000000000000000
310
000000000000000000000000000000000000000000000000000000000000000000000000000000000000000000000000000000000000000000000000000000000000000000000000000000000000000000000000F5F5F5000000F500000000000000000000F5000000000000000000000000000000000000000000F5000000
310
F5F5F5F5F5F5F5F50000000000000000000000000000000000000000000000000000000000000000000000000000000000000000000000000000000000000000000000000000000000000000000000000000000000000000000000000000000000000000000000000000000000000000000000000000000000000000000000
310
0000000000000000000000000000000000000000000000000000000000000000000000000000000000000000000000000000000000000000000000000000000000000000000000000000000000000000000000000000BEF5BE000000F500000000000000000000F5000000000000000000000000000000000000000000F500
310
0000F500000000000000000000000000000000000000000000000000000000000000000000000000000000000000000000000000000000000000000000000000000000000000000000000000000000000000000000000000000000000000000000000000000000000000000000000000000000000000000000000000000000
310
00000000000000000000000000000000000000000000000000000000000000000000000000000000000000000000000000000000000000000000000000000000000000000000000000000000000000000000000000000000F5F5F5F5F500F500000000000000000000F5000000000000000000000000000000000000000000
310
F5000000F50000000000000000000000000000000000000000000000000000000000000000000000000000000000000000000000000000000000000000000000000000000000000000000000000000000000000000000000000000000000000000000000000000000000000000000000000000000000000000000000000000
310
000000000000000000000000000000000000000000000000000000000000000000000000000000000000000000000000000000000000000000000000000000000000000000000000000000000000000000000000000000000000F5F5F5F5F5BEF500000000000000000000F500000000000000000000000000000000000000
310
0000F5000000F5000000000000000000000000000000000000000000000000000000000000000000000000000000000000000000000000000000000000000000000000000000000000000000000000000000000000000000000000000000000000000000000000000000000000000000000000000000000000000000000000
310
0000000000000000000000000000000000000000000000000000000000000000000000000000000000000000000000000000000000000000000000000000000000000000000000000000000000000000000000000000000000000000F5F5F5F5F5F5F5F5F5F5F5F5F5F5F5F5F5F5F5F5F5F5F5F5F5F5F5F5F5F5F5F5F5F5F5
310
F5F50000F5F5F5F5F500000000000000000000000000000000000000000000000000000000000000000000000000000000000000000000000000000000000000000000000000000000000000000000000000000000000000000000000000000000000000000000000000000000000000000000000000000000000000000000
310
00000000000000000000000000000000000000000000000000000000000000000000000000000000000000000000000000000000000000000000000000000000000000000000000000000000000000000000000000000000000000000000F5F5F5000000F500000000000000000000F5000000000000000000000000000000
310
000000F50000F5F5F5F5F50000000000000000000000000000000000000000000000000000000000000000000000000000000000000000000000000000000000000000000000000000000000000000000000000000000000000000000000000000000000000000000000000000000000000000000000000000000000000000
310
000000000000000000000000000000000000000000000000000000000000000000000000000000000000000000000000000000000000000000000000000000000000000000000000000000000000000000000000000000000000000000000000F5F5F50000F5F500000000000000000000F500000000000000000000000000
310
0000000000F50000F5F5F5F5F5000000000000000000000000000000000000000000000000000000000000000000000000000000000000000000000000000000000000000000000000000000000000000000000000000000000000000000000000000000000000000000000000000000000000000000000000000000000000
310
0000000000000000000000000000000000000000000000000000000000000000000000000000000000000000000000000000000000000000000000000000000000000000000000000000000000000000000000000000000000000000000000000000F5F5BE0000BEBEBE000000000000000000F50000000000000000000000
310
00000000000000F50000F50000000000000000000000000000000000000000000000000000000000000000000000000000000000000000000000000000000000000000000000000000000000000000000000000000000000000000000000000000000000000000000000000000000000000000000000000000000000000000
310
0000000000000000000000000000000000000000000000000000000000000000000000000000000000000000000000000000000000000000000000000000000000000000000000000000000000000000000000000000000000000000000000000000000000F5F5F5F5F5F5F5F5F5F5F5F5F5F5F5F5F5F5F5F5F5F5F5F5F5F5
310
F5F5F5F5F5F5F5F5F5F5F5F5F5000000000000000000000000000000000000000000000000000000000000000000000000000000000000000000000000000000000000000000000000000000000000000000000000000000000000000000000000000000000000000000000000000000000000000000000000000000000000
310
00000000000000000000000000000000000000000000000000000000000000000000000000000000000000000000000000000000000000000000000000000000000000000000000000000000000000000000000000000000000000000000000000000000000000000000000000000000000000000000000000000000000000
310
00000000000000000000000000000000000000000000000000000000000000000000000000000000000000000000000000000000000000000000000000000000000000000000000000000000000000000000000000000000000000000000000000000000000000000000000000000000000000000000000000000000000000
310
00000000000000000000000000000000000000000000000000000000000000000000000000000000000000000000000000000000000000000000000000000000000000000000000000000000000000000000000000000000000000000000000000000000000000000000000000000000000000000000000000000000000000
310
00000000000000000000000000000000000000000000000000000000000000000000000000000000000000000000000000000000000000000000000000000000000000000000000000000000000000000000000000000000000000000000000000000000000000000000000000000000000000000000000000000000000000
310
00000000000000000000000000000000000000000000000000000000000000000000000000000000000000000000000000000000000000000000000000000000000000000000000000000000000000000000000000000000000000000000000000000000000000000000000000000000000000000000000000000000000000
310
00000000000000000000000000000000000000000000000000000000000000000000000000000000000000000000000000000000000000000000000000000000000000000000000000000000000000000000000000000000000000000000000000000000000000000000000000000000000000000000000000000000000000
310
00000000000000000000000000000000000000000000000000000000000000000000000000000000000000000000000000000000000000000000000000000000000000000000000000000000000000000000000000000000000000000000000000000000000000000000000000000000000000000000000000000000000000
310
00000000000000000000000000000000000000000000000000000000000000000000000000000000000000000000000000000000000000000000000000000000000000000000000000000000000000000000000000000000000000000000000000000000000000000000000000000000000000000000000000000000000000
310
00000000000000000000000000000000000000000000000000000000000000000000000000000000000000000000000000000000000000000000000000000000000000000000000000000000000000000000000000000000000000000000000000000000000000000000000000000000000000000000000000000000000000
310
00000000000000000000000000000000000000000000000000000000000000000000000000000000000000000000000000000000000000000000000000000000000000000000000000000000000000000000000000000000000000000000000000000000000000000000000000000000000000000000000000000000000000
310
00000000000000000000000000000000000000000000000000000000000000000000000000000000000000000000000000000000000000000000000000000000000000000000000000000000000000000000000000000000000000000000000000000000000000000000000000000000000000000000000000000000000000
310
00000000000000000000000000000000000000000000000000000000000000000000000000000000000000000000000000000000000000000000000000000000000000000000000000000000000000000000000000000000000000000000000000000000000000000000000000000000000000000000000000000000000000
310
00000000000000000000000000000000000000000000000000000000000000000000000000000000000000000000000000000000000000000000000000000000000000000000000000000000000000000000000000000000000000000000000000000000000000000000000000000000000000000000000000000000000000
310
00000000000000000000000000000000000000000000000000000000000000000000000000000000000000000000000000000000000000000000000000000000000000000000000000000000000000000000000000000000000000000000000000000000000000000000000000000000000000000000000000000000000000
310
00000000000000000000000000000000000000000000000000000000000000000000000000000000000000000000000000000000000000000000000000000000000000000000000000000000000000000000000000000000000000000000000000000000000000000000000000000000000000000000000000000000000000
310
00000000000000000000000000000000000000000000000000000000000000000000000000000000000000000000000000000000000000000000000000000000000000000000000000000000000000000000000000000000000000000000000000000000000000000000000000000000000000000000000000000000000000
310
00000000000000000000000000000000000000000000000000000000000000000000000000000000000000000000000000000000000000000000000000000000000000000000000000000000000000000000000000000000000000000000000000000000000000000000000000000000000000000000000000000000000000
310
00000000000000000000000000000000000000000000000000000000000000000000000000000000000000000000000000000000000000000000000000000000000000000000000000000000000000000000000000000000000000000000000000000000000000000000000000000000000000000000000000000000000000
310
00000000000000000000000000000000000000000000000000000000000000000000000000000000000000000000000000000000000000000000000000000000000000000000000000000000000000000000000000000000000000000000000000000000000000000000000000000000000000000000000000000000000000
310
00000000000000000000000000000000000000000000000000000000000000000000000000000000000000000000000000000000000000000000000000000000000000000000000000000000000000000000000000000000000000000000000000000000000000000000000000000000000000000000000000000000000000
310
00000000000000000000000000000000000000000000000000000000000000000000000000000000000000000000000000000000000000000000000000000000000000000000000000000000000000000000000000000000000000000000000000000000000000000000000000000000000000000000000000000000000000
310
00000000000000000000000000000000000000000000000000000000000000000000000000000000000000000000000000000000000000000000000000000000000000000000000000000000000000000000000000000000000000000000000000000000000000000000000000000000000000000000000000000000000000
310
00000000000000000000000000000000000000000000000000000000000000000000000000000000000000000000000000000000000000000000000000000000000000000000000000000000000000000000000000000000000000000000000000000000000000000000000000000000000000000000000000000000000000
310
00000000000000000000000000000000000000000000000000000000000000000000000000000000000000000000000000000000000000000000000000000000000000000000000000000000000000000000000000000000000000000000000000000000000000000000000000000000000000000000000000000000000000
310
00000000000000000000000000000000000000000000000000000000000000000000000000000000000000000000000000000000000000000000000000000000000000000000000000000000000000000000000000000000000000000000000000000000000000000000000000000000000000000000000000000000000000
310
00000000000000000000000000000000000000000000000000000000000000000000000000000000000000000000000000000000000000000000000000000000000000000000000000000000000000000000000000000000000000000000000000000000000000000000000000000000000000000000000000000000000000
310
00000000000000000000000000000000000000000000000000000000000000000000000000000000000000000000000000000000000000000000000000000000000000000000000000000000000000000000000000000000000000000000000000000000000000000000000000000000000000000000000000000000000000
310
00000000000000000000000000000000000000000000000000000000000000000000000000000000000000000000000000000000000000000000000000000000000000000000000000000000000000000000000000000000000000000000000000000000000000000000000000000000000000000000000000000000000000
310
00000000000000000000000000000000000000000000000000000000000000000000000000000000000000000000000000000000000000000000000000000000000000000000000000000000000000000000000000000000000000000000000000000000000000000000000000000000000000000000000000000000000000
310
00000000000000000000000000000000000000000000000000000000000000000000000000000000000000000000000000000000000000000000000000000000000000000000000000000000000000000000000000000000000000000000000000000000000000000000000000000000000000000000000000000000000000
310
00000000000000000000000000000000000000000000000000000000000000000000000000000000000000000000000000000000000000000000000000000000000000000000000000000000000000000000000000000000000000000000000000000000000000000000000000000000000000000000000000000000000000
310
00000000000000000000000000000000000000000000000000000000000000000000000000000000000000000000000000000000000000000000000000000000000000000000000000000000000000000000000000000000000000000000000000000000000000000000000000000000000000000000000000000000000000
310
00000000000000000000000000000000000000000000000000000000000000000000000000000000000000000000000000000000000000000000000000000000000000000000000000000000000000000000000000000000000000000000000000000000000000000000000000000000000000000000000000000000000000
310
00000000000000000000000000000000000000000000000000000000000000000000000000000000000000000000000000000000000000000000000000000000000000000000000000000000000000000000000000000000000000000000000000000000000000000000000000000000000000000000000000000000000000
310
00000000000000000000000000000000000000000000000000000000000000000000000000000000000000000000000000000000000000000000000000000000000000000000000000000000000000000000000000000000000000000000000000000000000000000000000000000000000000000000000000000000000000
310
00000000000000000000000000000000000000000000000000000000000000000000000000000000000000000000000000000000000000000000000000000000000000000000000000000000000000000000000000000000000000000000000000000000000000000000000000000000000000000000000000000000000000
310
00000000000000000000000000000000000000000000000000000000000000000000000000000000000000000000000000000000000000000000000000000000000000000000000000000000000000000000000000000000000000000000000000000000000000000000000000000000000000000000000000000000000000
310
00000000000000000000000000000000000000000000000000000000000000000000000000000000000000000000000000000000000000000000000000000000000000000000000000000000000000000000000000000000000000000000000000000000000000000000000000000000000000000000000000000000000000
310
00000000000000000000000000000000000000000000000000000000000000000000000000000000000000000000000000000000000000000000000000000000000000000000000000000000000000000000000000000000000000000000000000000000000000000000000000000000000000000000000000000000000000
310
00000000000000000000000000000000000000000000000000000000000000000000000000000000000000000000000000000000000000000000000000000000000000000000000000000000000000000000000000000000000000000000000000000000000000000000000000000000000000000000000000000000000000
310
00000000000000000000000000000000000000000000000000000000000000000000000000000000000000000000000000000000000000000000000000000000000000000000000000000000000000000000000000000000000000000000000000000000000000000000000000000000000000000000000000000000000000
310
00000000000000000000000000000000000000000000000000000000000000000000000000000000000000000000000000000000000000000000000000000000000000000000000000000000000000000000000000000000000000000000000000000000000000000000000000000000000000000000000000000000000000
310
0000000000000000000000000000000000000000000000000000000000000000000000000000000000000000000000000000000000000000000000000000000000000000000000000000000000000000000000000000000000000000000000000000000000000000000000000000BE00000000000000000000000000000000
310
0000000000000000000000000000000000000000000000000000000000000000000000000000000000000000000000000000000000000000000000000000000000000000000000000000000000000000000000000000000000000000000000000000000000BE00000000000000000000000000000000000000000000000000
310
00000000000000000000000000000000000000000000000000000000000000000000000000000000000000000000000000000000000000000000000000000000000000000000000000000000000000000000000000000000000000000000000000000000000000000000000000000000BE0000000000000000000000000000
310
00000000000000000000000000000000000000000000000000000000000000000000000000000000000000000000000000000000000000000000000000000000000000000000000000000000000000000000000000000000000000000000000000000000000000BE0000000000000000000000000000000000000000000000
310
000000000000000000000000000000000000000000000000000000000000000000000000000000000000000000000000000000000000000000000000000000000000000000000000000000000000000000000000000000000000000000000000000000000000000000F5F5F5F5F5F5F5F5F5F5F5F5F5F5F5F5F5F5F5F50000
310
00000000000000000000000000000000000000000000F5F5F5F5F5F5F5F5F5F5F5F5F5F5F5F5F5F5F5F5F5F5F5F5F5F5F5F5F5F5F5F5F5F5F5F5F5F5F50000000000000000000000000000000000000000000000000000000000000000000000F5F5F5F5F5F5F5F5F5F5F5F5F5F5F5F5F5F5F5F50000000000000000000000
310
0000000000000000000000000000000000000000000000000000000000000000000000000000000000000000000000000000000000000000000000000000000000000000000000000000000000000000000000000000000000000000000000000000000000000000000000F5F5F5F50000000000BE00BEF5F5F5F5F5F5F5F5
310
0000000000000000000000000000000000000000000000BEF5F5F5F5BEF500000000000000000000F5000000000000000000000000000000000000F50000F50000000000000000000000000000000000000000000000000000000000000000000000F5F5BE000000000000BE000000000000BEF5F5F5000000000000000000
310
000000000000000000000000000000000000000000000000000000000000000000000000000000000000000000000000000000000000000000000000000000000000000000000000000000000000000000000000000000000000000000000000000000000000000000000000F5F5F5F5F50000000000F5F500F5F5F5F5F5F5
310
F5F5000000000000000000000000000000000000000000000000F5F5F5F500F500000000000000000000F5000000000000000000000000000000000000F50000F5F5F5F5F5000000000000000000000000000000000000000000000000000000000000F5F5F5F5000000F5F5F5F5F5F5F500000000F5F5F500000000000000
310
0000000000000000000000000000000000000000000000000000000000000000000000000000000000000000000000000000000000000000000000000000000000000000000000000000000000000000000000000000000000000000000000000000000000000000000000000000F5BEF5F500000000F5F5F5F5F5F5000000
310
F5F5F5BE0000000000000000000000000000000000000000000000F5F5F5F5F5F5F5F5F5F5F5F5F5F5F5F5F5F5F5F5F5F5F5F5F5F5F5F5F5F5F5F5F5F5F5F5F50000F5000000F5000000000000000000000000000000000000000000000000000000000000F5BE00BE00F5F5000000BE000000F5F50000BE00BE0000000000
310
00000000000000000000000000000000000000000000000000000000000000000000000000000000000000000000000000000000000000000000000000000000000000000000000000000000000000000000000000000000000000000000000000000000000000000000000000000000F5F5F5BE0000F5F5F5F5BE00F5F5F5
310
F500000000F50000000000000000000000000000000000000000000000F5F5F50000F5F5BE000000000000000000F5000000000000000000000000000000000000000000F5000000F5000000000000000000000000000000000000000000000000000000000000F5000000F5F500000000BE0000000000F5000000F5000000
310
000000000000000000000000000000000000000000000000000000000000000000000000000000000000000000000000000000000000000000000000000000000000000000000000000000000000000000000000000000000000000000000000000000000000000000000000000000000000F5F5F500F5F5F5F50000BE0000
310
00F5F5F5F50000F50000000000000000000000000000000000000000000000F5F5F50000F5F500000000000000000000F5000000000000000000000000000000000000000000F5F5F5F5F5000000000000000000000000000000000000000000000000000000000000F50000F5F5BE0000F5F5F5F5F50000BE00F50000F500
310
0000000000000000000000000000000000000000000000000000000000000000000000000000000000000000000000000000000000000000000000000000000000000000000000000000000000000000000000000000000000000000000000000000000000000000000000000000000000000000F5BE0000F5F500000000BE
310
0000000000F5F50000F50000000000000000000000000000000000000000000000F5F5F50000F5F500000000000000000000F5000000000000000000000000000000000000000000F5F5F500F5000000000000000000000000000000000000000000000000000000000000F50000F5F5F50000F5F5F5F5F5F500F5F5F5F500
310
F5000000000000000000000000000000000000000000000000000000000000000000000000000000000000000000000000000000000000000000000000000000000000000000000000000000000000000000000000000000000000000000000000000000000000000000000000000000000000000000F50000F5F500000000
310
00BE000000000000F5F500F50000000000000000000000000000000000000000000000F5F5F5000000F500000000000000000000F5000000000000000000000000000000000000000000F5F5F5F5F5000000000000000000000000000000000000000000000000000000000000F500F5F5F5F5BEF5F5F5F5F5F5F5F5F5F5F5
310
F500F5000000000000000000000000000000000000000000000000000000000000000000000000000000000000000000000000000000000000000000000000000000000000000000000000000000000000000000000000000000000000000000000000000000000000000000000000000000000000000000F50000F5F50000
310
000000BE000000000000F5F500F50000000000000000000000000000000000000000000000F5F5F5000000F500000000000000000000F5000000000000000000000000000000000000000000F5000000F5F5F5F5F5F5F5F50000000000000000000000000000000000000000000000F500F500BEF5F500F5F5F5F5F5F5F5F5
310
F5BEF500F5000000000000000000000000000000000000000000000000000000000000000000000000000000000000000000000000000000000000000000000000000000000000000000000000000000000000000000000000000000000000000000000000000000000000000000000000000000000000000000F50000F5F5
310
0000000000BE000000000000F5F500F50000000000000000000000000000000000000000000000F5F5F5000000F500000000000000000000F5000000000000000000000000000000000000000000F5000000F5000000000000F50000000000000000000000000000000000000000000000F500F5000000F500F500BE00F5F5
310
F5F5000000F5F500000000000000000000000000000000000000000000000000000000000000000000000000000000000000000000000000000000000000000000000000000000000000000000000000000000000000000000000000000000000000000000000000000000000000000000000000000000000000BEBEF5BEBE
310
F5F5BEBEBEBEBEBEBEBEBEBEBEBEF5F5BEF5BEBE00000000000000000000000000000000000000BEBEF5F5F5BEBEBEF5BEBEBEBEBEBEBEBEBEBEF5BEBEBEBEBEBEBEBEBEBEBEBEBEBEBEBEBEBEBEBEBEF5BEBEBEF5BEBEBEBEBEBEF5BEBE00000000000000000000000000000000000000BEBEBEBEF5BEBEF5F5F5F5BEBEBE
310
BEF5F5F5BEBEBEF5F5BEBE00000000000000000000000000000000000000000000000000000000000000000000000000000000000000000000000000000000000000000000000000000000000000000000000000000000000000000000000000000000000000000000000000000000000000000000000000000000000000F5
310
0000F5F50000000000BE000000000000F5F500F50000000000000000000000000000000000000000000000F5F5F5000000F500000000000000000000F5000000000000000000000000000000000000000000F5000000F5000000000000F50000000000000000000000000000000000000000000000F500F5000000F500F500
310
BE00F5F5F5F5000000F5F50000000000000000000000000000000000000000000000000000000000000000000000000000000000000000000000000000000000000000000000000000000000000000000000000000000000000000000000000000000000000000000000000000000000000000000000000000000000000000
310
00F50000F5F50000000000BE000000000000F5F500F50000000000000000000000000000000000000000000000F5F5F5000000F500000000000000000000F5000000000000000000000000000000000000000000F5000000F5F5F5F5F5F5F5F50000000000000000000000000000000000000000000000F500F5000000F500
310
F5F5F5F5F5F5F5F50000F500F5000000000000000000000000000000000000000000000000000000000000000000000000000000000000000000000000000000000000000000000000000000000000000000000000000000000000000000000000000000000000000000000000000000000000000000000000000000000000
310
000000F50000F5F50000000000BE000000000000F5F500F50000000000000000000000000000000000000000000000F5F5F5000000F500000000000000000000F5000000000000000000000000000000000000000000F5000000F5000000000000000000000000000000000000000000000000000000000000F500F5000000
310
00F500F5F5F5F5F5F5000000F500F500000000000000000000000000000000000000000000000000000000000000000000000000000000000000000000000000000000000000000000000000000000000000000000000000000000000000000000000000000000000000000000000000000000000000000000000000000000
310
0000000000F5000000F5F500000000BE0000000000F5F500BEF50000000000000000000000000000000000000000000000F5F5F5000000F500000000000000000000F5000000000000000000000000000000000000000000F5000000F5000000000000000000000000000000000000000000000000000000000000F50000F5
310
00000000F5F5F5F5F5F500000000F500F50000000000000000000000000000000000000000000000000000000000000000000000000000000000000000000000000000000000000000000000000000000000000000000000000000000000000000000000000000000000000000000000000000000000000000000000000000
310
00000000000000F5000000F500F5000000BE00000000F500F500F5F50000000000000000000000000000000000000000000000F5F5F5000000F500000000000000000000F5000000000000000000000000000000000000000000F5000000F5000000000000000000000000000000000000000000000000000000000000F500
310
00F5F5000000F5F5F5F5F500000000F50000F5000000000000000000000000000000000000000000000000000000000000000000000000000000000000000000000000000000000000000000000000000000000000000000000000000000000000000000000000000000000000000000000000000000000000000000000000
310
000000000000000000F5F5000000F5F5F5F500BE00F5F5F5F5F500F5F5F50000000000000000000000000000000000000000000000F5F5F5000000F500000000000000000000F5000000000000000000000000000000000000000000F5000000F5000000000000000000000000000000000000000000000000000000000000
310
F5000000F5F500000000F5F500000000F5000000F500000000000000000000000000000000000000000000000000000000000000000000000000000000000000000000000000000000000000000000000000000000000000000000000000000000000000000000000000000000000000000000000000000000000000000000
310
0000000000000000000000F5BEF5F5000000F5F5F5F5F5F5F5F5000000BEF5BE0000000000000000000000000000000000000000000000F5F5F5F5F5F5F5F5F5F5F5F5F5F5F5F5F5F5F5F5F5F5F5F5F5F5F5F5F5F5F5F5F5F5F5F5F50000F5000000F500000000000000000000000000000000000000000000000000000000
310
0000F5BE00BE00F5F50000F5F5F5BE0000F50000BE00BE0000000000000000000000000000000000000000000000000000000000000000000000000000000000000000000000000000000000000000000000000000000000000000000000000000000000000000000000000000000000000000000000000000000000000000
310
00000000000000000000000000F5F5F5F5F5F5F5F5F5F5F5F5000000000000BEBEF5000000000000000000000000000000000000000000000000F5F5000000F500000000000000000000F5000000000000000000000000000000000000F50000F5F5F5F5F50000000000000000000000000000000000000000000000000000
310
00000000F5F5F5F5000000F5F5F5F5F5F5F5F5000000F5F5F5000000000000000000000000000000000000000000000000000000000000000000000000000000000000000000000000000000000000000000000000000000000000000000000000000000000000000000000000000000000000000000000000000000000000
310
00000000000000000000000000000000F5F5F5F5F5F5F5F500BE000000000000BE00F5F50000000000000000000000000000000000000000000000BEF5F5F5F5BEF5BE000000000000000000F50000BE000000000000000000000000000000F50000F500000000000000000000000000000000000000000000000000000000
310
000000000000F5F5F5BE000000000000BEBE0000000000BEF5F5F500000000000000000000000000000000000000000000000000000000000000000000000000000000000000000000000000000000000000000000000000000000000000000000000000000000000000000000000000000000000000000000000000000000
310
000000000000000000000000000000000000F5F5F5F5F5F5F5F5F5BEF5F5F5F5F5F5F5F5F5F5000000000000000000000000000000000000000000000000F52D2D2D2DF5F5F5F5F5F5F5F5F5F5F52D2D2D2D2D2D2D2D2D2DF5F5F5F5F5F5F5F5F5F5F5F5F50000000000000000000000000000000000000000000000000000
310
0000000000000000F5F5F5F5F5F5F5F5F5F5F5BEF5F5F5F5F5F5F5F5F50000000000000000000000000000000000000000000000000000000000000000000000000000000000000000000000000000000000000000000000000000000000000000000000000000000000000000000000000000000000000000000000000000
310
00000000000000000000000000000000000000000000002D2DF5F5F5F5BEF5F5F52DF500BEF52D2D000000000000000000000000000000000000000000000000002D00BEF500002D2D2D2D00000000002D2DF5BEF5F50000002D2D2D0000000000000000000000000000000000000000000000000000000000000000000000
310
000000000000000000002D2DF500BEF52DF5F500BEBE00F5F5F52D00000000000000000000000000000000000000000000000000000000000000000000000000000000000000000000000000000000000000000000000000000000000000000000000000000000000000000000000000000000000000000000000000000000
310
00000000000000000000000000000000000000000000000000002DF5000000BE0000F52DF5F5F5F52D00000000000000000000000000000000000000000000000000002DF5BEF50000002D002D0000000000002DF5F5F5000000002D002D000000000000000000000000000000000000000000000000000000000000000000
310
000000000000000000000000002DF5F5F5F52DF5F5F5F5BEF5F52DF5000000000000000000000000000000000000000000000000000000000000000000000000000000000000000000000000000000000000000000000000000000000000000000000000000000000000000000000000000000000000000000000000000000
310
000000000000000000000000000000000000000000000000000000002DF5F5F5F5BEF5F5F52D0000BE002D00000000000000000000000000000000000000000000000000002D00BE000000002D002D0000000000002DF5F5F5000000002D002D00000000000000000000000000000000000000000000000000000000000000
310
0000000000000000000000000000002D0000BE002D2DF5F5F5BEF5F5F5F500000000000000000000000000000000000000000000000000000000000000000000000000000000000000000000000000000000000000000000000000000000000000000000000000000000000000000000000000000000000000000000000000
310
0000000000000000000000000000000000000000000000000000000000002D00000000BE0000002D2D0000002D00000000000000000000000000000000000000000000000000002D00000000002D2D2D2D000000000000002D0000000000002D2D2D0000000000000000000000000000000000000000000000000000000000
310
0000000000000000000000000000000000002D0000002D2D0000BE000000002D0000000000000000000000000000000000000000000000000000000000000000000000000000000000000000000000000000000000000000000000000000000000000000000000000000000000000000000000000000000000000000000000
310
00000000000000000000000000000000000000000000000000000000000000002D2D2D2D2D2D2D2D2D2D002D2D2D000000000000000000000000000000000000000000000000000000002D2D2D2D2D2D000000000000000000002D2D2D2D2D2D2D2D0000000000000000000000000000000000000000000000000000000000
310
0000000000000000000000000000000000000000002D2D2D002D2D2D2D2D2D2D2D2D000000000000000000000000000000000000000000000000000000000000000000000000000000000000000000000000000000000000000000000000000000000000000000000000000000000000000000000000000000000000000000
310
00000000000000000000000000000000000000000000000000000000000000000000000000000000000000000000000000000000000000000000000000000000000000000000000000000000000000000000000000000000000000000000000000000000000000000000000000000000000000000000000000000000000000
310
00000000000000000000000000000000000000000000000000000000000000000000000000000000000000000000000000000000000000000000000000000000000000000000000000000000000000000000000000000000000000000000000000000000000000000000000000000000000000000000000000000000000000
310
00000000000000000000000000000000000000000000000000000000000000000000000000000000000000000000000000000000000000000000000000000000000000000000000000000000000000000000000000000000000000000000000000000000000000000000000000000000000000000000000000000000000000
310
00000000000000000000000000000000000000000000000000000000000000000000000000000000000000000000000000000000000000000000000000000000000000000000000000000000000000000000000000000000000000000000000000000000000000000000000000000000000000000000000000000000000000
310
00000000000000000000000000000000000000000000000000000000000000000000000000000000000000000000000000000000000000000000000000000000000000000000000000000000000000000000000000000000000000000000000000000000000000000000000000000000000000000000000000000000000000
310
00000000000000000000000000000000000000000000000000000000000000000000000000000000000000000000000000000000000000000000000000000000000000000000000000000000000000000000000000000000000000000000000000000000000000000000000000000000000000000000000000000000000000
310
00000000000000000000000000000000000000000000000000000000000000000000000000000000000000000000000000000000000000000000000000000000000000000000000000000000000000000000000000000000000000000000000000000000000000000000000000000000000000000000000000000000000000
310
00000000000000000000000000000000000000000000000000000000000000000000000000000000000000000000000000000000000000000000000000000000000000000000000000000000000000000000000000000000000000000000000000000000000000000000000000000000000000000000000000000000000000
310
00000000000000000000000000000000000000000000000000000000000000000000000000000000000000000000000000000000000000000000000000000000000000000000000000000000000000000000000000000000000000000000000000000000000000000000000000000000000000000000000000000000000000
310
00000000000000000000000000000000000000000000000000000000000000000000000000000000000000000000000000000000000000000000000000000000000000000000000000000000000000000000000000000000000000000000000000000000000000000000000000000000000000000000000000000000000000
310
00000000000000000000000000000000000000000000000000000000000000000000000000000000000000000000000000000000000000000000000000000000000000000000000000000000000000000000000000000000000000000000000000000000000000000000000000000000000000000000000000000000000000
310
00000000000000000000000000000000000000000000000000000000000000000000000000000000000000000000000000000000000000000000000000000000000000000000000000000000000000000000000000000000000000000000000000000000000000000000000000000000000000000000000000000000000000
310
00000000000000000000000000000000000000000000000000000000000000000000000000000000000000000000000000000000000000000000000000000000000000000000000000000000000000000000000000000000000000000000000000000000000000000000000000000000000000000000000000000000000000
310
00000000000000000000000000000000000000000000000000000000000000000000000000000000000000000000000000000000000000000000000000000000000000000000000000000000000000000000000000000000000000000000000000000000000000000000000000000000000000000000000000000000000000
310
00000000000000000000000000000000000000000000000000000000000000000000000000000000000000000000000000000000000000000000000000000000000000000000000000000000000000000000000000000000000000000000000000000000000000000000000000000000000000000000000000000000000000
310
00000000000000000000000000000000000000000000000000000000000000000000000000000000000000000000000000000000000000000000000000000000000000000000000000000000000000000000000000000000000000000000000000000000000000000000000000000000000000000000000000000000000000
310
00000000000000000000000000000000000000000000000000000000000000000000000000000000000000000000000000000000000000000000000000000000000000000000000000000000000000000000000000000000000000000000000000000000000000000000000000000000000000000000000000000000000000
310
00000000000000000000000000000000000000000000000000000000000000000000000000000000000000000000000000000000000000000000000000000000000000000000000000000000000000000000000000000000000000000000000000000000000000000000000000000000000000000000000000000000000000
310
00000000000000000000000000000000000000000000000000000000000000000000000000000000000000000000000000000000000000000000000000000000000000000000000000000000000000000000000000000000000000000000000000000000000000000000000000000000000000000000000000000000000000
310
00000000000000000000000000000000000000000000000000000000000000000000000000000000000000000000000000000000000000000000000000000000000000000000000000000000000000000000000000000000000000000000000000000000000000000000000000000000000000000000000000000000000000
310
00000000000000000000000000000000000000000000000000000000000000000000000000000000000000000000000000000000000000000000000000000000000000000000000000000000000000000000000000000000000000000000000000000000000000000000000000000000000000000000000000000000000000
310
00000000000000000000000000000000000000000000000000000000000000000000000000000000000000000000000000000000000000000000000000000000000000000000000000000000000000000000000000000000000000000000000000000000000000000000000000000000000000000000000000000000000000
310
00000000000000000000000000000000000000000000000000000000000000000000000000000000000000000000000000000000000000000000000000000000000000000000000000000000000000000000000000000000000000000000000000000000000000000000000000000000000000000000000000000000000000
310
00000000000000000000000000000000000000000000000000000000000000000000000000000000000000000000000000000000000000000000000000000000000000000000000000000000000000000000000000000000000000000000000000000000000000000000000000000000000000000000000000000000000000
310
00000000000000000000000000000000000000000000000000000000000000000000000000000000000000000000000000000000000000000000000000000000000000000000000000000000000000000000000000000000000000000000000000000000000000000000000000000000000000000000000000000000000000
310
00000000000000000000000000000000000000000000000000000000000000000000000000000000000000000000000000000000000000000000000000000000000000000000000000000000000000000000000000000000000000000000000000000000000000000000000000000000000000000000000000000000000000
310
00000000000000000000000000000000000000000000000000000000000000000000000000000000000000000000000000000000000000000000000000000000000000000000000000000000000000000000000000000000000000000000000000000000000000000000000000000000000000000000000000000000000000
310
00000000000000000000000000000000000000000000000000000000000000000000000000000000000000000000000000000000000000000000000000000000000000000000000000000000000000000000000000000000000000000000000000000000000000000000000000000000000000000000000000000000000000
310
00000000000000000000000000000000000000000000000000000000000000000000000000000000000000000000000000000000000000000000000000000000000000000000000000000000000000000000000000000000000000000000000000000000000000000000000000000000000000000000000000000000000000
310
00000000000000000000000000000000000000000000000000000000000000000000000000000000000000000000000000000000000000000000000000000000000000000000000000000000000000000000000000000000000000000000000000000000000000000000000000000000000000000000000000000000000000
310
00000000000000000000000000000000000000000000000000000000000000000000000000000000000000000000000000000000000000000000000000000000000000000000000000000000000000000000000000000000000000000000000000000000000000000000000000000000000000000000000000000000000000
310
00000000000000000000000000000000000000000000000000000000000000000000000000000000000000000000000000000000000000000000000000000000000000000000000000000000000000000000000000000000000000000000000000000000000000000000000000000000000000000000000000000000000000
310
00000000000000000000000000000000000000000000000000000000000000000000000000000000000000000000000000000000000000000000000000000000000000000000000000000000000000000000000000000000000000000000000000000000000000000000000000000000000000000000000000000000000000
310
00000000000000000000000000000000000000000000000000000000000000000000000000000000000000000000000000000000000000000000000000000000000000000000000000000000000000000000000000000000000000000000000000000000000000000000000000000000000000000000000000000000000000
310
00000000000000000000000000000000000000000000000000000000000000000000000000000000000000000000000000000000000000000000000000000000000000000000000000000000000000000000000000000000000000000000000000000000000000000000000000F5F5F5F5F5F5F5F5F5F5F5F5F5F5F5F5F5F5
310
F5F5F5F5F5F5F5F5F5F5F5F5F5F5F5F5F5F5F5000000000000000000000000000000000000000000000000000000000000000000DCF500000000000000000000000000000000000000000000000000000000000000000000000000000000000000000000000000000000000000000000000000000000000000000000000000
310
00000000000000000000000000000000000000000000000000000000000000000000000000000000000000000000000000000000000000000000000000000000000000000000000000000000000000000000000000000000000000000000000000000000000000000000000000F5F52DF5BE2D2D00000000000000000000F5
310
000000000000000000000000000000000000F50000F50000000000000000000000000000000000000000000000000000000000000000DCF50000000000000000000000000000000000000000000000000000000000000000000000000000000000000000000000000000000000000000000000000000000000000000000000
310
000000000000000000000000000000000000000000000000000000000000000000000000000000000000000000000000000000000000000000000000000000000000000000000000000000000000000000000000000000000000000000000000000000000000000000000000000000F5F5F5DCF5DCF52D2D2D000000000000
310
00F5000000000000000000000000000000000000F50000F5F5F5F5F500000000000000000000000000000000000000000000000000000000DCF5F5F5F5F50000000000000000000000000000000000000000000000000000000000000000000000000000000000000000000000000000000000000000000000000000000000
310
000000000000000000000000000000000000000000000000000000000000000000000000000000000000000000000000000000000000000000000000000000000000000000000000000000000000000000000000000000000000000000000000000000000000000000000000000000000000F5F5F5F5F5F500002D2D2D0000
310
000000F5000000000000000000000000000000000000F50000F5000000F500000000000000000000000000000000000000000000000000000000DCF5F50000F5000000000000000000000000000000000000000000000000000000000000000000000000000000000000000000000000000000000000000000000000000000
310
00000000000000000000000000000000000000000000000000000000000000000000000000000000000000000000000000000000000000000000000000000000000000000000000000000000000000000000000000000000000000000000000000000000000000000000000000000000000000F5F5F5F5BEF5F5F5F5F5F52D
310
F5F5F5F5F5F5F5F5F5F5F5F5F5F5F5F5F5F5F5F5F5F5F5F5F50000F5000000F500000000000000000000000000000000000000000000000000000000DCF5F50000F500000000000000000000000000000000000000000000000000000000000000000000000000000000000000000000000000000000000000000000000000
310
000000000000000000000000000000000000000000000000000000000000000000000000000000000000000000000000000000000000000000000000000000000000000000000000000000000000000000000000000000000000000000000000000000000000000000000000000000000000000000F5F5F5F5BEBEBEBE002D
310
2D2D0000000000F5000000000000000000000000000000000000000000F5000000F5000000000000000000000000000000000000000000000000000000DC00F5F5F5F5F50000000000000000000000000000000000000000000000000000000000000000000000000000000000000000000000000000000000000000000000
310
0000000000000000000000000000000000000000000000000000000000000000000000000000000000000000000000000000000000000000000000000000000000000000000000000000000000000000000000000000000000000000000000000000000000000000000000000000000000000000000000F5F5DCF5F5DCF52D
310
2D2D000000000000002D2D2D2D2D2D2D000000000000000000000000000000F5000000F5000000000000000000000000000000000000000000000000000000DC00F5F5F500F500000000000000000000000000000000BE00000000000000000000000000000000000000000000000000000000000000000000000000000000
310
00000000000000000000000000000000000000000000000000000000000000000000000000000000000000000000000000000000000000000000000000000000000000000000000000000000000000000000000000000000000000000000000000000000000000000000000000000000000000000000000000F5F52DDCBEF5
310
2D000000000000000000002DF5BEBEBEDC2D000000000000000000000000000000F5000000F500000000000000000000000000000000000000000000000000000000DCF5F5F5F5F500000000000000000000000000000000BE0000000000000000000000000000000000000000000000000000000000000000000000000000
310
000000000000000000000000000000000000000000000000000000000000000000000000000000000000000000000000000000000000000000000000000000000000000000000000000000000000000000000000000000000000000000000000000000000000000000000000000000000000000000000000000000F5F52DF5
310
F52DF500000000000000000000F5F5F5F5F5F52D000000000000000000000000000000F5000000F5F5F5F5F5F5F5F5000000000000000000000000000000000000000000DCF5F50000F5F5F5F5F5F5F5F5F500000000000000F5F5F5F500000000000000000000000000000000000000000000000000000000000000000000
310
0000000000000000000000000000000000000000000000000000000000000000000000000000000000000000000000000000000000000000000000000000000000000000000000000000000000000000000000000000000000000000000000000000000000000000000000000000000000000000000000000000000000F5F5
310
F5000000F500000000000000000000F5F5F5F5F5F52D2D2D2D000000000000000000000000F5F5F5F5F5000000000000F5000000000000000000000000000000000000000000DCF5F50000F500000000000000F5000000000000F500BE0000F500000000000000000000000000000000000000000000000000000000000000
310
0000000000000000000000000000000000000000000000000000000000000000000000000000000000000000000000000000000000000000000000000000000000000000000000000000000000000000000000000000000000000000000000000000000000000000000000000000000000000000000000000000000000BEBE
310
F5F5F5BEBEBEF5BEBEBEBEBEBEBEBEBEBEF5F5F5F5F5F5BEBEBEBEBE2DBEBEBEBEBEBEBEBEBEBEF5F5F5BEBEBEBEBEBEBEBEBEBEBE00000000000000000000000000000000BEBEBEDCF5F5BEBEF5BEBEBEBEBEBEBEBEBE000000BEBEF5BEF5F5BEF5BE00000000000000000000000000000000000000000000000000000000
310
00000000000000000000000000000000000000000000000000000000000000000000000000000000000000000000000000000000000000000000000000000000000000000000000000000000000000000000000000000000000000000000000000000000000000000000000000000000000000000000000000000000000000
310
0000F5F5F5000000F500000000000000000000BEBEF5BEF5BEBE00002D002D00000000000000000000F5F5F5F5F5000000000000F5000000000000000000000000000000000000000000DCF5F50000F500000000000000F5000000000000F500F5F500F5000000000000000000000000000000000000000000000000000000
310
00000000000000000000000000000000000000000000000000000000000000000000000000000000000000000000000000000000000000000000000000000000000000000000000000000000000000000000000000000000000000000000000000000000000000000000000000000000000000000000000000000000000000
310
00000000F5F5F5000000F500000000000000000000F5F5F5F5F5F50000002D002D00000000000000000000F5000000F5000000000000F5000000000000000000000000000000000000000000DCF5F50000F500000000000000F500000000000000F5F5F5F50000000000000000000000000000000000000000000000000000
310
00000000000000000000000000000000000000000000000000000000000000000000000000000000000000000000000000000000000000000000000000000000000000000000000000000000000000000000000000000000000000000000000000000000000000000000000000000000000000000000000000000000000000
310
000000000000F5F5F5000000F500000000000000000000F5F5F5F5F5F52D2D2D2D2D2D00000000000000000000F5000000F5F5F5F5F5F5F5F5000000000000000000000000000000000000000000DCF5F50000F5F5F5F5F5F5F5F5F50000000000000000F5F500000000000000000000000000000000000000000000000000
310
00000000000000000000000000000000000000000000000000000000000000000000000000000000000000000000000000000000000000000000000000000000000000000000000000000000000000000000000000000000000000000000000000000000000000000000000000000000000000000000000000000000000000
310
0000000000000000BEF5BE000000F500000000000000000000F5F5F5F5F5F52D000000000000000000000000000000F5000000F500000000000000000000000000000000000000000000000000000000DCF5F50000F500000000000000000000000000000000BE000000000000000000000000000000000000000000000000
310
00000000000000000000000000000000000000000000000000000000000000000000000000000000000000000000000000000000000000000000000000000000000000000000000000000000000000000000000000000000000000000000000000000000000000000000000000000000000000000000000000000000000000
310
00000000000000000000F5F5F5F5F500F500000000000000000000F5DCF5BEF5F5DC000000000000000000000000000000F5000000F500000000000000000000000000000000000000000000000000000000DCF5F50000F5000000000000000000000000000000000000000000000000000000000000000000000000000000
310
00000000000000000000000000000000000000000000000000000000000000000000000000000000000000000000000000000000000000000000000000000000000000000000000000000000000000000000000000000000000000000000000000000000000000000000000000000000000000000000000000000000000000
310
000000000000000000000000F5F5F5F5BEBEF5000000000000000000002D2D2DBE2D2D2D000000000000000000000000000000F5000000F500000000000000000000000000000000000000000000000000000000DCF5F50000F5F5F5F5F5F5F5F5F50000000000000000000000000000000000000000000000000000000000
310
00000000000000000000000000000000000000000000000000000000000000000000000000000000000000000000000000000000000000000000000000000000000000000000000000000000000000000000000000000000000000000000000000000000000000000000000000000000000000000000000000000000000000
310
0000000000000000000000000000F5F5F5F5F5F5F5F5F5F5F5F5F5F5F5F5F5F5F5F5F5F5F5F5F5F5F5F5F5F5F5F5F5F5F5F5F50000F5000000F500000000000000000000000000000000000000000000000000000000DCF5F50000F5BEBEBEBEBEBEBEBEBE0000000000000000000000000000000000000000000000000000
310
00000000000000000000000000000000000000000000000000000000000000000000000000000000000000000000000000000000000000000000000000000000000000000000000000000000000000000000000000000000000000000000000000000000000000000000000000000000000000000000000000000000000000
310
0000000000000000000000000000000000F5F50000F5F500000000000000000000F5000000000000000000000000000000000000F50000F5000000F500000000000000000000000000000000000000000000000000000000DCF5F50000F5000000000000000000000000000000000000000000000000000000000000000000
310
00000000000000000000000000000000000000000000000000000000000000000000000000000000000000000000000000000000000000000000000000000000000000000000000000000000000000000000000000000000000000000000000000000000000000000000000000000000000000000000000000000000000000
310
000000000000000000000000000000000000F5F5BE0000BEBEBE000000000000000000F5000000000000000000000000000000000000F50000F5F5F5F5F500000000000000000000000000000000000000000000000000000000DCF5F5F5F5F500000000000000000000000000000000000000000000000000000000000000
310
00000000000000000000000000000000000000000000000000000000000000000000000000000000000000000000000000000000000000000000000000000000000000000000000000000000000000000000000000000000000000000000000000000000000000000000000000000000000000000000000000000000000000
310
0000000000000000000000000000000000000000F5F5F50000F5F500000000000000000000F5000000000000000000000000000000000000F50000F50000000000000000000000000000000000000000000000000000000000000000DCF5000000000000000000000000000000000000000000000000000000000000000000
310
00000000000000000000000000000000000000000000000000000000000000000000000000000000000000000000000000000000000000000000000000000000000000000000000000000000000000000000000000000000000000000000000000000000000000000000000000000000000000000000000000000000000000
310
000000000000000000000000000000000000000000000000F5F5F5F5F5F5F5F5F5F5F5F5F5F5F5F5F5F5F5F5F5F5F5F5F5F5F5F5F5F5F5F5F5F5F5F5F5000000000000000000000000000000000000000000000000000000000000000000DCF500000000000000000000000000000000000000000000000000000000000000
310
0000000000000000000000000000000000000000000000000000000000000000000000000000000000000000000000000000
  0
XRECORD
  5
E81
102
{ACAD_REACTORS
330
E80
102
}
330
E80
100
AcDbXrecord
280
     1
102
MATERIAL
148
0.0
149
0.0
149
0.0
 93
        0
 94
      127
282
     0
 72
     1
 77
     1
171
     1
175
     1
179
     1
273
     0
  0
XRECORD
  5
E7F
102
{ACAD_REACTORS
330
E7E
102
}
330
E7E
100
AcDbXrecord
280
     1
102
MATERIAL
148
0.0
149
0.0
149
0.0
 93
        0
 94
      127
282
     0
 72
     1
 77
     1
171
     1
175
     1
179
     1
273
     0
  0
XRECORD
  5
E83
102
{ACAD_REACTORS
330
E82
102
}
330
E82
100
AcDbXrecord
280
     1
102
MATERIAL
148
0.0
149
0.0
149
0.0
 93
        0
 94
      127
282
     0
 72
     1
 77
     1
171
     1
175
     1
179
     1
273
     0
  0
CELLSTYLEMAP
  5
FFF
102
{ACAD_REACTORS
330
FFE
102
}
330
FFE
100
AcDbCellStyleMap
 90
        3
300
CELLSTYLE
  1
TABLEFORMAT_BEGIN
 90
        5
170
     1
 91
        0
 92
    32768
 62
   257
 93
        1
300
CONTENTFORMAT
  1
CONTENTFORMAT_BEGIN
 90
        0
 91
        0
 92
      512
 93
        0
300

 40
0.0
140
1.0
 94
        5
 62
     0
340
11
144
6.0
309
CONTENTFORMAT_END
171
     1
301
MARGIN
  1
CELLMARGIN_BEGIN
 40
1.5
 40
1.5
 40
1.5
 40
1.5
 40
4.5
 40
4.5
309
CELLMARGIN_END
 94
        6
 95
        1
302
GRIDFORMAT
  1
GRIDFORMAT_BEGIN
 90
        0
 91
        1
 62
     0
 92
       -2
340
0
 93
        0
 40
1.125
309
GRIDFORMAT_END
 95
        2
302
GRIDFORMAT
  1
GRIDFORMAT_BEGIN
 90
        0
 91
        1
 62
     0
 92
       -2
340
0
 93
        0
 40
1.125
309
GRIDFORMAT_END
 95
        4
302
GRIDFORMAT
  1
GRIDFORMAT_BEGIN
 90
        0
 91
        1
 62
     0
 92
       -2
340
0
 93
        0
 40
1.125
309
GRIDFORMAT_END
 95
        8
302
GRIDFORMAT
  1
GRIDFORMAT_BEGIN
 90
        0
 91
        1
 62
     0
 92
       -2
340
0
 93
        0
 40
1.125
309
GRIDFORMAT_END
 95
       16
302
GRIDFORMAT
  1
GRIDFORMAT_BEGIN
 90
        0
 91
        1
 62
     0
 92
       -2
340
0
 93
        0
 40
1.125
309
GRIDFORMAT_END
 95
       32
302
GRIDFORMAT
  1
GRIDFORMAT_BEGIN
 90
        0
 91
        1
 62
     0
 92
       -2
340
0
 93
        0
 40
1.125
309
GRIDFORMAT_END
309
TABLEFORMAT_END
  1
CELLSTYLE_BEGIN
 90
        1
 91
        1
300
_TITLE
309
CELLSTYLE_END
300
CELLSTYLE
  1
TABLEFORMAT_BEGIN
 90
        5
170
     1
 91
        0
 92
        0
 62
   257
 93
        1
300
CONTENTFORMAT
  1
CONTENTFORMAT_BEGIN
 90
        0
 91
        0
 92
      512
 93
        0
300

 40
0.0
140
1.0
 94
        5
 62
     0
340
11
144
4.5
309
CONTENTFORMAT_END
171
     1
301
MARGIN
  1
CELLMARGIN_BEGIN
 40
1.5
 40
1.5
 40
1.5
 40
1.5
 40
4.5
 40
4.5
309
CELLMARGIN_END
 94
        6
 95
        1
302
GRIDFORMAT
  1
GRIDFORMAT_BEGIN
 90
        0
 91
        1
 62
     0
 92
       -2
340
0
 93
        0
 40
1.125
309
GRIDFORMAT_END
 95
        2
302
GRIDFORMAT
  1
GRIDFORMAT_BEGIN
 90
        0
 91
        1
 62
     0
 92
       -2
340
0
 93
        0
 40
1.125
309
GRIDFORMAT_END
 95
        4
302
GRIDFORMAT
  1
GRIDFORMAT_BEGIN
 90
        0
 91
        1
 62
     0
 92
       -2
340
0
 93
        0
 40
1.125
309
GRIDFORMAT_END
 95
        8
302
GRIDFORMAT
  1
GRIDFORMAT_BEGIN
 90
        0
 91
        1
 62
     0
 92
       -2
340
0
 93
        0
 40
1.125
309
GRIDFORMAT_END
 95
       16
302
GRIDFORMAT
  1
GRIDFORMAT_BEGIN
 90
        0
 91
        1
 62
     0
 92
       -2
340
0
 93
        0
 40
1.125
309
GRIDFORMAT_END
 95
       32
302
GRIDFORMAT
  1
GRIDFORMAT_BEGIN
 90
        0
 91
        1
 62
     0
 92
       -2
340
0
 93
        0
 40
1.125
309
GRIDFORMAT_END
309
TABLEFORMAT_END
  1
CELLSTYLE_BEGIN
 90
        2
 91
        1
300
_HEADER
309
CELLSTYLE_END
300
CELLSTYLE
  1
TABLEFORMAT_BEGIN
 90
        5
170
     1
 91
        0
 92
        0
 62
   257
 93
        1
300
CONTENTFORMAT
  1
CONTENTFORMAT_BEGIN
 90
        0
 91
        0
 92
      512
 93
        0
300

 40
0.0
140
1.0
 94
        2
 62
     0
340
11
144
4.5
309
CONTENTFORMAT_END
171
     1
301
MARGIN
  1
CELLMARGIN_BEGIN
 40
1.5
 40
1.5
 40
1.5
 40
1.5
 40
4.5
 40
4.5
309
CELLMARGIN_END
 94
        6
 95
        1
302
GRIDFORMAT
  1
GRIDFORMAT_BEGIN
 90
        0
 91
        1
 62
     0
 92
       -2
340
0
 93
        0
 40
1.125
309
GRIDFORMAT_END
 95
        2
302
GRIDFORMAT
  1
GRIDFORMAT_BEGIN
 90
        0
 91
        1
 62
     0
 92
       -2
340
0
 93
        0
 40
1.125
309
GRIDFORMAT_END
 95
        4
302
GRIDFORMAT
  1
GRIDFORMAT_BEGIN
 90
        0
 91
        1
 62
     0
 92
       -2
340
0
 93
        0
 40
1.125
309
GRIDFORMAT_END
 95
        8
302
GRIDFORMAT
  1
GRIDFORMAT_BEGIN
 90
        0
 91
        1
 62
     0
 92
       -2
340
0
 93
        0
 40
1.125
309
GRIDFORMAT_END
 95
       16
302
GRIDFORMAT
  1
GRIDFORMAT_BEGIN
 90
        0
 91
        1
 62
     0
 92
       -2
340
0
 93
        0
 40
1.125
309
GRIDFORMAT_END
 95
       32
302
GRIDFORMAT
  1
GRIDFORMAT_BEGIN
 90
        0
 91
        1
 62
     0
 92
       -2
340
0
 93
        0
 40
1.125
309
GRIDFORMAT_END
309
TABLEFORMAT_END
  1
CELLSTYLE_BEGIN
 90
        3
 91
        2
300
_DATA
309
CELLSTYLE_END
  0
XRECORD
  5
103B
102
{ACAD_REACTORS
330
FFE
102
}
330
FFE
100
AcDbXrecord
280
     1
102
ACAD_ROUNDTRIP_PRE2007_TABLESTYLE
 90
      512
 91
        0
  1

 92
      512
 93
        0
  2

 94
      512
 95
        0
  3

  0
XRECORD
  5
1010
102
{ACAD_REACTORS
330
100F
102
}
330
100F
100
AcDbXrecord
280
     1
102
RTVSPropertyOp0
 70
     1
102
RTVSPropertyOp1
 70
     1
102
RTVSPropertyOp2
 70
     1
102
RTVSPropertyOp3
 70
     1
102
RTVSPropertyOp4
 70
     1
102
RTVSPropertyOp5
 70
     1
102
RTVSPropertyOp6
 70
     1
102
RTVSPropertyOp7
 70
     1
102
RTVSPropertyOp8
 70
     1
102
RTVSPropertyOp9
 70
     1
102
RTVSPropertyOp10
 70
     1
102
RTVSPropertyOp11
 70
     1
102
RTVSPropertyOp12
 70
     1
102
RTVSPropertyOp13
 70
     1
102
RTVSPropertyOp14
 70
     1
102
RTVSPropertyOp15
 70
     1
102
RTVSPropertyOp16
 70
     1
102
RTVSPropertyOp17
 70
     1
102
RTVSPropertyOp18
 70
     1
102
RTVSPropertyOp19
 70
     1
102
RTVSPropertyOp20
 70
     1
102
RTVSPropertyOp21
 70
     1
102
RTVSPropertyOp22
 70
     1
102
RTVSPropertyOp23
 70
     1
102
RTVSPropertyOp24
 70
     1
102
RTVSPropertyOp25
 70
     1
102
RTVSPropertyOp26
 70
     1
102
RTVSPropertyOp27
 70
     1
102
RTVSPropertyOp28
 70
     1
102
RTVSPropertyOp29
 70
     1
102
RTVSPropertyOp30
 70
     1
102
RTVSPropertyOp31
 70
     1
102
RTVSPropertyOp32
 70
     1
  0
XRECORD
  5
1014
102
{ACAD_REACTORS
330
1013
102
}
330
1013
100
AcDbXrecord
280
     1
102
RTVSPropertyOp0
 70
     1
102
RTVSPropertyOp1
 70
     1
102
RTVSPropertyOp2
 70
     1
102
RTVSPropertyOp3
 70
     1
102
RTVSPropertyOp4
 70
     1
102
RTVSPropertyOp5
 70
     1
102
RTVSPropertyOp6
 70
     1
102
RTVSPropertyOp7
 70
     1
102
RTVSPropertyOp8
 70
     1
102
RTVSPropertyOp9
 70
     1
102
RTVSPropertyOp10
 70
     1
102
RTVSPropertyOp11
 70
     1
102
RTVSPropertyOp12
 70
     1
102
RTVSPropertyOp13
 70
     1
102
RTVSPropertyOp14
 70
     1
102
RTVSPropertyOp15
 70
     1
102
RTVSPropertyOp16
 70
     1
102
RTVSPropertyOp17
 70
     1
102
RTVSPropertyOp18
 70
     1
102
RTVSPropertyOp19
 70
     1
102
RTVSPropertyOp20
 70
     1
102
RTVSPropertyOp21
 70
     1
102
RTVSPropertyOp22
 70
     1
102
RTVSPropertyOp23
 70
     1
102
RTVSPropertyOp24
 70
     1
102
RTVSPropertyOp25
 70
     1
102
RTVSPropertyOp26
 70
     1
102
RTVSPropertyOp27
 70
     1
102
RTVSPropertyOp28
 70
     1
102
RTVSPropertyOp29
 70
     1
102
RTVSPropertyOp30
 70
     1
102
RTVSPropertyOp31
 70
     1
102
RTVSPropertyOp32
 70
     1
  0
XRECORD
  5
1012
102
{ACAD_REACTORS
330
1011
102
}
330
1011
100
AcDbXrecord
280
     1
102
RTVSPropertyOp0
 70
     1
102
RTVSPropertyOp1
 70
     1
102
RTVSPropertyOp2
 70
     1
102
RTVSPropertyOp3
 70
     1
102
RTVSPropertyOp4
 70
     1
102
RTVSPropertyOp5
 70
     1
102
RTVSPropertyOp6
 70
     1
102
RTVSPropertyOp7
 70
     1
102
RTVSPropertyOp8
 70
     1
102
RTVSPropertyOp9
 70
     1
102
RTVSPropertyOp10
 70
     1
102
RTVSPropertyOp11
 70
     1
102
RTVSPropertyOp12
 70
     1
102
RTVSPropertyOp13
 70
     1
102
RTVSPropertyOp14
 70
     1
102
RTVSPropertyOp15
 70
     1
102
RTVSPropertyOp16
 70
     1
102
RTVSPropertyOp17
 70
     1
102
RTVSPropertyOp18
 70
     1
102
RTVSPropertyOp19
 70
     1
102
RTVSPropertyOp20
 70
     1
102
RTVSPropertyOp21
 70
     1
102
RTVSPropertyOp22
 70
     1
102
RTVSPropertyOp23
 70
     1
102
RTVSPropertyOp24
 70
     1
102
RTVSPropertyOp25
 70
     1
102
RTVSPropertyOp26
 70
     1
102
RTVSPropertyOp27
 70
     1
102
RTVSPropertyOp28
 70
     1
102
RTVSPropertyOp29
 70
     1
102
RTVSPropertyOp30
 70
     1
102
RTVSPropertyOp31
 70
     1
102
RTVSPropertyOp32
 70
     1
  0
XRECORD
  5
1016
102
{ACAD_REACTORS
330
1015
102
}
330
1015
100
AcDbXrecord
280
     1
102
RTVSPropertyOp0
 70
     1
102
RTVSPropertyOp1
 70
     1
102
RTVSPropertyOp2
 70
     1
102
RTVSPropertyOp3
 70
     1
102
RTVSPropertyOp4
 70
     1
102
RTVSPropertyOp5
 70
     1
102
RTVSPropertyOp6
 70
     1
102
RTVSPropertyOp7
 70
     1
102
RTVSPropertyOp8
 70
     1
102
RTVSPropertyOp9
 70
     1
102
RTVSPropertyOp10
 70
     1
102
RTVSPropertyOp11
 70
     1
102
RTVSPropertyOp12
 70
     1
102
RTVSPropertyOp13
 70
     1
102
RTVSPropertyOp14
 70
     1
102
RTVSPropertyOp15
 70
     1
102
RTVSPropertyOp16
 70
     1
102
RTVSPropertyOp17
 70
     1
102
RTVSPropertyOp18
 70
     1
102
RTVSPropertyOp19
 70
     1
102
RTVSPropertyOp20
 70
     1
102
RTVSPropertyOp21
 70
     1
102
RTVSPropertyOp22
 70
     1
102
RTVSPropertyOp23
 70
     1
102
RTVSPropertyOp24
 70
     1
102
RTVSPropertyOp25
 70
     1
102
RTVSPropertyOp26
 70
     1
102
RTVSPropertyOp27
 70
     1
102
RTVSPropertyOp28
 70
     1
102
RTVSPropertyOp29
 70
     1
102
RTVSPropertyOp30
 70
     1
102
RTVSPropertyOp31
 70
     1
102
RTVSPropertyOp32
 70
     1
  0
XRECORD
  5
101E
102
{ACAD_REACTORS
330
101D
102
}
330
101D
100
AcDbXrecord
280
     1
102
RTVSPropertyOp0
 70
     1
102
RTVSPropertyOp1
 70
     1
102
RTVSPropertyOp2
 70
     1
102
RTVSPropertyOp3
 70
     1
102
RTVSPropertyOp4
 70
     1
102
RTVSPropertyOp5
 70
     1
102
RTVSPropertyOp6
 70
     1
102
RTVSPropertyOp7
 70
     1
102
RTVSPropertyOp8
 70
     1
102
RTVSPropertyOp9
 70
     1
102
RTVSPropertyOp10
 70
     1
102
RTVSPropertyOp11
 70
     1
102
RTVSPropertyOp12
 70
     1
102
RTVSPropertyOp13
 70
     1
102
RTVSPropertyOp14
 70
     1
102
RTVSPropertyOp15
 70
     1
102
RTVSPropertyOp16
 70
     1
102
RTVSPropertyOp17
 70
     1
102
RTVSPropertyOp18
 70
     1
102
RTVSPropertyOp19
 70
     1
102
RTVSPropertyOp20
 70
     1
102
RTVSPropertyOp21
 70
     1
102
RTVSPropertyOp22
 70
     1
102
RTVSPropertyOp23
 70
     1
102
RTVSPropertyOp24
 70
     1
102
RTVSPropertyOp25
 70
     1
102
RTVSPropertyOp26
 70
     1
102
RTVSPropertyOp27
 70
     1
102
RTVSPropertyOp28
 70
     1
102
RTVSPropertyOp29
 70
     1
102
RTVSPropertyOp30
 70
     1
102
RTVSPropertyOp31
 70
     1
102
RTVSPropertyOp32
 70
     1
  0
XRECORD
  5
1026
102
{ACAD_REACTORS
330
1025
102
}
330
1025
100
AcDbXrecord
280
     1
102
RTVSPropertyOp0
 70
     1
102
RTVSPropertyOp1
 70
     1
102
RTVSPropertyOp2
 70
     1
102
RTVSPropertyOp3
 70
     1
102
RTVSPropertyOp4
 70
     1
102
RTVSPropertyOp5
 70
     1
102
RTVSPropertyOp6
 70
     1
102
RTVSPropertyOp7
 70
     1
102
RTVSPropertyOp8
 70
     1
102
RTVSPropertyOp9
 70
     1
102
RTVSPropertyOp10
 70
     1
102
RTVSPropertyOp11
 70
     1
102
RTVSPropertyOp12
 70
     1
102
RTVSPropertyOp13
 70
     1
102
RTVSPropertyOp14
 70
     1
102
RTVSPropertyOp15
 70
     1
102
RTVSPropertyOp16
 70
     1
102
RTVSPropertyOp17
 70
     1
102
RTVSPropertyOp18
 70
     1
102
RTVSPropertyOp19
 70
     1
102
RTVSPropertyOp20
 70
     1
102
RTVSPropertyOp21
 70
     1
102
RTVSPropertyOp22
 70
     1
102
RTVSPropertyOp23
 70
     1
102
RTVSPropertyOp24
 70
     1
102
RTVSPropertyOp25
 70
     1
102
RTVSPropertyOp26
 70
     1
102
RTVSPropertyOp27
 70
     1
102
RTVSPropertyOp28
 70
     1
102
RTVSPropertyOp29
 70
     1
102
RTVSPropertyOp30
 70
     1
102
RTVSPropertyOp31
 70
     1
102
RTVSPropertyOp32
 70
     1
  0
XRECORD
  5
101A
102
{ACAD_REACTORS
330
1019
102
}
330
1019
100
AcDbXrecord
280
     1
102
RTVSPropertyOp0
 70
     1
102
RTVSPropertyOp1
 70
     1
102
RTVSPropertyOp2
 70
     1
102
RTVSPropertyOp3
 70
     1
102
RTVSPropertyOp4
 70
     1
102
RTVSPropertyOp5
 70
     1
102
RTVSPropertyOp6
 70
     1
102
RTVSPropertyOp7
 70
     1
102
RTVSPropertyOp8
 70
     1
102
RTVSPropertyOp9
 70
     1
102
RTVSPropertyOp10
 70
     1
102
RTVSPropertyOp11
 70
     1
102
RTVSPropertyOp12
 70
     1
102
RTVSPropertyOp13
 70
     1
102
RTVSPropertyOp14
 70
     1
102
RTVSPropertyOp15
 70
     1
102
RTVSPropertyOp16
 70
     1
102
RTVSPropertyOp17
 70
     1
102
RTVSPropertyOp18
 70
     1
102
RTVSPropertyOp19
 70
     1
102
RTVSPropertyOp20
 70
     1
102
RTVSPropertyOp21
 70
     1
102
RTVSPropertyOp22
 70
     1
102
RTVSPropertyOp23
 70
     1
102
RTVSPropertyOp24
 70
     1
102
RTVSPropertyOp25
 70
     1
102
RTVSPropertyOp26
 70
     1
102
RTVSPropertyOp27
 70
     1
102
RTVSPropertyOp28
 70
     1
102
RTVSPropertyOp29
 70
     1
102
RTVSPropertyOp30
 70
     1
102
RTVSPropertyOp31
 70
     1
102
RTVSPropertyOp32
 70
     1
  0
XRECORD
  5
101C
102
{ACAD_REACTORS
330
101B
102
}
330
101B
100
AcDbXrecord
280
     1
102
RTVSPropertyOp0
 70
     1
102
RTVSPropertyOp1
 70
     1
102
RTVSPropertyOp2
 70
     1
102
RTVSPropertyOp3
 70
     1
102
RTVSPropertyOp4
 70
     1
102
RTVSPropertyOp5
 70
     1
102
RTVSPropertyOp6
 70
     1
102
RTVSPropertyOp7
 70
     1
102
RTVSPropertyOp8
 70
     1
102
RTVSPropertyOp9
 70
     1
102
RTVSPropertyOp10
 70
     1
102
RTVSPropertyOp11
 70
     1
102
RTVSPropertyOp12
 70
     1
102
RTVSPropertyOp13
 70
     1
102
RTVSPropertyOp14
 70
     1
102
RTVSPropertyOp15
 70
     1
102
RTVSPropertyOp16
 70
     1
102
RTVSPropertyOp17
 70
     1
102
RTVSPropertyOp18
 70
     1
102
RTVSPropertyOp19
 70
     1
102
RTVSPropertyOp20
 70
     1
102
RTVSPropertyOp21
 70
     1
102
RTVSPropertyOp22
 70
     1
102
RTVSPropertyOp23
 70
     1
102
RTVSPropertyOp24
 70
     1
102
RTVSPropertyOp25
 70
     1
102
RTVSPropertyOp26
 70
     1
102
RTVSPropertyOp27
 70
     1
102
RTVSPropertyOp28
 70
     1
102
RTVSPropertyOp29
 70
     1
102
RTVSPropertyOp30
 70
     1
102
RTVSPropertyOp31
 70
     1
102
RTVSPropertyOp32
 70
     1
  0
XRECORD
  5
103A
102
{ACAD_REACTORS
330
1039
102
}
330
1039
100
AcDbXrecord
280
     1
102
RTVSPropertyOp0
 70
     0
102
RTVSPropertyOp1
 70
     0
102
RTVSPropertyOp2
 70
     0
102
RTVSPropertyOp3
 70
     0
102
RTVSPropertyOp4
 70
     0
102
RTVSPropertyOp5
 70
     0
102
RTVSPropertyOp6
 70
     0
102
RTVSPropertyOp7
 70
     0
102
RTVSPropertyOp8
 70
     0
102
RTVSPropertyOp9
 70
     0
102
RTVSPropertyOp10
 70
     0
102
RTVSPropertyOp11
 70
     0
102
RTVSPropertyOp12
 70
     0
102
RTVSPropertyOp13
 70
     0
102
RTVSPropertyOp14
 70
     2
102
RTVSPropertyOp15
 70
     0
102
RTVSPropertyOp16
 70
     0
102
RTVSPropertyOp17
 70
     0
102
RTVSPropertyOp18
 70
     0
102
RTVSPropertyOp19
 70
     0
102
RTVSPropertyOp20
 70
     0
102
RTVSPropertyOp21
 70
     0
102
RTVSPropertyOp22
 70
     0
102
RTVSPropertyOp23
 70
     0
102
RTVSPropertyOp24
 70
     0
102
RTVSPropertyOp25
 70
     0
102
RTVSPropertyOp26
 70
     0
102
RTVSPropertyOp27
 70
     0
102
RTVSPropertyOp28
 70
     1
102
RTVSPropertyOp29
 70
     1
102
RTVSPropertyOp30
 70
     1
102
RTVSPropertyOp31
 70
     1
102
RTVSPropertyOp32
 70
     1
  0
XRECORD
  5
1024
102
{ACAD_REACTORS
330
1023
102
}
330
1023
100
AcDbXrecord
280
     1
102
RTVSPropertyOp0
 70
     1
102
RTVSPropertyOp1
 70
     1
102
RTVSPropertyOp2
 70
     1
102
RTVSPropertyOp3
 70
     1
102
RTVSPropertyOp4
 70
     1
102
RTVSPropertyOp5
 70
     1
102
RTVSPropertyOp6
 70
     1
102
RTVSPropertyOp7
 70
     1
102
RTVSPropertyOp8
 70
     1
102
RTVSPropertyOp9
 70
     1
102
RTVSPropertyOp10
 70
     1
102
RTVSPropertyOp11
 70
     1
102
RTVSPropertyOp12
 70
     1
102
RTVSPropertyOp13
 70
     1
102
RTVSPropertyOp14
 70
     1
102
RTVSPropertyOp15
 70
     1
102
RTVSPropertyOp16
 70
     1
102
RTVSPropertyOp17
 70
     1
102
RTVSPropertyOp18
 70
     1
102
RTVSPropertyOp19
 70
     1
102
RTVSPropertyOp20
 70
     1
102
RTVSPropertyOp21
 70
     1
102
RTVSPropertyOp22
 70
     1
102
RTVSPropertyOp23
 70
     1
102
RTVSPropertyOp24
 70
     1
102
RTVSPropertyOp25
 70
     1
102
RTVSPropertyOp26
 70
     1
102
RTVSPropertyOp27
 70
     1
102
RTVSPropertyOp28
 70
     1
102
RTVSPropertyOp29
 70
     1
102
RTVSPropertyOp30
 70
     1
102
RTVSPropertyOp31
 70
     1
102
RTVSPropertyOp32
 70
     1
  0
XRECORD
  5
1008
102
{ACAD_REACTORS
330
1007
102
}
330
1007
100
AcDbXrecord
280
     1
102
RTVSPropertyOp0
 70
     1
102
RTVSPropertyOp1
 70
     1
102
RTVSPropertyOp2
 70
     1
102
RTVSPropertyOp3
 70
     1
102
RTVSPropertyOp4
 70
     1
102
RTVSPropertyOp5
 70
     1
102
RTVSPropertyOp6
 70
     1
102
RTVSPropertyOp7
 70
     1
102
RTVSPropertyOp8
 70
     1
102
RTVSPropertyOp9
 70
     1
102
RTVSPropertyOp10
 70
     1
102
RTVSPropertyOp11
 70
     1
102
RTVSPropertyOp12
 70
     1
102
RTVSPropertyOp13
 70
     1
102
RTVSPropertyOp14
 70
     1
102
RTVSPropertyOp15
 70
     1
102
RTVSPropertyOp16
 70
     1
102
RTVSPropertyOp17
 70
     1
102
RTVSPropertyOp18
 70
     1
102
RTVSPropertyOp19
 70
     1
102
RTVSPropertyOp20
 70
     1
102
RTVSPropertyOp21
 70
     1
102
RTVSPropertyOp22
 70
     1
102
RTVSPropertyOp23
 70
     1
102
RTVSPropertyOp24
 70
     1
102
RTVSPropertyOp25
 70
     1
102
RTVSPropertyOp26
 70
     1
102
RTVSPropertyOp27
 70
     1
102
RTVSPropertyOp28
 70
     1
102
RTVSPropertyOp29
 70
     1
102
RTVSPropertyOp30
 70
     1
102
RTVSPropertyOp31
 70
     1
102
RTVSPropertyOp32
 70
     1
  0
XRECORD
  5
100A
102
{ACAD_REACTORS
330
1009
102
}
330
1009
100
AcDbXrecord
280
     1
102
RTVSPropertyOp0
 70
     1
102
RTVSPropertyOp1
 70
     1
102
RTVSPropertyOp2
 70
     1
102
RTVSPropertyOp3
 70
     1
102
RTVSPropertyOp4
 70
     1
102
RTVSPropertyOp5
 70
     1
102
RTVSPropertyOp6
 70
     1
102
RTVSPropertyOp7
 70
     1
102
RTVSPropertyOp8
 70
     1
102
RTVSPropertyOp9
 70
     1
102
RTVSPropertyOp10
 70
     1
102
RTVSPropertyOp11
 70
     1
102
RTVSPropertyOp12
 70
     1
102
RTVSPropertyOp13
 70
     1
102
RTVSPropertyOp14
 70
     1
102
RTVSPropertyOp15
 70
     1
102
RTVSPropertyOp16
 70
     1
102
RTVSPropertyOp17
 70
     1
102
RTVSPropertyOp18
 70
     1
102
RTVSPropertyOp19
 70
     1
102
RTVSPropertyOp20
 70
     1
102
RTVSPropertyOp21
 70
     1
102
RTVSPropertyOp22
 70
     1
102
RTVSPropertyOp23
 70
     1
102
RTVSPropertyOp24
 70
     1
102
RTVSPropertyOp25
 70
     1
102
RTVSPropertyOp26
 70
     1
102
RTVSPropertyOp27
 70
     1
102
RTVSPropertyOp28
 70
     1
102
RTVSPropertyOp29
 70
     1
102
RTVSPropertyOp30
 70
     1
102
RTVSPropertyOp31
 70
     1
102
RTVSPropertyOp32
 70
     1
  0
XRECORD
  5
100C
102
{ACAD_REACTORS
330
100B
102
}
330
100B
100
AcDbXrecord
280
     1
102
RTVSPropertyOp0
 70
     1
102
RTVSPropertyOp1
 70
     1
102
RTVSPropertyOp2
 70
     1
102
RTVSPropertyOp3
 70
     1
102
RTVSPropertyOp4
 70
     1
102
RTVSPropertyOp5
 70
     1
102
RTVSPropertyOp6
 70
     1
102
RTVSPropertyOp7
 70
     1
102
RTVSPropertyOp8
 70
     1
102
RTVSPropertyOp9
 70
     1
102
RTVSPropertyOp10
 70
     1
102
RTVSPropertyOp11
 70
     1
102
RTVSPropertyOp12
 70
     1
102
RTVSPropertyOp13
 70
     1
102
RTVSPropertyOp14
 70
     1
102
RTVSPropertyOp15
 70
     1
102
RTVSPropertyOp16
 70
     1
102
RTVSPropertyOp17
 70
     1
102
RTVSPropertyOp18
 70
     1
102
RTVSPropertyOp19
 70
     1
102
RTVSPropertyOp20
 70
     1
102
RTVSPropertyOp21
 70
     1
102
RTVSPropertyOp22
 70
     1
102
RTVSPropertyOp23
 70
     1
102
RTVSPropertyOp24
 70
     1
102
RTVSPropertyOp25
 70
     1
102
RTVSPropertyOp26
 70
     1
102
RTVSPropertyOp27
 70
     1
102
RTVSPropertyOp28
 70
     1
102
RTVSPropertyOp29
 70
     1
102
RTVSPropertyOp30
 70
     1
102
RTVSPropertyOp31
 70
     1
102
RTVSPropertyOp32
 70
     1
  0
XRECORD
  5
100E
102
{ACAD_REACTORS
330
100D
102
}
330
100D
100
AcDbXrecord
280
     1
102
RTVSPropertyOp0
 70
     1
102
RTVSPropertyOp1
 70
     1
102
RTVSPropertyOp2
 70
     1
102
RTVSPropertyOp3
 70
     1
102
RTVSPropertyOp4
 70
     1
102
RTVSPropertyOp5
 70
     1
102
RTVSPropertyOp6
 70
     1
102
RTVSPropertyOp7
 70
     1
102
RTVSPropertyOp8
 70
     1
102
RTVSPropertyOp9
 70
     1
102
RTVSPropertyOp10
 70
     1
102
RTVSPropertyOp11
 70
     1
102
RTVSPropertyOp12
 70
     1
102
RTVSPropertyOp13
 70
     1
102
RTVSPropertyOp14
 70
     1
102
RTVSPropertyOp15
 70
     1
102
RTVSPropertyOp16
 70
     1
102
RTVSPropertyOp17
 70
     1
102
RTVSPropertyOp18
 70
     1
102
RTVSPropertyOp19
 70
     1
102
RTVSPropertyOp20
 70
     1
102
RTVSPropertyOp21
 70
     1
102
RTVSPropertyOp22
 70
     1
102
RTVSPropertyOp23
 70
     1
102
RTVSPropertyOp24
 70
     1
102
RTVSPropertyOp25
 70
     1
102
RTVSPropertyOp26
 70
     1
102
RTVSPropertyOp27
 70
     1
102
RTVSPropertyOp28
 70
     1
102
RTVSPropertyOp29
 70
     1
102
RTVSPropertyOp30
 70
     1
102
RTVSPropertyOp31
 70
     1
102
RTVSPropertyOp32
 70
     1
  0
XRECORD
  5
102A
102
{ACAD_REACTORS
330
1029
102
}
330
1029
100
AcDbXrecord
280
     1
102
RTVSPropertyOp0
 70
     1
102
RTVSPropertyOp1
 70
     1
102
RTVSPropertyOp2
 70
     1
102
RTVSPropertyOp3
 70
     1
102
RTVSPropertyOp4
 70
     1
102
RTVSPropertyOp5
 70
     1
102
RTVSPropertyOp6
 70
     1
102
RTVSPropertyOp7
 70
     1
102
RTVSPropertyOp8
 70
     1
102
RTVSPropertyOp9
 70
     1
102
RTVSPropertyOp10
 70
     1
102
RTVSPropertyOp11
 70
     1
102
RTVSPropertyOp12
 70
     1
102
RTVSPropertyOp13
 70
     1
102
RTVSPropertyOp14
 70
     1
102
RTVSPropertyOp15
 70
     1
102
RTVSPropertyOp16
 70
     1
102
RTVSPropertyOp17
 70
     1
102
RTVSPropertyOp18
 70
     1
102
RTVSPropertyOp19
 70
     1
102
RTVSPropertyOp20
 70
     1
102
RTVSPropertyOp21
 70
     1
102
RTVSPropertyOp22
 70
     1
102
RTVSPropertyOp23
 70
     1
102
RTVSPropertyOp24
 70
     1
102
RTVSPropertyOp25
 70
     1
102
RTVSPropertyOp26
 70
     1
102
RTVSPropertyOp27
 70
     1
102
RTVSPropertyOp28
 70
     1
102
RTVSPropertyOp29
 70
     1
102
RTVSPropertyOp30
 70
     1
102
RTVSPropertyOp31
 70
     1
102
RTVSPropertyOp32
 70
     1
  0
XRECORD
  5
1036
102
{ACAD_REACTORS
330
1035
102
}
330
1035
100
AcDbXrecord
280
     1
102
RTVSPropertyOp0
 70
     0
102
RTVSPropertyOp1
 70
     0
102
RTVSPropertyOp2
 70
     0
102
RTVSPropertyOp3
 70
     0
102
RTVSPropertyOp4
 70
     0
102
RTVSPropertyOp5
 70
     0
102
RTVSPropertyOp6
 70
     0
102
RTVSPropertyOp7
 70
     0
102
RTVSPropertyOp8
 70
     0
102
RTVSPropertyOp9
 70
     0
102
RTVSPropertyOp10
 70
     0
102
RTVSPropertyOp11
 70
     0
102
RTVSPropertyOp12
 70
     0
102
RTVSPropertyOp13
 70
     0
102
RTVSPropertyOp14
 70
     2
102
RTVSPropertyOp15
 70
     0
102
RTVSPropertyOp16
 70
     0
102
RTVSPropertyOp17
 70
     0
102
RTVSPropertyOp18
 70
     0
102
RTVSPropertyOp19
 70
     0
102
RTVSPropertyOp20
 70
     0
102
RTVSPropertyOp21
 70
     0
102
RTVSPropertyOp22
 70
     0
102
RTVSPropertyOp23
 70
     0
102
RTVSPropertyOp24
 70
     0
102
RTVSPropertyOp25
 70
     0
102
RTVSPropertyOp26
 70
     0
102
RTVSPropertyOp27
 70
     0
102
RTVSPropertyOp28
 70
     1
102
RTVSPropertyOp29
 70
     1
102
RTVSPropertyOp30
 70
     1
102
RTVSPropertyOp31
 70
     1
102
RTVSPropertyOp32
 70
     1
  0
XRECORD
  5
1022
102
{ACAD_REACTORS
330
1021
102
}
330
1021
100
AcDbXrecord
280
     1
102
RTVSPropertyOp0
 70
     1
102
RTVSPropertyOp1
 70
     1
102
RTVSPropertyOp2
 70
     1
102
RTVSPropertyOp3
 70
     1
102
RTVSPropertyOp4
 70
     1
102
RTVSPropertyOp5
 70
     1
102
RTVSPropertyOp6
 70
     1
102
RTVSPropertyOp7
 70
     1
102
RTVSPropertyOp8
 70
     1
102
RTVSPropertyOp9
 70
     1
102
RTVSPropertyOp10
 70
     1
102
RTVSPropertyOp11
 70
     1
102
RTVSPropertyOp12
 70
     1
102
RTVSPropertyOp13
 70
     1
102
RTVSPropertyOp14
 70
     1
102
RTVSPropertyOp15
 70
     1
102
RTVSPropertyOp16
 70
     1
102
RTVSPropertyOp17
 70
     1
102
RTVSPropertyOp18
 70
     1
102
RTVSPropertyOp19
 70
     1
102
RTVSPropertyOp20
 70
     1
102
RTVSPropertyOp21
 70
     1
102
RTVSPropertyOp22
 70
     1
102
RTVSPropertyOp23
 70
     1
102
RTVSPropertyOp24
 70
     1
102
RTVSPropertyOp25
 70
     1
102
RTVSPropertyOp26
 70
     1
102
RTVSPropertyOp27
 70
     1
102
RTVSPropertyOp28
 70
     1
102
RTVSPropertyOp29
 70
     1
102
RTVSPropertyOp30
 70
     1
102
RTVSPropertyOp31
 70
     1
102
RTVSPropertyOp32
 70
     1
  0
XRECORD
  5
1038
102
{ACAD_REACTORS
330
1037
102
}
330
1037
100
AcDbXrecord
280
     1
102
RTVSPropertyOp0
 70
     0
102
RTVSPropertyOp1
 70
     0
102
RTVSPropertyOp2
 70
     0
102
RTVSPropertyOp3
 70
     0
102
RTVSPropertyOp4
 70
     0
102
RTVSPropertyOp5
 70
     0
102
RTVSPropertyOp6
 70
     0
102
RTVSPropertyOp7
 70
     0
102
RTVSPropertyOp8
 70
     0
102
RTVSPropertyOp9
 70
     0
102
RTVSPropertyOp10
 70
     0
102
RTVSPropertyOp11
 70
     0
102
RTVSPropertyOp12
 70
     0
102
RTVSPropertyOp13
 70
     0
102
RTVSPropertyOp14
 70
     2
102
RTVSPropertyOp15
 70
     0
102
RTVSPropertyOp16
 70
     0
102
RTVSPropertyOp17
 70
     0
102
RTVSPropertyOp18
 70
     0
102
RTVSPropertyOp19
 70
     0
102
RTVSPropertyOp20
 70
     0
102
RTVSPropertyOp21
 70
     0
102
RTVSPropertyOp22
 70
     0
102
RTVSPropertyOp23
 70
     0
102
RTVSPropertyOp24
 70
     0
102
RTVSPropertyOp25
 70
     0
102
RTVSPropertyOp26
 70
     0
102
RTVSPropertyOp27
 70
     0
102
RTVSPropertyOp28
 70
     1
102
RTVSPropertyOp29
 70
     1
102
RTVSPropertyOp30
 70
     1
102
RTVSPropertyOp31
 70
     1
102
RTVSPropertyOp32
 70
     1
  0
XRECORD
  5
1018
102
{ACAD_REACTORS
330
1017
102
}
330
1017
100
AcDbXrecord
280
     1
102
RTVSPropertyOp0
 70
     1
102
RTVSPropertyOp1
 70
     1
102
RTVSPropertyOp2
 70
     1
102
RTVSPropertyOp3
 70
     1
102
RTVSPropertyOp4
 70
     1
102
RTVSPropertyOp5
 70
     1
102
RTVSPropertyOp6
 70
     1
102
RTVSPropertyOp7
 70
     1
102
RTVSPropertyOp8
 70
     1
102
RTVSPropertyOp9
 70
     1
102
RTVSPropertyOp10
 70
     1
102
RTVSPropertyOp11
 70
     1
102
RTVSPropertyOp12
 70
     1
102
RTVSPropertyOp13
 70
     1
102
RTVSPropertyOp14
 70
     1
102
RTVSPropertyOp15
 70
     1
102
RTVSPropertyOp16
 70
     1
102
RTVSPropertyOp17
 70
     1
102
RTVSPropertyOp18
 70
     1
102
RTVSPropertyOp19
 70
     1
102
RTVSPropertyOp20
 70
     1
102
RTVSPropertyOp21
 70
     1
102
RTVSPropertyOp22
 70
     1
102
RTVSPropertyOp23
 70
     1
102
RTVSPropertyOp24
 70
     1
102
RTVSPropertyOp25
 70
     1
102
RTVSPropertyOp26
 70
     1
102
RTVSPropertyOp27
 70
     1
102
RTVSPropertyOp28
 70
     1
102
RTVSPropertyOp29
 70
     1
102
RTVSPropertyOp30
 70
     1
102
RTVSPropertyOp31
 70
     1
102
RTVSPropertyOp32
 70
     1
  0
XRECORD
  5
1034
102
{ACAD_REACTORS
330
1033
102
}
330
1033
100
AcDbXrecord
280
     1
102
RTVSPropertyOp0
 70
     1
102
RTVSPropertyOp1
 70
     1
102
RTVSPropertyOp2
 70
     1
102
RTVSPropertyOp3
 70
     1
102
RTVSPropertyOp4
 70
     1
102
RTVSPropertyOp5
 70
     1
102
RTVSPropertyOp6
 70
     1
102
RTVSPropertyOp7
 70
     1
102
RTVSPropertyOp8
 70
     1
102
RTVSPropertyOp9
 70
     1
102
RTVSPropertyOp10
 70
     1
102
RTVSPropertyOp11
 70
     1
102
RTVSPropertyOp12
 70
     1
102
RTVSPropertyOp13
 70
     1
102
RTVSPropertyOp14
 70
     1
102
RTVSPropertyOp15
 70
     1
102
RTVSPropertyOp16
 70
     1
102
RTVSPropertyOp17
 70
     1
102
RTVSPropertyOp18
 70
     1
102
RTVSPropertyOp19
 70
     1
102
RTVSPropertyOp20
 70
     1
102
RTVSPropertyOp21
 70
     1
102
RTVSPropertyOp22
 70
     1
102
RTVSPropertyOp23
 70
     1
102
RTVSPropertyOp24
 70
     1
102
RTVSPropertyOp25
 70
     1
102
RTVSPropertyOp26
 70
     1
102
RTVSPropertyOp27
 70
     1
102
RTVSPropertyOp28
 70
     1
102
RTVSPropertyOp29
 70
     1
102
RTVSPropertyOp30
 70
     1
102
RTVSPropertyOp31
 70
     1
102
RTVSPropertyOp32
 70
     1
  0
XRECORD
  5
1032
102
{ACAD_REACTORS
330
1031
102
}
330
1031
100
AcDbXrecord
280
     1
102
RTVSPropertyOp0
 70
     1
102
RTVSPropertyOp1
 70
     1
102
RTVSPropertyOp2
 70
     1
102
RTVSPropertyOp3
 70
     1
102
RTVSPropertyOp4
 70
     1
102
RTVSPropertyOp5
 70
     1
102
RTVSPropertyOp6
 70
     1
102
RTVSPropertyOp7
 70
     1
102
RTVSPropertyOp8
 70
     1
102
RTVSPropertyOp9
 70
     1
102
RTVSPropertyOp10
 70
     1
102
RTVSPropertyOp11
 70
     1
102
RTVSPropertyOp12
 70
     1
102
RTVSPropertyOp13
 70
     1
102
RTVSPropertyOp14
 70
     1
102
RTVSPropertyOp15
 70
     1
102
RTVSPropertyOp16
 70
     1
102
RTVSPropertyOp17
 70
     1
102
RTVSPropertyOp18
 70
     1
102
RTVSPropertyOp19
 70
     1
102
RTVSPropertyOp20
 70
     1
102
RTVSPropertyOp21
 70
     1
102
RTVSPropertyOp22
 70
     1
102
RTVSPropertyOp23
 70
     1
102
RTVSPropertyOp24
 70
     1
102
RTVSPropertyOp25
 70
     1
102
RTVSPropertyOp26
 70
     1
102
RTVSPropertyOp27
 70
     1
102
RTVSPropertyOp28
 70
     1
102
RTVSPropertyOp29
 70
     1
102
RTVSPropertyOp30
 70
     1
102
RTVSPropertyOp31
 70
     1
102
RTVSPropertyOp32
 70
     1
  0
XRECORD
  5
102C
102
{ACAD_REACTORS
330
102B
102
}
330
102B
100
AcDbXrecord
280
     1
102
RTVSPropertyOp0
 70
     1
102
RTVSPropertyOp1
 70
     1
102
RTVSPropertyOp2
 70
     1
102
RTVSPropertyOp3
 70
     1
102
RTVSPropertyOp4
 70
     1
102
RTVSPropertyOp5
 70
     1
102
RTVSPropertyOp6
 70
     1
102
RTVSPropertyOp7
 70
     1
102
RTVSPropertyOp8
 70
     1
102
RTVSPropertyOp9
 70
     1
102
RTVSPropertyOp10
 70
     1
102
RTVSPropertyOp11
 70
     1
102
RTVSPropertyOp12
 70
     1
102
RTVSPropertyOp13
 70
     1
102
RTVSPropertyOp14
 70
     1
102
RTVSPropertyOp15
 70
     1
102
RTVSPropertyOp16
 70
     1
102
RTVSPropertyOp17
 70
     1
102
RTVSPropertyOp18
 70
     1
102
RTVSPropertyOp19
 70
     1
102
RTVSPropertyOp20
 70
     1
102
RTVSPropertyOp21
 70
     1
102
RTVSPropertyOp22
 70
     1
102
RTVSPropertyOp23
 70
     1
102
RTVSPropertyOp24
 70
     1
102
RTVSPropertyOp25
 70
     1
102
RTVSPropertyOp26
 70
     1
102
RTVSPropertyOp27
 70
     1
102
RTVSPropertyOp28
 70
     1
102
RTVSPropertyOp29
 70
     1
102
RTVSPropertyOp30
 70
     1
102
RTVSPropertyOp31
 70
     1
102
RTVSPropertyOp32
 70
     1
  0
XRECORD
  5
102E
102
{ACAD_REACTORS
330
102D
102
}
330
102D
100
AcDbXrecord
280
     1
102
RTVSPropertyOp0
 70
     1
102
RTVSPropertyOp1
 70
     1
102
RTVSPropertyOp2
 70
     1
102
RTVSPropertyOp3
 70
     1
102
RTVSPropertyOp4
 70
     1
102
RTVSPropertyOp5
 70
     1
102
RTVSPropertyOp6
 70
     1
102
RTVSPropertyOp7
 70
     1
102
RTVSPropertyOp8
 70
     1
102
RTVSPropertyOp9
 70
     1
102
RTVSPropertyOp10
 70
     1
102
RTVSPropertyOp11
 70
     1
102
RTVSPropertyOp12
 70
     1
102
RTVSPropertyOp13
 70
     1
102
RTVSPropertyOp14
 70
     1
102
RTVSPropertyOp15
 70
     1
102
RTVSPropertyOp16
 70
     1
102
RTVSPropertyOp17
 70
     1
102
RTVSPropertyOp18
 70
     1
102
RTVSPropertyOp19
 70
     1
102
RTVSPropertyOp20
 70
     1
102
RTVSPropertyOp21
 70
     1
102
RTVSPropertyOp22
 70
     1
102
RTVSPropertyOp23
 70
     1
102
RTVSPropertyOp24
 70
     1
102
RTVSPropertyOp25
 70
     1
102
RTVSPropertyOp26
 70
     1
102
RTVSPropertyOp27
 70
     1
102
RTVSPropertyOp28
 70
     1
102
RTVSPropertyOp29
 70
     1
102
RTVSPropertyOp30
 70
     1
102
RTVSPropertyOp31
 70
     1
102
RTVSPropertyOp32
 70
     1
  0
XRECORD
  5
1020
102
{ACAD_REACTORS
330
101F
102
}
330
101F
100
AcDbXrecord
280
     1
102
RTVSPropertyOp0
 70
     1
102
RTVSPropertyOp1
 70
     1
102
RTVSPropertyOp2
 70
     1
102
RTVSPropertyOp3
 70
     1
102
RTVSPropertyOp4
 70
     1
102
RTVSPropertyOp5
 70
     1
102
RTVSPropertyOp6
 70
     1
102
RTVSPropertyOp7
 70
     1
102
RTVSPropertyOp8
 70
     1
102
RTVSPropertyOp9
 70
     1
102
RTVSPropertyOp10
 70
     1
102
RTVSPropertyOp11
 70
     1
102
RTVSPropertyOp12
 70
     1
102
RTVSPropertyOp13
 70
     1
102
RTVSPropertyOp14
 70
     1
102
RTVSPropertyOp15
 70
     1
102
RTVSPropertyOp16
 70
     1
102
RTVSPropertyOp17
 70
     1
102
RTVSPropertyOp18
 70
     1
102
RTVSPropertyOp19
 70
     1
102
RTVSPropertyOp20
 70
     1
102
RTVSPropertyOp21
 70
     1
102
RTVSPropertyOp22
 70
     1
102
RTVSPropertyOp23
 70
     1
102
RTVSPropertyOp24
 70
     1
102
RTVSPropertyOp25
 70
     1
102
RTVSPropertyOp26
 70
     1
102
RTVSPropertyOp27
 70
     1
102
RTVSPropertyOp28
 70
     1
102
RTVSPropertyOp29
 70
     1
102
RTVSPropertyOp30
 70
     1
102
RTVSPropertyOp31
 70
     1
102
RTVSPropertyOp32
 70
     1
  0
XRECORD
  5
1028
102
{ACAD_REACTORS
330
1027
102
}
330
1027
100
AcDbXrecord
280
     1
102
RTVSPropertyOp0
 70
     1
102
RTVSPropertyOp1
 70
     1
102
RTVSPropertyOp2
 70
     1
102
RTVSPropertyOp3
 70
     1
102
RTVSPropertyOp4
 70
     1
102
RTVSPropertyOp5
 70
     1
102
RTVSPropertyOp6
 70
     1
102
RTVSPropertyOp7
 70
     1
102
RTVSPropertyOp8
 70
     1
102
RTVSPropertyOp9
 70
     1
102
RTVSPropertyOp10
 70
     1
102
RTVSPropertyOp11
 70
     1
102
RTVSPropertyOp12
 70
     1
102
RTVSPropertyOp13
 70
     1
102
RTVSPropertyOp14
 70
     1
102
RTVSPropertyOp15
 70
     1
102
RTVSPropertyOp16
 70
     1
102
RTVSPropertyOp17
 70
     1
102
RTVSPropertyOp18
 70
     1
102
RTVSPropertyOp19
 70
     1
102
RTVSPropertyOp20
 70
     1
102
RTVSPropertyOp21
 70
     1
102
RTVSPropertyOp22
 70
     1
102
RTVSPropertyOp23
 70
     1
102
RTVSPropertyOp24
 70
     1
102
RTVSPropertyOp25
 70
     1
102
RTVSPropertyOp26
 70
     1
102
RTVSPropertyOp27
 70
     1
102
RTVSPropertyOp28
 70
     1
102
RTVSPropertyOp29
 70
     1
102
RTVSPropertyOp30
 70
     1
102
RTVSPropertyOp31
 70
     1
102
RTVSPropertyOp32
 70
     1
  0
XRECORD
  5
1030
102
{ACAD_REACTORS
330
102F
102
}
330
102F
100
AcDbXrecord
280
     1
102
RTVSPropertyOp0
 70
     1
102
RTVSPropertyOp1
 70
     1
102
RTVSPropertyOp2
 70
     1
102
RTVSPropertyOp3
 70
     1
102
RTVSPropertyOp4
 70
     1
102
RTVSPropertyOp5
 70
     1
102
RTVSPropertyOp6
 70
     1
102
RTVSPropertyOp7
 70
     1
102
RTVSPropertyOp8
 70
     1
102
RTVSPropertyOp9
 70
     1
102
RTVSPropertyOp10
 70
     1
102
RTVSPropertyOp11
 70
     1
102
RTVSPropertyOp12
 70
     1
102
RTVSPropertyOp13
 70
     1
102
RTVSPropertyOp14
 70
     1
102
RTVSPropertyOp15
 70
     1
102
RTVSPropertyOp16
 70
     1
102
RTVSPropertyOp17
 70
     1
102
RTVSPropertyOp18
 70
     1
102
RTVSPropertyOp19
 70
     1
102
RTVSPropertyOp20
 70
     1
102
RTVSPropertyOp21
 70
     1
102
RTVSPropertyOp22
 70
     1
102
RTVSPropertyOp23
 70
     1
102
RTVSPropertyOp24
 70
     1
102
RTVSPropertyOp25
 70
     1
102
RTVSPropertyOp26
 70
     1
102
RTVSPropertyOp27
 70
     1
102
RTVSPropertyOp28
 70
     1
102
RTVSPropertyOp29
 70
     1
102
RTVSPropertyOp30
 70
     1
102
RTVSPropertyOp31
 70
     1
102
RTVSPropertyOp32
 70
     1
  0
ENDSEC
  0
EOF
