  0
SECTION
  2
HEADER
  9
$ACADVER
  1
AC1015
  9
$ACADMAINTVER
 70
    20
  9
$DWGCODEPAGE
  3
ANSI_932
  9
$INSBASE
 10
0.0
 20
0.0
 30
0.0
  9
$EXTMIN
 10
-211.9993812017011
 20
-204.9934179528131
 30
0.0
  9
$EXTMAX
 10
176.4080605559096
 20
158.5001792114009
 30
0.0
  9
$LIMMIN
 10
0.0
 20
0.0
  9
$LIMMAX
 10
12.0
 20
9.0
  9
$ORTHOMODE
 70
     0
  9
$REGENMODE
 70
     1
  9
$FILLMODE
 70
     1
  9
$QTEXTMODE
 70
     0
  9
$MIRRTEXT
 70
     1
  9
$LTSCALE
 40
1.0
  9
$ATTMODE
 70
     1
  9
$TEXTSIZE
 40
0.2
  9
$TRACEWID
 40
0.05
  9
$TEXTSTYLE
  7
Standard
  9
$CLAYER
  8
0
  9
$CELTYPE
  6
ByLayer
  9
$CECOLOR
 62
   256
  9
$CELTSCALE
 40
1.0
  9
$DISPSILH
 70
     0
  9
$DIMSCALE
 40
1.0
  9
$DIMASZ
 40
0.18
  9
$DIMEXO
 40
0.0625
  9
$DIMDLI
 40
0.38
  9
$DIMRND
 40
0.0
  9
$DIMDLE
 40
0.0
  9
$DIMEXE
 40
0.18
  9
$DIMTP
 40
0.0
  9
$DIMTM
 40
0.0
  9
$DIMTXT
 40
0.18
  9
$DIMCEN
 40
0.09
  9
$DIMTSZ
 40
0.0
  9
$DIMTOL
 70
     0
  9
$DIMLIM
 70
     0
  9
$DIMTIH
 70
     1
  9
$DIMTOH
 70
     1
  9
$DIMSE1
 70
     0
  9
$DIMSE2
 70
     0
  9
$DIMTAD
 70
     0
  9
$DIMZIN
 70
     0
  9
$DIMBLK
  1

  9
$DIMASO
 70
     1
  9
$DIMSHO
 70
     1
  9
$DIMPOST
  1

  9
$DIMAPOST
  1

  9
$DIMALT
 70
     0
  9
$DIMALTD
 70
     2
  9
$DIMALTF
 40
25.4
  9
$DIMLFAC
 40
1.0
  9
$DIMTOFL
 70
     0
  9
$DIMTVP
 40
0.0
  9
$DIMTIX
 70
     0
  9
$DIMSOXD
 70
     0
  9
$DIMSAH
 70
     0
  9
$DIMBLK1
  1

  9
$DIMBLK2
  1

  9
$DIMSTYLE
  2
Standard
  9
$DIMCLRD
 70
     0
  9
$DIMCLRE
 70
     0
  9
$DIMCLRT
 70
     0
  9
$DIMTFAC
 40
1.0
  9
$DIMGAP
 40
0.09
  9
$DIMJUST
 70
     0
  9
$DIMSD1
 70
     0
  9
$DIMSD2
 70
     0
  9
$DIMTOLJ
 70
     1
  9
$DIMTZIN
 70
     0
  9
$DIMALTZ
 70
     0
  9
$DIMALTTZ
 70
     0
  9
$DIMUPT
 70
     0
  9
$DIMDEC
 70
     4
  9
$DIMTDEC
 70
     4
  9
$DIMALTU
 70
     2
  9
$DIMALTTD
 70
     2
  9
$DIMTXSTY
  7
Standard
  9
$DIMAUNIT
 70
     0
  9
$DIMADEC
 70
     0
  9
$DIMALTRND
 40
0.0
  9
$DIMAZIN
 70
     0
  9
$DIMDSEP
 70
    46
  9
$DIMATFIT
 70
     3
  9
$DIMFRAC
 70
     0
  9
$DIMLDRBLK
  1

  9
$DIMLUNIT
 70
     2
  9
$DIMLWD
 70
    -2
  9
$DIMLWE
 70
    -2
  9
$DIMTMOVE
 70
     0
  9
$LUNITS
 70
     2
  9
$LUPREC
 70
     4
  9
$SKETCHINC
 40
0.1
  9
$FILLETRAD
 40
0.5
  9
$AUNITS
 70
     0
  9
$AUPREC
 70
     0
  9
$MENU
  1
.
  9
$ELEVATION
 40
0.0
  9
$PELEVATION
 40
0.0
  9
$THICKNESS
 40
0.0
  9
$LIMCHECK
 70
     0
  9
$CHAMFERA
 40
0.5
  9
$CHAMFERB
 40
0.5
  9
$CHAMFERC
 40
1.0
  9
$CHAMFERD
 40
0.0
  9
$SKPOLY
 70
     0
  9
$TDCREATE
 40
2457578.582610486
  9
$TDUCREATE
 40
2457578.207610486
  9
$TDUPDATE
 40
2457638.674953461
  9
$TDUUPDATE
 40
2457638.299953461
  9
$TDINDWG
 40
0.1546226968
  9
$TDUSRTIMER
 40
0.1546225231
  9
$USRTIMER
 70
     1
  9
$ANGBASE
 50
0.0
  9
$ANGDIR
 70
     0
  9
$PDMODE
 70
     0
  9
$PDSIZE
 40
0.0
  9
$PLINEWID
 40
0.0
  9
$SPLFRAME
 70
     0
  9
$SPLINETYPE
 70
     6
  9
$SPLINESEGS
 70
     8
  9
$HANDSEED
  5
B11
  9
$SURFTAB1
 70
     6
  9
$SURFTAB2
 70
     6
  9
$SURFTYPE
 70
     6
  9
$SURFU
 70
     6
  9
$SURFV
 70
     6
  9
$UCSBASE
  2

  9
$UCSNAME
  2

  9
$UCSORG
 10
0.0
 20
0.0
 30
0.0
  9
$UCSXDIR
 10
1.0
 20
0.0
 30
0.0
  9
$UCSYDIR
 10
0.0
 20
1.0
 30
0.0
  9
$UCSORTHOREF
  2

  9
$UCSORTHOVIEW
 70
     0
  9
$UCSORGTOP
 10
0.0
 20
0.0
 30
0.0
  9
$UCSORGBOTTOM
 10
0.0
 20
0.0
 30
0.0
  9
$UCSORGLEFT
 10
0.0
 20
0.0
 30
0.0
  9
$UCSORGRIGHT
 10
0.0
 20
0.0
 30
0.0
  9
$UCSORGFRONT
 10
0.0
 20
0.0
 30
0.0
  9
$UCSORGBACK
 10
0.0
 20
0.0
 30
0.0
  9
$PUCSBASE
  2

  9
$PUCSNAME
  2

  9
$PUCSORG
 10
0.0
 20
0.0
 30
0.0
  9
$PUCSXDIR
 10
1.0
 20
0.0
 30
0.0
  9
$PUCSYDIR
 10
0.0
 20
1.0
 30
0.0
  9
$PUCSORTHOREF
  2

  9
$PUCSORTHOVIEW
 70
     0
  9
$PUCSORGTOP
 10
0.0
 20
0.0
 30
0.0
  9
$PUCSORGBOTTOM
 10
0.0
 20
0.0
 30
0.0
  9
$PUCSORGLEFT
 10
0.0
 20
0.0
 30
0.0
  9
$PUCSORGRIGHT
 10
0.0
 20
0.0
 30
0.0
  9
$PUCSORGFRONT
 10
0.0
 20
0.0
 30
0.0
  9
$PUCSORGBACK
 10
0.0
 20
0.0
 30
0.0
  9
$USERI1
 70
     0
  9
$USERI2
 70
     0
  9
$USERI3
 70
     0
  9
$USERI4
 70
     0
  9
$USERI5
 70
     0
  9
$USERR1
 40
18.1
  9
$USERR2
 40
0.0
  9
$USERR3
 40
0.0
  9
$USERR4
 40
0.0
  9
$USERR5
 40
0.0
  9
$WORLDVIEW
 70
     1
  9
$SHADEDGE
 70
     3
  9
$SHADEDIF
 70
    70
  9
$TILEMODE
 70
     1
  9
$MAXACTVP
 70
    64
  9
$PINSBASE
 10
0.0
 20
0.0
 30
0.0
  9
$PLIMCHECK
 70
     0
  9
$PEXTMIN
 10
1.000000000000000E+20
 20
1.000000000000000E+20
 30
1.000000000000000E+20
  9
$PEXTMAX
 10
-1.000000000000000E+20
 20
-1.000000000000000E+20
 30
-1.000000000000000E+20
  9
$PLIMMIN
 10
0.0
 20
0.0
  9
$PLIMMAX
 10
12.0
 20
9.0
  9
$UNITMODE
 70
     0
  9
$VISRETAIN
 70
     1
  9
$PLINEGEN
 70
     0
  9
$PSLTSCALE
 70
     1
  9
$TREEDEPTH
 70
  3020
  9
$CMLSTYLE
  2
Standard
  9
$CMLJUST
 70
     0
  9
$CMLSCALE
 40
1.0
  9
$PROXYGRAPHICS
 70
     1
  9
$MEASUREMENT
 70
     1
  9
$CELWEIGHT
370
    -1
  9
$ENDCAPS
280
     0
  9
$JOINSTYLE
280
     0
  9
$LWDISPLAY
290
     0
  9
$INSUNITS
 70
     4
  9
$HYPERLINKBASE
  1

  9
$STYLESHEET
  1

  9
$XEDIT
290
     1
  9
$CEPSNTYPE
380
     0
  9
$PSTYLEMODE
290
     1
  9
$FINGERPRINTGUID
  2
{52574A05-1C9B-4CA1-A97B-0CD828307951}
  9
$VERSIONGUID
  2
{0737AD19-E2FC-4077-BCA8-831F146FE8BC}
  9
$EXTNAMES
290
     1
  9
$PSVPSCALE
 40
0.0
  9
$OLESTARTUP
290
     0
  0
ENDSEC
  0
SECTION
  2
CLASSES
  0
CLASS
  1
ACDBDICTIONARYWDFLT
  2
AcDbDictionaryWithDefault
  3
ObjectDBX Classes
 90
        0
280
     0
281
     0
  0
CLASS
  1
VISUALSTYLE
  2
AcDbVisualStyle
  3
ObjectDBX Classes
 90
     4095
280
     0
281
     0
  0
CLASS
  1
MATERIAL
  2
AcDbMaterial
  3
ObjectDBX Classes
 90
     1153
280
     0
281
     0
  0
CLASS
  1
DICTIONARYVAR
  2
AcDbDictionaryVar
  3
ObjectDBX Classes
 90
        0
280
     0
281
     0
  0
CLASS
  1
ACDBPLACEHOLDER
  2
AcDbPlaceHolder
  3
ObjectDBX Classes
 90
        0
280
     0
281
     0
  0
CLASS
  1
LAYOUT
  2
AcDbLayout
  3
ObjectDBX Classes
 90
        0
280
     0
281
     0
  0
CLASS
  1
TABLESTYLE
  2
AcDbTableStyle
  3
ObjectDBX Classes
 90
     4095
280
     0
281
     0
  0
CLASS
  1
SCALE
  2
AcDbScale
  3
ObjectDBX Classes
 90
     1153
280
     0
281
     0
  0
CLASS
  1
MLEADERSTYLE
  2
AcDbMLeaderStyle
  3
ACDB_MLEADERSTYLE_CLASS
 90
     4095
280
     0
281
     0
  0
CLASS
  1
EXACXREFPANELOBJECT
  2
ExAcXREFPanelObject
  3
EXAC_ESW
 90
     1025
280
     0
281
     0
  0
CLASS
  1
NPOCOLLECTION
  2
AcDbImpNonPersistentObjectsCollection
  3
ObjectDBX Classes
 90
     1153
280
     0
281
     0
  0
CLASS
  1
CELLSTYLEMAP
  2
AcDbCellStyleMap
  3
ObjectDBX Classes
 90
     1152
280
     0
281
     0
  0
ENDSEC
  0
SECTION
  2
TABLES
  0
TABLE
  2
VPORT
  5
8
330
0
100
AcDbSymbolTable
 70
     1
  0
VPORT
  5
29
330
8
100
AcDbSymbolTableRecord
100
AcDbViewportTableRecord
  2
*Active
 70
     0
 10
0.0
 20
0.0
 11
1.0
 21
1.0
 12
-17.79077989064308
 22
-23.31677356292226
 13
0.0
 23
0.0
 14
0.5
 24
0.5
 15
0.5
 25
0.5
 16
0.0
 26
0.0
 36
1.0
 17
0.0
 27
0.0
 37
0.0
 40
366.4510057039089
 41
1.987373737373737
 42
50.0
 43
0.0
 44
0.0
 50
0.0
 51
0.0
 71
     0
 72
   100
 73
     1
 74
     2
 75
     0
 76
     0
 77
     0
 78
     0
281
     0
 65
     1
110
0.0
120
0.0
130
0.0
111
1.0
121
0.0
131
0.0
112
0.0
122
1.0
132
0.0
 79
     0
146
0.0
  0
ENDTAB
  0
TABLE
  2
LTYPE
  5
5
330
0
100
AcDbSymbolTable
 70
     2
  0
LTYPE
  5
14
330
5
100
AcDbSymbolTableRecord
100
AcDbLinetypeTableRecord
  2
ByBlock
 70
     0
  3

 72
    65
 73
     0
 40
0.0
  0
LTYPE
  5
15
330
5
100
AcDbSymbolTableRecord
100
AcDbLinetypeTableRecord
  2
ByLayer
 70
     0
  3

 72
    65
 73
     0
 40
0.0
  0
LTYPE
  5
16
330
5
100
AcDbSymbolTableRecord
100
AcDbLinetypeTableRecord
  2
Continuous
 70
     0
  3
Solid line
 72
    65
 73
     0
 40
0.0
  0
LTYPE
  5
43
330
5
100
AcDbSymbolTableRecord
100
AcDbLinetypeTableRecord
  2
DASH_CENTER
 70
     0
  3
Dash_Center
 72
    65
 73
     4
 40
14.0
 49
11.0
 74
     0
 49
-1.0
 74
     0
 49
1.0
 74
     0
 49
-1.0
 74
     0
  0
ENDTAB
  0
TABLE
  2
LAYER
  5
2
102
{ACAD_XDICTIONARY
360
A93
102
}
330
0
100
AcDbSymbolTable
 70
     2
  0
LAYER
  5
10
102
{ACAD_XDICTIONARY
360
A07
102
}
330
2
100
AcDbSymbolTableRecord
100
AcDbLayerTableRecord
  2
0
 70
     0
 62
     7
  6
Continuous
370
    -3
390
F
  0
LAYER
  5
A1B
330
2
100
AcDbSymbolTableRecord
100
AcDbLayerTableRecord
  2
Defpoints
 70
     0
 62
     7
  6
Continuous
290
     0
370
    -3
390
F
  0
ENDTAB
  0
TABLE
  2
STYLE
  5
3
330
0
100
AcDbSymbolTable
 70
     1
  0
STYLE
  5
11
330
3
100
AcDbSymbolTableRecord
100
AcDbTextStyleTableRecord
  2
Standard
 70
     0
 40
0.0
 41
1.0
 50
0.0
 71
     0
 42
0.2
  3
txt
  4

  0
ENDTAB
  0
TABLE
  2
VIEW
  5
6
330
0
100
AcDbSymbolTable
 70
     0
  0
ENDTAB
  0
TABLE
  2
UCS
  5
7
330
0
100
AcDbSymbolTable
 70
     0
  0
ENDTAB
  0
TABLE
  2
APPID
  5
9
330
0
100
AcDbSymbolTable
 70
     2
  0
APPID
  5
12
330
9
100
AcDbSymbolTableRecord
100
AcDbRegAppTableRecord
  2
ACAD
 70
     0
  0
APPID
  5
B10
330
9
100
AcDbSymbolTableRecord
100
AcDbRegAppTableRecord
  2
ACAD_MLEADERVER
 70
     0
  0
ENDTAB
  0
TABLE
  2
DIMSTYLE
  5
A
330
0
100
AcDbSymbolTable
 70
     1
100
AcDbDimStyleTable
 71
     0
  0
DIMSTYLE
105
27
330
A
100
AcDbSymbolTableRecord
100
AcDbDimStyleTableRecord
  2
Standard
 70
     0
340
11
  0
ENDTAB
  0
TABLE
  2
BLOCK_RECORD
  5
1
330
0
100
AcDbSymbolTable
 70
     1
  0
BLOCK_RECORD
  5
1F
330
1
100
AcDbSymbolTableRecord
100
AcDbBlockTableRecord
  2
*Model_Space
340
22
  0
BLOCK_RECORD
  5
1B
330
1
100
AcDbSymbolTableRecord
100
AcDbBlockTableRecord
  2
*Paper_Space
340
1E
  0
BLOCK_RECORD
  5
23
330
1
100
AcDbSymbolTableRecord
100
AcDbBlockTableRecord
  2
*Paper_Space0
340
26
  0
ENDTAB
  0
ENDSEC
  0
SECTION
  2
BLOCKS
  0
BLOCK
  5
20
330
1F
100
AcDbEntity
  8
0
100
AcDbBlockBegin
  2
*Model_Space
 70
     0
 10
0.0
 20
0.0
 30
0.0
  3
*Model_Space
  1

  0
ENDBLK
  5
21
330
1F
100
AcDbEntity
  8
0
100
AcDbBlockEnd
  0
BLOCK
  5
1C
330
1B
100
AcDbEntity
 67
     1
  8
0
100
AcDbBlockBegin
  2
*Paper_Space
 70
     0
 10
0.0
 20
0.0
 30
0.0
  3
*Paper_Space
  1

  0
ENDBLK
  5
1D
330
1B
100
AcDbEntity
 67
     1
  8
0
100
AcDbBlockEnd
  0
BLOCK
  5
24
330
23
100
AcDbEntity
 67
     1
  8
0
100
AcDbBlockBegin
  2
*Paper_Space0
 70
     0
 10
0.0
 20
0.0
 30
0.0
  3
*Paper_Space0
  1

  0
ENDBLK
  5
25
330
23
100
AcDbEntity
 67
     1
  8
0
100
AcDbBlockEnd
  0
ENDSEC
  0
SECTION
  2
ENTITIES
  0
LINE
  5
4A
330
1F
100
AcDbEntity
  8
0
  6
Continuous
 62
     4
100
AcDbLine
 10
-50.04978783506896
 20
32.75017921139824
 30
0.0
 11
-44.04978783506896
 21
32.75017921139824
 31
0.0
  0
LINE
  5
4B
330
1F
100
AcDbEntity
  8
0
  6
Continuous
 62
     4
100
AcDbLine
 10
-50.04978783506896
 20
39.25017921139822
 30
0.0
 11
-44.04978783506896
 21
39.25017921139822
 31
0.0
  0
LINE
  5
4C
330
1F
100
AcDbEntity
  8
0
  6
Continuous
 62
     4
100
AcDbLine
 10
-59.04978783506897
 20
42.50017921139824
 30
0.0
 11
-66.29978783506897
 21
42.50017921139824
 31
0.0
  0
LINE
  5
4D
330
1F
100
AcDbEntity
  8
0
  6
Continuous
 62
     4
100
AcDbLine
 10
-70.29978783506897
 20
38.50017921139823
 30
0.0
 11
-70.29978783506897
 21
31.70017921139806
 31
0.0
  0
LINE
  5
4E
330
1F
100
AcDbEntity
  8
0
  6
Continuous
 62
     4
100
AcDbLine
 10
-70.29978783506897
 20
31.70017921139806
 30
0.0
 11
-71.54978783506897
 21
31.70017921139806
 31
0.0
  0
LINE
  5
4F
330
1F
100
AcDbEntity
  8
0
  6
Continuous
 62
     4
100
AcDbLine
 10
-71.54978783506897
 20
31.70017921139806
 30
0.0
 11
-71.54978783506897
 21
29.50017921139824
 31
0.0
  0
LINE
  5
50
330
1F
100
AcDbEntity
  8
0
  6
Continuous
 62
     4
100
AcDbLine
 10
-59.04978783506897
 20
42.50017921139824
 30
0.0
 11
-59.04978783506897
 21
42.45017921139714
 31
0.0
  0
LINE
  5
51
330
1F
100
AcDbEntity
  8
0
  6
Continuous
 62
     4
100
AcDbLine
 10
-59.04978783506897
 20
42.45017921139714
 30
0.0
 11
-52.04978783506897
 21
42.45017921139714
 31
0.0
  0
LINE
  5
52
330
1F
100
AcDbEntity
  8
0
  6
Continuous
 62
     4
100
AcDbLine
 10
-52.04978783506897
 20
42.45017921139714
 30
0.0
 11
-52.04978783506897
 21
41.50017921139823
 31
0.0
  0
LINE
  5
53
330
1F
100
AcDbEntity
  8
0
  6
Continuous
 62
     4
100
AcDbLine
 10
-52.04978783506897
 20
29.55017921139751
 30
0.0
 11
-59.04978783506897
 21
29.55017921139751
 31
0.0
  0
LINE
  5
54
330
1F
100
AcDbEntity
  8
0
  6
Continuous
 62
     4
100
AcDbLine
 10
-59.04978783506897
 20
29.55017921139751
 30
0.0
 11
-59.04978783506897
 21
29.50017921139824
 31
0.0
  0
LINE
  5
55
330
1F
100
AcDbEntity
  8
0
  6
Continuous
 62
     4
100
AcDbLine
 10
-52.04978783506897
 20
41.50017921139823
 30
0.0
 11
-50.04978783506896
 21
41.50017921139823
 31
0.0
  0
LINE
  5
56
330
1F
100
AcDbEntity
  8
0
  6
Continuous
 62
     4
100
AcDbLine
 10
-50.04978783506896
 20
41.50017921139823
 30
0.0
 11
-50.04978783506896
 21
30.50017921139824
 31
0.0
  0
LINE
  5
57
330
1F
100
AcDbEntity
  8
0
  6
Continuous
 62
     4
100
AcDbLine
 10
-52.04978783506897
 20
30.50017921139824
 30
0.0
 11
-50.04978783506896
 21
30.50017921139824
 31
0.0
  0
LINE
  5
58
330
1F
100
AcDbEntity
  8
0
  6
Continuous
 62
     4
100
AcDbLine
 10
-52.04978783506897
 20
30.50017921139824
 30
0.0
 11
-52.04978783506897
 21
29.55017921139751
 31
0.0
  0
LINE
  5
59
330
1F
100
AcDbEntity
  8
0
  6
Continuous
 62
     4
100
AcDbLine
 10
-71.54978783506897
 20
29.50017921139824
 30
0.0
 11
-59.04978783506897
 21
29.50017921139824
 31
0.0
  0
LINE
  5
5A
330
1F
100
AcDbEntity
  8
0
  6
Continuous
 62
     4
100
AcDbLine
 10
-6.798987835075019
 20
31.25017921138488
 30
0.0
 11
-0.7989878350750201
 21
31.25017921138488
 31
0.0
  0
LINE
  5
5B
330
1F
100
AcDbEntity
  8
0
  6
Continuous
 62
     4
100
AcDbLine
 10
-6.798987835075019
 20
39.75017921138488
 30
0.0
 11
-0.7989878350750201
 21
39.75017921138488
 31
0.0
  0
LINE
  5
5C
330
1F
100
AcDbEntity
  8
0
  6
Continuous
 62
     4
100
AcDbLine
 10
-33.3989878350745
 20
28.50017921138487
 30
0.0
 11
-33.3989878350745
 21
31.50017921138488
 31
0.0
  0
LINE
  5
5D
330
1F
100
AcDbEntity
  8
0
  6
Continuous
 62
     4
100
AcDbLine
 10
-33.3989878350745
 20
31.50017921138488
 30
0.0
 11
-31.69898783507377
 21
31.50017921138488
 31
0.0
  0
LINE
  5
5E
330
1F
100
AcDbEntity
  8
0
  6
Continuous
 62
     4
100
AcDbLine
 10
-31.69898783507377
 20
31.50017921138488
 30
0.0
 11
-31.69898783507377
 21
38.50017921138488
 31
0.0
  0
LINE
  5
5F
330
1F
100
AcDbEntity
  8
0
  6
Continuous
 62
     4
100
AcDbLine
 10
-31.69898783507377
 20
38.50017921138488
 30
0.0
 11
-27.69898783507373
 21
42.50017921138488
 31
0.0
  0
LINE
  5
60
330
1F
100
AcDbEntity
  8
0
  6
Continuous
 62
     4
100
AcDbLine
 10
-27.69898783507373
 20
42.50017921138488
 30
0.0
 11
-15.79898783507503
 21
42.50017921138488
 31
0.0
  0
LINE
  5
61
330
1F
100
AcDbEntity
  8
0
  6
Continuous
 62
     4
100
AcDbLine
 10
-15.79898783507503
 20
42.50017921138488
 30
0.0
 11
-15.79898783507503
 21
42.20017921138389
 31
0.0
  0
LINE
  5
62
330
1F
100
AcDbEntity
  8
0
  6
Continuous
 62
     4
100
AcDbLine
 10
-15.79898783507503
 20
42.20017921138389
 30
0.0
 11
-10.79898783507503
 21
42.20017921138389
 31
0.0
  0
LINE
  5
63
330
1F
100
AcDbEntity
  8
0
  6
Continuous
 62
     4
100
AcDbLine
 10
-15.79898783507503
 20
28.50017921138487
 30
0.0
 11
-15.79898783507503
 21
28.80017921138511
 31
0.0
  0
LINE
  5
64
330
1F
100
AcDbEntity
  8
0
  6
Continuous
 62
     4
100
AcDbLine
 10
-15.79898783507503
 20
28.80017921138511
 30
0.0
 11
-10.79898783507503
 21
28.80017921138511
 31
0.0
  0
LINE
  5
65
330
1F
100
AcDbEntity
  8
0
  6
Continuous
 62
     4
100
AcDbLine
 10
-10.79898783507503
 20
42.20017921138389
 30
0.0
 11
-10.79898783507503
 21
42.13970730706438
 31
0.0
  0
LINE
  5
66
330
1F
100
AcDbEntity
  8
0
  6
Continuous
 62
     4
100
AcDbLine
 10
-10.79898783507503
 20
42.13970730706438
 30
0.0
 11
-6.798987835075019
 21
42.13970730706438
 31
0.0
  0
LINE
  5
67
330
1F
100
AcDbEntity
  8
0
  6
Continuous
 62
     4
100
AcDbLine
 10
-6.798987835075019
 20
42.13970730706438
 30
0.0
 11
-6.798987835075019
 21
28.86065111570548
 31
0.0
  0
LINE
  5
68
330
1F
100
AcDbEntity
  8
0
  6
Continuous
 62
     4
100
AcDbLine
 10
-6.798987835075019
 20
28.86065111570548
 30
0.0
 11
-10.79898783507503
 21
28.86065111570548
 31
0.0
  0
LINE
  5
69
330
1F
100
AcDbEntity
  8
0
  6
Continuous
 62
     4
100
AcDbLine
 10
-10.79898783507503
 20
28.86065111570548
 30
0.0
 11
-10.79898783507503
 21
28.80017921138511
 31
0.0
  0
LINE
  5
6A
330
1F
100
AcDbEntity
  8
0
  6
Continuous
 62
     4
100
AcDbLine
 10
-33.3989878350745
 20
28.50017921138487
 30
0.0
 11
-15.79898783507503
 21
28.50017921138487
 31
0.0
  0
LINE
  5
6B
330
1F
100
AcDbEntity
  8
0
  6
Continuous
 62
     4
100
AcDbLine
 10
121.2080605557565
 20
29.50017921139141
 30
0.0
 11
100.2080605557565
 21
29.50017921139141
 31
0.0
  0
LINE
  5
6C
330
1F
100
AcDbEntity
  8
0
  6
Continuous
 62
     4
100
AcDbLine
 10
121.2080605557565
 20
31.70017921139032
 30
0.0
 11
121.2080605557565
 21
29.50017921139141
 31
0.0
  0
LINE
  5
6D
330
1F
100
AcDbEntity
  8
0
  6
Continuous
 62
     4
100
AcDbLine
 10
118.558060555756
 20
31.70017921139032
 30
0.0
 11
121.2080605557565
 21
31.70017921139032
 31
0.0
  0
LINE
  5
6E
330
1F
100
AcDbEntity
  8
0
  6
Continuous
 62
     4
100
AcDbLine
 10
118.558060555756
 20
38.50017921139141
 30
0.0
 11
118.558060555756
 21
31.70017921139032
 31
0.0
  0
LINE
  5
6F
330
1F
100
AcDbEntity
  8
0
  6
Continuous
 62
     4
100
AcDbLine
 10
106.8580605557561
 20
42.5001792113914
 30
0.0
 11
114.558060555756
 21
42.5001792113914
 31
0.0
  0
LINE
  5
70
330
1F
100
AcDbEntity
  8
0
  6
Continuous
 62
     4
100
AcDbLine
 10
102.8580605557561
 20
31.70017921139032
 30
0.0
 11
102.8580605557561
 21
38.50017921139141
 31
0.0
  0
LINE
  5
71
330
1F
100
AcDbEntity
  8
0
  6
Continuous
 62
     4
100
AcDbLine
 10
100.2080605557565
 20
31.70017921139032
 30
0.0
 11
102.8580605557561
 21
31.70017921139032
 31
0.0
  0
LINE
  5
72
330
1F
100
AcDbEntity
  8
0
  6
Continuous
 62
     4
100
AcDbLine
 10
100.2080605557565
 20
29.50017921139141
 30
0.0
 11
100.2080605557565
 21
31.70017921139032
 31
0.0
  0
LINE
  5
73
330
1F
100
AcDbEntity
  8
0
  6
Continuous
 62
     4
100
AcDbLine
 10
116.6080605559116
 20
28.50017921139596
 30
0.0
 11
116.6080605559116
 21
31.50017921139596
 31
0.0
  0
LINE
  5
74
330
1F
100
AcDbEntity
  8
0
  6
Continuous
 62
     4
100
AcDbLine
 10
116.6080605559116
 20
31.50017921139596
 30
0.0
 11
119.2580605559113
 21
31.50017921139596
 31
0.0
  0
LINE
  5
75
330
1F
100
AcDbEntity
  8
0
  6
Continuous
 62
     4
100
AcDbLine
 10
119.2580605559113
 20
31.50017921139596
 30
0.0
 11
119.2580605559113
 21
41.50017921139595
 31
0.0
  0
LINE
  5
76
330
1F
100
AcDbEntity
  8
0
  6
Continuous
 62
     4
100
AcDbLine
 10
120.2580605559113
 20
42.50017921139596
 30
0.0
 11
143.7580605559112
 21
42.50017921139596
 31
0.0
  0
LINE
  5
77
330
1F
100
AcDbEntity
  8
0
  6
Continuous
 62
     4
100
AcDbLine
 10
144.7580605559112
 20
41.50017921139595
 30
0.0
 11
144.7580605559112
 21
31.50017921139596
 31
0.0
  0
LINE
  5
78
330
1F
100
AcDbEntity
  8
0
  6
Continuous
 62
     4
100
AcDbLine
 10
144.7580605559112
 20
31.50017921139596
 30
0.0
 11
147.408060555911
 21
31.50017921139596
 31
0.0
  0
LINE
  5
79
330
1F
100
AcDbEntity
  8
0
  6
Continuous
 62
     4
100
AcDbLine
 10
147.408060555911
 20
31.50017921139596
 30
0.0
 11
147.408060555911
 21
28.50017921139596
 31
0.0
  0
LINE
  5
7A
330
1F
100
AcDbEntity
  8
0
  6
Continuous
 62
     4
100
AcDbLine
 10
147.408060555911
 20
28.50017921139596
 30
0.0
 11
116.6080605559116
 21
28.50017921139596
 31
0.0
  0
LINE
  5
7B
330
1F
100
AcDbEntity
  8
0
  6
Continuous
 62
     4
100
AcDbLine
 10
-33.39898783636167
 20
144.0001792113982
 30
0.0
 11
-33.39898783636167
 21
117.2001792113981
 31
0.0
  0
LINE
  5
7C
330
1F
100
AcDbEntity
  8
0
  6
Continuous
 62
     4
100
AcDbLine
 10
-31.39898783636167
 20
115.2001792113981
 30
0.0
 11
-17.79898783636314
 21
115.2001792113981
 31
0.0
  0
LINE
  5
7D
330
1F
100
AcDbEntity
  8
0
  6
Continuous
 62
     4
100
AcDbLine
 10
-15.79898783636314
 20
117.2001792113981
 30
0.0
 11
-15.79898783636314
 21
123.9001792113979
 31
0.0
  0
LINE
  5
7E
330
1F
100
AcDbEntity
  8
0
  6
Continuous
 62
     4
100
AcDbLine
 10
-17.79898783636314
 20
146.0001792113982
 30
0.0
 11
-31.39898783636167
 21
146.0001792113982
 31
0.0
  0
LINE
  5
7F
330
1F
100
AcDbEntity
  8
0
  6
Continuous
 62
     4
100
AcDbLine
 10
-10.79898783636314
 20
136.3501792113986
 30
0.0
 11
-6.798987836363139
 21
136.3501792113986
 31
0.0
  0
LINE
  5
80
330
1F
100
AcDbEntity
  8
0
  6
Continuous
 62
     4
100
AcDbLine
 10
-6.798987836363139
 20
136.3501792113986
 30
0.0
 11
-6.798987836363139
 21
124.8501792113986
 31
0.0
  0
LINE
  5
81
330
1F
100
AcDbEntity
  8
0
  6
Continuous
 62
     4
100
AcDbLine
 10
-6.798987836363139
 20
124.8501792113986
 30
0.0
 11
-10.79898783636314
 21
124.8501792113986
 31
0.0
  0
LINE
  5
82
330
1F
100
AcDbEntity
  8
0
  6
Continuous
 62
     4
100
AcDbLine
 10
-10.79898783636314
 20
124.8501792113986
 30
0.0
 11
-10.79898783636314
 21
123.9001792113979
 31
0.0
  0
LINE
  5
83
330
1F
100
AcDbEntity
  8
0
  6
Continuous
 62
     4
100
AcDbLine
 10
-10.79898783636314
 20
123.9001792113979
 30
0.0
 11
-15.79898783636314
 21
123.9001792113979
 31
0.0
  0
LINE
  5
84
330
1F
100
AcDbEntity
  8
0
  6
Continuous
 62
     4
100
AcDbLine
 10
-15.79898783636314
 20
137.3001792113993
 30
0.0
 11
-10.79898783636314
 21
137.3001792113993
 31
0.0
  0
LINE
  5
85
330
1F
100
AcDbEntity
  8
0
  6
Continuous
 62
     4
100
AcDbLine
 10
-10.79898783636314
 20
137.3001792113993
 30
0.0
 11
-10.79898783636314
 21
136.3501792113986
 31
0.0
  0
LINE
  5
86
330
1F
100
AcDbEntity
  8
0
  6
Continuous
 62
     4
100
AcDbLine
 10
-15.79898783636314
 20
137.3001792113993
 30
0.0
 11
-15.79898783636314
 21
144.0001792113982
 31
0.0
  0
LINE
  5
87
330
1F
100
AcDbEntity
  8
0
  6
Continuous
 62
     4
100
AcDbLine
 10
-6.798987836363139
 20
134.8501792113986
 30
0.0
 11
-0.7989878363631401
 21
134.8501792113986
 31
0.0
  0
LINE
  5
88
330
1F
100
AcDbEntity
  8
0
  6
Continuous
 62
     4
100
AcDbLine
 10
-6.798987836363139
 20
126.3501792113986
 30
0.0
 11
-0.7989878363631401
 21
126.3501792113986
 31
0.0
  0
LINE
  5
89
330
1F
100
AcDbEntity
  8
0
  6
Continuous
 62
     4
100
AcDbLine
 10
-71.54978783635688
 20
117.6001792113977
 30
0.0
 11
-71.54978783635688
 21
101.0001792113992
 31
0.0
  0
LINE
  5
8A
330
1F
100
AcDbEntity
  8
0
  6
Continuous
 62
     4
100
AcDbLine
 10
-69.34978783635705
 20
98.80017921139851
 30
0.0
 11
-61.24978783635666
 21
98.80017921139851
 31
0.0
  0
LINE
  5
8B
330
1F
100
AcDbEntity
  8
0
  6
Continuous
 62
     4
100
AcDbLine
 10
-59.04978783635687
 20
101.0001792113992
 30
0.0
 11
-59.04978783635687
 21
102.8501792113977
 31
0.0
  0
LINE
  5
8C
330
1F
100
AcDbEntity
  8
0
  6
Continuous
 62
     4
100
AcDbLine
 10
-61.24978783635666
 20
119.8001792113985
 30
0.0
 11
-69.34978783635705
 21
119.8001792113985
 31
0.0
  0
LINE
  5
8D
330
1F
100
AcDbEntity
  8
0
  6
Continuous
 62
     4
100
AcDbLine
 10
-59.04978783635687
 20
102.8501792113977
 30
0.0
 11
-52.04978783635687
 21
102.8501792113977
 31
0.0
  0
LINE
  5
8E
330
1F
100
AcDbEntity
  8
0
  6
Continuous
 62
     4
100
AcDbLine
 10
-52.04978783635687
 20
102.8501792113977
 30
0.0
 11
-52.04978783635687
 21
103.8001792113985
 31
0.0
  0
LINE
  5
8F
330
1F
100
AcDbEntity
  8
0
  6
Continuous
 62
     4
100
AcDbLine
 10
-52.04978783635687
 20
115.7501792113992
 30
0.0
 11
-59.04978783635687
 21
115.7501792113992
 31
0.0
  0
LINE
  5
90
330
1F
100
AcDbEntity
  8
0
  6
Continuous
 62
     4
100
AcDbLine
 10
-52.04978783635687
 20
103.8001792113985
 30
0.0
 11
-50.04978783635687
 21
103.8001792113985
 31
0.0
  0
LINE
  5
91
330
1F
100
AcDbEntity
  8
0
  6
Continuous
 62
     4
100
AcDbLine
 10
-50.04978783635687
 20
103.8001792113985
 30
0.0
 11
-50.04978783635687
 21
114.8001792113985
 31
0.0
  0
LINE
  5
92
330
1F
100
AcDbEntity
  8
0
  6
Continuous
 62
     4
100
AcDbLine
 10
-50.04978783635687
 20
114.8001792113985
 30
0.0
 11
-52.04978783635687
 21
114.8001792113985
 31
0.0
  0
LINE
  5
93
330
1F
100
AcDbEntity
  8
0
  6
Continuous
 62
     4
100
AcDbLine
 10
-52.04978783635687
 20
114.8001792113985
 30
0.0
 11
-52.04978783635687
 21
115.7501792113992
 31
0.0
  0
LINE
  5
94
330
1F
100
AcDbEntity
  8
0
  6
Continuous
 62
     4
100
AcDbLine
 10
-59.04978783635687
 20
115.7501792113992
 30
0.0
 11
-59.04978783635687
 21
117.6001792113977
 31
0.0
  0
LINE
  5
95
330
1F
100
AcDbEntity
  8
0
  6
Continuous
 62
     4
100
AcDbLine
 10
-50.04978783635687
 20
112.5501792113976
 30
0.0
 11
-44.04978783635686
 21
112.5501792113985
 31
0.0
  0
LINE
  5
96
330
1F
100
AcDbEntity
  8
0
  6
Continuous
 62
     4
100
AcDbLine
 10
-50.04978783635687
 20
106.0501792113976
 30
0.0
 11
-44.04978783635686
 21
106.0501792113985
 31
0.0
  0
LINE
  5
97
330
1F
100
AcDbEntity
  8
0
  6
Continuous
 62
     4
100
AcDbLine
 10
-163.6993812017006
 20
28.50017921139596
 30
0.0
 11
-194.4993812017008
 21
28.50017921139596
 31
0.0
  0
LINE
  5
98
330
1F
100
AcDbEntity
  8
0
  6
Continuous
 62
     4
100
AcDbLine
 10
-163.6993812017006
 20
31.50017921139596
 30
0.0
 11
-163.6993812017006
 21
28.50017921139596
 31
0.0
  0
LINE
  5
99
330
1F
100
AcDbEntity
  8
0
  6
Continuous
 62
     4
100
AcDbLine
 10
-166.3493812017002
 20
31.50017921139596
 30
0.0
 11
-163.6993812017006
 21
31.50017921139596
 31
0.0
  0
LINE
  5
9A
330
1F
100
AcDbEntity
  8
0
  6
Continuous
 62
     4
100
AcDbLine
 10
-166.3493812017002
 20
41.50017921139595
 30
0.0
 11
-166.3493812017002
 21
31.50017921139596
 31
0.0
  0
LINE
  5
9B
330
1F
100
AcDbEntity
  8
0
  6
Continuous
 62
     4
100
AcDbLine
 10
-190.8493812017001
 20
42.50017921139596
 30
0.0
 11
-167.3493812017002
 21
42.50017921139596
 31
0.0
  0
LINE
  5
9C
330
1F
100
AcDbEntity
  8
0
  6
Continuous
 62
     4
100
AcDbLine
 10
-191.8493812017001
 20
31.50017921139596
 30
0.0
 11
-191.8493812017001
 21
41.50017921139595
 31
0.0
  0
LINE
  5
9D
330
1F
100
AcDbEntity
  8
0
  6
Continuous
 62
     4
100
AcDbLine
 10
-194.4993812017008
 20
31.50017921139596
 30
0.0
 11
-191.8493812017001
 21
31.50017921139596
 31
0.0
  0
LINE
  5
9E
330
1F
100
AcDbEntity
  8
0
  6
Continuous
 62
     4
100
AcDbLine
 10
-194.4993812017008
 20
28.50017921139596
 30
0.0
 11
-194.4993812017008
 21
31.50017921139596
 31
0.0
  0
LINE
  5
9F
330
1F
100
AcDbEntity
  8
0
  6
Continuous
 62
     4
100
AcDbLine
 10
-168.2993812018565
 20
29.50017921139141
 30
0.0
 11
-168.2993812018565
 21
31.70017921139032
 31
0.0
  0
LINE
  5
A0
330
1F
100
AcDbEntity
  8
0
  6
Continuous
 62
     4
100
AcDbLine
 10
-168.2993812018565
 20
31.70017921139032
 30
0.0
 11
-165.649381201855
 21
31.70017921139032
 31
0.0
  0
LINE
  5
A1
330
1F
100
AcDbEntity
  8
0
  6
Continuous
 62
     4
100
AcDbLine
 10
-165.649381201855
 20
31.70017921139032
 30
0.0
 11
-165.649381201855
 21
38.50017921139141
 31
0.0
  0
LINE
  5
A2
330
1F
100
AcDbEntity
  8
0
  6
Continuous
 62
     4
100
AcDbLine
 10
-161.649381201855
 20
42.5001792113914
 30
0.0
 11
-153.949381201857
 21
42.5001792113914
 31
0.0
  0
LINE
  5
A3
330
1F
100
AcDbEntity
  8
0
  6
Continuous
 62
     4
100
AcDbLine
 10
-149.949381201857
 20
38.50017921139141
 30
0.0
 11
-149.949381201857
 21
31.70017921139032
 31
0.0
  0
LINE
  5
A4
330
1F
100
AcDbEntity
  8
0
  6
Continuous
 62
     4
100
AcDbLine
 10
-149.949381201857
 20
31.70017921139032
 30
0.0
 11
-147.2993812018565
 21
31.70017921139032
 31
0.0
  0
LINE
  5
A5
330
1F
100
AcDbEntity
  8
0
  6
Continuous
 62
     4
100
AcDbLine
 10
-147.2993812018565
 20
31.70017921139032
 30
0.0
 11
-147.2993812018565
 21
29.50017921139141
 31
0.0
  0
LINE
  5
A6
330
1F
100
AcDbEntity
  8
0
  6
Continuous
 62
     4
100
AcDbLine
 10
-147.2993812018565
 20
29.50017921139141
 30
0.0
 11
-168.2993812018565
 21
29.50017921139141
 31
0.0
  0
LINE
  5
A9
330
1F
100
AcDbEntity
  8
0
  6
Continuous
 62
     7
100
AcDbLine
 10
-28.834084296551
 20
-195.080546920727
 30
0.0
 11
-22.58408429655094
 21
-195.080546920727
 31
0.0
  0
LINE
  5
AA
330
1F
100
AcDbEntity
  8
0
  6
Continuous
 62
     7
100
AcDbLine
 10
-36.33408429655094
 20
-185.5805469207268
 30
0.0
 11
-36.33408429655094
 21
-201.8825107064706
 31
0.0
  0
LINE
  5
AB
330
1F
100
AcDbEntity
  8
0
  6
Continuous
 62
     7
100
AcDbLine
 10
-45.33408429655071
 20
-185.5805469207266
 30
0.0
 11
-36.33408429655094
 21
-185.5805469207268
 31
0.0
  0
LINE
  5
AC
330
1F
100
AcDbEntity
  8
0
  6
Continuous
 62
     7
100
AcDbLine
 10
-28.834084296551
 20
-195.080546920727
 30
0.0
 11
-28.83408429655094
 21
-203.4600583014559
 31
0.0
  0
LINE
  5
AD
330
1F
100
AcDbEntity
  8
0
  6
Continuous
 62
     7
100
AcDbLine
 10
-30.33408429655077
 20
-196.5805469207268
 30
0.0
 11
-28.834084296551
 21
-195.080546920727
 31
0.0
  0
LINE
  5
AE
330
1F
100
AcDbEntity
  8
0
  6
Continuous
 62
     7
100
AcDbLine
 10
-30.33408429655077
 20
-196.5805469207268
 30
0.0
 11
-30.33408429655072
 21
-202.4800005413635
 31
0.0
  0
LINE
  5
AF
330
1F
100
AcDbEntity
  8
0
  6
Continuous
 62
     7
100
AcDbLine
 10
-35.33408429655072
 20
-186.5805469207275
 30
0.0
 11
-35.33408429655072
 21
-202.4800005413635
 31
0.0
  0
LINE
  5
B0
330
1F
100
AcDbEntity
  8
0
  6
Continuous
 62
     7
100
AcDbLine
 10
-33.83408429655094
 20
-196.5805469207266
 30
0.0
 11
-30.33408429655077
 21
-196.5805469207268
 31
0.0
  0
LINE
  5
B1
330
1F
100
AcDbEntity
  8
0
  6
Continuous
 62
     7
100
AcDbLine
 10
-36.33408429655094
 20
-185.5805469207268
 30
0.0
 11
-35.33408429655072
 21
-186.5805469207275
 31
0.0
  0
LINE
  5
194
330
1F
100
AcDbEntity
  8
0
  6
DASH_CENTER
 62
     1
100
AcDbLine
 10
2.000212163252289
 20
128.5001792113984
 30
0.0
 11
37.00021216330862
 21
128.5001792113984
 31
0.0
  0
LINE
  5
199
330
1F
100
AcDbEntity
  8
0
  6
Continuous
 62
     7
100
AcDbLine
 10
-4.89978783656844
 20
109.0001792113986
 30
0.0
 11
-3.69978783656683
 21
109.0001792113986
 31
0.0
  0
LINE
  5
19A
330
1F
100
AcDbEntity
  8
0
  6
Continuous
 62
     7
100
AcDbLine
 10
-4.89978783656844
 20
148.0001792113986
 30
0.0
 11
-3.699787836567709
 21
148.0001792113986
 31
0.0
  0
LINE
  5
19B
330
1F
100
AcDbEntity
  8
0
  6
Continuous
 62
     7
100
AcDbLine
 10
-4.899787836099139
 20
-20.99982078860164
 30
0.0
 11
-3.699787836097529
 21
-20.99982078860164
 31
0.0
  0
LINE
  5
19C
330
1F
100
AcDbEntity
  8
0
  6
Continuous
 62
     7
100
AcDbLine
 10
-4.899787836099139
 20
18.00017921139837
 30
0.0
 11
-3.699787836097529
 21
18.00017921139837
 31
0.0
  0
LINE
  5
19D
330
1F
100
AcDbEntity
  8
0
  6
DASH_CENTER
 62
     1
100
AcDbLine
 10
-65.29978783506897
 20
27.00017921139829
 30
0.0
 11
-65.29978783506897
 21
37.30017921139751
 31
0.0
  0
LINE
  5
19E
330
1F
100
AcDbEntity
  8
0
  6
Continuous
 62
     4
100
AcDbLine
 10
-68.92478783506897
 20
29.50017921139829
 30
0.0
 11
-68.92478783506897
 21
34.80017921139751
 31
0.0
  0
LINE
  5
19F
330
1F
100
AcDbEntity
  8
0
  6
Continuous
 62
     4
100
AcDbLine
 10
-61.67478783506897
 20
34.80017921139751
 30
0.0
 11
-61.67478783506897
 21
29.50017921139829
 31
0.0
  0
LINE
  5
1A0
330
1F
100
AcDbEntity
  8
0
  6
Continuous
 62
     4
100
AcDbLine
 10
-69.12478783506877
 20
34.6001792113986
 30
0.0
 11
-61.47478783506827
 21
34.6001792113986
 31
0.0
  0
LINE
  5
1A1
330
1F
100
AcDbEntity
  8
0
  6
Continuous
 62
     7
100
AcDbLine
 10
-61.67478783506897
 20
34.80017921139751
 30
0.0
 11
-61.47478783506827
 21
34.6001792113986
 31
0.0
  0
LINE
  5
1A2
330
1F
100
AcDbEntity
  8
0
  6
Continuous
 62
     7
100
AcDbLine
 10
-69.12478783506877
 20
34.6001792113986
 30
0.0
 11
-68.92478783506897
 21
34.80017921139751
 31
0.0
  0
LINE
  5
1A3
330
1F
100
AcDbEntity
  8
0
  6
DASH_CENTER
 62
     1
100
AcDbLine
 10
37.00021216330862
 20
-1.49982078860177
 30
0.0
 11
-80.49978783505965
 21
-1.49982078860177
 31
0.0
  0
LINE
  5
1A4
330
1F
100
AcDbEntity
  8
0
  6
Continuous
 62
     7
100
AcDbLine
 10
-3.69978783622392
 20
-20.99982078860164
 30
0.0
 11
-3.699787836235719
 21
-31.49982078860436
 31
0.0
  0
LINE
  5
1A5
330
1F
100
AcDbEntity
  8
0
  6
Continuous
 62
     7
100
AcDbLine
 10
-33.69898783507603
 20
-21.49982078860086
 30
0.0
 11
-4.89978783622561
 21
-21.49982078860163
 31
0.0
  0
LINE
  5
1A6
330
1F
100
AcDbEntity
  8
0
  6
Continuous
 62
     7
100
AcDbLine
 10
-3.699787836224829
 20
18.00017921139837
 30
0.0
 11
-3.699787836224829
 21
28.50017921138473
 31
0.0
  0
LINE
  5
1A7
330
1F
100
AcDbEntity
  8
0
  6
Continuous
 62
     7
100
AcDbLine
 10
-33.69898783507694
 20
18.50017921139823
 30
0.0
 11
-4.89978783622561
 21
18.50017921139837
 31
0.0
  0
LINE
  5
1A8
330
1F
100
AcDbEntity
  8
0
  6
Continuous
 62
     7
100
AcDbLine
 10
1.50021216223098
 20
28.50017921138459
 30
0.0
 11
2.000212162250989
 21
28.00017921136919
 31
0.0
  0
LINE
  5
1A9
330
1F
100
AcDbEntity
  8
0
  6
Continuous
 62
     7
100
AcDbLine
 10
-33.59898783507481
 20
28.5001792113855
 30
0.0
 11
1.50021216223098
 21
28.50017921138459
 31
0.0
  0
LINE
  5
1AA
330
1F
100
AcDbEntity
  8
0
  6
Continuous
 62
     7
100
AcDbLine
 10
-33.69898783507603
 20
28.40017921138418
 30
0.0
 11
-33.59898783507481
 21
28.5001792113855
 31
0.0
  0
LINE
  5
1AB
330
1F
100
AcDbEntity
  8
0
  6
Continuous
 62
     7
100
AcDbLine
 10
2.00021216217098
 20
-30.9998207886045
 30
0.0
 11
2.000212163761689
 21
28.00017920985476
 31
0.0
  0
LINE
  5
1AC
330
1F
100
AcDbEntity
  8
0
  6
Continuous
 62
     7
100
AcDbLine
 10
1.50021216217098
 20
-31.4998207886045
 30
0.0
 11
2.00021216217098
 21
-30.9998207886045
 31
0.0
  0
LINE
  5
1AD
330
1F
100
AcDbEntity
  8
0
  6
Continuous
 62
     7
100
AcDbLine
 10
-33.59898783507481
 20
-31.49982078860541
 30
0.0
 11
1.50021216217098
 21
-31.4998207886045
 31
0.0
  0
LINE
  5
1AE
330
1F
100
AcDbEntity
  8
0
  6
Continuous
 62
     7
100
AcDbLine
 10
-33.69898783507603
 20
-31.39982078860504
 30
0.0
 11
-33.59898783507481
 21
-31.49982078860541
 31
0.0
  0
LINE
  5
1AF
330
1F
100
AcDbEntity
  8
0
  6
Continuous
 62
     7
100
AcDbLine
 10
-33.69898783507603
 20
28.40017921138418
 30
0.0
 11
-33.69898783507603
 21
-31.39982078860504
 31
0.0
  0
LINE
  5
1B0
330
1F
100
AcDbEntity
  8
0
  6
Continuous
 62
     7
100
AcDbLine
 10
-4.89978783622562
 20
-31.49982078860436
 30
0.0
 11
-4.89978783622562
 21
-20.99982078860164
 31
0.0
  0
LINE
  5
1B1
330
1F
100
AcDbEntity
  8
0
  6
Continuous
 62
     7
100
AcDbLine
 10
-4.89978783622562
 20
18.00017921139837
 30
0.0
 11
-4.89978783622562
 21
28.50017921138473
 31
0.0
  0
LINE
  5
1B2
330
1F
100
AcDbEntity
  8
0
  6
Continuous
 62
     7
100
AcDbLine
 10
-33.69898783507603
 20
28.40017921138418
 30
0.0
 11
-33.79898783507643
 21
28.50017921138459
 31
0.0
  0
LINE
  5
1B3
330
1F
100
AcDbEntity
  8
0
  6
Continuous
 62
     7
100
AcDbLine
 10
-33.79898783507643
 20
28.50017921138459
 30
0.0
 11
-58.89978783506754
 21
28.50017921138522
 31
0.0
  0
LINE
  5
1B4
330
1F
100
AcDbEntity
  8
0
  6
Continuous
 62
     7
100
AcDbLine
 10
-58.89978783506754
 20
28.50017921138522
 30
0.0
 11
-58.99978783506877
 21
28.40017921139696
 31
0.0
  0
LINE
  5
1B5
330
1F
100
AcDbEntity
  8
0
  6
Continuous
 62
     7
100
AcDbLine
 10
-58.99978783506878
 20
18.5001792113984
 30
0.0
 11
-33.69898783507694
 21
18.50017921139823
 31
0.0
  0
LINE
  5
1B6
330
1F
100
AcDbEntity
  8
0
  6
Continuous
 62
     7
100
AcDbLine
 10
-58.99978783506877
 20
-31.39982078860504
 30
0.0
 11
-58.89978783506754
 21
-31.49982078858977
 31
0.0
  0
LINE
  5
1B7
330
1F
100
AcDbEntity
  8
0
  6
Continuous
 62
     7
100
AcDbLine
 10
-58.89978783506754
 20
-31.49982078858977
 30
0.0
 11
-33.79898783507643
 21
-31.49982078858903
 31
0.0
  0
LINE
  5
1B8
330
1F
100
AcDbEntity
  8
0
  6
Continuous
 62
     7
100
AcDbLine
 10
-33.79898783507643
 20
-31.49982078858903
 30
0.0
 11
-33.69898783507603
 21
-31.39982078858776
 31
0.0
  0
LINE
  5
1B9
330
1F
100
AcDbEntity
  8
0
  6
Continuous
 62
     7
100
AcDbLine
 10
-33.69898783507603
 20
-21.49982078860086
 30
0.0
 11
-58.99978783506878
 21
-21.49982078860205
 31
0.0
  0
LINE
  5
1BA
330
1F
100
AcDbEntity
  8
0
  6
Continuous
 62
     7
100
AcDbLine
 10
-58.99978783506877
 20
-31.49982078860177
 30
0.0
 11
-58.99978783506877
 21
-20.74982078860177
 31
0.0
  0
LINE
  5
1BB
330
1F
100
AcDbEntity
  8
0
  6
Continuous
 62
     7
100
AcDbLine
 10
-60.12978783505886
 20
-15.24982078860177
 30
0.0
 11
-57.37978783505887
 21
-15.24982078860177
 31
0.0
  0
LINE
  5
1BC
330
1F
100
AcDbEntity
  8
0
  6
Continuous
 62
     7
100
AcDbLine
 10
-60.12978783505886
 20
-15.24982078860177
 30
0.0
 11
-60.37978783505886
 21
-15.49982078860177
 31
0.0
  0
LINE
  5
1BD
330
1F
100
AcDbEntity
  8
0
  6
Continuous
 62
     7
100
AcDbLine
 10
-60.37978783505886
 20
-20.49982078860177
 30
0.0
 11
-60.37978783505886
 21
-15.49982078860177
 31
0.0
  0
LINE
  5
1BE
330
1F
100
AcDbEntity
  8
0
  6
Continuous
 62
     7
100
AcDbLine
 10
-60.12978783505886
 20
-15.24982078860177
 30
0.0
 11
-60.12978783505886
 21
-20.74982078860177
 31
0.0
  0
LINE
  5
1BF
330
1F
100
AcDbEntity
  8
0
  6
Continuous
 62
     7
100
AcDbLine
 10
-60.37978783505886
 20
-20.49982078860177
 30
0.0
 11
-60.12978783505886
 21
-20.74982078860177
 31
0.0
  0
LINE
  5
1C0
330
1F
100
AcDbEntity
  8
0
  6
Continuous
 62
     7
100
AcDbLine
 10
-57.37978783505887
 20
-20.74982078860177
 30
0.0
 11
-60.12978783505886
 21
-20.74982078860177
 31
0.0
  0
LINE
  5
1C1
330
1F
100
AcDbEntity
  8
0
  6
Continuous
 62
     7
100
AcDbLine
 10
-57.37978783505887
 20
-14.99982078860177
 30
0.0
 11
-56.99978783505968
 21
-14.99982078860177
 31
0.0
  0
LINE
  5
1C2
330
1F
100
AcDbEntity
  8
0
  6
Continuous
 62
     7
100
AcDbLine
 10
-57.37978783505887
 20
-20.99982078860177
 30
0.0
 11
-57.37978783505887
 21
-14.99982078860177
 31
0.0
  0
LINE
  5
1C3
330
1F
100
AcDbEntity
  8
0
  6
Continuous
 62
     7
100
AcDbLine
 10
-57.37978783505887
 20
-20.99982078860177
 30
0.0
 11
-56.99978783505968
 21
-20.99982078860177
 31
0.0
  0
LINE
  5
1C4
330
1F
100
AcDbEntity
  8
0
  6
Continuous
 62
     7
100
AcDbLine
 10
-58.99978783506877
 20
-14.49982078851991
 30
0.0
 11
-56.99978783505968
 21
-14.49982078851991
 31
0.0
  0
LINE
  5
1C5
330
1F
100
AcDbEntity
  8
0
  6
Continuous
 62
     7
100
AcDbLine
 10
-56.99978783505968
 20
-14.49982078851991
 30
0.0
 11
-56.99978783505968
 21
-21.49982078860177
 31
0.0
  0
LINE
  5
1C6
330
1F
100
AcDbEntity
  8
0
  6
Continuous
 62
     7
100
AcDbLine
 10
-58.99978783506877
 20
-15.24982078860177
 30
0.0
 11
-58.99978783506877
 21
24.50017921139829
 31
0.0
  0
LINE
  5
1C7
330
1F
100
AcDbEntity
  8
0
  6
Continuous
 62
     7
100
AcDbLine
 10
-59.19978783505857
 20
-26.24982078860177
 30
0.0
 11
-59.19978783505857
 21
-20.74982078860177
 31
0.0
  0
LINE
  5
1C8
330
1F
100
AcDbEntity
  8
0
  6
Continuous
 62
     7
100
AcDbLine
 10
-59.19978783505857
 20
-15.24982078860177
 30
0.0
 11
-59.19978783505857
 21
13.25017921139823
 31
0.0
  0
LINE
  5
1C9
330
1F
100
AcDbEntity
  8
0
  6
Continuous
 62
     7
100
AcDbLine
 10
-58.99978783506877
 20
28.50017921139829
 30
0.0
 11
-58.99978783506877
 21
28.40017921139696
 31
0.0
  0
LINE
  5
1CA
330
1F
100
AcDbEntity
  8
0
  6
Continuous
 62
     7
100
AcDbLine
 10
-59.19978783505857
 20
-14.49982078851991
 30
0.0
 11
-60.99978783506877
 21
-14.49982078851991
 31
0.0
  0
LINE
  5
1CB
330
1F
100
AcDbEntity
  8
0
  6
Continuous
 62
     7
100
AcDbLine
 10
-60.99978783506877
 20
-14.49982078851991
 30
0.0
 11
-60.99978783506877
 21
-21.49982078860177
 31
0.0
  0
LINE
  5
1CC
330
1F
100
AcDbEntity
  8
0
  6
Continuous
 62
     7
100
AcDbLine
 10
-59.19978783505857
 20
-21.49982078860177
 30
0.0
 11
-71.39978783506755
 21
-21.49982078860177
 31
0.0
  0
LINE
  5
1CD
330
1F
100
AcDbEntity
  8
0
  6
Continuous
 62
     7
100
AcDbLine
 10
-71.39978783506755
 20
-24.49982078860177
 30
0.0
 11
-62.99978783506877
 21
-24.49982078860177
 31
0.0
  0
LINE
  5
1CE
330
1F
100
AcDbEntity
  8
0
  6
Continuous
 62
     7
100
AcDbLine
 10
-62.99978783506877
 20
-24.49982078860177
 30
0.0
 11
-62.99978783506877
 21
-31.49982078860541
 31
0.0
  0
LINE
  5
1CF
330
1F
100
AcDbEntity
  8
0
  6
Continuous
 62
     7
100
AcDbLine
 10
-62.99978783506877
 20
-31.49982078860541
 30
0.0
 11
-58.99978783506877
 21
-31.49982078860177
 31
0.0
  0
LINE
  5
1D0
330
1F
100
AcDbEntity
  8
0
  6
Continuous
 62
     7
100
AcDbLine
 10
-71.59978783505646
 20
-31.49982078860177
 30
0.0
 11
-62.99978783506877
 21
-31.49982078860541
 31
0.0
  0
LINE
  5
1D1
330
1F
100
AcDbEntity
  8
0
  6
Continuous
 62
     7
100
AcDbLine
 10
-56.99978783505968
 20
28.50017921139829
 30
0.0
 11
-56.99978783505968
 21
21.50017921131189
 31
0.0
  0
LINE
  5
1D2
330
1F
100
AcDbEntity
  8
0
  6
Continuous
 62
     7
100
AcDbLine
 10
-56.99978783505968
 20
21.50017921131189
 30
0.0
 11
-58.99978783506877
 21
21.50017921131189
 31
0.0
  0
LINE
  5
1D3
330
1F
100
AcDbEntity
  8
0
  6
Continuous
 62
     7
100
AcDbLine
 10
-56.99978783505968
 20
28.00017921139829
 30
0.0
 11
-57.37978783505887
 21
28.00017921139829
 31
0.0
  0
LINE
  5
1D4
330
1F
100
AcDbEntity
  8
0
  6
Continuous
 62
     7
100
AcDbLine
 10
-57.37978783505887
 20
22.00017921139829
 30
0.0
 11
-57.37978783505887
 21
28.00017921139829
 31
0.0
  0
LINE
  5
1D5
330
1F
100
AcDbEntity
  8
0
  6
Continuous
 62
     7
100
AcDbLine
 10
-56.99978783505968
 20
22.00017921139829
 30
0.0
 11
-57.37978783505887
 21
22.00017921139829
 31
0.0
  0
LINE
  5
1D6
330
1F
100
AcDbEntity
  8
0
  6
Continuous
 62
     7
100
AcDbLine
 10
-58.99978783506877
 20
27.75017921139829
 30
0.0
 11
-57.37978783505887
 21
27.75017921139829
 31
0.0
  0
LINE
  5
1D7
330
1F
100
AcDbEntity
  8
0
  6
Continuous
 62
     7
100
AcDbLine
 10
-57.37978783505887
 20
22.25017921139829
 30
0.0
 11
-58.99978783506877
 21
22.25017921139829
 31
0.0
  0
LINE
  5
1D8
330
1F
100
AcDbEntity
  8
0
  6
Continuous
 62
     7
100
AcDbLine
 10
-58.99978783506877
 20
24.50017921139829
 30
0.0
 11
-58.99978783506877
 21
29.50017921139829
 31
0.0
  0
LINE
  5
1D9
330
1F
100
AcDbEntity
  8
0
  6
Continuous
 62
     7
100
AcDbLine
 10
-71.39978783506755
 20
24.50017921139829
 30
0.0
 11
-71.39978783506755
 21
18.50017921139823
 31
0.0
  0
LINE
  5
1DA
330
1F
100
AcDbEntity
  8
0
  6
Continuous
 62
     7
100
AcDbLine
 10
-71.59978783505646
 20
29.50017921139829
 30
0.0
 11
-71.59978783505646
 21
-31.49982078860177
 31
0.0
  0
LINE
  5
1DB
330
1F
100
AcDbEntity
  8
0
  6
Continuous
 62
     7
100
AcDbLine
 10
-71.59978783505646
 20
18.50017921139823
 30
0.0
 11
-58.99978783506878
 21
18.5001792113984
 31
0.0
  0
LINE
  5
1DC
330
1F
100
AcDbEntity
  8
0
  6
Continuous
 62
     7
100
AcDbLine
 10
-71.59978783505646
 20
28.25017921139829
 30
0.0
 11
-72.59978783505646
 21
28.25017921139829
 31
0.0
  0
LINE
  5
1DD
330
1F
100
AcDbEntity
  8
0
  6
Continuous
 62
     7
100
AcDbLine
 10
-72.59978783505646
 20
28.25017921139829
 30
0.0
 11
-72.59978783505646
 21
-31.24982078860177
 31
0.0
  0
LINE
  5
1DE
330
1F
100
AcDbEntity
  8
0
  6
Continuous
 62
     7
100
AcDbLine
 10
-72.59978783505646
 20
-31.24982078860177
 30
0.0
 11
-71.59978783505646
 21
-31.24982078860177
 31
0.0
  0
LINE
  5
1DF
330
1F
100
AcDbEntity
  8
0
  6
Continuous
 62
     7
100
AcDbLine
 10
-74.93776458715737
 20
19.08590298819598
 30
0.0
 11
-72.88079945901717
 21
21.2137979483461
 31
0.0
  0
LINE
  5
1E0
330
1F
100
AcDbEntity
  8
0
  6
Continuous
 62
     7
100
AcDbLine
 10
-72.88079945901717
 20
-24.21343952555145
 30
0.0
 11
-74.93776458715737
 21
-22.08554456539952
 31
0.0
  0
LINE
  5
1E1
330
1F
100
AcDbEntity
  8
0
  6
Continuous
 62
     7
100
AcDbLine
 10
-75.49978783505965
 20
-20.69550037170376
 30
0.0
 11
-75.49978783505965
 21
17.69585879449841
 31
0.0
  0
LINE
  5
1E2
330
1F
100
AcDbEntity
  8
0
  6
Continuous
 62
     7
100
AcDbLine
 10
-72.59978783505646
 20
18.50017921139823
 30
0.0
 11
-71.59978783505646
 21
18.50017921139823
 31
0.0
  0
LINE
  5
1E3
330
1F
100
AcDbEntity
  8
0
  6
Continuous
 62
     7
100
AcDbLine
 10
-71.59978783505646
 20
-21.49982078860177
 30
0.0
 11
-72.59978783505646
 21
-21.49982078860177
 31
0.0
  0
LINE
  5
1E4
330
1F
100
AcDbEntity
  8
0
  6
Continuous
 62
     7
100
AcDbLine
 10
-73.38177763932906
 20
-30.18140554573603
 30
0.0
 11
-72.59978783505646
 21
-30.24982078860177
 31
0.0
  0
LINE
  5
1E5
330
1F
100
AcDbEntity
  8
0
  6
Continuous
 62
     7
100
AcDbLine
 10
-72.59978783505646
 20
-25.74982078860177
 30
0.0
 11
-73.38177763932906
 21
-25.81823603146842
 31
0.0
  0
LINE
  5
1E6
330
1F
100
AcDbEntity
  8
0
  6
Continuous
 62
     7
100
AcDbLine
 10
-72.89978783506755
 20
17.85017921139496
 30
0.0
 11
-72.59978783505646
 21
17.85017921139496
 31
0.0
  0
LINE
  5
1E7
330
1F
100
AcDbEntity
  8
0
  6
Continuous
 62
     7
100
AcDbLine
 10
-72.89978783506755
 20
12.15017921139696
 30
0.0
 11
-72.89978783506755
 21
17.85017921139496
 31
0.0
  0
LINE
  5
1E8
330
1F
100
AcDbEntity
  8
0
  6
Continuous
 62
     7
100
AcDbLine
 10
-72.59978783505646
 20
12.15017921139696
 30
0.0
 11
-72.89978783506755
 21
12.15017921139696
 31
0.0
  0
LINE
  5
1E9
330
1F
100
AcDbEntity
  8
0
  6
Continuous
 62
     7
100
AcDbLine
 10
-73.49978783506877
 20
17.60017921139496
 30
0.0
 11
-72.89978783506755
 21
17.60017921139496
 31
0.0
  0
LINE
  5
1EA
330
1F
100
AcDbEntity
  8
0
  6
Continuous
 62
     7
100
AcDbLine
 10
-73.49978783506877
 20
12.40017921139696
 30
0.0
 11
-73.49978783506877
 21
17.60017921139496
 31
0.0
  0
LINE
  5
1EB
330
1F
100
AcDbEntity
  8
0
  6
Continuous
 62
     7
100
AcDbLine
 10
-72.89978783506755
 20
12.40017921139696
 30
0.0
 11
-73.49978783506877
 21
12.40017921139696
 31
0.0
  0
LINE
  5
1EC
330
1F
100
AcDbEntity
  8
0
  6
Continuous
 62
     7
100
AcDbLine
 10
-74.28177763932866
 20
12.81859445426397
 30
0.0
 11
-73.49978783506877
 21
12.75017921139823
 31
0.0
  0
LINE
  5
1ED
330
1F
100
AcDbEntity
  8
0
  6
Continuous
 62
     7
100
AcDbLine
 10
-73.49978783506877
 20
17.25017921139823
 30
0.0
 11
-74.28177763932866
 21
17.18176396853158
 31
0.0
  0
LINE
  5
1EE
330
1F
100
AcDbEntity
  8
0
  6
Continuous
 62
     7
100
AcDbLine
 10
-72.59978783505646
 20
27.25017921139829
 30
0.0
 11
-73.38177763932906
 21
27.18176396853158
 31
0.0
  0
LINE
  5
1EF
330
1F
100
AcDbEntity
  8
0
  6
Continuous
 62
     7
100
AcDbLine
 10
-73.38177763932906
 20
22.81859445426397
 30
0.0
 11
-72.59978783505646
 21
22.75017921139829
 31
0.0
  0
LINE
  5
1F0
330
1F
100
AcDbEntity
  8
0
  6
Continuous
 62
     7
100
AcDbLine
 10
-59.19978783505857
 20
13.25017921139823
 30
0.0
 11
-58.99978783506877
 21
13.25017921139823
 31
0.0
  0
LINE
  5
1F1
330
1F
100
AcDbEntity
  8
0
  6
Continuous
 62
     7
100
AcDbLine
 10
-71.59978783505646
 20
13.25017921139823
 30
0.0
 11
-71.39978783506755
 21
13.25017921139823
 31
0.0
  0
LINE
  5
1F2
330
1F
100
AcDbEntity
  8
0
  6
Continuous
 62
     7
100
AcDbLine
 10
-71.39978783506755
 20
13.25017921139823
 30
0.0
 11
-71.39978783506755
 21
-26.74982078860177
 31
0.0
  0
LINE
  5
1F3
330
1F
100
AcDbEntity
  8
0
  6
Continuous
 62
     7
100
AcDbLine
 10
-59.19978783505857
 20
-26.24982078860177
 30
0.0
 11
-58.99978783506877
 21
-26.24982078860177
 31
0.0
  0
LINE
  5
1F4
330
1F
100
AcDbEntity
  8
0
  6
Continuous
 62
     7
100
AcDbLine
 10
-71.59978783505646
 20
-26.74982078860177
 30
0.0
 11
-71.39978783506755
 21
-26.74982078860177
 31
0.0
  0
LINE
  5
1F5
330
1F
100
AcDbEntity
  8
0
  6
DASH_CENTER
 62
     1
100
AcDbLine
 10
-61.87978783505887
 20
25.00017921135458
 30
0.0
 11
-55.49978783505967
 21
25.00017921135458
 31
0.0
  0
LINE
  5
1F6
330
1F
100
AcDbEntity
  8
0
  6
DASH_CENTER
 62
     1
100
AcDbLine
 10
-75.79978783506716
 20
25.00017921135458
 30
0.0
 11
-71.09978783505646
 21
25.00017921135458
 31
0.0
  0
LINE
  5
1F7
330
1F
100
AcDbEntity
  8
0
  6
DASH_CENTER
 62
     1
100
AcDbLine
 10
-76.69978783506955
 20
15.00017921135458
 30
0.0
 11
-71.99978783506877
 21
15.00017921135458
 31
0.0
  0
LINE
  5
1F8
330
1F
100
AcDbEntity
  8
0
  6
DASH_CENTER
 62
     1
100
AcDbLine
 10
-75.79978783506716
 20
-27.99982078864542
 30
0.0
 11
-71.09978783505646
 21
-27.99982078864542
 31
0.0
  0
LINE
  5
1F9
330
1F
100
AcDbEntity
  8
0
  6
DASH_CENTER
 62
     1
100
AcDbLine
 10
-61.87978783505887
 20
-17.99982078864542
 30
0.0
 11
-55.49978783505967
 21
-17.99982078864542
 31
0.0
  0
LINE
  5
1FA
330
1F
100
AcDbEntity
  8
0
  6
Continuous
 62
     7
100
AcDbLine
 10
-71.59978783505646
 20
24.50017921139829
 30
0.0
 11
-58.99978783506877
 21
24.50017921139829
 31
0.0
  0
LINE
  5
1FB
330
1F
100
AcDbEntity
  8
0
  6
Continuous
 62
     7
100
AcDbLine
 10
-71.59978783505646
 20
29.50017921139829
 30
0.0
 11
-58.99978783506877
 21
29.50017921139829
 31
0.0
  0
LINE
  5
1FC
330
1F
100
AcDbEntity
  8
0
  6
Continuous
 62
     7
100
AcDbLine
 10
-69.12478783506877
 20
29.50017921139829
 30
0.0
 11
-69.12478783506877
 21
34.6001792113986
 31
0.0
  0
LINE
  5
1FD
330
1F
100
AcDbEntity
  8
0
  6
Continuous
 62
     7
100
AcDbLine
 10
-68.92478783506897
 20
34.80017921139751
 30
0.0
 11
-61.67478783506897
 21
34.80017921139751
 31
0.0
  0
LINE
  5
1FE
330
1F
100
AcDbEntity
  8
0
  6
Continuous
 62
     7
100
AcDbLine
 10
-61.47478783506827
 20
34.6001792113986
 30
0.0
 11
-61.47478783506827
 21
29.50017921139829
 31
0.0
  0
LINE
  5
1FF
330
1F
100
AcDbEntity
  8
0
  6
Continuous
 62
     7
100
AcDbLine
 10
-21.79898783507372
 20
36.1001792113841
 30
0.0
 11
-20.79898783507372
 21
34.30017921138477
 31
0.0
  0
LINE
  5
200
330
1F
100
AcDbEntity
  8
0
  6
Continuous
 62
     7
100
AcDbLine
 10
-20.79898783507372
 20
34.30017921138477
 30
0.0
 11
-20.79898783507372
 21
29.50017921138459
 31
0.0
  0
LINE
  5
201
330
1F
100
AcDbEntity
  8
0
  6
Continuous
 62
     7
100
AcDbLine
 10
-18.69898783507512
 20
29.50017921138459
 30
0.0
 11
-18.69898783507512
 21
28.50017921138459
 31
0.0
  0
LINE
  5
202
330
1F
100
AcDbEntity
  8
0
  6
Continuous
 62
     7
100
AcDbLine
 10
-30.49898783507442
 20
28.50017921138459
 30
0.0
 11
-30.49898783507442
 21
29.50017921138459
 31
0.0
  0
LINE
  5
203
330
1F
100
AcDbEntity
  8
0
  6
Continuous
 62
     7
100
AcDbLine
 10
-30.49898783507442
 20
29.50017921138459
 30
0.0
 11
-27.09898783507481
 21
29.50017921138459
 31
0.0
  0
LINE
  5
204
330
1F
100
AcDbEntity
  8
0
  6
Continuous
 62
     7
100
AcDbLine
 10
-29.39898783507493
 20
29.50017921138459
 30
0.0
 11
-28.39898783507493
 21
31.30017921138477
 31
0.0
  0
LINE
  5
205
330
1F
100
AcDbEntity
  8
0
  6
Continuous
 62
     7
100
AcDbLine
 10
-28.39898783507493
 20
31.30017921138477
 30
0.0
 11
-28.39898783507493
 21
36.1001792113841
 31
0.0
  0
LINE
  5
206
330
1F
100
AcDbEntity
  8
0
  6
Continuous
 62
     7
100
AcDbLine
 10
-28.39898783507493
 20
36.1001792113841
 30
0.0
 11
-21.79898783507372
 21
36.1001792113841
 31
0.0
  0
LINE
  5
207
330
1F
100
AcDbEntity
  8
0
  6
Continuous
 62
     7
100
AcDbLine
 10
-27.39898783507493
 20
36.1001792113841
 30
0.0
 11
-27.09898783507481
 21
34.60017921138411
 31
0.0
  0
LINE
  5
208
330
1F
100
AcDbEntity
  8
0
  6
Continuous
 62
     7
100
AcDbLine
 10
-27.09898783507481
 20
34.60017921138411
 30
0.0
 11
-27.09898783507481
 21
29.50017921138459
 31
0.0
  0
LINE
  5
209
330
1F
100
AcDbEntity
  8
0
  6
Continuous
 62
     7
100
AcDbLine
 10
-27.09898783507481
 20
34.60017921138411
 30
0.0
 11
-22.79898783507372
 21
34.60017921138411
 31
0.0
  0
LINE
  5
20A
330
1F
100
AcDbEntity
  8
0
  6
Continuous
 62
     7
100
AcDbLine
 10
-22.79898783507372
 20
34.60017921138411
 30
0.0
 11
-22.49898783507442
 21
36.1001792113841
 31
0.0
  0
LINE
  5
20B
330
1F
100
AcDbEntity
  8
0
  6
Continuous
 62
     7
100
AcDbLine
 10
-22.79898783507372
 20
34.60017921138411
 30
0.0
 11
-22.79898783507372
 21
29.50017921138459
 31
0.0
  0
LINE
  5
20C
330
1F
100
AcDbEntity
  8
0
  6
Continuous
 62
     7
100
AcDbLine
 10
-22.79898783507372
 20
29.50017921138459
 30
0.0
 11
-18.69898783507512
 21
29.50017921138459
 31
0.0
  0
LINE
  5
20D
330
1F
100
AcDbEntity
  8
0
  6
Continuous
 62
     7
100
AcDbLine
 10
-28.99898783507442
 20
29.50017921138459
 30
0.0
 11
-28.99898783507442
 21
28.50017921138459
 31
0.0
  0
LINE
  5
20E
330
1F
100
AcDbEntity
  8
0
  6
Continuous
 62
     7
100
AcDbLine
 10
-20.19898783507512
 20
29.50017921138459
 30
0.0
 11
-20.19898783507512
 21
28.50017921138459
 31
0.0
  0
LINE
  5
20F
330
1F
100
AcDbEntity
  8
0
  6
DASH_CENTER
 62
     1
100
AcDbLine
 10
-24.59898783507481
 20
26.00017921138459
 30
0.0
 11
-24.59898783507481
 21
38.6001792113841
 31
0.0
  0
LINE
  5
210
330
1F
100
AcDbEntity
  8
0
  6
DASH_CENTER
 62
     1
100
AcDbLine
 10
-20.69898783507512
 20
28.1001792113841
 30
0.0
 11
-20.69898783507512
 21
33.35017921138411
 31
0.0
  0
LINE
  5
211
330
1F
100
AcDbEntity
  8
0
  6
Continuous
 62
     7
100
AcDbLine
 10
-18.94898783507512
 20
30.55017921138477
 30
0.0
 11
-19.00094337102482
 21
31.14403370467261
 31
0.0
  0
LINE
  5
212
330
1F
100
AcDbEntity
  8
0
  6
Continuous
 62
     7
100
AcDbLine
 10
-20.79898783507372
 20
30.55017921138477
 30
0.0
 11
-18.54898783507372
 21
30.55017921138477
 31
0.0
  0
LINE
  5
213
330
1F
100
AcDbEntity
  8
0
  6
Continuous
 62
     7
100
AcDbLine
 10
-18.54898783507372
 20
30.1001792113841
 30
0.0
 11
-18.54898783507372
 21
30.55017921138477
 31
0.0
  0
LINE
  5
214
330
1F
100
AcDbEntity
  8
0
  6
Continuous
 62
     7
100
AcDbLine
 10
-20.79898783507372
 20
30.1001792113841
 30
0.0
 11
-18.49898783507442
 21
30.1001792113841
 31
0.0
  0
LINE
  5
215
330
1F
100
AcDbEntity
  8
0
  6
Continuous
 62
     7
100
AcDbLine
 10
-18.49898783507442
 20
30.1001792113841
 30
0.0
 11
-18.49898783507442
 21
29.6001792113841
 31
0.0
  0
LINE
  5
216
330
1F
100
AcDbEntity
  8
0
  6
Continuous
 62
     7
100
AcDbLine
 10
-20.79898783507372
 20
29.6001792113841
 30
0.0
 11
-18.49898783507442
 21
29.6001792113841
 31
0.0
  0
LINE
  5
217
330
1F
100
AcDbEntity
  8
0
  6
Continuous
 62
     7
100
AcDbLine
 10
-19.14898783507493
 20
29.6001792113841
 30
0.0
 11
-19.14898783507493
 21
29.50017921138459
 31
0.0
  0
LINE
  5
218
330
1F
100
AcDbEntity
  8
0
  6
DASH_CENTER
 62
     1
100
AcDbLine
 10
132.008060555911
 20
38.6001792113986
 30
0.0
 11
132.008060555911
 21
26.00017921139641
 31
0.0
  0
LINE
  5
219
330
1F
100
AcDbEntity
  8
0
  6
Continuous
 62
     7
100
AcDbLine
 10
123.2080605559116
 20
34.30017921139751
 30
0.0
 11
137.7101447942545
 21
34.30017921139751
 31
0.0
  0
LINE
  5
21A
330
1F
100
AcDbEntity
  8
0
  6
Continuous
 62
     7
100
AcDbLine
 10
140.7080605559116
 20
33.9001982667553
 30
0.0
 11
139.508060555911
 21
33.9001982667553
 31
0.0
  0
LINE
  5
21B
330
1F
100
AcDbEntity
  8
0
  6
Continuous
 62
     7
100
AcDbLine
 10
139.508060555911
 20
33.9001982667553
 30
0.0
 11
139.508060555911
 21
31.80999983559121
 31
0.0
  0
LINE
  5
21C
330
1F
100
AcDbEntity
  8
0
  6
Continuous
 62
     7
100
AcDbLine
 10
140.7080605559116
 20
33.9001982667553
 30
0.0
 11
140.7080605559116
 21
31.80999983559207
 31
0.0
  0
LINE
  5
21D
330
1F
100
AcDbEntity
  8
0
  6
Continuous
 62
     7
100
AcDbLine
 10
138.4100160918618
 20
31.14403370468449
 30
0.0
 11
138.3580605559112
 21
30.55017921139751
 31
0.0
  0
LINE
  5
21E
330
1F
100
AcDbEntity
  8
0
  6
Continuous
 62
     7
100
AcDbLine
 10
137.9580605559116
 20
30.55017921139751
 30
0.0
 11
140.1080605559112
 21
30.55017921139751
 31
0.0
  0
LINE
  5
21F
330
1F
100
AcDbEntity
  8
0
  6
Continuous
 62
     7
100
AcDbLine
 10
137.9580605559116
 20
30.55017921139751
 30
0.0
 11
137.9580605559116
 21
30.1001792113986
 31
0.0
  0
LINE
  5
220
330
1F
100
AcDbEntity
  8
0
  6
Continuous
 62
     7
100
AcDbLine
 10
137.9080605559114
 20
30.1001792113986
 30
0.0
 11
140.1080605559112
 21
30.1001792113986
 31
0.0
  0
LINE
  5
221
330
1F
100
AcDbEntity
  8
0
  6
Continuous
 62
     7
100
AcDbLine
 10
137.9080605559114
 20
29.6001792113986
 30
0.0
 11
137.9080605559114
 21
30.1001792113986
 31
0.0
  0
LINE
  5
222
330
1F
100
AcDbEntity
  8
0
  6
Continuous
 62
     7
100
AcDbLine
 10
137.9080605559114
 20
29.6001792113986
 30
0.0
 11
140.1080605559112
 21
29.6001792113986
 31
0.0
  0
LINE
  5
223
330
1F
100
AcDbEntity
  8
0
  6
Continuous
 62
     7
100
AcDbLine
 10
138.5580605559112
 20
29.50017921139641
 30
0.0
 11
138.5580605559112
 21
29.6001792113986
 31
0.0
  0
LINE
  5
224
330
1F
100
AcDbEntity
  8
0
  6
Continuous
 62
     7
100
AcDbLine
 10
141.6580605559115
 20
29.6001792113986
 30
0.0
 11
141.6580605559115
 21
29.50017921139641
 31
0.0
  0
LINE
  5
225
330
1F
100
AcDbEntity
  8
0
  6
Continuous
 62
     7
100
AcDbLine
 10
140.1080605559112
 20
29.6001792113986
 30
0.0
 11
142.3080605559111
 21
29.6001792113986
 31
0.0
  0
LINE
  5
226
330
1F
100
AcDbEntity
  8
0
  6
Continuous
 62
     7
100
AcDbLine
 10
142.3080605559111
 20
30.1001792113986
 30
0.0
 11
142.3080605559111
 21
29.6001792113986
 31
0.0
  0
LINE
  5
227
330
1F
100
AcDbEntity
  8
0
  6
Continuous
 62
     7
100
AcDbLine
 10
140.1080605559112
 20
30.1001792113986
 30
0.0
 11
142.3080605559111
 21
30.1001792113986
 31
0.0
  0
LINE
  5
228
330
1F
100
AcDbEntity
  8
0
  6
Continuous
 62
     7
100
AcDbLine
 10
142.258060555911
 20
30.1001792113986
 30
0.0
 11
142.258060555911
 21
30.55017921139751
 31
0.0
  0
LINE
  5
229
330
1F
100
AcDbEntity
  8
0
  6
Continuous
 62
     7
100
AcDbLine
 10
140.1080605559112
 20
30.55017921139751
 30
0.0
 11
142.258060555911
 21
30.55017921139751
 31
0.0
  0
LINE
  5
22A
330
1F
100
AcDbEntity
  8
0
  6
Continuous
 62
     7
100
AcDbLine
 10
141.8580605559112
 20
30.55017921139751
 30
0.0
 11
141.8061050199616
 21
31.14403370468449
 31
0.0
  0
LINE
  5
22B
330
1F
100
AcDbEntity
  8
0
  6
DASH_CENTER
 62
     1
100
AcDbLine
 10
140.1080605559112
 20
28.1001792113986
 30
0.0
 11
140.1080605559112
 21
35.00017921123362
 31
0.0
  0
LINE
  5
22C
330
1F
100
AcDbEntity
  8
0
  6
Continuous
 62
     7
100
AcDbLine
 10
141.3573028061605
 20
36.1001792113986
 30
0.0
 11
141.3573028061605
 21
31.67330236488141
 31
0.0
  0
LINE
  5
22D
330
1F
100
AcDbEntity
  8
0
  6
Continuous
 62
     7
100
AcDbLine
 10
138.413953121298
 20
36.1001792113986
 30
0.0
 11
138.413953121298
 21
31.17791195786799
 31
0.0
  0
LINE
  5
22E
330
1F
100
AcDbEntity
  8
0
  6
Continuous
 62
     7
100
AcDbLine
 10
137.9749876551409
 20
36.1001792113986
 30
0.0
 11
137.7101447942545
 21
34.30017921139751
 31
0.0
  0
LINE
  5
22F
330
1F
100
AcDbEntity
  8
0
  6
Continuous
 62
     7
100
AcDbLine
 10
137.7101447942545
 20
34.30017921139751
 30
0.0
 11
137.7101447942545
 21
29.50017921139641
 31
0.0
  0
LINE
  5
230
330
1F
100
AcDbEntity
  8
0
  6
Continuous
 62
     7
100
AcDbLine
 10
123.2080605559116
 20
34.30017921139751
 30
0.0
 11
123.2080605559116
 21
29.50017921139641
 31
0.0
  0
LINE
  5
231
330
1F
100
AcDbEntity
  8
0
  6
Continuous
 62
     7
100
AcDbLine
 10
122.2080605559116
 20
36.1001792113986
 30
0.0
 11
123.2080605559116
 21
34.30017921139751
 31
0.0
  0
LINE
  5
232
330
1F
100
AcDbEntity
  8
0
  6
Continuous
 62
     7
100
AcDbLine
 10
-21.79898783636241
 20
120.8001792113984
 30
0.0
 11
-21.79898783636241
 21
136.5671063106285
 31
0.0
  0
LINE
  5
233
330
1F
100
AcDbEntity
  8
0
  6
Continuous
 62
     7
100
AcDbLine
 10
121.2080605559116
 20
34.30017921139751
 30
0.0
 11
121.2080605559116
 21
28.50017921139641
 31
0.0
  0
LINE
  5
234
330
1F
100
AcDbEntity
  8
0
  6
Continuous
 62
     7
100
AcDbLine
 10
142.8080605559111
 20
34.30017921139751
 30
0.0
 11
142.8080605559111
 21
28.50017921139641
 31
0.0
  0
LINE
  5
235
330
1F
100
AcDbEntity
  8
0
  6
Continuous
 62
     7
100
AcDbLine
 10
142.4080605559115
 20
36.1001792113986
 30
0.0
 11
142.8080605559111
 21
34.30017921139751
 31
0.0
  0
LINE
  5
236
330
1F
100
AcDbEntity
  8
0
  6
Continuous
 62
     7
100
AcDbLine
 10
121.6080605559112
 20
36.1001792113986
 30
0.0
 11
142.4080605559115
 21
36.1001792113986
 31
0.0
  0
LINE
  5
237
330
1F
100
AcDbEntity
  8
0
  6
Continuous
 62
     7
100
AcDbLine
 10
121.2080605559116
 20
34.30017921139751
 30
0.0
 11
121.6080605559112
 21
36.1001792113986
 31
0.0
  0
LINE
  5
238
330
1F
100
AcDbEntity
  8
0
  6
Continuous
 62
     7
100
AcDbLine
 10
-27.49898783636311
 20
141.0001792113984
 30
0.0
 11
-22.39898783636284
 21
141.0001792113984
 31
0.0
  0
LINE
  5
239
330
1F
100
AcDbEntity
  8
0
  6
Continuous
 62
     7
100
AcDbLine
 10
-27.49898783636311
 20
120.200179211398
 30
0.0
 11
-22.39898783636284
 21
120.200179211398
 31
0.0
  0
LINE
  5
23A
330
1F
100
AcDbEntity
  8
0
  6
Continuous
 62
     7
100
AcDbLine
 10
141.3080605559111
 20
29.50017921139641
 30
0.0
 11
141.3080605559111
 21
28.50017921139641
 31
0.0
  0
LINE
  5
23B
330
1F
100
AcDbEntity
  8
0
  6
Continuous
 62
     7
100
AcDbLine
 10
122.7080605559116
 20
29.50017921139641
 30
0.0
 11
122.7080605559116
 21
28.50017921139641
 31
0.0
  0
LINE
  5
23C
330
1F
100
AcDbEntity
  8
0
  6
Continuous
 62
     7
100
AcDbLine
 10
142.8080605559111
 20
29.50017921139641
 30
0.0
 11
121.2080605559116
 21
29.50017921139641
 31
0.0
  0
LINE
  5
23D
330
1F
100
AcDbEntity
  8
0
  6
DASH_CENTER
 62
     1
100
AcDbLine
 10
-33.29898783636241
 20
143.3501792113985
 30
0.0
 11
-28.29898783636241
 21
143.3501792113985
 31
0.0
  0
LINE
  5
23E
330
1F
100
AcDbEntity
  8
0
  6
DASH_CENTER
 62
     1
100
AcDbLine
 10
-30.79898783636241
 20
145.8501792113985
 30
0.0
 11
-30.79898783636241
 21
140.8501792113985
 31
0.0
  0
LINE
  5
23F
330
1F
100
AcDbEntity
  8
0
  6
DASH_CENTER
 62
     1
100
AcDbLine
 10
-18.39898783636284
 20
145.8501792113985
 30
0.0
 11
-18.39898783636284
 21
140.8501792113985
 31
0.0
  0
LINE
  5
240
330
1F
100
AcDbEntity
  8
0
  6
DASH_CENTER
 62
     1
100
AcDbLine
 10
-20.89898783636284
 20
143.3501792113985
 30
0.0
 11
-15.89898783636284
 21
143.3501792113985
 31
0.0
  0
LINE
  5
241
330
1F
100
AcDbEntity
  8
0
  6
DASH_CENTER
 62
     1
100
AcDbLine
 10
-30.79898783636241
 20
120.3501792113985
 30
0.0
 11
-30.79898783636241
 21
115.3501792113986
 31
0.0
  0
LINE
  5
242
330
1F
100
AcDbEntity
  8
0
  6
DASH_CENTER
 62
     1
100
AcDbLine
 10
-28.29898783636241
 20
117.8501792113986
 30
0.0
 11
-33.29898783636241
 21
117.8501792113986
 31
0.0
  0
LINE
  5
243
330
1F
100
AcDbEntity
  8
0
  6
DASH_CENTER
 62
     1
100
AcDbLine
 10
-15.89898783636284
 20
117.8501792113986
 30
0.0
 11
-20.89898783636284
 21
117.8501792113986
 31
0.0
  0
LINE
  5
244
330
1F
100
AcDbEntity
  8
0
  6
DASH_CENTER
 62
     1
100
AcDbLine
 10
-18.39898783636284
 20
120.3501792113985
 30
0.0
 11
-18.39898783636284
 21
115.3501792113986
 31
0.0
  0
LINE
  5
245
330
1F
100
AcDbEntity
  8
0
  6
Continuous
 62
     7
100
AcDbLine
 10
-67.59978783635697
 20
105.0501792113984
 30
0.0
 11
-63.59978783635696
 21
105.0501792113984
 31
0.0
  0
LINE
  5
246
330
1F
100
AcDbEntity
  8
0
  6
Continuous
 62
     7
100
AcDbLine
 10
-67.59978783635697
 20
113.5501792113975
 30
0.0
 11
-63.59978783635696
 21
113.5501792113975
 31
0.0
  0
LINE
  5
247
330
1F
100
AcDbEntity
  8
0
  6
Continuous
 62
     7
100
AcDbLine
 10
-62.14978783635627
 20
112.2163634944756
 30
0.0
 11
-63.16833802018768
 21
113.5501792113975
 31
0.0
  0
LINE
  5
248
330
1F
100
AcDbEntity
  8
0
  6
Continuous
 62
     7
100
AcDbLine
 10
-63.16833802018768
 20
113.5501792113975
 30
0.0
 11
-63.59978783635696
 21
113.5501792113975
 31
0.0
  0
LINE
  5
249
330
1F
100
AcDbEntity
  8
0
  6
Continuous
 62
     7
100
AcDbLine
 10
-63.59978783635696
 20
113.1801792113976
 30
0.0
 11
-63.59978783635696
 21
113.5501792113975
 31
0.0
  0
LINE
  5
24A
330
1F
100
AcDbEntity
  8
0
  6
Continuous
 62
     7
100
AcDbLine
 10
-62.99978783635666
 20
112.5501792113984
 30
0.0
 11
-63.59978783635696
 21
113.1801792113976
 31
0.0
  0
LINE
  5
24B
330
1F
100
AcDbEntity
  8
0
  6
Continuous
 62
     7
100
AcDbLine
 10
-62.14978783635627
 20
111.8001792113984
 30
0.0
 11
-62.14978783635627
 21
112.2163634944756
 31
0.0
  0
LINE
  5
24C
330
1F
100
AcDbEntity
  8
0
  6
Continuous
 62
     7
100
AcDbLine
 10
-62.99978783635666
 20
111.8001792113984
 30
0.0
 11
-62.99978783635666
 21
112.5501792113984
 31
0.0
  0
LINE
  5
24D
330
1F
100
AcDbEntity
  8
0
  6
Continuous
 62
     7
100
AcDbLine
 10
-62.14978783635627
 20
111.8001792113984
 30
0.0
 11
-62.99978783635666
 21
111.8001792113984
 31
0.0
  0
LINE
  5
24E
330
1F
100
AcDbEntity
  8
0
  6
Continuous
 62
     7
100
AcDbLine
 10
-62.59978783635697
 20
111.4001792113979
 30
0.0
 11
-62.59978783635697
 21
111.8001792113984
 31
0.0
  0
LINE
  5
24F
330
1F
100
AcDbEntity
  8
0
  6
Continuous
 62
     7
100
AcDbLine
 10
-62.59978783635697
 20
106.8001792113984
 30
0.0
 11
-62.59978783635697
 21
107.2001792113981
 31
0.0
  0
LINE
  5
250
330
1F
100
AcDbEntity
  8
0
  6
Continuous
 62
     7
100
AcDbLine
 10
-63.59978783635696
 20
105.4201792113992
 30
0.0
 11
-62.99978783635666
 21
106.0501792113984
 31
0.0
  0
LINE
  5
251
330
1F
100
AcDbEntity
  8
0
  6
Continuous
 62
     7
100
AcDbLine
 10
-63.59978783635696
 20
105.0501792113984
 30
0.0
 11
-63.59978783635696
 21
105.4201792113992
 31
0.0
  0
LINE
  5
252
330
1F
100
AcDbEntity
  8
0
  6
Continuous
 62
     7
100
AcDbLine
 10
-62.99978783635666
 20
106.8001792113984
 30
0.0
 11
-62.14978783635627
 21
106.8001792113984
 31
0.0
  0
LINE
  5
253
330
1F
100
AcDbEntity
  8
0
  6
Continuous
 62
     7
100
AcDbLine
 10
-62.99978783635666
 20
106.0501792113984
 30
0.0
 11
-62.99978783635666
 21
106.8001792113984
 31
0.0
  0
LINE
  5
254
330
1F
100
AcDbEntity
  8
0
  6
Continuous
 62
     7
100
AcDbLine
 10
-62.14978783635627
 20
106.3839949283212
 30
0.0
 11
-62.14978783635627
 21
106.8001792113984
 31
0.0
  0
LINE
  5
255
330
1F
100
AcDbEntity
  8
0
  6
Continuous
 62
     7
100
AcDbLine
 10
-63.16833802018768
 20
105.0501792113984
 30
0.0
 11
-62.14978783635627
 21
106.3839949283212
 31
0.0
  0
LINE
  5
256
330
1F
100
AcDbEntity
  8
0
  6
Continuous
 62
     7
100
AcDbLine
 10
-63.59978783635696
 20
105.0501792113984
 30
0.0
 11
-63.16833802018768
 21
105.0501792113984
 31
0.0
  0
LINE
  5
257
330
1F
100
AcDbEntity
  8
0
  6
Continuous
 62
     7
100
AcDbLine
 10
-62.24978783635666
 20
107.2001792113981
 30
0.0
 11
-62.24978783635666
 21
111.4001792113979
 31
0.0
  0
LINE
  5
258
330
1F
100
AcDbEntity
  8
0
  6
Continuous
 62
     7
100
AcDbLine
 10
-62.82478783635557
 20
111.4001792113979
 30
0.0
 11
-62.24978783635666
 21
111.4001792113979
 31
0.0
  0
LINE
  5
259
330
1F
100
AcDbEntity
  8
0
  6
Continuous
 62
     7
100
AcDbLine
 10
-62.82478783635557
 20
107.2001792113981
 30
0.0
 11
-62.82478783635557
 21
111.4001792113979
 31
0.0
  0
LINE
  5
25A
330
1F
100
AcDbEntity
  8
0
  6
Continuous
 62
     7
100
AcDbLine
 10
-62.24978783635666
 20
107.2001792113981
 30
0.0
 11
-62.82478783635557
 21
107.2001792113981
 31
0.0
  0
LINE
  5
25B
330
1F
100
AcDbEntity
  8
0
  6
Continuous
 62
     7
100
AcDbLine
 10
-67.99978783635667
 20
107.2001792113981
 30
0.0
 11
-67.99978783635667
 21
106.8001792113984
 31
0.0
  0
LINE
  5
25C
330
1F
100
AcDbEntity
  8
0
  6
Continuous
 62
     7
100
AcDbLine
 10
-67.94978783635556
 20
105.5501792113984
 30
0.0
 11
-67.59978783635697
 21
105.5501792113984
 31
0.0
  0
LINE
  5
25D
330
1F
100
AcDbEntity
  8
0
  6
Continuous
 62
     7
100
AcDbLine
 10
-67.94978783635556
 20
106.3001792113975
 30
0.0
 11
-67.94978783635556
 21
105.5501792113984
 31
0.0
  0
LINE
  5
25E
330
1F
100
AcDbEntity
  8
0
  6
Continuous
 62
     7
100
AcDbLine
 10
-67.59978783635697
 20
106.3001792113975
 30
0.0
 11
-67.94978783635556
 21
106.3001792113975
 31
0.0
  0
LINE
  5
25F
330
1F
100
AcDbEntity
  8
0
  6
Continuous
 62
     7
100
AcDbLine
 10
-67.59978783635697
 20
106.8001792113984
 30
0.0
 11
-67.59978783635697
 21
106.3001792113975
 31
0.0
  0
LINE
  5
260
330
1F
100
AcDbEntity
  8
0
  6
Continuous
 62
     7
100
AcDbLine
 10
-68.44978783635557
 20
106.8001792113984
 30
0.0
 11
-67.59978783635697
 21
106.8001792113984
 31
0.0
  0
LINE
  5
261
330
1F
100
AcDbEntity
  8
0
  6
Continuous
 62
     7
100
AcDbLine
 10
-68.44978783635557
 20
105.0501792113984
 30
0.0
 11
-68.44978783635557
 21
106.8001792113984
 31
0.0
  0
LINE
  5
262
330
1F
100
AcDbEntity
  8
0
  6
Continuous
 62
     7
100
AcDbLine
 10
-67.59978783635697
 20
105.0501792113984
 30
0.0
 11
-68.44978783635557
 21
105.0501792113984
 31
0.0
  0
LINE
  5
263
330
1F
100
AcDbEntity
  8
0
  6
Continuous
 62
     7
100
AcDbLine
 10
-67.59978783635697
 20
105.5501792113984
 30
0.0
 11
-67.59978783635697
 21
105.0501792113984
 31
0.0
  0
LINE
  5
264
330
1F
100
AcDbEntity
  8
0
  6
Continuous
 62
     7
100
AcDbLine
 10
-67.99978783635667
 20
111.8001792113984
 30
0.0
 11
-67.99978783635667
 21
111.4001792113979
 31
0.0
  0
LINE
  5
265
330
1F
100
AcDbEntity
  8
0
  6
Continuous
 62
     7
100
AcDbLine
 10
-67.77478783635628
 20
107.2001792113981
 30
0.0
 11
-68.34978783635697
 21
107.2001792113981
 31
0.0
  0
LINE
  5
266
330
1F
100
AcDbEntity
  8
0
  6
Continuous
 62
     7
100
AcDbLine
 10
-67.77478783635628
 20
111.4001792113979
 30
0.0
 11
-67.77478783635628
 21
107.2001792113981
 31
0.0
  0
LINE
  5
267
330
1F
100
AcDbEntity
  8
0
  6
Continuous
 62
     7
100
AcDbLine
 10
-68.34978783635697
 20
111.4001792113979
 30
0.0
 11
-67.77478783635628
 21
111.4001792113979
 31
0.0
  0
LINE
  5
268
330
1F
100
AcDbEntity
  8
0
  6
Continuous
 62
     7
100
AcDbLine
 10
-68.34978783635697
 20
111.4001792113979
 30
0.0
 11
-68.34978783635697
 21
107.2001792113981
 31
0.0
  0
LINE
  5
269
330
1F
100
AcDbEntity
  8
0
  6
Continuous
 62
     7
100
AcDbLine
 10
-67.59978783635697
 20
113.5501792113975
 30
0.0
 11
-67.59978783635697
 21
113.0501792113984
 31
0.0
  0
LINE
  5
26A
330
1F
100
AcDbEntity
  8
0
  6
Continuous
 62
     7
100
AcDbLine
 10
-68.44978783635557
 20
113.5501792113975
 30
0.0
 11
-67.59978783635697
 21
113.5501792113975
 31
0.0
  0
LINE
  5
26B
330
1F
100
AcDbEntity
  8
0
  6
Continuous
 62
     7
100
AcDbLine
 10
-68.44978783635557
 20
111.8001792113984
 30
0.0
 11
-68.44978783635557
 21
113.5501792113975
 31
0.0
  0
LINE
  5
26C
330
1F
100
AcDbEntity
  8
0
  6
Continuous
 62
     7
100
AcDbLine
 10
-67.59978783635697
 20
111.8001792113984
 30
0.0
 11
-68.44978783635557
 21
111.8001792113984
 31
0.0
  0
LINE
  5
26D
330
1F
100
AcDbEntity
  8
0
  6
Continuous
 62
     7
100
AcDbLine
 10
-67.59978783635697
 20
112.3001792113984
 30
0.0
 11
-67.59978783635697
 21
111.8001792113984
 31
0.0
  0
LINE
  5
26E
330
1F
100
AcDbEntity
  8
0
  6
Continuous
 62
     7
100
AcDbLine
 10
-67.94978783635556
 20
112.3001792113984
 30
0.0
 11
-67.59978783635697
 21
112.3001792113984
 31
0.0
  0
LINE
  5
26F
330
1F
100
AcDbEntity
  8
0
  6
Continuous
 62
     7
100
AcDbLine
 10
-67.94978783635556
 20
113.0501792113984
 30
0.0
 11
-67.94978783635556
 21
112.3001792113984
 31
0.0
  0
LINE
  5
270
330
1F
100
AcDbEntity
  8
0
  6
Continuous
 62
     7
100
AcDbLine
 10
-67.59978783635697
 20
113.0501792113984
 30
0.0
 11
-67.94978783635556
 21
113.0501792113984
 31
0.0
  0
LINE
  5
271
330
1F
100
AcDbEntity
  8
0
  6
Continuous
 62
     7
100
AcDbLine
 10
-66.69978783635556
 20
107.530179211398
 30
0.0
 11
-65.69978783635557
 21
107.530179211398
 31
0.0
  0
LINE
  5
272
330
1F
100
AcDbEntity
  8
0
  6
Continuous
 62
     7
100
AcDbLine
 10
-66.69978783635556
 20
107.5001792113984
 30
0.0
 11
-66.69978783635556
 21
107.530179211398
 31
0.0
  0
LINE
  5
273
330
1F
100
AcDbEntity
  8
0
  6
Continuous
 62
     7
100
AcDbLine
 10
-66.87978783635677
 20
107.5001792113984
 30
0.0
 11
-66.69978783635556
 21
107.5001792113984
 31
0.0
  0
LINE
  5
274
330
1F
100
AcDbEntity
  8
0
  6
Continuous
 62
     7
100
AcDbLine
 10
-66.87978783635677
 20
109.1001792113986
 30
0.0
 11
-66.87978783635677
 21
107.5001792113984
 31
0.0
  0
LINE
  5
275
330
1F
100
AcDbEntity
  8
0
  6
Continuous
 62
     7
100
AcDbLine
 10
-66.69978783635556
 20
109.1001792113986
 30
0.0
 11
-66.87978783635677
 21
109.1001792113986
 31
0.0
  0
LINE
  5
276
330
1F
100
AcDbEntity
  8
0
  6
Continuous
 62
     7
100
AcDbLine
 10
-66.69978783635556
 20
109.0701792113979
 30
0.0
 11
-66.69978783635556
 21
109.1001792113986
 31
0.0
  0
LINE
  5
277
330
1F
100
AcDbEntity
  8
0
  6
Continuous
 62
     7
100
AcDbLine
 10
-65.69978783635557
 20
109.0701792113979
 30
0.0
 11
-66.69978783635556
 21
109.0701792113979
 31
0.0
  0
LINE
  5
278
330
1F
100
AcDbEntity
  8
0
  6
Continuous
 62
     7
100
AcDbLine
 10
-65.69978783635557
 20
107.530179211398
 30
0.0
 11
-65.69978783635557
 21
109.0701792113979
 31
0.0
  0
LINE
  5
279
330
1F
100
AcDbEntity
  8
0
  6
Continuous
 62
     7
100
AcDbLine
 10
-65.69978783635557
 20
105.5301792113971
 30
0.0
 11
-65.69978783635557
 21
107.0701792113979
 31
0.0
  0
LINE
  5
27A
330
1F
100
AcDbEntity
  8
0
  6
Continuous
 62
     7
100
AcDbLine
 10
-65.69978783635557
 20
107.0701792113979
 30
0.0
 11
-66.69978783635556
 21
107.0701792113979
 31
0.0
  0
LINE
  5
27B
330
1F
100
AcDbEntity
  8
0
  6
Continuous
 62
     7
100
AcDbLine
 10
-66.69978783635556
 20
107.0701792113979
 30
0.0
 11
-66.69978783635556
 21
107.1001792113986
 31
0.0
  0
LINE
  5
27C
330
1F
100
AcDbEntity
  8
0
  6
Continuous
 62
     7
100
AcDbLine
 10
-66.69978783635556
 20
107.1001792113986
 30
0.0
 11
-66.87978783635677
 21
107.1001792113986
 31
0.0
  0
LINE
  5
27D
330
1F
100
AcDbEntity
  8
0
  6
Continuous
 62
     7
100
AcDbLine
 10
-66.87978783635677
 20
107.1001792113986
 30
0.0
 11
-66.87978783635677
 21
105.5001792113984
 31
0.0
  0
LINE
  5
27E
330
1F
100
AcDbEntity
  8
0
  6
Continuous
 62
     7
100
AcDbLine
 10
-66.87978783635677
 20
105.5001792113984
 30
0.0
 11
-66.69978783635556
 21
105.5001792113984
 31
0.0
  0
LINE
  5
27F
330
1F
100
AcDbEntity
  8
0
  6
Continuous
 62
     7
100
AcDbLine
 10
-66.69978783635556
 20
105.5001792113984
 30
0.0
 11
-66.69978783635556
 21
105.5301792113971
 31
0.0
  0
LINE
  5
280
330
1F
100
AcDbEntity
  8
0
  6
Continuous
 62
     7
100
AcDbLine
 10
-66.69978783635556
 20
105.5301792113971
 30
0.0
 11
-65.69978783635557
 21
105.5301792113971
 31
0.0
  0
LINE
  5
281
330
1F
100
AcDbEntity
  8
0
  6
Continuous
 62
     7
100
AcDbLine
 10
-65.69978783635557
 20
113.0701792113979
 30
0.0
 11
-66.69978783635556
 21
113.0701792113979
 31
0.0
  0
LINE
  5
282
330
1F
100
AcDbEntity
  8
0
  6
Continuous
 62
     7
100
AcDbLine
 10
-66.69978783635556
 20
113.0701792113979
 30
0.0
 11
-66.69978783635556
 21
113.1001792113986
 31
0.0
  0
LINE
  5
283
330
1F
100
AcDbEntity
  8
0
  6
Continuous
 62
     7
100
AcDbLine
 10
-66.69978783635556
 20
113.1001792113986
 30
0.0
 11
-66.87978783635677
 21
113.1001792113986
 31
0.0
  0
LINE
  5
284
330
1F
100
AcDbEntity
  8
0
  6
Continuous
 62
     7
100
AcDbLine
 10
-66.87978783635677
 20
113.1001792113986
 30
0.0
 11
-66.87978783635677
 21
111.5001792113984
 31
0.0
  0
LINE
  5
285
330
1F
100
AcDbEntity
  8
0
  6
Continuous
 62
     7
100
AcDbLine
 10
-66.87978783635677
 20
111.5001792113984
 30
0.0
 11
-66.69978783635556
 21
111.5001792113984
 31
0.0
  0
LINE
  5
286
330
1F
100
AcDbEntity
  8
0
  6
Continuous
 62
     7
100
AcDbLine
 10
-66.69978783635556
 20
111.5001792113984
 30
0.0
 11
-66.69978783635556
 21
111.530179211398
 31
0.0
  0
LINE
  5
287
330
1F
100
AcDbEntity
  8
0
  6
Continuous
 62
     7
100
AcDbLine
 10
-66.69978783635556
 20
111.530179211398
 30
0.0
 11
-65.69978783635557
 21
111.530179211398
 31
0.0
  0
LINE
  5
288
330
1F
100
AcDbEntity
  8
0
  6
Continuous
 62
     7
100
AcDbLine
 10
-65.69978783635557
 20
111.530179211398
 30
0.0
 11
-65.69978783635557
 21
113.0701792113979
 31
0.0
  0
LINE
  5
289
330
1F
100
AcDbEntity
  8
0
  6
Continuous
 62
     7
100
AcDbLine
 10
-65.69978783635557
 20
109.530179211398
 30
0.0
 11
-65.69978783635557
 21
111.0701792113979
 31
0.0
  0
LINE
  5
28A
330
1F
100
AcDbEntity
  8
0
  6
Continuous
 62
     7
100
AcDbLine
 10
-66.69978783635556
 20
109.530179211398
 30
0.0
 11
-65.69978783635557
 21
109.530179211398
 31
0.0
  0
LINE
  5
28B
330
1F
100
AcDbEntity
  8
0
  6
Continuous
 62
     7
100
AcDbLine
 10
-66.69978783635556
 20
109.5001792113984
 30
0.0
 11
-66.69978783635556
 21
109.530179211398
 31
0.0
  0
LINE
  5
28C
330
1F
100
AcDbEntity
  8
0
  6
Continuous
 62
     7
100
AcDbLine
 10
-66.87978783635677
 20
109.5001792113984
 30
0.0
 11
-66.69978783635556
 21
109.5001792113984
 31
0.0
  0
LINE
  5
28D
330
1F
100
AcDbEntity
  8
0
  6
Continuous
 62
     7
100
AcDbLine
 10
-66.87978783635677
 20
111.1001792113986
 30
0.0
 11
-66.87978783635677
 21
109.5001792113984
 31
0.0
  0
LINE
  5
28E
330
1F
100
AcDbEntity
  8
0
  6
Continuous
 62
     7
100
AcDbLine
 10
-66.69978783635556
 20
111.1001792113986
 30
0.0
 11
-66.87978783635677
 21
111.1001792113986
 31
0.0
  0
LINE
  5
28F
330
1F
100
AcDbEntity
  8
0
  6
Continuous
 62
     7
100
AcDbLine
 10
-66.69978783635556
 20
111.0701792113979
 30
0.0
 11
-66.69978783635556
 21
111.1001792113986
 31
0.0
  0
LINE
  5
290
330
1F
100
AcDbEntity
  8
0
  6
Continuous
 62
     7
100
AcDbLine
 10
-65.69978783635557
 20
111.0701792113979
 30
0.0
 11
-66.69978783635556
 21
111.0701792113979
 31
0.0
  0
LINE
  5
291
330
1F
100
AcDbEntity
  8
0
  6
Continuous
 62
     7
100
AcDbLine
 10
-63.89978783635627
 20
108.0701792113979
 30
0.0
 11
-64.89978783635628
 21
108.0701792113979
 31
0.0
  0
LINE
  5
292
330
1F
100
AcDbEntity
  8
0
  6
Continuous
 62
     7
100
AcDbLine
 10
-63.89978783635627
 20
108.1001792113986
 30
0.0
 11
-63.89978783635627
 21
108.0701792113979
 31
0.0
  0
LINE
  5
293
330
1F
100
AcDbEntity
  8
0
  6
Continuous
 62
     7
100
AcDbLine
 10
-63.71978783635687
 20
108.1001792113986
 30
0.0
 11
-63.89978783635627
 21
108.1001792113986
 31
0.0
  0
LINE
  5
294
330
1F
100
AcDbEntity
  8
0
  6
Continuous
 62
     7
100
AcDbLine
 10
-63.71978783635687
 20
106.5001792113984
 30
0.0
 11
-63.71978783635687
 21
108.1001792113986
 31
0.0
  0
LINE
  5
295
330
1F
100
AcDbEntity
  8
0
  6
Continuous
 62
     7
100
AcDbLine
 10
-63.89978783635627
 20
106.5001792113984
 30
0.0
 11
-63.71978783635687
 21
106.5001792113984
 31
0.0
  0
LINE
  5
296
330
1F
100
AcDbEntity
  8
0
  6
Continuous
 62
     7
100
AcDbLine
 10
-63.89978783635627
 20
106.530179211398
 30
0.0
 11
-63.89978783635627
 21
106.5001792113984
 31
0.0
  0
LINE
  5
297
330
1F
100
AcDbEntity
  8
0
  6
Continuous
 62
     7
100
AcDbLine
 10
-64.89978783635628
 20
106.530179211398
 30
0.0
 11
-63.89978783635627
 21
106.530179211398
 31
0.0
  0
LINE
  5
298
330
1F
100
AcDbEntity
  8
0
  6
Continuous
 62
     7
100
AcDbLine
 10
-64.89978783635628
 20
108.0701792113979
 30
0.0
 11
-64.89978783635628
 21
106.530179211398
 31
0.0
  0
LINE
  5
299
330
1F
100
AcDbEntity
  8
0
  6
Continuous
 62
     7
100
AcDbLine
 10
-64.89978783635628
 20
112.0701792113979
 30
0.0
 11
-64.89978783635628
 21
110.530179211398
 31
0.0
  0
LINE
  5
29A
330
1F
100
AcDbEntity
  8
0
  6
Continuous
 62
     7
100
AcDbLine
 10
-64.89978783635628
 20
110.530179211398
 30
0.0
 11
-63.89978783635627
 21
110.530179211398
 31
0.0
  0
LINE
  5
29B
330
1F
100
AcDbEntity
  8
0
  6
Continuous
 62
     7
100
AcDbLine
 10
-63.89978783635627
 20
110.530179211398
 30
0.0
 11
-63.89978783635627
 21
110.5001792113984
 31
0.0
  0
LINE
  5
29C
330
1F
100
AcDbEntity
  8
0
  6
Continuous
 62
     7
100
AcDbLine
 10
-63.89978783635627
 20
110.5001792113984
 30
0.0
 11
-63.71978783635687
 21
110.5001792113984
 31
0.0
  0
LINE
  5
29D
330
1F
100
AcDbEntity
  8
0
  6
Continuous
 62
     7
100
AcDbLine
 10
-63.71978783635687
 20
110.5001792113984
 30
0.0
 11
-63.71978783635687
 21
112.1001792113986
 31
0.0
  0
LINE
  5
29E
330
1F
100
AcDbEntity
  8
0
  6
Continuous
 62
     7
100
AcDbLine
 10
-63.71978783635687
 20
112.1001792113986
 30
0.0
 11
-63.89978783635627
 21
112.1001792113986
 31
0.0
  0
LINE
  5
29F
330
1F
100
AcDbEntity
  8
0
  6
Continuous
 62
     7
100
AcDbLine
 10
-63.89978783635627
 20
112.1001792113986
 30
0.0
 11
-63.89978783635627
 21
112.0701792113979
 31
0.0
  0
LINE
  5
2A0
330
1F
100
AcDbEntity
  8
0
  6
Continuous
 62
     7
100
AcDbLine
 10
-63.89978783635627
 20
112.0701792113979
 30
0.0
 11
-64.89978783635628
 21
112.0701792113979
 31
0.0
  0
LINE
  5
2A1
330
1F
100
AcDbEntity
  8
0
  6
Continuous
 62
     7
100
AcDbLine
 10
-63.89978783635627
 20
110.0701792113979
 30
0.0
 11
-64.89978783635628
 21
110.0701792113979
 31
0.0
  0
LINE
  5
2A2
330
1F
100
AcDbEntity
  8
0
  6
Continuous
 62
     7
100
AcDbLine
 10
-63.89978783635627
 20
110.1001792113986
 30
0.0
 11
-63.89978783635627
 21
110.0701792113979
 31
0.0
  0
LINE
  5
2A3
330
1F
100
AcDbEntity
  8
0
  6
Continuous
 62
     7
100
AcDbLine
 10
-63.71978783635687
 20
110.1001792113986
 30
0.0
 11
-63.89978783635627
 21
110.1001792113986
 31
0.0
  0
LINE
  5
2A4
330
1F
100
AcDbEntity
  8
0
  6
Continuous
 62
     7
100
AcDbLine
 10
-63.71978783635687
 20
108.5001792113984
 30
0.0
 11
-63.71978783635687
 21
110.1001792113986
 31
0.0
  0
LINE
  5
2A5
330
1F
100
AcDbEntity
  8
0
  6
Continuous
 62
     7
100
AcDbLine
 10
-63.89978783635627
 20
108.5001792113984
 30
0.0
 11
-63.71978783635687
 21
108.5001792113984
 31
0.0
  0
LINE
  5
2A6
330
1F
100
AcDbEntity
  8
0
  6
Continuous
 62
     7
100
AcDbLine
 10
-63.89978783635627
 20
108.530179211398
 30
0.0
 11
-63.89978783635627
 21
108.5001792113984
 31
0.0
  0
LINE
  5
2A7
330
1F
100
AcDbEntity
  8
0
  6
Continuous
 62
     7
100
AcDbLine
 10
-64.89978783635628
 20
108.530179211398
 30
0.0
 11
-63.89978783635627
 21
108.530179211398
 31
0.0
  0
LINE
  5
2A8
330
1F
100
AcDbEntity
  8
0
  6
Continuous
 62
     7
100
AcDbLine
 10
-64.89978783635628
 20
110.0701792113979
 30
0.0
 11
-64.89978783635628
 21
108.530179211398
 31
0.0
  0
LINE
  5
2A9
330
1F
100
AcDbEntity
  8
0
  6
DASH_CENTER
 62
     1
100
AcDbLine
 10
-70.62478783635667
 20
109.3001792113984
 30
0.0
 11
-59.97478783635518
 21
109.3001792113984
 31
0.0
  0
LINE
  5
2AA
330
1F
100
AcDbEntity
  8
0
  6
DASH_CENTER
 62
     1
100
AcDbLine
 10
-65.29978783635687
 20
102.8751792113984
 30
0.0
 11
-65.29978783635687
 21
115.7251792113986
 31
0.0
  0
LINE
  5
2AB
330
1F
100
AcDbEntity
  8
0
  6
Continuous
 62
     7
100
AcDbLine
 10
-68.34978783635697
 20
110.1501792113988
 30
0.0
 11
-68.54978783635687
 21
110.1501792113988
 31
0.0
  0
LINE
  5
2AC
330
1F
100
AcDbEntity
  8
0
  6
Continuous
 62
     7
100
AcDbLine
 10
-68.54978783635687
 20
108.450179211399
 30
0.0
 11
-68.34978783635697
 21
108.450179211399
 31
0.0
  0
LINE
  5
2AD
330
1F
100
AcDbEntity
  8
0
  6
Continuous
 62
     7
100
AcDbLine
 10
-62.24978783635666
 20
110.1501792113988
 30
0.0
 11
-62.04978783635687
 21
110.1501792113988
 31
0.0
  0
LINE
  5
2AE
330
1F
100
AcDbEntity
  8
0
  6
Continuous
 62
     7
100
AcDbLine
 10
-62.04978783635687
 20
108.450179211399
 30
0.0
 11
-62.24978783635666
 21
108.450179211399
 31
0.0
  0
LINE
  5
2AF
330
1F
100
AcDbEntity
  8
0
  6
Continuous
 62
     7
100
AcDbLine
 10
-69.12478783635667
 20
114.0251792113988
 30
0.0
 11
-68.92478783635687
 21
114.2251792113986
 31
0.0
  0
LINE
  5
2B0
330
1F
100
AcDbEntity
  8
0
  6
Continuous
 62
     7
100
AcDbLine
 10
-61.67478783635687
 20
114.2251792113986
 30
0.0
 11
-61.47478783635518
 21
114.0251792113988
 31
0.0
  0
LINE
  5
2B1
330
1F
100
AcDbEntity
  8
0
  6
Continuous
 62
     7
100
AcDbLine
 10
-61.47478783635518
 20
104.575179211399
 30
0.0
 11
-61.67478783635687
 21
104.3751792113984
 31
0.0
  0
LINE
  5
2B2
330
1F
100
AcDbEntity
  8
0
  6
Continuous
 62
     7
100
AcDbLine
 10
-69.12478783635667
 20
104.575179211399
 30
0.0
 11
-68.92478783635687
 21
104.3751792113984
 31
0.0
  0
LINE
  5
2B3
330
1F
100
AcDbEntity
  8
0
  6
Continuous
 62
     7
100
AcDbLine
 10
-69.12478783635667
 20
114.0251792113988
 30
0.0
 11
-69.12478783635667
 21
104.575179211399
 31
0.0
  0
LINE
  5
2B4
330
1F
100
AcDbEntity
  8
0
  6
Continuous
 62
     7
100
AcDbLine
 10
-61.67478783635687
 20
114.2251792113986
 30
0.0
 11
-68.92478783635687
 21
114.2251792113986
 31
0.0
  0
LINE
  5
2B5
330
1F
100
AcDbEntity
  8
0
  6
Continuous
 62
     7
100
AcDbLine
 10
-61.47478783635518
 20
104.575179211399
 30
0.0
 11
-61.47478783635518
 21
114.0251792113988
 31
0.0
  0
LINE
  5
2B6
330
1F
100
AcDbEntity
  8
0
  6
Continuous
 62
     7
100
AcDbLine
 10
-68.92478783635687
 20
104.3751792113984
 30
0.0
 11
-61.67478783635687
 21
104.3751792113984
 31
0.0
  0
LINE
  5
2B7
330
1F
100
AcDbEntity
  8
0
  6
Continuous
 62
     7
100
AcDbLine
 10
-62.04978783635687
 20
106.3501792113986
 30
0.0
 11
-62.04978783635687
 21
112.2501792113984
 31
0.0
  0
LINE
  5
2B8
330
1F
100
AcDbEntity
  8
0
  6
Continuous
 62
     7
100
AcDbLine
 10
-68.54978783635687
 20
113.6251792113984
 30
0.0
 11
-63.09978783635518
 21
113.6251792113984
 31
0.0
  0
LINE
  5
2B9
330
1F
100
AcDbEntity
  8
0
  6
Continuous
 62
     7
100
AcDbLine
 10
-68.54978783635687
 20
104.9751792113986
 30
0.0
 11
-68.54978783635687
 21
113.6251792113984
 31
0.0
  0
LINE
  5
2BA
330
1F
100
AcDbEntity
  8
0
  6
Continuous
 62
     7
100
AcDbLine
 10
-63.09978783635518
 20
104.9751792113986
 30
0.0
 11
-68.54978783635687
 21
104.9751792113986
 31
0.0
  0
LINE
  5
2BB
330
1F
100
AcDbEntity
  8
0
  6
Continuous
 62
     7
100
AcDbLine
 10
-62.04978783635687
 20
112.2501792113984
 30
0.0
 11
-63.09978783635518
 21
113.6251792113984
 31
0.0
  0
LINE
  5
2BC
330
1F
100
AcDbEntity
  8
0
  6
Continuous
 62
     7
100
AcDbLine
 10
-63.09978783635518
 20
104.9751792113986
 30
0.0
 11
-62.04978783635687
 21
106.3501792113986
 31
0.0
  0
LINE
  5
2BD
330
1F
100
AcDbEntity
  8
0
  6
DASH_CENTER
 62
     1
100
AcDbLine
 10
-58.44978783635558
 20
117.6001792113986
 30
0.0
 11
-64.14978783635447
 21
117.6001792113986
 31
0.0
  0
LINE
  5
2BE
330
1F
100
AcDbEntity
  8
0
  6
DASH_CENTER
 62
     1
100
AcDbLine
 10
-61.29978783635687
 20
114.7501792113984
 30
0.0
 11
-61.29978783635687
 21
120.4501792113989
 31
0.0
  0
LINE
  5
2BF
330
1F
100
AcDbEntity
  8
0
  6
DASH_CENTER
 62
     1
100
AcDbLine
 10
-69.29978783635687
 20
114.7501792113984
 30
0.0
 11
-69.29978783635687
 21
120.4501792113989
 31
0.0
  0
LINE
  5
2C0
330
1F
100
AcDbEntity
  8
0
  6
DASH_CENTER
 62
     1
100
AcDbLine
 10
-66.44978783635557
 20
117.6001792113986
 30
0.0
 11
-72.14978783635449
 21
117.6001792113986
 31
0.0
  0
LINE
  5
2C1
330
1F
100
AcDbEntity
  8
0
  6
DASH_CENTER
 62
     1
100
AcDbLine
 10
-61.29978783635687
 20
98.15017921139878
 30
0.0
 11
-61.29978783635687
 21
103.8501792113986
 31
0.0
  0
LINE
  5
2C2
330
1F
100
AcDbEntity
  8
0
  6
DASH_CENTER
 62
     1
100
AcDbLine
 10
-64.14978783635447
 20
101.0001792113984
 30
0.0
 11
-58.44978783635558
 21
101.0001792113984
 31
0.0
  0
LINE
  5
2C3
330
1F
100
AcDbEntity
  8
0
  6
DASH_CENTER
 62
     1
100
AcDbLine
 10
-72.14978783635449
 20
101.0001792113984
 30
0.0
 11
-66.44978783635557
 21
101.0001792113984
 31
0.0
  0
LINE
  5
2C4
330
1F
100
AcDbEntity
  8
0
  6
DASH_CENTER
 62
     1
100
AcDbLine
 10
-69.29978783635687
 20
98.15017921139878
 30
0.0
 11
-69.29978783635687
 21
103.8501792113986
 31
0.0
  0
LINE
  5
2C5
330
1F
100
AcDbEntity
  8
0
  6
DASH_CENTER
 62
     1
100
AcDbLine
 10
158.0155551080792
 20
-29.60731534077041
 30
0.0
 11
151.2980406868059
 21
-22.88980091949889
 31
0.0
  0
LINE
  5
2C6
330
1F
100
AcDbEntity
  8
0
  6
DASH_CENTER
 62
     1
100
AcDbLine
 10
158.0155551080792
 20
26.6076737635633
 30
0.0
 11
151.2980406868059
 21
19.89015934229354
 31
0.0
  0
LINE
  5
2C7
330
1F
100
AcDbEntity
  8
0
  6
Continuous
 62
     7
100
AcDbLine
 10
129.9080605559115
 20
-31.4998207886036
 30
0.0
 11
154.9080605559123
 21
-31.4998207886045
 31
0.0
  0
LINE
  5
2C8
330
1F
100
AcDbEntity
  8
0
  6
Continuous
 62
     7
100
AcDbLine
 10
159.9080605559123
 20
-26.4998207886045
 30
0.0
 11
159.9080605559143
 21
23.50017921139829
 31
0.0
  0
LINE
  5
2C9
330
1F
100
AcDbEntity
  8
0
  6
Continuous
 62
     7
100
AcDbLine
 10
154.9080605559143
 20
28.50017921139829
 30
0.0
 11
129.9080605559115
 21
28.50017921139641
 31
0.0
  0
LINE
  5
2CA
330
1F
100
AcDbEntity
  8
0
  6
DASH_CENTER
 62
     1
100
AcDbLine
 10
94.90806055590786
 20
-1.49982078860177
 30
0.0
 11
164.9080605559123
 21
-1.49982078860177
 31
0.0
  0
LINE
  5
2CB
330
1F
100
AcDbEntity
  8
0
  6
Continuous
 62
     7
100
AcDbLine
 10
129.9080605559115
 20
28.50017921139641
 30
0.0
 11
104.908060555907
 21
28.50017921139829
 31
0.0
  0
LINE
  5
2CC
330
1F
100
AcDbEntity
  8
0
  6
Continuous
 62
     7
100
AcDbLine
 10
99.90806055590697
 20
23.50017921139829
 30
0.0
 11
99.90806055590965
 21
-26.4998207886045
 31
0.0
  0
LINE
  5
2CD
330
1F
100
AcDbEntity
  8
0
  6
Continuous
 62
     7
100
AcDbLine
 10
104.9080605559096
 20
-31.4998207886045
 30
0.0
 11
129.9080605559115
 21
-31.4998207886036
 31
0.0
  0
LINE
  5
2CE
330
1F
100
AcDbEntity
  8
0
  6
DASH_CENTER
 62
     1
100
AcDbLine
 10
108.5180804250152
 20
19.89015934229354
 30
0.0
 11
101.800566003742
 21
26.6076737635633
 31
0.0
  0
LINE
  5
2CF
330
1F
100
AcDbEntity
  8
0
  6
DASH_CENTER
 62
     1
100
AcDbLine
 10
108.5180804250152
 20
-22.88980091949889
 30
0.0
 11
101.800566003742
 21
-29.60731534077041
 31
0.0
  0
LINE
  5
2D0
330
1F
100
AcDbEntity
  8
0
  6
Continuous
 62
     7
100
AcDbLine
 10
-59.19978783634828
 20
141.0001792113984
 30
0.0
 11
-59.19978783634828
 21
143.2501792113984
 31
0.0
  0
LINE
  5
2D1
330
1F
100
AcDbEntity
  8
0
  6
Continuous
 62
     7
100
AcDbLine
 10
-59.19978783634828
 20
148.5001792113984
 30
0.0
 11
-59.19978783634828
 21
152.2501792113854
 31
0.0
  0
LINE
  5
2D2
330
1F
100
AcDbEntity
  8
0
  6
Continuous
 62
     7
100
AcDbLine
 10
-59.19978783634828
 20
143.2501792113984
 30
0.0
 11
-58.99978783634757
 21
143.2501792113984
 31
0.0
  0
LINE
  5
2D3
330
1F
100
AcDbEntity
  8
0
  6
Continuous
 62
     7
100
AcDbLine
 10
-74.28177764060645
 20
99.81859445426486
 30
0.0
 11
-73.49978783634757
 21
99.75017921139835
 31
0.0
  0
LINE
  5
2D4
330
1F
100
AcDbEntity
  8
0
  6
Continuous
 62
     7
100
AcDbLine
 10
-73.49978783634757
 20
104.2501792113984
 30
0.0
 11
-74.28177764060645
 21
104.1817639685325
 31
0.0
  0
LINE
  5
2D5
330
1F
100
AcDbEntity
  8
0
  6
Continuous
 62
     7
100
AcDbLine
 10
-73.49978783634757
 20
104.6001792113986
 30
0.0
 11
-72.89978783634717
 21
104.6001792113986
 31
0.0
  0
LINE
  5
2D6
330
1F
100
AcDbEntity
  8
0
  6
Continuous
 62
     7
100
AcDbLine
 10
-73.49978783634757
 20
99.40017921140059
 30
0.0
 11
-73.49978783634757
 21
104.6001792113986
 31
0.0
  0
LINE
  5
2D7
330
1F
100
AcDbEntity
  8
0
  6
Continuous
 62
     7
100
AcDbLine
 10
-72.89978783634717
 20
99.40017921140059
 30
0.0
 11
-73.49978783634757
 21
99.40017921140059
 31
0.0
  0
LINE
  5
2D8
330
1F
100
AcDbEntity
  8
0
  6
Continuous
 62
     7
100
AcDbLine
 10
-72.89978783634717
 20
104.8501792113986
 30
0.0
 11
-72.59978783634787
 21
104.8501792113986
 31
0.0
  0
LINE
  5
2D9
330
1F
100
AcDbEntity
  8
0
  6
Continuous
 62
     7
100
AcDbLine
 10
-72.89978783634717
 20
99.15017921140059
 30
0.0
 11
-72.89978783634717
 21
104.8501792113986
 31
0.0
  0
LINE
  5
2DA
330
1F
100
AcDbEntity
  8
0
  6
Continuous
 62
     7
100
AcDbLine
 10
-72.59978783634787
 20
99.15017921140059
 30
0.0
 11
-72.89978783634717
 21
99.15017921140059
 31
0.0
  0
LINE
  5
2DB
330
1F
100
AcDbEntity
  8
0
  6
Continuous
 62
     7
100
AcDbLine
 10
-72.59978783634787
 20
152.1501792113969
 30
0.0
 11
-72.89978783634717
 21
152.1501792113969
 31
0.0
  0
LINE
  5
2DC
330
1F
100
AcDbEntity
  8
0
  6
Continuous
 62
     7
100
AcDbLine
 10
-72.89978783634717
 20
152.1501792113969
 30
0.0
 11
-72.89978783634717
 21
157.8501792113985
 31
0.0
  0
LINE
  5
2DD
330
1F
100
AcDbEntity
  8
0
  6
Continuous
 62
     7
100
AcDbLine
 10
-72.89978783634717
 20
157.8501792113985
 30
0.0
 11
-72.59978783634787
 21
157.8501792113985
 31
0.0
  0
LINE
  5
2DE
330
1F
100
AcDbEntity
  8
0
  6
Continuous
 62
     7
100
AcDbLine
 10
-72.89978783634717
 20
152.4001792113969
 30
0.0
 11
-73.49978783634757
 21
152.4001792113969
 31
0.0
  0
LINE
  5
2DF
330
1F
100
AcDbEntity
  8
0
  6
Continuous
 62
     7
100
AcDbLine
 10
-73.49978783634757
 20
152.4001792113969
 30
0.0
 11
-73.49978783634757
 21
157.6001792113985
 31
0.0
  0
LINE
  5
2E0
330
1F
100
AcDbEntity
  8
0
  6
Continuous
 62
     7
100
AcDbLine
 10
-73.49978783634757
 20
157.6001792113985
 30
0.0
 11
-72.89978783634717
 21
157.6001792113985
 31
0.0
  0
LINE
  5
2E1
330
1F
100
AcDbEntity
  8
0
  6
Continuous
 62
     7
100
AcDbLine
 10
-73.49978783634757
 20
157.2501792113984
 30
0.0
 11
-74.28177764060645
 21
157.1817639685324
 31
0.0
  0
LINE
  5
2E2
330
1F
100
AcDbEntity
  8
0
  6
Continuous
 62
     7
100
AcDbLine
 10
-74.28177764060645
 20
152.8185944542648
 30
0.0
 11
-73.49978783634757
 21
152.7501792113984
 31
0.0
  0
LINE
  5
2E3
330
1F
100
AcDbEntity
  8
0
  6
Continuous
 62
     7
100
AcDbLine
 10
-72.59978783634787
 20
140.2501792113984
 30
0.0
 11
-73.38177764060777
 21
140.1817639685324
 31
0.0
  0
LINE
  5
2E4
330
1F
100
AcDbEntity
  8
0
  6
Continuous
 62
     7
100
AcDbLine
 10
-73.38177764060777
 20
135.8185944542648
 30
0.0
 11
-72.59978783634787
 21
135.7501792113984
 31
0.0
  0
LINE
  5
2E5
330
1F
100
AcDbEntity
  8
0
  6
DASH_CENTER
 62
     1
100
AcDbLine
 10
-80.49978783634756
 20
128.5001792113984
 30
0.0
 11
2.000212163252289
 21
128.5001792113984
 31
0.0
  0
LINE
  5
2E6
330
1F
100
AcDbEntity
  8
0
  6
Continuous
 62
     7
100
AcDbLine
 10
-3.69978783594743
 20
158.5001792114001
 30
0.0
 11
-3.69978783593652
 21
148.0001792113986
 31
0.0
  0
LINE
  5
2E7
330
1F
100
AcDbEntity
  8
0
  6
Continuous
 62
     7
100
AcDbLine
 10
-4.89978783593912
 20
148.5001792113986
 30
0.0
 11
-33.69898783636394
 21
148.5001792113991
 31
0.0
  0
LINE
  5
2E8
330
1F
100
AcDbEntity
  8
0
  6
Continuous
 62
     7
100
AcDbLine
 10
-3.69978783593743
 20
98.50017921141201
 30
0.0
 11
-3.69978783593743
 21
109.0001792113986
 31
0.0
  0
LINE
  5
2E9
330
1F
100
AcDbEntity
  8
0
  6
Continuous
 62
     7
100
AcDbLine
 10
-4.89978783593912
 20
108.5001792113986
 30
0.0
 11
-33.69898783636394
 21
108.5001792113991
 31
0.0
  0
LINE
  5
2EA
330
1F
100
AcDbEntity
  8
0
  6
Continuous
 62
     7
100
AcDbLine
 10
2.000212162538389
 20
99.00017921142826
 30
0.0
 11
1.500212162518379
 21
98.50017921141187
 31
0.0
  0
LINE
  5
2EB
330
1F
100
AcDbEntity
  8
0
  6
Continuous
 62
     7
100
AcDbLine
 10
1.500212162518379
 20
98.50017921141187
 30
0.0
 11
-33.59898783636623
 21
98.50017921141096
 31
0.0
  0
LINE
  5
2EC
330
1F
100
AcDbEntity
  8
0
  6
Continuous
 62
     7
100
AcDbLine
 10
-33.59898783636623
 20
98.50017921141096
 30
0.0
 11
-33.69898783636394
 21
98.60017921141235
 31
0.0
  0
LINE
  5
2ED
330
1F
100
AcDbEntity
  8
0
  6
Continuous
 62
     7
100
AcDbLine
 10
2.000212164047179
 20
99.00017921293972
 30
0.0
 11
2.000212162458379
 21
158.0001792114
 31
0.0
  0
LINE
  5
2EE
330
1F
100
AcDbEntity
  8
0
  6
Continuous
 62
     7
100
AcDbLine
 10
2.000212162458379
 20
158.0001792114
 30
0.0
 11
1.500212162448259
 21
158.5001792114
 31
0.0
  0
LINE
  5
2EF
330
1F
100
AcDbEntity
  8
0
  6
Continuous
 62
     7
100
AcDbLine
 10
1.500212162448259
 20
158.5001792114
 30
0.0
 11
-33.59898783636442
 21
158.5001792114009
 31
0.0
  0
LINE
  5
2F0
330
1F
100
AcDbEntity
  8
0
  6
Continuous
 62
     7
100
AcDbLine
 10
-33.59898783636442
 20
158.5001792114009
 30
0.0
 11
-33.69898783636394
 21
158.4001792114015
 31
0.0
  0
LINE
  5
2F1
330
1F
100
AcDbEntity
  8
0
  6
Continuous
 62
     7
100
AcDbLine
 10
-33.69898783636394
 20
158.4001792114015
 30
0.0
 11
-33.69898783636394
 21
98.60017921141235
 31
0.0
  0
LINE
  5
2F2
330
1F
100
AcDbEntity
  8
0
  6
Continuous
 62
     7
100
AcDbLine
 10
-4.89978783593912
 20
148.0001792113986
 30
0.0
 11
-4.89978783593912
 21
158.5001792114001
 31
0.0
  0
LINE
  5
2F3
330
1F
100
AcDbEntity
  8
0
  6
Continuous
 62
     7
100
AcDbLine
 10
-4.89978783593912
 20
98.50017921141201
 30
0.0
 11
-4.89978783593912
 21
109.0001792113986
 31
0.0
  0
LINE
  5
2F4
330
1F
100
AcDbEntity
  8
0
  6
Continuous
 62
     7
100
AcDbLine
 10
-33.79898783636511
 20
98.50017921141008
 30
0.0
 11
-33.69898783636394
 21
98.60017921141235
 31
0.0
  0
LINE
  5
2F5
330
1F
100
AcDbEntity
  8
0
  6
Continuous
 62
     7
100
AcDbLine
 10
-58.89978783634714
 20
98.50017921141114
 30
0.0
 11
-33.79898783636511
 21
98.50017921141008
 31
0.0
  0
LINE
  5
2F6
330
1F
100
AcDbEntity
  8
0
  6
Continuous
 62
     7
100
AcDbLine
 10
-58.99978783634757
 20
98.6001792113986
 30
0.0
 11
-58.89978783634714
 21
98.50017921141114
 31
0.0
  0
LINE
  5
2F7
330
1F
100
AcDbEntity
  8
0
  6
Continuous
 62
     7
100
AcDbLine
 10
-33.69898783636394
 20
108.5001792113991
 30
0.0
 11
-58.99978783634758
 21
108.5001792113984
 31
0.0
  0
LINE
  5
2F8
330
1F
100
AcDbEntity
  8
0
  6
Continuous
 62
     7
100
AcDbLine
 10
-58.89978783634717
 20
158.5001792113857
 30
0.0
 11
-58.99978783634757
 21
158.4001792114005
 31
0.0
  0
LINE
  5
2F9
330
1F
100
AcDbEntity
  8
0
  6
Continuous
 62
     7
100
AcDbLine
 10
-33.79898783636511
 20
158.5001792113845
 30
0.0
 11
-58.89978783634717
 21
158.5001792113857
 31
0.0
  0
LINE
  5
2FA
330
1F
100
AcDbEntity
  8
0
  6
Continuous
 62
     7
100
AcDbLine
 10
-33.69898783636394
 20
158.4001792113853
 30
0.0
 11
-33.79898783636511
 21
158.5001792113845
 31
0.0
  0
LINE
  5
2FB
330
1F
100
AcDbEntity
  8
0
  6
Continuous
 62
     7
100
AcDbLine
 10
-58.99978783634757
 20
148.5001792113984
 30
0.0
 11
-33.69898783636394
 21
148.5001792113991
 31
0.0
  0
LINE
  5
2FC
330
1F
100
AcDbEntity
  8
0
  6
Continuous
 62
     7
100
AcDbLine
 10
-58.99978783634757
 20
157.7501792113854
 30
0.0
 11
-58.99978783634757
 21
158.4000792113958
 31
0.0
  0
LINE
  5
2FD
330
1F
100
AcDbEntity
  8
0
  6
Continuous
 62
     7
100
AcDbLine
 10
-57.37978783634857
 20
152.2501792113854
 30
0.0
 11
-60.12978783634856
 21
152.2501792113854
 31
0.0
  0
LINE
  5
2FE
330
1F
100
AcDbEntity
  8
0
  6
Continuous
 62
     7
100
AcDbLine
 10
-60.37978783634857
 20
152.5001792113854
 30
0.0
 11
-60.12978783634856
 21
152.2501792113854
 31
0.0
  0
LINE
  5
2FF
330
1F
100
AcDbEntity
  8
0
  6
Continuous
 62
     7
100
AcDbLine
 10
-60.37978783634857
 20
152.5001792113854
 30
0.0
 11
-60.37978783634857
 21
157.5001792113854
 31
0.0
  0
LINE
  5
300
330
1F
100
AcDbEntity
  8
0
  6
Continuous
 62
     7
100
AcDbLine
 10
-60.12978783634856
 20
157.7501792113854
 30
0.0
 11
-60.12978783634856
 21
152.2501792113854
 31
0.0
  0
LINE
  5
301
330
1F
100
AcDbEntity
  8
0
  6
Continuous
 62
     7
100
AcDbLine
 10
-60.12978783634856
 20
157.7501792113854
 30
0.0
 11
-60.37978783634857
 21
157.5001792113854
 31
0.0
  0
LINE
  5
302
330
1F
100
AcDbEntity
  8
0
  6
Continuous
 62
     7
100
AcDbLine
 10
-60.12978783634856
 20
157.7501792113854
 30
0.0
 11
-57.37978783634857
 21
157.7501792113854
 31
0.0
  0
LINE
  5
303
330
1F
100
AcDbEntity
  8
0
  6
Continuous
 62
     7
100
AcDbLine
 10
-56.99978783634758
 20
152.0001792113845
 30
0.0
 11
-57.37978783634857
 21
152.0001792113845
 31
0.0
  0
LINE
  5
304
330
1F
100
AcDbEntity
  8
0
  6
Continuous
 62
     7
100
AcDbLine
 10
-57.37978783634857
 20
152.0001792113845
 30
0.0
 11
-57.37978783634857
 21
158.0001792113854
 31
0.0
  0
LINE
  5
305
330
1F
100
AcDbEntity
  8
0
  6
Continuous
 62
     7
100
AcDbLine
 10
-56.99978783634758
 20
158.0001792113854
 30
0.0
 11
-57.37978783634857
 21
158.0001792113854
 31
0.0
  0
LINE
  5
306
330
1F
100
AcDbEntity
  8
0
  6
Continuous
 62
     7
100
AcDbLine
 10
-56.99978783634758
 20
151.5001792113009
 30
0.0
 11
-58.99978783634757
 21
151.5001792113009
 31
0.0
  0
LINE
  5
307
330
1F
100
AcDbEntity
  8
0
  6
Continuous
 62
     7
100
AcDbLine
 10
-56.99978783634758
 20
158.5001792113854
 30
0.0
 11
-56.99978783634758
 21
151.5001792113009
 31
0.0
  0
LINE
  5
308
330
1F
100
AcDbEntity
  8
0
  6
Continuous
 62
     7
100
AcDbLine
 10
-58.99978783634757
 20
98.50017921139835
 30
0.0
 11
-58.99978783634757
 21
152.2501792113854
 31
0.0
  0
LINE
  5
309
330
1F
100
AcDbEntity
  8
0
  6
Continuous
 62
     7
100
AcDbLine
 10
-59.19978783634828
 20
158.2501792113984
 30
0.0
 11
-58.99978783634757
 21
158.2501792113984
 31
0.0
  0
LINE
  5
30A
330
1F
100
AcDbEntity
  8
0
  6
Continuous
 62
     7
100
AcDbLine
 10
-59.19978783634828
 20
157.7501792113854
 30
0.0
 11
-59.19978783634828
 21
158.2501792113984
 31
0.0
  0
LINE
  5
30B
330
1F
100
AcDbEntity
  8
0
  6
Continuous
 62
     7
100
AcDbLine
 10
-60.99978783634757
 20
151.5001792113009
 30
0.0
 11
-59.19978783634828
 21
151.5001792113009
 31
0.0
  0
LINE
  5
30C
330
1F
100
AcDbEntity
  8
0
  6
Continuous
 62
     7
100
AcDbLine
 10
-60.99978783634757
 20
158.5001792113854
 30
0.0
 11
-60.99978783634757
 21
151.5001792113009
 31
0.0
  0
LINE
  5
30D
330
1F
100
AcDbEntity
  8
0
  6
Continuous
 62
     7
100
AcDbLine
 10
-71.39978783634717
 20
148.5001792113984
 30
0.0
 11
-58.99978783634757
 21
148.5001792113984
 31
0.0
  0
LINE
  5
30E
330
1F
100
AcDbEntity
  8
0
  6
Continuous
 62
     7
100
AcDbLine
 10
-62.99978783634757
 20
141.5001792113964
 30
0.0
 11
-71.59978783634787
 21
141.5001792113964
 31
0.0
  0
LINE
  5
30F
330
1F
100
AcDbEntity
  8
0
  6
Continuous
 62
     7
100
AcDbLine
 10
-62.99978783634757
 20
148.5001792114009
 30
0.0
 11
-62.99978783634757
 21
141.5001792113964
 31
0.0
  0
LINE
  5
310
330
1F
100
AcDbEntity
  8
0
  6
Continuous
 62
     7
100
AcDbLine
 10
-59.19978783634828
 20
158.5001792113984
 30
0.0
 11
-62.99978783634757
 21
158.5001792114009
 31
0.0
  0
LINE
  5
311
330
1F
100
AcDbEntity
  8
0
  6
Continuous
 62
     7
100
AcDbLine
 10
-62.99978783634757
 20
158.5001792114009
 30
0.0
 11
-71.39978783634717
 21
158.5001792113984
 31
0.0
  0
LINE
  5
312
330
1F
100
AcDbEntity
  8
0
  6
Continuous
 62
     7
100
AcDbLine
 10
-56.99978783634758
 20
115.5001792114828
 30
0.0
 11
-56.99978783634758
 21
108.5001792113984
 31
0.0
  0
LINE
  5
313
330
1F
100
AcDbEntity
  8
0
  6
Continuous
 62
     7
100
AcDbLine
 10
-58.99978783634757
 20
115.5001792114828
 30
0.0
 11
-56.99978783634758
 21
115.5001792114828
 31
0.0
  0
LINE
  5
314
330
1F
100
AcDbEntity
  8
0
  6
Continuous
 62
     7
100
AcDbLine
 10
-57.37978783634857
 20
109.0001792113984
 30
0.0
 11
-56.99978783634758
 21
109.0001792113984
 31
0.0
  0
LINE
  5
315
330
1F
100
AcDbEntity
  8
0
  6
Continuous
 62
     7
100
AcDbLine
 10
-57.37978783634857
 20
109.0001792113984
 30
0.0
 11
-57.37978783634857
 21
115.0001792113984
 31
0.0
  0
LINE
  5
316
330
1F
100
AcDbEntity
  8
0
  6
Continuous
 62
     7
100
AcDbLine
 10
-57.37978783634857
 20
115.0001792113984
 30
0.0
 11
-56.99978783634758
 21
115.0001792113984
 31
0.0
  0
LINE
  5
317
330
1F
100
AcDbEntity
  8
0
  6
Continuous
 62
     7
100
AcDbLine
 10
-57.37978783634857
 20
109.2501792113984
 30
0.0
 11
-58.99978783634757
 21
109.2501792113984
 31
0.0
  0
LINE
  5
318
330
1F
100
AcDbEntity
  8
0
  6
Continuous
 62
     7
100
AcDbLine
 10
-58.99978783634757
 20
114.7501792113984
 30
0.0
 11
-57.37978783634857
 21
114.7501792113984
 31
0.0
  0
LINE
  5
319
330
1F
100
AcDbEntity
  8
0
  6
Continuous
 62
     7
100
AcDbLine
 10
-71.59978783634787
 20
98.50017921141096
 30
0.0
 11
-58.99978783634757
 21
98.50017921139835
 31
0.0
  0
LINE
  5
31A
330
1F
100
AcDbEntity
  8
0
  6
Continuous
 62
     7
100
AcDbLine
 10
-71.39978783634717
 20
158.5001792113984
 30
0.0
 11
-71.39978783634717
 21
141.5001792113984
 31
0.0
  0
LINE
  5
31B
330
1F
100
AcDbEntity
  8
0
  6
Continuous
 62
     7
100
AcDbLine
 10
-71.59978783634787
 20
158.2501792113984
 30
0.0
 11
-71.59978783634787
 21
98.50017921141096
 31
0.0
  0
LINE
  5
31C
330
1F
100
AcDbEntity
  8
0
  6
Continuous
 62
     7
100
AcDbLine
 10
-71.39978783634717
 20
158.2501792113984
 30
0.0
 11
-71.59978783634787
 21
158.2501792113984
 31
0.0
  0
LINE
  5
31D
330
1F
100
AcDbEntity
  8
0
  6
Continuous
 62
     7
100
AcDbLine
 10
-72.59978783634787
 20
98.75017921139836
 30
0.0
 11
-71.59978783634787
 21
98.75017921139836
 31
0.0
  0
LINE
  5
31E
330
1F
100
AcDbEntity
  8
0
  6
Continuous
 62
     7
100
AcDbLine
 10
-72.59978783634787
 20
158.2501792113984
 30
0.0
 11
-72.59978783634787
 21
98.75017921139836
 31
0.0
  0
LINE
  5
31F
330
1F
100
AcDbEntity
  8
0
  6
Continuous
 62
     7
100
AcDbLine
 10
-71.59978783634787
 20
158.2501792113984
 30
0.0
 11
-72.59978783634787
 21
158.2501792113984
 31
0.0
  0
LINE
  5
320
330
1F
100
AcDbEntity
  8
0
  6
Continuous
 62
     7
100
AcDbLine
 10
-72.88079946029857
 20
105.7865604744495
 30
0.0
 11
-74.93776458843886
 21
107.9144554346005
 31
0.0
  0
LINE
  5
321
330
1F
100
AcDbEntity
  8
0
  6
Continuous
 62
     7
100
AcDbLine
 10
-74.93776458843886
 20
149.0859029881959
 30
0.0
 11
-72.88079946029857
 21
151.213797948347
 31
0.0
  0
LINE
  5
322
330
1F
100
AcDbEntity
  8
0
  6
Continuous
 62
     7
100
AcDbLine
 10
-75.49978783634756
 20
109.3044996282972
 30
0.0
 11
-75.49978783634756
 21
147.6958587945013
 31
0.0
  0
LINE
  5
323
330
1F
100
AcDbEntity
  8
0
  6
Continuous
 62
     7
100
AcDbLine
 10
-71.59978783634787
 20
108.5001792113984
 30
0.0
 11
-72.59978783634787
 21
108.5001792113984
 31
0.0
  0
LINE
  5
324
330
1F
100
AcDbEntity
  8
0
  6
Continuous
 62
     7
100
AcDbLine
 10
-72.59978783634787
 20
148.5001792113984
 30
0.0
 11
-71.59978783634787
 21
148.5001792113984
 31
0.0
  0
LINE
  5
325
330
1F
100
AcDbEntity
  8
0
  6
Continuous
 62
     7
100
AcDbLine
 10
-59.19978783634828
 20
158.5001792113984
 30
0.0
 11
-59.19978783634828
 21
158.2501792113984
 31
0.0
  0
LINE
  5
326
330
1F
100
AcDbEntity
  8
0
  6
DASH_CENTER
 62
     1
100
AcDbLine
 10
129.9080605559115
 20
41.1001792113986
 30
0.0
 11
129.9080605559115
 21
-36.4998207886045
 31
0.0
  0
LINE
  5
327
330
1F
100
AcDbEntity
  8
0
  6
DASH_CENTER
 62
     1
100
AcDbLine
 10
-61.87978783634677
 20
155.0001792113854
 30
0.0
 11
-55.49978783634758
 21
155.0001792113854
 31
0.0
  0
LINE
  5
328
330
1F
100
AcDbEntity
  8
0
  6
DASH_CENTER
 62
     1
100
AcDbLine
 10
-61.87978783634677
 20
112.0001792113855
 30
0.0
 11
-55.49978783634758
 21
112.0001792113855
 31
0.0
  0
LINE
  5
329
330
1F
100
AcDbEntity
  8
0
  6
DASH_CENTER
 62
     1
100
AcDbLine
 10
-76.69978783634826
 20
102.0001792113855
 30
0.0
 11
-71.99978783634756
 21
102.0001792113855
 31
0.0
  0
LINE
  5
32A
330
1F
100
AcDbEntity
  8
0
  6
DASH_CENTER
 62
     1
100
AcDbLine
 10
-75.86850825033176
 20
138.0001792113984
 30
0.0
 11
-71.16850825033097
 21
138.0001792113984
 31
0.0
  0
LINE
  5
32B
330
1F
100
AcDbEntity
  8
0
  6
DASH_CENTER
 62
     1
100
AcDbLine
 10
-75.79978783635588
 20
155.0001792113845
 30
0.0
 11
-71.09978783634699
 21
155.0001792113845
 31
0.0
  0
LINE
  5
32C
330
1F
100
AcDbEntity
  8
0
  6
Continuous
 62
     7
100
AcDbLine
 10
-30.49898783636311
 20
121.3001792113984
 30
0.0
 11
-30.49898783636311
 21
139.9001792113978
 31
0.0
  0
LINE
  5
32D
330
1F
100
AcDbEntity
  8
0
  6
Continuous
 62
     7
100
AcDbLine
 10
-28.99898783636311
 20
141.4001792113978
 30
0.0
 11
-20.19898783636302
 21
141.4001792113978
 31
0.0
  0
LINE
  5
32E
330
1F
100
AcDbEntity
  8
0
  6
Continuous
 62
     7
100
AcDbLine
 10
-28.99898783636311
 20
119.8001792113984
 30
0.0
 11
-20.19898783636302
 21
119.8001792113984
 31
0.0
  0
LINE
  5
32F
330
1F
100
AcDbEntity
  8
0
  6
Continuous
 62
     7
100
AcDbLine
 10
-18.69898783636302
 20
121.3001792113984
 30
0.0
 11
-18.69898783636302
 21
137.7836640724082
 31
0.0
  0
LINE
  5
330
330
1F
100
AcDbEntity
  8
0
  6
Continuous
 62
     7
100
AcDbLine
 10
-18.69898783636302
 20
139.9001792113978
 30
0.0
 11
-20.19898783636302
 21
141.4001792113978
 31
0.0
  0
LINE
  5
331
330
1F
100
AcDbEntity
  8
0
  6
Continuous
 62
     7
100
AcDbLine
 10
-18.69898783636302
 20
121.3001792113984
 30
0.0
 11
-20.19898783636302
 21
119.8001792113984
 31
0.0
  0
LINE
  5
332
330
1F
100
AcDbEntity
  8
0
  6
Continuous
 62
     7
100
AcDbLine
 10
-28.99898783636311
 20
119.8001792113984
 30
0.0
 11
-30.49898783636311
 21
121.3001792113984
 31
0.0
  0
LINE
  5
333
330
1F
100
AcDbEntity
  8
0
  6
Continuous
 62
     7
100
AcDbLine
 10
-28.99898783636311
 20
141.4001792113978
 30
0.0
 11
-30.49898783636311
 21
139.9001792113978
 31
0.0
  0
LINE
  5
334
330
1F
100
AcDbEntity
  8
0
  6
Continuous
 62
     7
100
AcDbLine
 10
-29.39898783636284
 20
139.1001792113985
 30
0.0
 11
-27.09898783636172
 21
141.4001792113978
 31
0.0
  0
LINE
  5
335
330
1F
100
AcDbEntity
  8
0
  6
Continuous
 62
     7
100
AcDbLine
 10
-27.09898783636172
 20
119.8001792113984
 30
0.0
 11
-29.39898783636284
 21
122.1001792113985
 31
0.0
  0
LINE
  5
336
330
1F
100
AcDbEntity
  8
0
  6
Continuous
 62
     7
100
AcDbLine
 10
-28.39898783636284
 20
121.1001792113985
 30
0.0
 11
-28.39898783636284
 21
140.1001792113985
 31
0.0
  0
LINE
  5
337
330
1F
100
AcDbEntity
  8
0
  6
Continuous
 62
     7
100
AcDbLine
 10
-29.39898783636284
 20
122.1001792113985
 30
0.0
 11
-29.39898783636284
 21
139.1001792113985
 31
0.0
  0
LINE
  5
338
330
1F
100
AcDbEntity
  8
0
  6
Continuous
 62
     7
100
AcDbLine
 10
-22.79898783636241
 20
119.8001792113984
 30
0.0
 11
-20.79898783636241
 21
121.8001792113984
 31
0.0
  0
LINE
  5
339
330
1F
100
AcDbEntity
  8
0
  6
Continuous
 62
     7
100
AcDbLine
 10
-22.06931714521312
 20
140.6705085202485
 30
0.0
 11
-22.79898783636241
 21
141.4001792113978
 31
0.0
  0
LINE
  5
33A
330
1F
100
AcDbEntity
  8
0
  6
Continuous
 62
     7
100
AcDbLine
 10
-20.79898783636241
 20
121.8001792113984
 30
0.0
 11
-20.79898783636241
 21
136.3022634497421
 31
0.0
  0
LINE
  5
33B
330
1F
100
AcDbEntity
  8
0
  6
Continuous
 62
     7
100
AcDbLine
 10
-27.84898783636172
 20
121.6001792113985
 30
0.0
 11
-27.04898783636241
 21
120.8001792113984
 31
0.0
  0
LINE
  5
33C
330
1F
100
AcDbEntity
  8
0
  6
Continuous
 62
     7
100
AcDbLine
 10
-27.04898783636241
 20
140.4001792113978
 30
0.0
 11
-27.84898783636172
 21
139.6001792113985
 31
0.0
  0
LINE
  5
33D
330
1F
100
AcDbEntity
  8
0
  6
Continuous
 62
     7
100
AcDbLine
 10
-27.84898783636172
 20
139.6001792113985
 30
0.0
 11
-27.84898783636172
 21
121.6001792113985
 31
0.0
  0
LINE
  5
33E
330
1F
100
AcDbEntity
  8
0
  6
Continuous
 62
     7
100
AcDbLine
 10
-27.04898783636241
 20
120.8001792113984
 30
0.0
 11
-23.19898783636302
 21
120.8001792113984
 31
0.0
  0
LINE
  5
33F
330
1F
100
AcDbEntity
  8
0
  6
Continuous
 62
     7
100
AcDbLine
 10
-23.19898783636302
 20
120.8001792113984
 30
0.0
 11
-22.39898783636284
 21
121.6001792113985
 31
0.0
  0
LINE
  5
340
330
1F
100
AcDbEntity
  8
0
  6
Continuous
 62
     7
100
AcDbLine
 10
-22.39898783636284
 20
121.6001792113985
 30
0.0
 11
-22.39898783636284
 21
137.0060717767857
 31
0.0
  0
LINE
  5
341
330
1F
100
AcDbEntity
  8
0
  6
Continuous
 62
     7
100
AcDbLine
 10
-27.04898783636241
 20
140.4001792113978
 30
0.0
 11
-23.19898783636302
 21
140.4001792113978
 31
0.0
  0
LINE
  5
342
330
1F
100
AcDbEntity
  8
0
  6
Continuous
 62
     7
100
AcDbLine
 10
-23.19898783636302
 20
140.4001792113978
 30
0.0
 11
-22.74823008661053
 21
139.9494214616472
 31
0.0
  0
LINE
  5
343
330
1F
100
AcDbEntity
  8
0
  6
DASH_CENTER
 62
     1
100
AcDbLine
 10
-32.99898783636312
 20
130.6001792113985
 30
0.0
 11
-16.19898783636302
 21
130.6001792113985
 31
0.0
  0
LINE
  5
344
330
1F
100
AcDbEntity
  8
0
  6
DASH_CENTER
 62
     1
100
AcDbLine
 10
-24.59898783636172
 20
117.3001792113984
 30
0.0
 11
-24.59898783636172
 21
143.9001792113978
 31
0.0
  0
LINE
  5
345
330
1F
100
AcDbEntity
  8
0
  6
Continuous
 62
     7
100
AcDbLine
 10
-21.89898783636284
 20
140.7786401804807
 30
0.0
 11
-21.89898783636284
 21
141.4001792113978
 31
0.0
  0
LINE
  5
348
330
1F
100
AcDbEntity
  8
0
  6
DASH_CENTER
 62
     1
100
AcDbLine
 10
-20.69898783636302
 20
141.3501792113995
 30
0.0
 11
-20.69898783636302
 21
136.0501792113984
 31
0.0
  0
LINE
  5
349
330
1F
100
AcDbEntity
  8
0
  6
DASH_CENTER
 62
     1
100
AcDbLine
 10
-18.04898783636153
 20
138.700179211398
 30
0.0
 11
-23.34898783636353
 21
138.700179211398
 31
0.0
  0
LINE
  5
34A
330
1F
100
AcDbEntity
  8
0
  6
Continuous
 62
     7
100
AcDbLine
 10
-18.69898783636302
 20
139.6166943503905
 30
0.0
 11
-18.69898783636302
 21
139.9001792113978
 31
0.0
  0
LINE
  5
34B
330
1F
100
AcDbEntity
  8
0
  6
Continuous
 62
     7
100
AcDbLine
 10
-27.84898783636172
 20
131.5001792113984
 30
0.0
 11
-22.39898783636284
 21
131.5001792113984
 31
0.0
  0
LINE
  5
34C
330
1F
100
AcDbEntity
  8
0
  6
Continuous
 62
     7
100
AcDbLine
 10
-22.39898783636284
 20
130.8001792113984
 30
0.0
 11
-27.84898783636172
 21
130.8001792113984
 31
0.0
  0
LINE
  5
34D
330
1F
100
AcDbEntity
  8
0
  6
DASH_CENTER
 62
     1
100
AcDbLine
 10
-25.69898783636302
 20
138.700179211398
 30
0.0
 11
-23.49898783636311
 21
138.700179211398
 31
0.0
  0
LINE
  5
34E
330
1F
100
AcDbEntity
  8
0
  6
DASH_CENTER
 62
     1
100
AcDbLine
 10
-25.69898783636302
 20
136.0001792113984
 30
0.0
 11
-23.49898783636311
 21
136.0001792113984
 31
0.0
  0
LINE
  5
34F
330
1F
100
AcDbEntity
  8
0
  6
DASH_CENTER
 62
     1
100
AcDbLine
 10
-25.69898783636302
 20
133.3001792113984
 30
0.0
 11
-23.49898783636311
 21
133.3001792113984
 31
0.0
  0
LINE
  5
350
330
1F
100
AcDbEntity
  8
0
  6
Continuous
 62
     7
100
AcDbLine
 10
-25.19898783636302
 20
129.6001792113985
 30
0.0
 11
-25.19898783636302
 21
128.4001792113978
 31
0.0
  0
LINE
  5
351
330
1F
100
AcDbEntity
  8
0
  6
Continuous
 62
     7
100
AcDbLine
 10
-25.19898783636302
 20
128.4001792113978
 30
0.0
 11
-23.99898783636311
 21
128.4001792113978
 31
0.0
  0
LINE
  5
352
330
1F
100
AcDbEntity
  8
0
  6
Continuous
 62
     7
100
AcDbLine
 10
-23.99898783636311
 20
128.4001792113978
 30
0.0
 11
-23.99898783636311
 21
129.6001792113985
 31
0.0
  0
LINE
  5
353
330
1F
100
AcDbEntity
  8
0
  6
Continuous
 62
     7
100
AcDbLine
 10
-23.99898783636311
 20
129.6001792113985
 30
0.0
 11
-25.19898783636302
 21
129.6001792113985
 31
0.0
  0
LINE
  5
354
330
1F
100
AcDbEntity
  8
0
  6
DASH_CENTER
 62
     1
100
AcDbLine
 10
-25.69898783636302
 20
129.0001792113984
 30
0.0
 11
-23.49898783636311
 21
129.0001792113984
 31
0.0
  0
LINE
  5
355
330
1F
100
AcDbEntity
  8
0
  6
DASH_CENTER
 62
     1
100
AcDbLine
 10
-25.69898783636302
 20
125.8001792113984
 30
0.0
 11
-23.49898783636311
 21
125.8001792113984
 31
0.0
  0
LINE
  5
356
330
1F
100
AcDbEntity
  8
0
  6
Continuous
 62
     7
100
AcDbLine
 10
-23.99898783636311
 20
126.4001792113978
 30
0.0
 11
-25.19898783636302
 21
126.4001792113978
 31
0.0
  0
LINE
  5
357
330
1F
100
AcDbEntity
  8
0
  6
Continuous
 62
     7
100
AcDbLine
 10
-23.99898783636311
 20
125.200179211398
 30
0.0
 11
-23.99898783636311
 21
126.4001792113978
 31
0.0
  0
LINE
  5
358
330
1F
100
AcDbEntity
  8
0
  6
Continuous
 62
     7
100
AcDbLine
 10
-25.19898783636302
 20
125.200179211398
 30
0.0
 11
-23.99898783636311
 21
125.200179211398
 31
0.0
  0
LINE
  5
359
330
1F
100
AcDbEntity
  8
0
  6
Continuous
 62
     7
100
AcDbLine
 10
-25.19898783636302
 20
126.4001792113978
 30
0.0
 11
-25.19898783636302
 21
125.200179211398
 31
0.0
  0
LINE
  5
35A
330
1F
100
AcDbEntity
  8
0
  6
Continuous
 62
     7
100
AcDbLine
 10
-25.19898783636302
 20
123.200179211398
 30
0.0
 11
-25.19898783636302
 21
122.0001792113984
 31
0.0
  0
LINE
  5
35B
330
1F
100
AcDbEntity
  8
0
  6
Continuous
 62
     7
100
AcDbLine
 10
-25.19898783636302
 20
122.0001792113984
 30
0.0
 11
-23.99898783636311
 21
122.0001792113984
 31
0.0
  0
LINE
  5
35C
330
1F
100
AcDbEntity
  8
0
  6
Continuous
 62
     7
100
AcDbLine
 10
-23.99898783636311
 20
122.0001792113984
 30
0.0
 11
-23.99898783636311
 21
123.200179211398
 31
0.0
  0
LINE
  5
35D
330
1F
100
AcDbEntity
  8
0
  6
Continuous
 62
     7
100
AcDbLine
 10
-23.99898783636311
 20
123.200179211398
 30
0.0
 11
-25.19898783636302
 21
123.200179211398
 31
0.0
  0
LINE
  5
35E
330
1F
100
AcDbEntity
  8
0
  6
DASH_CENTER
 62
     1
100
AcDbLine
 10
-25.69898783636302
 20
122.6001792113985
 30
0.0
 11
-23.49898783636311
 21
122.6001792113985
 31
0.0
  0
LINE
  5
35F
330
1F
100
AcDbEntity
  8
0
  6
Continuous
 62
     7
100
AcDbLine
 10
-25.49898783636311
 20
127.6001792113985
 30
0.0
 11
-25.49898783636311
 21
127.200179211398
 31
0.0
  0
LINE
  5
360
330
1F
100
AcDbEntity
  8
0
  6
Continuous
 62
     7
100
AcDbLine
 10
-25.49898783636311
 20
127.200179211398
 30
0.0
 11
-23.69898783636302
 21
127.200179211398
 31
0.0
  0
LINE
  5
361
330
1F
100
AcDbEntity
  8
0
  6
Continuous
 62
     7
100
AcDbLine
 10
-23.69898783636302
 20
127.200179211398
 30
0.0
 11
-23.69898783636302
 21
127.6001792113985
 31
0.0
  0
LINE
  5
362
330
1F
100
AcDbEntity
  8
0
  6
Continuous
 62
     7
100
AcDbLine
 10
-23.69898783636302
 20
127.6001792113985
 30
0.0
 11
-25.49898783636311
 21
127.6001792113985
 31
0.0
  0
LINE
  5
363
330
1F
100
AcDbEntity
  8
0
  6
Continuous
 62
     7
100
AcDbLine
 10
-23.69898783636302
 20
124.4001792113978
 30
0.0
 11
-25.49898783636311
 21
124.4001792113978
 31
0.0
  0
LINE
  5
364
330
1F
100
AcDbEntity
  8
0
  6
Continuous
 62
     7
100
AcDbLine
 10
-23.69898783636302
 20
124.0001792113984
 30
0.0
 11
-23.69898783636302
 21
124.4001792113978
 31
0.0
  0
LINE
  5
365
330
1F
100
AcDbEntity
  8
0
  6
Continuous
 62
     7
100
AcDbLine
 10
-25.49898783636311
 20
124.0001792113984
 30
0.0
 11
-23.69898783636302
 21
124.0001792113984
 31
0.0
  0
LINE
  5
366
330
1F
100
AcDbEntity
  8
0
  6
Continuous
 62
     7
100
AcDbLine
 10
-25.49898783636311
 20
124.4001792113978
 30
0.0
 11
-25.49898783636311
 21
124.0001792113984
 31
0.0
  0
LINE
  5
367
330
1F
100
AcDbEntity
  8
0
  6
Continuous
 62
     7
100
AcDbLine
 10
-27.84898783636172
 20
124.5501792113984
 30
0.0
 11
-27.34898783636172
 21
124.5501792113984
 31
0.0
  0
LINE
  5
368
330
1F
100
AcDbEntity
  8
0
  6
Continuous
 62
     7
100
AcDbLine
 10
-27.34898783636172
 20
124.5501792113984
 30
0.0
 11
-27.34898783636172
 21
123.8501792113985
 31
0.0
  0
LINE
  5
369
330
1F
100
AcDbEntity
  8
0
  6
Continuous
 62
     7
100
AcDbLine
 10
-27.34898783636172
 20
123.8501792113985
 30
0.0
 11
-27.84898783636172
 21
123.8501792113985
 31
0.0
  0
LINE
  5
36A
330
1F
100
AcDbEntity
  8
0
  6
Continuous
 62
     7
100
AcDbLine
 10
-27.84898783636172
 20
137.6001792113985
 30
0.0
 11
-27.34898783636172
 21
137.6001792113985
 31
0.0
  0
LINE
  5
36B
330
1F
100
AcDbEntity
  8
0
  6
Continuous
 62
     7
100
AcDbLine
 10
-27.34898783636172
 20
137.6001792113985
 30
0.0
 11
-27.34898783636172
 21
137.1001792113985
 31
0.0
  0
LINE
  5
36C
330
1F
100
AcDbEntity
  8
0
  6
Continuous
 62
     7
100
AcDbLine
 10
-27.34898783636172
 20
137.1001792113985
 30
0.0
 11
-27.84898783636172
 21
137.1001792113985
 31
0.0
  0
LINE
  5
36D
330
1F
100
AcDbEntity
  8
0
  6
Continuous
 62
     7
100
AcDbLine
 10
-71.59978783634787
 20
121.5001792113984
 30
0.0
 11
-58.99978783635667
 21
121.5001792113984
 31
0.0
  0
LINE
  5
36E
330
1F
100
AcDbEntity
  8
0
  6
Continuous
 62
     7
100
AcDbLine
 10
99.90806055591148
 20
24.50017921139829
 30
0.0
 11
99.90806055591148
 21
29.50017921139829
 31
0.0
  0
LINE
  5
36F
330
1F
100
AcDbEntity
  8
0
  6
Continuous
 62
     7
100
AcDbLine
 10
99.90806055591148
 20
29.50017921139829
 30
0.0
 11
121.2080605559116
 21
29.5001792113855
 31
0.0
  0
LINE
  5
370
330
1F
100
AcDbEntity
  8
0
  6
Continuous
 62
     4
100
AcDbLine
 10
115.4330605559112
 20
34.80017921139751
 30
0.0
 11
115.4330605559112
 21
29.50017921139829
 31
0.0
  0
LINE
  5
371
330
1F
100
AcDbEntity
  8
0
  6
Continuous
 62
     4
100
AcDbLine
 10
105.9830605559103
 20
29.50017921139829
 30
0.0
 11
105.9830605559103
 21
34.80017921139751
 31
0.0
  0
LINE
  5
372
330
1F
100
AcDbEntity
  8
0
  6
Continuous
 62
     4
100
AcDbLine
 10
105.7830605559114
 20
34.6001792113986
 30
0.0
 11
115.633060555911
 21
34.6001792113986
 31
0.0
  0
LINE
  5
373
330
1F
100
AcDbEntity
  8
0
  6
Continuous
 62
     7
100
AcDbLine
 10
105.9830605559103
 20
34.80017921139751
 30
0.0
 11
105.7830605559114
 21
34.6001792113986
 31
0.0
  0
LINE
  5
374
330
1F
100
AcDbEntity
  8
0
  6
Continuous
 62
     7
100
AcDbLine
 10
115.633060555911
 20
34.6001792113986
 30
0.0
 11
115.4330605559112
 21
34.80017921139751
 31
0.0
  0
LINE
  5
375
330
1F
100
AcDbEntity
  8
0
  6
Continuous
 62
     7
100
AcDbLine
 10
105.7830605559114
 20
29.50017921139829
 30
0.0
 11
105.7830605559114
 21
34.6001792113986
 31
0.0
  0
LINE
  5
376
330
1F
100
AcDbEntity
  8
0
  6
Continuous
 62
     7
100
AcDbLine
 10
105.9830605559103
 20
34.80017921139751
 30
0.0
 11
115.4330605559112
 21
34.80017921139751
 31
0.0
  0
LINE
  5
377
330
1F
100
AcDbEntity
  8
0
  6
Continuous
 62
     7
100
AcDbLine
 10
115.633060555911
 20
34.6001792113986
 30
0.0
 11
115.633060555911
 21
29.50017921139829
 31
0.0
  0
LINE
  5
378
330
1F
100
AcDbEntity
  8
0
  6
DASH_CENTER
 62
     1
100
AcDbLine
 10
110.7080605559116
 20
37.30017921139751
 30
0.0
 11
110.7080605559116
 21
27.00017921139096
 31
0.0
  0
LINE
  5
379
330
1F
100
AcDbEntity
  8
0
  6
Continuous
 62
     7
100
AcDbLine
 10
100.0090810703408
 20
24.50017921139829
 30
0.0
 11
99.90806055591148
 21
24.50017921139829
 31
0.0
  0
LINE
  5
37A
330
1F
100
AcDbEntity
  8
0
  6
Continuous
 62
     7
100
AcDbLine
 10
-146.9993812017011
 20
15.50017921139823
 30
0.0
 11
-146.9993812017011
 21
24.50017921139829
 31
0.0
  0
LINE
  5
37B
330
1F
100
AcDbEntity
  8
0
  6
DASH_CENTER
 62
     1
100
AcDbLine
 10
-179.0993812017006
 20
38.6001792113841
 30
0.0
 11
-179.0993812017006
 21
26.00017921139829
 31
0.0
  0
LINE
  5
37C
330
1F
100
AcDbEntity
  8
0
  6
Continuous
 62
     7
100
AcDbLine
 10
-169.9993812017011
 20
29.50017921138459
 30
0.0
 11
-189.8993812017008
 21
29.50017921138459
 31
0.0
  0
LINE
  5
37D
330
1F
100
AcDbEntity
  8
0
  6
Continuous
 62
     7
100
AcDbLine
 10
-168.2993812017004
 20
34.30017921139751
 30
0.0
 11
-168.2993812017004
 21
29.50017921139829
 31
0.0
  0
LINE
  5
37E
330
1F
100
AcDbEntity
  8
0
  6
Continuous
 62
     7
100
AcDbLine
 10
-189.8993812017008
 20
34.30017921139751
 30
0.0
 11
-189.8993812017008
 21
28.50017921138459
 31
0.0
  0
LINE
  5
37F
330
1F
100
AcDbEntity
  8
0
  6
Continuous
 62
     7
100
AcDbLine
 10
-188.3993812017008
 20
29.50017921138459
 30
0.0
 11
-188.3993812017008
 21
28.50017921138459
 31
0.0
  0
LINE
  5
380
330
1F
100
AcDbEntity
  8
0
  6
Continuous
 62
     7
100
AcDbLine
 10
-169.5993812017006
 20
31.30017921138386
 30
0.0
 11
-188.5993812017006
 21
31.30017921138386
 31
0.0
  0
LINE
  5
381
330
1F
100
AcDbEntity
  8
0
  6
Continuous
 62
     7
100
AcDbLine
 10
-170.5993812017006
 20
29.50017921138459
 30
0.0
 11
-169.5993812017006
 21
31.30017921138386
 31
0.0
  0
LINE
  5
382
330
1F
100
AcDbEntity
  8
0
  6
Continuous
 62
     7
100
AcDbLine
 10
-188.5993812017006
 20
31.30017921138386
 30
0.0
 11
-187.5993812017006
 21
29.50017921138459
 31
0.0
  0
LINE
  5
383
330
1F
100
AcDbEntity
  8
0
  6
Continuous
 62
     7
100
AcDbLine
 10
-169.5993812017006
 20
36.1001792113841
 30
0.0
 11
-169.5993812017006
 21
31.30017921138386
 31
0.0
  0
LINE
  5
384
330
1F
100
AcDbEntity
  8
0
  6
Continuous
 62
     7
100
AcDbLine
 10
-188.5993812017006
 20
36.1001792113841
 30
0.0
 11
-188.5993812017006
 21
31.30017921138386
 31
0.0
  0
LINE
  5
385
330
1F
100
AcDbEntity
  8
0
  6
Continuous
 62
     7
100
AcDbLine
 10
-168.6993812017
 20
36.1001792113841
 30
0.0
 11
-189.4993812017011
 21
36.1001792113841
 31
0.0
  0
LINE
  5
386
330
1F
100
AcDbEntity
  8
0
  6
Continuous
 62
     7
100
AcDbLine
 10
-168.6993812017
 20
36.1001792113841
 30
0.0
 11
-168.2993812017004
 21
34.30017921139751
 31
0.0
  0
LINE
  5
387
330
1F
100
AcDbEntity
  8
0
  6
Continuous
 62
     7
100
AcDbLine
 10
-189.8993812017008
 20
34.30017921139751
 30
0.0
 11
-189.4993812017011
 21
36.1001792113841
 31
0.0
  0
LINE
  5
388
330
1F
100
AcDbEntity
  8
0
  6
DASH_CENTER
 62
     1
100
AcDbLine
 10
-198.389361332601
 20
-22.88980091949344
 30
0.0
 11
-205.1068757538698
 21
-29.60731534076678
 31
0.0
  0
LINE
  5
389
330
1F
100
AcDbEntity
  8
0
  6
Continuous
 62
     7
100
AcDbLine
 10
-193.9993812017011
 20
-31.49982078860177
 30
0.0
 11
-201.9993812017011
 21
-31.49982078860177
 31
0.0
  0
LINE
  5
38A
330
1F
100
AcDbEntity
  8
0
  6
Continuous
 62
     7
100
AcDbLine
 10
-206.9993812017011
 20
-18.49982078860177
 30
0.0
 11
-206.9993812017011
 21
-26.49982078860177
 31
0.0
  0
LINE
  5
38B
330
1F
100
AcDbEntity
  8
0
  6
Continuous
 62
     7
100
AcDbLine
 10
-146.9993812017011
 20
-18.49982078860177
 30
0.0
 11
-146.9993812017011
 21
-26.49982078860177
 31
0.0
  0
LINE
  5
38C
330
1F
100
AcDbEntity
  8
0
  6
Continuous
 62
     7
100
AcDbLine
 10
-151.9993812017011
 20
-31.49982078860177
 30
0.0
 11
-158.9993812017011
 21
-31.49982078860177
 31
0.0
  0
LINE
  5
38D
330
1F
100
AcDbEntity
  8
0
  6
DASH_CENTER
 62
     1
100
AcDbLine
 10
-155.6094010708094
 20
-22.88980091949526
 30
0.0
 11
-148.8918866495397
 21
-29.60731534076678
 31
0.0
  0
LINE
  5
38E
330
1F
100
AcDbEntity
  8
0
  6
Continuous
 62
     7
100
AcDbLine
 10
-206.9993812017011
 20
23.50017921139727
 30
0.0
 11
-206.9993812017011
 21
15.50017921139823
 31
0.0
  0
LINE
  5
38F
330
1F
100
AcDbEntity
  8
0
  6
Continuous
 62
     7
100
AcDbLine
 10
-201.9993812017011
 20
28.50017921139727
 30
0.0
 11
-194.9993812017011
 21
28.50017921139727
 31
0.0
  0
LINE
  5
390
330
1F
100
AcDbEntity
  8
0
  6
DASH_CENTER
 62
     1
100
AcDbLine
 10
-148.8918866495397
 20
26.6076737635633
 30
0.0
 11
-155.6094010708094
 21
19.89015934228718
 31
0.0
  0
LINE
  5
391
330
1F
100
AcDbEntity
  8
0
  6
DASH_CENTER
 62
     1
100
AcDbLine
 10
-205.1068757538698
 20
26.6076737635633
 30
0.0
 11
-198.389361332601
 21
19.89015934228718
 31
0.0
  0
LINE
  5
392
330
1F
100
AcDbEntity
  8
0
  6
Continuous
 62
     7
100
AcDbLine
 10
-156.9993812017011
 20
-27.49982078860177
 30
0.0
 11
-156.9993812017011
 21
-28.49982078860177
 31
0.0
  0
LINE
  5
393
330
1F
100
AcDbEntity
  8
0
  6
Continuous
 62
     7
100
AcDbLine
 10
-150.9993812017011
 20
-21.49982078860177
 30
0.0
 11
-149.9993812017011
 21
-21.49982078860177
 31
0.0
  0
LINE
  5
394
330
1F
100
AcDbEntity
  8
0
  6
Continuous
 62
     7
100
AcDbLine
 10
-150.499381201702
 20
18.50017921139823
 30
0.0
 11
-149.9993812017011
 21
18.50017921139823
 31
0.0
  0
LINE
  5
395
330
1F
100
AcDbEntity
  8
0
  6
Continuous
 62
     7
100
AcDbLine
 10
-196.999381201701
 20
24.50017921139727
 30
0.0
 11
-196.999381201701
 21
26.50017921139727
 31
0.0
  0
LINE
  5
396
330
1F
100
AcDbEntity
  8
0
  6
Continuous
 62
     7
100
AcDbLine
 10
-202.9993812017011
 20
18.50017921139823
 30
0.0
 11
-203.9993812017011
 21
18.50017921139823
 31
0.0
  0
LINE
  5
397
330
1F
100
AcDbEntity
  8
0
  6
Continuous
 62
     7
100
AcDbLine
 10
-196.999381201701
 20
-27.49982078860177
 30
0.0
 11
-196.999381201701
 21
-28.49982078860177
 31
0.0
  0
LINE
  5
398
330
1F
100
AcDbEntity
  8
0
  6
Continuous
 62
     7
100
AcDbLine
 10
-202.9993812017011
 20
-21.49982078860177
 30
0.0
 11
-203.9993812017011
 21
-21.49982078860177
 31
0.0
  0
LINE
  5
399
330
1F
100
AcDbEntity
  8
0
  6
Continuous
 62
     7
100
AcDbLine
 10
-206.9993812017011
 20
15.50017921139823
 30
0.0
 11
-206.9993812017011
 21
-18.49982078860177
 31
0.0
  0
LINE
  5
39A
330
1F
100
AcDbEntity
  8
0
  6
Continuous
 62
     7
100
AcDbLine
 10
-193.9993812017011
 20
-31.49982078860177
 30
0.0
 11
-159.9993812017011
 21
-31.49982078860177
 31
0.0
  0
LINE
  5
39B
330
1F
100
AcDbEntity
  8
0
  6
Continuous
 62
     7
100
AcDbLine
 10
-146.9993812017011
 20
-18.49982078860177
 30
0.0
 11
-146.9993812017011
 21
15.50017921139823
 31
0.0
  0
LINE
  5
39C
330
1F
100
AcDbEntity
  8
0
  6
Continuous
 62
     7
100
AcDbLine
 10
-151.9993812017011
 20
28.50017921139829
 30
0.0
 11
-189.9993812017102
 21
28.50017921139829
 31
0.0
  0
LINE
  5
39D
330
1F
100
AcDbEntity
  8
0
  6
DASH_CENTER
 62
     1
100
AcDbLine
 10
-211.9993812017011
 20
-1.49982078860177
 30
0.0
 11
-141.999381201701
 21
-1.49982078860177
 31
0.0
  0
LINE
  5
39E
330
1F
100
AcDbEntity
  8
0
  6
DASH_CENTER
 62
     1
100
AcDbLine
 10
-176.9993812017011
 20
41.1001792113841
 30
0.0
 11
-176.9993812017011
 21
-36.49982078860178
 31
0.0
  0
LINE
  5
39F
330
1F
100
AcDbEntity
  8
0
  6
Continuous
 62
     7
100
AcDbLine
 10
-189.9993812017102
 20
28.50017921139829
 30
0.0
 11
-194.9993812017011
 21
28.50017921139727
 31
0.0
  0
LINE
  5
3A4
330
1F
100
AcDbEntity
  8
0
  6
DASH_CENTER
 62
     1
100
AcDbLine
 10
-189.9993812017011
 20
25.00017921139727
 30
0.0
 11
-182.9993812017011
 21
25.00017921139727
 31
0.0
  0
LINE
  5
3A5
330
1F
100
AcDbEntity
  8
0
  6
DASH_CENTER
 62
     1
100
AcDbLine
 10
-186.4993812017011
 20
21.50017921139727
 30
0.0
 11
-186.4993812017011
 21
28.50017921139727
 31
0.0
  0
LINE
  5
3A6
330
1F
100
AcDbEntity
  8
0
  6
DASH_CENTER
 62
     1
100
AcDbLine
 10
-167.4993812017011
 20
-31.49982078860177
 30
0.0
 11
-167.4993812017011
 21
-24.49982078860177
 31
0.0
  0
LINE
  5
3AB
330
1F
100
AcDbEntity
  8
0
  6
DASH_CENTER
 62
     1
100
AcDbLine
 10
-170.9993812017011
 20
-27.99982078860177
 30
0.0
 11
-163.999381201701
 21
-27.99982078860177
 31
0.0
  0
LINE
  5
3AC
330
1F
100
AcDbEntity
  8
0
  6
Continuous
 62
     7
100
AcDbLine
 10
-160.4993812017011
 20
-24.49982078860177
 30
0.0
 11
-156.7439438482408
 21
-24.49982078860177
 31
0.0
  0
LINE
  5
3AD
330
1F
100
AcDbEntity
  8
0
  6
Continuous
 62
     7
100
AcDbLine
 10
-193.4993812017011
 20
21.50017921140005
 30
0.0
 11
-197.2548185551697
 21
21.50017921140005
 31
0.0
  0
LINE
  5
3AE
330
1F
100
AcDbEntity
  8
0
  6
Continuous
 62
     7
100
AcDbLine
 10
-189.9993812017102
 20
25.00017921139829
 30
0.0
 11
-189.9993812017102
 21
28.50017921139829
 31
0.0
  0
LINE
  5
3AF
330
1F
100
AcDbEntity
  8
0
  6
Continuous
 62
     7
100
AcDbLine
 10
-163.999381201701
 20
-27.99982078860177
 30
0.0
 11
-163.999381201701
 21
-30.49982078860177
 31
0.0
  0
LINE
  5
3B0
330
1F
100
AcDbEntity
  8
0
  6
DASH_CENTER
 62
     1
100
AcDbLine
 10
-150.499381201701
 20
11.50017921139823
 30
0.0
 11
-150.499381201702
 21
18.50017921139823
 31
0.0
  0
LINE
  5
3B1
330
1F
100
AcDbEntity
  8
0
  6
DASH_CENTER
 62
     1
100
AcDbLine
 10
-153.9993812017011
 20
15.00017921139823
 30
0.0
 11
-146.9993812017011
 21
15.00017921139823
 31
0.0
  0
LINE
  5
3BA
330
1F
100
AcDbEntity
  8
0
  6
DASH_CENTER
 62
     1
100
AcDbLine
 10
-206.9993812017011
 20
-17.99982078860177
 30
0.0
 11
-199.9993812017011
 21
-17.99982078860177
 31
0.0
  0
LINE
  5
3BB
330
1F
100
AcDbEntity
  8
0
  6
DASH_CENTER
 62
     1
100
AcDbLine
 10
-203.4993812017011
 20
-21.49982078860177
 30
0.0
 11
-203.4993812017011
 21
-14.49982078860177
 31
0.0
  0
LINE
  5
3BC
330
1F
100
AcDbEntity
  8
0
  6
Continuous
 62
     7
100
AcDbLine
 10
-203.7493812017011
 20
18.25017921139823
 30
0.0
 11
-202.7493812017011
 21
18.25017921139823
 31
0.0
  0
LINE
  5
3BD
330
1F
100
AcDbEntity
  8
0
  6
Continuous
 62
     7
100
AcDbLine
 10
-188.7493812017011
 20
28.25017921139727
 30
0.0
 11
-176.9993812017011
 21
28.25017921139727
 31
0.0
  0
LINE
  5
3BE
330
1F
100
AcDbEntity
  8
0
  6
Continuous
 62
     7
100
AcDbLine
 10
-206.7493812017011
 20
15.25017921139823
 30
0.0
 11
-206.7493812017011
 21
-1.49982078860177
 31
0.0
  0
LINE
  5
3BF
330
1F
100
AcDbEntity
  8
0
  6
Continuous
 62
     7
100
AcDbLine
 10
-193.7493812017011
 20
-31.24982078860177
 30
0.0
 11
-176.9993812017011
 21
-31.24982078860177
 31
0.0
  0
LINE
  5
3C0
330
1F
100
AcDbEntity
  8
0
  6
Continuous
 62
     7
100
AcDbLine
 10
-206.7493812017002
 20
-18.24982078860177
 30
0.0
 11
-206.7493812017011
 21
-1.49982078860177
 31
0.0
  0
LINE
  5
3C1
330
1F
100
AcDbEntity
  8
0
  6
Continuous
 62
     7
100
AcDbLine
 10
-203.7493812017011
 20
-21.24982078860177
 30
0.0
 11
-202.7493812017011
 21
-21.24982078860177
 31
0.0
  0
LINE
  5
3C2
330
1F
100
AcDbEntity
  8
0
  6
Continuous
 62
     7
100
AcDbLine
 10
-196.7493812017011
 20
-28.24982078860177
 30
0.0
 11
-196.7493812017011
 21
-27.24982078860177
 31
0.0
  0
LINE
  5
3C3
330
1F
100
AcDbEntity
  8
0
  6
Continuous
 62
     7
100
AcDbLine
 10
-147.2493812017011
 20
-18.24982078860177
 30
0.0
 11
-147.2493812017011
 21
-1.49982078860177
 31
0.0
  0
LINE
  5
3C4
330
1F
100
AcDbEntity
  8
0
  6
Continuous
 62
     7
100
AcDbLine
 10
-165.2493812017011
 20
-31.24982078860177
 30
0.0
 11
-176.9993812017011
 21
-31.24982078860177
 31
0.0
  0
LINE
  5
3C5
330
1F
100
AcDbEntity
  8
0
  6
Continuous
 62
     7
100
AcDbLine
 10
-176.9993812017011
 20
28.25017921139727
 30
0.0
 11
-152.2493812017011
 21
28.25017921139829
 31
0.0
  0
LINE
  5
3C6
330
1F
100
AcDbEntity
  8
0
  6
Continuous
 62
     7
100
AcDbLine
 10
-151.2493812017011
 20
27.25017921139829
 30
0.0
 11
-151.2493812017011
 21
18.75017921139823
 31
0.0
  0
LINE
  5
3C7
330
1F
100
AcDbEntity
  8
0
  6
Continuous
 62
     7
100
AcDbLine
 10
-150.7493812017011
 20
18.25017921139823
 30
0.0
 11
-150.2493812017011
 21
18.25017921139823
 31
0.0
  0
LINE
  5
3C8
330
1F
100
AcDbEntity
  8
0
  6
Continuous
 62
     7
100
AcDbLine
 10
-147.2493812017011
 20
15.25017921139823
 30
0.0
 11
-147.2493812017011
 21
-1.49982078860177
 31
0.0
  0
LINE
  5
3C9
330
1F
100
AcDbEntity
  8
0
  6
Continuous
 62
     7
100
AcDbLine
 10
-197.0048185551615
 20
21.25017921139829
 30
0.0
 11
-193.5493812017022
 21
21.25017921139829
 31
0.0
  0
LINE
  5
3CA
330
1F
100
AcDbEntity
  8
0
  6
Continuous
 62
     7
100
AcDbLine
 10
-189.7493812017011
 20
27.25017921139727
 30
0.0
 11
-189.7493812017011
 21
25.0501792114012
 31
0.0
  0
LINE
  5
3CB
330
1F
100
AcDbEntity
  8
0
  6
Continuous
 62
     7
100
AcDbLine
 10
-164.2493812017011
 20
-30.24982078860177
 30
0.0
 11
-164.2493812017011
 21
-28.04982078860377
 31
0.0
  0
LINE
  5
3CC
330
1F
100
AcDbEntity
  8
0
  6
Continuous
 62
     7
100
AcDbLine
 10
-156.9939438482408
 20
-24.24982078860177
 30
0.0
 11
-160.4493812017
 21
-24.24982078860177
 31
0.0
  0
LINE
  5
3CD
330
1F
100
AcDbEntity
  8
0
  6
Continuous
 62
     7
100
AcDbLine
 10
-150.2493812017011
 20
-21.24982078860177
 30
0.0
 11
-151.2493812017011
 21
-21.24982078860177
 31
0.0
  0
LINE
  5
3CE
330
1F
100
AcDbEntity
  8
0
  6
Continuous
 62
     7
100
AcDbLine
 10
-169.9993812017011
 20
28.50017921139829
 30
0.0
 11
-169.9993812017011
 21
29.50017921138459
 31
0.0
  0
LINE
  5
3CF
330
1F
100
AcDbEntity
  8
0
  6
Continuous
 62
     7
100
AcDbLine
 10
-169.9993812017011
 20
29.50017921138459
 30
0.0
 11
-146.9993812017011
 21
29.50017921139829
 31
0.0
  0
LINE
  5
3D0
330
1F
100
AcDbEntity
  8
0
  6
Continuous
 62
     7
100
AcDbLine
 10
-146.9993812017011
 20
29.50017921139829
 30
0.0
 11
-146.9993812017011
 21
24.50017921139829
 31
0.0
  0
LINE
  5
3D1
330
1F
100
AcDbEntity
  8
0
  6
Continuous
 62
     7
100
AcDbLine
 10
-146.9993812017011
 20
24.50017921139829
 30
0.0
 11
-150.499381201701
 21
24.50017921140005
 31
0.0
  0
LINE
  5
3D2
330
1F
100
AcDbEntity
  8
0
  6
Continuous
 62
     7
100
AcDbLine
 10
-150.9993812017011
 20
27.50017921139829
 30
0.0
 11
-150.9993812017011
 21
19.00017921139551
 31
0.0
  0
LINE
  5
3D3
330
1F
100
AcDbEntity
  8
0
  6
Continuous
 62
     7
100
AcDbLine
 10
-162.7243812017006
 20
29.50017921139829
 30
0.0
 11
-162.7243812017006
 21
34.6001792113986
 31
0.0
  0
LINE
  5
3D4
330
1F
100
AcDbEntity
  8
0
  6
Continuous
 62
     7
100
AcDbLine
 10
-162.5243812017008
 20
34.80017921139751
 30
0.0
 11
-153.0743812017
 21
34.80017921139751
 31
0.0
  0
LINE
  5
3D5
330
1F
100
AcDbEntity
  8
0
  6
Continuous
 62
     7
100
AcDbLine
 10
-152.8743812017011
 20
34.6001792113986
 30
0.0
 11
-152.8743812017011
 21
29.50017921139829
 31
0.0
  0
LINE
  5
3D6
330
1F
100
AcDbEntity
  8
0
  6
Continuous
 62
     7
100
AcDbLine
 10
-162.5243812017008
 20
34.80017921139751
 30
0.0
 11
-162.7243812017006
 21
34.6001792113986
 31
0.0
  0
LINE
  5
3D7
330
1F
100
AcDbEntity
  8
0
  6
Continuous
 62
     7
100
AcDbLine
 10
-152.8743812017011
 20
34.6001792113986
 30
0.0
 11
-153.0743812017
 21
34.80017921139751
 31
0.0
  0
LINE
  5
3D8
330
1F
100
AcDbEntity
  8
0
  6
Continuous
 62
     4
100
AcDbLine
 10
-162.7243812017006
 20
34.6001792113986
 30
0.0
 11
-152.8743812017011
 21
34.6001792113986
 31
0.0
  0
LINE
  5
3D9
330
1F
100
AcDbEntity
  8
0
  6
Continuous
 62
     4
100
AcDbLine
 10
-153.0743812017
 20
34.80017921139751
 30
0.0
 11
-153.0743812017
 21
29.50017921139829
 31
0.0
  0
LINE
  5
3DA
330
1F
100
AcDbEntity
  8
0
  6
Continuous
 62
     4
100
AcDbLine
 10
-162.5243812017008
 20
29.50017921139829
 30
0.0
 11
-162.5243812017008
 21
34.80017921139751
 31
0.0
  0
LINE
  5
3DB
330
1F
100
AcDbEntity
  8
0
  6
DASH_CENTER
 62
     1
100
AcDbLine
 10
-157.7993812017004
 20
27.00017921139005
 30
0.0
 11
-157.7993812017004
 21
37.30017921139751
 31
0.0
  0
LINE
  5
3DC
330
1F
100
AcDbEntity
  8
0
  6
DASH_CENTER
 62
     1
100
AcDbLine
 10
-189.8993812017117
 20
25.00017921139727
 30
0.0
 11
-197.0993812017006
 21
25.00017921139727
 31
0.0
  0
LINE
  5
3DD
330
1F
100
AcDbEntity
  8
0
  6
DASH_CENTER
 62
     1
100
AcDbLine
 10
-193.4993812017011
 20
28.60017921139678
 30
0.0
 11
-193.4993812017011
 21
21.40017921139787
 31
0.0
  0
LINE
  5
3E2
330
1F
100
AcDbEntity
  8
0
  6
DASH_CENTER
 62
     1
100
AcDbLine
 10
-156.8993812017117
 20
-27.99982078860177
 30
0.0
 11
-164.0993812017006
 21
-27.99982078860177
 31
0.0
  0
LINE
  5
3E3
330
1F
100
AcDbEntity
  8
0
  6
DASH_CENTER
 62
     1
100
AcDbLine
 10
-160.4993812017011
 20
-24.39982078860322
 30
0.0
 11
-160.4993812017011
 21
-31.59982078860213
 31
0.0
  0
LINE
  5
3E8
330
1F
100
AcDbEntity
  8
0
  6
DASH_CENTER
 62
     1
100
AcDbLine
 10
-67.69898783505967
 20
-27.99982078860177
 30
0.0
 11
-61.31898783506056
 21
-27.99982078860177
 31
0.0
  0
LINE
  5
3E9
330
1F
100
AcDbEntity
  8
0
  6
Continuous
 62
     7
100
AcDbLine
 10
-62.99898783505806
 20
-30.99982078860177
 30
0.0
 11
-63.49898783505807
 21
-30.99982078860177
 31
0.0
  0
LINE
  5
3EA
330
1F
100
AcDbEntity
  8
0
  6
Continuous
 62
     7
100
AcDbLine
 10
-63.49898783505807
 20
-24.99982078860177
 30
0.0
 11
-63.49898783505807
 21
-30.99982078860177
 31
0.0
  0
LINE
  5
3EB
330
1F
100
AcDbEntity
  8
0
  6
Continuous
 62
     7
100
AcDbLine
 10
-63.49898783505807
 20
-24.99982078860177
 30
0.0
 11
-62.99898783505806
 21
-24.99982078860177
 31
0.0
  0
LINE
  5
3EC
330
1F
100
AcDbEntity
  8
0
  6
Continuous
 62
     7
100
AcDbLine
 10
-64.19898783505967
 20
-25.04982078860195
 30
0.0
 11
-63.49898783505807
 21
-25.04982078860195
 31
0.0
  0
LINE
  5
3ED
330
1F
100
AcDbEntity
  8
0
  6
Continuous
 62
     7
100
AcDbLine
 10
-64.19898783505967
 20
-25.04982078860195
 30
0.0
 11
-64.19898783505967
 21
-30.94982078860249
 31
0.0
  0
LINE
  5
3EE
330
1F
100
AcDbEntity
  8
0
  6
Continuous
 62
     7
100
AcDbLine
 10
-63.49898783505807
 20
-30.94982078860249
 30
0.0
 11
-64.19898783505967
 21
-30.94982078860249
 31
0.0
  0
LINE
  5
3EF
330
1F
100
AcDbEntity
  8
0
  6
Continuous
 62
     7
100
AcDbLine
 10
-65.04623671793807
 20
-30.67569611616347
 30
0.0
 11
-64.19898783505967
 21
-30.74982078860177
 31
0.0
  0
LINE
  5
3F0
330
1F
100
AcDbEntity
  8
0
  6
Continuous
 62
     7
100
AcDbLine
 10
-64.19898783505967
 20
-25.24982078860177
 30
0.0
 11
-65.04623671793807
 21
-25.32394546103916
 31
0.0
  0
LINE
  5
3F1
330
1F
100
AcDbEntity
  8
0
  6
Continuous
 62
     7
100
AcDbLine
 10
-64.19898783518617
 20
147.7501792113955
 30
0.0
 11
-65.04623671806446
 21
147.6760545389581
 31
0.0
  0
LINE
  5
3F2
330
1F
100
AcDbEntity
  8
0
  6
Continuous
 62
     7
100
AcDbLine
 10
-65.04623671806446
 20
142.3243038838328
 30
0.0
 11
-64.19898783518617
 21
142.2501792113955
 31
0.0
  0
LINE
  5
3F3
330
1F
100
AcDbEntity
  8
0
  6
Continuous
 62
     7
100
AcDbLine
 10
-63.49898783518447
 20
142.0501792113965
 30
0.0
 11
-64.19898783518617
 21
142.0501792113965
 31
0.0
  0
LINE
  5
3F4
330
1F
100
AcDbEntity
  8
0
  6
Continuous
 62
     7
100
AcDbLine
 10
-64.19898783518617
 20
147.9501792113964
 30
0.0
 11
-64.19898783518617
 21
142.0501792113965
 31
0.0
  0
LINE
  5
3F5
330
1F
100
AcDbEntity
  8
0
  6
Continuous
 62
     7
100
AcDbLine
 10
-64.19898783518617
 20
147.9501792113964
 30
0.0
 11
-63.49898783518447
 21
147.9501792113964
 31
0.0
  0
LINE
  5
3F6
330
1F
100
AcDbEntity
  8
0
  6
Continuous
 62
     7
100
AcDbLine
 10
-63.49898783518447
 20
148.0001792113955
 30
0.0
 11
-62.99898783518447
 21
148.0001792113955
 31
0.0
  0
LINE
  5
3F7
330
1F
100
AcDbEntity
  8
0
  6
Continuous
 62
     7
100
AcDbLine
 10
-63.49898783518447
 20
148.0001792113955
 30
0.0
 11
-63.49898783518447
 21
142.0001792113955
 31
0.0
  0
LINE
  5
3F8
330
1F
100
AcDbEntity
  8
0
  6
Continuous
 62
     7
100
AcDbLine
 10
-62.99898783518447
 20
142.0001792113955
 30
0.0
 11
-63.49898783518447
 21
142.0001792113955
 31
0.0
  0
LINE
  5
3F9
330
1F
100
AcDbEntity
  8
0
  6
DASH_CENTER
 62
     1
100
AcDbLine
 10
-67.69898783518617
 20
145.0001792113955
 30
0.0
 11
-61.31898783518786
 21
145.0001792113955
 31
0.0
  0
LINE
  5
3FA
330
1F
100
AcDbEntity
  8
0
  6
Continuous
 62
     7
100
AcDbLine
 10
-4.899787838461719
 20
-98.70711526219674
 30
0.0
 11
-3.699787838463719
 21
-98.70711526219674
 31
0.0
  0
LINE
  5
3FB
330
1F
100
AcDbEntity
  8
0
  6
Continuous
 62
     7
100
AcDbLine
 10
-4.899787838461719
 20
-137.7071152621967
 30
0.0
 11
-3.69978783846281
 21
-137.7071152621967
 31
0.0
  0
LINE
  5
3FC
330
1F
100
AcDbEntity
  8
0
  6
DASH_CENTER
 62
     1
100
AcDbLine
 10
-67.69978783634826
 20
-101.7071152621985
 30
0.0
 11
-61.31978783634997
 21
-101.7071152621985
 31
0.0
  0
LINE
  5
3FD
330
1F
100
AcDbEntity
  8
0
  6
DASH_CENTER
 62
     1
100
AcDbLine
 10
-76.69978783634826
 20
-91.70711526219674
 30
0.0
 11
-70.31978783634996
 21
-91.70711526219674
 31
0.0
  0
LINE
  5
3FE
330
1F
100
AcDbEntity
  8
0
  6
DASH_CENTER
 62
     1
100
AcDbLine
 10
-75.79978783634867
 20
-108.7071152621967
 30
0.0
 11
-69.41978783634947
 21
-108.7071152621967
 31
0.0
  0
LINE
  5
3FF
330
1F
100
AcDbEntity
  8
0
  6
DASH_CENTER
 62
     1
100
AcDbLine
 10
-76.69978783634826
 20
-144.7071152621967
 30
0.0
 11
-70.31978783634996
 21
-144.7071152621967
 31
0.0
  0
LINE
  5
400
330
1F
100
AcDbEntity
  8
0
  6
DASH_CENTER
 62
     1
100
AcDbLine
 10
-61.88058783634747
 20
-134.7071152621967
 30
0.0
 11
-55.50058783634826
 21
-134.7071152621967
 31
0.0
  0
LINE
  5
401
330
1F
100
AcDbEntity
  8
0
  6
DASH_CENTER
 62
     1
100
AcDbLine
 10
-61.88058783634747
 20
-91.70711526221039
 30
0.0
 11
-55.50058783634826
 21
-91.70711526221039
 31
0.0
  0
LINE
  5
402
330
1F
100
AcDbEntity
  8
0
  6
Continuous
 62
     7
100
AcDbLine
 10
-74.28177764060645
 20
-146.88870001933
 30
0.0
 11
-73.49978783634757
 21
-146.9571152621967
 31
0.0
  0
LINE
  5
403
330
1F
100
AcDbEntity
  8
0
  6
Continuous
 62
     7
100
AcDbLine
 10
-73.49978783634757
 20
-142.4571152621967
 30
0.0
 11
-74.28177764060645
 21
-142.5255305050634
 31
0.0
  0
LINE
  5
404
330
1F
100
AcDbEntity
  8
0
  6
Continuous
 62
     7
100
AcDbLine
 10
-73.49978783634757
 20
-142.1071152621963
 30
0.0
 11
-72.89978783634627
 21
-142.1071152621963
 31
0.0
  0
LINE
  5
405
330
1F
100
AcDbEntity
  8
0
  6
Continuous
 62
     7
100
AcDbLine
 10
-73.49978783634757
 20
-147.3071152621962
 30
0.0
 11
-73.49978783634757
 21
-142.1071152621963
 31
0.0
  0
LINE
  5
406
330
1F
100
AcDbEntity
  8
0
  6
Continuous
 62
     7
100
AcDbLine
 10
-72.89978783634627
 20
-147.3071152621962
 30
0.0
 11
-73.49978783634757
 21
-147.3071152621962
 31
0.0
  0
LINE
  5
407
330
1F
100
AcDbEntity
  8
0
  6
Continuous
 62
     7
100
AcDbLine
 10
-72.89978783634627
 20
-141.8571152621963
 30
0.0
 11
-72.59978783634787
 21
-141.8571152621963
 31
0.0
  0
LINE
  5
408
330
1F
100
AcDbEntity
  8
0
  6
Continuous
 62
     7
100
AcDbLine
 10
-72.89978783634627
 20
-147.5571152621962
 30
0.0
 11
-72.89978783634627
 21
-141.8571152621963
 31
0.0
  0
LINE
  5
409
330
1F
100
AcDbEntity
  8
0
  6
Continuous
 62
     7
100
AcDbLine
 10
-72.59978783634787
 20
-147.5571152621962
 30
0.0
 11
-72.89978783634627
 21
-147.5571152621962
 31
0.0
  0
LINE
  5
40A
330
1F
100
AcDbEntity
  8
0
  6
Continuous
 62
     7
100
AcDbLine
 10
-72.59978783634787
 20
-94.55711526219619
 30
0.0
 11
-72.89978783634627
 21
-94.55711526219619
 31
0.0
  0
LINE
  5
40B
330
1F
100
AcDbEntity
  8
0
  6
Continuous
 62
     7
100
AcDbLine
 10
-72.89978783634627
 20
-94.55711526219619
 30
0.0
 11
-72.89978783634627
 21
-88.85711526219637
 31
0.0
  0
LINE
  5
40C
330
1F
100
AcDbEntity
  8
0
  6
Continuous
 62
     7
100
AcDbLine
 10
-72.89978783634627
 20
-88.85711526219637
 30
0.0
 11
-72.59978783634787
 21
-88.8571152621982
 31
0.0
  0
LINE
  5
40D
330
1F
100
AcDbEntity
  8
0
  6
Continuous
 62
     7
100
AcDbLine
 10
-72.89978783634627
 20
-94.30711526219619
 30
0.0
 11
-73.49978783634757
 21
-94.30711526219708
 31
0.0
  0
LINE
  5
40E
330
1F
100
AcDbEntity
  8
0
  6
Continuous
 62
     7
100
AcDbLine
 10
-73.49978783634757
 20
-94.30711526219708
 30
0.0
 11
-73.49978783634757
 21
-89.10711526219818
 31
0.0
  0
LINE
  5
40F
330
1F
100
AcDbEntity
  8
0
  6
Continuous
 62
     7
100
AcDbLine
 10
-73.49978783634757
 20
-89.10711526219818
 30
0.0
 11
-72.89978783634627
 21
-89.10711526219637
 31
0.0
  0
LINE
  5
410
330
1F
100
AcDbEntity
  8
0
  6
Continuous
 62
     7
100
AcDbLine
 10
-73.49978783634757
 20
-89.45711526219673
 30
0.0
 11
-74.28177764060645
 21
-89.52553050506338
 31
0.0
  0
LINE
  5
411
330
1F
100
AcDbEntity
  8
0
  6
Continuous
 62
     7
100
AcDbLine
 10
-74.28177764060645
 20
-93.88870001933009
 30
0.0
 11
-73.49978783634757
 21
-93.95711526219674
 31
0.0
  0
LINE
  5
412
330
1F
100
AcDbEntity
  8
0
  6
Continuous
 62
     7
100
AcDbLine
 10
-72.59978783634787
 20
-106.4571152621967
 30
0.0
 11
-73.38177764060777
 21
-106.5255305050634
 31
0.0
  0
LINE
  5
413
330
1F
100
AcDbEntity
  8
0
  6
Continuous
 62
     7
100
AcDbLine
 10
-73.38177764060777
 20
-110.8887000193291
 30
0.0
 11
-72.59978783634787
 21
-110.9571152621967
 31
0.0
  0
LINE
  5
414
330
1F
100
AcDbEntity
  8
0
  6
Continuous
 62
     7
100
AcDbLine
 10
-33.69898783635483
 20
-88.30711526220982
 30
0.0
 11
-33.59898783635353
 21
-88.20711526220947
 31
0.0
  0
LINE
  5
415
330
1F
100
AcDbEntity
  8
0
  6
Continuous
 62
     7
100
AcDbLine
 10
-33.69898783634574
 20
-148.107115262199
 30
0.0
 11
-33.59898783634444
 21
-148.2071152622004
 31
0.0
  0
LINE
  5
416
330
1F
100
AcDbEntity
  8
0
  6
Continuous
 62
     7
100
AcDbLine
 10
-33.69898783635483
 20
-88.30711526220982
 30
0.0
 11
-33.69898783634574
 21
-148.107115262199
 31
0.0
  0
LINE
  5
417
330
1F
100
AcDbEntity
  8
0
  6
Continuous
 62
     7
100
AcDbLine
 10
-33.69898783635483
 20
-88.30711526220982
 30
0.0
 11
-33.79898783635511
 21
-88.20711526220947
 31
0.0
  0
LINE
  5
418
330
1F
100
AcDbEntity
  8
0
  6
Continuous
 62
     7
100
AcDbLine
 10
-33.79898783635511
 20
-88.20711526220947
 30
0.0
 11
-58.89978783634629
 21
-88.20711526220952
 31
0.0
  0
LINE
  5
419
330
1F
100
AcDbEntity
  8
0
  6
Continuous
 62
     7
100
AcDbLine
 10
-58.99978783634757
 20
-148.1071152621982
 30
0.0
 11
-58.89978783634629
 21
-148.2071152621831
 31
0.0
  0
LINE
  5
41A
330
1F
100
AcDbEntity
  8
0
  6
Continuous
 62
     7
100
AcDbLine
 10
-58.99978783634757
 20
-98.20711526219678
 30
0.0
 11
-33.69898783635483
 21
-98.20711526219675
 31
0.0
  0
LINE
  5
41B
330
1F
100
AcDbEntity
  8
0
  6
Continuous
 62
     7
100
AcDbLine
 10
-58.89978783634629
 20
-88.20711526220952
 30
0.0
 11
-58.99978783634757
 21
-88.30711526219619
 31
0.0
  0
LINE
  5
41C
330
1F
100
AcDbEntity
  8
0
  6
Continuous
 62
     7
100
AcDbLine
 10
-58.89978783634629
 20
-148.2071152621831
 30
0.0
 11
-33.79898783635511
 21
-148.207115262183
 31
0.0
  0
LINE
  5
41D
330
1F
100
AcDbEntity
  8
0
  6
Continuous
 62
     7
100
AcDbLine
 10
-33.79898783635511
 20
-148.207115262183
 30
0.0
 11
-33.69898783635483
 21
-148.1071152621828
 31
0.0
  0
LINE
  5
41E
330
1F
100
AcDbEntity
  8
0
  6
Continuous
 62
     7
100
AcDbLine
 10
-33.69898783635483
 20
-138.2071152621968
 30
0.0
 11
-58.99978783634758
 21
-138.2071152621968
 31
0.0
  0
LINE
  5
41F
330
1F
100
AcDbEntity
  8
0
  6
Continuous
 62
     7
100
AcDbLine
 10
-58.99978783634757
 20
-88.95711526221038
 30
0.0
 11
-58.99978783634757
 21
-88.30721526219912
 31
0.0
  0
LINE
  5
420
330
1F
100
AcDbEntity
  8
0
  6
Continuous
 62
     7
100
AcDbLine
 10
-57.37978783634857
 20
-94.45711526221037
 30
0.0
 11
-60.12978783634856
 21
-94.45711526221037
 31
0.0
  0
LINE
  5
421
330
1F
100
AcDbEntity
  8
0
  6
Continuous
 62
     7
100
AcDbLine
 10
-60.37978783634857
 20
-94.20711526221039
 30
0.0
 11
-60.12978783634856
 21
-94.45711526221037
 31
0.0
  0
LINE
  5
422
330
1F
100
AcDbEntity
  8
0
  6
Continuous
 62
     7
100
AcDbLine
 10
-60.37978783634857
 20
-94.20711526221039
 30
0.0
 11
-60.37978783634857
 21
-89.20711526221039
 31
0.0
  0
LINE
  5
423
330
1F
100
AcDbEntity
  8
0
  6
Continuous
 62
     7
100
AcDbLine
 10
-60.12978783634856
 20
-88.95711526221038
 30
0.0
 11
-60.12978783634856
 21
-94.45711526221037
 31
0.0
  0
LINE
  5
424
330
1F
100
AcDbEntity
  8
0
  6
Continuous
 62
     7
100
AcDbLine
 10
-60.12978783634856
 20
-88.95711526221038
 30
0.0
 11
-60.37978783634857
 21
-89.20711526221039
 31
0.0
  0
LINE
  5
425
330
1F
100
AcDbEntity
  8
0
  6
Continuous
 62
     7
100
AcDbLine
 10
-60.12978783634856
 20
-88.95711526221038
 30
0.0
 11
-57.37978783634857
 21
-88.95711526221038
 31
0.0
  0
LINE
  5
426
330
1F
100
AcDbEntity
  8
0
  6
Continuous
 62
     7
100
AcDbLine
 10
-56.99978783634758
 20
-94.70711526221037
 30
0.0
 11
-57.37978783634857
 21
-94.70711526221037
 31
0.0
  0
LINE
  5
427
330
1F
100
AcDbEntity
  8
0
  6
Continuous
 62
     7
100
AcDbLine
 10
-57.37978783634857
 20
-94.70711526221037
 30
0.0
 11
-57.37978783634857
 21
-88.70711526221038
 31
0.0
  0
LINE
  5
428
330
1F
100
AcDbEntity
  8
0
  6
Continuous
 62
     7
100
AcDbLine
 10
-56.99978783634758
 20
-88.70711526221038
 30
0.0
 11
-57.37978783634857
 21
-88.70711526221038
 31
0.0
  0
LINE
  5
429
330
1F
100
AcDbEntity
  8
0
  6
Continuous
 62
     7
100
AcDbLine
 10
-56.99978783634758
 20
-95.20711526229314
 30
0.0
 11
-58.99978783634757
 21
-95.20711526229314
 31
0.0
  0
LINE
  5
42A
330
1F
100
AcDbEntity
  8
0
  6
Continuous
 62
     7
100
AcDbLine
 10
-56.99978783634758
 20
-88.20711526221037
 30
0.0
 11
-56.99978783634758
 21
-95.20711526229314
 31
0.0
  0
LINE
  5
42B
330
1F
100
AcDbEntity
  8
0
  6
Continuous
 62
     7
100
AcDbLine
 10
-58.99978783634757
 20
-131.9571152621968
 30
0.0
 11
-58.99978783634757
 21
-94.45711526221037
 31
0.0
  0
LINE
  5
42C
330
1F
100
AcDbEntity
  8
0
  6
Continuous
 62
     7
100
AcDbLine
 10
-59.19978783634828
 20
-88.45711526219673
 30
0.0
 11
-58.99978783634757
 21
-88.45711526219673
 31
0.0
  0
LINE
  5
42D
330
1F
100
AcDbEntity
  8
0
  6
Continuous
 62
     7
100
AcDbLine
 10
-59.19978783634828
 20
-88.95711526221038
 30
0.0
 11
-59.19978783634828
 21
-88.45711526219673
 31
0.0
  0
LINE
  5
42E
330
1F
100
AcDbEntity
  8
0
  6
Continuous
 62
     7
100
AcDbLine
 10
-59.19978783634828
 20
-131.9571152621968
 30
0.0
 11
-59.19978783634828
 21
-94.45711526221037
 31
0.0
  0
LINE
  5
42F
330
1F
100
AcDbEntity
  8
0
  6
Continuous
 62
     7
100
AcDbLine
 10
-58.99978783634757
 20
-148.2071152621967
 30
0.0
 11
-59.19978783634828
 21
-148.2071152621967
 31
0.0
  0
LINE
  5
430
330
1F
100
AcDbEntity
  8
0
  6
Continuous
 62
     7
100
AcDbLine
 10
-58.99978783634757
 20
-148.1071152621982
 30
0.0
 11
-58.99978783634757
 21
-148.2071152621967
 31
0.0
  0
LINE
  5
431
330
1F
100
AcDbEntity
  8
0
  6
Continuous
 62
     7
100
AcDbLine
 10
-60.99978783634757
 20
-95.20711526229314
 30
0.0
 11
-59.19978783634828
 21
-95.20711526229314
 31
0.0
  0
LINE
  5
432
330
1F
100
AcDbEntity
  8
0
  6
Continuous
 62
     7
100
AcDbLine
 10
-60.99978783634757
 20
-88.20711526221037
 30
0.0
 11
-60.99978783634757
 21
-95.20711526229314
 31
0.0
  0
LINE
  5
433
330
1F
100
AcDbEntity
  8
0
  6
Continuous
 62
     7
100
AcDbLine
 10
-71.39978783634626
 20
-98.20711526219675
 30
0.0
 11
-59.19978783634828
 21
-98.20711526219675
 31
0.0
  0
LINE
  5
434
330
1F
100
AcDbEntity
  8
0
  6
Continuous
 62
     7
100
AcDbLine
 10
-62.99978783634757
 20
-105.2071152621985
 30
0.0
 11
-71.39978783634626
 21
-105.2071152621985
 31
0.0
  0
LINE
  5
435
330
1F
100
AcDbEntity
  8
0
  6
Continuous
 62
     7
100
AcDbLine
 10
-62.99978783634757
 20
-98.20711526219582
 30
0.0
 11
-62.99978783634757
 21
-105.2071152621985
 31
0.0
  0
LINE
  5
436
330
1F
100
AcDbEntity
  8
0
  6
Continuous
 62
     7
100
AcDbLine
 10
-59.19978783634828
 20
-88.20711526219673
 30
0.0
 11
-62.99978783634757
 21
-88.2071152621931
 31
0.0
  0
LINE
  5
437
330
1F
100
AcDbEntity
  8
0
  6
Continuous
 62
     7
100
AcDbLine
 10
-62.99978783634757
 20
-88.2071152621931
 30
0.0
 11
-71.39978783634626
 21
-88.20711526219673
 31
0.0
  0
LINE
  5
438
330
1F
100
AcDbEntity
  8
0
  6
Continuous
 62
     7
100
AcDbLine
 10
-60.99978783634757
 20
-131.2071152621112
 30
0.0
 11
-60.99978783634757
 21
-138.2071152621968
 31
0.0
  0
LINE
  5
439
330
1F
100
AcDbEntity
  8
0
  6
Continuous
 62
     7
100
AcDbLine
 10
-59.19978783634828
 20
-131.2071152621112
 30
0.0
 11
-60.99978783634757
 21
-131.2071152621112
 31
0.0
  0
LINE
  5
43A
330
1F
100
AcDbEntity
  8
0
  6
Continuous
 62
     7
100
AcDbLine
 10
-56.99978783634758
 20
-131.2071152621112
 30
0.0
 11
-56.99978783634758
 21
-138.2071152621968
 31
0.0
  0
LINE
  5
43B
330
1F
100
AcDbEntity
  8
0
  6
Continuous
 62
     7
100
AcDbLine
 10
-58.99978783634757
 20
-131.2071152621112
 30
0.0
 11
-56.99978783634758
 21
-131.2071152621112
 31
0.0
  0
LINE
  5
43C
330
1F
100
AcDbEntity
  8
0
  6
Continuous
 62
     7
100
AcDbLine
 10
-57.37978783634857
 20
-137.7071152621967
 30
0.0
 11
-56.99978783634758
 21
-137.7071152621967
 31
0.0
  0
LINE
  5
43D
330
1F
100
AcDbEntity
  8
0
  6
Continuous
 62
     7
100
AcDbLine
 10
-57.37978783634857
 20
-137.7071152621967
 30
0.0
 11
-57.37978783634857
 21
-131.7071152621967
 31
0.0
  0
LINE
  5
43E
330
1F
100
AcDbEntity
  8
0
  6
Continuous
 62
     7
100
AcDbLine
 10
-57.37978783634857
 20
-131.7071152621967
 30
0.0
 11
-56.99978783634758
 21
-131.7071152621967
 31
0.0
  0
LINE
  5
43F
330
1F
100
AcDbEntity
  8
0
  6
Continuous
 62
     7
100
AcDbLine
 10
-57.37978783634857
 20
-137.4571152621967
 30
0.0
 11
-60.12978783634856
 21
-137.4571152621967
 31
0.0
  0
LINE
  5
440
330
1F
100
AcDbEntity
  8
0
  6
Continuous
 62
     7
100
AcDbLine
 10
-60.37978783634857
 20
-137.2071152621967
 30
0.0
 11
-60.12978783634856
 21
-137.4571152621967
 31
0.0
  0
LINE
  5
441
330
1F
100
AcDbEntity
  8
0
  6
Continuous
 62
     7
100
AcDbLine
 10
-60.12978783634856
 20
-131.9571152621968
 30
0.0
 11
-60.12978783634856
 21
-137.4571152621967
 31
0.0
  0
LINE
  5
442
330
1F
100
AcDbEntity
  8
0
  6
Continuous
 62
     7
100
AcDbLine
 10
-60.37978783634857
 20
-137.2071152621967
 30
0.0
 11
-60.37978783634857
 21
-132.2071152621967
 31
0.0
  0
LINE
  5
443
330
1F
100
AcDbEntity
  8
0
  6
Continuous
 62
     7
100
AcDbLine
 10
-60.12978783634856
 20
-131.9571152621968
 30
0.0
 11
-60.37978783634857
 21
-132.2071152621967
 31
0.0
  0
LINE
  5
444
330
1F
100
AcDbEntity
  8
0
  6
Continuous
 62
     7
100
AcDbLine
 10
-60.12978783634856
 20
-131.9571152621968
 30
0.0
 11
-57.37978783634857
 21
-131.9571152621968
 31
0.0
  0
LINE
  5
445
330
1F
100
AcDbEntity
  8
0
  6
Continuous
 62
     7
100
AcDbLine
 10
-59.19978783634828
 20
-148.2071152621967
 30
0.0
 11
-59.19978783634828
 21
-137.4571152621967
 31
0.0
  0
LINE
  5
446
330
1F
100
AcDbEntity
  8
0
  6
Continuous
 62
     7
100
AcDbLine
 10
-58.99978783634757
 20
-148.1071152621982
 30
0.0
 11
-58.99978783634757
 21
-137.4571152621967
 31
0.0
  0
LINE
  5
447
330
1F
100
AcDbEntity
  8
0
  6
Continuous
 62
     7
100
AcDbLine
 10
-71.39978783634626
 20
-148.207115262183
 30
0.0
 11
-59.19978783634828
 21
-148.2071152621967
 31
0.0
  0
LINE
  5
448
330
1F
100
AcDbEntity
  8
0
  6
Continuous
 62
     7
100
AcDbLine
 10
-71.39978783634626
 20
-88.20711526219673
 30
0.0
 11
-71.39978783634626
 21
-148.207115262183
 31
0.0
  0
LINE
  5
449
330
1F
100
AcDbEntity
  8
0
  6
Continuous
 62
     7
100
AcDbLine
 10
-71.59978783634787
 20
-147.9571152621967
 30
0.0
 11
-71.39978783634626
 21
-147.9571152621967
 31
0.0
  0
LINE
  5
44A
330
1F
100
AcDbEntity
  8
0
  6
Continuous
 62
     7
100
AcDbLine
 10
-71.59978783634787
 20
-88.45711526219673
 30
0.0
 11
-71.59978783634787
 21
-147.9571152621967
 31
0.0
  0
LINE
  5
44B
330
1F
100
AcDbEntity
  8
0
  6
Continuous
 62
     7
100
AcDbLine
 10
-71.39978783634626
 20
-88.45711526219673
 30
0.0
 11
-71.59978783634787
 21
-88.45711526219673
 31
0.0
  0
LINE
  5
44C
330
1F
100
AcDbEntity
  8
0
  6
Continuous
 62
     7
100
AcDbLine
 10
-59.19978783634828
 20
-138.2071152621968
 30
0.0
 11
-71.39978783634626
 21
-138.2071152621968
 31
0.0
  0
LINE
  5
44D
330
1F
100
AcDbEntity
  8
0
  6
Continuous
 62
     7
100
AcDbLine
 10
-72.59978783634787
 20
-147.9571152621967
 30
0.0
 11
-71.59978783634787
 21
-147.9571152621967
 31
0.0
  0
LINE
  5
44E
330
1F
100
AcDbEntity
  8
0
  6
Continuous
 62
     7
100
AcDbLine
 10
-72.59978783634787
 20
-88.45711526219673
 30
0.0
 11
-72.59978783634787
 21
-147.9571152621967
 31
0.0
  0
LINE
  5
44F
330
1F
100
AcDbEntity
  8
0
  6
Continuous
 62
     7
100
AcDbLine
 10
-71.59978783634787
 20
-88.45711526219673
 30
0.0
 11
-72.59978783634787
 21
-88.45711526219673
 31
0.0
  0
LINE
  5
450
330
1F
100
AcDbEntity
  8
0
  6
Continuous
 62
     7
100
AcDbLine
 10
-72.88079946029857
 20
-140.9207339991465
 30
0.0
 11
-74.93776458843886
 21
-138.7928390389944
 31
0.0
  0
LINE
  5
451
330
1F
100
AcDbEntity
  8
0
  6
Continuous
 62
     7
100
AcDbLine
 10
-74.93776458843886
 20
-97.62139148539809
 30
0.0
 11
-72.88079946029857
 21
-95.49349652524794
 31
0.0
  0
LINE
  5
452
330
1F
100
AcDbEntity
  8
0
  6
Continuous
 62
     7
100
AcDbLine
 10
-75.49978783634756
 20
-137.4027948452988
 30
0.0
 11
-75.49978783634756
 21
-99.01143567909473
 31
0.0
  0
LINE
  5
453
330
1F
100
AcDbEntity
  8
0
  6
Continuous
 62
     7
100
AcDbLine
 10
-71.59978783634787
 20
-138.2071152621968
 30
0.0
 11
-72.59978783634787
 21
-138.2071152621968
 31
0.0
  0
LINE
  5
454
330
1F
100
AcDbEntity
  8
0
  6
Continuous
 62
     7
100
AcDbLine
 10
-72.59978783634787
 20
-98.20711526219675
 30
0.0
 11
-71.59978783634787
 21
-98.20711526219675
 31
0.0
  0
LINE
  5
455
330
1F
100
AcDbEntity
  8
0
  6
Continuous
 62
     7
100
AcDbLine
 10
-59.19978783634828
 20
-88.20711526219673
 30
0.0
 11
-59.19978783634828
 21
-88.45711526219673
 31
0.0
  0
LINE
  5
456
330
1F
100
AcDbEntity
  8
0
  6
Continuous
 62
     7
100
AcDbLine
 10
-62.99978783634757
 20
-104.7071152621985
 30
0.0
 11
-63.49978783634757
 21
-104.7071152621985
 31
0.0
  0
LINE
  5
457
330
1F
100
AcDbEntity
  8
0
  6
Continuous
 62
     7
100
AcDbLine
 10
-63.49978783634757
 20
-98.70711526219857
 30
0.0
 11
-63.49978783634757
 21
-104.7071152621985
 31
0.0
  0
LINE
  5
458
330
1F
100
AcDbEntity
  8
0
  6
Continuous
 62
     7
100
AcDbLine
 10
-63.49978783634757
 20
-98.70711526219857
 30
0.0
 11
-62.99978783634757
 21
-98.70711526219857
 31
0.0
  0
LINE
  5
459
330
1F
100
AcDbEntity
  8
0
  6
Continuous
 62
     7
100
AcDbLine
 10
-64.19978783634826
 20
-98.75711526219873
 30
0.0
 11
-63.49978783634757
 21
-98.75711526219873
 31
0.0
  0
LINE
  5
45A
330
1F
100
AcDbEntity
  8
0
  6
Continuous
 62
     7
100
AcDbLine
 10
-64.19978783634826
 20
-98.75711526219873
 30
0.0
 11
-64.19978783634826
 21
-104.6571152621984
 31
0.0
  0
LINE
  5
45B
330
1F
100
AcDbEntity
  8
0
  6
Continuous
 62
     7
100
AcDbLine
 10
-63.49978783634757
 20
-104.6571152621984
 30
0.0
 11
-64.19978783634826
 21
-104.6571152621984
 31
0.0
  0
LINE
  5
45C
330
1F
100
AcDbEntity
  8
0
  6
Continuous
 62
     7
100
AcDbLine
 10
-65.04703671922756
 20
-104.3829905897611
 30
0.0
 11
-64.19978783634826
 21
-104.4571152621985
 31
0.0
  0
LINE
  5
45D
330
1F
100
AcDbEntity
  8
0
  6
Continuous
 62
     7
100
AcDbLine
 10
-64.19978783634826
 20
-98.95711526219855
 30
0.0
 11
-65.04703671922756
 21
-99.03123993463594
 31
0.0
  0
LINE
  5
46E
330
1F
100
AcDbEntity
  8
0
  6
Continuous
 62
     7
100
AcDbLine
 10
-4.899787838461719
 20
-98.70711526219674
 30
0.0
 11
-4.899787838461719
 21
-88.20711526221037
 31
0.0
  0
LINE
  5
46F
330
1F
100
AcDbEntity
  8
0
  6
Continuous
 62
     7
100
AcDbLine
 10
-4.899787838461719
 20
-148.2071152621985
 30
0.0
 11
-4.899787838461719
 21
-137.7071152621967
 31
0.0
  0
LINE
  5
470
330
1F
100
AcDbEntity
  8
0
  6
Continuous
 62
     7
100
AcDbLine
 10
-33.59978783634603
 20
-148.2071152622004
 30
0.0
 11
1.500212161859879
 21
-148.2071152621985
 31
0.0
  0
LINE
  5
471
330
1F
100
AcDbEntity
  8
0
  6
Continuous
 62
     7
100
AcDbLine
 10
1.500212161859879
 20
-148.2071152621985
 30
0.0
 11
2.000212161859879
 21
-147.7071152621985
 31
0.0
  0
LINE
  5
472
330
1F
100
AcDbEntity
  8
0
  6
Continuous
 62
     7
100
AcDbLine
 10
2.000212161859879
 20
-147.7071152621985
 30
0.0
 11
2.000212163458769
 21
-88.70711526373924
 31
0.0
  0
LINE
  5
473
330
1F
100
AcDbEntity
  8
0
  6
Continuous
 62
     7
100
AcDbLine
 10
-33.59978783635512
 20
-88.20711526220947
 30
0.0
 11
1.500212161919879
 21
-88.20711526221037
 31
0.0
  0
LINE
  5
474
330
1F
100
AcDbEntity
  8
0
  6
Continuous
 62
     7
100
AcDbLine
 10
1.500212161919879
 20
-88.20711526221037
 30
0.0
 11
2.000212161948979
 21
-88.70711526222583
 31
0.0
  0
LINE
  5
475
330
1F
100
AcDbEntity
  8
0
  6
Continuous
 62
     7
100
AcDbLine
 10
-33.69978783635551
 20
-98.20711526219675
 30
0.0
 11
-4.899787838461719
 21
-98.20711526219675
 31
0.0
  0
LINE
  5
476
330
1F
100
AcDbEntity
  8
0
  6
Continuous
 62
     7
100
AcDbLine
 10
-3.699787838463719
 20
-98.70711526219674
 30
0.0
 11
-3.699787838463719
 21
-88.20711526221037
 31
0.0
  0
LINE
  5
477
330
1F
100
AcDbEntity
  8
0
  6
Continuous
 62
     7
100
AcDbLine
 10
-33.69978783634643
 20
-138.2071152621968
 30
0.0
 11
-4.899787838461719
 21
-138.2071152621968
 31
0.0
  0
LINE
  5
478
330
1F
100
AcDbEntity
  8
0
  6
Continuous
 62
     7
100
AcDbLine
 10
-3.69978783846281
 20
-137.7071152621967
 30
0.0
 11
-3.69978783847281
 21
-148.2071152621985
 31
0.0
  0
LINE
  5
479
330
1F
100
AcDbEntity
  8
0
  6
DASH_CENTER
 62
     1
100
AcDbLine
 10
37.00021216330862
 20
-118.2071152621967
 30
0.0
 11
-80.50058783634828
 21
-118.2071152621967
 31
0.0
  0
LINE
  5
481
330
1F
100
AcDbEntity
  8
0
  6
Continuous
 62
     7
100
AcDbLine
 10
32.00021216302817
 20
132.0001792121699
 30
0.0
 11
32.00021216302817
 21
125.0001792121699
 31
0.0
  0
LINE
  5
482
330
1F
100
AcDbEntity
  8
0
  6
Continuous
 62
     7
100
AcDbLine
 10
14.10021216241007
 20
132.5001792121699
 30
0.0
 11
31.50021216302818
 21
132.5001792121699
 31
0.0
  0
LINE
  5
483
330
1F
100
AcDbEntity
  8
0
  6
Continuous
 62
     7
100
AcDbLine
 10
31.50021216302818
 20
132.5001792121699
 30
0.0
 11
32.00021216302817
 21
132.0001792121699
 31
0.0
  0
LINE
  5
484
330
1F
100
AcDbEntity
  8
0
  6
Continuous
 62
     7
100
AcDbLine
 10
32.00021216302817
 20
125.0001792121699
 30
0.0
 11
31.50021216302818
 21
124.5001792121699
 31
0.0
  0
LINE
  5
485
330
1F
100
AcDbEntity
  8
0
  6
Continuous
 62
     7
100
AcDbLine
 10
31.50021216302818
 20
124.5001792121699
 30
0.0
 11
14.10021216241007
 21
124.5001792121699
 31
0.0
  0
LINE
  5
486
330
1F
100
AcDbEntity
  8
0
  6
Continuous
 62
     7
100
AcDbLine
 10
13.60021216241007
 20
153.2001792113821
 30
0.0
 11
14.10021216241007
 21
152.7001792113821
 31
0.0
  0
LINE
  5
487
330
1F
100
AcDbEntity
  8
0
  6
Continuous
 62
     7
100
AcDbLine
 10
3.900212162410279
 20
153.2001792113821
 30
0.0
 11
13.60021216241007
 21
153.2001792113821
 31
0.0
  0
LINE
  5
488
330
1F
100
AcDbEntity
  8
0
  6
Continuous
 62
     7
100
AcDbLine
 10
3.800212162410769
 20
153.1001792113834
 30
0.0
 11
3.900212162410279
 21
153.2001792113821
 31
0.0
  0
LINE
  5
489
330
1F
100
AcDbEntity
  8
0
  6
Continuous
 62
     7
100
AcDbLine
 10
3.30021216377956
 20
153.5001792113803
 30
0.0
 11
3.500212163779379
 21
153.3001792113787
 31
0.0
  0
LINE
  5
48A
330
1F
100
AcDbEntity
  8
0
  6
Continuous
 62
     7
100
AcDbLine
 10
2.30021216243078
 20
153.5001792113803
 30
0.0
 11
3.30021216377956
 21
153.5001792113803
 31
0.0
  0
LINE
  5
48B
330
1F
100
AcDbEntity
  8
0
  6
Continuous
 62
     7
100
AcDbLine
 10
3.800212162410769
 20
103.9001792114145
 30
0.0
 11
3.800212162410769
 21
153.1001792113834
 31
0.0
  0
LINE
  5
48C
330
1F
100
AcDbEntity
  8
0
  6
Continuous
 62
     7
100
AcDbLine
 10
14.10021216241007
 20
128.5001792113985
 30
0.0
 11
14.10021216241007
 21
104.3001792114152
 31
0.0
  0
LINE
  5
48D
330
1F
100
AcDbEntity
  8
0
  6
Continuous
 62
     7
100
AcDbLine
 10
3.30021216377956
 20
103.500179211414
 30
0.0
 11
2.30021216243078
 21
103.5001792114167
 31
0.0
  0
LINE
  5
48E
330
1F
100
AcDbEntity
  8
0
  6
Continuous
 62
     7
100
AcDbLine
 10
3.500212163779379
 20
103.7001792114165
 30
0.0
 11
3.30021216377956
 21
103.500179211414
 31
0.0
  0
LINE
  5
48F
330
1F
100
AcDbEntity
  8
0
  6
Continuous
 62
     7
100
AcDbLine
 10
3.500212163779379
 20
153.3001792113787
 30
0.0
 11
3.500212163779379
 21
103.7001792114165
 31
0.0
  0
LINE
  5
490
330
1F
100
AcDbEntity
  8
0
  6
Continuous
 62
     7
100
AcDbLine
 10
3.900212162410279
 20
103.8001792114152
 30
0.0
 11
3.800212162410769
 21
103.9001792114145
 31
0.0
  0
LINE
  5
491
330
1F
100
AcDbEntity
  8
0
  6
Continuous
 62
     7
100
AcDbLine
 10
13.60021216241007
 20
103.8001792114152
 30
0.0
 11
3.900212162410279
 21
103.8001792114152
 31
0.0
  0
LINE
  5
492
330
1F
100
AcDbEntity
  8
0
  6
Continuous
 62
     7
100
AcDbLine
 10
14.10021216241007
 20
104.3001792114152
 30
0.0
 11
13.60021216241007
 21
103.8001792114152
 31
0.0
  0
LINE
  5
493
330
1F
100
AcDbEntity
  8
0
  6
Continuous
 62
     7
100
AcDbLine
 10
14.10021216241007
 20
128.5001792113985
 30
0.0
 11
14.10021216241007
 21
152.7001792113821
 31
0.0
  0
LINE
  5
494
330
1F
100
AcDbEntity
  8
0
  6
Continuous
 62
     7
100
AcDbLine
 10
3.700212163778259
 20
104.600179211397
 30
0.0
 11
3.800212162410769
 21
104.600179211397
 31
0.0
  0
LINE
  5
495
330
1F
100
AcDbEntity
  8
0
  6
Continuous
 62
     7
100
AcDbLine
 10
3.700212163778259
 20
152.4001792113845
 30
0.0
 11
3.800212162410769
 21
152.4001792113845
 31
0.0
  0
LINE
  5
496
330
1F
100
AcDbEntity
  8
0
  6
Continuous
 62
     7
100
AcDbLine
 10
8.682201966675579
 20
130.681763968532
 30
0.0
 11
7.90021216240937
 21
130.7501792113985
 31
0.0
  0
LINE
  5
497
330
1F
100
AcDbEntity
  8
0
  6
Continuous
 62
     7
100
AcDbLine
 10
7.90021216240937
 20
126.2501792113985
 30
0.0
 11
7.90021216240937
 21
130.7501792113985
 31
0.0
  0
LINE
  5
498
330
1F
100
AcDbEntity
  8
0
  6
Continuous
 62
     7
100
AcDbLine
 10
7.90021216240937
 20
126.2501792113985
 30
0.0
 11
8.682201966675579
 21
126.3185944542643
 31
0.0
  0
LINE
  5
499
330
1F
100
AcDbEntity
  8
0
  6
Continuous
 62
     7
100
AcDbLine
 10
7.90021216240937
 20
126.2501792113985
 30
0.0
 11
7.90021216240937
 21
125.8501792113981
 31
0.0
  0
LINE
  5
49A
330
1F
100
AcDbEntity
  8
0
  6
Continuous
 62
     7
100
AcDbLine
 10
7.90021216240937
 20
125.8501792113981
 30
0.0
 11
7.30021216240807
 21
125.8501792113981
 31
0.0
  0
LINE
  5
49B
330
1F
100
AcDbEntity
  8
0
  6
Continuous
 62
     7
100
AcDbLine
 10
7.30021216240807
 20
125.8501792113981
 30
0.0
 11
7.30021216240807
 21
131.1501792113982
 31
0.0
  0
LINE
  5
49C
330
1F
100
AcDbEntity
  8
0
  6
Continuous
 62
     7
100
AcDbLine
 10
7.30021216240807
 20
131.1501792113982
 30
0.0
 11
7.90021216240937
 21
131.1501792113982
 31
0.0
  0
LINE
  5
49D
330
1F
100
AcDbEntity
  8
0
  6
Continuous
 62
     7
100
AcDbLine
 10
7.90021216240937
 20
131.1501792113982
 30
0.0
 11
7.90021216240937
 21
130.7501792113985
 31
0.0
  0
LINE
  5
49E
330
1F
100
AcDbEntity
  8
0
  6
Continuous
 62
     7
100
AcDbLine
 10
7.30021216240807
 20
125.8501792113981
 30
0.0
 11
7.30021216240807
 21
126.0001792113985
 31
0.0
  0
LINE
  5
49F
330
1F
100
AcDbEntity
  8
0
  6
Continuous
 62
     7
100
AcDbLine
 10
7.30021216240807
 20
126.0001792113985
 30
0.0
 11
6.80021216240807
 21
126.0001792113985
 31
0.0
  0
LINE
  5
4A0
330
1F
100
AcDbEntity
  8
0
  6
Continuous
 62
     7
100
AcDbLine
 10
6.80021216240807
 20
126.0001792113985
 30
0.0
 11
6.80021216240807
 21
131.0001792113985
 31
0.0
  0
LINE
  5
4A1
330
1F
100
AcDbEntity
  8
0
  6
Continuous
 62
     7
100
AcDbLine
 10
6.80021216240807
 20
131.0001792113985
 30
0.0
 11
7.30021216240807
 21
131.0001792113985
 31
0.0
  0
LINE
  5
4A2
330
1F
100
AcDbEntity
  8
0
  6
Continuous
 62
     7
100
AcDbLine
 10
7.30021216240807
 20
131.0001792113985
 30
0.0
 11
7.30021216240807
 21
131.1501792113982
 31
0.0
  0
LINE
  5
4A3
330
1F
100
AcDbEntity
  8
0
  6
Continuous
 62
     7
100
AcDbLine
 10
6.80021216240807
 20
131.5001792114313
 30
0.0
 11
14.10021216241007
 21
131.5001792114313
 31
0.0
  0
LINE
  5
4A4
330
1F
100
AcDbEntity
  8
0
  6
Continuous
 62
     7
100
AcDbLine
 10
6.80021216240807
 20
125.5001792113885
 30
0.0
 11
6.80021216240807
 21
131.5001792114313
 31
0.0
  0
LINE
  5
4A5
330
1F
100
AcDbEntity
  8
0
  6
Continuous
 62
     7
100
AcDbLine
 10
14.10021216241007
 20
125.5001792113885
 30
0.0
 11
6.80021216240807
 21
125.5001792113885
 31
0.0
  0
LINE
  5
4A7
330
1F
100
AcDbEntity
  8
0
  6
Continuous
 62
     7
100
AcDbLine
 10
13.60021216361832
 20
23.20017921138077
 30
0.0
 11
14.10021216361832
 21
22.70017921138077
 31
0.0
  0
LINE
  5
4A8
330
1F
100
AcDbEntity
  8
0
  6
Continuous
 62
     7
100
AcDbLine
 10
3.900212162250629
 20
23.20017921138077
 30
0.0
 11
13.60021216361832
 21
23.20017921138077
 31
0.0
  0
LINE
  5
4A9
330
1F
100
AcDbEntity
  8
0
  6
Continuous
 62
     7
100
AcDbLine
 10
3.800212162250319
 20
23.10017921138217
 30
0.0
 11
3.900212162250629
 21
23.20017921138077
 31
0.0
  0
LINE
  5
4AA
330
1F
100
AcDbEntity
  8
0
  6
Continuous
 62
     7
100
AcDbLine
 10
3.30021216362002
 20
23.50017921137919
 30
0.0
 11
3.500212163618929
 21
23.30017921137841
 31
0.0
  0
LINE
  5
4AB
330
1F
100
AcDbEntity
  8
0
  6
Continuous
 62
     7
100
AcDbLine
 10
2.300212162270269
 20
23.5001792113801
 30
0.0
 11
3.30021216362002
 21
23.50017921137919
 31
0.0
  0
LINE
  5
4AC
330
1F
100
AcDbEntity
  8
0
  6
Continuous
 62
     7
100
AcDbLine
 10
3.800212162250319
 20
-26.09982078858668
 30
0.0
 11
3.800212162250319
 21
23.10017921138217
 31
0.0
  0
LINE
  5
4AD
330
1F
100
AcDbEntity
  8
0
  6
Continuous
 62
     7
100
AcDbLine
 10
14.10021216296627
 20
-1.49982078860177
 30
0.0
 11
14.10021216296627
 21
-25.69982078858612
 31
0.0
  0
LINE
  5
4AE
330
1F
100
AcDbEntity
  8
0
  6
Continuous
 62
     7
100
AcDbLine
 10
3.30021216362002
 20
-26.4998207885854
 30
0.0
 11
2.300212162270269
 21
-26.49982078858358
 31
0.0
  0
LINE
  5
4AF
330
1F
100
AcDbEntity
  8
0
  6
Continuous
 62
     7
100
AcDbLine
 10
3.500212163618929
 20
-26.29982078858467
 30
0.0
 11
3.30021216362002
 21
-26.4998207885854
 31
0.0
  0
LINE
  5
4B0
330
1F
100
AcDbEntity
  8
0
  6
Continuous
 62
     7
100
AcDbLine
 10
3.500212163618929
 20
23.30017921137841
 30
0.0
 11
3.500212163618929
 21
-26.29982078858467
 31
0.0
  0
LINE
  5
4B1
330
1F
100
AcDbEntity
  8
0
  6
Continuous
 62
     7
100
AcDbLine
 10
3.900212162250629
 20
-26.19982078858612
 30
0.0
 11
3.800212162250319
 21
-26.09982078858668
 31
0.0
  0
LINE
  5
4B2
330
1F
100
AcDbEntity
  8
0
  6
Continuous
 62
     7
100
AcDbLine
 10
13.60021216296627
 20
-26.19982078858612
 30
0.0
 11
3.900212162250629
 21
-26.19982078858612
 31
0.0
  0
LINE
  5
4B3
330
1F
100
AcDbEntity
  8
0
  6
Continuous
 62
     7
100
AcDbLine
 10
14.10021216296627
 20
-25.69982078858612
 30
0.0
 11
13.60021216296627
 21
-26.19982078858612
 31
0.0
  0
LINE
  5
4B4
330
1F
100
AcDbEntity
  8
0
  6
Continuous
 62
     7
100
AcDbLine
 10
7.300212162621339
 20
-14.24982078861541
 30
0.0
 11
6.800212162621339
 21
-14.24982078861541
 31
0.0
  0
LINE
  5
4B5
330
1F
100
AcDbEntity
  8
0
  6
Continuous
 62
     7
100
AcDbLine
 10
7.300212162621339
 20
-14.39982078861686
 30
0.0
 11
7.300212162621339
 21
-14.24982078861541
 31
0.0
  0
LINE
  5
4B6
330
1F
100
AcDbEntity
  8
0
  6
Continuous
 62
     7
100
AcDbLine
 10
7.300212162621339
 20
-14.39982078861686
 30
0.0
 11
7.300212162621339
 21
-11.04256722289284
 31
0.0
  0
LINE
  5
4B7
330
1F
100
AcDbEntity
  8
0
  6
Continuous
 62
     7
100
AcDbLine
 10
7.900212162620849
 20
-14.39982078861686
 30
0.0
 11
7.300212162621339
 21
-14.39982078861686
 31
0.0
  0
LINE
  5
4B8
330
1F
100
AcDbEntity
  8
0
  6
Continuous
 62
     7
100
AcDbLine
 10
7.900212162620849
 20
-13.99982078861541
 30
0.0
 11
7.900212162620849
 21
-14.39982078861686
 31
0.0
  0
LINE
  5
4B9
330
1F
100
AcDbEntity
  8
0
  6
Continuous
 62
     7
100
AcDbLine
 10
7.900212162620849
 20
-13.99982078861541
 30
0.0
 11
8.682201966890719
 21
-13.93140554574967
 31
0.0
  0
LINE
  5
4BA
330
1F
100
AcDbEntity
  8
0
  6
Continuous
 62
     7
100
AcDbLine
 10
7.900212162620849
 20
-13.99982078861541
 30
0.0
 11
7.900212162620849
 21
-11.04256722289284
 31
0.0
  0
LINE
  5
4BB
330
1F
100
AcDbEntity
  8
0
  6
Continuous
 62
     7
100
AcDbLine
 10
14.10021216296627
 20
-16.45720523303572
 30
0.0
 11
6.800212162561369
 21
-16.45720523303572
 31
0.0
  0
LINE
  5
4BC
330
1F
100
AcDbEntity
  8
0
  6
Continuous
 62
     7
100
AcDbLine
 10
6.800212162561369
 20
-16.45720523303572
 30
0.0
 11
6.800212162711429
 21
-11.04256722289284
 31
0.0
  0
LINE
  5
4BD
330
1F
100
AcDbEntity
  8
0
  6
Continuous
 62
     7
100
AcDbLine
 10
6.800212162711429
 20
-11.04256722289284
 30
0.0
 11
14.10021216296627
 21
-11.04256722289284
 31
0.0
  0
LINE
  5
4BE
330
1F
100
AcDbEntity
  8
0
  6
Continuous
 62
     7
100
AcDbLine
 10
14.10021216296627
 20
-1.49982078860177
 30
0.0
 11
14.10021216361832
 21
22.70017921138077
 31
0.0
  0
LINE
  5
4BF
330
1F
100
AcDbEntity
  8
0
  6
Continuous
 62
     7
100
AcDbLine
 10
3.70021216361874
 20
-25.39982078860322
 30
0.0
 11
3.800212162250319
 21
-25.39982078860322
 31
0.0
  0
LINE
  5
4C0
330
1F
100
AcDbEntity
  8
0
  6
Continuous
 62
     7
100
AcDbLine
 10
3.70021216361874
 20
22.40017921138417
 30
0.0
 11
3.800212162250319
 21
22.40017921138417
 31
0.0
  0
LINE
  5
4C1
330
1F
100
AcDbEntity
  8
0
  6
Continuous
 62
     7
100
AcDbLine
 10
31.50021216302775
 20
-5.499820788601769
 30
0.0
 11
14.10021216296627
 21
-5.499820788601769
 31
0.0
  0
LINE
  5
4C2
330
1F
100
AcDbEntity
  8
0
  6
Continuous
 62
     7
100
AcDbLine
 10
32.00021216302775
 20
-4.999820788601769
 30
0.0
 11
31.50021216302775
 21
-5.499820788601769
 31
0.0
  0
LINE
  5
4C3
330
1F
100
AcDbEntity
  8
0
  6
Continuous
 62
     7
100
AcDbLine
 10
32.00021216302775
 20
2.000179211398229
 30
0.0
 11
32.00021216302775
 21
-4.999820788601769
 31
0.0
  0
LINE
  5
4C4
330
1F
100
AcDbEntity
  8
0
  6
Continuous
 62
     7
100
AcDbLine
 10
31.50021216302775
 20
2.500179211398229
 30
0.0
 11
32.00021216302775
 21
2.000179211398229
 31
0.0
  0
LINE
  5
4C5
330
1F
100
AcDbEntity
  8
0
  6
Continuous
 62
     7
100
AcDbLine
 10
14.10021216296627
 20
2.500179211398229
 30
0.0
 11
31.50021216302775
 21
2.500179211398229
 31
0.0
  0
LINE
  5
4C8
330
1F
100
AcDbEntity
  8
0
  6
Continuous
 62
     7
100
AcDbLine
 10
168.4080605559115
 20
133.700179211398
 30
0.0
 11
168.4080605559115
 21
130.7001792113981
 31
0.0
  0
LINE
  5
4C9
330
1F
100
AcDbEntity
  8
0
  6
Continuous
 62
     7
100
AcDbLine
 10
168.4080605559115
 20
130.7001792113981
 30
0.0
 11
171.4080605559115
 21
130.7001792113981
 31
0.0
  0
LINE
  5
4CA
330
1F
100
AcDbEntity
  8
0
  6
Continuous
 62
     7
100
AcDbLine
 10
171.4080605559115
 20
130.7001792113981
 30
0.0
 11
171.4080605559115
 21
133.700179211398
 31
0.0
  0
LINE
  5
4CB
330
1F
100
AcDbEntity
  8
0
  6
Continuous
 62
     7
100
AcDbLine
 10
168.4080605559115
 20
133.700179211398
 30
0.0
 11
171.4080605559115
 21
133.700179211398
 31
0.0
  0
LINE
  5
4CC
330
1F
100
AcDbEntity
  8
0
  6
DASH_CENTER
 62
     1
100
AcDbLine
 10
163.4080605559115
 20
128.5001792113984
 30
0.0
 11
176.4080605559096
 21
128.5001792113984
 31
0.0
  0
LINE
  5
4CD
330
1F
100
AcDbEntity
  8
0
  6
DASH_CENTER
 62
     1
100
AcDbLine
 10
169.9080605559115
 20
122.0001792113991
 30
0.0
 11
169.9080605559115
 21
135.0001792113974
 31
0.0
  0
LINE
  5
4CE
330
1F
100
AcDbEntity
  8
0
  6
DASH_CENTER
 62
     1
100
AcDbLine
 10
97.20806055591438
 20
128.5001792113984
 30
0.0
 11
144.9080605559115
 21
128.5001792113984
 31
0.0
  0
LINE
  5
4CF
330
1F
100
AcDbEntity
  8
0
  6
DASH_CENTER
 62
     1
100
AcDbLine
 10
124.4080605559114
 20
143.5001792113984
 30
0.0
 11
141.4080605559115
 21
143.5001792113984
 31
0.0
  0
LINE
  5
4D0
330
1F
100
AcDbEntity
  8
0
  6
Continuous
 62
     7
100
AcDbLine
 10
139.9080605559114
 20
145.0001792113984
 30
0.0
 11
127.4080605559114
 21
145.0001792113984
 31
0.0
  0
LINE
  5
4D1
330
1F
100
AcDbEntity
  8
0
  6
Continuous
 62
     7
100
AcDbLine
 10
139.9080605559114
 20
142.0001792113984
 30
0.0
 11
139.9080605559114
 21
145.0001792113984
 31
0.0
  0
LINE
  5
4D2
330
1F
100
AcDbEntity
  8
0
  6
Continuous
 62
     7
100
AcDbLine
 10
127.4080605559114
 20
142.0001792113984
 30
0.0
 11
139.9080605559114
 21
142.0001792113984
 31
0.0
  0
LINE
  5
4D3
330
1F
100
AcDbEntity
  8
0
  6
Continuous
 62
     7
100
AcDbLine
 10
127.4080605559114
 20
145.0001792113984
 30
0.0
 11
127.4080605559114
 21
142.0001792113984
 31
0.0
  0
LINE
  5
4D4
330
1F
100
AcDbEntity
  8
0
  6
Continuous
 62
     7
100
AcDbLine
 10
127.4080605559114
 20
133.700179211398
 30
0.0
 11
127.4080605559114
 21
132.5001792113984
 31
0.0
  0
LINE
  5
4D5
330
1F
100
AcDbEntity
  8
0
  6
Continuous
 62
     7
100
AcDbLine
 10
139.9080605559114
 20
133.700179211398
 30
0.0
 11
127.4080605559114
 21
133.700179211398
 31
0.0
  0
LINE
  5
4D6
330
1F
100
AcDbEntity
  8
0
  6
Continuous
 62
     7
100
AcDbLine
 10
106.4080605574376
 20
158.5001792113984
 30
0.0
 11
109.9080605559114
 21
158.5001792113984
 31
0.0
  0
LINE
  5
4D7
330
1F
100
AcDbEntity
  8
0
  6
Continuous
 62
     7
100
AcDbLine
 10
106.4080605558197
 20
98.50017921140915
 30
0.0
 11
109.9080605559114
 21
98.50017921139841
 31
0.0
  0
LINE
  5
4D8
330
1F
100
AcDbEntity
  8
0
  6
Continuous
 62
     7
100
AcDbLine
 10
109.9080605559114
 20
158.5001792113984
 30
0.0
 11
109.9080605559114
 21
98.50017921139841
 31
0.0
  0
LINE
  5
4D9
330
1F
100
AcDbEntity
  8
0
  6
Continuous
 62
     7
100
AcDbLine
 10
122.008060555911
 20
132.5001792113984
 30
0.0
 11
139.4080605559115
 21
132.5001792113984
 31
0.0
  0
LINE
  5
4DA
330
1F
100
AcDbEntity
  8
0
  6
Continuous
 62
     7
100
AcDbLine
 10
139.4080605559115
 20
132.5001792113984
 30
0.0
 11
139.9080605559114
 21
132.0001792113984
 31
0.0
  0
LINE
  5
4DB
330
1F
100
AcDbEntity
  8
0
  6
Continuous
 62
     7
100
AcDbLine
 10
139.9080605559114
 20
133.700179211398
 30
0.0
 11
139.9080605559114
 21
125.0001792113984
 31
0.0
  0
LINE
  5
4DC
330
1F
100
AcDbEntity
  8
0
  6
Continuous
 62
     7
100
AcDbLine
 10
139.4080605559115
 20
124.5001792113984
 30
0.0
 11
139.9080605559114
 21
125.0001792113984
 31
0.0
  0
LINE
  5
4DD
330
1F
100
AcDbEntity
  8
0
  6
Continuous
 62
     7
100
AcDbLine
 10
139.4080605559115
 20
124.5001792113984
 30
0.0
 11
122.008060555911
 21
124.5001792113984
 31
0.0
  0
LINE
  5
4E0
330
1F
100
AcDbEntity
  8
0
  6
Continuous
 62
     7
100
AcDbLine
 10
111.6080605572574
 20
152.4001792113842
 30
0.0
 11
111.7080605558889
 21
152.4001792113842
 31
0.0
  0
LINE
  5
4E1
330
1F
100
AcDbEntity
  8
0
  6
Continuous
 62
     7
100
AcDbLine
 10
111.6080605572574
 20
104.6001792113968
 30
0.0
 11
111.7080605558889
 21
104.6001792113968
 31
0.0
  0
LINE
  5
4E2
330
1F
100
AcDbEntity
  8
0
  6
Continuous
 62
     7
100
AcDbLine
 10
122.008060555911
 20
128.5001792113984
 30
0.0
 11
122.008060555911
 21
152.7001792113808
 31
0.0
  0
LINE
  5
4E3
330
1F
100
AcDbEntity
  8
0
  6
Continuous
 62
     7
100
AcDbLine
 10
114.7080605563492
 20
118.9574327771072
 30
0.0
 11
122.0080605559209
 21
118.9574327771072
 31
0.0
  0
LINE
  5
4E4
330
1F
100
AcDbEntity
  8
0
  6
Continuous
 62
     7
100
AcDbLine
 10
114.7080605562009
 20
113.5427947669643
 30
0.0
 11
114.7080605563492
 21
118.9574327771072
 31
0.0
  0
LINE
  5
4E5
330
1F
100
AcDbEntity
  8
0
  6
Continuous
 62
     7
100
AcDbLine
 10
122.008060555911
 20
113.5427947669643
 30
0.0
 11
114.7080605562009
 21
113.5427947669643
 31
0.0
  0
LINE
  5
4E6
330
1F
100
AcDbEntity
  8
0
  6
Continuous
 62
     7
100
AcDbLine
 10
115.8080605562594
 20
116.0001792113847
 30
0.0
 11
115.8080605562594
 21
118.9574327771072
 31
0.0
  0
LINE
  5
4E7
330
1F
100
AcDbEntity
  8
0
  6
Continuous
 62
     7
100
AcDbLine
 10
115.8080605562594
 20
116.0001792113847
 30
0.0
 11
116.5900503605294
 21
116.0685944542505
 31
0.0
  0
LINE
  5
4E8
330
1F
100
AcDbEntity
  8
0
  6
Continuous
 62
     7
100
AcDbLine
 10
115.8080605562594
 20
116.0001792113847
 30
0.0
 11
115.8080605562594
 21
115.6001792113833
 31
0.0
  0
LINE
  5
4E9
330
1F
100
AcDbEntity
  8
0
  6
Continuous
 62
     7
100
AcDbLine
 10
115.8080605562594
 20
115.6001792113833
 30
0.0
 11
115.208060556261
 21
115.6001792113833
 31
0.0
  0
LINE
  5
4EA
330
1F
100
AcDbEntity
  8
0
  6
Continuous
 62
     7
100
AcDbLine
 10
115.208060556261
 20
115.6001792113833
 30
0.0
 11
115.208060556261
 21
118.9574327771072
 31
0.0
  0
LINE
  5
4EB
330
1F
100
AcDbEntity
  8
0
  6
Continuous
 62
     7
100
AcDbLine
 10
115.208060556261
 20
115.6001792113833
 30
0.0
 11
115.208060556261
 21
115.7501792113847
 31
0.0
  0
LINE
  5
4EC
330
1F
100
AcDbEntity
  8
0
  6
Continuous
 62
     7
100
AcDbLine
 10
115.208060556261
 20
115.7501792113847
 30
0.0
 11
114.708060556261
 21
115.7501792113847
 31
0.0
  0
LINE
  5
4ED
330
1F
100
AcDbEntity
  8
0
  6
Continuous
 62
     7
100
AcDbLine
 10
122.008060555911
 20
104.3001792114148
 30
0.0
 11
121.508060555911
 21
103.8001792114148
 31
0.0
  0
LINE
  5
4EE
330
1F
100
AcDbEntity
  8
0
  6
Continuous
 62
     7
100
AcDbLine
 10
121.508060555911
 20
103.8001792114148
 30
0.0
 11
111.8080605558892
 21
103.8001792114148
 31
0.0
  0
LINE
  5
4EF
330
1F
100
AcDbEntity
  8
0
  6
Continuous
 62
     7
100
AcDbLine
 10
111.8080605558892
 20
103.8001792114148
 30
0.0
 11
111.7080605558889
 21
103.9001792114135
 31
0.0
  0
LINE
  5
4F0
330
1F
100
AcDbEntity
  8
0
  6
Continuous
 62
     7
100
AcDbLine
 10
111.4080605572585
 20
153.3001792113785
 30
0.0
 11
111.4080605572585
 21
103.7001792114155
 31
0.0
  0
LINE
  5
4F1
330
1F
100
AcDbEntity
  8
0
  6
Continuous
 62
     7
100
AcDbLine
 10
111.4080605572585
 20
103.7001792114155
 30
0.0
 11
111.2080605572586
 21
103.5001792114147
 31
0.0
  0
LINE
  5
4F2
330
1F
100
AcDbEntity
  8
0
  6
Continuous
 62
     7
100
AcDbLine
 10
111.2080605572586
 20
103.5001792114147
 30
0.0
 11
110.208060555909
 21
103.5001792114165
 31
0.0
  0
LINE
  5
4F3
330
1F
100
AcDbEntity
  8
0
  6
Continuous
 62
     7
100
AcDbLine
 10
122.008060555911
 20
128.5001792113984
 30
0.0
 11
122.008060555911
 21
104.3001792114148
 31
0.0
  0
LINE
  5
4F4
330
1F
100
AcDbEntity
  8
0
  6
Continuous
 62
     7
100
AcDbLine
 10
111.7080605558889
 20
103.9001792114135
 30
0.0
 11
111.7080605558889
 21
153.1001792113821
 31
0.0
  0
LINE
  5
4F5
330
1F
100
AcDbEntity
  8
0
  6
Continuous
 62
     7
100
AcDbLine
 10
110.208060555909
 20
153.5001792113793
 30
0.0
 11
111.2080605572586
 21
153.5001792113793
 31
0.0
  0
LINE
  5
4F6
330
1F
100
AcDbEntity
  8
0
  6
Continuous
 62
     7
100
AcDbLine
 10
111.2080605572586
 20
153.5001792113793
 30
0.0
 11
111.4080605572585
 21
153.3001792113785
 31
0.0
  0
LINE
  5
4F7
330
1F
100
AcDbEntity
  8
0
  6
Continuous
 62
     7
100
AcDbLine
 10
111.7080605558889
 20
153.1001792113821
 30
0.0
 11
111.8080605558892
 21
153.2001792113808
 31
0.0
  0
LINE
  5
4F8
330
1F
100
AcDbEntity
  8
0
  6
Continuous
 62
     7
100
AcDbLine
 10
111.8080605558892
 20
153.2001792113808
 30
0.0
 11
121.508060555911
 21
153.2001792113808
 31
0.0
  0
LINE
  5
4F9
330
1F
100
AcDbEntity
  8
0
  6
Continuous
 62
     7
100
AcDbLine
 10
121.508060555911
 20
153.2001792113808
 30
0.0
 11
122.008060555911
 21
152.7001792113808
 31
0.0
  0
LINE
  5
4FD
330
1F
100
AcDbEntity
  8
0
  6
Continuous
 62
     7
100
AcDbLine
 10
126.9080605577477
 20
22.64784990544121
 30
0.0
 11
126.9080605577477
 21
19.00017921033594
 31
0.0
  0
LINE
  5
4FE
330
1F
100
AcDbEntity
  8
0
  6
Continuous
 62
     7
100
AcDbLine
 10
132.9080605577905
 20
22.64784990543757
 30
0.0
 11
132.9080605577905
 21
19.00017921033594
 31
0.0
  0
LINE
  5
502
330
1F
100
AcDbEntity
  8
0
  6
Continuous
 62
     7
100
AcDbLine
 10
107.4955642920963
 20
-10.97557992564163
 30
0.0
 11
110.6545397786226
 21
-9.151744577968027
 31
0.0
  0
LINE
  5
503
330
1F
100
AcDbEntity
  8
0
  6
Continuous
 62
     7
100
AcDbLine
 10
110.4955642923172
 20
-16.17173234827152
 30
0.0
 11
113.6545397788472
 21
-14.34789700059247
 31
0.0
  0
LINE
  5
505
330
1F
100
AcDbEntity
  8
0
  6
Continuous
 62
     7
100
AcDbLine
 10
149.3205568212246
 20
-16.1717323481351
 30
0.0
 11
146.1615813344847
 21
-14.34789700083258
 31
0.0
  0
LINE
  5
506
330
1F
100
AcDbEntity
  8
0
  6
Continuous
 62
     7
100
AcDbLine
 10
152.3205568208435
 20
-10.97557992515777
 30
0.0
 11
149.1615813341001
 21
-9.151744577851619
 31
0.0
  0
LINE
  5
50D
330
1F
100
AcDbEntity
  8
0
  6
DASH_CENTER
 62
     1
100
AcDbLine
 10
107.8243546040262
 20
-14.24972005781984
 30
0.0
 11
116.4846667975756
 21
-9.249820789116538
 31
0.0
  0
LINE
  5
50E
330
1F
100
AcDbEntity
  8
0
  6
DASH_CENTER
 62
     1
100
AcDbLine
 10
151.9916501970415
 20
-14.24992152035412
 30
0.0
 11
143.3314543170112
 21
-9.24982079072544
 31
0.0
  0
LINE
  5
50F
330
1F
100
AcDbEntity
  8
0
  6
Continuous
 62
     7
100
AcDbLine
 10
6.799912162331449
 20
-137.8517721328664
 30
0.0
 11
14.1002121634773
 21
-137.8517721328664
 31
0.0
  0
LINE
  5
510
330
1F
100
AcDbEntity
  8
0
  6
Continuous
 62
     7
100
AcDbLine
 10
6.799912162254149
 20
-140.996058226355
 30
0.0
 11
6.799912162331449
 21
-137.8517721328664
 31
0.0
  0
LINE
  5
511
330
1F
100
AcDbEntity
  8
0
  6
Continuous
 62
     7
100
AcDbLine
 10
14.10021216353914
 20
-140.996058226355
 30
0.0
 11
6.799912162254149
 21
-140.996058226355
 31
0.0
  0
LINE
  5
512
330
1F
100
AcDbEntity
  8
0
  6
Continuous
 62
     7
100
AcDbLine
 10
7.899912162313629
 20
-138.2106360411919
 30
0.0
 11
7.899912162313629
 21
-137.8517721328664
 31
0.0
  0
LINE
  5
513
330
1F
100
AcDbEntity
  8
0
  6
Continuous
 62
     7
100
AcDbLine
 10
7.899912162313629
 20
-138.2106360411919
 30
0.0
 11
8.681901966583499
 21
-138.1422207983234
 31
0.0
  0
LINE
  5
514
330
1F
100
AcDbEntity
  8
0
  6
Continuous
 62
     7
100
AcDbLine
 10
7.899912162313629
 20
-138.2106360411919
 30
0.0
 11
7.899912162313629
 21
-138.6106360411915
 31
0.0
  0
LINE
  5
515
330
1F
100
AcDbEntity
  8
0
  6
Continuous
 62
     7
100
AcDbLine
 10
7.899912162313629
 20
-138.6106360411915
 30
0.0
 11
7.299912162314109
 21
-138.6106360411915
 31
0.0
  0
LINE
  5
516
330
1F
100
AcDbEntity
  8
0
  6
Continuous
 62
     7
100
AcDbLine
 10
7.299912162314109
 20
-138.6106360411915
 30
0.0
 11
7.299912162314109
 21
-137.8517721328664
 31
0.0
  0
LINE
  5
517
330
1F
100
AcDbEntity
  8
0
  6
Continuous
 62
     7
100
AcDbLine
 10
7.299912162314109
 20
-138.6106360411915
 30
0.0
 11
7.299912162314109
 21
-138.4606360411919
 31
0.0
  0
LINE
  5
518
330
1F
100
AcDbEntity
  8
0
  6
Continuous
 62
     7
100
AcDbLine
 10
7.299912162314109
 20
-138.4606360411919
 30
0.0
 11
6.799912162314109
 21
-138.4606360411919
 31
0.0
  0
LINE
  5
519
330
1F
100
AcDbEntity
  8
0
  6
Continuous
 62
     7
100
AcDbLine
 10
6.799912162314109
 20
-97.95359448320159
 30
0.0
 11
7.299912162314109
 21
-97.95359448320159
 31
0.0
  0
LINE
  5
51A
330
1F
100
AcDbEntity
  8
0
  6
Continuous
 62
     7
100
AcDbLine
 10
7.299912162314109
 20
-97.95359448320159
 30
0.0
 11
7.299912162314109
 21
-97.80359448320012
 31
0.0
  0
LINE
  5
51B
330
1F
100
AcDbEntity
  8
0
  6
Continuous
 62
     7
100
AcDbLine
 10
7.299912162314109
 20
-98.56245839152615
 30
0.0
 11
7.299912162314109
 21
-97.80359448320012
 31
0.0
  0
LINE
  5
51C
330
1F
100
AcDbEntity
  8
0
  6
Continuous
 62
     7
100
AcDbLine
 10
7.299912162314109
 20
-97.80359448320012
 30
0.0
 11
7.899912162313629
 21
-97.80359448320012
 31
0.0
  0
LINE
  5
51D
330
1F
100
AcDbEntity
  8
0
  6
Continuous
 62
     7
100
AcDbLine
 10
7.899912162313629
 20
-97.80359448320012
 30
0.0
 11
7.899912162313629
 21
-98.20359448320159
 31
0.0
  0
LINE
  5
51E
330
1F
100
AcDbEntity
  8
0
  6
Continuous
 62
     7
100
AcDbLine
 10
8.681901966583499
 20
-98.27200972606824
 30
0.0
 11
7.899912162313629
 21
-98.20359448320159
 31
0.0
  0
LINE
  5
51F
330
1F
100
AcDbEntity
  8
0
  6
Continuous
 62
     7
100
AcDbLine
 10
7.899912162313629
 20
-98.56245839152615
 30
0.0
 11
7.899912162313629
 21
-98.20359448320159
 31
0.0
  0
LINE
  5
520
330
1F
100
AcDbEntity
  8
0
  6
Continuous
 62
     7
100
AcDbLine
 10
6.799912162254149
 20
-95.41817229803852
 30
0.0
 11
14.10021216353914
 21
-95.41817229803852
 31
0.0
  0
LINE
  5
521
330
1F
100
AcDbEntity
  8
0
  6
Continuous
 62
     7
100
AcDbLine
 10
6.799912162331449
 20
-98.56245839152615
 30
0.0
 11
6.799912162254149
 21
-95.41817229803852
 31
0.0
  0
LINE
  5
522
330
1F
100
AcDbEntity
  8
0
  6
Continuous
 62
     7
100
AcDbLine
 10
14.1002121634773
 20
-98.56245839152615
 30
0.0
 11
6.799912162331449
 21
-98.56245839152615
 31
0.0
  0
LINE
  5
523
330
1F
100
AcDbEntity
  8
0
  6
Continuous
 62
     7
100
AcDbLine
 10
3.69991216331152
 20
-94.30711526221074
 30
0.0
 11
3.7999121619431
 21
-94.30711526221074
 31
0.0
  0
LINE
  5
524
330
1F
100
AcDbEntity
  8
0
  6
Continuous
 62
     7
100
AcDbLine
 10
3.69991216331152
 20
-142.1071152621982
 30
0.0
 11
3.7999121619431
 21
-142.1071152621982
 31
0.0
  0
LINE
  5
525
330
1F
100
AcDbEntity
  8
0
  6
Continuous
 62
     7
100
AcDbLine
 10
14.10021216353914
 20
-118.2071152621967
 30
0.0
 11
14.10021216353914
 21
-94.00711526221238
 31
0.0
  0
LINE
  5
526
330
1F
100
AcDbEntity
  8
0
  6
Continuous
 62
     7
100
AcDbLine
 10
14.10021216353914
 20
-142.407115262181
 30
0.0
 11
13.60021216353914
 21
-142.907115262181
 31
0.0
  0
LINE
  5
527
330
1F
100
AcDbEntity
  8
0
  6
Continuous
 62
     7
100
AcDbLine
 10
13.60021216353914
 20
-142.907115262181
 30
0.0
 11
3.89991216194346
 21
-142.907115262181
 31
0.0
  0
LINE
  5
528
330
1F
100
AcDbEntity
  8
0
  6
Continuous
 62
     7
100
AcDbLine
 10
3.89991216194346
 20
-142.907115262181
 30
0.0
 11
3.7999121619431
 21
-142.8071152621817
 31
0.0
  0
LINE
  5
529
330
1F
100
AcDbEntity
  8
0
  6
Continuous
 62
     7
100
AcDbLine
 10
3.499912163311709
 20
-93.40711526221657
 30
0.0
 11
3.499912163311709
 21
-143.0071152621787
 31
0.0
  0
LINE
  5
52A
330
1F
100
AcDbEntity
  8
0
  6
Continuous
 62
     7
100
AcDbLine
 10
3.499912163311709
 20
-143.0071152621787
 30
0.0
 11
3.2999121633128
 21
-143.2071152621803
 31
0.0
  0
LINE
  5
52B
330
1F
100
AcDbEntity
  8
0
  6
Continuous
 62
     7
100
AcDbLine
 10
3.2999121633128
 20
-143.2071152621803
 30
0.0
 11
2.299912161963109
 21
-143.2071152621785
 31
0.0
  0
LINE
  5
52C
330
1F
100
AcDbEntity
  8
0
  6
Continuous
 62
     7
100
AcDbLine
 10
14.10021216353914
 20
-118.2071152621967
 30
0.0
 11
14.10021216353914
 21
-142.407115262181
 31
0.0
  0
LINE
  5
52D
330
1F
100
AcDbEntity
  8
0
  6
Continuous
 62
     7
100
AcDbLine
 10
3.7999121619431
 20
-142.8071152621817
 30
0.0
 11
3.7999121619431
 21
-93.60711526221184
 31
0.0
  0
LINE
  5
52E
330
1F
100
AcDbEntity
  8
0
  6
Continuous
 62
     7
100
AcDbLine
 10
2.299912161963109
 20
-93.20711526221492
 30
0.0
 11
3.2999121633128
 21
-93.20711526221492
 31
0.0
  0
LINE
  5
52F
330
1F
100
AcDbEntity
  8
0
  6
Continuous
 62
     7
100
AcDbLine
 10
3.2999121633128
 20
-93.20711526221492
 30
0.0
 11
3.499912163311709
 21
-93.40711526221657
 31
0.0
  0
LINE
  5
530
330
1F
100
AcDbEntity
  8
0
  6
Continuous
 62
     7
100
AcDbLine
 10
3.7999121619431
 20
-93.60711526221184
 30
0.0
 11
3.89991216194346
 21
-93.50711526221237
 31
0.0
  0
LINE
  5
531
330
1F
100
AcDbEntity
  8
0
  6
Continuous
 62
     7
100
AcDbLine
 10
3.89991216194346
 20
-93.50711526221237
 30
0.0
 11
13.60021216353914
 21
-93.50711526221237
 31
0.0
  0
LINE
  5
532
330
1F
100
AcDbEntity
  8
0
  6
Continuous
 62
     7
100
AcDbLine
 10
13.60021216353914
 20
-93.50711526221237
 30
0.0
 11
14.10021216353914
 21
-94.00711526221238
 31
0.0
  0
LINE
  5
533
330
1F
100
AcDbEntity
  8
0
  6
Continuous
 62
     7
100
AcDbLine
 10
31.50021216330862
 20
-122.2071152621967
 30
0.0
 11
14.10021216353914
 21
-122.2071152621967
 31
0.0
  0
LINE
  5
534
330
1F
100
AcDbEntity
  8
0
  6
Continuous
 62
     7
100
AcDbLine
 10
32.00021216330862
 20
-121.7071152621967
 30
0.0
 11
31.50021216330862
 21
-122.2071152621967
 31
0.0
  0
LINE
  5
535
330
1F
100
AcDbEntity
  8
0
  6
Continuous
 62
     7
100
AcDbLine
 10
32.00021216330862
 20
-114.7071152621967
 30
0.0
 11
32.00021216330862
 21
-121.7071152621967
 31
0.0
  0
LINE
  5
536
330
1F
100
AcDbEntity
  8
0
  6
Continuous
 62
     7
100
AcDbLine
 10
31.50021216330862
 20
-114.2071152621967
 30
0.0
 11
32.00021216330862
 21
-114.7071152621967
 31
0.0
  0
LINE
  5
537
330
1F
100
AcDbEntity
  8
0
  6
Continuous
 62
     7
100
AcDbLine
 10
14.10021216353914
 20
-114.2071152621967
 30
0.0
 11
31.50021216330862
 21
-114.2071152621967
 31
0.0
  0
ARC
  5
5B0
330
1F
100
AcDbEntity
  8
0
  6
Continuous
 62
     7
100
AcDbCircle
 10
-33.83408429655094
 20
-195.080546920727
 30
0.0
 40
1.499999999999829
100
AcDbArc
 50
180.0
 51
270.0
  0
ARC
  5
5B2
330
1F
100
AcDbEntity
  8
0
  6
Continuous
 62
     7
100
AcDbCircle
 10
-73.49978783504877
 20
17.69585879449295
 30
0.0
 40
2.000000000013084
100
AcDbArc
 50
135.9710219311195
 51
179.9999999998436
  0
ARC
  5
5B3
330
1F
100
AcDbEntity
  8
0
  6
Continuous
 62
     7
100
AcDbCircle
 10
-73.59978783505646
 20
21.90882004519346
 30
0.0
 40
0.9999999999928748
100
AcDbArc
 50
315.971021930693
 51
0.0
  0
ARC
  5
5B4
330
1F
100
AcDbEntity
  8
0
  6
Continuous
 62
     7
100
AcDbCircle
 10
-73.59978783505646
 20
-24.90846162239706
 30
0.0
 40
1.0
100
AcDbArc
 50
359.9999999998956
 51
44.02897806923445
  0
ARC
  5
5B5
330
1F
100
AcDbEntity
  8
0
  6
Continuous
 62
     7
100
AcDbCircle
 10
-73.49978783504877
 20
-20.69550037169739
 30
0.0
 40
2.000000000010899
100
AcDbArc
 50
180.0000000001825
 51
224.0289780688619
  0
ARC
  5
5B6
330
1F
100
AcDbEntity
  8
0
  6
Continuous
 62
     7
100
AcDbCircle
 10
-68.29978783506716
 20
-27.99982078860177
 30
0.0
 40
6.0
100
AcDbArc
 50
180.0
 51
195.4427158275859
  0
ARC
  5
5B7
330
1F
100
AcDbEntity
  8
0
  6
Continuous
 62
     7
100
AcDbCircle
 10
-73.31205304512796
 20
-26.61519178994315
 30
0.0
 40
0.8000000000015781
100
AcDbArc
 50
95.00000000020424
 51
164.557284172475
  0
ARC
  5
5B8
330
1F
100
AcDbEntity
  8
0
  6
Continuous
 62
     7
100
AcDbCircle
 10
-68.29978783506716
 20
-27.99982078860177
 30
0.0
 40
5.9999999999957
100
AcDbArc
 50
164.5572841724223
 51
180.0
  0
ARC
  5
5B9
330
1F
100
AcDbEntity
  8
0
  6
Continuous
 62
     7
100
AcDbCircle
 10
-73.31205304512796
 20
-29.38444978726495
 30
0.0
 40
0.8000000000031652
100
AcDbArc
 50
195.4427158272737
 51
264.9999999997731
  0
ARC
  5
5BA
330
1F
100
AcDbEntity
  8
0
  6
Continuous
 62
     7
100
AcDbCircle
 10
-69.19978783506957
 20
15.00017921139823
 30
0.0
 40
6.0
100
AcDbArc
 50
180.0
 51
195.4427158275908
  0
ARC
  5
5BB
330
1F
100
AcDbEntity
  8
0
  6
Continuous
 62
     7
100
AcDbCircle
 10
-74.21205304513856
 20
16.38480821005686
 30
0.0
 40
0.8000000000006181
100
AcDbArc
 50
94.99999999941845
 51
164.5572841722823
  0
ARC
  5
5BC
330
1F
100
AcDbEntity
  8
0
  6
Continuous
 62
     7
100
AcDbCircle
 10
-69.19978783506957
 20
15.00017921139823
 30
0.0
 40
5.999999999993862
100
AcDbArc
 50
164.5572841724175
 51
180.0
  0
ARC
  5
5BD
330
1F
100
AcDbEntity
  8
0
  6
Continuous
 62
     7
100
AcDbCircle
 10
-74.21205304513856
 20
13.61555021273506
 30
0.0
 40
0.7999999999934268
100
AcDbArc
 50
195.4427158274664
 51
265.0000000005588
  0
ARC
  5
5BE
330
1F
100
AcDbEntity
  8
0
  6
Continuous
 62
     7
100
AcDbCircle
 10
-73.31205304512796
 20
23.61555021273506
 30
0.0
 40
0.8000000000031652
100
AcDbArc
 50
195.4427158272737
 51
264.9999999997731
  0
ARC
  5
5BF
330
1F
100
AcDbEntity
  8
0
  6
Continuous
 62
     7
100
AcDbCircle
 10
-68.29978783506716
 20
25.00017921139829
 30
0.0
 40
5.999999999995682
100
AcDbArc
 50
164.5572841724229
 51
180.0
  0
ARC
  5
5C0
330
1F
100
AcDbEntity
  8
0
  6
Continuous
 62
     7
100
AcDbCircle
 10
-73.31205304512796
 20
26.38480821005686
 30
0.0
 40
0.8000000000015781
100
AcDbArc
 50
95.00000000020424
 51
164.557284172475
  0
ARC
  5
5C1
330
1F
100
AcDbEntity
  8
0
  6
Continuous
 62
     7
100
AcDbCircle
 10
-68.29978783506716
 20
25.00017921139829
 30
0.0
 40
6.0
100
AcDbArc
 50
180.0
 51
195.4427158275865
  0
ARC
  5
5C2
330
1F
100
AcDbEntity
  8
0
  6
Continuous
 62
     7
100
AcDbCircle
 10
-20.69898783507512
 20
27.3501792113841
 30
0.0
 40
4.5
100
AcDbArc
 50
90.0
 51
91.27334436138999
  0
ARC
  5
5C3
330
1F
100
AcDbEntity
  8
0
  6
Continuous
 62
     7
100
AcDbCircle
 10
-20.69898783507512
 20
27.3501792113841
 30
0.0
 40
4.499999999998637
100
AcDbArc
 50
73.61231286968055
 51
90.0
  0
ARC
  5
5C4
330
1F
100
AcDbEntity
  8
0
  6
Continuous
 62
     7
100
AcDbCircle
 10
-19.59866018987401
 20
31.09174025902138
 30
0.0
 40
0.5999999999943942
100
AcDbArc
 50
5.00000000029946
 51
73.61231287013957
  0
ARC
  5
5C7
330
1F
100
AcDbEntity
  8
0
  6
Continuous
 62
     7
100
AcDbCircle
 10
140.1080605559112
 20
33.90017921139605
 30
0.0
 40
0.6000000003029812
100
AcDbArc
 50
0.00181965276923
 51
179.9981803472308
  0
ARC
  5
5C8
330
1F
100
AcDbEntity
  8
0
  6
Continuous
 62
     7
100
AcDbCircle
 10
140.1080605559112
 20
27.3501792113986
 30
0.0
 40
4.5
100
AcDbArc
 50
90.0
 51
106.387687130301
  0
ARC
  5
5C9
330
1F
100
AcDbEntity
  8
0
  6
Continuous
 62
     7
100
AcDbCircle
 10
139.0077329107101
 20
31.09174025903497
 30
0.0
 40
0.5999999999993604
100
AcDbArc
 50
106.3876871296965
 51
174.9999999998548
  0
ARC
  5
5CA
330
1F
100
AcDbEntity
  8
0
  6
Continuous
 62
     7
100
AcDbCircle
 10
141.2083882011125
 20
31.09174025903497
 30
0.0
 40
0.5999999999942494
100
AcDbArc
 50
5.000000000137542
 51
73.61231287013949
  0
ARC
  5
5CB
330
1F
100
AcDbEntity
  8
0
  6
Continuous
 62
     7
100
AcDbCircle
 10
140.1080605559112
 20
27.3501792113986
 30
0.0
 40
4.499999999997782
100
AcDbArc
 50
73.61231286967589
 51
90.0
  0
ARC
  5
5CC
330
1F
100
AcDbEntity
  8
0
  6
DASH_CENTER
 62
     1
100
AcDbCircle
 10
129.9080605559115
 20
-1.49982078860177
 30
0.0
 40
35.00000000000409
100
AcDbArc
 50
307.2181643696584
 51
322.7818356303363
  0
ARC
  5
5CD
330
1F
100
AcDbEntity
  8
0
  6
Continuous
 62
     7
100
AcDbCircle
 10
154.9080605559123
 20
-26.4998207886045
 30
0.0
 40
5.0
100
AcDbArc
 50
270.0
 51
0.0
  0
ARC
  5
5CE
330
1F
100
AcDbEntity
  8
0
  6
DASH_CENTER
 62
     1
100
AcDbCircle
 10
129.9080605559115
 20
-1.499820788604489
 30
0.0
 40
35.00000000000239
100
AcDbArc
 50
37.21816436966238
 51
52.78183563033976
  0
ARC
  5
5CF
330
1F
100
AcDbEntity
  8
0
  6
Continuous
 62
     7
100
AcDbCircle
 10
154.9080605559143
 20
23.50017921139829
 30
0.0
 40
5.0
100
AcDbArc
 50
0.0
 51
90.0
  0
ARC
  5
5D0
330
1F
100
AcDbEntity
  8
0
  6
Continuous
 62
     7
100
AcDbCircle
 10
104.908060555907
 20
23.50017921139829
 30
0.0
 40
5.0
100
AcDbArc
 50
90.0
 51
180.0
  0
ARC
  5
5D1
330
1F
100
AcDbEntity
  8
0
  6
DASH_CENTER
 62
     1
100
AcDbCircle
 10
129.9080605559115
 20
-1.499820788604489
 30
0.0
 40
35.00000000000374
100
AcDbArc
 50
127.2181643696625
 51
142.7818356303376
  0
ARC
  5
5D2
330
1F
100
AcDbEntity
  8
0
  6
Continuous
 62
     7
100
AcDbCircle
 10
104.9080605559096
 20
-26.4998207886045
 30
0.0
 40
5.000000000000013
100
AcDbArc
 50
180.0
 51
270.0
  0
ARC
  5
5D3
330
1F
100
AcDbEntity
  8
0
  6
DASH_CENTER
 62
     1
100
AcDbCircle
 10
129.9080605559115
 20
-1.49982078860177
 30
0.0
 40
35.00000000000297
100
AcDbArc
 50
217.2181643696636
 51
232.7818356303405
  0
ARC
  5
5D4
330
1F
100
AcDbEntity
  8
0
  6
Continuous
 62
     7
100
AcDbCircle
 10
-74.21205304641637
 20
103.3848082100596
 30
0.0
 40
0.7999999999987957
100
AcDbArc
 50
94.99999999942991
 51
164.5572841724079
  0
ARC
  5
5D5
330
1F
100
AcDbEntity
  8
0
  6
Continuous
 62
     7
100
AcDbCircle
 10
-69.19978783634826
 20
102.0001792113984
 30
0.0
 40
6.0
100
AcDbArc
 50
180.0
 51
195.4427158275863
  0
ARC
  5
5D6
330
1F
100
AcDbEntity
  8
0
  6
Continuous
 62
     7
100
AcDbCircle
 10
-74.21205304641637
 20
100.6155502127396
 30
0.0
 40
0.7999999999943959
100
AcDbArc
 50
195.4427158277177
 51
265.0000000005816
  0
ARC
  5
5D7
330
1F
100
AcDbEntity
  8
0
  6
Continuous
 62
     7
100
AcDbCircle
 10
-69.19978783634826
 20
102.0001792113984
 30
0.0
 40
5.999999999993201
100
AcDbArc
 50
164.5572841724083
 51
180.0
  0
ARC
  5
5D8
330
1F
100
AcDbEntity
  8
0
  6
Continuous
 62
     7
100
AcDbCircle
 10
-69.19978783634826
 20
155.0001792113984
 30
0.0
 40
5.999999999993174
100
AcDbArc
 50
164.5572841724092
 51
180.0
  0
ARC
  5
5D9
330
1F
100
AcDbEntity
  8
0
  6
Continuous
 62
     7
100
AcDbCircle
 10
-74.21205304641637
 20
153.6155502127396
 30
0.0
 40
0.7999999999944186
100
AcDbArc
 50
195.4427158277236
 51
265.0000000005821
  0
ARC
  5
5DA
330
1F
100
AcDbEntity
  8
0
  6
Continuous
 62
     7
100
AcDbCircle
 10
-69.19978783634826
 20
155.0001792113984
 30
0.0
 40
6.0
100
AcDbArc
 50
180.0
 51
195.4427158275871
  0
ARC
  5
5DB
330
1F
100
AcDbEntity
  8
0
  6
Continuous
 62
     7
100
AcDbCircle
 10
-74.21205304641637
 20
156.3848082100595
 30
0.0
 40
0.7999999999988098
100
AcDbArc
 50
94.99999999942982
 51
164.5572841724079
  0
ARC
  5
5DC
330
1F
100
AcDbEntity
  8
0
  6
Continuous
 62
     7
100
AcDbCircle
 10
-68.29978783634867
 20
138.0001792113984
 30
0.0
 40
5.999999999994036
100
AcDbArc
 50
164.5572841724115
 51
180.0
  0
ARC
  5
5DD
330
1F
100
AcDbEntity
  8
0
  6
Continuous
 62
     7
100
AcDbCircle
 10
-73.31205304641767
 20
136.6155502127396
 30
0.0
 40
0.7999999999944186
100
AcDbArc
 50
195.4427158277236
 51
265.0000000005821
  0
ARC
  5
5DE
330
1F
100
AcDbEntity
  8
0
  6
Continuous
 62
     7
100
AcDbCircle
 10
-68.29978783634867
 20
138.0001792113984
 30
0.0
 40
6.0
100
AcDbArc
 50
180.0
 51
195.4427158275849
  0
ARC
  5
5DF
330
1F
100
AcDbEntity
  8
0
  6
Continuous
 62
     7
100
AcDbCircle
 10
-73.31205304641767
 20
139.3848082100595
 30
0.0
 40
0.7999999999988098
100
AcDbArc
 50
94.99999999942982
 51
164.5572841724079
  0
ARC
  5
5E0
330
1F
100
AcDbEntity
  8
0
  6
Continuous
 62
     7
100
AcDbCircle
 10
-73.49978783632756
 20
109.3044996283026
 30
0.0
 40
2.000000000019995
100
AcDbArc
 50
180.0000000001547
 51
224.0289780688077
  0
ARC
  5
5E1
330
1F
100
AcDbEntity
  8
0
  6
Continuous
 62
     7
100
AcDbCircle
 10
-73.59978783633877
 20
105.0915383776029
 30
0.0
 40
0.999999999990905
100
AcDbArc
 50
0.0
 51
44.02897806923963
  0
ARC
  5
5E2
330
1F
100
AcDbEntity
  8
0
  6
Continuous
 62
     7
100
AcDbCircle
 10
-73.59978783633877
 20
151.9088200451935
 30
0.0
 40
0.9999999999929059
100
AcDbArc
 50
315.9710219307651
 51
0.0000000001547
  0
ARC
  5
5E3
330
1F
100
AcDbEntity
  8
0
  6
Continuous
 62
     7
100
AcDbCircle
 10
-73.49978783632756
 20
147.6958587944929
 30
0.0
 40
2.000000000014998
100
AcDbArc
 50
135.9710219311735
 51
179.999999999759
  0
ARC
  5
5E4
330
1F
100
AcDbEntity
  8
0
  6
Continuous
 62
     7
100
AcDbCircle
 10
-20.69898783636302
 20
138.700179211398
 30
0.0
 40
2.399999999999947
100
AcDbArc
 50
119.9999999999957
 51
267.6119845367453
  0
ARC
  5
5E5
330
1F
100
AcDbEntity
  8
0
  6
DASH_CENTER
 62
     1
100
AcDbCircle
 10
-176.9993812017011
 20
-1.49982078860177
 30
0.0
 40
35.00000000000648
100
AcDbArc
 50
217.2181643696536
 51
232.7818356303391
  0
ARC
  5
5E6
330
1F
100
AcDbEntity
  8
0
  6
Continuous
 62
     7
100
AcDbCircle
 10
-201.9993812017011
 20
-26.49982078860177
 30
0.0
 40
5.0
100
AcDbArc
 50
180.0
 51
270.0
  0
ARC
  5
5E7
330
1F
100
AcDbEntity
  8
0
  6
Continuous
 62
     7
100
AcDbCircle
 10
-151.9993812017011
 20
-26.49982078860177
 30
0.0
 40
5.0
100
AcDbArc
 50
270.0
 51
0.0
  0
ARC
  5
5E8
330
1F
100
AcDbEntity
  8
0
  6
DASH_CENTER
 62
     1
100
AcDbCircle
 10
-176.9993812017011
 20
-1.49982078860177
 30
0.0
 40
34.99999999999679
100
AcDbArc
 50
307.2181643696525
 51
322.7818356303381
  0
ARC
  5
5E9
330
1F
100
AcDbEntity
  8
0
  6
DASH_CENTER
 62
     1
100
AcDbCircle
 10
-176.9993812017011
 20
-1.49982078860177
 30
0.0
 40
34.99999999999715
100
AcDbArc
 50
37.21816436965587
 51
52.78183563034563
  0
ARC
  5
5EA
330
1F
100
AcDbEntity
  8
0
  6
Continuous
 62
     7
100
AcDbCircle
 10
-201.9993812017011
 20
23.50017921139829
 30
0.0
 40
4.99999999999898
100
AcDbArc
 50
90.0
 51
180.0000000000117
  0
ARC
  5
5EB
330
1F
100
AcDbEntity
  8
0
  6
DASH_CENTER
 62
     1
100
AcDbCircle
 10
-176.9993812017011
 20
-1.49982078860177
 30
0.0
 40
34.99999999999919
100
AcDbArc
 50
127.2181643696627
 51
142.7818356303523
  0
ARC
  5
5EC
330
1F
100
AcDbEntity
  8
0
  6
Continuous
 62
     7
100
AcDbCircle
 10
-194.9993812017011
 20
26.50017921139727
 30
0.0
 40
2.0
100
AcDbArc
 50
90.0
 51
180.0
  0
ARC
  5
5ED
330
1F
100
AcDbEntity
  8
0
  6
Continuous
 62
     7
100
AcDbCircle
 10
-150.9993812017011
 20
-27.49982078860177
 30
0.0
 40
6.0
100
AcDbArc
 50
90.0
 51
180.0
  0
ARC
  5
5EE
330
1F
100
AcDbEntity
  8
0
  6
Continuous
 62
     7
100
AcDbCircle
 10
-149.9993812017011
 20
-18.49982078860177
 30
0.0
 40
3.0
100
AcDbArc
 50
270.0
 51
0.0
  0
ARC
  5
5EF
330
1F
100
AcDbEntity
  8
0
  6
Continuous
 62
     7
100
AcDbCircle
 10
-159.9993812017011
 20
-28.49982078860177
 30
0.0
 40
3.0
100
AcDbArc
 50
270.0
 51
0.0
  0
ARC
  5
5F0
330
1F
100
AcDbEntity
  8
0
  6
Continuous
 62
     7
100
AcDbCircle
 10
-149.9993812017011
 20
15.50017921139823
 30
0.0
 40
3.0
100
AcDbArc
 50
0.0
 51
90.0
  0
ARC
  5
5F1
330
1F
100
AcDbEntity
  8
0
  6
Continuous
 62
     7
100
AcDbCircle
 10
-202.9993812017011
 20
24.50017921139727
 30
0.0
 40
5.999999999999041
100
AcDbArc
 50
270.0
 51
0.0
  0
ARC
  5
5F2
330
1F
100
AcDbEntity
  8
0
  6
Continuous
 62
     7
100
AcDbCircle
 10
-203.9993812017011
 20
15.50017921139823
 30
0.0
 40
3.0
100
AcDbArc
 50
90.0
 51
180.0
  0
ARC
  5
5F3
330
1F
100
AcDbEntity
  8
0
  6
Continuous
 62
     7
100
AcDbCircle
 10
-203.9993812017011
 20
-18.49982078860177
 30
0.0
 40
3.0
100
AcDbArc
 50
180.0
 51
270.0
  0
ARC
  5
5F4
330
1F
100
AcDbEntity
  8
0
  6
Continuous
 62
     7
100
AcDbCircle
 10
-193.9993812017011
 20
-28.49982078860177
 30
0.0
 40
3.0
100
AcDbArc
 50
180.0
 51
270.0
  0
ARC
  5
5F5
330
1F
100
AcDbEntity
  8
0
  6
Continuous
 62
     7
100
AcDbCircle
 10
-202.9993812017011
 20
-27.49982078860177
 30
0.0
 40
6.0
100
AcDbArc
 50
0.0
 51
90.0
  0
ARC
  5
5F6
330
1F
100
AcDbEntity
  8
0
  6
Continuous
 62
     7
100
AcDbCircle
 10
-160.4993812017011
 20
-27.99982078860177
 30
0.0
 40
3.499999999996361
100
AcDbArc
 50
90.0
 51
180.0
  0
ARC
  5
5F7
330
1F
100
AcDbEntity
  8
0
  6
Continuous
 62
     7
100
AcDbCircle
 10
-193.4993812017011
 20
25.00017921139727
 30
0.0
 40
3.499999999997221
100
AcDbArc
 50
270.0
 51
0.0
  0
ARC
  5
5F8
330
1F
100
AcDbEntity
  8
0
  6
Continuous
 62
     7
100
AcDbCircle
 10
-156.7439438482408
 20
-23.49982078860177
 30
0.0
 40
1.0
100
AcDbArc
 50
270.0
 51
325.1500954209461
  0
ARC
  5
5F9
330
1F
100
AcDbEntity
  8
0
  6
Continuous
 62
     7
100
AcDbCircle
 10
-164.9993812017011
 20
-30.49982078860177
 30
0.0
 40
1.0
100
AcDbArc
 50
270.0
 51
0.0
  0
ARC
  5
5FA
330
1F
100
AcDbEntity
  8
0
  6
Continuous
 62
     7
100
AcDbCircle
 10
-197.2548185551697
 20
20.50017921140005
 30
0.0
 40
1.0
100
AcDbArc
 50
90.0
 51
145.1500954209832
  0
ARC
  5
5FB
330
1F
100
AcDbEntity
  8
0
  6
Continuous
 62
     7
100
AcDbCircle
 10
-150.2493812017011
 20
15.25017921139823
 30
0.0
 40
3.0
100
AcDbArc
 50
0.0
 51
90.0
  0
ARC
  5
5FC
330
1F
100
AcDbEntity
  8
0
  6
Continuous
 62
     7
100
AcDbCircle
 10
-193.5493812017104
 20
25.05017921141031
 30
0.0
 40
3.800000000012008
100
AcDbArc
 50
270.0000000001234
 51
359.9999999998628
  0
ARC
  5
5FD
330
1F
100
AcDbEntity
  8
0
  6
Continuous
 62
     7
100
AcDbCircle
 10
-150.7493812017011
 20
18.75017921139823
 30
0.0
 40
0.5
100
AcDbArc
 50
180.0
 51
270.0
  0
ARC
  5
5FE
330
1F
100
AcDbEntity
  8
0
  6
Continuous
 62
     7
100
AcDbCircle
 10
-152.2493812017011
 20
27.25017921139829
 30
0.0
 40
1.0
100
AcDbArc
 50
0.0
 51
90.0
  0
ARC
  5
5FF
330
1F
100
AcDbEntity
  8
0
  6
Continuous
 62
     7
100
AcDbCircle
 10
-202.7493812017011
 20
24.25017921139727
 30
0.0
 40
5.999999999999041
100
AcDbArc
 50
270.0
 51
325.150095420972
  0
ARC
  5
600
330
1F
100
AcDbEntity
  8
0
  6
Continuous
 62
     7
100
AcDbCircle
 10
-203.7493812017011
 20
15.25017921139823
 30
0.0
 40
3.0
100
AcDbArc
 50
90.0
 51
180.0
  0
ARC
  5
601
330
1F
100
AcDbEntity
  8
0
  6
Continuous
 62
     7
100
AcDbCircle
 10
-193.7493812017011
 20
-28.24982078860177
 30
0.0
 40
3.0
100
AcDbArc
 50
180.0
 51
270.0
  0
ARC
  5
602
330
1F
100
AcDbEntity
  8
0
  6
Continuous
 62
     7
100
AcDbCircle
 10
-203.7493812017002
 20
-18.24982078860177
 30
0.0
 40
3.0
100
AcDbArc
 50
180.0
 51
269.9999999999826
  0
ARC
  5
603
330
1F
100
AcDbEntity
  8
0
  6
Continuous
 62
     7
100
AcDbCircle
 10
-202.7493812017011
 20
-27.24982078860177
 30
0.0
 40
6.0
100
AcDbArc
 50
0.0
 51
90.0
  0
ARC
  5
604
330
1F
100
AcDbEntity
  8
0
  6
Continuous
 62
     7
100
AcDbCircle
 10
-188.7493812017011
 20
27.25017921139727
 30
0.0
 40
1.0
100
AcDbArc
 50
90.0
 51
180.0
  0
ARC
  5
605
330
1F
100
AcDbEntity
  8
0
  6
Continuous
 62
     7
100
AcDbCircle
 10
-197.0048185551615
 20
20.25017921139823
 30
0.0
 40
1.000000000000059
100
AcDbArc
 50
90.0
 51
145.1500954209396
  0
ARC
  5
606
330
1F
100
AcDbEntity
  8
0
  6
Continuous
 62
     7
100
AcDbCircle
 10
-156.9939438482408
 20
-23.24982078860177
 30
0.0
 40
1.0
100
AcDbArc
 50
270.0
 51
325.1500954209461
  0
ARC
  5
607
330
1F
100
AcDbEntity
  8
0
  6
Continuous
 62
     7
100
AcDbCircle
 10
-165.2493812017011
 20
-30.24982078860177
 30
0.0
 40
1.0
100
AcDbArc
 50
270.0
 51
0.0
  0
ARC
  5
608
330
1F
100
AcDbEntity
  8
0
  6
Continuous
 62
     7
100
AcDbCircle
 10
-160.4493812017
 20
-28.04982078860377
 30
0.0
 40
3.800000000002001
100
AcDbArc
 50
90.0
 51
180.0
  0
ARC
  5
609
330
1F
100
AcDbEntity
  8
0
  6
Continuous
 62
     7
100
AcDbCircle
 10
-150.2493812017011
 20
-18.24982078860177
 30
0.0
 40
3.0
100
AcDbArc
 50
270.0
 51
0.0
  0
ARC
  5
60A
330
1F
100
AcDbEntity
  8
0
  6
Continuous
 62
     7
100
AcDbCircle
 10
-151.2493812017011
 20
-27.24982078860177
 30
0.0
 40
6.0
100
AcDbArc
 50
90.0
 51
145.1500954209638
  0
ARC
  5
60B
330
1F
100
AcDbEntity
  8
0
  6
Continuous
 62
     7
100
AcDbCircle
 10
-150.499381201702
 20
19.00017921139551
 30
0.0
 40
0.499999999999119
100
AcDbArc
 50
180.0
 51
270.0
  0
ARC
  5
60C
330
1F
100
AcDbEntity
  8
0
  6
Continuous
 62
     7
100
AcDbCircle
 10
-152.2506438601796
 20
23.24891655292521
 30
0.0
 40
2.249999999999001
100
AcDbArc
 50
303.7876673519386
 51
33.7876673517599
  0
ARC
  5
60D
330
1F
100
AcDbEntity
  8
0
  6
Continuous
 62
     7
100
AcDbCircle
 10
-64.95908097518906
 20
-29.67950141807324
 30
0.0
 40
0.9999999999950668
100
AcDbArc
 50
196.2570278966324
 51
264.9999999999156
  0
ARC
  5
60E
330
1F
100
AcDbEntity
  8
0
  6
Continuous
 62
     7
100
AcDbCircle
 10
-59.19898783505967
 20
-27.99982078860177
 30
0.0
 40
7.0
100
AcDbArc
 50
180.0
 51
196.2570278966106
  0
ARC
  5
60F
330
1F
100
AcDbEntity
  8
0
  6
Continuous
 62
     7
100
AcDbCircle
 10
-59.19898783505967
 20
-27.99982078860177
 30
0.0
 40
6.999999999993767
100
AcDbArc
 50
163.7429721033963
 51
180.0
  0
ARC
  5
610
330
1F
100
AcDbEntity
  8
0
  6
Continuous
 62
     7
100
AcDbCircle
 10
-64.95908097518906
 20
-26.32014015912938
 30
0.0
 40
0.9999999999985988
100
AcDbArc
 50
95.00000000008448
 51
163.7429721034676
  0
ARC
  5
611
330
1F
100
AcDbEntity
  8
0
  6
Continuous
 62
     7
100
AcDbCircle
 10
-64.95908097531547
 20
146.6798598408678
 30
0.0
 40
0.9999999999986822
100
AcDbArc
 50
95.00000000008324
 51
163.7429721033658
  0
ARC
  5
612
330
1F
100
AcDbEntity
  8
0
  6
Continuous
 62
     7
100
AcDbCircle
 10
-59.19898783518617
 20
145.0001792113955
 30
0.0
 40
6.999999999994151
100
AcDbArc
 50
163.7429721033822
 51
180.0
  0
ARC
  5
613
330
1F
100
AcDbEntity
  8
0
  6
Continuous
 62
     7
100
AcDbCircle
 10
-59.19898783518617
 20
145.0001792113955
 30
0.0
 40
7.0
100
AcDbArc
 50
180.0
 51
196.2570278966043
  0
ARC
  5
614
330
1F
100
AcDbEntity
  8
0
  6
Continuous
 62
     7
100
AcDbCircle
 10
-64.95908097531547
 20
143.3204985819258
 30
0.0
 40
0.9999999999953077
100
AcDbArc
 50
196.2570278966827
 51
264.9999999999301
  0
ARC
  5
615
330
1F
100
AcDbEntity
  8
0
  6
Continuous
 62
     7
100
AcDbCircle
 10
-74.21205304641637
 20
-143.3224862635372
 30
0.0
 40
0.7999999999997016
100
AcDbArc
 50
94.99999999942419
 51
164.5572841722833
  0
ARC
  5
616
330
1F
100
AcDbEntity
  8
0
  6
Continuous
 62
     7
100
AcDbCircle
 10
-69.19978783634826
 20
-144.7071152621967
 30
0.0
 40
6.0
100
AcDbArc
 50
180.0
 51
195.4427158275929
  0
ARC
  5
617
330
1F
100
AcDbEntity
  8
0
  6
Continuous
 62
     7
100
AcDbCircle
 10
-74.21205304641637
 20
-146.0917442608572
 30
0.0
 40
0.7999999999941538
100
AcDbArc
 50
195.442715827655
 51
265.0000000005701
  0
ARC
  5
618
330
1F
100
AcDbEntity
  8
0
  6
Continuous
 62
     7
100
AcDbCircle
 10
-69.19978783634826
 20
-144.7071152621967
 30
0.0
 40
5.999999999993254
100
AcDbArc
 50
164.5572841724064
 51
180.0
  0
ARC
  5
619
330
1F
100
AcDbEntity
  8
0
  6
Continuous
 62
     7
100
AcDbCircle
 10
-69.19978783634826
 20
-91.70711526219674
 30
0.0
 40
5.999999999993485
100
AcDbArc
 50
164.5572841723984
 51
180.0
  0
ARC
  5
61A
330
1F
100
AcDbEntity
  8
0
  6
Continuous
 62
     7
100
AcDbCircle
 10
-74.21205304641637
 20
-93.09174426085718
 30
0.0
 40
0.7999999999941538
100
AcDbArc
 50
195.442715827655
 51
265.0000000005701
  0
ARC
  5
61B
330
1F
100
AcDbEntity
  8
0
  6
Continuous
 62
     7
100
AcDbCircle
 10
-69.19978783634826
 20
-91.70711526219674
 30
0.0
 40
6.0
100
AcDbArc
 50
180.0
 51
195.4427158275931
  0
ARC
  5
61C
330
1F
100
AcDbEntity
  8
0
  6
Continuous
 62
     7
100
AcDbCircle
 10
-74.21205304641637
 20
-90.3224862635372
 30
0.0
 40
0.7999999999997158
100
AcDbArc
 50
94.99999999942415
 51
164.5572841722195
  0
ARC
  5
61D
330
1F
100
AcDbEntity
  8
0
  6
Continuous
 62
     7
100
AcDbCircle
 10
-68.29978783634867
 20
-108.7071152621967
 30
0.0
 40
5.999999999994346
100
AcDbArc
 50
164.5572841724007
 51
180.0
  0
ARC
  5
61E
330
1F
100
AcDbEntity
  8
0
  6
Continuous
 62
     7
100
AcDbCircle
 10
-73.31205304641767
 20
-110.0917442608553
 30
0.0
 40
0.7999999999946381
100
AcDbArc
 50
195.4427158277804
 51
265.0000000005759
  0
ARC
  5
61F
330
1F
100
AcDbEntity
  8
0
  6
Continuous
 62
     7
100
AcDbCircle
 10
-68.29978783634867
 20
-108.7071152621967
 30
0.0
 40
6.0
100
AcDbArc
 50
180.0
 51
195.442715827591
  0
ARC
  5
620
330
1F
100
AcDbEntity
  8
0
  6
Continuous
 62
     7
100
AcDbCircle
 10
-73.31205304641767
 20
-107.3224862635353
 30
0.0
 40
0.7999999999979038
100
AcDbArc
 50
94.99999999943545
 51
164.557284172345
  0
ARC
  5
621
330
1F
100
AcDbEntity
  8
0
  6
Continuous
 62
     7
100
AcDbCircle
 10
-73.49978783632756
 20
-137.4027948452923
 30
0.0
 40
2.000000000019995
100
AcDbArc
 50
180.0000000001832
 51
224.0289780688076
  0
ARC
  5
622
330
1F
100
AcDbEntity
  8
0
  6
Continuous
 62
     7
100
AcDbCircle
 10
-73.59978783633877
 20
-141.6157560959911
 30
0.0
 40
0.999999999990905
100
AcDbArc
 50
0.0
 51
44.02897806916171
  0
ARC
  5
623
330
1F
100
AcDbEntity
  8
0
  6
Continuous
 62
     7
100
AcDbCircle
 10
-73.59978783633877
 20
-94.79847442840144
 30
0.0
 40
0.9999999999929258
100
AcDbArc
 50
315.9710219307639
 51
0.0000000001563306
  0
ARC
  5
624
330
1F
100
AcDbEntity
  8
0
  6
Continuous
 62
     7
100
AcDbCircle
 10
-73.49978783632756
 20
-99.01143567910111
 30
0.0
 40
2.000000000015016
100
AcDbArc
 50
135.9710219311729
 51
179.9999999998176
  0
ARC
  5
625
330
1F
100
AcDbEntity
  8
0
  6
Continuous
 62
     7
100
AcDbCircle
 10
-64.95988097647857
 20
-103.3867958916691
 30
0.0
 40
0.9999999999944485
100
AcDbArc
 50
196.2570278966969
 51
264.9999999999254
  0
ARC
  5
626
330
1F
100
AcDbEntity
  8
0
  6
Continuous
 62
     7
100
AcDbCircle
 10
-59.19978783634828
 20
-101.7071152621985
 30
0.0
 40
6.999999999999986
100
AcDbArc
 50
180.0
 51
196.2570278966108
  0
ARC
  5
627
330
1F
100
AcDbEntity
  8
0
  6
Continuous
 62
     7
100
AcDbCircle
 10
-59.19978783634828
 20
-101.7071152621985
 30
0.0
 40
6.999999999994007
100
AcDbArc
 50
163.7429721033891
 51
180.0
  0
ARC
  5
628
330
1F
100
AcDbEntity
  8
0
  6
Continuous
 62
     7
100
AcDbCircle
 10
-64.95988097647857
 20
-100.027434632727
 30
0.0
 40
0.9999999999995036
100
AcDbArc
 50
95.00000000007911
 51
163.7429721033531
  0
ARC
  5
629
330
1F
100
AcDbEntity
  8
0
  6
Continuous
 62
     7
100
AcDbCircle
 10
3.700212163778259
 20
152.6001792113989
 30
0.0
 40
0.1999999999988797
100
AcDbArc
 50
180.0000000005455
 51
270.0
  0
ARC
  5
62A
330
1F
100
AcDbEntity
  8
0
  6
Continuous
 62
     7
100
AcDbCircle
 10
2.30021216243078
 20
153.8001792113787
 30
0.0
 40
0.299999999999216
100
AcDbArc
 50
180.0000000001683
 51
270.0
  0
ARC
  5
62B
330
1F
100
AcDbEntity
  8
0
  6
Continuous
 62
     7
100
AcDbCircle
 10
2.30021216243078
 20
103.2001792114165
 30
0.0
 40
0.3000000000001961
100
AcDbArc
 50
90.0
 51
179.999999998434
  0
ARC
  5
62C
330
1F
100
AcDbEntity
  8
0
  6
Continuous
 62
     7
100
AcDbCircle
 10
3.700212163778259
 20
104.4001792113982
 30
0.0
 40
0.1999999999988091
100
AcDbArc
 50
90.0
 51
180.0
  0
ARC
  5
62D
330
1F
100
AcDbEntity
  8
0
  6
Continuous
 62
     7
100
AcDbCircle
 10
8.612477372477268
 20
127.1155502127382
 30
0.0
 40
0.8000000000005165
100
AcDbArc
 50
275.0000000000095
 51
344.5572841723983
  0
ARC
  5
62E
330
1F
100
AcDbEntity
  8
0
  6
Continuous
 62
     7
100
AcDbCircle
 10
3.600212162408279
 20
128.5001792113985
 30
0.0
 40
6.0
100
AcDbArc
 50
0.0
 51
15.44271582758432
  0
ARC
  5
62F
330
1F
100
AcDbEntity
  8
0
  6
Continuous
 62
     7
100
AcDbCircle
 10
8.612477372477268
 20
129.8848082100581
 30
0.0
 40
0.8000000000008171
100
AcDbArc
 50
15.44271582766248
 51
84.99999999999038
  0
ARC
  5
630
330
1F
100
AcDbEntity
  8
0
  6
Continuous
 62
     7
100
AcDbCircle
 10
3.600212162408279
 20
128.5001792113985
 30
0.0
 40
6.000000000000477
100
AcDbArc
 50
344.5572841724177
 51
0.0
  0
ARC
  5
631
330
1F
100
AcDbEntity
  8
0
  6
Continuous
 62
     7
100
AcDbCircle
 10
3.70021216361874
 20
22.6001792113986
 30
0.0
 40
0.1999999999998181
100
AcDbArc
 50
180.0000000007826
 51
270.0
  0
ARC
  5
632
330
1F
100
AcDbEntity
  8
0
  6
Continuous
 62
     7
100
AcDbCircle
 10
2.300212162270269
 20
23.80017921137842
 30
0.0
 40
0.2999999999993008
100
AcDbArc
 50
180.0000000003474
 51
270.0
  0
ARC
  5
633
330
1F
100
AcDbEntity
  8
0
  6
Continuous
 62
     7
100
AcDbCircle
 10
2.300212162270269
 20
-26.79982078858285
 30
0.0
 40
0.2999999999992689
100
AcDbArc
 50
90.0
 51
179.9999999986097
  0
ARC
  5
634
330
1F
100
AcDbEntity
  8
0
  6
Continuous
 62
     7
100
AcDbCircle
 10
3.60021216262066
 20
-11.74982078861541
 30
0.0
 40
5.999999999996386
100
AcDbArc
 50
344.5572841723972
 51
0.0
  0
ARC
  5
635
330
1F
100
AcDbEntity
  8
0
  6
Continuous
 62
     7
100
AcDbCircle
 10
3.60021216262066
 20
-11.74982078861541
 30
0.0
 40
6.0
100
AcDbArc
 50
0.0
 51
6.769512896361679
  0
ARC
  5
636
330
1F
100
AcDbEntity
  8
0
  6
Continuous
 62
     7
100
AcDbCircle
 10
8.61247737269241
 20
-13.13444978727677
 30
0.0
 40
0.7999999999995203
100
AcDbArc
 50
275.0000000000159
 51
344.5572841722654
  0
ARC
  5
637
330
1F
100
AcDbEntity
  8
0
  6
Continuous
 62
     7
100
AcDbCircle
 10
3.70021216361874
 20
-25.59982078860213
 30
0.0
 40
0.1999999999989122
100
AcDbArc
 50
90.0
 51
180.0
  0
ARC
  5
638
330
1F
100
AcDbEntity
  8
0
  6
Continuous
 62
     7
100
AcDbCircle
 10
169.9080605559115
 20
128.5001792113984
 30
0.0
 40
3.9999999999997
100
AcDbArc
 50
112.0243128370439
 51
270.0
  0
ARC
  5
639
330
1F
100
AcDbEntity
  8
0
  6
Continuous
 62
     7
100
AcDbCircle
 10
169.9080605559115
 20
128.5001792113984
 30
0.0
 40
4.0
100
AcDbArc
 50
270.0
 51
67.97568716295609
  0
ARC
  5
63A
330
1F
100
AcDbEntity
  8
0
  6
Continuous
 62
     7
100
AcDbCircle
 10
127.4080605559114
 20
143.5001792113984
 30
0.0
 40
1.5
100
AcDbArc
 50
180.0
 51
270.0
  0
ARC
  5
63B
330
1F
100
AcDbEntity
  8
0
  6
Continuous
 62
     7
100
AcDbCircle
 10
127.4080605559114
 20
143.5001792113984
 30
0.0
 40
1.5
100
AcDbArc
 50
90.0
 51
180.0
  0
ARC
  5
63C
330
1F
100
AcDbEntity
  8
0
  6
Continuous
 62
     7
100
AcDbCircle
 10
111.6080605572574
 20
104.4001792113988
 30
0.0
 40
0.1999999999980133
100
AcDbArc
 50
90.0
 51
180.0
  0
ARC
  5
63D
330
1F
100
AcDbEntity
  8
0
  6
Continuous
 62
     7
100
AcDbCircle
 10
116.5203257663302
 20
116.8655502127234
 30
0.0
 40
0.799999999999605
100
AcDbArc
 50
275.0000000000807
 51
344.557284172276
  0
ARC
  5
63E
330
1F
100
AcDbEntity
  8
0
  6
Continuous
 62
     7
100
AcDbCircle
 10
111.5080605562592
 20
118.2501792113847
 30
0.0
 40
6.0
100
AcDbArc
 50
0.0
 51
6.769512896359849
  0
ARC
  5
63F
330
1F
100
AcDbEntity
  8
0
  6
Continuous
 62
     7
100
AcDbCircle
 10
111.5080605562592
 20
118.2501792113847
 30
0.0
 40
5.999999999996449
100
AcDbArc
 50
344.5572841723968
 51
0.0
  0
ARC
  5
640
330
1F
100
AcDbEntity
  8
0
  6
Continuous
 62
     7
100
AcDbCircle
 10
110.208060555909
 20
103.2001792114163
 30
0.0
 40
0.3000000000001961
100
AcDbArc
 50
90.0
 51
179.9999999984529
  0
ARC
  5
641
330
1F
100
AcDbEntity
  8
0
  6
Continuous
 62
     7
100
AcDbCircle
 10
110.208060555909
 20
153.8001792113785
 30
0.0
 40
0.2999999999975103
100
AcDbArc
 50
180.0000000001683
 51
270.0
  0
ARC
  5
642
330
1F
100
AcDbEntity
  8
0
  6
Continuous
 62
     7
100
AcDbCircle
 10
111.6080605572574
 20
152.6001792113987
 30
0.0
 40
0.1999999999989086
100
AcDbArc
 50
180.0000000005455
 51
270.0
  0
ARC
  5
643
330
1F
100
AcDbEntity
  8
0
  6
Continuous
 62
     7
100
AcDbCircle
 10
126.4080605577477
 20
22.64784990544121
 30
0.0
 40
0.5
100
AcDbArc
 50
0.0
 51
44.64879499363789
  0
ARC
  5
644
330
1F
100
AcDbEntity
  8
0
  6
Continuous
 62
     7
100
AcDbCircle
 10
129.9080605577686
 20
19.00017921033594
 30
0.0
 40
3.00000000002089
100
AcDbArc
 50
180.0
 51
0.0
  0
ARC
  5
645
330
1F
100
AcDbEntity
  8
0
  6
DASH_CENTER
 62
     1
100
AcDbCircle
 10
129.9080605577578
 20
-1.499820789653139
 30
0.0
 40
20.49999999998895
100
AcDbArc
 50
75.99054718180941
 51
104.009452818131
  0
ARC
  5
646
330
1F
100
AcDbEntity
  8
0
  6
Continuous
 62
     7
100
AcDbCircle
 10
133.4080605577905
 20
22.64784990543757
 30
0.0
 40
0.4999999999994332
100
AcDbArc
 50
135.3512050061326
 51
180.0
  0
ARC
  5
647
330
1F
100
AcDbEntity
  8
0
  6
Continuous
 62
     7
100
AcDbCircle
 10
107.2455642920817
 20
-10.54256722375959
 30
0.0
 40
0.4999999999986422
100
AcDbArc
 50
255.3512051936009
 51
300.0000000020216
  0
ARC
  5
648
330
1F
100
AcDbEntity
  8
0
  6
Continuous
 62
     7
100
AcDbCircle
 10
112.1545397787363
 20
-11.74982078928025
 30
0.0
 40
3.000000000019861
100
AcDbArc
 50
300.0000000022266
 51
120.0000000022733
  0
ARC
  5
649
330
1F
100
AcDbEntity
  8
0
  6
Continuous
 62
     7
100
AcDbCircle
 10
110.7455642923345
 20
-16.60474505015355
 30
0.0
 40
0.4999999999998172
100
AcDbArc
 50
120.0000000022985
 51
164.6487948777944
  0
ARC
  5
64A
330
1F
100
AcDbEntity
  8
0
  6
Continuous
 62
     7
100
AcDbCircle
 10
149.0705568212582
 20
-16.60474505004714
 30
0.0
 40
0.5000000000014245
100
AcDbArc
 50
15.35120489259417
 51
60.00000000446938
  0
ARC
  5
64B
330
1F
100
AcDbEntity
  8
0
  6
Continuous
 62
     7
100
AcDbCircle
 10
147.6615813342929
 20
-11.7498207893421
 30
0.0
 40
3.000000000022398
100
AcDbArc
 50
60.00000000449853
 51
240.0000000044823
  0
ARC
  5
64C
330
1F
100
AcDbEntity
  8
0
  6
Continuous
 62
     7
100
AcDbCircle
 10
152.57055682081
 20
-10.54256722324482
 30
0.0
 40
0.5000000000012134
100
AcDbArc
 50
240.0000000045105
 51
284.648795183872
  0
ARC
  5
64D
330
1F
100
AcDbEntity
  8
0
  6
DASH_CENTER
 62
     1
100
AcDbCircle
 10
129.9080605559244
 20
-1.49982079072544
 30
0.0
 40
20.49999999998851
100
AcDbArc
 50
315.9905471862891
 51
344.0094528226122
  0
ARC
  5
64E
330
1F
100
AcDbEntity
  8
0
  6
DASH_CENTER
 62
     1
100
AcDbCircle
 10
129.9080605559115
 20
-1.499820788604489
 30
0.0
 40
20.49999999998838
100
AcDbArc
 50
195.9905471840439
 51
224.0094528203639
  0
ARC
  5
64F
330
1F
100
AcDbEntity
  8
0
  6
Continuous
 62
     7
100
AcDbCircle
 10
8.612177372384218
 20
-137.3452650398515
 30
0.0
 40
0.7999999999987038
100
AcDbArc
 50
275.0000000000905
 51
320.7182861702615
  0
ARC
  5
650
330
1F
100
AcDbEntity
  8
0
  6
Continuous
 62
     7
100
AcDbCircle
 10
8.612177372384218
 20
-99.06896548454113
 30
0.0
 40
0.7999999999989246
100
AcDbArc
 50
39.28171382974319
 51
84.99999999991521
  0
ARC
  5
651
330
1F
100
AcDbEntity
  8
0
  6
Continuous
 62
     7
100
AcDbCircle
 10
3.69991216331152
 20
-142.307115262197
 30
0.0
 40
0.1999999999989086
100
AcDbArc
 50
90.0
 51
180.0
  0
ARC
  5
652
330
1F
100
AcDbEntity
  8
0
  6
Continuous
 62
     7
100
AcDbCircle
 10
2.299912161963109
 20
-143.5071152621787
 30
0.0
 40
0.3000000000001961
100
AcDbArc
 50
90.0
 51
179.999999998434
  0
ARC
  5
653
330
1F
100
AcDbEntity
  8
0
  6
Continuous
 62
     7
100
AcDbCircle
 10
2.299912161963109
 20
-92.90711526221656
 30
0.0
 40
0.2999999999983629
100
AcDbArc
 50
180.0000000001736
 51
270.0
  0
ARC
  5
654
330
1F
100
AcDbEntity
  8
0
  6
Continuous
 62
     7
100
AcDbCircle
 10
3.69991216331152
 20
-94.10711526219637
 30
0.0
 40
0.1999999999998181
100
AcDbArc
 50
180.0000000007816
 51
270.0
  0
CIRCLE
  5
65A
330
1F
100
AcDbEntity
  8
0
  6
Continuous
 62
     7
100
AcDbCircle
 10
-30.79898783636241
 20
143.3501792113985
 30
0.0
 40
0.75
  0
CIRCLE
  5
65B
330
1F
100
AcDbEntity
  8
0
  6
Continuous
 62
     2
100
AcDbCircle
 10
-30.79898783636241
 20
143.3501792113985
 30
0.0
 40
1.0
  0
CIRCLE
  5
65C
330
1F
100
AcDbEntity
  8
0
  6
Continuous
 62
     2
100
AcDbCircle
 10
-18.39898783636284
 20
143.3501792113985
 30
0.0
 40
1.0
  0
CIRCLE
  5
65D
330
1F
100
AcDbEntity
  8
0
  6
Continuous
 62
     7
100
AcDbCircle
 10
-18.39898783636284
 20
143.3501792113985
 30
0.0
 40
0.75
  0
CIRCLE
  5
65E
330
1F
100
AcDbEntity
  8
0
  6
Continuous
 62
     2
100
AcDbCircle
 10
-30.79898783636241
 20
117.8501792113986
 30
0.0
 40
1.0
  0
CIRCLE
  5
65F
330
1F
100
AcDbEntity
  8
0
  6
Continuous
 62
     7
100
AcDbCircle
 10
-30.79898783636241
 20
117.8501792113986
 30
0.0
 40
0.75
  0
CIRCLE
  5
660
330
1F
100
AcDbEntity
  8
0
  6
Continuous
 62
     7
100
AcDbCircle
 10
-18.39898783636284
 20
117.8501792113986
 30
0.0
 40
0.75
  0
CIRCLE
  5
661
330
1F
100
AcDbEntity
  8
0
  6
Continuous
 62
     2
100
AcDbCircle
 10
-18.39898783636284
 20
117.8501792113986
 30
0.0
 40
1.0
  0
CIRCLE
  5
663
330
1F
100
AcDbEntity
  8
0
  6
Continuous
 62
     2
100
AcDbCircle
 10
-61.29978783635687
 20
117.6001792113986
 30
0.0
 40
1.0
  0
CIRCLE
  5
664
330
1F
100
AcDbEntity
  8
0
  6
Continuous
 62
     7
100
AcDbCircle
 10
-61.29978783635687
 20
117.6001792113986
 30
0.0
 40
0.8000000000001961
  0
CIRCLE
  5
665
330
1F
100
AcDbEntity
  8
0
  6
Continuous
 62
     7
100
AcDbCircle
 10
-69.29978783635687
 20
117.6001792113986
 30
0.0
 40
0.8000000000001961
  0
CIRCLE
  5
666
330
1F
100
AcDbEntity
  8
0
  6
Continuous
 62
     2
100
AcDbCircle
 10
-69.29978783635687
 20
117.6001792113986
 30
0.0
 40
1.0
  0
CIRCLE
  5
668
330
1F
100
AcDbEntity
  8
0
  6
Continuous
 62
     7
100
AcDbCircle
 10
-61.29978783635687
 20
101.0001792113984
 30
0.0
 40
0.7999999999999972
  0
CIRCLE
  5
669
330
1F
100
AcDbEntity
  8
0
  6
Continuous
 62
     2
100
AcDbCircle
 10
-61.29978783635687
 20
101.0001792113984
 30
0.0
 40
1.0
  0
CIRCLE
  5
66C
330
1F
100
AcDbEntity
  8
0
  6
Continuous
 62
     2
100
AcDbCircle
 10
-69.29978783635687
 20
101.0001792113984
 30
0.0
 40
1.0
  0
CIRCLE
  5
66D
330
1F
100
AcDbEntity
  8
0
  6
Continuous
 62
     7
100
AcDbCircle
 10
-69.29978783635687
 20
101.0001792113984
 30
0.0
 40
0.7999999999999972
  0
CIRCLE
  5
66E
330
1F
100
AcDbEntity
  8
0
  6
Continuous
 62
     7
100
AcDbCircle
 10
154.6567978974439
 20
-26.24855813013238
 30
0.0
 40
2.25
  0
CIRCLE
  5
66F
330
1F
100
AcDbEntity
  8
0
  6
Continuous
 62
     7
100
AcDbCircle
 10
154.6567978974439
 20
23.24891655292606
 30
0.0
 40
2.25
  0
CIRCLE
  5
670
330
1F
100
AcDbEntity
  8
0
  6
Continuous
 62
     7
100
AcDbCircle
 10
105.159323214379
 20
23.24891655292606
 30
0.0
 40
2.25
  0
CIRCLE
  5
671
330
1F
100
AcDbEntity
  8
0
  6
Continuous
 62
     7
100
AcDbCircle
 10
105.159323214379
 20
-26.24855813013238
 30
0.0
 40
2.25
  0
CIRCLE
  5
672
330
1F
100
AcDbEntity
  8
0
  6
Continuous
 62
     7
100
AcDbCircle
 10
-20.69898783636302
 20
138.700179211398
 30
0.0
 40
1.75000000000088
  0
CIRCLE
  5
673
330
1F
100
AcDbEntity
  8
0
  6
Continuous
 62
     7
100
AcDbCircle
 10
-20.69898783636302
 20
138.700179211398
 30
0.0
 40
2.150000000001491
  0
CIRCLE
  5
674
330
1F
100
AcDbEntity
  8
0
  6
Continuous
 62
     7
100
AcDbCircle
 10
-20.69898783636302
 20
138.700179211398
 30
0.0
 40
2.19999999999991
  0
CIRCLE
  5
675
330
1F
100
AcDbEntity
  8
0
  6
Continuous
 62
     7
100
AcDbCircle
 10
-24.59898783636172
 20
138.700179211398
 30
0.0
 40
0.5999999999986088
  0
CIRCLE
  5
676
330
1F
100
AcDbEntity
  8
0
  6
Continuous
 62
     7
100
AcDbCircle
 10
-24.59898783636172
 20
136.0001792113984
 30
0.0
 40
0.5999999999986088
  0
CIRCLE
  5
677
330
1F
100
AcDbEntity
  8
0
  6
Continuous
 62
     7
100
AcDbCircle
 10
-24.59898783636172
 20
133.3001792113984
 30
0.0
 40
0.5999999999986088
  0
CIRCLE
  5
678
330
1F
100
AcDbEntity
  8
0
  6
Continuous
 62
     7
100
AcDbCircle
 10
-201.748118543239
 20
-26.24855813013238
 30
0.0
 40
2.25
  0
CIRCLE
  5
679
330
1F
100
AcDbEntity
  8
0
  6
Continuous
 62
     7
100
AcDbCircle
 10
-152.2506438601796
 20
-26.24855813013238
 30
0.0
 40
2.25
  0
CIRCLE
  5
67A
330
1F
100
AcDbEntity
  8
0
  6
Continuous
 62
     7
100
AcDbCircle
 10
-201.748118543239
 20
23.24891655292521
 30
0.0
 40
2.25
  0
CIRCLE
  5
67B
330
1F
100
AcDbEntity
  8
0
  6
Continuous
 62
     7
100
AcDbCircle
 10
-176.9993812017011
 20
-1.49982078860177
 30
0.0
 40
23.13084386334143
  0
CIRCLE
  5
67C
330
1F
100
AcDbEntity
  8
0
  6
Continuous
 62
     7
100
AcDbCircle
 10
-176.9993812017011
 20
-1.49982078860177
 30
0.0
 40
20.0
  0
CIRCLE
  5
67D
330
1F
100
AcDbEntity
  8
0
  6
Continuous
 62
     7
100
AcDbCircle
 10
-186.4993812017011
 20
25.00017921139727
 30
0.0
 40
2.25
  0
CIRCLE
  5
67E
330
1F
100
AcDbEntity
  8
0
  6
Continuous
 62
     7
100
AcDbCircle
 10
-167.4993812017011
 20
-27.99982078860177
 30
0.0
 40
2.25
  0
CIRCLE
  5
67F
330
1F
100
AcDbEntity
  8
0
  6
Continuous
 62
     7
100
AcDbCircle
 10
-150.499381201701
 20
15.00017921139823
 30
0.0
 40
2.25
  0
CIRCLE
  5
680
330
1F
100
AcDbEntity
  8
0
  6
Continuous
 62
     7
100
AcDbCircle
 10
-150.499381201701
 20
15.00017921139823
 30
0.0
 40
2.599999999993115
  0
CIRCLE
  5
681
330
1F
100
AcDbEntity
  8
0
  6
Continuous
 62
     7
100
AcDbCircle
 10
-150.499381201701
 20
15.00017921139823
 30
0.0
 40
2.849999999993116
  0
CIRCLE
  5
682
330
1F
100
AcDbEntity
  8
0
  6
Continuous
 62
     7
100
AcDbCircle
 10
-203.4993812017011
 20
-17.99982078860177
 30
0.0
 40
2.850000000000306
  0
CIRCLE
  5
683
330
1F
100
AcDbEntity
  8
0
  6
Continuous
 62
     7
100
AcDbCircle
 10
-203.4993812017011
 20
-17.99982078860177
 30
0.0
 40
2.600000000000306
  0
CIRCLE
  5
684
330
1F
100
AcDbEntity
  8
0
  6
Continuous
 62
     7
100
AcDbCircle
 10
-203.4993812017011
 20
-17.99982078860177
 30
0.0
 40
2.25
  0
CIRCLE
  5
685
330
1F
100
AcDbEntity
  8
0
  6
Continuous
 62
     7
100
AcDbCircle
 10
-176.9993812017011
 20
-1.49982078860177
 30
0.0
 40
23.13084386334143
  0
CIRCLE
  5
686
330
1F
100
AcDbEntity
  8
0
  6
Continuous
 62
     7
100
AcDbCircle
 10
-176.9993812017011
 20
-1.49982078860177
 30
0.0
 40
20.0
  0
CIRCLE
  5
687
330
1F
100
AcDbEntity
  8
0
  6
Continuous
 62
     7
100
AcDbCircle
 10
-193.4993812017011
 20
25.00017921139727
 30
0.0
 40
3.0
  0
CIRCLE
  5
688
330
1F
100
AcDbEntity
  8
0
  6
Continuous
 62
     7
100
AcDbCircle
 10
-193.4993812017011
 20
25.00017921139727
 30
0.0
 40
2.5
  0
CIRCLE
  5
689
330
1F
100
AcDbEntity
  8
0
  6
Continuous
 62
     7
100
AcDbCircle
 10
-193.4993812017011
 20
25.00017921139727
 30
0.0
 40
2.75
  0
CIRCLE
  5
68A
330
1F
100
AcDbEntity
  8
0
  6
Continuous
 62
     7
100
AcDbCircle
 10
-160.4993812017011
 20
-27.99982078860177
 30
0.0
 40
3.0
  0
CIRCLE
  5
68B
330
1F
100
AcDbEntity
  8
0
  6
Continuous
 62
     7
100
AcDbCircle
 10
-160.4993812017011
 20
-27.99982078860177
 30
0.0
 40
2.5
  0
CIRCLE
  5
68C
330
1F
100
AcDbEntity
  8
0
  6
Continuous
 62
     7
100
AcDbCircle
 10
-160.4993812017011
 20
-27.99982078860177
 30
0.0
 40
2.75
  0
CIRCLE
  5
68D
330
1F
100
AcDbEntity
  8
0
  6
Continuous
 62
     2
100
AcDbCircle
 10
169.9080605559115
 20
128.5001792113984
 30
0.0
 40
1.5
  0
CIRCLE
  5
68E
330
1F
100
AcDbEntity
  8
0
  6
Continuous
 62
     7
100
AcDbCircle
 10
169.9080605559115
 20
128.5001792113984
 30
0.0
 40
1.25
  0
CIRCLE
  5
68F
330
1F
100
AcDbEntity
  8
0
  6
Continuous
 62
     7
100
AcDbCircle
 10
129.9080605559115
 20
-1.49982078860177
 30
0.0
 40
9.449999999984381
  0
CIRCLE
  5
690
330
1F
100
AcDbEntity
  8
0
  6
Continuous
 62
     7
100
AcDbCircle
 10
129.9080605559115
 20
-1.49982078860177
 30
0.0
 40
8.449999999984385
  0
CIRCLE
  5
691
330
1F
100
AcDbEntity
  8
0
  6
Continuous
 62
     7
100
AcDbCircle
 10
129.9080605559115
 20
-1.49982078860177
 30
0.0
 40
6.949999999984385
  0
CIRCLE
  5
692
330
1F
100
AcDbEntity
  8
0
  6
Continuous
 62
     7
100
AcDbCircle
 10
129.9080605559115
 20
-1.49982078860177
 30
0.0
 40
6.199999999985294
  0
CIRCLE
  5
693
330
1F
100
AcDbEntity
  8
0
  6
Continuous
 62
     7
100
AcDbCircle
 10
129.9080605559115
 20
-1.49982078860177
 30
0.0
 40
4.44999999999709
  0
CIRCLE
  5
694
330
1F
100
AcDbEntity
  8
0
  6
Continuous
 62
     7
100
AcDbCircle
 10
129.9080605559115
 20
-1.49982078860177
 30
0.0
 40
3.999999999998209
  0
CIRCLE
  5
695
330
1F
100
AcDbEntity
  8
0
  6
Continuous
 62
     7
100
AcDbCircle
 10
129.9080605577578
 20
19.00017921033594
 30
0.0
 40
2.25000000000006
  0
CIRCLE
  5
696
330
1F
100
AcDbEntity
  8
0
  6
Continuous
 62
     7
100
AcDbCircle
 10
129.9080605577578
 20
19.00017921033594
 30
0.0
 40
2.649999999977779
  0
CIRCLE
  5
697
330
1F
100
AcDbEntity
  8
0
  6
Continuous
 62
     7
100
AcDbCircle
 10
112.1545397787417
 20
-11.74982078929116
 30
0.0
 40
2.649999999979161
  0
CIRCLE
  5
698
330
1F
100
AcDbEntity
  8
0
  6
Continuous
 62
     7
100
AcDbCircle
 10
112.1545397787417
 20
-11.74982078929116
 30
0.0
 40
2.250000000000035
  0
CIRCLE
  5
699
330
1F
100
AcDbEntity
  8
0
  6
Continuous
 62
     7
100
AcDbCircle
 10
147.6615813342973
 20
-11.74982078933027
 30
0.0
 40
2.250000000000276
  0
CIRCLE
  5
69A
330
1F
100
AcDbEntity
  8
0
  6
Continuous
 62
     7
100
AcDbCircle
 10
147.6615813342973
 20
-11.74982078933027
 30
0.0
 40
2.649999999979713
  0
CIRCLE
  5
69B
330
1F
100
AcDbEntity
  8
0
  6
Continuous
 62
     7
100
AcDbCircle
 10
129.9080605577578
 20
-1.499820789660419
 30
0.0
 40
24.6999999999835
  0
CIRCLE
  5
69C
330
1F
100
AcDbEntity
  8
0
  6
Continuous
 62
     7
100
AcDbCircle
 10
129.9080605559115
 20
-1.49982078860177
 30
0.0
 40
25.0
  0
SPLINE
  5
69F
330
1F
100
AcDbEntity
  8
0
  6
Continuous
 62
     4
100
AcDbSpline
210
0.0
220
0.0
230
1.0
 70
    40
 71
     3
 72
     9
 73
     5
 74
     3
 42
0.0000000001
 43
0.0000000001
 44
0.00000001
 40
0.0
 40
0.0
 40
0.0
 40
0.0
 40
1.700183810651071
 40
3.400367621302129
 40
3.400367621302129
 40
3.400367621302129
 40
3.400367621302129
 10
-44.04978783506896
 20
32.75017921139824
 30
0.0
 10
-43.79978783550138
 20
33.29184587712797
 30
0.0
 10
-43.29978785463653
 20
34.37517921139824
 30
0.0
 10
-43.79978783550139
 20
35.4585125456685
 30
0.0
 10
-44.04978783506896
 20
36.00017921139823
 30
0.0
 11
-44.04978783506896
 21
32.75017921139824
 31
0.0
 11
-43.54978783506896
 21
34.37517921139824
 31
0.0
 11
-44.04978783506896
 21
36.00017921139823
 31
0.0
  0
SPLINE
  5
6A0
330
1F
100
AcDbEntity
  8
0
  6
Continuous
 62
     4
100
AcDbSpline
210
0.0
220
0.0
230
1.0
 70
    40
 71
     3
 72
    11
 73
     7
 74
     5
 42
0.0000000001
 43
0.0000000001
 44
0.00000001
 40
0.0
 40
0.0
 40
0.0
 40
0.0
 40
1.700183810650828
 40
3.4003676213019
 40
5.100551431952889
 40
6.800735242604448
 40
6.800735242604448
 40
6.800735242604448
 40
6.800735242604448
 10
-44.04978783506896
 20
32.75017921139824
 30
0.0
 10
-44.29978783463647
 20
33.29184587712791
 30
0.0
 10
-44.79978781811126
 20
34.37517921179965
 30
0.0
 10
-44.04978783506885
 20
36.000179211398
 30
0.0
 10
-43.29978785202587
 20
37.62517921099649
 30
0.0
 10
-43.79978783550116
 20
38.70851254566838
 30
0.0
 10
-44.04978783506896
 20
39.25017921139822
 30
0.0
 11
-44.04978783506896
 21
32.75017921139824
 31
0.0
 11
-44.54978783506883
 21
34.37517921139803
 31
0.0
 11
-44.04978783506873
 21
36.000179211398
 31
0.0
 11
-43.54978783506853
 21
37.62517921139785
 31
0.0
 11
-44.04978783506896
 21
39.25017921139822
 31
0.0
  0
SPLINE
  5
6A1
330
1F
100
AcDbEntity
  8
0
  6
Continuous
 62
     4
100
AcDbSpline
210
0.0
220
0.0
230
1.0
 70
    40
 71
     3
 72
     9
 73
     5
 74
     3
 42
0.0000000001
 43
0.0000000001
 44
0.00000001
 40
0.0
 40
0.0
 40
0.0
 40
0.0
 40
2.183031147281225
 40
4.366062294562461
 40
4.366062294562461
 40
4.366062294562461
 40
4.366062294562461
 10
-0.7989878350750175
 20
31.25017921138488
 30
0.0
 10
-0.548987835337313
 20
31.95851254397504
 30
0.0
 10
-0.0489878548127225
 20
33.37517921138488
 30
0.0
 10
-0.5489878353373122
 20
34.79184587879472
 30
0.0
 10
-0.7989878350750175
 20
35.50017921138489
 30
0.0
 11
-0.7989878350750175
 21
31.25017921138488
 31
0.0
 11
-0.2989878350750175
 21
33.37517921138488
 31
0.0
 11
-0.7989878350750175
 21
35.50017921138489
 31
0.0
  0
SPLINE
  5
6A2
330
1F
100
AcDbEntity
  8
0
  6
Continuous
 62
     4
100
AcDbSpline
210
0.0
220
0.0
230
1.0
 70
    40
 71
     3
 72
    11
 73
     7
 74
     5
 42
0.0000000001
 43
0.0000000001
 44
0.00000001
 40
0.0
 40
0.0
 40
0.0
 40
0.0
 40
2.183031147281275
 40
4.366062294562343
 40
6.549093441843362
 40
8.732124589124827
 40
8.732124589124827
 40
8.732124589124827
 40
8.732124589124827
 10
-0.7989878350750175
 20
31.25017921138488
 30
0.0
 10
-1.048987834812428
 20
31.95851254397513
 30
0.0
 10
-1.548987818043789
 20
33.37517921170358
 30
0.0
 10
-0.7989878350742724
 20
35.50017921138484
 30
0.0
 10
-0.0489878521049851
 20
37.62517921106645
 30
0.0
 10
-0.5489878353370963
 20
39.04184587879468
 30
0.0
 10
-0.7989878350750175
 20
39.75017921138488
 30
0.0
 11
-0.7989878350750175
 21
31.25017921138488
 31
0.0
 11
-1.29898783507436
 21
33.37517921138508
 31
0.0
 11
-0.7989878350745733
 21
35.5001792113849
 31
0.0
 11
-0.2989878350745641
 21
37.62517921138475
 31
0.0
 11
-0.7989878350750175
 21
39.75017921138488
 31
0.0
  0
SPLINE
  5
6A3
330
1F
100
AcDbEntity
  8
0
  6
Continuous
 62
     4
100
AcDbSpline
210
0.0
220
0.0
230
1.0
 70
    40
 71
     3
 72
    11
 73
     7
 74
     5
 42
0.0000000001
 43
0.0000000001
 44
0.00000001
 40
0.0
 40
0.0
 40
0.0
 40
0.0
 40
2.183031147280888
 40
4.366062294562361
 40
6.54909344184364
 40
8.732124589125284
 40
8.732124589125284
 40
8.732124589125284
 40
8.732124589125284
 10
-0.7989878363631391
 20
126.3501792113986
 30
0.0
 10
-1.048987836100768
 20
127.0585125439886
 30
0.0
 10
-1.548987819332611
 20
128.475179211717
 30
0.0
 10
-0.7989878363625588
 20
130.6001792113983
 30
0.0
 10
-0.0489878533923015
 20
132.72517921108
 30
0.0
 10
-0.5489878366249678
 20
134.1418458788083
 30
0.0
 10
-0.7989878363631391
 20
134.8501792113986
 30
0.0
 11
-0.7989878363631391
 21
126.3501792113986
 31
0.0
 11
-1.298987836362976
 21
128.4751792113983
 31
0.0
 11
-0.7989878363626897
 21
130.6001792113984
 31
0.0
 11
-0.2989878363621774
 21
132.7251792113984
 31
0.0
 11
-0.7989878363631391
 21
134.8501792113986
 31
0.0
  0
SPLINE
  5
6A4
330
1F
100
AcDbEntity
  8
0
  6
Continuous
 62
     4
100
AcDbSpline
210
0.0
220
0.0
230
1.0
 70
    40
 71
     3
 72
     9
 73
     5
 74
     3
 42
0.0000000001
 43
0.0000000001
 44
0.00000001
 40
0.0
 40
0.0
 40
0.0
 40
0.0
 40
2.183031147281229
 40
4.366062294562458
 40
4.366062294562458
 40
4.366062294562458
 40
4.366062294562458
 10
-0.7989878363631391
 20
126.3501792113986
 30
0.0
 10
-0.5489878366254342
 20
127.0585125439887
 30
0.0
 10
-0.048987856100844
 20
128.4751792113986
 30
0.0
 10
-0.5489878366254342
 20
129.8918458788084
 30
0.0
 10
-0.7989878363631391
 20
130.6001792113986
 30
0.0
 11
-0.7989878363631391
 21
126.3501792113986
 31
0.0
 11
-0.2989878363631391
 21
128.4751792113986
 31
0.0
 11
-0.7989878363631391
 21
130.6001792113986
 31
0.0
  0
SPLINE
  5
6A5
330
1F
100
AcDbEntity
  8
0
  6
Continuous
 62
     4
100
AcDbSpline
210
0.0
220
0.0
230
1.0
 70
    40
 71
     3
 72
    11
 73
     7
 74
     5
 42
0.0000000001
 43
0.0000000001
 44
0.00000001
 40
0.0
 40
0.0
 40
0.0
 40
0.0
 40
1.700183810650839
 40
3.400367621301794
 40
5.100551431952864
 40
6.800735242604457
 40
6.800735242604457
 40
6.800735242604457
 40
6.800735242604457
 10
-44.04978783635686
 20
106.0501792113985
 30
0.0
 10
-44.29978783592437
 20
106.5918458771281
 30
0.0
 10
-44.79978781939916
 20
107.6751792117999
 30
0.0
 10
-44.04978783635669
 20
109.3001792113982
 30
0.0
 10
-43.2997878533138
 20
110.9251792109967
 30
0.0
 10
-43.79978783678907
 20
112.0085125456686
 30
0.0
 10
-44.04978783635686
 20
112.5501792113985
 30
0.0
 11
-44.04978783635686
 21
106.0501792113985
 31
0.0
 11
-44.54978783635673
 21
107.6751792113983
 31
0.0
 11
-44.04978783635664
 21
109.3001792113982
 31
0.0
 11
-43.54978783635643
 21
110.9251792113981
 31
0.0
 11
-44.04978783635686
 21
112.5501792113985
 31
0.0
  0
SPLINE
  5
6A6
330
1F
100
AcDbEntity
  8
0
  6
Continuous
 62
     4
100
AcDbSpline
210
0.0
220
0.0
230
1.0
 70
    40
 71
     3
 72
     9
 73
     5
 74
     3
 42
0.0000000001
 43
0.0000000001
 44
0.00000001
 40
0.0
 40
0.0
 40
0.0
 40
0.0
 40
1.700183810651071
 40
3.400367621302143
 40
3.400367621302143
 40
3.400367621302143
 40
3.400367621302143
 10
-44.04978783635686
 20
106.0501792113985
 30
0.0
 10
-43.7997878367893
 20
106.5918458771282
 30
0.0
 10
-43.29978785592444
 20
107.6751792113984
 30
0.0
 10
-43.79978783678931
 20
108.7585125456687
 30
0.0
 10
-44.04978783635686
 20
109.3001792113985
 30
0.0
 11
-44.04978783635686
 21
106.0501792113985
 31
0.0
 11
-43.54978783635687
 21
107.6751792113985
 31
0.0
 11
-44.04978783635686
 21
109.3001792113985
 31
0.0
  0
SPLINE
  5
6A7
330
1F
100
AcDbEntity
  8
0
  6
Continuous
 62
     2
100
AcDbSpline
210
0.0
220
0.0
230
1.0
 70
    40
 71
     3
 72
    24
 73
    20
 74
    18
 42
0.0000000001
 43
0.0000000001
 44
0.00000001
 40
0.0
 40
0.0
 40
0.0
 40
0.0
 40
7.679529707502674
 40
11.86347009198119
 40
14.38277552509287
 40
15.96586825527938
 40
17.45773250785716
 40
18.89180646757604
 40
20.48203285660122
 40
23.14497915620412
 40
24.74146379895811
 40
26.48357441416971
 40
27.92378052242959
 40
28.76393816107402
 40
29.71593294484555
 40
30.78725878990788
 40
32.19780111863021
 40
36.30184804731101
 40
40.39494839160831
 40
40.39494839160831
 40
40.39494839160831
 40
40.39494839160831
 10
-45.33408429655071
 20
-185.5805469207266
 30
0.0
 10
-44.58376848650837
 20
-188.026140623529
 30
0.0
 10
-43.42466765662778
 20
-191.804135999321
 30
0.0
 10
-41.78218939078863
 20
-196.3260147794539
 30
0.0
 10
-40.36205314010582
 20
-198.7111721458009
 30
0.0
 10
-39.25453360205994
 20
-200.2054586208721
 30
0.0
 10
-38.11858640224946
 20
-201.2518750305414
 30
0.0
 10
-36.6777151801452
 20
-201.6994683289085
 30
0.0
 10
-34.89394566532248
 20
-202.5683518603792
 30
0.0
 10
-34.07935082310044
 20
-204.2052050161773
 30
0.0
 10
-31.79848275543411
 20
-205.6504419995934
 30
0.0
 10
-31.42491161974944
 20
-203.6754146429565
 30
0.0
 10
-30.53989092195116
 20
-202.1284839238884
 30
0.0
 10
-29.56650632424615
 20
-202.9546218207667
 30
0.0
 10
-28.85608704013709
 20
-203.6745103187646
 30
0.0
 10
-27.60851857915304
 20
-203.1237565590808
 30
0.0
 10
-26.42653560174894
 20
-201.2983768677795
 30
0.0
 10
-24.8005891549885
 20
-198.5221474806736
 30
0.0
 10
-23.32226118651733
 20
-196.2267253296971
 30
0.0
 10
-22.58408429655094
 20
-195.080546920727
 30
0.0
 11
-45.33408429655071
 21
-185.5805469207266
 31
0.0
 11
-43.00114143451715
 21
-192.8971413605154
 31
0.0
 11
-41.44275425369957
 21
-196.7800251529222
 31
0.0
 11
-40.16046236991408
 21
-198.9485793707266
 31
0.0
 11
-39.19249945129433
 21
-200.2012686311146
 31
0.0
 11
-38.05297130654293
 21
-201.164146898886
 31
0.0
 11
-36.73120987174514
 21
-201.7204874737962
 31
0.0
 11
-35.33408429655064
 21
-202.4800005413632
 31
0.0
 11
-33.52995990130545
 21
-204.4386781981082
 31
0.0
 11
-32.08428564433278
 21
-205.116017965061
 31
0.0
 11
-31.26603320486009
 21
-203.5780282578192
 31
0.0
 11
-30.33408429655088
 21
-202.4800005413632
 31
0.0
 11
-29.62107562692537
 21
-202.9243916933602
 31
0.0
 11
-28.83408429655087
 21
-203.4600583014566
 31
0.0
 11
-27.81677817792163
 21
-203.124160505129
 31
0.0
 11
-26.91363608246437
 21
-202.0406643040805
 31
0.0
 11
-24.77590249282868
 21
-198.5373378429797
 31
0.0
 11
-22.58408429655094
 21
-195.080546920727
 31
0.0
  0
SPLINE
  5
6B0
330
1F
100
AcDbEntity
  8
0
  6
Continuous
 62
     2
100
AcDbSpline
210
0.0
220
0.0
230
1.0
 70
    40
 71
     3
 72
    11
 73
     7
 74
     5
 42
0.0000000001
 43
0.0000000001
 44
0.00000001
 40
0.0
 40
0.0
 40
0.0
 40
0.0
 40
15.03329637770934
 40
30.06659275541828
 40
45.09988913311893
 40
60.13318551081995
 40
60.13318551081995
 40
60.13318551081995
 40
60.13318551081995
 10
106.4080605558197
 20
98.50017921140915
 30
0.0
 10
105.908060555977
 20
103.5001792112019
 30
0.0
 10
104.9080605733583
 20
113.500179211546
 30
0.0
 10
106.4080605566298
 20
128.5001792114092
 30
0.0
 10
107.9080605398984
 20
143.50017921127
 30
0.0
 10
106.9080605572804
 20
153.5001792116084
 30
0.0
 10
106.4080605574376
 20
158.5001792113984
 30
0.0
 11
106.4080605558197
 21
98.50017921140915
 31
0.0
 11
105.408060556225
 21
113.5001792114378
 31
0.0
 11
106.4080605566287
 21
128.5001792114121
 31
0.0
 11
107.4080605570325
 21
143.5001792113781
 31
0.0
 11
106.4080605574376
 21
158.5001792113984
 31
0.0
  0
ARC
  5
6B1
330
1F
100
AcDbEntity
  8
0
  6
Continuous
 62
     4
100
AcDbCircle
 10
-66.29978783506897
 20
38.50017921139823
 30
0.0
 40
4.000000000000006
100
AcDbArc
 50
90.0
 51
180.0
  0
ARC
  5
6B2
330
1F
100
AcDbEntity
  8
0
  6
Continuous
 62
     4
100
AcDbCircle
 10
114.558060555756
 20
38.50017921139141
 30
0.0
 40
4.0
100
AcDbArc
 50
0.0
 51
90.0
  0
ARC
  5
6B3
330
1F
100
AcDbEntity
  8
0
  6
Continuous
 62
     4
100
AcDbCircle
 10
106.8580605557561
 20
38.50017921139141
 30
0.0
 40
4.0
100
AcDbArc
 50
90.0
 51
180.0
  0
ARC
  5
6B4
330
1F
100
AcDbEntity
  8
0
  6
Continuous
 62
     4
100
AcDbCircle
 10
120.2580605559113
 20
41.50017921139595
 30
0.0
 40
1.0
100
AcDbArc
 50
90.0
 51
180.0
  0
ARC
  5
6B5
330
1F
100
AcDbEntity
  8
0
  6
Continuous
 62
     4
100
AcDbCircle
 10
143.7580605559112
 20
41.50017921139595
 30
0.0
 40
1.0
100
AcDbArc
 50
0.0
 51
90.0
  0
ARC
  5
6B6
330
1F
100
AcDbEntity
  8
0
  6
Continuous
 62
     4
100
AcDbCircle
 10
-31.39898783636167
 20
144.0001792113982
 30
0.0
 40
2.0
100
AcDbArc
 50
90.0
 51
180.0
  0
ARC
  5
6B7
330
1F
100
AcDbEntity
  8
0
  6
Continuous
 62
     4
100
AcDbCircle
 10
-17.79898783636314
 20
144.0001792113982
 30
0.0
 40
1.999999999999998
100
AcDbArc
 50
0.0
 51
90.0
  0
ARC
  5
6B8
330
1F
100
AcDbEntity
  8
0
  6
Continuous
 62
     4
100
AcDbCircle
 10
-17.79898783636314
 20
117.2001792113981
 30
0.0
 40
2.0
100
AcDbArc
 50
270.0
 51
0.0
  0
ARC
  5
6B9
330
1F
100
AcDbEntity
  8
0
  6
Continuous
 62
     4
100
AcDbCircle
 10
-31.39898783636167
 20
117.2001792113981
 30
0.0
 40
2.0
100
AcDbArc
 50
180.0
 51
270.0
  0
ARC
  5
6BA
330
1F
100
AcDbEntity
  8
0
  6
Continuous
 62
     4
100
AcDbCircle
 10
-69.34978783635705
 20
117.6001792113977
 30
0.0
 40
2.200000000000798
100
AcDbArc
 50
90.0
 51
180.0
  0
ARC
  5
6BB
330
1F
100
AcDbEntity
  8
0
  6
Continuous
 62
     4
100
AcDbCircle
 10
-61.24978783635666
 20
117.6001792113977
 30
0.0
 40
2.199999999999789
100
AcDbArc
 50
0.0
 51
90.0
  0
ARC
  5
6BC
330
1F
100
AcDbEntity
  8
0
  6
Continuous
 62
     4
100
AcDbCircle
 10
-61.24978783635666
 20
101.0001792113992
 30
0.0
 40
2.200000000000684
100
AcDbArc
 50
270.0
 51
0.0
  0
ARC
  5
6BD
330
1F
100
AcDbEntity
  8
0
  6
Continuous
 62
     4
100
AcDbCircle
 10
-69.34978783635705
 20
101.0001792113992
 30
0.0
 40
2.199999999999818
100
AcDbArc
 50
180.0
 51
270.0
  0
ARC
  5
6BE
330
1F
100
AcDbEntity
  8
0
  6
Continuous
 62
     4
100
AcDbCircle
 10
-167.3493812017002
 20
41.50017921139595
 30
0.0
 40
1.0
100
AcDbArc
 50
0.0
 51
90.0
  0
ARC
  5
6BF
330
1F
100
AcDbEntity
  8
0
  6
Continuous
 62
     4
100
AcDbCircle
 10
-190.8493812017001
 20
41.50017921139595
 30
0.0
 40
1.0
100
AcDbArc
 50
90.0
 51
180.0
  0
ARC
  5
6C0
330
1F
100
AcDbEntity
  8
0
  6
Continuous
 62
     4
100
AcDbCircle
 10
-161.649381201855
 20
38.50017921139141
 30
0.0
 40
4.0
100
AcDbArc
 50
90.0
 51
180.0
  0
ARC
  5
6C1
330
1F
100
AcDbEntity
  8
0
  6
Continuous
 62
     4
100
AcDbCircle
 10
-153.949381201857
 20
38.50017921139141
 30
0.0
 40
4.0
100
AcDbArc
 50
0.0
 51
90.0
  0
ARC
  5
6C2
330
1F
100
AcDbEntity
  8
0
  6
Continuous
 62
     7
100
AcDbCircle
 10
-150.499381201701
 20
24.00017921140005
 30
0.0
 40
0.5
100
AcDbArc
 50
90.0
 51
180.0
  0
ARC
  5
6C3
330
1F
100
AcDbEntity
  8
0
  6
Continuous
 62
     7
100
AcDbCircle
 10
-151.9993812017011
 20
27.50017921139829
 30
0.0
 40
1.0
100
AcDbArc
 50
0.0
 51
90.0
  0
ENDSEC
  0
SECTION
  2
OBJECTS
  0
DICTIONARY
  5
C
330
0
100
AcDbDictionary
281
     1
  3
ACAD_COLOR
350
9C8
  3
ACAD_GROUP
350
D
  3
ACAD_LAYOUT
350
1A
  3
ACAD_MATERIAL
350
3B
  3
ACAD_MLEADERSTYLE
350
992
  3
ACAD_MLINESTYLE
350
17
  3
ACAD_PLOTSETTINGS
350
19
  3
ACAD_PLOTSTYLENAME
350
E
  3
ACAD_SCALELIST
350
9CB
  3
ACAD_TABLESTYLE
350
9C9
  3
ACAD_VISUALSTYLE
350
2A
  3
ACDB_RECOMPOSE_DATA
350
AD4
  3
AcDbVariableDictionary
350
990
  3
DWGPROPS
350
AD5
  0
DICTIONARY
  5
A93
330
2
100
AcDbDictionary
280
     1
281
     1
  3
ACAD_LAYERSTATES
360
A94
  0
DICTIONARY
  5
A07
330
10
100
AcDbDictionary
280
     1
281
     1
  3
ADSK_XREC_LAYER_RECONCILED
360
A08
  0
DICTIONARY
  5
9C8
102
{ACAD_REACTORS
330
C
102
}
330
C
100
AcDbDictionary
281
     1
  0
DICTIONARY
  5
D
102
{ACAD_REACTORS
330
C
102
}
330
C
100
AcDbDictionary
281
     1
  0
DICTIONARY
  5
1A
102
{ACAD_REACTORS
330
C
102
}
330
C
100
AcDbDictionary
281
     1
  3
Layout1
350
1E
  3
Layout2
350
26
  3
Model
350
22
  0
DICTIONARY
  5
3B
102
{ACAD_REACTORS
330
C
102
}
330
C
100
AcDbDictionary
281
     1
  3
ByBlock
350
3D
  3
ByLayer
350
3C
  3
Global
350
3E
  0
DICTIONARY
  5
992
102
{ACAD_REACTORS
330
C
102
}
330
C
100
AcDbDictionary
281
     1
  3
Standard
350
9DD
  0
DICTIONARY
  5
17
102
{ACAD_REACTORS
330
C
102
}
330
C
100
AcDbDictionary
281
     1
  3
Standard
350
18
  0
DICTIONARY
  5
19
102
{ACAD_REACTORS
330
C
102
}
330
C
100
AcDbDictionary
281
     1
  0
ACDBDICTIONARYWDFLT
  5
E
102
{ACAD_REACTORS
330
C
102
}
330
C
100
AcDbDictionary
281
     1
  3
Normal
350
F
100
AcDbDictionaryWithDefault
340
F
  0
DICTIONARY
  5
9CB
102
{ACAD_REACTORS
330
C
102
}
330
C
100
AcDbDictionary
281
     1
  3
A0
350
9CC
  3
A1
350
9CD
  3
A2
350
9CE
  3
A3
350
9CF
  3
A4
350
9D0
  3
A5
350
9D1
  3
A6
350
9D2
  3
A7
350
9D3
  3
A8
350
9D4
  3
A9
350
9D5
  3
B0
350
9D6
  3
B1
350
9D7
  3
B2
350
9D8
  3
B3
350
9D9
  3
B4
350
9DA
  3
B5
350
9DB
  3
B6
350
9DC
  0
DICTIONARY
  5
9C9
102
{ACAD_REACTORS
330
C
102
}
330
C
100
AcDbDictionary
281
     1
  3
Standard
350
9CA
  0
DICTIONARY
  5
2A
102
{ACAD_REACTORS
330
C
102
}
330
C
100
AcDbDictionary
281
     1
  3
2dWireframe
350
2F
  3
3D Hidden
350
31
  3
3dWireframe
350
30
  3
Basic
350
32
  3
Brighten
350
36
  3
ColorChange
350
3A
  3
Conceptual
350
34
  3
Dim
350
35
  3
EdgeColorOff
350
9C7
  3
Facepattern
350
39
  3
Flat
350
2B
  3
FlatWithEdges
350
2C
  3
Gouraud
350
2D
  3
GouraudWithEdges
350
2E
  3
Hidden
350
9BF
  3
JitterOff
350
9C5
  3
Linepattern
350
38
  3
OverhangOff
350
9C6
  3
Realistic
350
33
  3
Shaded
350
9C4
  3
Shaded with edges
350
9C3
  3
Shades of Gray
350
9C0
  3
Sketchy
350
9C1
  3
Thicken
350
37
  3
Wireframe
350
9BE
  3
X-Ray
350
9C2
  0
XRECORD
  5
AD4
102
{ACAD_REACTORS
330
C
102
}
330
C
100
AcDbXrecord
280
     1
 90
        1
330
9CA
  0
DICTIONARY
  5
990
102
{ACAD_REACTORS
330
C
102
}
330
C
100
AcDbDictionary
281
     1
  3
CANNOSCALE
350
A9E
  3
CMLEADERSTYLE
350
A9C
  3
CTABLESTYLE
350
A9B
  3
DIMASSOC
350
993
  3
HIDETEXT
350
994
  3
INDEXCTL
350
AD0
  3
LAYEREVAL
350
AA0
  3
LAYERNOTIFY
350
AA1
  3
LIGHTINGUNITS
350
A9F
  3
MSLTSCALE
350
A9D
  3
SORTENTS
350
ACF
  3
XCLIPFRAME
350
AD1
  0
XRECORD
  5
AD5
102
{ACAD_REACTORS
330
C
102
}
330
C
100
AcDbXrecord
280
     1
  1
DWGPROPS COOKIE
  2

  3

  4

  6

  7

  8
nabe
  9

300
=
301
=
302
=
303
=
304
=
305
=
306
=
307
=
308
=
309
=
 40
0.1546225462962963
 41
2457578.582610486
 42
2457638.674953461
  1

 90
        0
  0
DICTIONARY
  5
A94
102
{ACAD_REACTORS
330
A93
102
}
330
A93
100
AcDbDictionary
281
     1
  0
XRECORD
  5
A08
102
{ACAD_REACTORS
330
A07
102
}
330
A07
100
AcDbXrecord
280
     1
290
     1
  0
LAYOUT
  5
1E
102
{ACAD_XDICTIONARY
360
AD6
102
}
102
{ACAD_REACTORS
330
1A
102
}
330
1A
100
AcDbPlotSettings
  1

  2
none_device
  4

  6

 40
0.0
 41
0.0
 42
0.0
 43
0.0
 44
0.0
 45
0.0
 46
0.0
 47
0.0
 48
0.0
 49
0.0
140
0.0
141
0.0
142
1.0
143
1.0
 70
   688
 72
     0
 73
     0
 74
     5
  7

 75
    16
147
1.0
148
0.0
149
0.0
100
AcDbLayout
  1
Layout1
 70
     1
 71
     1
 10
0.0
 20
0.0
 11
12.0
 21
9.0
 12
0.0
 22
0.0
 32
0.0
 14
1.000000000000000E+20
 24
1.000000000000000E+20
 34
1.000000000000000E+20
 15
-1.000000000000000E+20
 25
-1.000000000000000E+20
 35
-1.000000000000000E+20
146
0.0
 13
0.0
 23
0.0
 33
0.0
 16
1.0
 26
0.0
 36
0.0
 17
0.0
 27
1.0
 37
0.0
 76
     0
330
1B
  0
LAYOUT
  5
26
102
{ACAD_XDICTIONARY
360
AD9
102
}
102
{ACAD_REACTORS
330
1A
102
}
330
1A
100
AcDbPlotSettings
  1

  2
none_device
  4

  6

 40
0.0
 41
0.0
 42
0.0
 43
0.0
 44
0.0
 45
0.0
 46
0.0
 47
0.0
 48
0.0
 49
0.0
140
0.0
141
0.0
142
1.0
143
1.0
 70
   688
 72
     0
 73
     0
 74
     5
  7

 75
    16
147
1.0
148
0.0
149
0.0
100
AcDbLayout
  1
Layout2
 70
     1
 71
     2
 10
0.0
 20
0.0
 11
0.0
 21
0.0
 12
0.0
 22
0.0
 32
0.0
 14
0.0
 24
0.0
 34
0.0
 15
0.0
 25
0.0
 35
0.0
146
0.0
 13
0.0
 23
0.0
 33
0.0
 16
1.0
 26
0.0
 36
0.0
 17
0.0
 27
1.0
 37
0.0
 76
     0
330
23
  0
LAYOUT
  5
22
102
{ACAD_XDICTIONARY
360
A99
102
}
102
{ACAD_REACTORS
330
1A
102
}
330
1A
100
AcDbPlotSettings
  1

  2
none_device
  4

  6

 40
0.0
 41
0.0
 42
0.0
 43
0.0
 44
0.0
 45
0.0
 46
0.0
 47
0.0
 48
0.0
 49
0.0
140
0.0
141
0.0
142
1.0
143
1.0
 70
  1712
 72
     0
 73
     0
 74
     0
  7

 75
     0
147
1.0
148
0.0
149
0.0
100
AcDbLayout
  1
Model
 70
     1
 71
     0
 10
0.0
 20
0.0
 11
12.0
 21
9.0
 12
0.0
 22
0.0
 32
0.0
 14
-305.9995
 24
-209.0
 34
0.0
 15
286.0002
 25
208.9995
 35
0.0
146
0.0
 13
0.0
 23
0.0
 33
0.0
 16
1.0
 26
0.0
 36
0.0
 17
0.0
 27
1.0
 37
0.0
 76
     0
330
1F
331
29
  0
MATERIAL
  5
3D
102
{ACAD_XDICTIONARY
360
9B7
102
}
102
{ACAD_REACTORS
330
3B
102
}
330
3B
100
AcDbMaterial
  1
ByBlock
  0
MATERIAL
  5
3C
102
{ACAD_XDICTIONARY
360
9B5
102
}
102
{ACAD_REACTORS
330
3B
102
}
330
3B
100
AcDbMaterial
  1
ByLayer
  0
MATERIAL
  5
3E
102
{ACAD_XDICTIONARY
360
9B9
102
}
102
{ACAD_REACTORS
330
3B
102
}
330
3B
100
AcDbMaterial
  1
Global
  0
MLEADERSTYLE
  5
9DD
102
{ACAD_REACTORS
330
992
102
}
330
992
100
AcDbMLeaderStyle
170
     2
171
     1
172
     0
 90
        2
 40
0.0
 41
0.0
173
     1
 91
-1056964608
340
14
 92
       -2
290
     1
 42
2.0
291
     1
 43
0.36
  3
Standard
 44
4.0
300

342
11
174
     1
178
     6
175
     1
176
     0
 93
-1056964608
 45
4.0
292
     0
297
     0
 46
4.0
 94
-1056964608
 47
1.0
 49
1.0
140
1.0
293
     1
141
0.0
294
     1
177
     0
142
1.0
295
     0
296
     0
143
0.125
1001
ACAD_MLEADERVER
1070
     2
  0
MLINESTYLE
  5
18
102
{ACAD_REACTORS
330
17
102
}
330
17
100
AcDbMlineStyle
  2
STANDARD
 70
     0
  3

 62
   256
 51
90.0
 52
90.0
 71
     2
 49
0.5
 62
   256
  6
BYLAYER
 49
-0.5
 62
   256
  6
BYLAYER
  0
ACDBPLACEHOLDER
  5
F
102
{ACAD_REACTORS
330
E
102
}
330
E
  0
SCALE
  5
9CC
102
{ACAD_REACTORS
330
9CB
102
}
330
9CB
100
AcDbScale
 70
     0
300
1:1
140
1.0
141
1.0
290
     1
  0
SCALE
  5
9CD
102
{ACAD_REACTORS
330
9CB
102
}
330
9CB
100
AcDbScale
 70
     0
300
1:2
140
1.0
141
2.0
290
     0
  0
SCALE
  5
9CE
102
{ACAD_REACTORS
330
9CB
102
}
330
9CB
100
AcDbScale
 70
     0
300
1:4
140
1.0
141
4.0
290
     0
  0
SCALE
  5
9CF
102
{ACAD_REACTORS
330
9CB
102
}
330
9CB
100
AcDbScale
 70
     0
300
1:5
140
1.0
141
5.0
290
     0
  0
SCALE
  5
9D0
102
{ACAD_REACTORS
330
9CB
102
}
330
9CB
100
AcDbScale
 70
     0
300
1:8
140
1.0
141
8.0
290
     0
  0
SCALE
  5
9D1
102
{ACAD_REACTORS
330
9CB
102
}
330
9CB
100
AcDbScale
 70
     0
300
1:10
140
1.0
141
10.0
290
     0
  0
SCALE
  5
9D2
102
{ACAD_REACTORS
330
9CB
102
}
330
9CB
100
AcDbScale
 70
     0
300
1:16
140
1.0
141
16.0
290
     0
  0
SCALE
  5
9D3
102
{ACAD_REACTORS
330
9CB
102
}
330
9CB
100
AcDbScale
 70
     0
300
1:20
140
1.0
141
20.0
290
     0
  0
SCALE
  5
9D4
102
{ACAD_REACTORS
330
9CB
102
}
330
9CB
100
AcDbScale
 70
     0
300
1:30
140
1.0
141
30.0
290
     0
  0
SCALE
  5
9D5
102
{ACAD_REACTORS
330
9CB
102
}
330
9CB
100
AcDbScale
 70
     0
300
1:40
140
1.0
141
40.0
290
     0
  0
SCALE
  5
9D6
102
{ACAD_REACTORS
330
9CB
102
}
330
9CB
100
AcDbScale
 70
     0
300
1:50
140
1.0
141
50.0
290
     0
  0
SCALE
  5
9D7
102
{ACAD_REACTORS
330
9CB
102
}
330
9CB
100
AcDbScale
 70
     0
300
1:100
140
1.0
141
100.0
290
     0
  0
SCALE
  5
9D8
102
{ACAD_REACTORS
330
9CB
102
}
330
9CB
100
AcDbScale
 70
     0
300
2:1
140
2.0
141
1.0
290
     0
  0
SCALE
  5
9D9
102
{ACAD_REACTORS
330
9CB
102
}
330
9CB
100
AcDbScale
 70
     0
300
4:1
140
4.0
141
1.0
290
     0
  0
SCALE
  5
9DA
102
{ACAD_REACTORS
330
9CB
102
}
330
9CB
100
AcDbScale
 70
     0
300
8:1
140
8.0
141
1.0
290
     0
  0
SCALE
  5
9DB
102
{ACAD_REACTORS
330
9CB
102
}
330
9CB
100
AcDbScale
 70
     0
300
10:1
140
10.0
141
1.0
290
     0
  0
SCALE
  5
9DC
102
{ACAD_REACTORS
330
9CB
102
}
330
9CB
100
AcDbScale
 70
     0
300
100:1
140
100.0
141
1.0
290
     0
  0
TABLESTYLE
  5
9CA
102
{ACAD_XDICTIONARY
360
AD2
102
}
102
{ACAD_REACTORS
330
9C9
102
}
330
9C9
100
AcDbTableStyle
  3
Standard
 70
     0
 71
     0
 40
1.5
 41
1.5
280
     0
281
     0
  7
Standard
140
4.5
170
     2
 62
     0
 63
     7
283
     0
274
    -2
284
     1
 64
     0
275
    -2
285
     1
 65
     0
276
    -2
286
     1
 66
     0
277
    -2
287
     1
 67
     0
278
    -2
288
     1
 68
     0
279
    -2
289
     1
 69
     0
  7
Standard
140
6.0
170
     5
 62
     0
 63
     7
283
     0
274
    -2
284
     1
 64
     0
275
    -2
285
     1
 65
     0
276
    -2
286
     1
 66
     0
277
    -2
287
     1
 67
     0
278
    -2
288
     1
 68
     0
279
    -2
289
     1
 69
     0
  7
Standard
140
4.5
170
     5
 62
     0
 63
     7
283
     0
274
    -2
284
     1
 64
     0
275
    -2
285
     1
 65
     0
276
    -2
286
     1
 66
     0
277
    -2
287
     1
 67
     0
278
    -2
288
     1
 68
     0
279
    -2
289
     1
 69
     0
  0
VISUALSTYLE
  5
2F
102
{ACAD_XDICTIONARY
360
AE3
102
}
102
{ACAD_REACTORS
330
2A
102
}
330
2A
100
AcDbVisualStyle
  2

 70
     4
 71
     0
 72
     2
 73
     0
 90
        0
 40
-0.6
 41
-30.0
 62
     5
 63
     7
 74
     1
 91
        4
 64
     7
 65
   257
 75
     1
175
     1
 42
1.0
 92
        0
 66
   257
 43
1.0
 76
     1
 77
     6
 78
     2
 67
     7
 79
     5
170
     0
171
     0
290
     0
174
     0
 93
        1
 44
0.0
173
     0
291
     0
 45
0.0
1001
ACAD
1000
AcDbSavedByObjectVersion
1070
     0
  0
VISUALSTYLE
  5
31
102
{ACAD_XDICTIONARY
360
AE7
102
}
102
{ACAD_REACTORS
330
2A
102
}
330
2A
100
AcDbVisualStyle
  2

 70
     6
 71
     1
 72
     2
 73
     2
 90
        0
 40
-0.6
 41
-30.0
 62
     5
 63
     7
 74
     2
 91
        2
 64
     7
 65
   257
 75
     2
175
     1
 42
40.0
 92
        0
 66
   257
 43
1.0
 76
     1
 77
     6
 78
     2
 67
     7
 79
     3
170
     0
171
     0
290
     0
174
     0
 93
        1
 44
0.0
173
     0
291
     0
 45
0.0
1001
ACAD
1000
AcDbSavedByObjectVersion
1070
     0
  0
VISUALSTYLE
  5
30
102
{ACAD_XDICTIONARY
360
AE5
102
}
102
{ACAD_REACTORS
330
2A
102
}
330
2A
100
AcDbVisualStyle
  2

 70
     5
 71
     0
 72
     2
 73
     0
 90
        0
 40
-0.6
 41
-30.0
 62
     5
 63
     7
 74
     1
 91
        4
 64
     7
 65
   257
 75
     1
175
     1
 42
1.0
 92
        0
 66
   257
 43
1.0
 76
     1
 77
     6
 78
     2
 67
     7
 79
     5
170
     0
171
     0
290
     0
174
     0
 93
        1
 44
0.0
173
     0
291
     0
 45
0.0
1001
ACAD
1000
AcDbSavedByObjectVersion
1070
     0
  0
VISUALSTYLE
  5
32
102
{ACAD_XDICTIONARY
360
AE9
102
}
102
{ACAD_REACTORS
330
2A
102
}
330
2A
100
AcDbVisualStyle
  2

 70
     7
 71
     1
 72
     0
 73
     1
 90
        0
 40
-0.6
 41
-30.0
 62
     5
 63
     7
 74
     0
 91
        4
 64
     7
 65
   257
 75
     1
175
     1
 42
1.0
 92
        8
 66
     7
 43
1.0
 76
     1
 77
     6
 78
     2
 67
     7
 79
     5
170
     0
171
     0
290
     0
174
     0
 93
        1
 44
0.0
173
     0
291
     1
 45
0.0
1001
ACAD
1000
AcDbSavedByObjectVersion
1070
     0
  0
VISUALSTYLE
  5
36
102
{ACAD_XDICTIONARY
360
AF1
102
}
102
{ACAD_REACTORS
330
2A
102
}
330
2A
100
AcDbVisualStyle
  2

 70
    12
 71
     2
 72
     2
 73
     0
 90
        0
 40
-0.6
 41
-30.0
 62
     5
 63
     7
 74
     1
 91
        4
 64
     7
 65
   257
 75
     1
175
     1
 42
1.0
 92
        8
 66
     7
 43
1.0
 76
     1
 77
     6
 78
     2
 67
     7
 79
     5
170
     0
171
     0
290
     0
174
     0
 93
        1
 44
50.0
173
     0
291
     1
 45
0.0
1001
ACAD
1000
AcDbSavedByObjectVersion
1070
     0
  0
VISUALSTYLE
  5
3A
102
{ACAD_XDICTIONARY
360
AF9
102
}
102
{ACAD_REACTORS
330
2A
102
}
330
2A
100
AcDbVisualStyle
  2

 70
    16
 71
     2
 72
     2
 73
     3
 90
        0
 40
-0.6
 41
-30.0
 62
     5
 63
     8
 74
     1
 91
        4
 64
     7
 65
   257
 75
     1
175
     1
 42
1.0
 92
        8
 66
     8
 43
1.0
 76
     1
 77
     6
 78
     2
 67
     7
 79
     5
170
     0
171
     0
290
     0
174
     0
 93
        1
 44
0.0
173
     0
291
     1
 45
0.0
1001
ACAD
1000
AcDbSavedByObjectVersion
1070
     0
  0
VISUALSTYLE
  5
34
102
{ACAD_XDICTIONARY
360
AED
102
}
102
{ACAD_REACTORS
330
2A
102
}
330
2A
100
AcDbVisualStyle
  2

 70
     9
 71
     3
 72
     2
 73
     0
 90
        0
 40
-0.6
 41
-30.0
 62
     5
 63
     7
 74
     2
 91
        2
 64
     7
 65
   257
 75
     1
175
     1
 42
40.0
 92
        8
 66
     7
 43
1.0
 76
     1
 77
     6
 78
     2
 67
     7
 79
     3
170
     0
171
     0
290
     0
174
     0
 93
        1
 44
0.0
173
     0
291
     0
 45
0.0
1001
ACAD
1000
AcDbSavedByObjectVersion
1070
     0
  0
VISUALSTYLE
  5
35
102
{ACAD_XDICTIONARY
360
AEF
102
}
102
{ACAD_REACTORS
330
2A
102
}
330
2A
100
AcDbVisualStyle
  2

 70
    11
 71
     2
 72
     2
 73
     0
 90
        0
 40
-0.6
 41
-30.0
 62
     5
 63
     7
 74
     1
 91
        4
 64
     7
 65
   257
 75
     1
175
     1
 42
1.0
 92
        8
 66
     7
 43
1.0
 76
     1
 77
     6
 78
     2
 67
     7
 79
     5
170
     0
171
     0
290
     0
174
     0
 93
        1
 44
-50.0
173
     0
291
     1
 45
0.0
1001
ACAD
1000
AcDbSavedByObjectVersion
1070
     0
  0
VISUALSTYLE
  5
9C7
102
{ACAD_XDICTIONARY
360
B0D
102
}
102
{ACAD_REACTORS
330
2A
102
}
330
2A
100
AcDbVisualStyle
  2
EdgeColorOff
 70
    22
 71
     2
 72
     2
 73
     0
 90
        0
 40
-0.6
 41
-30.0
 62
     5
 63
     7
 74
     1
 91
        4
 64
     7
 65
   257
 75
     1
175
     1
 42
1.0
 92
        8
 66
     7
 43
1.0
 76
     1
 77
     6
 78
     2
 67
     7
 79
     5
170
     0
171
     0
290
     0
174
     0
 93
        1
 44
0.0
173
     0
291
     1
 45
0.0
1001
ACAD
1000
AcDbSavedByObjectVersion
1070
     0
  0
VISUALSTYLE
  5
39
102
{ACAD_XDICTIONARY
360
AF7
102
}
102
{ACAD_REACTORS
330
2A
102
}
330
2A
100
AcDbVisualStyle
  2

 70
    15
 71
     2
 72
     2
 73
     0
 90
        0
 40
-0.6
 41
-30.0
 62
     5
 63
     7
 74
     1
 91
        4
 64
     7
 65
   257
 75
     1
175
     1
 42
1.0
 92
        8
 66
     7
 43
1.0
 76
     1
 77
     6
 78
     2
 67
     7
 79
     5
170
     0
171
     0
290
     0
174
     0
 93
        1
 44
0.0
173
     0
291
     1
 45
0.0
1001
ACAD
1000
AcDbSavedByObjectVersion
1070
     0
  0
VISUALSTYLE
  5
2B
102
{ACAD_XDICTIONARY
360
ADB
102
}
102
{ACAD_REACTORS
330
2A
102
}
330
2A
100
AcDbVisualStyle
  2

 70
     0
 71
     2
 72
     1
 73
     1
 90
        2
 40
-0.6
 41
30.0
 62
     5
 63
     7
 74
     0
 91
        4
 64
     7
 65
   257
 75
     1
175
     1
 42
1.0
 92
        8
 66
     7
 43
1.0
 76
     1
 77
     6
 78
     2
 67
     7
 79
     5
170
     0
171
     0
290
     0
174
     0
 93
       13
 44
0.0
173
     0
291
     1
 45
0.0
1001
ACAD
1000
AcDbSavedByObjectVersion
1070
     0
  0
VISUALSTYLE
  5
2C
102
{ACAD_XDICTIONARY
360
ADD
102
}
102
{ACAD_REACTORS
330
2A
102
}
330
2A
100
AcDbVisualStyle
  2

 70
     1
 71
     2
 72
     1
 73
     1
 90
        2
 40
-0.6
 41
30.0
 62
     5
 63
     7
 74
     1
 91
        4
 64
     7
 65
   257
 75
     1
175
     1
 42
1.0
 92
        0
 66
   257
 43
1.0
 76
     1
 77
     6
 78
     2
 67
     7
 79
     5
170
     0
171
     0
290
     0
174
     0
 93
       13
 44
0.0
173
     0
291
     1
 45
0.0
1001
ACAD
1000
AcDbSavedByObjectVersion
1070
     0
  0
VISUALSTYLE
  5
2D
102
{ACAD_XDICTIONARY
360
ADF
102
}
102
{ACAD_REACTORS
330
2A
102
}
330
2A
100
AcDbVisualStyle
  2

 70
     2
 71
     2
 72
     2
 73
     1
 90
        2
 40
-0.6
 41
30.0
 62
     5
 63
     7
 74
     0
 91
        4
 64
     7
 65
   257
 75
     1
175
     1
 42
1.0
 92
        0
 66
     7
 43
1.0
 76
     1
 77
     6
 78
     2
 67
     7
 79
     5
170
     0
171
     0
290
     0
174
     0
 93
       13
 44
0.0
173
     0
291
     1
 45
0.0
1001
ACAD
1000
AcDbSavedByObjectVersion
1070
     0
  0
VISUALSTYLE
  5
2E
102
{ACAD_XDICTIONARY
360
AE1
102
}
102
{ACAD_REACTORS
330
2A
102
}
330
2A
100
AcDbVisualStyle
  2

 70
     3
 71
     2
 72
     2
 73
     1
 90
        2
 40
-0.6
 41
30.0
 62
     5
 63
     7
 74
     1
 91
        4
 64
     7
 65
   257
 75
     1
175
     1
 42
1.0
 92
        0
 66
   257
 43
1.0
 76
     1
 77
     6
 78
     2
 67
     7
 79
     5
170
     0
171
     0
290
     0
174
     0
 93
       13
 44
0.0
173
     0
291
     1
 45
0.0
1001
ACAD
1000
AcDbSavedByObjectVersion
1070
     0
  0
VISUALSTYLE
  5
9BF
102
{ACAD_XDICTIONARY
360
AFD
102
}
102
{ACAD_REACTORS
330
2A
102
}
330
2A
100
AcDbVisualStyle
  2
Hidden
 70
     6
 71
     1
 72
     2
 73
     2
 90
        0
 40
-0.6
 41
-30.0
 62
     5
 63
     7
 74
     2
 91
        2
 64
     7
 65
   257
 75
     2
175
     1
 42
40.0
 92
        0
 66
   257
 43
1.0
 76
     1
 77
     6
 78
     2
 67
     7
 79
     3
170
     0
171
     0
290
     0
174
     0
 93
        1
 44
0.0
173
     0
291
     0
 45
0.0
1001
ACAD
1000
AcDbSavedByObjectVersion
1070
     0
  0
VISUALSTYLE
  5
9C5
102
{ACAD_XDICTIONARY
360
B09
102
}
102
{ACAD_REACTORS
330
2A
102
}
330
2A
100
AcDbVisualStyle
  2
JitterOff
 70
    20
 71
     2
 72
     2
 73
     0
 90
        0
 40
-0.6
 41
-30.0
 62
     5
 63
     7
 74
     1
 91
        4
 64
     7
 65
   257
 75
     1
175
     1
 42
1.0
 92
       10
 66
     7
 43
1.0
 76
     1
 77
     6
 78
     2
 67
     7
 79
     5
170
     0
171
     0
290
     0
174
     0
 93
        1
 44
0.0
173
     0
291
     1
 45
0.0
1001
ACAD
1000
AcDbSavedByObjectVersion
1070
     0
  0
VISUALSTYLE
  5
38
102
{ACAD_XDICTIONARY
360
AF5
102
}
102
{ACAD_REACTORS
330
2A
102
}
330
2A
100
AcDbVisualStyle
  2

 70
    14
 71
     2
 72
     2
 73
     0
 90
        0
 40
-0.6
 41
-30.0
 62
     5
 63
     7
 74
     1
 91
        4
 64
     7
 65
   257
 75
     7
175
     7
 42
1.0
 92
        8
 66
     7
 43
1.0
 76
     1
 77
     6
 78
     2
 67
     7
 79
     5
170
     0
171
     0
290
     0
174
     0
 93
        1
 44
0.0
173
     0
291
     1
 45
0.0
1001
ACAD
1000
AcDbSavedByObjectVersion
1070
     0
  0
VISUALSTYLE
  5
9C6
102
{ACAD_XDICTIONARY
360
B0B
102
}
102
{ACAD_REACTORS
330
2A
102
}
330
2A
100
AcDbVisualStyle
  2
OverhangOff
 70
    21
 71
     2
 72
     2
 73
     0
 90
        0
 40
-0.6
 41
-30.0
 62
     5
 63
     7
 74
     1
 91
        4
 64
     7
 65
   257
 75
     1
175
     1
 42
1.0
 92
        9
 66
     7
 43
1.0
 76
     1
 77
     6
 78
     2
 67
     7
 79
     5
170
     0
171
     0
290
     0
174
     0
 93
        1
 44
0.0
173
     0
291
     1
 45
0.0
1001
ACAD
1000
AcDbSavedByObjectVersion
1070
     0
  0
VISUALSTYLE
  5
33
102
{ACAD_XDICTIONARY
360
AEB
102
}
102
{ACAD_REACTORS
330
2A
102
}
330
2A
100
AcDbVisualStyle
  2

 70
     8
 71
     2
 72
     2
 73
     0
 90
        0
 40
-0.6
 41
-30.0
 62
     5
 63
     7
 74
     1
 91
        0
 64
     7
 65
   257
 75
     1
175
     1
 42
1.0
 92
        8
 66
     8
 43
1.0
 76
     1
 77
     6
 78
     2
 67
     7
 79
     5
170
     0
171
     0
290
     0
174
     0
 93
       13
 44
0.0
173
     0
291
     0
 45
0.0
1001
ACAD
1000
AcDbSavedByObjectVersion
1070
     0
  0
VISUALSTYLE
  5
9C4
102
{ACAD_XDICTIONARY
360
B07
102
}
102
{ACAD_REACTORS
330
2A
102
}
330
2A
100
AcDbVisualStyle
  2
Shaded
 70
    27
 71
     2
 72
     2
 73
     1
 90
        2
 40
-0.6
 41
30.0
 62
     5
 63
     7
 74
     0
 91
        4
 64
     7
 65
   257
 75
     1
175
     1
 42
1.0
 92
        8
 66
   257
 43
1.0
 76
     1
 77
     6
 78
     2
 67
     8
 79
     3
170
     0
171
     0
290
     0
174
     0
 93
        5
 44
0.0
173
     0
291
     0
 45
0.0
1001
ACAD
1000
AcDbSavedByObjectVersion
1070
     0
  0
VISUALSTYLE
  5
9C3
102
{ACAD_XDICTIONARY
360
B05
102
}
102
{ACAD_REACTORS
330
2A
102
}
330
2A
100
AcDbVisualStyle
  2
Shaded with edges
 70
    26
 71
     2
 72
     2
 73
     1
 90
        2
 40
-0.6
 41
30.0
 62
     5
 63
     7
 74
     1
 91
       10
 64
     7
 65
   257
 75
     2
175
     1
 42
1.0
 92
        8
 66
   257
 43
1.0
 76
     1
 77
     6
 78
     2
 67
     7
 79
     3
170
     0
171
     0
290
     0
174
     0
 93
        5
 44
0.0
173
     0
291
     0
 45
0.0
1001
ACAD
1000
AcDbSavedByObjectVersion
1070
     0
  0
VISUALSTYLE
  5
9C0
102
{ACAD_XDICTIONARY
360
AFF
102
}
102
{ACAD_REACTORS
330
2A
102
}
330
2A
100
AcDbVisualStyle
  2
Shades of Gray
 70
    23
 71
     2
 72
     2
 73
     3
 90
        0
 40
-0.6
 41
-30.0
 62
     5
 63
     7
 74
     2
 91
        2
 64
     7
 65
     7
 75
     1
175
     1
 42
40.0
 92
        8
 66
     7
 43
1.0
 76
     1
 77
     6
 78
     2
 67
     7
 79
     3
170
     0
171
     0
290
     0
174
     0
 93
        1
 44
0.0
173
     0
291
     0
 45
0.0
1001
ACAD
1000
AcDbSavedByObjectVersion
1070
     0
  0
VISUALSTYLE
  5
9C1
102
{ACAD_XDICTIONARY
360
B01
102
}
102
{ACAD_REACTORS
330
2A
102
}
330
2A
100
AcDbVisualStyle
  2
Sketchy
 70
    24
 71
     1
 72
     2
 73
     2
 90
        0
 40
-0.6
 41
-30.0
 62
     5
 63
     7
 74
     2
 91
        2
 64
     7
 65
     7
 75
     1
175
     1
 42
40.0
 92
       11
 66
     7
 43
1.0
 76
     1
 77
     6
 78
     2
 67
     7
 79
     6
170
     0
171
     0
290
     0
174
     0
 93
        1
 44
0.0
173
     0
291
     0
 45
0.0
1001
ACAD
1000
AcDbSavedByObjectVersion
1070
     0
  0
VISUALSTYLE
  5
37
102
{ACAD_XDICTIONARY
360
AF3
102
}
102
{ACAD_REACTORS
330
2A
102
}
330
2A
100
AcDbVisualStyle
  2

 70
    13
 71
     2
 72
     2
 73
     0
 90
        0
 40
-0.6
 41
-30.0
 62
     5
 63
     7
 74
     1
 91
        4
 64
     7
 65
   257
 75
     1
175
     1
 42
1.0
 92
       12
 66
     7
 43
1.0
 76
     1
 77
     6
 78
     2
 67
     7
 79
     5
170
     0
171
     0
290
     0
174
     0
 93
        1
 44
0.0
173
     0
291
     1
 45
0.0
1001
ACAD
1000
AcDbSavedByObjectVersion
1070
     0
  0
VISUALSTYLE
  5
9BE
102
{ACAD_XDICTIONARY
360
AFB
102
}
102
{ACAD_REACTORS
330
2A
102
}
330
2A
100
AcDbVisualStyle
  2
Wireframe
 70
     5
 71
     0
 72
     2
 73
     0
 90
        0
 40
-0.6
 41
-30.0
 62
     5
 63
     7
 74
     1
 91
        4
 64
     7
 65
   257
 75
     1
175
     1
 42
1.0
 92
        0
 66
   257
 43
1.0
 76
     1
 77
     6
 78
     2
 67
     7
 79
     3
170
     0
171
     0
290
     0
174
     0
 93
        1
 44
0.0
173
     0
291
     0
 45
0.0
1001
ACAD
1000
AcDbSavedByObjectVersion
1070
     0
  0
VISUALSTYLE
  5
9C2
102
{ACAD_XDICTIONARY
360
B03
102
}
102
{ACAD_REACTORS
330
2A
102
}
330
2A
100
AcDbVisualStyle
  2
X-Ray
 70
    25
 71
     2
 72
     2
 73
     1
 90
        1
 40
0.5
 41
-30.0
 62
     5
 63
     7
 74
     1
 91
        0
 64
     7
 65
   257
 75
     1
175
     1
 42
1.0
 92
        8
 66
     7
 43
1.0
 76
     1
 77
     6
 78
     2
 67
     7
 79
     3
170
     0
171
     0
290
     0
174
     0
 93
       13
 44
0.0
173
     0
291
     0
 45
0.0
1001
ACAD
1000
AcDbSavedByObjectVersion
1070
     0
  0
DICTIONARYVAR
  5
A9E
102
{ACAD_REACTORS
330
990
102
}
330
990
100
DictionaryVariables
280
     0
  1
1:1
  0
DICTIONARYVAR
  5
A9C
102
{ACAD_REACTORS
330
990
102
}
330
990
100
DictionaryVariables
280
     0
  1
STANDARD
  0
DICTIONARYVAR
  5
A9B
102
{ACAD_REACTORS
330
990
102
}
330
990
100
DictionaryVariables
280
     0
  1
STANDARD
  0
DICTIONARYVAR
  5
993
102
{ACAD_REACTORS
330
990
102
}
330
990
100
DictionaryVariables
280
     0
  1
2
  0
DICTIONARYVAR
  5
994
102
{ACAD_REACTORS
330
990
102
}
330
990
100
DictionaryVariables
280
     0
  1
1
  0
DICTIONARYVAR
  5
AD0
102
{ACAD_REACTORS
330
990
102
}
330
990
100
DictionaryVariables
280
     0
  1
0
  0
DICTIONARYVAR
  5
AA0
102
{ACAD_REACTORS
330
990
102
}
330
990
100
DictionaryVariables
280
     0
  1
1
  0
DICTIONARYVAR
  5
AA1
102
{ACAD_REACTORS
330
990
102
}
330
990
100
DictionaryVariables
280
     0
  1
15
  0
DICTIONARYVAR
  5
A9F
102
{ACAD_REACTORS
330
990
102
}
330
990
100
DictionaryVariables
280
     0
  1
0
  0
DICTIONARYVAR
  5
A9D
102
{ACAD_REACTORS
330
990
102
}
330
990
100
DictionaryVariables
280
     0
  1
0
  0
DICTIONARYVAR
  5
ACF
102
{ACAD_REACTORS
330
990
102
}
330
990
100
DictionaryVariables
280
     0
  1
127
  0
DICTIONARYVAR
  5
AD1
102
{ACAD_REACTORS
330
990
102
}
330
990
100
DictionaryVariables
280
     0
  1
2
  0
DICTIONARY
  5
AD6
330
1E
100
AcDbDictionary
280
     1
281
     1
  3
ACAD_XREC_ROUNDTRIP
360
AD7
  0
DICTIONARY
  5
AD9
330
26
100
AcDbDictionary
280
     1
281
     1
  3
ACAD_XREC_ROUNDTRIP
360
ADA
  0
DICTIONARY
  5
A99
330
22
100
AcDbDictionary
280
     1
281
     1
  3
ACAD_XREC_ROUNDTRIP
360
AD8
  3
ADSK_XREC_LAYOUTTHUMBNAIL
360
A9A
  0
DICTIONARY
  5
9B7
330
3D
100
AcDbDictionary
280
     1
281
     1
  3
ACAD_XREC_ROUNDTRIP
360
9B8
  0
DICTIONARY
  5
9B5
330
3C
100
AcDbDictionary
280
     1
281
     1
  3
ACAD_XREC_ROUNDTRIP
360
9B6
  0
DICTIONARY
  5
9B9
330
3E
100
AcDbDictionary
280
     1
281
     1
  3
ACAD_XREC_ROUNDTRIP
360
9BA
  0
DICTIONARY
  5
AD2
330
9CA
100
AcDbDictionary
280
     1
281
     1
  3
ACAD_ROUNDTRIP_2008_TABLESTYLE_CELLSTYLEMAP
360
AD3
  3
ACAD_XREC_ROUNDTRIP
360
B0F
  0
DICTIONARY
  5
AE3
330
2F
100
AcDbDictionary
280
     1
281
     1
  3
ACAD_XREC_ROUNDTRIP
360
AE4
  0
DICTIONARY
  5
AE7
330
31
100
AcDbDictionary
280
     1
281
     1
  3
ACAD_XREC_ROUNDTRIP
360
AE8
  0
DICTIONARY
  5
AE5
330
30
100
AcDbDictionary
280
     1
281
     1
  3
ACAD_XREC_ROUNDTRIP
360
AE6
  0
DICTIONARY
  5
AE9
330
32
100
AcDbDictionary
280
     1
281
     1
  3
ACAD_XREC_ROUNDTRIP
360
AEA
  0
DICTIONARY
  5
AF1
330
36
100
AcDbDictionary
280
     1
281
     1
  3
ACAD_XREC_ROUNDTRIP
360
AF2
  0
DICTIONARY
  5
AF9
330
3A
100
AcDbDictionary
280
     1
281
     1
  3
ACAD_XREC_ROUNDTRIP
360
AFA
  0
DICTIONARY
  5
AED
330
34
100
AcDbDictionary
280
     1
281
     1
  3
ACAD_XREC_ROUNDTRIP
360
AEE
  0
DICTIONARY
  5
AEF
330
35
100
AcDbDictionary
280
     1
281
     1
  3
ACAD_XREC_ROUNDTRIP
360
AF0
  0
DICTIONARY
  5
B0D
330
9C7
100
AcDbDictionary
280
     1
281
     1
  3
ACAD_XREC_ROUNDTRIP
360
B0E
  0
DICTIONARY
  5
AF7
330
39
100
AcDbDictionary
280
     1
281
     1
  3
ACAD_XREC_ROUNDTRIP
360
AF8
  0
DICTIONARY
  5
ADB
330
2B
100
AcDbDictionary
280
     1
281
     1
  3
ACAD_XREC_ROUNDTRIP
360
ADC
  0
DICTIONARY
  5
ADD
330
2C
100
AcDbDictionary
280
     1
281
     1
  3
ACAD_XREC_ROUNDTRIP
360
ADE
  0
DICTIONARY
  5
ADF
330
2D
100
AcDbDictionary
280
     1
281
     1
  3
ACAD_XREC_ROUNDTRIP
360
AE0
  0
DICTIONARY
  5
AE1
330
2E
100
AcDbDictionary
280
     1
281
     1
  3
ACAD_XREC_ROUNDTRIP
360
AE2
  0
DICTIONARY
  5
AFD
330
9BF
100
AcDbDictionary
280
     1
281
     1
  3
ACAD_XREC_ROUNDTRIP
360
AFE
  0
DICTIONARY
  5
B09
330
9C5
100
AcDbDictionary
280
     1
281
     1
  3
ACAD_XREC_ROUNDTRIP
360
B0A
  0
DICTIONARY
  5
AF5
330
38
100
AcDbDictionary
280
     1
281
     1
  3
ACAD_XREC_ROUNDTRIP
360
AF6
  0
DICTIONARY
  5
B0B
330
9C6
100
AcDbDictionary
280
     1
281
     1
  3
ACAD_XREC_ROUNDTRIP
360
B0C
  0
DICTIONARY
  5
AEB
330
33
100
AcDbDictionary
280
     1
281
     1
  3
ACAD_XREC_ROUNDTRIP
360
AEC
  0
DICTIONARY
  5
B07
330
9C4
100
AcDbDictionary
280
     1
281
     1
  3
ACAD_XREC_ROUNDTRIP
360
B08
  0
DICTIONARY
  5
B05
330
9C3
100
AcDbDictionary
280
     1
281
     1
  3
ACAD_XREC_ROUNDTRIP
360
B06
  0
DICTIONARY
  5
AFF
330
9C0
100
AcDbDictionary
280
     1
281
     1
  3
ACAD_XREC_ROUNDTRIP
360
B00
  0
DICTIONARY
  5
B01
330
9C1
100
AcDbDictionary
280
     1
281
     1
  3
ACAD_XREC_ROUNDTRIP
360
B02
  0
DICTIONARY
  5
AF3
330
37
100
AcDbDictionary
280
     1
281
     1
  3
ACAD_XREC_ROUNDTRIP
360
AF4
  0
DICTIONARY
  5
AFB
330
9BE
100
AcDbDictionary
280
     1
281
     1
  3
ACAD_XREC_ROUNDTRIP
360
AFC
  0
DICTIONARY
  5
B03
330
9C2
100
AcDbDictionary
280
     1
281
     1
  3
ACAD_XREC_ROUNDTRIP
360
B04
  0
XRECORD
  5
AD7
102
{ACAD_REACTORS
330
AD6
102
}
330
AD6
100
AcDbXrecord
280
     1
102
SHADEPLOT
 70
     0
102
SHADEPLOTRESLEVEL
 70
     2
102
SHADEPLOTCUSTOMDPI
 70
   300
  0
XRECORD
  5
ADA
102
{ACAD_REACTORS
330
AD9
102
}
330
AD9
100
AcDbXrecord
280
     1
102
SHADEPLOT
 70
     0
102
SHADEPLOTRESLEVEL
 70
     2
102
SHADEPLOTCUSTOMDPI
 70
   300
  0
XRECORD
  5
AD8
102
{ACAD_REACTORS
330
A99
102
}
330
A99
100
AcDbXrecord
280
     1
102
SHADEPLOT
 70
     0
102
SHADEPLOTRESLEVEL
 70
     2
102
SHADEPLOTCUSTOMDPI
 70
   300
  0
XRECORD
  5
A9A
102
{ACAD_REACTORS
330
A99
102
}
330
A99
100
AcDbXrecord
280
     1
310
280000000001000080000000010008000000000000800000000000000000000000010000000000003028210000000000FFFFFF000000000000000000000000000000000000000000000000000000000000000000330000006600000099000000CC000000FF00000000330000333300006633000099330000CC330000FF3300
310
0000660000336600006666000099660000CC660000FF66000000990000339900006699000099990000CC990000FF99000000CC000033CC000066CC000099CC0000CCCC0000FFCC000000FF000033FF000066FF000099FF0000CCFF0000FFFF000000003300330033006600330099003300CC003300FF003300003333003333
310
33006633330099333300CC333300FF33330000663300336633006666330099663300CC663300FF66330000993300339933006699330099993300CC993300FF99330000CC330033CC330066CC330099CC3300CCCC3300FFCC330000FF330033FF330066FF330099FF3300CCFF3300FFFF330000006600330066006600660099
310
006600CC006600FF00660000336600333366006633660099336600CC336600FF33660000666600336666006666660099666600CC666600FF66660000996600339966006699660099996600CC996600FF99660000CC660033CC660066CC660099CC6600CCCC6600FFCC660000FF660033FF660066FF660099FF6600CCFF6600
310
FFFF660000009900330099006600990099009900CC009900FF00990000339900333399006633990099339900CC339900FF33990000669900336699006666990099669900CC669900FF66990000999900339999006699990099999900CC999900FF99990000CC990033CC990066CC990099CC9900CCCC9900FFCC990000FF99
310
0033FF990066FF990099FF9900CCFF9900FFFF99000000CC003300CC006600CC009900CC00CC00CC00FF00CC000033CC003333CC006633CC009933CC00CC33CC00FF33CC000066CC003366CC006666CC009966CC00CC66CC00FF66CC000099CC003399CC006699CC009999CC00CC99CC00FF99CC0000CCCC0033CCCC0066CC
310
CC0099CCCC00CCCCCC00FFCCCC0000FFCC0033FFCC0066FFCC0099FFCC00CCFFCC00FFFFCC000000FF003300FF006600FF009900FF00CC00FF00FF00FF000033FF003333FF006633FF009933FF00CC33FF00FF33FF000066FF003366FF006666FF009966FF00CC66FF00FF66FF000099FF003399FF006699FF009999FF00CC
310
99FF00FF99FF0000CCFF0033CCFF0066CCFF0099CCFF00CCCCFF00FFCCFF0000FFFF0033FFFF0066FFFF0099FFFF00CCFFFF00FFFFFF00000000000D0D0D001A1A1A00282828003535350043434300505050005D5D5D006B6B6B00787878008686860093939300A1A1A100AEAEAE00BBBBBB00C9C9C900D6D6D600E4E4E400
310
F1F1F100FFFFFF000000000000000000000000000000000000000000000000000000000000000000000000000000000000000000000000000000000000000000000000000000000000000000000000000000000000000000000000000000000000000000000000000000000000000000000000000000000000000000000000
310
00000000000000000000000000000000000000000000000000000000000000000000000000000000000000DC0000000000000000000000000000000000000000000000000000000000000000000000000000000000000000000000000000000000000000000000000000000000000000000000000000000000000000000000
310
00000000000000000000000000000000000000000000000000000000000000000000000000000000000000000000000000000000000000000000000000000000000000000000000000000000000000000000000000000000000000000000000000000000000000000000000000000000000000000000000000000000000000
310
0000000000000000000000000000000000000000000000000000000000000000000000000000000000000000DCDCDCDC00000000000000000000000000000000000000000000000000000000000000000000000000000000000000000000000000000000000000000000000000000000000000000000000000000000000000
310
00000000000000000000000000000000000000000000000000000000000000000000000000000000000000000000000000000000000000000000000000000000000000000000000000000000000000000000000000000000000000000000000000000000000000000000000000000000000000000000000000000000000000
310
000000000000000000000000000000000000000000000000000000000000000000000000000000000000000000DCF500F5DCDC00000000000000000000000000000000000000000000000000000000000000000000000000000000000000000000000000000000000000000000000000000000000000000000000000000000
310
00000000000000000000000000000000000000000000000000000000000000000000000000000000000000000000000000000000000000000000000000000000000000000000000000000000000000000000000000000000000000000000000000000000000000000000000000000000000000000000000000000000000000
310
00000000000000000000000000000000000000000000000000000000000000000000000000000000000000000000DC00F5F5F5F500DC00000000000000000000000000000000000000000000000000000000000000000000000000000000000000000000000000000000000000000000000000000000000000000000000000
310
00000000000000000000000000000000000000000000000000000000000000000000000000000000000000000000000000000000000000000000000000000000000000000000000000000000000000000000000000000000000000000000000000000000000000000000000000000000000000000000000000000000000000
310
000000000000000000000000000000000000000000000000000000000000000000000000000000000000000000000000DC00F5F500F5F5DC0000000000000000000000000000000000000000000000000000000000000000000000000000000000000000000000000000000000000000000000000000000000000000000000
310
00000000000000000000000000000000000000000000000000000000000000000000000000000000000000000000000000000000000000000000000000000000000000000000000000000000000000000000000000000000000000000000000000000000000000000000000000000000000000000000000000000000000000
310
0000000000000000000000000000000000000000000000000000000000000000000000000000000000000000000000000000DC00F50000000000000000000000000000000000000000000000000000000000000000000000000000000000000000000000000000000000000000000000000000000000000000000000000000
310
00000000000000000000000000000000000000000000000000000000000000000000000000000000000000000000000000000000000000000000000000000000000000000000000000000000000000000000000000000000000000000000000000000000000000000000000000000000000000000000000000000000000000
310
000000000000000000000000000000000000000000000000000000000000000000000000000000000000000000000000000000DC0000F5000000000000000000000000000000000000000000000000000000000000000000000000000000000000000000000000000000000000000000000000000000000000000000000000
310
00000000000000000000000000000000000000000000000000000000000000000000000000000000000000000000000000000000000000000000000000000000000000000000000000000000000000000000000000000000000000000000000000000000000000000000000000000000000000000000000000000000000000
310
0000000000000000000000000000000000000000000000000000000000000000000000000000000000000000000000000000000000DCF5F5F500000000000000000000000000000000000000000000000000000000000000000000000000000000000000000000000000000000000000000000000000000000000000000000
310
00000000000000000000000000000000000000000000000000000000000000000000000000000000000000000000000000000000000000000000000000000000000000000000000000000000000000000000000000000000000000000000000000000000000000000000000000000000000000000000000000000000000000
310
00000000000000000000000000000000000000000000000000000000000000000000000000000000000000000000000000000000000000000000000000000000000000000000000000000000000000000000000000000000000000000000000000000000000000000000000000000000000000000000000000000000000000
310
00000000000000000000000000000000000000000000000000000000000000000000000000000000000000000000000000000000000000000000000000000000000000000000000000000000000000000000000000000000000000000000000000000000000000000000000000000000000000000000000000000000000000
310
00000000000000000000000000000000000000000000000000000000000000000000000000000000000000000000000000000000000000000000000000000000000000000000000000000000000000000000000000000000000000000000000000000000000000000000000000000000000000000000000000000000000000
310
00000000000000000000000000000000000000000000000000000000000000000000000000000000000000000000000000000000000000000000000000000000000000000000000000000000000000000000000000000000000000000000000000000000000000000000000000000000000000000000000000000000000000
310
00000000000000000000000000000000000000000000000000000000000000000000000000000000000000000000000000000000000000000000000000000000000000000000000000000000000000000000000000000000000000000000000000000000000000000000000000000000000000000000000000000000000000
310
00000000000000000000000000000000000000000000000000000000000000000000000000000000000000000000000000000000000000000000000000000000000000000000000000000000000000000000000000000000000000000000000000000000000000000000000000000000000000000000000000000000000000
310
00000000000000000000000000000000000000000000000000000000000000000000000000000000000000000000000000000000000000000000000000000000000000000000000000000000000000000000000000000000000000000000000000000000000000000000000000000000000000000000000000000000000000
310
00000000000000000000000000000000000000000000000000000000000000000000000000000000000000000000000000000000000000000000000000000000000000000000000000000000000000000000000000000000000000000000000000000000000000000000000000000000000000000000000000000000000000
310
00000000000000000000000000000000000000000000000000000000000000000000000000000000000000000000000000000000000000000000000000000000000000000000000000000000000000000000000000000000000000000000000000000000000000000000000000000000000000000000000000000000000000
310
00000000000000000000000000000000000000000000000000000000000000000000000000000000000000000000000000000000000000000000000000000000000000000000000000000000000000000000000000000000000000000000000000000000000000000000000000000000000000000000000000000000000000
310
00000000000000000000000000000000000000000000000000000000000000000000000000000000000000000000000000000000000000000000000000000000000000000000000000000000000000000000000000000000000000000000000000000000000000000000000000000000000000000000000000000000000000
310
00000000000000000000000000000000000000000000000000000000000000000000000000000000000000000000000000000000000000000000000000000000000000000000000000000000000000000000000000000000000000000000000000000000000000000000000000000000000000000000000000000000000000
310
00000000000000000000000000000000000000000000000000000000000000000000000000000000000000000000000000000000000000000000000000000000000000000000000000000000000000000000000000000000000000000000000000000000000000000000000000000000000000000000000000000000000000
310
00000000000000000000000000000000000000000000000000000000000000000000000000000000000000000000000000000000000000000000000000000000000000000000000000000000000000000000000000000000000000000000000000000000000000000000000000000000000000000000000000000000000000
310
00000000000000000000000000000000000000000000000000000000000000000000000000000000000000000000000000000000000000000000000000000000000000000000000000000000000000000000000000000000000000000000000000000000000000000000000000000000000000000000000000000000000000
310
00000000000000000000000000000000000000000000000000000000000000000000000000000000000000000000000000000000000000000000000000000000000000000000000000000000000000000000000000000000000000000000000000000000000000000000000000000000000000000000000000000000000000
310
00000000000000000000000000000000000000000000000000000000000000000000000000000000000000000000000000000000000000000000000000000000000000000000000000000000000000000000000000000000000000000000000000000000000000000000000000000000000000000000000000000000000000
310
00000000000000000000000000000000000000000000000000000000000000000000000000000000000000000000000000000000000000000000000000000000000000000000000000000000000000000000000000000000000000000000000000000000000000000000000000000000000000000000000000000000000000
310
00000000000000000000000000000000000000000000000000000000000000000000000000000000000000000000000000000000000000000000000000000000000000000000000000000000000000000000000000000000000000000000000000000000000000000000000000000000000000000000000000000000000000
310
00000000000000000000000000000000000000000000000000000000000000000000000000000000000000000000000000000000000000000000000000000000000000000000000000000000000000000000000000000000000000000000000000000000000000000000000000000000000000000000000000000000000000
310
00000000000000000000000000000000000000000000000000000000000000000000000000000000000000000000000000000000000000000000000000000000000000000000000000000000000000000000000000000000000000000000000000000000000000000000000000000000000000000000000000000000000000
310
00000000000000000000000000000000000000000000000000000000000000000000000000000000000000000000000000000000000000000000000000000000000000000000000000000000000000000000000000000000000000000000000000000000000000000000000000000000000000000000000000000000000000
310
00000000000000000000000000000000000000000000000000000000000000000000000000000000000000000000000000000000000000000000000000000000000000000000000000000000000000000000000000000000000000000000000000000000000000000000000000000000000000000000000000000000000000
310
00000000000000000000000000000000000000000000000000000000000000000000000000000000000000000000000000000000000000000000000000000000000000000000000000000000000000000000000000000000000000000000000000000000000000000000000000000000000000000000000000000000000000
310
000000000000000000000000000000000000000000000000000000000000000000000000000000000000000000000000000000000000000000000000000000000000000000F5F5F5F5F5F5F5F5F5F5F5F5F5F5F5F5F5F5F5F5F5F5F5F5F5F5F500000000000000000000000000000000000000000000000000000000000000
310
00000000000000000000000000000000000000000000000000000000000000000000000000000000000000000000000000000000000000000000000000000000000000000000000000000000000000000000000000000000000000000000000000000000000000000000000000000000000000000000000000000000000000
310
00000000000000000000000000000000000000000000000000000000000000000000000000000000000000000000000000000000000000000000000000000000000000000000F5F5F5000000F50000000000000000F5000000000000000000F500F50000000000000000000000000000000000000000000000000000000000
310
00000000000000000000000000000000000000000000000000000000000000000000000000000000000000000000000000000000000000000000000000000000000000000000000000000000000000000000000000000000000000000000000000000000000000000000000000000000000000000000000000000000000000
310
000000000000000000000000000000000000000000000000000000000000000000000000000000000000000000000000000000000000000000000000000000000000000000000000F5F5F5000000F50000000000000000F5000000000000000000F500F5F5F5F5F5F500000000000000000000000000000000000000000000
310
00000000000000000000000000000000000000000000000000000000000000000000000000000000000000000000000000000000000000000000000000000000000000000000000000000000000000000000000000000000000000000000000000000000000000000000000000000000000000000000000000000000000000
310
0000000000000000000000000000000000000000000000000000000000000000000000000000000000000000000000000000000000000000000000000000000000000000000000000000F5F5F5000000F50000000000000000F5000000000000000000F500F5F5F5F5F5F50000000000000000000000000000000000000000
310
00000000000000000000000000000000000000000000000000000000000000000000000000000000000000000000000000000000000000000000000000000000000000000000000000000000000000000000000000000000000000000000000000000000000000000000000000000000000000000000000000000000000000
310
00000000000000000000000000000000000000000000000000000000000000000000000000000000000000000000000000000000000000000000000000000000000000000000000000000000F5F5F5F5F5F5F5F5F5F5F5F5F5F5F5F5F5F5F5F5F5F5F5F5F5F500F5F5F5F5F5F5000000000000000000000000000000000000
310
00000000000000000000000000000000000000000000000000000000000000000000000000000000000000000000000000000000000000000000000000000000000000000000000000000000000000000000000000000000000000000000000000000000000000000000000000000000000000000000000000000000000000
310
000000000000000000000000000000000000000000000000000000000000000000000000000000000000000000000000000000000000000000000000000000000000000000000000000000000000F5F5F50000F5F5F500000000000000F50000000000000000000000F5F5000000F500000000000000000000000000000000
310
00000000000000000000000000000000000000000000000000000000000000000000000000000000000000000000000000000000000000000000000000000000000000000000000000000000000000000000000000000000000000000000000000000000000000000000000000000000000000000000000000000000000000
310
0000000000000000000000000000000000000000000000000000000000000000000000000000000000000000000000000000000000000000000000000000000000000000000000000000000000000000F5F5F50000F5F5F500000000000000F50000000000000000000000F5F5000000F50000000000000000000000000000
310
00000000000000000000000000000000000000000000000000000000000000000000000000000000000000000000000000000000000000000000000000000000000000000000000000000000000000000000000000000000000000000000000000000000000000000000000000000000000000000000000000000000000000
310
00000000000000000000000000000000000000000000000000000000000000000000000000000000000000000000000000000000000000000000000000000000000000000000000000000000000000000000F5F5F5000000F50000000000000000F50000000000000000000000F5F5000000F5000000000000000000000000
310
00000000000000000000000000000000000000000000000000000000000000000000000000000000000000000000000000000000000000000000000000000000000000000000000000000000000000000000000000000000000000000000000000000000000000000000000000000000000000000000000000000000000000
310
000000000000000000000000000000000000000000000000000000000000000000000000000000000000000000000000000000000000000000000000000000000000000000000000000000000000000000000000F5F5F5000000F50000000000000000F50000000000000000000000F5F5000000F500000000000000000000
310
00000000000000000000000000000000000000000000000000000000000000000000000000000000000000000000000000000000000000000000000000000000000000000000000000000000000000000000000000000000000000000000000000000000000000000000000000000000000000000000000000000000000000
310
0000000000000000000000000000000000000000000000000000000000000000000000000000000000000000000000000000000000000000000000000000000000000000000000000000000000000000000000000000F5F5F5000000F50000000000000000F50000000000000000000000F5F5000000F5F5F5F5F5F5F50000
310
00000000000000000000000000000000000000000000000000000000000000000000000000000000000000000000000000000000000000000000000000000000000000000000000000000000000000000000000000000000000000000000000000000000000000000000000000000000000000000000000000000000000000
310
00000000000000000000000000000000000000000000000000000000000000000000000000000000000000000000000000000000000000000000000000000000000000000000000000000000000000000000000000000000F5F5F5000000F50000000000000000F50000000000000000000000F5F5000000F50000000000F5
310
00000000000000000000000000000000000000000000000000000000000000000000000000000000000000000000000000000000000000000000000000000000000000000000000000000000000000000000000000000000000000000000000000000000000000000000000000000000000000000000000000000000000000
310
0000000000000000000000000000000000000000000000000000000000000000000000000000000000000000000000000000000000000000000000000000000000000000000000000000000000000000000000000000000000BEBEBEBEBEBEBEBEBEBEBEBEBEBEBEBEBEBEBEBEBEBEBEBEBEBEBEBEBEF5BEBEBEF5BEBEBEBE
310
BEF5BEBE000000000000000000000000000000000000000000000000000000000000000000000000000000000000000000000000000000000000000000000000000000000000000000000000000000000000000000000000000000000000000000000000000000000000000000000000000000000000000000000000000000
310
0000000000000000000000000000000000000000000000000000000000000000000000000000000000000000000000000000000000000000000000000000000000000000000000000000000000000000000000000000000000000000F5F5F5000000F50000000000000000F50000000000000000000000F5F5000000F5F5F5
310
F5F5F5F5000000000000000000000000000000000000000000000000000000000000000000000000000000000000000000000000000000000000000000000000000000000000000000000000000000000000000000000000000000000000000000000000000000000000000000000000000000000000000000000000000000
310
00000000000000000000000000000000000000000000000000000000000000000000000000000000000000000000000000000000000000000000000000000000000000000000000000000000000000000000000000000000000000000000F5F5F5000000F50000000000000000F50000000000000000000000F5F5000000F5
310
00000000000000000000000000000000000000000000000000000000000000000000000000000000000000000000000000000000000000000000000000000000000000000000000000000000000000000000000000000000000000000000000000000000000000000000000000000000000000000000000000000000000000
310
000000000000000000000000000000000000000000000000000000000000000000000000000000000000000000000000000000000000000000000000000000000000000000000000000000000000000000000000000000000000000000000000F5F5F5000000F50000000000000000F50000000000000000000000F5F50000
310
00F50000000000000000000000000000000000000000000000000000000000000000000000000000000000000000000000000000000000000000000000000000000000000000000000000000000000000000000000000000000000000000000000000000000000000000000000000000000000000000000000000000000000
310
0000000000000000000000000000000000000000000000000000000000000000000000000000000000000000000000000000000000000000000000000000000000000000000000000000000000000000000000000000000000000000000000000000F5F5F5F5F5F5F50000000000000000F50000000000000000000000F5F5
310
000000F5000000000000000000000000000000000000000000000000000000000000000000000000000000000000000000000000000000000000000000000000000000000000000000000000000000000000000000000000000000000000000000000000000000000000000000000000000000000000000000000000000000
310
00000000000000000000000000000000000000000000000000000000000000000000000000000000000000000000000000000000000000000000000000000000000000000000000000000000000000000000000000000000000000000000000000000000F5F5F5BEF5F5F50000000000000000F50000000000000000000000
310
F5F5000000F500000000000000000000000000000000000000000000000000000000000000000000000000000000000000000000000000000000000000000000000000000000000000000000000000000000000000000000000000000000000000000000000000000000000000000000000000000000000000000000000000
310
000000000000000000000000000000000000000000000000000000000000000000000000000000000000000000000000000000000000000000000000000000000000000000000000000000000000000000000000000000000000000000000000000000000000F5F5F500F5F5F50000000000000000F5000000000000000000
310
F500F5F5F5F5F5F50000000000000000000000000000000000000000000000000000000000000000000000000000000000000000000000000000000000000000000000000000000000000000000000000000000000000000000000000000000000000000000000000000000000000000000000000000000000000000000000
310
0000000000000000000000000000000000000000000000000000000000000000000000000000000000000000000000000000000000000000000000000000000000000000000000000000000000000000000000000000000000000000000000000000000000000000F5F5F5F5F5F5F5F5F5F5F5F5F5F5F5F5F5F5F5F5F5F5F5
310
F5F5F500F5F5F5F500F5000000000000000000000000000000000000000000000000000000000000000000000000000000000000000000000000000000000000000000000000000000000000000000000000000000000000000000000000000000000000000000000000000000000000000000000000000000000000000000
310
00000000000000000000000000000000000000000000000000000000000000000000000000000000000000000000000000000000000000000000000000000000000000000000000000000000000000000000000000000000000000000000000000000000000000000000F5F5F50000F5F5F500000000000000F50000000000
310
00000000F500F5F5F5F5F5F500000000000000000000000000000000000000000000000000000000000000000000000000000000000000000000000000000000000000000000000000000000000000000000000000000000000000000000000000000000000000000000000000000000000000000000000000000000000000
310
000000000000000000000000000000000000000000000000000000000000000000000000000000000000000000000000000000000000000000000000000000000000000000000000000000000000000000000000000000000000000000000000000000000000000000000000F5F5F50000F5F5F500000000000000F5000000
310
000000000000F500F500000000000000000000000000000000000000000000000000000000000000000000000000000000000000000000000000000000000000000000000000000000000000000000000000000000000000000000000000000000000000000000000000000000000000000000000000000000000000000000
310
000000000000000000000000000000000000000000000000000000000000000000000000000000000000000000000000000000000000000000000000000000000000000000000000000000000000000000000000000000000000000000000000000000000000000000000000000000F5F5F5F5F5F5F5F5F5F5F5F5F5F5F5F5
310
F5F5F5F5F5F5F5F5F5F5F50000000000000000000000000000000000000000000000000000000000000000000000000000000000000000000000000000000000000000000000000000000000000000000000000000000000000000000000000000000000000000000000000000000000000000000000000000000000000000
310
00000000000000000000000000000000000000000000000000000000000000000000000000000000000000000000000000000000000000000000000000000000000000000000000000000000000000000000000000000000000000000000000000000000000000000000000000000000000000000000000000000000000000
310
00000000000000000000000000000000000000000000000000000000000000000000000000000000000000000000000000000000000000000000000000000000000000000000000000000000000000000000000000000000000000000000000000000000000000000000000000000000000000000000000000000000000000
310
00000000000000000000000000000000000000000000000000000000000000000000000000000000000000000000000000000000000000000000000000000000000000000000000000000000000000000000000000000000000000000000000000000000000000000000000000000000000000000000000000000000000000
310
00000000000000000000000000000000000000000000000000000000000000000000000000000000000000000000000000000000000000000000000000000000000000000000000000000000000000000000000000000000000000000000000000000000000000000000000000000000000000000000000000000000000000
310
00000000000000000000000000000000000000000000000000000000000000000000000000000000000000000000000000000000000000000000000000000000000000000000000000000000000000000000000000000000000000000000000000000000000000000000000000000000000000000000000000000000000000
310
00000000000000000000000000000000000000000000000000000000000000000000000000000000000000000000000000000000000000000000000000000000000000000000000000000000000000000000000000000000000000000000000000000000000000000000000000000000000000000000000000000000000000
310
00000000000000000000000000000000000000000000000000000000000000000000000000000000000000000000000000000000000000000000000000000000000000000000000000000000000000000000000000000000000000000000000000000000000000000000000000000000000000000000000000000000000000
310
00000000000000000000000000000000000000000000000000000000000000000000000000000000000000000000000000000000000000000000000000000000000000000000000000000000000000000000000000000000000000000000000000000000000000000000000000000000000000000000000000000000000000
310
00000000000000000000000000000000000000000000000000000000000000000000000000000000000000000000000000000000000000000000000000000000000000000000000000000000000000000000000000000000000000000000000000000000000000000000000000000000000000000000000000000000000000
310
00000000000000000000000000000000000000000000000000000000000000000000000000000000000000000000000000000000000000000000000000000000000000000000000000000000000000000000000000000000000000000000000000000000000000000000000000000000000000000000000000000000000000
310
00000000000000000000000000000000000000000000000000000000000000000000000000000000000000000000000000000000000000000000000000000000000000000000000000000000000000000000000000000000000000000000000000000000000000000000000000000000000000000000000000000000000000
310
00000000000000000000000000000000000000000000000000000000000000000000000000000000000000000000000000000000000000000000000000000000000000000000000000000000000000000000000000000000000000000000000000000000000000000000000000000000000000000000000000000000000000
310
00000000000000000000000000000000000000000000000000000000000000000000000000000000000000000000000000000000000000000000000000000000000000000000000000000000000000000000000000000000000000000000000000000000000000000000000000000000000000000000000000000000000000
310
00000000000000000000000000000000000000000000000000000000000000000000000000000000000000000000000000000000000000000000000000000000000000000000000000000000000000000000000000000000000000000000000000000000000000000000000000000000000000000000000000000000000000
310
00000000000000000000000000000000000000000000000000000000000000000000000000000000000000000000000000000000000000000000000000000000000000000000000000000000000000000000000000000000000000000000000000000000000000000000000000000000000000000000000000000000000000
310
00000000000000000000000000000000000000000000000000000000000000000000000000000000000000000000000000000000000000000000000000000000000000000000000000000000000000000000000000000000000000000000000000000000000000000000000000000000000000000000000000000000000000
310
00000000000000000000000000000000000000000000000000000000000000000000000000000000000000000000000000000000000000000000000000000000000000000000000000000000000000000000000000000000000000000000000000000000000000000000000000000000000000000000000000000000000000
310
00000000000000000000000000000000000000000000000000000000000000000000000000000000000000000000000000000000000000000000000000000000000000000000000000000000000000000000000000000000000000000000000000000000000000000000000000000000000000000000000000000000000000
310
00000000000000000000000000000000000000000000000000000000000000000000000000000000000000000000000000000000000000000000000000000000000000000000000000000000000000000000000000000000000000000000000000000000000000000000000000000000000000000000000000000000000000
310
00000000000000000000000000000000000000000000000000000000000000000000000000000000000000000000000000000000000000000000000000000000000000000000000000000000000000000000000000000000000000000000000000000000000000000000000000000000000000000000000000000000000000
310
00000000000000000000000000000000000000000000000000000000000000000000000000000000000000000000000000000000000000000000000000000000000000000000000000000000000000000000000000000000000000000000000000000000000000000000000000000000000000000000000000000000000000
310
00000000000000000000000000000000000000000000000000000000000000000000000000000000000000000000000000000000000000000000000000000000000000000000000000000000000000000000000000000000000000000000000000000000000000000000000000000000000000000000000000000000000000
310
00000000000000000000000000000000000000000000000000000000000000000000000000000000000000000000000000000000000000000000000000000000000000000000000000000000000000000000000000000000000000000000000000000000000000000000000000000000000000000000000000000000000000
310
00000000000000000000000000000000000000000000000000000000000000000000000000000000000000000000000000000000000000000000000000000000000000000000000000000000000000000000000000000000000000000000000000000000000000000000000000000000000000000000000000000000000000
310
00000000000000000000000000000000000000000000000000000000000000000000000000000000000000000000000000000000000000000000000000000000000000000000000000000000000000000000000000000000000000000000000000000000000000000000000000000000000000000000000000000000000000
310
00000000000000000000000000000000000000000000000000000000000000000000000000000000000000000000000000000000000000000000000000000000000000000000000000000000000000000000000000000000000000000000000000000000000000000000000000000000000000000000000000000000000000
310
00000000000000000000000000000000000000000000000000000000000000000000000000000000000000000000000000000000000000000000000000000000000000000000000000000000000000000000000000000000000000000000000000000000000000000000000000000000000000000000000000000000000000
310
00000000000000000000000000000000000000000000000000000000000000000000000000000000000000000000000000000000000000000000000000000000000000000000000000000000000000000000000000000000000000000000000000000000000000000000000000000000000000000000000000000000000000
310
00000000000000000000000000000000000000000000000000000000000000000000000000000000000000000000000000000000000000000000000000000000000000000000000000000000000000000000000000000000000000000000000000000000000000000000000000000000000000000000000000000000000000
310
00000000000000000000000000000000000000000000000000000000000000000000000000000000000000000000000000000000000000000000000000000000000000000000000000000000000000000000000000000000000000000000000000000000000000000000000000000000000000000000000000000000000000
310
00000000000000000000000000000000000000000000000000000000000000000000000000000000000000000000000000000000000000000000000000000000000000000000000000000000000000000000000000000000000000000000000000000000000000000000000000000000000000000000000000000000000000
310
00000000000000000000000000000000000000000000000000000000000000000000000000000000000000000000000000000000000000000000000000000000000000000000000000000000000000000000000000000000000000000000000000000000000000000000000000000000000000000000000000000000000000
310
00000000000000000000000000000000000000000000000000000000000000000000000000000000000000000000000000000000000000000000000000000000000000000000000000000000000000000000000000000000000000000000000000000000000000000000000000000000000000000000000000000000000000
310
00000000000000000000000000000000000000000000000000000000000000000000000000000000000000000000000000000000000000000000000000000000000000000000000000000000000000000000000000000000000000000000000000000000000000000000000000000000000000000000000000000000000000
310
000000000000000000000000000000000000000000000000000000000000000000000000000000000000000000000000000000000000000000000000000000000000000000000000000000000000000000000000000000000000000000000000000000000000000000000000000000BE000000000000000000000000000000
310
00000000000000000000000000000000000000000000000000000000000000000000000000000000000000000000000000000000000000000000000000000000000000000000000000000000000000000000000000000000000000BE0000000000000000000000000000000000000000000000000000000000000000000000
310
0000000000000000000000000000000000000000000000000000000000000000000000000000000000000000000000000000000000000000000000000000000000000000000000000000000000000000000000000000000000000000000000000000000000000000000000000000000000BE00000000000000000000000000
310
000000000000000000000000000000000000000000000000000000000000000000000000000000000000000000000000000000000000000000000000000000000000000000000000000000000000000000000000000000000000000000BE000000000000000000000000000000000000000000000000000000000000000000
310
000000000000000000000000000000000000000000000000000000000000000000000000000000000000000000000000000000000000000000000000000000000000000000000000000000000000000000000000000000000000000000000000000000000000000000F5F5BEF5F5F5F5F5F5F5F5F5F5F5F5F5F5BEF5F5BE00
310
000000000000000000000000000000000000000000000000F5F5F5F5F5F5F5F5F5F5F5F5F5F5F5F5F5F5F5F5F5F5F5F5F5F5F500000000000000000000000000000000000000000000000000000000000000000000BEF5F5BEF5F5F5F5F5F5BEF5F5F5F5F5F5F5BEF5F5000000000000000000000000000000000000000000
310
00000000000000000000000000000000000000000000000000000000000000000000000000000000000000000000000000000000000000000000000000000000000000000000000000000000000000000000000000000000000000000000000000000000000000000000F5F5F5F5F5000000000000BE00F5F5F5F5F5F5F5F5
310
F5000000000000000000000000000000000000000000000000BEF5BEBEF5BEF50000000000000000F5000000000000000000F500F5F5000000000000000000000000000000000000000000000000000000000000000000F5F5F500000000000000F500000000000000F5F5F5F5000000000000000000000000000000000000
310
000000000000000000000000000000000000000000000000000000000000000000000000000000000000000000000000000000000000000000000000000000000000000000000000000000000000000000000000000000000000000000000000000000000000000000000000F500F5F5F500000000F5F5F5F5F5F5F5F5F5F5
310
F5F5F500000000000000000000000000000000000000000000000000F5F5F5F5F5F50000000000000000F5000000000000000000F500F5F5F5F5F5F50000000000000000000000000000000000000000000000000000000000F5F5F50000000000F5F5F5F5F5F500000000F5F500F500000000000000000000000000000000
310
0000000000000000000000000000000000000000000000000000000000000000000000000000000000000000000000000000000000000000000000000000000000000000000000000000000000000000000000000000000000000000000000000000000000000000000000000000F5F5F5F5000000F5F5F5F5F5F5F5F5F500
310
00BEF5F5F5000000000000000000000000000000000000000000000000F5F5F5F5F5F5F5F5F5F5F5F5F5F5F5F5F5F5F5F5F5F5F5F5F5F500F5F5000000F50000000000000000000000000000000000000000000000000000000000BE0000BE0000F5F50000BE000000F5F50000BE00BEF50000000000000000000000000000
310
00000000000000000000000000000000000000000000000000000000000000000000000000000000000000000000000000000000000000000000000000000000000000000000000000000000000000000000000000000000000000000000000000000000000000000000000000000000F5F5F5BE00F5F5F5F50000BE0000F5
310
F5F500000000F5000000000000000000000000000000000000000000000000F5F5F50000BEBEBE00000000000000F50000000000000000000000F5F5000000F50000000000000000000000000000000000000000000000000000000000F5000000F5F500000000BE0000000000F500000000F5000000000000000000000000
310
000000000000000000000000000000000000000000000000000000000000000000000000000000000000000000000000000000000000000000000000000000000000000000000000000000000000000000000000000000000000000000000000000000000000000000000000000000000000F5F5F50000F5F500000000BE00
310
000000F5F5000000F5000000000000000000000000000000000000000000000000F5F5F50000F5F5F500000000000000F50000000000000000000000F5F5F5F5F5F50000000000000000000000000000000000000000000000000000000000F50000F5F5BE00000000BE00000000BE00F5000000F500000000000000000000
310
0000000000000000000000000000000000000000000000000000000000000000000000000000000000000000000000000000000000000000000000000000000000000000000000000000000000000000000000000000000000000000000000000000000000000000000000000000000000000000F5BE0000F5F50000000000
310
BE00000000F500F50000F5000000000000000000000000000000000000000000000000F5F5F50000F5F5F500000000000000F50000000000000000000000F5F5F5F500F50000000000000000000000000000000000000000000000000000000000F500BEF5F5F500000000BE00000000F5F5F5F50000F50000000000000000
310
00000000000000000000000000000000000000000000000000000000000000000000000000000000000000000000000000000000000000000000000000000000000000000000000000000000000000000000000000000000000000000000000000000000000000000000000000000000000000000000F5000000F5F5000000
310
0000BE0000000000F500F500F5000000000000000000000000000000000000000000000000F5F5F5000000F50000000000000000F50000000000000000000000F5F5F5F5F5F50000000000000000000000000000000000000000000000000000000000F500F5F5F5F5BE0000F5F5F5000000BEF5F5F5F500F5000000000000
310
000000000000000000000000000000000000000000000000000000000000000000000000000000000000000000000000000000000000000000000000000000000000000000000000000000000000000000000000000000000000000000000000000000000000000000000000000000000000000000000000F50000F5F50000
310
00000000BE0000000000F500F500F5000000000000000000000000000000000000000000000000F5F5F5000000F50000000000000000F50000000000000000000000F5F5000000F50000000000000000000000000000000000000000000000000000000000F500F5BEF5000000F5F5F5F5F5F50000F5BE00F500F500000000
310
0000000000000000000000000000000000000000000000000000000000000000000000000000000000000000000000000000000000000000000000000000000000000000000000000000000000000000000000000000000000000000000000000000000000000000000000000000000000000000000000000000F50000F5F5
310
000000000000BE000000000000F5F500F5000000000000000000000000000000000000000000000000F5F5F5000000F50000000000000000F50000000000000000000000F5F5000000F5F5F5F5F5F5F50000000000000000000000000000000000000000000000F500F500000000F5F5F5F5F5F5F50000000000F500F50000
310
0000000000000000000000000000000000000000000000000000000000000000000000000000000000000000000000000000000000000000000000000000000000000000000000000000000000000000000000000000000000000000000000000000000000000000000000000000000000000000000000000000BEBEF5BEBE
310
F5F5BEBEBEBEBEBEBEBEBEBEBEBEBEF5F5BEF5BEBE000000000000000000000000000000000000000000BEF5F5F5BEBEBEF5BEBEBEBEBEBEBEBEF5BEBEBEBEBEBEBEBEBEBEBEF5F5BEBEBEF5BEBEBEBEBEF5BEBE00000000000000000000000000000000000000BEBEF5F5F5BEBEBEBEF5F5F5BEBEF5F5F5BEBEBEBEF5BEBE
310
BE0000000000000000000000000000000000000000000000000000000000000000000000000000000000000000000000000000000000000000000000000000000000000000000000000000000000000000000000000000000000000000000000000000000000000000000000000000000000000000000000000000000000F5
310
0000F5F5000000000000BE000000000000F5F500F5000000000000000000000000000000000000000000000000F5F5F5000000F50000000000000000F50000000000000000000000F5F5000000F5F5F5F5F5F5F50000000000000000000000000000000000000000000000F500F500000000F5F5F5F5F5F5F50000000000F5
310
00F50000000000000000000000000000000000000000000000000000000000000000000000000000000000000000000000000000000000000000000000000000000000000000000000000000000000000000000000000000000000000000000000000000000000000000000000000000000000000000000000000000000000
310
00F50000F5F5000000000000BE0000000000F500F500F5000000000000000000000000000000000000000000000000F5F5F5000000F50000000000000000F50000000000000000000000F5F5000000F50000000000000000000000000000000000000000000000000000000000F500F50000000000F5F5F5F5F5F500000000
310
00F500F5000000000000000000000000000000000000000000000000000000000000000000000000000000000000000000000000000000000000000000000000000000000000000000000000000000000000000000000000000000000000000000000000000000000000000000000000000000000000000000000000000000
310
000000F5000000F5F50000000000BE0000000000F500F500F5000000000000000000000000000000000000000000000000F5F5F5000000F50000000000000000F50000000000000000000000F5F5000000F50000000000000000000000000000000000000000000000000000000000F50000F50000000000F5F5F5F5000000
310
000000F500F500000000000000000000000000000000000000000000000000000000000000000000000000000000000000000000000000000000000000000000000000000000000000000000000000000000000000000000000000000000000000000000000000000000000000000000000000000000000000000000000000
310
0000000000F5000000F5F50000000000BE00000000F500F50000F5000000000000000000000000000000000000000000000000F5F5F5000000F50000000000000000F50000000000000000000000F5F5000000F50000000000000000000000000000000000000000000000000000000000F50000F5000000000000BE000000
310
00000000F50000F50000000000000000000000000000000000000000000000000000000000000000000000000000000000000000000000000000000000000000000000000000000000000000000000000000000000000000000000000000000000000000000000000000000000000000000000000000000000000000000000
310
00000000000000F500000000F5F500000000BE00000000F5F500F5F5F5000000000000000000000000000000000000000000000000F5F5F5000000F50000000000000000F50000000000000000000000F5F5000000F50000000000000000000000000000000000000000000000000000000000F5000000F50000000000BE00
310
0000000000F5000000F5000000000000000000000000000000000000000000000000000000000000000000000000000000000000000000000000000000000000000000000000000000000000000000000000000000000000000000000000000000000000000000000000000000000000000000000000000000000000000000
310
000000000000000000F500000000F500F5000000BE000000F5F50000F5BEF5000000000000000000000000000000000000000000000000F5F5BE000000F50000000000000000F50000000000000000000000F5F5000000F50000000000000000000000000000000000000000000000000000000000F5000000F500000000F5
310
F5F500000000F500000000F500000000000000000000000000000000000000000000000000000000000000000000000000000000000000000000000000000000000000000000000000000000000000000000000000000000000000000000000000000000000000000000000000000000000000000000000000000000000000
310
0000000000000000000000F5F5F5F50000F5F5F5F5F5F5F5F5F5F50000BE00F5F5000000000000000000000000000000000000000000000000F5F5F5F5F5F5F5F5F5F5F5F5F5F5F5F5F5F5F5F5F5F5F5F5F5F500F5F5000000F50000000000000000000000000000000000000000000000000000000000BE0000BE00F5F500
310
BEF5F5F5BE00F5F5F500BE00BEF50000000000000000000000000000000000000000000000000000000000000000000000000000000000000000000000000000000000000000000000000000000000000000000000000000000000000000000000000000000000000000000000000000000000000000000000000000000000
310
00000000000000000000000000F500F5F5F5F5F5F5F5F5F5F5F5F5F500000000BEF5F500000000000000000000000000000000000000000000000000F5F5000000F5F500000000000000F5000000000000000000F500F5F5000000F50000000000000000000000000000000000000000000000000000000000F5F5F5000000
310
F5F5F5F5F5F5F5F5F5F50000F5F500F5000000000000000000000000000000000000000000000000000000000000000000000000000000000000000000000000000000000000000000000000000000000000000000000000000000000000000000000000000000000000000000000000000000000000000000000000000000
310
000000000000000000000000000000F5F5F5F5F5BEF5F5F5BE00BE00000000000000BEF5F5000000000000000000000000000000000000000000000000BEF5F5F5F5F5F5BE00000000000000F5000000000000000000F500F5F5F5F5F5000000000000000000000000000000000000000000000000000000000000F5F5F500
310
0000000000F5F5F5000000000000F5F5F5F500000000000000000000000000000000000000000000000000000000000000000000000000000000000000000000000000000000000000000000000000000000000000000000000000000000000000000000000000000000000000000000000000000000000000000000000000
310
0000000000000000000000000000000000F5F5F5BEF5F5F5F5F5F5F5F5F5F5F5F5F5BEBEF5F5F500000000000000000000000000000000000000000000000000F5F500BE00F5F5F5F5F5F5F5F5F5F5F5F5BEBEF5F5F5F5F5F5F5F500000000000000000000000000000000000000000000000000000000000000000000F5F5
310
F5BEF5F5F5F5F5F5BEF5F5F5F5F5F5F5BEF5F5000000000000000000000000000000000000000000000000000000000000000000000000000000000000000000000000000000000000000000000000000000000000000000000000000000000000000000000000000000000000000000000000000000000000000000000000
310
0000000000000000000000000000000000000000000000002DF5F5F5F5F5BEF5F5F5F52DBEF52DF5F50000000000000000000000000000000000000000000000000000F5F5F5F5F52D2D2D00000000002DF5F5BEF5F52D2D2D2D2D2D0000000000000000000000000000000000000000000000000000000000000000000000
310
F5F5F5BEF5F5F5F5F5F5BEF5F5F5F5F52D0000000000000000000000000000000000000000000000000000000000000000000000000000000000000000000000000000000000000000000000000000000000000000000000000000000000000000000000000000000000000000000000000000000000000000000000000000
310
00000000000000000000000000000000000000000000000000002DF5F50000BEBE00F5F52D2DBE002D2D2D00000000000000000000000000000000000000000000000000002DF5BEF50000002D2D2D0000002D2DF5BEF5F50000002D002D2D0000000000000000000000000000000000000000000000000000000000000000
310
00002D2DF5BE00F52DF5F5F5BEF5F5F5F5F52D000000000000000000000000000000000000000000000000000000000000000000000000000000000000000000000000000000000000000000000000000000000000000000000000000000000000000000000000000000000000000000000000000000000000000000000000
310
0000000000000000000000000000000000000000000000000000000000F5F5F5F5F5BEF5F5F52D2DBE2D2D2D0000000000000000000000000000000000000000000000000000002DF5F5F50000002D002D000000002DF5BEF5000000002D002D00000000000000000000000000000000000000000000000000000000000000
310
00000000002DF5BEF5F52DF5F5F5BEF5F5F5F5F50000000000000000000000000000000000000000000000000000000000000000000000000000000000000000000000000000000000000000000000000000000000000000000000000000000000000000000000000000000000000000000000000000000000000000000000
310
000000000000000000000000000000000000000000000000000000000000002D000000BEBE00002D2D00BE00002D0000000000000000000000000000000000000000000000000000002D00BE000000002D2D2D000000002D00BE00000000002D2D2D2D00000000000000000000000000000000000000000000000000000000
310
000000000000002D00BE00002D000000BEBE0000002D000000000000000000000000000000000000000000000000000000000000000000000000000000000000000000000000000000000000000000000000000000000000000000000000000000000000000000000000000000000000000000000000000000000000000000
310
0000000000000000000000000000000000000000000000000000000000000000002D2D2D2D2DBE2D2D2D2D2D2D2D2D2D0000000000000000000000000000000000000000000000000000002D2D2D2D2D2D2D2D000000000000002D2D2D2D2D2D2D2D0000000000000000000000000000000000000000000000000000000000
310
0000000000000000002D2D2D2D2D2D2D2D2DBE2D2D2D2D2D00000000000000000000000000000000000000000000000000000000000000000000000000000000000000000000000000000000000000000000000000000000000000000000000000000000000000000000000000000000000000000000000000000000000000
310
00000000000000000000000000000000000000000000000000000000000000000000000000000000000000000000000000000000000000000000000000000000000000000000000000000000000000000000000000000000000000000000000000000000000000000000000000000000000000000000000000000000000000
310
00000000000000000000000000000000000000000000000000000000000000000000000000000000000000000000000000000000000000000000000000000000000000000000000000000000000000000000000000000000000000000000000000000000000000000000000000000000000000000000000000000000000000
310
00000000000000000000000000000000000000000000000000000000000000000000000000000000000000000000000000000000000000000000000000000000000000000000000000000000000000000000000000000000000000000000000000000000000000000000000000000000000000000000000000000000000000
310
00000000000000000000000000000000000000000000000000000000000000000000000000000000000000000000000000000000000000000000000000000000000000000000000000000000000000000000000000000000000000000000000000000000000000000000000000000000000000000000000000000000000000
310
00000000000000000000000000000000000000000000000000000000000000000000000000000000000000000000000000000000000000000000000000000000000000000000000000000000000000000000000000000000000000000000000000000000000000000000000000000000000000000000000000000000000000
310
00000000000000000000000000000000000000000000000000000000000000000000000000000000000000000000000000000000000000000000000000000000000000000000000000000000000000000000000000000000000000000000000000000000000000000000000000000000000000000000000000000000000000
310
00000000000000000000000000000000000000000000000000000000000000000000000000000000000000000000000000000000000000000000000000000000000000000000000000000000000000000000000000000000000000000000000000000000000000000000000000000000000000000000000000000000000000
310
00000000000000000000000000000000000000000000000000000000000000000000000000000000000000000000000000000000000000000000000000000000000000000000000000000000000000000000000000000000000000000000000000000000000000000000000000000000000000000000000000000000000000
310
00000000000000000000000000000000000000000000000000000000000000000000000000000000000000000000000000000000000000000000000000000000000000000000000000000000000000000000000000000000000000000000000000000000000000000000000000000000000000000000000000000000000000
310
00000000000000000000000000000000000000000000000000000000000000000000000000000000000000000000000000000000000000000000000000000000000000000000000000000000000000000000000000000000000000000000000000000000000000000000000000000000000000000000000000000000000000
310
00000000000000000000000000000000000000000000000000000000000000000000000000000000000000000000000000000000000000000000000000000000000000000000000000000000000000000000000000000000000000000000000000000000000000000000000000000000000000000000000000000000000000
310
00000000000000000000000000000000000000000000000000000000000000000000000000000000000000000000000000000000000000000000000000000000000000000000000000000000000000000000000000000000000000000000000000000000000000000000000000000000000000000000000000000000000000
310
00000000000000000000000000000000000000000000000000000000000000000000000000000000000000000000000000000000000000000000000000000000000000000000000000000000000000000000000000000000000000000000000000000000000000000000000000000000000000000000000000000000000000
310
00000000000000000000000000000000000000000000000000000000000000000000000000000000000000000000000000000000000000000000000000000000000000000000000000000000000000000000000000000000000000000000000000000000000000000000000000000000000000000000000000000000000000
310
00000000000000000000000000000000000000000000000000000000000000000000000000000000000000000000000000000000000000000000000000000000000000000000000000000000000000000000000000000000000000000000000000000000000000000000000000000000000000000000000000000000000000
310
00000000000000000000000000000000000000000000000000000000000000000000000000000000000000000000000000000000000000000000000000000000000000000000000000000000000000000000000000000000000000000000000000000000000000000000000000000000000000000000000000000000000000
310
00000000000000000000000000000000000000000000000000000000000000000000000000000000000000000000000000000000000000000000000000000000000000000000000000000000000000000000000000000000000000000000000000000000000000000000000000000000000000000000000000000000000000
310
00000000000000000000000000000000000000000000000000000000000000000000000000000000000000000000000000000000000000000000000000000000000000000000000000000000000000000000000000000000000000000000000000000000000000000000000000000000000000000000000000000000000000
310
00000000000000000000000000000000000000000000000000000000000000000000000000000000000000000000000000000000000000000000000000000000000000000000000000000000000000000000000000000000000000000000000000000000000000000000000000000000000000000000000000000000000000
310
00000000000000000000000000000000000000000000000000000000000000000000000000000000000000000000000000000000000000000000000000000000000000000000000000000000000000000000000000000000000000000000000000000000000000000000000000000000000000000000000000000000000000
310
00000000000000000000000000000000000000000000000000000000000000000000000000000000000000000000000000000000000000000000000000000000000000000000000000000000000000000000000000000000000000000000000000000000000000000000000000000000000000000000000000000000000000
310
00000000000000000000000000000000000000000000000000000000000000000000000000000000000000000000000000000000000000000000000000000000000000000000000000000000000000000000000000000000000000000000000000000000000000000000000000000000000000000000000000000000000000
310
00000000000000000000000000000000000000000000000000000000000000000000000000000000000000000000000000000000000000000000000000000000000000000000000000000000000000000000000000000000000000000000000000000000000000000000000000000000000000000000000000000000000000
310
00000000000000000000000000000000000000000000000000000000000000000000000000000000000000000000000000000000000000000000000000000000000000000000000000000000000000000000000000000000000000000000000000000000000000000000000000000000000000000000000000000000000000
310
00000000000000000000000000000000000000000000000000000000000000000000000000000000000000000000000000000000000000000000000000000000000000000000000000000000000000000000000000000000000000000000000000000000000000000000000000000000000000000000000000000000000000
310
00000000000000000000000000000000000000000000000000000000000000000000000000000000000000000000000000000000000000000000000000000000000000000000000000000000000000000000000000000000000000000000000000000000000000000000000000000000000000000000000000000000000000
310
00000000000000000000000000000000000000000000000000000000000000000000000000000000000000000000000000000000000000000000000000000000000000000000000000000000000000000000000000000000000000000000000000000000000000000000000000000000000000000000000000000000000000
310
00000000000000000000000000000000000000000000000000000000000000000000000000000000000000000000000000000000000000000000000000000000000000000000000000000000000000000000000000000000000000000000000000000000000000000000000000000000000000000000000000000000000000
310
00000000000000000000000000000000000000000000000000000000000000000000000000000000000000000000000000000000000000000000000000000000000000000000000000000000000000000000000000000000000000000000000000000000000000000000000000000000000000000000000000000000000000
310
00000000000000000000000000000000000000000000000000000000000000000000000000000000000000000000000000000000000000000000000000000000000000000000000000000000000000000000000000000000000000000000000000000000000000000000000000000000000000000000000000000000000000
310
00000000000000000000000000000000000000000000000000000000000000000000000000000000000000000000000000000000000000000000000000000000000000000000000000000000000000000000000000000000000000000000000000000000000000000000000000000000000000000000000000000000000000
310
00000000000000000000000000000000000000000000000000000000000000000000000000000000000000000000000000000000000000000000000000000000000000000000000000000000000000000000000000000000000000000000000000000000000000000000000000000000000000000000000000000000000000
310
00000000000000000000000000000000000000000000000000000000000000000000000000000000000000000000000000000000000000000000000000000000000000000000000000000000000000000000000000000000000000000000000000000000000000000000000000000000000000000000000000000000000000
310
00000000000000000000000000000000000000000000000000000000000000000000000000000000000000000000000000000000000000000000000000000000000000000000000000000000000000000000000000000000000000000000000000000000000000000000000000000000000000000000000000000000000000
310
00000000000000000000000000000000000000000000000000000000000000000000000000000000000000000000000000000000000000000000000000000000000000000000000000000000000000000000000000000000000000000000000000000000000000000000000000000000000000000000000000000000000000
310
00000000000000000000000000000000000000000000000000000000000000000000000000000000000000000000000000000000000000000000000000000000000000000000000000000000000000000000000000000000000000000000000000000000000000000000000000000000000000000000000000000000000000
310
00000000000000000000000000000000000000000000000000000000000000000000000000000000000000000000000000000000000000000000000000000000000000000000000000000000000000000000000000000000000000000000000000000000000000000000000000000000000000000000000000000000000000
310
00000000000000000000000000000000000000000000000000000000000000000000000000000000000000000000000000000000000000000000000000000000000000000000000000000000000000000000000000000000000000000000000000000000000000000000000000000000000000000000000000000000000000
310
0000000000000000000000000000000000000000000000000000000000000000000000000000000000000000000000000000000000000000000000000000000000000000000000000000000000000000000000000000000000000000000000000000000000000000000000000000000000F5F52DF5F52D2DF5F5F5F5F5F5F5
310
F5F5F5F5F5F5F5F5F5F5F5F5F5F5000000000000000000000000000000000000000000000000000000000000000000000000DCF5000000000000000000000000000000000000000000000000000000000000000000000000000000000000000000000000000000000000000000000000000000000000000000000000000000
310
00000000000000000000000000000000000000000000000000000000000000000000000000000000000000000000000000000000000000000000000000000000000000000000000000000000000000000000000000000000000000000000000000000000000000000000000000000000000000F5BE2DF5BEDC2D2D2D2D0000
310
000000F5000000000000000000F500F5F50000000000000000000000000000000000000000000000000000000000000000000000DCF5F5000000000000000000000000000000000000000000000000000000000000000000000000000000000000000000000000000000000000000000000000000000000000000000000000
310
00000000000000000000000000000000000000000000000000000000000000000000000000000000000000000000000000000000000000000000000000000000000000000000000000000000000000000000000000000000000000000000000000000000000000000000000000000000000000000000F5F5F5F5BEF500002D
310
2D2D000000F5000000000000000000F500F5F5F5F5F5F500000000000000000000000000000000000000000000000000000000000000DCF5F5F5F5F500000000000000000000000000000000000000000000000000000000000000000000000000000000000000000000000000000000000000000000000000000000000000
310
0000000000000000000000000000000000000000000000000000000000000000000000000000000000000000000000000000000000000000000000000000000000000000000000000000000000000000000000000000000000000000000000000000000000000000000000000000000000000000000000F5F5F5F5BEF5F5F5
310
F5F5F52DF5F5F5F5F5F5F5F5F5F5F5F5F5F500F5F5000000F500000000000000000000000000000000000000000000000000000000000000DCF5F50000F50000000000000000000000000000000000000000000000000000000000000000000000000000000000000000000000000000000000000000000000000000000000
310
00000000000000000000000000000000000000000000000000000000000000000000000000000000000000000000000000000000000000000000000000000000000000000000000000000000000000000000000000000000000000000000000000000000000000000000000000000000000000000000000000F5F5F5F5BEBE
310
BEBE002D002D000000F50000000000000000000000F5F5000000F500000000000000000000000000000000000000000000000000000000000000DCF5F50000F5000000000000000000000000000000000000000000000000000000000000000000000000000000000000000000000000000000000000000000000000000000
310
000000000000000000000000000000000000000000000000000000000000000000000000000000000000000000000000000000000000000000000000000000000000000000000000000000000000000000000000000000000000000000000000000000000000000000000000000000000000000000000000000000F5F5F5F5
310
F5BEF5F5002D2D2D000000F50000000000000000000000F5F5000000F500000000000000000000000000000000000000000000000000000000000000DCF5F5F5F5F500000000000000000000000000000000000000000000000000000000000000000000000000000000000000000000000000000000000000000000000000
310
0000000000000000000000000000000000000000000000000000000000000000000000000000000000000000000000000000000000000000000000000000000000000000000000000000000000000000000000000000000000000000000000000000000000000000000000000000000000000000000000000000000000F5F5
310
2DDCBEF52DF52D2D00000000002D2DBEBEBE2D2D0000000000F5F5000000F500000000000000000000000000000000000000000000000000000000000000DCF5F5F5F5F50000000000000000000000000000000000000000000000000000000000000000000000000000000000000000000000000000000000000000000000
310
00000000000000000000000000000000000000000000000000000000000000000000000000000000000000000000000000000000000000000000000000000000000000000000000000000000000000000000000000000000000000000000000000000000000000000000000000000000000000000000000000000000000000
310
F5F52DDC2D2D2D0000000000000000F5F5F5BEF5DCDC0000000000F5F5000000F500000000000000000000000000000000000000000000000000000000000000DCF5F5F5F5F5000000000000000000000000000000000000000000000000000000000000000000000000000000000000000000000000000000000000000000
310
00000000000000000000000000000000000000000000000000000000000000000000000000000000000000000000000000000000000000000000000000000000000000000000000000000000000000000000000000000000000000000000000000000000000000000000000000000000000000000000000000000000000000
310
0000F5F5F5F5F5F5F50000000000000000F5F5F5BEBEF52D0000000000F5F5000000F500000000000000000000000000000000000000000000000000000000000000DCF5F50000F500000000000000000000000000000000BE0000000000000000000000000000000000000000000000000000000000000000000000000000
310
00000000000000000000000000000000000000000000000000000000000000000000000000000000000000000000000000000000000000000000000000000000000000000000000000000000000000000000000000000000000000000000000000000000000000000000000000000000000000000000000000000000000000
310
00000000F5F5F5000000F50000000000000000F5F5F5F5BEF52D2D2D2D2D2DF5F5F5F5F5F5F5F5F5F5F5F500000000000000000000000000000000000000000000000000DCF5F50000F5F5F5F5F5F5F5F50000000000000000F5F5F50000000000000000000000000000000000000000000000000000000000000000000000
310
00000000000000000000000000000000000000000000000000000000000000000000000000000000000000000000000000000000000000000000000000000000000000000000000000000000000000000000000000000000000000000000000000000000000000000000000000000000000000000000000000000000000000
310
0000000000BEF5F5F5BEBEBEF5BEBEBEBEBEBEBEBEF5F5F5F5BEF5BEBEBEBEBE2D2DF5F5F5BEF5BEBEBEBEBEF5BEBE0000000000000000000000000000000000000000BEBEBEDCF5F5BEBEF5BEBEBEBEBEBEF5BE000000000000BEF5F5F5F5BE00000000000000000000000000000000000000000000000000000000000000
310
00000000000000000000000000000000000000000000000000000000000000000000000000000000000000000000000000000000000000000000000000000000000000000000000000000000000000000000000000000000000000000000000000000000000000000000000000000000000000000000000000000000000000
310
0000000000000000F5F5F5000000F50000000000000000BEBEF5F5F5BEBE00002D002DF5F5F5F5F5F50000000000F500000000000000000000000000000000000000000000000000DCF5F50000F5000000000000F50000000000000000F5F5F500000000000000000000000000000000000000000000000000000000000000
310
00000000000000000000000000000000000000000000000000000000000000000000000000000000000000000000000000000000000000000000000000000000000000000000000000000000000000000000000000000000000000000000000000000000000000000000000000000000000000000000000000000000000000
310
00000000000000000000F5F5F5000000F50000000000000000F5F5F5F5BEF50000002D2D2D2DF5000000F5F5F5F5F5F5F500000000000000000000000000000000000000000000000000DCF5F50000F5F5F5F5F5F5F5F5000000000000000000BEF50000000000000000000000000000000000000000000000000000000000
310
00000000000000000000000000000000000000000000000000000000000000000000000000000000000000000000000000000000000000000000000000000000000000000000000000000000000000000000000000000000000000000000000000000000000000000000000000000000000000000000000000000000000000
310
000000000000000000000000BEF5BE000000F50000000000000000F5F5F5F5F5F52D2D2D2D0000F5F5000000F500000000000000000000000000000000000000000000000000000000000000DCF5F50000F5000000000000000000000000000000000000000000000000000000000000000000000000000000000000000000
310
00000000000000000000000000000000000000000000000000000000000000000000000000000000000000000000000000000000000000000000000000000000000000000000000000000000000000000000000000000000000000000000000000000000000000000000000000000000000000000000000000000000000000
310
0000000000000000000000000000F5F5F5000000F50000000000000000F5F5F5F5F5F52D0000000000F5F5000000F500000000000000000000000000000000000000000000000000000000000000DCF5F50000F500000000000000000000000000000000000000000000000000000000000000000000000000000000000000
310
00000000000000000000000000000000000000000000000000000000000000000000000000000000000000000000000000000000000000000000000000000000000000000000000000000000000000000000000000000000000000000000000000000000000000000000000000000000000000000000000000000000000000
310
00000000000000000000000000000000F5F5F5F5F5F5F500000000000000002DDCF5BEBEF52D0000000000F5F5000000F500000000000000000000000000000000000000000000000000000000000000DCF5F50000F5BEF5F5F5F5F5F500000000000000000000000000000000000000000000000000000000000000000000
310
00000000000000000000000000000000000000000000000000000000000000000000000000000000000000000000000000000000000000000000000000000000000000000000000000000000000000000000000000000000000000000000000000000000000000000000000000000000000000000000000000000000000000
310
000000000000000000000000000000000000F5F5F5BEF5BEF500000000000000002D2D2D2D2D2D2D0000000000F5F5000000F500000000000000000000000000000000000000000000000000000000000000DCF5F50000F500F5F5F5F5F5F50000000000000000000000000000000000000000000000000000000000000000
310
00000000000000000000000000000000000000000000000000000000000000000000000000000000000000000000000000000000000000000000000000000000000000000000000000000000000000000000000000000000000000000000000000000000000000000000000000000000000000000000000000000000000000
310
0000000000000000000000000000000000000000F5F5F5F5F5F5F5F5F5F5F5F5F5F5F5F5F5F5F5F5F5F5F5F5F5F500F5F5000000F500000000000000000000000000000000000000000000000000000000000000DCF5F50000F500000000000000000000000000000000000000000000000000000000000000000000000000
310
00000000000000000000000000000000000000000000000000000000000000000000000000000000000000000000000000000000000000000000000000000000000000000000000000000000000000000000000000000000000000000000000000000000000000000000000000000000000000000000000000000000000000
310
0000000000000000000000000000000000000000000000F5F50000F5F5F500000000000000F5000000000000000000F500F5F5000000F500000000000000000000000000000000000000000000000000000000000000DCF5F50000F50000000000000000000000000000000000000000000000000000000000000000000000
310
00000000000000000000000000000000000000000000000000000000000000000000000000000000000000000000000000000000000000000000000000000000000000000000000000000000000000000000000000000000000000000000000000000000000000000000000000000000000000000000000000000000000000
310
000000000000000000000000000000000000000000000000F5F5BE0000BEBEBE00000000000000F5000000000000000000F500F5F5F5F5F5F500000000000000000000000000000000000000000000000000000000000000DCF5F5F5F5F5000000000000000000000000000000000000000000000000000000000000000000
310
00000000000000000000000000000000000000000000000000000000000000000000000000000000000000000000000000000000000000000000000000000000000000000000000000000000000000000000000000000000000000000000000000000000000000000000000000000000000000000000000000000000000000
310
0000000000000000000000000000000000000000000000000000F5F5F50000F5F5F500000000000000F5000000000000000000F500F5000000000000000000000000000000000000000000000000000000000000000000000000DCF50000000000000000000000000000000000000000000000000000000000000000000000
310
00000000000000000000000000000000000000000000000000000000000000000000000000000000000000000000000000000000000000000000000000000000000000000000000000000000000000000000000000000000000000000000000000000000000000000000000000000000000000000000000000000000000000
310
000000000000000000000000000000000000000000000000000000000000F5F5F5F5F5F5F5F5F5F5F5F5F5F5F5F5F5F5F5F5F5F5F5F5F5F5000000000000000000000000000000000000000000000000000000000000000000000000DCF5000000000000000000000000000000000000000000000000000000000000000000
310
0000000000000000000000000000000000000000000000000000000000000000000000000000000000000000000000000000
  0
XRECORD
  5
9B8
102
{ACAD_REACTORS
330
9B7
102
}
330
9B7
100
AcDbXrecord
280
     1
102
MATERIAL
148
0.0
149
0.0
149
0.0
 93
        0
 94
      127
282
     0
 72
     1
 77
     1
171
     1
175
     1
179
     1
273
     0
  0
XRECORD
  5
9B6
102
{ACAD_REACTORS
330
9B5
102
}
330
9B5
100
AcDbXrecord
280
     1
102
MATERIAL
148
0.0
149
0.0
149
0.0
 93
        0
 94
      127
282
     0
 72
     1
 77
     1
171
     1
175
     1
179
     1
273
     0
  0
XRECORD
  5
9BA
102
{ACAD_REACTORS
330
9B9
102
}
330
9B9
100
AcDbXrecord
280
     1
102
MATERIAL
148
0.0
149
0.0
149
0.0
 93
        0
 94
      127
282
     0
 72
     1
 77
     1
171
     1
175
     1
179
     1
273
     0
  0
CELLSTYLEMAP
  5
AD3
102
{ACAD_REACTORS
330
AD2
102
}
330
AD2
100
AcDbCellStyleMap
 90
        3
300
CELLSTYLE
  1
TABLEFORMAT_BEGIN
 90
        5
170
     1
 91
        0
 92
    32768
 62
   257
 93
        1
300
CONTENTFORMAT
  1
CONTENTFORMAT_BEGIN
 90
        0
 91
        0
 92
      512
 93
        0
300

 40
0.0
140
1.0
 94
        5
 62
     0
340
11
144
6.0
309
CONTENTFORMAT_END
171
     1
301
MARGIN
  1
CELLMARGIN_BEGIN
 40
1.5
 40
1.5
 40
1.5
 40
1.5
 40
4.5
 40
4.5
309
CELLMARGIN_END
 94
        6
 95
        1
302
GRIDFORMAT
  1
GRIDFORMAT_BEGIN
 90
        0
 91
        1
 62
     0
 92
       -2
340
0
 93
        0
 40
1.125
309
GRIDFORMAT_END
 95
        2
302
GRIDFORMAT
  1
GRIDFORMAT_BEGIN
 90
        0
 91
        1
 62
     0
 92
       -2
340
0
 93
        0
 40
1.125
309
GRIDFORMAT_END
 95
        4
302
GRIDFORMAT
  1
GRIDFORMAT_BEGIN
 90
        0
 91
        1
 62
     0
 92
       -2
340
0
 93
        0
 40
1.125
309
GRIDFORMAT_END
 95
        8
302
GRIDFORMAT
  1
GRIDFORMAT_BEGIN
 90
        0
 91
        1
 62
     0
 92
       -2
340
0
 93
        0
 40
1.125
309
GRIDFORMAT_END
 95
       16
302
GRIDFORMAT
  1
GRIDFORMAT_BEGIN
 90
        0
 91
        1
 62
     0
 92
       -2
340
0
 93
        0
 40
1.125
309
GRIDFORMAT_END
 95
       32
302
GRIDFORMAT
  1
GRIDFORMAT_BEGIN
 90
        0
 91
        1
 62
     0
 92
       -2
340
0
 93
        0
 40
1.125
309
GRIDFORMAT_END
309
TABLEFORMAT_END
  1
CELLSTYLE_BEGIN
 90
        1
 91
        1
300
_TITLE
309
CELLSTYLE_END
300
CELLSTYLE
  1
TABLEFORMAT_BEGIN
 90
        5
170
     1
 91
        0
 92
        0
 62
   257
 93
        1
300
CONTENTFORMAT
  1
CONTENTFORMAT_BEGIN
 90
        0
 91
        0
 92
      512
 93
        0
300

 40
0.0
140
1.0
 94
        5
 62
     0
340
11
144
4.5
309
CONTENTFORMAT_END
171
     1
301
MARGIN
  1
CELLMARGIN_BEGIN
 40
1.5
 40
1.5
 40
1.5
 40
1.5
 40
4.5
 40
4.5
309
CELLMARGIN_END
 94
        6
 95
        1
302
GRIDFORMAT
  1
GRIDFORMAT_BEGIN
 90
        0
 91
        1
 62
     0
 92
       -2
340
0
 93
        0
 40
1.125
309
GRIDFORMAT_END
 95
        2
302
GRIDFORMAT
  1
GRIDFORMAT_BEGIN
 90
        0
 91
        1
 62
     0
 92
       -2
340
0
 93
        0
 40
1.125
309
GRIDFORMAT_END
 95
        4
302
GRIDFORMAT
  1
GRIDFORMAT_BEGIN
 90
        0
 91
        1
 62
     0
 92
       -2
340
0
 93
        0
 40
1.125
309
GRIDFORMAT_END
 95
        8
302
GRIDFORMAT
  1
GRIDFORMAT_BEGIN
 90
        0
 91
        1
 62
     0
 92
       -2
340
0
 93
        0
 40
1.125
309
GRIDFORMAT_END
 95
       16
302
GRIDFORMAT
  1
GRIDFORMAT_BEGIN
 90
        0
 91
        1
 62
     0
 92
       -2
340
0
 93
        0
 40
1.125
309
GRIDFORMAT_END
 95
       32
302
GRIDFORMAT
  1
GRIDFORMAT_BEGIN
 90
        0
 91
        1
 62
     0
 92
       -2
340
0
 93
        0
 40
1.125
309
GRIDFORMAT_END
309
TABLEFORMAT_END
  1
CELLSTYLE_BEGIN
 90
        2
 91
        1
300
_HEADER
309
CELLSTYLE_END
300
CELLSTYLE
  1
TABLEFORMAT_BEGIN
 90
        5
170
     1
 91
        0
 92
        0
 62
   257
 93
        1
300
CONTENTFORMAT
  1
CONTENTFORMAT_BEGIN
 90
        0
 91
        0
 92
      512
 93
        0
300

 40
0.0
140
1.0
 94
        2
 62
     0
340
11
144
4.5
309
CONTENTFORMAT_END
171
     1
301
MARGIN
  1
CELLMARGIN_BEGIN
 40
1.5
 40
1.5
 40
1.5
 40
1.5
 40
4.5
 40
4.5
309
CELLMARGIN_END
 94
        6
 95
        1
302
GRIDFORMAT
  1
GRIDFORMAT_BEGIN
 90
        0
 91
        1
 62
     0
 92
       -2
340
0
 93
        0
 40
1.125
309
GRIDFORMAT_END
 95
        2
302
GRIDFORMAT
  1
GRIDFORMAT_BEGIN
 90
        0
 91
        1
 62
     0
 92
       -2
340
0
 93
        0
 40
1.125
309
GRIDFORMAT_END
 95
        4
302
GRIDFORMAT
  1
GRIDFORMAT_BEGIN
 90
        0
 91
        1
 62
     0
 92
       -2
340
0
 93
        0
 40
1.125
309
GRIDFORMAT_END
 95
        8
302
GRIDFORMAT
  1
GRIDFORMAT_BEGIN
 90
        0
 91
        1
 62
     0
 92
       -2
340
0
 93
        0
 40
1.125
309
GRIDFORMAT_END
 95
       16
302
GRIDFORMAT
  1
GRIDFORMAT_BEGIN
 90
        0
 91
        1
 62
     0
 92
       -2
340
0
 93
        0
 40
1.125
309
GRIDFORMAT_END
 95
       32
302
GRIDFORMAT
  1
GRIDFORMAT_BEGIN
 90
        0
 91
        1
 62
     0
 92
       -2
340
0
 93
        0
 40
1.125
309
GRIDFORMAT_END
309
TABLEFORMAT_END
  1
CELLSTYLE_BEGIN
 90
        3
 91
        2
300
_DATA
309
CELLSTYLE_END
  0
XRECORD
  5
B0F
102
{ACAD_REACTORS
330
AD2
102
}
330
AD2
100
AcDbXrecord
280
     1
102
ACAD_ROUNDTRIP_PRE2007_TABLESTYLE
 90
      512
 91
        0
  1

 92
      512
 93
        0
  2

 94
      512
 95
        0
  3

  0
XRECORD
  5
AE4
102
{ACAD_REACTORS
330
AE3
102
}
330
AE3
100
AcDbXrecord
280
     1
102
RTVSPropertyOp0
 70
     1
102
RTVSPropertyOp1
 70
     1
102
RTVSPropertyOp2
 70
     1
102
RTVSPropertyOp3
 70
     1
102
RTVSPropertyOp4
 70
     1
102
RTVSPropertyOp5
 70
     1
102
RTVSPropertyOp6
 70
     1
102
RTVSPropertyOp7
 70
     1
102
RTVSPropertyOp8
 70
     1
102
RTVSPropertyOp9
 70
     1
102
RTVSPropertyOp10
 70
     1
102
RTVSPropertyOp11
 70
     1
102
RTVSPropertyOp12
 70
     1
102
RTVSPropertyOp13
 70
     1
102
RTVSPropertyOp14
 70
     1
102
RTVSPropertyOp15
 70
     1
102
RTVSPropertyOp16
 70
     1
102
RTVSPropertyOp17
 70
     1
102
RTVSPropertyOp18
 70
     1
102
RTVSPropertyOp19
 70
     1
102
RTVSPropertyOp20
 70
     1
102
RTVSPropertyOp21
 70
     1
102
RTVSPropertyOp22
 70
     1
102
RTVSPropertyOp23
 70
     1
102
RTVSPropertyOp24
 70
     1
102
RTVSPropertyOp25
 70
     1
102
RTVSPropertyOp26
 70
     1
102
RTVSPropertyOp27
 70
     1
102
RTVSPropertyOp28
 70
     1
102
RTVSPropertyOp29
 70
     1
102
RTVSPropertyOp30
 70
     1
102
RTVSPropertyOp31
 70
     1
102
RTVSPropertyOp32
 70
     1
  0
XRECORD
  5
AE8
102
{ACAD_REACTORS
330
AE7
102
}
330
AE7
100
AcDbXrecord
280
     1
102
RTVSPropertyOp0
 70
     1
102
RTVSPropertyOp1
 70
     1
102
RTVSPropertyOp2
 70
     1
102
RTVSPropertyOp3
 70
     1
102
RTVSPropertyOp4
 70
     1
102
RTVSPropertyOp5
 70
     1
102
RTVSPropertyOp6
 70
     1
102
RTVSPropertyOp7
 70
     1
102
RTVSPropertyOp8
 70
     1
102
RTVSPropertyOp9
 70
     1
102
RTVSPropertyOp10
 70
     1
102
RTVSPropertyOp11
 70
     1
102
RTVSPropertyOp12
 70
     1
102
RTVSPropertyOp13
 70
     1
102
RTVSPropertyOp14
 70
     1
102
RTVSPropertyOp15
 70
     1
102
RTVSPropertyOp16
 70
     1
102
RTVSPropertyOp17
 70
     1
102
RTVSPropertyOp18
 70
     1
102
RTVSPropertyOp19
 70
     1
102
RTVSPropertyOp20
 70
     1
102
RTVSPropertyOp21
 70
     1
102
RTVSPropertyOp22
 70
     1
102
RTVSPropertyOp23
 70
     1
102
RTVSPropertyOp24
 70
     1
102
RTVSPropertyOp25
 70
     1
102
RTVSPropertyOp26
 70
     1
102
RTVSPropertyOp27
 70
     1
102
RTVSPropertyOp28
 70
     1
102
RTVSPropertyOp29
 70
     1
102
RTVSPropertyOp30
 70
     1
102
RTVSPropertyOp31
 70
     1
102
RTVSPropertyOp32
 70
     1
  0
XRECORD
  5
AE6
102
{ACAD_REACTORS
330
AE5
102
}
330
AE5
100
AcDbXrecord
280
     1
102
RTVSPropertyOp0
 70
     1
102
RTVSPropertyOp1
 70
     1
102
RTVSPropertyOp2
 70
     1
102
RTVSPropertyOp3
 70
     1
102
RTVSPropertyOp4
 70
     1
102
RTVSPropertyOp5
 70
     1
102
RTVSPropertyOp6
 70
     1
102
RTVSPropertyOp7
 70
     1
102
RTVSPropertyOp8
 70
     1
102
RTVSPropertyOp9
 70
     1
102
RTVSPropertyOp10
 70
     1
102
RTVSPropertyOp11
 70
     1
102
RTVSPropertyOp12
 70
     1
102
RTVSPropertyOp13
 70
     1
102
RTVSPropertyOp14
 70
     1
102
RTVSPropertyOp15
 70
     1
102
RTVSPropertyOp16
 70
     1
102
RTVSPropertyOp17
 70
     1
102
RTVSPropertyOp18
 70
     1
102
RTVSPropertyOp19
 70
     1
102
RTVSPropertyOp20
 70
     1
102
RTVSPropertyOp21
 70
     1
102
RTVSPropertyOp22
 70
     1
102
RTVSPropertyOp23
 70
     1
102
RTVSPropertyOp24
 70
     1
102
RTVSPropertyOp25
 70
     1
102
RTVSPropertyOp26
 70
     1
102
RTVSPropertyOp27
 70
     1
102
RTVSPropertyOp28
 70
     1
102
RTVSPropertyOp29
 70
     1
102
RTVSPropertyOp30
 70
     1
102
RTVSPropertyOp31
 70
     1
102
RTVSPropertyOp32
 70
     1
  0
XRECORD
  5
AEA
102
{ACAD_REACTORS
330
AE9
102
}
330
AE9
100
AcDbXrecord
280
     1
102
RTVSPropertyOp0
 70
     1
102
RTVSPropertyOp1
 70
     1
102
RTVSPropertyOp2
 70
     1
102
RTVSPropertyOp3
 70
     1
102
RTVSPropertyOp4
 70
     1
102
RTVSPropertyOp5
 70
     1
102
RTVSPropertyOp6
 70
     1
102
RTVSPropertyOp7
 70
     1
102
RTVSPropertyOp8
 70
     1
102
RTVSPropertyOp9
 70
     1
102
RTVSPropertyOp10
 70
     1
102
RTVSPropertyOp11
 70
     1
102
RTVSPropertyOp12
 70
     1
102
RTVSPropertyOp13
 70
     1
102
RTVSPropertyOp14
 70
     1
102
RTVSPropertyOp15
 70
     1
102
RTVSPropertyOp16
 70
     1
102
RTVSPropertyOp17
 70
     1
102
RTVSPropertyOp18
 70
     1
102
RTVSPropertyOp19
 70
     1
102
RTVSPropertyOp20
 70
     1
102
RTVSPropertyOp21
 70
     1
102
RTVSPropertyOp22
 70
     1
102
RTVSPropertyOp23
 70
     1
102
RTVSPropertyOp24
 70
     1
102
RTVSPropertyOp25
 70
     1
102
RTVSPropertyOp26
 70
     1
102
RTVSPropertyOp27
 70
     1
102
RTVSPropertyOp28
 70
     1
102
RTVSPropertyOp29
 70
     1
102
RTVSPropertyOp30
 70
     1
102
RTVSPropertyOp31
 70
     1
102
RTVSPropertyOp32
 70
     1
  0
XRECORD
  5
AF2
102
{ACAD_REACTORS
330
AF1
102
}
330
AF1
100
AcDbXrecord
280
     1
102
RTVSPropertyOp0
 70
     1
102
RTVSPropertyOp1
 70
     1
102
RTVSPropertyOp2
 70
     1
102
RTVSPropertyOp3
 70
     1
102
RTVSPropertyOp4
 70
     1
102
RTVSPropertyOp5
 70
     1
102
RTVSPropertyOp6
 70
     1
102
RTVSPropertyOp7
 70
     1
102
RTVSPropertyOp8
 70
     1
102
RTVSPropertyOp9
 70
     1
102
RTVSPropertyOp10
 70
     1
102
RTVSPropertyOp11
 70
     1
102
RTVSPropertyOp12
 70
     1
102
RTVSPropertyOp13
 70
     1
102
RTVSPropertyOp14
 70
     1
102
RTVSPropertyOp15
 70
     1
102
RTVSPropertyOp16
 70
     1
102
RTVSPropertyOp17
 70
     1
102
RTVSPropertyOp18
 70
     1
102
RTVSPropertyOp19
 70
     1
102
RTVSPropertyOp20
 70
     1
102
RTVSPropertyOp21
 70
     1
102
RTVSPropertyOp22
 70
     1
102
RTVSPropertyOp23
 70
     1
102
RTVSPropertyOp24
 70
     1
102
RTVSPropertyOp25
 70
     1
102
RTVSPropertyOp26
 70
     1
102
RTVSPropertyOp27
 70
     1
102
RTVSPropertyOp28
 70
     1
102
RTVSPropertyOp29
 70
     1
102
RTVSPropertyOp30
 70
     1
102
RTVSPropertyOp31
 70
     1
102
RTVSPropertyOp32
 70
     1
  0
XRECORD
  5
AFA
102
{ACAD_REACTORS
330
AF9
102
}
330
AF9
100
AcDbXrecord
280
     1
102
RTVSPropertyOp0
 70
     1
102
RTVSPropertyOp1
 70
     1
102
RTVSPropertyOp2
 70
     1
102
RTVSPropertyOp3
 70
     1
102
RTVSPropertyOp4
 70
     1
102
RTVSPropertyOp5
 70
     1
102
RTVSPropertyOp6
 70
     1
102
RTVSPropertyOp7
 70
     1
102
RTVSPropertyOp8
 70
     1
102
RTVSPropertyOp9
 70
     1
102
RTVSPropertyOp10
 70
     1
102
RTVSPropertyOp11
 70
     1
102
RTVSPropertyOp12
 70
     1
102
RTVSPropertyOp13
 70
     1
102
RTVSPropertyOp14
 70
     1
102
RTVSPropertyOp15
 70
     1
102
RTVSPropertyOp16
 70
     1
102
RTVSPropertyOp17
 70
     1
102
RTVSPropertyOp18
 70
     1
102
RTVSPropertyOp19
 70
     1
102
RTVSPropertyOp20
 70
     1
102
RTVSPropertyOp21
 70
     1
102
RTVSPropertyOp22
 70
     1
102
RTVSPropertyOp23
 70
     1
102
RTVSPropertyOp24
 70
     1
102
RTVSPropertyOp25
 70
     1
102
RTVSPropertyOp26
 70
     1
102
RTVSPropertyOp27
 70
     1
102
RTVSPropertyOp28
 70
     1
102
RTVSPropertyOp29
 70
     1
102
RTVSPropertyOp30
 70
     1
102
RTVSPropertyOp31
 70
     1
102
RTVSPropertyOp32
 70
     1
  0
XRECORD
  5
AEE
102
{ACAD_REACTORS
330
AED
102
}
330
AED
100
AcDbXrecord
280
     1
102
RTVSPropertyOp0
 70
     1
102
RTVSPropertyOp1
 70
     1
102
RTVSPropertyOp2
 70
     1
102
RTVSPropertyOp3
 70
     1
102
RTVSPropertyOp4
 70
     1
102
RTVSPropertyOp5
 70
     1
102
RTVSPropertyOp6
 70
     1
102
RTVSPropertyOp7
 70
     1
102
RTVSPropertyOp8
 70
     1
102
RTVSPropertyOp9
 70
     1
102
RTVSPropertyOp10
 70
     1
102
RTVSPropertyOp11
 70
     1
102
RTVSPropertyOp12
 70
     1
102
RTVSPropertyOp13
 70
     1
102
RTVSPropertyOp14
 70
     1
102
RTVSPropertyOp15
 70
     1
102
RTVSPropertyOp16
 70
     1
102
RTVSPropertyOp17
 70
     1
102
RTVSPropertyOp18
 70
     1
102
RTVSPropertyOp19
 70
     1
102
RTVSPropertyOp20
 70
     1
102
RTVSPropertyOp21
 70
     1
102
RTVSPropertyOp22
 70
     1
102
RTVSPropertyOp23
 70
     1
102
RTVSPropertyOp24
 70
     1
102
RTVSPropertyOp25
 70
     1
102
RTVSPropertyOp26
 70
     1
102
RTVSPropertyOp27
 70
     1
102
RTVSPropertyOp28
 70
     1
102
RTVSPropertyOp29
 70
     1
102
RTVSPropertyOp30
 70
     1
102
RTVSPropertyOp31
 70
     1
102
RTVSPropertyOp32
 70
     1
  0
XRECORD
  5
AF0
102
{ACAD_REACTORS
330
AEF
102
}
330
AEF
100
AcDbXrecord
280
     1
102
RTVSPropertyOp0
 70
     1
102
RTVSPropertyOp1
 70
     1
102
RTVSPropertyOp2
 70
     1
102
RTVSPropertyOp3
 70
     1
102
RTVSPropertyOp4
 70
     1
102
RTVSPropertyOp5
 70
     1
102
RTVSPropertyOp6
 70
     1
102
RTVSPropertyOp7
 70
     1
102
RTVSPropertyOp8
 70
     1
102
RTVSPropertyOp9
 70
     1
102
RTVSPropertyOp10
 70
     1
102
RTVSPropertyOp11
 70
     1
102
RTVSPropertyOp12
 70
     1
102
RTVSPropertyOp13
 70
     1
102
RTVSPropertyOp14
 70
     1
102
RTVSPropertyOp15
 70
     1
102
RTVSPropertyOp16
 70
     1
102
RTVSPropertyOp17
 70
     1
102
RTVSPropertyOp18
 70
     1
102
RTVSPropertyOp19
 70
     1
102
RTVSPropertyOp20
 70
     1
102
RTVSPropertyOp21
 70
     1
102
RTVSPropertyOp22
 70
     1
102
RTVSPropertyOp23
 70
     1
102
RTVSPropertyOp24
 70
     1
102
RTVSPropertyOp25
 70
     1
102
RTVSPropertyOp26
 70
     1
102
RTVSPropertyOp27
 70
     1
102
RTVSPropertyOp28
 70
     1
102
RTVSPropertyOp29
 70
     1
102
RTVSPropertyOp30
 70
     1
102
RTVSPropertyOp31
 70
     1
102
RTVSPropertyOp32
 70
     1
  0
XRECORD
  5
B0E
102
{ACAD_REACTORS
330
B0D
102
}
330
B0D
100
AcDbXrecord
280
     1
102
RTVSPropertyOp0
 70
     0
102
RTVSPropertyOp1
 70
     0
102
RTVSPropertyOp2
 70
     0
102
RTVSPropertyOp3
 70
     0
102
RTVSPropertyOp4
 70
     0
102
RTVSPropertyOp5
 70
     0
102
RTVSPropertyOp6
 70
     0
102
RTVSPropertyOp7
 70
     0
102
RTVSPropertyOp8
 70
     0
102
RTVSPropertyOp9
 70
     0
102
RTVSPropertyOp10
 70
     0
102
RTVSPropertyOp11
 70
     0
102
RTVSPropertyOp12
 70
     0
102
RTVSPropertyOp13
 70
     0
102
RTVSPropertyOp14
 70
     2
102
RTVSPropertyOp15
 70
     0
102
RTVSPropertyOp16
 70
     0
102
RTVSPropertyOp17
 70
     0
102
RTVSPropertyOp18
 70
     0
102
RTVSPropertyOp19
 70
     0
102
RTVSPropertyOp20
 70
     0
102
RTVSPropertyOp21
 70
     0
102
RTVSPropertyOp22
 70
     0
102
RTVSPropertyOp23
 70
     0
102
RTVSPropertyOp24
 70
     0
102
RTVSPropertyOp25
 70
     0
102
RTVSPropertyOp26
 70
     0
102
RTVSPropertyOp27
 70
     0
102
RTVSPropertyOp28
 70
     1
102
RTVSPropertyOp29
 70
     1
102
RTVSPropertyOp30
 70
     1
102
RTVSPropertyOp31
 70
     1
102
RTVSPropertyOp32
 70
     1
  0
XRECORD
  5
AF8
102
{ACAD_REACTORS
330
AF7
102
}
330
AF7
100
AcDbXrecord
280
     1
102
RTVSPropertyOp0
 70
     1
102
RTVSPropertyOp1
 70
     1
102
RTVSPropertyOp2
 70
     1
102
RTVSPropertyOp3
 70
     1
102
RTVSPropertyOp4
 70
     1
102
RTVSPropertyOp5
 70
     1
102
RTVSPropertyOp6
 70
     1
102
RTVSPropertyOp7
 70
     1
102
RTVSPropertyOp8
 70
     1
102
RTVSPropertyOp9
 70
     1
102
RTVSPropertyOp10
 70
     1
102
RTVSPropertyOp11
 70
     1
102
RTVSPropertyOp12
 70
     1
102
RTVSPropertyOp13
 70
     1
102
RTVSPropertyOp14
 70
     1
102
RTVSPropertyOp15
 70
     1
102
RTVSPropertyOp16
 70
     1
102
RTVSPropertyOp17
 70
     1
102
RTVSPropertyOp18
 70
     1
102
RTVSPropertyOp19
 70
     1
102
RTVSPropertyOp20
 70
     1
102
RTVSPropertyOp21
 70
     1
102
RTVSPropertyOp22
 70
     1
102
RTVSPropertyOp23
 70
     1
102
RTVSPropertyOp24
 70
     1
102
RTVSPropertyOp25
 70
     1
102
RTVSPropertyOp26
 70
     1
102
RTVSPropertyOp27
 70
     1
102
RTVSPropertyOp28
 70
     1
102
RTVSPropertyOp29
 70
     1
102
RTVSPropertyOp30
 70
     1
102
RTVSPropertyOp31
 70
     1
102
RTVSPropertyOp32
 70
     1
  0
XRECORD
  5
ADC
102
{ACAD_REACTORS
330
ADB
102
}
330
ADB
100
AcDbXrecord
280
     1
102
RTVSPropertyOp0
 70
     1
102
RTVSPropertyOp1
 70
     1
102
RTVSPropertyOp2
 70
     1
102
RTVSPropertyOp3
 70
     1
102
RTVSPropertyOp4
 70
     1
102
RTVSPropertyOp5
 70
     1
102
RTVSPropertyOp6
 70
     1
102
RTVSPropertyOp7
 70
     1
102
RTVSPropertyOp8
 70
     1
102
RTVSPropertyOp9
 70
     1
102
RTVSPropertyOp10
 70
     1
102
RTVSPropertyOp11
 70
     1
102
RTVSPropertyOp12
 70
     1
102
RTVSPropertyOp13
 70
     1
102
RTVSPropertyOp14
 70
     1
102
RTVSPropertyOp15
 70
     1
102
RTVSPropertyOp16
 70
     1
102
RTVSPropertyOp17
 70
     1
102
RTVSPropertyOp18
 70
     1
102
RTVSPropertyOp19
 70
     1
102
RTVSPropertyOp20
 70
     1
102
RTVSPropertyOp21
 70
     1
102
RTVSPropertyOp22
 70
     1
102
RTVSPropertyOp23
 70
     1
102
RTVSPropertyOp24
 70
     1
102
RTVSPropertyOp25
 70
     1
102
RTVSPropertyOp26
 70
     1
102
RTVSPropertyOp27
 70
     1
102
RTVSPropertyOp28
 70
     1
102
RTVSPropertyOp29
 70
     1
102
RTVSPropertyOp30
 70
     1
102
RTVSPropertyOp31
 70
     1
102
RTVSPropertyOp32
 70
     1
  0
XRECORD
  5
ADE
102
{ACAD_REACTORS
330
ADD
102
}
330
ADD
100
AcDbXrecord
280
     1
102
RTVSPropertyOp0
 70
     1
102
RTVSPropertyOp1
 70
     1
102
RTVSPropertyOp2
 70
     1
102
RTVSPropertyOp3
 70
     1
102
RTVSPropertyOp4
 70
     1
102
RTVSPropertyOp5
 70
     1
102
RTVSPropertyOp6
 70
     1
102
RTVSPropertyOp7
 70
     1
102
RTVSPropertyOp8
 70
     1
102
RTVSPropertyOp9
 70
     1
102
RTVSPropertyOp10
 70
     1
102
RTVSPropertyOp11
 70
     1
102
RTVSPropertyOp12
 70
     1
102
RTVSPropertyOp13
 70
     1
102
RTVSPropertyOp14
 70
     1
102
RTVSPropertyOp15
 70
     1
102
RTVSPropertyOp16
 70
     1
102
RTVSPropertyOp17
 70
     1
102
RTVSPropertyOp18
 70
     1
102
RTVSPropertyOp19
 70
     1
102
RTVSPropertyOp20
 70
     1
102
RTVSPropertyOp21
 70
     1
102
RTVSPropertyOp22
 70
     1
102
RTVSPropertyOp23
 70
     1
102
RTVSPropertyOp24
 70
     1
102
RTVSPropertyOp25
 70
     1
102
RTVSPropertyOp26
 70
     1
102
RTVSPropertyOp27
 70
     1
102
RTVSPropertyOp28
 70
     1
102
RTVSPropertyOp29
 70
     1
102
RTVSPropertyOp30
 70
     1
102
RTVSPropertyOp31
 70
     1
102
RTVSPropertyOp32
 70
     1
  0
XRECORD
  5
AE0
102
{ACAD_REACTORS
330
ADF
102
}
330
ADF
100
AcDbXrecord
280
     1
102
RTVSPropertyOp0
 70
     1
102
RTVSPropertyOp1
 70
     1
102
RTVSPropertyOp2
 70
     1
102
RTVSPropertyOp3
 70
     1
102
RTVSPropertyOp4
 70
     1
102
RTVSPropertyOp5
 70
     1
102
RTVSPropertyOp6
 70
     1
102
RTVSPropertyOp7
 70
     1
102
RTVSPropertyOp8
 70
     1
102
RTVSPropertyOp9
 70
     1
102
RTVSPropertyOp10
 70
     1
102
RTVSPropertyOp11
 70
     1
102
RTVSPropertyOp12
 70
     1
102
RTVSPropertyOp13
 70
     1
102
RTVSPropertyOp14
 70
     1
102
RTVSPropertyOp15
 70
     1
102
RTVSPropertyOp16
 70
     1
102
RTVSPropertyOp17
 70
     1
102
RTVSPropertyOp18
 70
     1
102
RTVSPropertyOp19
 70
     1
102
RTVSPropertyOp20
 70
     1
102
RTVSPropertyOp21
 70
     1
102
RTVSPropertyOp22
 70
     1
102
RTVSPropertyOp23
 70
     1
102
RTVSPropertyOp24
 70
     1
102
RTVSPropertyOp25
 70
     1
102
RTVSPropertyOp26
 70
     1
102
RTVSPropertyOp27
 70
     1
102
RTVSPropertyOp28
 70
     1
102
RTVSPropertyOp29
 70
     1
102
RTVSPropertyOp30
 70
     1
102
RTVSPropertyOp31
 70
     1
102
RTVSPropertyOp32
 70
     1
  0
XRECORD
  5
AE2
102
{ACAD_REACTORS
330
AE1
102
}
330
AE1
100
AcDbXrecord
280
     1
102
RTVSPropertyOp0
 70
     1
102
RTVSPropertyOp1
 70
     1
102
RTVSPropertyOp2
 70
     1
102
RTVSPropertyOp3
 70
     1
102
RTVSPropertyOp4
 70
     1
102
RTVSPropertyOp5
 70
     1
102
RTVSPropertyOp6
 70
     1
102
RTVSPropertyOp7
 70
     1
102
RTVSPropertyOp8
 70
     1
102
RTVSPropertyOp9
 70
     1
102
RTVSPropertyOp10
 70
     1
102
RTVSPropertyOp11
 70
     1
102
RTVSPropertyOp12
 70
     1
102
RTVSPropertyOp13
 70
     1
102
RTVSPropertyOp14
 70
     1
102
RTVSPropertyOp15
 70
     1
102
RTVSPropertyOp16
 70
     1
102
RTVSPropertyOp17
 70
     1
102
RTVSPropertyOp18
 70
     1
102
RTVSPropertyOp19
 70
     1
102
RTVSPropertyOp20
 70
     1
102
RTVSPropertyOp21
 70
     1
102
RTVSPropertyOp22
 70
     1
102
RTVSPropertyOp23
 70
     1
102
RTVSPropertyOp24
 70
     1
102
RTVSPropertyOp25
 70
     1
102
RTVSPropertyOp26
 70
     1
102
RTVSPropertyOp27
 70
     1
102
RTVSPropertyOp28
 70
     1
102
RTVSPropertyOp29
 70
     1
102
RTVSPropertyOp30
 70
     1
102
RTVSPropertyOp31
 70
     1
102
RTVSPropertyOp32
 70
     1
  0
XRECORD
  5
AFE
102
{ACAD_REACTORS
330
AFD
102
}
330
AFD
100
AcDbXrecord
280
     1
102
RTVSPropertyOp0
 70
     1
102
RTVSPropertyOp1
 70
     1
102
RTVSPropertyOp2
 70
     1
102
RTVSPropertyOp3
 70
     1
102
RTVSPropertyOp4
 70
     1
102
RTVSPropertyOp5
 70
     1
102
RTVSPropertyOp6
 70
     1
102
RTVSPropertyOp7
 70
     1
102
RTVSPropertyOp8
 70
     1
102
RTVSPropertyOp9
 70
     1
102
RTVSPropertyOp10
 70
     1
102
RTVSPropertyOp11
 70
     1
102
RTVSPropertyOp12
 70
     1
102
RTVSPropertyOp13
 70
     1
102
RTVSPropertyOp14
 70
     1
102
RTVSPropertyOp15
 70
     1
102
RTVSPropertyOp16
 70
     1
102
RTVSPropertyOp17
 70
     1
102
RTVSPropertyOp18
 70
     1
102
RTVSPropertyOp19
 70
     1
102
RTVSPropertyOp20
 70
     1
102
RTVSPropertyOp21
 70
     1
102
RTVSPropertyOp22
 70
     1
102
RTVSPropertyOp23
 70
     1
102
RTVSPropertyOp24
 70
     1
102
RTVSPropertyOp25
 70
     1
102
RTVSPropertyOp26
 70
     1
102
RTVSPropertyOp27
 70
     1
102
RTVSPropertyOp28
 70
     1
102
RTVSPropertyOp29
 70
     1
102
RTVSPropertyOp30
 70
     1
102
RTVSPropertyOp31
 70
     1
102
RTVSPropertyOp32
 70
     1
  0
XRECORD
  5
B0A
102
{ACAD_REACTORS
330
B09
102
}
330
B09
100
AcDbXrecord
280
     1
102
RTVSPropertyOp0
 70
     0
102
RTVSPropertyOp1
 70
     0
102
RTVSPropertyOp2
 70
     0
102
RTVSPropertyOp3
 70
     0
102
RTVSPropertyOp4
 70
     0
102
RTVSPropertyOp5
 70
     0
102
RTVSPropertyOp6
 70
     0
102
RTVSPropertyOp7
 70
     0
102
RTVSPropertyOp8
 70
     0
102
RTVSPropertyOp9
 70
     0
102
RTVSPropertyOp10
 70
     0
102
RTVSPropertyOp11
 70
     0
102
RTVSPropertyOp12
 70
     0
102
RTVSPropertyOp13
 70
     0
102
RTVSPropertyOp14
 70
     2
102
RTVSPropertyOp15
 70
     0
102
RTVSPropertyOp16
 70
     0
102
RTVSPropertyOp17
 70
     0
102
RTVSPropertyOp18
 70
     0
102
RTVSPropertyOp19
 70
     0
102
RTVSPropertyOp20
 70
     0
102
RTVSPropertyOp21
 70
     0
102
RTVSPropertyOp22
 70
     0
102
RTVSPropertyOp23
 70
     0
102
RTVSPropertyOp24
 70
     0
102
RTVSPropertyOp25
 70
     0
102
RTVSPropertyOp26
 70
     0
102
RTVSPropertyOp27
 70
     0
102
RTVSPropertyOp28
 70
     1
102
RTVSPropertyOp29
 70
     1
102
RTVSPropertyOp30
 70
     1
102
RTVSPropertyOp31
 70
     1
102
RTVSPropertyOp32
 70
     1
  0
XRECORD
  5
AF6
102
{ACAD_REACTORS
330
AF5
102
}
330
AF5
100
AcDbXrecord
280
     1
102
RTVSPropertyOp0
 70
     1
102
RTVSPropertyOp1
 70
     1
102
RTVSPropertyOp2
 70
     1
102
RTVSPropertyOp3
 70
     1
102
RTVSPropertyOp4
 70
     1
102
RTVSPropertyOp5
 70
     1
102
RTVSPropertyOp6
 70
     1
102
RTVSPropertyOp7
 70
     1
102
RTVSPropertyOp8
 70
     1
102
RTVSPropertyOp9
 70
     1
102
RTVSPropertyOp10
 70
     1
102
RTVSPropertyOp11
 70
     1
102
RTVSPropertyOp12
 70
     1
102
RTVSPropertyOp13
 70
     1
102
RTVSPropertyOp14
 70
     1
102
RTVSPropertyOp15
 70
     1
102
RTVSPropertyOp16
 70
     1
102
RTVSPropertyOp17
 70
     1
102
RTVSPropertyOp18
 70
     1
102
RTVSPropertyOp19
 70
     1
102
RTVSPropertyOp20
 70
     1
102
RTVSPropertyOp21
 70
     1
102
RTVSPropertyOp22
 70
     1
102
RTVSPropertyOp23
 70
     1
102
RTVSPropertyOp24
 70
     1
102
RTVSPropertyOp25
 70
     1
102
RTVSPropertyOp26
 70
     1
102
RTVSPropertyOp27
 70
     1
102
RTVSPropertyOp28
 70
     1
102
RTVSPropertyOp29
 70
     1
102
RTVSPropertyOp30
 70
     1
102
RTVSPropertyOp31
 70
     1
102
RTVSPropertyOp32
 70
     1
  0
XRECORD
  5
B0C
102
{ACAD_REACTORS
330
B0B
102
}
330
B0B
100
AcDbXrecord
280
     1
102
RTVSPropertyOp0
 70
     0
102
RTVSPropertyOp1
 70
     0
102
RTVSPropertyOp2
 70
     0
102
RTVSPropertyOp3
 70
     0
102
RTVSPropertyOp4
 70
     0
102
RTVSPropertyOp5
 70
     0
102
RTVSPropertyOp6
 70
     0
102
RTVSPropertyOp7
 70
     0
102
RTVSPropertyOp8
 70
     0
102
RTVSPropertyOp9
 70
     0
102
RTVSPropertyOp10
 70
     0
102
RTVSPropertyOp11
 70
     0
102
RTVSPropertyOp12
 70
     0
102
RTVSPropertyOp13
 70
     0
102
RTVSPropertyOp14
 70
     2
102
RTVSPropertyOp15
 70
     0
102
RTVSPropertyOp16
 70
     0
102
RTVSPropertyOp17
 70
     0
102
RTVSPropertyOp18
 70
     0
102
RTVSPropertyOp19
 70
     0
102
RTVSPropertyOp20
 70
     0
102
RTVSPropertyOp21
 70
     0
102
RTVSPropertyOp22
 70
     0
102
RTVSPropertyOp23
 70
     0
102
RTVSPropertyOp24
 70
     0
102
RTVSPropertyOp25
 70
     0
102
RTVSPropertyOp26
 70
     0
102
RTVSPropertyOp27
 70
     0
102
RTVSPropertyOp28
 70
     1
102
RTVSPropertyOp29
 70
     1
102
RTVSPropertyOp30
 70
     1
102
RTVSPropertyOp31
 70
     1
102
RTVSPropertyOp32
 70
     1
  0
XRECORD
  5
AEC
102
{ACAD_REACTORS
330
AEB
102
}
330
AEB
100
AcDbXrecord
280
     1
102
RTVSPropertyOp0
 70
     1
102
RTVSPropertyOp1
 70
     1
102
RTVSPropertyOp2
 70
     1
102
RTVSPropertyOp3
 70
     1
102
RTVSPropertyOp4
 70
     1
102
RTVSPropertyOp5
 70
     1
102
RTVSPropertyOp6
 70
     1
102
RTVSPropertyOp7
 70
     1
102
RTVSPropertyOp8
 70
     1
102
RTVSPropertyOp9
 70
     1
102
RTVSPropertyOp10
 70
     1
102
RTVSPropertyOp11
 70
     1
102
RTVSPropertyOp12
 70
     1
102
RTVSPropertyOp13
 70
     1
102
RTVSPropertyOp14
 70
     1
102
RTVSPropertyOp15
 70
     1
102
RTVSPropertyOp16
 70
     1
102
RTVSPropertyOp17
 70
     1
102
RTVSPropertyOp18
 70
     1
102
RTVSPropertyOp19
 70
     1
102
RTVSPropertyOp20
 70
     1
102
RTVSPropertyOp21
 70
     1
102
RTVSPropertyOp22
 70
     1
102
RTVSPropertyOp23
 70
     1
102
RTVSPropertyOp24
 70
     1
102
RTVSPropertyOp25
 70
     1
102
RTVSPropertyOp26
 70
     1
102
RTVSPropertyOp27
 70
     1
102
RTVSPropertyOp28
 70
     1
102
RTVSPropertyOp29
 70
     1
102
RTVSPropertyOp30
 70
     1
102
RTVSPropertyOp31
 70
     1
102
RTVSPropertyOp32
 70
     1
  0
XRECORD
  5
B08
102
{ACAD_REACTORS
330
B07
102
}
330
B07
100
AcDbXrecord
280
     1
102
RTVSPropertyOp0
 70
     1
102
RTVSPropertyOp1
 70
     1
102
RTVSPropertyOp2
 70
     1
102
RTVSPropertyOp3
 70
     1
102
RTVSPropertyOp4
 70
     1
102
RTVSPropertyOp5
 70
     1
102
RTVSPropertyOp6
 70
     1
102
RTVSPropertyOp7
 70
     1
102
RTVSPropertyOp8
 70
     1
102
RTVSPropertyOp9
 70
     1
102
RTVSPropertyOp10
 70
     1
102
RTVSPropertyOp11
 70
     1
102
RTVSPropertyOp12
 70
     1
102
RTVSPropertyOp13
 70
     1
102
RTVSPropertyOp14
 70
     1
102
RTVSPropertyOp15
 70
     1
102
RTVSPropertyOp16
 70
     1
102
RTVSPropertyOp17
 70
     1
102
RTVSPropertyOp18
 70
     1
102
RTVSPropertyOp19
 70
     1
102
RTVSPropertyOp20
 70
     1
102
RTVSPropertyOp21
 70
     1
102
RTVSPropertyOp22
 70
     1
102
RTVSPropertyOp23
 70
     1
102
RTVSPropertyOp24
 70
     1
102
RTVSPropertyOp25
 70
     1
102
RTVSPropertyOp26
 70
     1
102
RTVSPropertyOp27
 70
     1
102
RTVSPropertyOp28
 70
     1
102
RTVSPropertyOp29
 70
     1
102
RTVSPropertyOp30
 70
     1
102
RTVSPropertyOp31
 70
     1
102
RTVSPropertyOp32
 70
     1
  0
XRECORD
  5
B06
102
{ACAD_REACTORS
330
B05
102
}
330
B05
100
AcDbXrecord
280
     1
102
RTVSPropertyOp0
 70
     1
102
RTVSPropertyOp1
 70
     1
102
RTVSPropertyOp2
 70
     1
102
RTVSPropertyOp3
 70
     1
102
RTVSPropertyOp4
 70
     1
102
RTVSPropertyOp5
 70
     1
102
RTVSPropertyOp6
 70
     1
102
RTVSPropertyOp7
 70
     1
102
RTVSPropertyOp8
 70
     1
102
RTVSPropertyOp9
 70
     1
102
RTVSPropertyOp10
 70
     1
102
RTVSPropertyOp11
 70
     1
102
RTVSPropertyOp12
 70
     1
102
RTVSPropertyOp13
 70
     1
102
RTVSPropertyOp14
 70
     1
102
RTVSPropertyOp15
 70
     1
102
RTVSPropertyOp16
 70
     1
102
RTVSPropertyOp17
 70
     1
102
RTVSPropertyOp18
 70
     1
102
RTVSPropertyOp19
 70
     1
102
RTVSPropertyOp20
 70
     1
102
RTVSPropertyOp21
 70
     1
102
RTVSPropertyOp22
 70
     1
102
RTVSPropertyOp23
 70
     1
102
RTVSPropertyOp24
 70
     1
102
RTVSPropertyOp25
 70
     1
102
RTVSPropertyOp26
 70
     1
102
RTVSPropertyOp27
 70
     1
102
RTVSPropertyOp28
 70
     1
102
RTVSPropertyOp29
 70
     1
102
RTVSPropertyOp30
 70
     1
102
RTVSPropertyOp31
 70
     1
102
RTVSPropertyOp32
 70
     1
  0
XRECORD
  5
B00
102
{ACAD_REACTORS
330
AFF
102
}
330
AFF
100
AcDbXrecord
280
     1
102
RTVSPropertyOp0
 70
     1
102
RTVSPropertyOp1
 70
     1
102
RTVSPropertyOp2
 70
     1
102
RTVSPropertyOp3
 70
     1
102
RTVSPropertyOp4
 70
     1
102
RTVSPropertyOp5
 70
     1
102
RTVSPropertyOp6
 70
     1
102
RTVSPropertyOp7
 70
     1
102
RTVSPropertyOp8
 70
     1
102
RTVSPropertyOp9
 70
     1
102
RTVSPropertyOp10
 70
     1
102
RTVSPropertyOp11
 70
     1
102
RTVSPropertyOp12
 70
     1
102
RTVSPropertyOp13
 70
     1
102
RTVSPropertyOp14
 70
     1
102
RTVSPropertyOp15
 70
     1
102
RTVSPropertyOp16
 70
     1
102
RTVSPropertyOp17
 70
     1
102
RTVSPropertyOp18
 70
     1
102
RTVSPropertyOp19
 70
     1
102
RTVSPropertyOp20
 70
     1
102
RTVSPropertyOp21
 70
     1
102
RTVSPropertyOp22
 70
     1
102
RTVSPropertyOp23
 70
     1
102
RTVSPropertyOp24
 70
     1
102
RTVSPropertyOp25
 70
     1
102
RTVSPropertyOp26
 70
     1
102
RTVSPropertyOp27
 70
     1
102
RTVSPropertyOp28
 70
     1
102
RTVSPropertyOp29
 70
     1
102
RTVSPropertyOp30
 70
     1
102
RTVSPropertyOp31
 70
     1
102
RTVSPropertyOp32
 70
     1
  0
XRECORD
  5
B02
102
{ACAD_REACTORS
330
B01
102
}
330
B01
100
AcDbXrecord
280
     1
102
RTVSPropertyOp0
 70
     1
102
RTVSPropertyOp1
 70
     1
102
RTVSPropertyOp2
 70
     1
102
RTVSPropertyOp3
 70
     1
102
RTVSPropertyOp4
 70
     1
102
RTVSPropertyOp5
 70
     1
102
RTVSPropertyOp6
 70
     1
102
RTVSPropertyOp7
 70
     1
102
RTVSPropertyOp8
 70
     1
102
RTVSPropertyOp9
 70
     1
102
RTVSPropertyOp10
 70
     1
102
RTVSPropertyOp11
 70
     1
102
RTVSPropertyOp12
 70
     1
102
RTVSPropertyOp13
 70
     1
102
RTVSPropertyOp14
 70
     1
102
RTVSPropertyOp15
 70
     1
102
RTVSPropertyOp16
 70
     1
102
RTVSPropertyOp17
 70
     1
102
RTVSPropertyOp18
 70
     1
102
RTVSPropertyOp19
 70
     1
102
RTVSPropertyOp20
 70
     1
102
RTVSPropertyOp21
 70
     1
102
RTVSPropertyOp22
 70
     1
102
RTVSPropertyOp23
 70
     1
102
RTVSPropertyOp24
 70
     1
102
RTVSPropertyOp25
 70
     1
102
RTVSPropertyOp26
 70
     1
102
RTVSPropertyOp27
 70
     1
102
RTVSPropertyOp28
 70
     1
102
RTVSPropertyOp29
 70
     1
102
RTVSPropertyOp30
 70
     1
102
RTVSPropertyOp31
 70
     1
102
RTVSPropertyOp32
 70
     1
  0
XRECORD
  5
AF4
102
{ACAD_REACTORS
330
AF3
102
}
330
AF3
100
AcDbXrecord
280
     1
102
RTVSPropertyOp0
 70
     1
102
RTVSPropertyOp1
 70
     1
102
RTVSPropertyOp2
 70
     1
102
RTVSPropertyOp3
 70
     1
102
RTVSPropertyOp4
 70
     1
102
RTVSPropertyOp5
 70
     1
102
RTVSPropertyOp6
 70
     1
102
RTVSPropertyOp7
 70
     1
102
RTVSPropertyOp8
 70
     1
102
RTVSPropertyOp9
 70
     1
102
RTVSPropertyOp10
 70
     1
102
RTVSPropertyOp11
 70
     1
102
RTVSPropertyOp12
 70
     1
102
RTVSPropertyOp13
 70
     1
102
RTVSPropertyOp14
 70
     1
102
RTVSPropertyOp15
 70
     1
102
RTVSPropertyOp16
 70
     1
102
RTVSPropertyOp17
 70
     1
102
RTVSPropertyOp18
 70
     1
102
RTVSPropertyOp19
 70
     1
102
RTVSPropertyOp20
 70
     1
102
RTVSPropertyOp21
 70
     1
102
RTVSPropertyOp22
 70
     1
102
RTVSPropertyOp23
 70
     1
102
RTVSPropertyOp24
 70
     1
102
RTVSPropertyOp25
 70
     1
102
RTVSPropertyOp26
 70
     1
102
RTVSPropertyOp27
 70
     1
102
RTVSPropertyOp28
 70
     1
102
RTVSPropertyOp29
 70
     1
102
RTVSPropertyOp30
 70
     1
102
RTVSPropertyOp31
 70
     1
102
RTVSPropertyOp32
 70
     1
  0
XRECORD
  5
AFC
102
{ACAD_REACTORS
330
AFB
102
}
330
AFB
100
AcDbXrecord
280
     1
102
RTVSPropertyOp0
 70
     1
102
RTVSPropertyOp1
 70
     1
102
RTVSPropertyOp2
 70
     1
102
RTVSPropertyOp3
 70
     1
102
RTVSPropertyOp4
 70
     1
102
RTVSPropertyOp5
 70
     1
102
RTVSPropertyOp6
 70
     1
102
RTVSPropertyOp7
 70
     1
102
RTVSPropertyOp8
 70
     1
102
RTVSPropertyOp9
 70
     1
102
RTVSPropertyOp10
 70
     1
102
RTVSPropertyOp11
 70
     1
102
RTVSPropertyOp12
 70
     1
102
RTVSPropertyOp13
 70
     1
102
RTVSPropertyOp14
 70
     1
102
RTVSPropertyOp15
 70
     1
102
RTVSPropertyOp16
 70
     1
102
RTVSPropertyOp17
 70
     1
102
RTVSPropertyOp18
 70
     1
102
RTVSPropertyOp19
 70
     1
102
RTVSPropertyOp20
 70
     1
102
RTVSPropertyOp21
 70
     1
102
RTVSPropertyOp22
 70
     1
102
RTVSPropertyOp23
 70
     1
102
RTVSPropertyOp24
 70
     1
102
RTVSPropertyOp25
 70
     1
102
RTVSPropertyOp26
 70
     1
102
RTVSPropertyOp27
 70
     1
102
RTVSPropertyOp28
 70
     1
102
RTVSPropertyOp29
 70
     1
102
RTVSPropertyOp30
 70
     1
102
RTVSPropertyOp31
 70
     1
102
RTVSPropertyOp32
 70
     1
  0
XRECORD
  5
B04
102
{ACAD_REACTORS
330
B03
102
}
330
B03
100
AcDbXrecord
280
     1
102
RTVSPropertyOp0
 70
     1
102
RTVSPropertyOp1
 70
     1
102
RTVSPropertyOp2
 70
     1
102
RTVSPropertyOp3
 70
     1
102
RTVSPropertyOp4
 70
     1
102
RTVSPropertyOp5
 70
     1
102
RTVSPropertyOp6
 70
     1
102
RTVSPropertyOp7
 70
     1
102
RTVSPropertyOp8
 70
     1
102
RTVSPropertyOp9
 70
     1
102
RTVSPropertyOp10
 70
     1
102
RTVSPropertyOp11
 70
     1
102
RTVSPropertyOp12
 70
     1
102
RTVSPropertyOp13
 70
     1
102
RTVSPropertyOp14
 70
     1
102
RTVSPropertyOp15
 70
     1
102
RTVSPropertyOp16
 70
     1
102
RTVSPropertyOp17
 70
     1
102
RTVSPropertyOp18
 70
     1
102
RTVSPropertyOp19
 70
     1
102
RTVSPropertyOp20
 70
     1
102
RTVSPropertyOp21
 70
     1
102
RTVSPropertyOp22
 70
     1
102
RTVSPropertyOp23
 70
     1
102
RTVSPropertyOp24
 70
     1
102
RTVSPropertyOp25
 70
     1
102
RTVSPropertyOp26
 70
     1
102
RTVSPropertyOp27
 70
     1
102
RTVSPropertyOp28
 70
     1
102
RTVSPropertyOp29
 70
     1
102
RTVSPropertyOp30
 70
     1
102
RTVSPropertyOp31
 70
     1
102
RTVSPropertyOp32
 70
     1
  0
ENDSEC
  0
EOF
