  0
SECTION
  2
HEADER
  9
$ACADVER
  1
AC1009
  9
$INSBASE
 10
0.0
 20
0.0
 30
0.0
  9
$EXTMIN
 10
-232.013654838804
 20
-175.0096700324533
 30
-0.0015258207003583
  9
$EXTMAX
 10
225.0364041073569
 20
118.7052347104631
 30
0.0000000349246037
  9
$LIMMIN
 10
0.0
 20
0.0
  9
$LIMMAX
 10
12.0
 20
9.0
  9
$ORTHOMODE
 70
     0
  9
$REGENMODE
 70
     1
  9
$FILLMODE
 70
     1
  9
$QTEXTMODE
 70
     0
  9
$MIRRTEXT
 70
     1
  9
$DRAGMODE
 70
     2
  9
$LTSCALE
 40
1.0
  9
$OSMODE
 70
    37
  9
$ATTMODE
 70
     1
  9
$TEXTSIZE
 40
0.2
  9
$TRACEWID
 40
0.05
  9
$TEXTSTYLE
  7
STANDARD
  9
$CLAYER
  8
0
  9
$CELTYPE
  6
BYLAYER
  9
$CECOLOR
 62
   256
  9
$DIMSCALE
 40
1.0
  9
$DIMASZ
 40
0.18
  9
$DIMEXO
 40
0.0625
  9
$DIMDLI
 40
0.38
  9
$DIMRND
 40
0.0
  9
$DIMDLE
 40
0.0
  9
$DIMEXE
 40
0.18
  9
$DIMTP
 40
0.0
  9
$DIMTM
 40
0.0
  9
$DIMTXT
 40
0.18
  9
$DIMCEN
 40
0.09
  9
$DIMTSZ
 40
0.0
  9
$DIMTOL
 70
     0
  9
$DIMLIM
 70
     0
  9
$DIMTIH
 70
     1
  9
$DIMTOH
 70
     1
  9
$DIMSE1
 70
     0
  9
$DIMSE2
 70
     0
  9
$DIMTAD
 70
     0
  9
$DIMZIN
 70
     0
  9
$DIMBLK
  1

  9
$DIMASO
 70
     1
  9
$DIMSHO
 70
     1
  9
$DIMPOST
  1

  9
$DIMAPOST
  1

  9
$DIMALT
 70
     0
  9
$DIMALTD
 70
     2
  9
$DIMALTF
 40
25.399999999999999
  9
$DIMLFAC
 40
1.0
  9
$DIMTOFL
 70
     0
  9
$DIMTVP
 40
0.0
  9
$DIMTIX
 70
     0
  9
$DIMSOXD
 70
     0
  9
$DIMSAH
 70
     0
  9
$DIMBLK1
  1

  9
$DIMBLK2
  1

  9
$DIMSTYLE
  2
STANDARD
  9
$DIMCLRD
 70
     0
  9
$DIMCLRE
 70
     0
  9
$DIMCLRT
 70
     0
  9
$DIMTFAC
 40
1.0
  9
$DIMGAP
 40
0.09
  9
$LUNITS
 70
     2
  9
$LUPREC
 70
     4
  9
$SKETCHINC
 40
0.1
  9
$FILLETRAD
 40
0.5
  9
$AUNITS
 70
     0
  9
$AUPREC
 70
     0
  9
$MENU
  1
.
  9
$ELEVATION
 40
0.0
  9
$PELEVATION
 40
0.0
  9
$THICKNESS
 40
0.0
  9
$LIMCHECK
 70
     0
  9
$BLIPMODE
 70
     0
  9
$CHAMFERA
 40
0.5
  9
$CHAMFERB
 40
0.5
  9
$SKPOLY
 70
     0
  9
$TDCREATE
 40
2457072.435834086
  9
$TDUPDATE
 40
2457291.3727815161
  9
$TDINDWG
 40
0.0245019213
  9
$TDUSRTIMER
 40
0.0245017014
  9
$USRTIMER
 70
     1
  9
$ANGBASE
 50
0.0
  9
$ANGDIR
 70
     0
  9
$PDMODE
 70
     0
  9
$PDSIZE
 40
0.0
  9
$PLINEWID
 40
0.0
  9
$COORDS
 70
     1
  9
$SPLFRAME
 70
     0
  9
$SPLINETYPE
 70
     6
  9
$SPLINESEGS
 70
     8
  9
$ATTDIA
 70
     1
  9
$ATTREQ
 70
     1
  9
$HANDLING
 70
     1
  9
$HANDSEED
  5
2301
  9
$SURFTAB1
 70
     6
  9
$SURFTAB2
 70
     6
  9
$SURFTYPE
 70
     6
  9
$SURFU
 70
     6
  9
$SURFV
 70
     6
  9
$UCSNAME
  2

  9
$UCSORG
 10
0.0
 20
0.0
 30
0.0
  9
$UCSXDIR
 10
1.0
 20
0.0
 30
0.0
  9
$UCSYDIR
 10
0.0
 20
1.0
 30
0.0
  9
$PUCSNAME
  2

  9
$PUCSORG
 10
0.0
 20
0.0
 30
0.0
  9
$PUCSXDIR
 10
1.0
 20
0.0
 30
0.0
  9
$PUCSYDIR
 10
0.0
 20
1.0
 30
0.0
  9
$USERI1
 70
     0
  9
$USERI2
 70
     0
  9
$USERI3
 70
     0
  9
$USERI4
 70
     0
  9
$USERI5
 70
     0
  9
$USERR1
 40
18.100000000000001
  9
$USERR2
 40
0.0
  9
$USERR3
 40
0.0
  9
$USERR4
 40
0.0
  9
$USERR5
 40
0.0
  9
$WORLDVIEW
 70
     1
  9
$SHADEDGE
 70
     3
  9
$SHADEDIF
 70
    70
  9
$TILEMODE
 70
     1
  9
$MAXACTVP
 70
    64
  9
$PLIMCHECK
 70
     0
  9
$PEXTMIN
 10
1.0000000000000000E+020
 20
1.0000000000000000E+020
 30
1.0000000000000000E+020
  9
$PEXTMAX
 10
-1.0000000000000000E+020
 20
-1.0000000000000000E+020
 30
-1.0000000000000000E+020
  9
$PLIMMIN
 10
0.0
 20
0.0
  9
$PLIMMAX
 10
12.0
 20
9.0
  9
$UNITMODE
 70
     0
  9
$VISRETAIN
 70
     1
  9
$PLINEGEN
 70
     0
  9
$PSLTSCALE
 70
     1
  0
ENDSEC
  0
SECTION
  2
TABLES
  0
TABLE
  2
VPORT
 70
     1
  0
VPORT
  2
*ACTIVE
 70
     0
 10
0.0
 20
0.0
 11
1.0
 21
1.0
 12
-3.4886253657234931
 22
-28.152217660995071
 13
0.0
 23
0.0
 14
0.5
 24
0.5
 15
0.5
 25
0.5
 16
0.0
 26
0.0
 36
1.0
 17
0.0
 27
0.0
 37
0.0
 40
295.74052477562623
 41
1.8803222094361329
 42
50.0
 43
0.0
 44
0.0
 50
0.0
 51
0.0
 71
     0
 72
   100
 73
     1
 74
     2
 75
     0
 76
     0
 77
     0
 78
     0
  0
ENDTAB
  0
TABLE
  2
LTYPE
 70
     2
  0
LTYPE
  2
CONTINUOUS
 70
     0
  3
Solid line
 72
    65
 73
     0
 40
0.0
  0
LTYPE
  2
DASH_CENTER
 70
     0
  3
Dash_Center
 72
    65
 73
     4
 40
14.0
 49
11.0
 49
-1.0
 49
1.0
 49
-1.0
  0
ENDTAB
  0
TABLE
  2
LAYER
 70
     1
  0
LAYER
  2
0
 70
     0
 62
     7
  6
CONTINUOUS
  0
ENDTAB
  0
TABLE
  2
STYLE
 70
     1
  0
STYLE
  2
STANDARD
 70
     0
 40
0.0
 41
1.0
 50
0.0
 71
     0
 42
0.2
  3
txt
  4

  0
ENDTAB
  0
TABLE
  2
VIEW
 70
     0
  0
ENDTAB
  0
TABLE
  2
UCS
 70
     0
  0
ENDTAB
  0
TABLE
  2
APPID
 70
     5
  0
APPID
  2
ACAD
 70
     0
  0
APPID
  2
ACAD_EXEMPT_FROM_CAD_STANDARDS
 70
     0
  0
APPID
  2
ACAD_DSTYLE_DIMRADIAL_EXTENSION
 70
     0
  0
APPID
  2
ACAD_MLEADERVER
 70
     0
  0
APPID
  2
ACAD_NAV_VCDISPLAY
 70
     0
  0
ENDTAB
  0
TABLE
  2
DIMSTYLE
 70
     1
  0
DIMSTYLE
  2
STANDARD
 70
     0
  3

  4

  5

  6

  7

 40
1.0
 41
0.18
 42
0.0625
 43
0.38
 44
0.18
 45
0.0
 46
0.0
 47
0.0
 48
0.0
140
0.18
141
0.09
142
0.0
143
25.399999999999999
144
1.0
145
0.0
146
1.0
147
0.09
 71
     0
 72
     0
 73
     1
 74
     1
 75
     0
 76
     0
 77
     0
 78
     0
170
     0
171
     2
172
     0
173
     0
174
     0
175
     0
176
     0
177
     0
178
     0
  0
ENDTAB
  0
ENDSEC
  0
SECTION
  2
BLOCKS
  0
BLOCK
  8
0
  2
$MODEL_SPACE
 70
     0
 10
0.0
 20
0.0
 30
0.0
  3
$MODEL_SPACE
  1

  0
ENDBLK
  5
21
  8
0
  0
BLOCK
 67
     1
  8
0
  2
$PAPER_SPACE
 70
     0
 10
0.0
 20
0.0
 30
0.0
  3
$PAPER_SPACE
  1

  0
ENDBLK
  5
1D
 67
     1
  8
0
  0
ENDSEC
  0
SECTION
  2
ENTITIES
  0
LINE
  5
7AF
  8
0
  6
CONTINUOUS
 62
     7
 10
106.8754238629604
 20
-122.4996000000001
 30
0.0
 11
113.1254238629604
 21
-122.4996000000001
 31
0.0
  0
LINE
  5
7B0
  8
0
  6
CONTINUOUS
 62
     7
 10
98.875423862960488
 20
-112.9996000000001
 30
0.0
 11
98.875423862960488
 21
-129.10065641018599
 31
0.0
  0
LINE
  5
7B1
  8
0
  6
CONTINUOUS
 62
     7
 10
90.375423862960488
 20
-112.9995999999994
 30
0.0
 11
98.875423862960488
 21
-112.9996000000001
 31
0.0
  0
LINE
  5
7B2
  8
0
  6
CONTINUOUS
 62
     7
 10
106.8754238629604
 20
-122.4996000000001
 30
0.0
 11
106.8754238629604
 21
-130.87911138072971
 31
0.0
  0
LINE
  5
7B3
  8
0
  6
CONTINUOUS
 62
     7
 10
105.3754238629605
 20
-123.99959999999891
 30
0.0
 11
106.8754238629604
 21
-122.4996000000001
 31
0.0
  0
LINE
  5
7B4
  8
0
  6
CONTINUOUS
 62
     7
 10
105.3754238629605
 20
-123.99959999999891
 30
0.0
 11
105.3754238629605
 21
-129.89905362063681
 31
0.0
  0
LINE
  5
7B5
  8
0
  6
CONTINUOUS
 62
     7
 10
100.3754238629605
 20
-114.4995999999996
 30
0.0
 11
100.3754238629605
 21
-129.89905362063681
 31
0.0
  0
LINE
  5
7B6
  8
0
  6
CONTINUOUS
 62
     7
 10
103.8754238629604
 20
-123.99959999999891
 30
0.0
 11
105.3754238629605
 21
-123.99959999999891
 31
0.0
  0
LINE
  5
7B7
  8
0
  6
CONTINUOUS
 62
     7
 10
98.875423862960488
 20
-112.9996000000001
 30
0.0
 11
100.3754238629605
 21
-114.4995999999996
 31
0.0
  0
ARC
  5
7BA
  8
0
  6
CONTINUOUS
 62
     7
 10
103.8754238629604
 20
-120.49959999999891
 30
0.0
 40
3.500000000002998
 50
180.0000000000104
 51
270.0
  0
POLYLINE
  8
0
  5
1C15
  62
2
  66
     1
 10
0.000000
 20
0.000000
 30
0.000000
  70
     8
  0
VERTEX
  8
0
  5
1C16
 10
90.3754
 20
-113.000
 30
0.000000
  70
    32
  0
VERTEX
  8
0
  5
1C17
 10
90.3940
 20
-113.060
 30
0.000000
  70
    32
  0
VERTEX
  8
0
  5
1C18
 10
90.4125
 20
-113.120
 30
0.000000
  70
    32
  0
VERTEX
  8
0
  5
1C19
 10
90.4310
 20
-113.181
 30
0.000000
  70
    32
  0
VERTEX
  8
0
  5
1C1A
 10
90.4495
 20
-113.241
 30
0.000000
  70
    32
  0
VERTEX
  8
0
  5
1C1B
 10
90.4681
 20
-113.302
 30
0.000000
  70
    32
  0
VERTEX
  8
0
  5
1C1C
 10
90.4866
 20
-113.362
 30
0.000000
  70
    32
  0
VERTEX
  8
0
  5
1C1D
 10
90.5051
 20
-113.422
 30
0.000000
  70
    32
  0
VERTEX
  8
0
  5
1C1E
 10
90.5237
 20
-113.483
 30
0.000000
  70
    32
  0
VERTEX
  8
0
  5
1C1F
 10
90.5422
 20
-113.543
 30
0.000000
  70
    32
  0
VERTEX
  8
0
  5
1C20
 10
90.5608
 20
-113.604
 30
0.000000
  70
    32
  0
VERTEX
  8
0
  5
1C21
 10
90.5793
 20
-113.664
 30
0.000000
  70
    32
  0
VERTEX
  8
0
  5
1C22
 10
90.5979
 20
-113.724
 30
0.000000
  70
    32
  0
VERTEX
  8
0
  5
1C23
 10
90.6164
 20
-113.785
 30
0.000000
  70
    32
  0
VERTEX
  8
0
  5
1C24
 10
90.6350
 20
-113.845
 30
0.000000
  70
    32
  0
VERTEX
  8
0
  5
1C25
 10
90.6535
 20
-113.905
 30
0.000000
  70
    32
  0
VERTEX
  8
0
  5
1C26
 10
90.6721
 20
-113.966
 30
0.000000
  70
    32
  0
VERTEX
  8
0
  5
1C27
 10
90.6906
 20
-114.026
 30
0.000000
  70
    32
  0
VERTEX
  8
0
  5
1C28
 10
90.7092
 20
-114.087
 30
0.000000
  70
    32
  0
VERTEX
  8
0
  5
1C29
 10
90.7278
 20
-114.147
 30
0.000000
  70
    32
  0
VERTEX
  8
0
  5
1C2A
 10
90.7464
 20
-114.207
 30
0.000000
  70
    32
  0
VERTEX
  8
0
  5
1C2B
 10
90.7650
 20
-114.268
 30
0.000000
  70
    32
  0
VERTEX
  8
0
  5
1C2C
 10
90.7836
 20
-114.328
 30
0.000000
  70
    32
  0
VERTEX
  8
0
  5
1C2D
 10
90.8022
 20
-114.389
 30
0.000000
  70
    32
  0
VERTEX
  8
0
  5
1C2E
 10
90.8208
 20
-114.449
 30
0.000000
  70
    32
  0
VERTEX
  8
0
  5
1C2F
 10
90.8394
 20
-114.509
 30
0.000000
  70
    32
  0
VERTEX
  8
0
  5
1C30
 10
90.8580
 20
-114.570
 30
0.000000
  70
    32
  0
VERTEX
  8
0
  5
1C31
 10
90.8766
 20
-114.630
 30
0.000000
  70
    32
  0
VERTEX
  8
0
  5
1C32
 10
90.8952
 20
-114.690
 30
0.000000
  70
    32
  0
VERTEX
  8
0
  5
1C33
 10
90.9139
 20
-114.751
 30
0.000000
  70
    32
  0
VERTEX
  8
0
  5
1C34
 10
90.9325
 20
-114.811
 30
0.000000
  70
    32
  0
VERTEX
  8
0
  5
1C35
 10
90.9512
 20
-114.871
 30
0.000000
  70
    32
  0
VERTEX
  8
0
  5
1C36
 10
90.9699
 20
-114.932
 30
0.000000
  70
    32
  0
VERTEX
  8
0
  5
1C37
 10
90.9885
 20
-114.992
 30
0.000000
  70
    32
  0
VERTEX
  8
0
  5
1C38
 10
91.0072
 20
-115.053
 30
0.000000
  70
    32
  0
VERTEX
  8
0
  5
1C39
 10
91.0259
 20
-115.113
 30
0.000000
  70
    32
  0
VERTEX
  8
0
  5
1C3A
 10
91.0446
 20
-115.173
 30
0.000000
  70
    32
  0
VERTEX
  8
0
  5
1C3B
 10
91.0633
 20
-115.234
 30
0.000000
  70
    32
  0
VERTEX
  8
0
  5
1C3C
 10
91.0820
 20
-115.294
 30
0.000000
  70
    32
  0
VERTEX
  8
0
  5
1C3D
 10
91.1008
 20
-115.354
 30
0.000000
  70
    32
  0
VERTEX
  8
0
  5
1C3E
 10
91.1195
 20
-115.415
 30
0.000000
  70
    32
  0
VERTEX
  8
0
  5
1C3F
 10
91.1383
 20
-115.475
 30
0.000000
  70
    32
  0
VERTEX
  8
0
  5
1C40
 10
91.1570
 20
-115.535
 30
0.000000
  70
    32
  0
VERTEX
  8
0
  5
1C41
 10
91.1758
 20
-115.596
 30
0.000000
  70
    32
  0
VERTEX
  8
0
  5
1C42
 10
91.1946
 20
-115.656
 30
0.000000
  70
    32
  0
VERTEX
  8
0
  5
1C43
 10
91.2134
 20
-115.716
 30
0.000000
  70
    32
  0
VERTEX
  8
0
  5
1C44
 10
91.2322
 20
-115.777
 30
0.000000
  70
    32
  0
VERTEX
  8
0
  5
1C45
 10
91.2510
 20
-115.837
 30
0.000000
  70
    32
  0
VERTEX
  8
0
  5
1C46
 10
91.2699
 20
-115.897
 30
0.000000
  70
    32
  0
VERTEX
  8
0
  5
1C47
 10
91.2887
 20
-115.958
 30
0.000000
  70
    32
  0
VERTEX
  8
0
  5
1C48
 10
91.3076
 20
-116.018
 30
0.000000
  70
    32
  0
VERTEX
  8
0
  5
1C49
 10
91.3265
 20
-116.078
 30
0.000000
  70
    32
  0
VERTEX
  8
0
  5
1C4A
 10
91.3454
 20
-116.139
 30
0.000000
  70
    32
  0
VERTEX
  8
0
  5
1C4B
 10
91.3643
 20
-116.199
 30
0.000000
  70
    32
  0
VERTEX
  8
0
  5
1C4C
 10
91.3832
 20
-116.259
 30
0.000000
  70
    32
  0
VERTEX
  8
0
  5
1C4D
 10
91.4021
 20
-116.319
 30
0.000000
  70
    32
  0
VERTEX
  8
0
  5
1C4E
 10
91.4211
 20
-116.380
 30
0.000000
  70
    32
  0
VERTEX
  8
0
  5
1C4F
 10
91.4401
 20
-116.440
 30
0.000000
  70
    32
  0
VERTEX
  8
0
  5
1C50
 10
91.4590
 20
-116.500
 30
0.000000
  70
    32
  0
VERTEX
  8
0
  5
1C51
 10
91.4780
 20
-116.561
 30
0.000000
  70
    32
  0
VERTEX
  8
0
  5
1C52
 10
91.4971
 20
-116.621
 30
0.000000
  70
    32
  0
VERTEX
  8
0
  5
1C53
 10
91.5161
 20
-116.681
 30
0.000000
  70
    32
  0
VERTEX
  8
0
  5
1C54
 10
91.5351
 20
-116.741
 30
0.000000
  70
    32
  0
VERTEX
  8
0
  5
1C55
 10
91.5542
 20
-116.802
 30
0.000000
  70
    32
  0
VERTEX
  8
0
  5
1C56
 10
91.5733
 20
-116.862
 30
0.000000
  70
    32
  0
VERTEX
  8
0
  5
1C57
 10
91.5924
 20
-116.922
 30
0.000000
  70
    32
  0
VERTEX
  8
0
  5
1C58
 10
91.6115
 20
-116.982
 30
0.000000
  70
    32
  0
VERTEX
  8
0
  5
1C59
 10
91.6306
 20
-117.043
 30
0.000000
  70
    32
  0
VERTEX
  8
0
  5
1C5A
 10
91.6498
 20
-117.103
 30
0.000000
  70
    32
  0
VERTEX
  8
0
  5
1C5B
 10
91.6690
 20
-117.163
 30
0.000000
  70
    32
  0
VERTEX
  8
0
  5
1C5C
 10
91.6882
 20
-117.223
 30
0.000000
  70
    32
  0
VERTEX
  8
0
  5
1C5D
 10
91.7074
 20
-117.284
 30
0.000000
  70
    32
  0
VERTEX
  8
0
  5
1C5E
 10
91.7266
 20
-117.344
 30
0.000000
  70
    32
  0
VERTEX
  8
0
  5
1C5F
 10
91.7458
 20
-117.404
 30
0.000000
  70
    32
  0
VERTEX
  8
0
  5
1C60
 10
91.7651
 20
-117.464
 30
0.000000
  70
    32
  0
VERTEX
  8
0
  5
1C61
 10
91.7844
 20
-117.524
 30
0.000000
  70
    32
  0
VERTEX
  8
0
  5
1C62
 10
91.8037
 20
-117.585
 30
0.000000
  70
    32
  0
VERTEX
  8
0
  5
1C63
 10
91.8231
 20
-117.645
 30
0.000000
  70
    32
  0
VERTEX
  8
0
  5
1C64
 10
91.8424
 20
-117.705
 30
0.000000
  70
    32
  0
VERTEX
  8
0
  5
1C65
 10
91.8618
 20
-117.765
 30
0.000000
  70
    32
  0
VERTEX
  8
0
  5
1C66
 10
91.8812
 20
-117.825
 30
0.000000
  70
    32
  0
VERTEX
  8
0
  5
1C67
 10
91.9006
 20
-117.886
 30
0.000000
  70
    32
  0
VERTEX
  8
0
  5
1C68
 10
91.9200
 20
-117.946
 30
0.000000
  70
    32
  0
VERTEX
  8
0
  5
1C69
 10
91.9395
 20
-118.006
 30
0.000000
  70
    32
  0
VERTEX
  8
0
  5
1C6A
 10
91.9590
 20
-118.066
 30
0.000000
  70
    32
  0
VERTEX
  8
0
  5
1C6B
 10
91.9785
 20
-118.126
 30
0.000000
  70
    32
  0
VERTEX
  8
0
  5
1C6C
 10
91.9980
 20
-118.186
 30
0.000000
  70
    32
  0
VERTEX
  8
0
  5
1C6D
 10
92.0176
 20
-118.247
 30
0.000000
  70
    32
  0
VERTEX
  8
0
  5
1C6E
 10
92.0372
 20
-118.307
 30
0.000000
  70
    32
  0
VERTEX
  8
0
  5
1C6F
 10
92.0568
 20
-118.367
 30
0.000000
  70
    32
  0
VERTEX
  8
0
  5
1C70
 10
92.0764
 20
-118.427
 30
0.000000
  70
    32
  0
VERTEX
  8
0
  5
1C71
 10
92.0960
 20
-118.487
 30
0.000000
  70
    32
  0
VERTEX
  8
0
  5
1C72
 10
92.1157
 20
-118.547
 30
0.000000
  70
    32
  0
VERTEX
  8
0
  5
1C73
 10
92.1354
 20
-118.607
 30
0.000000
  70
    32
  0
VERTEX
  8
0
  5
1C74
 10
92.1552
 20
-118.667
 30
0.000000
  70
    32
  0
VERTEX
  8
0
  5
1C75
 10
92.1749
 20
-118.727
 30
0.000000
  70
    32
  0
VERTEX
  8
0
  5
1C76
 10
92.1947
 20
-118.788
 30
0.000000
  70
    32
  0
VERTEX
  8
0
  5
1C77
 10
92.2145
 20
-118.848
 30
0.000000
  70
    32
  0
VERTEX
  8
0
  5
1C78
 10
92.2343
 20
-118.908
 30
0.000000
  70
    32
  0
VERTEX
  8
0
  5
1C79
 10
92.2542
 20
-118.968
 30
0.000000
  70
    32
  0
VERTEX
  8
0
  5
1C7A
 10
92.2741
 20
-119.028
 30
0.000000
  70
    32
  0
VERTEX
  8
0
  5
1C7B
 10
92.2940
 20
-119.088
 30
0.000000
  70
    32
  0
VERTEX
  8
0
  5
1C7C
 10
92.3139
 20
-119.148
 30
0.000000
  70
    32
  0
VERTEX
  8
0
  5
1C7D
 10
92.3339
 20
-119.208
 30
0.000000
  70
    32
  0
VERTEX
  8
0
  5
1C7E
 10
92.3539
 20
-119.268
 30
0.000000
  70
    32
  0
VERTEX
  8
0
  5
1C7F
 10
92.3739
 20
-119.328
 30
0.000000
  70
    32
  0
VERTEX
  8
0
  5
1C80
 10
92.3940
 20
-119.388
 30
0.000000
  70
    32
  0
VERTEX
  8
0
  5
1C81
 10
92.4141
 20
-119.448
 30
0.000000
  70
    32
  0
VERTEX
  8
0
  5
1C82
 10
92.4342
 20
-119.508
 30
0.000000
  70
    32
  0
VERTEX
  8
0
  5
1C83
 10
92.4543
 20
-119.568
 30
0.000000
  70
    32
  0
VERTEX
  8
0
  5
1C84
 10
92.4745
 20
-119.628
 30
0.000000
  70
    32
  0
VERTEX
  8
0
  5
1C85
 10
92.4947
 20
-119.688
 30
0.000000
  70
    32
  0
VERTEX
  8
0
  5
1C86
 10
92.5150
 20
-119.748
 30
0.000000
  70
    32
  0
VERTEX
  8
0
  5
1C87
 10
92.5352
 20
-119.808
 30
0.000000
  70
    32
  0
VERTEX
  8
0
  5
1C88
 10
92.5555
 20
-119.868
 30
0.000000
  70
    32
  0
VERTEX
  8
0
  5
1C89
 10
92.5758
 20
-119.928
 30
0.000000
  70
    32
  0
VERTEX
  8
0
  5
1C8A
 10
92.5962
 20
-119.988
 30
0.000000
  70
    32
  0
VERTEX
  8
0
  5
1C8B
 10
92.6166
 20
-120.048
 30
0.000000
  70
    32
  0
VERTEX
  8
0
  5
1C8C
 10
92.6370
 20
-120.108
 30
0.000000
  70
    32
  0
VERTEX
  8
0
  5
1C8D
 10
92.6575
 20
-120.168
 30
0.000000
  70
    32
  0
VERTEX
  8
0
  5
1C8E
 10
92.6780
 20
-120.227
 30
0.000000
  70
    32
  0
VERTEX
  8
0
  5
1C8F
 10
92.6985
 20
-120.287
 30
0.000000
  70
    32
  0
VERTEX
  8
0
  5
1C90
 10
92.7190
 20
-120.347
 30
0.000000
  70
    32
  0
VERTEX
  8
0
  5
1C91
 10
92.7396
 20
-120.407
 30
0.000000
  70
    32
  0
VERTEX
  8
0
  5
1C92
 10
92.7603
 20
-120.467
 30
0.000000
  70
    32
  0
VERTEX
  8
0
  5
1C93
 10
92.7809
 20
-120.527
 30
0.000000
  70
    32
  0
VERTEX
  8
0
  5
1C94
 10
92.8016
 20
-120.587
 30
0.000000
  70
    32
  0
VERTEX
  8
0
  5
1C95
 10
92.8224
 20
-120.647
 30
0.000000
  70
    32
  0
VERTEX
  8
0
  5
1C96
 10
92.8432
 20
-120.706
 30
0.000000
  70
    32
  0
VERTEX
  8
0
  5
1C97
 10
92.8640
 20
-120.766
 30
0.000000
  70
    32
  0
VERTEX
  8
0
  5
1C98
 10
92.8849
 20
-120.826
 30
0.000000
  70
    32
  0
VERTEX
  8
0
  5
1C99
 10
92.9059
 20
-120.886
 30
0.000000
  70
    32
  0
VERTEX
  8
0
  5
1C9A
 10
92.9269
 20
-120.946
 30
0.000000
  70
    32
  0
VERTEX
  8
0
  5
1C9B
 10
92.9480
 20
-121.005
 30
0.000000
  70
    32
  0
VERTEX
  8
0
  5
1C9C
 10
92.9691
 20
-121.065
 30
0.000000
  70
    32
  0
VERTEX
  8
0
  5
1C9D
 10
92.9903
 20
-121.125
 30
0.000000
  70
    32
  0
VERTEX
  8
0
  5
1C9E
 10
93.0116
 20
-121.184
 30
0.000000
  70
    32
  0
VERTEX
  8
0
  5
1C9F
 10
93.0330
 20
-121.244
 30
0.000000
  70
    32
  0
VERTEX
  8
0
  5
1CA0
 10
93.0544
 20
-121.304
 30
0.000000
  70
    32
  0
VERTEX
  8
0
  5
1CA1
 10
93.0759
 20
-121.363
 30
0.000000
  70
    32
  0
VERTEX
  8
0
  5
1CA2
 10
93.0975
 20
-121.423
 30
0.000000
  70
    32
  0
VERTEX
  8
0
  5
1CA3
 10
93.1191
 20
-121.482
 30
0.000000
  70
    32
  0
VERTEX
  8
0
  5
1CA4
 10
93.1409
 20
-121.542
 30
0.000000
  70
    32
  0
VERTEX
  8
0
  5
1CA5
 10
93.1627
 20
-121.601
 30
0.000000
  70
    32
  0
VERTEX
  8
0
  5
1CA6
 10
93.1846
 20
-121.660
 30
0.000000
  70
    32
  0
VERTEX
  8
0
  5
1CA7
 10
93.2066
 20
-121.720
 30
0.000000
  70
    32
  0
VERTEX
  8
0
  5
1CA8
 10
93.2287
 20
-121.779
 30
0.000000
  70
    32
  0
VERTEX
  8
0
  5
1CA9
 10
93.2509
 20
-121.838
 30
0.000000
  70
    32
  0
VERTEX
  8
0
  5
1CAA
 10
93.2732
 20
-121.898
 30
0.000000
  70
    32
  0
VERTEX
  8
0
  5
1CAB
 10
93.2956
 20
-121.957
 30
0.000000
  70
    32
  0
VERTEX
  8
0
  5
1CAC
 10
93.3181
 20
-122.016
 30
0.000000
  70
    32
  0
VERTEX
  8
0
  5
1CAD
 10
93.3407
 20
-122.075
 30
0.000000
  70
    32
  0
VERTEX
  8
0
  5
1CAE
 10
93.3634
 20
-122.134
 30
0.000000
  70
    32
  0
VERTEX
  8
0
  5
1CAF
 10
93.3863
 20
-122.193
 30
0.000000
  70
    32
  0
VERTEX
  8
0
  5
1CB0
 10
93.4092
 20
-122.252
 30
0.000000
  70
    32
  0
VERTEX
  8
0
  5
1CB1
 10
93.4323
 20
-122.311
 30
0.000000
  70
    32
  0
VERTEX
  8
0
  5
1CB2
 10
93.4555
 20
-122.370
 30
0.000000
  70
    32
  0
VERTEX
  8
0
  5
1CB3
 10
93.4788
 20
-122.429
 30
0.000000
  70
    32
  0
VERTEX
  8
0
  5
1CB4
 10
93.5022
 20
-122.487
 30
0.000000
  70
    32
  0
VERTEX
  8
0
  5
1CB5
 10
93.5258
 20
-122.546
 30
0.000000
  70
    32
  0
VERTEX
  8
0
  5
1CB6
 10
93.5495
 20
-122.605
 30
0.000000
  70
    32
  0
VERTEX
  8
0
  5
1CB7
 10
93.5733
 20
-122.663
 30
0.000000
  70
    32
  0
VERTEX
  8
0
  5
1CB8
 10
93.5972
 20
-122.722
 30
0.000000
  70
    32
  0
VERTEX
  8
0
  5
1CB9
 10
93.6213
 20
-122.780
 30
0.000000
  70
    32
  0
VERTEX
  8
0
  5
1CBA
 10
93.6456
 20
-122.839
 30
0.000000
  70
    32
  0
VERTEX
  8
0
  5
1CBB
 10
93.6700
 20
-122.897
 30
0.000000
  70
    32
  0
VERTEX
  8
0
  5
1CBC
 10
93.6945
 20
-122.955
 30
0.000000
  70
    32
  0
VERTEX
  8
0
  5
1CBD
 10
93.7192
 20
-123.013
 30
0.000000
  70
    32
  0
VERTEX
  8
0
  5
1CBE
 10
93.7440
 20
-123.072
 30
0.000000
  70
    32
  0
VERTEX
  8
0
  5
1CBF
 10
93.7690
 20
-123.130
 30
0.000000
  70
    32
  0
VERTEX
  8
0
  5
1CC0
 10
93.7941
 20
-123.188
 30
0.000000
  70
    32
  0
VERTEX
  8
0
  5
1CC1
 10
93.8194
 20
-123.246
 30
0.000000
  70
    32
  0
VERTEX
  8
0
  5
1CC2
 10
93.8449
 20
-123.303
 30
0.000000
  70
    32
  0
VERTEX
  8
0
  5
1CC3
 10
93.8705
 20
-123.361
 30
0.000000
  70
    32
  0
VERTEX
  8
0
  5
1CC4
 10
93.8963
 20
-123.419
 30
0.000000
  70
    32
  0
VERTEX
  8
0
  5
1CC5
 10
93.9222
 20
-123.477
 30
0.000000
  70
    32
  0
VERTEX
  8
0
  5
1CC6
 10
93.9484
 20
-123.534
 30
0.000000
  70
    32
  0
VERTEX
  8
0
  5
1CC7
 10
93.9747
 20
-123.592
 30
0.000000
  70
    32
  0
VERTEX
  8
0
  5
1CC8
 10
94.0012
 20
-123.649
 30
0.000000
  70
    32
  0
VERTEX
  8
0
  5
1CC9
 10
94.0278
 20
-123.706
 30
0.000000
  70
    32
  0
VERTEX
  8
0
  5
1CCA
 10
94.0547
 20
-123.763
 30
0.000000
  70
    32
  0
VERTEX
  8
0
  5
1CCB
 10
94.0817
 20
-123.821
 30
0.000000
  70
    32
  0
VERTEX
  8
0
  5
1CCC
 10
94.1089
 20
-123.878
 30
0.000000
  70
    32
  0
VERTEX
  8
0
  5
1CCD
 10
94.1363
 20
-123.935
 30
0.000000
  70
    32
  0
VERTEX
  8
0
  5
1CCE
 10
94.1639
 20
-123.991
 30
0.000000
  70
    32
  0
VERTEX
  8
0
  5
1CCF
 10
94.1917
 20
-124.048
 30
0.000000
  70
    32
  0
VERTEX
  8
0
  5
1CD0
 10
94.2197
 20
-124.105
 30
0.000000
  70
    32
  0
VERTEX
  8
0
  5
1CD1
 10
94.2479
 20
-124.161
 30
0.000000
  70
    32
  0
VERTEX
  8
0
  5
1CD2
 10
94.2763
 20
-124.218
 30
0.000000
  70
    32
  0
VERTEX
  8
0
  5
1CD3
 10
94.3049
 20
-124.274
 30
0.000000
  70
    32
  0
VERTEX
  8
0
  5
1CD4
 10
94.3337
 20
-124.331
 30
0.000000
  70
    32
  0
VERTEX
  8
0
  5
1CD5
 10
94.3627
 20
-124.387
 30
0.000000
  70
    32
  0
VERTEX
  8
0
  5
1CD6
 10
94.3919
 20
-124.443
 30
0.000000
  70
    32
  0
VERTEX
  8
0
  5
1CD7
 10
94.4213
 20
-124.499
 30
0.000000
  70
    32
  0
VERTEX
  8
0
  5
1CD8
 10
94.4509
 20
-124.555
 30
0.000000
  70
    32
  0
VERTEX
  8
0
  5
1CD9
 10
94.4807
 20
-124.611
 30
0.000000
  70
    32
  0
VERTEX
  8
0
  5
1CDA
 10
94.5106
 20
-124.666
 30
0.000000
  70
    32
  0
VERTEX
  8
0
  5
1CDB
 10
94.5408
 20
-124.722
 30
0.000000
  70
    32
  0
VERTEX
  8
0
  5
1CDC
 10
94.5712
 20
-124.778
 30
0.000000
  70
    32
  0
VERTEX
  8
0
  5
1CDD
 10
94.6018
 20
-124.833
 30
0.000000
  70
    32
  0
VERTEX
  8
0
  5
1CDE
 10
94.6325
 20
-124.888
 30
0.000000
  70
    32
  0
VERTEX
  8
0
  5
1CDF
 10
94.6635
 20
-124.943
 30
0.000000
  70
    32
  0
VERTEX
  8
0
  5
1CE0
 10
94.6946
 20
-124.999
 30
0.000000
  70
    32
  0
VERTEX
  8
0
  5
1CE1
 10
94.7260
 20
-125.054
 30
0.000000
  70
    32
  0
VERTEX
  8
0
  5
1CE2
 10
94.7575
 20
-125.108
 30
0.000000
  70
    32
  0
VERTEX
  8
0
  5
1CE3
 10
94.7892
 20
-125.163
 30
0.000000
  70
    32
  0
VERTEX
  8
0
  5
1CE4
 10
94.8210
 20
-125.218
 30
0.000000
  70
    32
  0
VERTEX
  8
0
  5
1CE5
 10
94.8531
 20
-125.273
 30
0.000000
  70
    32
  0
VERTEX
  8
0
  5
1CE6
 10
94.8853
 20
-125.327
 30
0.000000
  70
    32
  0
VERTEX
  8
0
  5
1CE7
 10
94.9178
 20
-125.381
 30
0.000000
  70
    32
  0
VERTEX
  8
0
  5
1CE8
 10
94.9504
 20
-125.436
 30
0.000000
  70
    32
  0
VERTEX
  8
0
  5
1CE9
 10
94.9831
 20
-125.490
 30
0.000000
  70
    32
  0
VERTEX
  8
0
  5
1CEA
 10
95.0161
 20
-125.544
 30
0.000000
  70
    32
  0
VERTEX
  8
0
  5
1CEB
 10
95.0492
 20
-125.598
 30
0.000000
  70
    32
  0
VERTEX
  8
0
  5
1CEC
 10
95.0825
 20
-125.652
 30
0.000000
  70
    32
  0
VERTEX
  8
0
  5
1CED
 10
95.1160
 20
-125.705
 30
0.000000
  70
    32
  0
VERTEX
  8
0
  5
1CEE
 10
95.1496
 20
-125.759
 30
0.000000
  70
    32
  0
VERTEX
  8
0
  5
1CEF
 10
95.1834
 20
-125.812
 30
0.000000
  70
    32
  0
VERTEX
  8
0
  5
1CF0
 10
95.2174
 20
-125.866
 30
0.000000
  70
    32
  0
VERTEX
  8
0
  5
1CF1
 10
95.2516
 20
-125.919
 30
0.000000
  70
    32
  0
VERTEX
  8
0
  5
1CF2
 10
95.2859
 20
-125.972
 30
0.000000
  70
    32
  0
VERTEX
  8
0
  5
1CF3
 10
95.3204
 20
-126.025
 30
0.000000
  70
    32
  0
VERTEX
  8
0
  5
1CF4
 10
95.3550
 20
-126.078
 30
0.000000
  70
    32
  0
VERTEX
  8
0
  5
1CF5
 10
95.3898
 20
-126.131
 30
0.000000
  70
    32
  0
VERTEX
  8
0
  5
1CF6
 10
95.4248
 20
-126.183
 30
0.000000
  70
    32
  0
VERTEX
  8
0
  5
1CF7
 10
95.4599
 20
-126.236
 30
0.000000
  70
    32
  0
VERTEX
  8
0
  5
1CF8
 10
95.4952
 20
-126.288
 30
0.000000
  70
    32
  0
VERTEX
  8
0
  5
1CF9
 10
95.5306
 20
-126.341
 30
0.000000
  70
    32
  0
VERTEX
  8
0
  5
1CFA
 10
95.5662
 20
-126.393
 30
0.000000
  70
    32
  0
VERTEX
  8
0
  5
1CFB
 10
95.6020
 20
-126.445
 30
0.000000
  70
    32
  0
VERTEX
  8
0
  5
1CFC
 10
95.6379
 20
-126.497
 30
0.000000
  70
    32
  0
VERTEX
  8
0
  5
1CFD
 10
95.6740
 20
-126.549
 30
0.000000
  70
    32
  0
VERTEX
  8
0
  5
1CFE
 10
95.7103
 20
-126.600
 30
0.000000
  70
    32
  0
VERTEX
  8
0
  5
1CFF
 10
95.7468
 20
-126.652
 30
0.000000
  70
    32
  0
VERTEX
  8
0
  5
1D00
 10
95.7835
 20
-126.703
 30
0.000000
  70
    32
  0
VERTEX
  8
0
  5
1D01
 10
95.8205
 20
-126.754
 30
0.000000
  70
    32
  0
VERTEX
  8
0
  5
1D02
 10
95.8577
 20
-126.805
 30
0.000000
  70
    32
  0
VERTEX
  8
0
  5
1D03
 10
95.8951
 20
-126.856
 30
0.000000
  70
    32
  0
VERTEX
  8
0
  5
1D04
 10
95.9328
 20
-126.907
 30
0.000000
  70
    32
  0
VERTEX
  8
0
  5
1D05
 10
95.9707
 20
-126.957
 30
0.000000
  70
    32
  0
VERTEX
  8
0
  5
1D06
 10
96.0089
 20
-127.007
 30
0.000000
  70
    32
  0
VERTEX
  8
0
  5
1D07
 10
96.0474
 20
-127.058
 30
0.000000
  70
    32
  0
VERTEX
  8
0
  5
1D08
 10
96.0862
 20
-127.107
 30
0.000000
  70
    32
  0
VERTEX
  8
0
  5
1D09
 10
96.1254
 20
-127.157
 30
0.000000
  70
    32
  0
VERTEX
  8
0
  5
1D0A
 10
96.1648
 20
-127.207
 30
0.000000
  70
    32
  0
VERTEX
  8
0
  5
1D0B
 10
96.2046
 20
-127.256
 30
0.000000
  70
    32
  0
VERTEX
  8
0
  5
1D0C
 10
96.2447
 20
-127.305
 30
0.000000
  70
    32
  0
VERTEX
  8
0
  5
1D0D
 10
96.2851
 20
-127.354
 30
0.000000
  70
    32
  0
VERTEX
  8
0
  5
1D0E
 10
96.3259
 20
-127.402
 30
0.000000
  70
    32
  0
VERTEX
  8
0
  5
1D0F
 10
96.3671
 20
-127.450
 30
0.000000
  70
    32
  0
VERTEX
  8
0
  5
1D10
 10
96.4087
 20
-127.498
 30
0.000000
  70
    32
  0
VERTEX
  8
0
  5
1D11
 10
96.4507
 20
-127.546
 30
0.000000
  70
    32
  0
VERTEX
  8
0
  5
1D12
 10
96.4931
 20
-127.594
 30
0.000000
  70
    32
  0
VERTEX
  8
0
  5
1D13
 10
96.5358
 20
-127.641
 30
0.000000
  70
    32
  0
VERTEX
  8
0
  5
1D14
 10
96.5791
 20
-127.688
 30
0.000000
  70
    32
  0
VERTEX
  8
0
  5
1D15
 10
96.6227
 20
-127.735
 30
0.000000
  70
    32
  0
VERTEX
  8
0
  5
1D16
 10
96.6668
 20
-127.781
 30
0.000000
  70
    32
  0
VERTEX
  8
0
  5
1D17
 10
96.7113
 20
-127.827
 30
0.000000
  70
    32
  0
VERTEX
  8
0
  5
1D18
 10
96.7562
 20
-127.872
 30
0.000000
  70
    32
  0
VERTEX
  8
0
  5
1D19
 10
96.8016
 20
-127.917
 30
0.000000
  70
    32
  0
VERTEX
  8
0
  5
1D1A
 10
96.8475
 20
-127.962
 30
0.000000
  70
    32
  0
VERTEX
  8
0
  5
1D1B
 10
96.8938
 20
-128.006
 30
0.000000
  70
    32
  0
VERTEX
  8
0
  5
1D1C
 10
96.9406
 20
-128.049
 30
0.000000
  70
    32
  0
VERTEX
  8
0
  5
1D1D
 10
96.9879
 20
-128.092
 30
0.000000
  70
    32
  0
VERTEX
  8
0
  5
1D1E
 10
97.0356
 20
-128.134
 30
0.000000
  70
    32
  0
VERTEX
  8
0
  5
1D1F
 10
97.0839
 20
-128.176
 30
0.000000
  70
    32
  0
VERTEX
  8
0
  5
1D20
 10
97.1326
 20
-128.216
 30
0.000000
  70
    32
  0
VERTEX
  8
0
  5
1D21
 10
97.1818
 20
-128.257
 30
0.000000
  70
    32
  0
VERTEX
  8
0
  5
1D22
 10
97.2315
 20
-128.296
 30
0.000000
  70
    32
  0
VERTEX
  8
0
  5
1D23
 10
97.2817
 20
-128.334
 30
0.000000
  70
    32
  0
VERTEX
  8
0
  5
1D24
 10
97.3324
 20
-128.372
 30
0.000000
  70
    32
  0
VERTEX
  8
0
  5
1D25
 10
97.3837
 20
-128.409
 30
0.000000
  70
    32
  0
VERTEX
  8
0
  5
1D26
 10
97.4354
 20
-128.445
 30
0.000000
  70
    32
  0
VERTEX
  8
0
  5
1D27
 10
97.4877
 20
-128.479
 30
0.000000
  70
    32
  0
VERTEX
  8
0
  5
1D28
 10
97.5406
 20
-128.513
 30
0.000000
  70
    32
  0
VERTEX
  8
0
  5
1D29
 10
97.5939
 20
-128.546
 30
0.000000
  70
    32
  0
VERTEX
  8
0
  5
1D2A
 10
97.6478
 20
-128.578
 30
0.000000
  70
    32
  0
VERTEX
  8
0
  5
1D2B
 10
97.7023
 20
-128.609
 30
0.000000
  70
    32
  0
VERTEX
  8
0
  5
1D2C
 10
97.7573
 20
-128.639
 30
0.000000
  70
    32
  0
VERTEX
  8
0
  5
1D2D
 10
97.8127
 20
-128.668
 30
0.000000
  70
    32
  0
VERTEX
  8
0
  5
1D2E
 10
97.8687
 20
-128.695
 30
0.000000
  70
    32
  0
VERTEX
  8
0
  5
1D2F
 10
97.9251
 20
-128.722
 30
0.000000
  70
    32
  0
VERTEX
  8
0
  5
1D30
 10
97.9819
 20
-128.749
 30
0.000000
  70
    32
  0
VERTEX
  8
0
  5
1D31
 10
98.0392
 20
-128.774
 30
0.000000
  70
    32
  0
VERTEX
  8
0
  5
1D32
 10
98.0968
 20
-128.799
 30
0.000000
  70
    32
  0
VERTEX
  8
0
  5
1D33
 10
98.1547
 20
-128.824
 30
0.000000
  70
    32
  0
VERTEX
  8
0
  5
1D34
 10
98.2130
 20
-128.848
 30
0.000000
  70
    32
  0
VERTEX
  8
0
  5
1D35
 10
98.2715
 20
-128.871
 30
0.000000
  70
    32
  0
VERTEX
  8
0
  5
1D36
 10
98.3304
 20
-128.894
 30
0.000000
  70
    32
  0
VERTEX
  8
0
  5
1D37
 10
98.3894
 20
-128.917
 30
0.000000
  70
    32
  0
VERTEX
  8
0
  5
1D38
 10
98.4487
 20
-128.940
 30
0.000000
  70
    32
  0
VERTEX
  8
0
  5
1D39
 10
98.5082
 20
-128.962
 30
0.000000
  70
    32
  0
VERTEX
  8
0
  5
1D3A
 10
98.5678
 20
-128.984
 30
0.000000
  70
    32
  0
VERTEX
  8
0
  5
1D3B
 10
98.6276
 20
-129.006
 30
0.000000
  70
    32
  0
VERTEX
  8
0
  5
1D3C
 10
98.6874
 20
-129.029
 30
0.000000
  70
    32
  0
VERTEX
  8
0
  5
1D3D
 10
98.7474
 20
-129.051
 30
0.000000
  70
    32
  0
VERTEX
  8
0
  5
1D3E
 10
98.8074
 20
-129.074
 30
0.000000
  70
    32
  0
VERTEX
  8
0
  5
1D3F
 10
98.8675
 20
-129.097
 30
0.000000
  70
    32
  0
VERTEX
  8
0
  5
1D40
 10
98.9275
 20
-129.120
 30
0.000000
  70
    32
  0
VERTEX
  8
0
  5
1D41
 10
98.9875
 20
-129.143
 30
0.000000
  70
    32
  0
VERTEX
  8
0
  5
1D42
 10
99.0475
 20
-129.167
 30
0.000000
  70
    32
  0
VERTEX
  8
0
  5
1D43
 10
99.1074
 20
-129.191
 30
0.000000
  70
    32
  0
VERTEX
  8
0
  5
1D44
 10
99.1672
 20
-129.216
 30
0.000000
  70
    32
  0
VERTEX
  8
0
  5
1D45
 10
99.2268
 20
-129.241
 30
0.000000
  70
    32
  0
VERTEX
  8
0
  5
1D46
 10
99.2862
 20
-129.267
 30
0.000000
  70
    32
  0
VERTEX
  8
0
  5
1D47
 10
99.3454
 20
-129.293
 30
0.000000
  70
    32
  0
VERTEX
  8
0
  5
1D48
 10
99.4043
 20
-129.320
 30
0.000000
  70
    32
  0
VERTEX
  8
0
  5
1D49
 10
99.4629
 20
-129.347
 30
0.000000
  70
    32
  0
VERTEX
  8
0
  5
1D4A
 10
99.5212
 20
-129.375
 30
0.000000
  70
    32
  0
VERTEX
  8
0
  5
1D4B
 10
99.5790
 20
-129.403
 30
0.000000
  70
    32
  0
VERTEX
  8
0
  5
1D4C
 10
99.6365
 20
-129.432
 30
0.000000
  70
    32
  0
VERTEX
  8
0
  5
1D4D
 10
99.6934
 20
-129.462
 30
0.000000
  70
    32
  0
VERTEX
  8
0
  5
1D4E
 10
99.7499
 20
-129.491
 30
0.000000
  70
    32
  0
VERTEX
  8
0
  5
1D4F
 10
99.8059
 20
-129.522
 30
0.000000
  70
    32
  0
VERTEX
  8
0
  5
1D50
 10
99.8613
 20
-129.553
 30
0.000000
  70
    32
  0
VERTEX
  8
0
  5
1D51
 10
99.9160
 20
-129.585
 30
0.000000
  70
    32
  0
VERTEX
  8
0
  5
1D52
 10
99.9701
 20
-129.617
 30
0.000000
  70
    32
  0
VERTEX
  8
0
  5
1D53
 10
100.024
 20
-129.650
 30
0.000000
  70
    32
  0
VERTEX
  8
0
  5
1D54
 10
100.076
 20
-129.684
 30
0.000000
  70
    32
  0
VERTEX
  8
0
  5
1D55
 10
100.128
 20
-129.718
 30
0.000000
  70
    32
  0
VERTEX
  8
0
  5
1D56
 10
100.179
 20
-129.753
 30
0.000000
  70
    32
  0
VERTEX
  8
0
  5
1D57
 10
100.230
 20
-129.788
 30
0.000000
  70
    32
  0
VERTEX
  8
0
  5
1D58
 10
100.279
 20
-129.824
 30
0.000000
  70
    32
  0
VERTEX
  8
0
  5
1D59
 10
100.328
 20
-129.861
 30
0.000000
  70
    32
  0
VERTEX
  8
0
  5
1D5A
 10
100.375
 20
-129.899
 30
0.000000
  70
    32
  0
VERTEX
  8
0
  5
1D5B
 10
100.422
 20
-129.937
 30
0.000000
  70
    32
  0
VERTEX
  8
0
  5
1D5C
 10
100.468
 20
-129.976
 30
0.000000
  70
    32
  0
VERTEX
  8
0
  5
1D5D
 10
100.513
 20
-130.016
 30
0.000000
  70
    32
  0
VERTEX
  8
0
  5
1D5E
 10
100.557
 20
-130.056
 30
0.000000
  70
    32
  0
VERTEX
  8
0
  5
1D5F
 10
100.600
 20
-130.097
 30
0.000000
  70
    32
  0
VERTEX
  8
0
  5
1D60
 10
100.642
 20
-130.139
 30
0.000000
  70
    32
  0
VERTEX
  8
0
  5
1D61
 10
100.684
 20
-130.181
 30
0.000000
  70
    32
  0
VERTEX
  8
0
  5
1D62
 10
100.726
 20
-130.224
 30
0.000000
  70
    32
  0
VERTEX
  8
0
  5
1D63
 10
100.766
 20
-130.267
 30
0.000000
  70
    32
  0
VERTEX
  8
0
  5
1D64
 10
100.807
 20
-130.311
 30
0.000000
  70
    32
  0
VERTEX
  8
0
  5
1D65
 10
100.846
 20
-130.355
 30
0.000000
  70
    32
  0
VERTEX
  8
0
  5
1D66
 10
100.886
 20
-130.400
 30
0.000000
  70
    32
  0
VERTEX
  8
0
  5
1D67
 10
100.925
 20
-130.445
 30
0.000000
  70
    32
  0
VERTEX
  8
0
  5
1D68
 10
100.964
 20
-130.491
 30
0.000000
  70
    32
  0
VERTEX
  8
0
  5
1D69
 10
101.003
 20
-130.537
 30
0.000000
  70
    32
  0
VERTEX
  8
0
  5
1D6A
 10
101.041
 20
-130.583
 30
0.000000
  70
    32
  0
VERTEX
  8
0
  5
1D6B
 10
101.080
 20
-130.630
 30
0.000000
  70
    32
  0
VERTEX
  8
0
  5
1D6C
 10
101.118
 20
-130.677
 30
0.000000
  70
    32
  0
VERTEX
  8
0
  5
1D6D
 10
101.157
 20
-130.725
 30
0.000000
  70
    32
  0
VERTEX
  8
0
  5
1D6E
 10
101.195
 20
-130.772
 30
0.000000
  70
    32
  0
VERTEX
  8
0
  5
1D6F
 10
101.234
 20
-130.820
 30
0.000000
  70
    32
  0
VERTEX
  8
0
  5
1D70
 10
101.273
 20
-130.868
 30
0.000000
  70
    32
  0
VERTEX
  8
0
  5
1D71
 10
101.312
 20
-130.917
 30
0.000000
  70
    32
  0
VERTEX
  8
0
  5
1D72
 10
101.351
 20
-130.966
 30
0.000000
  70
    32
  0
VERTEX
  8
0
  5
1D73
 10
101.391
 20
-131.015
 30
0.000000
  70
    32
  0
VERTEX
  8
0
  5
1D74
 10
101.431
 20
-131.064
 30
0.000000
  70
    32
  0
VERTEX
  8
0
  5
1D75
 10
101.471
 20
-131.113
 30
0.000000
  70
    32
  0
VERTEX
  8
0
  5
1D76
 10
101.512
 20
-131.162
 30
0.000000
  70
    32
  0
VERTEX
  8
0
  5
1D77
 10
101.554
 20
-131.211
 30
0.000000
  70
    32
  0
VERTEX
  8
0
  5
1D78
 10
101.596
 20
-131.261
 30
0.000000
  70
    32
  0
VERTEX
  8
0
  5
1D79
 10
101.639
 20
-131.310
 30
0.000000
  70
    32
  0
VERTEX
  8
0
  5
1D7A
 10
101.683
 20
-131.360
 30
0.000000
  70
    32
  0
VERTEX
  8
0
  5
1D7B
 10
101.727
 20
-131.409
 30
0.000000
  70
    32
  0
VERTEX
  8
0
  5
1D7C
 10
101.773
 20
-131.459
 30
0.000000
  70
    32
  0
VERTEX
  8
0
  5
1D7D
 10
101.819
 20
-131.508
 30
0.000000
  70
    32
  0
VERTEX
  8
0
  5
1D7E
 10
101.866
 20
-131.558
 30
0.000000
  70
    32
  0
VERTEX
  8
0
  5
1D7F
 10
101.914
 20
-131.607
 30
0.000000
  70
    32
  0
VERTEX
  8
0
  5
1D80
 10
101.964
 20
-131.656
 30
0.000000
  70
    32
  0
VERTEX
  8
0
  5
1D81
 10
102.014
 20
-131.705
 30
0.000000
  70
    32
  0
VERTEX
  8
0
  5
1D82
 10
102.066
 20
-131.754
 30
0.000000
  70
    32
  0
VERTEX
  8
0
  5
1D83
 10
102.119
 20
-131.803
 30
0.000000
  70
    32
  0
VERTEX
  8
0
  5
1D84
 10
102.173
 20
-131.852
 30
0.000000
  70
    32
  0
VERTEX
  8
0
  5
1D85
 10
102.228
 20
-131.900
 30
0.000000
  70
    32
  0
VERTEX
  8
0
  5
1D86
 10
102.285
 20
-131.948
 30
0.000000
  70
    32
  0
VERTEX
  8
0
  5
1D87
 10
102.343
 20
-131.995
 30
0.000000
  70
    32
  0
VERTEX
  8
0
  5
1D88
 10
102.401
 20
-132.042
 30
0.000000
  70
    32
  0
VERTEX
  8
0
  5
1D89
 10
102.461
 20
-132.088
 30
0.000000
  70
    32
  0
VERTEX
  8
0
  5
1D8A
 10
102.521
 20
-132.133
 30
0.000000
  70
    32
  0
VERTEX
  8
0
  5
1D8B
 10
102.582
 20
-132.176
 30
0.000000
  70
    32
  0
VERTEX
  8
0
  5
1D8C
 10
102.643
 20
-132.218
 30
0.000000
  70
    32
  0
VERTEX
  8
0
  5
1D8D
 10
102.704
 20
-132.258
 30
0.000000
  70
    32
  0
VERTEX
  8
0
  5
1D8E
 10
102.766
 20
-132.297
 30
0.000000
  70
    32
  0
VERTEX
  8
0
  5
1D8F
 10
102.827
 20
-132.334
 30
0.000000
  70
    32
  0
VERTEX
  8
0
  5
1D90
 10
102.889
 20
-132.368
 30
0.000000
  70
    32
  0
VERTEX
  8
0
  5
1D91
 10
102.950
 20
-132.400
 30
0.000000
  70
    32
  0
VERTEX
  8
0
  5
1D92
 10
103.010
 20
-132.430
 30
0.000000
  70
    32
  0
VERTEX
  8
0
  5
1D93
 10
103.070
 20
-132.457
 30
0.000000
  70
    32
  0
VERTEX
  8
0
  5
1D94
 10
103.130
 20
-132.481
 30
0.000000
  70
    32
  0
VERTEX
  8
0
  5
1D95
 10
103.188
 20
-132.502
 30
0.000000
  70
    32
  0
VERTEX
  8
0
  5
1D96
 10
103.246
 20
-132.520
 30
0.000000
  70
    32
  0
VERTEX
  8
0
  5
1D97
 10
103.302
 20
-132.534
 30
0.000000
  70
    32
  0
VERTEX
  8
0
  5
1D98
 10
103.357
 20
-132.545
 30
0.000000
  70
    32
  0
VERTEX
  8
0
  5
1D99
 10
103.411
 20
-132.552
 30
0.000000
  70
    32
  0
VERTEX
  8
0
  5
1D9A
 10
103.463
 20
-132.556
 30
0.000000
  70
    32
  0
VERTEX
  8
0
  5
1D9B
 10
103.513
 20
-132.555
 30
0.000000
  70
    32
  0
VERTEX
  8
0
  5
1D9C
 10
103.562
 20
-132.550
 30
0.000000
  70
    32
  0
VERTEX
  8
0
  5
1D9D
 10
103.608
 20
-132.540
 30
0.000000
  70
    32
  0
VERTEX
  8
0
  5
1D9E
 10
103.653
 20
-132.526
 30
0.000000
  70
    32
  0
VERTEX
  8
0
  5
1D9F
 10
103.695
 20
-132.507
 30
0.000000
  70
    32
  0
VERTEX
  8
0
  5
1DA0
 10
103.735
 20
-132.484
 30
0.000000
  70
    32
  0
VERTEX
  8
0
  5
1DA1
 10
103.774
 20
-132.456
 30
0.000000
  70
    32
  0
VERTEX
  8
0
  5
1DA2
 10
103.811
 20
-132.425
 30
0.000000
  70
    32
  0
VERTEX
  8
0
  5
1DA3
 10
103.846
 20
-132.389
 30
0.000000
  70
    32
  0
VERTEX
  8
0
  5
1DA4
 10
103.879
 20
-132.350
 30
0.000000
  70
    32
  0
VERTEX
  8
0
  5
1DA5
 10
103.912
 20
-132.308
 30
0.000000
  70
    32
  0
VERTEX
  8
0
  5
1DA6
 10
103.943
 20
-132.262
 30
0.000000
  70
    32
  0
VERTEX
  8
0
  5
1DA7
 10
103.972
 20
-132.213
 30
0.000000
  70
    32
  0
VERTEX
  8
0
  5
1DA8
 10
104.001
 20
-132.161
 30
0.000000
  70
    32
  0
VERTEX
  8
0
  5
1DA9
 10
104.029
 20
-132.106
 30
0.000000
  70
    32
  0
VERTEX
  8
0
  5
1DAA
 10
104.056
 20
-132.048
 30
0.000000
  70
    32
  0
VERTEX
  8
0
  5
1DAB
 10
104.082
 20
-131.989
 30
0.000000
  70
    32
  0
VERTEX
  8
0
  5
1DAC
 10
104.108
 20
-131.926
 30
0.000000
  70
    32
  0
VERTEX
  8
0
  5
1DAD
 10
104.134
 20
-131.862
 30
0.000000
  70
    32
  0
VERTEX
  8
0
  5
1DAE
 10
104.159
 20
-131.796
 30
0.000000
  70
    32
  0
VERTEX
  8
0
  5
1DAF
 10
104.183
 20
-131.728
 30
0.000000
  70
    32
  0
VERTEX
  8
0
  5
1DB0
 10
104.208
 20
-131.658
 30
0.000000
  70
    32
  0
VERTEX
  8
0
  5
1DB1
 10
104.233
 20
-131.588
 30
0.000000
  70
    32
  0
VERTEX
  8
0
  5
1DB2
 10
104.258
 20
-131.516
 30
0.000000
  70
    32
  0
VERTEX
  8
0
  5
1DB3
 10
104.283
 20
-131.442
 30
0.000000
  70
    32
  0
VERTEX
  8
0
  5
1DB4
 10
104.308
 20
-131.369
 30
0.000000
  70
    32
  0
VERTEX
  8
0
  5
1DB5
 10
104.334
 20
-131.294
 30
0.000000
  70
    32
  0
VERTEX
  8
0
  5
1DB6
 10
104.361
 20
-131.219
 30
0.000000
  70
    32
  0
VERTEX
  8
0
  5
1DB7
 10
104.388
 20
-131.143
 30
0.000000
  70
    32
  0
VERTEX
  8
0
  5
1DB8
 10
104.416
 20
-131.068
 30
0.000000
  70
    32
  0
VERTEX
  8
0
  5
1DB9
 10
104.445
 20
-130.992
 30
0.000000
  70
    32
  0
VERTEX
  8
0
  5
1DBA
 10
104.475
 20
-130.917
 30
0.000000
  70
    32
  0
VERTEX
  8
0
  5
1DBB
 10
104.507
 20
-130.843
 30
0.000000
  70
    32
  0
VERTEX
  8
0
  5
1DBC
 10
104.539
 20
-130.769
 30
0.000000
  70
    32
  0
VERTEX
  8
0
  5
1DBD
 10
104.572
 20
-130.696
 30
0.000000
  70
    32
  0
VERTEX
  8
0
  5
1DBE
 10
104.607
 20
-130.624
 30
0.000000
  70
    32
  0
VERTEX
  8
0
  5
1DBF
 10
104.642
 20
-130.555
 30
0.000000
  70
    32
  0
VERTEX
  8
0
  5
1DC0
 10
104.678
 20
-130.487
 30
0.000000
  70
    32
  0
VERTEX
  8
0
  5
1DC1
 10
104.716
 20
-130.421
 30
0.000000
  70
    32
  0
VERTEX
  8
0
  5
1DC2
 10
104.754
 20
-130.358
 30
0.000000
  70
    32
  0
VERTEX
  8
0
  5
1DC3
 10
104.793
 20
-130.298
 30
0.000000
  70
    32
  0
VERTEX
  8
0
  5
1DC4
 10
104.834
 20
-130.241
 30
0.000000
  70
    32
  0
VERTEX
  8
0
  5
1DC5
 10
104.875
 20
-130.187
 30
0.000000
  70
    32
  0
VERTEX
  8
0
  5
1DC6
 10
104.917
 20
-130.137
 30
0.000000
  70
    32
  0
VERTEX
  8
0
  5
1DC7
 10
104.960
 20
-130.091
 30
0.000000
  70
    32
  0
VERTEX
  8
0
  5
1DC8
 10
105.004
 20
-130.049
 30
0.000000
  70
    32
  0
VERTEX
  8
0
  5
1DC9
 10
105.049
 20
-130.011
 30
0.000000
  70
    32
  0
VERTEX
  8
0
  5
1DCA
 10
105.095
 20
-129.979
 30
0.000000
  70
    32
  0
VERTEX
  8
0
  5
1DCB
 10
105.142
 20
-129.951
 30
0.000000
  70
    32
  0
VERTEX
  8
0
  5
1DCC
 10
105.190
 20
-129.929
 30
0.000000
  70
    32
  0
VERTEX
  8
0
  5
1DCD
 10
105.239
 20
-129.913
 30
0.000000
  70
    32
  0
VERTEX
  8
0
  5
1DCE
 10
105.288
 20
-129.902
 30
0.000000
  70
    32
  0
VERTEX
  8
0
  5
1DCF
 10
105.339
 20
-129.898
 30
0.000000
  70
    32
  0
VERTEX
  8
0
  5
1DD0
 10
105.390
 20
-129.900
 30
0.000000
  70
    32
  0
VERTEX
  8
0
  5
1DD1
 10
105.442
 20
-129.909
 30
0.000000
  70
    32
  0
VERTEX
  8
0
  5
1DD2
 10
105.495
 20
-129.924
 30
0.000000
  70
    32
  0
VERTEX
  8
0
  5
1DD3
 10
105.548
 20
-129.945
 30
0.000000
  70
    32
  0
VERTEX
  8
0
  5
1DD4
 10
105.602
 20
-129.970
 30
0.000000
  70
    32
  0
VERTEX
  8
0
  5
1DD5
 10
105.656
 20
-130.000
 30
0.000000
  70
    32
  0
VERTEX
  8
0
  5
1DD6
 10
105.710
 20
-130.034
 30
0.000000
  70
    32
  0
VERTEX
  8
0
  5
1DD7
 10
105.765
 20
-130.072
 30
0.000000
  70
    32
  0
VERTEX
  8
0
  5
1DD8
 10
105.819
 20
-130.112
 30
0.000000
  70
    32
  0
VERTEX
  8
0
  5
1DD9
 10
105.874
 20
-130.156
 30
0.000000
  70
    32
  0
VERTEX
  8
0
  5
1DDA
 10
105.928
 20
-130.201
 30
0.000000
  70
    32
  0
VERTEX
  8
0
  5
1DDB
 10
105.982
 20
-130.247
 30
0.000000
  70
    32
  0
VERTEX
  8
0
  5
1DDC
 10
106.035
 20
-130.295
 30
0.000000
  70
    32
  0
VERTEX
  8
0
  5
1DDD
 10
106.088
 20
-130.343
 30
0.000000
  70
    32
  0
VERTEX
  8
0
  5
1DDE
 10
106.140
 20
-130.391
 30
0.000000
  70
    32
  0
VERTEX
  8
0
  5
1DDF
 10
106.191
 20
-130.439
 30
0.000000
  70
    32
  0
VERTEX
  8
0
  5
1DE0
 10
106.242
 20
-130.486
 30
0.000000
  70
    32
  0
VERTEX
  8
0
  5
1DE1
 10
106.293
 20
-130.531
 30
0.000000
  70
    32
  0
VERTEX
  8
0
  5
1DE2
 10
106.344
 20
-130.576
 30
0.000000
  70
    32
  0
VERTEX
  8
0
  5
1DE3
 10
106.394
 20
-130.619
 30
0.000000
  70
    32
  0
VERTEX
  8
0
  5
1DE4
 10
106.445
 20
-130.660
 30
0.000000
  70
    32
  0
VERTEX
  8
0
  5
1DE5
 10
106.496
 20
-130.699
 30
0.000000
  70
    32
  0
VERTEX
  8
0
  5
1DE6
 10
106.547
 20
-130.735
 30
0.000000
  70
    32
  0
VERTEX
  8
0
  5
1DE7
 10
106.599
 20
-130.768
 30
0.000000
  70
    32
  0
VERTEX
  8
0
  5
1DE8
 10
106.652
 20
-130.798
 30
0.000000
  70
    32
  0
VERTEX
  8
0
  5
1DE9
 10
106.705
 20
-130.824
 30
0.000000
  70
    32
  0
VERTEX
  8
0
  5
1DEA
 10
106.759
 20
-130.846
 30
0.000000
  70
    32
  0
VERTEX
  8
0
  5
1DEB
 10
106.815
 20
-130.865
 30
0.000000
  70
    32
  0
VERTEX
  8
0
  5
1DEC
 10
106.871
 20
-130.878
 30
0.000000
  70
    32
  0
VERTEX
  8
0
  5
1DED
 10
106.929
 20
-130.887
 30
0.000000
  70
    32
  0
VERTEX
  8
0
  5
1DEE
 10
106.988
 20
-130.891
 30
0.000000
  70
    32
  0
VERTEX
  8
0
  5
1DEF
 10
107.048
 20
-130.891
 30
0.000000
  70
    32
  0
VERTEX
  8
0
  5
1DF0
 10
107.109
 20
-130.887
 30
0.000000
  70
    32
  0
VERTEX
  8
0
  5
1DF1
 10
107.171
 20
-130.878
 30
0.000000
  70
    32
  0
VERTEX
  8
0
  5
1DF2
 10
107.233
 20
-130.866
 30
0.000000
  70
    32
  0
VERTEX
  8
0
  5
1DF3
 10
107.295
 20
-130.850
 30
0.000000
  70
    32
  0
VERTEX
  8
0
  5
1DF4
 10
107.358
 20
-130.831
 30
0.000000
  70
    32
  0
VERTEX
  8
0
  5
1DF5
 10
107.420
 20
-130.808
 30
0.000000
  70
    32
  0
VERTEX
  8
0
  5
1DF6
 10
107.482
 20
-130.783
 30
0.000000
  70
    32
  0
VERTEX
  8
0
  5
1DF7
 10
107.543
 20
-130.755
 30
0.000000
  70
    32
  0
VERTEX
  8
0
  5
1DF8
 10
107.604
 20
-130.725
 30
0.000000
  70
    32
  0
VERTEX
  8
0
  5
1DF9
 10
107.664
 20
-130.692
 30
0.000000
  70
    32
  0
VERTEX
  8
0
  5
1DFA
 10
107.723
 20
-130.658
 30
0.000000
  70
    32
  0
VERTEX
  8
0
  5
1DFB
 10
107.781
 20
-130.621
 30
0.000000
  70
    32
  0
VERTEX
  8
0
  5
1DFC
 10
107.837
 20
-130.583
 30
0.000000
  70
    32
  0
VERTEX
  8
0
  5
1DFD
 10
107.892
 20
-130.544
 30
0.000000
  70
    32
  0
VERTEX
  8
0
  5
1DFE
 10
107.945
 20
-130.503
 30
0.000000
  70
    32
  0
VERTEX
  8
0
  5
1DFF
 10
107.996
 20
-130.462
 30
0.000000
  70
    32
  0
VERTEX
  8
0
  5
1E00
 10
108.046
 20
-130.419
 30
0.000000
  70
    32
  0
VERTEX
  8
0
  5
1E01
 10
108.094
 20
-130.376
 30
0.000000
  70
    32
  0
VERTEX
  8
0
  5
1E02
 10
108.141
 20
-130.331
 30
0.000000
  70
    32
  0
VERTEX
  8
0
  5
1E03
 10
108.186
 20
-130.286
 30
0.000000
  70
    32
  0
VERTEX
  8
0
  5
1E04
 10
108.230
 20
-130.239
 30
0.000000
  70
    32
  0
VERTEX
  8
0
  5
1E05
 10
108.273
 20
-130.192
 30
0.000000
  70
    32
  0
VERTEX
  8
0
  5
1E06
 10
108.314
 20
-130.144
 30
0.000000
  70
    32
  0
VERTEX
  8
0
  5
1E07
 10
108.355
 20
-130.096
 30
0.000000
  70
    32
  0
VERTEX
  8
0
  5
1E08
 10
108.394
 20
-130.047
 30
0.000000
  70
    32
  0
VERTEX
  8
0
  5
1E09
 10
108.433
 20
-129.997
 30
0.000000
  70
    32
  0
VERTEX
  8
0
  5
1E0A
 10
108.470
 20
-129.947
 30
0.000000
  70
    32
  0
VERTEX
  8
0
  5
1E0B
 10
108.507
 20
-129.896
 30
0.000000
  70
    32
  0
VERTEX
  8
0
  5
1E0C
 10
108.544
 20
-129.845
 30
0.000000
  70
    32
  0
VERTEX
  8
0
  5
1E0D
 10
108.579
 20
-129.793
 30
0.000000
  70
    32
  0
VERTEX
  8
0
  5
1E0E
 10
108.614
 20
-129.741
 30
0.000000
  70
    32
  0
VERTEX
  8
0
  5
1E0F
 10
108.649
 20
-129.689
 30
0.000000
  70
    32
  0
VERTEX
  8
0
  5
1E10
 10
108.683
 20
-129.636
 30
0.000000
  70
    32
  0
VERTEX
  8
0
  5
1E11
 10
108.717
 20
-129.583
 30
0.000000
  70
    32
  0
VERTEX
  8
0
  5
1E12
 10
108.751
 20
-129.530
 30
0.000000
  70
    32
  0
VERTEX
  8
0
  5
1E13
 10
108.785
 20
-129.477
 30
0.000000
  70
    32
  0
VERTEX
  8
0
  5
1E14
 10
108.818
 20
-129.424
 30
0.000000
  70
    32
  0
VERTEX
  8
0
  5
1E15
 10
108.852
 20
-129.371
 30
0.000000
  70
    32
  0
VERTEX
  8
0
  5
1E16
 10
108.885
 20
-129.318
 30
0.000000
  70
    32
  0
VERTEX
  8
0
  5
1E17
 10
108.919
 20
-129.264
 30
0.000000
  70
    32
  0
VERTEX
  8
0
  5
1E18
 10
108.952
 20
-129.211
 30
0.000000
  70
    32
  0
VERTEX
  8
0
  5
1E19
 10
108.985
 20
-129.158
 30
0.000000
  70
    32
  0
VERTEX
  8
0
  5
1E1A
 10
109.019
 20
-129.104
 30
0.000000
  70
    32
  0
VERTEX
  8
0
  5
1E1B
 10
109.052
 20
-129.051
 30
0.000000
  70
    32
  0
VERTEX
  8
0
  5
1E1C
 10
109.085
 20
-128.997
 30
0.000000
  70
    32
  0
VERTEX
  8
0
  5
1E1D
 10
109.118
 20
-128.944
 30
0.000000
  70
    32
  0
VERTEX
  8
0
  5
1E1E
 10
109.151
 20
-128.890
 30
0.000000
  70
    32
  0
VERTEX
  8
0
  5
1E1F
 10
109.185
 20
-128.836
 30
0.000000
  70
    32
  0
VERTEX
  8
0
  5
1E20
 10
109.218
 20
-128.783
 30
0.000000
  70
    32
  0
VERTEX
  8
0
  5
1E21
 10
109.251
 20
-128.729
 30
0.000000
  70
    32
  0
VERTEX
  8
0
  5
1E22
 10
109.284
 20
-128.675
 30
0.000000
  70
    32
  0
VERTEX
  8
0
  5
1E23
 10
109.317
 20
-128.622
 30
0.000000
  70
    32
  0
VERTEX
  8
0
  5
1E24
 10
109.350
 20
-128.568
 30
0.000000
  70
    32
  0
VERTEX
  8
0
  5
1E25
 10
109.383
 20
-128.514
 30
0.000000
  70
    32
  0
VERTEX
  8
0
  5
1E26
 10
109.416
 20
-128.460
 30
0.000000
  70
    32
  0
VERTEX
  8
0
  5
1E27
 10
109.448
 20
-128.406
 30
0.000000
  70
    32
  0
VERTEX
  8
0
  5
1E28
 10
109.481
 20
-128.352
 30
0.000000
  70
    32
  0
VERTEX
  8
0
  5
1E29
 10
109.514
 20
-128.298
 30
0.000000
  70
    32
  0
VERTEX
  8
0
  5
1E2A
 10
109.547
 20
-128.244
 30
0.000000
  70
    32
  0
VERTEX
  8
0
  5
1E2B
 10
109.580
 20
-128.190
 30
0.000000
  70
    32
  0
VERTEX
  8
0
  5
1E2C
 10
109.613
 20
-128.136
 30
0.000000
  70
    32
  0
VERTEX
  8
0
  5
1E2D
 10
109.645
 20
-128.082
 30
0.000000
  70
    32
  0
VERTEX
  8
0
  5
1E2E
 10
109.678
 20
-128.028
 30
0.000000
  70
    32
  0
VERTEX
  8
0
  5
1E2F
 10
109.711
 20
-127.974
 30
0.000000
  70
    32
  0
VERTEX
  8
0
  5
1E30
 10
109.744
 20
-127.920
 30
0.000000
  70
    32
  0
VERTEX
  8
0
  5
1E31
 10
109.777
 20
-127.866
 30
0.000000
  70
    32
  0
VERTEX
  8
0
  5
1E32
 10
109.809
 20
-127.812
 30
0.000000
  70
    32
  0
VERTEX
  8
0
  5
1E33
 10
109.842
 20
-127.758
 30
0.000000
  70
    32
  0
VERTEX
  8
0
  5
1E34
 10
109.875
 20
-127.703
 30
0.000000
  70
    32
  0
VERTEX
  8
0
  5
1E35
 10
109.907
 20
-127.649
 30
0.000000
  70
    32
  0
VERTEX
  8
0
  5
1E36
 10
109.940
 20
-127.595
 30
0.000000
  70
    32
  0
VERTEX
  8
0
  5
1E37
 10
109.973
 20
-127.541
 30
0.000000
  70
    32
  0
VERTEX
  8
0
  5
1E38
 10
110.006
 20
-127.487
 30
0.000000
  70
    32
  0
VERTEX
  8
0
  5
1E39
 10
110.038
 20
-127.432
 30
0.000000
  70
    32
  0
VERTEX
  8
0
  5
1E3A
 10
110.071
 20
-127.378
 30
0.000000
  70
    32
  0
VERTEX
  8
0
  5
1E3B
 10
110.104
 20
-127.324
 30
0.000000
  70
    32
  0
VERTEX
  8
0
  5
1E3C
 10
110.136
 20
-127.270
 30
0.000000
  70
    32
  0
VERTEX
  8
0
  5
1E3D
 10
110.169
 20
-127.215
 30
0.000000
  70
    32
  0
VERTEX
  8
0
  5
1E3E
 10
110.202
 20
-127.161
 30
0.000000
  70
    32
  0
VERTEX
  8
0
  5
1E3F
 10
110.235
 20
-127.107
 30
0.000000
  70
    32
  0
VERTEX
  8
0
  5
1E40
 10
110.267
 20
-127.053
 30
0.000000
  70
    32
  0
VERTEX
  8
0
  5
1E41
 10
110.300
 20
-126.999
 30
0.000000
  70
    32
  0
VERTEX
  8
0
  5
1E42
 10
110.333
 20
-126.944
 30
0.000000
  70
    32
  0
VERTEX
  8
0
  5
1E43
 10
110.366
 20
-126.890
 30
0.000000
  70
    32
  0
VERTEX
  8
0
  5
1E44
 10
110.398
 20
-126.836
 30
0.000000
  70
    32
  0
VERTEX
  8
0
  5
1E45
 10
110.431
 20
-126.782
 30
0.000000
  70
    32
  0
VERTEX
  8
0
  5
1E46
 10
110.464
 20
-126.727
 30
0.000000
  70
    32
  0
VERTEX
  8
0
  5
1E47
 10
110.497
 20
-126.673
 30
0.000000
  70
    32
  0
VERTEX
  8
0
  5
1E48
 10
110.530
 20
-126.619
 30
0.000000
  70
    32
  0
VERTEX
  8
0
  5
1E49
 10
110.562
 20
-126.565
 30
0.000000
  70
    32
  0
VERTEX
  8
0
  5
1E4A
 10
110.595
 20
-126.511
 30
0.000000
  70
    32
  0
VERTEX
  8
0
  5
1E4B
 10
110.628
 20
-126.457
 30
0.000000
  70
    32
  0
VERTEX
  8
0
  5
1E4C
 10
110.661
 20
-126.402
 30
0.000000
  70
    32
  0
VERTEX
  8
0
  5
1E4D
 10
110.694
 20
-126.348
 30
0.000000
  70
    32
  0
VERTEX
  8
0
  5
1E4E
 10
110.727
 20
-126.294
 30
0.000000
  70
    32
  0
VERTEX
  8
0
  5
1E4F
 10
110.760
 20
-126.240
 30
0.000000
  70
    32
  0
VERTEX
  8
0
  5
1E50
 10
110.793
 20
-126.186
 30
0.000000
  70
    32
  0
VERTEX
  8
0
  5
1E51
 10
110.826
 20
-126.132
 30
0.000000
  70
    32
  0
VERTEX
  8
0
  5
1E52
 10
110.859
 20
-126.078
 30
0.000000
  70
    32
  0
VERTEX
  8
0
  5
1E53
 10
110.892
 20
-126.024
 30
0.000000
  70
    32
  0
VERTEX
  8
0
  5
1E54
 10
110.925
 20
-125.970
 30
0.000000
  70
    32
  0
VERTEX
  8
0
  5
1E55
 10
110.958
 20
-125.916
 30
0.000000
  70
    32
  0
VERTEX
  8
0
  5
1E56
 10
110.992
 20
-125.862
 30
0.000000
  70
    32
  0
VERTEX
  8
0
  5
1E57
 10
111.025
 20
-125.808
 30
0.000000
  70
    32
  0
VERTEX
  8
0
  5
1E58
 10
111.058
 20
-125.754
 30
0.000000
  70
    32
  0
VERTEX
  8
0
  5
1E59
 10
111.091
 20
-125.701
 30
0.000000
  70
    32
  0
VERTEX
  8
0
  5
1E5A
 10
111.125
 20
-125.647
 30
0.000000
  70
    32
  0
VERTEX
  8
0
  5
1E5B
 10
111.158
 20
-125.593
 30
0.000000
  70
    32
  0
VERTEX
  8
0
  5
1E5C
 10
111.191
 20
-125.539
 30
0.000000
  70
    32
  0
VERTEX
  8
0
  5
1E5D
 10
111.225
 20
-125.485
 30
0.000000
  70
    32
  0
VERTEX
  8
0
  5
1E5E
 10
111.258
 20
-125.432
 30
0.000000
  70
    32
  0
VERTEX
  8
0
  5
1E5F
 10
111.292
 20
-125.378
 30
0.000000
  70
    32
  0
VERTEX
  8
0
  5
1E60
 10
111.325
 20
-125.324
 30
0.000000
  70
    32
  0
VERTEX
  8
0
  5
1E61
 10
111.359
 20
-125.271
 30
0.000000
  70
    32
  0
VERTEX
  8
0
  5
1E62
 10
111.392
 20
-125.217
 30
0.000000
  70
    32
  0
VERTEX
  8
0
  5
1E63
 10
111.426
 20
-125.163
 30
0.000000
  70
    32
  0
VERTEX
  8
0
  5
1E64
 10
111.459
 20
-125.110
 30
0.000000
  70
    32
  0
VERTEX
  8
0
  5
1E65
 10
111.493
 20
-125.056
 30
0.000000
  70
    32
  0
VERTEX
  8
0
  5
1E66
 10
111.527
 20
-125.003
 30
0.000000
  70
    32
  0
VERTEX
  8
0
  5
1E67
 10
111.560
 20
-124.949
 30
0.000000
  70
    32
  0
VERTEX
  8
0
  5
1E68
 10
111.594
 20
-124.896
 30
0.000000
  70
    32
  0
VERTEX
  8
0
  5
1E69
 10
111.628
 20
-124.842
 30
0.000000
  70
    32
  0
VERTEX
  8
0
  5
1E6A
 10
111.661
 20
-124.789
 30
0.000000
  70
    32
  0
VERTEX
  8
0
  5
1E6B
 10
111.695
 20
-124.735
 30
0.000000
  70
    32
  0
VERTEX
  8
0
  5
1E6C
 10
111.729
 20
-124.682
 30
0.000000
  70
    32
  0
VERTEX
  8
0
  5
1E6D
 10
111.763
 20
-124.628
 30
0.000000
  70
    32
  0
VERTEX
  8
0
  5
1E6E
 10
111.796
 20
-124.575
 30
0.000000
  70
    32
  0
VERTEX
  8
0
  5
1E6F
 10
111.830
 20
-124.521
 30
0.000000
  70
    32
  0
VERTEX
  8
0
  5
1E70
 10
111.864
 20
-124.468
 30
0.000000
  70
    32
  0
VERTEX
  8
0
  5
1E71
 10
111.898
 20
-124.415
 30
0.000000
  70
    32
  0
VERTEX
  8
0
  5
1E72
 10
111.932
 20
-124.361
 30
0.000000
  70
    32
  0
VERTEX
  8
0
  5
1E73
 10
111.966
 20
-124.308
 30
0.000000
  70
    32
  0
VERTEX
  8
0
  5
1E74
 10
112.000
 20
-124.255
 30
0.000000
  70
    32
  0
VERTEX
  8
0
  5
1E75
 10
112.034
 20
-124.201
 30
0.000000
  70
    32
  0
VERTEX
  8
0
  5
1E76
 10
112.068
 20
-124.148
 30
0.000000
  70
    32
  0
VERTEX
  8
0
  5
1E77
 10
112.102
 20
-124.095
 30
0.000000
  70
    32
  0
VERTEX
  8
0
  5
1E78
 10
112.136
 20
-124.041
 30
0.000000
  70
    32
  0
VERTEX
  8
0
  5
1E79
 10
112.170
 20
-123.988
 30
0.000000
  70
    32
  0
VERTEX
  8
0
  5
1E7A
 10
112.204
 20
-123.935
 30
0.000000
  70
    32
  0
VERTEX
  8
0
  5
1E7B
 10
112.238
 20
-123.882
 30
0.000000
  70
    32
  0
VERTEX
  8
0
  5
1E7C
 10
112.272
 20
-123.828
 30
0.000000
  70
    32
  0
VERTEX
  8
0
  5
1E7D
 10
112.306
 20
-123.775
 30
0.000000
  70
    32
  0
VERTEX
  8
0
  5
1E7E
 10
112.340
 20
-123.722
 30
0.000000
  70
    32
  0
VERTEX
  8
0
  5
1E7F
 10
112.374
 20
-123.669
 30
0.000000
  70
    32
  0
VERTEX
  8
0
  5
1E80
 10
112.408
 20
-123.615
 30
0.000000
  70
    32
  0
VERTEX
  8
0
  5
1E81
 10
112.442
 20
-123.562
 30
0.000000
  70
    32
  0
VERTEX
  8
0
  5
1E82
 10
112.476
 20
-123.509
 30
0.000000
  70
    32
  0
VERTEX
  8
0
  5
1E83
 10
112.510
 20
-123.456
 30
0.000000
  70
    32
  0
VERTEX
  8
0
  5
1E84
 10
112.544
 20
-123.403
 30
0.000000
  70
    32
  0
VERTEX
  8
0
  5
1E85
 10
112.579
 20
-123.350
 30
0.000000
  70
    32
  0
VERTEX
  8
0
  5
1E86
 10
112.613
 20
-123.296
 30
0.000000
  70
    32
  0
VERTEX
  8
0
  5
1E87
 10
112.647
 20
-123.243
 30
0.000000
  70
    32
  0
VERTEX
  8
0
  5
1E88
 10
112.681
 20
-123.190
 30
0.000000
  70
    32
  0
VERTEX
  8
0
  5
1E89
 10
112.715
 20
-123.137
 30
0.000000
  70
    32
  0
VERTEX
  8
0
  5
1E8A
 10
112.749
 20
-123.084
 30
0.000000
  70
    32
  0
VERTEX
  8
0
  5
1E8B
 10
112.783
 20
-123.031
 30
0.000000
  70
    32
  0
VERTEX
  8
0
  5
1E8C
 10
112.818
 20
-122.978
 30
0.000000
  70
    32
  0
VERTEX
  8
0
  5
1E8D
 10
112.852
 20
-122.924
 30
0.000000
  70
    32
  0
VERTEX
  8
0
  5
1E8E
 10
112.886
 20
-122.871
 30
0.000000
  70
    32
  0
VERTEX
  8
0
  5
1E8F
 10
112.920
 20
-122.818
 30
0.000000
  70
    32
  0
VERTEX
  8
0
  5
1E90
 10
112.954
 20
-122.765
 30
0.000000
  70
    32
  0
VERTEX
  8
0
  5
1E91
 10
112.989
 20
-122.712
 30
0.000000
  70
    32
  0
VERTEX
  8
0
  5
1E92
 10
113.023
 20
-122.659
 30
0.000000
  70
    32
  0
VERTEX
  8
0
  5
1E93
 10
113.057
 20
-122.606
 30
0.000000
  70
    32
  0
VERTEX
  8
0
  5
1E94
 10
113.091
 20
-122.553
 30
0.000000
  70
    32
  0
VERTEX
  8
0
  5
1E95
 10
113.125
 20
-122.500
 30
0.000000
  70
    32
  0
SEQEND
  8
0
  5
1E96
  0
LINE
  5
7C8
  8
0
  6
CONTINUOUS
 62
     7
 10
7.200323862962942
 20
-160.31940515339559
 30
0.0
 11
7.200323862962942
 21
-174.99960000000141
 31
0.0
  0
LINE
  5
7C9
  8
0
  6
CONTINUOUS
 62
     7
 10
7.200323862962942
 20
-109.6797948466036
 30
0.0
 11
7.200323862962942
 21
-94.999599999999603
 31
0.0
  0
LINE
  5
7CA
  8
0
  6
CONTINUOUS
 62
     7
 10
7.200323862962942
 20
-45.319405153395628
 30
0.0
 11
7.200323862962942
 21
-59.999599999999582
 31
0.0
  0
LINE
  5
7CB
  8
0
  6
CONTINUOUS
 62
     7
 10
7.200323862962942
 20
20.000400000000429
 30
0.0
 11
7.200323862962942
 21
5.3202051533964481
 31
0.0
  0
LINE
  5
7CC
  8
0
  6
CONTINUOUS
 62
     7
 10
20.00032386296294
 20
-134.99959999999959
 30
0.0
 11
20.00032386296294
 21
-100.49960089624059
 31
0.0
  0
LINE
  5
7CD
  8
0
  6
CONTINUOUS
 62
     7
 10
17.30032386296039
 20
-99.999600896238405
 30
0.0
 11
19.50032386296294
 21
-99.999600896240196
 31
0.0
  0
LINE
  5
7CE
  8
0
  6
CONTINUOUS
 62
     7
 10
19.50032386296294
 20
-169.9996000000034
 30
0.0
 11
17.30032386296039
 21
-169.99960000000959
 31
0.0
  0
LINE
  5
7CF
  8
0
  6
CONTINUOUS
 62
     7
 10
20.00032386296294
 20
-169.499600000002
 30
0.0
 11
20.00032386296294
 21
-134.99959999999959
 31
0.0
  0
LINE
  5
7D0
  8
0
  6
CONTINUOUS
 62
     7
 10
19.50032386296294
 20
-99.999600896240196
 30
0.0
 11
20.00032386296294
 21
-100.49960089624059
 31
0.0
  0
LINE
  5
7D1
  8
0
  6
CONTINUOUS
 62
     7
 10
20.00032386296294
 20
-169.499600000002
 30
0.0
 11
19.50032386296294
 21
-169.9996000000034
 31
0.0
  0
LINE
  5
7D2
  8
0
  6
CONTINUOUS
 62
     7
 10
20.00032386296294
 20
-54.499600000001962
 30
0.0
 11
19.50032386296294
 21
-54.99960000000339
 31
0.0
  0
LINE
  5
7D3
  8
0
  6
CONTINUOUS
 62
     7
 10
19.50032386296294
 20
15.00039910375982
 30
0.0
 11
20.00032386296294
 21
14.50039910375941
 31
0.0
  0
LINE
  5
7D6
  8
0
  6
CONTINUOUS
 62
     7
 10
46.500323862962929
 20
-140.49959999999959
 30
0.0
 11
47.000323862962922
 21
-139.99959999999959
 31
0.0
  0
LINE
  5
7D7
  8
0
  6
CONTINUOUS
 62
     7
 10
47.000323862962922
 20
-129.99959999999959
 30
0.0
 11
46.500323862962929
 21
-129.49959999999959
 31
0.0
  0
LINE
  5
7E5
  8
0
  6
CONTINUOUS
 62
     7
 10
-32.799676137037061
 20
-116.49959910375991
 30
0.0
 11
-33.299676137037054
 21
-116.49959910375991
 31
0.0
  0
LINE
  5
7E6
  8
0
  6
CONTINUOUS
 62
     7
 10
-33.299676137037054
 20
-110.49959910375991
 30
0.0
 11
-33.299676137037054
 21
-116.49959910375991
 31
0.0
  0
LINE
  5
7E7
  8
0
  6
CONTINUOUS
 62
     7
 10
-33.299676137037054
 20
-110.49959910375991
 30
0.0
 11
-32.799676137037061
 21
-110.49959910375991
 31
0.0
  0
LINE
  5
7E8
  8
0
  6
CONTINUOUS
 62
     7
 10
-33.999676137026867
 20
-110.549599103761
 30
0.0
 11
-33.299676137037054
 21
-110.549599103761
 31
0.0
  0
LINE
  5
7E9
  8
0
  6
CONTINUOUS
 62
     7
 10
-33.999676137026867
 20
-110.549599103761
 30
0.0
 11
-33.999676137026867
 21
-116.4495991037606
 31
0.0
  0
LINE
  5
7EA
  8
0
  6
CONTINUOUS
 62
     7
 10
-33.299676137037054
 20
-116.4495991037606
 30
0.0
 11
-33.999676137026867
 21
-116.4495991037606
 31
0.0
  0
LINE
  5
7EB
  8
0
  6
CONTINUOUS
 62
     7
 10
-34.846925019897967
 20
-116.1754744313216
 30
0.0
 11
-33.999676137026867
 21
-116.24959910375991
 31
0.0
  0
LINE
  5
7EC
  8
0
  6
CONTINUOUS
 62
     7
 10
-33.999676137026867
 20
-110.74959910375991
 30
0.0
 11
-34.846925019897967
 21
-110.8237237761973
 31
0.0
  0
LINE
  5
7ED
  8
0
  6
CONTINUOUS
 62
     7
 10
-30.79967613703705
 20
-104.4995999999996
 30
0.0
 11
-30.79967613703705
 21
-94.999599999999603
 31
0.0
  0
LINE
  5
7EE
  8
0
  6
CONTINUOUS
 62
     7
 10
-30.299676137037061
 20
-102.6495999999992
 30
0.0
 11
-30.299676137037061
 21
-96.349599999999967
 31
0.0
  0
LINE
  5
7EF
  8
0
  6
CONTINUOUS
 62
     7
 10
-29.949676137039422
 20
-95.999599999999603
 30
0.0
 11
-29.949676137039422
 21
-102.9995999999996
 31
0.0
  0
LINE
  5
7F0
  8
0
  6
CONTINUOUS
 62
     7
 10
-30.299676137037061
 20
-102.6495999999992
 30
0.0
 11
-29.949676137039422
 21
-102.9995999999996
 31
0.0
  0
LINE
  5
7F1
  8
0
  6
CONTINUOUS
 62
     7
 10
-29.949676137039422
 20
-95.999599999999603
 30
0.0
 11
-30.299676137037061
 21
-96.349599999999967
 31
0.0
  0
LINE
  5
7F2
  8
0
  6
DASH_CENTER
 62
     1
 10
-45.599676137048149
 20
-170.4996000000086
 30
0.0
 11
-40.899676137037403
 21
-170.4996000000086
 31
0.0
  0
LINE
  5
7F3
  8
0
  6
CONTINUOUS
 62
     7
 10
-43.181665941316382
 20
-172.68118475709659
 30
0.0
 11
-42.399676137037417
 21
-172.74959999996489
 31
0.0
  0
LINE
  5
7F4
  8
0
  6
CONTINUOUS
 62
     7
 10
-42.399676137037417
 20
-168.249599999965
 30
0.0
 11
-43.181665941316382
 21
-168.31801524283259
 31
0.0
  0
LINE
  5
7F5
  8
0
  6
DASH_CENTER
 62
     1
 10
-46.499676137047771
 20
-99.499599999999603
 30
0.0
 11
-40.899676137037403
 21
-99.499599999999603
 31
0.0
  0
LINE
  5
7F6
  8
0
  6
CONTINUOUS
 62
     7
 10
-43.299676137057972
 20
-97.249599999955919
 30
0.0
 11
-44.081665941317837
 21
-97.318015242822568
 31
0.0
  0
LINE
  5
7F7
  8
0
  6
CONTINUOUS
 62
     7
 10
-44.081665941317837
 20
-101.6811847570884
 30
0.0
 11
-43.299676137057972
 21
-101.7495999999559
 31
0.0
  0
LINE
  5
7F8
  8
0
  6
CONTINUOUS
 62
     7
 10
-42.699676137048492
 20
-102.0995999999563
 30
0.0
 11
-43.299676137057972
 21
-102.0995999999563
 31
0.0
  0
LINE
  5
7F9
  8
0
  6
CONTINUOUS
 62
     7
 10
-43.299676137057972
 20
-102.0995999999563
 30
0.0
 11
-43.299676137057972
 21
-96.899599999957417
 31
0.0
  0
LINE
  5
7FA
  8
0
  6
CONTINUOUS
 62
     7
 10
-43.299676137057972
 20
-96.899599999957417
 30
0.0
 11
-42.699676137048492
 21
-96.899599999957417
 31
0.0
  0
LINE
  5
7FB
  8
0
  6
CONTINUOUS
 62
     7
 10
-42.399676137037417
 20
-102.3495999999563
 30
0.0
 11
-42.699676137048492
 21
-102.3495999999563
 31
0.0
  0
LINE
  5
7FC
  8
0
  6
CONTINUOUS
 62
     7
 10
-42.699676137048492
 20
-102.3495999999563
 30
0.0
 11
-42.699676137048492
 21
-96.649599999957402
 31
0.0
  0
LINE
  5
7FD
  8
0
  6
CONTINUOUS
 62
     7
 10
-42.699676137048492
 20
-96.649599999957402
 30
0.0
 11
-42.399676137037417
 21
-96.649599999957402
 31
0.0
  0
LINE
  5
7FE
  8
0
  6
CONTINUOUS
 62
     7
 10
-42.399676137037417
 20
-118.7495999999941
 30
0.0
 11
-43.181665941316382
 21
-118.8180152428617
 31
0.0
  0
LINE
  5
7FF
  8
0
  6
CONTINUOUS
 62
     7
 10
-43.181665941316382
 20
-123.1811847571266
 30
0.0
 11
-42.399676137037417
 21
-123.2495999999941
 31
0.0
  0
LINE
  5
800
  8
0
  6
DASH_CENTER
 62
     1
 10
-45.599676137048149
 20
-120.99960000003691
 30
0.0
 11
-40.899676137037403
 21
-120.99960000003691
 31
0.0
  0
LINE
  5
801
  8
0
  6
CONTINUOUS
 62
     7
 10
-26.29967613703705
 20
-103.4995999999996
 30
0.0
 11
-26.29967613703705
 21
-95.499599999999603
 31
0.0
  0
LINE
  5
802
  8
0
  6
CONTINUOUS
 62
     7
 10
-29.949676137039422
 20
-95.999599999999603
 30
0.0
 11
-26.29967613703705
 21
-95.999599999999603
 31
0.0
  0
LINE
  5
803
  8
0
  6
CONTINUOUS
 62
     7
 10
-26.29967613703705
 20
-102.9995999999996
 30
0.0
 11
-29.949676137039422
 21
-102.9995999999996
 31
0.0
  0
LINE
  5
804
  8
0
  6
CONTINUOUS
 62
     7
 10
-26.29967613703705
 20
-95.499599999999603
 30
0.0
 11
-25.79967613703705
 21
-95.499599999999603
 31
0.0
  0
LINE
  5
805
  8
0
  6
CONTINUOUS
 62
     7
 10
-26.29967613703705
 20
-103.4995999999996
 30
0.0
 11
-25.79967613703705
 21
-103.4995999999996
 31
0.0
  0
LINE
  5
806
  8
0
  6
DASH_CENTER
 62
     1
 10
-31.799676137037061
 20
-99.499599999999603
 30
0.0
 11
-24.299676137037061
 21
-99.499599999999603
 31
0.0
  0
LINE
  5
807
  8
0
  6
CONTINUOUS
 62
     7
 10
-25.79967613703705
 20
-104.4995999999996
 30
0.0
 11
-25.79967613703705
 21
-94.999599630959352
 31
0.0
  0
LINE
  5
808
  8
0
  6
CONTINUOUS
 62
     7
 10
-30.79967613703705
 20
-104.4995999999996
 30
0.0
 11
-25.79967613703705
 21
-104.4995999999996
 31
0.0
  0
LINE
  5
809
  8
0
  6
CONTINUOUS
 62
     7
 10
-28.79967613703705
 20
-160.99959999999959
 30
0.0
 11
-28.79967613703705
 21
-159.99959999999959
 31
0.0
  0
LINE
  5
80A
  8
0
  6
CONTINUOUS
 62
     7
 10
-28.79967613703705
 20
-152.99959999999959
 30
0.0
 11
-28.79967613703705
 21
-151.49959999999959
 31
0.0
  0
LINE
  5
80B
  8
0
  6
CONTINUOUS
 62
     7
 10
-28.79967613703705
 20
-160.99959999999959
 30
0.0
 11
-28.79967613703705
 21
-174.99960000000141
 31
0.0
  0
LINE
  5
80C
  8
0
  6
DASH_CENTER
 62
     1
 10
-31.799676137037061
 20
-156.49959999999959
 30
0.0
 11
-24.299676137037061
 21
-156.49959999999959
 31
0.0
  0
LINE
  5
80D
  8
0
  6
CONTINUOUS
 62
     7
 10
-26.29967613703705
 20
-160.49959999999959
 30
0.0
 11
-25.79967613703705
 21
-160.49959999999959
 31
0.0
  0
LINE
  5
80E
  8
0
  6
CONTINUOUS
 62
     7
 10
-26.29967613703705
 20
-152.49959999999959
 30
0.0
 11
-25.79967613703705
 21
-152.49959999999959
 31
0.0
  0
LINE
  5
80F
  8
0
  6
CONTINUOUS
 62
     7
 10
-29.949676137039422
 20
-152.99959999999959
 30
0.0
 11
-30.299676137037061
 21
-153.34960000000001
 31
0.0
  0
LINE
  5
810
  8
0
  6
CONTINUOUS
 62
     7
 10
-30.299676137037061
 20
-159.64959999999911
 30
0.0
 11
-29.949676137039422
 21
-159.99959999999959
 31
0.0
  0
LINE
  5
811
  8
0
  6
CONTINUOUS
 62
     7
 10
-29.949676137039422
 20
-152.99959999999959
 30
0.0
 11
-29.949676137039422
 21
-159.99959999999959
 31
0.0
  0
LINE
  5
812
  8
0
  6
CONTINUOUS
 62
     7
 10
-30.299676137037061
 20
-159.64959999999911
 30
0.0
 11
-30.299676137037061
 21
-153.34960000000001
 31
0.0
  0
LINE
  5
813
  8
0
  6
CONTINUOUS
 62
     7
 10
-26.29967613703705
 20
-159.99959999999959
 30
0.0
 11
-29.949676137039422
 21
-159.99959999999959
 31
0.0
  0
LINE
  5
814
  8
0
  6
CONTINUOUS
 62
     7
 10
-29.949676137039422
 20
-152.99959999999959
 30
0.0
 11
-26.29967613703705
 21
-152.99959999999959
 31
0.0
  0
LINE
  5
815
  8
0
  6
CONTINUOUS
 62
     7
 10
-26.29967613703705
 20
-160.49959999999959
 30
0.0
 11
-26.29967613703705
 21
-152.49959999999959
 31
0.0
  0
LINE
  5
816
  8
0
  6
CONTINUOUS
 62
     7
 10
-25.79967613703705
 20
-151.49959999999959
 30
0.0
 11
-25.79967613703705
 21
-160.99959999999959
 31
0.0
  0
LINE
  5
817
  8
0
  6
CONTINUOUS
 62
     7
 10
-28.79967613703705
 20
-151.49959999999959
 30
0.0
 11
-25.79967613703705
 21
-151.49959999999959
 31
0.0
  0
LINE
  5
818
  8
0
  6
CONTINUOUS
 62
     7
 10
-30.79967613703705
 20
-151.49959999999959
 30
0.0
 11
-28.79967613703705
 21
-151.49959999999959
 31
0.0
  0
LINE
  5
819
  8
0
  6
CONTINUOUS
 62
     7
 10
-30.79967613703705
 20
-160.99959999999959
 30
0.0
 11
-30.79967613703705
 21
-151.49959999999959
 31
0.0
  0
LINE
  5
81A
  8
0
  6
CONTINUOUS
 62
     7
 10
-41.399676137037403
 20
-94.999599999999603
 30
0.0
 11
-28.79967613703705
 21
-94.999599999999603
 31
0.0
  0
LINE
  5
81B
  8
0
  6
CONTINUOUS
 62
     7
 10
-40.899676137037403
 20
-99.999599999999603
 30
0.0
 11
-40.899676137037403
 21
-108.9995999999996
 31
0.0
  0
LINE
  5
81C
  8
0
  6
CONTINUOUS
 62
     7
 10
-41.399676137037403
 20
-99.999599999999603
 30
0.0
 11
-40.899676137037403
 21
-99.999599999999603
 31
0.0
  0
LINE
  5
81D
  8
0
  6
CONTINUOUS
 62
     7
 10
-40.899676137037403
 20
-117.9995991037499
 30
0.0
 11
-40.899676137037403
 21
-160.99959999999959
 31
0.0
  0
LINE
  5
81E
  8
0
  6
CONTINUOUS
 62
     7
 10
-41.399676137037403
 20
-108.9995999999996
 30
0.0
 11
-28.79967613703705
 21
-108.9995999999996
 31
0.0
  0
LINE
  5
81F
  8
0
  6
CONTINUOUS
 62
     7
 10
-40.899676137037403
 20
-160.99959999999959
 30
0.0
 11
-28.79967613703705
 21
-160.99959999999959
 31
0.0
  0
LINE
  5
820
  8
0
  6
DASH_CENTER
 62
     1
 10
-31.29967613703705
 20
-113.49959910375991
 30
0.0
 11
-37.679676137038953
 21
-113.49959910375991
 31
0.0
  0
LINE
  5
821
  8
0
  6
CONTINUOUS
 62
     7
 10
-32.799676137037061
 20
-108.9995999999996
 30
0.0
 11
-32.799676137037061
 21
-117.9995991037499
 31
0.0
  0
LINE
  5
822
  8
0
  6
CONTINUOUS
 62
     7
 10
-32.799676137037061
 20
-117.9995991037499
 30
0.0
 11
-41.399676137037403
 21
-117.9995991037499
 31
0.0
  0
LINE
  5
823
  8
0
  6
CONTINUOUS
 62
     7
 10
-40.899676137037403
 20
-168.74960000000871
 30
0.0
 11
-40.899676137037403
 21
-160.99959999999959
 31
0.0
  0
LINE
  5
824
  8
0
  6
CONTINUOUS
 62
     7
 10
-41.399676137037403
 20
-168.74960000000871
 30
0.0
 11
-40.899676137037403
 21
-168.74960000000871
 31
0.0
  0
LINE
  5
825
  8
0
  6
CONTINUOUS
 62
     7
 10
-28.79967613703705
 20
-160.99959999999959
 30
0.0
 11
-23.599376137065729
 21
-160.99959999999959
 31
0.0
  0
LINE
  5
826
  8
0
  6
CONTINUOUS
 62
     7
 10
-28.79967613703705
 20
-108.9995999999996
 30
0.0
 11
-23.599376137054819
 21
-108.9995999999996
 31
0.0
  0
LINE
  5
827
  8
0
  6
CONTINUOUS
 62
     7
 10
-23.699376137086102
 20
-174.99960000000141
 30
0.0
 11
-28.79967613703705
 21
-174.99960000000141
 31
0.0
  0
LINE
  5
828
  8
0
  6
CONTINUOUS
 62
     7
 10
-23.599376137085709
 20
-174.89960000000289
 30
0.0
 11
-23.699376137086102
 21
-174.99960000000141
 31
0.0
  0
LINE
  5
829
  8
0
  6
CONTINUOUS
 62
     7
 10
-28.79967613703705
 20
-102.9995999999996
 30
0.0
 11
-28.79967613703705
 21
-151.49959999999959
 31
0.0
  0
LINE
  5
82A
  8
0
  6
CONTINUOUS
 62
     7
 10
-23.699376137046091
 20
-94.999599999999603
 30
0.0
 11
-28.79967613703705
 21
-94.999593199109256
 31
0.0
  0
LINE
  5
82B
  8
0
  6
CONTINUOUS
 62
     7
 10
7.200323862962942
 20
-108.9995999999996
 30
0.0
 11
-23.599376137054819
 21
-108.9995999999996
 31
0.0
  0
LINE
  5
82C
  8
0
  6
CONTINUOUS
 62
     7
 10
9.0003238629629454
 20
-94.999599999999603
 30
0.0
 11
9.0003238629629454
 21
-109.6797948466036
 31
0.0
  0
LINE
  5
82D
  8
0
  6
CONTINUOUS
 62
     7
 10
7.200323862962942
 20
-160.99959999999959
 30
0.0
 11
-23.599376137065729
 21
-160.99959999999959
 31
0.0
  0
LINE
  5
82E
  8
0
  6
CONTINUOUS
 62
     7
 10
9.0003238629629454
 20
-174.99960000000141
 30
0.0
 11
9.0003238629629454
 21
-160.31940515339559
 31
0.0
  0
LINE
  5
82F
  8
0
  6
CONTINUOUS
 62
     7
 10
-23.49937613704445
 20
-174.99960000000141
 30
0.0
 11
-23.59937613704572
 21
-174.89960000000289
 31
0.0
  0
LINE
  5
830
  8
0
  6
CONTINUOUS
 62
     7
 10
-23.59937613704572
 20
-95.099600000000862
 30
0.0
 11
-23.599376137065729
 21
-174.8995999999847
 31
0.0
  0
LINE
  5
831
  8
0
  6
CONTINUOUS
 62
     7
 10
-23.49937613704445
 20
-174.99960000000141
 30
0.0
 11
16.500323862962968
 21
-174.99960000000141
 31
0.0
  0
LINE
  5
832
  8
0
  6
CONTINUOUS
 62
     7
 10
16.500323862962968
 20
-174.99960000000141
 30
0.0
 11
17.00032386296294
 21
-174.49960000000871
 31
0.0
  0
LINE
  5
833
  8
0
  6
CONTINUOUS
 62
     7
 10
17.00032386296294
 20
-95.499599999994146
 30
0.0
 11
17.00032386296294
 21
-174.49960000000871
 31
0.0
  0
LINE
  5
834
  8
0
  6
CONTINUOUS
 62
     7
 10
17.00032386296294
 20
-95.499599999994146
 30
0.0
 11
16.50032386296294
 21
-94.999599999999603
 31
0.0
  0
LINE
  5
835
  8
0
  6
CONTINUOUS
 62
     7
 10
16.50032386296294
 20
-94.999599999999603
 30
0.0
 11
-23.49937613704445
 21
-94.999599999999603
 31
0.0
  0
LINE
  5
836
  8
0
  6
CONTINUOUS
 62
     7
 10
-42.399676137037417
 20
-95.249599107905368
 30
0.0
 11
-41.399676137037403
 21
-95.249599107905368
 31
0.0
  0
LINE
  5
837
  8
0
  6
CONTINUOUS
 62
     7
 10
-44.931356292788422
 20
-110.9051715837617
 30
0.0
 11
-42.567094248068528
 21
-107.3513988093586
 31
0.0
  0
LINE
  5
83C
  8
0
  6
CONTINUOUS
 62
     7
 10
-45.299676137037032
 20
-112.1237559292353
 30
0.0
 11
-45.299676137037032
 21
-134.9995991037562
 31
0.0
  0
LINE
  5
83D
  8
0
  6
CONTINUOUS
 62
     7
 10
-42.399676137037417
 20
-134.99959999999959
 30
0.0
 11
-42.399676137037417
 21
-95.249599107905368
 31
0.0
  0
LINE
  5
83E
  8
0
  6
CONTINUOUS
 62
     7
 10
-45.299676137037032
 20
-134.9995991037562
 30
0.0
 11
-45.299676137037032
 21
-157.87544227827809
 31
0.0
  0
LINE
  5
843
  8
0
  6
CONTINUOUS
 62
     7
 10
-42.567094248068528
 20
-162.70824984553329
 30
0.0
 11
-44.931356292788422
 21
-159.09402662375439
 31
0.0
  0
LINE
  5
844
  8
0
  6
CONTINUOUS
 62
     7
 10
-42.399676137037417
 20
-174.7495990996089
 30
0.0
 11
-42.399676137037417
 21
-134.99959999999959
 31
0.0
  0
LINE
  5
845
  8
0
  6
CONTINUOUS
 62
     7
 10
-41.399676137037403
 20
-94.999599999999603
 30
0.0
 11
-41.399676137037403
 21
-174.99959910375989
 31
0.0
  0
LINE
  5
846
  8
0
  6
CONTINUOUS
 62
     7
 10
-41.399676137037403
 20
-174.7495990996089
 30
0.0
 11
-42.399676137037417
 21
-174.7495990996089
 31
0.0
  0
LINE
  5
847
  8
0
  6
CONTINUOUS
 62
     7
 10
-41.399676137037403
 20
-174.99959910375989
 30
0.0
 11
-28.79967613703705
 21
-174.99959910375989
 31
0.0
  0
LINE
  5
848
  8
0
  6
CONTINUOUS
 62
     7
 10
-29.299676137037061
 20
-152.99959999999959
 30
0.0
 11
-29.299676137037061
 21
-115.2495999999996
 31
0.0
  0
LINE
  5
849
  8
0
  6
CONTINUOUS
 62
     7
 10
-29.299676137037061
 20
-115.2495999999996
 30
0.0
 11
-28.79967613703705
 21
-115.2495999999996
 31
0.0
  0
LINE
  5
84A
  8
0
  6
CONTINUOUS
 62
     7
 10
-29.299676137037061
 20
-159.99959999999959
 30
0.0
 11
-29.299676137037061
 21
-168.74959999999959
 31
0.0
  0
LINE
  5
84B
  8
0
  6
CONTINUOUS
 62
     7
 10
-29.299676137037061
 20
-168.74959999999959
 30
0.0
 11
-28.79967613703705
 21
-168.74959999999959
 31
0.0
  0
LINE
  5
854
  8
0
  6
CONTINUOUS
 62
     7
 10
46.500323862962929
 20
-129.49959999999959
 30
0.0
 11
20.00032386296294
 21
-129.49959999999959
 31
0.0
  0
LINE
  5
855
  8
0
  6
CONTINUOUS
 62
     7
 10
20.00032386296294
 20
-140.49959999999959
 30
0.0
 11
46.500323862962929
 21
-140.49959999999959
 31
0.0
  0
LINE
  5
856
  8
0
  6
DASH_CENTER
 62
     1
 10
-50.299676137037032
 20
-134.99959999999959
 30
0.0
 11
52.000323862961991
 21
-134.99959999999959
 31
0.0
  0
LINE
  5
857
  8
0
  6
CONTINUOUS
 62
     7
 10
47.000323862962922
 20
-139.99959999999959
 30
0.0
 11
47.000323862962922
 21
-129.99959999999959
 31
0.0
  0
LINE
  5
863
  8
0
  6
CONTINUOUS
 62
     7
 10
-28.79967613703705
 20
-94.999599999999603
 30
0.0
 11
-28.79967613703705
 21
-95.999599999999603
 31
0.0
  0
LINE
  5
864
  8
0
  6
CONTINUOUS
 62
     7
 10
-29.299676137037061
 20
-95.999599999999603
 30
0.0
 11
-29.299676137037061
 21
-94.999599999999603
 31
0.0
  0
LINE
  5
865
  8
0
  6
CONTINUOUS
 62
     7
 10
-29.299676137037061
 20
-102.9995999999996
 30
0.0
 11
-29.299676137037061
 21
-108.9995999999996
 31
0.0
  0
LINE
  5
866
  8
0
  6
CONTINUOUS
 62
     7
 10
-174.49928216203099
 20
27.575179322504081
 30
0.0
 11
-174.49928216203099
 21
28.9962049881902
 31
0.0
  0
LINE
  5
888
  8
0
  6
DASH_CENTER
 62
     1
 10
-176.3492821620294
 20
30.90040000000187
 30
0.0
 11
-176.3492821620294
 21
26.10040000000259
 31
0.0
  0
LINE
  5
889
  8
0
  6
CONTINUOUS
 62
     7
 10
-226.99928216203099
 20
1.32020515339678
 30
0.0
 11
-226.99928216203099
 21
-53.999599999999603
 31
0.0
  0
LINE
  5
88A
  8
0
  6
CONTINUOUS
 62
     7
 10
-220.99928216203099
 20
-59.999600000001401
 30
0.0
 11
-152.99928216203099
 21
-59.999600000001401
 31
0.0
  0
LINE
  5
88B
  8
0
  6
CONTINUOUS
 62
     7
 10
-146.99928216204191
 20
-41.999599999999589
 30
0.0
 11
-146.99928216203099
 21
-53.999599999999603
 31
0.0
  0
LINE
  5
88C
  8
0
  6
DASH_CENTER
 62
     1
 10
-159.4221176957619
 20
-47.576764466274128
 30
0.0
 11
-150.93683632152189
 21
-56.062045840514152
 31
0.0
  0
LINE
  5
88D
  8
0
  6
DASH_CENTER
 62
     1
 10
-214.576446628311
 20
-47.576764466274128
 30
0.0
 11
-223.06172800255101
 21
-56.062045840514152
 31
0.0
  0
LINE
  5
88E
  8
0
  6
DASH_CENTER
 62
     1
 10
-214.576446628311
 20
7.5775644662767796
 30
0.0
 11
-223.06172800255101
 21
16.062845840513148
 31
0.0
  0
LINE
  5
88F
  8
0
  6
CONTINUOUS
 62
     7
 10
-208.99928216203099
 20
20.000400000000429
 30
0.0
 11
-220.99928216203099
 21
20.000400000000429
 31
0.0
  0
LINE
  5
890
  8
0
  6
CONTINUOUS
 62
     7
 10
-226.99928216203099
 20
14.000400000000409
 30
0.0
 11
-226.99928216203099
 21
2.000400000000409
 31
0.0
  0
LINE
  5
891
  8
0
  6
DASH_CENTER
 62
     1
 10
-159.4221176957619
 20
7.5775644662767796
 30
0.0
 11
-150.93683632152189
 21
16.06284584051679
 31
0.0
  0
LINE
  5
892
  8
0
  6
CONTINUOUS
 62
     7
 10
-146.99928216204191
 20
2.000400000000409
 30
0.0
 11
-146.99928216203099
 21
14.000400000000409
 31
0.0
  0
LINE
  5
893
  8
0
  6
CONTINUOUS
 62
     7
 10
-152.99928216203099
 20
20.000400000000429
 30
0.0
 11
-153.99928216203099
 21
20.000400000000429
 31
0.0
  0
LINE
  5
894
  8
0
  6
CONTINUOUS
 62
     7
 10
-176.99928216204191
 20
20.000400000000429
 30
0.0
 11
-153.99928216203099
 21
20.000400000000429
 31
0.0
  0
LINE
  5
895
  8
0
  6
CONTINUOUS
 62
     7
 10
-161.86588242738091
 20
-50.999600000008677
 30
0.0
 11
-165.49928216203099
 21
-50.999600000008677
 31
0.0
  0
LINE
  5
896
  8
0
  6
CONTINUOUS
 62
     7
 10
-169.99928216207101
 20
-57.999599999999589
 30
0.0
 11
-169.99928216207101
 21
-54.249600000008677
 31
0.0
  0
LINE
  5
897
  8
0
  6
CONTINUOUS
 62
     7
 10
-212.13268189669111
 20
11.000400000000409
 30
0.0
 11
-208.49928216203099
 21
11.000400000000409
 31
0.0
  0
LINE
  5
898
  8
0
  6
CONTINUOUS
 62
     7
 10
-203.99928216203099
 20
18.000400000000429
 30
0.0
 11
-203.99928216203099
 21
14.250400000000409
 31
0.0
  0
LINE
  5
899
  8
0
  6
CONTINUOUS
 62
     7
 10
-222.99928216203099
 20
6.0004000000004103
 30
0.0
 11
-220.49928216203099
 21
6.0004000000004103
 31
0.0
  0
LINE
  5
89A
  8
0
  6
CONTINUOUS
 62
     7
 10
-212.99928216203099
 20
16.000400000000429
 30
0.0
 11
-212.99928216203099
 21
13.500400000000409
 31
0.0
  0
LINE
  5
89B
  8
0
  6
CONTINUOUS
 62
     7
 10
-212.99928216202829
 20
-55.99959999999686
 30
0.0
 11
-212.99928216202829
 21
-53.49959999999686
 31
0.0
  0
LINE
  5
89C
  8
0
  6
CONTINUOUS
 62
     7
 10
-222.99928216202829
 20
-45.999599999996853
 30
0.0
 11
-220.49928216202829
 21
-45.999599999996853
 31
0.0
  0
LINE
  5
89D
  8
0
  6
CONTINUOUS
 62
     7
 10
-160.99928216203099
 20
-55.999599999999603
 30
0.0
 11
-160.99928216203099
 21
-53.499599999999603
 31
0.0
  0
LINE
  5
89E
  8
0
  6
CONTINUOUS
 62
     7
 10
-150.99928216203099
 20
-45.999599999999589
 30
0.0
 11
-153.49928216203099
 21
-45.999599999999589
 31
0.0
  0
LINE
  5
89F
  8
0
  6
CONTINUOUS
 62
     7
 10
-150.99928216204191
 20
6.0004000000004103
 30
0.0
 11
-153.49928216204191
 21
6.0004000000004103
 31
0.0
  0
LINE
  5
8A0
  8
0
  6
CONTINUOUS
 62
     7
 10
-226.99928216203099
 20
2.000400000000409
 30
0.0
 11
-226.99928216204191
 21
-41.999599999997763
 31
0.0
  0
LINE
  5
8A1
  8
0
  6
CONTINUOUS
 62
     7
 10
-208.99928216203099
 20
-59.999600000001401
 30
0.0
 11
-164.99928216203099
 21
-59.999600000001401
 31
0.0
  0
LINE
  5
8A2
  8
0
  6
CONTINUOUS
 62
     7
 10
-146.99928216204191
 20
-41.999599999999589
 30
0.0
 11
-146.99928216204191
 21
2.000400000000409
 31
0.0
  0
LINE
  5
8A3
  8
0
  6
CONTINUOUS
 62
     7
 10
-176.99928216204191
 20
20.000400000000429
 30
0.0
 11
-208.99928216203099
 21
20.000400000000429
 31
0.0
  0
LINE
  5
8A4
  8
0
  6
DASH_CENTER
 62
     1
 10
-231.99928216204191
 20
-19.999599999999589
 30
0.0
 11
-141.99928216203099
 21
-19.999599999999589
 31
0.0
  0
LINE
  5
8A5
  8
0
  6
DASH_CENTER
 62
     1
 10
-186.99928216203099
 20
35.50040000000044
 30
0.0
 11
-186.99928216203099
 21
-64.999600000001394
 31
0.0
  0
LINE
  5
8A6
  8
0
  6
CONTINUOUS
 62
     7
 10
-150.99913787474111
 20
-45.749600004146892
 30
0.0
 11
-153.49928216142891
 21
-45.749600004146892
 31
0.0
  0
LINE
  5
8A7
  8
0
  6
CONTINUOUS
 62
     7
 10
-161.86572685250141
 20
-50.749600004154161
 30
0.0
 11
-165.49928216146071
 21
-50.749600004153251
 31
0.0
  0
LINE
  5
8A8
  8
0
  6
CONTINUOUS
 62
     7
 10
-170.24928216146071
 20
-57.999600004145961
 30
0.0
 11
-170.24928216146071
 21
-55.499600004153251
 31
0.0
  0
LINE
  5
8A9
  8
0
  6
CONTINUOUS
 62
     7
 10
-203.74928216203099
 20
18.000399995854028
 30
0.0
 11
-203.74928216203099
 21
15.500400000000409
 31
0.0
  0
LINE
  5
8AA
  8
0
  6
CONTINUOUS
 62
     7
 10
-212.13268189386071
 20
10.750400000000409
 30
0.0
 11
-208.49928216203099
 21
10.750400000000409
 31
0.0
  0
LINE
  5
8AB
  8
0
  6
CONTINUOUS
 62
     7
 10
-147.24928216203099
 20
2.0003999958540191
 30
0.0
 11
-147.24928216203099
 21
-19.999599999999589
 31
0.0
  0
LINE
  5
8AC
  8
0
  6
CONTINUOUS
 62
     7
 10
-153.99928216203099
 20
5.7503999958540204
 30
0.0
 11
-150.99928216204191
 21
5.750399995853118
 31
0.0
  0
LINE
  5
8AD
  8
0
  6
CONTINUOUS
 62
     7
 10
-186.99928216203099
 20
19.750399995853119
 30
0.0
 11
-164.99903277060841
 21
19.750399995854028
 31
0.0
  0
LINE
  5
8AE
  8
0
  6
CONTINUOUS
 62
     7
 10
-171.99928216146071
 20
-59.749600004145968
 30
0.0
 11
-186.99928216203099
 21
-59.749600004146892
 31
0.0
  0
LINE
  5
8AF
  8
0
  6
CONTINUOUS
 62
     7
 10
-147.24928216203099
 20
-41.999684921884587
 30
0.0
 11
-147.24928216203099
 21
-19.999599999999589
 31
0.0
  0
LINE
  5
8B0
  8
0
  6
CONTINUOUS
 62
     7
 10
-212.74928216142891
 20
-55.999600004146892
 30
0.0
 11
-212.74928216142891
 21
-53.499600004146892
 31
0.0
  0
LINE
  5
8B1
  8
0
  6
CONTINUOUS
 62
     7
 10
-222.99928216142891
 20
-45.749600004146892
 30
0.0
 11
-220.49928216142891
 21
-45.749600004146892
 31
0.0
  0
LINE
  5
8B2
  8
0
  6
CONTINUOUS
 62
     7
 10
-226.74928216142891
 20
-41.999600004146892
 30
0.0
 11
-226.74928216142891
 21
-19.999599999999589
 31
0.0
  0
LINE
  5
8B3
  8
0
  6
CONTINUOUS
 62
     7
 10
-208.99928216142891
 20
-59.749600004146892
 30
0.0
 11
-186.99928216203099
 21
-59.749600004146892
 31
0.0
  0
LINE
  5
8B4
  8
0
  6
CONTINUOUS
 62
     7
 10
-226.74928216142891
 20
2.00039999585311
 30
0.0
 11
-226.74928216142891
 21
-19.999600004146892
 31
0.0
  0
LINE
  5
8B5
  8
0
  6
CONTINUOUS
 62
     7
 10
-201.99928216203099
 20
19.750399995854028
 30
0.0
 11
-186.99928216203099
 21
19.750399995853119
 31
0.0
  0
LINE
  5
8B6
  8
0
  6
CONTINUOUS
 62
     7
 10
-222.99928216142891
 20
5.750399995853118
 30
0.0
 11
-220.49928216142891
 21
5.750399995853118
 31
0.0
  0
LINE
  5
8B7
  8
0
  6
DASH_CENTER
 62
     1
 10
-222.49928216202829
 20
-44.99959999999686
 30
0.0
 11
-222.49928216202829
 21
-37.99959999999686
 31
0.0
  0
LINE
  5
8B8
  8
0
  6
DASH_CENTER
 62
     1
 10
-225.99928216202829
 20
-41.49959999999686
 30
0.0
 11
-218.99928216202829
 21
-41.49959999999686
 31
0.0
  0
LINE
  5
8C1
  8
0
  6
DASH_CENTER
 62
     1
 10
-154.99928216203099
 20
1.500400000000409
 30
0.0
 11
-147.99928216203099
 21
1.500400000000409
 31
0.0
  0
LINE
  5
8C2
  8
0
  6
DASH_CENTER
 62
     1
 10
-151.49928216203099
 20
-1.9995999999995899
 30
0.0
 11
-151.49928216203099
 21
5.0004000000004103
 31
0.0
  0
LINE
  5
8C3
  8
0
  6
DASH_CENTER
 62
     1
 10
-200.99928216203099
 20
12.000400000000409
 30
0.0
 11
-200.99928216203099
 21
19.000400000000429
 31
0.0
  0
LINE
  5
8C4
  8
0
  6
DASH_CENTER
 62
     1
 10
-204.49928216203099
 20
15.500400000000409
 30
0.0
 11
-197.49928216203099
 21
15.500400000000409
 31
0.0
  0
LINE
  5
8CD
  8
0
  6
DASH_CENTER
 62
     1
 10
-176.49928216207101
 20
-55.499600000008677
 30
0.0
 11
-169.49928216207101
 21
-55.499600000008677
 31
0.0
  0
LINE
  5
8CE
  8
0
  6
DASH_CENTER
 62
     1
 10
-172.99928216207101
 20
-58.999600000008662
 30
0.0
 11
-172.99928216207101
 21
-51.99960000000867
 31
0.0
  0
LINE
  5
8CF
  8
0
  6
DASH_CENTER
 62
     1
 10
-189.09928216203039
 20
35.50040000000044
 30
0.0
 11
-189.09928216203039
 21
17.500400000013141
 31
0.0
  0
LINE
  5
8D0
  8
0
  6
CONTINUOUS
 62
     7
 10
-160.99928216204191
 20
16.00039999999677
 30
0.0
 11
-160.99928216204191
 21
13.50039999999677
 31
0.0
  0
LINE
  5
8D1
  8
0
  6
CONTINUOUS
 62
     7
 10
-161.2492821626403
 20
16.00040000414862
 30
0.0
 11
-161.2492821626403
 21
13.50040000414862
 31
0.0
  0
LINE
  5
8D2
  8
0
  6
CONTINUOUS
 62
     7
 10
-199.49928216203099
 20
25.94476438431462
 30
0.0
 11
-174.49928216203099
 21
25.94476438431462
 31
0.0
  0
LINE
  5
8D3
  8
0
  6
CONTINUOUS
 62
     7
 10
-199.49928216203099
 20
27.575179322504081
 30
0.0
 11
-174.49928216203099
 21
27.575179322504081
 31
0.0
  0
LINE
  5
8D4
  8
0
  6
CONTINUOUS
 62
     7
 10
-174.49928216203099
 20
25.94476438431462
 30
0.0
 11
-174.49928216203099
 21
27.37517932250336
 31
0.0
  0
LINE
  5
8D5
  8
0
  6
CONTINUOUS
 62
     7
 10
-199.49928216203099
 20
27.37517932250336
 30
0.0
 11
-199.49928216203099
 21
25.94476438431462
 31
0.0
  0
LINE
  5
8D6
  8
0
  6
CONTINUOUS
 62
     7
 10
-193.46126455826939
 20
30.01049022309013
 30
0.0
 11
-180.5372997658007
 21
30.01049022309013
 31
0.0
  0
LINE
  5
8D7
  8
0
  6
CONTINUOUS
 62
     7
 10
-199.49928216203099
 20
28.9962049881902
 30
0.0
 11
-199.49928216203099
 21
27.575179322504081
 31
0.0
  0
LINE
  5
8D8
  8
0
  6
CONTINUOUS
 62
     7
 10
-199.2992821620403
 20
29.19620498819091
 30
0.0
 11
-193.6694827864014
 21
29.19620498819091
 31
0.0
  0
LINE
  5
8D9
  8
0
  6
CONTINUOUS
 62
     7
 10
-193.6694827864014
 20
29.19620498819091
 30
0.0
 11
-193.46126455826939
 21
30.01049022309013
 31
0.0
  0
LINE
  5
8DA
  8
0
  6
CONTINUOUS
 62
     7
 10
-180.5372997658007
 20
30.01049022309013
 30
0.0
 11
-180.3290815376715
 21
29.19620498819091
 31
0.0
  0
LINE
  5
8DB
  8
0
  6
CONTINUOUS
 62
     7
 10
-180.3290815376715
 20
29.19620498819091
 30
0.0
 11
-174.6992821620299
 21
29.19620498819091
 31
0.0
  0
LINE
  5
8DC
  8
0
  6
CONTINUOUS
 62
     7
 10
-194.4595030156099
 20
29.19620498819091
 30
0.0
 11
-193.46126455826939
 21
30.01049022309013
 31
0.0
  0
LINE
  5
8DD
  8
0
  6
CONTINUOUS
 62
     7
 10
-180.5372997658007
 20
30.01049022309013
 30
0.0
 11
-179.5390613084621
 21
29.19620498819091
 31
0.0
  0
LINE
  5
8DE
  8
0
  6
CONTINUOUS
 62
     7
 10
-174.49928216203099
 20
25.744764384314809
 30
0.0
 11
-174.49928216203099
 21
20.000400000000429
 31
0.0
  0
LINE
  5
8DF
  8
0
  6
CONTINUOUS
 62
     7
 10
-199.49928216203099
 20
20.000400000000429
 30
0.0
 11
-199.49928216203099
 21
25.744764384314809
 31
0.0
  0
LINE
  5
8E0
  8
0
  6
DASH_CENTER
 62
     1
 10
-165.49928216203099
 20
-51.899600000001037
 30
0.0
 11
-165.49928216203099
 21
-59.099599999999953
 31
0.0
  0
LINE
  5
8E3
  8
0
  6
DASH_CENTER
 62
     1
 10
-161.89928216203151
 20
-55.499599999999589
 30
0.0
 11
-169.09928216203039
 21
-55.499599999999589
 31
0.0
  0
LINE
  5
8E4
  8
0
  6
DASH_CENTER
 62
     1
 10
-204.89928216203151
 20
15.500400000000409
 30
0.0
 11
-212.09928216203039
 21
15.500400000000409
 31
0.0
  0
LINE
  5
8E7
  8
0
  6
DASH_CENTER
 62
     1
 10
-208.49928216203099
 20
19.10039999999896
 30
0.0
 11
-208.49928216203099
 21
11.900400000000049
 31
0.0
  0
LINE
  5
919
  8
0
  6
DASH_CENTER
 62
     1
 10
-27.733097163307541
 20
41.211725847326818
 30
0.0
 11
-34.823035909682631
 21
21.732279236324359
 31
0.0
  0
LINE
  5
91A
  8
0
  6
DASH_CENTER
 62
     1
 10
-27.35189181849837
 20
118.7003999999984
 30
0.0
 11
-27.35189181849837
 21
43.237693667294103
 31
0.0
  0
LINE
  5
91C
  8
0
  6
CONTINUOUS
 62
     7
 10
-29.861668651734568
 20
27.907822526735401
 30
0.0
 11
-25.290381590131108
 21
40.467330506362103
 31
0.0
  0
LINE
  5
91D
  8
0
  6
CONTINUOUS
 62
     7
 10
-34.654101017741809
 20
29.652125257698181
 30
0.0
 11
-30.082813956140161
 21
42.211633237319418
 31
0.0
  0
LINE
  5
91E
  8
0
  6
CONTINUOUS
 62
     7
 10
-24.801891818499129
 20
43.237693667294103
 30
0.0
 11
-24.801891818499129
 21
54.300199999998377
 31
0.0
  0
LINE
  5
91F
  8
0
  6
CONTINUOUS
 62
     7
 10
-29.90189181849858
 20
43.237693667294103
 30
0.0
 11
-29.90189181849858
 21
54.300199999998377
 31
0.0
  0
LINE
  5
920
  8
0
  6
CONTINUOUS
 62
     7
 10
-24.801891818499129
 20
55.80019999999837
 30
0.0
 11
-24.801891818499129
 21
72.50040000000044
 31
0.0
  0
LINE
  5
921
  8
0
  6
CONTINUOUS
 62
     7
 10
-29.90189181849858
 20
55.80019999999837
 30
0.0
 11
-29.90189181849858
 21
72.50040000000044
 31
0.0
  0
LINE
  5
922
  8
0
  6
CONTINUOUS
 62
     7
 10
-24.801891818500039
 20
82.426233024919
 30
0.0
 11
-24.801891818500039
 21
85.00040000000044
 31
0.0
  0
LINE
  5
923
  8
0
  6
CONTINUOUS
 62
     7
 10
-24.35189181849838
 20
80.00040000000044
 30
0.0
 11
-24.801891818500039
 21
82.426233024919
 31
0.0
  0
LINE
  5
924
  8
0
  6
CONTINUOUS
 62
     7
 10
-24.35189181849838
 20
72.50040000000044
 30
0.0
 11
-24.35189181849838
 21
80.00040000000044
 31
0.0
  0
LINE
  5
925
  8
0
  6
CONTINUOUS
 62
     7
 10
-30.35189181849837
 20
72.50040000000044
 30
0.0
 11
-24.35189181849838
 21
72.50040000000044
 31
0.0
  0
LINE
  5
926
  8
0
  6
CONTINUOUS
 62
     7
 10
-30.35189181849837
 20
80.00040000000044
 30
0.0
 11
-30.35189181849837
 21
72.50040000000044
 31
0.0
  0
LINE
  5
927
  8
0
  6
CONTINUOUS
 62
     7
 10
-29.90189181849949
 20
82.426233024919
 30
0.0
 11
-30.35189181849837
 21
80.00040000000044
 31
0.0
  0
LINE
  5
928
  8
0
  6
CONTINUOUS
 62
     7
 10
-29.90189181849949
 20
85.00040000000044
 30
0.0
 11
-29.90189181849949
 21
82.426233024919
 31
0.0
  0
LINE
  5
929
  8
0
  6
CONTINUOUS
 62
     7
 10
-24.801891818500039
 20
85.00040000000044
 30
0.0
 11
-29.90189181849949
 21
85.00040000000044
 31
0.0
  0
LINE
  5
92A
  8
0
  6
CONTINUOUS
 62
     7
 10
-29.35189181849838
 20
90.00040000000044
 30
0.0
 11
-29.35189181849838
 21
85.00040000000044
 31
0.0
  0
LINE
  5
92B
  8
0
  6
CONTINUOUS
 62
     7
 10
-28.35189181849838
 20
90.00040000000044
 30
0.0
 11
-28.35189181849838
 21
85.00040000000044
 31
0.0
  0
LINE
  5
92C
  8
0
  6
CONTINUOUS
 62
     7
 10
-27.35189181849837
 20
90.00040000000044
 30
0.0
 11
-27.35189181849837
 21
85.00040000000044
 31
0.0
  0
LINE
  5
92D
  8
0
  6
CONTINUOUS
 62
     7
 10
-26.35189181849837
 20
90.00040000000044
 30
0.0
 11
-26.35189181849837
 21
85.00040000000044
 31
0.0
  0
LINE
  5
92E
  8
0
  6
CONTINUOUS
 62
     7
 10
-25.35189181849837
 20
90.00040000000044
 30
0.0
 11
-25.35189181849837
 21
85.00040000000044
 31
0.0
  0
LINE
  5
92F
  8
0
  6
CONTINUOUS
 62
     7
 10
-29.10189181849837
 20
104.5004000000004
 30
0.0
 11
-29.85189181849838
 21
104.5004000000004
 31
0.0
  0
LINE
  5
930
  8
0
  6
CONTINUOUS
 62
     7
 10
-34.900635709547018
 20
90.00040000000044
 30
0.0
 11
-33.601926308273718
 21
90.00040000000044
 31
0.0
  0
LINE
  5
931
  8
0
  6
CONTINUOUS
 62
     7
 10
-19.60192630256573
 20
90.00040000000044
 30
0.0
 11
-33.601891817905411
 21
90.00040000000044
 31
0.0
  0
LINE
  5
932
  8
0
  6
CONTINUOUS
 62
     7
 10
-34.60189181849838
 20
91.00040000000044
 30
0.0
 11
-35.60192630256573
 21
91.00040000000044
 31
0.0
  0
LINE
  5
933
  8
0
  6
CONTINUOUS
 62
     7
 10
-35.60192630256573
 20
91.00040000000044
 30
0.0
 11
-35.60192630256573
 21
90.00040000000044
 31
0.0
  0
LINE
  5
934
  8
0
  6
CONTINUOUS
 62
     7
 10
-33.601891817905411
 20
90.00040000000044
 30
0.0
 11
-33.601891817905411
 21
91.00040000000044
 31
0.0
  0
LINE
  5
935
  8
0
  6
CONTINUOUS
 62
     7
 10
-35.60192630256573
 20
90.00040000000044
 30
0.0
 11
-34.900635709547018
 21
90.00040000000044
 31
0.0
  0
LINE
  5
936
  8
0
  6
CONTINUOUS
 62
     7
 10
-19.60192630256573
 20
90.00040000000044
 30
0.0
 11
-19.60192630256573
 21
91.00040000000044
 31
0.0
  0
LINE
  5
937
  8
0
  6
CONTINUOUS
 62
     7
 10
-33.101926301078699
 20
90.00040000000044
 30
0.0
 11
-33.101426308574659
 21
104.4998827582627
 31
0.0
  0
LINE
  5
938
  8
0
  6
CONTINUOUS
 62
     7
 10
-35.686468171911869
 20
109.5004000000004
 30
0.0
 11
-34.936468171911869
 21
108.2504000000004
 31
0.0
  0
LINE
  5
939
  8
0
  6
CONTINUOUS
 62
     7
 10
-37.936468171911869
 20
97.50040000000044
 30
0.0
 11
-36.845559081000133
 21
103.5004000000004
 31
0.0
  0
LINE
  5
93A
  8
0
  6
CONTINUOUS
 62
     7
 10
-37.686468171911869
 20
98.875400000000425
 30
0.0
 11
-37.686468171911869
 21
109.0004000000004
 31
0.0
  0
LINE
  5
93B
  8
0
  6
CONTINUOUS
 62
     7
 10
-34.936468171911869
 20
108.2504000000004
 30
0.0
 11
-34.936468171911869
 21
107.5004000000004
 31
0.0
  0
LINE
  5
93C
  8
0
  6
CONTINUOUS
 62
     7
 10
-35.936468171912779
 20
107.5004000000004
 30
0.0
 11
-34.936468171911869
 21
107.5004000000004
 31
0.0
  0
LINE
  5
93D
  8
0
  6
CONTINUOUS
 62
     7
 10
-36.686468171912779
 20
109.5004000000004
 30
0.0
 11
-37.686468171911869
 21
109.0004000000004
 31
0.0
  0
LINE
  5
93E
  8
0
  6
CONTINUOUS
 62
     7
 10
-33.351426290884987
 20
113.7003999999984
 30
0.0
 11
-33.351426290884987
 21
104.5004000000004
 31
0.0
  0
LINE
  5
93F
  8
0
  6
CONTINUOUS
 62
     7
 10
-34.60189181849838
 20
104.5004000000004
 30
0.0
 11
-31.1012810089107
 21
104.5004000000004
 31
0.0
  0
LINE
  5
940
  8
0
  6
CONTINUOUS
 62
     7
 10
-21.35189181849837
 20
113.7003999999984
 30
0.0
 11
-24.85189181849837
 21
113.7003999999984
 31
0.0
  0
LINE
  5
941
  8
0
  6
CONTINUOUS
 62
     7
 10
-24.85189181849837
 20
113.7003999999984
 30
0.0
 11
-24.85189181849837
 21
104.5004000000004
 31
0.0
  0
LINE
  5
942
  8
0
  6
CONTINUOUS
 62
     7
 10
-21.35189181849837
 20
104.5004000000004
 30
0.0
 11
-21.35189181849837
 21
113.7003999999984
 31
0.0
  0
LINE
  5
943
  8
0
  6
CONTINUOUS
 62
     7
 10
-29.10189181849837
 20
113.7003999999984
 30
0.0
 11
-25.60189181849838
 21
113.7003999999984
 31
0.0
  0
LINE
  5
944
  8
0
  6
CONTINUOUS
 62
     7
 10
-25.60189181849838
 20
113.7003999999984
 30
0.0
 11
-25.60189181849838
 21
104.5004000000004
 31
0.0
  0
LINE
  5
945
  8
0
  6
CONTINUOUS
 62
     7
 10
-29.85189181849838
 20
113.7003999999984
 30
0.0
 11
-33.351426290884987
 21
113.7003999999984
 31
0.0
  0
LINE
  5
946
  8
0
  6
CONTINUOUS
 62
     7
 10
-31.1012810089107
 20
104.5004000000004
 30
0.0
 11
-29.85189181849838
 21
104.5004000000004
 31
0.0
  0
LINE
  5
947
  8
0
  6
CONTINUOUS
 62
     7
 10
-33.601926308273718
 20
90.00040000000044
 30
0.0
 11
-33.601891817905411
 21
90.00040000000044
 31
0.0
  0
LINE
  5
948
  8
0
  6
CONTINUOUS
 62
     7
 10
-19.60192630256573
 20
91.00040000000044
 30
0.0
 11
-20.601960786636688
 21
91.00040000000044
 31
0.0
  0
LINE
  5
949
  8
0
  6
CONTINUOUS
 62
     7
 10
-35.936468171911869
 20
103.5038440506947
 30
0.0
 11
-35.936468171912779
 21
107.5004000000004
 31
0.0
  0
LINE
  5
94A
  8
0
  6
CONTINUOUS
 62
     7
 10
-36.686468171912779
 20
109.5004000000004
 30
0.0
 11
-35.686468171911869
 21
109.5004000000004
 31
0.0
  0
LINE
  5
94B
  8
0
  6
CONTINUOUS
 62
     7
 10
-36.101891818498373
 20
103.5004000000004
 30
0.0
 11
-36.845559081000133
 21
103.5004000000004
 31
0.0
  0
LINE
  5
94C
  8
0
  6
CONTINUOUS
 62
     7
 10
-35.475959553441683
 20
102.0004000000004
 30
0.0
 11
-35.351891818498373
 21
102.0004000000004
 31
0.0
  0
LINE
  5
94D
  8
0
  6
CONTINUOUS
 62
     7
 10
-36.213861986019978
 20
101.38456407864901
 30
0.0
 11
-37.101891818498373
 21
96.500400000000454
 31
0.0
  0
LINE
  5
94E
  8
0
  6
CONTINUOUS
 62
     7
 10
-34.60189181849838
 20
91.00040000000044
 30
0.0
 11
-34.60189181849838
 21
101.2504000000004
 31
0.0
  0
LINE
  5
94F
  8
0
  6
CONTINUOUS
 62
     7
 10
-33.601426308272707
 20
104.4998999999994
 30
0.0
 11
-33.601926308273718
 21
90.000199999998188
 31
0.0
  0
LINE
  5
950
  8
0
  6
CONTINUOUS
 62
     7
 10
-20.601960786636688
 20
104.5004000000004
 30
0.0
 11
-25.60189181849838
 21
104.5004000000004
 31
0.0
  0
LINE
  5
951
  8
0
  6
CONTINUOUS
 62
     7
 10
-25.60189181849838
 20
104.5004000000004
 30
0.0
 11
-29.10189181849837
 21
104.5004000000004
 31
0.0
  0
LINE
  5
952
  8
0
  6
CONTINUOUS
 62
     7
 10
-29.10189181849837
 20
104.5004000000004
 30
0.0
 11
-29.10189181849837
 21
113.7003999999984
 31
0.0
  0
LINE
  5
953
  8
0
  6
CONTINUOUS
 62
     7
 10
-29.85189181849838
 20
104.5004000000004
 30
0.0
 11
-29.85189181849838
 21
113.7003999999984
 31
0.0
  0
LINE
  5
954
  8
0
  6
CONTINUOUS
 62
     7
 10
-20.601960786636688
 20
104.5004000000004
 30
0.0
 11
-20.601960786636688
 21
91.00040000000044
 31
0.0
  0
LINE
  5
955
  8
0
  6
CONTINUOUS
 62
     7
 10
-38.351891818498373
 20
97.50040000000044
 30
0.0
 11
-38.351891818498373
 21
96.500400000000454
 31
0.0
  0
LINE
  5
956
  8
0
  6
CONTINUOUS
 62
     7
 10
-38.351891818498373
 20
96.500400000000454
 30
0.0
 11
-37.101891818498373
 21
96.500400000000454
 31
0.0
  0
LINE
  5
957
  8
0
  6
CONTINUOUS
 62
     7
 10
-37.936468171911869
 20
97.50040000000044
 30
0.0
 11
-38.351891818498373
 21
97.50040000000044
 31
0.0
  0
LINE
  5
959
  8
0
  6
CONTINUOUS
 62
     7
 10
-29.299676137037061
 20
12.000400000000409
 30
0.0
 11
-29.299676137037061
 21
6.0004000000004103
 31
0.0
  0
LINE
  5
95A
  8
0
  6
CONTINUOUS
 62
     7
 10
-29.299676137037061
 20
20.000400000000429
 30
0.0
 11
-29.299676137037061
 21
19.000400000000429
 31
0.0
  0
LINE
  5
95B
  8
0
  6
CONTINUOUS
 62
     7
 10
-30.799676137033408
 20
10.500400000000409
 30
0.0
 11
-30.799676137033408
 21
20.000400000000429
 31
0.0
  0
LINE
  5
95C
  8
0
  6
CONTINUOUS
 62
     7
 10
-30.299676137033408
 20
12.35040000000078
 30
0.0
 11
-30.299676137033408
 21
18.650400000000051
 31
0.0
  0
LINE
  5
95D
  8
0
  6
CONTINUOUS
 62
     7
 10
-29.94967613703578
 20
19.000400000000429
 30
0.0
 11
-29.94967613703578
 21
12.000400000000409
 31
0.0
  0
LINE
  5
95E
  8
0
  6
CONTINUOUS
 62
     7
 10
-30.299676137033408
 20
12.35040000000078
 30
0.0
 11
-29.94967613703578
 21
12.000400000000409
 31
0.0
  0
LINE
  5
95F
  8
0
  6
CONTINUOUS
 62
     7
 10
-29.94967613703578
 20
19.000400000000429
 30
0.0
 11
-30.299676137033408
 21
18.650400000000051
 31
0.0
  0
LINE
  5
960
  8
0
  6
CONTINUOUS
 62
     7
 10
-28.79967613703705
 20
12.000400000000409
 30
0.0
 11
-28.799676137033408
 21
-36.499599999999603
 31
0.0
  0
LINE
  5
961
  8
0
  6
CONTINUOUS
 62
     7
 10
20.00032386296294
 20
-54.499600000001962
 30
0.0
 11
20.00032386296294
 21
-19.999599999999589
 31
0.0
  0
LINE
  5
962
  8
0
  6
CONTINUOUS
 62
     7
 10
19.50032386296294
 20
-54.99960000000339
 30
0.0
 11
17.30032386296039
 21
-54.999600000009593
 31
0.0
  0
LINE
  5
963
  8
0
  6
CONTINUOUS
 62
     7
 10
17.30032386296039
 20
15.0003991037616
 30
0.0
 11
19.50032386296294
 21
15.00039910375982
 31
0.0
  0
LINE
  5
964
  8
0
  6
CONTINUOUS
 62
     7
 10
20.00032386296294
 20
-19.999599999999589
 30
0.0
 11
20.00032386296294
 21
14.50039910375941
 31
0.0
  0
LINE
  5
965
  8
0
  6
DASH_CENTER
 62
     1
 10
-50.299676137037032
 20
-19.999599999999589
 30
0.0
 11
52.000323862962937
 21
-19.999599999999589
 31
0.0
  0
LINE
  5
966
  8
0
  6
DASH_CENTER
 62
     1
 10
-45.599676137045421
 20
-55.499600000006872
 30
0.0
 11
-40.899676137036508
 21
-55.499600000006872
 31
0.0
  0
LINE
  5
967
  8
0
  6
CONTINUOUS
 62
     7
 10
-43.181665941310023
 20
-57.68118475709656
 30
0.0
 11
-42.399676137036501
 21
-57.749599999963223
 31
0.0
  0
LINE
  5
968
  8
0
  6
CONTINUOUS
 62
     7
 10
-42.399676137036501
 20
-53.249599999963209
 30
0.0
 11
-43.181665941310023
 21
-53.318015242830782
 31
0.0
  0
LINE
  5
969
  8
0
  6
DASH_CENTER
 62
     1
 10
-46.499676137047771
 20
1.584488967742399
 30
0.0
 11
-40.899676137036508
 21
1.584488967742399
 31
0.0
  0
LINE
  5
96A
  8
0
  6
CONTINUOUS
 62
     7
 10
-43.299676137047967
 20
3.8344889677860579
 30
0.0
 11
-44.081665941307833
 21
3.7660737249194098
 31
0.0
  0
LINE
  5
96B
  8
0
  6
CONTINUOUS
 62
     7
 10
-44.081665941307833
 20
-0.59709578934638
 30
0.0
 11
-43.299676137047967
 21
-0.66551103221394
 31
0.0
  0
LINE
  5
96C
  8
0
  6
CONTINUOUS
 62
     7
 10
-42.699676137048492
 20
-1.0155110322134
 30
0.0
 11
-43.299676137047967
 21
-1.0155110322134
 31
0.0
  0
LINE
  5
96D
  8
0
  6
CONTINUOUS
 62
     7
 10
-43.299676137047967
 20
-1.0155110322134
 30
0.0
 11
-43.299676137047967
 21
4.1844889677845982
 31
0.0
  0
LINE
  5
96E
  8
0
  6
CONTINUOUS
 62
     7
 10
-43.299676137047967
 20
4.1844889677845982
 30
0.0
 11
-42.699676137048492
 21
4.1844889677845982
 31
0.0
  0
LINE
  5
96F
  8
0
  6
CONTINUOUS
 62
     7
 10
-42.399676137036501
 20
-1.2655110322133989
 30
0.0
 11
-42.699676137048492
 21
-1.2655110322133989
 31
0.0
  0
LINE
  5
970
  8
0
  6
CONTINUOUS
 62
     7
 10
-42.699676137048492
 20
-1.2655110322133989
 30
0.0
 11
-42.699676137048492
 21
4.4344889677845982
 31
0.0
  0
LINE
  5
971
  8
0
  6
CONTINUOUS
 62
     7
 10
-42.699676137048492
 20
4.4344889677845982
 30
0.0
 11
-42.399676137036501
 21
4.4344889677845982
 31
0.0
  0
LINE
  5
972
  8
0
  6
CONTINUOUS
 62
     7
 10
-42.399676137036501
 20
17.75040000004407
 30
0.0
 11
-43.181665941310023
 21
17.681984757177421
 31
0.0
  0
LINE
  5
973
  8
0
  6
CONTINUOUS
 62
     7
 10
-43.181665941310023
 20
13.318815242911629
 30
0.0
 11
-42.399676137036501
 21
13.25040000004407
 31
0.0
  0
LINE
  5
974
  8
0
  6
DASH_CENTER
 62
     1
 10
-45.599676137045421
 20
15.500400000000409
 30
0.0
 11
-40.899676137036508
 21
15.500400000000409
 31
0.0
  0
LINE
  5
975
  8
0
  6
CONTINUOUS
 62
     7
 10
-26.299676137033408
 20
11.500400000000409
 30
0.0
 11
-26.299676137033408
 21
19.500400000000429
 31
0.0
  0
LINE
  5
976
  8
0
  6
CONTINUOUS
 62
     7
 10
-29.94967613703578
 20
19.000400000000429
 30
0.0
 11
-26.299676137033408
 21
19.000400000000429
 31
0.0
  0
LINE
  5
977
  8
0
  6
CONTINUOUS
 62
     7
 10
-26.299676137033408
 20
12.000400000000409
 30
0.0
 11
-29.94967613703578
 21
12.000400000000409
 31
0.0
  0
LINE
  5
978
  8
0
  6
CONTINUOUS
 62
     7
 10
-26.299676137033408
 20
19.500400000000429
 30
0.0
 11
-25.799676137033408
 21
19.500400000000429
 31
0.0
  0
LINE
  5
979
  8
0
  6
CONTINUOUS
 62
     7
 10
-26.299676137033408
 20
11.500400000000409
 30
0.0
 11
-25.799676137033408
 21
11.500400000000409
 31
0.0
  0
LINE
  5
97A
  8
0
  6
DASH_CENTER
 62
     1
 10
-31.799676137033408
 20
15.500400000000409
 30
0.0
 11
-24.299676137033408
 21
15.500400000000409
 31
0.0
  0
LINE
  5
97B
  8
0
  6
CONTINUOUS
 62
     7
 10
-25.799676137033408
 20
10.500400000000409
 30
0.0
 11
-25.799676137033408
 21
20.000400369040619
 31
0.0
  0
LINE
  5
97C
  8
0
  6
CONTINUOUS
 62
     7
 10
-30.799676137033408
 20
10.500400000000409
 30
0.0
 11
-25.799676137033408
 21
10.500400000000409
 31
0.0
  0
LINE
  5
97D
  8
0
  6
CONTINUOUS
 62
     7
 10
-28.799676137033408
 20
-45.999599999999589
 30
0.0
 11
-28.799676137033408
 21
-44.999599999999582
 31
0.0
  0
LINE
  5
97E
  8
0
  6
CONTINUOUS
 62
     7
 10
-28.799676137033408
 20
-37.999599999999603
 30
0.0
 11
-28.799676137033408
 21
-36.499599999999603
 31
0.0
  0
LINE
  5
97F
  8
0
  6
CONTINUOUS
 62
     7
 10
-28.799676137033408
 20
-45.999599999999589
 30
0.0
 11
-28.799676137033408
 21
-59.999599999999582
 31
0.0
  0
LINE
  5
980
  8
0
  6
DASH_CENTER
 62
     1
 10
-31.799676137033408
 20
-41.499599999999603
 30
0.0
 11
-24.299676137033408
 21
-41.499599999999603
 31
0.0
  0
LINE
  5
981
  8
0
  6
CONTINUOUS
 62
     7
 10
-26.299676137033408
 20
-45.499599999999582
 30
0.0
 11
-25.799676137033408
 21
-45.499599999999582
 31
0.0
  0
LINE
  5
982
  8
0
  6
CONTINUOUS
 62
     7
 10
-26.299676137033408
 20
-37.499599999999603
 30
0.0
 11
-25.799676137033408
 21
-37.499599999999603
 31
0.0
  0
LINE
  5
983
  8
0
  6
CONTINUOUS
 62
     7
 10
-29.94967613703578
 20
-37.999599999999603
 30
0.0
 11
-30.299676137033408
 21
-38.349599999999953
 31
0.0
  0
LINE
  5
984
  8
0
  6
CONTINUOUS
 62
     7
 10
-30.299676137033408
 20
-44.649599999999218
 30
0.0
 11
-29.94967613703578
 21
-44.999599999999582
 31
0.0
  0
LINE
  5
985
  8
0
  6
CONTINUOUS
 62
     7
 10
-29.94967613703578
 20
-37.999599999999603
 30
0.0
 11
-29.94967613703578
 21
-44.999599999999582
 31
0.0
  0
LINE
  5
986
  8
0
  6
CONTINUOUS
 62
     7
 10
-30.299676137033408
 20
-44.649599999999218
 30
0.0
 11
-30.299676137033408
 21
-38.349599999999953
 31
0.0
  0
LINE
  5
987
  8
0
  6
CONTINUOUS
 62
     7
 10
-26.299676137033408
 20
-44.999599999999582
 30
0.0
 11
-29.94967613703578
 21
-44.999599999999582
 31
0.0
  0
LINE
  5
988
  8
0
  6
CONTINUOUS
 62
     7
 10
-29.94967613703578
 20
-37.999599999999603
 30
0.0
 11
-26.299676137033408
 21
-37.999599999999603
 31
0.0
  0
LINE
  5
989
  8
0
  6
CONTINUOUS
 62
     7
 10
-26.299676137033408
 20
-45.499599999999582
 30
0.0
 11
-26.299676137033408
 21
-37.499599999999603
 31
0.0
  0
LINE
  5
98A
  8
0
  6
CONTINUOUS
 62
     7
 10
-25.799676137033408
 20
-36.499599999999603
 30
0.0
 11
-25.799676137033408
 21
-45.999599999999589
 31
0.0
  0
LINE
  5
98B
  8
0
  6
CONTINUOUS
 62
     7
 10
-28.799676137033408
 20
-36.499599999999603
 30
0.0
 11
-25.799676137033408
 21
-36.499599999999603
 31
0.0
  0
LINE
  5
98C
  8
0
  6
CONTINUOUS
 62
     7
 10
-30.799676137033408
 20
-36.499599999999603
 30
0.0
 11
-28.799676137033408
 21
-36.499599999999603
 31
0.0
  0
LINE
  5
98D
  8
0
  6
CONTINUOUS
 62
     7
 10
-30.799676137033408
 20
-45.999599999999589
 30
0.0
 11
-30.799676137033408
 21
-36.499599999999603
 31
0.0
  0
LINE
  5
98E
  8
0
  6
CONTINUOUS
 62
     7
 10
-41.399676137036501
 20
20.000400000000429
 30
0.0
 11
-28.79967613703705
 21
20.000400000000429
 31
0.0
  0
LINE
  5
98F
  8
0
  6
CONTINUOUS
 62
     7
 10
-40.899676137036508
 20
15.000400000000409
 30
0.0
 11
-40.899676137036508
 21
6.0004000000004103
 31
0.0
  0
LINE
  5
990
  8
0
  6
CONTINUOUS
 62
     7
 10
-41.399676137036501
 20
15.000400000000409
 30
0.0
 11
-40.899676137036508
 21
15.000400000000409
 31
0.0
  0
LINE
  5
991
  8
0
  6
CONTINUOUS
 62
     7
 10
-40.899676137036508
 20
-0.24959999893184
 30
0.0
 11
-40.899676137036508
 21
-45.999599999999589
 31
0.0
  0
LINE
  5
992
  8
0
  6
CONTINUOUS
 62
     7
 10
-41.399676137036501
 20
-0.24959999893184
 30
0.0
 11
-40.899676137036508
 21
-0.24959999893184
 31
0.0
  0
LINE
  5
993
  8
0
  6
CONTINUOUS
 62
     7
 10
-41.399676137036501
 20
6.0004000000004103
 30
0.0
 11
-28.79967613703705
 21
6.0004000000004103
 31
0.0
  0
LINE
  5
994
  8
0
  6
CONTINUOUS
 62
     7
 10
-40.899676137036508
 20
-45.999599999999589
 30
0.0
 11
-28.799676137033408
 21
-45.999599999999589
 31
0.0
  0
LINE
  5
995
  8
0
  6
CONTINUOUS
 62
     7
 10
-32.799676137033408
 20
-50.999600000006851
 30
0.0
 11
-32.799676137033408
 21
-59.99959910375803
 31
0.0
  0
LINE
  5
996
  8
0
  6
CONTINUOUS
 62
     7
 10
-40.899676137036508
 20
-50.999600000006851
 30
0.0
 11
-32.799676137033408
 21
-50.999600000006851
 31
0.0
  0
LINE
  5
997
  8
0
  6
CONTINUOUS
 62
     7
 10
-40.899676137036508
 20
-53.749600000006872
 30
0.0
 11
-40.899676137036508
 21
-45.999599999999589
 31
0.0
  0
LINE
  5
998
  8
0
  6
CONTINUOUS
 62
     7
 10
-41.399676137036501
 20
-53.749600000006872
 30
0.0
 11
-40.899676137036508
 21
-53.749600000006872
 31
0.0
  0
LINE
  5
999
  8
0
  6
CONTINUOUS
 62
     7
 10
-28.799676137033408
 20
-45.999599999999589
 30
0.0
 11
-23.599676137049968
 21
-45.999599999999589
 31
0.0
  0
LINE
  5
99A
  8
0
  6
CONTINUOUS
 62
     7
 10
-28.79967613703705
 20
6.0004000000004103
 30
0.0
 11
-23.59967613703996
 21
6.0004000000004103
 31
0.0
  0
LINE
  5
99B
  8
0
  6
CONTINUOUS
 62
     7
 10
-23.69967613707307
 20
-59.999599999999582
 30
0.0
 11
-28.799676137033408
 21
-59.999599999999582
 31
0.0
  0
LINE
  5
99C
  8
0
  6
CONTINUOUS
 62
     7
 10
-23.599676137073612
 20
-59.899600000001954
 30
0.0
 11
-23.69967613707307
 21
-59.999599999999582
 31
0.0
  0
LINE
  5
99D
  8
0
  6
CONTINUOUS
 62
     7
 10
-28.79967613703705
 20
22.060357596112741
 30
0.0
 11
-28.79967613703705
 21
19.000400000000429
 31
0.0
  0
LINE
  5
99E
  8
0
  6
CONTINUOUS
 62
     7
 10
-23.699676137034871
 20
20.000400000000429
 30
0.0
 11
-28.79967613703705
 21
20.00040089624105
 31
0.0
  0
LINE
  5
99F
  8
0
  6
CONTINUOUS
 62
     7
 10
-23.699676137034871
 20
20.000400000000429
 30
0.0
 11
-23.59967613703542
 21
19.900399999999141
 31
0.0
  0
LINE
  5
9A0
  8
0
  6
CONTINUOUS
 62
     7
 10
7.200323862962942
 20
6.0004000000004103
 30
0.0
 11
-23.59967613703996
 21
6.0004000000004103
 31
0.0
  0
LINE
  5
9A1
  8
0
  6
CONTINUOUS
 62
     7
 10
9.0003238629629454
 20
20.000400000000429
 30
0.0
 11
9.0003238629629454
 21
5.3202051533964481
 31
0.0
  0
LINE
  5
9A2
  8
0
  6
CONTINUOUS
 62
     7
 10
7.200323862962942
 20
-45.999599999999589
 30
0.0
 11
-23.599676137049968
 21
-45.999599999999589
 31
0.0
  0
LINE
  5
9A3
  8
0
  6
CONTINUOUS
 62
     7
 10
9.0003238629629454
 20
-59.999599999999582
 30
0.0
 11
9.0003238629629454
 21
-45.319405153395628
 31
0.0
  0
LINE
  5
9A4
  8
0
  6
CONTINUOUS
 62
     7
 10
-23.49967613703684
 20
-59.999599999999582
 30
0.0
 11
-23.59967613703542
 21
-59.899600000001954
 31
0.0
  0
LINE
  5
9A5
  8
0
  6
CONTINUOUS
 62
     7
 10
-23.59967613703542
 20
19.900399999999141
 30
0.0
 11
-23.49967613703684
 21
20.000400000000429
 31
0.0
  0
LINE
  5
9A6
  8
0
  6
CONTINUOUS
 62
     7
 10
-23.59967613703542
 20
19.900399999999141
 30
0.0
 11
-23.599676137055422
 21
-59.899599999983757
 31
0.0
  0
LINE
  5
9A7
  8
0
  6
CONTINUOUS
 62
     7
 10
-23.49967613703684
 20
-59.999599999999582
 30
0.0
 11
16.500323862966582
 21
-59.999599999999582
 31
0.0
  0
LINE
  5
9A8
  8
0
  6
CONTINUOUS
 62
     7
 10
16.500323862966582
 20
-59.999599999999582
 30
0.0
 11
17.00032386296294
 21
-59.49960000000867
 31
0.0
  0
LINE
  5
9A9
  8
0
  6
CONTINUOUS
 62
     7
 10
17.00032386296294
 20
19.500400000006781
 30
0.0
 11
17.00032386296294
 21
-59.49960000000867
 31
0.0
  0
LINE
  5
9AA
  8
0
  6
CONTINUOUS
 62
     7
 10
17.00032386296294
 20
19.500400000006781
 30
0.0
 11
16.500323862966589
 21
20.000400000000429
 31
0.0
  0
LINE
  5
9AB
  8
0
  6
CONTINUOUS
 62
     7
 10
16.500323862966589
 20
20.000400000000429
 30
0.0
 11
-23.49967613703684
 21
20.000400000000429
 31
0.0
  0
LINE
  5
9AC
  8
0
  6
CONTINUOUS
 62
     7
 10
46.500323862962929
 20
-14.499599999999591
 30
0.0
 11
20.00032386296294
 21
-14.499599999999591
 31
0.0
  0
LINE
  5
9AD
  8
0
  6
CONTINUOUS
 62
     7
 10
47.000323862962922
 20
-14.999599999999591
 30
0.0
 11
46.500323862962929
 21
-14.499599999999591
 31
0.0
  0
LINE
  5
9AE
  8
0
  6
CONTINUOUS
 62
     7
 10
47.000323862962922
 20
-24.999599999999589
 30
0.0
 11
47.000323862962922
 21
-14.999599999999591
 31
0.0
  0
LINE
  5
9AF
  8
0
  6
CONTINUOUS
 62
     7
 10
46.500323862962929
 20
-25.499599999999589
 30
0.0
 11
47.000323862962922
 21
-24.999599999999589
 31
0.0
  0
LINE
  5
9B0
  8
0
  6
CONTINUOUS
 62
     7
 10
20.00032386296294
 20
-25.499599999999589
 30
0.0
 11
46.500323862962929
 21
-25.499599999999589
 31
0.0
  0
LINE
  5
9B1
  8
0
  6
CONTINUOUS
 62
     7
 10
-42.399676137036501
 20
19.75040089209557
 30
0.0
 11
-41.399676137036501
 21
19.75040089209557
 31
0.0
  0
LINE
  5
9B2
  8
0
  6
CONTINUOUS
 62
     7
 10
-44.931356292782958
 20
4.0948284162400901
 30
0.0
 11
-42.567094248063967
 21
7.6486011906422977
 31
0.0
  0
LINE
  5
9B7
  8
0
  6
CONTINUOUS
 62
     7
 10
-45.299676137037032
 20
2.8762440707656092
 30
0.0
 11
-45.299676137037032
 21
-19.999599103756228
 31
0.0
  0
LINE
  5
9B8
  8
0
  6
CONTINUOUS
 62
     7
 10
-42.399676137036501
 20
-19.999599999999589
 30
0.0
 11
-42.399676137036501
 21
19.75040089209557
 31
0.0
  0
LINE
  5
9B9
  8
0
  6
CONTINUOUS
 62
     7
 10
-45.299676137037032
 20
-19.999599103756228
 30
0.0
 11
-45.299676137037032
 21
-42.875442278276239
 31
0.0
  0
LINE
  5
9BE
  8
0
  6
CONTINUOUS
 62
     7
 10
-42.567094248063967
 20
-47.708249845530602
 30
0.0
 11
-44.931356292782958
 21
-44.094026623751631
 31
0.0
  0
LINE
  5
9BF
  8
0
  6
CONTINUOUS
 62
     7
 10
-42.399676137036501
 20
-59.749599099608027
 30
0.0
 11
-42.399676137036501
 21
-19.999599999999589
 31
0.0
  0
LINE
  5
9C0
  8
0
  6
CONTINUOUS
 62
     7
 10
-41.399676137036501
 20
20.000400000000429
 30
0.0
 11
-41.399676137036501
 21
-59.99959910375803
 31
0.0
  0
LINE
  5
9C1
  8
0
  6
CONTINUOUS
 62
     7
 10
-41.399676137036501
 20
-59.749599099608027
 30
0.0
 11
-42.399676137036501
 21
-59.749599099608027
 31
0.0
  0
LINE
  5
9C2
  8
0
  6
CONTINUOUS
 62
     7
 10
-41.399676137036501
 20
-59.99959910375803
 30
0.0
 11
-28.799676137033408
 21
-59.99959910375803
 31
0.0
  0
LINE
  5
9C3
  8
0
  6
CONTINUOUS
 62
     7
 10
-29.299676137037061
 20
-37.999599999999603
 30
0.0
 11
-29.299676137036151
 21
-0.24959999999959
 31
0.0
  0
LINE
  5
9C4
  8
0
  6
CONTINUOUS
 62
     7
 10
-29.299676137036151
 20
-0.24959999999959
 30
0.0
 11
-28.799676137036151
 21
-0.24959999999959
 31
0.0
  0
LINE
  5
9C5
  8
0
  6
CONTINUOUS
 62
     7
 10
-29.299676137037061
 20
-44.999599999999582
 30
0.0
 11
-29.299676137037061
 21
-53.749599999999582
 31
0.0
  0
LINE
  5
9C6
  8
0
  6
CONTINUOUS
 62
     7
 10
-29.299676137037061
 20
-53.749599999999582
 30
0.0
 11
-28.799676137033408
 21
-53.749599999999582
 31
0.0
  0
LINE
  5
9C9
  8
0
  6
CONTINUOUS
 62
     7
 10
-34.382467811027013
 20
29.321257251342619
 30
0.0
 11
-34.714213374828638
 21
28.609826593914079
 31
0.0
  0
LINE
  5
9CA
  8
0
  6
CONTINUOUS
 62
     7
 10
-30.48559658129783
 20
27.070735948948428
 30
0.0
 11
-30.28242961522777
 21
27.828965388720061
 31
0.0
  0
LINE
  5
9CB
  8
0
  6
CONTINUOUS
 62
     7
 10
-28.865474122708498
 20
24.352704053204949
 30
0.0
 11
-37.702416406715422
 21
27.569088006513599
 31
0.0
  0
LINE
  5
9CC
  8
0
  6
CONTINUOUS
 62
     7
 10
-28.799676137047062
 20
24.25873479112812
 30
0.0
 11
-28.799676137047062
 21
22.343214800670982
 31
0.0
  0
LINE
  5
9CD
  8
0
  6
CONTINUOUS
 62
     7
 10
-39.044495381337804
 20
26.072024061028571
 30
0.0
 11
-37.813222865358732
 21
27.539397505402629
 31
0.0
  0
LINE
  5
9CE
  8
0
  6
CONTINUOUS
 62
     7
 10
-28.93127210837541
 20
22.248297016513391
 30
0.0
 11
-39.002092951238609
 21
25.913776037940409
 31
0.0
  0
LINE
  5
9CF
  8
0
  6
CONTINUOUS
 62
     7
 10
-36.419358782578684
 20
29.160665804751769
 30
0.0
 11
-37.65519217027871
 21
27.694952381932641
 31
0.0
  0
LINE
  5
9D0
  8
0
  6
CONTINUOUS
 62
     7
 10
-35.732784678297527
 20
29.974951039650989
 30
0.0
 11
-36.419358782578684
 21
29.160665804751769
 31
0.0
  0
LINE
  5
9D2
  8
0
  6
CONTINUOUS
 62
     7
 10
-36.308705456097627
 20
29.1901742502701
 30
0.0
 11
-32.599904978057779
 21
27.840281271430811
 31
0.0
  0
LINE
  5
9D5
  8
0
  6
CONTINUOUS
 62
     7
 10
-32.599904978057779
 20
27.840281271430811
 30
0.0
 11
-28.891104500028838
 21
26.490388292592399
 31
0.0
  0
LINE
  5
9D6
  8
0
  6
CONTINUOUS
 62
     7
 10
-30.255312351757521
 20
28.05109711644997
 30
0.0
 11
-28.89363831765807
 21
27.555488299264258
 31
0.0
  0
LINE
  5
9D7
  8
0
  6
CONTINUOUS
 62
     7
 10
-28.82530679732848
 20
26.396656924650021
 30
0.0
 11
-28.827840614957712
 21
27.461756931324601
 31
0.0
  0
LINE
  5
9D8
  8
0
  6
CONTINUOUS
 62
     7
 10
-28.82074592559751
 20
24.479476912641591
 30
0.0
 11
-28.82530679732848
 21
26.396656924650021
 31
0.0
  0
LINE
  5
9DA
  8
0
  6
CONTINUOUS
 62
     7
 10
-35.622131351816464
 20
30.004459485168411
 30
0.0
 11
-34.26045731771886
 21
29.508850667983609
 31
0.0
  0
LINE
  5
9DB
  8
0
  6
CONTINUOUS
 62
     7
 10
-39.204698994347588
 20
25.77468305242343
 30
0.0
 11
-41.399676137036501
 21
20.000400000000429
 31
0.0
  0
LINE
  5
9F4
  8
0
  6
CONTINUOUS
 62
     7
 10
-32.799676137037061
 20
-58.499600000006851
 30
0.0
 11
-33.299676137037054
 21
-58.499600000006851
 31
0.0
  0
LINE
  5
9F5
  8
0
  6
CONTINUOUS
 62
     7
 10
-33.299676137037054
 20
-52.499600000006872
 30
0.0
 11
-33.299676137037054
 21
-58.499600000006851
 31
0.0
  0
LINE
  5
9F6
  8
0
  6
CONTINUOUS
 62
     7
 10
-33.299676137037054
 20
-52.499600000006872
 30
0.0
 11
-32.799676137037061
 21
-52.499600000006872
 31
0.0
  0
LINE
  5
9F7
  8
0
  6
CONTINUOUS
 62
     7
 10
-33.999676137027791
 20
-52.549600000007963
 30
0.0
 11
-33.299676137037054
 21
-52.549600000007963
 31
0.0
  0
LINE
  5
9F8
  8
0
  6
CONTINUOUS
 62
     7
 10
-33.999676137027791
 20
-52.549600000007963
 30
0.0
 11
-33.999676137027791
 21
-58.449600000007592
 31
0.0
  0
LINE
  5
9F9
  8
0
  6
CONTINUOUS
 62
     7
 10
-33.299676137037054
 20
-58.449600000007592
 30
0.0
 11
-33.999676137027791
 21
-58.449600000007592
 31
0.0
  0
LINE
  5
9FA
  8
0
  6
CONTINUOUS
 62
     7
 10
-34.846925019897967
 20
-58.175475327568563
 30
0.0
 11
-33.999676137027791
 21
-58.249600000006858
 31
0.0
  0
LINE
  5
9FB
  8
0
  6
CONTINUOUS
 62
     7
 10
-33.999676137027791
 20
-52.749600000006851
 30
0.0
 11
-34.846925019897967
 21
-52.823724672444243
 31
0.0
  0
LINE
  5
9FC
  8
0
  6
DASH_CENTER
 62
     1
 10
-31.29967613703705
 20
-55.499600000006872
 30
0.0
 11
-37.679676137038953
 21
-55.499600000006872
 31
0.0
  0
LINE
  5
A00
  8
0
  6
DASH_CENTER
 62
     1
 10
179.1003238629562
 20
14.937343197710611
 30
0.0
 11
179.1003238629562
 21
38.000400000000397
 31
0.0
  0
LINE
  5
A17
  8
0
  6
CONTINUOUS
 62
     7
 10
137.08424407985669
 20
15.000400000000409
 30
0.0
 11
137.0003238629586
 21
15.000400000000409
 31
0.0
  0
LINE
  5
A18
  8
0
  6
DASH_CENTER
 62
     1
 10
177.0003238629586
 20
-64.999599999999575
 30
0.0
 11
177.0003238629586
 21
38.000400000000397
 31
0.0
  0
LINE
  5
A19
  8
0
  6
DASH_CENTER
 62
     1
 10
132.0003238629586
 20
-19.999599999999589
 30
0.0
 11
222.0003238629586
 21
-19.999599999999589
 31
0.0
  0
LINE
  5
A1A
  8
0
  6
CONTINUOUS
 62
     7
 10
137.0003238629586
 20
14.000400000000409
 30
0.0
 11
137.0003238629586
 21
-53.999599999999582
 31
0.0
  0
LINE
  5
A1B
  8
0
  6
CONTINUOUS
 62
     7
 10
143.0003238629586
 20
-59.999599999999582
 30
0.0
 11
211.0003238629586
 21
-59.999599999999582
 31
0.0
  0
LINE
  5
A1C
  8
0
  6
CONTINUOUS
 62
     7
 10
217.0003238629586
 20
-53.999599999999582
 30
0.0
 11
217.0003238629586
 21
14.000400000000409
 31
0.0
  0
LINE
  5
A1D
  8
0
  6
CONTINUOUS
 62
     7
 10
143.0003238629586
 20
20.000400000000411
 30
0.0
 11
211.0003238629586
 21
20.000400000000411
 31
0.0
  0
LINE
  5
A1E
  8
0
  6
DASH_CENTER
 62
     1
 10
149.42315939668131
 20
7.5775644662732304
 30
0.0
 11
140.93787802244131
 21
16.06284584051232
 31
0.0
  0
LINE
  5
A1F
  8
0
  6
DASH_CENTER
 62
     1
 10
149.42315939668859
 20
-47.576764466276849
 30
0.0
 11
140.93787802244859
 21
-56.062045840513221
 31
0.0
  0
LINE
  5
A20
  8
0
  6
DASH_CENTER
 62
     1
 10
204.57748832923309
 20
-47.576764466271392
 30
0.0
 11
213.06276970347221
 21
-56.062045840511367
 31
0.0
  0
LINE
  5
A21
  8
0
  6
DASH_CENTER
 62
     1
 10
204.57748832922951
 20
7.5775644662786288
 30
0.0
 11
213.06276970346951
 21
16.062845840515021
 31
0.0
  0
LINE
  5
A35
  8
0
  6
CONTINUOUS
 62
     7
 10
7.200323862962942
 20
5.3202051533964481
 30
0.0
 11
9.0003238629629454
 21
5.3202051533964481
 31
0.0
  0
LINE
  5
A36
  8
0
  6
CONTINUOUS
 62
     7
 10
9.0003238629629454
 20
-45.319405153395628
 30
0.0
 11
7.200323862962942
 21
-45.319405153395628
 31
0.0
  0
LINE
  5
A37
  8
0
  6
CONTINUOUS
 62
     7
 10
9.0003238629629454
 20
-160.31940515339559
 30
0.0
 11
7.200323862962942
 21
-160.31940515339559
 31
0.0
  0
LINE
  5
A38
  8
0
  6
CONTINUOUS
 62
     7
 10
7.200323862962942
 20
-109.6797948466036
 30
0.0
 11
9.0003238629629454
 21
-109.6797948466036
 31
0.0
  0
ARC
  5
A39
  8
0
  6
CONTINUOUS
 62
     7
 10
17.30032386294949
 20
-99.699600896248228
 30
0.0
 40
0.2999999999847205
 50
179.9999999993052
 51
270.00000000208172
  0
ARC
  5
A3A
  8
0
  6
CONTINUOUS
 62
     7
 10
17.30032386294949
 20
-170.29959999999519
 30
0.0
 40
0.2999999999856016
 50
89.999999997918323
 51
180.0
  0
ARC
  5
A3B
  8
0
  6
CONTINUOUS
 62
     7
 10
-34.759769277158043
 20
-115.17927973323231
 30
0.0
 40
0.9999999999956447
 50
196.25702789656421
 51
265.00000000042922
  0
ARC
  5
A3C
  8
0
  6
CONTINUOUS
 62
     7
 10
-28.999676137026871
 20
-113.49959910375991
 30
0.0
 40
6.9999999999999956
 50
180.0
 51
196.25702789660431
  0
ARC
  5
A3D
  8
0
  6
CONTINUOUS
 62
     7
 10
-28.999676137026871
 20
-113.49959910375991
 30
0.0
 40
6.9999999999965921
 50
163.74297210339489
 51
180.0
  0
ARC
  5
A3E
  8
0
  6
CONTINUOUS
 62
     7
 10
-34.759769277158043
 20
-111.8199184742884
 30
0.0
 40
0.9999999999986851
 50
94.999999999561766
 51
163.74297210338031
  0
ARC
  5
A3F
  8
0
  6
CONTINUOUS
 62
     7
 10
-38.099676137048149
 20
-170.499599999965
 30
0.0
 40
6.0
 50
180.0
 51
195.44271582757651
  0
ARC
  5
A40
  8
0
  6
CONTINUOUS
 62
     7
 10
-43.111941347118979
 20
-169.1149710013037
 30
0.0
 40
0.7999999999976621
 50
94.999999999961645
 51
164.55728417242139
  0
ARC
  5
A41
  8
0
  6
CONTINUOUS
 62
     7
 10
-38.099676137048149
 20
-170.499599999965
 30
0.0
 40
6.0000000000033831
 50
164.55728417241619
 51
180.0
  0
ARC
  5
A42
  8
0
  6
CONTINUOUS
 62
     7
 10
-43.111941347118979
 20
-171.88422899862641
 30
0.0
 40
0.8000000000011874
 50
195.4427158275158
 51
265.00000000003251
  0
ARC
  5
A43
  8
0
  6
CONTINUOUS
 62
     7
 10
-44.011941347118601
 20
-100.8842289986173
 30
0.0
 40
0.8000000000027053
 50
195.44271582741811
 51
264.99999999990803
  0
ARC
  5
A44
  8
0
  6
CONTINUOUS
 62
     7
 10
-38.999676137047778
 20
-99.499599999955905
 30
0.0
 40
6.0000000000049161
 50
164.55728417242869
 51
180.0
  0
ARC
  5
A45
  8
0
  6
CONTINUOUS
 62
     7
 10
-44.011941347118601
 20
-98.114971001296425
 30
0.0
 40
0.8000000000005108
 50
95.000000000074991
 51
164.55728417239351
  0
ARC
  5
A46
  8
0
  6
CONTINUOUS
 62
     7
 10
-38.999676137047778
 20
-99.499599999955905
 30
0.0
 40
6.0000000000000133
 50
180.0
 51
195.44271582756309
  0
ARC
  5
A47
  8
0
  6
CONTINUOUS
 62
     7
 10
-43.111941347118979
 20
-122.38422899865461
 30
0.0
 40
0.8000000000014257
 50
195.44271582757759
 51
265.00000000004388
  0
ARC
  5
A48
  8
0
  6
CONTINUOUS
 62
     7
 10
-38.099676137048149
 20
-120.9995999999941
 30
0.0
 40
6.0000000000031379
 50
164.55728417242449
 51
180.0
  0
ARC
  5
A49
  8
0
  6
CONTINUOUS
 62
     7
 10
-43.111941347118979
 20
-119.6149710013346
 30
0.0
 40
0.7999999999994316
 50
94.999999999950546
 51
164.5572841723606
  0
ARC
  5
A4A
  8
0
  6
CONTINUOUS
 62
     7
 10
-38.099676137048149
 20
-120.9995999999941
 30
0.0
 40
6.0
 50
180.0
 51
195.44271582757639
  0
ARC
  5
A4B
  8
0
  6
CONTINUOUS
 62
     7
 10
-43.399676137037403
 20
-106.79749683413721
 30
0.0
 40
0.9999999999965819
 50
326.3648811785846
 51
0.0
  0
ARC
  5
A4C
  8
0
  6
CONTINUOUS
 62
     7
 10
-43.099676137059049
 20
-112.1237559292353
 30
0.0
 40
2.1999999999832118
 50
146.36488117884531
 51
180.0
  0
ARC
  5
A4D
  8
0
  6
CONTINUOUS
 62
     7
 10
-43.099676137059049
 20
-157.87544227827809
 30
0.0
 40
2.1999999999779898
 50
180.0
 51
213.63511882121321
  0
ARC
  5
A4E
  8
0
  6
CONTINUOUS
 62
     7
 10
-43.399676137037403
 20
-163.26215182075109
 30
0.0
 40
1.0
 50
0.0
 51
33.635118821243744
  0
ARC
  5
A60
  8
0
  6
CONTINUOUS
 62
     7
 10
-176.3492821620294
 20
24.90040000000187
 30
0.0
 40
4.4999999999982441
 50
72.673533252843413
 51
90.000000000011198
  0
ARC
  5
A61
  8
0
  6
CONTINUOUS
 62
     7
 10
-176.3492821620294
 20
24.90040000000187
 30
0.0
 40
4.5
 50
90.000000000011198
 51
107.326466747312
  0
ARC
  5
A62
  8
0
  6
CONTINUOUS
 62
     7
 10
-152.99928216203099
 20
-53.999599999999603
 30
0.0
 40
6.0000000000017968
 50
270.0
 51
0.0
  0
ARC
  5
A63
  8
0
  6
DASH_CENTER
 62
     1
 10
-186.99928216203099
 20
-19.999599999999589
 30
0.0
 40
44.999999999995367
 50
307.35489254144568
 51
322.64510745854727
  0
ARC
  5
A64
  8
0
  6
DASH_CENTER
 62
     1
 10
-186.99928216203099
 20
-19.999599999999589
 30
0.0
 40
45.000000000005151
 50
217.35489254144491
 51
232.64510745854511
  0
ARC
  5
A65
  8
0
  6
CONTINUOUS
 62
     7
 10
-220.99928216203099
 20
-53.999599999999603
 30
0.0
 40
6.0
 50
180.0
 51
270.0
  0
ARC
  5
A66
  8
0
  6
DASH_CENTER
 62
     1
 10
-186.99928216203099
 20
-19.999599999999589
 30
0.0
 40
45.000000000002288
 50
127.35489254145349
 51
142.64510745855409
  0
ARC
  5
A67
  8
0
  6
CONTINUOUS
 62
     7
 10
-220.99928216203099
 20
14.000400000000409
 30
0.0
 40
6.0000000000000169
 50
90.0
 51
180.0
  0
ARC
  5
A68
  8
0
  6
DASH_CENTER
 62
     1
 10
-186.99928216203099
 20
-19.999599999999589
 30
0.0
 40
44.999999999997733
 50
37.354892541453573
 51
52.64510745855565
  0
ARC
  5
A69
  8
0
  6
CONTINUOUS
 62
     7
 10
-152.99928216203099
 20
14.000400000000409
 30
0.0
 40
6.0
 50
0.0
 51
90.0
  0
ARC
  5
A6A
  8
0
  6
CONTINUOUS
 62
     7
 10
-170.49928216207101
 20
-54.249600000008677
 30
0.0
 40
0.5
 50
0.0
 51
20.41365818033924
  0
ARC
  5
A6B
  8
0
  6
CONTINUOUS
 62
     7
 10
-174.24928216207101
 20
-59.49960000000867
 30
0.0
 40
0.4999999999863677
 50
210.00000054846609
 51
270.0
  0
ARC
  5
A6C
  8
0
  6
CONTINUOUS
 62
     7
 10
-199.74928216203099
 20
19.500400000000429
 30
0.0
 40
0.4999999999945708
 50
29.999999451591538
 51
90.0
  0
ARC
  5
A6D
  8
0
  6
CONTINUOUS
 62
     7
 10
-203.49928216203099
 20
14.250400000000409
 30
0.0
 40
0.5
 50
180.0
 51
200.41365851994149
  0
ARC
  5
A6E
  8
0
  6
CONTINUOUS
 62
     7
 10
-152.74928216343071
 20
5.5004000010663381
 30
0.0
 40
0.5
 50
90.0
 51
150.000000689671
  0
ARC
  5
A6F
  8
0
  6
CONTINUOUS
 62
     7
 10
-147.49928216343071
 20
0.25040000106816
 30
0.0
 40
0.5000000000026343
 50
300.0000001850342
 51
0.0
  0
ARC
  5
A70
  8
0
  6
CONTINUOUS
 62
     7
 10
-208.99928216203099
 20
16.000400000000429
 30
0.0
 40
4.0
 50
90.0
 51
180.0
  0
ARC
  5
A71
  8
0
  6
CONTINUOUS
 62
     7
 10
-220.49928216203099
 20
13.500400000000409
 30
0.0
 40
7.4999999999999973
 50
270.0
 51
0.0
  0
ARC
  5
A72
  8
0
  6
CONTINUOUS
 62
     7
 10
-222.99928216203099
 20
2.000400000000409
 30
0.0
 40
4.0
 50
90.0
 51
180.0
  0
ARC
  5
A73
  8
0
  6
CONTINUOUS
 62
     7
 10
-222.99928216202829
 20
-41.99959999999686
 30
0.0
 40
4.0000000000136131
 50
180.00000000001299
 51
270.0
  0
ARC
  5
A74
  8
0
  6
CONTINUOUS
 62
     7
 10
-220.49928216202829
 20
-53.49959999999686
 30
0.0
 40
7.5
 50
0.0
 51
90.0
  0
ARC
  5
A75
  8
0
  6
CONTINUOUS
 62
     7
 10
-208.99928216202829
 20
-55.99959999999686
 30
0.0
 40
4.0
 50
180.0
 51
269.99999999996129
  0
ARC
  5
A76
  8
0
  6
CONTINUOUS
 62
     7
 10
-150.99928216203099
 20
-41.999599999999589
 30
0.0
 40
4.0
 50
270.0
 51
0.0
  0
ARC
  5
A77
  8
0
  6
CONTINUOUS
 62
     7
 10
-153.49928216204191
 20
-53.499599999999603
 30
0.0
 40
7.5
 50
89.999999999916625
 51
180.0
  0
ARC
  5
A78
  8
0
  6
CONTINUOUS
 62
     7
 10
-164.99928216203099
 20
-55.999599999999603
 30
0.0
 40
4.0000000000017977
 50
270.0
 51
0.0
  0
ARC
  5
A79
  8
0
  6
CONTINUOUS
 62
     7
 10
-150.99928216203099
 20
2.000400000000409
 30
0.0
 40
3.9999999999890861
 50
0.0
 51
90.000000000156305
  0
ARC
  5
A7A
  8
0
  6
CONTINUOUS
 62
     7
 10
-221.24928216047209
 20
-45.499600001209217
 30
0.0
 40
0.5
 50
270.0
 51
329.11661078760801
  0
ARC
  5
A7B
  8
0
  6
CONTINUOUS
 62
     7
 10
-226.49928216047209
 20
-40.249600001209217
 30
0.0
 40
0.5000000000001517
 50
120.000000126595
 51
180.0
  0
ARC
  5
A7C
  8
0
  6
CONTINUOUS
 62
     7
 10
-208.49928216203099
 20
15.500400000000409
 30
0.0
 40
4.5
 50
270.0
 51
0.0
  0
ARC
  5
A7D
  8
0
  6
CONTINUOUS
 62
     7
 10
-165.49928216203099
 20
-55.499599999999589
 30
0.0
 40
4.4999999999909237
 50
90.0
 51
180.0
  0
ARC
  5
A7E
  8
0
  6
CONTINUOUS
 62
     7
 10
-161.86588242738091
 20
-48.999600000008662
 30
0.0
 40
2.0
 50
270.0
 51
331.7262863687223
  0
ARC
  5
A7F
  8
0
  6
CONTINUOUS
 62
     7
 10
-171.99928216207101
 20
-57.999599999999589
 30
0.0
 40
2.0000000000017981
 50
270.0
 51
0.0
  0
ARC
  5
A80
  8
0
  6
CONTINUOUS
 62
     7
 10
-201.99928216203099
 20
18.000400000000429
 30
0.0
 40
2.0
 50
90.0
 51
180.0
  0
ARC
  5
A81
  8
0
  6
CONTINUOUS
 62
     7
 10
-212.13268189669111
 20
9.0004000000004076
 30
0.0
 40
1.999999999999998
 50
90.0
 51
151.72628636865039
  0
ARC
  5
A82
  8
0
  6
CONTINUOUS
 62
     7
 10
-150.99928216204191
 20
2.0003999958503891
 30
0.0
 40
3.750000000010913
 50
0.0
 51
90.0
  0
ARC
  5
A83
  8
0
  6
CONTINUOUS
 62
     7
 10
-222.99928216142891
 20
-41.999600004146892
 30
0.0
 40
3.75
 50
180.0
 51
270.0
  0
ARC
  5
A84
  8
0
  6
CONTINUOUS
 62
     7
 10
-153.49928216142891
 20
-53.499600004146892
 30
0.0
 40
7.75
 50
90.0
 51
151.7267904893119
  0
ARC
  5
A85
  8
0
  6
CONTINUOUS
 62
     7
 10
-150.9992821610706
 20
-41.999600006922641
 30
0.0
 40
3.75
 50
270.0
 51
0.0
  0
ARC
  5
A86
  8
0
  6
CONTINUOUS
 62
     7
 10
-161.86588242865059
 20
-48.999600011069973
 30
0.0
 40
1.75
 50
270.0
 51
331.72851906508771
  0
ARC
  5
A87
  8
0
  6
CONTINUOUS
 62
     7
 10
-165.49928216146071
 20
-55.499600004153251
 30
0.0
 40
4.75
 50
90.0
 51
180.0
  0
ARC
  5
A88
  8
0
  6
CONTINUOUS
 62
     7
 10
-171.99928216146071
 20
-57.999600004145961
 30
0.0
 40
1.75
 50
270.0
 51
0.0
  0
ARC
  5
A89
  8
0
  6
CONTINUOUS
 62
     7
 10
-208.99928216142891
 20
-55.999600004146892
 30
0.0
 40
3.75
 50
180.0
 51
270.0
  0
ARC
  5
A8A
  8
0
  6
CONTINUOUS
 62
     7
 10
-220.49928216142891
 20
-53.499600004146892
 30
0.0
 40
7.75
 50
0.0
 51
90.0
  0
ARC
  5
A8B
  8
0
  6
CONTINUOUS
 62
     7
 10
-222.99928216142891
 20
2.00039999585311
 30
0.0
 40
3.75
 50
90.0
 51
180.0
  0
ARC
  5
A8C
  8
0
  6
CONTINUOUS
 62
     7
 10
-220.49928216142891
 20
13.500399995853121
 30
0.0
 40
7.7500000000000027
 50
270.0
 51
331.72628639703453
  0
ARC
  5
A8D
  8
0
  6
CONTINUOUS
 62
     7
 10
-212.13268189386071
 20
9.0004000000004076
 30
0.0
 40
1.749999999999998
 50
90.0
 51
151.72628639699451
  0
ARC
  5
A8E
  8
0
  6
CONTINUOUS
 62
     7
 10
-201.99928216203099
 20
18.000399995854028
 30
0.0
 40
1.75
 50
90.0
 51
180.0
  0
ARC
  5
A8F
  8
0
  6
CONTINUOUS
 62
     7
 10
-208.49928216203099
 20
15.500400000000409
 30
0.0
 40
4.75
 50
270.0
 51
0.0
  0
ARC
  5
A90
  8
0
  6
CONTINUOUS
 62
     7
 10
-164.9992821626403
 20
16.00040000414862
 30
0.0
 40
3.75
 50
0.0
 51
90.0
  0
ARC
  5
A91
  8
0
  6
CONTINUOUS
 62
     7
 10
-164.99928216204191
 20
16.00039999999677
 30
0.0
 40
4.0
 50
0.0
 51
90.0
  0
ARC
  5
A92
  8
0
  6
CONTINUOUS
 62
     7
 10
-153.49928216204191
 20
13.50039999999677
 30
0.0
 40
7.5
 50
180.0
 51
270.0
  0
ARC
  5
A93
  8
0
  6
CONTINUOUS
 62
     7
 10
-153.4992821626403
 20
13.50040000414862
 30
0.0
 40
7.75
 50
180.0
 51
270.0
  0
ARC
  5
A94
  8
0
  6
CONTINUOUS
 62
     7
 10
-199.2992821620403
 20
25.744764384314809
 30
0.0
 40
0.199999999999811
 50
90.0
 51
180.0
  0
ARC
  5
A95
  8
0
  6
CONTINUOUS
 62
     7
 10
-174.6992821620299
 20
25.744764384314809
 30
0.0
 40
0.1999999999989086
 50
0.0
 51
90.0
  0
ARC
  5
A96
  8
0
  6
CONTINUOUS
 62
     7
 10
-174.6992821620299
 20
27.37517932250336
 30
0.0
 40
0.1999999999989086
 50
0.0
 51
90.0
  0
ARC
  5
A97
  8
0
  6
CONTINUOUS
 62
     7
 10
-199.2992821620403
 20
27.37517932250336
 30
0.0
 40
0.2000000000007205
 50
90.0
 51
180.0
  0
ARC
  5
A98
  8
0
  6
CONTINUOUS
 62
     7
 10
-199.2992821620403
 20
28.9962049881902
 30
0.0
 40
0.2000000000007205
 50
90.0
 51
180.0
  0
ARC
  5
A99
  8
0
  6
CONTINUOUS
 62
     7
 10
-174.6992821620299
 20
28.9962049881902
 30
0.0
 40
0.1999999999989086
 50
0.0
 51
90.0
  0
ARC
  5
AA0
  8
0
  6
DASH_CENTER
 62
     1
 10
-32.901891818498576
 20
43.237693667294103
 30
0.0
 40
5.5499999999990957
 50
340.00000000004701
 51
0.0
  0
ARC
  5
AA1
  8
0
  6
CONTINUOUS
 62
     7
 10
-32.901891818498576
 20
43.237693667294103
 30
0.0
 40
8.0999999999994881
 50
340.00000000004331
 51
0.0
  0
ARC
  5
AA2
  8
0
  6
CONTINUOUS
 62
     7
 10
-36.051399103801721
 20
105.04966092795129
 30
0.0
 40
1.55008352585037
 50
268.13330619655812
 51
339.24682885553801
  0
ARC
  5
AA3
  8
0
  6
CONTINUOUS
 62
     7
 10
17.30032386294949
 20
-55.29959999999523
 30
0.0
 40
0.29999999998563
 50
89.999999997918323
 51
180.0
  0
ARC
  5
AA4
  8
0
  6
CONTINUOUS
 62
     7
 10
17.30032386294949
 20
15.30039910375177
 30
0.0
 40
0.2999999999847205
 50
179.99999999930489
 51
270.00000000208172
  0
ARC
  5
AA5
  8
0
  6
CONTINUOUS
 62
     7
 10
-38.099676137045421
 20
-55.499599999963209
 30
0.0
 40
6.0
 50
180.0
 51
195.4427158275852
  0
ARC
  5
AA6
  8
0
  6
CONTINUOUS
 62
     7
 10
-43.111941347108967
 20
-54.114971001303672
 30
0.0
 40
0.7999999999997499
 50
95.000000000211131
 51
164.55728417249099
  0
ARC
  5
AA7
  8
0
  6
CONTINUOUS
 62
     7
 10
-38.099676137045421
 20
-55.499599999963209
 30
0.0
 40
5.9999999999994102
 50
164.55728417242301
 51
180.0
  0
ARC
  5
AA8
  8
0
  6
CONTINUOUS
 62
     7
 10
-43.111941347108967
 20
-56.884228998624572
 30
0.0
 40
0.8000000000047007
 50
195.44271582744631
 51
264.99999999978331
  0
ARC
  5
AA9
  8
0
  6
CONTINUOUS
 62
     7
 10
-44.011941347116782
 20
0.19985996912561
 30
0.0
 40
0.7999999999950577
 50
195.44271582763699
 51
265.00000000049761
  0
ARC
  5
AAA
  8
0
  6
CONTINUOUS
 62
     7
 10
-38.999676137047778
 20
1.5844889677860601
 30
0.0
 40
5.9999999999952722
 50
164.5572841724032
 51
180.0
  0
ARC
  5
AAB
  8
0
  6
CONTINUOUS
 62
     7
 10
-44.011941347116782
 20
2.9691179664455891
 30
0.0
 40
0.7999999999997984
 50
94.999999999491024
 51
164.5572841722373
  0
ARC
  5
AAC
  8
0
  6
CONTINUOUS
 62
     7
 10
-38.999676137047778
 20
1.5844889677860601
 30
0.0
 40
6.0000000000000133
 50
180.0
 51
195.44271582758839
  0
ARC
  5
AAD
  8
0
  6
CONTINUOUS
 62
     7
 10
-43.111941347108967
 20
14.115771001383621
 30
0.0
 40
0.8000000000047007
 50
195.44271582744631
 51
264.99999999978331
  0
ARC
  5
AAE
  8
0
  6
CONTINUOUS
 62
     7
 10
-38.099676137045421
 20
15.50040000004407
 30
0.0
 40
5.9999999999996474
 50
164.5572841724148
 51
180.0
  0
ARC
  5
AAF
  8
0
  6
CONTINUOUS
 62
     7
 10
-43.111941347108967
 20
16.8850289987036
 30
0.0
 40
0.8000000000006771
 50
95.00000000020529
 51
164.55728417242821
  0
ARC
  5
AB0
  8
0
  6
CONTINUOUS
 62
     7
 10
-38.099676137045421
 20
15.50040000004407
 30
0.0
 40
6.0
 50
180.0
 51
195.4427158275769
  0
ARC
  5
AB1
  8
0
  6
CONTINUOUS
 62
     7
 10
-43.399676137036508
 20
8.2025031658627707
 30
0.0
 40
0.9999999999990992
 50
326.36488117874433
 51
0.0
  0
ARC
  5
AB2
  8
0
  6
CONTINUOUS
 62
     7
 10
-43.099676137049968
 20
2.8762440707656092
 30
0.0
 40
2.1999999999867228
 50
146.36488117887859
 51
180.0
  0
ARC
  5
AB3
  8
0
  6
CONTINUOUS
 62
     7
 10
-43.099676137049968
 20
-42.875442278276239
 30
0.0
 40
2.199999999987083
 50
180.0
 51
213.63511882114079
  0
ARC
  5
AB4
  8
0
  6
CONTINUOUS
 62
     7
 10
-43.399676137036508
 20
-48.262151820749253
 30
0.0
 40
1.0
 50
0.0
 51
33.635118821168952
  0
ARC
  5
AB5
  8
0
  6
CONTINUOUS
 62
     7
 10
-33.657421581395504
 20
28.983162641949608
 30
0.0
 40
0.8000000000003005
 50
85.44271582770493
 51
155.00000000003701
  0
ARC
  5
AB6
  8
0
  6
CONTINUOUS
 62
     7
 10
-34.070591594356522
 20
23.799603002051811
 30
0.0
 40
5.9999999999977121
 50
70.000000000048558
 51
85.442715827650701
  0
ARC
  5
AB7
  8
0
  6
CONTINUOUS
 62
     7
 10
-34.070591594356522
 20
23.799603002051811
 30
0.0
 40
5.9999999999936424
 50
54.557284172474532
 51
70.000000000048558
  0
ARC
  5
AB8
  8
0
  6
CONTINUOUS
 62
     7
 10
-31.055170276257041
 20
28.0360206248011
 30
0.0
 40
0.7999999999978315
 50
345.00000000003081
 51
54.557284172709821
  0
ARC
  5
AB9
  8
0
  6
CONTINUOUS
 62
     7
 10
-28.899676137127461
 20
22.34321480079285
 30
0.0
 40
0.1000000000864936
 50
250.00000006962469
 51
359.9999999301744
  0
ARC
  5
ABA
  8
0
  6
CONTINUOUS
 62
     7
 10
-28.89967613704739
 20
24.258734791125391
 30
0.0
 40
0.1000000000003283
 50
0.00000000156331
 51
69.999999997139327
  0
ARC
  5
ABB
  8
0
  6
CONTINUOUS
 62
     7
 10
-37.736618421047957
 20
27.47511874443131
 30
0.0
 40
0.100000000003465
 50
70.000000000741622
 51
139.99999999841631
  0
ARC
  5
ABC
  8
0
  6
CONTINUOUS
 62
     7
 10
-38.967890936878788
 20
26.007745300099089
 30
0.0
 40
0.1000000000875196
 50
140.0000000713745
 51
249.9999999285335
  0
ARC
  5
ABD
  8
0
  6
CONTINUOUS
 62
     7
 10
-28.999676137037781
 20
22.060358492354279
 30
0.0
 40
0.1999999999907196
 50
0.0
 51
70.000000000932772
  0
ARC
  5
ABE
  8
0
  6
CONTINUOUS
 62
     7
 10
-39.016760470197553
 20
25.706279023757421
 30
0.0
 40
0.2000000000004716
 50
69.999999998956952
 51
159.99999999906399
  0
ARC
  5
ABF
  8
0
  6
CONTINUOUS
 62
     7
 10
-37.5787408581375
 20
27.630491565371418
 30
0.0
 40
0.0999999999992665
 50
139.86369657123259
 51
250.0000000021611
  0
ARC
  5
AC0
  8
0
  6
CONTINUOUS
 62
     7
 10
-36.342907470436543
 20
29.096204988192369
 30
0.0
 40
0.1000000000013641
 50
69.999999996413024
 51
139.86369657236691
  0
ARC
  5
AC1
  8
0
  6
CONTINUOUS
 62
     7
 10
-35.656333366155408
 20
29.910490223091589
 30
0.0
 40
0.1000000000005192
 50
69.999999996219472
 51
139.86369657236429
  0
ARC
  5
AC2
  8
0
  6
CONTINUOUS
 62
     7
 10
-28.927840331988801
 20
27.461519037187429
 30
0.0
 40
0.099999999999592
 50
0.13630342887427
 51
70.000000000643269
  0
ARC
  5
AC3
  8
0
  6
CONTINUOUS
 62
     7
 10
-28.925306514357761
 20
26.39641903051557
 30
0.0
 40
0.0999999999977772
 50
0.13630342731751
 51
70.000000001616883
  0
ARC
  5
AC4
  8
0
  6
CONTINUOUS
 62
     7
 10
-28.92074564262769
 20
24.479239018505329
 30
0.0
 40
0.0999999999999719
 50
250.00000000166381
 51
0.13630342835441
  0
ARC
  5
AD5
  8
0
  6
CONTINUOUS
 62
     7
 10
-34.759769277158043
 20
-57.179280629478342
 30
0.0
 40
0.9999999999959195
 50
196.25702789661821
 51
265.00000000043377
  0
ARC
  5
AD6
  8
0
  6
CONTINUOUS
 62
     7
 10
-28.999676137027791
 20
-55.499600000006872
 30
0.0
 40
6.9999999999999956
 50
180.0
 51
196.2570278966067
  0
ARC
  5
AD7
  8
0
  6
CONTINUOUS
 62
     7
 10
-28.999676137027791
 20
-55.499600000006872
 30
0.0
 40
6.9999999999957074
 50
163.7429721033931
 51
180.0
  0
ARC
  5
AD8
  8
0
  6
CONTINUOUS
 62
     7
 10
-34.759769277158043
 20
-53.819919370535381
 30
0.0
 40
0.9999999999987133
 50
94.999999999561552
 51
163.74297210338179
  0
ARC
  5
AE5
  8
0
  6
DASH_CENTER
 62
     1
 10
177.0003238629586
 20
-19.999600000001379
 30
0.0
 40
45.000000000002899
 50
127.3548925414545
 51
142.64510745855139
  0
ARC
  5
AE6
  8
0
  6
DASH_CENTER
 62
     1
 10
177.0003238629595
 20
-19.999599999999589
 30
0.0
 40
44.999999999998991
 50
217.35489254145381
 51
232.64510745855111
  0
ARC
  5
AE7
  8
0
  6
DASH_CENTER
 62
     1
 10
177.0003238629586
 20
-19.99959999999777
 30
0.0
 40
45.000000000001172
 50
307.3548925414517
 51
322.64510745855011
  0
ARC
  5
AE8
  8
0
  6
DASH_CENTER
 62
     1
 10
177.0003238629595
 20
-19.999599999999589
 30
0.0
 40
44.999999999997542
 50
37.354892541455193
 51
52.64510745855199
  0
CIRCLE
  5
AEF
  8
0
  6
CONTINUOUS
 62
     7
 10
177.0003238629595
 20
-19.999599999999589
 30
0.0
 40
9.0000008962610991
  0
CIRCLE
  5
AF0
  8
0
  6
CONTINUOUS
 62
     7
 10
177.0003238629595
 20
-19.999599999999589
 30
0.0
 40
7.5000008962601878
  0
CIRCLE
  5
AF1
  8
0
  6
CONTINUOUS
 62
     7
 10
177.0003238629595
 20
-19.999599999999589
 30
0.0
 40
7.3999999999971067
  0
CIRCLE
  5
AF3
  8
0
  6
CONTINUOUS
 62
     7
 10
-155.1794770086419
 20
-51.819405153394129
 30
0.0
 40
3.0
  0
CIRCLE
  5
AF4
  8
0
  6
CONTINUOUS
 62
     7
 10
-218.81908731543101
 20
-51.819405153394129
 30
0.0
 40
3.0
  0
CIRCLE
  5
AF5
  8
0
  6
CONTINUOUS
 62
     7
 10
-218.81908731543101
 20
11.82020515339679
 30
0.0
 40
3.0
  0
CIRCLE
  5
AF6
  8
0
  6
CONTINUOUS
 62
     7
 10
-186.99928216203099
 20
-19.999599999999589
 30
0.0
 40
23.0
  0
CIRCLE
  5
AF7
  8
0
  6
CONTINUOUS
 62
     7
 10
-186.99928216203099
 20
-19.999599999999589
 30
0.0
 40
27.960300480101111
  0
CIRCLE
  5
AF8
  8
0
  6
CONTINUOUS
 62
     7
 10
-222.49928216202829
 20
-41.49959999999686
 30
0.0
 40
2.25
  0
CIRCLE
  5
AF9
  8
0
  6
CONTINUOUS
 62
     7
 10
-222.49928216202829
 20
-41.49959999999686
 30
0.0
 40
2.5999999999967831
  0
CIRCLE
  5
AFA
  8
0
  6
CONTINUOUS
 62
     7
 10
-222.49928216202829
 20
-41.49959999999686
 30
0.0
 40
2.8499999999967831
  0
CIRCLE
  5
AFB
  8
0
  6
CONTINUOUS
 62
     7
 10
-151.49928216203099
 20
1.500400000000409
 30
0.0
 40
2.8499999999994809
  0
CIRCLE
  5
AFC
  8
0
  6
CONTINUOUS
 62
     7
 10
-151.49928216203099
 20
1.500400000000409
 30
0.0
 40
2.5999999999994809
  0
CIRCLE
  5
AFD
  8
0
  6
CONTINUOUS
 62
     7
 10
-151.49928216203099
 20
1.500400000000409
 30
0.0
 40
2.25
  0
CIRCLE
  5
AFE
  8
0
  6
CONTINUOUS
 62
     7
 10
-200.99928216203099
 20
15.500400000000409
 30
0.0
 40
2.25
  0
CIRCLE
  5
AFF
  8
0
  6
CONTINUOUS
 62
     7
 10
-172.99928216207101
 20
-55.499600000008677
 30
0.0
 40
2.25
  0
CIRCLE
  5
B00
  8
0
  6
CONTINUOUS
 62
     7
 10
-155.1794770086419
 20
11.82020515339315
 30
0.0
 40
3.0
  0
CIRCLE
  5
B01
  8
0
  6
CONTINUOUS
 62
     7
 10
-165.49928216203099
 20
-55.499599999999589
 30
0.0
 40
2.75
  0
CIRCLE
  5
B02
  8
0
  6
CONTINUOUS
 62
     7
 10
-165.49928216203099
 20
-55.499599999999589
 30
0.0
 40
3.0
  0
CIRCLE
  5
B03
  8
0
  6
CONTINUOUS
 62
     7
 10
-165.49928216203099
 20
-55.499599999999589
 30
0.0
 40
2.5
  0
CIRCLE
  5
B04
  8
0
  6
CONTINUOUS
 62
     7
 10
-208.49928216203099
 20
15.500400000000409
 30
0.0
 40
2.5000000000000191
  0
CIRCLE
  5
B05
  8
0
  6
CONTINUOUS
 62
     7
 10
-208.49928216203099
 20
15.500400000000409
 30
0.0
 40
3.0
  0
CIRCLE
  5
B06
  8
0
  6
CONTINUOUS
 62
     7
 10
-208.49928216203099
 20
15.500400000000409
 30
0.0
 40
2.75000000000002
  0
CIRCLE
  5
B07
  8
0
  6
CONTINUOUS
 62
     7
 10
177.0003238629595
 20
-19.999599999999589
 30
0.0
 40
34.999999103755698
  0
CIRCLE
  5
B09
  8
0
  6
CONTINUOUS
 62
     7
 10
145.18051870956131
 20
11.82020515339323
 30
0.0
 40
3.0
  0
CIRCLE
  5
B0A
  8
0
  6
CONTINUOUS
 62
     7
 10
145.1805187095631
 20
-51.819405153394101
 30
0.0
 40
3.0
  0
CIRCLE
  5
B0B
  8
0
  6
CONTINUOUS
 62
     7
 10
208.82012901635221
 20
-51.819405153391394
 30
0.0
 40
3.0
  0
CIRCLE
  5
B0C
  8
0
  6
CONTINUOUS
 62
     7
 10
208.82012901635039
 20
11.82020515339681
 30
0.0
 40
3.0
  0
POLYLINE
  8
0
  5
1E97
  62
2
  66
     1
 10
0.000000
 20
0.000000
 30
0.000000
  70
     8
  0
VERTEX
  8
0
  5
1E98
 10
-29.9019
 20
54.3002
 30
0.000000
  70
    32
  0
VERTEX
  8
0
  5
1E99
 10
-29.8791
 20
54.3070
 30
0.000000
  70
    32
  0
VERTEX
  8
0
  5
1E9A
 10
-29.8563
 20
54.3139
 30
0.000000
  70
    32
  0
VERTEX
  8
0
  5
1E9B
 10
-29.8335
 20
54.3207
 30
0.000000
  70
    32
  0
VERTEX
  8
0
  5
1E9C
 10
-29.8106
 20
54.3275
 30
0.000000
  70
    32
  0
VERTEX
  8
0
  5
1E9D
 10
-29.7878
 20
54.3343
 30
0.000000
  70
    32
  0
VERTEX
  8
0
  5
1E9E
 10
-29.7650
 20
54.3410
 30
0.000000
  70
    32
  0
VERTEX
  8
0
  5
1E9F
 10
-29.7422
 20
54.3478
 30
0.000000
  70
    32
  0
VERTEX
  8
0
  5
1EA0
 10
-29.7194
 20
54.3545
 30
0.000000
  70
    32
  0
VERTEX
  8
0
  5
1EA1
 10
-29.6966
 20
54.3612
 30
0.000000
  70
    32
  0
VERTEX
  8
0
  5
1EA2
 10
-29.6738
 20
54.3678
 30
0.000000
  70
    32
  0
VERTEX
  8
0
  5
1EA3
 10
-29.6509
 20
54.3744
 30
0.000000
  70
    32
  0
VERTEX
  8
0
  5
1EA4
 10
-29.6281
 20
54.3809
 30
0.000000
  70
    32
  0
VERTEX
  8
0
  5
1EA5
 10
-29.6053
 20
54.3874
 30
0.000000
  70
    32
  0
VERTEX
  8
0
  5
1EA6
 10
-29.5825
 20
54.3938
 30
0.000000
  70
    32
  0
VERTEX
  8
0
  5
1EA7
 10
-29.5597
 20
54.4002
 30
0.000000
  70
    32
  0
VERTEX
  8
0
  5
1EA8
 10
-29.5369
 20
54.4065
 30
0.000000
  70
    32
  0
VERTEX
  8
0
  5
1EA9
 10
-29.5140
 20
54.4127
 30
0.000000
  70
    32
  0
VERTEX
  8
0
  5
1EAA
 10
-29.4912
 20
54.4188
 30
0.000000
  70
    32
  0
VERTEX
  8
0
  5
1EAB
 10
-29.4684
 20
54.4249
 30
0.000000
  70
    32
  0
VERTEX
  8
0
  5
1EAC
 10
-29.4456
 20
54.4308
 30
0.000000
  70
    32
  0
VERTEX
  8
0
  5
1EAD
 10
-29.4228
 20
54.4367
 30
0.000000
  70
    32
  0
VERTEX
  8
0
  5
1EAE
 10
-29.3999
 20
54.4425
 30
0.000000
  70
    32
  0
VERTEX
  8
0
  5
1EAF
 10
-29.3771
 20
54.4482
 30
0.000000
  70
    32
  0
VERTEX
  8
0
  5
1EB0
 10
-29.3543
 20
54.4538
 30
0.000000
  70
    32
  0
VERTEX
  8
0
  5
1EB1
 10
-29.3315
 20
54.4593
 30
0.000000
  70
    32
  0
VERTEX
  8
0
  5
1EB2
 10
-29.3086
 20
54.4646
 30
0.000000
  70
    32
  0
VERTEX
  8
0
  5
1EB3
 10
-29.2858
 20
54.4699
 30
0.000000
  70
    32
  0
VERTEX
  8
0
  5
1EB4
 10
-29.2630
 20
54.4750
 30
0.000000
  70
    32
  0
VERTEX
  8
0
  5
1EB5
 10
-29.2402
 20
54.4800
 30
0.000000
  70
    32
  0
VERTEX
  8
0
  5
1EB6
 10
-29.2173
 20
54.4848
 30
0.000000
  70
    32
  0
VERTEX
  8
0
  5
1EB7
 10
-29.1945
 20
54.4896
 30
0.000000
  70
    32
  0
VERTEX
  8
0
  5
1EB8
 10
-29.1717
 20
54.4942
 30
0.000000
  70
    32
  0
VERTEX
  8
0
  5
1EB9
 10
-29.1488
 20
54.4986
 30
0.000000
  70
    32
  0
VERTEX
  8
0
  5
1EBA
 10
-29.1260
 20
54.5029
 30
0.000000
  70
    32
  0
VERTEX
  8
0
  5
1EBB
 10
-29.1032
 20
54.5070
 30
0.000000
  70
    32
  0
VERTEX
  8
0
  5
1EBC
 10
-29.0803
 20
54.5110
 30
0.000000
  70
    32
  0
VERTEX
  8
0
  5
1EBD
 10
-29.0575
 20
54.5148
 30
0.000000
  70
    32
  0
VERTEX
  8
0
  5
1EBE
 10
-29.0347
 20
54.5185
 30
0.000000
  70
    32
  0
VERTEX
  8
0
  5
1EBF
 10
-29.0118
 20
54.5220
 30
0.000000
  70
    32
  0
VERTEX
  8
0
  5
1EC0
 10
-28.9890
 20
54.5253
 30
0.000000
  70
    32
  0
VERTEX
  8
0
  5
1EC1
 10
-28.9661
 20
54.5284
 30
0.000000
  70
    32
  0
VERTEX
  8
0
  5
1EC2
 10
-28.9433
 20
54.5313
 30
0.000000
  70
    32
  0
VERTEX
  8
0
  5
1EC3
 10
-28.9204
 20
54.5341
 30
0.000000
  70
    32
  0
VERTEX
  8
0
  5
1EC4
 10
-28.8976
 20
54.5366
 30
0.000000
  70
    32
  0
VERTEX
  8
0
  5
1EC5
 10
-28.8747
 20
54.5390
 30
0.000000
  70
    32
  0
VERTEX
  8
0
  5
1EC6
 10
-28.8519
 20
54.5411
 30
0.000000
  70
    32
  0
VERTEX
  8
0
  5
1EC7
 10
-28.8290
 20
54.5430
 30
0.000000
  70
    32
  0
VERTEX
  8
0
  5
1EC8
 10
-28.8062
 20
54.5448
 30
0.000000
  70
    32
  0
VERTEX
  8
0
  5
1EC9
 10
-28.7833
 20
54.5463
 30
0.000000
  70
    32
  0
VERTEX
  8
0
  5
1ECA
 10
-28.7605
 20
54.5476
 30
0.000000
  70
    32
  0
VERTEX
  8
0
  5
1ECB
 10
-28.7376
 20
54.5486
 30
0.000000
  70
    32
  0
VERTEX
  8
0
  5
1ECC
 10
-28.7147
 20
54.5494
 30
0.000000
  70
    32
  0
VERTEX
  8
0
  5
1ECD
 10
-28.6919
 20
54.5500
 30
0.000000
  70
    32
  0
VERTEX
  8
0
  5
1ECE
 10
-28.6690
 20
54.5504
 30
0.000000
  70
    32
  0
VERTEX
  8
0
  5
1ECF
 10
-28.6461
 20
54.5505
 30
0.000000
  70
    32
  0
VERTEX
  8
0
  5
1ED0
 10
-28.6233
 20
54.5504
 30
0.000000
  70
    32
  0
VERTEX
  8
0
  5
1ED1
 10
-28.6004
 20
54.5500
 30
0.000000
  70
    32
  0
VERTEX
  8
0
  5
1ED2
 10
-28.5775
 20
54.5495
 30
0.000000
  70
    32
  0
VERTEX
  8
0
  5
1ED3
 10
-28.5546
 20
54.5487
 30
0.000000
  70
    32
  0
VERTEX
  8
0
  5
1ED4
 10
-28.5318
 20
54.5476
 30
0.000000
  70
    32
  0
VERTEX
  8
0
  5
1ED5
 10
-28.5089
 20
54.5464
 30
0.000000
  70
    32
  0
VERTEX
  8
0
  5
1ED6
 10
-28.4860
 20
54.5450
 30
0.000000
  70
    32
  0
VERTEX
  8
0
  5
1ED7
 10
-28.4631
 20
54.5433
 30
0.000000
  70
    32
  0
VERTEX
  8
0
  5
1ED8
 10
-28.4402
 20
54.5415
 30
0.000000
  70
    32
  0
VERTEX
  8
0
  5
1ED9
 10
-28.4173
 20
54.5394
 30
0.000000
  70
    32
  0
VERTEX
  8
0
  5
1EDA
 10
-28.3945
 20
54.5372
 30
0.000000
  70
    32
  0
VERTEX
  8
0
  5
1EDB
 10
-28.3716
 20
54.5347
 30
0.000000
  70
    32
  0
VERTEX
  8
0
  5
1EDC
 10
-28.3487
 20
54.5321
 30
0.000000
  70
    32
  0
VERTEX
  8
0
  5
1EDD
 10
-28.3258
 20
54.5293
 30
0.000000
  70
    32
  0
VERTEX
  8
0
  5
1EDE
 10
-28.3029
 20
54.5263
 30
0.000000
  70
    32
  0
VERTEX
  8
0
  5
1EDF
 10
-28.2800
 20
54.5232
 30
0.000000
  70
    32
  0
VERTEX
  8
0
  5
1EE0
 10
-28.2571
 20
54.5199
 30
0.000000
  70
    32
  0
VERTEX
  8
0
  5
1EE1
 10
-28.2342
 20
54.5164
 30
0.000000
  70
    32
  0
VERTEX
  8
0
  5
1EE2
 10
-28.2113
 20
54.5128
 30
0.000000
  70
    32
  0
VERTEX
  8
0
  5
1EE3
 10
-28.1884
 20
54.5090
 30
0.000000
  70
    32
  0
VERTEX
  8
0
  5
1EE4
 10
-28.1655
 20
54.5050
 30
0.000000
  70
    32
  0
VERTEX
  8
0
  5
1EE5
 10
-28.1426
 20
54.5009
 30
0.000000
  70
    32
  0
VERTEX
  8
0
  5
1EE6
 10
-28.1197
 20
54.4967
 30
0.000000
  70
    32
  0
VERTEX
  8
0
  5
1EE7
 10
-28.0968
 20
54.4923
 30
0.000000
  70
    32
  0
VERTEX
  8
0
  5
1EE8
 10
-28.0739
 20
54.4878
 30
0.000000
  70
    32
  0
VERTEX
  8
0
  5
1EE9
 10
-28.0510
 20
54.4831
 30
0.000000
  70
    32
  0
VERTEX
  8
0
  5
1EEA
 10
-28.0280
 20
54.4784
 30
0.000000
  70
    32
  0
VERTEX
  8
0
  5
1EEB
 10
-28.0051
 20
54.4735
 30
0.000000
  70
    32
  0
VERTEX
  8
0
  5
1EEC
 10
-27.9822
 20
54.4685
 30
0.000000
  70
    32
  0
VERTEX
  8
0
  5
1EED
 10
-27.9593
 20
54.4633
 30
0.000000
  70
    32
  0
VERTEX
  8
0
  5
1EEE
 10
-27.9364
 20
54.4581
 30
0.000000
  70
    32
  0
VERTEX
  8
0
  5
1EEF
 10
-27.9135
 20
54.4528
 30
0.000000
  70
    32
  0
VERTEX
  8
0
  5
1EF0
 10
-27.8906
 20
54.4473
 30
0.000000
  70
    32
  0
VERTEX
  8
0
  5
1EF1
 10
-27.8676
 20
54.4418
 30
0.000000
  70
    32
  0
VERTEX
  8
0
  5
1EF2
 10
-27.8447
 20
54.4361
 30
0.000000
  70
    32
  0
VERTEX
  8
0
  5
1EF3
 10
-27.8218
 20
54.4304
 30
0.000000
  70
    32
  0
VERTEX
  8
0
  5
1EF4
 10
-27.7989
 20
54.4246
 30
0.000000
  70
    32
  0
VERTEX
  8
0
  5
1EF5
 10
-27.7760
 20
54.4187
 30
0.000000
  70
    32
  0
VERTEX
  8
0
  5
1EF6
 10
-27.7531
 20
54.4127
 30
0.000000
  70
    32
  0
VERTEX
  8
0
  5
1EF7
 10
-27.7301
 20
54.4067
 30
0.000000
  70
    32
  0
VERTEX
  8
0
  5
1EF8
 10
-27.7072
 20
54.4006
 30
0.000000
  70
    32
  0
VERTEX
  8
0
  5
1EF9
 10
-27.6843
 20
54.3944
 30
0.000000
  70
    32
  0
VERTEX
  8
0
  5
1EFA
 10
-27.6614
 20
54.3882
 30
0.000000
  70
    32
  0
VERTEX
  8
0
  5
1EFB
 10
-27.6384
 20
54.3819
 30
0.000000
  70
    32
  0
VERTEX
  8
0
  5
1EFC
 10
-27.6155
 20
54.3755
 30
0.000000
  70
    32
  0
VERTEX
  8
0
  5
1EFD
 10
-27.5926
 20
54.3692
 30
0.000000
  70
    32
  0
VERTEX
  8
0
  5
1EFE
 10
-27.5697
 20
54.3627
 30
0.000000
  70
    32
  0
VERTEX
  8
0
  5
1EFF
 10
-27.5468
 20
54.3562
 30
0.000000
  70
    32
  0
VERTEX
  8
0
  5
1F00
 10
-27.5238
 20
54.3497
 30
0.000000
  70
    32
  0
VERTEX
  8
0
  5
1F01
 10
-27.5009
 20
54.3432
 30
0.000000
  70
    32
  0
VERTEX
  8
0
  5
1F02
 10
-27.4780
 20
54.3366
 30
0.000000
  70
    32
  0
VERTEX
  8
0
  5
1F03
 10
-27.4551
 20
54.3300
 30
0.000000
  70
    32
  0
VERTEX
  8
0
  5
1F04
 10
-27.4321
 20
54.3234
 30
0.000000
  70
    32
  0
VERTEX
  8
0
  5
1F05
 10
-27.4092
 20
54.3168
 30
0.000000
  70
    32
  0
VERTEX
  8
0
  5
1F06
 10
-27.3863
 20
54.3102
 30
0.000000
  70
    32
  0
VERTEX
  8
0
  5
1F07
 10
-27.3634
 20
54.3035
 30
0.000000
  70
    32
  0
VERTEX
  8
0
  5
1F08
 10
-27.3404
 20
54.2969
 30
0.000000
  70
    32
  0
VERTEX
  8
0
  5
1F09
 10
-27.3175
 20
54.2902
 30
0.000000
  70
    32
  0
VERTEX
  8
0
  5
1F0A
 10
-27.2946
 20
54.2836
 30
0.000000
  70
    32
  0
VERTEX
  8
0
  5
1F0B
 10
-27.2717
 20
54.2770
 30
0.000000
  70
    32
  0
VERTEX
  8
0
  5
1F0C
 10
-27.2487
 20
54.2704
 30
0.000000
  70
    32
  0
VERTEX
  8
0
  5
1F0D
 10
-27.2258
 20
54.2638
 30
0.000000
  70
    32
  0
VERTEX
  8
0
  5
1F0E
 10
-27.2029
 20
54.2572
 30
0.000000
  70
    32
  0
VERTEX
  8
0
  5
1F0F
 10
-27.1800
 20
54.2507
 30
0.000000
  70
    32
  0
VERTEX
  8
0
  5
1F10
 10
-27.1570
 20
54.2442
 30
0.000000
  70
    32
  0
VERTEX
  8
0
  5
1F11
 10
-27.1341
 20
54.2377
 30
0.000000
  70
    32
  0
VERTEX
  8
0
  5
1F12
 10
-27.1112
 20
54.2312
 30
0.000000
  70
    32
  0
VERTEX
  8
0
  5
1F13
 10
-27.0883
 20
54.2249
 30
0.000000
  70
    32
  0
VERTEX
  8
0
  5
1F14
 10
-27.0653
 20
54.2185
 30
0.000000
  70
    32
  0
VERTEX
  8
0
  5
1F15
 10
-27.0424
 20
54.2122
 30
0.000000
  70
    32
  0
VERTEX
  8
0
  5
1F16
 10
-27.0195
 20
54.2060
 30
0.000000
  70
    32
  0
VERTEX
  8
0
  5
1F17
 10
-26.9966
 20
54.1998
 30
0.000000
  70
    32
  0
VERTEX
  8
0
  5
1F18
 10
-26.9736
 20
54.1937
 30
0.000000
  70
    32
  0
VERTEX
  8
0
  5
1F19
 10
-26.9507
 20
54.1877
 30
0.000000
  70
    32
  0
VERTEX
  8
0
  5
1F1A
 10
-26.9278
 20
54.1817
 30
0.000000
  70
    32
  0
VERTEX
  8
0
  5
1F1B
 10
-26.9049
 20
54.1758
 30
0.000000
  70
    32
  0
VERTEX
  8
0
  5
1F1C
 10
-26.8820
 20
54.1700
 30
0.000000
  70
    32
  0
VERTEX
  8
0
  5
1F1D
 10
-26.8591
 20
54.1643
 30
0.000000
  70
    32
  0
VERTEX
  8
0
  5
1F1E
 10
-26.8361
 20
54.1586
 30
0.000000
  70
    32
  0
VERTEX
  8
0
  5
1F1F
 10
-26.8132
 20
54.1531
 30
0.000000
  70
    32
  0
VERTEX
  8
0
  5
1F20
 10
-26.7903
 20
54.1476
 30
0.000000
  70
    32
  0
VERTEX
  8
0
  5
1F21
 10
-26.7674
 20
54.1423
 30
0.000000
  70
    32
  0
VERTEX
  8
0
  5
1F22
 10
-26.7445
 20
54.1371
 30
0.000000
  70
    32
  0
VERTEX
  8
0
  5
1F23
 10
-26.7216
 20
54.1319
 30
0.000000
  70
    32
  0
VERTEX
  8
0
  5
1F24
 10
-26.6987
 20
54.1269
 30
0.000000
  70
    32
  0
VERTEX
  8
0
  5
1F25
 10
-26.6757
 20
54.1220
 30
0.000000
  70
    32
  0
VERTEX
  8
0
  5
1F26
 10
-26.6528
 20
54.1173
 30
0.000000
  70
    32
  0
VERTEX
  8
0
  5
1F27
 10
-26.6299
 20
54.1126
 30
0.000000
  70
    32
  0
VERTEX
  8
0
  5
1F28
 10
-26.6070
 20
54.1081
 30
0.000000
  70
    32
  0
VERTEX
  8
0
  5
1F29
 10
-26.5841
 20
54.1037
 30
0.000000
  70
    32
  0
VERTEX
  8
0
  5
1F2A
 10
-26.5612
 20
54.0995
 30
0.000000
  70
    32
  0
VERTEX
  8
0
  5
1F2B
 10
-26.5383
 20
54.0954
 30
0.000000
  70
    32
  0
VERTEX
  8
0
  5
1F2C
 10
-26.5154
 20
54.0914
 30
0.000000
  70
    32
  0
VERTEX
  8
0
  5
1F2D
 10
-26.4925
 20
54.0876
 30
0.000000
  70
    32
  0
VERTEX
  8
0
  5
1F2E
 10
-26.4696
 20
54.0840
 30
0.000000
  70
    32
  0
VERTEX
  8
0
  5
1F2F
 10
-26.4467
 20
54.0805
 30
0.000000
  70
    32
  0
VERTEX
  8
0
  5
1F30
 10
-26.4238
 20
54.0772
 30
0.000000
  70
    32
  0
VERTEX
  8
0
  5
1F31
 10
-26.4009
 20
54.0741
 30
0.000000
  70
    32
  0
VERTEX
  8
0
  5
1F32
 10
-26.3780
 20
54.0711
 30
0.000000
  70
    32
  0
VERTEX
  8
0
  5
1F33
 10
-26.3551
 20
54.0683
 30
0.000000
  70
    32
  0
VERTEX
  8
0
  5
1F34
 10
-26.3322
 20
54.0657
 30
0.000000
  70
    32
  0
VERTEX
  8
0
  5
1F35
 10
-26.3093
 20
54.0632
 30
0.000000
  70
    32
  0
VERTEX
  8
0
  5
1F36
 10
-26.2864
 20
54.0610
 30
0.000000
  70
    32
  0
VERTEX
  8
0
  5
1F37
 10
-26.2636
 20
54.0589
 30
0.000000
  70
    32
  0
VERTEX
  8
0
  5
1F38
 10
-26.2407
 20
54.0571
 30
0.000000
  70
    32
  0
VERTEX
  8
0
  5
1F39
 10
-26.2178
 20
54.0554
 30
0.000000
  70
    32
  0
VERTEX
  8
0
  5
1F3A
 10
-26.1949
 20
54.0540
 30
0.000000
  70
    32
  0
VERTEX
  8
0
  5
1F3B
 10
-26.1720
 20
54.0528
 30
0.000000
  70
    32
  0
VERTEX
  8
0
  5
1F3C
 10
-26.1491
 20
54.0517
 30
0.000000
  70
    32
  0
VERTEX
  8
0
  5
1F3D
 10
-26.1263
 20
54.0509
 30
0.000000
  70
    32
  0
VERTEX
  8
0
  5
1F3E
 10
-26.1034
 20
54.0504
 30
0.000000
  70
    32
  0
VERTEX
  8
0
  5
1F3F
 10
-26.0805
 20
54.0500
 30
0.000000
  70
    32
  0
VERTEX
  8
0
  5
1F40
 10
-26.0577
 20
54.0499
 30
0.000000
  70
    32
  0
VERTEX
  8
0
  5
1F41
 10
-26.0348
 20
54.0500
 30
0.000000
  70
    32
  0
VERTEX
  8
0
  5
1F42
 10
-26.0119
 20
54.0504
 30
0.000000
  70
    32
  0
VERTEX
  8
0
  5
1F43
 10
-25.9890
 20
54.0510
 30
0.000000
  70
    32
  0
VERTEX
  8
0
  5
1F44
 10
-25.9662
 20
54.0518
 30
0.000000
  70
    32
  0
VERTEX
  8
0
  5
1F45
 10
-25.9433
 20
54.0528
 30
0.000000
  70
    32
  0
VERTEX
  8
0
  5
1F46
 10
-25.9205
 20
54.0541
 30
0.000000
  70
    32
  0
VERTEX
  8
0
  5
1F47
 10
-25.8976
 20
54.0556
 30
0.000000
  70
    32
  0
VERTEX
  8
0
  5
1F48
 10
-25.8748
 20
54.0574
 30
0.000000
  70
    32
  0
VERTEX
  8
0
  5
1F49
 10
-25.8519
 20
54.0593
 30
0.000000
  70
    32
  0
VERTEX
  8
0
  5
1F4A
 10
-25.8290
 20
54.0614
 30
0.000000
  70
    32
  0
VERTEX
  8
0
  5
1F4B
 10
-25.8062
 20
54.0638
 30
0.000000
  70
    32
  0
VERTEX
  8
0
  5
1F4C
 10
-25.7833
 20
54.0663
 30
0.000000
  70
    32
  0
VERTEX
  8
0
  5
1F4D
 10
-25.7605
 20
54.0691
 30
0.000000
  70
    32
  0
VERTEX
  8
0
  5
1F4E
 10
-25.7377
 20
54.0720
 30
0.000000
  70
    32
  0
VERTEX
  8
0
  5
1F4F
 10
-25.7148
 20
54.0751
 30
0.000000
  70
    32
  0
VERTEX
  8
0
  5
1F50
 10
-25.6920
 20
54.0784
 30
0.000000
  70
    32
  0
VERTEX
  8
0
  5
1F51
 10
-25.6691
 20
54.0819
 30
0.000000
  70
    32
  0
VERTEX
  8
0
  5
1F52
 10
-25.6463
 20
54.0856
 30
0.000000
  70
    32
  0
VERTEX
  8
0
  5
1F53
 10
-25.6235
 20
54.0894
 30
0.000000
  70
    32
  0
VERTEX
  8
0
  5
1F54
 10
-25.6006
 20
54.0934
 30
0.000000
  70
    32
  0
VERTEX
  8
0
  5
1F55
 10
-25.5778
 20
54.0975
 30
0.000000
  70
    32
  0
VERTEX
  8
0
  5
1F56
 10
-25.5549
 20
54.1018
 30
0.000000
  70
    32
  0
VERTEX
  8
0
  5
1F57
 10
-25.5321
 20
54.1062
 30
0.000000
  70
    32
  0
VERTEX
  8
0
  5
1F58
 10
-25.5093
 20
54.1108
 30
0.000000
  70
    32
  0
VERTEX
  8
0
  5
1F59
 10
-25.4864
 20
54.1156
 30
0.000000
  70
    32
  0
VERTEX
  8
0
  5
1F5A
 10
-25.4636
 20
54.1204
 30
0.000000
  70
    32
  0
VERTEX
  8
0
  5
1F5B
 10
-25.4408
 20
54.1254
 30
0.000000
  70
    32
  0
VERTEX
  8
0
  5
1F5C
 10
-25.4180
 20
54.1305
 30
0.000000
  70
    32
  0
VERTEX
  8
0
  5
1F5D
 10
-25.3951
 20
54.1358
 30
0.000000
  70
    32
  0
VERTEX
  8
0
  5
1F5E
 10
-25.3723
 20
54.1411
 30
0.000000
  70
    32
  0
VERTEX
  8
0
  5
1F5F
 10
-25.3495
 20
54.1466
 30
0.000000
  70
    32
  0
VERTEX
  8
0
  5
1F60
 10
-25.3267
 20
54.1522
 30
0.000000
  70
    32
  0
VERTEX
  8
0
  5
1F61
 10
-25.3038
 20
54.1579
 30
0.000000
  70
    32
  0
VERTEX
  8
0
  5
1F62
 10
-25.2810
 20
54.1637
 30
0.000000
  70
    32
  0
VERTEX
  8
0
  5
1F63
 10
-25.2582
 20
54.1696
 30
0.000000
  70
    32
  0
VERTEX
  8
0
  5
1F64
 10
-25.2354
 20
54.1755
 30
0.000000
  70
    32
  0
VERTEX
  8
0
  5
1F65
 10
-25.2126
 20
54.1816
 30
0.000000
  70
    32
  0
VERTEX
  8
0
  5
1F66
 10
-25.1897
 20
54.1877
 30
0.000000
  70
    32
  0
VERTEX
  8
0
  5
1F67
 10
-25.1669
 20
54.1939
 30
0.000000
  70
    32
  0
VERTEX
  8
0
  5
1F68
 10
-25.1441
 20
54.2002
 30
0.000000
  70
    32
  0
VERTEX
  8
0
  5
1F69
 10
-25.1213
 20
54.2066
 30
0.000000
  70
    32
  0
VERTEX
  8
0
  5
1F6A
 10
-25.0985
 20
54.2130
 30
0.000000
  70
    32
  0
VERTEX
  8
0
  5
1F6B
 10
-25.0757
 20
54.2195
 30
0.000000
  70
    32
  0
VERTEX
  8
0
  5
1F6C
 10
-25.0528
 20
54.2260
 30
0.000000
  70
    32
  0
VERTEX
  8
0
  5
1F6D
 10
-25.0300
 20
54.2326
 30
0.000000
  70
    32
  0
VERTEX
  8
0
  5
1F6E
 10
-25.0072
 20
54.2392
 30
0.000000
  70
    32
  0
VERTEX
  8
0
  5
1F6F
 10
-24.9844
 20
54.2459
 30
0.000000
  70
    32
  0
VERTEX
  8
0
  5
1F70
 10
-24.9616
 20
54.2526
 30
0.000000
  70
    32
  0
VERTEX
  8
0
  5
1F71
 10
-24.9388
 20
54.2594
 30
0.000000
  70
    32
  0
VERTEX
  8
0
  5
1F72
 10
-24.9160
 20
54.2661
 30
0.000000
  70
    32
  0
VERTEX
  8
0
  5
1F73
 10
-24.8931
 20
54.2729
 30
0.000000
  70
    32
  0
VERTEX
  8
0
  5
1F74
 10
-24.8703
 20
54.2797
 30
0.000000
  70
    32
  0
VERTEX
  8
0
  5
1F75
 10
-24.8475
 20
54.2865
 30
0.000000
  70
    32
  0
VERTEX
  8
0
  5
1F76
 10
-24.8247
 20
54.2934
 30
0.000000
  70
    32
  0
VERTEX
  8
0
  5
1F77
 10
-24.8019
 20
54.3002
 30
0.000000
  70
    32
  0
SEQEND
  8
0
  5
1F78
  0
POLYLINE
  8
0
  5
1F79
  62
2
  66
     1
 10
0.000000
 20
0.000000
 30
0.000000
  70
     8
  0
VERTEX
  8
0
  5
1F7A
 10
-29.9019
 20
55.8002
 30
0.000000
  70
    32
  0
VERTEX
  8
0
  5
1F7B
 10
-29.8791
 20
55.8070
 30
0.000000
  70
    32
  0
VERTEX
  8
0
  5
1F7C
 10
-29.8563
 20
55.8139
 30
0.000000
  70
    32
  0
VERTEX
  8
0
  5
1F7D
 10
-29.8335
 20
55.8207
 30
0.000000
  70
    32
  0
VERTEX
  8
0
  5
1F7E
 10
-29.8106
 20
55.8275
 30
0.000000
  70
    32
  0
VERTEX
  8
0
  5
1F7F
 10
-29.7878
 20
55.8343
 30
0.000000
  70
    32
  0
VERTEX
  8
0
  5
1F80
 10
-29.7650
 20
55.8410
 30
0.000000
  70
    32
  0
VERTEX
  8
0
  5
1F81
 10
-29.7422
 20
55.8478
 30
0.000000
  70
    32
  0
VERTEX
  8
0
  5
1F82
 10
-29.7194
 20
55.8545
 30
0.000000
  70
    32
  0
VERTEX
  8
0
  5
1F83
 10
-29.6966
 20
55.8612
 30
0.000000
  70
    32
  0
VERTEX
  8
0
  5
1F84
 10
-29.6738
 20
55.8678
 30
0.000000
  70
    32
  0
VERTEX
  8
0
  5
1F85
 10
-29.6509
 20
55.8744
 30
0.000000
  70
    32
  0
VERTEX
  8
0
  5
1F86
 10
-29.6281
 20
55.8809
 30
0.000000
  70
    32
  0
VERTEX
  8
0
  5
1F87
 10
-29.6053
 20
55.8874
 30
0.000000
  70
    32
  0
VERTEX
  8
0
  5
1F88
 10
-29.5825
 20
55.8938
 30
0.000000
  70
    32
  0
VERTEX
  8
0
  5
1F89
 10
-29.5597
 20
55.9002
 30
0.000000
  70
    32
  0
VERTEX
  8
0
  5
1F8A
 10
-29.5369
 20
55.9065
 30
0.000000
  70
    32
  0
VERTEX
  8
0
  5
1F8B
 10
-29.5140
 20
55.9127
 30
0.000000
  70
    32
  0
VERTEX
  8
0
  5
1F8C
 10
-29.4912
 20
55.9188
 30
0.000000
  70
    32
  0
VERTEX
  8
0
  5
1F8D
 10
-29.4684
 20
55.9249
 30
0.000000
  70
    32
  0
VERTEX
  8
0
  5
1F8E
 10
-29.4456
 20
55.9308
 30
0.000000
  70
    32
  0
VERTEX
  8
0
  5
1F8F
 10
-29.4228
 20
55.9367
 30
0.000000
  70
    32
  0
VERTEX
  8
0
  5
1F90
 10
-29.3999
 20
55.9425
 30
0.000000
  70
    32
  0
VERTEX
  8
0
  5
1F91
 10
-29.3771
 20
55.9482
 30
0.000000
  70
    32
  0
VERTEX
  8
0
  5
1F92
 10
-29.3543
 20
55.9538
 30
0.000000
  70
    32
  0
VERTEX
  8
0
  5
1F93
 10
-29.3315
 20
55.9593
 30
0.000000
  70
    32
  0
VERTEX
  8
0
  5
1F94
 10
-29.3086
 20
55.9646
 30
0.000000
  70
    32
  0
VERTEX
  8
0
  5
1F95
 10
-29.2858
 20
55.9699
 30
0.000000
  70
    32
  0
VERTEX
  8
0
  5
1F96
 10
-29.2630
 20
55.9750
 30
0.000000
  70
    32
  0
VERTEX
  8
0
  5
1F97
 10
-29.2402
 20
55.9800
 30
0.000000
  70
    32
  0
VERTEX
  8
0
  5
1F98
 10
-29.2173
 20
55.9848
 30
0.000000
  70
    32
  0
VERTEX
  8
0
  5
1F99
 10
-29.1945
 20
55.9896
 30
0.000000
  70
    32
  0
VERTEX
  8
0
  5
1F9A
 10
-29.1717
 20
55.9942
 30
0.000000
  70
    32
  0
VERTEX
  8
0
  5
1F9B
 10
-29.1488
 20
55.9986
 30
0.000000
  70
    32
  0
VERTEX
  8
0
  5
1F9C
 10
-29.1260
 20
56.0029
 30
0.000000
  70
    32
  0
VERTEX
  8
0
  5
1F9D
 10
-29.1032
 20
56.0070
 30
0.000000
  70
    32
  0
VERTEX
  8
0
  5
1F9E
 10
-29.0803
 20
56.0110
 30
0.000000
  70
    32
  0
VERTEX
  8
0
  5
1F9F
 10
-29.0575
 20
56.0148
 30
0.000000
  70
    32
  0
VERTEX
  8
0
  5
1FA0
 10
-29.0347
 20
56.0185
 30
0.000000
  70
    32
  0
VERTEX
  8
0
  5
1FA1
 10
-29.0118
 20
56.0220
 30
0.000000
  70
    32
  0
VERTEX
  8
0
  5
1FA2
 10
-28.9890
 20
56.0253
 30
0.000000
  70
    32
  0
VERTEX
  8
0
  5
1FA3
 10
-28.9661
 20
56.0284
 30
0.000000
  70
    32
  0
VERTEX
  8
0
  5
1FA4
 10
-28.9433
 20
56.0313
 30
0.000000
  70
    32
  0
VERTEX
  8
0
  5
1FA5
 10
-28.9204
 20
56.0341
 30
0.000000
  70
    32
  0
VERTEX
  8
0
  5
1FA6
 10
-28.8976
 20
56.0366
 30
0.000000
  70
    32
  0
VERTEX
  8
0
  5
1FA7
 10
-28.8747
 20
56.0390
 30
0.000000
  70
    32
  0
VERTEX
  8
0
  5
1FA8
 10
-28.8519
 20
56.0411
 30
0.000000
  70
    32
  0
VERTEX
  8
0
  5
1FA9
 10
-28.8290
 20
56.0430
 30
0.000000
  70
    32
  0
VERTEX
  8
0
  5
1FAA
 10
-28.8062
 20
56.0448
 30
0.000000
  70
    32
  0
VERTEX
  8
0
  5
1FAB
 10
-28.7833
 20
56.0463
 30
0.000000
  70
    32
  0
VERTEX
  8
0
  5
1FAC
 10
-28.7605
 20
56.0476
 30
0.000000
  70
    32
  0
VERTEX
  8
0
  5
1FAD
 10
-28.7376
 20
56.0486
 30
0.000000
  70
    32
  0
VERTEX
  8
0
  5
1FAE
 10
-28.7147
 20
56.0494
 30
0.000000
  70
    32
  0
VERTEX
  8
0
  5
1FAF
 10
-28.6919
 20
56.0500
 30
0.000000
  70
    32
  0
VERTEX
  8
0
  5
1FB0
 10
-28.6690
 20
56.0504
 30
0.000000
  70
    32
  0
VERTEX
  8
0
  5
1FB1
 10
-28.6461
 20
56.0505
 30
0.000000
  70
    32
  0
VERTEX
  8
0
  5
1FB2
 10
-28.6233
 20
56.0504
 30
0.000000
  70
    32
  0
VERTEX
  8
0
  5
1FB3
 10
-28.6004
 20
56.0500
 30
0.000000
  70
    32
  0
VERTEX
  8
0
  5
1FB4
 10
-28.5775
 20
56.0495
 30
0.000000
  70
    32
  0
VERTEX
  8
0
  5
1FB5
 10
-28.5546
 20
56.0487
 30
0.000000
  70
    32
  0
VERTEX
  8
0
  5
1FB6
 10
-28.5318
 20
56.0476
 30
0.000000
  70
    32
  0
VERTEX
  8
0
  5
1FB7
 10
-28.5089
 20
56.0464
 30
0.000000
  70
    32
  0
VERTEX
  8
0
  5
1FB8
 10
-28.4860
 20
56.0450
 30
0.000000
  70
    32
  0
VERTEX
  8
0
  5
1FB9
 10
-28.4631
 20
56.0433
 30
0.000000
  70
    32
  0
VERTEX
  8
0
  5
1FBA
 10
-28.4402
 20
56.0415
 30
0.000000
  70
    32
  0
VERTEX
  8
0
  5
1FBB
 10
-28.4173
 20
56.0394
 30
0.000000
  70
    32
  0
VERTEX
  8
0
  5
1FBC
 10
-28.3945
 20
56.0372
 30
0.000000
  70
    32
  0
VERTEX
  8
0
  5
1FBD
 10
-28.3716
 20
56.0347
 30
0.000000
  70
    32
  0
VERTEX
  8
0
  5
1FBE
 10
-28.3487
 20
56.0321
 30
0.000000
  70
    32
  0
VERTEX
  8
0
  5
1FBF
 10
-28.3258
 20
56.0293
 30
0.000000
  70
    32
  0
VERTEX
  8
0
  5
1FC0
 10
-28.3029
 20
56.0263
 30
0.000000
  70
    32
  0
VERTEX
  8
0
  5
1FC1
 10
-28.2800
 20
56.0232
 30
0.000000
  70
    32
  0
VERTEX
  8
0
  5
1FC2
 10
-28.2571
 20
56.0199
 30
0.000000
  70
    32
  0
VERTEX
  8
0
  5
1FC3
 10
-28.2342
 20
56.0164
 30
0.000000
  70
    32
  0
VERTEX
  8
0
  5
1FC4
 10
-28.2113
 20
56.0128
 30
0.000000
  70
    32
  0
VERTEX
  8
0
  5
1FC5
 10
-28.1884
 20
56.0090
 30
0.000000
  70
    32
  0
VERTEX
  8
0
  5
1FC6
 10
-28.1655
 20
56.0050
 30
0.000000
  70
    32
  0
VERTEX
  8
0
  5
1FC7
 10
-28.1426
 20
56.0009
 30
0.000000
  70
    32
  0
VERTEX
  8
0
  5
1FC8
 10
-28.1197
 20
55.9967
 30
0.000000
  70
    32
  0
VERTEX
  8
0
  5
1FC9
 10
-28.0968
 20
55.9923
 30
0.000000
  70
    32
  0
VERTEX
  8
0
  5
1FCA
 10
-28.0739
 20
55.9878
 30
0.000000
  70
    32
  0
VERTEX
  8
0
  5
1FCB
 10
-28.0510
 20
55.9831
 30
0.000000
  70
    32
  0
VERTEX
  8
0
  5
1FCC
 10
-28.0280
 20
55.9784
 30
0.000000
  70
    32
  0
VERTEX
  8
0
  5
1FCD
 10
-28.0051
 20
55.9735
 30
0.000000
  70
    32
  0
VERTEX
  8
0
  5
1FCE
 10
-27.9822
 20
55.9685
 30
0.000000
  70
    32
  0
VERTEX
  8
0
  5
1FCF
 10
-27.9593
 20
55.9633
 30
0.000000
  70
    32
  0
VERTEX
  8
0
  5
1FD0
 10
-27.9364
 20
55.9581
 30
0.000000
  70
    32
  0
VERTEX
  8
0
  5
1FD1
 10
-27.9135
 20
55.9528
 30
0.000000
  70
    32
  0
VERTEX
  8
0
  5
1FD2
 10
-27.8906
 20
55.9473
 30
0.000000
  70
    32
  0
VERTEX
  8
0
  5
1FD3
 10
-27.8676
 20
55.9418
 30
0.000000
  70
    32
  0
VERTEX
  8
0
  5
1FD4
 10
-27.8447
 20
55.9361
 30
0.000000
  70
    32
  0
VERTEX
  8
0
  5
1FD5
 10
-27.8218
 20
55.9304
 30
0.000000
  70
    32
  0
VERTEX
  8
0
  5
1FD6
 10
-27.7989
 20
55.9246
 30
0.000000
  70
    32
  0
VERTEX
  8
0
  5
1FD7
 10
-27.7760
 20
55.9187
 30
0.000000
  70
    32
  0
VERTEX
  8
0
  5
1FD8
 10
-27.7531
 20
55.9127
 30
0.000000
  70
    32
  0
VERTEX
  8
0
  5
1FD9
 10
-27.7301
 20
55.9067
 30
0.000000
  70
    32
  0
VERTEX
  8
0
  5
1FDA
 10
-27.7072
 20
55.9006
 30
0.000000
  70
    32
  0
VERTEX
  8
0
  5
1FDB
 10
-27.6843
 20
55.8944
 30
0.000000
  70
    32
  0
VERTEX
  8
0
  5
1FDC
 10
-27.6614
 20
55.8882
 30
0.000000
  70
    32
  0
VERTEX
  8
0
  5
1FDD
 10
-27.6384
 20
55.8819
 30
0.000000
  70
    32
  0
VERTEX
  8
0
  5
1FDE
 10
-27.6155
 20
55.8755
 30
0.000000
  70
    32
  0
VERTEX
  8
0
  5
1FDF
 10
-27.5926
 20
55.8692
 30
0.000000
  70
    32
  0
VERTEX
  8
0
  5
1FE0
 10
-27.5697
 20
55.8627
 30
0.000000
  70
    32
  0
VERTEX
  8
0
  5
1FE1
 10
-27.5468
 20
55.8562
 30
0.000000
  70
    32
  0
VERTEX
  8
0
  5
1FE2
 10
-27.5238
 20
55.8497
 30
0.000000
  70
    32
  0
VERTEX
  8
0
  5
1FE3
 10
-27.5009
 20
55.8432
 30
0.000000
  70
    32
  0
VERTEX
  8
0
  5
1FE4
 10
-27.4780
 20
55.8366
 30
0.000000
  70
    32
  0
VERTEX
  8
0
  5
1FE5
 10
-27.4551
 20
55.8300
 30
0.000000
  70
    32
  0
VERTEX
  8
0
  5
1FE6
 10
-27.4321
 20
55.8234
 30
0.000000
  70
    32
  0
VERTEX
  8
0
  5
1FE7
 10
-27.4092
 20
55.8168
 30
0.000000
  70
    32
  0
VERTEX
  8
0
  5
1FE8
 10
-27.3863
 20
55.8102
 30
0.000000
  70
    32
  0
VERTEX
  8
0
  5
1FE9
 10
-27.3634
 20
55.8035
 30
0.000000
  70
    32
  0
VERTEX
  8
0
  5
1FEA
 10
-27.3404
 20
55.7969
 30
0.000000
  70
    32
  0
VERTEX
  8
0
  5
1FEB
 10
-27.3175
 20
55.7902
 30
0.000000
  70
    32
  0
VERTEX
  8
0
  5
1FEC
 10
-27.2946
 20
55.7836
 30
0.000000
  70
    32
  0
VERTEX
  8
0
  5
1FED
 10
-27.2717
 20
55.7770
 30
0.000000
  70
    32
  0
VERTEX
  8
0
  5
1FEE
 10
-27.2487
 20
55.7704
 30
0.000000
  70
    32
  0
VERTEX
  8
0
  5
1FEF
 10
-27.2258
 20
55.7638
 30
0.000000
  70
    32
  0
VERTEX
  8
0
  5
1FF0
 10
-27.2029
 20
55.7572
 30
0.000000
  70
    32
  0
VERTEX
  8
0
  5
1FF1
 10
-27.1800
 20
55.7507
 30
0.000000
  70
    32
  0
VERTEX
  8
0
  5
1FF2
 10
-27.1570
 20
55.7442
 30
0.000000
  70
    32
  0
VERTEX
  8
0
  5
1FF3
 10
-27.1341
 20
55.7377
 30
0.000000
  70
    32
  0
VERTEX
  8
0
  5
1FF4
 10
-27.1112
 20
55.7312
 30
0.000000
  70
    32
  0
VERTEX
  8
0
  5
1FF5
 10
-27.0883
 20
55.7249
 30
0.000000
  70
    32
  0
VERTEX
  8
0
  5
1FF6
 10
-27.0653
 20
55.7185
 30
0.000000
  70
    32
  0
VERTEX
  8
0
  5
1FF7
 10
-27.0424
 20
55.7122
 30
0.000000
  70
    32
  0
VERTEX
  8
0
  5
1FF8
 10
-27.0195
 20
55.7060
 30
0.000000
  70
    32
  0
VERTEX
  8
0
  5
1FF9
 10
-26.9966
 20
55.6998
 30
0.000000
  70
    32
  0
VERTEX
  8
0
  5
1FFA
 10
-26.9736
 20
55.6937
 30
0.000000
  70
    32
  0
VERTEX
  8
0
  5
1FFB
 10
-26.9507
 20
55.6877
 30
0.000000
  70
    32
  0
VERTEX
  8
0
  5
1FFC
 10
-26.9278
 20
55.6817
 30
0.000000
  70
    32
  0
VERTEX
  8
0
  5
1FFD
 10
-26.9049
 20
55.6758
 30
0.000000
  70
    32
  0
VERTEX
  8
0
  5
1FFE
 10
-26.8820
 20
55.6700
 30
0.000000
  70
    32
  0
VERTEX
  8
0
  5
1FFF
 10
-26.8591
 20
55.6643
 30
0.000000
  70
    32
  0
VERTEX
  8
0
  5
2000
 10
-26.8361
 20
55.6586
 30
0.000000
  70
    32
  0
VERTEX
  8
0
  5
2001
 10
-26.8132
 20
55.6531
 30
0.000000
  70
    32
  0
VERTEX
  8
0
  5
2002
 10
-26.7903
 20
55.6476
 30
0.000000
  70
    32
  0
VERTEX
  8
0
  5
2003
 10
-26.7674
 20
55.6423
 30
0.000000
  70
    32
  0
VERTEX
  8
0
  5
2004
 10
-26.7445
 20
55.6371
 30
0.000000
  70
    32
  0
VERTEX
  8
0
  5
2005
 10
-26.7216
 20
55.6319
 30
0.000000
  70
    32
  0
VERTEX
  8
0
  5
2006
 10
-26.6987
 20
55.6269
 30
0.000000
  70
    32
  0
VERTEX
  8
0
  5
2007
 10
-26.6757
 20
55.6220
 30
0.000000
  70
    32
  0
VERTEX
  8
0
  5
2008
 10
-26.6528
 20
55.6173
 30
0.000000
  70
    32
  0
VERTEX
  8
0
  5
2009
 10
-26.6299
 20
55.6126
 30
0.000000
  70
    32
  0
VERTEX
  8
0
  5
200A
 10
-26.6070
 20
55.6081
 30
0.000000
  70
    32
  0
VERTEX
  8
0
  5
200B
 10
-26.5841
 20
55.6037
 30
0.000000
  70
    32
  0
VERTEX
  8
0
  5
200C
 10
-26.5612
 20
55.5995
 30
0.000000
  70
    32
  0
VERTEX
  8
0
  5
200D
 10
-26.5383
 20
55.5954
 30
0.000000
  70
    32
  0
VERTEX
  8
0
  5
200E
 10
-26.5154
 20
55.5914
 30
0.000000
  70
    32
  0
VERTEX
  8
0
  5
200F
 10
-26.4925
 20
55.5876
 30
0.000000
  70
    32
  0
VERTEX
  8
0
  5
2010
 10
-26.4696
 20
55.5840
 30
0.000000
  70
    32
  0
VERTEX
  8
0
  5
2011
 10
-26.4467
 20
55.5805
 30
0.000000
  70
    32
  0
VERTEX
  8
0
  5
2012
 10
-26.4238
 20
55.5772
 30
0.000000
  70
    32
  0
VERTEX
  8
0
  5
2013
 10
-26.4009
 20
55.5741
 30
0.000000
  70
    32
  0
VERTEX
  8
0
  5
2014
 10
-26.3780
 20
55.5711
 30
0.000000
  70
    32
  0
VERTEX
  8
0
  5
2015
 10
-26.3551
 20
55.5683
 30
0.000000
  70
    32
  0
VERTEX
  8
0
  5
2016
 10
-26.3322
 20
55.5657
 30
0.000000
  70
    32
  0
VERTEX
  8
0
  5
2017
 10
-26.3093
 20
55.5632
 30
0.000000
  70
    32
  0
VERTEX
  8
0
  5
2018
 10
-26.2864
 20
55.5610
 30
0.000000
  70
    32
  0
VERTEX
  8
0
  5
2019
 10
-26.2636
 20
55.5589
 30
0.000000
  70
    32
  0
VERTEX
  8
0
  5
201A
 10
-26.2407
 20
55.5571
 30
0.000000
  70
    32
  0
VERTEX
  8
0
  5
201B
 10
-26.2178
 20
55.5554
 30
0.000000
  70
    32
  0
VERTEX
  8
0
  5
201C
 10
-26.1949
 20
55.5540
 30
0.000000
  70
    32
  0
VERTEX
  8
0
  5
201D
 10
-26.1720
 20
55.5528
 30
0.000000
  70
    32
  0
VERTEX
  8
0
  5
201E
 10
-26.1491
 20
55.5517
 30
0.000000
  70
    32
  0
VERTEX
  8
0
  5
201F
 10
-26.1263
 20
55.5509
 30
0.000000
  70
    32
  0
VERTEX
  8
0
  5
2020
 10
-26.1034
 20
55.5504
 30
0.000000
  70
    32
  0
VERTEX
  8
0
  5
2021
 10
-26.0805
 20
55.5500
 30
0.000000
  70
    32
  0
VERTEX
  8
0
  5
2022
 10
-26.0577
 20
55.5499
 30
0.000000
  70
    32
  0
VERTEX
  8
0
  5
2023
 10
-26.0348
 20
55.5500
 30
0.000000
  70
    32
  0
VERTEX
  8
0
  5
2024
 10
-26.0119
 20
55.5504
 30
0.000000
  70
    32
  0
VERTEX
  8
0
  5
2025
 10
-25.9890
 20
55.5510
 30
0.000000
  70
    32
  0
VERTEX
  8
0
  5
2026
 10
-25.9662
 20
55.5518
 30
0.000000
  70
    32
  0
VERTEX
  8
0
  5
2027
 10
-25.9433
 20
55.5528
 30
0.000000
  70
    32
  0
VERTEX
  8
0
  5
2028
 10
-25.9205
 20
55.5541
 30
0.000000
  70
    32
  0
VERTEX
  8
0
  5
2029
 10
-25.8976
 20
55.5556
 30
0.000000
  70
    32
  0
VERTEX
  8
0
  5
202A
 10
-25.8748
 20
55.5574
 30
0.000000
  70
    32
  0
VERTEX
  8
0
  5
202B
 10
-25.8519
 20
55.5593
 30
0.000000
  70
    32
  0
VERTEX
  8
0
  5
202C
 10
-25.8290
 20
55.5614
 30
0.000000
  70
    32
  0
VERTEX
  8
0
  5
202D
 10
-25.8062
 20
55.5638
 30
0.000000
  70
    32
  0
VERTEX
  8
0
  5
202E
 10
-25.7833
 20
55.5663
 30
0.000000
  70
    32
  0
VERTEX
  8
0
  5
202F
 10
-25.7605
 20
55.5691
 30
0.000000
  70
    32
  0
VERTEX
  8
0
  5
2030
 10
-25.7377
 20
55.5720
 30
0.000000
  70
    32
  0
VERTEX
  8
0
  5
2031
 10
-25.7148
 20
55.5751
 30
0.000000
  70
    32
  0
VERTEX
  8
0
  5
2032
 10
-25.6920
 20
55.5784
 30
0.000000
  70
    32
  0
VERTEX
  8
0
  5
2033
 10
-25.6691
 20
55.5819
 30
0.000000
  70
    32
  0
VERTEX
  8
0
  5
2034
 10
-25.6463
 20
55.5856
 30
0.000000
  70
    32
  0
VERTEX
  8
0
  5
2035
 10
-25.6235
 20
55.5894
 30
0.000000
  70
    32
  0
VERTEX
  8
0
  5
2036
 10
-25.6006
 20
55.5934
 30
0.000000
  70
    32
  0
VERTEX
  8
0
  5
2037
 10
-25.5778
 20
55.5975
 30
0.000000
  70
    32
  0
VERTEX
  8
0
  5
2038
 10
-25.5549
 20
55.6018
 30
0.000000
  70
    32
  0
VERTEX
  8
0
  5
2039
 10
-25.5321
 20
55.6062
 30
0.000000
  70
    32
  0
VERTEX
  8
0
  5
203A
 10
-25.5093
 20
55.6108
 30
0.000000
  70
    32
  0
VERTEX
  8
0
  5
203B
 10
-25.4864
 20
55.6156
 30
0.000000
  70
    32
  0
VERTEX
  8
0
  5
203C
 10
-25.4636
 20
55.6204
 30
0.000000
  70
    32
  0
VERTEX
  8
0
  5
203D
 10
-25.4408
 20
55.6254
 30
0.000000
  70
    32
  0
VERTEX
  8
0
  5
203E
 10
-25.4180
 20
55.6305
 30
0.000000
  70
    32
  0
VERTEX
  8
0
  5
203F
 10
-25.3951
 20
55.6358
 30
0.000000
  70
    32
  0
VERTEX
  8
0
  5
2040
 10
-25.3723
 20
55.6411
 30
0.000000
  70
    32
  0
VERTEX
  8
0
  5
2041
 10
-25.3495
 20
55.6466
 30
0.000000
  70
    32
  0
VERTEX
  8
0
  5
2042
 10
-25.3267
 20
55.6522
 30
0.000000
  70
    32
  0
VERTEX
  8
0
  5
2043
 10
-25.3038
 20
55.6579
 30
0.000000
  70
    32
  0
VERTEX
  8
0
  5
2044
 10
-25.2810
 20
55.6637
 30
0.000000
  70
    32
  0
VERTEX
  8
0
  5
2045
 10
-25.2582
 20
55.6696
 30
0.000000
  70
    32
  0
VERTEX
  8
0
  5
2046
 10
-25.2354
 20
55.6755
 30
0.000000
  70
    32
  0
VERTEX
  8
0
  5
2047
 10
-25.2126
 20
55.6816
 30
0.000000
  70
    32
  0
VERTEX
  8
0
  5
2048
 10
-25.1897
 20
55.6877
 30
0.000000
  70
    32
  0
VERTEX
  8
0
  5
2049
 10
-25.1669
 20
55.6939
 30
0.000000
  70
    32
  0
VERTEX
  8
0
  5
204A
 10
-25.1441
 20
55.7002
 30
0.000000
  70
    32
  0
VERTEX
  8
0
  5
204B
 10
-25.1213
 20
55.7066
 30
0.000000
  70
    32
  0
VERTEX
  8
0
  5
204C
 10
-25.0985
 20
55.7130
 30
0.000000
  70
    32
  0
VERTEX
  8
0
  5
204D
 10
-25.0757
 20
55.7195
 30
0.000000
  70
    32
  0
VERTEX
  8
0
  5
204E
 10
-25.0528
 20
55.7260
 30
0.000000
  70
    32
  0
VERTEX
  8
0
  5
204F
 10
-25.0300
 20
55.7326
 30
0.000000
  70
    32
  0
VERTEX
  8
0
  5
2050
 10
-25.0072
 20
55.7392
 30
0.000000
  70
    32
  0
VERTEX
  8
0
  5
2051
 10
-24.9844
 20
55.7459
 30
0.000000
  70
    32
  0
VERTEX
  8
0
  5
2052
 10
-24.9616
 20
55.7526
 30
0.000000
  70
    32
  0
VERTEX
  8
0
  5
2053
 10
-24.9388
 20
55.7594
 30
0.000000
  70
    32
  0
VERTEX
  8
0
  5
2054
 10
-24.9160
 20
55.7661
 30
0.000000
  70
    32
  0
VERTEX
  8
0
  5
2055
 10
-24.8931
 20
55.7729
 30
0.000000
  70
    32
  0
VERTEX
  8
0
  5
2056
 10
-24.8703
 20
55.7797
 30
0.000000
  70
    32
  0
VERTEX
  8
0
  5
2057
 10
-24.8475
 20
55.7865
 30
0.000000
  70
    32
  0
VERTEX
  8
0
  5
2058
 10
-24.8247
 20
55.7934
 30
0.000000
  70
    32
  0
VERTEX
  8
0
  5
2059
 10
-24.8019
 20
55.8002
 30
0.000000
  70
    32
  0
SEQEND
  8
0
  5
205A
  0
ARC
  5
B22
  8
0
  6
CONTINUOUS
 62
     7
 10
-32.901891818498576
 20
43.237693667294103
 30
0.0
 40
2.9999999999998548
 50
340.00000000004621
 51
0.0
  0
ARC
  5
B23
  8
0
  6
CONTINUOUS
 62
     7
 10
-35.475959553441683
 20
101.2504000000004
 30
0.0
 40
0.75
 50
90.0
 51
169.69515353138351
  0
ARC
  5
B24
  8
0
  6
CONTINUOUS
 62
     7
 10
-35.351891818498373
 20
101.2504000000004
 30
0.0
 40
0.75
 50
0.0
 51
90.0
  0
ARC
  5
B25
  8
0
  6
CONTINUOUS
 62
     7
 10
143.0003238629586
 20
14.000400000000409
 30
0.0
 40
6.0000000000000018
 50
90.0
 51
180.0
  0
ARC
  5
B26
  8
0
  6
CONTINUOUS
 62
     7
 10
143.0003238629586
 20
-53.999599999999582
 30
0.0
 40
6.0
 50
180.0
 51
270.0
  0
ARC
  5
B27
  8
0
  6
CONTINUOUS
 62
     7
 10
211.0003238629586
 20
-53.999599999999582
 30
0.0
 40
6.0
 50
270.0
 51
0.0
  0
ARC
  5
B28
  8
0
  6
CONTINUOUS
 62
     7
 10
211.0003238629586
 20
14.000400000000409
 30
0.0
 40
6.0
 50
0.0
 51
90.0
  0
CIRCLE
  5
E73
  8
0
 10
177.0003238629595
 20
-19.999599999999589
 30
0.0
 40
5.5
  0
LINE
  5
157F
  8
0
  6
DASH_CENTER
 62
     1
 10
174.0003238629584
 20
25.000400000000411
 30
0.0
 11
184.2003238629575
 21
25.000400000000411
 31
0.0
  0
LINE
  5
1581
  8
0
  6
CONTINUOUS
 62
     7
 10
173.15708715444231
 20
25.823769556495389
 30
0.0
 11
172.42909904670771
 21
20.56901412970689
 31
0.0
  0
LINE
  5
1582
  8
0
  6
CONTINUOUS
 62
     7
 10
185.77154867920439
 20
20.56901412970689
 30
0.0
 11
185.0435605714699
 21
25.823769556495389
 31
0.0
  0
LINE
  5
1584
  8
0
  6
CONTINUOUS
 62
     7
 10
0.7003238628237796
 20
30.500399999999519
 30
0.0
 11
0.7003238628237796
 21
20.500400000000429
 31
0.0
  0
LINE
  5
1585
  8
0
  6
CONTINUOUS
 62
     7
 10
-1.7996761371662151
 20
31.000399999999519
 30
0.0
 11
0.2003238628237796
 21
31.000400000000418
 31
0.0
  0
LINE
  5
15AC
  8
0
  6
CONTINUOUS
 62
     7
 10
163.70032386295739
 20
27.600400000000828
 30
0.0
 11
163.70032386295739
 21
21.100400000000828
 31
0.0
  0
LINE
  5
15AE
  8
0
  6
CONTINUOUS
 62
     7
 10
163.86827356861949
 20
28.752324558495811
 30
0.0
 11
166.4034573271081
 21
32.555100196225432
 31
0.0
  0
LINE
  5
15AF
  8
0
  6
CONTINUOUS
 62
     7
 10
163.70032386295739
 20
28.197624362269011
 30
0.0
 11
163.70032386295739
 21
27.600400000000828
 31
0.0
  0
LINE
  5
15B0
  8
0
  6
CONTINUOUS
 62
     7
 10
167.23550762144421
 20
33.000400000000411
 30
0.0
 11
190.96514010447001
 21
33.000400000000411
 31
0.0
  0
LINE
  5
15B2
  8
0
  6
CONTINUOUS
 62
     7
 10
163.80032386295511
 20
21.000400000000411
 30
0.0
 11
172.4888627764937
 21
21.000400000000411
 31
0.0
  0
LINE
  5
15B3
  8
0
  6
CONTINUOUS
 62
     7
 10
185.7117849494185
 20
21.000400000000411
 30
0.0
 11
194.40032386295729
 21
21.000400000000411
 31
0.0
  0
LINE
  5
15B5
  8
0
  6
CONTINUOUS
 62
     7
 10
194.50032386295851
 20
27.60039999999988
 30
0.0
 11
194.50032386295851
 21
28.197624362269011
 31
0.0
  0
LINE
  5
15B6
  8
0
  6
CONTINUOUS
 62
     7
 10
191.797190398807
 20
32.555100196225432
 30
0.0
 11
194.33237415729451
 21
28.752324558495811
 31
0.0
  0
LINE
  5
15B8
  8
0
  6
CONTINUOUS
 62
     7
 10
194.50032386295851
 20
21.100400000000828
 30
0.0
 11
194.50032386295851
 21
27.60039999999988
 31
0.0
  0
LINE
  5
15BC
  8
0
  6
CONTINUOUS
 62
     7
 10
10.950323862835599
 20
55.80019999999837
 30
0.0
 11
10.950323862835599
 21
72.50040000000044
 31
0.0
  0
LINE
  5
15BD
  8
0
  6
CONTINUOUS
 62
     7
 10
4.2503238628348754
 20
54.300199999998377
 30
0.0
 11
4.2503238628348754
 21
31.35039999999988
 31
0.0
  0
LINE
  5
15C8
  8
0
  6
CONTINUOUS
 62
     7
 10
-23.29967613716622
 20
27.600400000000779
 30
0.0
 11
-18.299676137166209
 21
27.600400000000779
 31
0.0
  0
LINE
  5
15C9
  8
0
  6
CONTINUOUS
 62
     7
 10
-18.19967613716403
 20
27.70039999999932
 30
0.0
 11
-18.19967613716403
 21
31.369150000000051
 31
0.0
  0
LINE
  5
15CA
  8
0
  6
CONTINUOUS
 62
     7
 10
-10.799676137166211
 20
27.70039999999932
 30
0.0
 11
-10.799676137166211
 21
33.000400000000447
 31
0.0
  0
LINE
  5
15CB
  8
0
  6
CONTINUOUS
 62
     7
 10
-5.7996761371662151
 20
33.000400000000447
 30
0.0
 11
-5.7996761371662151
 21
27.70039999999932
 31
0.0
  0
LINE
  5
15CC
  8
0
  6
CONTINUOUS
 62
     7
 10
-5.8996761371656703
 20
27.600400000000779
 30
0.0
 11
-10.69967613716403
 21
27.600400000000779
 31
0.0
  0
LINE
  5
15CD
  8
0
  6
CONTINUOUS
 62
     7
 10
-23.29967613716622
 20
21.000400000000429
 30
0.0
 11
-1.899676137165669
 21
21.00040000000223
 31
0.0
  0
LINE
  5
15CE
  8
0
  6
CONTINUOUS
 62
     7
 10
-23.29967613716622
 20
27.915552515584348
 30
0.0
 11
-23.29967613716622
 21
21.00040000000223
 31
0.0
  0
LINE
  5
15CF
  8
0
  6
CONTINUOUS
 62
     7
 10
-22.789937376795251
 20
28.7871280527084
 30
0.0
 11
-15.756296449613041
 21
32.74355107425032
 31
0.0
  0
LINE
  5
15D0
  8
0
  6
CONTINUOUS
 62
     7
 10
-14.77577397034406
 20
33.000400000000447
 30
0.0
 11
-2.899676137165669
 21
33.000400000000447
 31
0.0
  0
LINE
  5
15D1
  8
0
  6
CONTINUOUS
 62
     7
 10
-1.899676137165669
 20
32.000400000000432
 30
0.0
 11
-1.899676137165669
 21
21.000400000000429
 31
0.0
  0
LINE
  5
15D2
  8
0
  6
CONTINUOUS
 62
     7
 10
-18.19967613716403
 20
28.50040000001497
 30
0.0
 11
-10.799676137166211
 21
28.50040000001497
 31
0.0
  0
LINE
  5
15D3
  8
0
  6
CONTINUOUS
 62
     7
 10
-5.7996761371662151
 20
28.50040000001497
 30
0.0
 11
-1.899676137165669
 21
28.50040000001497
 31
0.0
  0
LINE
  5
15D4
  8
0
  6
CONTINUOUS
 62
     7
 10
-10.44967613716403
 20
27.600400000000779
 30
0.0
 11
-10.44967613716403
 21
28.050400000002409
 31
0.0
  0
LINE
  5
15D5
  8
0
  6
CONTINUOUS
 62
     7
 10
-6.1496761371656703
 20
27.600400000000779
 30
0.0
 11
-6.1496761371656703
 21
28.050400000002409
 31
0.0
  0
LINE
  5
15D6
  8
0
  6
CONTINUOUS
 62
     7
 10
-10.44967613716403
 20
28.050400000002409
 30
0.0
 11
-6.1496761371656703
 21
28.050400000002409
 31
0.0
  0
LINE
  5
15D7
  8
0
  6
CONTINUOUS
 62
     7
 10
-9.9977206012156312
 20
28.644254493289338
 30
0.0
 11
-10.049676137166211
 21
28.050400000002409
 31
0.0
  0
LINE
  5
15D8
  8
0
  6
CONTINUOUS
 62
     7
 10
-6.5496761371662151
 20
28.050400000002409
 30
0.0
 11
-6.6016316731140696
 21
28.644254493289338
 31
0.0
  0
LINE
  5
15D9
  8
0
  6
CONTINUOUS
 62
     7
 10
-18.94967613716403
 20
28.050400000002409
 30
0.0
 11
-19.001631673114609
 21
28.644254493289338
 31
0.0
  0
LINE
  5
15DA
  8
0
  6
CONTINUOUS
 62
     7
 10
-22.39772060122527
 20
28.644254493289338
 30
0.0
 11
-22.44967613716403
 21
28.050400000002409
 31
0.0
  0
LINE
  5
15DB
  8
0
  6
CONTINUOUS
 62
     7
 10
-22.849676137165488
 20
28.050400000002409
 30
0.0
 11
-18.549676137166209
 21
28.050400000002409
 31
0.0
  0
LINE
  5
15DC
  8
0
  6
CONTINUOUS
 62
     7
 10
-18.549676137166209
 20
27.600400000000779
 30
0.0
 11
-18.549676137166209
 21
28.050400000002409
 31
0.0
  0
LINE
  5
15DD
  8
0
  6
CONTINUOUS
 62
     7
 10
-22.849676137165488
 20
27.600400000000779
 30
0.0
 11
-22.849676137165488
 21
28.050400000002409
 31
0.0
  0
LINE
  5
15DE
  8
0
  6
DASH_CENTER
 62
     1
 10
-8.2996761371662142
 20
26.100400000000779
 30
0.0
 11
-8.2996761371662142
 21
30.850400000000779
 31
0.0
  0
LINE
  5
15DF
  8
0
  6
DASH_CENTER
 62
     1
 10
-20.69967613716404
 20
26.100400000000779
 30
0.0
 11
-20.69967613716404
 21
30.850400000000779
 31
0.0
  0
LINE
  5
16A3
  8
0
  6
CONTINUOUS
 62
     7
 10
10.95032386283378
 20
82.426233024919
 30
0.0
 11
10.95032386283378
 21
85.00040000000044
 31
0.0
  0
LINE
  5
16A4
  8
0
  6
CONTINUOUS
 62
     7
 10
11.40032386283451
 20
80.00040000000044
 30
0.0
 11
10.95032386283378
 21
82.426233024919
 31
0.0
  0
LINE
  5
16A5
  8
0
  6
CONTINUOUS
 62
     7
 10
11.40032386283451
 20
72.50040000000044
 30
0.0
 11
11.40032386283451
 21
80.00040000000044
 31
0.0
  0
LINE
  5
16A6
  8
0
  6
CONTINUOUS
 62
     7
 10
3.8003238628341469
 20
72.50040000000044
 30
0.0
 11
11.40032386283451
 21
72.50040000000044
 31
0.0
  0
LINE
  5
16A7
  8
0
  6
CONTINUOUS
 62
     7
 10
3.8003238628341469
 20
80.00040000000044
 30
0.0
 11
3.8003238628341469
 21
72.50040000000044
 31
0.0
  0
LINE
  5
16A8
  8
0
  6
CONTINUOUS
 62
     7
 10
4.250323862833965
 20
82.426233024919
 30
0.0
 11
3.8003238628341469
 21
80.00040000000044
 31
0.0
  0
LINE
  5
16A9
  8
0
  6
CONTINUOUS
 62
     7
 10
4.250323862833965
 20
85.00040000000044
 30
0.0
 11
4.250323862833965
 21
82.426233024919
 31
0.0
  0
LINE
  5
16AA
  8
0
  6
CONTINUOUS
 62
     7
 10
10.95032386283378
 20
85.00040000000044
 30
0.0
 11
4.250323862833965
 21
85.00040000000044
 31
0.0
  0
LINE
  5
16AB
  8
0
  6
CONTINUOUS
 62
     7
 10
5.6003238628343288
 20
90.00040000000044
 30
0.0
 11
5.6003238628343288
 21
85.00040000000044
 31
0.0
  0
LINE
  5
16AC
  8
0
  6
CONTINUOUS
 62
     7
 10
6.6003238628343288
 20
90.00040000000044
 30
0.0
 11
6.6003238628343288
 21
85.00040000000044
 31
0.0
  0
LINE
  5
16AD
  8
0
  6
CONTINUOUS
 62
     7
 10
7.6003238628343288
 20
90.00040000000044
 30
0.0
 11
7.6003238628343288
 21
85.00040000000044
 31
0.0
  0
LINE
  5
16AE
  8
0
  6
CONTINUOUS
 62
     7
 10
8.6003238628343297
 20
90.00040000000044
 30
0.0
 11
8.6003238628343297
 21
85.00040000000044
 31
0.0
  0
LINE
  5
16AF
  8
0
  6
CONTINUOUS
 62
     7
 10
9.6003238628343261
 20
90.00040000000044
 30
0.0
 11
9.6003238628343261
 21
85.00040000000044
 31
0.0
  0
LINE
  5
16B0
  8
0
  6
CONTINUOUS
 62
     7
 10
11.374013027648971
 20
113.7003999999984
 30
0.0
 11
11.374013027648971
 21
104.5004000000004
 31
0.0
  0
LINE
  5
16B1
  8
0
  6
CONTINUOUS
 62
     7
 10
7.874013027648969
 20
113.7003999999984
 30
0.0
 11
11.374013027648971
 21
113.7003999999984
 31
0.0
  0
LINE
  5
16B2
  8
0
  6
CONTINUOUS
 62
     7
 10
7.874013027648969
 20
104.5004000000004
 30
0.0
 11
7.874013027648969
 21
113.7003999999984
 31
0.0
  0
LINE
  5
16B3
  8
0
  6
CONTINUOUS
 62
     7
 10
7.3240130276478794
 20
113.7003999999984
 30
0.0
 11
7.3240130276478794
 21
104.5004000000004
 31
0.0
  0
LINE
  5
16B4
  8
0
  6
CONTINUOUS
 62
     7
 10
3.824013027647879
 20
113.7003999999984
 30
0.0
 11
7.3240130276478794
 21
113.7003999999984
 31
0.0
  0
LINE
  5
16B5
  8
0
  6
CONTINUOUS
 62
     7
 10
3.824013027647879
 20
104.5004000000004
 30
0.0
 11
3.824013027647879
 21
113.7003999999984
 31
0.0
  0
LINE
  5
16B6
  8
0
  6
CONTINUOUS
 62
     7
 10
1.3655589955303631
 20
103.5038440506974
 30
0.0
 11
1.3655589955303631
 21
107.5004000000004
 31
0.0
  0
LINE
  5
16B7
  8
0
  6
CONTINUOUS
 62
     7
 10
1.3655589955303631
 20
107.5004000000004
 30
0.0
 11
2.3655589955303631
 21
107.5004000000004
 31
0.0
  0
LINE
  5
16B8
  8
0
  6
CONTINUOUS
 62
     7
 10
2.3655589955303631
 20
108.2504000000004
 30
0.0
 11
2.3655589955303631
 21
107.5004000000004
 31
0.0
  0
LINE
  5
16B9
  8
0
  6
CONTINUOUS
 62
     7
 10
1.6155589955303631
 20
109.5004000000004
 30
0.0
 11
2.3655589955303631
 21
108.2504000000004
 31
0.0
  0
LINE
  5
16BA
  8
0
  6
CONTINUOUS
 62
     7
 10
0.615558995530364
 20
109.5004000000004
 30
0.0
 11
1.6155589955303631
 21
109.5004000000004
 31
0.0
  0
LINE
  5
16BB
  8
0
  6
CONTINUOUS
 62
     7
 10
0.615558995530364
 20
109.5004000000004
 30
0.0
 11
-0.384441004469636
 21
109.0004000000004
 31
0.0
  0
LINE
  5
16BC
  8
0
  6
CONTINUOUS
 62
     7
 10
-0.384441004469636
 20
98.875400000000425
 30
0.0
 11
-0.384441004469636
 21
109.0004000000004
 31
0.0
  0
LINE
  5
16BD
  8
0
  6
CONTINUOUS
 62
     7
 10
3.700600859166796
 20
104.4998999999994
 30
0.0
 11
3.700100859165786
 21
90.000199999999083
 31
0.0
  0
LINE
  5
16BE
  8
0
  6
CONTINUOUS
 62
     7
 10
12.50051237672937
 20
104.5004000000004
 30
0.0
 11
2.7001353489392841
 21
104.5004000000004
 31
0.0
  0
LINE
  5
16BF
  8
0
  6
CONTINUOUS
 62
     7
 10
1.2001353489392841
 20
103.5004000000004
 30
0.0
 11
0.4564680864393722
 21
103.5004000000004
 31
0.0
  0
LINE
  5
16C0
  8
0
  6
CONTINUOUS
 62
     7
 10
-0.6344410044696363
 20
97.50040000000044
 30
0.0
 11
0.4564680864393722
 21
103.5004000000004
 31
0.0
  0
LINE
  5
16C1
  8
0
  6
CONTINUOUS
 62
     7
 10
-0.6344410044696363
 20
97.50040000000044
 30
0.0
 11
-1.049864651060715
 21
97.50040000000044
 31
0.0
  0
LINE
  5
16C2
  8
0
  6
CONTINUOUS
 62
     7
 10
-1.049864651060715
 20
97.50040000000044
 30
0.0
 11
-1.049864651060715
 21
96.500400000000454
 31
0.0
  0
LINE
  5
16C3
  8
0
  6
CONTINUOUS
 62
     7
 10
-1.049864651060715
 20
96.500400000000454
 30
0.0
 11
0.2001353489392841
 21
96.500400000000454
 31
0.0
  0
LINE
  5
16C4
  8
0
  6
CONTINUOUS
 62
     7
 10
1.0881651814213451
 20
101.3845640786499
 30
0.0
 11
0.2001353489392841
 21
96.500400000000454
 31
0.0
  0
LINE
  5
16C5
  8
0
  6
CONTINUOUS
 62
     7
 10
1.8260676139977929
 20
102.0004000000004
 30
0.0
 11
1.9501353489392841
 21
102.0004000000004
 31
0.0
  0
LINE
  5
16C6
  8
0
  6
CONTINUOUS
 62
     7
 10
12.50051237672937
 20
104.5004000000004
 30
0.0
 11
12.50051237672937
 21
91.00040000000044
 31
0.0
  0
LINE
  5
16C7
  8
0
  6
CONTINUOUS
 62
     7
 10
13.50054686079579
 20
91.00040000000044
 30
0.0
 11
12.50051237672937
 21
91.00040000000044
 31
0.0
  0
LINE
  5
16C8
  8
0
  6
CONTINUOUS
 62
     7
 10
13.50054686079579
 20
90.00040000000044
 30
0.0
 11
13.50054686079579
 21
91.00040000000044
 31
0.0
  0
LINE
  5
16C9
  8
0
  6
CONTINUOUS
 62
     7
 10
2.7001353489392841
 20
91.00040000000044
 30
0.0
 11
2.7001353489392841
 21
101.2504000000004
 31
0.0
  0
LINE
  5
16CA
  8
0
  6
CONTINUOUS
 62
     7
 10
2.7001353489392841
 20
91.00040000000044
 30
0.0
 11
1.700100864873775
 21
91.00040000000044
 31
0.0
  0
LINE
  5
16CB
  8
0
  6
CONTINUOUS
 62
     7
 10
1.700100864873775
 20
91.00040000000044
 30
0.0
 11
1.700100864873775
 21
90.00040000000044
 31
0.0
  0
LINE
  5
16CC
  8
0
  6
CONTINUOUS
 62
     7
 10
1.700100864873775
 20
90.00040000000044
 30
0.0
 11
13.50054686079579
 21
90.00040000000044
 31
0.0
  0
LINE
  5
16CD
  8
0
  6
CONTINUOUS
 62
     7
 10
4.2503238628348754
 20
72.50040000000044
 30
0.0
 11
4.2503238628348754
 21
55.80019999999837
 31
0.0
  0
LINE
  5
16CE
  8
0
  6
CONTINUOUS
 62
     7
 10
1.2503238628348741
 20
28.350399999999869
 30
0.0
 11
0.7003238628237796
 21
28.350399999999869
 31
0.0
  0
LINE
  5
16CF
  8
0
  6
CONTINUOUS
 62
     7
 10
0.7003238628237796
 20
21.650399999999301
 30
0.0
 11
1.2503238628348741
 21
21.650399999999141
 31
0.0
  0
LINE
  5
16D0
  8
0
  6
CONTINUOUS
 62
     7
 10
10.950323862835599
 20
31.35039999999988
 30
0.0
 11
10.950323862835599
 21
54.300199999998377
 31
0.0
  0
LINE
  5
16D1
  8
0
  6
DASH_CENTER
 62
     1
 10
-4.3996761371656694
 20
25.000400000000429
 30
0.0
 11
1.2503238628348741
 21
25.000400000000411
 31
0.0
  0
LINE
  5
16D2
  8
0
  6
DASH_CENTER
 62
     1
 10
7.6003238628343288
 20
31.35039999999988
 30
0.0
 11
7.6003238628343288
 21
118.7003999999984
 31
0.0
  0
LINE
  5
1733
  8
0
  6
CONTINUOUS
 62
     7
 10
-174.49928216203091
 20
28.100400000002601
 30
0.0
 11
-174.19928216203979
 21
28.100400000000789
 31
0.0
  0
LINE
  5
1734
  8
0
  6
CONTINUOUS
 62
     7
 10
-174.19928216203979
 20
27.600400000000789
 30
0.0
 11
-174.19928216203979
 21
28.100400000000789
 31
0.0
  0
LINE
  5
1735
  8
0
  6
CONTINUOUS
 62
     7
 10
-199.69928216203979
 20
27.600400000000789
 30
0.0
 11
-199.69928216203979
 21
28.100400000000789
 31
0.0
  0
LINE
  5
1736
  8
0
  6
CONTINUOUS
 62
     7
 10
-203.99928216203099
 20
28.100400000002601
 30
0.0
 11
-203.99928216203099
 21
27.60040000000259
 31
0.0
  0
LINE
  5
1737
  8
0
  6
CONTINUOUS
 62
     7
 10
-200.09928216202951
 20
28.100400000002601
 30
0.0
 11
-200.15123769798001
 21
28.69425449329043
 31
0.0
  0
LINE
  5
1738
  8
0
  6
CONTINUOUS
 62
     7
 10
-201.84928216203031
 20
28.100400000000789
 30
0.0
 11
-199.69928216203979
 21
28.100400000000789
 31
0.0
  0
LINE
  5
1739
  8
0
  6
CONTINUOUS
 62
     7
 10
-203.99928216203099
 20
28.100400000002601
 30
0.0
 11
-201.84928216203031
 21
28.100400000000789
 31
0.0
  0
LINE
  5
173A
  8
0
  6
CONTINUOUS
 62
     7
 10
-203.54732662608899
 20
28.69425449329043
 30
0.0
 11
-203.59928216203039
 21
28.100400000000789
 31
0.0
  0
LINE
  5
173B
  8
0
  6
DASH_CENTER
 62
     1
 10
-201.84928216202951
 20
26.10040000000259
 30
0.0
 11
-201.84928216202951
 21
30.90040000000187
 31
0.0
  0
LINE
  5
173E
  8
0
  6
CONTINUOUS
 62
     7
 10
-204.49928216204191
 20
27.600400000000789
 30
0.0
 11
-204.49928216204191
 21
21.100400000000789
 31
0.0
  0
LINE
  5
173F
  8
0
  6
CONTINUOUS
 62
     7
 10
-204.39928216203151
 20
21.000400000000429
 30
0.0
 11
-199.49928216203091
 21
21.000400000000429
 31
0.0
  0
LINE
  5
1741
  8
0
  6
CONTINUOUS
 62
     7
 10
-204.3313324563706
 20
28.75232455849579
 30
0.0
 11
-201.79614869789029
 21
32.55510019622632
 31
0.0
  0
LINE
  5
1742
  8
0
  6
CONTINUOUS
 62
     7
 10
-204.49928216204191
 20
28.19762436226808
 30
0.0
 11
-204.49928216204191
 21
27.600400000000789
 31
0.0
  0
LINE
  5
1743
  8
0
  6
CONTINUOUS
 62
     7
 10
-200.96409840354059
 20
33.000400000000447
 30
0.0
 11
-199.3492821620294
 21
33.000400000000447
 31
0.0
  0
LINE
  5
1745
  8
0
  6
CONTINUOUS
 62
     7
 10
-199.3492821620294
 20
33.000400000000447
 30
0.0
 11
-189.09928216203031
 21
33.000400000000447
 31
0.0
  0
LINE
  5
1746
  8
0
  6
CONTINUOUS
 62
     7
 10
-199.49928216203091
 20
27.60040000000259
 30
0.0
 11
-204.39928216203151
 21
27.600400000000789
 31
0.0
  0
LINE
  5
1747
  8
0
  6
CONTINUOUS
 62
     7
 10
-202.58678216203151
 20
31.369150000004609
 30
0.0
 11
-201.84928216202951
 21
31.369150000004609
 31
0.0
  0
LINE
  5
1748
  8
0
  6
CONTINUOUS
 62
     7
 10
-176.3492821620294
 20
31.369150000004609
 30
0.0
 11
-175.6117821620403
 21
31.369150000004609
 31
0.0
  0
LINE
  5
1749
  8
0
  6
CONTINUOUS
 62
     7
 10
-173.7992821620403
 20
27.600400000000789
 30
0.0
 11
-174.49928216203091
 21
27.60040000000259
 31
0.0
  0
LINE
  5
174A
  8
0
  6
CONTINUOUS
 62
     7
 10
-189.09928216203031
 20
33.000400000000447
 30
0.0
 11
-178.8492821620294
 21
33.000400000000447
 31
0.0
  0
LINE
  5
174C
  8
0
  6
CONTINUOUS
 62
     7
 10
-178.8492821620294
 20
33.000400000000447
 30
0.0
 11
-177.23446592051911
 21
33.000400000000447
 31
0.0
  0
LINE
  5
174D
  8
0
  6
CONTINUOUS
 62
     7
 10
-173.69928216203979
 20
27.600400000000789
 30
0.0
 11
-173.69928216203979
 21
28.19762436226808
 31
0.0
  0
LINE
  5
174E
  8
0
  6
CONTINUOUS
 62
     7
 10
-176.40241562618129
 20
32.55510019622632
 30
0.0
 11
-173.8672318677001
 21
28.75232455849579
 31
0.0
  0
LINE
  5
1750
  8
0
  6
CONTINUOUS
 62
     7
 10
-174.49928216203091
 20
21.000400000000429
 30
0.0
 11
-173.7992821620403
 21
21.000400000000429
 31
0.0
  0
LINE
  5
1751
  8
0
  6
CONTINUOUS
 62
     7
 10
-173.69928216203979
 20
21.100400000000789
 30
0.0
 11
-173.69928216203979
 21
27.600400000000789
 31
0.0
  0
ARC
  5
17F2
  8
0
  6
CONTINUOUS
 62
     7
 10
179.1003238629562
 20
25.000400000000411
 30
0.0
 40
5.9999999999989511
 50
7.8874891423190272
 51
172.11251085768109
  0
ARC
  5
17F3
  8
0
  6
CONTINUOUS
 62
     7
 10
1.2503238628348741
 20
31.35039999999988
 30
0.0
 40
9.700000000000724
 50
270.0
 51
0.0
  0
ARC
  5
17F4
  8
0
  6
DASH_CENTER
 62
     1
 10
1.2503238628348741
 20
31.35039999999988
 30
0.0
 40
6.349999999999457
 50
270.0
 51
0.0
  0
ARC
  5
17F5
  8
0
  6
CONTINUOUS
 62
     7
 10
1.2503238628348741
 20
31.35039999999988
 30
0.0
 40
3.0
 50
270.0
 51
0.0
  0
ARC
  5
17F6
  8
0
  6
CONTINUOUS
 62
     7
 10
0.2003238628246891
 20
20.500400000000429
 30
0.0
 40
0.5
 50
269.99999999989581
 51
0.0
  0
ARC
  5
1801
  8
0
  6
CONTINUOUS
 62
     7
 10
194.0003238629586
 20
20.500400000000411
 30
0.0
 40
0.5
 50
270.0
 51
90.0
  0
ARC
  5
1802
  8
0
  6
CONTINUOUS
 62
     7
 10
164.2003238629575
 20
20.500400000000411
 30
0.0
 40
0.5
 50
90.0
 51
270.0
  0
ARC
  5
1803
  8
0
  6
CONTINUOUS
 62
     7
 10
194.40032386295729
 20
21.100400000000828
 30
0.0
 40
0.1000000000004171
 50
270.0
 51
0.0
  0
ARC
  5
1804
  8
0
  6
CONTINUOUS
 62
     7
 10
163.80032386295511
 20
21.100400000000828
 30
0.0
 40
0.0999999999976069
 50
180.0
 51
270.0
  0
ARC
  5
1805
  8
0
  6
CONTINUOUS
 62
     7
 10
164.70032386295739
 20
28.197624362269011
 30
0.0
 40
1.0000000000010141
 50
146.309932473949
 51
180.0
  0
ARC
  5
1806
  8
0
  6
CONTINUOUS
 62
     7
 10
167.23550762144421
 20
32.000400000000411
 30
0.0
 40
1.0
 50
90.0
 51
146.30993247397279
  0
ARC
  5
1807
  8
0
  6
CONTINUOUS
 62
     7
 10
190.96514010447089
 20
32.000400000000432
 30
0.0
 40
0.9999999999984091
 50
33.690067526027121
 51
90.000000000058634
  0
ARC
  5
1808
  8
0
  6
CONTINUOUS
 62
     7
 10
193.50032386295851
 20
28.197624362268979
 30
0.0
 40
1.0
 50
0.000000000001832
 51
33.690067526111378
  0
ARC
  5
180D
  8
0
  6
CONTINUOUS
 62
     7
 10
-22.79967613716622
 20
20.50040000000223
 30
0.0
 40
0.5
 50
90.0
 51
270.0
  0
ARC
  5
180E
  8
0
  6
CONTINUOUS
 62
     7
 10
-2.399676137165669
 20
20.500400000000429
 30
0.0
 40
0.5
 50
270.0
 51
90.0
  0
ARC
  5
180F
  8
0
  6
CONTINUOUS
 62
     7
 10
-18.299676137166209
 20
27.70039999999932
 30
0.0
 40
0.0999999999985413
 50
270.0
 51
0.0
  0
ARC
  5
1810
  8
0
  6
CONTINUOUS
 62
     7
 10
-10.69967613716403
 20
27.70039999999932
 30
0.0
 40
0.100000000002149
 50
180.0
 51
270.0
  0
ARC
  5
1811
  8
0
  6
CONTINUOUS
 62
     7
 10
-5.8996761371656703
 20
27.70039999999932
 30
0.0
 40
0.0999999999985413
 50
270.0
 51
0.0
  0
ARC
  5
1812
  8
0
  6
CONTINUOUS
 62
     7
 10
-22.29967613716622
 20
27.915552515584348
 30
0.0
 40
0.9999999999978561
 50
119.3577535426341
 51
180.0
  0
ARC
  5
1813
  8
0
  6
CONTINUOUS
 62
     7
 10
-14.775773970354059
 20
31.000400000013141
 30
0.0
 40
1.9999999999872911
 50
89.999999999713395
 51
119.35775354280619
  0
ARC
  5
1814
  8
0
  6
CONTINUOUS
 62
     7
 10
-2.899676137165669
 20
32.000400000000432
 30
0.0
 40
0.9999999999999998
 50
0.0
 51
90.0
  0
ARC
  5
1815
  8
0
  6
CONTINUOUS
 62
     7
 10
-7.1993484919651101
 20
28.591961047639021
 30
0.0
 40
0.5999999999961585
 50
5.000000000196934
 51
73.612312870191914
  0
ARC
  5
1816
  8
0
  6
CONTINUOUS
 62
     7
 10
-8.2996761371662142
 20
24.850400000000779
 30
0.0
 40
4.4999999999984333
 50
73.61231286968949
 51
90.0
  0
ARC
  5
1817
  8
0
  6
CONTINUOUS
 62
     7
 10
-9.400003782365502
 20
28.591961047639021
 30
0.0
 40
0.5999999999990111
 50
106.3876871298896
 51
174.99999999979559
  0
ARC
  5
1818
  8
0
  6
CONTINUOUS
 62
     7
 10
-8.2996761371662142
 20
24.850400000000779
 30
0.0
 40
4.5
 50
90.0
 51
106.3876871302969
  0
ARC
  5
1819
  8
0
  6
CONTINUOUS
 62
     7
 10
-20.69967613716404
 20
24.850400000000779
 30
0.0
 40
4.5
 50
90.0
 51
106.3876871303173
  0
ARC
  5
181A
  8
0
  6
CONTINUOUS
 62
     7
 10
-21.800003782365138
 20
28.591961047639021
 30
0.0
 40
0.5999999999990093
 50
106.3876871298896
 51
174.9999999998787
  0
ARC
  5
181B
  8
0
  6
CONTINUOUS
 62
     7
 10
-20.69967613716404
 20
24.850400000000779
 30
0.0
 40
4.4999999999979314
 50
73.612312869716632
 51
90.0
  0
ARC
  5
181C
  8
0
  6
CONTINUOUS
 62
     7
 10
-19.59934849196566
 20
28.591961047639021
 30
0.0
 40
0.5999999999961868
 50
5.0000000001967049
 51
73.612312870110401
  0
ARC
  5
1842
  8
0
  6
CONTINUOUS
 62
     7
 10
1.250628063640532
 20
105.0496609279522
 30
0.0
 40
1.5500835258514281
 50
268.13330619639299
 51
339.24682885544502
  0
ARC
  5
1844
  8
0
  6
CONTINUOUS
 62
     7
 10
-176.34928216204031
 20
28.869150000004609
 30
0.0
 40
2.5
 50
90.0
 51
172.77399527136251
  0
ARC
  5
187F
  8
0
  6
CONTINUOUS
 62
     7
 10
-202.9496098072315
 20
28.641961047641932
 30
0.0
 40
0.6000000000003478
 50
106.3876871309419
 51
175.00000000002979
  0
ARC
  5
1880
  8
0
  6
CONTINUOUS
 62
     7
 10
-201.84928216202951
 20
24.90040000000187
 30
0.0
 40
4.5
 50
90.0
 51
106.3876871304666
  0
ARC
  5
1881
  8
0
  6
CONTINUOUS
 62
     7
 10
-200.74895451683929
 20
28.641961047641932
 30
0.0
 40
0.6000000000041261
 50
4.9999999999562528
 51
73.612312869227793
  0
ARC
  5
1882
  8
0
  6
CONTINUOUS
 62
     7
 10
-201.84928216202951
 20
24.90040000000187
 30
0.0
 40
4.4999999999981739
 50
73.612312869703061
 51
90.0
  0
ARC
  5
1883
  8
0
  6
CONTINUOUS
 62
     7
 10
-204.39928216203151
 20
27.500400000000429
 30
0.0
 40
0.1000000000003496
 50
90.0
 51
180.0
  0
ARC
  5
1884
  8
0
  6
CONTINUOUS
 62
     7
 10
-204.39928216203151
 20
21.100400000000789
 30
0.0
 40
0.1000000000103967
 50
180.0
 51
270.0
  0
ARC
  5
1885
  8
0
  6
CONTINUOUS
 62
     7
 10
-203.49928216204191
 20
28.19762436226808
 30
0.0
 40
0.9999999999938648
 50
146.30993247361641
 51
180.0
  0
ARC
  5
1886
  8
0
  6
CONTINUOUS
 62
     7
 10
-200.96409840354059
 20
32.000400000000447
 30
0.0
 40
1.0
 50
90.0
 51
146.3099324743693
  0
ARC
  5
1887
  8
0
  6
CONTINUOUS
 62
     7
 10
-201.84928216202951
 20
28.869150000004609
 30
0.0
 40
2.4999999999944
 50
7.2260047286401967
 51
90.0
  0
ARC
  5
1888
  8
0
  6
CONTINUOUS
 62
     7
 10
-203.99928216204191
 20
20.500400000000429
 30
0.0
 40
0.5
 50
90.0
 51
270.0
  0
ARC
  5
1889
  8
0
  6
CONTINUOUS
 62
     7
 10
-174.19928216203979
 20
20.500400000000429
 30
0.0
 40
0.5
 50
270.0
 51
90.0
  0
ARC
  5
188A
  8
0
  6
CONTINUOUS
 62
     7
 10
-177.23446592051911
 20
32.000400000000447
 30
0.0
 40
1.0000000000004099
 50
33.690067526007333
 51
90.0
  0
ARC
  5
188B
  8
0
  6
CONTINUOUS
 62
     7
 10
-174.69928216203979
 20
28.19762436226808
 30
0.0
 40
1.0
 50
0.0
 51
33.69006752603871
  0
ARC
  5
188C
  8
0
  6
CONTINUOUS
 62
     7
 10
-173.7992821620403
 20
21.100400000000789
 30
0.0
 40
0.1000000000003496
 50
270.0
 51
0.0
  0
ARC
  5
188D
  8
0
  6
CONTINUOUS
 62
     7
 10
-173.7992821620403
 20
27.500400000000429
 30
0.0
 40
0.1000000000003922
 50
0.0
 51
90.0
  0
CIRCLE
  5
18A6
  8
0
  6
CONTINUOUS
 62
     7
 10
179.1003238629562
 20
25.000400000000411
 30
0.0
 40
3.2000000000026021
  0
POLYLINE
  8
0
  5
205B
  62
2
  66
     1
 10
0.000000
 20
0.000000
 30
0.000000
  70
     8
  0
VERTEX
  8
0
  5
205C
 10
4.25032
 20
55.8002
 30
0.000000
  70
    32
  0
VERTEX
  8
0
  5
205D
 10
4.28037
 20
55.8069
 30
0.000000
  70
    32
  0
VERTEX
  8
0
  5
205E
 10
4.31041
 20
55.8136
 30
0.000000
  70
    32
  0
VERTEX
  8
0
  5
205F
 10
4.34046
 20
55.8204
 30
0.000000
  70
    32
  0
VERTEX
  8
0
  5
2060
 10
4.37050
 20
55.8271
 30
0.000000
  70
    32
  0
VERTEX
  8
0
  5
2061
 10
4.40055
 20
55.8337
 30
0.000000
  70
    32
  0
VERTEX
  8
0
  5
2062
 10
4.43059
 20
55.8404
 30
0.000000
  70
    32
  0
VERTEX
  8
0
  5
2063
 10
4.46064
 20
55.8470
 30
0.000000
  70
    32
  0
VERTEX
  8
0
  5
2064
 10
4.49068
 20
55.8536
 30
0.000000
  70
    32
  0
VERTEX
  8
0
  5
2065
 10
4.52073
 20
55.8602
 30
0.000000
  70
    32
  0
VERTEX
  8
0
  5
2066
 10
4.55077
 20
55.8667
 30
0.000000
  70
    32
  0
VERTEX
  8
0
  5
2067
 10
4.58082
 20
55.8732
 30
0.000000
  70
    32
  0
VERTEX
  8
0
  5
2068
 10
4.61086
 20
55.8797
 30
0.000000
  70
    32
  0
VERTEX
  8
0
  5
2069
 10
4.64091
 20
55.8861
 30
0.000000
  70
    32
  0
VERTEX
  8
0
  5
206A
 10
4.67095
 20
55.8924
 30
0.000000
  70
    32
  0
VERTEX
  8
0
  5
206B
 10
4.70100
 20
55.8987
 30
0.000000
  70
    32
  0
VERTEX
  8
0
  5
206C
 10
4.73104
 20
55.9049
 30
0.000000
  70
    32
  0
VERTEX
  8
0
  5
206D
 10
4.76109
 20
55.9110
 30
0.000000
  70
    32
  0
VERTEX
  8
0
  5
206E
 10
4.79113
 20
55.9171
 30
0.000000
  70
    32
  0
VERTEX
  8
0
  5
206F
 10
4.82118
 20
55.9231
 30
0.000000
  70
    32
  0
VERTEX
  8
0
  5
2070
 10
4.85122
 20
55.9290
 30
0.000000
  70
    32
  0
VERTEX
  8
0
  5
2071
 10
4.88127
 20
55.9348
 30
0.000000
  70
    32
  0
VERTEX
  8
0
  5
2072
 10
4.91131
 20
55.9405
 30
0.000000
  70
    32
  0
VERTEX
  8
0
  5
2073
 10
4.94136
 20
55.9461
 30
0.000000
  70
    32
  0
VERTEX
  8
0
  5
2074
 10
4.97140
 20
55.9517
 30
0.000000
  70
    32
  0
VERTEX
  8
0
  5
2075
 10
5.00144
 20
55.9571
 30
0.000000
  70
    32
  0
VERTEX
  8
0
  5
2076
 10
5.03149
 20
55.9624
 30
0.000000
  70
    32
  0
VERTEX
  8
0
  5
2077
 10
5.06153
 20
55.9676
 30
0.000000
  70
    32
  0
VERTEX
  8
0
  5
2078
 10
5.09158
 20
55.9727
 30
0.000000
  70
    32
  0
VERTEX
  8
0
  5
2079
 10
5.12162
 20
55.9777
 30
0.000000
  70
    32
  0
VERTEX
  8
0
  5
207A
 10
5.15167
 20
55.9825
 30
0.000000
  70
    32
  0
VERTEX
  8
0
  5
207B
 10
5.18171
 20
55.9872
 30
0.000000
  70
    32
  0
VERTEX
  8
0
  5
207C
 10
5.21176
 20
55.9918
 30
0.000000
  70
    32
  0
VERTEX
  8
0
  5
207D
 10
5.24180
 20
55.9962
 30
0.000000
  70
    32
  0
VERTEX
  8
0
  5
207E
 10
5.27185
 20
56.0005
 30
0.000000
  70
    32
  0
VERTEX
  8
0
  5
207F
 10
5.30189
 20
56.0047
 30
0.000000
  70
    32
  0
VERTEX
  8
0
  5
2080
 10
5.33194
 20
56.0087
 30
0.000000
  70
    32
  0
VERTEX
  8
0
  5
2081
 10
5.36198
 20
56.0125
 30
0.000000
  70
    32
  0
VERTEX
  8
0
  5
2082
 10
5.39203
 20
56.0162
 30
0.000000
  70
    32
  0
VERTEX
  8
0
  5
2083
 10
5.42207
 20
56.0197
 30
0.000000
  70
    32
  0
VERTEX
  8
0
  5
2084
 10
5.45212
 20
56.0231
 30
0.000000
  70
    32
  0
VERTEX
  8
0
  5
2085
 10
5.48216
 20
56.0263
 30
0.000000
  70
    32
  0
VERTEX
  8
0
  5
2086
 10
5.51221
 20
56.0293
 30
0.000000
  70
    32
  0
VERTEX
  8
0
  5
2087
 10
5.54225
 20
56.0321
 30
0.000000
  70
    32
  0
VERTEX
  8
0
  5
2088
 10
5.57230
 20
56.0347
 30
0.000000
  70
    32
  0
VERTEX
  8
0
  5
2089
 10
5.60234
 20
56.0372
 30
0.000000
  70
    32
  0
VERTEX
  8
0
  5
208A
 10
5.63239
 20
56.0394
 30
0.000000
  70
    32
  0
VERTEX
  8
0
  5
208B
 10
5.66243
 20
56.0414
 30
0.000000
  70
    32
  0
VERTEX
  8
0
  5
208C
 10
5.69248
 20
56.0433
 30
0.000000
  70
    32
  0
VERTEX
  8
0
  5
208D
 10
5.72252
 20
56.0449
 30
0.000000
  70
    32
  0
VERTEX
  8
0
  5
208E
 10
5.75257
 20
56.0463
 30
0.000000
  70
    32
  0
VERTEX
  8
0
  5
208F
 10
5.78261
 20
56.0476
 30
0.000000
  70
    32
  0
VERTEX
  8
0
  5
2090
 10
5.81266
 20
56.0485
 30
0.000000
  70
    32
  0
VERTEX
  8
0
  5
2091
 10
5.84270
 20
56.0493
 30
0.000000
  70
    32
  0
VERTEX
  8
0
  5
2092
 10
5.87275
 20
56.0498
 30
0.000000
  70
    32
  0
VERTEX
  8
0
  5
2093
 10
5.90279
 20
56.0501
 30
0.000000
  70
    32
  0
VERTEX
  8
0
  5
2094
 10
5.93284
 20
56.0502
 30
0.000000
  70
    32
  0
VERTEX
  8
0
  5
2095
 10
5.96288
 20
56.0500
 30
0.000000
  70
    32
  0
VERTEX
  8
0
  5
2096
 10
5.99292
 20
56.0496
 30
0.000000
  70
    32
  0
VERTEX
  8
0
  5
2097
 10
6.02297
 20
56.0490
 30
0.000000
  70
    32
  0
VERTEX
  8
0
  5
2098
 10
6.05301
 20
56.0481
 30
0.000000
  70
    32
  0
VERTEX
  8
0
  5
2099
 10
6.08306
 20
56.0470
 30
0.000000
  70
    32
  0
VERTEX
  8
0
  5
209A
 10
6.11310
 20
56.0457
 30
0.000000
  70
    32
  0
VERTEX
  8
0
  5
209B
 10
6.14315
 20
56.0441
 30
0.000000
  70
    32
  0
VERTEX
  8
0
  5
209C
 10
6.17319
 20
56.0424
 30
0.000000
  70
    32
  0
VERTEX
  8
0
  5
209D
 10
6.20324
 20
56.0404
 30
0.000000
  70
    32
  0
VERTEX
  8
0
  5
209E
 10
6.23328
 20
56.0383
 30
0.000000
  70
    32
  0
VERTEX
  8
0
  5
209F
 10
6.26333
 20
56.0360
 30
0.000000
  70
    32
  0
VERTEX
  8
0
  5
20A0
 10
6.29337
 20
56.0334
 30
0.000000
  70
    32
  0
VERTEX
  8
0
  5
20A1
 10
6.32342
 20
56.0307
 30
0.000000
  70
    32
  0
VERTEX
  8
0
  5
20A2
 10
6.35346
 20
56.0278
 30
0.000000
  70
    32
  0
VERTEX
  8
0
  5
20A3
 10
6.38351
 20
56.0247
 30
0.000000
  70
    32
  0
VERTEX
  8
0
  5
20A4
 10
6.41355
 20
56.0214
 30
0.000000
  70
    32
  0
VERTEX
  8
0
  5
20A5
 10
6.44360
 20
56.0180
 30
0.000000
  70
    32
  0
VERTEX
  8
0
  5
20A6
 10
6.47364
 20
56.0144
 30
0.000000
  70
    32
  0
VERTEX
  8
0
  5
20A7
 10
6.50369
 20
56.0106
 30
0.000000
  70
    32
  0
VERTEX
  8
0
  5
20A8
 10
6.53373
 20
56.0067
 30
0.000000
  70
    32
  0
VERTEX
  8
0
  5
20A9
 10
6.56378
 20
56.0026
 30
0.000000
  70
    32
  0
VERTEX
  8
0
  5
20AA
 10
6.59382
 20
55.9984
 30
0.000000
  70
    32
  0
VERTEX
  8
0
  5
20AB
 10
6.62387
 20
55.9940
 30
0.000000
  70
    32
  0
VERTEX
  8
0
  5
20AC
 10
6.65391
 20
55.9895
 30
0.000000
  70
    32
  0
VERTEX
  8
0
  5
20AD
 10
6.68396
 20
55.9849
 30
0.000000
  70
    32
  0
VERTEX
  8
0
  5
20AE
 10
6.71400
 20
55.9801
 30
0.000000
  70
    32
  0
VERTEX
  8
0
  5
20AF
 10
6.74405
 20
55.9752
 30
0.000000
  70
    32
  0
VERTEX
  8
0
  5
20B0
 10
6.77409
 20
55.9702
 30
0.000000
  70
    32
  0
VERTEX
  8
0
  5
20B1
 10
6.80414
 20
55.9650
 30
0.000000
  70
    32
  0
VERTEX
  8
0
  5
20B2
 10
6.83418
 20
55.9598
 30
0.000000
  70
    32
  0
VERTEX
  8
0
  5
20B3
 10
6.86423
 20
55.9544
 30
0.000000
  70
    32
  0
VERTEX
  8
0
  5
20B4
 10
6.89427
 20
55.9489
 30
0.000000
  70
    32
  0
VERTEX
  8
0
  5
20B5
 10
6.92431
 20
55.9433
 30
0.000000
  70
    32
  0
VERTEX
  8
0
  5
20B6
 10
6.95436
 20
55.9376
 30
0.000000
  70
    32
  0
VERTEX
  8
0
  5
20B7
 10
6.98440
 20
55.9319
 30
0.000000
  70
    32
  0
VERTEX
  8
0
  5
20B8
 10
7.01445
 20
55.9260
 30
0.000000
  70
    32
  0
VERTEX
  8
0
  5
20B9
 10
7.04449
 20
55.9201
 30
0.000000
  70
    32
  0
VERTEX
  8
0
  5
20BA
 10
7.07454
 20
55.9140
 30
0.000000
  70
    32
  0
VERTEX
  8
0
  5
20BB
 10
7.10458
 20
55.9079
 30
0.000000
  70
    32
  0
VERTEX
  8
0
  5
20BC
 10
7.13463
 20
55.9018
 30
0.000000
  70
    32
  0
VERTEX
  8
0
  5
20BD
 10
7.16467
 20
55.8955
 30
0.000000
  70
    32
  0
VERTEX
  8
0
  5
20BE
 10
7.19472
 20
55.8892
 30
0.000000
  70
    32
  0
VERTEX
  8
0
  5
20BF
 10
7.22476
 20
55.8829
 30
0.000000
  70
    32
  0
VERTEX
  8
0
  5
20C0
 10
7.25481
 20
55.8765
 30
0.000000
  70
    32
  0
VERTEX
  8
0
  5
20C1
 10
7.28485
 20
55.8700
 30
0.000000
  70
    32
  0
VERTEX
  8
0
  5
20C2
 10
7.31490
 20
55.8635
 30
0.000000
  70
    32
  0
VERTEX
  8
0
  5
20C3
 10
7.34494
 20
55.8569
 30
0.000000
  70
    32
  0
VERTEX
  8
0
  5
20C4
 10
7.37499
 20
55.8503
 30
0.000000
  70
    32
  0
VERTEX
  8
0
  5
20C5
 10
7.40503
 20
55.8437
 30
0.000000
  70
    32
  0
VERTEX
  8
0
  5
20C6
 10
7.43508
 20
55.8371
 30
0.000000
  70
    32
  0
VERTEX
  8
0
  5
20C7
 10
7.46512
 20
55.8304
 30
0.000000
  70
    32
  0
VERTEX
  8
0
  5
20C8
 10
7.49517
 20
55.8237
 30
0.000000
  70
    32
  0
VERTEX
  8
0
  5
20C9
 10
7.52521
 20
55.8170
 30
0.000000
  70
    32
  0
VERTEX
  8
0
  5
20CA
 10
7.55526
 20
55.8103
 30
0.000000
  70
    32
  0
VERTEX
  8
0
  5
20CB
 10
7.58530
 20
55.8036
 30
0.000000
  70
    32
  0
VERTEX
  8
0
  5
20CC
 10
7.61535
 20
55.7968
 30
0.000000
  70
    32
  0
VERTEX
  8
0
  5
20CD
 10
7.64539
 20
55.7901
 30
0.000000
  70
    32
  0
VERTEX
  8
0
  5
20CE
 10
7.67544
 20
55.7834
 30
0.000000
  70
    32
  0
VERTEX
  8
0
  5
20CF
 10
7.70548
 20
55.7767
 30
0.000000
  70
    32
  0
VERTEX
  8
0
  5
20D0
 10
7.73553
 20
55.7700
 30
0.000000
  70
    32
  0
VERTEX
  8
0
  5
20D1
 10
7.76557
 20
55.7633
 30
0.000000
  70
    32
  0
VERTEX
  8
0
  5
20D2
 10
7.79562
 20
55.7567
 30
0.000000
  70
    32
  0
VERTEX
  8
0
  5
20D3
 10
7.82566
 20
55.7501
 30
0.000000
  70
    32
  0
VERTEX
  8
0
  5
20D4
 10
7.85571
 20
55.7435
 30
0.000000
  70
    32
  0
VERTEX
  8
0
  5
20D5
 10
7.88575
 20
55.7369
 30
0.000000
  70
    32
  0
VERTEX
  8
0
  5
20D6
 10
7.91579
 20
55.7304
 30
0.000000
  70
    32
  0
VERTEX
  8
0
  5
20D7
 10
7.94584
 20
55.7239
 30
0.000000
  70
    32
  0
VERTEX
  8
0
  5
20D8
 10
7.97588
 20
55.7175
 30
0.000000
  70
    32
  0
VERTEX
  8
0
  5
20D9
 10
8.00593
 20
55.7112
 30
0.000000
  70
    32
  0
VERTEX
  8
0
  5
20DA
 10
8.03597
 20
55.7049
 30
0.000000
  70
    32
  0
VERTEX
  8
0
  5
20DB
 10
8.06602
 20
55.6986
 30
0.000000
  70
    32
  0
VERTEX
  8
0
  5
20DC
 10
8.09606
 20
55.6925
 30
0.000000
  70
    32
  0
VERTEX
  8
0
  5
20DD
 10
8.12611
 20
55.6864
 30
0.000000
  70
    32
  0
VERTEX
  8
0
  5
20DE
 10
8.15615
 20
55.6803
 30
0.000000
  70
    32
  0
VERTEX
  8
0
  5
20DF
 10
8.18620
 20
55.6744
 30
0.000000
  70
    32
  0
VERTEX
  8
0
  5
20E0
 10
8.21624
 20
55.6685
 30
0.000000
  70
    32
  0
VERTEX
  8
0
  5
20E1
 10
8.24629
 20
55.6628
 30
0.000000
  70
    32
  0
VERTEX
  8
0
  5
20E2
 10
8.27633
 20
55.6571
 30
0.000000
  70
    32
  0
VERTEX
  8
0
  5
20E3
 10
8.30638
 20
55.6515
 30
0.000000
  70
    32
  0
VERTEX
  8
0
  5
20E4
 10
8.33642
 20
55.6460
 30
0.000000
  70
    32
  0
VERTEX
  8
0
  5
20E5
 10
8.36647
 20
55.6406
 30
0.000000
  70
    32
  0
VERTEX
  8
0
  5
20E6
 10
8.39651
 20
55.6354
 30
0.000000
  70
    32
  0
VERTEX
  8
0
  5
20E7
 10
8.42656
 20
55.6302
 30
0.000000
  70
    32
  0
VERTEX
  8
0
  5
20E8
 10
8.45660
 20
55.6252
 30
0.000000
  70
    32
  0
VERTEX
  8
0
  5
20E9
 10
8.48665
 20
55.6203
 30
0.000000
  70
    32
  0
VERTEX
  8
0
  5
20EA
 10
8.51669
 20
55.6155
 30
0.000000
  70
    32
  0
VERTEX
  8
0
  5
20EB
 10
8.54674
 20
55.6109
 30
0.000000
  70
    32
  0
VERTEX
  8
0
  5
20EC
 10
8.57678
 20
55.6064
 30
0.000000
  70
    32
  0
VERTEX
  8
0
  5
20ED
 10
8.60683
 20
55.6020
 30
0.000000
  70
    32
  0
VERTEX
  8
0
  5
20EE
 10
8.63687
 20
55.5978
 30
0.000000
  70
    32
  0
VERTEX
  8
0
  5
20EF
 10
8.66692
 20
55.5937
 30
0.000000
  70
    32
  0
VERTEX
  8
0
  5
20F0
 10
8.69696
 20
55.5898
 30
0.000000
  70
    32
  0
VERTEX
  8
0
  5
20F1
 10
8.72701
 20
55.5860
 30
0.000000
  70
    32
  0
VERTEX
  8
0
  5
20F2
 10
8.75705
 20
55.5824
 30
0.000000
  70
    32
  0
VERTEX
  8
0
  5
20F3
 10
8.78710
 20
55.5790
 30
0.000000
  70
    32
  0
VERTEX
  8
0
  5
20F4
 10
8.81714
 20
55.5757
 30
0.000000
  70
    32
  0
VERTEX
  8
0
  5
20F5
 10
8.84718
 20
55.5726
 30
0.000000
  70
    32
  0
VERTEX
  8
0
  5
20F6
 10
8.87723
 20
55.5697
 30
0.000000
  70
    32
  0
VERTEX
  8
0
  5
20F7
 10
8.90727
 20
55.5670
 30
0.000000
  70
    32
  0
VERTEX
  8
0
  5
20F8
 10
8.93732
 20
55.5644
 30
0.000000
  70
    32
  0
VERTEX
  8
0
  5
20F9
 10
8.96736
 20
55.5621
 30
0.000000
  70
    32
  0
VERTEX
  8
0
  5
20FA
 10
8.99741
 20
55.5600
 30
0.000000
  70
    32
  0
VERTEX
  8
0
  5
20FB
 10
9.02745
 20
55.5580
 30
0.000000
  70
    32
  0
VERTEX
  8
0
  5
20FC
 10
9.05750
 20
55.5563
 30
0.000000
  70
    32
  0
VERTEX
  8
0
  5
20FD
 10
9.08754
 20
55.5547
 30
0.000000
  70
    32
  0
VERTEX
  8
0
  5
20FE
 10
9.11759
 20
55.5534
 30
0.000000
  70
    32
  0
VERTEX
  8
0
  5
20FF
 10
9.14763
 20
55.5523
 30
0.000000
  70
    32
  0
VERTEX
  8
0
  5
2100
 10
9.17768
 20
55.5514
 30
0.000000
  70
    32
  0
VERTEX
  8
0
  5
2101
 10
9.20772
 20
55.5508
 30
0.000000
  70
    32
  0
VERTEX
  8
0
  5
2102
 10
9.23777
 20
55.5504
 30
0.000000
  70
    32
  0
VERTEX
  8
0
  5
2103
 10
9.26781
 20
55.5502
 30
0.000000
  70
    32
  0
VERTEX
  8
0
  5
2104
 10
9.29786
 20
55.5503
 30
0.000000
  70
    32
  0
VERTEX
  8
0
  5
2105
 10
9.32790
 20
55.5506
 30
0.000000
  70
    32
  0
VERTEX
  8
0
  5
2106
 10
9.35795
 20
55.5511
 30
0.000000
  70
    32
  0
VERTEX
  8
0
  5
2107
 10
9.38799
 20
55.5519
 30
0.000000
  70
    32
  0
VERTEX
  8
0
  5
2108
 10
9.41804
 20
55.5528
 30
0.000000
  70
    32
  0
VERTEX
  8
0
  5
2109
 10
9.44808
 20
55.5541
 30
0.000000
  70
    32
  0
VERTEX
  8
0
  5
210A
 10
9.47813
 20
55.5555
 30
0.000000
  70
    32
  0
VERTEX
  8
0
  5
210B
 10
9.50817
 20
55.5571
 30
0.000000
  70
    32
  0
VERTEX
  8
0
  5
210C
 10
9.53822
 20
55.5590
 30
0.000000
  70
    32
  0
VERTEX
  8
0
  5
210D
 10
9.56826
 20
55.5610
 30
0.000000
  70
    32
  0
VERTEX
  8
0
  5
210E
 10
9.59831
 20
55.5632
 30
0.000000
  70
    32
  0
VERTEX
  8
0
  5
210F
 10
9.62835
 20
55.5657
 30
0.000000
  70
    32
  0
VERTEX
  8
0
  5
2110
 10
9.65840
 20
55.5683
 30
0.000000
  70
    32
  0
VERTEX
  8
0
  5
2111
 10
9.68844
 20
55.5711
 30
0.000000
  70
    32
  0
VERTEX
  8
0
  5
2112
 10
9.71849
 20
55.5741
 30
0.000000
  70
    32
  0
VERTEX
  8
0
  5
2113
 10
9.74853
 20
55.5773
 30
0.000000
  70
    32
  0
VERTEX
  8
0
  5
2114
 10
9.77857
 20
55.5807
 30
0.000000
  70
    32
  0
VERTEX
  8
0
  5
2115
 10
9.80862
 20
55.5842
 30
0.000000
  70
    32
  0
VERTEX
  8
0
  5
2116
 10
9.83866
 20
55.5879
 30
0.000000
  70
    32
  0
VERTEX
  8
0
  5
2117
 10
9.86871
 20
55.5917
 30
0.000000
  70
    32
  0
VERTEX
  8
0
  5
2118
 10
9.89875
 20
55.5957
 30
0.000000
  70
    32
  0
VERTEX
  8
0
  5
2119
 10
9.92880
 20
55.5999
 30
0.000000
  70
    32
  0
VERTEX
  8
0
  5
211A
 10
9.95884
 20
55.6042
 30
0.000000
  70
    32
  0
VERTEX
  8
0
  5
211B
 10
9.98889
 20
55.6086
 30
0.000000
  70
    32
  0
VERTEX
  8
0
  5
211C
 10
10.0189
 20
55.6132
 30
0.000000
  70
    32
  0
VERTEX
  8
0
  5
211D
 10
10.0490
 20
55.6179
 30
0.000000
  70
    32
  0
VERTEX
  8
0
  5
211E
 10
10.0790
 20
55.6227
 30
0.000000
  70
    32
  0
VERTEX
  8
0
  5
211F
 10
10.1091
 20
55.6277
 30
0.000000
  70
    32
  0
VERTEX
  8
0
  5
2120
 10
10.1391
 20
55.6328
 30
0.000000
  70
    32
  0
VERTEX
  8
0
  5
2121
 10
10.1692
 20
55.6380
 30
0.000000
  70
    32
  0
VERTEX
  8
0
  5
2122
 10
10.1992
 20
55.6433
 30
0.000000
  70
    32
  0
VERTEX
  8
0
  5
2123
 10
10.2292
 20
55.6487
 30
0.000000
  70
    32
  0
VERTEX
  8
0
  5
2124
 10
10.2593
 20
55.6543
 30
0.000000
  70
    32
  0
VERTEX
  8
0
  5
2125
 10
10.2893
 20
55.6599
 30
0.000000
  70
    32
  0
VERTEX
  8
0
  5
2126
 10
10.3194
 20
55.6656
 30
0.000000
  70
    32
  0
VERTEX
  8
0
  5
2127
 10
10.3494
 20
55.6714
 30
0.000000
  70
    32
  0
VERTEX
  8
0
  5
2128
 10
10.3795
 20
55.6773
 30
0.000000
  70
    32
  0
VERTEX
  8
0
  5
2129
 10
10.4095
 20
55.6833
 30
0.000000
  70
    32
  0
VERTEX
  8
0
  5
212A
 10
10.4396
 20
55.6894
 30
0.000000
  70
    32
  0
VERTEX
  8
0
  5
212B
 10
10.4696
 20
55.6955
 30
0.000000
  70
    32
  0
VERTEX
  8
0
  5
212C
 10
10.4997
 20
55.7017
 30
0.000000
  70
    32
  0
VERTEX
  8
0
  5
212D
 10
10.5297
 20
55.7080
 30
0.000000
  70
    32
  0
VERTEX
  8
0
  5
212E
 10
10.5597
 20
55.7143
 30
0.000000
  70
    32
  0
VERTEX
  8
0
  5
212F
 10
10.5898
 20
55.7207
 30
0.000000
  70
    32
  0
VERTEX
  8
0
  5
2130
 10
10.6198
 20
55.7272
 30
0.000000
  70
    32
  0
VERTEX
  8
0
  5
2131
 10
10.6499
 20
55.7337
 30
0.000000
  70
    32
  0
VERTEX
  8
0
  5
2132
 10
10.6799
 20
55.7402
 30
0.000000
  70
    32
  0
VERTEX
  8
0
  5
2133
 10
10.7100
 20
55.7468
 30
0.000000
  70
    32
  0
VERTEX
  8
0
  5
2134
 10
10.7400
 20
55.7534
 30
0.000000
  70
    32
  0
VERTEX
  8
0
  5
2135
 10
10.7701
 20
55.7600
 30
0.000000
  70
    32
  0
VERTEX
  8
0
  5
2136
 10
10.8001
 20
55.7667
 30
0.000000
  70
    32
  0
VERTEX
  8
0
  5
2137
 10
10.8301
 20
55.7733
 30
0.000000
  70
    32
  0
VERTEX
  8
0
  5
2138
 10
10.8602
 20
55.7800
 30
0.000000
  70
    32
  0
VERTEX
  8
0
  5
2139
 10
10.8902
 20
55.7868
 30
0.000000
  70
    32
  0
VERTEX
  8
0
  5
213A
 10
10.9203
 20
55.7935
 30
0.000000
  70
    32
  0
VERTEX
  8
0
  5
213B
 10
10.9503
 20
55.8002
 30
0.000000
  70
    32
  0
SEQEND
  8
0
  5
213C
  0
POLYLINE
  8
0
  5
213D
  62
2
  66
     1
 10
0.000000
 20
0.000000
 30
0.000000
  70
     8
  0
VERTEX
  8
0
  5
213E
 10
4.25032
 20
54.3002
 30
0.000000
  70
    32
  0
VERTEX
  8
0
  5
213F
 10
4.28037
 20
54.3069
 30
0.000000
  70
    32
  0
VERTEX
  8
0
  5
2140
 10
4.31041
 20
54.3136
 30
0.000000
  70
    32
  0
VERTEX
  8
0
  5
2141
 10
4.34046
 20
54.3204
 30
0.000000
  70
    32
  0
VERTEX
  8
0
  5
2142
 10
4.37050
 20
54.3271
 30
0.000000
  70
    32
  0
VERTEX
  8
0
  5
2143
 10
4.40055
 20
54.3337
 30
0.000000
  70
    32
  0
VERTEX
  8
0
  5
2144
 10
4.43059
 20
54.3404
 30
0.000000
  70
    32
  0
VERTEX
  8
0
  5
2145
 10
4.46064
 20
54.3470
 30
0.000000
  70
    32
  0
VERTEX
  8
0
  5
2146
 10
4.49068
 20
54.3536
 30
0.000000
  70
    32
  0
VERTEX
  8
0
  5
2147
 10
4.52073
 20
54.3602
 30
0.000000
  70
    32
  0
VERTEX
  8
0
  5
2148
 10
4.55077
 20
54.3667
 30
0.000000
  70
    32
  0
VERTEX
  8
0
  5
2149
 10
4.58082
 20
54.3732
 30
0.000000
  70
    32
  0
VERTEX
  8
0
  5
214A
 10
4.61086
 20
54.3797
 30
0.000000
  70
    32
  0
VERTEX
  8
0
  5
214B
 10
4.64091
 20
54.3861
 30
0.000000
  70
    32
  0
VERTEX
  8
0
  5
214C
 10
4.67095
 20
54.3924
 30
0.000000
  70
    32
  0
VERTEX
  8
0
  5
214D
 10
4.70100
 20
54.3987
 30
0.000000
  70
    32
  0
VERTEX
  8
0
  5
214E
 10
4.73104
 20
54.4049
 30
0.000000
  70
    32
  0
VERTEX
  8
0
  5
214F
 10
4.76109
 20
54.4110
 30
0.000000
  70
    32
  0
VERTEX
  8
0
  5
2150
 10
4.79113
 20
54.4171
 30
0.000000
  70
    32
  0
VERTEX
  8
0
  5
2151
 10
4.82118
 20
54.4231
 30
0.000000
  70
    32
  0
VERTEX
  8
0
  5
2152
 10
4.85122
 20
54.4290
 30
0.000000
  70
    32
  0
VERTEX
  8
0
  5
2153
 10
4.88127
 20
54.4348
 30
0.000000
  70
    32
  0
VERTEX
  8
0
  5
2154
 10
4.91131
 20
54.4405
 30
0.000000
  70
    32
  0
VERTEX
  8
0
  5
2155
 10
4.94136
 20
54.4461
 30
0.000000
  70
    32
  0
VERTEX
  8
0
  5
2156
 10
4.97140
 20
54.4517
 30
0.000000
  70
    32
  0
VERTEX
  8
0
  5
2157
 10
5.00144
 20
54.4571
 30
0.000000
  70
    32
  0
VERTEX
  8
0
  5
2158
 10
5.03149
 20
54.4624
 30
0.000000
  70
    32
  0
VERTEX
  8
0
  5
2159
 10
5.06153
 20
54.4676
 30
0.000000
  70
    32
  0
VERTEX
  8
0
  5
215A
 10
5.09158
 20
54.4727
 30
0.000000
  70
    32
  0
VERTEX
  8
0
  5
215B
 10
5.12162
 20
54.4777
 30
0.000000
  70
    32
  0
VERTEX
  8
0
  5
215C
 10
5.15167
 20
54.4825
 30
0.000000
  70
    32
  0
VERTEX
  8
0
  5
215D
 10
5.18171
 20
54.4872
 30
0.000000
  70
    32
  0
VERTEX
  8
0
  5
215E
 10
5.21176
 20
54.4918
 30
0.000000
  70
    32
  0
VERTEX
  8
0
  5
215F
 10
5.24180
 20
54.4962
 30
0.000000
  70
    32
  0
VERTEX
  8
0
  5
2160
 10
5.27185
 20
54.5005
 30
0.000000
  70
    32
  0
VERTEX
  8
0
  5
2161
 10
5.30189
 20
54.5047
 30
0.000000
  70
    32
  0
VERTEX
  8
0
  5
2162
 10
5.33194
 20
54.5087
 30
0.000000
  70
    32
  0
VERTEX
  8
0
  5
2163
 10
5.36198
 20
54.5125
 30
0.000000
  70
    32
  0
VERTEX
  8
0
  5
2164
 10
5.39203
 20
54.5162
 30
0.000000
  70
    32
  0
VERTEX
  8
0
  5
2165
 10
5.42207
 20
54.5197
 30
0.000000
  70
    32
  0
VERTEX
  8
0
  5
2166
 10
5.45212
 20
54.5231
 30
0.000000
  70
    32
  0
VERTEX
  8
0
  5
2167
 10
5.48216
 20
54.5263
 30
0.000000
  70
    32
  0
VERTEX
  8
0
  5
2168
 10
5.51221
 20
54.5293
 30
0.000000
  70
    32
  0
VERTEX
  8
0
  5
2169
 10
5.54225
 20
54.5321
 30
0.000000
  70
    32
  0
VERTEX
  8
0
  5
216A
 10
5.57230
 20
54.5347
 30
0.000000
  70
    32
  0
VERTEX
  8
0
  5
216B
 10
5.60234
 20
54.5372
 30
0.000000
  70
    32
  0
VERTEX
  8
0
  5
216C
 10
5.63239
 20
54.5394
 30
0.000000
  70
    32
  0
VERTEX
  8
0
  5
216D
 10
5.66243
 20
54.5414
 30
0.000000
  70
    32
  0
VERTEX
  8
0
  5
216E
 10
5.69248
 20
54.5433
 30
0.000000
  70
    32
  0
VERTEX
  8
0
  5
216F
 10
5.72252
 20
54.5449
 30
0.000000
  70
    32
  0
VERTEX
  8
0
  5
2170
 10
5.75257
 20
54.5463
 30
0.000000
  70
    32
  0
VERTEX
  8
0
  5
2171
 10
5.78261
 20
54.5476
 30
0.000000
  70
    32
  0
VERTEX
  8
0
  5
2172
 10
5.81266
 20
54.5485
 30
0.000000
  70
    32
  0
VERTEX
  8
0
  5
2173
 10
5.84270
 20
54.5493
 30
0.000000
  70
    32
  0
VERTEX
  8
0
  5
2174
 10
5.87275
 20
54.5498
 30
0.000000
  70
    32
  0
VERTEX
  8
0
  5
2175
 10
5.90279
 20
54.5501
 30
0.000000
  70
    32
  0
VERTEX
  8
0
  5
2176
 10
5.93284
 20
54.5502
 30
0.000000
  70
    32
  0
VERTEX
  8
0
  5
2177
 10
5.96288
 20
54.5500
 30
0.000000
  70
    32
  0
VERTEX
  8
0
  5
2178
 10
5.99292
 20
54.5496
 30
0.000000
  70
    32
  0
VERTEX
  8
0
  5
2179
 10
6.02297
 20
54.5490
 30
0.000000
  70
    32
  0
VERTEX
  8
0
  5
217A
 10
6.05301
 20
54.5481
 30
0.000000
  70
    32
  0
VERTEX
  8
0
  5
217B
 10
6.08306
 20
54.5470
 30
0.000000
  70
    32
  0
VERTEX
  8
0
  5
217C
 10
6.11310
 20
54.5457
 30
0.000000
  70
    32
  0
VERTEX
  8
0
  5
217D
 10
6.14315
 20
54.5441
 30
0.000000
  70
    32
  0
VERTEX
  8
0
  5
217E
 10
6.17319
 20
54.5424
 30
0.000000
  70
    32
  0
VERTEX
  8
0
  5
217F
 10
6.20324
 20
54.5404
 30
0.000000
  70
    32
  0
VERTEX
  8
0
  5
2180
 10
6.23328
 20
54.5383
 30
0.000000
  70
    32
  0
VERTEX
  8
0
  5
2181
 10
6.26333
 20
54.5360
 30
0.000000
  70
    32
  0
VERTEX
  8
0
  5
2182
 10
6.29337
 20
54.5334
 30
0.000000
  70
    32
  0
VERTEX
  8
0
  5
2183
 10
6.32342
 20
54.5307
 30
0.000000
  70
    32
  0
VERTEX
  8
0
  5
2184
 10
6.35346
 20
54.5278
 30
0.000000
  70
    32
  0
VERTEX
  8
0
  5
2185
 10
6.38351
 20
54.5247
 30
0.000000
  70
    32
  0
VERTEX
  8
0
  5
2186
 10
6.41355
 20
54.5214
 30
0.000000
  70
    32
  0
VERTEX
  8
0
  5
2187
 10
6.44360
 20
54.5180
 30
0.000000
  70
    32
  0
VERTEX
  8
0
  5
2188
 10
6.47364
 20
54.5144
 30
0.000000
  70
    32
  0
VERTEX
  8
0
  5
2189
 10
6.50369
 20
54.5106
 30
0.000000
  70
    32
  0
VERTEX
  8
0
  5
218A
 10
6.53373
 20
54.5067
 30
0.000000
  70
    32
  0
VERTEX
  8
0
  5
218B
 10
6.56378
 20
54.5026
 30
0.000000
  70
    32
  0
VERTEX
  8
0
  5
218C
 10
6.59382
 20
54.4984
 30
0.000000
  70
    32
  0
VERTEX
  8
0
  5
218D
 10
6.62387
 20
54.4940
 30
0.000000
  70
    32
  0
VERTEX
  8
0
  5
218E
 10
6.65391
 20
54.4895
 30
0.000000
  70
    32
  0
VERTEX
  8
0
  5
218F
 10
6.68396
 20
54.4849
 30
0.000000
  70
    32
  0
VERTEX
  8
0
  5
2190
 10
6.71400
 20
54.4801
 30
0.000000
  70
    32
  0
VERTEX
  8
0
  5
2191
 10
6.74405
 20
54.4752
 30
0.000000
  70
    32
  0
VERTEX
  8
0
  5
2192
 10
6.77409
 20
54.4702
 30
0.000000
  70
    32
  0
VERTEX
  8
0
  5
2193
 10
6.80414
 20
54.4650
 30
0.000000
  70
    32
  0
VERTEX
  8
0
  5
2194
 10
6.83418
 20
54.4598
 30
0.000000
  70
    32
  0
VERTEX
  8
0
  5
2195
 10
6.86423
 20
54.4544
 30
0.000000
  70
    32
  0
VERTEX
  8
0
  5
2196
 10
6.89427
 20
54.4489
 30
0.000000
  70
    32
  0
VERTEX
  8
0
  5
2197
 10
6.92431
 20
54.4433
 30
0.000000
  70
    32
  0
VERTEX
  8
0
  5
2198
 10
6.95436
 20
54.4376
 30
0.000000
  70
    32
  0
VERTEX
  8
0
  5
2199
 10
6.98440
 20
54.4319
 30
0.000000
  70
    32
  0
VERTEX
  8
0
  5
219A
 10
7.01445
 20
54.4260
 30
0.000000
  70
    32
  0
VERTEX
  8
0
  5
219B
 10
7.04449
 20
54.4201
 30
0.000000
  70
    32
  0
VERTEX
  8
0
  5
219C
 10
7.07454
 20
54.4140
 30
0.000000
  70
    32
  0
VERTEX
  8
0
  5
219D
 10
7.10458
 20
54.4079
 30
0.000000
  70
    32
  0
VERTEX
  8
0
  5
219E
 10
7.13463
 20
54.4018
 30
0.000000
  70
    32
  0
VERTEX
  8
0
  5
219F
 10
7.16467
 20
54.3955
 30
0.000000
  70
    32
  0
VERTEX
  8
0
  5
21A0
 10
7.19472
 20
54.3892
 30
0.000000
  70
    32
  0
VERTEX
  8
0
  5
21A1
 10
7.22476
 20
54.3829
 30
0.000000
  70
    32
  0
VERTEX
  8
0
  5
21A2
 10
7.25481
 20
54.3765
 30
0.000000
  70
    32
  0
VERTEX
  8
0
  5
21A3
 10
7.28485
 20
54.3700
 30
0.000000
  70
    32
  0
VERTEX
  8
0
  5
21A4
 10
7.31490
 20
54.3635
 30
0.000000
  70
    32
  0
VERTEX
  8
0
  5
21A5
 10
7.34494
 20
54.3569
 30
0.000000
  70
    32
  0
VERTEX
  8
0
  5
21A6
 10
7.37499
 20
54.3503
 30
0.000000
  70
    32
  0
VERTEX
  8
0
  5
21A7
 10
7.40503
 20
54.3437
 30
0.000000
  70
    32
  0
VERTEX
  8
0
  5
21A8
 10
7.43508
 20
54.3371
 30
0.000000
  70
    32
  0
VERTEX
  8
0
  5
21A9
 10
7.46512
 20
54.3304
 30
0.000000
  70
    32
  0
VERTEX
  8
0
  5
21AA
 10
7.49517
 20
54.3237
 30
0.000000
  70
    32
  0
VERTEX
  8
0
  5
21AB
 10
7.52521
 20
54.3170
 30
0.000000
  70
    32
  0
VERTEX
  8
0
  5
21AC
 10
7.55526
 20
54.3103
 30
0.000000
  70
    32
  0
VERTEX
  8
0
  5
21AD
 10
7.58530
 20
54.3036
 30
0.000000
  70
    32
  0
VERTEX
  8
0
  5
21AE
 10
7.61535
 20
54.2968
 30
0.000000
  70
    32
  0
VERTEX
  8
0
  5
21AF
 10
7.64539
 20
54.2901
 30
0.000000
  70
    32
  0
VERTEX
  8
0
  5
21B0
 10
7.67544
 20
54.2834
 30
0.000000
  70
    32
  0
VERTEX
  8
0
  5
21B1
 10
7.70548
 20
54.2767
 30
0.000000
  70
    32
  0
VERTEX
  8
0
  5
21B2
 10
7.73553
 20
54.2700
 30
0.000000
  70
    32
  0
VERTEX
  8
0
  5
21B3
 10
7.76557
 20
54.2633
 30
0.000000
  70
    32
  0
VERTEX
  8
0
  5
21B4
 10
7.79562
 20
54.2567
 30
0.000000
  70
    32
  0
VERTEX
  8
0
  5
21B5
 10
7.82566
 20
54.2501
 30
0.000000
  70
    32
  0
VERTEX
  8
0
  5
21B6
 10
7.85571
 20
54.2435
 30
0.000000
  70
    32
  0
VERTEX
  8
0
  5
21B7
 10
7.88575
 20
54.2369
 30
0.000000
  70
    32
  0
VERTEX
  8
0
  5
21B8
 10
7.91579
 20
54.2304
 30
0.000000
  70
    32
  0
VERTEX
  8
0
  5
21B9
 10
7.94584
 20
54.2239
 30
0.000000
  70
    32
  0
VERTEX
  8
0
  5
21BA
 10
7.97588
 20
54.2175
 30
0.000000
  70
    32
  0
VERTEX
  8
0
  5
21BB
 10
8.00593
 20
54.2112
 30
0.000000
  70
    32
  0
VERTEX
  8
0
  5
21BC
 10
8.03597
 20
54.2049
 30
0.000000
  70
    32
  0
VERTEX
  8
0
  5
21BD
 10
8.06602
 20
54.1986
 30
0.000000
  70
    32
  0
VERTEX
  8
0
  5
21BE
 10
8.09606
 20
54.1925
 30
0.000000
  70
    32
  0
VERTEX
  8
0
  5
21BF
 10
8.12611
 20
54.1864
 30
0.000000
  70
    32
  0
VERTEX
  8
0
  5
21C0
 10
8.15615
 20
54.1803
 30
0.000000
  70
    32
  0
VERTEX
  8
0
  5
21C1
 10
8.18620
 20
54.1744
 30
0.000000
  70
    32
  0
VERTEX
  8
0
  5
21C2
 10
8.21624
 20
54.1685
 30
0.000000
  70
    32
  0
VERTEX
  8
0
  5
21C3
 10
8.24629
 20
54.1628
 30
0.000000
  70
    32
  0
VERTEX
  8
0
  5
21C4
 10
8.27633
 20
54.1571
 30
0.000000
  70
    32
  0
VERTEX
  8
0
  5
21C5
 10
8.30638
 20
54.1515
 30
0.000000
  70
    32
  0
VERTEX
  8
0
  5
21C6
 10
8.33642
 20
54.1460
 30
0.000000
  70
    32
  0
VERTEX
  8
0
  5
21C7
 10
8.36647
 20
54.1406
 30
0.000000
  70
    32
  0
VERTEX
  8
0
  5
21C8
 10
8.39651
 20
54.1354
 30
0.000000
  70
    32
  0
VERTEX
  8
0
  5
21C9
 10
8.42656
 20
54.1302
 30
0.000000
  70
    32
  0
VERTEX
  8
0
  5
21CA
 10
8.45660
 20
54.1252
 30
0.000000
  70
    32
  0
VERTEX
  8
0
  5
21CB
 10
8.48665
 20
54.1203
 30
0.000000
  70
    32
  0
VERTEX
  8
0
  5
21CC
 10
8.51669
 20
54.1155
 30
0.000000
  70
    32
  0
VERTEX
  8
0
  5
21CD
 10
8.54674
 20
54.1109
 30
0.000000
  70
    32
  0
VERTEX
  8
0
  5
21CE
 10
8.57678
 20
54.1064
 30
0.000000
  70
    32
  0
VERTEX
  8
0
  5
21CF
 10
8.60683
 20
54.1020
 30
0.000000
  70
    32
  0
VERTEX
  8
0
  5
21D0
 10
8.63687
 20
54.0978
 30
0.000000
  70
    32
  0
VERTEX
  8
0
  5
21D1
 10
8.66692
 20
54.0937
 30
0.000000
  70
    32
  0
VERTEX
  8
0
  5
21D2
 10
8.69696
 20
54.0898
 30
0.000000
  70
    32
  0
VERTEX
  8
0
  5
21D3
 10
8.72701
 20
54.0860
 30
0.000000
  70
    32
  0
VERTEX
  8
0
  5
21D4
 10
8.75705
 20
54.0824
 30
0.000000
  70
    32
  0
VERTEX
  8
0
  5
21D5
 10
8.78710
 20
54.0790
 30
0.000000
  70
    32
  0
VERTEX
  8
0
  5
21D6
 10
8.81714
 20
54.0757
 30
0.000000
  70
    32
  0
VERTEX
  8
0
  5
21D7
 10
8.84718
 20
54.0726
 30
0.000000
  70
    32
  0
VERTEX
  8
0
  5
21D8
 10
8.87723
 20
54.0697
 30
0.000000
  70
    32
  0
VERTEX
  8
0
  5
21D9
 10
8.90727
 20
54.0670
 30
0.000000
  70
    32
  0
VERTEX
  8
0
  5
21DA
 10
8.93732
 20
54.0644
 30
0.000000
  70
    32
  0
VERTEX
  8
0
  5
21DB
 10
8.96736
 20
54.0621
 30
0.000000
  70
    32
  0
VERTEX
  8
0
  5
21DC
 10
8.99741
 20
54.0600
 30
0.000000
  70
    32
  0
VERTEX
  8
0
  5
21DD
 10
9.02745
 20
54.0580
 30
0.000000
  70
    32
  0
VERTEX
  8
0
  5
21DE
 10
9.05750
 20
54.0563
 30
0.000000
  70
    32
  0
VERTEX
  8
0
  5
21DF
 10
9.08754
 20
54.0547
 30
0.000000
  70
    32
  0
VERTEX
  8
0
  5
21E0
 10
9.11759
 20
54.0534
 30
0.000000
  70
    32
  0
VERTEX
  8
0
  5
21E1
 10
9.14763
 20
54.0523
 30
0.000000
  70
    32
  0
VERTEX
  8
0
  5
21E2
 10
9.17768
 20
54.0514
 30
0.000000
  70
    32
  0
VERTEX
  8
0
  5
21E3
 10
9.20772
 20
54.0508
 30
0.000000
  70
    32
  0
VERTEX
  8
0
  5
21E4
 10
9.23777
 20
54.0504
 30
0.000000
  70
    32
  0
VERTEX
  8
0
  5
21E5
 10
9.26781
 20
54.0502
 30
0.000000
  70
    32
  0
VERTEX
  8
0
  5
21E6
 10
9.29786
 20
54.0503
 30
0.000000
  70
    32
  0
VERTEX
  8
0
  5
21E7
 10
9.32790
 20
54.0506
 30
0.000000
  70
    32
  0
VERTEX
  8
0
  5
21E8
 10
9.35795
 20
54.0511
 30
0.000000
  70
    32
  0
VERTEX
  8
0
  5
21E9
 10
9.38799
 20
54.0519
 30
0.000000
  70
    32
  0
VERTEX
  8
0
  5
21EA
 10
9.41804
 20
54.0528
 30
0.000000
  70
    32
  0
VERTEX
  8
0
  5
21EB
 10
9.44808
 20
54.0541
 30
0.000000
  70
    32
  0
VERTEX
  8
0
  5
21EC
 10
9.47813
 20
54.0555
 30
0.000000
  70
    32
  0
VERTEX
  8
0
  5
21ED
 10
9.50817
 20
54.0571
 30
0.000000
  70
    32
  0
VERTEX
  8
0
  5
21EE
 10
9.53822
 20
54.0590
 30
0.000000
  70
    32
  0
VERTEX
  8
0
  5
21EF
 10
9.56826
 20
54.0610
 30
0.000000
  70
    32
  0
VERTEX
  8
0
  5
21F0
 10
9.59831
 20
54.0632
 30
0.000000
  70
    32
  0
VERTEX
  8
0
  5
21F1
 10
9.62835
 20
54.0657
 30
0.000000
  70
    32
  0
VERTEX
  8
0
  5
21F2
 10
9.65840
 20
54.0683
 30
0.000000
  70
    32
  0
VERTEX
  8
0
  5
21F3
 10
9.68844
 20
54.0711
 30
0.000000
  70
    32
  0
VERTEX
  8
0
  5
21F4
 10
9.71849
 20
54.0741
 30
0.000000
  70
    32
  0
VERTEX
  8
0
  5
21F5
 10
9.74853
 20
54.0773
 30
0.000000
  70
    32
  0
VERTEX
  8
0
  5
21F6
 10
9.77857
 20
54.0807
 30
0.000000
  70
    32
  0
VERTEX
  8
0
  5
21F7
 10
9.80862
 20
54.0842
 30
0.000000
  70
    32
  0
VERTEX
  8
0
  5
21F8
 10
9.83866
 20
54.0879
 30
0.000000
  70
    32
  0
VERTEX
  8
0
  5
21F9
 10
9.86871
 20
54.0917
 30
0.000000
  70
    32
  0
VERTEX
  8
0
  5
21FA
 10
9.89875
 20
54.0957
 30
0.000000
  70
    32
  0
VERTEX
  8
0
  5
21FB
 10
9.92880
 20
54.0999
 30
0.000000
  70
    32
  0
VERTEX
  8
0
  5
21FC
 10
9.95884
 20
54.1042
 30
0.000000
  70
    32
  0
VERTEX
  8
0
  5
21FD
 10
9.98889
 20
54.1086
 30
0.000000
  70
    32
  0
VERTEX
  8
0
  5
21FE
 10
10.0189
 20
54.1132
 30
0.000000
  70
    32
  0
VERTEX
  8
0
  5
21FF
 10
10.0490
 20
54.1179
 30
0.000000
  70
    32
  0
VERTEX
  8
0
  5
2200
 10
10.0790
 20
54.1227
 30
0.000000
  70
    32
  0
VERTEX
  8
0
  5
2201
 10
10.1091
 20
54.1277
 30
0.000000
  70
    32
  0
VERTEX
  8
0
  5
2202
 10
10.1391
 20
54.1328
 30
0.000000
  70
    32
  0
VERTEX
  8
0
  5
2203
 10
10.1692
 20
54.1380
 30
0.000000
  70
    32
  0
VERTEX
  8
0
  5
2204
 10
10.1992
 20
54.1433
 30
0.000000
  70
    32
  0
VERTEX
  8
0
  5
2205
 10
10.2292
 20
54.1487
 30
0.000000
  70
    32
  0
VERTEX
  8
0
  5
2206
 10
10.2593
 20
54.1543
 30
0.000000
  70
    32
  0
VERTEX
  8
0
  5
2207
 10
10.2893
 20
54.1599
 30
0.000000
  70
    32
  0
VERTEX
  8
0
  5
2208
 10
10.3194
 20
54.1656
 30
0.000000
  70
    32
  0
VERTEX
  8
0
  5
2209
 10
10.3494
 20
54.1714
 30
0.000000
  70
    32
  0
VERTEX
  8
0
  5
220A
 10
10.3795
 20
54.1773
 30
0.000000
  70
    32
  0
VERTEX
  8
0
  5
220B
 10
10.4095
 20
54.1833
 30
0.000000
  70
    32
  0
VERTEX
  8
0
  5
220C
 10
10.4396
 20
54.1894
 30
0.000000
  70
    32
  0
VERTEX
  8
0
  5
220D
 10
10.4696
 20
54.1955
 30
0.000000
  70
    32
  0
VERTEX
  8
0
  5
220E
 10
10.4997
 20
54.2017
 30
0.000000
  70
    32
  0
VERTEX
  8
0
  5
220F
 10
10.5297
 20
54.2080
 30
0.000000
  70
    32
  0
VERTEX
  8
0
  5
2210
 10
10.5597
 20
54.2143
 30
0.000000
  70
    32
  0
VERTEX
  8
0
  5
2211
 10
10.5898
 20
54.2207
 30
0.000000
  70
    32
  0
VERTEX
  8
0
  5
2212
 10
10.6198
 20
54.2272
 30
0.000000
  70
    32
  0
VERTEX
  8
0
  5
2213
 10
10.6499
 20
54.2337
 30
0.000000
  70
    32
  0
VERTEX
  8
0
  5
2214
 10
10.6799
 20
54.2402
 30
0.000000
  70
    32
  0
VERTEX
  8
0
  5
2215
 10
10.7100
 20
54.2468
 30
0.000000
  70
    32
  0
VERTEX
  8
0
  5
2216
 10
10.7400
 20
54.2534
 30
0.000000
  70
    32
  0
VERTEX
  8
0
  5
2217
 10
10.7701
 20
54.2600
 30
0.000000
  70
    32
  0
VERTEX
  8
0
  5
2218
 10
10.8001
 20
54.2667
 30
0.000000
  70
    32
  0
VERTEX
  8
0
  5
2219
 10
10.8301
 20
54.2733
 30
0.000000
  70
    32
  0
VERTEX
  8
0
  5
221A
 10
10.8602
 20
54.2800
 30
0.000000
  70
    32
  0
VERTEX
  8
0
  5
221B
 10
10.8902
 20
54.2868
 30
0.000000
  70
    32
  0
VERTEX
  8
0
  5
221C
 10
10.9203
 20
54.2935
 30
0.000000
  70
    32
  0
VERTEX
  8
0
  5
221D
 10
10.9503
 20
54.3002
 30
0.000000
  70
    32
  0
SEQEND
  8
0
  5
221E
  0
ARC
  5
18D3
  8
0
  6
CONTINUOUS
 62
     7
 10
172.92436877241721
 20
20.500400000000411
 30
0.0
 40
0.4999999999997461
 50
172.11251085784539
 51
270.0
  0
ARC
  5
18D4
  8
0
  6
CONTINUOUS
 62
     7
 10
185.27627895349511
 20
20.500400000000411
 30
0.0
 40
0.5
 50
270.0
 51
7.8874891421558351
  0
ARC
  5
18D5
  8
0
  6
CONTINUOUS
 62
     7
 10
-1.7996761371662151
 20
30.900399999999149
 30
0.0
 40
0.1000000000003709
 50
90.0
 51
180.0
  0
ARC
  5
18D6
  8
0
  6
CONTINUOUS
 62
     7
 10
0.2003238628237796
 20
30.500399999999519
 30
0.0
 40
0.5
 50
0.0
 51
90.0
  0
ARC
  5
18DE
  8
0
  6
CONTINUOUS
 62
     7
 10
1.8260676139977929
 20
101.2504000000004
 30
0.0
 40
0.75
 50
90.0
 51
169.69515353129151
  0
ARC
  5
18DF
  8
0
  6
CONTINUOUS
 62
     7
 10
1.9501353489392841
 20
101.2504000000004
 30
0.0
 40
0.75
 50
0.0
 51
90.0
  0
LINE
  5
1BAA
  8
0
  6
DASH_CENTER
 62
     1
 10
110.31335792971559
 20
71.889215855864109
 30
0.0
 11
158.01335792971091
 21
71.889215855864109
 31
0.0
  0
LINE
  5
1BAB
  8
0
  6
DASH_CENTER
 62
     1
 10
125.51335792971101
 20
89.889215855864094
 30
0.0
 11
155.51335792971099
 21
89.889215855864094
 31
0.0
  0
LINE
  5
1BAC
  8
0
  6
CONTINUOUS
 62
     7
 10
135.0133579289961
 20
87.889215855864109
 30
0.0
 11
153.01335792971091
 21
87.889215855864109
 31
0.0
  0
LINE
  5
1BAD
  8
0
  6
CONTINUOUS
 62
     7
 10
135.0133579289961
 20
91.889215855864109
 30
0.0
 11
153.01335792971091
 21
91.889215855864109
 31
0.0
  0
LINE
  5
1BAE
  8
0
  6
CONTINUOUS
 62
     7
 10
153.01335792971091
 20
87.889215855864109
 30
0.0
 11
153.01335792971091
 21
91.889215855864109
 31
0.0
  0
LINE
  5
1BAF
  8
0
  6
CONTINUOUS
 62
     7
 10
119.51335793123791
 20
101.88921585586409
 30
0.0
 11
123.01335792971101
 21
101.88921585586409
 31
0.0
  0
LINE
  5
1BB0
  8
0
  6
CONTINUOUS
 62
     7
 10
119.51335792962
 20
41.889215855874077
 30
0.0
 11
123.01335792971101
 21
41.88921585586408
 31
0.0
  0
LINE
  5
1BB1
  8
0
  6
CONTINUOUS
 62
     7
 10
123.01335792971101
 20
101.88921585586409
 30
0.0
 11
123.01335792971101
 21
41.88921585586408
 31
0.0
  0
LINE
  5
1BB2
  8
0
  6
CONTINUOUS
 62
     7
 10
123.3133579297111
 20
96.889215855864109
 30
0.0
 11
125.51335792971101
 21
96.889215855864109
 31
0.0
  0
LINE
  5
1BB3
  8
0
  6
CONTINUOUS
 62
     7
 10
125.51335792971101
 20
96.889215855864109
 30
0.0
 11
126.01335792971091
 21
96.389215855864109
 31
0.0
  0
LINE
  5
1BB4
  8
0
  6
CONTINUOUS
 62
     7
 10
126.01335792971091
 20
96.389215855864109
 30
0.0
 11
126.01335792971091
 21
47.389215855864101
 31
0.0
  0
LINE
  5
1BB5
  8
0
  6
CONTINUOUS
 62
     7
 10
125.51335792971101
 20
46.889215855864109
 30
0.0
 11
123.3133579297111
 21
46.889215855864109
 31
0.0
  0
LINE
  5
1BB6
  8
0
  6
CONTINUOUS
 62
     7
 10
126.01335792971091
 20
47.389215855864101
 30
0.0
 11
125.51335792971101
 21
46.889215855864109
 31
0.0
  0
LINE
  5
1BB7
  8
0
  6
DASH_CENTER
 62
     1
 10
213.01335792971099
 20
83.889215855864109
 30
0.0
 11
213.01335792971099
 21
59.889215855864101
 31
0.0
  0
LINE
  5
1BB8
  8
0
  6
CONTINUOUS
 62
     7
 10
211.01335792971099
 20
78.889215855864137
 30
0.0
 11
211.01335792971099
 21
74.889215855864137
 31
0.0
  0
LINE
  5
1BB9
  8
0
  6
CONTINUOUS
 62
     7
 10
215.01335792971111
 20
78.889215855864137
 30
0.0
 11
215.01335792971111
 21
74.889215855864137
 31
0.0
  0
LINE
  5
1BBA
  8
0
  6
DASH_CENTER
 62
     1
 10
201.01335792971099
 20
71.889215855864109
 30
0.0
 11
225.01335792971099
 21
71.889215855864109
 31
0.0
  0
CIRCLE
  5
1BBB
  8
0
  6
CONTINUOUS
 62
     2
 10
213.01335792971099
 20
71.889215855864109
 30
0.0
 40
2.0
  0
CIRCLE
  5
1BBC
  8
0
  6
CONTINUOUS
 62
     7
 10
213.01335792971099
 20
71.889215855864109
 30
0.0
 40
1.6000000000000001
  0
POLYLINE
  8
0
  5
221F
  62
2
  66
     1
 10
0.000000
 20
0.000000
 30
0.000000
  70
     8
  0
VERTEX
  8
0
  5
2220
 10
119.513
 20
41.8892
 30
0.000000
  70
    32
  0
VERTEX
  8
0
  5
2221
 10
119.486
 20
42.1583
 30
0.000000
  70
    32
  0
VERTEX
  8
0
  5
2222
 10
119.460
 20
42.4273
 30
0.000000
  70
    32
  0
VERTEX
  8
0
  5
2223
 10
119.433
 20
42.6964
 30
0.000000
  70
    32
  0
VERTEX
  8
0
  5
2224
 10
119.406
 20
42.9654
 30
0.000000
  70
    32
  0
VERTEX
  8
0
  5
2225
 10
119.379
 20
43.2345
 30
0.000000
  70
    32
  0
VERTEX
  8
0
  5
2226
 10
119.353
 20
43.5036
 30
0.000000
  70
    32
  0
VERTEX
  8
0
  5
2227
 10
119.326
 20
43.7726
 30
0.000000
  70
    32
  0
VERTEX
  8
0
  5
2228
 10
119.300
 20
44.0417
 30
0.000000
  70
    32
  0
VERTEX
  8
0
  5
2229
 10
119.273
 20
44.3107
 30
0.000000
  70
    32
  0
VERTEX
  8
0
  5
222A
 10
119.247
 20
44.5798
 30
0.000000
  70
    32
  0
VERTEX
  8
0
  5
222B
 10
119.221
 20
44.8489
 30
0.000000
  70
    32
  0
VERTEX
  8
0
  5
222C
 10
119.195
 20
45.1179
 30
0.000000
  70
    32
  0
VERTEX
  8
0
  5
222D
 10
119.170
 20
45.3870
 30
0.000000
  70
    32
  0
VERTEX
  8
0
  5
222E
 10
119.145
 20
45.6560
 30
0.000000
  70
    32
  0
VERTEX
  8
0
  5
222F
 10
119.120
 20
45.9251
 30
0.000000
  70
    32
  0
VERTEX
  8
0
  5
2230
 10
119.095
 20
46.1941
 30
0.000000
  70
    32
  0
VERTEX
  8
0
  5
2231
 10
119.070
 20
46.4632
 30
0.000000
  70
    32
  0
VERTEX
  8
0
  5
2232
 10
119.046
 20
46.7323
 30
0.000000
  70
    32
  0
VERTEX
  8
0
  5
2233
 10
119.022
 20
47.0013
 30
0.000000
  70
    32
  0
VERTEX
  8
0
  5
2234
 10
118.998
 20
47.2704
 30
0.000000
  70
    32
  0
VERTEX
  8
0
  5
2235
 10
118.975
 20
47.5394
 30
0.000000
  70
    32
  0
VERTEX
  8
0
  5
2236
 10
118.952
 20
47.8085
 30
0.000000
  70
    32
  0
VERTEX
  8
0
  5
2237
 10
118.930
 20
48.0776
 30
0.000000
  70
    32
  0
VERTEX
  8
0
  5
2238
 10
118.908
 20
48.3466
 30
0.000000
  70
    32
  0
VERTEX
  8
0
  5
2239
 10
118.886
 20
48.6157
 30
0.000000
  70
    32
  0
VERTEX
  8
0
  5
223A
 10
118.865
 20
48.8847
 30
0.000000
  70
    32
  0
VERTEX
  8
0
  5
223B
 10
118.844
 20
49.1538
 30
0.000000
  70
    32
  0
VERTEX
  8
0
  5
223C
 10
118.823
 20
49.4228
 30
0.000000
  70
    32
  0
VERTEX
  8
0
  5
223D
 10
118.803
 20
49.6919
 30
0.000000
  70
    32
  0
VERTEX
  8
0
  5
223E
 10
118.784
 20
49.9610
 30
0.000000
  70
    32
  0
VERTEX
  8
0
  5
223F
 10
118.765
 20
50.2300
 30
0.000000
  70
    32
  0
VERTEX
  8
0
  5
2240
 10
118.747
 20
50.4991
 30
0.000000
  70
    32
  0
VERTEX
  8
0
  5
2241
 10
118.729
 20
50.7681
 30
0.000000
  70
    32
  0
VERTEX
  8
0
  5
2242
 10
118.712
 20
51.0372
 30
0.000000
  70
    32
  0
VERTEX
  8
0
  5
2243
 10
118.695
 20
51.3063
 30
0.000000
  70
    32
  0
VERTEX
  8
0
  5
2244
 10
118.679
 20
51.5753
 30
0.000000
  70
    32
  0
VERTEX
  8
0
  5
2245
 10
118.664
 20
51.8444
 30
0.000000
  70
    32
  0
VERTEX
  8
0
  5
2246
 10
118.649
 20
52.1134
 30
0.000000
  70
    32
  0
VERTEX
  8
0
  5
2247
 10
118.635
 20
52.3825
 30
0.000000
  70
    32
  0
VERTEX
  8
0
  5
2248
 10
118.622
 20
52.6515
 30
0.000000
  70
    32
  0
VERTEX
  8
0
  5
2249
 10
118.609
 20
52.9206
 30
0.000000
  70
    32
  0
VERTEX
  8
0
  5
224A
 10
118.597
 20
53.1897
 30
0.000000
  70
    32
  0
VERTEX
  8
0
  5
224B
 10
118.586
 20
53.4587
 30
0.000000
  70
    32
  0
VERTEX
  8
0
  5
224C
 10
118.575
 20
53.7278
 30
0.000000
  70
    32
  0
VERTEX
  8
0
  5
224D
 10
118.566
 20
53.9968
 30
0.000000
  70
    32
  0
VERTEX
  8
0
  5
224E
 10
118.557
 20
54.2659
 30
0.000000
  70
    32
  0
VERTEX
  8
0
  5
224F
 10
118.548
 20
54.5350
 30
0.000000
  70
    32
  0
VERTEX
  8
0
  5
2250
 10
118.541
 20
54.8040
 30
0.000000
  70
    32
  0
VERTEX
  8
0
  5
2251
 10
118.534
 20
55.0731
 30
0.000000
  70
    32
  0
VERTEX
  8
0
  5
2252
 10
118.529
 20
55.3421
 30
0.000000
  70
    32
  0
VERTEX
  8
0
  5
2253
 10
118.524
 20
55.6112
 30
0.000000
  70
    32
  0
VERTEX
  8
0
  5
2254
 10
118.520
 20
55.8802
 30
0.000000
  70
    32
  0
VERTEX
  8
0
  5
2255
 10
118.517
 20
56.1493
 30
0.000000
  70
    32
  0
VERTEX
  8
0
  5
2256
 10
118.515
 20
56.4184
 30
0.000000
  70
    32
  0
VERTEX
  8
0
  5
2257
 10
118.514
 20
56.6874
 30
0.000000
  70
    32
  0
VERTEX
  8
0
  5
2258
 10
118.513
 20
56.9565
 30
0.000000
  70
    32
  0
VERTEX
  8
0
  5
2259
 10
118.514
 20
57.2255
 30
0.000000
  70
    32
  0
VERTEX
  8
0
  5
225A
 10
118.516
 20
57.4946
 30
0.000000
  70
    32
  0
VERTEX
  8
0
  5
225B
 10
118.518
 20
57.7637
 30
0.000000
  70
    32
  0
VERTEX
  8
0
  5
225C
 10
118.522
 20
58.0327
 30
0.000000
  70
    32
  0
VERTEX
  8
0
  5
225D
 10
118.526
 20
58.3018
 30
0.000000
  70
    32
  0
VERTEX
  8
0
  5
225E
 10
118.532
 20
58.5708
 30
0.000000
  70
    32
  0
VERTEX
  8
0
  5
225F
 10
118.538
 20
58.8399
 30
0.000000
  70
    32
  0
VERTEX
  8
0
  5
2260
 10
118.545
 20
59.1089
 30
0.000000
  70
    32
  0
VERTEX
  8
0
  5
2261
 10
118.552
 20
59.3780
 30
0.000000
  70
    32
  0
VERTEX
  8
0
  5
2262
 10
118.561
 20
59.6471
 30
0.000000
  70
    32
  0
VERTEX
  8
0
  5
2263
 10
118.570
 20
59.9161
 30
0.000000
  70
    32
  0
VERTEX
  8
0
  5
2264
 10
118.580
 20
60.1852
 30
0.000000
  70
    32
  0
VERTEX
  8
0
  5
2265
 10
118.591
 20
60.4542
 30
0.000000
  70
    32
  0
VERTEX
  8
0
  5
2266
 10
118.603
 20
60.7233
 30
0.000000
  70
    32
  0
VERTEX
  8
0
  5
2267
 10
118.615
 20
60.9924
 30
0.000000
  70
    32
  0
VERTEX
  8
0
  5
2268
 10
118.628
 20
61.2614
 30
0.000000
  70
    32
  0
VERTEX
  8
0
  5
2269
 10
118.642
 20
61.5305
 30
0.000000
  70
    32
  0
VERTEX
  8
0
  5
226A
 10
118.657
 20
61.7995
 30
0.000000
  70
    32
  0
VERTEX
  8
0
  5
226B
 10
118.672
 20
62.0686
 30
0.000000
  70
    32
  0
VERTEX
  8
0
  5
226C
 10
118.687
 20
62.3376
 30
0.000000
  70
    32
  0
VERTEX
  8
0
  5
226D
 10
118.704
 20
62.6067
 30
0.000000
  70
    32
  0
VERTEX
  8
0
  5
226E
 10
118.720
 20
62.8758
 30
0.000000
  70
    32
  0
VERTEX
  8
0
  5
226F
 10
118.738
 20
63.1448
 30
0.000000
  70
    32
  0
VERTEX
  8
0
  5
2270
 10
118.756
 20
63.4139
 30
0.000000
  70
    32
  0
VERTEX
  8
0
  5
2271
 10
118.775
 20
63.6829
 30
0.000000
  70
    32
  0
VERTEX
  8
0
  5
2272
 10
118.794
 20
63.9520
 30
0.000000
  70
    32
  0
VERTEX
  8
0
  5
2273
 10
118.813
 20
64.2211
 30
0.000000
  70
    32
  0
VERTEX
  8
0
  5
2274
 10
118.833
 20
64.4901
 30
0.000000
  70
    32
  0
VERTEX
  8
0
  5
2275
 10
118.854
 20
64.7592
 30
0.000000
  70
    32
  0
VERTEX
  8
0
  5
2276
 10
118.875
 20
65.0282
 30
0.000000
  70
    32
  0
VERTEX
  8
0
  5
2277
 10
118.897
 20
65.2973
 30
0.000000
  70
    32
  0
VERTEX
  8
0
  5
2278
 10
118.919
 20
65.5663
 30
0.000000
  70
    32
  0
VERTEX
  8
0
  5
2279
 10
118.941
 20
65.8354
 30
0.000000
  70
    32
  0
VERTEX
  8
0
  5
227A
 10
118.964
 20
66.1045
 30
0.000000
  70
    32
  0
VERTEX
  8
0
  5
227B
 10
118.987
 20
66.3735
 30
0.000000
  70
    32
  0
VERTEX
  8
0
  5
227C
 10
119.010
 20
66.6426
 30
0.000000
  70
    32
  0
VERTEX
  8
0
  5
227D
 10
119.034
 20
66.9116
 30
0.000000
  70
    32
  0
VERTEX
  8
0
  5
227E
 10
119.058
 20
67.1807
 30
0.000000
  70
    32
  0
VERTEX
  8
0
  5
227F
 10
119.082
 20
67.4498
 30
0.000000
  70
    32
  0
VERTEX
  8
0
  5
2280
 10
119.107
 20
67.7188
 30
0.000000
  70
    32
  0
VERTEX
  8
0
  5
2281
 10
119.132
 20
67.9879
 30
0.000000
  70
    32
  0
VERTEX
  8
0
  5
2282
 10
119.157
 20
68.2569
 30
0.000000
  70
    32
  0
VERTEX
  8
0
  5
2283
 10
119.183
 20
68.5260
 30
0.000000
  70
    32
  0
VERTEX
  8
0
  5
2284
 10
119.208
 20
68.7950
 30
0.000000
  70
    32
  0
VERTEX
  8
0
  5
2285
 10
119.234
 20
69.0641
 30
0.000000
  70
    32
  0
VERTEX
  8
0
  5
2286
 10
119.260
 20
69.3332
 30
0.000000
  70
    32
  0
VERTEX
  8
0
  5
2287
 10
119.286
 20
69.6022
 30
0.000000
  70
    32
  0
VERTEX
  8
0
  5
2288
 10
119.313
 20
69.8713
 30
0.000000
  70
    32
  0
VERTEX
  8
0
  5
2289
 10
119.339
 20
70.1403
 30
0.000000
  70
    32
  0
VERTEX
  8
0
  5
228A
 10
119.366
 20
70.4094
 30
0.000000
  70
    32
  0
VERTEX
  8
0
  5
228B
 10
119.393
 20
70.6785
 30
0.000000
  70
    32
  0
VERTEX
  8
0
  5
228C
 10
119.419
 20
70.9475
 30
0.000000
  70
    32
  0
VERTEX
  8
0
  5
228D
 10
119.446
 20
71.2166
 30
0.000000
  70
    32
  0
VERTEX
  8
0
  5
228E
 10
119.473
 20
71.4856
 30
0.000000
  70
    32
  0
VERTEX
  8
0
  5
228F
 10
119.500
 20
71.7547
 30
0.000000
  70
    32
  0
VERTEX
  8
0
  5
2290
 10
119.527
 20
72.0237
 30
0.000000
  70
    32
  0
VERTEX
  8
0
  5
2291
 10
119.554
 20
72.2928
 30
0.000000
  70
    32
  0
VERTEX
  8
0
  5
2292
 10
119.581
 20
72.5619
 30
0.000000
  70
    32
  0
VERTEX
  8
0
  5
2293
 10
119.607
 20
72.8309
 30
0.000000
  70
    32
  0
VERTEX
  8
0
  5
2294
 10
119.634
 20
73.1000
 30
0.000000
  70
    32
  0
VERTEX
  8
0
  5
2295
 10
119.661
 20
73.3690
 30
0.000000
  70
    32
  0
VERTEX
  8
0
  5
2296
 10
119.687
 20
73.6381
 30
0.000000
  70
    32
  0
VERTEX
  8
0
  5
2297
 10
119.714
 20
73.9072
 30
0.000000
  70
    32
  0
VERTEX
  8
0
  5
2298
 10
119.740
 20
74.1762
 30
0.000000
  70
    32
  0
VERTEX
  8
0
  5
2299
 10
119.766
 20
74.4453
 30
0.000000
  70
    32
  0
VERTEX
  8
0
  5
229A
 10
119.793
 20
74.7143
 30
0.000000
  70
    32
  0
VERTEX
  8
0
  5
229B
 10
119.818
 20
74.9834
 30
0.000000
  70
    32
  0
VERTEX
  8
0
  5
229C
 10
119.844
 20
75.2524
 30
0.000000
  70
    32
  0
VERTEX
  8
0
  5
229D
 10
119.869
 20
75.5215
 30
0.000000
  70
    32
  0
VERTEX
  8
0
  5
229E
 10
119.895
 20
75.7906
 30
0.000000
  70
    32
  0
VERTEX
  8
0
  5
229F
 10
119.920
 20
76.0596
 30
0.000000
  70
    32
  0
VERTEX
  8
0
  5
22A0
 10
119.944
 20
76.3287
 30
0.000000
  70
    32
  0
VERTEX
  8
0
  5
22A1
 10
119.969
 20
76.5977
 30
0.000000
  70
    32
  0
VERTEX
  8
0
  5
22A2
 10
119.993
 20
76.8668
 30
0.000000
  70
    32
  0
VERTEX
  8
0
  5
22A3
 10
120.017
 20
77.1359
 30
0.000000
  70
    32
  0
VERTEX
  8
0
  5
22A4
 10
120.040
 20
77.4049
 30
0.000000
  70
    32
  0
VERTEX
  8
0
  5
22A5
 10
120.063
 20
77.6740
 30
0.000000
  70
    32
  0
VERTEX
  8
0
  5
22A6
 10
120.086
 20
77.9430
 30
0.000000
  70
    32
  0
VERTEX
  8
0
  5
22A7
 10
120.108
 20
78.2121
 30
0.000000
  70
    32
  0
VERTEX
  8
0
  5
22A8
 10
120.130
 20
78.4811
 30
0.000000
  70
    32
  0
VERTEX
  8
0
  5
22A9
 10
120.152
 20
78.7502
 30
0.000000
  70
    32
  0
VERTEX
  8
0
  5
22AA
 10
120.173
 20
79.0193
 30
0.000000
  70
    32
  0
VERTEX
  8
0
  5
22AB
 10
120.193
 20
79.2883
 30
0.000000
  70
    32
  0
VERTEX
  8
0
  5
22AC
 10
120.213
 20
79.5574
 30
0.000000
  70
    32
  0
VERTEX
  8
0
  5
22AD
 10
120.233
 20
79.8264
 30
0.000000
  70
    32
  0
VERTEX
  8
0
  5
22AE
 10
120.252
 20
80.0955
 30
0.000000
  70
    32
  0
VERTEX
  8
0
  5
22AF
 10
120.271
 20
80.3646
 30
0.000000
  70
    32
  0
VERTEX
  8
0
  5
22B0
 10
120.289
 20
80.6336
 30
0.000000
  70
    32
  0
VERTEX
  8
0
  5
22B1
 10
120.306
 20
80.9027
 30
0.000000
  70
    32
  0
VERTEX
  8
0
  5
22B2
 10
120.323
 20
81.1717
 30
0.000000
  70
    32
  0
VERTEX
  8
0
  5
22B3
 10
120.339
 20
81.4408
 30
0.000000
  70
    32
  0
VERTEX
  8
0
  5
22B4
 10
120.355
 20
81.7098
 30
0.000000
  70
    32
  0
VERTEX
  8
0
  5
22B5
 10
120.370
 20
81.9789
 30
0.000000
  70
    32
  0
VERTEX
  8
0
  5
22B6
 10
120.385
 20
82.2480
 30
0.000000
  70
    32
  0
VERTEX
  8
0
  5
22B7
 10
120.398
 20
82.5170
 30
0.000000
  70
    32
  0
VERTEX
  8
0
  5
22B8
 10
120.411
 20
82.7861
 30
0.000000
  70
    32
  0
VERTEX
  8
0
  5
22B9
 10
120.424
 20
83.0551
 30
0.000000
  70
    32
  0
VERTEX
  8
0
  5
22BA
 10
120.435
 20
83.3242
 30
0.000000
  70
    32
  0
VERTEX
  8
0
  5
22BB
 10
120.446
 20
83.5933
 30
0.000000
  70
    32
  0
VERTEX
  8
0
  5
22BC
 10
120.456
 20
83.8623
 30
0.000000
  70
    32
  0
VERTEX
  8
0
  5
22BD
 10
120.466
 20
84.1314
 30
0.000000
  70
    32
  0
VERTEX
  8
0
  5
22BE
 10
120.474
 20
84.4004
 30
0.000000
  70
    32
  0
VERTEX
  8
0
  5
22BF
 10
120.482
 20
84.6695
 30
0.000000
  70
    32
  0
VERTEX
  8
0
  5
22C0
 10
120.489
 20
84.9385
 30
0.000000
  70
    32
  0
VERTEX
  8
0
  5
22C1
 10
120.495
 20
85.2076
 30
0.000000
  70
    32
  0
VERTEX
  8
0
  5
22C2
 10
120.500
 20
85.4767
 30
0.000000
  70
    32
  0
VERTEX
  8
0
  5
22C3
 10
120.505
 20
85.7457
 30
0.000000
  70
    32
  0
VERTEX
  8
0
  5
22C4
 10
120.508
 20
86.0148
 30
0.000000
  70
    32
  0
VERTEX
  8
0
  5
22C5
 10
120.511
 20
86.2838
 30
0.000000
  70
    32
  0
VERTEX
  8
0
  5
22C6
 10
120.513
 20
86.5529
 30
0.000000
  70
    32
  0
VERTEX
  8
0
  5
22C7
 10
120.513
 20
86.8220
 30
0.000000
  70
    32
  0
VERTEX
  8
0
  5
22C8
 10
120.513
 20
87.0910
 30
0.000000
  70
    32
  0
VERTEX
  8
0
  5
22C9
 10
120.512
 20
87.3601
 30
0.000000
  70
    32
  0
VERTEX
  8
0
  5
22CA
 10
120.510
 20
87.6291
 30
0.000000
  70
    32
  0
VERTEX
  8
0
  5
22CB
 10
120.507
 20
87.8982
 30
0.000000
  70
    32
  0
VERTEX
  8
0
  5
22CC
 10
120.503
 20
88.1672
 30
0.000000
  70
    32
  0
VERTEX
  8
0
  5
22CD
 10
120.498
 20
88.4363
 30
0.000000
  70
    32
  0
VERTEX
  8
0
  5
22CE
 10
120.492
 20
88.7054
 30
0.000000
  70
    32
  0
VERTEX
  8
0
  5
22CF
 10
120.486
 20
88.9744
 30
0.000000
  70
    32
  0
VERTEX
  8
0
  5
22D0
 10
120.478
 20
89.2435
 30
0.000000
  70
    32
  0
VERTEX
  8
0
  5
22D1
 10
120.470
 20
89.5125
 30
0.000000
  70
    32
  0
VERTEX
  8
0
  5
22D2
 10
120.461
 20
89.7816
 30
0.000000
  70
    32
  0
VERTEX
  8
0
  5
22D3
 10
120.451
 20
90.0507
 30
0.000000
  70
    32
  0
VERTEX
  8
0
  5
22D4
 10
120.441
 20
90.3197
 30
0.000000
  70
    32
  0
VERTEX
  8
0
  5
22D5
 10
120.430
 20
90.5888
 30
0.000000
  70
    32
  0
VERTEX
  8
0
  5
22D6
 10
120.418
 20
90.8578
 30
0.000000
  70
    32
  0
VERTEX
  8
0
  5
22D7
 10
120.405
 20
91.1269
 30
0.000000
  70
    32
  0
VERTEX
  8
0
  5
22D8
 10
120.392
 20
91.3959
 30
0.000000
  70
    32
  0
VERTEX
  8
0
  5
22D9
 10
120.377
 20
91.6650
 30
0.000000
  70
    32
  0
VERTEX
  8
0
  5
22DA
 10
120.363
 20
91.9341
 30
0.000000
  70
    32
  0
VERTEX
  8
0
  5
22DB
 10
120.347
 20
92.2031
 30
0.000000
  70
    32
  0
VERTEX
  8
0
  5
22DC
 10
120.331
 20
92.4722
 30
0.000000
  70
    32
  0
VERTEX
  8
0
  5
22DD
 10
120.315
 20
92.7412
 30
0.000000
  70
    32
  0
VERTEX
  8
0
  5
22DE
 10
120.298
 20
93.0103
 30
0.000000
  70
    32
  0
VERTEX
  8
0
  5
22DF
 10
120.280
 20
93.2794
 30
0.000000
  70
    32
  0
VERTEX
  8
0
  5
22E0
 10
120.261
 20
93.5484
 30
0.000000
  70
    32
  0
VERTEX
  8
0
  5
22E1
 10
120.243
 20
93.8175
 30
0.000000
  70
    32
  0
VERTEX
  8
0
  5
22E2
 10
120.223
 20
94.0865
 30
0.000000
  70
    32
  0
VERTEX
  8
0
  5
22E3
 10
120.203
 20
94.3556
 30
0.000000
  70
    32
  0
VERTEX
  8
0
  5
22E4
 10
120.183
 20
94.6246
 30
0.000000
  70
    32
  0
VERTEX
  8
0
  5
22E5
 10
120.162
 20
94.8937
 30
0.000000
  70
    32
  0
VERTEX
  8
0
  5
22E6
 10
120.141
 20
95.1628
 30
0.000000
  70
    32
  0
VERTEX
  8
0
  5
22E7
 10
120.119
 20
95.4318
 30
0.000000
  70
    32
  0
VERTEX
  8
0
  5
22E8
 10
120.097
 20
95.7009
 30
0.000000
  70
    32
  0
VERTEX
  8
0
  5
22E9
 10
120.075
 20
95.9699
 30
0.000000
  70
    32
  0
VERTEX
  8
0
  5
22EA
 10
120.052
 20
96.2390
 30
0.000000
  70
    32
  0
VERTEX
  8
0
  5
22EB
 10
120.028
 20
96.5080
 30
0.000000
  70
    32
  0
VERTEX
  8
0
  5
22EC
 10
120.005
 20
96.7771
 30
0.000000
  70
    32
  0
VERTEX
  8
0
  5
22ED
 10
119.981
 20
97.0462
 30
0.000000
  70
    32
  0
VERTEX
  8
0
  5
22EE
 10
119.957
 20
97.3152
 30
0.000000
  70
    32
  0
VERTEX
  8
0
  5
22EF
 10
119.932
 20
97.5843
 30
0.000000
  70
    32
  0
VERTEX
  8
0
  5
22F0
 10
119.907
 20
97.8533
 30
0.000000
  70
    32
  0
VERTEX
  8
0
  5
22F1
 10
119.882
 20
98.1224
 30
0.000000
  70
    32
  0
VERTEX
  8
0
  5
22F2
 10
119.857
 20
98.3915
 30
0.000000
  70
    32
  0
VERTEX
  8
0
  5
22F3
 10
119.831
 20
98.6605
 30
0.000000
  70
    32
  0
VERTEX
  8
0
  5
22F4
 10
119.805
 20
98.9296
 30
0.000000
  70
    32
  0
VERTEX
  8
0
  5
22F5
 10
119.780
 20
99.1986
 30
0.000000
  70
    32
  0
VERTEX
  8
0
  5
22F6
 10
119.753
 20
99.4677
 30
0.000000
  70
    32
  0
VERTEX
  8
0
  5
22F7
 10
119.727
 20
99.7367
 30
0.000000
  70
    32
  0
VERTEX
  8
0
  5
22F8
 10
119.701
 20
100.006
 30
0.000000
  70
    32
  0
VERTEX
  8
0
  5
22F9
 10
119.674
 20
100.275
 30
0.000000
  70
    32
  0
VERTEX
  8
0
  5
22FA
 10
119.648
 20
100.544
 30
0.000000
  70
    32
  0
VERTEX
  8
0
  5
22FB
 10
119.621
 20
100.813
 30
0.000000
  70
    32
  0
VERTEX
  8
0
  5
22FC
 10
119.594
 20
101.082
 30
0.000000
  70
    32
  0
VERTEX
  8
0
  5
22FD
 10
119.567
 20
101.351
 30
0.000000
  70
    32
  0
VERTEX
  8
0
  5
22FE
 10
119.540
 20
101.620
 30
0.000000
  70
    32
  0
VERTEX
  8
0
  5
22FF
 10
119.513
 20
101.889
 30
0.000000
  70
    32
  0
SEQEND
  8
0
  5
2300
  0
ARC
  5
1BBE
  8
0
  6
CONTINUOUS
 62
     7
 10
123.3133579297111
 20
97.189215855862415
 30
0.0
 40
0.3000000000001961
 50
180.0
 51
270.0
  0
ARC
  5
1BBF
  8
0
  6
CONTINUOUS
 62
     7
 10
123.3133579297111
 20
46.589215855863927
 30
0.0
 40
0.3000000000002103
 50
90.0
 51
180.0
  0
LINE
  5
1BC0
  8
0
  6
CONTINUOUS
 62
     7
 10
152.5133579289961
 20
66.389215855864109
 30
0.0
 11
126.01335792971091
 21
66.389215855864109
 31
0.0
  0
LINE
  5
1BC1
  8
0
  6
CONTINUOUS
 62
     7
 10
153.0133579289961
 20
66.889215855864109
 30
0.0
 11
152.5133579289961
 21
66.389215855864109
 31
0.0
  0
LINE
  5
1BC2
  8
0
  6
CONTINUOUS
 62
     7
 10
153.0133579289961
 20
78.889215855864137
 30
0.0
 11
153.0133579289961
 21
66.889215855864109
 31
0.0
  0
LINE
  5
1BC3
  8
0
  6
CONTINUOUS
 62
     7
 10
135.0133579289961
 20
78.889215855864137
 30
0.0
 11
135.0133579289961
 21
77.389215855864094
 31
0.0
  0
LINE
  5
1BC4
  8
0
  6
CONTINUOUS
 62
     7
 10
152.5133579289961
 20
77.389215855864094
 30
0.0
 11
153.0133579289961
 21
76.889215855864109
 31
0.0
  0
LINE
  5
1BC5
  8
0
  6
CONTINUOUS
 62
     7
 10
126.01335792971091
 20
77.389215855864094
 30
0.0
 11
152.5133579289961
 21
77.389215855864094
 31
0.0
  0
LINE
  5
1BC6
  8
0
  6
CONTINUOUS
 62
     7
 10
215.01335792971099
 20
74.889215855864137
 30
0.0
 11
211.01335792971099
 21
74.889215855864137
 31
0.0
  0
LINE
  5
1BC7
  8
0
  6
CONTINUOUS
 62
     7
 10
215.01335792971099
 20
78.889215855864137
 30
0.0
 11
211.01335792971099
 21
78.889215855864137
 31
0.0
  0
LINE
  5
1BC8
  8
0
  6
CONTINUOUS
 62
     7
 10
153.0133579289961
 20
78.889215855864137
 30
0.0
 11
135.0133579289961
 21
78.889215855864137
 31
0.0
  0
ARC
  5
1BC9
  8
0
 10
213.01335792971099
 20
71.889215855864109
 30
0.0
 40
5.4999999999999849
 50
111.3236862634969
 51
68.676313736501115
  0
LINE
  5
1BCA
  8
0
  6
CONTINUOUS
 62
     7
 10
135.0133579289961
 20
91.889215855864109
 30
0.0
 11
135.0133579289961
 21
87.889215855864109
 31
0.0
  0
ARC
  5
1BCB
  8
0
 10
135.0133579289961
 20
89.889215855864094
 30
0.0
 40
2.0
 50
90.0
 51
270.0
  0
ENDSEC
  0
EOF
