  0
SECTION
  2
HEADER
  9
$ACADVER
  1
AC1009
  9
$INSBASE
 10
0.0
 20
0.0
 30
0.0
  9
$EXTMIN
 10
-232.013654838804
 20
-175.0096700324533
 30
-0.0015258207003583
  9
$EXTMAX
 10
226.07850267841849
 20
118.7052347104633
 30
0.0000000349246037
  9
$LIMMIN
 10
0.0
 20
0.0
  9
$LIMMAX
 10
12.0
 20
9.0
  9
$ORTHOMODE
 70
     0
  9
$REGENMODE
 70
     1
  9
$FILLMODE
 70
     1
  9
$QTEXTMODE
 70
     0
  9
$MIRRTEXT
 70
     1
  9
$DRAGMODE
 70
     2
  9
$LTSCALE
 40
1.0
  9
$OSMODE
 70
    37
  9
$ATTMODE
 70
     1
  9
$TEXTSIZE
 40
0.2
  9
$TRACEWID
 40
0.05
  9
$TEXTSTYLE
  7
STANDARD
  9
$CLAYER
  8
0
  9
$CELTYPE
  6
BYLAYER
  9
$CECOLOR
 62
   256
  9
$DIMSCALE
 40
1.0
  9
$DIMASZ
 40
0.18
  9
$DIMEXO
 40
0.0625
  9
$DIMDLI
 40
0.38
  9
$DIMRND
 40
0.0
  9
$DIMDLE
 40
0.0
  9
$DIMEXE
 40
0.18
  9
$DIMTP
 40
0.0
  9
$DIMTM
 40
0.0
  9
$DIMTXT
 40
0.18
  9
$DIMCEN
 40
0.09
  9
$DIMTSZ
 40
0.0
  9
$DIMTOL
 70
     0
  9
$DIMLIM
 70
     0
  9
$DIMTIH
 70
     1
  9
$DIMTOH
 70
     1
  9
$DIMSE1
 70
     0
  9
$DIMSE2
 70
     0
  9
$DIMTAD
 70
     0
  9
$DIMZIN
 70
     0
  9
$DIMBLK
  1

  9
$DIMASO
 70
     1
  9
$DIMSHO
 70
     1
  9
$DIMPOST
  1

  9
$DIMAPOST
  1

  9
$DIMALT
 70
     0
  9
$DIMALTD
 70
     2
  9
$DIMALTF
 40
25.399999999999999
  9
$DIMLFAC
 40
1.0
  9
$DIMTOFL
 70
     0
  9
$DIMTVP
 40
0.0
  9
$DIMTIX
 70
     0
  9
$DIMSOXD
 70
     0
  9
$DIMSAH
 70
     0
  9
$DIMBLK1
  1

  9
$DIMBLK2
  1

  9
$DIMSTYLE
  2
STANDARD
  9
$DIMCLRD
 70
     0
  9
$DIMCLRE
 70
     0
  9
$DIMCLRT
 70
     0
  9
$DIMTFAC
 40
1.0
  9
$DIMGAP
 40
0.09
  9
$LUNITS
 70
     2
  9
$LUPREC
 70
     4
  9
$SKETCHINC
 40
0.1
  9
$FILLETRAD
 40
0.5
  9
$AUNITS
 70
     0
  9
$AUPREC
 70
     0
  9
$MENU
  1
.
  9
$ELEVATION
 40
0.0
  9
$PELEVATION
 40
0.0
  9
$THICKNESS
 40
0.0
  9
$LIMCHECK
 70
     0
  9
$BLIPMODE
 70
     0
  9
$CHAMFERA
 40
0.5
  9
$CHAMFERB
 40
0.5
  9
$SKPOLY
 70
     0
  9
$TDCREATE
 40
2457072.4396436461
  9
$TDUPDATE
 40
2457291.3731076042
  9
$TDINDWG
 40
0.0373888773
  9
$TDUSRTIMER
 40
0.037388831
  9
$USRTIMER
 70
     1
  9
$ANGBASE
 50
0.0
  9
$ANGDIR
 70
     0
  9
$PDMODE
 70
     0
  9
$PDSIZE
 40
0.0
  9
$PLINEWID
 40
0.0
  9
$COORDS
 70
     1
  9
$SPLFRAME
 70
     0
  9
$SPLINETYPE
 70
     6
  9
$SPLINESEGS
 70
     8
  9
$ATTDIA
 70
     1
  9
$ATTREQ
 70
     1
  9
$HANDLING
 70
     1
  9
$HANDSEED
  5
2774
  9
$SURFTAB1
 70
     6
  9
$SURFTAB2
 70
     6
  9
$SURFTYPE
 70
     6
  9
$SURFU
 70
     6
  9
$SURFV
 70
     6
  9
$UCSNAME
  2

  9
$UCSORG
 10
0.0
 20
0.0
 30
0.0
  9
$UCSXDIR
 10
1.0
 20
0.0
 30
0.0
  9
$UCSYDIR
 10
0.0
 20
1.0
 30
0.0
  9
$PUCSNAME
  2

  9
$PUCSORG
 10
0.0
 20
0.0
 30
0.0
  9
$PUCSXDIR
 10
1.0
 20
0.0
 30
0.0
  9
$PUCSYDIR
 10
0.0
 20
1.0
 30
0.0
  9
$USERI1
 70
     0
  9
$USERI2
 70
     0
  9
$USERI3
 70
     0
  9
$USERI4
 70
     0
  9
$USERI5
 70
     0
  9
$USERR1
 40
18.100000000000001
  9
$USERR2
 40
0.0
  9
$USERR3
 40
0.0
  9
$USERR4
 40
0.0
  9
$USERR5
 40
0.0
  9
$WORLDVIEW
 70
     1
  9
$SHADEDGE
 70
     3
  9
$SHADEDIF
 70
    70
  9
$TILEMODE
 70
     1
  9
$MAXACTVP
 70
    64
  9
$PLIMCHECK
 70
     0
  9
$PEXTMIN
 10
1.0000000000000000E+020
 20
1.0000000000000000E+020
 30
1.0000000000000000E+020
  9
$PEXTMAX
 10
-1.0000000000000000E+020
 20
-1.0000000000000000E+020
 30
-1.0000000000000000E+020
  9
$PLIMMIN
 10
0.0
 20
0.0
  9
$PLIMMAX
 10
12.0
 20
9.0
  9
$UNITMODE
 70
     0
  9
$VISRETAIN
 70
     1
  9
$PLINEGEN
 70
     0
  9
$PSLTSCALE
 70
     1
  0
ENDSEC
  0
SECTION
  2
TABLES
  0
TABLE
  2
VPORT
 70
     1
  0
VPORT
  2
*ACTIVE
 70
     0
 10
0.0
 20
0.0
 11
1.0
 21
1.0
 12
-2.9675760801927349
 22
-28.15221766099501
 13
0.0
 23
0.0
 14
0.5
 24
0.5
 15
0.5
 25
0.5
 16
0.0
 26
0.0
 36
1.0
 17
0.0
 27
0.0
 37
0.0
 40
295.7405247756264
 41
1.8803222094361329
 42
50.0
 43
0.0
 44
0.0
 50
0.0
 51
0.0
 71
     0
 72
   100
 73
     1
 74
     2
 75
     0
 76
     0
 77
     0
 78
     0
  0
ENDTAB
  0
TABLE
  2
LTYPE
 70
     2
  0
LTYPE
  2
CONTINUOUS
 70
     0
  3
Solid line
 72
    65
 73
     0
 40
0.0
  0
LTYPE
  2
DASH_CENTER
 70
     0
  3
Dash_Center
 72
    65
 73
     4
 40
14.0
 49
11.0
 49
-1.0
 49
1.0
 49
-1.0
  0
ENDTAB
  0
TABLE
  2
LAYER
 70
     1
  0
LAYER
  2
0
 70
     0
 62
     7
  6
CONTINUOUS
  0
ENDTAB
  0
TABLE
  2
STYLE
 70
     1
  0
STYLE
  2
STANDARD
 70
     0
 40
0.0
 41
1.0
 50
0.0
 71
     0
 42
0.2
  3
txt
  4

  0
ENDTAB
  0
TABLE
  2
VIEW
 70
     0
  0
ENDTAB
  0
TABLE
  2
UCS
 70
     0
  0
ENDTAB
  0
TABLE
  2
APPID
 70
     5
  0
APPID
  2
ACAD
 70
     0
  0
APPID
  2
ACAD_EXEMPT_FROM_CAD_STANDARDS
 70
     0
  0
APPID
  2
ACAD_DSTYLE_DIMRADIAL_EXTENSION
 70
     0
  0
APPID
  2
ACAD_MLEADERVER
 70
     0
  0
APPID
  2
ACAD_NAV_VCDISPLAY
 70
     0
  0
ENDTAB
  0
TABLE
  2
DIMSTYLE
 70
     1
  0
DIMSTYLE
  2
STANDARD
 70
     0
  3

  4

  5

  6

  7

 40
1.0
 41
0.18
 42
0.0625
 43
0.38
 44
0.18
 45
0.0
 46
0.0
 47
0.0
 48
0.0
140
0.18
141
0.09
142
0.0
143
25.399999999999999
144
1.0
145
0.0
146
1.0
147
0.09
 71
     0
 72
     0
 73
     1
 74
     1
 75
     0
 76
     0
 77
     0
 78
     0
170
     0
171
     2
172
     0
173
     0
174
     0
175
     0
176
     0
177
     0
178
     0
  0
ENDTAB
  0
ENDSEC
  0
SECTION
  2
BLOCKS
  0
BLOCK
  8
0
  2
$MODEL_SPACE
 70
     0
 10
0.0
 20
0.0
 30
0.0
  3
$MODEL_SPACE
  1

  0
ENDBLK
  5
21
  8
0
  0
BLOCK
 67
     1
  8
0
  2
$PAPER_SPACE
 70
     0
 10
0.0
 20
0.0
 30
0.0
  3
$PAPER_SPACE
  1

  0
ENDBLK
  5
1D
 67
     1
  8
0
  0
ENDSEC
  0
SECTION
  2
ENTITIES
  0
LINE
  5
8C3
  8
0
  6
CONTINUOUS
 62
     7
 10
-56.399176137038197
 20
-116.49959910375991
 30
0.0
 11
-56.899176137038197
 21
-116.49959910375991
 31
0.0
  0
LINE
  5
8C4
  8
0
  6
CONTINUOUS
 62
     7
 10
-56.899176137038197
 20
-110.49959910375991
 30
0.0
 11
-56.899176137038197
 21
-116.49959910375991
 31
0.0
  0
LINE
  5
8C5
  8
0
  6
CONTINUOUS
 62
     7
 10
-56.899176137038197
 20
-110.49959910375991
 30
0.0
 11
-56.399176137038197
 21
-110.49959910375991
 31
0.0
  0
LINE
  5
8C6
  8
0
  6
CONTINUOUS
 62
     7
 10
-57.59917613702801
 20
-110.549599103761
 30
0.0
 11
-56.899176137038197
 21
-110.549599103761
 31
0.0
  0
LINE
  5
8C7
  8
0
  6
CONTINUOUS
 62
     7
 10
-57.59917613702801
 20
-110.549599103761
 30
0.0
 11
-57.59917613702801
 21
-116.4495991037606
 31
0.0
  0
LINE
  5
8C8
  8
0
  6
CONTINUOUS
 62
     7
 10
-56.899176137038197
 20
-116.4495991037606
 30
0.0
 11
-57.59917613702801
 21
-116.4495991037606
 31
0.0
  0
LINE
  5
8C9
  8
0
  6
CONTINUOUS
 62
     7
 10
-58.44642501989911
 20
-116.1754744313216
 30
0.0
 11
-57.59917613702801
 21
-116.24959910375991
 31
0.0
  0
LINE
  5
8CA
  8
0
  6
CONTINUOUS
 62
     7
 10
-57.59917613702801
 20
-110.74959910375991
 30
0.0
 11
-58.44642501989911
 21
-110.8237237761973
 31
0.0
  0
LINE
  5
8CB
  8
0
  6
CONTINUOUS
 62
     7
 10
-54.399176137038197
 20
-104.4995999999996
 30
0.0
 11
-54.399176137038197
 21
-94.999599999999603
 31
0.0
  0
LINE
  5
8CC
  8
0
  6
CONTINUOUS
 62
     7
 10
-53.899176137038197
 20
-102.6495999999992
 30
0.0
 11
-53.899176137038197
 21
-96.349599999999967
 31
0.0
  0
LINE
  5
8CD
  8
0
  6
CONTINUOUS
 62
     7
 10
-53.549176137040561
 20
-95.999599999999603
 30
0.0
 11
-53.549176137040561
 21
-102.9995999999996
 31
0.0
  0
LINE
  5
8CE
  8
0
  6
CONTINUOUS
 62
     7
 10
-53.899176137038197
 20
-102.6495999999992
 30
0.0
 11
-53.549176137040561
 21
-102.9995999999996
 31
0.0
  0
LINE
  5
8CF
  8
0
  6
CONTINUOUS
 62
     7
 10
-53.549176137040561
 20
-95.999599999999603
 30
0.0
 11
-53.899176137038197
 21
-96.349599999999967
 31
0.0
  0
LINE
  5
8D0
  8
0
  6
DASH_CENTER
 62
     1
 10
-69.199176137049292
 20
-170.4996000000086
 30
0.0
 11
-64.49917613703856
 21
-170.4996000000086
 31
0.0
  0
LINE
  5
8D1
  8
0
  6
CONTINUOUS
 62
     7
 10
-66.781165941317525
 20
-172.68118475709659
 30
0.0
 11
-65.99917613703856
 21
-172.74959999996489
 31
0.0
  0
LINE
  5
8D2
  8
0
  6
CONTINUOUS
 62
     7
 10
-65.99917613703856
 20
-168.249599999965
 30
0.0
 11
-66.781165941317525
 21
-168.31801524283259
 31
0.0
  0
LINE
  5
8D3
  8
0
  6
DASH_CENTER
 62
     1
 10
-70.099176137048943
 20
-99.499599999999603
 30
0.0
 11
-64.49917613703856
 21
-99.499599999999603
 31
0.0
  0
LINE
  5
8D4
  8
0
  6
CONTINUOUS
 62
     7
 10
-66.899176137059101
 20
-97.249599999955919
 30
0.0
 11
-67.68116594131898
 21
-97.318015242822568
 31
0.0
  0
LINE
  5
8D5
  8
0
  6
CONTINUOUS
 62
     7
 10
-67.68116594131898
 20
-101.6811847570884
 30
0.0
 11
-66.899176137059101
 21
-101.7495999999559
 31
0.0
  0
LINE
  5
8D6
  8
0
  6
CONTINUOUS
 62
     7
 10
-66.299176137049642
 20
-102.0995999999563
 30
0.0
 11
-66.899176137059101
 21
-102.0995999999563
 31
0.0
  0
LINE
  5
8D7
  8
0
  6
CONTINUOUS
 62
     7
 10
-66.899176137059101
 20
-102.0995999999563
 30
0.0
 11
-66.899176137059101
 21
-96.899599999957417
 31
0.0
  0
LINE
  5
8D8
  8
0
  6
CONTINUOUS
 62
     7
 10
-66.899176137059101
 20
-96.899599999957417
 30
0.0
 11
-66.299176137049642
 21
-96.899599999957417
 31
0.0
  0
LINE
  5
8D9
  8
0
  6
CONTINUOUS
 62
     7
 10
-65.99917613703856
 20
-102.3495999999563
 30
0.0
 11
-66.299176137049642
 21
-102.3495999999563
 31
0.0
  0
LINE
  5
8DA
  8
0
  6
CONTINUOUS
 62
     7
 10
-66.299176137049642
 20
-102.3495999999563
 30
0.0
 11
-66.299176137049642
 21
-96.649599999957402
 31
0.0
  0
LINE
  5
8DB
  8
0
  6
CONTINUOUS
 62
     7
 10
-66.299176137049642
 20
-96.649599999957402
 30
0.0
 11
-65.99917613703856
 21
-96.649599999957402
 31
0.0
  0
LINE
  5
8DC
  8
0
  6
CONTINUOUS
 62
     7
 10
-65.99917613703856
 20
-118.7495999999941
 30
0.0
 11
-66.781165941317525
 21
-118.8180152428617
 31
0.0
  0
LINE
  5
8DD
  8
0
  6
CONTINUOUS
 62
     7
 10
-66.781165941317525
 20
-123.1811847571266
 30
0.0
 11
-65.99917613703856
 21
-123.2495999999941
 31
0.0
  0
LINE
  5
8DE
  8
0
  6
DASH_CENTER
 62
     1
 10
-69.199176137049292
 20
-120.99960000003691
 30
0.0
 11
-64.49917613703856
 21
-120.99960000003691
 31
0.0
  0
LINE
  5
8DF
  8
0
  6
CONTINUOUS
 62
     7
 10
-49.899176137038197
 20
-103.4995999999996
 30
0.0
 11
-49.899176137038197
 21
-95.499599999999603
 31
0.0
  0
LINE
  5
8E0
  8
0
  6
CONTINUOUS
 62
     7
 10
-53.549176137040561
 20
-95.999599999999603
 30
0.0
 11
-49.899176137038197
 21
-95.999599999999603
 31
0.0
  0
LINE
  5
8E1
  8
0
  6
CONTINUOUS
 62
     7
 10
-49.899176137038197
 20
-102.9995999999996
 30
0.0
 11
-53.549176137040561
 21
-102.9995999999996
 31
0.0
  0
LINE
  5
8E2
  8
0
  6
CONTINUOUS
 62
     7
 10
-49.899176137038197
 20
-95.499599999999603
 30
0.0
 11
-49.399176137038197
 21
-95.499599999999603
 31
0.0
  0
LINE
  5
8E3
  8
0
  6
CONTINUOUS
 62
     7
 10
-49.899176137038197
 20
-103.4995999999996
 30
0.0
 11
-49.399176137038197
 21
-103.4995999999996
 31
0.0
  0
LINE
  5
8E4
  8
0
  6
DASH_CENTER
 62
     1
 10
-55.399176137038211
 20
-99.499599999999603
 30
0.0
 11
-47.899176137038197
 21
-99.499599999999603
 31
0.0
  0
LINE
  5
8E5
  8
0
  6
CONTINUOUS
 62
     7
 10
-49.399176137038197
 20
-104.4995999999996
 30
0.0
 11
-49.399176137038197
 21
-94.999599630959352
 31
0.0
  0
LINE
  5
8E6
  8
0
  6
CONTINUOUS
 62
     7
 10
-54.399176137038197
 20
-104.4995999999996
 30
0.0
 11
-49.399176137038197
 21
-104.4995999999996
 31
0.0
  0
LINE
  5
8E7
  8
0
  6
CONTINUOUS
 62
     7
 10
-52.399176137038197
 20
-160.9995999999995
 30
0.0
 11
-52.399176137038197
 21
-159.99959999999959
 31
0.0
  0
LINE
  5
8E8
  8
0
  6
CONTINUOUS
 62
     7
 10
-52.399176137038197
 20
-152.99959999999959
 30
0.0
 11
-52.399176137038197
 21
-151.49959999999959
 31
0.0
  0
LINE
  5
8E9
  8
0
  6
CONTINUOUS
 62
     7
 10
-52.399176137038197
 20
-160.9995999999995
 30
0.0
 11
-52.399176137038197
 21
-174.99960000000149
 31
0.0
  0
LINE
  5
8EA
  8
0
  6
DASH_CENTER
 62
     1
 10
-55.399176137038211
 20
-156.49959999999959
 30
0.0
 11
-47.899176137038197
 21
-156.49959999999959
 31
0.0
  0
LINE
  5
8EB
  8
0
  6
CONTINUOUS
 62
     7
 10
-49.899176137038197
 20
-160.49959999999959
 30
0.0
 11
-49.399176137038197
 21
-160.49959999999959
 31
0.0
  0
LINE
  5
8EC
  8
0
  6
CONTINUOUS
 62
     7
 10
-49.899176137038197
 20
-152.49959999999959
 30
0.0
 11
-49.399176137038197
 21
-152.49959999999959
 31
0.0
  0
LINE
  5
8ED
  8
0
  6
CONTINUOUS
 62
     7
 10
-53.549176137040561
 20
-152.99959999999959
 30
0.0
 11
-53.899176137038197
 21
-153.34960000000001
 31
0.0
  0
LINE
  5
8EE
  8
0
  6
CONTINUOUS
 62
     7
 10
-53.899176137038197
 20
-159.64959999999911
 30
0.0
 11
-53.549176137040561
 21
-159.99959999999959
 31
0.0
  0
LINE
  5
8EF
  8
0
  6
CONTINUOUS
 62
     7
 10
-53.549176137040561
 20
-152.99959999999959
 30
0.0
 11
-53.549176137040561
 21
-159.99959999999959
 31
0.0
  0
LINE
  5
8F0
  8
0
  6
CONTINUOUS
 62
     7
 10
-53.899176137038197
 20
-159.64959999999911
 30
0.0
 11
-53.899176137038197
 21
-153.34960000000001
 31
0.0
  0
LINE
  5
8F1
  8
0
  6
CONTINUOUS
 62
     7
 10
-49.899176137038197
 20
-159.99959999999959
 30
0.0
 11
-53.549176137040561
 21
-159.99959999999959
 31
0.0
  0
LINE
  5
8F2
  8
0
  6
CONTINUOUS
 62
     7
 10
-53.549176137040561
 20
-152.99959999999959
 30
0.0
 11
-49.899176137038197
 21
-152.99959999999959
 31
0.0
  0
LINE
  5
8F3
  8
0
  6
CONTINUOUS
 62
     7
 10
-49.899176137038197
 20
-160.49959999999959
 30
0.0
 11
-49.899176137038197
 21
-152.49959999999959
 31
0.0
  0
LINE
  5
8F4
  8
0
  6
CONTINUOUS
 62
     7
 10
-49.399176137038197
 20
-151.49959999999959
 30
0.0
 11
-49.399176137038197
 21
-160.99959999999959
 31
0.0
  0
LINE
  5
8F5
  8
0
  6
CONTINUOUS
 62
     7
 10
-52.399176137038197
 20
-151.49959999999959
 30
0.0
 11
-49.399176137038197
 21
-151.49959999999959
 31
0.0
  0
LINE
  5
8F6
  8
0
  6
CONTINUOUS
 62
     7
 10
-54.399176137038197
 20
-151.49959999999959
 30
0.0
 11
-52.399176137038197
 21
-151.49959999999959
 31
0.0
  0
LINE
  5
8F7
  8
0
  6
CONTINUOUS
 62
     7
 10
-54.399176137038197
 20
-160.99959999999959
 30
0.0
 11
-54.399176137038197
 21
-151.49959999999959
 31
0.0
  0
LINE
  5
8F8
  8
0
  6
CONTINUOUS
 62
     7
 10
-64.99917613703856
 20
-94.999599999999603
 30
0.0
 11
-52.399176137038197
 21
-94.999599999999603
 31
0.0
  0
LINE
  5
8F9
  8
0
  6
CONTINUOUS
 62
     7
 10
-64.49917613703856
 20
-99.999599999999603
 30
0.0
 11
-64.49917613703856
 21
-108.9995999999996
 31
0.0
  0
LINE
  5
8FA
  8
0
  6
CONTINUOUS
 62
     7
 10
-64.99917613703856
 20
-99.999599999999603
 30
0.0
 11
-64.49917613703856
 21
-99.999599999999603
 31
0.0
  0
LINE
  5
8FB
  8
0
  6
CONTINUOUS
 62
     7
 10
-64.49917613703856
 20
-117.9995991037499
 30
0.0
 11
-64.49917613703856
 21
-160.99959999999959
 31
0.0
  0
LINE
  5
8FC
  8
0
  6
CONTINUOUS
 62
     7
 10
-64.99917613703856
 20
-108.9995999999996
 30
0.0
 11
-52.399176137038197
 21
-108.9995999999996
 31
0.0
  0
LINE
  5
8FD
  8
0
  6
CONTINUOUS
 62
     7
 10
-64.49917613703856
 20
-160.99959999999959
 30
0.0
 11
-52.399176137038197
 21
-160.9995999999995
 31
0.0
  0
LINE
  5
8FE
  8
0
  6
DASH_CENTER
 62
     1
 10
-54.899176137038197
 20
-113.49959910375991
 30
0.0
 11
-61.279176137040103
 21
-113.49959910375991
 31
0.0
  0
LINE
  5
8FF
  8
0
  6
CONTINUOUS
 62
     7
 10
-56.399176137038197
 20
-108.9995999999996
 30
0.0
 11
-56.399176137038197
 21
-117.9995991037499
 31
0.0
  0
LINE
  5
900
  8
0
  6
CONTINUOUS
 62
     7
 10
-56.399176137038197
 20
-117.9995991037499
 30
0.0
 11
-64.99917613703856
 21
-117.9995991037499
 31
0.0
  0
LINE
  5
901
  8
0
  6
CONTINUOUS
 62
     7
 10
-64.49917613703856
 20
-168.74960000000871
 30
0.0
 11
-64.49917613703856
 21
-160.99959999999959
 31
0.0
  0
LINE
  5
902
  8
0
  6
CONTINUOUS
 62
     7
 10
-64.99917613703856
 20
-168.74960000000871
 30
0.0
 11
-64.49917613703856
 21
-168.74960000000871
 31
0.0
  0
LINE
  5
903
  8
0
  6
CONTINUOUS
 62
     7
 10
-52.399176137038197
 20
-160.9995999999995
 30
0.0
 11
-23.599376137065729
 21
-160.99959999999959
 31
0.0
  0
LINE
  5
904
  8
0
  6
CONTINUOUS
 62
     7
 10
-52.399176137038197
 20
-108.9995999999996
 30
0.0
 11
-23.599376137054819
 21
-108.9995999999996
 31
0.0
  0
LINE
  5
905
  8
0
  6
CONTINUOUS
 62
     7
 10
-23.699376137086102
 20
-174.99960000000141
 30
0.0
 11
-52.399176137038197
 21
-174.99960000000149
 31
0.0
  0
LINE
  5
906
  8
0
  6
CONTINUOUS
 62
     7
 10
-23.599376137085709
 20
-174.89960000000289
 30
0.0
 11
-23.699376137086102
 21
-174.99960000000141
 31
0.0
  0
LINE
  5
907
  8
0
  6
CONTINUOUS
 62
     7
 10
-52.399176137038197
 20
-102.9995999999996
 30
0.0
 11
-52.399176137038197
 21
-151.49959999999959
 31
0.0
  0
LINE
  5
908
  8
0
  6
CONTINUOUS
 62
     7
 10
-23.699376137046091
 20
-94.999599999999603
 30
0.0
 11
-52.399176137038182
 21
-94.999593199109313
 31
0.0
  0
LINE
  5
909
  8
0
  6
CONTINUOUS
 62
     7
 10
10.700323862962939
 20
-108.9995999999996
 30
0.0
 11
-23.599376137054819
 21
-108.9995999999996
 31
0.0
  0
LINE
  5
90A
  8
0
  6
CONTINUOUS
 62
     7
 10
12.50032386296294
 20
-94.999599999999603
 30
0.0
 11
12.50032386296294
 21
-109.6797948466055
 31
0.0
  0
LINE
  5
90B
  8
0
  6
CONTINUOUS
 62
     7
 10
10.700323862962939
 20
-160.99959999999959
 30
0.0
 11
-23.599376137065729
 21
-160.99959999999959
 31
0.0
  0
LINE
  5
90C
  8
0
  6
CONTINUOUS
 62
     7
 10
12.50032386296294
 20
-174.99960000000141
 30
0.0
 11
12.50032386296294
 21
-160.3194051533973
 31
0.0
  0
LINE
  5
90D
  8
0
  6
CONTINUOUS
 62
     7
 10
-23.49937613704445
 20
-174.99960000000141
 30
0.0
 11
-23.59937613704572
 21
-174.89960000000289
 31
0.0
  0
LINE
  5
90E
  8
0
  6
CONTINUOUS
 62
     7
 10
-23.59937613704572
 20
-95.099600000000862
 30
0.0
 11
-23.599376137065729
 21
-174.8995999999847
 31
0.0
  0
LINE
  5
90F
  8
0
  6
CONTINUOUS
 62
     7
 10
-23.49937613704445
 20
-174.99960000000141
 30
0.0
 11
20.000323862962968
 21
-174.99960000000141
 31
0.0
  0
LINE
  5
910
  8
0
  6
CONTINUOUS
 62
     7
 10
20.000323862962968
 20
-174.99960000000141
 30
0.0
 11
20.50032386296294
 21
-174.49960000000871
 31
0.0
  0
LINE
  5
911
  8
0
  6
CONTINUOUS
 62
     7
 10
20.50032386296294
 20
-95.499599999994146
 30
0.0
 11
20.50032386296294
 21
-174.49960000000871
 31
0.0
  0
LINE
  5
912
  8
0
  6
CONTINUOUS
 62
     7
 10
20.50032386296294
 20
-95.499599999994146
 30
0.0
 11
20.00032386296294
 21
-94.999599999999603
 31
0.0
  0
LINE
  5
913
  8
0
  6
CONTINUOUS
 62
     7
 10
20.00032386296294
 20
-94.999599999999603
 30
0.0
 11
-23.49937613704445
 21
-94.999599999999603
 31
0.0
  0
LINE
  5
914
  8
0
  6
CONTINUOUS
 62
     7
 10
-65.99917613703856
 20
-95.249599107905368
 30
0.0
 11
-64.99917613703856
 21
-95.249599107905368
 31
0.0
  0
LINE
  5
915
  8
0
  6
CONTINUOUS
 62
     7
 10
-68.530856292789608
 20
-110.9051715837617
 30
0.0
 11
-66.166594248069671
 21
-107.3513988093586
 31
0.0
  0
LINE
  5
91A
  8
0
  6
CONTINUOUS
 62
     7
 10
-68.899176137038182
 20
-112.1237559292353
 30
0.0
 11
-68.899176137038182
 21
-134.9995991037562
 31
0.0
  0
LINE
  5
91B
  8
0
  6
CONTINUOUS
 62
     7
 10
-65.99917613703856
 20
-134.99959999999959
 30
0.0
 11
-65.99917613703856
 21
-95.249599107905368
 31
0.0
  0
LINE
  5
91C
  8
0
  6
CONTINUOUS
 62
     7
 10
-68.899176137038182
 20
-134.9995991037562
 30
0.0
 11
-68.899176137038182
 21
-157.87544227827809
 31
0.0
  0
LINE
  5
921
  8
0
  6
CONTINUOUS
 62
     7
 10
-66.166594248069671
 20
-162.70824984553329
 30
0.0
 11
-68.530856292789608
 21
-159.09402662375439
 31
0.0
  0
LINE
  5
922
  8
0
  6
CONTINUOUS
 62
     7
 10
-65.99917613703856
 20
-174.7495990996089
 30
0.0
 11
-65.99917613703856
 21
-134.99959999999959
 31
0.0
  0
LINE
  5
923
  8
0
  6
CONTINUOUS
 62
     7
 10
-64.99917613703856
 20
-94.999599999999603
 30
0.0
 11
-64.99917613703856
 21
-174.99959910375989
 31
0.0
  0
LINE
  5
924
  8
0
  6
CONTINUOUS
 62
     7
 10
-64.99917613703856
 20
-174.7495990996089
 30
0.0
 11
-65.99917613703856
 21
-174.7495990996089
 31
0.0
  0
LINE
  5
925
  8
0
  6
CONTINUOUS
 62
     7
 10
-64.99917613703856
 20
-174.99959910375989
 30
0.0
 11
-52.399176137038197
 21
-174.99959910375989
 31
0.0
  0
LINE
  5
926
  8
0
  6
CONTINUOUS
 62
     7
 10
-52.899176137038211
 20
-152.99959999999959
 30
0.0
 11
-52.899176137038211
 21
-115.2495999999996
 31
0.0
  0
LINE
  5
927
  8
0
  6
CONTINUOUS
 62
     7
 10
-52.899176137038211
 20
-115.2495999999996
 30
0.0
 11
-52.399176137038197
 21
-115.2495999999996
 31
0.0
  0
LINE
  5
928
  8
0
  6
CONTINUOUS
 62
     7
 10
-52.899176137038211
 20
-159.99959999999959
 30
0.0
 11
-52.899176137038211
 21
-168.74959999999959
 31
0.0
  0
LINE
  5
929
  8
0
  6
CONTINUOUS
 62
     7
 10
-52.899176137038211
 20
-168.74959999999959
 30
0.0
 11
-52.399176137038197
 21
-168.74959999999959
 31
0.0
  0
LINE
  5
934
  8
0
  6
DASH_CENTER
 62
     1
 10
-73.899176137038182
 20
-134.99959999999959
 30
0.0
 11
55.500323862961991
 21
-134.99959999999959
 31
0.0
  0
LINE
  5
93D
  8
0
  6
CONTINUOUS
 62
     7
 10
-52.399176137038197
 20
-94.999599999999603
 30
0.0
 11
-52.399176137038197
 21
-95.999599999999603
 31
0.0
  0
LINE
  5
93E
  8
0
  6
CONTINUOUS
 62
     7
 10
-52.899176137038211
 20
-95.999599999999603
 30
0.0
 11
-52.899176137038211
 21
-94.999599999999603
 31
0.0
  0
LINE
  5
93F
  8
0
  6
CONTINUOUS
 62
     7
 10
-52.899176137038211
 20
-102.9995999999996
 30
0.0
 11
-52.899176137038211
 21
-108.9995999999996
 31
0.0
  0
LINE
  5
940
  8
0
  6
CONTINUOUS
 62
     7
 10
-174.49928216203099
 20
27.575179322504081
 30
0.0
 11
-174.49928216203099
 21
28.9962049881902
 31
0.0
  0
LINE
  5
962
  8
0
  6
DASH_CENTER
 62
     1
 10
-176.3492821620294
 20
30.90040000000187
 30
0.0
 11
-176.3492821620294
 21
26.10040000000259
 31
0.0
  0
LINE
  5
963
  8
0
  6
CONTINUOUS
 62
     7
 10
-226.99928216203099
 20
1.32020515339678
 30
0.0
 11
-226.99928216203099
 21
-53.999599999999603
 31
0.0
  0
LINE
  5
964
  8
0
  6
CONTINUOUS
 62
     7
 10
-220.99928216203099
 20
-59.999600000001401
 30
0.0
 11
-152.99928216203099
 21
-59.999600000001401
 31
0.0
  0
LINE
  5
965
  8
0
  6
CONTINUOUS
 62
     7
 10
-146.99928216204191
 20
-41.999599999999589
 30
0.0
 11
-146.99928216203099
 21
-53.999599999999603
 31
0.0
  0
LINE
  5
966
  8
0
  6
DASH_CENTER
 62
     1
 10
-159.4221176957619
 20
-47.576764466274128
 30
0.0
 11
-150.93683632152189
 21
-56.062045840514152
 31
0.0
  0
LINE
  5
967
  8
0
  6
DASH_CENTER
 62
     1
 10
-214.576446628311
 20
-47.576764466274128
 30
0.0
 11
-223.06172800255101
 21
-56.062045840514152
 31
0.0
  0
LINE
  5
968
  8
0
  6
DASH_CENTER
 62
     1
 10
-214.576446628311
 20
7.5775644662767796
 30
0.0
 11
-223.06172800255101
 21
16.062845840513148
 31
0.0
  0
LINE
  5
969
  8
0
  6
CONTINUOUS
 62
     7
 10
-208.99928216203099
 20
20.000400000000429
 30
0.0
 11
-220.99928216203099
 21
20.000400000000429
 31
0.0
  0
LINE
  5
96A
  8
0
  6
CONTINUOUS
 62
     7
 10
-226.99928216203099
 20
14.000400000000409
 30
0.0
 11
-226.99928216203099
 21
2.000400000000409
 31
0.0
  0
LINE
  5
96B
  8
0
  6
DASH_CENTER
 62
     1
 10
-159.4221176957619
 20
7.5775644662767796
 30
0.0
 11
-150.93683632152189
 21
16.06284584051679
 31
0.0
  0
LINE
  5
96C
  8
0
  6
CONTINUOUS
 62
     7
 10
-146.99928216204191
 20
2.000400000000409
 30
0.0
 11
-146.99928216203099
 21
14.000400000000409
 31
0.0
  0
LINE
  5
96D
  8
0
  6
CONTINUOUS
 62
     7
 10
-152.99928216203099
 20
20.000400000000429
 30
0.0
 11
-153.99928216203099
 21
20.000400000000429
 31
0.0
  0
LINE
  5
96E
  8
0
  6
CONTINUOUS
 62
     7
 10
-176.99928216204191
 20
20.000400000000429
 30
0.0
 11
-153.99928216203099
 21
20.000400000000429
 31
0.0
  0
LINE
  5
96F
  8
0
  6
CONTINUOUS
 62
     7
 10
-161.86588242738091
 20
-50.999600000008677
 30
0.0
 11
-165.49928216203099
 21
-50.999600000008677
 31
0.0
  0
LINE
  5
970
  8
0
  6
CONTINUOUS
 62
     7
 10
-169.99928216207101
 20
-57.999599999999589
 30
0.0
 11
-169.99928216207101
 21
-54.249600000008677
 31
0.0
  0
LINE
  5
971
  8
0
  6
CONTINUOUS
 62
     7
 10
-212.13268189669111
 20
11.000400000000409
 30
0.0
 11
-208.49928216203099
 21
11.000400000000409
 31
0.0
  0
LINE
  5
972
  8
0
  6
CONTINUOUS
 62
     7
 10
-203.99928216203099
 20
18.000400000000429
 30
0.0
 11
-203.99928216203099
 21
14.250400000000409
 31
0.0
  0
LINE
  5
973
  8
0
  6
CONTINUOUS
 62
     7
 10
-222.99928216203099
 20
6.0004000000004103
 30
0.0
 11
-220.49928216203099
 21
6.0004000000004103
 31
0.0
  0
LINE
  5
974
  8
0
  6
CONTINUOUS
 62
     7
 10
-212.99928216203099
 20
16.000400000000429
 30
0.0
 11
-212.99928216203099
 21
13.500400000000409
 31
0.0
  0
LINE
  5
975
  8
0
  6
CONTINUOUS
 62
     7
 10
-212.99928216202829
 20
-55.99959999999686
 30
0.0
 11
-212.99928216202829
 21
-53.49959999999686
 31
0.0
  0
LINE
  5
976
  8
0
  6
CONTINUOUS
 62
     7
 10
-222.99928216202829
 20
-45.999599999996853
 30
0.0
 11
-220.49928216202829
 21
-45.999599999996853
 31
0.0
  0
LINE
  5
977
  8
0
  6
CONTINUOUS
 62
     7
 10
-160.99928216203099
 20
-55.999599999999603
 30
0.0
 11
-160.99928216203099
 21
-53.499599999999603
 31
0.0
  0
LINE
  5
978
  8
0
  6
CONTINUOUS
 62
     7
 10
-150.99928216203099
 20
-45.999599999999589
 30
0.0
 11
-153.49928216203099
 21
-45.999599999999589
 31
0.0
  0
LINE
  5
979
  8
0
  6
CONTINUOUS
 62
     7
 10
-150.99928216204191
 20
6.0004000000004103
 30
0.0
 11
-153.49928216204191
 21
6.0004000000004103
 31
0.0
  0
LINE
  5
97A
  8
0
  6
CONTINUOUS
 62
     7
 10
-226.99928216203099
 20
2.000400000000409
 30
0.0
 11
-226.99928216204191
 21
-41.999599999997763
 31
0.0
  0
LINE
  5
97B
  8
0
  6
CONTINUOUS
 62
     7
 10
-208.99928216203099
 20
-59.999600000001401
 30
0.0
 11
-164.99928216203099
 21
-59.999600000001401
 31
0.0
  0
LINE
  5
97C
  8
0
  6
CONTINUOUS
 62
     7
 10
-146.99928216204191
 20
-41.999599999999589
 30
0.0
 11
-146.99928216204191
 21
2.000400000000409
 31
0.0
  0
LINE
  5
97D
  8
0
  6
CONTINUOUS
 62
     7
 10
-176.99928216204191
 20
20.000400000000429
 30
0.0
 11
-208.99928216203099
 21
20.000400000000429
 31
0.0
  0
LINE
  5
97E
  8
0
  6
DASH_CENTER
 62
     1
 10
-231.99928216204191
 20
-19.999599999999589
 30
0.0
 11
-141.99928216203099
 21
-19.999599999999589
 31
0.0
  0
LINE
  5
97F
  8
0
  6
DASH_CENTER
 62
     1
 10
-186.99928216203099
 20
35.50040000000044
 30
0.0
 11
-186.99928216203099
 21
-64.999600000001394
 31
0.0
  0
LINE
  5
980
  8
0
  6
CONTINUOUS
 62
     7
 10
-150.99913787474111
 20
-45.749600004146892
 30
0.0
 11
-153.49928216142891
 21
-45.749600004146892
 31
0.0
  0
LINE
  5
981
  8
0
  6
CONTINUOUS
 62
     7
 10
-161.86572685250141
 20
-50.749600004154161
 30
0.0
 11
-165.49928216146071
 21
-50.749600004153251
 31
0.0
  0
LINE
  5
982
  8
0
  6
CONTINUOUS
 62
     7
 10
-170.24928216146071
 20
-57.999600004145961
 30
0.0
 11
-170.24928216146071
 21
-55.499600004153251
 31
0.0
  0
LINE
  5
983
  8
0
  6
CONTINUOUS
 62
     7
 10
-203.74928216203099
 20
18.000399995854028
 30
0.0
 11
-203.74928216203099
 21
15.500400000000409
 31
0.0
  0
LINE
  5
984
  8
0
  6
CONTINUOUS
 62
     7
 10
-212.13268189386071
 20
10.750400000000409
 30
0.0
 11
-208.49928216203099
 21
10.750400000000409
 31
0.0
  0
LINE
  5
985
  8
0
  6
CONTINUOUS
 62
     7
 10
-147.24928216203099
 20
2.0003999958540191
 30
0.0
 11
-147.24928216203099
 21
-19.999599999999589
 31
0.0
  0
LINE
  5
986
  8
0
  6
CONTINUOUS
 62
     7
 10
-153.99928216203099
 20
5.7503999958540204
 30
0.0
 11
-150.99928216204191
 21
5.750399995853118
 31
0.0
  0
LINE
  5
987
  8
0
  6
CONTINUOUS
 62
     7
 10
-186.99928216203099
 20
19.750399995853119
 30
0.0
 11
-164.99903277060841
 21
19.750399995854028
 31
0.0
  0
LINE
  5
988
  8
0
  6
CONTINUOUS
 62
     7
 10
-171.99928216146071
 20
-59.749600004145968
 30
0.0
 11
-186.99928216203099
 21
-59.749600004146892
 31
0.0
  0
LINE
  5
989
  8
0
  6
CONTINUOUS
 62
     7
 10
-147.24928216203099
 20
-41.999684921884587
 30
0.0
 11
-147.24928216203099
 21
-19.999599999999589
 31
0.0
  0
LINE
  5
98A
  8
0
  6
CONTINUOUS
 62
     7
 10
-212.74928216142891
 20
-55.999600004146892
 30
0.0
 11
-212.74928216142891
 21
-53.499600004146892
 31
0.0
  0
LINE
  5
98B
  8
0
  6
CONTINUOUS
 62
     7
 10
-222.99928216142891
 20
-45.749600004146892
 30
0.0
 11
-220.49928216142891
 21
-45.749600004146892
 31
0.0
  0
LINE
  5
98C
  8
0
  6
CONTINUOUS
 62
     7
 10
-226.74928216142891
 20
-41.999600004146892
 30
0.0
 11
-226.74928216142891
 21
-19.999599999999589
 31
0.0
  0
LINE
  5
98D
  8
0
  6
CONTINUOUS
 62
     7
 10
-208.99928216142891
 20
-59.749600004146892
 30
0.0
 11
-186.99928216203099
 21
-59.749600004146892
 31
0.0
  0
LINE
  5
98E
  8
0
  6
CONTINUOUS
 62
     7
 10
-226.74928216142891
 20
2.00039999585311
 30
0.0
 11
-226.74928216142891
 21
-19.999600004146892
 31
0.0
  0
LINE
  5
98F
  8
0
  6
CONTINUOUS
 62
     7
 10
-201.99928216203099
 20
19.750399995854028
 30
0.0
 11
-186.99928216203099
 21
19.750399995853119
 31
0.0
  0
LINE
  5
990
  8
0
  6
CONTINUOUS
 62
     7
 10
-222.99928216142891
 20
5.750399995853118
 30
0.0
 11
-220.49928216142891
 21
5.750399995853118
 31
0.0
  0
LINE
  5
991
  8
0
  6
DASH_CENTER
 62
     1
 10
-222.49928216202829
 20
-44.99959999999686
 30
0.0
 11
-222.49928216202829
 21
-37.99959999999686
 31
0.0
  0
LINE
  5
992
  8
0
  6
DASH_CENTER
 62
     1
 10
-225.99928216202829
 20
-41.49959999999686
 30
0.0
 11
-218.99928216202829
 21
-41.49959999999686
 31
0.0
  0
LINE
  5
99B
  8
0
  6
DASH_CENTER
 62
     1
 10
-154.99928216203099
 20
1.500400000000409
 30
0.0
 11
-147.99928216203099
 21
1.500400000000409
 31
0.0
  0
LINE
  5
99C
  8
0
  6
DASH_CENTER
 62
     1
 10
-151.49928216203099
 20
-1.9995999999995899
 30
0.0
 11
-151.49928216203099
 21
5.0004000000004103
 31
0.0
  0
LINE
  5
99D
  8
0
  6
DASH_CENTER
 62
     1
 10
-200.99928216203099
 20
12.000400000000409
 30
0.0
 11
-200.99928216203099
 21
19.000400000000429
 31
0.0
  0
LINE
  5
99E
  8
0
  6
DASH_CENTER
 62
     1
 10
-204.49928216203099
 20
15.500400000000409
 30
0.0
 11
-197.49928216203099
 21
15.500400000000409
 31
0.0
  0
LINE
  5
9A7
  8
0
  6
DASH_CENTER
 62
     1
 10
-176.49928216207101
 20
-55.499600000008677
 30
0.0
 11
-169.49928216207101
 21
-55.499600000008677
 31
0.0
  0
LINE
  5
9A8
  8
0
  6
DASH_CENTER
 62
     1
 10
-172.99928216207101
 20
-58.999600000008662
 30
0.0
 11
-172.99928216207101
 21
-51.99960000000867
 31
0.0
  0
LINE
  5
9A9
  8
0
  6
DASH_CENTER
 62
     1
 10
-189.09928216203039
 20
35.50040000000044
 30
0.0
 11
-189.09928216203039
 21
17.500400000013141
 31
0.0
  0
LINE
  5
9AA
  8
0
  6
CONTINUOUS
 62
     7
 10
-160.99928216204191
 20
16.00039999999677
 30
0.0
 11
-160.99928216204191
 21
13.50039999999677
 31
0.0
  0
LINE
  5
9AB
  8
0
  6
CONTINUOUS
 62
     7
 10
-161.2492821626403
 20
16.00040000414862
 30
0.0
 11
-161.2492821626403
 21
13.50040000414862
 31
0.0
  0
LINE
  5
9AC
  8
0
  6
CONTINUOUS
 62
     7
 10
-199.49928216203099
 20
25.94476438431462
 30
0.0
 11
-174.49928216203099
 21
25.94476438431462
 31
0.0
  0
LINE
  5
9AD
  8
0
  6
CONTINUOUS
 62
     7
 10
-199.49928216203099
 20
27.575179322504081
 30
0.0
 11
-174.49928216203099
 21
27.575179322504081
 31
0.0
  0
LINE
  5
9AE
  8
0
  6
CONTINUOUS
 62
     7
 10
-174.49928216203099
 20
25.94476438431462
 30
0.0
 11
-174.49928216203099
 21
27.37517932250336
 31
0.0
  0
LINE
  5
9AF
  8
0
  6
CONTINUOUS
 62
     7
 10
-199.49928216203099
 20
27.37517932250336
 30
0.0
 11
-199.49928216203099
 21
25.94476438431462
 31
0.0
  0
LINE
  5
9B0
  8
0
  6
CONTINUOUS
 62
     7
 10
-193.46126455826939
 20
30.01049022309013
 30
0.0
 11
-180.5372997658007
 21
30.01049022309013
 31
0.0
  0
LINE
  5
9B1
  8
0
  6
CONTINUOUS
 62
     7
 10
-199.49928216203099
 20
28.9962049881902
 30
0.0
 11
-199.49928216203099
 21
27.575179322504081
 31
0.0
  0
LINE
  5
9B2
  8
0
  6
CONTINUOUS
 62
     7
 10
-199.2992821620403
 20
29.19620498819091
 30
0.0
 11
-193.6694827864014
 21
29.19620498819091
 31
0.0
  0
LINE
  5
9B3
  8
0
  6
CONTINUOUS
 62
     7
 10
-193.6694827864014
 20
29.19620498819091
 30
0.0
 11
-193.46126455826939
 21
30.01049022309013
 31
0.0
  0
LINE
  5
9B4
  8
0
  6
CONTINUOUS
 62
     7
 10
-180.5372997658007
 20
30.01049022309013
 30
0.0
 11
-180.3290815376715
 21
29.19620498819091
 31
0.0
  0
LINE
  5
9B5
  8
0
  6
CONTINUOUS
 62
     7
 10
-180.3290815376715
 20
29.19620498819091
 30
0.0
 11
-174.6992821620299
 21
29.19620498819091
 31
0.0
  0
LINE
  5
9B6
  8
0
  6
CONTINUOUS
 62
     7
 10
-194.4595030156099
 20
29.19620498819091
 30
0.0
 11
-193.46126455826939
 21
30.01049022309013
 31
0.0
  0
LINE
  5
9B7
  8
0
  6
CONTINUOUS
 62
     7
 10
-180.5372997658007
 20
30.01049022309013
 30
0.0
 11
-179.5390613084621
 21
29.19620498819091
 31
0.0
  0
LINE
  5
9B8
  8
0
  6
CONTINUOUS
 62
     7
 10
-174.49928216203099
 20
25.744764384314809
 30
0.0
 11
-174.49928216203099
 21
20.000400000000429
 31
0.0
  0
LINE
  5
9B9
  8
0
  6
CONTINUOUS
 62
     7
 10
-199.49928216203099
 20
20.000400000000429
 30
0.0
 11
-199.49928216203099
 21
25.744764384314809
 31
0.0
  0
LINE
  5
9BA
  8
0
  6
DASH_CENTER
 62
     1
 10
-165.49928216203099
 20
-51.899600000001037
 30
0.0
 11
-165.49928216203099
 21
-59.099599999999953
 31
0.0
  0
LINE
  5
9BD
  8
0
  6
DASH_CENTER
 62
     1
 10
-161.89928216203151
 20
-55.499599999999589
 30
0.0
 11
-169.09928216203039
 21
-55.499599999999589
 31
0.0
  0
LINE
  5
9BE
  8
0
  6
DASH_CENTER
 62
     1
 10
-204.89928216203151
 20
15.500400000000409
 30
0.0
 11
-212.09928216203039
 21
15.500400000000409
 31
0.0
  0
LINE
  5
9C1
  8
0
  6
DASH_CENTER
 62
     1
 10
-208.49928216203099
 20
19.10039999999896
 30
0.0
 11
-208.49928216203099
 21
11.900400000000049
 31
0.0
  0
LINE
  5
9F3
  8
0
  6
DASH_CENTER
 62
     1
 10
-51.332597163308677
 20
41.211725847326818
 30
0.0
 11
-58.422535909683774
 21
21.732279236324359
 31
0.0
  0
LINE
  5
9F4
  8
0
  6
DASH_CENTER
 62
     1
 10
-50.95139181849953
 20
118.7003999999984
 30
0.0
 11
-50.95139181849953
 21
43.237693667294103
 31
0.0
  0
LINE
  5
9F6
  8
0
  6
CONTINUOUS
 62
     7
 10
-53.461168651735697
 20
27.907822526735401
 30
0.0
 11
-48.889881590132248
 21
40.467330506362103
 31
0.0
  0
LINE
  5
9F7
  8
0
  6
CONTINUOUS
 62
     7
 10
-58.253601017742952
 20
29.652125257698181
 30
0.0
 11
-53.682313956141293
 21
42.211633237319418
 31
0.0
  0
LINE
  5
9F8
  8
0
  6
CONTINUOUS
 62
     7
 10
-48.401391818500272
 20
43.237693667294103
 30
0.0
 11
-48.401391818500272
 21
54.300199999998377
 31
0.0
  0
LINE
  5
9F9
  8
0
  6
CONTINUOUS
 62
     7
 10
-53.501391818499712
 20
43.237693667294103
 30
0.0
 11
-53.501391818499712
 21
54.300199999998377
 31
0.0
  0
LINE
  5
9FA
  8
0
  6
CONTINUOUS
 62
     7
 10
-48.401391818500272
 20
55.80019999999837
 30
0.0
 11
-48.401391818500272
 21
72.50040000000044
 31
0.0
  0
LINE
  5
9FB
  8
0
  6
CONTINUOUS
 62
     7
 10
-53.501391818499712
 20
55.80019999999837
 30
0.0
 11
-53.501391818499712
 21
72.50040000000044
 31
0.0
  0
LINE
  5
9FC
  8
0
  6
CONTINUOUS
 62
     7
 10
-48.40139181850116
 20
82.426233024919
 30
0.0
 11
-48.40139181850116
 21
85.00040000000044
 31
0.0
  0
LINE
  5
9FD
  8
0
  6
CONTINUOUS
 62
     7
 10
-47.95139181849953
 20
80.00040000000044
 30
0.0
 11
-48.40139181850116
 21
82.426233024919
 31
0.0
  0
LINE
  5
9FE
  8
0
  6
CONTINUOUS
 62
     7
 10
-47.95139181849953
 20
72.50040000000044
 30
0.0
 11
-47.95139181849953
 21
80.00040000000044
 31
0.0
  0
LINE
  5
9FF
  8
0
  6
CONTINUOUS
 62
     7
 10
-53.95139181849953
 20
72.50040000000044
 30
0.0
 11
-47.95139181849953
 21
72.50040000000044
 31
0.0
  0
LINE
  5
A00
  8
0
  6
CONTINUOUS
 62
     7
 10
-53.95139181849953
 20
80.00040000000044
 30
0.0
 11
-53.95139181849953
 21
72.50040000000044
 31
0.0
  0
LINE
  5
A01
  8
0
  6
CONTINUOUS
 62
     7
 10
-53.501391818500643
 20
82.426233024919
 30
0.0
 11
-53.95139181849953
 21
80.00040000000044
 31
0.0
  0
LINE
  5
A02
  8
0
  6
CONTINUOUS
 62
     7
 10
-53.501391818500643
 20
85.00040000000044
 30
0.0
 11
-53.501391818500643
 21
82.426233024919
 31
0.0
  0
LINE
  5
A03
  8
0
  6
CONTINUOUS
 62
     7
 10
-48.40139181850116
 20
85.00040000000044
 30
0.0
 11
-53.501391818500643
 21
85.00040000000044
 31
0.0
  0
LINE
  5
A04
  8
0
  6
CONTINUOUS
 62
     7
 10
-52.95139181849953
 20
90.00040000000044
 30
0.0
 11
-52.95139181849953
 21
85.00040000000044
 31
0.0
  0
LINE
  5
A05
  8
0
  6
CONTINUOUS
 62
     7
 10
-51.95139181849953
 20
90.00040000000044
 30
0.0
 11
-51.95139181849953
 21
85.00040000000044
 31
0.0
  0
LINE
  5
A06
  8
0
  6
CONTINUOUS
 62
     7
 10
-50.95139181849953
 20
90.00040000000044
 30
0.0
 11
-50.95139181849953
 21
85.00040000000044
 31
0.0
  0
LINE
  5
A07
  8
0
  6
CONTINUOUS
 62
     7
 10
-49.95139181849953
 20
90.00040000000044
 30
0.0
 11
-49.95139181849953
 21
85.00040000000044
 31
0.0
  0
LINE
  5
A08
  8
0
  6
CONTINUOUS
 62
     7
 10
-48.95139181849953
 20
90.00040000000044
 30
0.0
 11
-48.95139181849953
 21
85.00040000000044
 31
0.0
  0
LINE
  5
A09
  8
0
  6
CONTINUOUS
 62
     7
 10
-52.70139181849953
 20
104.5004000000004
 30
0.0
 11
-53.45139181849953
 21
104.5004000000004
 31
0.0
  0
LINE
  5
A0A
  8
0
  6
CONTINUOUS
 62
     7
 10
-58.500135709548161
 20
90.00040000000044
 30
0.0
 11
-57.201426308274861
 21
90.00040000000044
 31
0.0
  0
LINE
  5
A0B
  8
0
  6
CONTINUOUS
 62
     7
 10
-43.201426302566873
 20
90.00040000000044
 30
0.0
 11
-57.201391817906547
 21
90.00040000000044
 31
0.0
  0
LINE
  5
A0C
  8
0
  6
CONTINUOUS
 62
     7
 10
-58.20139181849953
 20
91.00040000000044
 30
0.0
 11
-59.201426302566873
 21
91.00040000000044
 31
0.0
  0
LINE
  5
A0D
  8
0
  6
CONTINUOUS
 62
     7
 10
-59.201426302566873
 20
91.00040000000044
 30
0.0
 11
-59.201426302566873
 21
90.00040000000044
 31
0.0
  0
LINE
  5
A0E
  8
0
  6
CONTINUOUS
 62
     7
 10
-57.201391817906547
 20
90.00040000000044
 30
0.0
 11
-57.201391817906547
 21
91.00040000000044
 31
0.0
  0
LINE
  5
A0F
  8
0
  6
CONTINUOUS
 62
     7
 10
-59.201426302566873
 20
90.00040000000044
 30
0.0
 11
-58.500135709548161
 21
90.00040000000044
 31
0.0
  0
LINE
  5
A10
  8
0
  6
CONTINUOUS
 62
     7
 10
-43.201426302566873
 20
90.00040000000044
 30
0.0
 11
-43.201426302566873
 21
91.00040000000044
 31
0.0
  0
LINE
  5
A11
  8
0
  6
CONTINUOUS
 62
     7
 10
-56.701426301079849
 20
90.00040000000044
 30
0.0
 11
-56.700926308575788
 21
104.4998827582627
 31
0.0
  0
LINE
  5
A12
  8
0
  6
CONTINUOUS
 62
     7
 10
-59.285968171913012
 20
109.5004000000004
 30
0.0
 11
-58.535968171912998
 21
108.2504000000004
 31
0.0
  0
LINE
  5
A13
  8
0
  6
CONTINUOUS
 62
     7
 10
-61.535968171912998
 20
97.50040000000044
 30
0.0
 11
-60.445059081001283
 21
103.5004000000004
 31
0.0
  0
LINE
  5
A14
  8
0
  6
CONTINUOUS
 62
     7
 10
-61.285968171913012
 20
98.875400000000425
 30
0.0
 11
-61.285968171913012
 21
109.0004000000004
 31
0.0
  0
LINE
  5
A15
  8
0
  6
CONTINUOUS
 62
     7
 10
-58.535968171912998
 20
108.2504000000004
 30
0.0
 11
-58.535968171912998
 21
107.5004000000004
 31
0.0
  0
LINE
  5
A16
  8
0
  6
CONTINUOUS
 62
     7
 10
-59.535968171913922
 20
107.5004000000004
 30
0.0
 11
-58.535968171912998
 21
107.5004000000004
 31
0.0
  0
LINE
  5
A17
  8
0
  6
CONTINUOUS
 62
     7
 10
-60.285968171913922
 20
109.5004000000004
 30
0.0
 11
-61.285968171913012
 21
109.0004000000004
 31
0.0
  0
LINE
  5
A18
  8
0
  6
CONTINUOUS
 62
     7
 10
-56.95092629088613
 20
113.7003999999984
 30
0.0
 11
-56.95092629088613
 21
104.5004000000004
 31
0.0
  0
LINE
  5
A19
  8
0
  6
CONTINUOUS
 62
     7
 10
-58.20139181849953
 20
104.5004000000004
 30
0.0
 11
-54.700781008911846
 21
104.5004000000004
 31
0.0
  0
LINE
  5
A1A
  8
0
  6
CONTINUOUS
 62
     7
 10
-44.951391818499523
 20
113.7003999999984
 30
0.0
 11
-48.45139181849953
 21
113.7003999999984
 31
0.0
  0
LINE
  5
A1B
  8
0
  6
CONTINUOUS
 62
     7
 10
-48.45139181849953
 20
113.7003999999984
 30
0.0
 11
-48.45139181849953
 21
104.5004000000004
 31
0.0
  0
LINE
  5
A1C
  8
0
  6
CONTINUOUS
 62
     7
 10
-44.951391818499523
 20
104.5004000000004
 30
0.0
 11
-44.951391818499523
 21
113.7003999999984
 31
0.0
  0
LINE
  5
A1D
  8
0
  6
CONTINUOUS
 62
     7
 10
-52.70139181849953
 20
113.7003999999984
 30
0.0
 11
-49.20139181849953
 21
113.7003999999984
 31
0.0
  0
LINE
  5
A1E
  8
0
  6
CONTINUOUS
 62
     7
 10
-49.20139181849953
 20
113.7003999999984
 30
0.0
 11
-49.20139181849953
 21
104.5004000000004
 31
0.0
  0
LINE
  5
A1F
  8
0
  6
CONTINUOUS
 62
     7
 10
-53.45139181849953
 20
113.7003999999984
 30
0.0
 11
-56.95092629088613
 21
113.7003999999984
 31
0.0
  0
LINE
  5
A20
  8
0
  6
CONTINUOUS
 62
     7
 10
-54.700781008911846
 20
104.5004000000004
 30
0.0
 11
-53.45139181849953
 21
104.5004000000004
 31
0.0
  0
LINE
  5
A21
  8
0
  6
CONTINUOUS
 62
     7
 10
-57.201426308274861
 20
90.00040000000044
 30
0.0
 11
-57.201391817906547
 21
90.00040000000044
 31
0.0
  0
LINE
  5
A22
  8
0
  6
CONTINUOUS
 62
     7
 10
-43.201426302566873
 20
91.00040000000044
 30
0.0
 11
-44.201460786637817
 21
91.00040000000044
 31
0.0
  0
LINE
  5
A23
  8
0
  6
CONTINUOUS
 62
     7
 10
-59.535968171912998
 20
103.5038440506947
 30
0.0
 11
-59.535968171913922
 21
107.5004000000004
 31
0.0
  0
LINE
  5
A24
  8
0
  6
CONTINUOUS
 62
     7
 10
-60.285968171913922
 20
109.5004000000004
 30
0.0
 11
-59.285968171913012
 21
109.5004000000004
 31
0.0
  0
LINE
  5
A25
  8
0
  6
CONTINUOUS
 62
     7
 10
-59.70139181849953
 20
103.5004000000004
 30
0.0
 11
-60.445059081001283
 21
103.5004000000004
 31
0.0
  0
LINE
  5
A26
  8
0
  6
CONTINUOUS
 62
     7
 10
-59.075459553442833
 20
102.0004000000004
 30
0.0
 11
-58.95139181849953
 21
102.0004000000004
 31
0.0
  0
LINE
  5
A27
  8
0
  6
CONTINUOUS
 62
     7
 10
-59.813361986021121
 20
101.38456407864901
 30
0.0
 11
-60.70139181849953
 21
96.500400000000454
 31
0.0
  0
LINE
  5
A28
  8
0
  6
CONTINUOUS
 62
     7
 10
-58.20139181849953
 20
91.00040000000044
 30
0.0
 11
-58.20139181849953
 21
101.2504000000004
 31
0.0
  0
LINE
  5
A29
  8
0
  6
CONTINUOUS
 62
     7
 10
-57.20092630827385
 20
104.4998999999994
 30
0.0
 11
-57.201426308274861
 21
90.000199999998188
 31
0.0
  0
LINE
  5
A2A
  8
0
  6
CONTINUOUS
 62
     7
 10
-44.201460786637817
 20
104.5004000000004
 30
0.0
 11
-49.20139181849953
 21
104.5004000000004
 31
0.0
  0
LINE
  5
A2B
  8
0
  6
CONTINUOUS
 62
     7
 10
-49.20139181849953
 20
104.5004000000004
 30
0.0
 11
-52.70139181849953
 21
104.5004000000004
 31
0.0
  0
LINE
  5
A2C
  8
0
  6
CONTINUOUS
 62
     7
 10
-52.70139181849953
 20
104.5004000000004
 30
0.0
 11
-52.70139181849953
 21
113.7003999999984
 31
0.0
  0
LINE
  5
A2D
  8
0
  6
CONTINUOUS
 62
     7
 10
-53.45139181849953
 20
104.5004000000004
 30
0.0
 11
-53.45139181849953
 21
113.7003999999984
 31
0.0
  0
LINE
  5
A2E
  8
0
  6
CONTINUOUS
 62
     7
 10
-44.201460786637817
 20
104.5004000000004
 30
0.0
 11
-44.201460786637817
 21
91.00040000000044
 31
0.0
  0
LINE
  5
A2F
  8
0
  6
CONTINUOUS
 62
     7
 10
-61.95139181849953
 20
97.50040000000044
 30
0.0
 11
-61.95139181849953
 21
96.500400000000454
 31
0.0
  0
LINE
  5
A30
  8
0
  6
CONTINUOUS
 62
     7
 10
-61.95139181849953
 20
96.500400000000454
 30
0.0
 11
-60.70139181849953
 21
96.500400000000454
 31
0.0
  0
LINE
  5
A31
  8
0
  6
CONTINUOUS
 62
     7
 10
-61.535968171912998
 20
97.50040000000044
 30
0.0
 11
-61.95139181849953
 21
97.50040000000044
 31
0.0
  0
LINE
  5
A33
  8
0
  6
CONTINUOUS
 62
     7
 10
-52.899176137038211
 20
12.000400000000409
 30
0.0
 11
-52.899176137038211
 21
6.0004000000004103
 31
0.0
  0
LINE
  5
A34
  8
0
  6
CONTINUOUS
 62
     7
 10
-52.899176137038211
 20
20.000400000000429
 30
0.0
 11
-52.899176137038211
 21
19.000400000000429
 31
0.0
  0
LINE
  5
A35
  8
0
  6
CONTINUOUS
 62
     7
 10
-54.399176137034551
 20
10.500400000000409
 30
0.0
 11
-54.399176137034551
 21
20.000400000000429
 31
0.0
  0
LINE
  5
A36
  8
0
  6
CONTINUOUS
 62
     7
 10
-53.899176137034551
 20
12.35040000000078
 30
0.0
 11
-53.899176137034551
 21
18.650400000000051
 31
0.0
  0
LINE
  5
A37
  8
0
  6
CONTINUOUS
 62
     7
 10
-53.549176137036923
 20
19.000400000000429
 30
0.0
 11
-53.549176137036923
 21
12.000400000000409
 31
0.0
  0
LINE
  5
A38
  8
0
  6
CONTINUOUS
 62
     7
 10
-53.899176137034551
 20
12.35040000000078
 30
0.0
 11
-53.549176137036923
 21
12.000400000000409
 31
0.0
  0
LINE
  5
A39
  8
0
  6
CONTINUOUS
 62
     7
 10
-53.549176137036923
 20
19.000400000000429
 30
0.0
 11
-53.899176137034551
 21
18.650400000000051
 31
0.0
  0
LINE
  5
A3A
  8
0
  6
CONTINUOUS
 62
     7
 10
-52.399176137038197
 20
12.000400000000409
 30
0.0
 11
-52.399176137034551
 21
-36.499599999999603
 31
0.0
  0
LINE
  5
A3B
  8
0
  6
DASH_CENTER
 62
     1
 10
-73.899176137038182
 20
-19.999599999999589
 30
0.0
 11
55.500323862962937
 21
-19.999599999999589
 31
0.0
  0
LINE
  5
A3C
  8
0
  6
DASH_CENTER
 62
     1
 10
-69.199176137046564
 20
-55.499600000006872
 30
0.0
 11
-64.499176137037651
 21
-55.499600000006872
 31
0.0
  0
LINE
  5
A3D
  8
0
  6
CONTINUOUS
 62
     7
 10
-66.781165941311173
 20
-57.68118475709656
 30
0.0
 11
-65.999176137037651
 21
-57.749599999963223
 31
0.0
  0
LINE
  5
A3E
  8
0
  6
CONTINUOUS
 62
     7
 10
-65.999176137037651
 20
-53.249599999963209
 30
0.0
 11
-66.781165941311173
 21
-53.318015242830782
 31
0.0
  0
LINE
  5
A3F
  8
0
  6
DASH_CENTER
 62
     1
 10
-70.099176137048943
 20
1.584488967742399
 30
0.0
 11
-64.499176137037651
 21
1.584488967742399
 31
0.0
  0
LINE
  5
A40
  8
0
  6
CONTINUOUS
 62
     7
 10
-66.89917613704911
 20
3.8344889677860579
 30
0.0
 11
-67.681165941308976
 21
3.7660737249194098
 31
0.0
  0
LINE
  5
A41
  8
0
  6
CONTINUOUS
 62
     7
 10
-67.681165941308976
 20
-0.59709578934638
 30
0.0
 11
-66.89917613704911
 21
-0.66551103221394
 31
0.0
  0
LINE
  5
A42
  8
0
  6
CONTINUOUS
 62
     7
 10
-66.299176137049642
 20
-1.0155110322134
 30
0.0
 11
-66.89917613704911
 21
-1.0155110322134
 31
0.0
  0
LINE
  5
A43
  8
0
  6
CONTINUOUS
 62
     7
 10
-66.89917613704911
 20
-1.0155110322134
 30
0.0
 11
-66.89917613704911
 21
4.1844889677845982
 31
0.0
  0
LINE
  5
A44
  8
0
  6
CONTINUOUS
 62
     7
 10
-66.89917613704911
 20
4.1844889677845982
 30
0.0
 11
-66.299176137049642
 21
4.1844889677845982
 31
0.0
  0
LINE
  5
A45
  8
0
  6
CONTINUOUS
 62
     7
 10
-65.999176137037651
 20
-1.2655110322133989
 30
0.0
 11
-66.299176137049642
 21
-1.2655110322133989
 31
0.0
  0
LINE
  5
A46
  8
0
  6
CONTINUOUS
 62
     7
 10
-66.299176137049642
 20
-1.2655110322133989
 30
0.0
 11
-66.299176137049642
 21
4.4344889677845982
 31
0.0
  0
LINE
  5
A47
  8
0
  6
CONTINUOUS
 62
     7
 10
-66.299176137049642
 20
4.4344889677845982
 30
0.0
 11
-65.999176137037651
 21
4.4344889677845982
 31
0.0
  0
LINE
  5
A48
  8
0
  6
CONTINUOUS
 62
     7
 10
-65.999176137037651
 20
17.75040000004407
 30
0.0
 11
-66.781165941311173
 21
17.681984757177421
 31
0.0
  0
LINE
  5
A49
  8
0
  6
CONTINUOUS
 62
     7
 10
-66.781165941311173
 20
13.318815242911629
 30
0.0
 11
-65.999176137037651
 21
13.25040000004407
 31
0.0
  0
LINE
  5
A4A
  8
0
  6
DASH_CENTER
 62
     1
 10
-69.199176137046564
 20
15.500400000000409
 30
0.0
 11
-64.499176137037651
 21
15.500400000000409
 31
0.0
  0
LINE
  5
A4B
  8
0
  6
CONTINUOUS
 62
     7
 10
-49.899176137034551
 20
11.500400000000409
 30
0.0
 11
-49.899176137034551
 21
19.500400000000429
 31
0.0
  0
LINE
  5
A4C
  8
0
  6
CONTINUOUS
 62
     7
 10
-53.549176137036923
 20
19.000400000000429
 30
0.0
 11
-49.899176137034551
 21
19.000400000000429
 31
0.0
  0
LINE
  5
A4D
  8
0
  6
CONTINUOUS
 62
     7
 10
-49.899176137034551
 20
12.000400000000409
 30
0.0
 11
-53.549176137036923
 21
12.000400000000409
 31
0.0
  0
LINE
  5
A4E
  8
0
  6
CONTINUOUS
 62
     7
 10
-49.899176137034551
 20
19.500400000000429
 30
0.0
 11
-49.399176137034551
 21
19.500400000000429
 31
0.0
  0
LINE
  5
A4F
  8
0
  6
CONTINUOUS
 62
     7
 10
-49.899176137034551
 20
11.500400000000409
 30
0.0
 11
-49.399176137034551
 21
11.500400000000409
 31
0.0
  0
LINE
  5
A50
  8
0
  6
DASH_CENTER
 62
     1
 10
-55.399176137034551
 20
15.500400000000409
 30
0.0
 11
-47.899176137034551
 21
15.500400000000409
 31
0.0
  0
LINE
  5
A51
  8
0
  6
CONTINUOUS
 62
     7
 10
-49.399176137034551
 20
10.500400000000409
 30
0.0
 11
-49.399176137034551
 21
20.000400369040619
 31
0.0
  0
LINE
  5
A52
  8
0
  6
CONTINUOUS
 62
     7
 10
-54.399176137034551
 20
10.500400000000409
 30
0.0
 11
-49.399176137034551
 21
10.500400000000409
 31
0.0
  0
LINE
  5
A53
  8
0
  6
CONTINUOUS
 62
     7
 10
-52.399176137034537
 20
-45.999599999999589
 30
0.0
 11
-52.399176137034551
 21
-44.999599999999582
 31
0.0
  0
LINE
  5
A54
  8
0
  6
CONTINUOUS
 62
     7
 10
-52.399176137034551
 20
-37.999599999999603
 30
0.0
 11
-52.399176137034551
 21
-36.499599999999603
 31
0.0
  0
LINE
  5
A55
  8
0
  6
CONTINUOUS
 62
     7
 10
-52.399176137034537
 20
-45.999599999999589
 30
0.0
 11
-52.399176137034559
 21
-59.999599999999582
 31
0.0
  0
LINE
  5
A56
  8
0
  6
DASH_CENTER
 62
     1
 10
-55.399176137034551
 20
-41.499599999999603
 30
0.0
 11
-47.899176137034551
 21
-41.499599999999603
 31
0.0
  0
LINE
  5
A57
  8
0
  6
CONTINUOUS
 62
     7
 10
-49.899176137034551
 20
-45.499599999999582
 30
0.0
 11
-49.399176137034551
 21
-45.499599999999582
 31
0.0
  0
LINE
  5
A58
  8
0
  6
CONTINUOUS
 62
     7
 10
-49.899176137034551
 20
-37.499599999999603
 30
0.0
 11
-49.399176137034551
 21
-37.499599999999603
 31
0.0
  0
LINE
  5
A59
  8
0
  6
CONTINUOUS
 62
     7
 10
-53.549176137036923
 20
-37.999599999999603
 30
0.0
 11
-53.899176137034551
 21
-38.349599999999953
 31
0.0
  0
LINE
  5
A5A
  8
0
  6
CONTINUOUS
 62
     7
 10
-53.899176137034551
 20
-44.649599999999218
 30
0.0
 11
-53.549176137036923
 21
-44.999599999999582
 31
0.0
  0
LINE
  5
A5B
  8
0
  6
CONTINUOUS
 62
     7
 10
-53.549176137036923
 20
-37.999599999999603
 30
0.0
 11
-53.549176137036923
 21
-44.999599999999582
 31
0.0
  0
LINE
  5
A5C
  8
0
  6
CONTINUOUS
 62
     7
 10
-53.899176137034551
 20
-44.649599999999218
 30
0.0
 11
-53.899176137034551
 21
-38.349599999999953
 31
0.0
  0
LINE
  5
A5D
  8
0
  6
CONTINUOUS
 62
     7
 10
-49.899176137034551
 20
-44.999599999999582
 30
0.0
 11
-53.549176137036923
 21
-44.999599999999582
 31
0.0
  0
LINE
  5
A5E
  8
0
  6
CONTINUOUS
 62
     7
 10
-53.549176137036923
 20
-37.999599999999603
 30
0.0
 11
-49.899176137034551
 21
-37.999599999999603
 31
0.0
  0
LINE
  5
A5F
  8
0
  6
CONTINUOUS
 62
     7
 10
-49.899176137034551
 20
-45.499599999999582
 30
0.0
 11
-49.899176137034551
 21
-37.499599999999603
 31
0.0
  0
LINE
  5
A60
  8
0
  6
CONTINUOUS
 62
     7
 10
-49.399176137034551
 20
-36.499599999999603
 30
0.0
 11
-49.399176137034551
 21
-45.999599999999589
 31
0.0
  0
LINE
  5
A61
  8
0
  6
CONTINUOUS
 62
     7
 10
-52.399176137034551
 20
-36.499599999999603
 30
0.0
 11
-49.399176137034551
 21
-36.499599999999603
 31
0.0
  0
LINE
  5
A62
  8
0
  6
CONTINUOUS
 62
     7
 10
-54.399176137034551
 20
-36.499599999999603
 30
0.0
 11
-52.399176137034551
 21
-36.499599999999603
 31
0.0
  0
LINE
  5
A63
  8
0
  6
CONTINUOUS
 62
     7
 10
-54.399176137034551
 20
-45.999599999999589
 30
0.0
 11
-54.399176137034551
 21
-36.499599999999603
 31
0.0
  0
LINE
  5
A64
  8
0
  6
CONTINUOUS
 62
     7
 10
-64.999176137037651
 20
20.000400000000429
 30
0.0
 11
-52.399176137038197
 21
20.000400000000429
 31
0.0
  0
LINE
  5
A65
  8
0
  6
CONTINUOUS
 62
     7
 10
-64.499176137037651
 20
15.000400000000409
 30
0.0
 11
-64.499176137037651
 21
6.0004000000004103
 31
0.0
  0
LINE
  5
A66
  8
0
  6
CONTINUOUS
 62
     7
 10
-64.999176137037651
 20
15.000400000000409
 30
0.0
 11
-64.499176137037651
 21
15.000400000000409
 31
0.0
  0
LINE
  5
A67
  8
0
  6
CONTINUOUS
 62
     7
 10
-64.499176137037651
 20
-0.24959999893184
 30
0.0
 11
-64.499176137037651
 21
-45.999599999999589
 31
0.0
  0
LINE
  5
A68
  8
0
  6
CONTINUOUS
 62
     7
 10
-64.999176137037651
 20
-0.24959999893184
 30
0.0
 11
-64.499176137037651
 21
-0.24959999893184
 31
0.0
  0
LINE
  5
A69
  8
0
  6
CONTINUOUS
 62
     7
 10
-64.999176137037651
 20
6.0004000000004103
 30
0.0
 11
-52.399176137038197
 21
6.0004000000004103
 31
0.0
  0
LINE
  5
A6A
  8
0
  6
CONTINUOUS
 62
     7
 10
-64.499176137037651
 20
-45.999599999999589
 30
0.0
 11
-52.399176137034537
 21
-45.999599999999589
 31
0.0
  0
LINE
  5
A6B
  8
0
  6
CONTINUOUS
 62
     7
 10
-56.399176137034551
 20
-50.999600000006851
 30
0.0
 11
-56.399176137034551
 21
-59.99959910375803
 31
0.0
  0
LINE
  5
A6C
  8
0
  6
CONTINUOUS
 62
     7
 10
-64.499176137037651
 20
-50.999600000006851
 30
0.0
 11
-56.399176137034551
 21
-50.999600000006851
 31
0.0
  0
LINE
  5
A6D
  8
0
  6
CONTINUOUS
 62
     7
 10
-64.499176137037651
 20
-53.749600000006872
 30
0.0
 11
-64.499176137037651
 21
-45.999599999999589
 31
0.0
  0
LINE
  5
A6E
  8
0
  6
CONTINUOUS
 62
     7
 10
-64.999176137037651
 20
-53.749600000006872
 30
0.0
 11
-64.499176137037651
 21
-53.749600000006872
 31
0.0
  0
LINE
  5
A6F
  8
0
  6
CONTINUOUS
 62
     7
 10
-52.399176137034537
 20
-45.999599999999589
 30
0.0
 11
-23.599676137049968
 21
-45.999599999999589
 31
0.0
  0
LINE
  5
A70
  8
0
  6
CONTINUOUS
 62
     7
 10
-52.399176137038197
 20
6.0004000000004103
 30
0.0
 11
-23.59967613703996
 21
6.0004000000004103
 31
0.0
  0
LINE
  5
A71
  8
0
  6
CONTINUOUS
 62
     7
 10
-23.69967613707307
 20
-59.999599999999582
 30
0.0
 11
-52.399176137034559
 21
-59.999599999999582
 31
0.0
  0
LINE
  5
A72
  8
0
  6
CONTINUOUS
 62
     7
 10
-23.599676137073612
 20
-59.899600000001954
 30
0.0
 11
-23.69967613707307
 21
-59.999599999999582
 31
0.0
  0
LINE
  5
A73
  8
0
  6
CONTINUOUS
 62
     7
 10
-52.399176137038197
 20
22.060357596112741
 30
0.0
 11
-52.399176137038197
 21
19.000400000000429
 31
0.0
  0
LINE
  5
A74
  8
0
  6
CONTINUOUS
 62
     7
 10
-23.699676137034871
 20
20.000400000000429
 30
0.0
 11
-52.399176137038211
 21
20.000400896241061
 31
0.0
  0
LINE
  5
A75
  8
0
  6
CONTINUOUS
 62
     7
 10
-23.699676137034871
 20
20.000400000000429
 30
0.0
 11
-23.59967613703542
 21
19.900399999999141
 31
0.0
  0
LINE
  5
A76
  8
0
  6
CONTINUOUS
 62
     7
 10
10.70032386296274
 20
6.0004000000004103
 30
0.0
 11
-23.59967613703996
 21
6.0004000000004103
 31
0.0
  0
LINE
  5
A77
  8
0
  6
CONTINUOUS
 62
     7
 10
12.50032386296294
 20
20.000400000000429
 30
0.0
 11
12.50032386296294
 21
5.3202051533945092
 31
0.0
  0
LINE
  5
A78
  8
0
  6
CONTINUOUS
 62
     7
 10
10.700323862962939
 20
-45.999599999999589
 30
0.0
 11
-23.599676137049968
 21
-45.999599999999589
 31
0.0
  0
LINE
  5
A79
  8
0
  6
CONTINUOUS
 62
     7
 10
12.50032386296294
 20
-59.999599999999582
 30
0.0
 11
12.50032386296294
 21
-45.31940515339727
 31
0.0
  0
LINE
  5
A7A
  8
0
  6
CONTINUOUS
 62
     7
 10
-23.49967613703684
 20
-59.999599999999582
 30
0.0
 11
-23.59967613703542
 21
-59.899600000001954
 31
0.0
  0
LINE
  5
A7B
  8
0
  6
CONTINUOUS
 62
     7
 10
-23.59967613703542
 20
19.900399999999141
 30
0.0
 11
-23.49967613703684
 21
20.000400000000429
 31
0.0
  0
LINE
  5
A7C
  8
0
  6
CONTINUOUS
 62
     7
 10
-23.59967613703542
 20
19.900399999999141
 30
0.0
 11
-23.599676137055422
 21
-59.899599999983757
 31
0.0
  0
LINE
  5
A7D
  8
0
  6
CONTINUOUS
 62
     7
 10
-23.49967613703684
 20
-59.999599999999582
 30
0.0
 11
20.000323862966582
 21
-59.999599999999582
 31
0.0
  0
LINE
  5
A7E
  8
0
  6
CONTINUOUS
 62
     7
 10
20.000323862966582
 20
-59.999599999999582
 30
0.0
 11
20.50032386296294
 21
-59.49960000000867
 31
0.0
  0
LINE
  5
A7F
  8
0
  6
CONTINUOUS
 62
     7
 10
20.50032386296294
 20
19.500400000006781
 30
0.0
 11
20.50032386296294
 21
-59.49960000000867
 31
0.0
  0
LINE
  5
A80
  8
0
  6
CONTINUOUS
 62
     7
 10
20.50032386296294
 20
19.500400000006781
 30
0.0
 11
20.000323862966589
 21
20.000400000000429
 31
0.0
  0
LINE
  5
A81
  8
0
  6
CONTINUOUS
 62
     7
 10
20.000323862966589
 20
20.000400000000429
 30
0.0
 11
-23.49967613703684
 21
20.000400000000429
 31
0.0
  0
LINE
  5
A87
  8
0
  6
CONTINUOUS
 62
     7
 10
-65.999176137037651
 20
19.75040089209557
 30
0.0
 11
-64.999176137037651
 21
19.75040089209557
 31
0.0
  0
LINE
  5
A88
  8
0
  6
CONTINUOUS
 62
     7
 10
-68.530856292784122
 20
4.0948284162400901
 30
0.0
 11
-66.166594248065124
 21
7.6486011906422977
 31
0.0
  0
LINE
  5
A8D
  8
0
  6
CONTINUOUS
 62
     7
 10
-68.899176137038182
 20
2.8762440707656092
 30
0.0
 11
-68.899176137038182
 21
-19.999599103756228
 31
0.0
  0
LINE
  5
A8E
  8
0
  6
CONTINUOUS
 62
     7
 10
-65.999176137037651
 20
-19.999599999999589
 30
0.0
 11
-65.999176137037651
 21
19.75040089209557
 31
0.0
  0
LINE
  5
A8F
  8
0
  6
CONTINUOUS
 62
     7
 10
-68.899176137038182
 20
-19.999599103756228
 30
0.0
 11
-68.899176137038182
 21
-42.875442278276239
 31
0.0
  0
LINE
  5
A94
  8
0
  6
CONTINUOUS
 62
     7
 10
-66.166594248065124
 20
-47.708249845530602
 30
0.0
 11
-68.530856292784122
 21
-44.094026623751631
 31
0.0
  0
LINE
  5
A95
  8
0
  6
CONTINUOUS
 62
     7
 10
-65.999176137037651
 20
-59.749599099608027
 30
0.0
 11
-65.999176137037651
 21
-19.999599999999589
 31
0.0
  0
LINE
  5
A96
  8
0
  6
CONTINUOUS
 62
     7
 10
-64.999176137037651
 20
20.000400000000429
 30
0.0
 11
-64.999176137037651
 21
-59.99959910375803
 31
0.0
  0
LINE
  5
A97
  8
0
  6
CONTINUOUS
 62
     7
 10
-64.999176137037651
 20
-59.749599099608027
 30
0.0
 11
-65.999176137037651
 21
-59.749599099608027
 31
0.0
  0
LINE
  5
A98
  8
0
  6
CONTINUOUS
 62
     7
 10
-64.999176137037651
 20
-59.99959910375803
 30
0.0
 11
-52.399176137034551
 21
-59.99959910375803
 31
0.0
  0
LINE
  5
A99
  8
0
  6
CONTINUOUS
 62
     7
 10
-52.899176137038211
 20
-37.999599999999603
 30
0.0
 11
-52.89917613703728
 21
-0.24959999999959
 31
0.0
  0
LINE
  5
A9A
  8
0
  6
CONTINUOUS
 62
     7
 10
-52.89917613703728
 20
-0.24959999999959
 30
0.0
 11
-52.399176137037273
 21
-0.24959999999959
 31
0.0
  0
LINE
  5
A9B
  8
0
  6
CONTINUOUS
 62
     7
 10
-52.899176137038211
 20
-44.999599999999582
 30
0.0
 11
-52.899176137038211
 21
-53.749599999999582
 31
0.0
  0
LINE
  5
A9C
  8
0
  6
CONTINUOUS
 62
     7
 10
-52.899176137038211
 20
-53.749599999999582
 30
0.0
 11
-52.399176137034551
 21
-53.749599999999582
 31
0.0
  0
LINE
  5
A9F
  8
0
  6
CONTINUOUS
 62
     7
 10
-57.981967811028163
 20
29.321257251342619
 30
0.0
 11
-58.313713374829781
 21
28.609826593914079
 31
0.0
  0
LINE
  5
AA0
  8
0
  6
CONTINUOUS
 62
     7
 10
-54.08509658129897
 20
27.070735948948428
 30
0.0
 11
-53.881929615228913
 21
27.828965388720061
 31
0.0
  0
LINE
  5
AA1
  8
0
  6
CONTINUOUS
 62
     7
 10
-52.464974122709627
 20
24.352704053204949
 30
0.0
 11
-61.301916406716572
 21
27.569088006513599
 31
0.0
  0
LINE
  5
AA2
  8
0
  6
CONTINUOUS
 62
     7
 10
-52.399176137048208
 20
24.25873479112812
 30
0.0
 11
-52.399176137048208
 21
22.343214800670982
 31
0.0
  0
LINE
  5
AA3
  8
0
  6
CONTINUOUS
 62
     7
 10
-62.643995381338932
 20
26.072024061028571
 30
0.0
 11
-61.412722865359882
 21
27.539397505402629
 31
0.0
  0
LINE
  5
AA4
  8
0
  6
CONTINUOUS
 62
     7
 10
-52.530772108376553
 20
22.248297016513391
 30
0.0
 11
-62.601592951239773
 21
25.913776037940409
 31
0.0
  0
LINE
  5
AA5
  8
0
  6
CONTINUOUS
 62
     7
 10
-60.018858782579812
 20
29.160665804751769
 30
0.0
 11
-61.254692170279853
 21
27.694952381932641
 31
0.0
  0
LINE
  5
AA6
  8
0
  6
CONTINUOUS
 62
     7
 10
-59.33228467829867
 20
29.974951039650989
 30
0.0
 11
-60.018858782579812
 21
29.160665804751769
 31
0.0
  0
LINE
  5
AA8
  8
0
  6
CONTINUOUS
 62
     7
 10
-59.908205456098777
 20
29.1901742502701
 30
0.0
 11
-56.199404978058922
 21
27.840281271430811
 31
0.0
  0
LINE
  5
AAB
  8
0
  6
CONTINUOUS
 62
     7
 10
-56.199404978058922
 20
27.840281271430811
 30
0.0
 11
-52.49060450002996
 21
26.490388292592399
 31
0.0
  0
LINE
  5
AAC
  8
0
  6
CONTINUOUS
 62
     7
 10
-53.854812351758653
 20
28.05109711644997
 30
0.0
 11
-52.493138317659202
 21
27.555488299264258
 31
0.0
  0
LINE
  5
AAD
  8
0
  6
CONTINUOUS
 62
     7
 10
-52.424806797329609
 20
26.396656924650021
 30
0.0
 11
-52.427340614958851
 21
27.461756931324601
 31
0.0
  0
LINE
  5
AAE
  8
0
  6
CONTINUOUS
 62
     7
 10
-52.420245925598643
 20
24.479476912641591
 30
0.0
 11
-52.424806797329609
 21
26.396656924650021
 31
0.0
  0
LINE
  5
AB0
  8
0
  6
CONTINUOUS
 62
     7
 10
-59.221631351817607
 20
30.004459485168411
 30
0.0
 11
-57.859957317720003
 21
29.508850667983609
 31
0.0
  0
LINE
  5
AB1
  8
0
  6
CONTINUOUS
 62
     7
 10
-62.80419899434871
 20
25.77468305242343
 30
0.0
 11
-64.999176137037651
 21
20.000400000000429
 31
0.0
  0
LINE
  5
ACA
  8
0
  6
CONTINUOUS
 62
     7
 10
-56.399176137038197
 20
-58.499600000006851
 30
0.0
 11
-56.899176137038197
 21
-58.499600000006851
 31
0.0
  0
LINE
  5
ACB
  8
0
  6
CONTINUOUS
 62
     7
 10
-56.899176137038197
 20
-52.499600000006872
 30
0.0
 11
-56.899176137038197
 21
-58.499600000006851
 31
0.0
  0
LINE
  5
ACC
  8
0
  6
CONTINUOUS
 62
     7
 10
-56.899176137038197
 20
-52.499600000006872
 30
0.0
 11
-56.399176137038197
 21
-52.499600000006872
 31
0.0
  0
LINE
  5
ACD
  8
0
  6
CONTINUOUS
 62
     7
 10
-57.59917613702892
 20
-52.549600000007963
 30
0.0
 11
-56.899176137038197
 21
-52.549600000007963
 31
0.0
  0
LINE
  5
ACE
  8
0
  6
CONTINUOUS
 62
     7
 10
-57.59917613702892
 20
-52.549600000007963
 30
0.0
 11
-57.59917613702892
 21
-58.449600000007592
 31
0.0
  0
LINE
  5
ACF
  8
0
  6
CONTINUOUS
 62
     7
 10
-56.899176137038197
 20
-58.449600000007592
 30
0.0
 11
-57.59917613702892
 21
-58.449600000007592
 31
0.0
  0
LINE
  5
AD0
  8
0
  6
CONTINUOUS
 62
     7
 10
-58.44642501989911
 20
-58.175475327568563
 30
0.0
 11
-57.59917613702892
 21
-58.249600000006858
 31
0.0
  0
LINE
  5
AD1
  8
0
  6
CONTINUOUS
 62
     7
 10
-57.59917613702892
 20
-52.749600000006851
 30
0.0
 11
-58.44642501989911
 21
-52.823724672444243
 31
0.0
  0
LINE
  5
AD2
  8
0
  6
DASH_CENTER
 62
     1
 10
-54.899176137038197
 20
-55.499600000006872
 30
0.0
 11
-61.279176137040103
 21
-55.499600000006872
 31
0.0
  0
LINE
  5
AD6
  8
0
  6
DASH_CENTER
 62
     1
 10
179.1003238629562
 20
14.937343197710611
 30
0.0
 11
179.1003238629562
 21
38.000400000000397
 31
0.0
  0
LINE
  5
AEE
  8
0
  6
DASH_CENTER
 62
     1
 10
177.0003238629586
 20
-64.999599999999575
 30
0.0
 11
177.0003238629586
 21
38.000400000000397
 31
0.0
  0
LINE
  5
AEF
  8
0
  6
DASH_CENTER
 62
     1
 10
132.0003238629586
 20
-19.999599999999589
 30
0.0
 11
222.0003238629586
 21
-19.999599999999589
 31
0.0
  0
LINE
  5
AF0
  8
0
  6
CONTINUOUS
 62
     7
 10
137.0003238629586
 20
14.000400000000409
 30
0.0
 11
137.0003238629586
 21
-53.999599999999582
 31
0.0
  0
LINE
  5
AF1
  8
0
  6
CONTINUOUS
 62
     7
 10
143.0003238629586
 20
-59.999599999999582
 30
0.0
 11
211.0003238629586
 21
-59.999599999999582
 31
0.0
  0
LINE
  5
AF2
  8
0
  6
CONTINUOUS
 62
     7
 10
217.0003238629586
 20
-53.999599999999582
 30
0.0
 11
217.0003238629586
 21
14.000400000000409
 31
0.0
  0
LINE
  5
AF3
  8
0
  6
CONTINUOUS
 62
     7
 10
143.0003238629586
 20
20.000400000000411
 30
0.0
 11
211.0003238629586
 21
20.000400000000411
 31
0.0
  0
LINE
  5
AF4
  8
0
  6
DASH_CENTER
 62
     1
 10
149.42315939668131
 20
7.5775644662732304
 30
0.0
 11
140.93787802244131
 21
16.06284584051232
 31
0.0
  0
LINE
  5
AF5
  8
0
  6
DASH_CENTER
 62
     1
 10
149.42315939668859
 20
-47.576764466276849
 30
0.0
 11
140.93787802244859
 21
-56.062045840513221
 31
0.0
  0
LINE
  5
AF6
  8
0
  6
DASH_CENTER
 62
     1
 10
204.57748832923309
 20
-47.576764466271392
 30
0.0
 11
213.06276970347221
 21
-56.062045840511367
 31
0.0
  0
LINE
  5
AF7
  8
0
  6
DASH_CENTER
 62
     1
 10
204.57748832922951
 20
7.5775644662786288
 30
0.0
 11
213.06276970346951
 21
16.062845840515021
 31
0.0
  0
LINE
  5
BB5
  8
0
  6
CONTINUOUS
 62
     7
 10
-23.59937613704572
 20
-95.099599999996286
 30
0.0
 11
-23.49937613704445
 21
-94.99959999999777
 31
0.0
  0
LINE
  5
BB6
  8
0
  6
CONTINUOUS
 62
     7
 10
-23.699376137086102
 20
-94.99959999999777
 30
0.0
 11
-23.599376137085709
 21
-95.099599999996286
 31
0.0
  0
LINE
  5
BB7
  8
0
  6
CONTINUOUS
 62
     7
 10
10.700323862962939
 20
20.000400000000429
 30
0.0
 11
10.70032386296273
 21
5.3202051533945092
 31
0.0
  0
LINE
  5
BB8
  8
0
  6
CONTINUOUS
 62
     7
 10
10.70032386296273
 20
-45.31940515339727
 30
0.0
 11
10.700323862962939
 21
-59.999599999999582
 31
0.0
  0
LINE
  5
BB9
  8
0
  6
CONTINUOUS
 62
     7
 10
10.70032386296273
 20
-109.6797948466055
 30
0.0
 11
10.700323862962939
 21
-94.999599999999603
 31
0.0
  0
LINE
  5
BBA
  8
0
  6
CONTINUOUS
 62
     7
 10
10.70032386296273
 20
-160.3194051533973
 30
0.0
 11
10.700323862962939
 21
-174.99960000000141
 31
0.0
  0
LINE
  5
BBB
  8
0
  6
CONTINUOUS
 62
     7
 10
10.70032386296273
 20
5.3202051533945092
 30
0.0
 11
12.50032386296294
 21
5.3202051533945092
 31
0.0
  0
LINE
  5
BBC
  8
0
  6
CONTINUOUS
 62
     7
 10
12.50032386296294
 20
-45.31940515339727
 30
0.0
 11
10.70032386296273
 21
-45.31940515339727
 31
0.0
  0
LINE
  5
BBD
  8
0
  6
CONTINUOUS
 62
     7
 10
10.70032386296273
 20
-109.6797948466055
 30
0.0
 11
12.50032386296294
 21
-109.6797948466055
 31
0.0
  0
LINE
  5
BBE
  8
0
  6
CONTINUOUS
 62
     7
 10
12.50032386296294
 20
-160.3194051533973
 30
0.0
 11
10.70032386296273
 21
-160.3194051533973
 31
0.0
  0
ARC
  5
BBF
  8
0
  6
CONTINUOUS
 62
     7
 10
-58.359269277159179
 20
-115.17927973323231
 30
0.0
 40
0.9999999999956379
 50
196.25702789656441
 51
265.00000000042962
  0
ARC
  5
BC0
  8
0
  6
CONTINUOUS
 62
     7
 10
-52.59917613702801
 20
-113.49959910375991
 30
0.0
 40
7.0
 50
180.0
 51
196.25702789660431
  0
ARC
  5
BC1
  8
0
  6
CONTINUOUS
 62
     7
 10
-52.59917613702801
 20
-113.49959910375991
 30
0.0
 40
6.9999999999965956
 50
163.74297210339489
 51
180.0
  0
ARC
  5
BC2
  8
0
  6
CONTINUOUS
 62
     7
 10
-58.359269277159179
 20
-111.8199184742884
 30
0.0
 40
0.9999999999986844
 50
94.999999999561354
 51
163.7429721033802
  0
ARC
  5
BC3
  8
0
  6
CONTINUOUS
 62
     7
 10
-61.699176137049292
 20
-170.499599999965
 30
0.0
 40
6.0
 50
180.0
 51
195.44271582757651
  0
ARC
  5
BC4
  8
0
  6
CONTINUOUS
 62
     7
 10
-66.711441347120143
 20
-169.1149710013037
 30
0.0
 40
0.7999999999976614
 50
94.999999999961133
 51
164.5572841724213
  0
ARC
  5
BC5
  8
0
  6
CONTINUOUS
 62
     7
 10
-61.699176137049292
 20
-170.499599999965
 30
0.0
 40
6.0000000000033831
 50
164.55728417241619
 51
180.0
  0
ARC
  5
BC6
  8
0
  6
CONTINUOUS
 62
     7
 10
-66.711441347120143
 20
-171.88422899862641
 30
0.0
 40
0.8000000000011805
 50
195.44271582751591
 51
265.00000000003303
  0
ARC
  5
BC7
  8
0
  6
CONTINUOUS
 62
     7
 10
-67.611441347119765
 20
-100.8842289986173
 30
0.0
 40
0.8000000000027053
 50
195.44271582741811
 51
264.99999999990803
  0
ARC
  5
BC8
  8
0
  6
CONTINUOUS
 62
     7
 10
-62.599176137048921
 20
-99.499599999955905
 30
0.0
 40
6.0000000000049161
 50
164.55728417242869
 51
180.0
  0
ARC
  5
BC9
  8
0
  6
CONTINUOUS
 62
     7
 10
-67.611441347119765
 20
-98.114971001296425
 30
0.0
 40
0.8000000000005108
 50
95.000000000074991
 51
164.55728417239351
  0
ARC
  5
BCA
  8
0
  6
CONTINUOUS
 62
     7
 10
-62.599176137048921
 20
-99.499599999955905
 30
0.0
 40
6.0000000000000213
 50
180.0
 51
195.44271582756309
  0
ARC
  5
BCB
  8
0
  6
CONTINUOUS
 62
     7
 10
-66.711441347120143
 20
-122.38422899865461
 30
0.0
 40
0.8000000000014191
 50
195.4427158275777
 51
265.00000000004439
  0
ARC
  5
BCC
  8
0
  6
CONTINUOUS
 62
     7
 10
-61.699176137049292
 20
-120.9995999999941
 30
0.0
 40
6.0000000000031379
 50
164.55728417242449
 51
180.0
  0
ARC
  5
BCD
  8
0
  6
CONTINUOUS
 62
     7
 10
-66.711441347120143
 20
-119.6149710013346
 30
0.0
 40
0.7999999999994311
 50
94.999999999950035
 51
164.55728417236051
  0
ARC
  5
BCE
  8
0
  6
CONTINUOUS
 62
     7
 10
-61.699176137049292
 20
-120.9995999999941
 30
0.0
 40
6.0
 50
180.0
 51
195.44271582757639
  0
ARC
  5
BCF
  8
0
  6
CONTINUOUS
 62
     7
 10
-66.99917613703856
 20
-106.79749683413721
 30
0.0
 40
0.9999999999965819
 50
326.3648811785846
 51
0.0
  0
ARC
  5
BD0
  8
0
  6
CONTINUOUS
 62
     7
 10
-66.699176137060206
 20
-112.1237559292353
 30
0.0
 40
2.199999999983218
 50
146.36488117884539
 51
180.0
  0
ARC
  5
BD1
  8
0
  6
CONTINUOUS
 62
     7
 10
-66.699176137060206
 20
-157.87544227827809
 30
0.0
 40
2.1999999999779898
 50
180.0
 51
213.63511882121321
  0
ARC
  5
BD2
  8
0
  6
CONTINUOUS
 62
     7
 10
-66.99917613703856
 20
-163.26215182075109
 30
0.0
 40
1.0
 50
0.0
 51
33.635118821243744
  0
ARC
  5
BE2
  8
0
  6
CONTINUOUS
 62
     7
 10
-176.3492821620294
 20
24.90040000000187
 30
0.0
 40
4.4999999999982441
 50
72.673533252843413
 51
90.000000000011198
  0
ARC
  5
BE3
  8
0
  6
CONTINUOUS
 62
     7
 10
-176.3492821620294
 20
24.90040000000187
 30
0.0
 40
4.5
 50
90.000000000011198
 51
107.326466747312
  0
ARC
  5
BE4
  8
0
  6
CONTINUOUS
 62
     7
 10
-152.99928216203099
 20
-53.999599999999603
 30
0.0
 40
6.0000000000017968
 50
270.0
 51
0.0
  0
ARC
  5
BE5
  8
0
  6
DASH_CENTER
 62
     1
 10
-186.99928216203099
 20
-19.999599999999589
 30
0.0
 40
44.999999999995367
 50
307.35489254144568
 51
322.64510745854727
  0
ARC
  5
BE6
  8
0
  6
DASH_CENTER
 62
     1
 10
-186.99928216203099
 20
-19.999599999999589
 30
0.0
 40
45.000000000005151
 50
217.35489254144491
 51
232.64510745854511
  0
ARC
  5
BE7
  8
0
  6
CONTINUOUS
 62
     7
 10
-220.99928216203099
 20
-53.999599999999603
 30
0.0
 40
6.0
 50
180.0
 51
270.0
  0
ARC
  5
BE8
  8
0
  6
DASH_CENTER
 62
     1
 10
-186.99928216203099
 20
-19.999599999999589
 30
0.0
 40
45.000000000002288
 50
127.35489254145349
 51
142.64510745855409
  0
ARC
  5
BE9
  8
0
  6
CONTINUOUS
 62
     7
 10
-220.99928216203099
 20
14.000400000000409
 30
0.0
 40
6.0000000000000169
 50
90.0
 51
180.0
  0
ARC
  5
BEA
  8
0
  6
DASH_CENTER
 62
     1
 10
-186.99928216203099
 20
-19.999599999999589
 30
0.0
 40
44.999999999997733
 50
37.354892541453573
 51
52.64510745855565
  0
ARC
  5
BEB
  8
0
  6
CONTINUOUS
 62
     7
 10
-152.99928216203099
 20
14.000400000000409
 30
0.0
 40
6.0
 50
0.0
 51
90.0
  0
ARC
  5
BEC
  8
0
  6
CONTINUOUS
 62
     7
 10
-170.49928216207101
 20
-54.249600000008677
 30
0.0
 40
0.5
 50
0.0
 51
20.41365818033924
  0
ARC
  5
BED
  8
0
  6
CONTINUOUS
 62
     7
 10
-174.24928216207101
 20
-59.49960000000867
 30
0.0
 40
0.4999999999863677
 50
210.00000054846609
 51
270.0
  0
ARC
  5
BEE
  8
0
  6
CONTINUOUS
 62
     7
 10
-199.74928216203099
 20
19.500400000000429
 30
0.0
 40
0.4999999999945708
 50
29.999999451591538
 51
90.0
  0
ARC
  5
BEF
  8
0
  6
CONTINUOUS
 62
     7
 10
-203.49928216203099
 20
14.250400000000409
 30
0.0
 40
0.5
 50
180.0
 51
200.41365851994149
  0
ARC
  5
BF0
  8
0
  6
CONTINUOUS
 62
     7
 10
-152.74928216343071
 20
5.5004000010663381
 30
0.0
 40
0.5
 50
90.0
 51
150.000000689671
  0
ARC
  5
BF1
  8
0
  6
CONTINUOUS
 62
     7
 10
-147.49928216343071
 20
0.25040000106816
 30
0.0
 40
0.5000000000026343
 50
300.0000001850342
 51
0.0
  0
ARC
  5
BF2
  8
0
  6
CONTINUOUS
 62
     7
 10
-208.99928216203099
 20
16.000400000000429
 30
0.0
 40
4.0
 50
90.0
 51
180.0
  0
ARC
  5
BF3
  8
0
  6
CONTINUOUS
 62
     7
 10
-220.49928216203099
 20
13.500400000000409
 30
0.0
 40
7.4999999999999973
 50
270.0
 51
0.0
  0
ARC
  5
BF4
  8
0
  6
CONTINUOUS
 62
     7
 10
-222.99928216203099
 20
2.000400000000409
 30
0.0
 40
4.0
 50
90.0
 51
180.0
  0
ARC
  5
BF5
  8
0
  6
CONTINUOUS
 62
     7
 10
-222.99928216202829
 20
-41.99959999999686
 30
0.0
 40
4.0000000000136131
 50
180.00000000001299
 51
270.0
  0
ARC
  5
BF6
  8
0
  6
CONTINUOUS
 62
     7
 10
-220.49928216202829
 20
-53.49959999999686
 30
0.0
 40
7.5
 50
0.0
 51
90.0
  0
ARC
  5
BF7
  8
0
  6
CONTINUOUS
 62
     7
 10
-208.99928216202829
 20
-55.99959999999686
 30
0.0
 40
4.0
 50
180.0
 51
269.99999999996129
  0
ARC
  5
BF8
  8
0
  6
CONTINUOUS
 62
     7
 10
-150.99928216203099
 20
-41.999599999999589
 30
0.0
 40
4.0
 50
270.0
 51
0.0
  0
ARC
  5
BF9
  8
0
  6
CONTINUOUS
 62
     7
 10
-153.49928216204191
 20
-53.499599999999603
 30
0.0
 40
7.5
 50
89.999999999916625
 51
180.0
  0
ARC
  5
BFA
  8
0
  6
CONTINUOUS
 62
     7
 10
-164.99928216203099
 20
-55.999599999999603
 30
0.0
 40
4.0000000000017977
 50
270.0
 51
0.0
  0
ARC
  5
BFB
  8
0
  6
CONTINUOUS
 62
     7
 10
-150.99928216203099
 20
2.000400000000409
 30
0.0
 40
3.9999999999890861
 50
0.0
 51
90.000000000156305
  0
ARC
  5
BFC
  8
0
  6
CONTINUOUS
 62
     7
 10
-221.24928216047209
 20
-45.499600001209217
 30
0.0
 40
0.5
 50
270.0
 51
329.11661078760801
  0
ARC
  5
BFD
  8
0
  6
CONTINUOUS
 62
     7
 10
-226.49928216047209
 20
-40.249600001209217
 30
0.0
 40
0.5000000000001517
 50
120.000000126595
 51
180.0
  0
ARC
  5
BFE
  8
0
  6
CONTINUOUS
 62
     7
 10
-208.49928216203099
 20
15.500400000000409
 30
0.0
 40
4.5
 50
270.0
 51
0.0
  0
ARC
  5
BFF
  8
0
  6
CONTINUOUS
 62
     7
 10
-165.49928216203099
 20
-55.499599999999589
 30
0.0
 40
4.4999999999909237
 50
90.0
 51
180.0
  0
ARC
  5
C00
  8
0
  6
CONTINUOUS
 62
     7
 10
-161.86588242738091
 20
-48.999600000008662
 30
0.0
 40
2.0
 50
270.0
 51
331.7262863687223
  0
ARC
  5
C01
  8
0
  6
CONTINUOUS
 62
     7
 10
-171.99928216207101
 20
-57.999599999999589
 30
0.0
 40
2.0000000000017981
 50
270.0
 51
0.0
  0
ARC
  5
C02
  8
0
  6
CONTINUOUS
 62
     7
 10
-201.99928216203099
 20
18.000400000000429
 30
0.0
 40
2.0
 50
90.0
 51
180.0
  0
ARC
  5
C03
  8
0
  6
CONTINUOUS
 62
     7
 10
-212.13268189669111
 20
9.0004000000004076
 30
0.0
 40
1.999999999999998
 50
90.0
 51
151.72628636865039
  0
ARC
  5
C04
  8
0
  6
CONTINUOUS
 62
     7
 10
-150.99928216204191
 20
2.0003999958503891
 30
0.0
 40
3.750000000010913
 50
0.0
 51
90.0
  0
ARC
  5
C05
  8
0
  6
CONTINUOUS
 62
     7
 10
-222.99928216142891
 20
-41.999600004146892
 30
0.0
 40
3.75
 50
180.0
 51
270.0
  0
ARC
  5
C06
  8
0
  6
CONTINUOUS
 62
     7
 10
-153.49928216142891
 20
-53.499600004146892
 30
0.0
 40
7.75
 50
90.0
 51
151.7267904893119
  0
ARC
  5
C07
  8
0
  6
CONTINUOUS
 62
     7
 10
-150.9992821610706
 20
-41.999600006922641
 30
0.0
 40
3.75
 50
270.0
 51
0.0
  0
ARC
  5
C08
  8
0
  6
CONTINUOUS
 62
     7
 10
-161.86588242865059
 20
-48.999600011069973
 30
0.0
 40
1.75
 50
270.0
 51
331.72851906508771
  0
ARC
  5
C09
  8
0
  6
CONTINUOUS
 62
     7
 10
-165.49928216146071
 20
-55.499600004153251
 30
0.0
 40
4.75
 50
90.0
 51
180.0
  0
ARC
  5
C0A
  8
0
  6
CONTINUOUS
 62
     7
 10
-171.99928216146071
 20
-57.999600004145961
 30
0.0
 40
1.75
 50
270.0
 51
0.0
  0
ARC
  5
C0B
  8
0
  6
CONTINUOUS
 62
     7
 10
-208.99928216142891
 20
-55.999600004146892
 30
0.0
 40
3.75
 50
180.0
 51
270.0
  0
ARC
  5
C0C
  8
0
  6
CONTINUOUS
 62
     7
 10
-220.49928216142891
 20
-53.499600004146892
 30
0.0
 40
7.75
 50
0.0
 51
90.0
  0
ARC
  5
C0D
  8
0
  6
CONTINUOUS
 62
     7
 10
-222.99928216142891
 20
2.00039999585311
 30
0.0
 40
3.75
 50
90.0
 51
180.0
  0
ARC
  5
C0E
  8
0
  6
CONTINUOUS
 62
     7
 10
-220.49928216142891
 20
13.500399995853121
 30
0.0
 40
7.7500000000000027
 50
270.0
 51
331.72628639703453
  0
ARC
  5
C0F
  8
0
  6
CONTINUOUS
 62
     7
 10
-212.13268189386071
 20
9.0004000000004076
 30
0.0
 40
1.749999999999998
 50
90.0
 51
151.72628639699451
  0
ARC
  5
C10
  8
0
  6
CONTINUOUS
 62
     7
 10
-201.99928216203099
 20
18.000399995854028
 30
0.0
 40
1.75
 50
90.0
 51
180.0
  0
ARC
  5
C11
  8
0
  6
CONTINUOUS
 62
     7
 10
-208.49928216203099
 20
15.500400000000409
 30
0.0
 40
4.75
 50
270.0
 51
0.0
  0
ARC
  5
C12
  8
0
  6
CONTINUOUS
 62
     7
 10
-164.9992821626403
 20
16.00040000414862
 30
0.0
 40
3.75
 50
0.0
 51
90.0
  0
ARC
  5
C13
  8
0
  6
CONTINUOUS
 62
     7
 10
-164.99928216204191
 20
16.00039999999677
 30
0.0
 40
4.0
 50
0.0
 51
90.0
  0
ARC
  5
C14
  8
0
  6
CONTINUOUS
 62
     7
 10
-153.49928216204191
 20
13.50039999999677
 30
0.0
 40
7.5
 50
180.0
 51
270.0
  0
ARC
  5
C15
  8
0
  6
CONTINUOUS
 62
     7
 10
-153.4992821626403
 20
13.50040000414862
 30
0.0
 40
7.75
 50
180.0
 51
270.0
  0
ARC
  5
C16
  8
0
  6
CONTINUOUS
 62
     7
 10
-199.2992821620403
 20
25.744764384314809
 30
0.0
 40
0.199999999999811
 50
90.0
 51
180.0
  0
ARC
  5
C17
  8
0
  6
CONTINUOUS
 62
     7
 10
-174.6992821620299
 20
25.744764384314809
 30
0.0
 40
0.1999999999989086
 50
0.0
 51
90.0
  0
ARC
  5
C18
  8
0
  6
CONTINUOUS
 62
     7
 10
-174.6992821620299
 20
27.37517932250336
 30
0.0
 40
0.1999999999989086
 50
0.0
 51
90.0
  0
ARC
  5
C19
  8
0
  6
CONTINUOUS
 62
     7
 10
-199.2992821620403
 20
27.37517932250336
 30
0.0
 40
0.2000000000007205
 50
90.0
 51
180.0
  0
ARC
  5
C1A
  8
0
  6
CONTINUOUS
 62
     7
 10
-199.2992821620403
 20
28.9962049881902
 30
0.0
 40
0.2000000000007205
 50
90.0
 51
180.0
  0
ARC
  5
C1B
  8
0
  6
CONTINUOUS
 62
     7
 10
-174.6992821620299
 20
28.9962049881902
 30
0.0
 40
0.1999999999989086
 50
0.0
 51
90.0
  0
ARC
  5
C22
  8
0
  6
DASH_CENTER
 62
     1
 10
-56.501391818499719
 20
43.237693667294103
 30
0.0
 40
5.5499999999990957
 50
340.00000000004701
 51
0.0
  0
ARC
  5
C23
  8
0
  6
CONTINUOUS
 62
     7
 10
-56.501391818499719
 20
43.237693667294103
 30
0.0
 40
8.0999999999994916
 50
340.00000000004331
 51
0.0
  0
ARC
  5
C24
  8
0
  6
CONTINUOUS
 62
     7
 10
-59.650899103802843
 20
105.04966092795129
 30
0.0
 40
1.55008352585037
 50
268.1333061965579
 51
339.24682885553779
  0
ARC
  5
C25
  8
0
  6
CONTINUOUS
 62
     7
 10
-61.699176137046557
 20
-55.499599999963209
 30
0.0
 40
6.0000000000000071
 50
180.0
 51
195.4427158275852
  0
ARC
  5
C26
  8
0
  6
CONTINUOUS
 62
     7
 10
-66.711441347110124
 20
-54.114971001303672
 30
0.0
 40
0.7999999999997506
 50
95.000000000211585
 51
164.55728417249099
  0
ARC
  5
C27
  8
0
  6
CONTINUOUS
 62
     7
 10
-61.699176137046557
 20
-55.499599999963209
 30
0.0
 40
5.9999999999994138
 50
164.55728417242301
 51
180.0
  0
ARC
  5
C28
  8
0
  6
CONTINUOUS
 62
     7
 10
-66.711441347110124
 20
-56.884228998624572
 30
0.0
 40
0.8000000000047007
 50
195.44271582744631
 51
264.99999999978291
  0
ARC
  5
C29
  8
0
  6
CONTINUOUS
 62
     7
 10
-67.611441347117946
 20
0.19985996912561
 30
0.0
 40
0.7999999999950577
 50
195.44271582763699
 51
265.00000000049761
  0
ARC
  5
C2A
  8
0
  6
CONTINUOUS
 62
     7
 10
-62.599176137048921
 20
1.5844889677860601
 30
0.0
 40
5.9999999999952722
 50
164.5572841724032
 51
180.0
  0
ARC
  5
C2B
  8
0
  6
CONTINUOUS
 62
     7
 10
-67.611441347117946
 20
2.9691179664455891
 30
0.0
 40
0.7999999999997984
 50
94.999999999491024
 51
164.5572841722373
  0
ARC
  5
C2C
  8
0
  6
CONTINUOUS
 62
     7
 10
-62.599176137048921
 20
1.5844889677860601
 30
0.0
 40
6.0000000000000213
 50
180.0
 51
195.44271582758839
  0
ARC
  5
C2D
  8
0
  6
CONTINUOUS
 62
     7
 10
-66.711441347110124
 20
14.115771001383621
 30
0.0
 40
0.8000000000047007
 50
195.44271582744631
 51
264.99999999978269
  0
ARC
  5
C2E
  8
0
  6
CONTINUOUS
 62
     7
 10
-61.699176137046557
 20
15.50040000004407
 30
0.0
 40
5.9999999999996509
 50
164.5572841724148
 51
180.0
  0
ARC
  5
C2F
  8
0
  6
CONTINUOUS
 62
     7
 10
-66.711441347110124
 20
16.8850289987036
 30
0.0
 40
0.8000000000006778
 50
95.000000000205802
 51
164.55728417242821
  0
ARC
  5
C30
  8
0
  6
CONTINUOUS
 62
     7
 10
-61.699176137046557
 20
15.50040000004407
 30
0.0
 40
6.0000000000000071
 50
180.0
 51
195.4427158275769
  0
ARC
  5
C31
  8
0
  6
CONTINUOUS
 62
     7
 10
-66.999176137037651
 20
8.2025031658627707
 30
0.0
 40
0.9999999999990992
 50
326.36488117874433
 51
0.0
  0
ARC
  5
C32
  8
0
  6
CONTINUOUS
 62
     7
 10
-66.699176137051111
 20
2.8762440707656092
 30
0.0
 40
2.1999999999867228
 50
146.36488117887859
 51
180.0
  0
ARC
  5
C33
  8
0
  6
CONTINUOUS
 62
     7
 10
-66.699176137051111
 20
-42.875442278276239
 30
0.0
 40
2.199999999987083
 50
180.0
 51
213.63511882114079
  0
ARC
  5
C34
  8
0
  6
CONTINUOUS
 62
     7
 10
-66.999176137037651
 20
-48.262151820749253
 30
0.0
 40
1.0
 50
0.0
 51
33.635118821168952
  0
ARC
  5
C35
  8
0
  6
CONTINUOUS
 62
     7
 10
-57.256921581396647
 20
28.983162641949608
 30
0.0
 40
0.8000000000003005
 50
85.44271582770493
 51
155.0000000000372
  0
ARC
  5
C36
  8
0
  6
CONTINUOUS
 62
     7
 10
-57.670091594357672
 20
23.799603002051811
 30
0.0
 40
5.9999999999977138
 50
70.000000000048487
 51
85.442715827650659
  0
ARC
  5
C37
  8
0
  6
CONTINUOUS
 62
     7
 10
-57.670091594357672
 20
23.799603002051811
 30
0.0
 40
5.9999999999936424
 50
54.557284172474567
 51
70.000000000048487
  0
ARC
  5
C38
  8
0
  6
CONTINUOUS
 62
     7
 10
-54.654670276258202
 20
28.0360206248011
 30
0.0
 40
0.7999999999978346
 50
345.00000000003092
 51
54.55728417271024
  0
ARC
  5
C39
  8
0
  6
CONTINUOUS
 62
     7
 10
-52.4991761371286
 20
22.34321480079285
 30
0.0
 40
0.100000000086496
 50
250.00000006962091
 51
359.9999999301744
  0
ARC
  5
C3A
  8
0
  6
CONTINUOUS
 62
     7
 10
-52.499176137048543
 20
24.258734791125391
 30
0.0
 40
0.1000000000003425
 50
0.00000000156331
 51
69.999999997133585
  0
ARC
  5
C3B
  8
0
  6
CONTINUOUS
 62
     7
 10
-61.3361184210491
 20
27.47511874443131
 30
0.0
 40
0.1000000000034626
 50
70.000000000745459
 51
139.99999999841901
  0
ARC
  5
C3C
  8
0
  6
CONTINUOUS
 62
     7
 10
-62.567390936879931
 20
26.007745300099089
 30
0.0
 40
0.1000000000875196
 50
140.0000000713745
 51
249.9999999285335
  0
ARC
  5
C3D
  8
0
  6
CONTINUOUS
 62
     7
 10
-52.599176137038903
 20
22.060358492354279
 30
0.0
 40
0.199999999990716
 50
0.0
 51
70.000000000934676
  0
ARC
  5
C3E
  8
0
  6
CONTINUOUS
 62
     7
 10
-62.616260470198711
 20
25.706279023757421
 30
0.0
 40
0.2000000000004716
 50
69.999999998956952
 51
159.99999999906399
  0
ARC
  5
C3F
  8
0
  6
CONTINUOUS
 62
     7
 10
-61.178240858138643
 20
27.630491565371418
 30
0.0
 40
0.0999999999992611
 50
139.86369657123001
 51
250.00000000216491
  0
ARC
  5
C40
  8
0
  6
CONTINUOUS
 62
     7
 10
-59.942407470437679
 20
29.096204988192369
 30
0.0
 40
0.1000000000013666
 50
69.999999996409187
 51
139.86369657236429
  0
ARC
  5
C41
  8
0
  6
CONTINUOUS
 62
     7
 10
-59.255833366156551
 20
29.910490223091589
 30
0.0
 40
0.1000000000005192
 50
69.999999996219472
 51
139.86369657236429
  0
ARC
  5
C42
  8
0
  6
CONTINUOUS
 62
     7
 10
-52.527340331989947
 20
27.461519037187429
 30
0.0
 40
0.0999999999995991
 50
0.13630342887426
 51
70.000000000647077
  0
ARC
  5
C43
  8
0
  6
CONTINUOUS
 62
     7
 10
-52.5248065143589
 20
26.39641903051557
 30
0.0
 40
0.0999999999977736
 50
0.13630342731751
 51
70.000000001618801
  0
ARC
  5
C44
  8
0
  6
CONTINUOUS
 62
     7
 10
-52.520245642628844
 20
24.479239018505329
 30
0.0
 40
0.099999999999967
 50
250.0000000016714
 51
0.13630342835439
  0
ARC
  5
C55
  8
0
  6
CONTINUOUS
 62
     7
 10
-58.359269277159179
 20
-57.179280629478342
 30
0.0
 40
0.9999999999959127
 50
196.2570278966183
 51
265.00000000043423
  0
ARC
  5
C56
  8
0
  6
CONTINUOUS
 62
     7
 10
-52.59917613702892
 20
-55.499600000006872
 30
0.0
 40
7.0
 50
180.0
 51
196.2570278966067
  0
ARC
  5
C57
  8
0
  6
CONTINUOUS
 62
     7
 10
-52.59917613702892
 20
-55.499600000006872
 30
0.0
 40
6.9999999999957101
 50
163.7429721033931
 51
180.0
  0
ARC
  5
C58
  8
0
  6
CONTINUOUS
 62
     7
 10
-58.359269277159179
 20
-53.819919370535381
 30
0.0
 40
0.9999999999987128
 50
94.999999999561197
 51
163.7429721033817
  0
ARC
  5
C65
  8
0
  6
DASH_CENTER
 62
     1
 10
177.0003238629586
 20
-19.999600000001379
 30
0.0
 40
45.000000000002899
 50
127.3548925414545
 51
142.64510745855139
  0
ARC
  5
C66
  8
0
  6
DASH_CENTER
 62
     1
 10
177.0003238629595
 20
-19.999599999999589
 30
0.0
 40
44.999999999998991
 50
217.35489254145381
 51
232.64510745855111
  0
ARC
  5
C67
  8
0
  6
DASH_CENTER
 62
     1
 10
177.0003238629586
 20
-19.99959999999777
 30
0.0
 40
45.000000000001172
 50
307.3548925414517
 51
322.64510745855011
  0
ARC
  5
C68
  8
0
  6
DASH_CENTER
 62
     1
 10
177.0003238629595
 20
-19.999599999999589
 30
0.0
 40
44.999999999997542
 50
37.354892541455193
 51
52.64510745855199
  0
CIRCLE
  5
C97
  8
0
  6
CONTINUOUS
 62
     7
 10
-155.1794770086419
 20
-51.819405153394129
 30
0.0
 40
3.0
  0
CIRCLE
  5
C98
  8
0
  6
CONTINUOUS
 62
     7
 10
-218.81908731543101
 20
-51.819405153394129
 30
0.0
 40
3.0
  0
CIRCLE
  5
C99
  8
0
  6
CONTINUOUS
 62
     7
 10
-218.81908731543101
 20
11.82020515339679
 30
0.0
 40
3.0
  0
CIRCLE
  5
C9A
  8
0
  6
CONTINUOUS
 62
     7
 10
-186.99928216203099
 20
-19.999599999999589
 30
0.0
 40
23.0
  0
CIRCLE
  5
C9B
  8
0
  6
CONTINUOUS
 62
     7
 10
-186.99928216203099
 20
-19.999599999999589
 30
0.0
 40
27.960300480101111
  0
CIRCLE
  5
C9C
  8
0
  6
CONTINUOUS
 62
     7
 10
-222.49928216202829
 20
-41.49959999999686
 30
0.0
 40
2.25
  0
CIRCLE
  5
C9D
  8
0
  6
CONTINUOUS
 62
     7
 10
-222.49928216202829
 20
-41.49959999999686
 30
0.0
 40
2.5999999999967831
  0
CIRCLE
  5
C9E
  8
0
  6
CONTINUOUS
 62
     7
 10
-222.49928216202829
 20
-41.49959999999686
 30
0.0
 40
2.8499999999967831
  0
CIRCLE
  5
C9F
  8
0
  6
CONTINUOUS
 62
     7
 10
-151.49928216203099
 20
1.500400000000409
 30
0.0
 40
2.8499999999994809
  0
CIRCLE
  5
CA0
  8
0
  6
CONTINUOUS
 62
     7
 10
-151.49928216203099
 20
1.500400000000409
 30
0.0
 40
2.5999999999994809
  0
CIRCLE
  5
CA1
  8
0
  6
CONTINUOUS
 62
     7
 10
-151.49928216203099
 20
1.500400000000409
 30
0.0
 40
2.25
  0
CIRCLE
  5
CA2
  8
0
  6
CONTINUOUS
 62
     7
 10
-200.99928216203099
 20
15.500400000000409
 30
0.0
 40
2.25
  0
CIRCLE
  5
CA3
  8
0
  6
CONTINUOUS
 62
     7
 10
-172.99928216207101
 20
-55.499600000008677
 30
0.0
 40
2.25
  0
CIRCLE
  5
CA4
  8
0
  6
CONTINUOUS
 62
     7
 10
-155.1794770086419
 20
11.82020515339315
 30
0.0
 40
3.0
  0
CIRCLE
  5
CA5
  8
0
  6
CONTINUOUS
 62
     7
 10
-165.49928216203099
 20
-55.499599999999589
 30
0.0
 40
2.75
  0
CIRCLE
  5
CA6
  8
0
  6
CONTINUOUS
 62
     7
 10
-165.49928216203099
 20
-55.499599999999589
 30
0.0
 40
3.0
  0
CIRCLE
  5
CA7
  8
0
  6
CONTINUOUS
 62
     7
 10
-165.49928216203099
 20
-55.499599999999589
 30
0.0
 40
2.5
  0
CIRCLE
  5
CA8
  8
0
  6
CONTINUOUS
 62
     7
 10
-208.49928216203099
 20
15.500400000000409
 30
0.0
 40
2.5000000000000191
  0
CIRCLE
  5
CA9
  8
0
  6
CONTINUOUS
 62
     7
 10
-208.49928216203099
 20
15.500400000000409
 30
0.0
 40
3.0
  0
CIRCLE
  5
CAA
  8
0
  6
CONTINUOUS
 62
     7
 10
-208.49928216203099
 20
15.500400000000409
 30
0.0
 40
2.75000000000002
  0
CIRCLE
  5
CAC
  8
0
  6
CONTINUOUS
 62
     7
 10
145.18051870956131
 20
11.82020515339323
 30
0.0
 40
3.0
  0
CIRCLE
  5
CAD
  8
0
  6
CONTINUOUS
 62
     7
 10
145.1805187095631
 20
-51.819405153394101
 30
0.0
 40
3.0
  0
CIRCLE
  5
CAE
  8
0
  6
CONTINUOUS
 62
     7
 10
208.82012901635221
 20
-51.819405153391394
 30
0.0
 40
3.0
  0
CIRCLE
  5
CAF
  8
0
  6
CONTINUOUS
 62
     7
 10
208.82012901635039
 20
11.82020515339681
 30
0.0
 40
3.0
  0
POLYLINE
  8
0
  5
20A8
  62
2
  66
     1
 10
0.000000
 20
0.000000
 30
0.000000
  70
     8
  0
VERTEX
  8
0
  5
20A9
 10
-53.5014
 20
54.3002
 30
0.000000
  70
    32
  0
VERTEX
  8
0
  5
20AA
 10
-53.4786
 20
54.3070
 30
0.000000
  70
    32
  0
VERTEX
  8
0
  5
20AB
 10
-53.4558
 20
54.3139
 30
0.000000
  70
    32
  0
VERTEX
  8
0
  5
20AC
 10
-53.4330
 20
54.3207
 30
0.000000
  70
    32
  0
VERTEX
  8
0
  5
20AD
 10
-53.4101
 20
54.3275
 30
0.000000
  70
    32
  0
VERTEX
  8
0
  5
20AE
 10
-53.3873
 20
54.3343
 30
0.000000
  70
    32
  0
VERTEX
  8
0
  5
20AF
 10
-53.3645
 20
54.3410
 30
0.000000
  70
    32
  0
VERTEX
  8
0
  5
20B0
 10
-53.3417
 20
54.3478
 30
0.000000
  70
    32
  0
VERTEX
  8
0
  5
20B1
 10
-53.3189
 20
54.3545
 30
0.000000
  70
    32
  0
VERTEX
  8
0
  5
20B2
 10
-53.2961
 20
54.3612
 30
0.000000
  70
    32
  0
VERTEX
  8
0
  5
20B3
 10
-53.2733
 20
54.3678
 30
0.000000
  70
    32
  0
VERTEX
  8
0
  5
20B4
 10
-53.2504
 20
54.3744
 30
0.000000
  70
    32
  0
VERTEX
  8
0
  5
20B5
 10
-53.2276
 20
54.3809
 30
0.000000
  70
    32
  0
VERTEX
  8
0
  5
20B6
 10
-53.2048
 20
54.3874
 30
0.000000
  70
    32
  0
VERTEX
  8
0
  5
20B7
 10
-53.1820
 20
54.3938
 30
0.000000
  70
    32
  0
VERTEX
  8
0
  5
20B8
 10
-53.1592
 20
54.4002
 30
0.000000
  70
    32
  0
VERTEX
  8
0
  5
20B9
 10
-53.1364
 20
54.4065
 30
0.000000
  70
    32
  0
VERTEX
  8
0
  5
20BA
 10
-53.1135
 20
54.4127
 30
0.000000
  70
    32
  0
VERTEX
  8
0
  5
20BB
 10
-53.0907
 20
54.4188
 30
0.000000
  70
    32
  0
VERTEX
  8
0
  5
20BC
 10
-53.0679
 20
54.4249
 30
0.000000
  70
    32
  0
VERTEX
  8
0
  5
20BD
 10
-53.0451
 20
54.4308
 30
0.000000
  70
    32
  0
VERTEX
  8
0
  5
20BE
 10
-53.0223
 20
54.4367
 30
0.000000
  70
    32
  0
VERTEX
  8
0
  5
20BF
 10
-52.9994
 20
54.4425
 30
0.000000
  70
    32
  0
VERTEX
  8
0
  5
20C0
 10
-52.9766
 20
54.4482
 30
0.000000
  70
    32
  0
VERTEX
  8
0
  5
20C1
 10
-52.9538
 20
54.4538
 30
0.000000
  70
    32
  0
VERTEX
  8
0
  5
20C2
 10
-52.9310
 20
54.4593
 30
0.000000
  70
    32
  0
VERTEX
  8
0
  5
20C3
 10
-52.9081
 20
54.4646
 30
0.000000
  70
    32
  0
VERTEX
  8
0
  5
20C4
 10
-52.8853
 20
54.4699
 30
0.000000
  70
    32
  0
VERTEX
  8
0
  5
20C5
 10
-52.8625
 20
54.4750
 30
0.000000
  70
    32
  0
VERTEX
  8
0
  5
20C6
 10
-52.8397
 20
54.4800
 30
0.000000
  70
    32
  0
VERTEX
  8
0
  5
20C7
 10
-52.8168
 20
54.4848
 30
0.000000
  70
    32
  0
VERTEX
  8
0
  5
20C8
 10
-52.7940
 20
54.4896
 30
0.000000
  70
    32
  0
VERTEX
  8
0
  5
20C9
 10
-52.7712
 20
54.4942
 30
0.000000
  70
    32
  0
VERTEX
  8
0
  5
20CA
 10
-52.7483
 20
54.4986
 30
0.000000
  70
    32
  0
VERTEX
  8
0
  5
20CB
 10
-52.7255
 20
54.5029
 30
0.000000
  70
    32
  0
VERTEX
  8
0
  5
20CC
 10
-52.7027
 20
54.5070
 30
0.000000
  70
    32
  0
VERTEX
  8
0
  5
20CD
 10
-52.6798
 20
54.5110
 30
0.000000
  70
    32
  0
VERTEX
  8
0
  5
20CE
 10
-52.6570
 20
54.5148
 30
0.000000
  70
    32
  0
VERTEX
  8
0
  5
20CF
 10
-52.6342
 20
54.5185
 30
0.000000
  70
    32
  0
VERTEX
  8
0
  5
20D0
 10
-52.6113
 20
54.5220
 30
0.000000
  70
    32
  0
VERTEX
  8
0
  5
20D1
 10
-52.5885
 20
54.5253
 30
0.000000
  70
    32
  0
VERTEX
  8
0
  5
20D2
 10
-52.5656
 20
54.5284
 30
0.000000
  70
    32
  0
VERTEX
  8
0
  5
20D3
 10
-52.5428
 20
54.5313
 30
0.000000
  70
    32
  0
VERTEX
  8
0
  5
20D4
 10
-52.5199
 20
54.5341
 30
0.000000
  70
    32
  0
VERTEX
  8
0
  5
20D5
 10
-52.4971
 20
54.5366
 30
0.000000
  70
    32
  0
VERTEX
  8
0
  5
20D6
 10
-52.4742
 20
54.5390
 30
0.000000
  70
    32
  0
VERTEX
  8
0
  5
20D7
 10
-52.4514
 20
54.5411
 30
0.000000
  70
    32
  0
VERTEX
  8
0
  5
20D8
 10
-52.4285
 20
54.5430
 30
0.000000
  70
    32
  0
VERTEX
  8
0
  5
20D9
 10
-52.4057
 20
54.5448
 30
0.000000
  70
    32
  0
VERTEX
  8
0
  5
20DA
 10
-52.3828
 20
54.5463
 30
0.000000
  70
    32
  0
VERTEX
  8
0
  5
20DB
 10
-52.3600
 20
54.5476
 30
0.000000
  70
    32
  0
VERTEX
  8
0
  5
20DC
 10
-52.3371
 20
54.5486
 30
0.000000
  70
    32
  0
VERTEX
  8
0
  5
20DD
 10
-52.3142
 20
54.5494
 30
0.000000
  70
    32
  0
VERTEX
  8
0
  5
20DE
 10
-52.2914
 20
54.5500
 30
0.000000
  70
    32
  0
VERTEX
  8
0
  5
20DF
 10
-52.2685
 20
54.5504
 30
0.000000
  70
    32
  0
VERTEX
  8
0
  5
20E0
 10
-52.2456
 20
54.5505
 30
0.000000
  70
    32
  0
VERTEX
  8
0
  5
20E1
 10
-52.2228
 20
54.5504
 30
0.000000
  70
    32
  0
VERTEX
  8
0
  5
20E2
 10
-52.1999
 20
54.5500
 30
0.000000
  70
    32
  0
VERTEX
  8
0
  5
20E3
 10
-52.1770
 20
54.5495
 30
0.000000
  70
    32
  0
VERTEX
  8
0
  5
20E4
 10
-52.1541
 20
54.5487
 30
0.000000
  70
    32
  0
VERTEX
  8
0
  5
20E5
 10
-52.1313
 20
54.5476
 30
0.000000
  70
    32
  0
VERTEX
  8
0
  5
20E6
 10
-52.1084
 20
54.5464
 30
0.000000
  70
    32
  0
VERTEX
  8
0
  5
20E7
 10
-52.0855
 20
54.5450
 30
0.000000
  70
    32
  0
VERTEX
  8
0
  5
20E8
 10
-52.0626
 20
54.5433
 30
0.000000
  70
    32
  0
VERTEX
  8
0
  5
20E9
 10
-52.0397
 20
54.5415
 30
0.000000
  70
    32
  0
VERTEX
  8
0
  5
20EA
 10
-52.0168
 20
54.5394
 30
0.000000
  70
    32
  0
VERTEX
  8
0
  5
20EB
 10
-51.9940
 20
54.5372
 30
0.000000
  70
    32
  0
VERTEX
  8
0
  5
20EC
 10
-51.9711
 20
54.5347
 30
0.000000
  70
    32
  0
VERTEX
  8
0
  5
20ED
 10
-51.9482
 20
54.5321
 30
0.000000
  70
    32
  0
VERTEX
  8
0
  5
20EE
 10
-51.9253
 20
54.5293
 30
0.000000
  70
    32
  0
VERTEX
  8
0
  5
20EF
 10
-51.9024
 20
54.5263
 30
0.000000
  70
    32
  0
VERTEX
  8
0
  5
20F0
 10
-51.8795
 20
54.5232
 30
0.000000
  70
    32
  0
VERTEX
  8
0
  5
20F1
 10
-51.8566
 20
54.5199
 30
0.000000
  70
    32
  0
VERTEX
  8
0
  5
20F2
 10
-51.8337
 20
54.5164
 30
0.000000
  70
    32
  0
VERTEX
  8
0
  5
20F3
 10
-51.8108
 20
54.5128
 30
0.000000
  70
    32
  0
VERTEX
  8
0
  5
20F4
 10
-51.7879
 20
54.5090
 30
0.000000
  70
    32
  0
VERTEX
  8
0
  5
20F5
 10
-51.7650
 20
54.5050
 30
0.000000
  70
    32
  0
VERTEX
  8
0
  5
20F6
 10
-51.7421
 20
54.5009
 30
0.000000
  70
    32
  0
VERTEX
  8
0
  5
20F7
 10
-51.7192
 20
54.4967
 30
0.000000
  70
    32
  0
VERTEX
  8
0
  5
20F8
 10
-51.6963
 20
54.4923
 30
0.000000
  70
    32
  0
VERTEX
  8
0
  5
20F9
 10
-51.6734
 20
54.4878
 30
0.000000
  70
    32
  0
VERTEX
  8
0
  5
20FA
 10
-51.6505
 20
54.4831
 30
0.000000
  70
    32
  0
VERTEX
  8
0
  5
20FB
 10
-51.6275
 20
54.4784
 30
0.000000
  70
    32
  0
VERTEX
  8
0
  5
20FC
 10
-51.6046
 20
54.4735
 30
0.000000
  70
    32
  0
VERTEX
  8
0
  5
20FD
 10
-51.5817
 20
54.4685
 30
0.000000
  70
    32
  0
VERTEX
  8
0
  5
20FE
 10
-51.5588
 20
54.4633
 30
0.000000
  70
    32
  0
VERTEX
  8
0
  5
20FF
 10
-51.5359
 20
54.4581
 30
0.000000
  70
    32
  0
VERTEX
  8
0
  5
2100
 10
-51.5130
 20
54.4528
 30
0.000000
  70
    32
  0
VERTEX
  8
0
  5
2101
 10
-51.4901
 20
54.4473
 30
0.000000
  70
    32
  0
VERTEX
  8
0
  5
2102
 10
-51.4671
 20
54.4418
 30
0.000000
  70
    32
  0
VERTEX
  8
0
  5
2103
 10
-51.4442
 20
54.4361
 30
0.000000
  70
    32
  0
VERTEX
  8
0
  5
2104
 10
-51.4213
 20
54.4304
 30
0.000000
  70
    32
  0
VERTEX
  8
0
  5
2105
 10
-51.3984
 20
54.4246
 30
0.000000
  70
    32
  0
VERTEX
  8
0
  5
2106
 10
-51.3755
 20
54.4187
 30
0.000000
  70
    32
  0
VERTEX
  8
0
  5
2107
 10
-51.3526
 20
54.4127
 30
0.000000
  70
    32
  0
VERTEX
  8
0
  5
2108
 10
-51.3296
 20
54.4067
 30
0.000000
  70
    32
  0
VERTEX
  8
0
  5
2109
 10
-51.3067
 20
54.4006
 30
0.000000
  70
    32
  0
VERTEX
  8
0
  5
210A
 10
-51.2838
 20
54.3944
 30
0.000000
  70
    32
  0
VERTEX
  8
0
  5
210B
 10
-51.2609
 20
54.3882
 30
0.000000
  70
    32
  0
VERTEX
  8
0
  5
210C
 10
-51.2379
 20
54.3819
 30
0.000000
  70
    32
  0
VERTEX
  8
0
  5
210D
 10
-51.2150
 20
54.3755
 30
0.000000
  70
    32
  0
VERTEX
  8
0
  5
210E
 10
-51.1921
 20
54.3692
 30
0.000000
  70
    32
  0
VERTEX
  8
0
  5
210F
 10
-51.1692
 20
54.3627
 30
0.000000
  70
    32
  0
VERTEX
  8
0
  5
2110
 10
-51.1463
 20
54.3562
 30
0.000000
  70
    32
  0
VERTEX
  8
0
  5
2111
 10
-51.1233
 20
54.3497
 30
0.000000
  70
    32
  0
VERTEX
  8
0
  5
2112
 10
-51.1004
 20
54.3432
 30
0.000000
  70
    32
  0
VERTEX
  8
0
  5
2113
 10
-51.0775
 20
54.3366
 30
0.000000
  70
    32
  0
VERTEX
  8
0
  5
2114
 10
-51.0546
 20
54.3300
 30
0.000000
  70
    32
  0
VERTEX
  8
0
  5
2115
 10
-51.0316
 20
54.3234
 30
0.000000
  70
    32
  0
VERTEX
  8
0
  5
2116
 10
-51.0087
 20
54.3168
 30
0.000000
  70
    32
  0
VERTEX
  8
0
  5
2117
 10
-50.9858
 20
54.3102
 30
0.000000
  70
    32
  0
VERTEX
  8
0
  5
2118
 10
-50.9629
 20
54.3035
 30
0.000000
  70
    32
  0
VERTEX
  8
0
  5
2119
 10
-50.9399
 20
54.2969
 30
0.000000
  70
    32
  0
VERTEX
  8
0
  5
211A
 10
-50.9170
 20
54.2902
 30
0.000000
  70
    32
  0
VERTEX
  8
0
  5
211B
 10
-50.8941
 20
54.2836
 30
0.000000
  70
    32
  0
VERTEX
  8
0
  5
211C
 10
-50.8712
 20
54.2770
 30
0.000000
  70
    32
  0
VERTEX
  8
0
  5
211D
 10
-50.8482
 20
54.2704
 30
0.000000
  70
    32
  0
VERTEX
  8
0
  5
211E
 10
-50.8253
 20
54.2638
 30
0.000000
  70
    32
  0
VERTEX
  8
0
  5
211F
 10
-50.8024
 20
54.2572
 30
0.000000
  70
    32
  0
VERTEX
  8
0
  5
2120
 10
-50.7795
 20
54.2507
 30
0.000000
  70
    32
  0
VERTEX
  8
0
  5
2121
 10
-50.7565
 20
54.2442
 30
0.000000
  70
    32
  0
VERTEX
  8
0
  5
2122
 10
-50.7336
 20
54.2377
 30
0.000000
  70
    32
  0
VERTEX
  8
0
  5
2123
 10
-50.7107
 20
54.2312
 30
0.000000
  70
    32
  0
VERTEX
  8
0
  5
2124
 10
-50.6878
 20
54.2249
 30
0.000000
  70
    32
  0
VERTEX
  8
0
  5
2125
 10
-50.6648
 20
54.2185
 30
0.000000
  70
    32
  0
VERTEX
  8
0
  5
2126
 10
-50.6419
 20
54.2122
 30
0.000000
  70
    32
  0
VERTEX
  8
0
  5
2127
 10
-50.6190
 20
54.2060
 30
0.000000
  70
    32
  0
VERTEX
  8
0
  5
2128
 10
-50.5961
 20
54.1998
 30
0.000000
  70
    32
  0
VERTEX
  8
0
  5
2129
 10
-50.5731
 20
54.1937
 30
0.000000
  70
    32
  0
VERTEX
  8
0
  5
212A
 10
-50.5502
 20
54.1877
 30
0.000000
  70
    32
  0
VERTEX
  8
0
  5
212B
 10
-50.5273
 20
54.1817
 30
0.000000
  70
    32
  0
VERTEX
  8
0
  5
212C
 10
-50.5044
 20
54.1758
 30
0.000000
  70
    32
  0
VERTEX
  8
0
  5
212D
 10
-50.4815
 20
54.1700
 30
0.000000
  70
    32
  0
VERTEX
  8
0
  5
212E
 10
-50.4586
 20
54.1643
 30
0.000000
  70
    32
  0
VERTEX
  8
0
  5
212F
 10
-50.4356
 20
54.1586
 30
0.000000
  70
    32
  0
VERTEX
  8
0
  5
2130
 10
-50.4127
 20
54.1531
 30
0.000000
  70
    32
  0
VERTEX
  8
0
  5
2131
 10
-50.3898
 20
54.1476
 30
0.000000
  70
    32
  0
VERTEX
  8
0
  5
2132
 10
-50.3669
 20
54.1423
 30
0.000000
  70
    32
  0
VERTEX
  8
0
  5
2133
 10
-50.3440
 20
54.1371
 30
0.000000
  70
    32
  0
VERTEX
  8
0
  5
2134
 10
-50.3211
 20
54.1319
 30
0.000000
  70
    32
  0
VERTEX
  8
0
  5
2135
 10
-50.2982
 20
54.1269
 30
0.000000
  70
    32
  0
VERTEX
  8
0
  5
2136
 10
-50.2752
 20
54.1220
 30
0.000000
  70
    32
  0
VERTEX
  8
0
  5
2137
 10
-50.2523
 20
54.1173
 30
0.000000
  70
    32
  0
VERTEX
  8
0
  5
2138
 10
-50.2294
 20
54.1126
 30
0.000000
  70
    32
  0
VERTEX
  8
0
  5
2139
 10
-50.2065
 20
54.1081
 30
0.000000
  70
    32
  0
VERTEX
  8
0
  5
213A
 10
-50.1836
 20
54.1037
 30
0.000000
  70
    32
  0
VERTEX
  8
0
  5
213B
 10
-50.1607
 20
54.0995
 30
0.000000
  70
    32
  0
VERTEX
  8
0
  5
213C
 10
-50.1378
 20
54.0954
 30
0.000000
  70
    32
  0
VERTEX
  8
0
  5
213D
 10
-50.1149
 20
54.0914
 30
0.000000
  70
    32
  0
VERTEX
  8
0
  5
213E
 10
-50.0920
 20
54.0876
 30
0.000000
  70
    32
  0
VERTEX
  8
0
  5
213F
 10
-50.0691
 20
54.0840
 30
0.000000
  70
    32
  0
VERTEX
  8
0
  5
2140
 10
-50.0462
 20
54.0805
 30
0.000000
  70
    32
  0
VERTEX
  8
0
  5
2141
 10
-50.0233
 20
54.0772
 30
0.000000
  70
    32
  0
VERTEX
  8
0
  5
2142
 10
-50.0004
 20
54.0741
 30
0.000000
  70
    32
  0
VERTEX
  8
0
  5
2143
 10
-49.9775
 20
54.0711
 30
0.000000
  70
    32
  0
VERTEX
  8
0
  5
2144
 10
-49.9546
 20
54.0683
 30
0.000000
  70
    32
  0
VERTEX
  8
0
  5
2145
 10
-49.9317
 20
54.0657
 30
0.000000
  70
    32
  0
VERTEX
  8
0
  5
2146
 10
-49.9088
 20
54.0632
 30
0.000000
  70
    32
  0
VERTEX
  8
0
  5
2147
 10
-49.8859
 20
54.0610
 30
0.000000
  70
    32
  0
VERTEX
  8
0
  5
2148
 10
-49.8631
 20
54.0589
 30
0.000000
  70
    32
  0
VERTEX
  8
0
  5
2149
 10
-49.8402
 20
54.0571
 30
0.000000
  70
    32
  0
VERTEX
  8
0
  5
214A
 10
-49.8173
 20
54.0554
 30
0.000000
  70
    32
  0
VERTEX
  8
0
  5
214B
 10
-49.7944
 20
54.0540
 30
0.000000
  70
    32
  0
VERTEX
  8
0
  5
214C
 10
-49.7715
 20
54.0528
 30
0.000000
  70
    32
  0
VERTEX
  8
0
  5
214D
 10
-49.7486
 20
54.0517
 30
0.000000
  70
    32
  0
VERTEX
  8
0
  5
214E
 10
-49.7258
 20
54.0509
 30
0.000000
  70
    32
  0
VERTEX
  8
0
  5
214F
 10
-49.7029
 20
54.0504
 30
0.000000
  70
    32
  0
VERTEX
  8
0
  5
2150
 10
-49.6800
 20
54.0500
 30
0.000000
  70
    32
  0
VERTEX
  8
0
  5
2151
 10
-49.6572
 20
54.0499
 30
0.000000
  70
    32
  0
VERTEX
  8
0
  5
2152
 10
-49.6343
 20
54.0500
 30
0.000000
  70
    32
  0
VERTEX
  8
0
  5
2153
 10
-49.6114
 20
54.0504
 30
0.000000
  70
    32
  0
VERTEX
  8
0
  5
2154
 10
-49.5885
 20
54.0510
 30
0.000000
  70
    32
  0
VERTEX
  8
0
  5
2155
 10
-49.5657
 20
54.0518
 30
0.000000
  70
    32
  0
VERTEX
  8
0
  5
2156
 10
-49.5428
 20
54.0528
 30
0.000000
  70
    32
  0
VERTEX
  8
0
  5
2157
 10
-49.5200
 20
54.0541
 30
0.000000
  70
    32
  0
VERTEX
  8
0
  5
2158
 10
-49.4971
 20
54.0556
 30
0.000000
  70
    32
  0
VERTEX
  8
0
  5
2159
 10
-49.4743
 20
54.0574
 30
0.000000
  70
    32
  0
VERTEX
  8
0
  5
215A
 10
-49.4514
 20
54.0593
 30
0.000000
  70
    32
  0
VERTEX
  8
0
  5
215B
 10
-49.4285
 20
54.0614
 30
0.000000
  70
    32
  0
VERTEX
  8
0
  5
215C
 10
-49.4057
 20
54.0638
 30
0.000000
  70
    32
  0
VERTEX
  8
0
  5
215D
 10
-49.3828
 20
54.0663
 30
0.000000
  70
    32
  0
VERTEX
  8
0
  5
215E
 10
-49.3600
 20
54.0691
 30
0.000000
  70
    32
  0
VERTEX
  8
0
  5
215F
 10
-49.3372
 20
54.0720
 30
0.000000
  70
    32
  0
VERTEX
  8
0
  5
2160
 10
-49.3143
 20
54.0751
 30
0.000000
  70
    32
  0
VERTEX
  8
0
  5
2161
 10
-49.2915
 20
54.0784
 30
0.000000
  70
    32
  0
VERTEX
  8
0
  5
2162
 10
-49.2686
 20
54.0819
 30
0.000000
  70
    32
  0
VERTEX
  8
0
  5
2163
 10
-49.2458
 20
54.0856
 30
0.000000
  70
    32
  0
VERTEX
  8
0
  5
2164
 10
-49.2230
 20
54.0894
 30
0.000000
  70
    32
  0
VERTEX
  8
0
  5
2165
 10
-49.2001
 20
54.0934
 30
0.000000
  70
    32
  0
VERTEX
  8
0
  5
2166
 10
-49.1773
 20
54.0975
 30
0.000000
  70
    32
  0
VERTEX
  8
0
  5
2167
 10
-49.1544
 20
54.1018
 30
0.000000
  70
    32
  0
VERTEX
  8
0
  5
2168
 10
-49.1316
 20
54.1062
 30
0.000000
  70
    32
  0
VERTEX
  8
0
  5
2169
 10
-49.1088
 20
54.1108
 30
0.000000
  70
    32
  0
VERTEX
  8
0
  5
216A
 10
-49.0859
 20
54.1156
 30
0.000000
  70
    32
  0
VERTEX
  8
0
  5
216B
 10
-49.0631
 20
54.1204
 30
0.000000
  70
    32
  0
VERTEX
  8
0
  5
216C
 10
-49.0403
 20
54.1254
 30
0.000000
  70
    32
  0
VERTEX
  8
0
  5
216D
 10
-49.0175
 20
54.1305
 30
0.000000
  70
    32
  0
VERTEX
  8
0
  5
216E
 10
-48.9946
 20
54.1358
 30
0.000000
  70
    32
  0
VERTEX
  8
0
  5
216F
 10
-48.9718
 20
54.1411
 30
0.000000
  70
    32
  0
VERTEX
  8
0
  5
2170
 10
-48.9490
 20
54.1466
 30
0.000000
  70
    32
  0
VERTEX
  8
0
  5
2171
 10
-48.9262
 20
54.1522
 30
0.000000
  70
    32
  0
VERTEX
  8
0
  5
2172
 10
-48.9033
 20
54.1579
 30
0.000000
  70
    32
  0
VERTEX
  8
0
  5
2173
 10
-48.8805
 20
54.1637
 30
0.000000
  70
    32
  0
VERTEX
  8
0
  5
2174
 10
-48.8577
 20
54.1696
 30
0.000000
  70
    32
  0
VERTEX
  8
0
  5
2175
 10
-48.8349
 20
54.1755
 30
0.000000
  70
    32
  0
VERTEX
  8
0
  5
2176
 10
-48.8121
 20
54.1816
 30
0.000000
  70
    32
  0
VERTEX
  8
0
  5
2177
 10
-48.7892
 20
54.1877
 30
0.000000
  70
    32
  0
VERTEX
  8
0
  5
2178
 10
-48.7664
 20
54.1939
 30
0.000000
  70
    32
  0
VERTEX
  8
0
  5
2179
 10
-48.7436
 20
54.2002
 30
0.000000
  70
    32
  0
VERTEX
  8
0
  5
217A
 10
-48.7208
 20
54.2066
 30
0.000000
  70
    32
  0
VERTEX
  8
0
  5
217B
 10
-48.6980
 20
54.2130
 30
0.000000
  70
    32
  0
VERTEX
  8
0
  5
217C
 10
-48.6752
 20
54.2195
 30
0.000000
  70
    32
  0
VERTEX
  8
0
  5
217D
 10
-48.6523
 20
54.2260
 30
0.000000
  70
    32
  0
VERTEX
  8
0
  5
217E
 10
-48.6295
 20
54.2326
 30
0.000000
  70
    32
  0
VERTEX
  8
0
  5
217F
 10
-48.6067
 20
54.2392
 30
0.000000
  70
    32
  0
VERTEX
  8
0
  5
2180
 10
-48.5839
 20
54.2459
 30
0.000000
  70
    32
  0
VERTEX
  8
0
  5
2181
 10
-48.5611
 20
54.2526
 30
0.000000
  70
    32
  0
VERTEX
  8
0
  5
2182
 10
-48.5383
 20
54.2594
 30
0.000000
  70
    32
  0
VERTEX
  8
0
  5
2183
 10
-48.5155
 20
54.2661
 30
0.000000
  70
    32
  0
VERTEX
  8
0
  5
2184
 10
-48.4926
 20
54.2729
 30
0.000000
  70
    32
  0
VERTEX
  8
0
  5
2185
 10
-48.4698
 20
54.2797
 30
0.000000
  70
    32
  0
VERTEX
  8
0
  5
2186
 10
-48.4470
 20
54.2865
 30
0.000000
  70
    32
  0
VERTEX
  8
0
  5
2187
 10
-48.4242
 20
54.2934
 30
0.000000
  70
    32
  0
VERTEX
  8
0
  5
2188
 10
-48.4014
 20
54.3002
 30
0.000000
  70
    32
  0
SEQEND
  8
0
  5
2189
  0
POLYLINE
  8
0
  5
218A
  62
2
  66
     1
 10
0.000000
 20
0.000000
 30
0.000000
  70
     8
  0
VERTEX
  8
0
  5
218B
 10
-53.5014
 20
55.8002
 30
0.000000
  70
    32
  0
VERTEX
  8
0
  5
218C
 10
-53.4786
 20
55.8070
 30
0.000000
  70
    32
  0
VERTEX
  8
0
  5
218D
 10
-53.4558
 20
55.8139
 30
0.000000
  70
    32
  0
VERTEX
  8
0
  5
218E
 10
-53.4330
 20
55.8207
 30
0.000000
  70
    32
  0
VERTEX
  8
0
  5
218F
 10
-53.4101
 20
55.8275
 30
0.000000
  70
    32
  0
VERTEX
  8
0
  5
2190
 10
-53.3873
 20
55.8343
 30
0.000000
  70
    32
  0
VERTEX
  8
0
  5
2191
 10
-53.3645
 20
55.8410
 30
0.000000
  70
    32
  0
VERTEX
  8
0
  5
2192
 10
-53.3417
 20
55.8478
 30
0.000000
  70
    32
  0
VERTEX
  8
0
  5
2193
 10
-53.3189
 20
55.8545
 30
0.000000
  70
    32
  0
VERTEX
  8
0
  5
2194
 10
-53.2961
 20
55.8612
 30
0.000000
  70
    32
  0
VERTEX
  8
0
  5
2195
 10
-53.2733
 20
55.8678
 30
0.000000
  70
    32
  0
VERTEX
  8
0
  5
2196
 10
-53.2504
 20
55.8744
 30
0.000000
  70
    32
  0
VERTEX
  8
0
  5
2197
 10
-53.2276
 20
55.8809
 30
0.000000
  70
    32
  0
VERTEX
  8
0
  5
2198
 10
-53.2048
 20
55.8874
 30
0.000000
  70
    32
  0
VERTEX
  8
0
  5
2199
 10
-53.1820
 20
55.8938
 30
0.000000
  70
    32
  0
VERTEX
  8
0
  5
219A
 10
-53.1592
 20
55.9002
 30
0.000000
  70
    32
  0
VERTEX
  8
0
  5
219B
 10
-53.1364
 20
55.9065
 30
0.000000
  70
    32
  0
VERTEX
  8
0
  5
219C
 10
-53.1135
 20
55.9127
 30
0.000000
  70
    32
  0
VERTEX
  8
0
  5
219D
 10
-53.0907
 20
55.9188
 30
0.000000
  70
    32
  0
VERTEX
  8
0
  5
219E
 10
-53.0679
 20
55.9249
 30
0.000000
  70
    32
  0
VERTEX
  8
0
  5
219F
 10
-53.0451
 20
55.9308
 30
0.000000
  70
    32
  0
VERTEX
  8
0
  5
21A0
 10
-53.0223
 20
55.9367
 30
0.000000
  70
    32
  0
VERTEX
  8
0
  5
21A1
 10
-52.9994
 20
55.9425
 30
0.000000
  70
    32
  0
VERTEX
  8
0
  5
21A2
 10
-52.9766
 20
55.9482
 30
0.000000
  70
    32
  0
VERTEX
  8
0
  5
21A3
 10
-52.9538
 20
55.9538
 30
0.000000
  70
    32
  0
VERTEX
  8
0
  5
21A4
 10
-52.9310
 20
55.9593
 30
0.000000
  70
    32
  0
VERTEX
  8
0
  5
21A5
 10
-52.9081
 20
55.9646
 30
0.000000
  70
    32
  0
VERTEX
  8
0
  5
21A6
 10
-52.8853
 20
55.9699
 30
0.000000
  70
    32
  0
VERTEX
  8
0
  5
21A7
 10
-52.8625
 20
55.9750
 30
0.000000
  70
    32
  0
VERTEX
  8
0
  5
21A8
 10
-52.8397
 20
55.9800
 30
0.000000
  70
    32
  0
VERTEX
  8
0
  5
21A9
 10
-52.8168
 20
55.9848
 30
0.000000
  70
    32
  0
VERTEX
  8
0
  5
21AA
 10
-52.7940
 20
55.9896
 30
0.000000
  70
    32
  0
VERTEX
  8
0
  5
21AB
 10
-52.7712
 20
55.9942
 30
0.000000
  70
    32
  0
VERTEX
  8
0
  5
21AC
 10
-52.7483
 20
55.9986
 30
0.000000
  70
    32
  0
VERTEX
  8
0
  5
21AD
 10
-52.7255
 20
56.0029
 30
0.000000
  70
    32
  0
VERTEX
  8
0
  5
21AE
 10
-52.7027
 20
56.0070
 30
0.000000
  70
    32
  0
VERTEX
  8
0
  5
21AF
 10
-52.6798
 20
56.0110
 30
0.000000
  70
    32
  0
VERTEX
  8
0
  5
21B0
 10
-52.6570
 20
56.0148
 30
0.000000
  70
    32
  0
VERTEX
  8
0
  5
21B1
 10
-52.6342
 20
56.0185
 30
0.000000
  70
    32
  0
VERTEX
  8
0
  5
21B2
 10
-52.6113
 20
56.0220
 30
0.000000
  70
    32
  0
VERTEX
  8
0
  5
21B3
 10
-52.5885
 20
56.0253
 30
0.000000
  70
    32
  0
VERTEX
  8
0
  5
21B4
 10
-52.5656
 20
56.0284
 30
0.000000
  70
    32
  0
VERTEX
  8
0
  5
21B5
 10
-52.5428
 20
56.0313
 30
0.000000
  70
    32
  0
VERTEX
  8
0
  5
21B6
 10
-52.5199
 20
56.0341
 30
0.000000
  70
    32
  0
VERTEX
  8
0
  5
21B7
 10
-52.4971
 20
56.0366
 30
0.000000
  70
    32
  0
VERTEX
  8
0
  5
21B8
 10
-52.4742
 20
56.0390
 30
0.000000
  70
    32
  0
VERTEX
  8
0
  5
21B9
 10
-52.4514
 20
56.0411
 30
0.000000
  70
    32
  0
VERTEX
  8
0
  5
21BA
 10
-52.4285
 20
56.0430
 30
0.000000
  70
    32
  0
VERTEX
  8
0
  5
21BB
 10
-52.4057
 20
56.0448
 30
0.000000
  70
    32
  0
VERTEX
  8
0
  5
21BC
 10
-52.3828
 20
56.0463
 30
0.000000
  70
    32
  0
VERTEX
  8
0
  5
21BD
 10
-52.3600
 20
56.0476
 30
0.000000
  70
    32
  0
VERTEX
  8
0
  5
21BE
 10
-52.3371
 20
56.0486
 30
0.000000
  70
    32
  0
VERTEX
  8
0
  5
21BF
 10
-52.3142
 20
56.0494
 30
0.000000
  70
    32
  0
VERTEX
  8
0
  5
21C0
 10
-52.2914
 20
56.0500
 30
0.000000
  70
    32
  0
VERTEX
  8
0
  5
21C1
 10
-52.2685
 20
56.0504
 30
0.000000
  70
    32
  0
VERTEX
  8
0
  5
21C2
 10
-52.2456
 20
56.0505
 30
0.000000
  70
    32
  0
VERTEX
  8
0
  5
21C3
 10
-52.2228
 20
56.0504
 30
0.000000
  70
    32
  0
VERTEX
  8
0
  5
21C4
 10
-52.1999
 20
56.0500
 30
0.000000
  70
    32
  0
VERTEX
  8
0
  5
21C5
 10
-52.1770
 20
56.0495
 30
0.000000
  70
    32
  0
VERTEX
  8
0
  5
21C6
 10
-52.1541
 20
56.0487
 30
0.000000
  70
    32
  0
VERTEX
  8
0
  5
21C7
 10
-52.1313
 20
56.0476
 30
0.000000
  70
    32
  0
VERTEX
  8
0
  5
21C8
 10
-52.1084
 20
56.0464
 30
0.000000
  70
    32
  0
VERTEX
  8
0
  5
21C9
 10
-52.0855
 20
56.0450
 30
0.000000
  70
    32
  0
VERTEX
  8
0
  5
21CA
 10
-52.0626
 20
56.0433
 30
0.000000
  70
    32
  0
VERTEX
  8
0
  5
21CB
 10
-52.0397
 20
56.0415
 30
0.000000
  70
    32
  0
VERTEX
  8
0
  5
21CC
 10
-52.0168
 20
56.0394
 30
0.000000
  70
    32
  0
VERTEX
  8
0
  5
21CD
 10
-51.9940
 20
56.0372
 30
0.000000
  70
    32
  0
VERTEX
  8
0
  5
21CE
 10
-51.9711
 20
56.0347
 30
0.000000
  70
    32
  0
VERTEX
  8
0
  5
21CF
 10
-51.9482
 20
56.0321
 30
0.000000
  70
    32
  0
VERTEX
  8
0
  5
21D0
 10
-51.9253
 20
56.0293
 30
0.000000
  70
    32
  0
VERTEX
  8
0
  5
21D1
 10
-51.9024
 20
56.0263
 30
0.000000
  70
    32
  0
VERTEX
  8
0
  5
21D2
 10
-51.8795
 20
56.0232
 30
0.000000
  70
    32
  0
VERTEX
  8
0
  5
21D3
 10
-51.8566
 20
56.0199
 30
0.000000
  70
    32
  0
VERTEX
  8
0
  5
21D4
 10
-51.8337
 20
56.0164
 30
0.000000
  70
    32
  0
VERTEX
  8
0
  5
21D5
 10
-51.8108
 20
56.0128
 30
0.000000
  70
    32
  0
VERTEX
  8
0
  5
21D6
 10
-51.7879
 20
56.0090
 30
0.000000
  70
    32
  0
VERTEX
  8
0
  5
21D7
 10
-51.7650
 20
56.0050
 30
0.000000
  70
    32
  0
VERTEX
  8
0
  5
21D8
 10
-51.7421
 20
56.0009
 30
0.000000
  70
    32
  0
VERTEX
  8
0
  5
21D9
 10
-51.7192
 20
55.9967
 30
0.000000
  70
    32
  0
VERTEX
  8
0
  5
21DA
 10
-51.6963
 20
55.9923
 30
0.000000
  70
    32
  0
VERTEX
  8
0
  5
21DB
 10
-51.6734
 20
55.9878
 30
0.000000
  70
    32
  0
VERTEX
  8
0
  5
21DC
 10
-51.6505
 20
55.9831
 30
0.000000
  70
    32
  0
VERTEX
  8
0
  5
21DD
 10
-51.6275
 20
55.9784
 30
0.000000
  70
    32
  0
VERTEX
  8
0
  5
21DE
 10
-51.6046
 20
55.9735
 30
0.000000
  70
    32
  0
VERTEX
  8
0
  5
21DF
 10
-51.5817
 20
55.9685
 30
0.000000
  70
    32
  0
VERTEX
  8
0
  5
21E0
 10
-51.5588
 20
55.9633
 30
0.000000
  70
    32
  0
VERTEX
  8
0
  5
21E1
 10
-51.5359
 20
55.9581
 30
0.000000
  70
    32
  0
VERTEX
  8
0
  5
21E2
 10
-51.5130
 20
55.9528
 30
0.000000
  70
    32
  0
VERTEX
  8
0
  5
21E3
 10
-51.4901
 20
55.9473
 30
0.000000
  70
    32
  0
VERTEX
  8
0
  5
21E4
 10
-51.4671
 20
55.9418
 30
0.000000
  70
    32
  0
VERTEX
  8
0
  5
21E5
 10
-51.4442
 20
55.9361
 30
0.000000
  70
    32
  0
VERTEX
  8
0
  5
21E6
 10
-51.4213
 20
55.9304
 30
0.000000
  70
    32
  0
VERTEX
  8
0
  5
21E7
 10
-51.3984
 20
55.9246
 30
0.000000
  70
    32
  0
VERTEX
  8
0
  5
21E8
 10
-51.3755
 20
55.9187
 30
0.000000
  70
    32
  0
VERTEX
  8
0
  5
21E9
 10
-51.3526
 20
55.9127
 30
0.000000
  70
    32
  0
VERTEX
  8
0
  5
21EA
 10
-51.3296
 20
55.9067
 30
0.000000
  70
    32
  0
VERTEX
  8
0
  5
21EB
 10
-51.3067
 20
55.9006
 30
0.000000
  70
    32
  0
VERTEX
  8
0
  5
21EC
 10
-51.2838
 20
55.8944
 30
0.000000
  70
    32
  0
VERTEX
  8
0
  5
21ED
 10
-51.2609
 20
55.8882
 30
0.000000
  70
    32
  0
VERTEX
  8
0
  5
21EE
 10
-51.2379
 20
55.8819
 30
0.000000
  70
    32
  0
VERTEX
  8
0
  5
21EF
 10
-51.2150
 20
55.8755
 30
0.000000
  70
    32
  0
VERTEX
  8
0
  5
21F0
 10
-51.1921
 20
55.8692
 30
0.000000
  70
    32
  0
VERTEX
  8
0
  5
21F1
 10
-51.1692
 20
55.8627
 30
0.000000
  70
    32
  0
VERTEX
  8
0
  5
21F2
 10
-51.1463
 20
55.8562
 30
0.000000
  70
    32
  0
VERTEX
  8
0
  5
21F3
 10
-51.1233
 20
55.8497
 30
0.000000
  70
    32
  0
VERTEX
  8
0
  5
21F4
 10
-51.1004
 20
55.8432
 30
0.000000
  70
    32
  0
VERTEX
  8
0
  5
21F5
 10
-51.0775
 20
55.8366
 30
0.000000
  70
    32
  0
VERTEX
  8
0
  5
21F6
 10
-51.0546
 20
55.8300
 30
0.000000
  70
    32
  0
VERTEX
  8
0
  5
21F7
 10
-51.0316
 20
55.8234
 30
0.000000
  70
    32
  0
VERTEX
  8
0
  5
21F8
 10
-51.0087
 20
55.8168
 30
0.000000
  70
    32
  0
VERTEX
  8
0
  5
21F9
 10
-50.9858
 20
55.8102
 30
0.000000
  70
    32
  0
VERTEX
  8
0
  5
21FA
 10
-50.9629
 20
55.8035
 30
0.000000
  70
    32
  0
VERTEX
  8
0
  5
21FB
 10
-50.9399
 20
55.7969
 30
0.000000
  70
    32
  0
VERTEX
  8
0
  5
21FC
 10
-50.9170
 20
55.7902
 30
0.000000
  70
    32
  0
VERTEX
  8
0
  5
21FD
 10
-50.8941
 20
55.7836
 30
0.000000
  70
    32
  0
VERTEX
  8
0
  5
21FE
 10
-50.8712
 20
55.7770
 30
0.000000
  70
    32
  0
VERTEX
  8
0
  5
21FF
 10
-50.8482
 20
55.7704
 30
0.000000
  70
    32
  0
VERTEX
  8
0
  5
2200
 10
-50.8253
 20
55.7638
 30
0.000000
  70
    32
  0
VERTEX
  8
0
  5
2201
 10
-50.8024
 20
55.7572
 30
0.000000
  70
    32
  0
VERTEX
  8
0
  5
2202
 10
-50.7795
 20
55.7507
 30
0.000000
  70
    32
  0
VERTEX
  8
0
  5
2203
 10
-50.7565
 20
55.7442
 30
0.000000
  70
    32
  0
VERTEX
  8
0
  5
2204
 10
-50.7336
 20
55.7377
 30
0.000000
  70
    32
  0
VERTEX
  8
0
  5
2205
 10
-50.7107
 20
55.7312
 30
0.000000
  70
    32
  0
VERTEX
  8
0
  5
2206
 10
-50.6878
 20
55.7249
 30
0.000000
  70
    32
  0
VERTEX
  8
0
  5
2207
 10
-50.6648
 20
55.7185
 30
0.000000
  70
    32
  0
VERTEX
  8
0
  5
2208
 10
-50.6419
 20
55.7122
 30
0.000000
  70
    32
  0
VERTEX
  8
0
  5
2209
 10
-50.6190
 20
55.7060
 30
0.000000
  70
    32
  0
VERTEX
  8
0
  5
220A
 10
-50.5961
 20
55.6998
 30
0.000000
  70
    32
  0
VERTEX
  8
0
  5
220B
 10
-50.5731
 20
55.6937
 30
0.000000
  70
    32
  0
VERTEX
  8
0
  5
220C
 10
-50.5502
 20
55.6877
 30
0.000000
  70
    32
  0
VERTEX
  8
0
  5
220D
 10
-50.5273
 20
55.6817
 30
0.000000
  70
    32
  0
VERTEX
  8
0
  5
220E
 10
-50.5044
 20
55.6758
 30
0.000000
  70
    32
  0
VERTEX
  8
0
  5
220F
 10
-50.4815
 20
55.6700
 30
0.000000
  70
    32
  0
VERTEX
  8
0
  5
2210
 10
-50.4586
 20
55.6643
 30
0.000000
  70
    32
  0
VERTEX
  8
0
  5
2211
 10
-50.4356
 20
55.6586
 30
0.000000
  70
    32
  0
VERTEX
  8
0
  5
2212
 10
-50.4127
 20
55.6531
 30
0.000000
  70
    32
  0
VERTEX
  8
0
  5
2213
 10
-50.3898
 20
55.6476
 30
0.000000
  70
    32
  0
VERTEX
  8
0
  5
2214
 10
-50.3669
 20
55.6423
 30
0.000000
  70
    32
  0
VERTEX
  8
0
  5
2215
 10
-50.3440
 20
55.6371
 30
0.000000
  70
    32
  0
VERTEX
  8
0
  5
2216
 10
-50.3211
 20
55.6319
 30
0.000000
  70
    32
  0
VERTEX
  8
0
  5
2217
 10
-50.2982
 20
55.6269
 30
0.000000
  70
    32
  0
VERTEX
  8
0
  5
2218
 10
-50.2752
 20
55.6220
 30
0.000000
  70
    32
  0
VERTEX
  8
0
  5
2219
 10
-50.2523
 20
55.6173
 30
0.000000
  70
    32
  0
VERTEX
  8
0
  5
221A
 10
-50.2294
 20
55.6126
 30
0.000000
  70
    32
  0
VERTEX
  8
0
  5
221B
 10
-50.2065
 20
55.6081
 30
0.000000
  70
    32
  0
VERTEX
  8
0
  5
221C
 10
-50.1836
 20
55.6037
 30
0.000000
  70
    32
  0
VERTEX
  8
0
  5
221D
 10
-50.1607
 20
55.5995
 30
0.000000
  70
    32
  0
VERTEX
  8
0
  5
221E
 10
-50.1378
 20
55.5954
 30
0.000000
  70
    32
  0
VERTEX
  8
0
  5
221F
 10
-50.1149
 20
55.5914
 30
0.000000
  70
    32
  0
VERTEX
  8
0
  5
2220
 10
-50.0920
 20
55.5876
 30
0.000000
  70
    32
  0
VERTEX
  8
0
  5
2221
 10
-50.0691
 20
55.5840
 30
0.000000
  70
    32
  0
VERTEX
  8
0
  5
2222
 10
-50.0462
 20
55.5805
 30
0.000000
  70
    32
  0
VERTEX
  8
0
  5
2223
 10
-50.0233
 20
55.5772
 30
0.000000
  70
    32
  0
VERTEX
  8
0
  5
2224
 10
-50.0004
 20
55.5741
 30
0.000000
  70
    32
  0
VERTEX
  8
0
  5
2225
 10
-49.9775
 20
55.5711
 30
0.000000
  70
    32
  0
VERTEX
  8
0
  5
2226
 10
-49.9546
 20
55.5683
 30
0.000000
  70
    32
  0
VERTEX
  8
0
  5
2227
 10
-49.9317
 20
55.5657
 30
0.000000
  70
    32
  0
VERTEX
  8
0
  5
2228
 10
-49.9088
 20
55.5632
 30
0.000000
  70
    32
  0
VERTEX
  8
0
  5
2229
 10
-49.8859
 20
55.5610
 30
0.000000
  70
    32
  0
VERTEX
  8
0
  5
222A
 10
-49.8631
 20
55.5589
 30
0.000000
  70
    32
  0
VERTEX
  8
0
  5
222B
 10
-49.8402
 20
55.5571
 30
0.000000
  70
    32
  0
VERTEX
  8
0
  5
222C
 10
-49.8173
 20
55.5554
 30
0.000000
  70
    32
  0
VERTEX
  8
0
  5
222D
 10
-49.7944
 20
55.5540
 30
0.000000
  70
    32
  0
VERTEX
  8
0
  5
222E
 10
-49.7715
 20
55.5528
 30
0.000000
  70
    32
  0
VERTEX
  8
0
  5
222F
 10
-49.7486
 20
55.5517
 30
0.000000
  70
    32
  0
VERTEX
  8
0
  5
2230
 10
-49.7258
 20
55.5509
 30
0.000000
  70
    32
  0
VERTEX
  8
0
  5
2231
 10
-49.7029
 20
55.5504
 30
0.000000
  70
    32
  0
VERTEX
  8
0
  5
2232
 10
-49.6800
 20
55.5500
 30
0.000000
  70
    32
  0
VERTEX
  8
0
  5
2233
 10
-49.6572
 20
55.5499
 30
0.000000
  70
    32
  0
VERTEX
  8
0
  5
2234
 10
-49.6343
 20
55.5500
 30
0.000000
  70
    32
  0
VERTEX
  8
0
  5
2235
 10
-49.6114
 20
55.5504
 30
0.000000
  70
    32
  0
VERTEX
  8
0
  5
2236
 10
-49.5885
 20
55.5510
 30
0.000000
  70
    32
  0
VERTEX
  8
0
  5
2237
 10
-49.5657
 20
55.5518
 30
0.000000
  70
    32
  0
VERTEX
  8
0
  5
2238
 10
-49.5428
 20
55.5528
 30
0.000000
  70
    32
  0
VERTEX
  8
0
  5
2239
 10
-49.5200
 20
55.5541
 30
0.000000
  70
    32
  0
VERTEX
  8
0
  5
223A
 10
-49.4971
 20
55.5556
 30
0.000000
  70
    32
  0
VERTEX
  8
0
  5
223B
 10
-49.4743
 20
55.5574
 30
0.000000
  70
    32
  0
VERTEX
  8
0
  5
223C
 10
-49.4514
 20
55.5593
 30
0.000000
  70
    32
  0
VERTEX
  8
0
  5
223D
 10
-49.4285
 20
55.5614
 30
0.000000
  70
    32
  0
VERTEX
  8
0
  5
223E
 10
-49.4057
 20
55.5638
 30
0.000000
  70
    32
  0
VERTEX
  8
0
  5
223F
 10
-49.3828
 20
55.5663
 30
0.000000
  70
    32
  0
VERTEX
  8
0
  5
2240
 10
-49.3600
 20
55.5691
 30
0.000000
  70
    32
  0
VERTEX
  8
0
  5
2241
 10
-49.3372
 20
55.5720
 30
0.000000
  70
    32
  0
VERTEX
  8
0
  5
2242
 10
-49.3143
 20
55.5751
 30
0.000000
  70
    32
  0
VERTEX
  8
0
  5
2243
 10
-49.2915
 20
55.5784
 30
0.000000
  70
    32
  0
VERTEX
  8
0
  5
2244
 10
-49.2686
 20
55.5819
 30
0.000000
  70
    32
  0
VERTEX
  8
0
  5
2245
 10
-49.2458
 20
55.5856
 30
0.000000
  70
    32
  0
VERTEX
  8
0
  5
2246
 10
-49.2230
 20
55.5894
 30
0.000000
  70
    32
  0
VERTEX
  8
0
  5
2247
 10
-49.2001
 20
55.5934
 30
0.000000
  70
    32
  0
VERTEX
  8
0
  5
2248
 10
-49.1773
 20
55.5975
 30
0.000000
  70
    32
  0
VERTEX
  8
0
  5
2249
 10
-49.1544
 20
55.6018
 30
0.000000
  70
    32
  0
VERTEX
  8
0
  5
224A
 10
-49.1316
 20
55.6062
 30
0.000000
  70
    32
  0
VERTEX
  8
0
  5
224B
 10
-49.1088
 20
55.6108
 30
0.000000
  70
    32
  0
VERTEX
  8
0
  5
224C
 10
-49.0859
 20
55.6156
 30
0.000000
  70
    32
  0
VERTEX
  8
0
  5
224D
 10
-49.0631
 20
55.6204
 30
0.000000
  70
    32
  0
VERTEX
  8
0
  5
224E
 10
-49.0403
 20
55.6254
 30
0.000000
  70
    32
  0
VERTEX
  8
0
  5
224F
 10
-49.0175
 20
55.6305
 30
0.000000
  70
    32
  0
VERTEX
  8
0
  5
2250
 10
-48.9946
 20
55.6358
 30
0.000000
  70
    32
  0
VERTEX
  8
0
  5
2251
 10
-48.9718
 20
55.6411
 30
0.000000
  70
    32
  0
VERTEX
  8
0
  5
2252
 10
-48.9490
 20
55.6466
 30
0.000000
  70
    32
  0
VERTEX
  8
0
  5
2253
 10
-48.9262
 20
55.6522
 30
0.000000
  70
    32
  0
VERTEX
  8
0
  5
2254
 10
-48.9033
 20
55.6579
 30
0.000000
  70
    32
  0
VERTEX
  8
0
  5
2255
 10
-48.8805
 20
55.6637
 30
0.000000
  70
    32
  0
VERTEX
  8
0
  5
2256
 10
-48.8577
 20
55.6696
 30
0.000000
  70
    32
  0
VERTEX
  8
0
  5
2257
 10
-48.8349
 20
55.6755
 30
0.000000
  70
    32
  0
VERTEX
  8
0
  5
2258
 10
-48.8121
 20
55.6816
 30
0.000000
  70
    32
  0
VERTEX
  8
0
  5
2259
 10
-48.7892
 20
55.6877
 30
0.000000
  70
    32
  0
VERTEX
  8
0
  5
225A
 10
-48.7664
 20
55.6939
 30
0.000000
  70
    32
  0
VERTEX
  8
0
  5
225B
 10
-48.7436
 20
55.7002
 30
0.000000
  70
    32
  0
VERTEX
  8
0
  5
225C
 10
-48.7208
 20
55.7066
 30
0.000000
  70
    32
  0
VERTEX
  8
0
  5
225D
 10
-48.6980
 20
55.7130
 30
0.000000
  70
    32
  0
VERTEX
  8
0
  5
225E
 10
-48.6752
 20
55.7195
 30
0.000000
  70
    32
  0
VERTEX
  8
0
  5
225F
 10
-48.6523
 20
55.7260
 30
0.000000
  70
    32
  0
VERTEX
  8
0
  5
2260
 10
-48.6295
 20
55.7326
 30
0.000000
  70
    32
  0
VERTEX
  8
0
  5
2261
 10
-48.6067
 20
55.7392
 30
0.000000
  70
    32
  0
VERTEX
  8
0
  5
2262
 10
-48.5839
 20
55.7459
 30
0.000000
  70
    32
  0
VERTEX
  8
0
  5
2263
 10
-48.5611
 20
55.7526
 30
0.000000
  70
    32
  0
VERTEX
  8
0
  5
2264
 10
-48.5383
 20
55.7594
 30
0.000000
  70
    32
  0
VERTEX
  8
0
  5
2265
 10
-48.5155
 20
55.7661
 30
0.000000
  70
    32
  0
VERTEX
  8
0
  5
2266
 10
-48.4926
 20
55.7729
 30
0.000000
  70
    32
  0
VERTEX
  8
0
  5
2267
 10
-48.4698
 20
55.7797
 30
0.000000
  70
    32
  0
VERTEX
  8
0
  5
2268
 10
-48.4470
 20
55.7865
 30
0.000000
  70
    32
  0
VERTEX
  8
0
  5
2269
 10
-48.4242
 20
55.7934
 30
0.000000
  70
    32
  0
VERTEX
  8
0
  5
226A
 10
-48.4014
 20
55.8002
 30
0.000000
  70
    32
  0
SEQEND
  8
0
  5
226B
  0
ARC
  5
CCF
  8
0
  6
CONTINUOUS
 62
     7
 10
-56.501391818499719
 20
43.237693667294103
 30
0.0
 40
2.999999999999865
 50
340.00000000004621
 51
0.0
  0
ARC
  5
CD0
  8
0
  6
CONTINUOUS
 62
     7
 10
-59.075459553442833
 20
101.2504000000004
 30
0.0
 40
0.75
 50
90.0
 51
169.6951535313834
  0
ARC
  5
CD1
  8
0
  6
CONTINUOUS
 62
     7
 10
-58.95139181849953
 20
101.2504000000004
 30
0.0
 40
0.75
 50
0.0
 51
90.0
  0
ARC
  5
CD2
  8
0
  6
CONTINUOUS
 62
     7
 10
143.0003238629586
 20
14.000400000000409
 30
0.0
 40
6.0000000000000018
 50
90.0
 51
180.0
  0
ARC
  5
CD3
  8
0
  6
CONTINUOUS
 62
     7
 10
143.0003238629586
 20
-53.999599999999582
 30
0.0
 40
6.0
 50
180.0
 51
270.0
  0
ARC
  5
CD4
  8
0
  6
CONTINUOUS
 62
     7
 10
211.0003238629586
 20
-53.999599999999582
 30
0.0
 40
6.0
 50
270.0
 51
0.0
  0
ARC
  5
CD5
  8
0
  6
CONTINUOUS
 62
     7
 10
211.0003238629586
 20
14.000400000000409
 30
0.0
 40
6.0
 50
0.0
 51
90.0
  0
LINE
  5
F51
  8
0
  6
CONTINUOUS
 62
     7
 10
106.8754238629604
 20
-122.4996000000001
 30
0.0
 11
113.1254238629604
 21
-122.4996000000001
 31
0.0
  0
LINE
  5
F52
  8
0
  6
CONTINUOUS
 62
     7
 10
98.875423862960488
 20
-114.9996000000001
 30
0.0
 11
98.875423862960488
 21
-129.10065641018599
 31
0.0
  0
LINE
  5
F53
  8
0
  6
CONTINUOUS
 62
     7
 10
90.375423862960488
 20
-114.9995999999994
 30
0.0
 11
98.875423862960488
 21
-114.9996000000001
 31
0.0
  0
LINE
  5
F54
  8
0
  6
CONTINUOUS
 62
     7
 10
106.8754238629604
 20
-122.4996000000001
 30
0.0
 11
106.8754238629604
 21
-130.87911138072971
 31
0.0
  0
LINE
  5
F55
  8
0
  6
CONTINUOUS
 62
     7
 10
105.3754238629605
 20
-123.99959999999891
 30
0.0
 11
106.8754238629604
 21
-122.4996000000001
 31
0.0
  0
LINE
  5
F56
  8
0
  6
CONTINUOUS
 62
     7
 10
105.3754238629605
 20
-123.99959999999891
 30
0.0
 11
105.3754238629605
 21
-129.89905362063681
 31
0.0
  0
LINE
  5
F57
  8
0
  6
CONTINUOUS
 62
     7
 10
100.3754238629605
 20
-116.4996000000001
 30
0.0
 11
100.3754238629605
 21
-129.89905362063681
 31
0.0
  0
LINE
  5
F58
  8
0
  6
CONTINUOUS
 62
     7
 10
103.8754238629604
 20
-123.99959999999891
 30
0.0
 11
105.3754238629605
 21
-123.99959999999891
 31
0.0
  0
LINE
  5
F59
  8
0
  6
CONTINUOUS
 62
     7
 10
98.875423862960488
 20
-114.9996000000001
 30
0.0
 11
100.3754238629605
 21
-116.4996000000001
 31
0.0
  0
ARC
  5
F5C
  8
0
  6
CONTINUOUS
 62
     7
 10
103.8754238629604
 20
-120.49959999999891
 30
0.0
 40
3.500000000002998
 50
180.0000000000104
 51
270.0
  0
POLYLINE
  8
0
  5
226C
  62
2
  66
     1
 10
0.000000
 20
0.000000
 30
0.000000
  70
     8
  0
VERTEX
  8
0
  5
226D
 10
90.3754
 20
-115.000
 30
0.000000
  70
    32
  0
VERTEX
  8
0
  5
226E
 10
90.3974
 20
-115.059
 30
0.000000
  70
    32
  0
VERTEX
  8
0
  5
226F
 10
90.4194
 20
-115.119
 30
0.000000
  70
    32
  0
VERTEX
  8
0
  5
2270
 10
90.4414
 20
-115.178
 30
0.000000
  70
    32
  0
VERTEX
  8
0
  5
2271
 10
90.4634
 20
-115.238
 30
0.000000
  70
    32
  0
VERTEX
  8
0
  5
2272
 10
90.4855
 20
-115.297
 30
0.000000
  70
    32
  0
VERTEX
  8
0
  5
2273
 10
90.5075
 20
-115.357
 30
0.000000
  70
    32
  0
VERTEX
  8
0
  5
2274
 10
90.5295
 20
-115.417
 30
0.000000
  70
    32
  0
VERTEX
  8
0
  5
2275
 10
90.5515
 20
-115.476
 30
0.000000
  70
    32
  0
VERTEX
  8
0
  5
2276
 10
90.5735
 20
-115.536
 30
0.000000
  70
    32
  0
VERTEX
  8
0
  5
2277
 10
90.5956
 20
-115.595
 30
0.000000
  70
    32
  0
VERTEX
  8
0
  5
2278
 10
90.6176
 20
-115.655
 30
0.000000
  70
    32
  0
VERTEX
  8
0
  5
2279
 10
90.6396
 20
-115.714
 30
0.000000
  70
    32
  0
VERTEX
  8
0
  5
227A
 10
90.6617
 20
-115.774
 30
0.000000
  70
    32
  0
VERTEX
  8
0
  5
227B
 10
90.6838
 20
-115.833
 30
0.000000
  70
    32
  0
VERTEX
  8
0
  5
227C
 10
90.7058
 20
-115.893
 30
0.000000
  70
    32
  0
VERTEX
  8
0
  5
227D
 10
90.7279
 20
-115.953
 30
0.000000
  70
    32
  0
VERTEX
  8
0
  5
227E
 10
90.7500
 20
-116.012
 30
0.000000
  70
    32
  0
VERTEX
  8
0
  5
227F
 10
90.7721
 20
-116.072
 30
0.000000
  70
    32
  0
VERTEX
  8
0
  5
2280
 10
90.7942
 20
-116.131
 30
0.000000
  70
    32
  0
VERTEX
  8
0
  5
2281
 10
90.8163
 20
-116.191
 30
0.000000
  70
    32
  0
VERTEX
  8
0
  5
2282
 10
90.8385
 20
-116.250
 30
0.000000
  70
    32
  0
VERTEX
  8
0
  5
2283
 10
90.8606
 20
-116.310
 30
0.000000
  70
    32
  0
VERTEX
  8
0
  5
2284
 10
90.8828
 20
-116.369
 30
0.000000
  70
    32
  0
VERTEX
  8
0
  5
2285
 10
90.9050
 20
-116.429
 30
0.000000
  70
    32
  0
VERTEX
  8
0
  5
2286
 10
90.9271
 20
-116.488
 30
0.000000
  70
    32
  0
VERTEX
  8
0
  5
2287
 10
90.9494
 20
-116.548
 30
0.000000
  70
    32
  0
VERTEX
  8
0
  5
2288
 10
90.9716
 20
-116.607
 30
0.000000
  70
    32
  0
VERTEX
  8
0
  5
2289
 10
90.9938
 20
-116.667
 30
0.000000
  70
    32
  0
VERTEX
  8
0
  5
228A
 10
91.0161
 20
-116.726
 30
0.000000
  70
    32
  0
VERTEX
  8
0
  5
228B
 10
91.0384
 20
-116.786
 30
0.000000
  70
    32
  0
VERTEX
  8
0
  5
228C
 10
91.0607
 20
-116.845
 30
0.000000
  70
    32
  0
VERTEX
  8
0
  5
228D
 10
91.0830
 20
-116.904
 30
0.000000
  70
    32
  0
VERTEX
  8
0
  5
228E
 10
91.1053
 20
-116.964
 30
0.000000
  70
    32
  0
VERTEX
  8
0
  5
228F
 10
91.1277
 20
-117.023
 30
0.000000
  70
    32
  0
VERTEX
  8
0
  5
2290
 10
91.1500
 20
-117.083
 30
0.000000
  70
    32
  0
VERTEX
  8
0
  5
2291
 10
91.1724
 20
-117.142
 30
0.000000
  70
    32
  0
VERTEX
  8
0
  5
2292
 10
91.1949
 20
-117.201
 30
0.000000
  70
    32
  0
VERTEX
  8
0
  5
2293
 10
91.2173
 20
-117.261
 30
0.000000
  70
    32
  0
VERTEX
  8
0
  5
2294
 10
91.2398
 20
-117.320
 30
0.000000
  70
    32
  0
VERTEX
  8
0
  5
2295
 10
91.2623
 20
-117.380
 30
0.000000
  70
    32
  0
VERTEX
  8
0
  5
2296
 10
91.2848
 20
-117.439
 30
0.000000
  70
    32
  0
VERTEX
  8
0
  5
2297
 10
91.3074
 20
-117.498
 30
0.000000
  70
    32
  0
VERTEX
  8
0
  5
2298
 10
91.3299
 20
-117.558
 30
0.000000
  70
    32
  0
VERTEX
  8
0
  5
2299
 10
91.3525
 20
-117.617
 30
0.000000
  70
    32
  0
VERTEX
  8
0
  5
229A
 10
91.3752
 20
-117.676
 30
0.000000
  70
    32
  0
VERTEX
  8
0
  5
229B
 10
91.3978
 20
-117.736
 30
0.000000
  70
    32
  0
VERTEX
  8
0
  5
229C
 10
91.4205
 20
-117.795
 30
0.000000
  70
    32
  0
VERTEX
  8
0
  5
229D
 10
91.4432
 20
-117.854
 30
0.000000
  70
    32
  0
VERTEX
  8
0
  5
229E
 10
91.4660
 20
-117.913
 30
0.000000
  70
    32
  0
VERTEX
  8
0
  5
229F
 10
91.4887
 20
-117.973
 30
0.000000
  70
    32
  0
VERTEX
  8
0
  5
22A0
 10
91.5115
 20
-118.032
 30
0.000000
  70
    32
  0
VERTEX
  8
0
  5
22A1
 10
91.5344
 20
-118.091
 30
0.000000
  70
    32
  0
VERTEX
  8
0
  5
22A2
 10
91.5573
 20
-118.150
 30
0.000000
  70
    32
  0
VERTEX
  8
0
  5
22A3
 10
91.5802
 20
-118.210
 30
0.000000
  70
    32
  0
VERTEX
  8
0
  5
22A4
 10
91.6031
 20
-118.269
 30
0.000000
  70
    32
  0
VERTEX
  8
0
  5
22A5
 10
91.6261
 20
-118.328
 30
0.000000
  70
    32
  0
VERTEX
  8
0
  5
22A6
 10
91.6491
 20
-118.387
 30
0.000000
  70
    32
  0
VERTEX
  8
0
  5
22A7
 10
91.6721
 20
-118.446
 30
0.000000
  70
    32
  0
VERTEX
  8
0
  5
22A8
 10
91.6952
 20
-118.505
 30
0.000000
  70
    32
  0
VERTEX
  8
0
  5
22A9
 10
91.7183
 20
-118.564
 30
0.000000
  70
    32
  0
VERTEX
  8
0
  5
22AA
 10
91.7415
 20
-118.624
 30
0.000000
  70
    32
  0
VERTEX
  8
0
  5
22AB
 10
91.7647
 20
-118.683
 30
0.000000
  70
    32
  0
VERTEX
  8
0
  5
22AC
 10
91.7879
 20
-118.742
 30
0.000000
  70
    32
  0
VERTEX
  8
0
  5
22AD
 10
91.8112
 20
-118.801
 30
0.000000
  70
    32
  0
VERTEX
  8
0
  5
22AE
 10
91.8345
 20
-118.860
 30
0.000000
  70
    32
  0
VERTEX
  8
0
  5
22AF
 10
91.8579
 20
-118.919
 30
0.000000
  70
    32
  0
VERTEX
  8
0
  5
22B0
 10
91.8813
 20
-118.978
 30
0.000000
  70
    32
  0
VERTEX
  8
0
  5
22B1
 10
91.9047
 20
-119.037
 30
0.000000
  70
    32
  0
VERTEX
  8
0
  5
22B2
 10
91.9282
 20
-119.096
 30
0.000000
  70
    32
  0
VERTEX
  8
0
  5
22B3
 10
91.9517
 20
-119.155
 30
0.000000
  70
    32
  0
VERTEX
  8
0
  5
22B4
 10
91.9753
 20
-119.214
 30
0.000000
  70
    32
  0
VERTEX
  8
0
  5
22B5
 10
91.9989
 20
-119.273
 30
0.000000
  70
    32
  0
VERTEX
  8
0
  5
22B6
 10
92.0226
 20
-119.331
 30
0.000000
  70
    32
  0
VERTEX
  8
0
  5
22B7
 10
92.0463
 20
-119.390
 30
0.000000
  70
    32
  0
VERTEX
  8
0
  5
22B8
 10
92.0700
 20
-119.449
 30
0.000000
  70
    32
  0
VERTEX
  8
0
  5
22B9
 10
92.0938
 20
-119.508
 30
0.000000
  70
    32
  0
VERTEX
  8
0
  5
22BA
 10
92.1177
 20
-119.567
 30
0.000000
  70
    32
  0
VERTEX
  8
0
  5
22BB
 10
92.1416
 20
-119.626
 30
0.000000
  70
    32
  0
VERTEX
  8
0
  5
22BC
 10
92.1655
 20
-119.684
 30
0.000000
  70
    32
  0
VERTEX
  8
0
  5
22BD
 10
92.1895
 20
-119.743
 30
0.000000
  70
    32
  0
VERTEX
  8
0
  5
22BE
 10
92.2136
 20
-119.802
 30
0.000000
  70
    32
  0
VERTEX
  8
0
  5
22BF
 10
92.2377
 20
-119.861
 30
0.000000
  70
    32
  0
VERTEX
  8
0
  5
22C0
 10
92.2618
 20
-119.919
 30
0.000000
  70
    32
  0
VERTEX
  8
0
  5
22C1
 10
92.2860
 20
-119.978
 30
0.000000
  70
    32
  0
VERTEX
  8
0
  5
22C2
 10
92.3103
 20
-120.037
 30
0.000000
  70
    32
  0
VERTEX
  8
0
  5
22C3
 10
92.3346
 20
-120.095
 30
0.000000
  70
    32
  0
VERTEX
  8
0
  5
22C4
 10
92.3590
 20
-120.154
 30
0.000000
  70
    32
  0
VERTEX
  8
0
  5
22C5
 10
92.3834
 20
-120.212
 30
0.000000
  70
    32
  0
VERTEX
  8
0
  5
22C6
 10
92.4079
 20
-120.271
 30
0.000000
  70
    32
  0
VERTEX
  8
0
  5
22C7
 10
92.4324
 20
-120.330
 30
0.000000
  70
    32
  0
VERTEX
  8
0
  5
22C8
 10
92.4570
 20
-120.388
 30
0.000000
  70
    32
  0
VERTEX
  8
0
  5
22C9
 10
92.4816
 20
-120.447
 30
0.000000
  70
    32
  0
VERTEX
  8
0
  5
22CA
 10
92.5063
 20
-120.505
 30
0.000000
  70
    32
  0
VERTEX
  8
0
  5
22CB
 10
92.5311
 20
-120.563
 30
0.000000
  70
    32
  0
VERTEX
  8
0
  5
22CC
 10
92.5559
 20
-120.622
 30
0.000000
  70
    32
  0
VERTEX
  8
0
  5
22CD
 10
92.5808
 20
-120.680
 30
0.000000
  70
    32
  0
VERTEX
  8
0
  5
22CE
 10
92.6057
 20
-120.739
 30
0.000000
  70
    32
  0
VERTEX
  8
0
  5
22CF
 10
92.6307
 20
-120.797
 30
0.000000
  70
    32
  0
VERTEX
  8
0
  5
22D0
 10
92.6558
 20
-120.855
 30
0.000000
  70
    32
  0
VERTEX
  8
0
  5
22D1
 10
92.6809
 20
-120.914
 30
0.000000
  70
    32
  0
VERTEX
  8
0
  5
22D2
 10
92.7061
 20
-120.972
 30
0.000000
  70
    32
  0
VERTEX
  8
0
  5
22D3
 10
92.7314
 20
-121.030
 30
0.000000
  70
    32
  0
VERTEX
  8
0
  5
22D4
 10
92.7567
 20
-121.088
 30
0.000000
  70
    32
  0
VERTEX
  8
0
  5
22D5
 10
92.7821
 20
-121.147
 30
0.000000
  70
    32
  0
VERTEX
  8
0
  5
22D6
 10
92.8075
 20
-121.205
 30
0.000000
  70
    32
  0
VERTEX
  8
0
  5
22D7
 10
92.8331
 20
-121.263
 30
0.000000
  70
    32
  0
VERTEX
  8
0
  5
22D8
 10
92.8586
 20
-121.321
 30
0.000000
  70
    32
  0
VERTEX
  8
0
  5
22D9
 10
92.8843
 20
-121.379
 30
0.000000
  70
    32
  0
VERTEX
  8
0
  5
22DA
 10
92.9100
 20
-121.437
 30
0.000000
  70
    32
  0
VERTEX
  8
0
  5
22DB
 10
92.9358
 20
-121.495
 30
0.000000
  70
    32
  0
VERTEX
  8
0
  5
22DC
 10
92.9616
 20
-121.553
 30
0.000000
  70
    32
  0
VERTEX
  8
0
  5
22DD
 10
92.9876
 20
-121.611
 30
0.000000
  70
    32
  0
VERTEX
  8
0
  5
22DE
 10
93.0136
 20
-121.669
 30
0.000000
  70
    32
  0
VERTEX
  8
0
  5
22DF
 10
93.0396
 20
-121.727
 30
0.000000
  70
    32
  0
VERTEX
  8
0
  5
22E0
 10
93.0658
 20
-121.785
 30
0.000000
  70
    32
  0
VERTEX
  8
0
  5
22E1
 10
93.0920
 20
-121.843
 30
0.000000
  70
    32
  0
VERTEX
  8
0
  5
22E2
 10
93.1183
 20
-121.900
 30
0.000000
  70
    32
  0
VERTEX
  8
0
  5
22E3
 10
93.1446
 20
-121.958
 30
0.000000
  70
    32
  0
VERTEX
  8
0
  5
22E4
 10
93.1711
 20
-122.016
 30
0.000000
  70
    32
  0
VERTEX
  8
0
  5
22E5
 10
93.1976
 20
-122.074
 30
0.000000
  70
    32
  0
VERTEX
  8
0
  5
22E6
 10
93.2242
 20
-122.131
 30
0.000000
  70
    32
  0
VERTEX
  8
0
  5
22E7
 10
93.2508
 20
-122.189
 30
0.000000
  70
    32
  0
VERTEX
  8
0
  5
22E8
 10
93.2776
 20
-122.247
 30
0.000000
  70
    32
  0
VERTEX
  8
0
  5
22E9
 10
93.3044
 20
-122.304
 30
0.000000
  70
    32
  0
VERTEX
  8
0
  5
22EA
 10
93.3313
 20
-122.362
 30
0.000000
  70
    32
  0
VERTEX
  8
0
  5
22EB
 10
93.3583
 20
-122.419
 30
0.000000
  70
    32
  0
VERTEX
  8
0
  5
22EC
 10
93.3853
 20
-122.477
 30
0.000000
  70
    32
  0
VERTEX
  8
0
  5
22ED
 10
93.4124
 20
-122.534
 30
0.000000
  70
    32
  0
VERTEX
  8
0
  5
22EE
 10
93.4397
 20
-122.592
 30
0.000000
  70
    32
  0
VERTEX
  8
0
  5
22EF
 10
93.4670
 20
-122.649
 30
0.000000
  70
    32
  0
VERTEX
  8
0
  5
22F0
 10
93.4943
 20
-122.707
 30
0.000000
  70
    32
  0
VERTEX
  8
0
  5
22F1
 10
93.5218
 20
-122.764
 30
0.000000
  70
    32
  0
VERTEX
  8
0
  5
22F2
 10
93.5493
 20
-122.821
 30
0.000000
  70
    32
  0
VERTEX
  8
0
  5
22F3
 10
93.5770
 20
-122.879
 30
0.000000
  70
    32
  0
VERTEX
  8
0
  5
22F4
 10
93.6047
 20
-122.936
 30
0.000000
  70
    32
  0
VERTEX
  8
0
  5
22F5
 10
93.6325
 20
-122.993
 30
0.000000
  70
    32
  0
VERTEX
  8
0
  5
22F6
 10
93.6604
 20
-123.050
 30
0.000000
  70
    32
  0
VERTEX
  8
0
  5
22F7
 10
93.6883
 20
-123.107
 30
0.000000
  70
    32
  0
VERTEX
  8
0
  5
22F8
 10
93.7164
 20
-123.164
 30
0.000000
  70
    32
  0
VERTEX
  8
0
  5
22F9
 10
93.7446
 20
-123.221
 30
0.000000
  70
    32
  0
VERTEX
  8
0
  5
22FA
 10
93.7728
 20
-123.278
 30
0.000000
  70
    32
  0
VERTEX
  8
0
  5
22FB
 10
93.8012
 20
-123.335
 30
0.000000
  70
    32
  0
VERTEX
  8
0
  5
22FC
 10
93.8296
 20
-123.392
 30
0.000000
  70
    32
  0
VERTEX
  8
0
  5
22FD
 10
93.8581
 20
-123.449
 30
0.000000
  70
    32
  0
VERTEX
  8
0
  5
22FE
 10
93.8868
 20
-123.506
 30
0.000000
  70
    32
  0
VERTEX
  8
0
  5
22FF
 10
93.9155
 20
-123.563
 30
0.000000
  70
    32
  0
VERTEX
  8
0
  5
2300
 10
93.9443
 20
-123.619
 30
0.000000
  70
    32
  0
VERTEX
  8
0
  5
2301
 10
93.9733
 20
-123.676
 30
0.000000
  70
    32
  0
VERTEX
  8
0
  5
2302
 10
94.0023
 20
-123.733
 30
0.000000
  70
    32
  0
VERTEX
  8
0
  5
2303
 10
94.0315
 20
-123.789
 30
0.000000
  70
    32
  0
VERTEX
  8
0
  5
2304
 10
94.0607
 20
-123.846
 30
0.000000
  70
    32
  0
VERTEX
  8
0
  5
2305
 10
94.0901
 20
-123.902
 30
0.000000
  70
    32
  0
VERTEX
  8
0
  5
2306
 10
94.1196
 20
-123.959
 30
0.000000
  70
    32
  0
VERTEX
  8
0
  5
2307
 10
94.1491
 20
-124.015
 30
0.000000
  70
    32
  0
VERTEX
  8
0
  5
2308
 10
94.1788
 20
-124.071
 30
0.000000
  70
    32
  0
VERTEX
  8
0
  5
2309
 10
94.2086
 20
-124.127
 30
0.000000
  70
    32
  0
VERTEX
  8
0
  5
230A
 10
94.2386
 20
-124.183
 30
0.000000
  70
    32
  0
VERTEX
  8
0
  5
230B
 10
94.2686
 20
-124.239
 30
0.000000
  70
    32
  0
VERTEX
  8
0
  5
230C
 10
94.2987
 20
-124.295
 30
0.000000
  70
    32
  0
VERTEX
  8
0
  5
230D
 10
94.3290
 20
-124.351
 30
0.000000
  70
    32
  0
VERTEX
  8
0
  5
230E
 10
94.3594
 20
-124.407
 30
0.000000
  70
    32
  0
VERTEX
  8
0
  5
230F
 10
94.3899
 20
-124.463
 30
0.000000
  70
    32
  0
VERTEX
  8
0
  5
2310
 10
94.4205
 20
-124.519
 30
0.000000
  70
    32
  0
VERTEX
  8
0
  5
2311
 10
94.4513
 20
-124.574
 30
0.000000
  70
    32
  0
VERTEX
  8
0
  5
2312
 10
94.4822
 20
-124.630
 30
0.000000
  70
    32
  0
VERTEX
  8
0
  5
2313
 10
94.5132
 20
-124.685
 30
0.000000
  70
    32
  0
VERTEX
  8
0
  5
2314
 10
94.5443
 20
-124.741
 30
0.000000
  70
    32
  0
VERTEX
  8
0
  5
2315
 10
94.5755
 20
-124.796
 30
0.000000
  70
    32
  0
VERTEX
  8
0
  5
2316
 10
94.6069
 20
-124.851
 30
0.000000
  70
    32
  0
VERTEX
  8
0
  5
2317
 10
94.6385
 20
-124.906
 30
0.000000
  70
    32
  0
VERTEX
  8
0
  5
2318
 10
94.6701
 20
-124.962
 30
0.000000
  70
    32
  0
VERTEX
  8
0
  5
2319
 10
94.7019
 20
-125.017
 30
0.000000
  70
    32
  0
VERTEX
  8
0
  5
231A
 10
94.7338
 20
-125.071
 30
0.000000
  70
    32
  0
VERTEX
  8
0
  5
231B
 10
94.7659
 20
-125.126
 30
0.000000
  70
    32
  0
VERTEX
  8
0
  5
231C
 10
94.7981
 20
-125.181
 30
0.000000
  70
    32
  0
VERTEX
  8
0
  5
231D
 10
94.8304
 20
-125.236
 30
0.000000
  70
    32
  0
VERTEX
  8
0
  5
231E
 10
94.8629
 20
-125.290
 30
0.000000
  70
    32
  0
VERTEX
  8
0
  5
231F
 10
94.8955
 20
-125.345
 30
0.000000
  70
    32
  0
VERTEX
  8
0
  5
2320
 10
94.9282
 20
-125.399
 30
0.000000
  70
    32
  0
VERTEX
  8
0
  5
2321
 10
94.9611
 20
-125.453
 30
0.000000
  70
    32
  0
VERTEX
  8
0
  5
2322
 10
94.9942
 20
-125.507
 30
0.000000
  70
    32
  0
VERTEX
  8
0
  5
2323
 10
95.0274
 20
-125.562
 30
0.000000
  70
    32
  0
VERTEX
  8
0
  5
2324
 10
95.0607
 20
-125.615
 30
0.000000
  70
    32
  0
VERTEX
  8
0
  5
2325
 10
95.0942
 20
-125.669
 30
0.000000
  70
    32
  0
VERTEX
  8
0
  5
2326
 10
95.1279
 20
-125.723
 30
0.000000
  70
    32
  0
VERTEX
  8
0
  5
2327
 10
95.1616
 20
-125.777
 30
0.000000
  70
    32
  0
VERTEX
  8
0
  5
2328
 10
95.1956
 20
-125.830
 30
0.000000
  70
    32
  0
VERTEX
  8
0
  5
2329
 10
95.2297
 20
-125.884
 30
0.000000
  70
    32
  0
VERTEX
  8
0
  5
232A
 10
95.2640
 20
-125.937
 30
0.000000
  70
    32
  0
VERTEX
  8
0
  5
232B
 10
95.2984
 20
-125.990
 30
0.000000
  70
    32
  0
VERTEX
  8
0
  5
232C
 10
95.3329
 20
-126.044
 30
0.000000
  70
    32
  0
VERTEX
  8
0
  5
232D
 10
95.3677
 20
-126.097
 30
0.000000
  70
    32
  0
VERTEX
  8
0
  5
232E
 10
95.4026
 20
-126.149
 30
0.000000
  70
    32
  0
VERTEX
  8
0
  5
232F
 10
95.4376
 20
-126.202
 30
0.000000
  70
    32
  0
VERTEX
  8
0
  5
2330
 10
95.4728
 20
-126.255
 30
0.000000
  70
    32
  0
VERTEX
  8
0
  5
2331
 10
95.5082
 20
-126.307
 30
0.000000
  70
    32
  0
VERTEX
  8
0
  5
2332
 10
95.5438
 20
-126.360
 30
0.000000
  70
    32
  0
VERTEX
  8
0
  5
2333
 10
95.5795
 20
-126.412
 30
0.000000
  70
    32
  0
VERTEX
  8
0
  5
2334
 10
95.6154
 20
-126.464
 30
0.000000
  70
    32
  0
VERTEX
  8
0
  5
2335
 10
95.6515
 20
-126.516
 30
0.000000
  70
    32
  0
VERTEX
  8
0
  5
2336
 10
95.6878
 20
-126.568
 30
0.000000
  70
    32
  0
VERTEX
  8
0
  5
2337
 10
95.7242
 20
-126.620
 30
0.000000
  70
    32
  0
VERTEX
  8
0
  5
2338
 10
95.7610
 20
-126.672
 30
0.000000
  70
    32
  0
VERTEX
  8
0
  5
2339
 10
95.7979
 20
-126.723
 30
0.000000
  70
    32
  0
VERTEX
  8
0
  5
233A
 10
95.8351
 20
-126.775
 30
0.000000
  70
    32
  0
VERTEX
  8
0
  5
233B
 10
95.8725
 20
-126.826
 30
0.000000
  70
    32
  0
VERTEX
  8
0
  5
233C
 10
95.9101
 20
-126.877
 30
0.000000
  70
    32
  0
VERTEX
  8
0
  5
233D
 10
95.9481
 20
-126.928
 30
0.000000
  70
    32
  0
VERTEX
  8
0
  5
233E
 10
95.9863
 20
-126.978
 30
0.000000
  70
    32
  0
VERTEX
  8
0
  5
233F
 10
96.0248
 20
-127.029
 30
0.000000
  70
    32
  0
VERTEX
  8
0
  5
2340
 10
96.0636
 20
-127.079
 30
0.000000
  70
    32
  0
VERTEX
  8
0
  5
2341
 10
96.1027
 20
-127.129
 30
0.000000
  70
    32
  0
VERTEX
  8
0
  5
2342
 10
96.1422
 20
-127.179
 30
0.000000
  70
    32
  0
VERTEX
  8
0
  5
2343
 10
96.1819
 20
-127.228
 30
0.000000
  70
    32
  0
VERTEX
  8
0
  5
2344
 10
96.2220
 20
-127.277
 30
0.000000
  70
    32
  0
VERTEX
  8
0
  5
2345
 10
96.2625
 20
-127.327
 30
0.000000
  70
    32
  0
VERTEX
  8
0
  5
2346
 10
96.3033
 20
-127.375
 30
0.000000
  70
    32
  0
VERTEX
  8
0
  5
2347
 10
96.3445
 20
-127.424
 30
0.000000
  70
    32
  0
VERTEX
  8
0
  5
2348
 10
96.3860
 20
-127.472
 30
0.000000
  70
    32
  0
VERTEX
  8
0
  5
2349
 10
96.4280
 20
-127.521
 30
0.000000
  70
    32
  0
VERTEX
  8
0
  5
234A
 10
96.4703
 20
-127.568
 30
0.000000
  70
    32
  0
VERTEX
  8
0
  5
234B
 10
96.5131
 20
-127.616
 30
0.000000
  70
    32
  0
VERTEX
  8
0
  5
234C
 10
96.5563
 20
-127.663
 30
0.000000
  70
    32
  0
VERTEX
  8
0
  5
234D
 10
96.5999
 20
-127.710
 30
0.000000
  70
    32
  0
VERTEX
  8
0
  5
234E
 10
96.6439
 20
-127.757
 30
0.000000
  70
    32
  0
VERTEX
  8
0
  5
234F
 10
96.6884
 20
-127.803
 30
0.000000
  70
    32
  0
VERTEX
  8
0
  5
2350
 10
96.7333
 20
-127.849
 30
0.000000
  70
    32
  0
VERTEX
  8
0
  5
2351
 10
96.7787
 20
-127.895
 30
0.000000
  70
    32
  0
VERTEX
  8
0
  5
2352
 10
96.8245
 20
-127.939
 30
0.000000
  70
    32
  0
VERTEX
  8
0
  5
2353
 10
96.8708
 20
-127.984
 30
0.000000
  70
    32
  0
VERTEX
  8
0
  5
2354
 10
96.9175
 20
-128.028
 30
0.000000
  70
    32
  0
VERTEX
  8
0
  5
2355
 10
96.9647
 20
-128.071
 30
0.000000
  70
    32
  0
VERTEX
  8
0
  5
2356
 10
97.0124
 20
-128.114
 30
0.000000
  70
    32
  0
VERTEX
  8
0
  5
2357
 10
97.0606
 20
-128.156
 30
0.000000
  70
    32
  0
VERTEX
  8
0
  5
2358
 10
97.1093
 20
-128.197
 30
0.000000
  70
    32
  0
VERTEX
  8
0
  5
2359
 10
97.1584
 20
-128.238
 30
0.000000
  70
    32
  0
VERTEX
  8
0
  5
235A
 10
97.2081
 20
-128.277
 30
0.000000
  70
    32
  0
VERTEX
  8
0
  5
235B
 10
97.2583
 20
-128.316
 30
0.000000
  70
    32
  0
VERTEX
  8
0
  5
235C
 10
97.3089
 20
-128.355
 30
0.000000
  70
    32
  0
VERTEX
  8
0
  5
235D
 10
97.3601
 20
-128.392
 30
0.000000
  70
    32
  0
VERTEX
  8
0
  5
235E
 10
97.4119
 20
-128.428
 30
0.000000
  70
    32
  0
VERTEX
  8
0
  5
235F
 10
97.4641
 20
-128.464
 30
0.000000
  70
    32
  0
VERTEX
  8
0
  5
2360
 10
97.5169
 20
-128.498
 30
0.000000
  70
    32
  0
VERTEX
  8
0
  5
2361
 10
97.5702
 20
-128.532
 30
0.000000
  70
    32
  0
VERTEX
  8
0
  5
2362
 10
97.6241
 20
-128.564
 30
0.000000
  70
    32
  0
VERTEX
  8
0
  5
2363
 10
97.6785
 20
-128.596
 30
0.000000
  70
    32
  0
VERTEX
  8
0
  5
2364
 10
97.7335
 20
-128.626
 30
0.000000
  70
    32
  0
VERTEX
  8
0
  5
2365
 10
97.7890
 20
-128.655
 30
0.000000
  70
    32
  0
VERTEX
  8
0
  5
2366
 10
97.8450
 20
-128.684
 30
0.000000
  70
    32
  0
VERTEX
  8
0
  5
2367
 10
97.9014
 20
-128.711
 30
0.000000
  70
    32
  0
VERTEX
  8
0
  5
2368
 10
97.9583
 20
-128.738
 30
0.000000
  70
    32
  0
VERTEX
  8
0
  5
2369
 10
98.0156
 20
-128.764
 30
0.000000
  70
    32
  0
VERTEX
  8
0
  5
236A
 10
98.0732
 20
-128.789
 30
0.000000
  70
    32
  0
VERTEX
  8
0
  5
236B
 10
98.1313
 20
-128.814
 30
0.000000
  70
    32
  0
VERTEX
  8
0
  5
236C
 10
98.1897
 20
-128.838
 30
0.000000
  70
    32
  0
VERTEX
  8
0
  5
236D
 10
98.2483
 20
-128.862
 30
0.000000
  70
    32
  0
VERTEX
  8
0
  5
236E
 10
98.3073
 20
-128.885
 30
0.000000
  70
    32
  0
VERTEX
  8
0
  5
236F
 10
98.3665
 20
-128.908
 30
0.000000
  70
    32
  0
VERTEX
  8
0
  5
2370
 10
98.4259
 20
-128.931
 30
0.000000
  70
    32
  0
VERTEX
  8
0
  5
2371
 10
98.4856
 20
-128.953
 30
0.000000
  70
    32
  0
VERTEX
  8
0
  5
2372
 10
98.5454
 20
-128.976
 30
0.000000
  70
    32
  0
VERTEX
  8
0
  5
2373
 10
98.6053
 20
-128.998
 30
0.000000
  70
    32
  0
VERTEX
  8
0
  5
2374
 10
98.6654
 20
-129.021
 30
0.000000
  70
    32
  0
VERTEX
  8
0
  5
2375
 10
98.7256
 20
-129.043
 30
0.000000
  70
    32
  0
VERTEX
  8
0
  5
2376
 10
98.7858
 20
-129.066
 30
0.000000
  70
    32
  0
VERTEX
  8
0
  5
2377
 10
98.8461
 20
-129.088
 30
0.000000
  70
    32
  0
VERTEX
  8
0
  5
2378
 10
98.9064
 20
-129.112
 30
0.000000
  70
    32
  0
VERTEX
  8
0
  5
2379
 10
98.9667
 20
-129.135
 30
0.000000
  70
    32
  0
VERTEX
  8
0
  5
237A
 10
99.0269
 20
-129.159
 30
0.000000
  70
    32
  0
VERTEX
  8
0
  5
237B
 10
99.0871
 20
-129.183
 30
0.000000
  70
    32
  0
VERTEX
  8
0
  5
237C
 10
99.1472
 20
-129.208
 30
0.000000
  70
    32
  0
VERTEX
  8
0
  5
237D
 10
99.2071
 20
-129.233
 30
0.000000
  70
    32
  0
VERTEX
  8
0
  5
237E
 10
99.2668
 20
-129.259
 30
0.000000
  70
    32
  0
VERTEX
  8
0
  5
237F
 10
99.3263
 20
-129.285
 30
0.000000
  70
    32
  0
VERTEX
  8
0
  5
2380
 10
99.3855
 20
-129.312
 30
0.000000
  70
    32
  0
VERTEX
  8
0
  5
2381
 10
99.4444
 20
-129.339
 30
0.000000
  70
    32
  0
VERTEX
  8
0
  5
2382
 10
99.5030
 20
-129.366
 30
0.000000
  70
    32
  0
VERTEX
  8
0
  5
2383
 10
99.5613
 20
-129.395
 30
0.000000
  70
    32
  0
VERTEX
  8
0
  5
2384
 10
99.6191
 20
-129.423
 30
0.000000
  70
    32
  0
VERTEX
  8
0
  5
2385
 10
99.6764
 20
-129.453
 30
0.000000
  70
    32
  0
VERTEX
  8
0
  5
2386
 10
99.7333
 20
-129.483
 30
0.000000
  70
    32
  0
VERTEX
  8
0
  5
2387
 10
99.7896
 20
-129.513
 30
0.000000
  70
    32
  0
VERTEX
  8
0
  5
2388
 10
99.8454
 20
-129.544
 30
0.000000
  70
    32
  0
VERTEX
  8
0
  5
2389
 10
99.9005
 20
-129.576
 30
0.000000
  70
    32
  0
VERTEX
  8
0
  5
238A
 10
99.9551
 20
-129.608
 30
0.000000
  70
    32
  0
VERTEX
  8
0
  5
238B
 10
100.009
 20
-129.641
 30
0.000000
  70
    32
  0
VERTEX
  8
0
  5
238C
 10
100.062
 20
-129.674
 30
0.000000
  70
    32
  0
VERTEX
  8
0
  5
238D
 10
100.114
 20
-129.709
 30
0.000000
  70
    32
  0
VERTEX
  8
0
  5
238E
 10
100.166
 20
-129.743
 30
0.000000
  70
    32
  0
VERTEX
  8
0
  5
238F
 10
100.217
 20
-129.779
 30
0.000000
  70
    32
  0
VERTEX
  8
0
  5
2390
 10
100.267
 20
-129.815
 30
0.000000
  70
    32
  0
VERTEX
  8
0
  5
2391
 10
100.316
 20
-129.852
 30
0.000000
  70
    32
  0
VERTEX
  8
0
  5
2392
 10
100.364
 20
-129.890
 30
0.000000
  70
    32
  0
VERTEX
  8
0
  5
2393
 10
100.411
 20
-129.928
 30
0.000000
  70
    32
  0
VERTEX
  8
0
  5
2394
 10
100.457
 20
-129.967
 30
0.000000
  70
    32
  0
VERTEX
  8
0
  5
2395
 10
100.502
 20
-130.007
 30
0.000000
  70
    32
  0
VERTEX
  8
0
  5
2396
 10
100.546
 20
-130.047
 30
0.000000
  70
    32
  0
VERTEX
  8
0
  5
2397
 10
100.590
 20
-130.088
 30
0.000000
  70
    32
  0
VERTEX
  8
0
  5
2398
 10
100.633
 20
-130.130
 30
0.000000
  70
    32
  0
VERTEX
  8
0
  5
2399
 10
100.675
 20
-130.172
 30
0.000000
  70
    32
  0
VERTEX
  8
0
  5
239A
 10
100.717
 20
-130.215
 30
0.000000
  70
    32
  0
VERTEX
  8
0
  5
239B
 10
100.758
 20
-130.258
 30
0.000000
  70
    32
  0
VERTEX
  8
0
  5
239C
 10
100.798
 20
-130.302
 30
0.000000
  70
    32
  0
VERTEX
  8
0
  5
239D
 10
100.838
 20
-130.346
 30
0.000000
  70
    32
  0
VERTEX
  8
0
  5
239E
 10
100.878
 20
-130.391
 30
0.000000
  70
    32
  0
VERTEX
  8
0
  5
239F
 10
100.917
 20
-130.436
 30
0.000000
  70
    32
  0
VERTEX
  8
0
  5
23A0
 10
100.957
 20
-130.482
 30
0.000000
  70
    32
  0
VERTEX
  8
0
  5
23A1
 10
100.995
 20
-130.528
 30
0.000000
  70
    32
  0
VERTEX
  8
0
  5
23A2
 10
101.034
 20
-130.575
 30
0.000000
  70
    32
  0
VERTEX
  8
0
  5
23A3
 10
101.073
 20
-130.622
 30
0.000000
  70
    32
  0
VERTEX
  8
0
  5
23A4
 10
101.111
 20
-130.669
 30
0.000000
  70
    32
  0
VERTEX
  8
0
  5
23A5
 10
101.150
 20
-130.716
 30
0.000000
  70
    32
  0
VERTEX
  8
0
  5
23A6
 10
101.189
 20
-130.764
 30
0.000000
  70
    32
  0
VERTEX
  8
0
  5
23A7
 10
101.227
 20
-130.812
 30
0.000000
  70
    32
  0
VERTEX
  8
0
  5
23A8
 10
101.266
 20
-130.861
 30
0.000000
  70
    32
  0
VERTEX
  8
0
  5
23A9
 10
101.305
 20
-130.909
 30
0.000000
  70
    32
  0
VERTEX
  8
0
  5
23AA
 10
101.345
 20
-130.958
 30
0.000000
  70
    32
  0
VERTEX
  8
0
  5
23AB
 10
101.385
 20
-131.007
 30
0.000000
  70
    32
  0
VERTEX
  8
0
  5
23AC
 10
101.425
 20
-131.056
 30
0.000000
  70
    32
  0
VERTEX
  8
0
  5
23AD
 10
101.466
 20
-131.106
 30
0.000000
  70
    32
  0
VERTEX
  8
0
  5
23AE
 10
101.507
 20
-131.155
 30
0.000000
  70
    32
  0
VERTEX
  8
0
  5
23AF
 10
101.548
 20
-131.205
 30
0.000000
  70
    32
  0
VERTEX
  8
0
  5
23B0
 10
101.591
 20
-131.254
 30
0.000000
  70
    32
  0
VERTEX
  8
0
  5
23B1
 10
101.634
 20
-131.304
 30
0.000000
  70
    32
  0
VERTEX
  8
0
  5
23B2
 10
101.678
 20
-131.354
 30
0.000000
  70
    32
  0
VERTEX
  8
0
  5
23B3
 10
101.722
 20
-131.404
 30
0.000000
  70
    32
  0
VERTEX
  8
0
  5
23B4
 10
101.768
 20
-131.453
 30
0.000000
  70
    32
  0
VERTEX
  8
0
  5
23B5
 10
101.814
 20
-131.503
 30
0.000000
  70
    32
  0
VERTEX
  8
0
  5
23B6
 10
101.861
 20
-131.553
 30
0.000000
  70
    32
  0
VERTEX
  8
0
  5
23B7
 10
101.909
 20
-131.602
 30
0.000000
  70
    32
  0
VERTEX
  8
0
  5
23B8
 10
101.959
 20
-131.651
 30
0.000000
  70
    32
  0
VERTEX
  8
0
  5
23B9
 10
102.009
 20
-131.701
 30
0.000000
  70
    32
  0
VERTEX
  8
0
  5
23BA
 10
102.061
 20
-131.750
 30
0.000000
  70
    32
  0
VERTEX
  8
0
  5
23BB
 10
102.114
 20
-131.799
 30
0.000000
  70
    32
  0
VERTEX
  8
0
  5
23BC
 10
102.168
 20
-131.848
 30
0.000000
  70
    32
  0
VERTEX
  8
0
  5
23BD
 10
102.224
 20
-131.896
 30
0.000000
  70
    32
  0
VERTEX
  8
0
  5
23BE
 10
102.281
 20
-131.944
 30
0.000000
  70
    32
  0
VERTEX
  8
0
  5
23BF
 10
102.339
 20
-131.992
 30
0.000000
  70
    32
  0
VERTEX
  8
0
  5
23C0
 10
102.397
 20
-132.039
 30
0.000000
  70
    32
  0
VERTEX
  8
0
  5
23C1
 10
102.457
 20
-132.085
 30
0.000000
  70
    32
  0
VERTEX
  8
0
  5
23C2
 10
102.518
 20
-132.130
 30
0.000000
  70
    32
  0
VERTEX
  8
0
  5
23C3
 10
102.579
 20
-132.174
 30
0.000000
  70
    32
  0
VERTEX
  8
0
  5
23C4
 10
102.640
 20
-132.216
 30
0.000000
  70
    32
  0
VERTEX
  8
0
  5
23C5
 10
102.702
 20
-132.257
 30
0.000000
  70
    32
  0
VERTEX
  8
0
  5
23C6
 10
102.763
 20
-132.295
 30
0.000000
  70
    32
  0
VERTEX
  8
0
  5
23C7
 10
102.825
 20
-132.332
 30
0.000000
  70
    32
  0
VERTEX
  8
0
  5
23C8
 10
102.887
 20
-132.367
 30
0.000000
  70
    32
  0
VERTEX
  8
0
  5
23C9
 10
102.948
 20
-132.399
 30
0.000000
  70
    32
  0
VERTEX
  8
0
  5
23CA
 10
103.009
 20
-132.429
 30
0.000000
  70
    32
  0
VERTEX
  8
0
  5
23CB
 10
103.069
 20
-132.456
 30
0.000000
  70
    32
  0
VERTEX
  8
0
  5
23CC
 10
103.129
 20
-132.480
 30
0.000000
  70
    32
  0
VERTEX
  8
0
  5
23CD
 10
103.187
 20
-132.502
 30
0.000000
  70
    32
  0
VERTEX
  8
0
  5
23CE
 10
103.245
 20
-132.520
 30
0.000000
  70
    32
  0
VERTEX
  8
0
  5
23CF
 10
103.302
 20
-132.534
 30
0.000000
  70
    32
  0
VERTEX
  8
0
  5
23D0
 10
103.357
 20
-132.545
 30
0.000000
  70
    32
  0
VERTEX
  8
0
  5
23D1
 10
103.411
 20
-132.552
 30
0.000000
  70
    32
  0
VERTEX
  8
0
  5
23D2
 10
103.463
 20
-132.556
 30
0.000000
  70
    32
  0
VERTEX
  8
0
  5
23D3
 10
103.513
 20
-132.555
 30
0.000000
  70
    32
  0
VERTEX
  8
0
  5
23D4
 10
103.562
 20
-132.549
 30
0.000000
  70
    32
  0
VERTEX
  8
0
  5
23D5
 10
103.609
 20
-132.540
 30
0.000000
  70
    32
  0
VERTEX
  8
0
  5
23D6
 10
103.653
 20
-132.525
 30
0.000000
  70
    32
  0
VERTEX
  8
0
  5
23D7
 10
103.696
 20
-132.506
 30
0.000000
  70
    32
  0
VERTEX
  8
0
  5
23D8
 10
103.736
 20
-132.483
 30
0.000000
  70
    32
  0
VERTEX
  8
0
  5
23D9
 10
103.775
 20
-132.455
 30
0.000000
  70
    32
  0
VERTEX
  8
0
  5
23DA
 10
103.812
 20
-132.424
 30
0.000000
  70
    32
  0
VERTEX
  8
0
  5
23DB
 10
103.847
 20
-132.388
 30
0.000000
  70
    32
  0
VERTEX
  8
0
  5
23DC
 10
103.881
 20
-132.349
 30
0.000000
  70
    32
  0
VERTEX
  8
0
  5
23DD
 10
103.913
 20
-132.306
 30
0.000000
  70
    32
  0
VERTEX
  8
0
  5
23DE
 10
103.944
 20
-132.259
 30
0.000000
  70
    32
  0
VERTEX
  8
0
  5
23DF
 10
103.974
 20
-132.210
 30
0.000000
  70
    32
  0
VERTEX
  8
0
  5
23E0
 10
104.003
 20
-132.158
 30
0.000000
  70
    32
  0
VERTEX
  8
0
  5
23E1
 10
104.031
 20
-132.102
 30
0.000000
  70
    32
  0
VERTEX
  8
0
  5
23E2
 10
104.058
 20
-132.044
 30
0.000000
  70
    32
  0
VERTEX
  8
0
  5
23E3
 10
104.084
 20
-131.984
 30
0.000000
  70
    32
  0
VERTEX
  8
0
  5
23E4
 10
104.110
 20
-131.921
 30
0.000000
  70
    32
  0
VERTEX
  8
0
  5
23E5
 10
104.136
 20
-131.857
 30
0.000000
  70
    32
  0
VERTEX
  8
0
  5
23E6
 10
104.161
 20
-131.790
 30
0.000000
  70
    32
  0
VERTEX
  8
0
  5
23E7
 10
104.186
 20
-131.722
 30
0.000000
  70
    32
  0
VERTEX
  8
0
  5
23E8
 10
104.210
 20
-131.652
 30
0.000000
  70
    32
  0
VERTEX
  8
0
  5
23E9
 10
104.235
 20
-131.581
 30
0.000000
  70
    32
  0
VERTEX
  8
0
  5
23EA
 10
104.260
 20
-131.508
 30
0.000000
  70
    32
  0
VERTEX
  8
0
  5
23EB
 10
104.285
 20
-131.435
 30
0.000000
  70
    32
  0
VERTEX
  8
0
  5
23EC
 10
104.311
 20
-131.360
 30
0.000000
  70
    32
  0
VERTEX
  8
0
  5
23ED
 10
104.337
 20
-131.285
 30
0.000000
  70
    32
  0
VERTEX
  8
0
  5
23EE
 10
104.364
 20
-131.210
 30
0.000000
  70
    32
  0
VERTEX
  8
0
  5
23EF
 10
104.391
 20
-131.134
 30
0.000000
  70
    32
  0
VERTEX
  8
0
  5
23F0
 10
104.420
 20
-131.058
 30
0.000000
  70
    32
  0
VERTEX
  8
0
  5
23F1
 10
104.449
 20
-130.983
 30
0.000000
  70
    32
  0
VERTEX
  8
0
  5
23F2
 10
104.480
 20
-130.907
 30
0.000000
  70
    32
  0
VERTEX
  8
0
  5
23F3
 10
104.511
 20
-130.832
 30
0.000000
  70
    32
  0
VERTEX
  8
0
  5
23F4
 10
104.544
 20
-130.758
 30
0.000000
  70
    32
  0
VERTEX
  8
0
  5
23F5
 10
104.577
 20
-130.685
 30
0.000000
  70
    32
  0
VERTEX
  8
0
  5
23F6
 10
104.612
 20
-130.614
 30
0.000000
  70
    32
  0
VERTEX
  8
0
  5
23F7
 10
104.647
 20
-130.544
 30
0.000000
  70
    32
  0
VERTEX
  8
0
  5
23F8
 10
104.684
 20
-130.476
 30
0.000000
  70
    32
  0
VERTEX
  8
0
  5
23F9
 10
104.722
 20
-130.411
 30
0.000000
  70
    32
  0
VERTEX
  8
0
  5
23FA
 10
104.760
 20
-130.348
 30
0.000000
  70
    32
  0
VERTEX
  8
0
  5
23FB
 10
104.800
 20
-130.288
 30
0.000000
  70
    32
  0
VERTEX
  8
0
  5
23FC
 10
104.841
 20
-130.231
 30
0.000000
  70
    32
  0
VERTEX
  8
0
  5
23FD
 10
104.882
 20
-130.178
 30
0.000000
  70
    32
  0
VERTEX
  8
0
  5
23FE
 10
104.925
 20
-130.128
 30
0.000000
  70
    32
  0
VERTEX
  8
0
  5
23FF
 10
104.968
 20
-130.083
 30
0.000000
  70
    32
  0
VERTEX
  8
0
  5
2400
 10
105.013
 20
-130.041
 30
0.000000
  70
    32
  0
VERTEX
  8
0
  5
2401
 10
105.058
 20
-130.005
 30
0.000000
  70
    32
  0
VERTEX
  8
0
  5
2402
 10
105.105
 20
-129.973
 30
0.000000
  70
    32
  0
VERTEX
  8
0
  5
2403
 10
105.152
 20
-129.946
 30
0.000000
  70
    32
  0
VERTEX
  8
0
  5
2404
 10
105.200
 20
-129.925
 30
0.000000
  70
    32
  0
VERTEX
  8
0
  5
2405
 10
105.249
 20
-129.910
 30
0.000000
  70
    32
  0
VERTEX
  8
0
  5
2406
 10
105.299
 20
-129.901
 30
0.000000
  70
    32
  0
VERTEX
  8
0
  5
2407
 10
105.350
 20
-129.898
 30
0.000000
  70
    32
  0
VERTEX
  8
0
  5
2408
 10
105.401
 20
-129.902
 30
0.000000
  70
    32
  0
VERTEX
  8
0
  5
2409
 10
105.454
 20
-129.912
 30
0.000000
  70
    32
  0
VERTEX
  8
0
  5
240A
 10
105.507
 20
-129.928
 30
0.000000
  70
    32
  0
VERTEX
  8
0
  5
240B
 10
105.560
 20
-129.950
 30
0.000000
  70
    32
  0
VERTEX
  8
0
  5
240C
 10
105.615
 20
-129.977
 30
0.000000
  70
    32
  0
VERTEX
  8
0
  5
240D
 10
105.669
 20
-130.008
 30
0.000000
  70
    32
  0
VERTEX
  8
0
  5
240E
 10
105.724
 20
-130.043
 30
0.000000
  70
    32
  0
VERTEX
  8
0
  5
240F
 10
105.778
 20
-130.082
 30
0.000000
  70
    32
  0
VERTEX
  8
0
  5
2410
 10
105.833
 20
-130.123
 30
0.000000
  70
    32
  0
VERTEX
  8
0
  5
2411
 10
105.888
 20
-130.167
 30
0.000000
  70
    32
  0
VERTEX
  8
0
  5
2412
 10
105.942
 20
-130.213
 30
0.000000
  70
    32
  0
VERTEX
  8
0
  5
2413
 10
105.996
 20
-130.260
 30
0.000000
  70
    32
  0
VERTEX
  8
0
  5
2414
 10
106.049
 20
-130.308
 30
0.000000
  70
    32
  0
VERTEX
  8
0
  5
2415
 10
106.102
 20
-130.356
 30
0.000000
  70
    32
  0
VERTEX
  8
0
  5
2416
 10
106.154
 20
-130.404
 30
0.000000
  70
    32
  0
VERTEX
  8
0
  5
2417
 10
106.206
 20
-130.452
 30
0.000000
  70
    32
  0
VERTEX
  8
0
  5
2418
 10
106.257
 20
-130.499
 30
0.000000
  70
    32
  0
VERTEX
  8
0
  5
2419
 10
106.308
 20
-130.544
 30
0.000000
  70
    32
  0
VERTEX
  8
0
  5
241A
 10
106.359
 20
-130.589
 30
0.000000
  70
    32
  0
VERTEX
  8
0
  5
241B
 10
106.409
 20
-130.631
 30
0.000000
  70
    32
  0
VERTEX
  8
0
  5
241C
 10
106.460
 20
-130.672
 30
0.000000
  70
    32
  0
VERTEX
  8
0
  5
241D
 10
106.512
 20
-130.710
 30
0.000000
  70
    32
  0
VERTEX
  8
0
  5
241E
 10
106.563
 20
-130.745
 30
0.000000
  70
    32
  0
VERTEX
  8
0
  5
241F
 10
106.616
 20
-130.778
 30
0.000000
  70
    32
  0
VERTEX
  8
0
  5
2420
 10
106.669
 20
-130.806
 30
0.000000
  70
    32
  0
VERTEX
  8
0
  5
2421
 10
106.722
 20
-130.832
 30
0.000000
  70
    32
  0
VERTEX
  8
0
  5
2422
 10
106.777
 20
-130.853
 30
0.000000
  70
    32
  0
VERTEX
  8
0
  5
2423
 10
106.833
 20
-130.870
 30
0.000000
  70
    32
  0
VERTEX
  8
0
  5
2424
 10
106.890
 20
-130.882
 30
0.000000
  70
    32
  0
VERTEX
  8
0
  5
2425
 10
106.949
 20
-130.889
 30
0.000000
  70
    32
  0
VERTEX
  8
0
  5
2426
 10
107.009
 20
-130.892
 30
0.000000
  70
    32
  0
VERTEX
  8
0
  5
2427
 10
107.069
 20
-130.890
 30
0.000000
  70
    32
  0
VERTEX
  8
0
  5
2428
 10
107.131
 20
-130.884
 30
0.000000
  70
    32
  0
VERTEX
  8
0
  5
2429
 10
107.193
 20
-130.874
 30
0.000000
  70
    32
  0
VERTEX
  8
0
  5
242A
 10
107.255
 20
-130.861
 30
0.000000
  70
    32
  0
VERTEX
  8
0
  5
242B
 10
107.318
 20
-130.843
 30
0.000000
  70
    32
  0
VERTEX
  8
0
  5
242C
 10
107.380
 20
-130.823
 30
0.000000
  70
    32
  0
VERTEX
  8
0
  5
242D
 10
107.443
 20
-130.800
 30
0.000000
  70
    32
  0
VERTEX
  8
0
  5
242E
 10
107.505
 20
-130.773
 30
0.000000
  70
    32
  0
VERTEX
  8
0
  5
242F
 10
107.566
 20
-130.744
 30
0.000000
  70
    32
  0
VERTEX
  8
0
  5
2430
 10
107.627
 20
-130.713
 30
0.000000
  70
    32
  0
VERTEX
  8
0
  5
2431
 10
107.687
 20
-130.679
 30
0.000000
  70
    32
  0
VERTEX
  8
0
  5
2432
 10
107.746
 20
-130.644
 30
0.000000
  70
    32
  0
VERTEX
  8
0
  5
2433
 10
107.803
 20
-130.607
 30
0.000000
  70
    32
  0
VERTEX
  8
0
  5
2434
 10
107.859
 20
-130.568
 30
0.000000
  70
    32
  0
VERTEX
  8
0
  5
2435
 10
107.913
 20
-130.528
 30
0.000000
  70
    32
  0
VERTEX
  8
0
  5
2436
 10
107.966
 20
-130.487
 30
0.000000
  70
    32
  0
VERTEX
  8
0
  5
2437
 10
108.017
 20
-130.445
 30
0.000000
  70
    32
  0
VERTEX
  8
0
  5
2438
 10
108.066
 20
-130.401
 30
0.000000
  70
    32
  0
VERTEX
  8
0
  5
2439
 10
108.113
 20
-130.357
 30
0.000000
  70
    32
  0
VERTEX
  8
0
  5
243A
 10
108.160
 20
-130.312
 30
0.000000
  70
    32
  0
VERTEX
  8
0
  5
243B
 10
108.205
 20
-130.266
 30
0.000000
  70
    32
  0
VERTEX
  8
0
  5
243C
 10
108.248
 20
-130.219
 30
0.000000
  70
    32
  0
VERTEX
  8
0
  5
243D
 10
108.291
 20
-130.172
 30
0.000000
  70
    32
  0
VERTEX
  8
0
  5
243E
 10
108.332
 20
-130.123
 30
0.000000
  70
    32
  0
VERTEX
  8
0
  5
243F
 10
108.372
 20
-130.074
 30
0.000000
  70
    32
  0
VERTEX
  8
0
  5
2440
 10
108.411
 20
-130.025
 30
0.000000
  70
    32
  0
VERTEX
  8
0
  5
2441
 10
108.450
 20
-129.975
 30
0.000000
  70
    32
  0
VERTEX
  8
0
  5
2442
 10
108.487
 20
-129.924
 30
0.000000
  70
    32
  0
VERTEX
  8
0
  5
2443
 10
108.524
 20
-129.873
 30
0.000000
  70
    32
  0
VERTEX
  8
0
  5
2444
 10
108.560
 20
-129.821
 30
0.000000
  70
    32
  0
VERTEX
  8
0
  5
2445
 10
108.596
 20
-129.769
 30
0.000000
  70
    32
  0
VERTEX
  8
0
  5
2446
 10
108.631
 20
-129.717
 30
0.000000
  70
    32
  0
VERTEX
  8
0
  5
2447
 10
108.665
 20
-129.664
 30
0.000000
  70
    32
  0
VERTEX
  8
0
  5
2448
 10
108.700
 20
-129.611
 30
0.000000
  70
    32
  0
VERTEX
  8
0
  5
2449
 10
108.734
 20
-129.558
 30
0.000000
  70
    32
  0
VERTEX
  8
0
  5
244A
 10
108.767
 20
-129.505
 30
0.000000
  70
    32
  0
VERTEX
  8
0
  5
244B
 10
108.801
 20
-129.451
 30
0.000000
  70
    32
  0
VERTEX
  8
0
  5
244C
 10
108.835
 20
-129.398
 30
0.000000
  70
    32
  0
VERTEX
  8
0
  5
244D
 10
108.868
 20
-129.345
 30
0.000000
  70
    32
  0
VERTEX
  8
0
  5
244E
 10
108.902
 20
-129.291
 30
0.000000
  70
    32
  0
VERTEX
  8
0
  5
244F
 10
108.935
 20
-129.238
 30
0.000000
  70
    32
  0
VERTEX
  8
0
  5
2450
 10
108.969
 20
-129.184
 30
0.000000
  70
    32
  0
VERTEX
  8
0
  5
2451
 10
109.002
 20
-129.130
 30
0.000000
  70
    32
  0
VERTEX
  8
0
  5
2452
 10
109.036
 20
-129.077
 30
0.000000
  70
    32
  0
VERTEX
  8
0
  5
2453
 10
109.069
 20
-129.023
 30
0.000000
  70
    32
  0
VERTEX
  8
0
  5
2454
 10
109.102
 20
-128.969
 30
0.000000
  70
    32
  0
VERTEX
  8
0
  5
2455
 10
109.136
 20
-128.915
 30
0.000000
  70
    32
  0
VERTEX
  8
0
  5
2456
 10
109.169
 20
-128.862
 30
0.000000
  70
    32
  0
VERTEX
  8
0
  5
2457
 10
109.202
 20
-128.808
 30
0.000000
  70
    32
  0
VERTEX
  8
0
  5
2458
 10
109.235
 20
-128.754
 30
0.000000
  70
    32
  0
VERTEX
  8
0
  5
2459
 10
109.269
 20
-128.700
 30
0.000000
  70
    32
  0
VERTEX
  8
0
  5
245A
 10
109.302
 20
-128.646
 30
0.000000
  70
    32
  0
VERTEX
  8
0
  5
245B
 10
109.335
 20
-128.592
 30
0.000000
  70
    32
  0
VERTEX
  8
0
  5
245C
 10
109.368
 20
-128.538
 30
0.000000
  70
    32
  0
VERTEX
  8
0
  5
245D
 10
109.401
 20
-128.484
 30
0.000000
  70
    32
  0
VERTEX
  8
0
  5
245E
 10
109.434
 20
-128.430
 30
0.000000
  70
    32
  0
VERTEX
  8
0
  5
245F
 10
109.467
 20
-128.376
 30
0.000000
  70
    32
  0
VERTEX
  8
0
  5
2460
 10
109.500
 20
-128.321
 30
0.000000
  70
    32
  0
VERTEX
  8
0
  5
2461
 10
109.533
 20
-128.267
 30
0.000000
  70
    32
  0
VERTEX
  8
0
  5
2462
 10
109.566
 20
-128.213
 30
0.000000
  70
    32
  0
VERTEX
  8
0
  5
2463
 10
109.599
 20
-128.159
 30
0.000000
  70
    32
  0
VERTEX
  8
0
  5
2464
 10
109.632
 20
-128.105
 30
0.000000
  70
    32
  0
VERTEX
  8
0
  5
2465
 10
109.665
 20
-128.050
 30
0.000000
  70
    32
  0
VERTEX
  8
0
  5
2466
 10
109.698
 20
-127.996
 30
0.000000
  70
    32
  0
VERTEX
  8
0
  5
2467
 10
109.731
 20
-127.942
 30
0.000000
  70
    32
  0
VERTEX
  8
0
  5
2468
 10
109.764
 20
-127.887
 30
0.000000
  70
    32
  0
VERTEX
  8
0
  5
2469
 10
109.796
 20
-127.833
 30
0.000000
  70
    32
  0
VERTEX
  8
0
  5
246A
 10
109.829
 20
-127.779
 30
0.000000
  70
    32
  0
VERTEX
  8
0
  5
246B
 10
109.862
 20
-127.724
 30
0.000000
  70
    32
  0
VERTEX
  8
0
  5
246C
 10
109.895
 20
-127.670
 30
0.000000
  70
    32
  0
VERTEX
  8
0
  5
246D
 10
109.928
 20
-127.615
 30
0.000000
  70
    32
  0
VERTEX
  8
0
  5
246E
 10
109.961
 20
-127.561
 30
0.000000
  70
    32
  0
VERTEX
  8
0
  5
246F
 10
109.993
 20
-127.507
 30
0.000000
  70
    32
  0
VERTEX
  8
0
  5
2470
 10
110.026
 20
-127.452
 30
0.000000
  70
    32
  0
VERTEX
  8
0
  5
2471
 10
110.059
 20
-127.398
 30
0.000000
  70
    32
  0
VERTEX
  8
0
  5
2472
 10
110.092
 20
-127.343
 30
0.000000
  70
    32
  0
VERTEX
  8
0
  5
2473
 10
110.125
 20
-127.289
 30
0.000000
  70
    32
  0
VERTEX
  8
0
  5
2474
 10
110.158
 20
-127.234
 30
0.000000
  70
    32
  0
VERTEX
  8
0
  5
2475
 10
110.191
 20
-127.180
 30
0.000000
  70
    32
  0
VERTEX
  8
0
  5
2476
 10
110.223
 20
-127.126
 30
0.000000
  70
    32
  0
VERTEX
  8
0
  5
2477
 10
110.256
 20
-127.071
 30
0.000000
  70
    32
  0
VERTEX
  8
0
  5
2478
 10
110.289
 20
-127.017
 30
0.000000
  70
    32
  0
VERTEX
  8
0
  5
2479
 10
110.322
 20
-126.962
 30
0.000000
  70
    32
  0
VERTEX
  8
0
  5
247A
 10
110.355
 20
-126.908
 30
0.000000
  70
    32
  0
VERTEX
  8
0
  5
247B
 10
110.388
 20
-126.853
 30
0.000000
  70
    32
  0
VERTEX
  8
0
  5
247C
 10
110.421
 20
-126.799
 30
0.000000
  70
    32
  0
VERTEX
  8
0
  5
247D
 10
110.454
 20
-126.744
 30
0.000000
  70
    32
  0
VERTEX
  8
0
  5
247E
 10
110.487
 20
-126.690
 30
0.000000
  70
    32
  0
VERTEX
  8
0
  5
247F
 10
110.519
 20
-126.636
 30
0.000000
  70
    32
  0
VERTEX
  8
0
  5
2480
 10
110.552
 20
-126.581
 30
0.000000
  70
    32
  0
VERTEX
  8
0
  5
2481
 10
110.585
 20
-126.527
 30
0.000000
  70
    32
  0
VERTEX
  8
0
  5
2482
 10
110.618
 20
-126.472
 30
0.000000
  70
    32
  0
VERTEX
  8
0
  5
2483
 10
110.651
 20
-126.418
 30
0.000000
  70
    32
  0
VERTEX
  8
0
  5
2484
 10
110.685
 20
-126.364
 30
0.000000
  70
    32
  0
VERTEX
  8
0
  5
2485
 10
110.718
 20
-126.309
 30
0.000000
  70
    32
  0
VERTEX
  8
0
  5
2486
 10
110.751
 20
-126.255
 30
0.000000
  70
    32
  0
VERTEX
  8
0
  5
2487
 10
110.784
 20
-126.201
 30
0.000000
  70
    32
  0
VERTEX
  8
0
  5
2488
 10
110.817
 20
-126.147
 30
0.000000
  70
    32
  0
VERTEX
  8
0
  5
2489
 10
110.850
 20
-126.092
 30
0.000000
  70
    32
  0
VERTEX
  8
0
  5
248A
 10
110.883
 20
-126.038
 30
0.000000
  70
    32
  0
VERTEX
  8
0
  5
248B
 10
110.917
 20
-125.984
 30
0.000000
  70
    32
  0
VERTEX
  8
0
  5
248C
 10
110.950
 20
-125.930
 30
0.000000
  70
    32
  0
VERTEX
  8
0
  5
248D
 10
110.983
 20
-125.876
 30
0.000000
  70
    32
  0
VERTEX
  8
0
  5
248E
 10
111.017
 20
-125.822
 30
0.000000
  70
    32
  0
VERTEX
  8
0
  5
248F
 10
111.050
 20
-125.767
 30
0.000000
  70
    32
  0
VERTEX
  8
0
  5
2490
 10
111.083
 20
-125.713
 30
0.000000
  70
    32
  0
VERTEX
  8
0
  5
2491
 10
111.117
 20
-125.659
 30
0.000000
  70
    32
  0
VERTEX
  8
0
  5
2492
 10
111.150
 20
-125.605
 30
0.000000
  70
    32
  0
VERTEX
  8
0
  5
2493
 10
111.184
 20
-125.551
 30
0.000000
  70
    32
  0
VERTEX
  8
0
  5
2494
 10
111.217
 20
-125.497
 30
0.000000
  70
    32
  0
VERTEX
  8
0
  5
2495
 10
111.251
 20
-125.443
 30
0.000000
  70
    32
  0
VERTEX
  8
0
  5
2496
 10
111.284
 20
-125.389
 30
0.000000
  70
    32
  0
VERTEX
  8
0
  5
2497
 10
111.318
 20
-125.336
 30
0.000000
  70
    32
  0
VERTEX
  8
0
  5
2498
 10
111.352
 20
-125.282
 30
0.000000
  70
    32
  0
VERTEX
  8
0
  5
2499
 10
111.385
 20
-125.228
 30
0.000000
  70
    32
  0
VERTEX
  8
0
  5
249A
 10
111.419
 20
-125.174
 30
0.000000
  70
    32
  0
VERTEX
  8
0
  5
249B
 10
111.453
 20
-125.120
 30
0.000000
  70
    32
  0
VERTEX
  8
0
  5
249C
 10
111.487
 20
-125.066
 30
0.000000
  70
    32
  0
VERTEX
  8
0
  5
249D
 10
111.520
 20
-125.013
 30
0.000000
  70
    32
  0
VERTEX
  8
0
  5
249E
 10
111.554
 20
-124.959
 30
0.000000
  70
    32
  0
VERTEX
  8
0
  5
249F
 10
111.588
 20
-124.905
 30
0.000000
  70
    32
  0
VERTEX
  8
0
  5
24A0
 10
111.622
 20
-124.851
 30
0.000000
  70
    32
  0
VERTEX
  8
0
  5
24A1
 10
111.656
 20
-124.798
 30
0.000000
  70
    32
  0
VERTEX
  8
0
  5
24A2
 10
111.689
 20
-124.744
 30
0.000000
  70
    32
  0
VERTEX
  8
0
  5
24A3
 10
111.723
 20
-124.690
 30
0.000000
  70
    32
  0
VERTEX
  8
0
  5
24A4
 10
111.757
 20
-124.637
 30
0.000000
  70
    32
  0
VERTEX
  8
0
  5
24A5
 10
111.791
 20
-124.583
 30
0.000000
  70
    32
  0
VERTEX
  8
0
  5
24A6
 10
111.825
 20
-124.529
 30
0.000000
  70
    32
  0
VERTEX
  8
0
  5
24A7
 10
111.859
 20
-124.476
 30
0.000000
  70
    32
  0
VERTEX
  8
0
  5
24A8
 10
111.893
 20
-124.422
 30
0.000000
  70
    32
  0
VERTEX
  8
0
  5
24A9
 10
111.927
 20
-124.369
 30
0.000000
  70
    32
  0
VERTEX
  8
0
  5
24AA
 10
111.961
 20
-124.315
 30
0.000000
  70
    32
  0
VERTEX
  8
0
  5
24AB
 10
111.995
 20
-124.262
 30
0.000000
  70
    32
  0
VERTEX
  8
0
  5
24AC
 10
112.029
 20
-124.208
 30
0.000000
  70
    32
  0
VERTEX
  8
0
  5
24AD
 10
112.063
 20
-124.154
 30
0.000000
  70
    32
  0
VERTEX
  8
0
  5
24AE
 10
112.098
 20
-124.101
 30
0.000000
  70
    32
  0
VERTEX
  8
0
  5
24AF
 10
112.132
 20
-124.047
 30
0.000000
  70
    32
  0
VERTEX
  8
0
  5
24B0
 10
112.166
 20
-123.994
 30
0.000000
  70
    32
  0
VERTEX
  8
0
  5
24B1
 10
112.200
 20
-123.941
 30
0.000000
  70
    32
  0
VERTEX
  8
0
  5
24B2
 10
112.234
 20
-123.887
 30
0.000000
  70
    32
  0
VERTEX
  8
0
  5
24B3
 10
112.268
 20
-123.834
 30
0.000000
  70
    32
  0
VERTEX
  8
0
  5
24B4
 10
112.302
 20
-123.780
 30
0.000000
  70
    32
  0
VERTEX
  8
0
  5
24B5
 10
112.337
 20
-123.727
 30
0.000000
  70
    32
  0
VERTEX
  8
0
  5
24B6
 10
112.371
 20
-123.673
 30
0.000000
  70
    32
  0
VERTEX
  8
0
  5
24B7
 10
112.405
 20
-123.620
 30
0.000000
  70
    32
  0
VERTEX
  8
0
  5
24B8
 10
112.439
 20
-123.566
 30
0.000000
  70
    32
  0
VERTEX
  8
0
  5
24B9
 10
112.474
 20
-123.513
 30
0.000000
  70
    32
  0
VERTEX
  8
0
  5
24BA
 10
112.508
 20
-123.460
 30
0.000000
  70
    32
  0
VERTEX
  8
0
  5
24BB
 10
112.542
 20
-123.406
 30
0.000000
  70
    32
  0
VERTEX
  8
0
  5
24BC
 10
112.576
 20
-123.353
 30
0.000000
  70
    32
  0
VERTEX
  8
0
  5
24BD
 10
112.611
 20
-123.300
 30
0.000000
  70
    32
  0
VERTEX
  8
0
  5
24BE
 10
112.645
 20
-123.246
 30
0.000000
  70
    32
  0
VERTEX
  8
0
  5
24BF
 10
112.679
 20
-123.193
 30
0.000000
  70
    32
  0
VERTEX
  8
0
  5
24C0
 10
112.714
 20
-123.140
 30
0.000000
  70
    32
  0
VERTEX
  8
0
  5
24C1
 10
112.748
 20
-123.086
 30
0.000000
  70
    32
  0
VERTEX
  8
0
  5
24C2
 10
112.782
 20
-123.033
 30
0.000000
  70
    32
  0
VERTEX
  8
0
  5
24C3
 10
112.816
 20
-122.980
 30
0.000000
  70
    32
  0
VERTEX
  8
0
  5
24C4
 10
112.851
 20
-122.926
 30
0.000000
  70
    32
  0
VERTEX
  8
0
  5
24C5
 10
112.885
 20
-122.873
 30
0.000000
  70
    32
  0
VERTEX
  8
0
  5
24C6
 10
112.919
 20
-122.820
 30
0.000000
  70
    32
  0
VERTEX
  8
0
  5
24C7
 10
112.954
 20
-122.766
 30
0.000000
  70
    32
  0
VERTEX
  8
0
  5
24C8
 10
112.988
 20
-122.713
 30
0.000000
  70
    32
  0
VERTEX
  8
0
  5
24C9
 10
113.022
 20
-122.660
 30
0.000000
  70
    32
  0
VERTEX
  8
0
  5
24CA
 10
113.057
 20
-122.606
 30
0.000000
  70
    32
  0
VERTEX
  8
0
  5
24CB
 10
113.091
 20
-122.553
 30
0.000000
  70
    32
  0
VERTEX
  8
0
  5
24CC
 10
113.125
 20
-122.500
 30
0.000000
  70
    32
  0
SEQEND
  8
0
  5
24CD
  0
LINE
  5
17CD
  8
0
  6
CONTINUOUS
 62
     7
 10
23.50032386296289
 20
-54.499600000001962
 30
0.0
 11
23.50032386296289
 21
-19.999599999999582
 31
0.0
  0
LINE
  5
17D0
  8
0
  6
CONTINUOUS
 62
     7
 10
1.2503238628346469
 20
28.350399999999979
 30
0.0
 11
0.7003238628235522
 21
28.350399999999979
 31
0.0
  0
LINE
  5
17D1
  8
0
  6
CONTINUOUS
 62
     7
 10
0.7003238628235522
 20
21.650400000000161
 30
0.0
 11
1.2503238628346469
 21
21.650400000000161
 31
0.0
  0
LINE
  5
17D2
  8
0
  6
CONTINUOUS
 62
     7
 10
0.7003238628235522
 20
30.500399999999559
 30
0.0
 11
0.7003238628235522
 21
20.500400000000411
 31
0.0
  0
LINE
  5
17D3
  8
0
  6
CONTINUOUS
 62
     7
 10
-1.7996761371664429
 20
31.000399999999551
 30
0.0
 11
0.2003238628235522
 21
31.000400000000411
 31
0.0
  0
LINE
  5
17FC
  8
0
  6
CONTINUOUS
 62
     7
 10
3.014537425208573
 20
90.000400000000397
 30
0.0
 11
5.6003238628343288
 21
87.414613562372836
 31
0.0
  0
LINE
  5
17FD
  8
0
  6
CONTINUOUS
 62
     7
 10
-6.8347049797096124
 20
99.849642404917674
 30
0.0
 11
2.014537425208573
 21
91.000400000000397
 31
0.0
  0
LINE
  5
17FE
  8
0
  6
CONTINUOUS
 62
     7
 10
5.6003238628343288
 20
86.000400000000397
 30
0.0
 11
-7.541811760896393
 21
99.142535623731035
 31
0.0
  0
LINE
  5
17FF
  8
0
  6
CONTINUOUS
 62
     7
 10
-8.2489185420820341
 20
98.435428842544368
 30
0.0
 11
5.1861103004609941
 21
85.000400000000411
 31
0.0
  0
LINE
  5
1800
  8
0
  6
CONTINUOUS
 62
     7
 10
-16.656419845450039
 20
115.837325052487
 30
0.0
 11
-17.009973236043379
 21
117.2515386148594
 31
0.0
  0
LINE
  5
1801
  8
0
  6
CONTINUOUS
 62
     7
 10
-15.24220628307398
 20
118.3121987866394
 30
0.0
 11
-8.082750123564665
 21
111.1527426271264
 31
0.0
  0
LINE
  5
1802
  8
0
  6
CONTINUOUS
 62
     7
 10
-17.009973236043379
 20
117.2515386148594
 30
0.0
 11
-16.302866454856709
 21
117.958645396047
 31
0.0
  0
LINE
  5
1803
  8
0
  6
CONTINUOUS
 62
     7
 10
-15.24220628307398
 20
118.3121987866394
 30
0.0
 11
-16.302866454856709
 21
117.958645396047
 31
0.0
  0
LINE
  5
1804
  8
0
  6
CONTINUOUS
 62
     7
 10
-21.63094566545465
 20
118.5702631474129
 30
0.0
 11
-24.106043729251041
 21
116.0951650836183
 31
0.0
  0
LINE
  5
1805
  8
0
  6
CONTINUOUS
 62
     7
 10
-15.12556327853804
 20
112.0648807605008
 30
0.0
 11
-21.63094566545465
 21
118.5702631474129
 31
0.0
  0
LINE
  5
1806
  8
0
  6
CONTINUOUS
 62
     7
 10
-6.816729423123661
 20
101.28183152387879
 30
0.0
 11
-5.4025158599090437
 21
102.6960450870898
 31
0.0
  0
LINE
  5
1807
  8
0
  6
CONTINUOUS
 62
     7
 10
-6.8166806544470528
 20
101.28178275856639
 30
0.0
 11
-6.1094080635297132
 21
100.5745589443964
 31
0.0
  0
LINE
  5
1808
  8
0
  6
CONTINUOUS
 62
     7
 10
-12.33245329794067
 20
95.766107649059947
 30
0.0
 11
-9.5040261731940063
 21
98.594534773804796
 31
0.0
  0
LINE
  5
1809
  8
0
  6
CONTINUOUS
 62
     7
 10
-9.5040261731940063
 20
98.594534773804796
 30
0.0
 11
-8.7969193920091584
 21
97.887427992621795
 31
0.0
  0
LINE
  5
180A
  8
0
  6
CONTINUOUS
 62
     7
 10
-16.126089759559701
 20
115.3069949665983
 30
0.0
 11
-16.656419845450039
 21
115.837325052487
 31
0.0
  0
LINE
  5
180B
  8
0
  6
CONTINUOUS
 62
     7
 10
-16.126089759559701
 20
115.3069949665983
 30
0.0
 11
-15.418982978374739
 21
116.01410174778231
 31
0.0
  0
LINE
  5
180C
  8
0
  6
CONTINUOUS
 62
     7
 10
-15.418982978374739
 20
116.01410174778231
 30
0.0
 11
-12.59299116522857
 21
113.1881099346388
 31
0.0
  0
LINE
  5
180D
  8
0
  6
CONTINUOUS
 62
     7
 10
-5.9328459453765836
 20
109.9438895946728
 30
0.0
 11
-6.6399527265659781
 21
110.6509963758604
 31
0.0
  0
LINE
  5
180E
  8
0
  6
CONTINUOUS
 62
     7
 10
-6.6399527265659781
 20
110.6509963758604
 30
0.0
 11
-6.9337016041356483
 21
110.35724749828979
 31
0.0
  0
LINE
  5
180F
  8
0
  6
CONTINUOUS
 62
     7
 10
-6.8167294218640091
 20
109.06000611819
 30
0.0
 11
-5.9328459453765836
 21
109.9438895946728
 31
0.0
  0
LINE
  5
1810
  8
0
  6
CONTINUOUS
 62
     7
 10
-11.947731507094661
 20
113.8284989695708
 30
0.0
 11
-12.473583671354611
 21
113.3026468053118
 31
0.0
  0
LINE
  5
1811
  8
0
  6
CONTINUOUS
 62
     7
 10
-6.9337016041356483
 20
110.35724749828979
 30
0.0
 11
-11.947731507094661
 21
113.8284989695708
 31
0.0
  0
LINE
  5
1812
  8
0
  6
CONTINUOUS
 62
     7
 10
-11.94325358546609
 20
111.7116565476413
 30
0.0
 11
-11.855524448759979
 21
111.7993856843437
 31
0.0
  0
LINE
  5
1813
  8
0
  6
CONTINUOUS
 62
     7
 10
-6.8167294218640091
 20
109.06000611819
 30
0.0
 11
-10.89828687874728
 21
111.8856997421904
 31
0.0
  0
LINE
  5
1814
  8
0
  6
CONTINUOUS
 62
     7
 10
-5.4025158599090437
 20
102.6960450870898
 30
0.0
 11
-4.6954090787223759
 21
101.9889383059058
 31
0.0
  0
LINE
  5
1815
  8
0
  6
CONTINUOUS
 62
     7
 10
-5.4025158599090437
 20
102.6960450870898
 30
0.0
 11
-4.6952432689917032
 21
101.9888212729243
 31
0.0
  0
LINE
  5
1816
  8
0
  6
CONTINUOUS
 62
     7
 10
-12.33245329794067
 20
95.766107649059947
 30
0.0
 11
-11.625346516754
 21
95.059000867873308
 31
0.0
  0
LINE
  5
1817
  8
0
  6
CONTINUOUS
 62
     7
 10
-11.62532213283907
 20
96.473238814164276
 30
0.0
 11
-21.17126367885362
 21
106.0191803601834
 31
0.0
  0
LINE
  5
1818
  8
0
  6
CONTINUOUS
 62
     7
 10
-24.494441220788989
 20
115.7067675920803
 30
0.0
 11
-26.969539284585501
 21
113.23166952828581
 31
0.0
  0
LINE
  5
1819
  8
0
  6
CONTINUOUS
 62
     7
 10
-17.989058833870558
 20
109.2013852051637
 30
0.0
 11
-24.494441220788989
 21
115.7067675920803
 31
0.0
  0
LINE
  5
181A
  8
0
  6
CONTINUOUS
 62
     7
 10
-26.969539284585501
 20
113.23166952828581
 30
0.0
 11
-20.464156897670591
 21
106.72628714136729
 31
0.0
  0
LINE
  5
181B
  8
0
  6
CONTINUOUS
 62
     7
 10
-24.106043729251041
 20
116.0951650836183
 30
0.0
 11
-17.600661342332611
 21
109.5897826967053
 31
0.0
  0
LINE
  5
181C
  8
0
  6
CONTINUOUS
 62
     7
 10
-21.17126367885362
 20
106.0191803601834
 30
0.0
 11
-14.24135062432128
 21
112.9490934147157
 31
0.0
  0
LINE
  5
181D
  8
0
  6
CONTINUOUS
 62
     7
 10
-11.94325358546609
 20
110.6509963758604
 30
0.0
 11
-3.9883022971146129
 21
102.69604508751181
 31
0.0
  0
LINE
  5
181E
  8
0
  6
CONTINUOUS
 62
     7
 10
-11.625346516754
 20
95.059000867873308
 30
0.0
 11
-3.9883022971146129
 21
102.69604508751181
 31
0.0
  0
LINE
  5
182C
  8
0
  6
CONTINUOUS
 62
     7
 10
163.70032386295739
 20
27.600400000000828
 30
0.0
 11
163.70032386295739
 21
21.100400000000828
 31
0.0
  0
LINE
  5
182E
  8
0
  6
CONTINUOUS
 62
     7
 10
163.86827356861949
 20
28.752324558495811
 30
0.0
 11
166.4034573271081
 21
32.555100196225432
 31
0.0
  0
LINE
  5
182F
  8
0
  6
CONTINUOUS
 62
     7
 10
163.70032386295739
 20
28.197624362269011
 30
0.0
 11
163.70032386295739
 21
27.600400000000828
 31
0.0
  0
LINE
  5
1830
  8
0
  6
CONTINUOUS
 62
     7
 10
167.23550762144421
 20
33.000400000000411
 30
0.0
 11
190.96514010447001
 21
33.000400000000411
 31
0.0
  0
LINE
  5
1832
  8
0
  6
CONTINUOUS
 62
     7
 10
163.80032386295511
 20
21.000400000000411
 30
0.0
 11
172.48886277649379
 21
21.000400000000411
 31
0.0
  0
LINE
  5
1833
  8
0
  6
CONTINUOUS
 62
     7
 10
185.71178494941859
 20
21.000400000000411
 30
0.0
 11
194.40032386295729
 21
21.000400000000411
 31
0.0
  0
LINE
  5
1835
  8
0
  6
CONTINUOUS
 62
     7
 10
194.50032386295851
 20
27.60039999999988
 30
0.0
 11
194.50032386295851
 21
28.197624362269011
 31
0.0
  0
LINE
  5
1836
  8
0
  6
CONTINUOUS
 62
     7
 10
191.797190398807
 20
32.555100196225432
 30
0.0
 11
194.33237415729451
 21
28.752324558495811
 31
0.0
  0
LINE
  5
1838
  8
0
  6
CONTINUOUS
 62
     7
 10
194.50032386295851
 20
21.100400000000828
 30
0.0
 11
194.50032386295851
 21
27.60039999999988
 31
0.0
  0
LINE
  5
183C
  8
0
  6
CONTINUOUS
 62
     7
 10
10.950323862835599
 20
55.80019999999837
 30
0.0
 11
10.950323862835599
 21
72.50040000000044
 31
0.0
  0
LINE
  5
183D
  8
0
  6
CONTINUOUS
 62
     7
 10
4.2503238628348754
 20
54.300199999998377
 30
0.0
 11
4.250323862834648
 21
31.350399999999979
 31
0.0
  0
LINE
  5
1848
  8
0
  6
CONTINUOUS
 62
     7
 10
-23.29967613716622
 20
27.600400000000779
 30
0.0
 11
-18.299676137166209
 21
27.600400000000779
 31
0.0
  0
LINE
  5
1849
  8
0
  6
CONTINUOUS
 62
     7
 10
-18.19967613716403
 20
27.70039999999932
 30
0.0
 11
-18.19967613716403
 21
31.369150000000051
 31
0.0
  0
LINE
  5
184A
  8
0
  6
CONTINUOUS
 62
     7
 10
-10.799676137166211
 20
27.70039999999932
 30
0.0
 11
-10.799676137166211
 21
33.000400000000447
 31
0.0
  0
LINE
  5
184B
  8
0
  6
CONTINUOUS
 62
     7
 10
-5.7996761371662151
 20
33.000400000000447
 30
0.0
 11
-5.7996761371662151
 21
27.70039999999932
 31
0.0
  0
LINE
  5
184C
  8
0
  6
CONTINUOUS
 62
     7
 10
-5.8996761371656703
 20
27.600400000000779
 30
0.0
 11
-10.69967613716403
 21
27.600400000000779
 31
0.0
  0
LINE
  5
184D
  8
0
  6
CONTINUOUS
 62
     7
 10
-23.29967613716622
 20
21.000400000000429
 30
0.0
 11
-1.899676137165669
 21
21.00040000000223
 31
0.0
  0
LINE
  5
184E
  8
0
  6
CONTINUOUS
 62
     7
 10
-23.29967613716622
 20
27.915552515584348
 30
0.0
 11
-23.29967613716622
 21
21.00040000000223
 31
0.0
  0
LINE
  5
184F
  8
0
  6
CONTINUOUS
 62
     7
 10
-22.789937376795251
 20
28.7871280527084
 30
0.0
 11
-15.756296449613041
 21
32.74355107425032
 31
0.0
  0
LINE
  5
1850
  8
0
  6
CONTINUOUS
 62
     7
 10
-14.77577397034406
 20
33.000400000000447
 30
0.0
 11
-2.899676137165669
 21
33.000400000000447
 31
0.0
  0
LINE
  5
1851
  8
0
  6
CONTINUOUS
 62
     7
 10
-1.899676137165669
 20
32.000400000000432
 30
0.0
 11
-1.899676137165669
 21
21.000400000000429
 31
0.0
  0
LINE
  5
1852
  8
0
  6
CONTINUOUS
 62
     7
 10
-18.19967613716403
 20
28.50040000001497
 30
0.0
 11
-10.799676137166211
 21
28.50040000001497
 31
0.0
  0
LINE
  5
1853
  8
0
  6
CONTINUOUS
 62
     7
 10
-5.7996761371662151
 20
28.50040000001497
 30
0.0
 11
-1.899676137165669
 21
28.50040000001497
 31
0.0
  0
LINE
  5
1854
  8
0
  6
CONTINUOUS
 62
     7
 10
-10.44967613716403
 20
27.600400000000779
 30
0.0
 11
-10.44967613716403
 21
28.050400000002409
 31
0.0
  0
LINE
  5
1855
  8
0
  6
CONTINUOUS
 62
     7
 10
-6.1496761371656703
 20
27.600400000000779
 30
0.0
 11
-6.1496761371656703
 21
28.050400000002409
 31
0.0
  0
LINE
  5
1856
  8
0
  6
CONTINUOUS
 62
     7
 10
-10.44967613716403
 20
28.050400000002409
 30
0.0
 11
-6.1496761371656703
 21
28.050400000002409
 31
0.0
  0
LINE
  5
1857
  8
0
  6
CONTINUOUS
 62
     7
 10
-9.9977206012156312
 20
28.644254493289338
 30
0.0
 11
-10.049676137166211
 21
28.050400000002409
 31
0.0
  0
LINE
  5
1858
  8
0
  6
CONTINUOUS
 62
     7
 10
-6.5496761371662151
 20
28.050400000002409
 30
0.0
 11
-6.6016316731140696
 21
28.644254493289338
 31
0.0
  0
LINE
  5
1859
  8
0
  6
CONTINUOUS
 62
     7
 10
-18.94967613716403
 20
28.050400000002409
 30
0.0
 11
-19.001631673114609
 21
28.644254493289338
 31
0.0
  0
LINE
  5
185A
  8
0
  6
CONTINUOUS
 62
     7
 10
-22.39772060122527
 20
28.644254493289338
 30
0.0
 11
-22.44967613716403
 21
28.050400000002409
 31
0.0
  0
LINE
  5
185B
  8
0
  6
CONTINUOUS
 62
     7
 10
-22.849676137165488
 20
28.050400000002409
 30
0.0
 11
-18.549676137166209
 21
28.050400000002409
 31
0.0
  0
LINE
  5
185C
  8
0
  6
CONTINUOUS
 62
     7
 10
-18.549676137166209
 20
27.600400000000779
 30
0.0
 11
-18.549676137166209
 21
28.050400000002409
 31
0.0
  0
LINE
  5
185D
  8
0
  6
CONTINUOUS
 62
     7
 10
-22.849676137165488
 20
27.600400000000779
 30
0.0
 11
-22.849676137165488
 21
28.050400000002409
 31
0.0
  0
LINE
  5
185E
  8
0
  6
DASH_CENTER
 62
     1
 10
-8.2996761371662142
 20
26.100400000000779
 30
0.0
 11
-8.2996761371662142
 21
30.850400000000779
 31
0.0
  0
LINE
  5
185F
  8
0
  6
DASH_CENTER
 62
     1
 10
-20.69967613716404
 20
26.100400000000779
 30
0.0
 11
-20.69967613716404
 21
30.850400000000779
 31
0.0
  0
LINE
  5
18D7
  8
0
  6
CONTINUOUS
 62
     7
 10
23.50032386296289
 20
-19.999599999999582
 30
0.0
 11
23.50032386296289
 21
14.50039910375942
 31
0.0
  0
LINE
  5
18D8
  8
0
  6
CONTINUOUS
 62
     7
 10
20.80032386296034
 20
15.0003991037616
 30
0.0
 11
23.00032386296289
 21
15.00039910375982
 31
0.0
  0
LINE
  5
18D9
  8
0
  6
CONTINUOUS
 62
     7
 10
23.00032386296289
 20
-54.99960000000339
 30
0.0
 11
20.80032386296034
 21
-54.999600000009572
 31
0.0
  0
LINE
  5
1923
  8
0
  6
CONTINUOUS
 62
     7
 10
10.95032386283378
 20
82.426233024919
 30
0.0
 11
10.95032386283378
 21
85.00040000000044
 31
0.0
  0
LINE
  5
1924
  8
0
  6
CONTINUOUS
 62
     7
 10
11.40032386283451
 20
80.00040000000044
 30
0.0
 11
10.95032386283378
 21
82.426233024919
 31
0.0
  0
LINE
  5
1925
  8
0
  6
CONTINUOUS
 62
     7
 10
11.40032386283451
 20
72.50040000000044
 30
0.0
 11
11.40032386283451
 21
80.00040000000044
 31
0.0
  0
LINE
  5
1926
  8
0
  6
CONTINUOUS
 62
     7
 10
3.8003238628341469
 20
72.50040000000044
 30
0.0
 11
11.40032386283451
 21
72.50040000000044
 31
0.0
  0
LINE
  5
1927
  8
0
  6
CONTINUOUS
 62
     7
 10
3.8003238628341469
 20
80.00040000000044
 30
0.0
 11
3.8003238628341469
 21
72.50040000000044
 31
0.0
  0
LINE
  5
1928
  8
0
  6
CONTINUOUS
 62
     7
 10
4.250323862833965
 20
82.426233024919
 30
0.0
 11
3.8003238628341469
 21
80.00040000000044
 31
0.0
  0
LINE
  5
1929
  8
0
  6
CONTINUOUS
 62
     7
 10
4.250323862833965
 20
85.00040000000044
 30
0.0
 11
4.250323862833965
 21
82.426233024919
 31
0.0
  0
LINE
  5
192A
  8
0
  6
CONTINUOUS
 62
     7
 10
10.95032386283378
 20
85.00040000000044
 30
0.0
 11
4.250323862833965
 21
85.00040000000044
 31
0.0
  0
LINE
  5
192B
  8
0
  6
CONTINUOUS
 62
     7
 10
5.6003238628343288
 20
90.00040000000044
 30
0.0
 11
5.6003238628343288
 21
85.00040000000044
 31
0.0
  0
LINE
  5
192C
  8
0
  6
CONTINUOUS
 62
     7
 10
6.6003238628343288
 20
90.00040000000044
 30
0.0
 11
6.6003238628343288
 21
85.00040000000044
 31
0.0
  0
LINE
  5
192D
  8
0
  6
CONTINUOUS
 62
     7
 10
7.6003238628343288
 20
90.00040000000044
 30
0.0
 11
7.6003238628343288
 21
85.00040000000044
 31
0.0
  0
LINE
  5
192E
  8
0
  6
CONTINUOUS
 62
     7
 10
8.6003238628343297
 20
90.00040000000044
 30
0.0
 11
8.6003238628343297
 21
85.00040000000044
 31
0.0
  0
LINE
  5
192F
  8
0
  6
CONTINUOUS
 62
     7
 10
9.6003238628343261
 20
90.00040000000044
 30
0.0
 11
9.6003238628343261
 21
85.00040000000044
 31
0.0
  0
LINE
  5
1930
  8
0
  6
CONTINUOUS
 62
     7
 10
11.374013027648971
 20
113.7003999999984
 30
0.0
 11
11.374013027648971
 21
104.5004000000004
 31
0.0
  0
LINE
  5
1931
  8
0
  6
CONTINUOUS
 62
     7
 10
7.874013027648969
 20
113.7003999999984
 30
0.0
 11
11.374013027648971
 21
113.7003999999984
 31
0.0
  0
LINE
  5
1932
  8
0
  6
CONTINUOUS
 62
     7
 10
7.874013027648969
 20
104.5004000000004
 30
0.0
 11
7.874013027648969
 21
113.7003999999984
 31
0.0
  0
LINE
  5
1933
  8
0
  6
CONTINUOUS
 62
     7
 10
7.3240130276478794
 20
113.7003999999984
 30
0.0
 11
7.3240130276478794
 21
104.5004000000004
 31
0.0
  0
LINE
  5
1934
  8
0
  6
CONTINUOUS
 62
     7
 10
3.824013027647879
 20
113.7003999999984
 30
0.0
 11
7.3240130276478794
 21
113.7003999999984
 31
0.0
  0
LINE
  5
1935
  8
0
  6
CONTINUOUS
 62
     7
 10
3.824013027647879
 20
104.5004000000004
 30
0.0
 11
3.824013027647879
 21
113.7003999999984
 31
0.0
  0
LINE
  5
1936
  8
0
  6
CONTINUOUS
 62
     7
 10
1.3655589955303631
 20
103.5038440506974
 30
0.0
 11
1.3655589955303631
 21
107.5004000000004
 31
0.0
  0
LINE
  5
1937
  8
0
  6
CONTINUOUS
 62
     7
 10
1.3655589955303631
 20
107.5004000000004
 30
0.0
 11
2.3655589955303631
 21
107.5004000000004
 31
0.0
  0
LINE
  5
1938
  8
0
  6
CONTINUOUS
 62
     7
 10
2.3655589955303631
 20
108.2504000000004
 30
0.0
 11
2.3655589955303631
 21
107.5004000000004
 31
0.0
  0
LINE
  5
1939
  8
0
  6
CONTINUOUS
 62
     7
 10
1.6155589955303631
 20
109.5004000000004
 30
0.0
 11
2.3655589955303631
 21
108.2504000000004
 31
0.0
  0
LINE
  5
193A
  8
0
  6
CONTINUOUS
 62
     7
 10
0.615558995530364
 20
109.5004000000004
 30
0.0
 11
1.6155589955303631
 21
109.5004000000004
 31
0.0
  0
LINE
  5
193B
  8
0
  6
CONTINUOUS
 62
     7
 10
0.615558995530364
 20
109.5004000000004
 30
0.0
 11
-0.384441004469636
 21
109.0004000000004
 31
0.0
  0
LINE
  5
193C
  8
0
  6
CONTINUOUS
 62
     7
 10
-0.384441004469636
 20
98.875400000000425
 30
0.0
 11
-0.384441004469636
 21
109.0004000000004
 31
0.0
  0
LINE
  5
193D
  8
0
  6
CONTINUOUS
 62
     7
 10
3.700600859166796
 20
104.4998999999994
 30
0.0
 11
3.700100859165786
 21
90.000199999999083
 31
0.0
  0
LINE
  5
193E
  8
0
  6
CONTINUOUS
 62
     7
 10
12.50051237672937
 20
104.5004000000004
 30
0.0
 11
2.7001353489392841
 21
104.5004000000004
 31
0.0
  0
LINE
  5
193F
  8
0
  6
CONTINUOUS
 62
     7
 10
1.2001353489392841
 20
103.5004000000004
 30
0.0
 11
0.4564680864393722
 21
103.5004000000004
 31
0.0
  0
LINE
  5
1940
  8
0
  6
CONTINUOUS
 62
     7
 10
-0.6344410044696363
 20
97.50040000000044
 30
0.0
 11
0.4564680864393722
 21
103.5004000000004
 31
0.0
  0
LINE
  5
1941
  8
0
  6
CONTINUOUS
 62
     7
 10
-0.6344410044696363
 20
97.50040000000044
 30
0.0
 11
-1.049864651060715
 21
97.50040000000044
 31
0.0
  0
LINE
  5
1942
  8
0
  6
CONTINUOUS
 62
     7
 10
-1.049864651060715
 20
97.50040000000044
 30
0.0
 11
-1.049864651060715
 21
96.500400000000454
 31
0.0
  0
LINE
  5
1943
  8
0
  6
CONTINUOUS
 62
     7
 10
-1.049864651060715
 20
96.500400000000454
 30
0.0
 11
0.2001353489392841
 21
96.500400000000454
 31
0.0
  0
LINE
  5
1944
  8
0
  6
CONTINUOUS
 62
     7
 10
1.0881651814213451
 20
101.3845640786499
 30
0.0
 11
0.2001353489392841
 21
96.500400000000454
 31
0.0
  0
LINE
  5
1945
  8
0
  6
CONTINUOUS
 62
     7
 10
1.8260676139977929
 20
102.0004000000004
 30
0.0
 11
1.9501353489392841
 21
102.0004000000004
 31
0.0
  0
LINE
  5
1946
  8
0
  6
CONTINUOUS
 62
     7
 10
12.50051237672937
 20
104.5004000000004
 30
0.0
 11
12.50051237672937
 21
91.00040000000044
 31
0.0
  0
LINE
  5
1947
  8
0
  6
CONTINUOUS
 62
     7
 10
13.50054686079579
 20
91.00040000000044
 30
0.0
 11
12.50051237672937
 21
91.00040000000044
 31
0.0
  0
LINE
  5
1948
  8
0
  6
CONTINUOUS
 62
     7
 10
13.50054686079579
 20
90.00040000000044
 30
0.0
 11
13.50054686079579
 21
91.00040000000044
 31
0.0
  0
LINE
  5
1949
  8
0
  6
CONTINUOUS
 62
     7
 10
2.7001353489392841
 20
91.00040000000044
 30
0.0
 11
2.7001353489392841
 21
101.2504000000004
 31
0.0
  0
LINE
  5
194A
  8
0
  6
CONTINUOUS
 62
     7
 10
2.7001353489392841
 20
91.00040000000044
 30
0.0
 11
1.700100864873775
 21
91.00040000000044
 31
0.0
  0
LINE
  5
194B
  8
0
  6
CONTINUOUS
 62
     7
 10
1.700100864873775
 20
91.00040000000044
 30
0.0
 11
1.700100864873775
 21
90.00040000000044
 31
0.0
  0
LINE
  5
194C
  8
0
  6
CONTINUOUS
 62
     7
 10
1.700100864873775
 20
90.00040000000044
 30
0.0
 11
13.50054686079579
 21
90.00040000000044
 31
0.0
  0
LINE
  5
194D
  8
0
  6
CONTINUOUS
 62
     7
 10
4.2503238628348754
 20
72.50040000000044
 30
0.0
 11
4.2503238628348754
 21
55.80019999999837
 31
0.0
  0
LINE
  5
194E
  8
0
  6
CONTINUOUS
 62
     7
 10
10.95032386283537
 20
31.350399999999979
 30
0.0
 11
10.950323862835599
 21
54.300199999998377
 31
0.0
  0
LINE
  5
194F
  8
0
  6
DASH_CENTER
 62
     1
 10
-4.3996761371656694
 20
25.000400000000429
 30
0.0
 11
1.2503238628346469
 21
25.000400000000411
 31
0.0
  0
LINE
  5
1950
  8
0
  6
DASH_CENTER
 62
     1
 10
7.6003238628341032
 20
31.350399999999979
 30
0.0
 11
7.6003238628343288
 21
118.7003999999984
 31
0.0
  0
LINE
  5
19B1
  8
0
  6
CONTINUOUS
 62
     7
 10
-174.49928216203099
 20
28.100400000002601
 30
0.0
 11
-174.19928216203991
 21
28.100400000000789
 31
0.0
  0
LINE
  5
19B2
  8
0
  6
CONTINUOUS
 62
     7
 10
-174.19928216203991
 20
27.600400000000789
 30
0.0
 11
-174.19928216203991
 21
28.100400000000789
 31
0.0
  0
LINE
  5
19B3
  8
0
  6
CONTINUOUS
 62
     7
 10
-199.69928216203991
 20
27.600400000000789
 30
0.0
 11
-199.69928216203991
 21
28.100400000000789
 31
0.0
  0
LINE
  5
19B4
  8
0
  6
CONTINUOUS
 62
     7
 10
-203.99928216203099
 20
28.100400000002601
 30
0.0
 11
-203.99928216203099
 21
27.60040000000259
 31
0.0
  0
LINE
  5
19B5
  8
0
  6
CONTINUOUS
 62
     7
 10
-200.09928216202951
 20
28.100400000002601
 30
0.0
 11
-200.15123769798009
 21
28.69425449329043
 31
0.0
  0
LINE
  5
19B6
  8
0
  6
CONTINUOUS
 62
     7
 10
-201.84928216203039
 20
28.100400000000789
 30
0.0
 11
-199.69928216203991
 21
28.100400000000789
 31
0.0
  0
LINE
  5
19B7
  8
0
  6
CONTINUOUS
 62
     7
 10
-203.99928216203099
 20
28.100400000002601
 30
0.0
 11
-201.84928216203039
 21
28.100400000000789
 31
0.0
  0
LINE
  5
19B8
  8
0
  6
CONTINUOUS
 62
     7
 10
-203.54732662608899
 20
28.69425449329043
 30
0.0
 11
-203.59928216203039
 21
28.100400000000789
 31
0.0
  0
LINE
  5
19B9
  8
0
  6
DASH_CENTER
 62
     1
 10
-201.84928216202951
 20
26.10040000000259
 30
0.0
 11
-201.84928216202951
 21
30.90040000000187
 31
0.0
  0
LINE
  5
19BC
  8
0
  6
CONTINUOUS
 62
     7
 10
-204.49928216204191
 20
27.600400000000789
 30
0.0
 11
-204.49928216204191
 21
21.100400000000789
 31
0.0
  0
LINE
  5
19BD
  8
0
  6
CONTINUOUS
 62
     7
 10
-204.39928216203151
 20
21.000400000000429
 30
0.0
 11
-199.49928216203099
 21
21.000400000000429
 31
0.0
  0
LINE
  5
19BF
  8
0
  6
CONTINUOUS
 62
     7
 10
-204.3313324563706
 20
28.75232455849579
 30
0.0
 11
-201.7961486978904
 21
32.55510019622632
 31
0.0
  0
LINE
  5
19C0
  8
0
  6
CONTINUOUS
 62
     7
 10
-204.49928216204191
 20
28.19762436226808
 30
0.0
 11
-204.49928216204191
 21
27.600400000000789
 31
0.0
  0
LINE
  5
19C1
  8
0
  6
CONTINUOUS
 62
     7
 10
-200.96409840354059
 20
33.000400000000447
 30
0.0
 11
-199.3492821620294
 21
33.000400000000447
 31
0.0
  0
LINE
  5
19C3
  8
0
  6
CONTINUOUS
 62
     7
 10
-199.3492821620294
 20
33.000400000000447
 30
0.0
 11
-189.09928216203039
 21
33.000400000000447
 31
0.0
  0
LINE
  5
19C4
  8
0
  6
CONTINUOUS
 62
     7
 10
-199.49928216203099
 20
27.60040000000259
 30
0.0
 11
-204.39928216203151
 21
27.600400000000789
 31
0.0
  0
LINE
  5
19C5
  8
0
  6
CONTINUOUS
 62
     7
 10
-202.58678216203151
 20
31.369150000004609
 30
0.0
 11
-201.84928216202951
 21
31.369150000004609
 31
0.0
  0
LINE
  5
19C6
  8
0
  6
CONTINUOUS
 62
     7
 10
-176.3492821620294
 20
31.369150000004609
 30
0.0
 11
-175.6117821620403
 21
31.369150000004609
 31
0.0
  0
LINE
  5
19C7
  8
0
  6
CONTINUOUS
 62
     7
 10
-173.7992821620403
 20
27.600400000000789
 30
0.0
 11
-174.49928216203099
 21
27.60040000000259
 31
0.0
  0
LINE
  5
19C8
  8
0
  6
CONTINUOUS
 62
     7
 10
-189.09928216203039
 20
33.000400000000447
 30
0.0
 11
-178.8492821620294
 21
33.000400000000447
 31
0.0
  0
LINE
  5
19CA
  8
0
  6
CONTINUOUS
 62
     7
 10
-178.8492821620294
 20
33.000400000000447
 30
0.0
 11
-177.23446592051911
 21
33.000400000000447
 31
0.0
  0
LINE
  5
19CB
  8
0
  6
CONTINUOUS
 62
     7
 10
-173.69928216203991
 20
27.600400000000789
 30
0.0
 11
-173.69928216203991
 21
28.19762436226808
 31
0.0
  0
LINE
  5
19CC
  8
0
  6
CONTINUOUS
 62
     7
 10
-176.40241562618141
 20
32.55510019622632
 30
0.0
 11
-173.8672318677001
 21
28.75232455849579
 31
0.0
  0
LINE
  5
19CE
  8
0
  6
CONTINUOUS
 62
     7
 10
-174.49928216203099
 20
21.000400000000429
 30
0.0
 11
-173.7992821620403
 21
21.000400000000429
 31
0.0
  0
LINE
  5
19CF
  8
0
  6
CONTINUOUS
 62
     7
 10
-173.69928216203991
 20
21.100400000000789
 30
0.0
 11
-173.69928216203991
 21
27.600400000000789
 31
0.0
  0
LINE
  5
1A56
  8
0
  6
CONTINUOUS
 62
     7
 10
23.00032386296289
 20
15.00039910375982
 30
0.0
 11
23.50032386296289
 21
14.50039910375942
 31
0.0
  0
LINE
  5
1A57
  8
0
  6
CONTINUOUS
 62
     7
 10
23.50032386296289
 20
-54.499600000001962
 30
0.0
 11
23.00032386296289
 21
-54.99960000000339
 31
0.0
  0
LINE
  5
1A58
  8
0
  6
CONTINUOUS
 62
     7
 10
23.50032386296289
 20
-169.499600000002
 30
0.0
 11
23.00032386296289
 21
-169.9996000000034
 31
0.0
  0
LINE
  5
1A59
  8
0
  6
CONTINUOUS
 62
     7
 10
23.00032386296289
 20
-99.999600896240196
 30
0.0
 11
23.50032386296289
 21
-100.49960089624059
 31
0.0
  0
LINE
  5
1A5A
  8
0
  6
CONTINUOUS
 62
     7
 10
23.50032386296289
 20
-169.499600000002
 30
0.0
 11
23.50032386296289
 21
-134.99959999999959
 31
0.0
  0
LINE
  5
1A5B
  8
0
  6
CONTINUOUS
 62
     7
 10
23.00032386296289
 20
-169.9996000000034
 30
0.0
 11
20.80032386296034
 21
-169.99960000000959
 31
0.0
  0
LINE
  5
1A5C
  8
0
  6
CONTINUOUS
 62
     7
 10
20.80032386296034
 20
-99.999600896238405
 30
0.0
 11
23.00032386296289
 21
-99.999600896240196
 31
0.0
  0
LINE
  5
1A5D
  8
0
  6
CONTINUOUS
 62
     7
 10
23.50032386296289
 20
-134.99959999999959
 30
0.0
 11
23.50032386296289
 21
-100.49960089624059
 31
0.0
  0
LINE
  5
1A5E
  8
0
  6
DASH_CENTER
 62
     1
 10
174.00032386295851
 20
25.000400000000411
 30
0.0
 11
184.2003238629575
 21
25.000400000000411
 31
0.0
  0
LINE
  5
1A60
  8
0
  6
CONTINUOUS
 62
     7
 10
173.15708715444251
 20
25.82376955649551
 30
0.0
 11
172.42909904670771
 21
20.569014129707
 31
0.0
  0
LINE
  5
1A61
  8
0
  6
CONTINUOUS
 62
     7
 10
185.7715486792045
 20
20.569014129707
 30
0.0
 11
185.0435605714699
 21
25.82376955649551
 31
0.0
  0
ARC
  5
1A63
  8
0
  6
DASH_CENTER
 62
     1
 10
1.2503238628346469
 20
31.350399999999979
 30
0.0
 40
6.3499999999995671
 50
270.0
 51
0.0
  0
ARC
  5
1A64
  8
0
  6
CONTINUOUS
 62
     7
 10
1.2503238628346469
 20
31.350399999999979
 30
0.0
 40
3.0
 50
270.0
 51
0.0
  0
ARC
  5
1A65
  8
0
  6
CONTINUOUS
 62
     7
 10
1.2503238628346469
 20
31.350399999999979
 30
0.0
 40
9.6999999999998181
 50
270.0
 51
0.0
  0
ARC
  5
1A66
  8
0
  6
CONTINUOUS
 62
     7
 10
0.2003238628244617
 20
20.500400000000411
 30
0.0
 40
0.5
 50
269.99999999989581
 51
0.0
  0
ARC
  5
1A6E
  8
0
  6
CONTINUOUS
 62
     7
 10
-13.604780320303
 20
114.36243597232679
 30
0.0
 40
1.5500835258503241
 50
245.753171144585
 51
316.8666938036622
  0
ARC
  5
1A75
  8
0
  6
CONTINUOUS
 62
     7
 10
194.0003238629586
 20
20.500400000000411
 30
0.0
 40
0.5
 50
270.0
 51
90.0
  0
ARC
  5
1A76
  8
0
  6
CONTINUOUS
 62
     7
 10
164.2003238629575
 20
20.500400000000411
 30
0.0
 40
0.5
 50
90.0
 51
270.0
  0
ARC
  5
1A77
  8
0
  6
CONTINUOUS
 62
     7
 10
194.40032386295729
 20
21.100400000000828
 30
0.0
 40
0.1000000000004171
 50
270.0
 51
0.0
  0
ARC
  5
1A78
  8
0
  6
CONTINUOUS
 62
     7
 10
163.80032386295511
 20
21.100400000000828
 30
0.0
 40
0.0999999999976069
 50
180.0
 51
270.0
  0
ARC
  5
1A79
  8
0
  6
CONTINUOUS
 62
     7
 10
164.70032386295739
 20
28.197624362269011
 30
0.0
 40
1.0000000000010141
 50
146.309932473949
 51
180.0
  0
ARC
  5
1A7A
  8
0
  6
CONTINUOUS
 62
     7
 10
167.23550762144421
 20
32.000400000000411
 30
0.0
 40
1.0
 50
90.0
 51
146.30993247397279
  0
ARC
  5
1A7B
  8
0
  6
CONTINUOUS
 62
     7
 10
190.96514010447089
 20
32.000400000000432
 30
0.0
 40
0.9999999999984091
 50
33.690067526027178
 51
90.000000000058634
  0
ARC
  5
1A7C
  8
0
  6
CONTINUOUS
 62
     7
 10
193.50032386295851
 20
28.197624362268979
 30
0.0
 40
1.0
 50
0.000000000001832
 51
33.69006752611142
  0
ARC
  5
1A81
  8
0
  6
CONTINUOUS
 62
     7
 10
-22.79967613716622
 20
20.50040000000223
 30
0.0
 40
0.5
 50
90.0
 51
270.0
  0
ARC
  5
1A82
  8
0
  6
CONTINUOUS
 62
     7
 10
-2.399676137165669
 20
20.500400000000429
 30
0.0
 40
0.5
 50
270.0
 51
90.0
  0
ARC
  5
1A83
  8
0
  6
CONTINUOUS
 62
     7
 10
-18.299676137166209
 20
27.70039999999932
 30
0.0
 40
0.0999999999985413
 50
270.0
 51
0.0
  0
ARC
  5
1A84
  8
0
  6
CONTINUOUS
 62
     7
 10
-10.69967613716403
 20
27.70039999999932
 30
0.0
 40
0.100000000002149
 50
180.0
 51
270.0
  0
ARC
  5
1A85
  8
0
  6
CONTINUOUS
 62
     7
 10
-5.8996761371656703
 20
27.70039999999932
 30
0.0
 40
0.0999999999985413
 50
270.0
 51
0.0
  0
ARC
  5
1A86
  8
0
  6
CONTINUOUS
 62
     7
 10
-22.29967613716622
 20
27.915552515584348
 30
0.0
 40
0.9999999999978561
 50
119.3577535426341
 51
180.0
  0
ARC
  5
1A87
  8
0
  6
CONTINUOUS
 62
     7
 10
-14.775773970354059
 20
31.000400000013141
 30
0.0
 40
1.9999999999872911
 50
89.999999999713395
 51
119.35775354280609
  0
ARC
  5
1A88
  8
0
  6
CONTINUOUS
 62
     7
 10
-2.899676137165669
 20
32.000400000000432
 30
0.0
 40
0.9999999999999998
 50
0.0
 51
90.0
  0
ARC
  5
1A89
  8
0
  6
CONTINUOUS
 62
     7
 10
-7.1993484919651101
 20
28.591961047639021
 30
0.0
 40
0.5999999999961585
 50
5.0000000001969473
 51
73.612312870191914
  0
ARC
  5
1A8A
  8
0
  6
CONTINUOUS
 62
     7
 10
-8.2996761371662142
 20
24.850400000000779
 30
0.0
 40
4.4999999999984333
 50
73.61231286968949
 51
90.0
  0
ARC
  5
1A8B
  8
0
  6
CONTINUOUS
 62
     7
 10
-9.400003782365502
 20
28.591961047639021
 30
0.0
 40
0.5999999999990111
 50
106.3876871298895
 51
174.99999999979559
  0
ARC
  5
1A8C
  8
0
  6
CONTINUOUS
 62
     7
 10
-8.2996761371662142
 20
24.850400000000779
 30
0.0
 40
4.5
 50
90.0
 51
106.3876871302969
  0
ARC
  5
1A8D
  8
0
  6
CONTINUOUS
 62
     7
 10
-20.69967613716404
 20
24.850400000000779
 30
0.0
 40
4.5
 50
90.0
 51
106.3876871303173
  0
ARC
  5
1A8E
  8
0
  6
CONTINUOUS
 62
     7
 10
-21.800003782365138
 20
28.591961047639021
 30
0.0
 40
0.5999999999990093
 50
106.3876871298895
 51
174.9999999998787
  0
ARC
  5
1A8F
  8
0
  6
CONTINUOUS
 62
     7
 10
-20.69967613716404
 20
24.850400000000779
 30
0.0
 40
4.4999999999979314
 50
73.612312869716575
 51
90.0
  0
ARC
  5
1A90
  8
0
  6
CONTINUOUS
 62
     7
 10
-19.59934849196566
 20
28.591961047639021
 30
0.0
 40
0.5999999999961868
 50
5.0000000001967431
 51
73.612312870110429
  0
ARC
  5
1AB1
  8
0
  6
CONTINUOUS
 62
     7
 10
20.80032386294954
 20
15.30039910375177
 30
0.0
 40
0.2999999999847205
 50
179.9999999993048
 51
270.00000000208439
  0
ARC
  5
1AB2
  8
0
  6
CONTINUOUS
 62
     7
 10
20.80032386294954
 20
-55.29959999999523
 30
0.0
 40
0.29999999998563
 50
89.999999997915594
 51
180.0
  0
ARC
  5
1AB6
  8
0
  6
CONTINUOUS
 62
     7
 10
1.250628063640532
 20
105.0496609279522
 30
0.0
 40
1.5500835258514281
 50
268.13330619639299
 51
339.24682885544479
  0
ARC
  5
1AB8
  8
0
  6
CONTINUOUS
 62
     7
 10
-176.34928216204031
 20
28.869150000004609
 30
0.0
 40
2.5
 50
90.0
 51
172.77399527136251
  0
ARC
  5
1AF3
  8
0
  6
CONTINUOUS
 62
     7
 10
-202.9496098072315
 20
28.641961047641932
 30
0.0
 40
0.6000000000003558
 50
106.3876871309419
 51
175.00000000002979
  0
ARC
  5
1AF4
  8
0
  6
CONTINUOUS
 62
     7
 10
-201.84928216202951
 20
24.90040000000187
 30
0.0
 40
4.5
 50
90.0
 51
106.3876871304667
  0
ARC
  5
1AF5
  8
0
  6
CONTINUOUS
 62
     7
 10
-200.74895451683929
 20
28.641961047641932
 30
0.0
 40
0.6000000000041261
 50
4.9999999999562661
 51
73.612312869227793
  0
ARC
  5
1AF6
  8
0
  6
CONTINUOUS
 62
     7
 10
-201.84928216202951
 20
24.90040000000187
 30
0.0
 40
4.4999999999981828
 50
73.612312869703047
 51
90.0
  0
ARC
  5
1AF7
  8
0
  6
CONTINUOUS
 62
     7
 10
-204.39928216203151
 20
27.500400000000429
 30
0.0
 40
0.1000000000003496
 50
90.0
 51
180.0
  0
ARC
  5
1AF8
  8
0
  6
CONTINUOUS
 62
     7
 10
-204.39928216203151
 20
21.100400000000789
 30
0.0
 40
0.1000000000103967
 50
180.0
 51
270.0
  0
ARC
  5
1AF9
  8
0
  6
CONTINUOUS
 62
     7
 10
-203.49928216204191
 20
28.19762436226808
 30
0.0
 40
0.9999999999938412
 50
146.3099324736159
 51
180.0
  0
ARC
  5
1AFA
  8
0
  6
CONTINUOUS
 62
     7
 10
-200.96409840354059
 20
32.000400000000447
 30
0.0
 40
1.0
 50
90.0
 51
146.30993247436979
  0
ARC
  5
1AFB
  8
0
  6
CONTINUOUS
 62
     7
 10
-201.84928216202951
 20
28.869150000004609
 30
0.0
 40
2.4999999999944
 50
7.2260047286401869
 51
90.0
  0
ARC
  5
1AFC
  8
0
  6
CONTINUOUS
 62
     7
 10
-203.99928216204191
 20
20.500400000000429
 30
0.0
 40
0.5
 50
90.0
 51
270.0
  0
ARC
  5
1AFD
  8
0
  6
CONTINUOUS
 62
     7
 10
-174.19928216203991
 20
20.500400000000429
 30
0.0
 40
0.5
 50
270.0
 51
90.0
  0
ARC
  5
1AFE
  8
0
  6
CONTINUOUS
 62
     7
 10
-177.23446592051911
 20
32.000400000000447
 30
0.0
 40
1.0000000000004099
 50
33.690067526007333
 51
90.0
  0
ARC
  5
1AFF
  8
0
  6
CONTINUOUS
 62
     7
 10
-174.69928216203991
 20
28.19762436226808
 30
0.0
 40
1.0
 50
0.0
 51
33.690067526038668
  0
ARC
  5
1B00
  8
0
  6
CONTINUOUS
 62
     7
 10
-173.7992821620403
 20
21.100400000000789
 30
0.0
 40
0.1000000000003496
 50
270.0
 51
0.0
  0
ARC
  5
1B01
  8
0
  6
CONTINUOUS
 62
     7
 10
-173.7992821620403
 20
27.500400000000429
 30
0.0
 40
0.1000000000003922
 50
0.0
 51
90.0
  0
ARC
  5
1B16
  8
0
  6
CONTINUOUS
 62
     7
 10
20.80032386294954
 20
-170.29959999999519
 30
0.0
 40
0.2999999999856016
 50
89.999999997915594
 51
180.0
  0
ARC
  5
1B17
  8
0
  6
CONTINUOUS
 62
     7
 10
20.80032386294954
 20
-99.699600896248228
 30
0.0
 40
0.2999999999847205
 50
179.9999999993052
 51
270.00000000208439
  0
ARC
  5
1B18
  8
0
  6
CONTINUOUS
 62
     7
 10
179.1003238629562
 20
25.000400000000411
 30
0.0
 40
5.9999999999990816
 50
7.8874891423199722
 51
172.11251085767989
  0
CIRCLE
  5
1B1F
  8
0
  6
CONTINUOUS
 62
     7
 10
177.0003238629584
 20
-19.999599999999589
 30
0.0
 40
34.999999103755698
  0
CIRCLE
  5
1B37
  8
0
  6
CONTINUOUS
 62
     7
 10
177.0003238629584
 20
-19.999599999999589
 30
0.0
 40
9.0000008962610991
  0
CIRCLE
  5
1B38
  8
0
  6
CONTINUOUS
 62
     7
 10
179.1003238629562
 20
25.000400000000411
 30
0.0
 40
3.2000000000026021
  0
POLYLINE
  8
0
  5
24CE
  62
2
  66
     1
 10
0.000000
 20
0.000000
 30
0.000000
  70
     8
  0
VERTEX
  8
0
  5
24CF
 10
4.25032
 20
55.8002
 30
0.000000
  70
    32
  0
VERTEX
  8
0
  5
24D0
 10
4.28037
 20
55.8069
 30
0.000000
  70
    32
  0
VERTEX
  8
0
  5
24D1
 10
4.31041
 20
55.8136
 30
0.000000
  70
    32
  0
VERTEX
  8
0
  5
24D2
 10
4.34046
 20
55.8204
 30
0.000000
  70
    32
  0
VERTEX
  8
0
  5
24D3
 10
4.37050
 20
55.8271
 30
0.000000
  70
    32
  0
VERTEX
  8
0
  5
24D4
 10
4.40055
 20
55.8337
 30
0.000000
  70
    32
  0
VERTEX
  8
0
  5
24D5
 10
4.43059
 20
55.8404
 30
0.000000
  70
    32
  0
VERTEX
  8
0
  5
24D6
 10
4.46064
 20
55.8470
 30
0.000000
  70
    32
  0
VERTEX
  8
0
  5
24D7
 10
4.49068
 20
55.8536
 30
0.000000
  70
    32
  0
VERTEX
  8
0
  5
24D8
 10
4.52073
 20
55.8602
 30
0.000000
  70
    32
  0
VERTEX
  8
0
  5
24D9
 10
4.55077
 20
55.8667
 30
0.000000
  70
    32
  0
VERTEX
  8
0
  5
24DA
 10
4.58082
 20
55.8732
 30
0.000000
  70
    32
  0
VERTEX
  8
0
  5
24DB
 10
4.61086
 20
55.8797
 30
0.000000
  70
    32
  0
VERTEX
  8
0
  5
24DC
 10
4.64091
 20
55.8861
 30
0.000000
  70
    32
  0
VERTEX
  8
0
  5
24DD
 10
4.67095
 20
55.8924
 30
0.000000
  70
    32
  0
VERTEX
  8
0
  5
24DE
 10
4.70100
 20
55.8987
 30
0.000000
  70
    32
  0
VERTEX
  8
0
  5
24DF
 10
4.73104
 20
55.9049
 30
0.000000
  70
    32
  0
VERTEX
  8
0
  5
24E0
 10
4.76109
 20
55.9110
 30
0.000000
  70
    32
  0
VERTEX
  8
0
  5
24E1
 10
4.79113
 20
55.9171
 30
0.000000
  70
    32
  0
VERTEX
  8
0
  5
24E2
 10
4.82118
 20
55.9231
 30
0.000000
  70
    32
  0
VERTEX
  8
0
  5
24E3
 10
4.85122
 20
55.9290
 30
0.000000
  70
    32
  0
VERTEX
  8
0
  5
24E4
 10
4.88127
 20
55.9348
 30
0.000000
  70
    32
  0
VERTEX
  8
0
  5
24E5
 10
4.91131
 20
55.9405
 30
0.000000
  70
    32
  0
VERTEX
  8
0
  5
24E6
 10
4.94136
 20
55.9461
 30
0.000000
  70
    32
  0
VERTEX
  8
0
  5
24E7
 10
4.97140
 20
55.9517
 30
0.000000
  70
    32
  0
VERTEX
  8
0
  5
24E8
 10
5.00144
 20
55.9571
 30
0.000000
  70
    32
  0
VERTEX
  8
0
  5
24E9
 10
5.03149
 20
55.9624
 30
0.000000
  70
    32
  0
VERTEX
  8
0
  5
24EA
 10
5.06153
 20
55.9676
 30
0.000000
  70
    32
  0
VERTEX
  8
0
  5
24EB
 10
5.09158
 20
55.9727
 30
0.000000
  70
    32
  0
VERTEX
  8
0
  5
24EC
 10
5.12162
 20
55.9777
 30
0.000000
  70
    32
  0
VERTEX
  8
0
  5
24ED
 10
5.15167
 20
55.9825
 30
0.000000
  70
    32
  0
VERTEX
  8
0
  5
24EE
 10
5.18171
 20
55.9872
 30
0.000000
  70
    32
  0
VERTEX
  8
0
  5
24EF
 10
5.21176
 20
55.9918
 30
0.000000
  70
    32
  0
VERTEX
  8
0
  5
24F0
 10
5.24180
 20
55.9962
 30
0.000000
  70
    32
  0
VERTEX
  8
0
  5
24F1
 10
5.27185
 20
56.0005
 30
0.000000
  70
    32
  0
VERTEX
  8
0
  5
24F2
 10
5.30189
 20
56.0047
 30
0.000000
  70
    32
  0
VERTEX
  8
0
  5
24F3
 10
5.33194
 20
56.0087
 30
0.000000
  70
    32
  0
VERTEX
  8
0
  5
24F4
 10
5.36198
 20
56.0125
 30
0.000000
  70
    32
  0
VERTEX
  8
0
  5
24F5
 10
5.39203
 20
56.0162
 30
0.000000
  70
    32
  0
VERTEX
  8
0
  5
24F6
 10
5.42207
 20
56.0197
 30
0.000000
  70
    32
  0
VERTEX
  8
0
  5
24F7
 10
5.45212
 20
56.0231
 30
0.000000
  70
    32
  0
VERTEX
  8
0
  5
24F8
 10
5.48216
 20
56.0263
 30
0.000000
  70
    32
  0
VERTEX
  8
0
  5
24F9
 10
5.51221
 20
56.0293
 30
0.000000
  70
    32
  0
VERTEX
  8
0
  5
24FA
 10
5.54225
 20
56.0321
 30
0.000000
  70
    32
  0
VERTEX
  8
0
  5
24FB
 10
5.57230
 20
56.0347
 30
0.000000
  70
    32
  0
VERTEX
  8
0
  5
24FC
 10
5.60234
 20
56.0372
 30
0.000000
  70
    32
  0
VERTEX
  8
0
  5
24FD
 10
5.63239
 20
56.0394
 30
0.000000
  70
    32
  0
VERTEX
  8
0
  5
24FE
 10
5.66243
 20
56.0414
 30
0.000000
  70
    32
  0
VERTEX
  8
0
  5
24FF
 10
5.69248
 20
56.0433
 30
0.000000
  70
    32
  0
VERTEX
  8
0
  5
2500
 10
5.72252
 20
56.0449
 30
0.000000
  70
    32
  0
VERTEX
  8
0
  5
2501
 10
5.75257
 20
56.0463
 30
0.000000
  70
    32
  0
VERTEX
  8
0
  5
2502
 10
5.78261
 20
56.0476
 30
0.000000
  70
    32
  0
VERTEX
  8
0
  5
2503
 10
5.81266
 20
56.0485
 30
0.000000
  70
    32
  0
VERTEX
  8
0
  5
2504
 10
5.84270
 20
56.0493
 30
0.000000
  70
    32
  0
VERTEX
  8
0
  5
2505
 10
5.87275
 20
56.0498
 30
0.000000
  70
    32
  0
VERTEX
  8
0
  5
2506
 10
5.90279
 20
56.0501
 30
0.000000
  70
    32
  0
VERTEX
  8
0
  5
2507
 10
5.93284
 20
56.0502
 30
0.000000
  70
    32
  0
VERTEX
  8
0
  5
2508
 10
5.96288
 20
56.0500
 30
0.000000
  70
    32
  0
VERTEX
  8
0
  5
2509
 10
5.99292
 20
56.0496
 30
0.000000
  70
    32
  0
VERTEX
  8
0
  5
250A
 10
6.02297
 20
56.0490
 30
0.000000
  70
    32
  0
VERTEX
  8
0
  5
250B
 10
6.05301
 20
56.0481
 30
0.000000
  70
    32
  0
VERTEX
  8
0
  5
250C
 10
6.08306
 20
56.0470
 30
0.000000
  70
    32
  0
VERTEX
  8
0
  5
250D
 10
6.11310
 20
56.0457
 30
0.000000
  70
    32
  0
VERTEX
  8
0
  5
250E
 10
6.14315
 20
56.0441
 30
0.000000
  70
    32
  0
VERTEX
  8
0
  5
250F
 10
6.17319
 20
56.0424
 30
0.000000
  70
    32
  0
VERTEX
  8
0
  5
2510
 10
6.20324
 20
56.0404
 30
0.000000
  70
    32
  0
VERTEX
  8
0
  5
2511
 10
6.23328
 20
56.0383
 30
0.000000
  70
    32
  0
VERTEX
  8
0
  5
2512
 10
6.26333
 20
56.0360
 30
0.000000
  70
    32
  0
VERTEX
  8
0
  5
2513
 10
6.29337
 20
56.0334
 30
0.000000
  70
    32
  0
VERTEX
  8
0
  5
2514
 10
6.32342
 20
56.0307
 30
0.000000
  70
    32
  0
VERTEX
  8
0
  5
2515
 10
6.35346
 20
56.0278
 30
0.000000
  70
    32
  0
VERTEX
  8
0
  5
2516
 10
6.38351
 20
56.0247
 30
0.000000
  70
    32
  0
VERTEX
  8
0
  5
2517
 10
6.41355
 20
56.0214
 30
0.000000
  70
    32
  0
VERTEX
  8
0
  5
2518
 10
6.44360
 20
56.0180
 30
0.000000
  70
    32
  0
VERTEX
  8
0
  5
2519
 10
6.47364
 20
56.0144
 30
0.000000
  70
    32
  0
VERTEX
  8
0
  5
251A
 10
6.50369
 20
56.0106
 30
0.000000
  70
    32
  0
VERTEX
  8
0
  5
251B
 10
6.53373
 20
56.0067
 30
0.000000
  70
    32
  0
VERTEX
  8
0
  5
251C
 10
6.56378
 20
56.0026
 30
0.000000
  70
    32
  0
VERTEX
  8
0
  5
251D
 10
6.59382
 20
55.9984
 30
0.000000
  70
    32
  0
VERTEX
  8
0
  5
251E
 10
6.62387
 20
55.9940
 30
0.000000
  70
    32
  0
VERTEX
  8
0
  5
251F
 10
6.65391
 20
55.9895
 30
0.000000
  70
    32
  0
VERTEX
  8
0
  5
2520
 10
6.68396
 20
55.9849
 30
0.000000
  70
    32
  0
VERTEX
  8
0
  5
2521
 10
6.71400
 20
55.9801
 30
0.000000
  70
    32
  0
VERTEX
  8
0
  5
2522
 10
6.74405
 20
55.9752
 30
0.000000
  70
    32
  0
VERTEX
  8
0
  5
2523
 10
6.77409
 20
55.9702
 30
0.000000
  70
    32
  0
VERTEX
  8
0
  5
2524
 10
6.80414
 20
55.9650
 30
0.000000
  70
    32
  0
VERTEX
  8
0
  5
2525
 10
6.83418
 20
55.9598
 30
0.000000
  70
    32
  0
VERTEX
  8
0
  5
2526
 10
6.86423
 20
55.9544
 30
0.000000
  70
    32
  0
VERTEX
  8
0
  5
2527
 10
6.89427
 20
55.9489
 30
0.000000
  70
    32
  0
VERTEX
  8
0
  5
2528
 10
6.92431
 20
55.9433
 30
0.000000
  70
    32
  0
VERTEX
  8
0
  5
2529
 10
6.95436
 20
55.9376
 30
0.000000
  70
    32
  0
VERTEX
  8
0
  5
252A
 10
6.98440
 20
55.9319
 30
0.000000
  70
    32
  0
VERTEX
  8
0
  5
252B
 10
7.01445
 20
55.9260
 30
0.000000
  70
    32
  0
VERTEX
  8
0
  5
252C
 10
7.04449
 20
55.9201
 30
0.000000
  70
    32
  0
VERTEX
  8
0
  5
252D
 10
7.07454
 20
55.9140
 30
0.000000
  70
    32
  0
VERTEX
  8
0
  5
252E
 10
7.10458
 20
55.9079
 30
0.000000
  70
    32
  0
VERTEX
  8
0
  5
252F
 10
7.13463
 20
55.9018
 30
0.000000
  70
    32
  0
VERTEX
  8
0
  5
2530
 10
7.16467
 20
55.8955
 30
0.000000
  70
    32
  0
VERTEX
  8
0
  5
2531
 10
7.19472
 20
55.8892
 30
0.000000
  70
    32
  0
VERTEX
  8
0
  5
2532
 10
7.22476
 20
55.8829
 30
0.000000
  70
    32
  0
VERTEX
  8
0
  5
2533
 10
7.25481
 20
55.8765
 30
0.000000
  70
    32
  0
VERTEX
  8
0
  5
2534
 10
7.28485
 20
55.8700
 30
0.000000
  70
    32
  0
VERTEX
  8
0
  5
2535
 10
7.31490
 20
55.8635
 30
0.000000
  70
    32
  0
VERTEX
  8
0
  5
2536
 10
7.34494
 20
55.8569
 30
0.000000
  70
    32
  0
VERTEX
  8
0
  5
2537
 10
7.37499
 20
55.8503
 30
0.000000
  70
    32
  0
VERTEX
  8
0
  5
2538
 10
7.40503
 20
55.8437
 30
0.000000
  70
    32
  0
VERTEX
  8
0
  5
2539
 10
7.43508
 20
55.8371
 30
0.000000
  70
    32
  0
VERTEX
  8
0
  5
253A
 10
7.46512
 20
55.8304
 30
0.000000
  70
    32
  0
VERTEX
  8
0
  5
253B
 10
7.49517
 20
55.8237
 30
0.000000
  70
    32
  0
VERTEX
  8
0
  5
253C
 10
7.52521
 20
55.8170
 30
0.000000
  70
    32
  0
VERTEX
  8
0
  5
253D
 10
7.55526
 20
55.8103
 30
0.000000
  70
    32
  0
VERTEX
  8
0
  5
253E
 10
7.58530
 20
55.8036
 30
0.000000
  70
    32
  0
VERTEX
  8
0
  5
253F
 10
7.61535
 20
55.7968
 30
0.000000
  70
    32
  0
VERTEX
  8
0
  5
2540
 10
7.64539
 20
55.7901
 30
0.000000
  70
    32
  0
VERTEX
  8
0
  5
2541
 10
7.67544
 20
55.7834
 30
0.000000
  70
    32
  0
VERTEX
  8
0
  5
2542
 10
7.70548
 20
55.7767
 30
0.000000
  70
    32
  0
VERTEX
  8
0
  5
2543
 10
7.73553
 20
55.7700
 30
0.000000
  70
    32
  0
VERTEX
  8
0
  5
2544
 10
7.76557
 20
55.7633
 30
0.000000
  70
    32
  0
VERTEX
  8
0
  5
2545
 10
7.79562
 20
55.7567
 30
0.000000
  70
    32
  0
VERTEX
  8
0
  5
2546
 10
7.82566
 20
55.7501
 30
0.000000
  70
    32
  0
VERTEX
  8
0
  5
2547
 10
7.85571
 20
55.7435
 30
0.000000
  70
    32
  0
VERTEX
  8
0
  5
2548
 10
7.88575
 20
55.7369
 30
0.000000
  70
    32
  0
VERTEX
  8
0
  5
2549
 10
7.91579
 20
55.7304
 30
0.000000
  70
    32
  0
VERTEX
  8
0
  5
254A
 10
7.94584
 20
55.7239
 30
0.000000
  70
    32
  0
VERTEX
  8
0
  5
254B
 10
7.97588
 20
55.7175
 30
0.000000
  70
    32
  0
VERTEX
  8
0
  5
254C
 10
8.00593
 20
55.7112
 30
0.000000
  70
    32
  0
VERTEX
  8
0
  5
254D
 10
8.03597
 20
55.7049
 30
0.000000
  70
    32
  0
VERTEX
  8
0
  5
254E
 10
8.06602
 20
55.6986
 30
0.000000
  70
    32
  0
VERTEX
  8
0
  5
254F
 10
8.09606
 20
55.6925
 30
0.000000
  70
    32
  0
VERTEX
  8
0
  5
2550
 10
8.12611
 20
55.6864
 30
0.000000
  70
    32
  0
VERTEX
  8
0
  5
2551
 10
8.15615
 20
55.6803
 30
0.000000
  70
    32
  0
VERTEX
  8
0
  5
2552
 10
8.18620
 20
55.6744
 30
0.000000
  70
    32
  0
VERTEX
  8
0
  5
2553
 10
8.21624
 20
55.6685
 30
0.000000
  70
    32
  0
VERTEX
  8
0
  5
2554
 10
8.24629
 20
55.6628
 30
0.000000
  70
    32
  0
VERTEX
  8
0
  5
2555
 10
8.27633
 20
55.6571
 30
0.000000
  70
    32
  0
VERTEX
  8
0
  5
2556
 10
8.30638
 20
55.6515
 30
0.000000
  70
    32
  0
VERTEX
  8
0
  5
2557
 10
8.33642
 20
55.6460
 30
0.000000
  70
    32
  0
VERTEX
  8
0
  5
2558
 10
8.36647
 20
55.6406
 30
0.000000
  70
    32
  0
VERTEX
  8
0
  5
2559
 10
8.39651
 20
55.6354
 30
0.000000
  70
    32
  0
VERTEX
  8
0
  5
255A
 10
8.42656
 20
55.6302
 30
0.000000
  70
    32
  0
VERTEX
  8
0
  5
255B
 10
8.45660
 20
55.6252
 30
0.000000
  70
    32
  0
VERTEX
  8
0
  5
255C
 10
8.48665
 20
55.6203
 30
0.000000
  70
    32
  0
VERTEX
  8
0
  5
255D
 10
8.51669
 20
55.6155
 30
0.000000
  70
    32
  0
VERTEX
  8
0
  5
255E
 10
8.54674
 20
55.6109
 30
0.000000
  70
    32
  0
VERTEX
  8
0
  5
255F
 10
8.57678
 20
55.6064
 30
0.000000
  70
    32
  0
VERTEX
  8
0
  5
2560
 10
8.60683
 20
55.6020
 30
0.000000
  70
    32
  0
VERTEX
  8
0
  5
2561
 10
8.63687
 20
55.5978
 30
0.000000
  70
    32
  0
VERTEX
  8
0
  5
2562
 10
8.66692
 20
55.5937
 30
0.000000
  70
    32
  0
VERTEX
  8
0
  5
2563
 10
8.69696
 20
55.5898
 30
0.000000
  70
    32
  0
VERTEX
  8
0
  5
2564
 10
8.72701
 20
55.5860
 30
0.000000
  70
    32
  0
VERTEX
  8
0
  5
2565
 10
8.75705
 20
55.5824
 30
0.000000
  70
    32
  0
VERTEX
  8
0
  5
2566
 10
8.78710
 20
55.5790
 30
0.000000
  70
    32
  0
VERTEX
  8
0
  5
2567
 10
8.81714
 20
55.5757
 30
0.000000
  70
    32
  0
VERTEX
  8
0
  5
2568
 10
8.84718
 20
55.5726
 30
0.000000
  70
    32
  0
VERTEX
  8
0
  5
2569
 10
8.87723
 20
55.5697
 30
0.000000
  70
    32
  0
VERTEX
  8
0
  5
256A
 10
8.90727
 20
55.5670
 30
0.000000
  70
    32
  0
VERTEX
  8
0
  5
256B
 10
8.93732
 20
55.5644
 30
0.000000
  70
    32
  0
VERTEX
  8
0
  5
256C
 10
8.96736
 20
55.5621
 30
0.000000
  70
    32
  0
VERTEX
  8
0
  5
256D
 10
8.99741
 20
55.5600
 30
0.000000
  70
    32
  0
VERTEX
  8
0
  5
256E
 10
9.02745
 20
55.5580
 30
0.000000
  70
    32
  0
VERTEX
  8
0
  5
256F
 10
9.05750
 20
55.5563
 30
0.000000
  70
    32
  0
VERTEX
  8
0
  5
2570
 10
9.08754
 20
55.5547
 30
0.000000
  70
    32
  0
VERTEX
  8
0
  5
2571
 10
9.11759
 20
55.5534
 30
0.000000
  70
    32
  0
VERTEX
  8
0
  5
2572
 10
9.14763
 20
55.5523
 30
0.000000
  70
    32
  0
VERTEX
  8
0
  5
2573
 10
9.17768
 20
55.5514
 30
0.000000
  70
    32
  0
VERTEX
  8
0
  5
2574
 10
9.20772
 20
55.5508
 30
0.000000
  70
    32
  0
VERTEX
  8
0
  5
2575
 10
9.23777
 20
55.5504
 30
0.000000
  70
    32
  0
VERTEX
  8
0
  5
2576
 10
9.26781
 20
55.5502
 30
0.000000
  70
    32
  0
VERTEX
  8
0
  5
2577
 10
9.29786
 20
55.5503
 30
0.000000
  70
    32
  0
VERTEX
  8
0
  5
2578
 10
9.32790
 20
55.5506
 30
0.000000
  70
    32
  0
VERTEX
  8
0
  5
2579
 10
9.35795
 20
55.5511
 30
0.000000
  70
    32
  0
VERTEX
  8
0
  5
257A
 10
9.38799
 20
55.5519
 30
0.000000
  70
    32
  0
VERTEX
  8
0
  5
257B
 10
9.41804
 20
55.5528
 30
0.000000
  70
    32
  0
VERTEX
  8
0
  5
257C
 10
9.44808
 20
55.5541
 30
0.000000
  70
    32
  0
VERTEX
  8
0
  5
257D
 10
9.47813
 20
55.5555
 30
0.000000
  70
    32
  0
VERTEX
  8
0
  5
257E
 10
9.50817
 20
55.5571
 30
0.000000
  70
    32
  0
VERTEX
  8
0
  5
257F
 10
9.53822
 20
55.5590
 30
0.000000
  70
    32
  0
VERTEX
  8
0
  5
2580
 10
9.56826
 20
55.5610
 30
0.000000
  70
    32
  0
VERTEX
  8
0
  5
2581
 10
9.59831
 20
55.5632
 30
0.000000
  70
    32
  0
VERTEX
  8
0
  5
2582
 10
9.62835
 20
55.5657
 30
0.000000
  70
    32
  0
VERTEX
  8
0
  5
2583
 10
9.65840
 20
55.5683
 30
0.000000
  70
    32
  0
VERTEX
  8
0
  5
2584
 10
9.68844
 20
55.5711
 30
0.000000
  70
    32
  0
VERTEX
  8
0
  5
2585
 10
9.71849
 20
55.5741
 30
0.000000
  70
    32
  0
VERTEX
  8
0
  5
2586
 10
9.74853
 20
55.5773
 30
0.000000
  70
    32
  0
VERTEX
  8
0
  5
2587
 10
9.77857
 20
55.5807
 30
0.000000
  70
    32
  0
VERTEX
  8
0
  5
2588
 10
9.80862
 20
55.5842
 30
0.000000
  70
    32
  0
VERTEX
  8
0
  5
2589
 10
9.83866
 20
55.5879
 30
0.000000
  70
    32
  0
VERTEX
  8
0
  5
258A
 10
9.86871
 20
55.5917
 30
0.000000
  70
    32
  0
VERTEX
  8
0
  5
258B
 10
9.89875
 20
55.5957
 30
0.000000
  70
    32
  0
VERTEX
  8
0
  5
258C
 10
9.92880
 20
55.5999
 30
0.000000
  70
    32
  0
VERTEX
  8
0
  5
258D
 10
9.95884
 20
55.6042
 30
0.000000
  70
    32
  0
VERTEX
  8
0
  5
258E
 10
9.98889
 20
55.6086
 30
0.000000
  70
    32
  0
VERTEX
  8
0
  5
258F
 10
10.0189
 20
55.6132
 30
0.000000
  70
    32
  0
VERTEX
  8
0
  5
2590
 10
10.0490
 20
55.6179
 30
0.000000
  70
    32
  0
VERTEX
  8
0
  5
2591
 10
10.0790
 20
55.6227
 30
0.000000
  70
    32
  0
VERTEX
  8
0
  5
2592
 10
10.1091
 20
55.6277
 30
0.000000
  70
    32
  0
VERTEX
  8
0
  5
2593
 10
10.1391
 20
55.6328
 30
0.000000
  70
    32
  0
VERTEX
  8
0
  5
2594
 10
10.1692
 20
55.6380
 30
0.000000
  70
    32
  0
VERTEX
  8
0
  5
2595
 10
10.1992
 20
55.6433
 30
0.000000
  70
    32
  0
VERTEX
  8
0
  5
2596
 10
10.2292
 20
55.6487
 30
0.000000
  70
    32
  0
VERTEX
  8
0
  5
2597
 10
10.2593
 20
55.6543
 30
0.000000
  70
    32
  0
VERTEX
  8
0
  5
2598
 10
10.2893
 20
55.6599
 30
0.000000
  70
    32
  0
VERTEX
  8
0
  5
2599
 10
10.3194
 20
55.6656
 30
0.000000
  70
    32
  0
VERTEX
  8
0
  5
259A
 10
10.3494
 20
55.6714
 30
0.000000
  70
    32
  0
VERTEX
  8
0
  5
259B
 10
10.3795
 20
55.6773
 30
0.000000
  70
    32
  0
VERTEX
  8
0
  5
259C
 10
10.4095
 20
55.6833
 30
0.000000
  70
    32
  0
VERTEX
  8
0
  5
259D
 10
10.4396
 20
55.6894
 30
0.000000
  70
    32
  0
VERTEX
  8
0
  5
259E
 10
10.4696
 20
55.6955
 30
0.000000
  70
    32
  0
VERTEX
  8
0
  5
259F
 10
10.4997
 20
55.7017
 30
0.000000
  70
    32
  0
VERTEX
  8
0
  5
25A0
 10
10.5297
 20
55.7080
 30
0.000000
  70
    32
  0
VERTEX
  8
0
  5
25A1
 10
10.5597
 20
55.7143
 30
0.000000
  70
    32
  0
VERTEX
  8
0
  5
25A2
 10
10.5898
 20
55.7207
 30
0.000000
  70
    32
  0
VERTEX
  8
0
  5
25A3
 10
10.6198
 20
55.7272
 30
0.000000
  70
    32
  0
VERTEX
  8
0
  5
25A4
 10
10.6499
 20
55.7337
 30
0.000000
  70
    32
  0
VERTEX
  8
0
  5
25A5
 10
10.6799
 20
55.7402
 30
0.000000
  70
    32
  0
VERTEX
  8
0
  5
25A6
 10
10.7100
 20
55.7468
 30
0.000000
  70
    32
  0
VERTEX
  8
0
  5
25A7
 10
10.7400
 20
55.7534
 30
0.000000
  70
    32
  0
VERTEX
  8
0
  5
25A8
 10
10.7701
 20
55.7600
 30
0.000000
  70
    32
  0
VERTEX
  8
0
  5
25A9
 10
10.8001
 20
55.7667
 30
0.000000
  70
    32
  0
VERTEX
  8
0
  5
25AA
 10
10.8301
 20
55.7733
 30
0.000000
  70
    32
  0
VERTEX
  8
0
  5
25AB
 10
10.8602
 20
55.7800
 30
0.000000
  70
    32
  0
VERTEX
  8
0
  5
25AC
 10
10.8902
 20
55.7868
 30
0.000000
  70
    32
  0
VERTEX
  8
0
  5
25AD
 10
10.9203
 20
55.7935
 30
0.000000
  70
    32
  0
VERTEX
  8
0
  5
25AE
 10
10.9503
 20
55.8002
 30
0.000000
  70
    32
  0
SEQEND
  8
0
  5
25AF
  0
POLYLINE
  8
0
  5
25B0
  62
2
  66
     1
 10
0.000000
 20
0.000000
 30
0.000000
  70
     8
  0
VERTEX
  8
0
  5
25B1
 10
4.25032
 20
54.3002
 30
0.000000
  70
    32
  0
VERTEX
  8
0
  5
25B2
 10
4.28037
 20
54.3069
 30
0.000000
  70
    32
  0
VERTEX
  8
0
  5
25B3
 10
4.31041
 20
54.3136
 30
0.000000
  70
    32
  0
VERTEX
  8
0
  5
25B4
 10
4.34046
 20
54.3204
 30
0.000000
  70
    32
  0
VERTEX
  8
0
  5
25B5
 10
4.37050
 20
54.3271
 30
0.000000
  70
    32
  0
VERTEX
  8
0
  5
25B6
 10
4.40055
 20
54.3337
 30
0.000000
  70
    32
  0
VERTEX
  8
0
  5
25B7
 10
4.43059
 20
54.3404
 30
0.000000
  70
    32
  0
VERTEX
  8
0
  5
25B8
 10
4.46064
 20
54.3470
 30
0.000000
  70
    32
  0
VERTEX
  8
0
  5
25B9
 10
4.49068
 20
54.3536
 30
0.000000
  70
    32
  0
VERTEX
  8
0
  5
25BA
 10
4.52073
 20
54.3602
 30
0.000000
  70
    32
  0
VERTEX
  8
0
  5
25BB
 10
4.55077
 20
54.3667
 30
0.000000
  70
    32
  0
VERTEX
  8
0
  5
25BC
 10
4.58082
 20
54.3732
 30
0.000000
  70
    32
  0
VERTEX
  8
0
  5
25BD
 10
4.61086
 20
54.3797
 30
0.000000
  70
    32
  0
VERTEX
  8
0
  5
25BE
 10
4.64091
 20
54.3861
 30
0.000000
  70
    32
  0
VERTEX
  8
0
  5
25BF
 10
4.67095
 20
54.3924
 30
0.000000
  70
    32
  0
VERTEX
  8
0
  5
25C0
 10
4.70100
 20
54.3987
 30
0.000000
  70
    32
  0
VERTEX
  8
0
  5
25C1
 10
4.73104
 20
54.4049
 30
0.000000
  70
    32
  0
VERTEX
  8
0
  5
25C2
 10
4.76109
 20
54.4110
 30
0.000000
  70
    32
  0
VERTEX
  8
0
  5
25C3
 10
4.79113
 20
54.4171
 30
0.000000
  70
    32
  0
VERTEX
  8
0
  5
25C4
 10
4.82118
 20
54.4231
 30
0.000000
  70
    32
  0
VERTEX
  8
0
  5
25C5
 10
4.85122
 20
54.4290
 30
0.000000
  70
    32
  0
VERTEX
  8
0
  5
25C6
 10
4.88127
 20
54.4348
 30
0.000000
  70
    32
  0
VERTEX
  8
0
  5
25C7
 10
4.91131
 20
54.4405
 30
0.000000
  70
    32
  0
VERTEX
  8
0
  5
25C8
 10
4.94136
 20
54.4461
 30
0.000000
  70
    32
  0
VERTEX
  8
0
  5
25C9
 10
4.97140
 20
54.4517
 30
0.000000
  70
    32
  0
VERTEX
  8
0
  5
25CA
 10
5.00144
 20
54.4571
 30
0.000000
  70
    32
  0
VERTEX
  8
0
  5
25CB
 10
5.03149
 20
54.4624
 30
0.000000
  70
    32
  0
VERTEX
  8
0
  5
25CC
 10
5.06153
 20
54.4676
 30
0.000000
  70
    32
  0
VERTEX
  8
0
  5
25CD
 10
5.09158
 20
54.4727
 30
0.000000
  70
    32
  0
VERTEX
  8
0
  5
25CE
 10
5.12162
 20
54.4777
 30
0.000000
  70
    32
  0
VERTEX
  8
0
  5
25CF
 10
5.15167
 20
54.4825
 30
0.000000
  70
    32
  0
VERTEX
  8
0
  5
25D0
 10
5.18171
 20
54.4872
 30
0.000000
  70
    32
  0
VERTEX
  8
0
  5
25D1
 10
5.21176
 20
54.4918
 30
0.000000
  70
    32
  0
VERTEX
  8
0
  5
25D2
 10
5.24180
 20
54.4962
 30
0.000000
  70
    32
  0
VERTEX
  8
0
  5
25D3
 10
5.27185
 20
54.5005
 30
0.000000
  70
    32
  0
VERTEX
  8
0
  5
25D4
 10
5.30189
 20
54.5047
 30
0.000000
  70
    32
  0
VERTEX
  8
0
  5
25D5
 10
5.33194
 20
54.5087
 30
0.000000
  70
    32
  0
VERTEX
  8
0
  5
25D6
 10
5.36198
 20
54.5125
 30
0.000000
  70
    32
  0
VERTEX
  8
0
  5
25D7
 10
5.39203
 20
54.5162
 30
0.000000
  70
    32
  0
VERTEX
  8
0
  5
25D8
 10
5.42207
 20
54.5197
 30
0.000000
  70
    32
  0
VERTEX
  8
0
  5
25D9
 10
5.45212
 20
54.5231
 30
0.000000
  70
    32
  0
VERTEX
  8
0
  5
25DA
 10
5.48216
 20
54.5263
 30
0.000000
  70
    32
  0
VERTEX
  8
0
  5
25DB
 10
5.51221
 20
54.5293
 30
0.000000
  70
    32
  0
VERTEX
  8
0
  5
25DC
 10
5.54225
 20
54.5321
 30
0.000000
  70
    32
  0
VERTEX
  8
0
  5
25DD
 10
5.57230
 20
54.5347
 30
0.000000
  70
    32
  0
VERTEX
  8
0
  5
25DE
 10
5.60234
 20
54.5372
 30
0.000000
  70
    32
  0
VERTEX
  8
0
  5
25DF
 10
5.63239
 20
54.5394
 30
0.000000
  70
    32
  0
VERTEX
  8
0
  5
25E0
 10
5.66243
 20
54.5414
 30
0.000000
  70
    32
  0
VERTEX
  8
0
  5
25E1
 10
5.69248
 20
54.5433
 30
0.000000
  70
    32
  0
VERTEX
  8
0
  5
25E2
 10
5.72252
 20
54.5449
 30
0.000000
  70
    32
  0
VERTEX
  8
0
  5
25E3
 10
5.75257
 20
54.5463
 30
0.000000
  70
    32
  0
VERTEX
  8
0
  5
25E4
 10
5.78261
 20
54.5476
 30
0.000000
  70
    32
  0
VERTEX
  8
0
  5
25E5
 10
5.81266
 20
54.5485
 30
0.000000
  70
    32
  0
VERTEX
  8
0
  5
25E6
 10
5.84270
 20
54.5493
 30
0.000000
  70
    32
  0
VERTEX
  8
0
  5
25E7
 10
5.87275
 20
54.5498
 30
0.000000
  70
    32
  0
VERTEX
  8
0
  5
25E8
 10
5.90279
 20
54.5501
 30
0.000000
  70
    32
  0
VERTEX
  8
0
  5
25E9
 10
5.93284
 20
54.5502
 30
0.000000
  70
    32
  0
VERTEX
  8
0
  5
25EA
 10
5.96288
 20
54.5500
 30
0.000000
  70
    32
  0
VERTEX
  8
0
  5
25EB
 10
5.99292
 20
54.5496
 30
0.000000
  70
    32
  0
VERTEX
  8
0
  5
25EC
 10
6.02297
 20
54.5490
 30
0.000000
  70
    32
  0
VERTEX
  8
0
  5
25ED
 10
6.05301
 20
54.5481
 30
0.000000
  70
    32
  0
VERTEX
  8
0
  5
25EE
 10
6.08306
 20
54.5470
 30
0.000000
  70
    32
  0
VERTEX
  8
0
  5
25EF
 10
6.11310
 20
54.5457
 30
0.000000
  70
    32
  0
VERTEX
  8
0
  5
25F0
 10
6.14315
 20
54.5441
 30
0.000000
  70
    32
  0
VERTEX
  8
0
  5
25F1
 10
6.17319
 20
54.5424
 30
0.000000
  70
    32
  0
VERTEX
  8
0
  5
25F2
 10
6.20324
 20
54.5404
 30
0.000000
  70
    32
  0
VERTEX
  8
0
  5
25F3
 10
6.23328
 20
54.5383
 30
0.000000
  70
    32
  0
VERTEX
  8
0
  5
25F4
 10
6.26333
 20
54.5360
 30
0.000000
  70
    32
  0
VERTEX
  8
0
  5
25F5
 10
6.29337
 20
54.5334
 30
0.000000
  70
    32
  0
VERTEX
  8
0
  5
25F6
 10
6.32342
 20
54.5307
 30
0.000000
  70
    32
  0
VERTEX
  8
0
  5
25F7
 10
6.35346
 20
54.5278
 30
0.000000
  70
    32
  0
VERTEX
  8
0
  5
25F8
 10
6.38351
 20
54.5247
 30
0.000000
  70
    32
  0
VERTEX
  8
0
  5
25F9
 10
6.41355
 20
54.5214
 30
0.000000
  70
    32
  0
VERTEX
  8
0
  5
25FA
 10
6.44360
 20
54.5180
 30
0.000000
  70
    32
  0
VERTEX
  8
0
  5
25FB
 10
6.47364
 20
54.5144
 30
0.000000
  70
    32
  0
VERTEX
  8
0
  5
25FC
 10
6.50369
 20
54.5106
 30
0.000000
  70
    32
  0
VERTEX
  8
0
  5
25FD
 10
6.53373
 20
54.5067
 30
0.000000
  70
    32
  0
VERTEX
  8
0
  5
25FE
 10
6.56378
 20
54.5026
 30
0.000000
  70
    32
  0
VERTEX
  8
0
  5
25FF
 10
6.59382
 20
54.4984
 30
0.000000
  70
    32
  0
VERTEX
  8
0
  5
2600
 10
6.62387
 20
54.4940
 30
0.000000
  70
    32
  0
VERTEX
  8
0
  5
2601
 10
6.65391
 20
54.4895
 30
0.000000
  70
    32
  0
VERTEX
  8
0
  5
2602
 10
6.68396
 20
54.4849
 30
0.000000
  70
    32
  0
VERTEX
  8
0
  5
2603
 10
6.71400
 20
54.4801
 30
0.000000
  70
    32
  0
VERTEX
  8
0
  5
2604
 10
6.74405
 20
54.4752
 30
0.000000
  70
    32
  0
VERTEX
  8
0
  5
2605
 10
6.77409
 20
54.4702
 30
0.000000
  70
    32
  0
VERTEX
  8
0
  5
2606
 10
6.80414
 20
54.4650
 30
0.000000
  70
    32
  0
VERTEX
  8
0
  5
2607
 10
6.83418
 20
54.4598
 30
0.000000
  70
    32
  0
VERTEX
  8
0
  5
2608
 10
6.86423
 20
54.4544
 30
0.000000
  70
    32
  0
VERTEX
  8
0
  5
2609
 10
6.89427
 20
54.4489
 30
0.000000
  70
    32
  0
VERTEX
  8
0
  5
260A
 10
6.92431
 20
54.4433
 30
0.000000
  70
    32
  0
VERTEX
  8
0
  5
260B
 10
6.95436
 20
54.4376
 30
0.000000
  70
    32
  0
VERTEX
  8
0
  5
260C
 10
6.98440
 20
54.4319
 30
0.000000
  70
    32
  0
VERTEX
  8
0
  5
260D
 10
7.01445
 20
54.4260
 30
0.000000
  70
    32
  0
VERTEX
  8
0
  5
260E
 10
7.04449
 20
54.4201
 30
0.000000
  70
    32
  0
VERTEX
  8
0
  5
260F
 10
7.07454
 20
54.4140
 30
0.000000
  70
    32
  0
VERTEX
  8
0
  5
2610
 10
7.10458
 20
54.4079
 30
0.000000
  70
    32
  0
VERTEX
  8
0
  5
2611
 10
7.13463
 20
54.4018
 30
0.000000
  70
    32
  0
VERTEX
  8
0
  5
2612
 10
7.16467
 20
54.3955
 30
0.000000
  70
    32
  0
VERTEX
  8
0
  5
2613
 10
7.19472
 20
54.3892
 30
0.000000
  70
    32
  0
VERTEX
  8
0
  5
2614
 10
7.22476
 20
54.3829
 30
0.000000
  70
    32
  0
VERTEX
  8
0
  5
2615
 10
7.25481
 20
54.3765
 30
0.000000
  70
    32
  0
VERTEX
  8
0
  5
2616
 10
7.28485
 20
54.3700
 30
0.000000
  70
    32
  0
VERTEX
  8
0
  5
2617
 10
7.31490
 20
54.3635
 30
0.000000
  70
    32
  0
VERTEX
  8
0
  5
2618
 10
7.34494
 20
54.3569
 30
0.000000
  70
    32
  0
VERTEX
  8
0
  5
2619
 10
7.37499
 20
54.3503
 30
0.000000
  70
    32
  0
VERTEX
  8
0
  5
261A
 10
7.40503
 20
54.3437
 30
0.000000
  70
    32
  0
VERTEX
  8
0
  5
261B
 10
7.43508
 20
54.3371
 30
0.000000
  70
    32
  0
VERTEX
  8
0
  5
261C
 10
7.46512
 20
54.3304
 30
0.000000
  70
    32
  0
VERTEX
  8
0
  5
261D
 10
7.49517
 20
54.3237
 30
0.000000
  70
    32
  0
VERTEX
  8
0
  5
261E
 10
7.52521
 20
54.3170
 30
0.000000
  70
    32
  0
VERTEX
  8
0
  5
261F
 10
7.55526
 20
54.3103
 30
0.000000
  70
    32
  0
VERTEX
  8
0
  5
2620
 10
7.58530
 20
54.3036
 30
0.000000
  70
    32
  0
VERTEX
  8
0
  5
2621
 10
7.61535
 20
54.2968
 30
0.000000
  70
    32
  0
VERTEX
  8
0
  5
2622
 10
7.64539
 20
54.2901
 30
0.000000
  70
    32
  0
VERTEX
  8
0
  5
2623
 10
7.67544
 20
54.2834
 30
0.000000
  70
    32
  0
VERTEX
  8
0
  5
2624
 10
7.70548
 20
54.2767
 30
0.000000
  70
    32
  0
VERTEX
  8
0
  5
2625
 10
7.73553
 20
54.2700
 30
0.000000
  70
    32
  0
VERTEX
  8
0
  5
2626
 10
7.76557
 20
54.2633
 30
0.000000
  70
    32
  0
VERTEX
  8
0
  5
2627
 10
7.79562
 20
54.2567
 30
0.000000
  70
    32
  0
VERTEX
  8
0
  5
2628
 10
7.82566
 20
54.2501
 30
0.000000
  70
    32
  0
VERTEX
  8
0
  5
2629
 10
7.85571
 20
54.2435
 30
0.000000
  70
    32
  0
VERTEX
  8
0
  5
262A
 10
7.88575
 20
54.2369
 30
0.000000
  70
    32
  0
VERTEX
  8
0
  5
262B
 10
7.91579
 20
54.2304
 30
0.000000
  70
    32
  0
VERTEX
  8
0
  5
262C
 10
7.94584
 20
54.2239
 30
0.000000
  70
    32
  0
VERTEX
  8
0
  5
262D
 10
7.97588
 20
54.2175
 30
0.000000
  70
    32
  0
VERTEX
  8
0
  5
262E
 10
8.00593
 20
54.2112
 30
0.000000
  70
    32
  0
VERTEX
  8
0
  5
262F
 10
8.03597
 20
54.2049
 30
0.000000
  70
    32
  0
VERTEX
  8
0
  5
2630
 10
8.06602
 20
54.1986
 30
0.000000
  70
    32
  0
VERTEX
  8
0
  5
2631
 10
8.09606
 20
54.1925
 30
0.000000
  70
    32
  0
VERTEX
  8
0
  5
2632
 10
8.12611
 20
54.1864
 30
0.000000
  70
    32
  0
VERTEX
  8
0
  5
2633
 10
8.15615
 20
54.1803
 30
0.000000
  70
    32
  0
VERTEX
  8
0
  5
2634
 10
8.18620
 20
54.1744
 30
0.000000
  70
    32
  0
VERTEX
  8
0
  5
2635
 10
8.21624
 20
54.1685
 30
0.000000
  70
    32
  0
VERTEX
  8
0
  5
2636
 10
8.24629
 20
54.1628
 30
0.000000
  70
    32
  0
VERTEX
  8
0
  5
2637
 10
8.27633
 20
54.1571
 30
0.000000
  70
    32
  0
VERTEX
  8
0
  5
2638
 10
8.30638
 20
54.1515
 30
0.000000
  70
    32
  0
VERTEX
  8
0
  5
2639
 10
8.33642
 20
54.1460
 30
0.000000
  70
    32
  0
VERTEX
  8
0
  5
263A
 10
8.36647
 20
54.1406
 30
0.000000
  70
    32
  0
VERTEX
  8
0
  5
263B
 10
8.39651
 20
54.1354
 30
0.000000
  70
    32
  0
VERTEX
  8
0
  5
263C
 10
8.42656
 20
54.1302
 30
0.000000
  70
    32
  0
VERTEX
  8
0
  5
263D
 10
8.45660
 20
54.1252
 30
0.000000
  70
    32
  0
VERTEX
  8
0
  5
263E
 10
8.48665
 20
54.1203
 30
0.000000
  70
    32
  0
VERTEX
  8
0
  5
263F
 10
8.51669
 20
54.1155
 30
0.000000
  70
    32
  0
VERTEX
  8
0
  5
2640
 10
8.54674
 20
54.1109
 30
0.000000
  70
    32
  0
VERTEX
  8
0
  5
2641
 10
8.57678
 20
54.1064
 30
0.000000
  70
    32
  0
VERTEX
  8
0
  5
2642
 10
8.60683
 20
54.1020
 30
0.000000
  70
    32
  0
VERTEX
  8
0
  5
2643
 10
8.63687
 20
54.0978
 30
0.000000
  70
    32
  0
VERTEX
  8
0
  5
2644
 10
8.66692
 20
54.0937
 30
0.000000
  70
    32
  0
VERTEX
  8
0
  5
2645
 10
8.69696
 20
54.0898
 30
0.000000
  70
    32
  0
VERTEX
  8
0
  5
2646
 10
8.72701
 20
54.0860
 30
0.000000
  70
    32
  0
VERTEX
  8
0
  5
2647
 10
8.75705
 20
54.0824
 30
0.000000
  70
    32
  0
VERTEX
  8
0
  5
2648
 10
8.78710
 20
54.0790
 30
0.000000
  70
    32
  0
VERTEX
  8
0
  5
2649
 10
8.81714
 20
54.0757
 30
0.000000
  70
    32
  0
VERTEX
  8
0
  5
264A
 10
8.84718
 20
54.0726
 30
0.000000
  70
    32
  0
VERTEX
  8
0
  5
264B
 10
8.87723
 20
54.0697
 30
0.000000
  70
    32
  0
VERTEX
  8
0
  5
264C
 10
8.90727
 20
54.0670
 30
0.000000
  70
    32
  0
VERTEX
  8
0
  5
264D
 10
8.93732
 20
54.0644
 30
0.000000
  70
    32
  0
VERTEX
  8
0
  5
264E
 10
8.96736
 20
54.0621
 30
0.000000
  70
    32
  0
VERTEX
  8
0
  5
264F
 10
8.99741
 20
54.0600
 30
0.000000
  70
    32
  0
VERTEX
  8
0
  5
2650
 10
9.02745
 20
54.0580
 30
0.000000
  70
    32
  0
VERTEX
  8
0
  5
2651
 10
9.05750
 20
54.0563
 30
0.000000
  70
    32
  0
VERTEX
  8
0
  5
2652
 10
9.08754
 20
54.0547
 30
0.000000
  70
    32
  0
VERTEX
  8
0
  5
2653
 10
9.11759
 20
54.0534
 30
0.000000
  70
    32
  0
VERTEX
  8
0
  5
2654
 10
9.14763
 20
54.0523
 30
0.000000
  70
    32
  0
VERTEX
  8
0
  5
2655
 10
9.17768
 20
54.0514
 30
0.000000
  70
    32
  0
VERTEX
  8
0
  5
2656
 10
9.20772
 20
54.0508
 30
0.000000
  70
    32
  0
VERTEX
  8
0
  5
2657
 10
9.23777
 20
54.0504
 30
0.000000
  70
    32
  0
VERTEX
  8
0
  5
2658
 10
9.26781
 20
54.0502
 30
0.000000
  70
    32
  0
VERTEX
  8
0
  5
2659
 10
9.29786
 20
54.0503
 30
0.000000
  70
    32
  0
VERTEX
  8
0
  5
265A
 10
9.32790
 20
54.0506
 30
0.000000
  70
    32
  0
VERTEX
  8
0
  5
265B
 10
9.35795
 20
54.0511
 30
0.000000
  70
    32
  0
VERTEX
  8
0
  5
265C
 10
9.38799
 20
54.0519
 30
0.000000
  70
    32
  0
VERTEX
  8
0
  5
265D
 10
9.41804
 20
54.0528
 30
0.000000
  70
    32
  0
VERTEX
  8
0
  5
265E
 10
9.44808
 20
54.0541
 30
0.000000
  70
    32
  0
VERTEX
  8
0
  5
265F
 10
9.47813
 20
54.0555
 30
0.000000
  70
    32
  0
VERTEX
  8
0
  5
2660
 10
9.50817
 20
54.0571
 30
0.000000
  70
    32
  0
VERTEX
  8
0
  5
2661
 10
9.53822
 20
54.0590
 30
0.000000
  70
    32
  0
VERTEX
  8
0
  5
2662
 10
9.56826
 20
54.0610
 30
0.000000
  70
    32
  0
VERTEX
  8
0
  5
2663
 10
9.59831
 20
54.0632
 30
0.000000
  70
    32
  0
VERTEX
  8
0
  5
2664
 10
9.62835
 20
54.0657
 30
0.000000
  70
    32
  0
VERTEX
  8
0
  5
2665
 10
9.65840
 20
54.0683
 30
0.000000
  70
    32
  0
VERTEX
  8
0
  5
2666
 10
9.68844
 20
54.0711
 30
0.000000
  70
    32
  0
VERTEX
  8
0
  5
2667
 10
9.71849
 20
54.0741
 30
0.000000
  70
    32
  0
VERTEX
  8
0
  5
2668
 10
9.74853
 20
54.0773
 30
0.000000
  70
    32
  0
VERTEX
  8
0
  5
2669
 10
9.77857
 20
54.0807
 30
0.000000
  70
    32
  0
VERTEX
  8
0
  5
266A
 10
9.80862
 20
54.0842
 30
0.000000
  70
    32
  0
VERTEX
  8
0
  5
266B
 10
9.83866
 20
54.0879
 30
0.000000
  70
    32
  0
VERTEX
  8
0
  5
266C
 10
9.86871
 20
54.0917
 30
0.000000
  70
    32
  0
VERTEX
  8
0
  5
266D
 10
9.89875
 20
54.0957
 30
0.000000
  70
    32
  0
VERTEX
  8
0
  5
266E
 10
9.92880
 20
54.0999
 30
0.000000
  70
    32
  0
VERTEX
  8
0
  5
266F
 10
9.95884
 20
54.1042
 30
0.000000
  70
    32
  0
VERTEX
  8
0
  5
2670
 10
9.98889
 20
54.1086
 30
0.000000
  70
    32
  0
VERTEX
  8
0
  5
2671
 10
10.0189
 20
54.1132
 30
0.000000
  70
    32
  0
VERTEX
  8
0
  5
2672
 10
10.0490
 20
54.1179
 30
0.000000
  70
    32
  0
VERTEX
  8
0
  5
2673
 10
10.0790
 20
54.1227
 30
0.000000
  70
    32
  0
VERTEX
  8
0
  5
2674
 10
10.1091
 20
54.1277
 30
0.000000
  70
    32
  0
VERTEX
  8
0
  5
2675
 10
10.1391
 20
54.1328
 30
0.000000
  70
    32
  0
VERTEX
  8
0
  5
2676
 10
10.1692
 20
54.1380
 30
0.000000
  70
    32
  0
VERTEX
  8
0
  5
2677
 10
10.1992
 20
54.1433
 30
0.000000
  70
    32
  0
VERTEX
  8
0
  5
2678
 10
10.2292
 20
54.1487
 30
0.000000
  70
    32
  0
VERTEX
  8
0
  5
2679
 10
10.2593
 20
54.1543
 30
0.000000
  70
    32
  0
VERTEX
  8
0
  5
267A
 10
10.2893
 20
54.1599
 30
0.000000
  70
    32
  0
VERTEX
  8
0
  5
267B
 10
10.3194
 20
54.1656
 30
0.000000
  70
    32
  0
VERTEX
  8
0
  5
267C
 10
10.3494
 20
54.1714
 30
0.000000
  70
    32
  0
VERTEX
  8
0
  5
267D
 10
10.3795
 20
54.1773
 30
0.000000
  70
    32
  0
VERTEX
  8
0
  5
267E
 10
10.4095
 20
54.1833
 30
0.000000
  70
    32
  0
VERTEX
  8
0
  5
267F
 10
10.4396
 20
54.1894
 30
0.000000
  70
    32
  0
VERTEX
  8
0
  5
2680
 10
10.4696
 20
54.1955
 30
0.000000
  70
    32
  0
VERTEX
  8
0
  5
2681
 10
10.4997
 20
54.2017
 30
0.000000
  70
    32
  0
VERTEX
  8
0
  5
2682
 10
10.5297
 20
54.2080
 30
0.000000
  70
    32
  0
VERTEX
  8
0
  5
2683
 10
10.5597
 20
54.2143
 30
0.000000
  70
    32
  0
VERTEX
  8
0
  5
2684
 10
10.5898
 20
54.2207
 30
0.000000
  70
    32
  0
VERTEX
  8
0
  5
2685
 10
10.6198
 20
54.2272
 30
0.000000
  70
    32
  0
VERTEX
  8
0
  5
2686
 10
10.6499
 20
54.2337
 30
0.000000
  70
    32
  0
VERTEX
  8
0
  5
2687
 10
10.6799
 20
54.2402
 30
0.000000
  70
    32
  0
VERTEX
  8
0
  5
2688
 10
10.7100
 20
54.2468
 30
0.000000
  70
    32
  0
VERTEX
  8
0
  5
2689
 10
10.7400
 20
54.2534
 30
0.000000
  70
    32
  0
VERTEX
  8
0
  5
268A
 10
10.7701
 20
54.2600
 30
0.000000
  70
    32
  0
VERTEX
  8
0
  5
268B
 10
10.8001
 20
54.2667
 30
0.000000
  70
    32
  0
VERTEX
  8
0
  5
268C
 10
10.8301
 20
54.2733
 30
0.000000
  70
    32
  0
VERTEX
  8
0
  5
268D
 10
10.8602
 20
54.2800
 30
0.000000
  70
    32
  0
VERTEX
  8
0
  5
268E
 10
10.8902
 20
54.2868
 30
0.000000
  70
    32
  0
VERTEX
  8
0
  5
268F
 10
10.9203
 20
54.2935
 30
0.000000
  70
    32
  0
VERTEX
  8
0
  5
2690
 10
10.9503
 20
54.3002
 30
0.000000
  70
    32
  0
SEQEND
  8
0
  5
2691
  0
ARC
  5
1B46
  8
0
  6
CONTINUOUS
 62
     7
 10
0.2003238628235522
 20
30.500399999999559
 30
0.0
 40
0.5
 50
0.0
 51
90.0
  0
ARC
  5
1B47
  8
0
  6
CONTINUOUS
 62
     7
 10
-1.7996761371664429
 20
30.900400000000161
 30
0.0
 40
0.0999999999993975
 50
90.0
 51
180.0
  0
ARC
  5
1B48
  8
0
  6
CONTINUOUS
 62
     7
 10
-11.412923499574619
 20
111.18132646175
 30
0.0
 40
0.750000000002046
 50
135.00000000000901
 51
224.9999999998991
  0
ARC
  5
1B49
  8
0
  6
CONTINUOUS
 62
     7
 10
-11.32519436286861
 20
111.2690555984541
 30
0.0
 40
0.7500000000020305
 50
55.304846469007103
 51
135.0000000000924
  0
ARC
  5
1B51
  8
0
  6
CONTINUOUS
 62
     7
 10
1.8260676139977929
 20
101.2504000000004
 30
0.0
 40
0.75
 50
90.0
 51
169.69515353129151
  0
ARC
  5
1B52
  8
0
  6
CONTINUOUS
 62
     7
 10
1.9501353489392841
 20
101.2504000000004
 30
0.0
 40
0.75
 50
0.0
 51
90.0
  0
ARC
  5
1B56
  8
0
  6
CONTINUOUS
 62
     7
 10
172.9243687724173
 20
20.500400000000411
 30
0.0
 40
0.4999999999997612
 50
172.1125108578334
 51
270.0
  0
ARC
  5
1B57
  8
0
  6
CONTINUOUS
 62
     7
 10
185.27627895349511
 20
20.500400000000411
 30
0.0
 40
0.5
 50
270.0
 51
7.8874891421665829
  0
LINE
  5
1F17
  8
0
  6
CONTINUOUS
 62
     7
 10
50.000323862248131
 20
-25.499600000772201
 30
0.0
 11
23.50032386296289
 21
-25.499600000772201
 31
0.0
  0
LINE
  5
1F18
  8
0
  6
CONTINUOUS
 62
     7
 10
50.500323862248131
 20
-24.999600000772212
 30
0.0
 11
50.000323862248131
 21
-25.499600000772201
 31
0.0
  0
LINE
  5
1F19
  8
0
  6
CONTINUOUS
 62
     7
 10
50.500323862248131
 20
-14.999600000772199
 30
0.0
 11
50.500323862248138
 21
-24.999600000772201
 31
0.0
  0
LINE
  5
1F1A
  8
0
  6
CONTINUOUS
 62
     7
 10
50.000323862248131
 20
-14.499600000772199
 30
0.0
 11
50.500323862248131
 21
-14.999600000772199
 31
0.0
  0
LINE
  5
1F1B
  8
0
  6
CONTINUOUS
 62
     7
 10
23.50032386296289
 20
-14.499600000772199
 30
0.0
 11
50.000323862248131
 21
-14.499600000772199
 31
0.0
  0
LINE
  5
1F27
  8
0
  6
CONTINUOUS
 62
     7
 10
50.000323862248131
 20
-140.4996000007722
 30
0.0
 11
23.50032386296289
 21
-140.4996000007722
 31
0.0
  0
LINE
  5
1F28
  8
0
  6
CONTINUOUS
 62
     7
 10
50.500323862248131
 20
-139.9996000007722
 30
0.0
 11
50.000323862248131
 21
-140.4996000007722
 31
0.0
  0
LINE
  5
1F29
  8
0
  6
CONTINUOUS
 62
     7
 10
50.500323862248131
 20
-129.9996000007722
 30
0.0
 11
50.500323862248138
 21
-139.9996000007722
 31
0.0
  0
LINE
  5
1F2A
  8
0
  6
CONTINUOUS
 62
     7
 10
50.000323862248131
 20
-129.4996000007722
 30
0.0
 11
50.500323862248131
 21
-129.9996000007722
 31
0.0
  0
LINE
  5
1F2B
  8
0
  6
CONTINUOUS
 62
     7
 10
23.50032386296289
 20
-129.4996000007722
 30
0.0
 11
50.000323862248131
 21
-129.4996000007722
 31
0.0
  0
CIRCLE
  5
1F34
  8
0
 10
177.00032386295851
 20
-19.999599999999589
 30
0.0
 40
4.9999999999981819
  0
CIRCLE
  5
1F35
  8
0
 10
177.00032386295851
 20
-19.999600000001411
 30
0.0
 40
5.4999999999999947
  0
LINE
  5
1F5E
  8
0
  6
DASH_CENTER
 62
     1
 10
111.3731356754965
 20
75.136866792241165
 30
0.0
 11
159.07313567549181
 21
75.136866792241165
 31
0.0
  0
LINE
  5
1F5F
  8
0
  6
DASH_CENTER
 62
     1
 10
126.5731356754919
 20
93.136866792241165
 30
0.0
 11
156.5731356754919
 21
93.136866792241165
 31
0.0
  0
LINE
  5
1F60
  8
0
  6
CONTINUOUS
 62
     7
 10
136.07313567477689
 20
91.136866792241165
 30
0.0
 11
154.07313567549181
 21
91.136866792241165
 31
0.0
  0
LINE
  5
1F61
  8
0
  6
CONTINUOUS
 62
     7
 10
136.07313567477689
 20
95.136866792241165
 30
0.0
 11
154.07313567549181
 21
95.136866792241165
 31
0.0
  0
LINE
  5
1F62
  8
0
  6
CONTINUOUS
 62
     7
 10
154.07313567549181
 20
91.136866792241165
 30
0.0
 11
154.07313567549181
 21
95.136866792241165
 31
0.0
  0
LINE
  5
1F63
  8
0
  6
CONTINUOUS
 62
     7
 10
120.5731356770188
 20
105.13686679224109
 30
0.0
 11
124.0731356754919
 21
105.13686679224109
 31
0.0
  0
LINE
  5
1F64
  8
0
  6
CONTINUOUS
 62
     7
 10
120.57313567540081
 20
45.136866792251141
 30
0.0
 11
124.0731356754919
 21
45.136866792241143
 31
0.0
  0
LINE
  5
1F65
  8
0
  6
CONTINUOUS
 62
     7
 10
124.0731356754919
 20
105.13686679224109
 30
0.0
 11
124.0731356754919
 21
45.136866792241143
 31
0.0
  0
LINE
  5
1F66
  8
0
  6
CONTINUOUS
 62
     7
 10
124.37313567549199
 20
100.13686679224109
 30
0.0
 11
126.5731356754919
 21
100.13686679224109
 31
0.0
  0
LINE
  5
1F67
  8
0
  6
CONTINUOUS
 62
     7
 10
126.5731356754919
 20
100.13686679224109
 30
0.0
 11
127.0731356754918
 21
99.636866792241165
 31
0.0
  0
LINE
  5
1F68
  8
0
  6
CONTINUOUS
 62
     7
 10
127.0731356754918
 20
99.636866792241165
 30
0.0
 11
127.0731356754918
 21
50.636866792241157
 31
0.0
  0
LINE
  5
1F69
  8
0
  6
CONTINUOUS
 62
     7
 10
126.5731356754919
 20
50.136866792241157
 30
0.0
 11
124.37313567549199
 21
50.136866792241157
 31
0.0
  0
LINE
  5
1F6A
  8
0
  6
CONTINUOUS
 62
     7
 10
127.0731356754918
 20
50.636866792241157
 30
0.0
 11
126.5731356754919
 21
50.136866792241157
 31
0.0
  0
LINE
  5
1F6B
  8
0
  6
DASH_CENTER
 62
     1
 10
214.0731356754919
 20
87.136866792241165
 30
0.0
 11
214.0731356754919
 21
63.136866792241157
 31
0.0
  0
LINE
  5
1F6C
  8
0
  6
CONTINUOUS
 62
     7
 10
212.0731356754919
 20
82.136866792241193
 30
0.0
 11
212.0731356754919
 21
78.136866792241193
 31
0.0
  0
LINE
  5
1F6D
  8
0
  6
CONTINUOUS
 62
     7
 10
216.0731356754919
 20
82.136866792241193
 30
0.0
 11
216.0731356754919
 21
78.136866792241193
 31
0.0
  0
LINE
  5
1F6E
  8
0
  6
DASH_CENTER
 62
     1
 10
202.07313567549181
 20
75.136866792241165
 30
0.0
 11
226.0731356754919
 21
75.136866792241165
 31
0.0
  0
CIRCLE
  5
1F6F
  8
0
  6
CONTINUOUS
 62
     2
 10
214.0731356754919
 20
75.136866792241165
 30
0.0
 40
2.0
  0
CIRCLE
  5
1F70
  8
0
  6
CONTINUOUS
 62
     7
 10
214.0731356754919
 20
75.136866792241165
 30
0.0
 40
1.6000000000000001
  0
POLYLINE
  8
0
  5
2692
  62
2
  66
     1
 10
0.000000
 20
0.000000
 30
0.000000
  70
     8
  0
VERTEX
  8
0
  5
2693
 10
120.573
 20
45.1369
 30
0.000000
  70
    32
  0
VERTEX
  8
0
  5
2694
 10
120.546
 20
45.4059
 30
0.000000
  70
    32
  0
VERTEX
  8
0
  5
2695
 10
120.519
 20
45.6750
 30
0.000000
  70
    32
  0
VERTEX
  8
0
  5
2696
 10
120.492
 20
45.9440
 30
0.000000
  70
    32
  0
VERTEX
  8
0
  5
2697
 10
120.466
 20
46.2131
 30
0.000000
  70
    32
  0
VERTEX
  8
0
  5
2698
 10
120.439
 20
46.4822
 30
0.000000
  70
    32
  0
VERTEX
  8
0
  5
2699
 10
120.412
 20
46.7512
 30
0.000000
  70
    32
  0
VERTEX
  8
0
  5
269A
 10
120.386
 20
47.0203
 30
0.000000
  70
    32
  0
VERTEX
  8
0
  5
269B
 10
120.359
 20
47.2893
 30
0.000000
  70
    32
  0
VERTEX
  8
0
  5
269C
 10
120.333
 20
47.5584
 30
0.000000
  70
    32
  0
VERTEX
  8
0
  5
269D
 10
120.307
 20
47.8274
 30
0.000000
  70
    32
  0
VERTEX
  8
0
  5
269E
 10
120.281
 20
48.0965
 30
0.000000
  70
    32
  0
VERTEX
  8
0
  5
269F
 10
120.255
 20
48.3656
 30
0.000000
  70
    32
  0
VERTEX
  8
0
  5
26A0
 10
120.230
 20
48.6346
 30
0.000000
  70
    32
  0
VERTEX
  8
0
  5
26A1
 10
120.204
 20
48.9037
 30
0.000000
  70
    32
  0
VERTEX
  8
0
  5
26A2
 10
120.179
 20
49.1727
 30
0.000000
  70
    32
  0
VERTEX
  8
0
  5
26A3
 10
120.154
 20
49.4418
 30
0.000000
  70
    32
  0
VERTEX
  8
0
  5
26A4
 10
120.130
 20
49.7109
 30
0.000000
  70
    32
  0
VERTEX
  8
0
  5
26A5
 10
120.106
 20
49.9799
 30
0.000000
  70
    32
  0
VERTEX
  8
0
  5
26A6
 10
120.082
 20
50.2490
 30
0.000000
  70
    32
  0
VERTEX
  8
0
  5
26A7
 10
120.058
 20
50.5180
 30
0.000000
  70
    32
  0
VERTEX
  8
0
  5
26A8
 10
120.035
 20
50.7871
 30
0.000000
  70
    32
  0
VERTEX
  8
0
  5
26A9
 10
120.012
 20
51.0561
 30
0.000000
  70
    32
  0
VERTEX
  8
0
  5
26AA
 10
119.989
 20
51.3252
 30
0.000000
  70
    32
  0
VERTEX
  8
0
  5
26AB
 10
119.967
 20
51.5943
 30
0.000000
  70
    32
  0
VERTEX
  8
0
  5
26AC
 10
119.946
 20
51.8633
 30
0.000000
  70
    32
  0
VERTEX
  8
0
  5
26AD
 10
119.924
 20
52.1324
 30
0.000000
  70
    32
  0
VERTEX
  8
0
  5
26AE
 10
119.903
 20
52.4014
 30
0.000000
  70
    32
  0
VERTEX
  8
0
  5
26AF
 10
119.883
 20
52.6705
 30
0.000000
  70
    32
  0
VERTEX
  8
0
  5
26B0
 10
119.863
 20
52.9396
 30
0.000000
  70
    32
  0
VERTEX
  8
0
  5
26B1
 10
119.844
 20
53.2086
 30
0.000000
  70
    32
  0
VERTEX
  8
0
  5
26B2
 10
119.825
 20
53.4777
 30
0.000000
  70
    32
  0
VERTEX
  8
0
  5
26B3
 10
119.807
 20
53.7467
 30
0.000000
  70
    32
  0
VERTEX
  8
0
  5
26B4
 10
119.789
 20
54.0158
 30
0.000000
  70
    32
  0
VERTEX
  8
0
  5
26B5
 10
119.772
 20
54.2848
 30
0.000000
  70
    32
  0
VERTEX
  8
0
  5
26B6
 10
119.755
 20
54.5539
 30
0.000000
  70
    32
  0
VERTEX
  8
0
  5
26B7
 10
119.739
 20
54.8230
 30
0.000000
  70
    32
  0
VERTEX
  8
0
  5
26B8
 10
119.724
 20
55.0920
 30
0.000000
  70
    32
  0
VERTEX
  8
0
  5
26B9
 10
119.709
 20
55.3611
 30
0.000000
  70
    32
  0
VERTEX
  8
0
  5
26BA
 10
119.695
 20
55.6301
 30
0.000000
  70
    32
  0
VERTEX
  8
0
  5
26BB
 10
119.682
 20
55.8992
 30
0.000000
  70
    32
  0
VERTEX
  8
0
  5
26BC
 10
119.669
 20
56.1683
 30
0.000000
  70
    32
  0
VERTEX
  8
0
  5
26BD
 10
119.657
 20
56.4373
 30
0.000000
  70
    32
  0
VERTEX
  8
0
  5
26BE
 10
119.646
 20
56.7064
 30
0.000000
  70
    32
  0
VERTEX
  8
0
  5
26BF
 10
119.635
 20
56.9754
 30
0.000000
  70
    32
  0
VERTEX
  8
0
  5
26C0
 10
119.625
 20
57.2445
 30
0.000000
  70
    32
  0
VERTEX
  8
0
  5
26C1
 10
119.616
 20
57.5135
 30
0.000000
  70
    32
  0
VERTEX
  8
0
  5
26C2
 10
119.608
 20
57.7826
 30
0.000000
  70
    32
  0
VERTEX
  8
0
  5
26C3
 10
119.601
 20
58.0517
 30
0.000000
  70
    32
  0
VERTEX
  8
0
  5
26C4
 10
119.594
 20
58.3207
 30
0.000000
  70
    32
  0
VERTEX
  8
0
  5
26C5
 10
119.589
 20
58.5898
 30
0.000000
  70
    32
  0
VERTEX
  8
0
  5
26C6
 10
119.584
 20
58.8588
 30
0.000000
  70
    32
  0
VERTEX
  8
0
  5
26C7
 10
119.580
 20
59.1279
 30
0.000000
  70
    32
  0
VERTEX
  8
0
  5
26C8
 10
119.577
 20
59.3970
 30
0.000000
  70
    32
  0
VERTEX
  8
0
  5
26C9
 10
119.575
 20
59.6660
 30
0.000000
  70
    32
  0
VERTEX
  8
0
  5
26CA
 10
119.573
 20
59.9351
 30
0.000000
  70
    32
  0
VERTEX
  8
0
  5
26CB
 10
119.573
 20
60.2041
 30
0.000000
  70
    32
  0
VERTEX
  8
0
  5
26CC
 10
119.574
 20
60.4732
 30
0.000000
  70
    32
  0
VERTEX
  8
0
  5
26CD
 10
119.576
 20
60.7422
 30
0.000000
  70
    32
  0
VERTEX
  8
0
  5
26CE
 10
119.578
 20
61.0113
 30
0.000000
  70
    32
  0
VERTEX
  8
0
  5
26CF
 10
119.582
 20
61.2804
 30
0.000000
  70
    32
  0
VERTEX
  8
0
  5
26D0
 10
119.586
 20
61.5494
 30
0.000000
  70
    32
  0
VERTEX
  8
0
  5
26D1
 10
119.591
 20
61.8185
 30
0.000000
  70
    32
  0
VERTEX
  8
0
  5
26D2
 10
119.597
 20
62.0875
 30
0.000000
  70
    32
  0
VERTEX
  8
0
  5
26D3
 10
119.604
 20
62.3566
 30
0.000000
  70
    32
  0
VERTEX
  8
0
  5
26D4
 10
119.612
 20
62.6257
 30
0.000000
  70
    32
  0
VERTEX
  8
0
  5
26D5
 10
119.621
 20
62.8947
 30
0.000000
  70
    32
  0
VERTEX
  8
0
  5
26D6
 10
119.630
 20
63.1638
 30
0.000000
  70
    32
  0
VERTEX
  8
0
  5
26D7
 10
119.640
 20
63.4328
 30
0.000000
  70
    32
  0
VERTEX
  8
0
  5
26D8
 10
119.651
 20
63.7019
 30
0.000000
  70
    32
  0
VERTEX
  8
0
  5
26D9
 10
119.663
 20
63.9709
 30
0.000000
  70
    32
  0
VERTEX
  8
0
  5
26DA
 10
119.675
 20
64.2400
 30
0.000000
  70
    32
  0
VERTEX
  8
0
  5
26DB
 10
119.688
 20
64.5091
 30
0.000000
  70
    32
  0
VERTEX
  8
0
  5
26DC
 10
119.702
 20
64.7781
 30
0.000000
  70
    32
  0
VERTEX
  8
0
  5
26DD
 10
119.716
 20
65.0472
 30
0.000000
  70
    32
  0
VERTEX
  8
0
  5
26DE
 10
119.731
 20
65.3162
 30
0.000000
  70
    32
  0
VERTEX
  8
0
  5
26DF
 10
119.747
 20
65.5853
 30
0.000000
  70
    32
  0
VERTEX
  8
0
  5
26E0
 10
119.763
 20
65.8544
 30
0.000000
  70
    32
  0
VERTEX
  8
0
  5
26E1
 10
119.780
 20
66.1234
 30
0.000000
  70
    32
  0
VERTEX
  8
0
  5
26E2
 10
119.798
 20
66.3925
 30
0.000000
  70
    32
  0
VERTEX
  8
0
  5
26E3
 10
119.816
 20
66.6615
 30
0.000000
  70
    32
  0
VERTEX
  8
0
  5
26E4
 10
119.834
 20
66.9306
 30
0.000000
  70
    32
  0
VERTEX
  8
0
  5
26E5
 10
119.853
 20
67.1996
 30
0.000000
  70
    32
  0
VERTEX
  8
0
  5
26E6
 10
119.873
 20
67.4687
 30
0.000000
  70
    32
  0
VERTEX
  8
0
  5
26E7
 10
119.893
 20
67.7378
 30
0.000000
  70
    32
  0
VERTEX
  8
0
  5
26E8
 10
119.914
 20
68.0068
 30
0.000000
  70
    32
  0
VERTEX
  8
0
  5
26E9
 10
119.935
 20
68.2759
 30
0.000000
  70
    32
  0
VERTEX
  8
0
  5
26EA
 10
119.956
 20
68.5449
 30
0.000000
  70
    32
  0
VERTEX
  8
0
  5
26EB
 10
119.978
 20
68.8140
 30
0.000000
  70
    32
  0
VERTEX
  8
0
  5
26EC
 10
120.001
 20
69.0831
 30
0.000000
  70
    32
  0
VERTEX
  8
0
  5
26ED
 10
120.023
 20
69.3521
 30
0.000000
  70
    32
  0
VERTEX
  8
0
  5
26EE
 10
120.046
 20
69.6212
 30
0.000000
  70
    32
  0
VERTEX
  8
0
  5
26EF
 10
120.070
 20
69.8902
 30
0.000000
  70
    32
  0
VERTEX
  8
0
  5
26F0
 10
120.094
 20
70.1593
 30
0.000000
  70
    32
  0
VERTEX
  8
0
  5
26F1
 10
120.118
 20
70.4283
 30
0.000000
  70
    32
  0
VERTEX
  8
0
  5
26F2
 10
120.142
 20
70.6974
 30
0.000000
  70
    32
  0
VERTEX
  8
0
  5
26F3
 10
120.167
 20
70.9665
 30
0.000000
  70
    32
  0
VERTEX
  8
0
  5
26F4
 10
120.192
 20
71.2355
 30
0.000000
  70
    32
  0
VERTEX
  8
0
  5
26F5
 10
120.217
 20
71.5046
 30
0.000000
  70
    32
  0
VERTEX
  8
0
  5
26F6
 10
120.242
 20
71.7736
 30
0.000000
  70
    32
  0
VERTEX
  8
0
  5
26F7
 10
120.268
 20
72.0427
 30
0.000000
  70
    32
  0
VERTEX
  8
0
  5
26F8
 10
120.294
 20
72.3118
 30
0.000000
  70
    32
  0
VERTEX
  8
0
  5
26F9
 10
120.320
 20
72.5808
 30
0.000000
  70
    32
  0
VERTEX
  8
0
  5
26FA
 10
120.346
 20
72.8499
 30
0.000000
  70
    32
  0
VERTEX
  8
0
  5
26FB
 10
120.373
 20
73.1189
 30
0.000000
  70
    32
  0
VERTEX
  8
0
  5
26FC
 10
120.399
 20
73.3880
 30
0.000000
  70
    32
  0
VERTEX
  8
0
  5
26FD
 10
120.426
 20
73.6570
 30
0.000000
  70
    32
  0
VERTEX
  8
0
  5
26FE
 10
120.452
 20
73.9261
 30
0.000000
  70
    32
  0
VERTEX
  8
0
  5
26FF
 10
120.479
 20
74.1952
 30
0.000000
  70
    32
  0
VERTEX
  8
0
  5
2700
 10
120.506
 20
74.4642
 30
0.000000
  70
    32
  0
VERTEX
  8
0
  5
2701
 10
120.533
 20
74.7333
 30
0.000000
  70
    32
  0
VERTEX
  8
0
  5
2702
 10
120.560
 20
75.0023
 30
0.000000
  70
    32
  0
VERTEX
  8
0
  5
2703
 10
120.587
 20
75.2714
 30
0.000000
  70
    32
  0
VERTEX
  8
0
  5
2704
 10
120.613
 20
75.5405
 30
0.000000
  70
    32
  0
VERTEX
  8
0
  5
2705
 10
120.640
 20
75.8095
 30
0.000000
  70
    32
  0
VERTEX
  8
0
  5
2706
 10
120.667
 20
76.0786
 30
0.000000
  70
    32
  0
VERTEX
  8
0
  5
2707
 10
120.694
 20
76.3476
 30
0.000000
  70
    32
  0
VERTEX
  8
0
  5
2708
 10
120.721
 20
76.6167
 30
0.000000
  70
    32
  0
VERTEX
  8
0
  5
2709
 10
120.747
 20
76.8857
 30
0.000000
  70
    32
  0
VERTEX
  8
0
  5
270A
 10
120.774
 20
77.1548
 30
0.000000
  70
    32
  0
VERTEX
  8
0
  5
270B
 10
120.800
 20
77.4239
 30
0.000000
  70
    32
  0
VERTEX
  8
0
  5
270C
 10
120.826
 20
77.6929
 30
0.000000
  70
    32
  0
VERTEX
  8
0
  5
270D
 10
120.852
 20
77.9620
 30
0.000000
  70
    32
  0
VERTEX
  8
0
  5
270E
 10
120.878
 20
78.2310
 30
0.000000
  70
    32
  0
VERTEX
  8
0
  5
270F
 10
120.904
 20
78.5001
 30
0.000000
  70
    32
  0
VERTEX
  8
0
  5
2710
 10
120.929
 20
78.7692
 30
0.000000
  70
    32
  0
VERTEX
  8
0
  5
2711
 10
120.954
 20
79.0382
 30
0.000000
  70
    32
  0
VERTEX
  8
0
  5
2712
 10
120.979
 20
79.3073
 30
0.000000
  70
    32
  0
VERTEX
  8
0
  5
2713
 10
121.004
 20
79.5763
 30
0.000000
  70
    32
  0
VERTEX
  8
0
  5
2714
 10
121.029
 20
79.8454
 30
0.000000
  70
    32
  0
VERTEX
  8
0
  5
2715
 10
121.053
 20
80.1144
 30
0.000000
  70
    32
  0
VERTEX
  8
0
  5
2716
 10
121.076
 20
80.3835
 30
0.000000
  70
    32
  0
VERTEX
  8
0
  5
2717
 10
121.100
 20
80.6526
 30
0.000000
  70
    32
  0
VERTEX
  8
0
  5
2718
 10
121.123
 20
80.9216
 30
0.000000
  70
    32
  0
VERTEX
  8
0
  5
2719
 10
121.146
 20
81.1907
 30
0.000000
  70
    32
  0
VERTEX
  8
0
  5
271A
 10
121.168
 20
81.4597
 30
0.000000
  70
    32
  0
VERTEX
  8
0
  5
271B
 10
121.190
 20
81.7288
 30
0.000000
  70
    32
  0
VERTEX
  8
0
  5
271C
 10
121.211
 20
81.9979
 30
0.000000
  70
    32
  0
VERTEX
  8
0
  5
271D
 10
121.232
 20
82.2669
 30
0.000000
  70
    32
  0
VERTEX
  8
0
  5
271E
 10
121.253
 20
82.5360
 30
0.000000
  70
    32
  0
VERTEX
  8
0
  5
271F
 10
121.273
 20
82.8050
 30
0.000000
  70
    32
  0
VERTEX
  8
0
  5
2720
 10
121.293
 20
83.0741
 30
0.000000
  70
    32
  0
VERTEX
  8
0
  5
2721
 10
121.312
 20
83.3431
 30
0.000000
  70
    32
  0
VERTEX
  8
0
  5
2722
 10
121.330
 20
83.6122
 30
0.000000
  70
    32
  0
VERTEX
  8
0
  5
2723
 10
121.349
 20
83.8813
 30
0.000000
  70
    32
  0
VERTEX
  8
0
  5
2724
 10
121.366
 20
84.1503
 30
0.000000
  70
    32
  0
VERTEX
  8
0
  5
2725
 10
121.383
 20
84.4194
 30
0.000000
  70
    32
  0
VERTEX
  8
0
  5
2726
 10
121.399
 20
84.6884
 30
0.000000
  70
    32
  0
VERTEX
  8
0
  5
2727
 10
121.415
 20
84.9575
 30
0.000000
  70
    32
  0
VERTEX
  8
0
  5
2728
 10
121.430
 20
85.2266
 30
0.000000
  70
    32
  0
VERTEX
  8
0
  5
2729
 10
121.444
 20
85.4956
 30
0.000000
  70
    32
  0
VERTEX
  8
0
  5
272A
 10
121.458
 20
85.7647
 30
0.000000
  70
    32
  0
VERTEX
  8
0
  5
272B
 10
121.471
 20
86.0337
 30
0.000000
  70
    32
  0
VERTEX
  8
0
  5
272C
 10
121.483
 20
86.3028
 30
0.000000
  70
    32
  0
VERTEX
  8
0
  5
272D
 10
121.495
 20
86.5718
 30
0.000000
  70
    32
  0
VERTEX
  8
0
  5
272E
 10
121.506
 20
86.8409
 30
0.000000
  70
    32
  0
VERTEX
  8
0
  5
272F
 10
121.516
 20
87.1100
 30
0.000000
  70
    32
  0
VERTEX
  8
0
  5
2730
 10
121.526
 20
87.3790
 30
0.000000
  70
    32
  0
VERTEX
  8
0
  5
2731
 10
121.534
 20
87.6481
 30
0.000000
  70
    32
  0
VERTEX
  8
0
  5
2732
 10
121.542
 20
87.9171
 30
0.000000
  70
    32
  0
VERTEX
  8
0
  5
2733
 10
121.549
 20
88.1862
 30
0.000000
  70
    32
  0
VERTEX
  8
0
  5
2734
 10
121.555
 20
88.4553
 30
0.000000
  70
    32
  0
VERTEX
  8
0
  5
2735
 10
121.560
 20
88.7243
 30
0.000000
  70
    32
  0
VERTEX
  8
0
  5
2736
 10
121.565
 20
88.9934
 30
0.000000
  70
    32
  0
VERTEX
  8
0
  5
2737
 10
121.568
 20
89.2624
 30
0.000000
  70
    32
  0
VERTEX
  8
0
  5
2738
 10
121.571
 20
89.5315
 30
0.000000
  70
    32
  0
VERTEX
  8
0
  5
2739
 10
121.572
 20
89.8005
 30
0.000000
  70
    32
  0
VERTEX
  8
0
  5
273A
 10
121.573
 20
90.0696
 30
0.000000
  70
    32
  0
VERTEX
  8
0
  5
273B
 10
121.573
 20
90.3387
 30
0.000000
  70
    32
  0
VERTEX
  8
0
  5
273C
 10
121.572
 20
90.6077
 30
0.000000
  70
    32
  0
VERTEX
  8
0
  5
273D
 10
121.570
 20
90.8768
 30
0.000000
  70
    32
  0
VERTEX
  8
0
  5
273E
 10
121.567
 20
91.1458
 30
0.000000
  70
    32
  0
VERTEX
  8
0
  5
273F
 10
121.563
 20
91.4149
 30
0.000000
  70
    32
  0
VERTEX
  8
0
  5
2740
 10
121.558
 20
91.6840
 30
0.000000
  70
    32
  0
VERTEX
  8
0
  5
2741
 10
121.552
 20
91.9530
 30
0.000000
  70
    32
  0
VERTEX
  8
0
  5
2742
 10
121.545
 20
92.2221
 30
0.000000
  70
    32
  0
VERTEX
  8
0
  5
2743
 10
121.538
 20
92.4911
 30
0.000000
  70
    32
  0
VERTEX
  8
0
  5
2744
 10
121.530
 20
92.7602
 30
0.000000
  70
    32
  0
VERTEX
  8
0
  5
2745
 10
121.521
 20
93.0292
 30
0.000000
  70
    32
  0
VERTEX
  8
0
  5
2746
 10
121.511
 20
93.2983
 30
0.000000
  70
    32
  0
VERTEX
  8
0
  5
2747
 10
121.501
 20
93.5674
 30
0.000000
  70
    32
  0
VERTEX
  8
0
  5
2748
 10
121.489
 20
93.8364
 30
0.000000
  70
    32
  0
VERTEX
  8
0
  5
2749
 10
121.477
 20
94.1055
 30
0.000000
  70
    32
  0
VERTEX
  8
0
  5
274A
 10
121.465
 20
94.3745
 30
0.000000
  70
    32
  0
VERTEX
  8
0
  5
274B
 10
121.451
 20
94.6436
 30
0.000000
  70
    32
  0
VERTEX
  8
0
  5
274C
 10
121.437
 20
94.9127
 30
0.000000
  70
    32
  0
VERTEX
  8
0
  5
274D
 10
121.422
 20
95.1817
 30
0.000000
  70
    32
  0
VERTEX
  8
0
  5
274E
 10
121.407
 20
95.4508
 30
0.000000
  70
    32
  0
VERTEX
  8
0
  5
274F
 10
121.391
 20
95.7198
 30
0.000000
  70
    32
  0
VERTEX
  8
0
  5
2750
 10
121.375
 20
95.9889
 30
0.000000
  70
    32
  0
VERTEX
  8
0
  5
2751
 10
121.357
 20
96.2579
 30
0.000000
  70
    32
  0
VERTEX
  8
0
  5
2752
 10
121.340
 20
96.5270
 30
0.000000
  70
    32
  0
VERTEX
  8
0
  5
2753
 10
121.321
 20
96.7961
 30
0.000000
  70
    32
  0
VERTEX
  8
0
  5
2754
 10
121.302
 20
97.0651
 30
0.000000
  70
    32
  0
VERTEX
  8
0
  5
2755
 10
121.283
 20
97.3342
 30
0.000000
  70
    32
  0
VERTEX
  8
0
  5
2756
 10
121.263
 20
97.6032
 30
0.000000
  70
    32
  0
VERTEX
  8
0
  5
2757
 10
121.243
 20
97.8723
 30
0.000000
  70
    32
  0
VERTEX
  8
0
  5
2758
 10
121.222
 20
98.1414
 30
0.000000
  70
    32
  0
VERTEX
  8
0
  5
2759
 10
121.201
 20
98.4104
 30
0.000000
  70
    32
  0
VERTEX
  8
0
  5
275A
 10
121.179
 20
98.6795
 30
0.000000
  70
    32
  0
VERTEX
  8
0
  5
275B
 10
121.157
 20
98.9485
 30
0.000000
  70
    32
  0
VERTEX
  8
0
  5
275C
 10
121.134
 20
99.2176
 30
0.000000
  70
    32
  0
VERTEX
  8
0
  5
275D
 10
121.111
 20
99.4866
 30
0.000000
  70
    32
  0
VERTEX
  8
0
  5
275E
 10
121.088
 20
99.7557
 30
0.000000
  70
    32
  0
VERTEX
  8
0
  5
275F
 10
121.065
 20
100.025
 30
0.000000
  70
    32
  0
VERTEX
  8
0
  5
2760
 10
121.041
 20
100.294
 30
0.000000
  70
    32
  0
VERTEX
  8
0
  5
2761
 10
121.016
 20
100.563
 30
0.000000
  70
    32
  0
VERTEX
  8
0
  5
2762
 10
120.992
 20
100.832
 30
0.000000
  70
    32
  0
VERTEX
  8
0
  5
2763
 10
120.967
 20
101.101
 30
0.000000
  70
    32
  0
VERTEX
  8
0
  5
2764
 10
120.942
 20
101.370
 30
0.000000
  70
    32
  0
VERTEX
  8
0
  5
2765
 10
120.917
 20
101.639
 30
0.000000
  70
    32
  0
VERTEX
  8
0
  5
2766
 10
120.891
 20
101.908
 30
0.000000
  70
    32
  0
VERTEX
  8
0
  5
2767
 10
120.865
 20
102.177
 30
0.000000
  70
    32
  0
VERTEX
  8
0
  5
2768
 10
120.839
 20
102.446
 30
0.000000
  70
    32
  0
VERTEX
  8
0
  5
2769
 10
120.813
 20
102.715
 30
0.000000
  70
    32
  0
VERTEX
  8
0
  5
276A
 10
120.787
 20
102.984
 30
0.000000
  70
    32
  0
VERTEX
  8
0
  5
276B
 10
120.760
 20
103.253
 30
0.000000
  70
    32
  0
VERTEX
  8
0
  5
276C
 10
120.734
 20
103.523
 30
0.000000
  70
    32
  0
VERTEX
  8
0
  5
276D
 10
120.707
 20
103.792
 30
0.000000
  70
    32
  0
VERTEX
  8
0
  5
276E
 10
120.681
 20
104.061
 30
0.000000
  70
    32
  0
VERTEX
  8
0
  5
276F
 10
120.654
 20
104.330
 30
0.000000
  70
    32
  0
VERTEX
  8
0
  5
2770
 10
120.627
 20
104.599
 30
0.000000
  70
    32
  0
VERTEX
  8
0
  5
2771
 10
120.600
 20
104.868
 30
0.000000
  70
    32
  0
VERTEX
  8
0
  5
2772
 10
120.573
 20
105.137
 30
0.000000
  70
    32
  0
SEQEND
  8
0
  5
2773
  0
ARC
  5
1F72
  8
0
  6
CONTINUOUS
 62
     7
 10
124.37313567549199
 20
100.4368667922394
 30
0.0
 40
0.3000000000001961
 50
180.0
 51
270.0
  0
ARC
  5
1F73
  8
0
  6
CONTINUOUS
 62
     7
 10
124.37313567549199
 20
49.836866792240983
 30
0.0
 40
0.3000000000002103
 50
90.0
 51
180.0
  0
LINE
  5
1F74
  8
0
  6
CONTINUOUS
 62
     7
 10
153.57313567477689
 20
69.636866792241165
 30
0.0
 11
127.0731356754918
 21
69.636866792241165
 31
0.0
  0
LINE
  5
1F75
  8
0
  6
CONTINUOUS
 62
     7
 10
154.07313567477689
 20
70.136866792241165
 30
0.0
 11
153.57313567477689
 21
69.636866792241165
 31
0.0
  0
LINE
  5
1F76
  8
0
  6
CONTINUOUS
 62
     7
 10
154.07313567477689
 20
82.136866792241193
 30
0.0
 11
154.07313567477689
 21
70.136866792241165
 31
0.0
  0
LINE
  5
1F77
  8
0
  6
CONTINUOUS
 62
     7
 10
136.07313567477701
 20
82.136866792241193
 30
0.0
 11
136.07313567477701
 21
80.636866792241165
 31
0.0
  0
LINE
  5
1F78
  8
0
  6
CONTINUOUS
 62
     7
 10
153.57313567477689
 20
80.636866792241165
 30
0.0
 11
154.07313567477689
 21
80.136866792241165
 31
0.0
  0
LINE
  5
1F79
  8
0
  6
CONTINUOUS
 62
     7
 10
127.0731356754918
 20
80.636866792241165
 30
0.0
 11
153.57313567477689
 21
80.636866792241165
 31
0.0
  0
LINE
  5
1F7A
  8
0
  6
CONTINUOUS
 62
     7
 10
216.0731356754919
 20
78.136866792241193
 30
0.0
 11
212.0731356754919
 21
78.136866792241193
 31
0.0
  0
LINE
  5
1F7B
  8
0
  6
CONTINUOUS
 62
     7
 10
216.0731356754919
 20
82.136866792241193
 30
0.0
 11
212.0731356754919
 21
82.136866792241193
 31
0.0
  0
LINE
  5
1F7C
  8
0
  6
CONTINUOUS
 62
     7
 10
154.07313567477689
 20
82.136866792241193
 30
0.0
 11
136.07313567477689
 21
82.136866792241193
 31
0.0
  0
ARC
  5
1F7D
  8
0
 10
214.0731356754919
 20
75.136866792241165
 30
0.0
 40
5.4999999999999849
 50
111.3236862634968
 51
68.676313736501456
  0
LINE
  5
1F7E
  8
0
  6
CONTINUOUS
 62
     7
 10
136.07313567477689
 20
95.136866792241165
 30
0.0
 11
136.07313567477689
 21
91.136866792241165
 31
0.0
  0
ARC
  5
1F7F
  8
0
 10
136.07313567477689
 20
93.136866792241165
 30
0.0
 40
2.0
 50
90.0
 51
270.0
  0
ENDSEC
  0
EOF
