  0
SECTION
  2
HEADER
  9
$ACADVER
  1
AC1015
  9
$ACADMAINTVER
 70
    20
  9
$DWGCODEPAGE
  3
ANSI_932
  9
$INSBASE
 10
0.0
 20
0.0
 30
0.0
  9
$EXTMIN
 10
-259.2438388590346
 20
-241.8345692430682
 30
0.0
  9
$EXTMAX
 10
248.1785290695961
 20
165.1494406226185
 30
0.0
  9
$LIMMIN
 10
0.0
 20
0.0
  9
$LIMMAX
 10
12.0
 20
9.0
  9
$ORTHOMODE
 70
     0
  9
$REGENMODE
 70
     1
  9
$FILLMODE
 70
     1
  9
$QTEXTMODE
 70
     0
  9
$MIRRTEXT
 70
     1
  9
$LTSCALE
 40
1.0
  9
$ATTMODE
 70
     1
  9
$TEXTSIZE
 40
0.2
  9
$TRACEWID
 40
0.05
  9
$TEXTSTYLE
  7
Standard
  9
$CLAYER
  8
0
  9
$CELTYPE
  6
ByLayer
  9
$CECOLOR
 62
   256
  9
$CELTSCALE
 40
1.0
  9
$DISPSILH
 70
     0
  9
$DIMSCALE
 40
1.0
  9
$DIMASZ
 40
0.18
  9
$DIMEXO
 40
0.0625
  9
$DIMDLI
 40
0.38
  9
$DIMRND
 40
0.0
  9
$DIMDLE
 40
0.0
  9
$DIMEXE
 40
0.18
  9
$DIMTP
 40
0.0
  9
$DIMTM
 40
0.0
  9
$DIMTXT
 40
0.18
  9
$DIMCEN
 40
0.09
  9
$DIMTSZ
 40
0.0
  9
$DIMTOL
 70
     0
  9
$DIMLIM
 70
     0
  9
$DIMTIH
 70
     1
  9
$DIMTOH
 70
     1
  9
$DIMSE1
 70
     0
  9
$DIMSE2
 70
     0
  9
$DIMTAD
 70
     0
  9
$DIMZIN
 70
     0
  9
$DIMBLK
  1

  9
$DIMASO
 70
     1
  9
$DIMSHO
 70
     1
  9
$DIMPOST
  1

  9
$DIMAPOST
  1

  9
$DIMALT
 70
     0
  9
$DIMALTD
 70
     2
  9
$DIMALTF
 40
25.4
  9
$DIMLFAC
 40
1.0
  9
$DIMTOFL
 70
     0
  9
$DIMTVP
 40
0.0
  9
$DIMTIX
 70
     0
  9
$DIMSOXD
 70
     0
  9
$DIMSAH
 70
     0
  9
$DIMBLK1
  1

  9
$DIMBLK2
  1

  9
$DIMSTYLE
  2
Standard
  9
$DIMCLRD
 70
     0
  9
$DIMCLRE
 70
     0
  9
$DIMCLRT
 70
     0
  9
$DIMTFAC
 40
1.0
  9
$DIMGAP
 40
0.09
  9
$DIMJUST
 70
     0
  9
$DIMSD1
 70
     0
  9
$DIMSD2
 70
     0
  9
$DIMTOLJ
 70
     1
  9
$DIMTZIN
 70
     0
  9
$DIMALTZ
 70
     0
  9
$DIMALTTZ
 70
     0
  9
$DIMUPT
 70
     0
  9
$DIMDEC
 70
     4
  9
$DIMTDEC
 70
     4
  9
$DIMALTU
 70
     2
  9
$DIMALTTD
 70
     2
  9
$DIMTXSTY
  7
Standard
  9
$DIMAUNIT
 70
     0
  9
$DIMADEC
 70
     0
  9
$DIMALTRND
 40
0.0
  9
$DIMAZIN
 70
     0
  9
$DIMDSEP
 70
    46
  9
$DIMATFIT
 70
     3
  9
$DIMFRAC
 70
     0
  9
$DIMLDRBLK
  1

  9
$DIMLUNIT
 70
     2
  9
$DIMLWD
 70
    -2
  9
$DIMLWE
 70
    -2
  9
$DIMTMOVE
 70
     0
  9
$LUNITS
 70
     2
  9
$LUPREC
 70
     4
  9
$SKETCHINC
 40
0.1
  9
$FILLETRAD
 40
0.5
  9
$AUNITS
 70
     0
  9
$AUPREC
 70
     0
  9
$MENU
  1
.
  9
$ELEVATION
 40
0.0
  9
$PELEVATION
 40
0.0
  9
$THICKNESS
 40
0.0
  9
$LIMCHECK
 70
     0
  9
$CHAMFERA
 40
0.5
  9
$CHAMFERB
 40
0.5
  9
$CHAMFERC
 40
1.0
  9
$CHAMFERD
 40
0.0
  9
$SKPOLY
 70
     0
  9
$TDCREATE
 40
2457917.543108125
  9
$TDUCREATE
 40
2457917.168108125
  9
$TDUPDATE
 40
2457935.378393901
  9
$TDUUPDATE
 40
2457935.003393901
  9
$TDINDWG
 40
0.0129187153
  9
$TDUSRTIMER
 40
0.0129185301
  9
$USRTIMER
 70
     1
  9
$ANGBASE
 50
0.0
  9
$ANGDIR
 70
     0
  9
$PDMODE
 70
     0
  9
$PDSIZE
 40
0.0
  9
$PLINEWID
 40
0.0
  9
$SPLFRAME
 70
     0
  9
$SPLINETYPE
 70
     6
  9
$SPLINESEGS
 70
     8
  9
$HANDSEED
  5
1580
  9
$SURFTAB1
 70
     6
  9
$SURFTAB2
 70
     6
  9
$SURFTYPE
 70
     6
  9
$SURFU
 70
     6
  9
$SURFV
 70
     6
  9
$UCSBASE
  2

  9
$UCSNAME
  2

  9
$UCSORG
 10
0.0
 20
0.0
 30
0.0
  9
$UCSXDIR
 10
1.0
 20
0.0
 30
0.0
  9
$UCSYDIR
 10
0.0
 20
1.0
 30
0.0
  9
$UCSORTHOREF
  2

  9
$UCSORTHOVIEW
 70
     0
  9
$UCSORGTOP
 10
0.0
 20
0.0
 30
0.0
  9
$UCSORGBOTTOM
 10
0.0
 20
0.0
 30
0.0
  9
$UCSORGLEFT
 10
0.0
 20
0.0
 30
0.0
  9
$UCSORGRIGHT
 10
0.0
 20
0.0
 30
0.0
  9
$UCSORGFRONT
 10
0.0
 20
0.0
 30
0.0
  9
$UCSORGBACK
 10
0.0
 20
0.0
 30
0.0
  9
$PUCSBASE
  2

  9
$PUCSNAME
  2

  9
$PUCSORG
 10
0.0
 20
0.0
 30
0.0
  9
$PUCSXDIR
 10
1.0
 20
0.0
 30
0.0
  9
$PUCSYDIR
 10
0.0
 20
1.0
 30
0.0
  9
$PUCSORTHOREF
  2

  9
$PUCSORTHOVIEW
 70
     0
  9
$PUCSORGTOP
 10
0.0
 20
0.0
 30
0.0
  9
$PUCSORGBOTTOM
 10
0.0
 20
0.0
 30
0.0
  9
$PUCSORGLEFT
 10
0.0
 20
0.0
 30
0.0
  9
$PUCSORGRIGHT
 10
0.0
 20
0.0
 30
0.0
  9
$PUCSORGFRONT
 10
0.0
 20
0.0
 30
0.0
  9
$PUCSORGBACK
 10
0.0
 20
0.0
 30
0.0
  9
$USERI1
 70
     0
  9
$USERI2
 70
     0
  9
$USERI3
 70
     0
  9
$USERI4
 70
     0
  9
$USERI5
 70
     0
  9
$USERR1
 40
18.1
  9
$USERR2
 40
0.0
  9
$USERR3
 40
0.0
  9
$USERR4
 40
0.0
  9
$USERR5
 40
0.0
  9
$WORLDVIEW
 70
     1
  9
$SHADEDGE
 70
     3
  9
$SHADEDIF
 70
    70
  9
$TILEMODE
 70
     1
  9
$MAXACTVP
 70
    64
  9
$PINSBASE
 10
0.0
 20
0.0
 30
0.0
  9
$PLIMCHECK
 70
     0
  9
$PEXTMIN
 10
1.000000000000000E+20
 20
1.000000000000000E+20
 30
1.000000000000000E+20
  9
$PEXTMAX
 10
-1.000000000000000E+20
 20
-1.000000000000000E+20
 30
-1.000000000000000E+20
  9
$PLIMMIN
 10
0.0
 20
0.0
  9
$PLIMMAX
 10
12.0
 20
9.0
  9
$UNITMODE
 70
     0
  9
$VISRETAIN
 70
     1
  9
$PLINEGEN
 70
     0
  9
$PSLTSCALE
 70
     1
  9
$TREEDEPTH
 70
  3020
  9
$CMLSTYLE
  2
Standard
  9
$CMLJUST
 70
     0
  9
$CMLSCALE
 40
1.0
  9
$PROXYGRAPHICS
 70
     1
  9
$MEASUREMENT
 70
     1
  9
$CELWEIGHT
370
    -1
  9
$ENDCAPS
280
     0
  9
$JOINSTYLE
280
     0
  9
$LWDISPLAY
290
     0
  9
$INSUNITS
 70
     4
  9
$HYPERLINKBASE
  1

  9
$STYLESHEET
  1

  9
$XEDIT
290
     1
  9
$CEPSNTYPE
380
     0
  9
$PSTYLEMODE
290
     1
  9
$FINGERPRINTGUID
  2
{2E0B9ECD-FCAB-4B57-BE33-A0F58431355C}
  9
$VERSIONGUID
  2
{F1694E33-E53E-409F-92C8-EC24F31766FA}
  9
$EXTNAMES
290
     1
  9
$PSVPSCALE
 40
0.0
  9
$OLESTARTUP
290
     0
  0
ENDSEC
  0
SECTION
  2
CLASSES
  0
CLASS
  1
ACDBDICTIONARYWDFLT
  2
AcDbDictionaryWithDefault
  3
ObjectDBX Classes
 90
        0
280
     0
281
     0
  0
CLASS
  1
VISUALSTYLE
  2
AcDbVisualStyle
  3
ObjectDBX Classes
 90
     4095
280
     0
281
     0
  0
CLASS
  1
MATERIAL
  2
AcDbMaterial
  3
ObjectDBX Classes
 90
     1153
280
     0
281
     0
  0
CLASS
  1
DICTIONARYVAR
  2
AcDbDictionaryVar
  3
ObjectDBX Classes
 90
        0
280
     0
281
     0
  0
CLASS
  1
ACDBPLACEHOLDER
  2
AcDbPlaceHolder
  3
ObjectDBX Classes
 90
        0
280
     0
281
     0
  0
CLASS
  1
LAYOUT
  2
AcDbLayout
  3
ObjectDBX Classes
 90
        0
280
     0
281
     0
  0
CLASS
  1
TABLESTYLE
  2
AcDbTableStyle
  3
ObjectDBX Classes
 90
     4095
280
     0
281
     0
  0
CLASS
  1
SCALE
  2
AcDbScale
  3
ObjectDBX Classes
 90
     1153
280
     0
281
     0
  0
CLASS
  1
MLEADERSTYLE
  2
AcDbMLeaderStyle
  3
ACDB_MLEADERSTYLE_CLASS
 90
     4095
280
     0
281
     0
  0
CLASS
  1
EXACXREFPANELOBJECT
  2
ExAcXREFPanelObject
  3
EXAC_ESW
 90
     1025
280
     0
281
     0
  0
CLASS
  1
NPOCOLLECTION
  2
AcDbImpNonPersistentObjectsCollection
  3
ObjectDBX Classes
 90
     1153
280
     0
281
     0
  0
CLASS
  1
DIMASSOC
  2
AcDbDimAssoc
  3
"AcDbDimAssoc|Product Desc:     AcDim ARX App For Dimension|Company:          Autodesk, Inc.|WEB Address:      www.autodesk.com"
 90
    32768
280
     0
281
     0
  0
CLASS
  1
CELLSTYLEMAP
  2
AcDbCellStyleMap
  3
ObjectDBX Classes
 90
     1152
280
     0
281
     0
  0
ENDSEC
  0
SECTION
  2
TABLES
  0
TABLE
  2
VPORT
  5
8
330
0
100
AcDbSymbolTable
 70
     1
  0
VPORT
  5
29
330
8
100
AcDbSymbolTableRecord
100
AcDbViewportTableRecord
  2
*Active
 70
     0
 10
0.0
 20
0.0
 11
1.0
 21
1.0
 12
-5.532651350198477
 22
-38.34256146730075
 13
0.0
 23
0.0
 14
0.5
 24
0.5
 15
0.5
 25
0.5
 16
0.0
 26
0.0
 36
1.0
 17
0.0
 27
0.0
 37
0.0
 40
410.2980692125536
 41
2.083333333333333
 42
50.0
 43
0.0
 44
0.0
 50
0.0
 51
0.0
 71
     0
 72
   100
 73
     1
 74
     2
 75
     0
 76
     0
 77
     0
 78
     0
281
     0
 65
     1
110
0.0
120
0.0
130
0.0
111
1.0
121
0.0
131
0.0
112
0.0
122
1.0
132
0.0
 79
     0
146
0.0
  0
ENDTAB
  0
TABLE
  2
LTYPE
  5
5
330
0
100
AcDbSymbolTable
 70
     2
  0
LTYPE
  5
14
330
5
100
AcDbSymbolTableRecord
100
AcDbLinetypeTableRecord
  2
ByBlock
 70
     0
  3

 72
    65
 73
     0
 40
0.0
  0
LTYPE
  5
15
330
5
100
AcDbSymbolTableRecord
100
AcDbLinetypeTableRecord
  2
ByLayer
 70
     0
  3

 72
    65
 73
     0
 40
0.0
  0
LTYPE
  5
16
330
5
100
AcDbSymbolTableRecord
100
AcDbLinetypeTableRecord
  2
Continuous
 70
     0
  3
Solid line
 72
    65
 73
     0
 40
0.0
  0
LTYPE
  5
E4F
330
5
100
AcDbSymbolTableRecord
100
AcDbLinetypeTableRecord
  2
CENTER2
 70
     0
  3
Center (.5x) ___ _ ___ _ ___ _ ___ _ ___ _ ___
 72
    65
 73
     4
 40
28.575
 49
19.05
 74
     0
 49
-3.174999999999999
 74
     0
 49
3.174999999999999
 74
     0
 49
-3.174999999999999
 74
     0
  0
ENDTAB
  0
TABLE
  2
LAYER
  5
2
102
{ACAD_XDICTIONARY
360
E5B
102
}
330
0
100
AcDbSymbolTable
 70
     2
  0
LAYER
  5
10
102
{ACAD_XDICTIONARY
360
D78
102
}
330
2
100
AcDbSymbolTableRecord
100
AcDbLayerTableRecord
  2
0
 70
     0
 62
     7
  6
Continuous
370
    -3
390
F
  0
LAYER
  5
DA5
330
2
100
AcDbSymbolTableRecord
100
AcDbLayerTableRecord
  2
Defpoints
 70
     0
 62
     7
  6
Continuous
290
     0
370
    -3
390
F
  0
ENDTAB
  0
TABLE
  2
STYLE
  5
3
330
0
100
AcDbSymbolTable
 70
     1
  0
STYLE
  5
11
330
3
100
AcDbSymbolTableRecord
100
AcDbTextStyleTableRecord
  2
Standard
 70
     0
 40
0.0
 41
1.0
 50
0.0
 71
     0
 42
0.2
  3
txt
  4

  0
ENDTAB
  0
TABLE
  2
VIEW
  5
6
330
0
100
AcDbSymbolTable
 70
     0
  0
ENDTAB
  0
TABLE
  2
UCS
  5
7
330
0
100
AcDbSymbolTable
 70
     0
  0
ENDTAB
  0
TABLE
  2
APPID
  5
9
330
0
100
AcDbSymbolTable
 70
     2
  0
APPID
  5
12
330
9
100
AcDbSymbolTableRecord
100
AcDbRegAppTableRecord
  2
ACAD
 70
     0
  0
APPID
  5
157F
330
9
100
AcDbSymbolTableRecord
100
AcDbRegAppTableRecord
  2
ACAD_MLEADERVER
 70
     0
  0
ENDTAB
  0
TABLE
  2
DIMSTYLE
  5
A
330
0
100
AcDbSymbolTable
 70
     1
100
AcDbDimStyleTable
 71
     1
340
27
  0
DIMSTYLE
105
27
330
A
100
AcDbSymbolTableRecord
100
AcDbDimStyleTableRecord
  2
Standard
 70
     0
340
11
  0
ENDTAB
  0
TABLE
  2
BLOCK_RECORD
  5
1
330
0
100
AcDbSymbolTable
 70
     1
  0
BLOCK_RECORD
  5
1F
330
1
100
AcDbSymbolTableRecord
100
AcDbBlockTableRecord
  2
*Model_Space
340
22
  0
BLOCK_RECORD
  5
1B
330
1
100
AcDbSymbolTableRecord
100
AcDbBlockTableRecord
  2
*Paper_Space
340
1E
  0
BLOCK_RECORD
  5
23
330
1
100
AcDbSymbolTableRecord
100
AcDbBlockTableRecord
  2
*Paper_Space0
340
26
  0
ENDTAB
  0
ENDSEC
  0
SECTION
  2
BLOCKS
  0
BLOCK
  5
20
330
1F
100
AcDbEntity
  8
0
100
AcDbBlockBegin
  2
*Model_Space
 70
     0
 10
0.0
 20
0.0
 30
0.0
  3
*Model_Space
  1

  0
ENDBLK
  5
21
330
1F
100
AcDbEntity
  8
0
100
AcDbBlockEnd
  0
BLOCK
  5
1C
330
1B
100
AcDbEntity
 67
     1
  8
0
100
AcDbBlockBegin
  2
*Paper_Space
 70
     0
 10
0.0
 20
0.0
 30
0.0
  3
*Paper_Space
  1

  0
ENDBLK
  5
1D
330
1B
100
AcDbEntity
 67
     1
  8
0
100
AcDbBlockEnd
  0
BLOCK
  5
24
330
23
100
AcDbEntity
 67
     1
  8
0
100
AcDbBlockBegin
  2
*Paper_Space0
 70
     0
 10
0.0
 20
0.0
 30
0.0
  3
*Paper_Space0
  1

  0
ENDBLK
  5
25
330
23
100
AcDbEntity
 67
     1
  8
0
100
AcDbBlockEnd
  0
ENDSEC
  0
SECTION
  2
ENTITIES
  0
LINE
  5
175
330
1F
100
AcDbEntity
  8
0
  6
Continuous
 62
     7
100
AcDbLine
 10
-94.10194051153963
 20
91.1494406226185
 30
0.0
 11
-94.60194051153962
 21
91.1494406226185
 31
0.0
  0
LINE
  5
176
330
1F
100
AcDbEntity
  8
0
  6
Continuous
 62
     7
100
AcDbLine
 10
-94.10194051153963
 20
123.1494406226185
 30
0.0
 11
-94.10194051153963
 21
91.1494406226185
 31
0.0
  0
LINE
  5
177
330
1F
100
AcDbEntity
  8
0
  6
Continuous
 62
     7
100
AcDbLine
 10
-94.60194051153962
 20
123.1494406226185
 30
0.0
 11
-94.10194051153963
 21
123.1494406226185
 31
0.0
  0
LINE
  5
178
330
1F
100
AcDbEntity
  8
0
  6
Continuous
 62
     7
100
AcDbLine
 10
-94.10194051153963
 20
130.1494406226185
 30
0.0
 11
-94.1019405115378
 21
133.6494406226185
 31
0.0
  0
LINE
  5
179
330
1F
100
AcDbEntity
  8
0
  6
Continuous
 62
     7
100
AcDbLine
 10
-94.60194051153962
 20
130.1494406226185
 30
0.0
 11
-94.10194051153963
 21
130.1494406226185
 31
0.0
  0
LINE
  5
17A
330
1F
100
AcDbEntity
  8
0
  6
Continuous
 62
     7
100
AcDbLine
 10
-94.10194051153963
 20
158.4494406226205
 30
0.0
 11
-94.10194051153963
 21
150.6494406226185
 31
0.0
  0
LINE
  5
17B
330
1F
100
AcDbEntity
  8
0
  6
Continuous
 62
     7
100
AcDbLine
 10
-94.60194051153962
 20
158.4494406226205
 30
0.0
 11
-94.10194051153963
 21
158.4494406226205
 31
0.0
  0
LINE
  5
17C
330
1F
100
AcDbEntity
  8
0
  6
Continuous
 62
     7
100
AcDbLine
 10
-73.10194051153962
 20
159.6494406226185
 30
0.0
 11
-72.60194051153963
 21
159.6494406226185
 31
0.0
  0
LINE
  5
17D
330
1F
100
AcDbEntity
  8
0
  6
Continuous
 62
     7
100
AcDbLine
 10
-73.10194051153962
 20
150.1494406226185
 30
0.0
 11
-73.10194051153962
 21
159.6494406226185
 31
0.0
  0
LINE
  5
17E
330
1F
100
AcDbEntity
  8
0
  6
Continuous
 62
     7
100
AcDbLine
 10
-73.10194051153962
 20
105.1494406226185
 30
0.0
 11
-72.60194051153963
 21
105.1494406226185
 31
0.0
  0
LINE
  5
17F
330
1F
100
AcDbEntity
  8
0
  6
Continuous
 62
     7
100
AcDbLine
 10
-73.1019405115378
 20
142.1494406226185
 30
0.0
 11
-73.10194051153962
 21
105.1494406226185
 31
0.0
  0
LINE
  5
180
330
1F
100
AcDbEntity
  8
0
  6
Continuous
 62
     7
100
AcDbLine
 10
-73.1019405115378
 20
142.3494406226183
 30
0.0
 11
-72.60194051153781
 21
142.3494406226183
 31
0.0
  0
LINE
  5
181
330
1F
100
AcDbEntity
  8
0
  6
Continuous
 62
     7
100
AcDbLine
 10
-94.60194051153781
 20
85.1494406226185
 30
0.0
 11
-94.60194051153781
 21
165.1494406226185
 31
0.0
  0
LINE
  5
182
330
1F
100
AcDbEntity
  8
0
  6
Continuous
 62
     7
100
AcDbLine
 10
-96.25194051153927
 20
159.1494406226185
 30
0.0
 11
-96.25194051153927
 21
162.1494406226185
 31
0.0
  0
LINE
  5
183
330
1F
100
AcDbEntity
  8
0
  6
Continuous
 62
     7
100
AcDbLine
 10
-96.25194051153927
 20
162.1494406226185
 30
0.0
 11
-96.25194051153927
 21
163.3994406226185
 31
0.0
  0
LINE
  5
184
330
1F
100
AcDbEntity
  8
0
  6
Continuous
 62
     7
100
AcDbLine
 10
-96.25194051153927
 20
157.8994406226185
 30
0.0
 11
-96.25194051153927
 21
159.1494406226185
 31
0.0
  0
LINE
  5
185
330
1F
100
AcDbEntity
  8
0
  6
Continuous
 62
     7
100
AcDbLine
 10
-96.25194051153927
 20
163.6494406226185
 30
0.0
 11
-96.25194051153927
 21
157.6494406226185
 31
0.0
  0
LINE
  5
186
330
1F
100
AcDbEntity
  8
0
  6
Continuous
 62
     7
100
AcDbLine
 10
-96.75194051153928
 20
157.6494406226185
 30
0.0
 11
-96.75194051153928
 21
157.6994406226187
 31
0.0
  0
LINE
  5
187
330
1F
100
AcDbEntity
  8
0
  6
Continuous
 62
     7
100
AcDbLine
 10
-96.25194051153927
 20
157.6494406226185
 30
0.0
 11
-96.75194051153928
 21
157.6494406226185
 31
0.0
  0
LINE
  5
188
330
1F
100
AcDbEntity
  8
0
  6
Continuous
 62
     7
100
AcDbLine
 10
-96.25194051153927
 20
163.6494406226185
 30
0.0
 11
-96.25194051153927
 21
157.6494406226185
 31
0.0
  0
LINE
  5
189
330
1F
100
AcDbEntity
  8
0
  6
Continuous
 62
     7
100
AcDbLine
 10
-96.75194051153928
 20
163.6494406226185
 30
0.0
 11
-96.25194051153927
 21
163.6494406226185
 31
0.0
  0
LINE
  5
18A
330
1F
100
AcDbEntity
  8
0
  6
Continuous
 62
     7
100
AcDbLine
 10
-96.75194051153928
 20
163.5994406226219
 30
0.0
 11
-96.75194051153928
 21
163.6494406226185
 31
0.0
  0
LINE
  5
18B
330
1F
100
AcDbEntity
  8
0
  6
Continuous
 62
     7
100
AcDbLine
 10
-97.45194051153816
 20
157.6994406226187
 30
0.0
 11
-97.45194051153816
 21
157.8994406226185
 31
0.0
  0
LINE
  5
18C
330
1F
100
AcDbEntity
  8
0
  6
Continuous
 62
     7
100
AcDbLine
 10
-96.75194051153928
 20
157.6994406226187
 30
0.0
 11
-97.45194051153816
 21
157.6994406226187
 31
0.0
  0
LINE
  5
18D
330
1F
100
AcDbEntity
  8
0
  6
Continuous
 62
     7
100
AcDbLine
 10
-96.75194051153928
 20
163.5994406226219
 30
0.0
 11
-96.75194051153928
 21
157.6994406226187
 31
0.0
  0
LINE
  5
18E
330
1F
100
AcDbEntity
  8
0
  6
Continuous
 62
     7
100
AcDbLine
 10
-97.45194051153816
 20
163.5994406226219
 30
0.0
 11
-96.75194051153928
 21
163.5994406226219
 31
0.0
  0
LINE
  5
18F
330
1F
100
AcDbEntity
  8
0
  6
Continuous
 62
     7
100
AcDbLine
 10
-97.45194051153816
 20
163.3994406226185
 30
0.0
 11
-97.45194051153816
 21
163.5994406226219
 31
0.0
  0
LINE
  5
190
330
1F
100
AcDbEntity
  8
0
  6
Continuous
 62
     7
100
AcDbLine
 10
-97.45194051153816
 20
163.3994406226185
 30
0.0
 11
-98.29918939441654
 21
163.3253159501811
 31
0.0
  0
LINE
  5
191
330
1F
100
AcDbEntity
  8
0
  6
Continuous
 62
     7
100
AcDbLine
 10
-97.45194051153816
 20
163.3994406226185
 30
0.0
 11
-97.45194051153816
 21
157.8994406226185
 31
0.0
  0
LINE
  5
192
330
1F
100
AcDbEntity
  8
0
  6
Continuous
 62
     7
100
AcDbLine
 10
-98.29918939441654
 20
157.9735652950577
 30
0.0
 11
-97.45194051153816
 21
157.8994406226185
 31
0.0
  0
LINE
  5
193
330
1F
100
AcDbEntity
  8
0
  6
Continuous
 62
     7
100
AcDbLine
 10
-96.25194051153927
 20
163.6494406226185
 30
0.0
 11
-96.25194051153927
 21
163.8994406226185
 31
0.0
  0
LINE
  5
194
330
1F
100
AcDbEntity
  8
0
  6
Continuous
 62
     7
100
AcDbLine
 10
-96.25194051153927
 20
157.6494406226185
 30
0.0
 11
-96.25194051153927
 21
157.3994406226185
 31
0.0
  0
LINE
  5
195
330
1F
100
AcDbEntity
  8
0
  6
Continuous
 62
     7
100
AcDbLine
 10
-96.25194051153927
 20
157.3994406226185
 30
0.0
 11
-95.80194051153851
 21
157.3994406226185
 31
0.0
  0
LINE
  5
196
330
1F
100
AcDbEntity
  8
0
  6
Continuous
 62
     7
100
AcDbLine
 10
-96.25194051153927
 20
163.8994406226185
 30
0.0
 11
-95.80194051153851
 21
163.8994406226185
 31
0.0
  0
LINE
  5
197
330
1F
100
AcDbEntity
  8
0
  6
Continuous
 62
     7
100
AcDbLine
 10
-95.80194051153851
 20
129.3994406226185
 30
0.0
 11
-96.64918939441783
 21
129.3253159501802
 31
0.0
  0
LINE
  5
198
330
1F
100
AcDbEntity
  8
0
  6
Continuous
 62
     7
100
AcDbLine
 10
-96.64918939441783
 20
123.9735652950577
 30
0.0
 11
-95.80194051153851
 21
123.8994406226185
 31
0.0
  0
LINE
  5
199
330
1F
100
AcDbEntity
  8
0
  6
Continuous
 62
     7
100
AcDbLine
 10
-95.80194051153851
 20
92.3994406226185
 30
0.0
 11
-96.64918939441783
 21
92.32531595018111
 31
0.0
  0
LINE
  5
19A
330
1F
100
AcDbEntity
  8
0
  6
Continuous
 62
     7
100
AcDbLine
 10
-96.64918939441783
 20
86.97356529505769
 30
0.0
 11
-95.80194051153851
 21
86.89944062261849
 31
0.0
  0
LINE
  5
19B
330
1F
100
AcDbEntity
  8
0
  6
Continuous
 62
     7
100
AcDbLine
 10
-80.64918939441781
 20
100.9735652950577
 30
0.0
 11
-79.80194051154035
 21
100.8994406226185
 31
0.0
  0
LINE
  5
19C
330
1F
100
AcDbEntity
  8
0
  6
Continuous
 62
     7
100
AcDbLine
 10
-79.80194051154035
 20
106.3994406226185
 30
0.0
 11
-79.80194051154035
 21
100.8994406226185
 31
0.0
  0
LINE
  5
19D
330
1F
100
AcDbEntity
  8
0
  6
Continuous
 62
     7
100
AcDbLine
 10
-79.80194051154035
 20
106.3994406226185
 30
0.0
 11
-80.64918939441781
 21
106.3253159501811
 31
0.0
  0
LINE
  5
19E
330
1F
100
AcDbEntity
  8
0
  6
Continuous
 62
     7
100
AcDbLine
 10
-79.80194051154035
 20
106.3994406226185
 30
0.0
 11
-79.80194051154035
 21
106.5994406226219
 31
0.0
  0
LINE
  5
19F
330
1F
100
AcDbEntity
  8
0
  6
Continuous
 62
     7
100
AcDbLine
 10
-79.80194051154035
 20
106.5994406226219
 30
0.0
 11
-79.10194051153962
 21
106.5994406226219
 31
0.0
  0
LINE
  5
1A0
330
1F
100
AcDbEntity
  8
0
  6
Continuous
 62
     7
100
AcDbLine
 10
-79.10194051153962
 20
106.5994406226219
 30
0.0
 11
-79.10194051153962
 21
100.6994406226169
 31
0.0
  0
LINE
  5
1A1
330
1F
100
AcDbEntity
  8
0
  6
Continuous
 62
     7
100
AcDbLine
 10
-79.10194051153962
 20
100.6994406226169
 30
0.0
 11
-79.80194051154035
 21
100.6994406226169
 31
0.0
  0
LINE
  5
1A2
330
1F
100
AcDbEntity
  8
0
  6
Continuous
 62
     7
100
AcDbLine
 10
-79.80194051154035
 20
100.6994406226169
 30
0.0
 11
-79.80194051154035
 21
100.8994406226185
 31
0.0
  0
LINE
  5
1A3
330
1F
100
AcDbEntity
  8
0
  6
Continuous
 62
     7
100
AcDbLine
 10
-79.10194051153962
 20
106.5994406226219
 30
0.0
 11
-79.10194051153962
 21
106.6494406226185
 31
0.0
  0
LINE
  5
1A4
330
1F
100
AcDbEntity
  8
0
  6
Continuous
 62
     7
100
AcDbLine
 10
-79.10194051153962
 20
106.6494406226185
 30
0.0
 11
-78.60194051153962
 21
106.6494406226185
 31
0.0
  0
LINE
  5
1A5
330
1F
100
AcDbEntity
  8
0
  6
Continuous
 62
     7
100
AcDbLine
 10
-78.60194051153962
 20
106.6494406226185
 30
0.0
 11
-78.60194051153962
 21
100.6494406226185
 31
0.0
  0
LINE
  5
1A6
330
1F
100
AcDbEntity
  8
0
  6
Continuous
 62
     7
100
AcDbLine
 10
-78.60194051153962
 20
100.6494406226185
 30
0.0
 11
-79.10194051153962
 21
100.6494406226185
 31
0.0
  0
LINE
  5
1A7
330
1F
100
AcDbEntity
  8
0
  6
Continuous
 62
     7
100
AcDbLine
 10
-79.10194051153962
 20
100.6494406226185
 30
0.0
 11
-79.10194051153962
 21
100.6994406226169
 31
0.0
  0
LINE
  5
1A8
330
1F
100
AcDbEntity
  8
0
  6
Continuous
 62
     7
100
AcDbLine
 10
-78.60194051153962
 20
106.6494406226185
 30
0.0
 11
-78.60194051153962
 21
100.6494406226185
 31
0.0
  0
LINE
  5
1A9
330
1F
100
AcDbEntity
  8
0
  6
Continuous
 62
     7
100
AcDbLine
 10
-78.60194051153962
 20
100.8994406226185
 30
0.0
 11
-78.60194051153962
 21
102.1494406226185
 31
0.0
  0
LINE
  5
1AA
330
1F
100
AcDbEntity
  8
0
  6
Continuous
 62
     7
100
AcDbLine
 10
-78.60194051153962
 20
105.1494406226185
 30
0.0
 11
-78.60194051153962
 21
106.3994406226185
 31
0.0
  0
LINE
  5
1AB
330
1F
100
AcDbEntity
  8
0
  6
Continuous
 62
     7
100
AcDbLine
 10
-78.60194051153962
 20
102.1494406226185
 30
0.0
 11
-78.60194051153962
 21
105.1494406226185
 31
0.0
  0
LINE
  5
1AC
330
1F
100
AcDbEntity
  8
0
  6
CENTER2
 62
     1
100
AcDbLine
 10
-23.30194051133753
 20
142.6494406227395
 30
0.0
 11
-23.30194051129479
 21
107.6494406224993
 31
0.0
  0
LINE
  5
1AD
330
1F
100
AcDbEntity
  8
0
  6
Continuous
 62
     7
100
AcDbLine
 10
-78.60194051153235
 20
150.6494406226185
 30
0.0
 11
-78.60194051153235
 21
133.6494406226185
 31
0.0
  0
LINE
  5
1AE
330
1F
100
AcDbEntity
  8
0
  6
Continuous
 62
     7
100
AcDbLine
 10
-80.60194051153235
 20
131.6494406226185
 30
0.0
 11
-83.60194051153781
 21
131.6494406226185
 31
0.0
  0
LINE
  5
1AF
330
1F
100
AcDbEntity
  8
0
  6
Continuous
 62
     7
100
AcDbLine
 10
-83.60194051153781
 20
152.6494406226185
 30
0.0
 11
-80.60194051153235
 21
152.6494406226185
 31
0.0
  0
LINE
  5
1B0
330
1F
100
AcDbEntity
  8
0
  6
Continuous
 62
     7
100
AcDbLine
 10
-81.6019405115378
 20
150.6494406226185
 30
0.0
 11
-81.6019405115378
 21
133.6494406226185
 31
0.0
  0
LINE
  5
1B1
330
1F
100
AcDbEntity
  8
0
  6
Continuous
 62
     2
100
AcDbLine
 10
-87.10194051153962
 20
146.3494406226183
 30
0.0
 11
-85.60194051153962
 21
144.8494406226183
 31
0.0
  0
LINE
  5
1B2
330
1F
100
AcDbEntity
  8
0
  6
Continuous
 62
     2
100
AcDbLine
 10
-89.10194051153963
 20
144.7744406226185
 30
0.0
 11
-88.60194051153962
 21
144.7744406226185
 31
0.0
  0
LINE
  5
1B3
330
1F
100
AcDbEntity
  8
0
  6
Continuous
 62
     2
100
AcDbLine
 10
-89.10194051153963
 20
145.5244406226185
 30
0.0
 11
-89.10194051153963
 21
144.7744406226185
 31
0.0
  0
LINE
  5
1B4
330
1F
100
AcDbEntity
  8
0
  6
Continuous
 62
     2
100
AcDbLine
 10
-88.60194051153962
 20
145.5244406226185
 30
0.0
 11
-89.10194051153963
 21
145.5244406226185
 31
0.0
  0
LINE
  5
1B5
330
1F
100
AcDbEntity
  8
0
  6
Continuous
 62
     2
100
AcDbLine
 10
-88.60194051153962
 20
144.7744406226185
 30
0.0
 11
-88.60194051153962
 21
145.5244406226185
 31
0.0
  0
LINE
  5
1B6
330
1F
100
AcDbEntity
  8
0
  6
Continuous
 62
     2
100
AcDbLine
 10
-86.60194051153963
 20
144.5244406226185
 30
0.0
 11
-87.10194051153962
 21
144.5244406226185
 31
0.0
  0
LINE
  5
1B7
330
1F
100
AcDbEntity
  8
0
  6
Continuous
 62
     2
100
AcDbLine
 10
-90.10194051153963
 20
146.3494406226183
 30
0.0
 11
-87.10194051153962
 21
146.3494406226183
 31
0.0
  0
LINE
  5
1B8
330
1F
100
AcDbEntity
  8
0
  6
Continuous
 62
     7
100
AcDbLine
 10
-84.1519405115398
 20
146.8494406226183
 30
0.0
 11
-84.35194051153962
 21
147.049440622619
 31
0.0
  0
LINE
  5
1B9
330
1F
100
AcDbEntity
  8
0
  6
Continuous
 62
     7
100
AcDbLine
 10
-91.35194051153963
 20
147.049440622619
 30
0.0
 11
-84.35194051153962
 21
147.049440622619
 31
0.0
  0
LINE
  5
1BA
330
1F
100
AcDbEntity
  8
0
  6
Continuous
 62
     7
100
AcDbLine
 10
-85.55194051154035
 20
144.8994406226185
 30
0.0
 11
-87.05194051154034
 21
146.3994406226185
 31
0.0
  0
LINE
  5
1BB
330
1F
100
AcDbEntity
  8
0
  6
Continuous
 62
     7
100
AcDbLine
 10
-87.05194051154034
 20
146.3994406226185
 30
0.0
 11
-90.15194051153981
 21
146.3994406226185
 31
0.0
  0
LINE
  5
1BC
330
1F
100
AcDbEntity
  8
0
  6
Continuous
 62
     7
100
AcDbLine
 10
-91.55194051154035
 20
146.8494406226183
 30
0.0
 11
-91.35194051153963
 21
147.049440622619
 31
0.0
  0
LINE
  5
1BD
330
1F
100
AcDbEntity
  8
0
  6
Continuous
 62
     7
100
AcDbLine
 10
-91.20194051153816
 20
147.1494406226185
 30
0.0
 11
-91.20194051153816
 21
147.049440622619
 31
0.0
  0
LINE
  5
1BE
330
1F
100
AcDbEntity
  8
0
  6
Continuous
 62
     7
100
AcDbLine
 10
-85.00194051153927
 20
147.6494406226185
 30
0.0
 11
-90.70194051153817
 21
147.6494406226185
 31
0.0
  0
LINE
  5
1BF
330
1F
100
AcDbEntity
  8
0
  6
Continuous
 62
     7
100
AcDbLine
 10
-84.50194051153927
 20
147.049440622619
 30
0.0
 11
-84.50194051153927
 21
147.1494406225084
 31
0.0
  0
LINE
  5
1C0
330
1F
100
AcDbEntity
  8
0
  6
Continuous
 62
     7
100
AcDbLine
 10
-84.10194051153963
 20
145.3494406226183
 30
0.0
 11
-84.1519405115398
 21
145.3494406226183
 31
0.0
  0
LINE
  5
1C1
330
1F
100
AcDbEntity
  8
0
  6
Continuous
 62
     7
100
AcDbLine
 10
-91.6019405115378
 20
145.3494406226183
 30
0.0
 11
-91.55194051154035
 21
145.3494406226183
 31
0.0
  0
LINE
  5
1C2
330
1F
100
AcDbEntity
  8
0
  6
Continuous
 62
     7
100
AcDbLine
 10
-84.1519405115398
 20
146.8494406226183
 30
0.0
 11
-84.1519405115398
 21
137.4494406226187
 31
0.0
  0
LINE
  5
1C3
330
1F
100
AcDbEntity
  8
0
  6
Continuous
 62
     7
100
AcDbLine
 10
-83.60194051153781
 20
139.4494406226187
 30
0.0
 11
-83.60194051153781
 21
144.8494406226183
 31
0.0
  0
LINE
  5
1C4
330
1F
100
AcDbEntity
  8
0
  6
Continuous
 62
     2
100
AcDbLine
 10
-85.60194051153962
 20
144.8494406226183
 30
0.0
 11
-85.6019405115378
 21
139.4494406226187
 31
0.0
  0
LINE
  5
1C5
330
1F
100
AcDbEntity
  8
0
  6
Continuous
 62
     7
100
AcDbLine
 10
-85.55194051154035
 20
139.3994406226185
 30
0.0
 11
-85.55194051154035
 21
144.8994406226185
 31
0.0
  0
LINE
  5
1C6
330
1F
100
AcDbEntity
  8
0
  6
Continuous
 62
     2
100
AcDbLine
 10
-86.60194051153963
 20
143.7744406226185
 30
0.0
 11
-86.60194051153963
 21
144.5244406226185
 31
0.0
  0
LINE
  5
1C7
330
1F
100
AcDbEntity
  8
0
  6
Continuous
 62
     2
100
AcDbLine
 10
-87.10194051153962
 20
143.7744406226185
 30
0.0
 11
-86.60194051153963
 21
143.7744406226185
 31
0.0
  0
LINE
  5
1C8
330
1F
100
AcDbEntity
  8
0
  6
Continuous
 62
     2
100
AcDbLine
 10
-87.10194051153962
 20
144.5244406226185
 30
0.0
 11
-87.10194051153962
 21
143.7744406226185
 31
0.0
  0
LINE
  5
1C9
330
1F
100
AcDbEntity
  8
0
  6
Continuous
 62
     2
100
AcDbLine
 10
-89.1019405115378
 20
142.7744406226185
 30
0.0
 11
-88.60194051153962
 21
142.7744406226185
 31
0.0
  0
LINE
  5
1CA
330
1F
100
AcDbEntity
  8
0
  6
Continuous
 62
     2
100
AcDbLine
 10
-89.1019405115378
 20
143.5244406226185
 30
0.0
 11
-89.1019405115378
 21
142.7744406226185
 31
0.0
  0
LINE
  5
1CB
330
1F
100
AcDbEntity
  8
0
  6
Continuous
 62
     2
100
AcDbLine
 10
-88.60194051153962
 20
143.5244406226185
 30
0.0
 11
-89.1019405115378
 21
143.5244406226185
 31
0.0
  0
LINE
  5
1CC
330
1F
100
AcDbEntity
  8
0
  6
Continuous
 62
     2
100
AcDbLine
 10
-88.60194051153962
 20
142.7744406226185
 30
0.0
 11
-88.60194051153962
 21
143.5244406226185
 31
0.0
  0
LINE
  5
1CD
330
1F
100
AcDbEntity
  8
0
  6
Continuous
 62
     2
100
AcDbLine
 10
-89.10194051153963
 20
140.7744406226185
 30
0.0
 11
-88.60194051153962
 21
140.7744406226185
 31
0.0
  0
LINE
  5
1CE
330
1F
100
AcDbEntity
  8
0
  6
Continuous
 62
     2
100
AcDbLine
 10
-89.10194051153963
 20
141.5244406226185
 30
0.0
 11
-89.10194051153963
 21
140.7744406226185
 31
0.0
  0
LINE
  5
1CF
330
1F
100
AcDbEntity
  8
0
  6
Continuous
 62
     2
100
AcDbLine
 10
-88.60194051153962
 20
141.5244406226185
 30
0.0
 11
-89.10194051153963
 21
141.5244406226185
 31
0.0
  0
LINE
  5
1D0
330
1F
100
AcDbEntity
  8
0
  6
Continuous
 62
     2
100
AcDbLine
 10
-88.60194051153962
 20
140.7744406226185
 30
0.0
 11
-88.60194051153962
 21
141.5244406226185
 31
0.0
  0
LINE
  5
1D1
330
1F
100
AcDbEntity
  8
0
  6
Continuous
 62
     2
100
AcDbLine
 10
-89.10194051153963
 20
138.7744406226185
 30
0.0
 11
-88.60194051153962
 21
138.7744406226185
 31
0.0
  0
LINE
  5
1D2
330
1F
100
AcDbEntity
  8
0
  6
Continuous
 62
     2
100
AcDbLine
 10
-89.10194051153963
 20
139.5244406226185
 30
0.0
 11
-89.10194051153963
 21
138.7744406226185
 31
0.0
  0
LINE
  5
1D3
330
1F
100
AcDbEntity
  8
0
  6
Continuous
 62
     2
100
AcDbLine
 10
-88.60194051153962
 20
139.5244406226185
 30
0.0
 11
-89.10194051153963
 21
139.5244406226185
 31
0.0
  0
LINE
  5
1D4
330
1F
100
AcDbEntity
  8
0
  6
Continuous
 62
     2
100
AcDbLine
 10
-88.60194051153962
 20
138.7744406226185
 30
0.0
 11
-88.60194051153962
 21
139.5244406226185
 31
0.0
  0
LINE
  5
1D5
330
1F
100
AcDbEntity
  8
0
  6
Continuous
 62
     2
100
AcDbLine
 10
-87.10194051153962
 20
139.7744406226185
 30
0.0
 11
-86.60194051153963
 21
139.7744406226185
 31
0.0
  0
LINE
  5
1D6
330
1F
100
AcDbEntity
  8
0
  6
Continuous
 62
     2
100
AcDbLine
 10
-87.10194051153962
 20
140.5244406226185
 30
0.0
 11
-87.10194051153962
 21
139.7744406226185
 31
0.0
  0
LINE
  5
1D7
330
1F
100
AcDbEntity
  8
0
  6
Continuous
 62
     2
100
AcDbLine
 10
-86.60194051153963
 20
140.5244406226185
 30
0.0
 11
-87.10194051153962
 21
140.5244406226185
 31
0.0
  0
LINE
  5
1D8
330
1F
100
AcDbEntity
  8
0
  6
Continuous
 62
     2
100
AcDbLine
 10
-86.60194051153963
 20
139.7744406226185
 30
0.0
 11
-86.60194051153963
 21
140.5244406226185
 31
0.0
  0
LINE
  5
1D9
330
1F
100
AcDbEntity
  8
0
  6
Continuous
 62
     2
100
AcDbLine
 10
-87.10194051153962
 20
141.7744406226185
 30
0.0
 11
-86.60194051153963
 21
141.7744406226185
 31
0.0
  0
LINE
  5
1DA
330
1F
100
AcDbEntity
  8
0
  6
Continuous
 62
     2
100
AcDbLine
 10
-87.10194051153962
 20
142.5244406226185
 30
0.0
 11
-87.10194051153962
 21
141.7744406226185
 31
0.0
  0
LINE
  5
1DB
330
1F
100
AcDbEntity
  8
0
  6
Continuous
 62
     2
100
AcDbLine
 10
-86.60194051153963
 20
142.5244406226185
 30
0.0
 11
-87.10194051153962
 21
142.5244406226185
 31
0.0
  0
LINE
  5
1DC
330
1F
100
AcDbEntity
  8
0
  6
Continuous
 62
     2
100
AcDbLine
 10
-86.60194051153963
 20
141.7744406226185
 30
0.0
 11
-86.60194051153963
 21
142.5244406226185
 31
0.0
  0
LINE
  5
1DD
330
1F
100
AcDbEntity
  8
0
  6
Continuous
 62
     7
100
AcDbLine
 10
-84.35194051153962
 20
137.2494406226198
 30
0.0
 11
-91.35194051153963
 21
137.2494406226198
 31
0.0
  0
LINE
  5
1DE
330
1F
100
AcDbEntity
  8
0
  6
Continuous
 62
     2
100
AcDbLine
 10
-87.10194051153962
 20
137.9494406226187
 30
0.0
 11
-90.10194051153963
 21
137.9494406226187
 31
0.0
  0
LINE
  5
1DF
330
1F
100
AcDbEntity
  8
0
  6
Continuous
 62
     7
100
AcDbLine
 10
-84.35194051153962
 20
137.2494406226198
 30
0.0
 11
-84.1519405115398
 21
137.4494406226187
 31
0.0
  0
LINE
  5
1E0
330
1F
100
AcDbEntity
  8
0
  6
Continuous
 62
     7
100
AcDbLine
 10
-90.15194051153981
 20
137.8994406226185
 30
0.0
 11
-87.05194051154034
 21
137.8994406226185
 31
0.0
  0
LINE
  5
1E1
330
1F
100
AcDbEntity
  8
0
  6
Continuous
 62
     7
100
AcDbLine
 10
-91.55194051154035
 20
137.4494406226187
 30
0.0
 11
-91.35194051153963
 21
137.2494406226198
 31
0.0
  0
LINE
  5
1E2
330
1F
100
AcDbEntity
  8
0
  6
Continuous
 62
     7
100
AcDbLine
 10
-85.00194051153927
 20
136.6494406226185
 30
0.0
 11
-90.70194051153817
 21
136.6494406226185
 31
0.0
  0
LINE
  5
1E3
330
1F
100
AcDbEntity
  8
0
  6
Continuous
 62
     7
100
AcDbLine
 10
-91.20194051153816
 20
137.1494406229195
 30
0.0
 11
-91.20194051153816
 21
137.2494406226198
 31
0.0
  0
LINE
  5
1E4
330
1F
100
AcDbEntity
  8
0
  6
Continuous
 62
     7
100
AcDbLine
 10
-84.50194051153927
 20
137.2494406226198
 30
0.0
 11
-84.50194051153927
 21
137.1494406225084
 31
0.0
  0
LINE
  5
1E5
330
1F
100
AcDbEntity
  8
0
  6
Continuous
 62
     7
100
AcDbLine
 10
-91.55194051154035
 20
137.4494406226187
 30
0.0
 11
-91.55194051154035
 21
146.8494406226183
 31
0.0
  0
LINE
  5
1E6
330
1F
100
AcDbEntity
  8
0
  6
Continuous
 62
     7
100
AcDbLine
 10
-91.6019405115378
 20
138.9494406226187
 30
0.0
 11
-91.55194051154035
 21
138.9494406226187
 31
0.0
  0
LINE
  5
1E7
330
1F
100
AcDbEntity
  8
0
  6
Continuous
 62
     7
100
AcDbLine
 10
-92.10194051153781
 20
139.4494406226187
 30
0.0
 11
-92.10194051153781
 21
144.8494406226183
 31
0.0
  0
LINE
  5
1E8
330
1F
100
AcDbEntity
  8
0
  6
Continuous
 62
     7
100
AcDbLine
 10
-90.15194051153981
 20
146.3994406226185
 30
0.0
 11
-90.15194051153981
 21
137.8994406226185
 31
0.0
  0
LINE
  5
1E9
330
1F
100
AcDbEntity
  8
0
  6
Continuous
 62
     2
100
AcDbLine
 10
-90.10194051153963
 20
137.9494406226187
 30
0.0
 11
-90.10194051153963
 21
146.3494406226183
 31
0.0
  0
LINE
  5
1EA
330
1F
100
AcDbEntity
  8
0
  6
Continuous
 62
     2
100
AcDbLine
 10
-85.6019405115378
 20
139.4494406226187
 30
0.0
 11
-87.10194051153962
 21
137.9494406226187
 31
0.0
  0
LINE
  5
1EB
330
1F
100
AcDbEntity
  8
0
  6
Continuous
 62
     7
100
AcDbLine
 10
-87.05194051154034
 20
137.8994406226185
 30
0.0
 11
-85.55194051154035
 21
139.3994406226185
 31
0.0
  0
LINE
  5
1EC
330
1F
100
AcDbEntity
  8
0
  6
Continuous
 62
     7
100
AcDbLine
 10
-84.10194051153963
 20
138.9494406226187
 30
0.0
 11
-84.1519405115398
 21
138.9494406226187
 31
0.0
  0
LINE
  5
1EE
330
1F
100
AcDbEntity
  8
0
  6
CENTER2
 62
     1
100
AcDbLine
 10
-104.1019405115378
 20
125.1494406226185
 30
0.0
 11
89.09805948846019
 21
125.1494406226185
 31
0.0
  0
LINE
  5
1EF
330
1F
100
AcDbEntity
  8
0
  6
Continuous
 62
     7
100
AcDbLine
 10
-78.60194051153962
 20
107.1494406226185
 30
0.0
 11
-94.1019405115378
 21
107.1494406226185
 31
0.0
  0
LINE
  5
1F0
330
1F
100
AcDbEntity
  8
0
  6
Continuous
 62
     7
100
AcDbLine
 10
-78.60194051153962
 20
99.1494406226185
 30
0.0
 11
-78.60194051153962
 21
107.1494406226185
 31
0.0
  0
LINE
  5
1F1
330
1F
100
AcDbEntity
  8
0
  6
Continuous
 62
     7
100
AcDbLine
 10
-78.60194051153962
 20
94.1494406226185
 30
0.0
 11
-78.6019405115378
 21
85.1494406226185
 31
0.0
  0
LINE
  5
1F2
330
1F
100
AcDbEntity
  8
0
  6
Continuous
 62
     7
100
AcDbLine
 10
-78.60194051153962
 20
94.1494406226185
 30
0.0
 11
-73.1019405115378
 21
94.1494406226185
 31
0.0
  0
LINE
  5
1F3
330
1F
100
AcDbEntity
  8
0
  6
Continuous
 62
     7
100
AcDbLine
 10
-72.60194051153963
 20
99.1494406226185
 30
0.0
 11
-94.1019405115378
 21
99.1494406226185
 31
0.0
  0
LINE
  5
1F4
330
1F
100
AcDbEntity
  8
0
  6
Continuous
 62
     7
100
AcDbLine
 10
-94.1019405115378
 20
165.1494406226185
 30
0.0
 11
-73.10194051153962
 21
165.1494406226185
 31
0.0
  0
LINE
  5
1F5
330
1F
100
AcDbEntity
  8
0
  6
Continuous
 62
     7
100
AcDbLine
 10
-94.10194051153963
 20
85.1494406226185
 30
0.0
 11
-73.10194051153962
 21
85.1494406226185
 31
0.0
  0
LINE
  5
1F6
330
1F
100
AcDbEntity
  8
0
  6
Continuous
 62
     7
100
AcDbLine
 10
-73.10194051153962
 20
85.34944062261832
 30
0.0
 11
-72.60194051153963
 21
85.34944062261832
 31
0.0
  0
LINE
  5
1F7
330
1F
100
AcDbEntity
  8
0
  6
Continuous
 62
     7
100
AcDbLine
 10
-73.10194051153962
 20
165.1494406226185
 30
0.0
 11
-72.60194051153963
 21
165.1494406226185
 31
0.0
  0
LINE
  5
1F8
330
1F
100
AcDbEntity
  8
0
  6
Continuous
 62
     7
100
AcDbLine
 10
-73.10194051153962
 20
85.1494406226185
 30
0.0
 11
-73.1019405115378
 21
86.1494406226185
 31
0.0
  0
LINE
  5
1F9
330
1F
100
AcDbEntity
  8
0
  6
Continuous
 62
     7
100
AcDbLine
 10
-73.1019405115378
 20
99.1494406226185
 30
0.0
 11
-73.1019405115378
 21
93.14944062261849
 31
0.0
  0
LINE
  5
1FA
330
1F
100
AcDbEntity
  8
0
  6
Continuous
 62
     7
100
AcDbLine
 10
-73.1019405115378
 20
142.1494406226185
 30
0.0
 11
-73.1019405115378
 21
143.1494406226185
 31
0.0
  0
LINE
  5
1FB
330
1F
100
AcDbEntity
  8
0
  6
Continuous
 62
     7
100
AcDbLine
 10
-94.1019405115378
 20
133.6494406226185
 30
0.0
 11
-94.10194051153963
 21
150.6494406226185
 31
0.0
  0
LINE
  5
1FC
330
1F
100
AcDbEntity
  8
0
  6
Continuous
 62
     7
100
AcDbLine
 10
-95.80194051153851
 20
164.9957576074795
 30
0.0
 11
-95.80194051153851
 21
153.4411671989975
 31
0.0
  0
LINE
  5
1FD
330
1F
100
AcDbEntity
  8
0
  6
Continuous
 62
     7
100
AcDbLine
 10
-95.80194051153851
 20
85.49575760747949
 30
0.0
 11
-94.60194051153781
 21
85.49575760747949
 31
0.0
  0
LINE
  5
1FE
330
1F
100
AcDbEntity
  8
0
  6
Continuous
 62
     7
100
AcDbLine
 10
-94.60194051153781
 20
164.9957576074795
 30
0.0
 11
-95.80194051153851
 21
164.9957576074795
 31
0.0
  0
LINE
  5
1FF
330
1F
100
AcDbEntity
  8
0
  6
Continuous
 62
     7
100
AcDbLine
 10
-95.94374742092735
 20
96.86949346152152
 30
0.0
 11
-98.96013360216898
 21
101.9123642415672
 31
0.0
  0
LINE
  5
200
330
1F
100
AcDbEntity
  8
0
  6
Continuous
 62
     7
100
AcDbLine
 10
-99.10194051153963
 20
147.8731899936594
 30
0.0
 11
-99.10194051153963
 21
102.4256912515804
 31
0.0
  0
LINE
  5
201
330
1F
100
AcDbEntity
  8
0
  6
Continuous
 62
     7
100
AcDbLine
 10
-98.96013360216898
 20
148.3865170036689
 30
0.0
 11
-95.94374742091281
 21
153.42938778374
 31
0.0
  0
LINE
  5
202
330
1F
100
AcDbEntity
  8
0
  6
Continuous
 62
     7
100
AcDbLine
 10
-95.80194051153762
 20
96.85771404623949
 30
0.0
 11
-95.80194051153851
 21
85.49575760747949
 31
0.0
  0
LINE
  5
203
330
1F
100
AcDbEntity
  8
0
  6
Continuous
 62
     7
100
AcDbLine
 10
-95.80194051153851
 20
153.4411671989975
 30
0.0
 11
-95.80194051153762
 21
96.85771404623949
 31
0.0
  0
LINE
  5
204
330
1F
100
AcDbEntity
  8
0
  6
Continuous
 62
     7
100
AcDbLine
 10
-94.1019405115378
 20
165.1494406226185
 30
0.0
 11
-94.60194051153781
 21
165.1494406226185
 31
0.0
  0
LINE
  5
205
330
1F
100
AcDbEntity
  8
0
  6
Continuous
 62
     7
100
AcDbLine
 10
-94.10194051153963
 20
85.1494406226185
 30
0.0
 11
-94.60194051153962
 21
85.1494406226185
 31
0.0
  0
LINE
  5
206
330
1F
100
AcDbEntity
  8
0
  6
Continuous
 62
     7
100
AcDbLine
 10
-72.98194051153881
 20
86.1494406226185
 30
0.0
 11
-72.98194051153881
 21
89.64944062261849
 31
0.0
  0
LINE
  5
207
330
1F
100
AcDbEntity
  8
0
  6
Continuous
 62
     7
100
AcDbLine
 10
-76.98194051153881
 20
86.49944062261885
 30
0.0
 11
-76.63194051154028
 21
86.1494406226185
 31
0.0
  0
LINE
  5
208
330
1F
100
AcDbEntity
  8
0
  6
Continuous
 62
     7
100
AcDbLine
 10
-76.63194051154028
 20
93.14944062261849
 30
0.0
 11
-76.98194051153881
 21
92.79944062261902
 31
0.0
  0
LINE
  5
209
330
1F
100
AcDbEntity
  8
0
  6
Continuous
 62
     7
100
AcDbLine
 10
-76.63194051154028
 20
93.14944062261849
 30
0.0
 11
-76.63194051154028
 21
86.1494406226185
 31
0.0
  0
LINE
  5
20A
330
1F
100
AcDbEntity
  8
0
  6
Continuous
 62
     7
100
AcDbLine
 10
-76.98194051153881
 20
86.49944062261885
 30
0.0
 11
-76.98194051153881
 21
92.79944062261902
 31
0.0
  0
LINE
  5
20B
330
1F
100
AcDbEntity
  8
0
  6
Continuous
 62
     7
100
AcDbLine
 10
-76.63194051154028
 20
93.14944062261849
 30
0.0
 11
-72.98194051153881
 21
93.14944062261849
 31
0.0
  0
LINE
  5
20C
330
1F
100
AcDbEntity
  8
0
  6
Continuous
 62
     7
100
AcDbLine
 10
-72.98194051153881
 20
86.1494406226185
 30
0.0
 11
-76.63194051154028
 21
86.1494406226185
 31
0.0
  0
LINE
  5
20D
330
1F
100
AcDbEntity
  8
0
  6
Continuous
 62
     7
100
AcDbLine
 10
-72.98194051153881
 20
89.64944062261849
 30
0.0
 11
-72.98194051153881
 21
93.14944062261849
 31
0.0
  0
LINE
  5
20E
330
1F
100
AcDbEntity
  8
0
  6
Continuous
 62
     7
100
AcDbLine
 10
-72.60194051153963
 20
85.64944062261849
 30
0.0
 11
-72.98194051153881
 21
85.64944062261849
 31
0.0
  0
LINE
  5
20F
330
1F
100
AcDbEntity
  8
0
  6
Continuous
 62
     7
100
AcDbLine
 10
-72.98194051153881
 20
85.64944062261849
 30
0.0
 11
-72.98194051153881
 21
93.6494406226185
 31
0.0
  0
LINE
  5
210
330
1F
100
AcDbEntity
  8
0
  6
Continuous
 62
     7
100
AcDbLine
 10
-72.98194051153881
 20
93.6494406226185
 30
0.0
 11
-72.60194051153963
 21
93.6494406226185
 31
0.0
  0
LINE
  5
211
330
1F
100
AcDbEntity
  8
0
  6
Continuous
 62
     7
100
AcDbLine
 10
-32.60194051153781
 20
85.1494406226185
 30
0.0
 11
-72.60194051153963
 21
85.1494406226185
 31
0.0
  0
LINE
  5
212
330
1F
100
AcDbEntity
  8
0
  6
Continuous
 62
     7
100
AcDbLine
 10
-32.60194051153781
 20
165.1494406226185
 30
0.0
 11
-32.60194051153781
 21
85.1494406226185
 31
0.0
  0
LINE
  5
213
330
1F
100
AcDbEntity
  8
0
  6
Continuous
 62
     7
100
AcDbLine
 10
-72.60194051153781
 20
151.1494406226185
 30
0.0
 11
-32.60194051153781
 21
151.1494406226185
 31
0.0
  0
LINE
  5
214
330
1F
100
AcDbEntity
  8
0
  6
Continuous
 62
     7
100
AcDbLine
 10
-72.60194051153781
 20
99.1494406226185
 30
0.0
 11
-32.60194051153781
 21
99.1494406226185
 31
0.0
  0
LINE
  5
215
330
1F
100
AcDbEntity
  8
0
  6
Continuous
 62
     7
100
AcDbLine
 10
-72.60194051153781
 20
165.1494406226185
 30
0.0
 11
-32.60194051153781
 21
165.1494406226185
 31
0.0
  0
LINE
  5
216
330
1F
100
AcDbEntity
  8
0
  6
Continuous
 62
     7
100
AcDbLine
 10
-72.60194051153963
 20
85.1494406226185
 30
0.0
 11
-72.60194051153781
 21
165.1494406226185
 31
0.0
  0
LINE
  5
217
330
1F
100
AcDbEntity
  8
0
  6
Continuous
 62
     7
100
AcDbLine
 10
48.5980594884611
 20
85.1494406226185
 30
0.0
 11
-32.60194051153781
 21
85.1494406226185
 31
0.0
  0
LINE
  5
218
330
1F
100
AcDbEntity
  8
0
  6
Continuous
 62
     7
100
AcDbLine
 10
-32.60194051153781
 20
165.1494406226185
 30
0.0
 11
48.5980594884611
 21
165.1494406226185
 31
0.0
  0
LINE
  5
219
330
1F
100
AcDbEntity
  8
0
  6
Continuous
 62
     7
100
AcDbLine
 10
44.37805948846175
 20
146.6494406226185
 30
0.0
 11
44.37805948846175
 21
143.1494406226185
 31
0.0
  0
LINE
  5
21A
330
1F
100
AcDbEntity
  8
0
  6
Continuous
 62
     7
100
AcDbLine
 10
48.0280594884614
 20
143.1494406226185
 30
0.0
 11
48.37805948846176
 21
143.4994406226198
 31
0.0
  0
LINE
  5
21B
330
1F
100
AcDbEntity
  8
0
  6
Continuous
 62
     7
100
AcDbLine
 10
48.37805948846176
 20
149.799440622619
 30
0.0
 11
48.0280594884614
 21
150.1494406226185
 31
0.0
  0
LINE
  5
21C
330
1F
100
AcDbEntity
  8
0
  6
Continuous
 62
     7
100
AcDbLine
 10
48.0280594884614
 20
143.1494406226185
 30
0.0
 11
48.0280594884614
 21
150.1494406226185
 31
0.0
  0
LINE
  5
21D
330
1F
100
AcDbEntity
  8
0
  6
Continuous
 62
     7
100
AcDbLine
 10
48.37805948846176
 20
149.799440622619
 30
0.0
 11
48.37805948846176
 21
143.4994406226198
 31
0.0
  0
LINE
  5
21E
330
1F
100
AcDbEntity
  8
0
  6
Continuous
 62
     7
100
AcDbLine
 10
44.37805948846175
 20
150.1494406226185
 30
0.0
 11
48.0280594884614
 21
150.1494406226185
 31
0.0
  0
LINE
  5
21F
330
1F
100
AcDbEntity
  8
0
  6
Continuous
 62
     7
100
AcDbLine
 10
48.0280594884614
 20
143.1494406226185
 30
0.0
 11
44.37805948846175
 21
143.1494406226185
 31
0.0
  0
LINE
  5
220
330
1F
100
AcDbEntity
  8
0
  6
Continuous
 62
     7
100
AcDbLine
 10
44.37805948846175
 20
150.1494406226185
 30
0.0
 11
44.37805948846175
 21
146.6494406226185
 31
0.0
  0
LINE
  5
221
330
1F
100
AcDbEntity
  8
0
  6
Continuous
 62
     7
100
AcDbLine
 10
44.37805948846175
 20
142.6494406226185
 30
0.0
 11
43.99805948846074
 21
142.6494406226185
 31
0.0
  0
LINE
  5
222
330
1F
100
AcDbEntity
  8
0
  6
Continuous
 62
     7
100
AcDbLine
 10
44.37805948846175
 20
150.6494406226185
 30
0.0
 11
44.37805948846175
 21
142.6494406226185
 31
0.0
  0
LINE
  5
223
330
1F
100
AcDbEntity
  8
0
  6
Continuous
 62
     7
100
AcDbLine
 10
43.99805948846074
 20
150.6494406226185
 30
0.0
 11
44.37805948846175
 21
150.6494406226185
 31
0.0
  0
LINE
  5
224
330
1F
100
AcDbEntity
  8
0
  6
Continuous
 62
     7
100
AcDbLine
 10
43.99805948846074
 20
142.3994406226185
 30
0.0
 11
49.0980594884611
 21
142.3994406226185
 31
0.0
  0
LINE
  5
225
330
1F
100
AcDbEntity
  8
0
  6
Continuous
 62
     7
100
AcDbLine
 10
43.99805948846074
 20
150.8994406226185
 30
0.0
 11
43.99805948846074
 21
142.3994406226185
 31
0.0
  0
LINE
  5
226
330
1F
100
AcDbEntity
  8
0
  6
Continuous
 62
     7
100
AcDbLine
 10
49.0980594884611
 20
150.8994406226185
 30
0.0
 11
43.99805948846074
 21
150.8994406226185
 31
0.0
  0
LINE
  5
227
330
1F
100
AcDbEntity
  8
0
  6
Continuous
 62
     7
100
AcDbLine
 10
51.5980594884611
 20
160.1494406226185
 30
0.0
 11
52.0980594884611
 21
159.6494406226185
 31
0.0
  0
LINE
  5
228
330
1F
100
AcDbEntity
  8
0
  6
Continuous
 62
     7
100
AcDbLine
 10
51.5980594884611
 20
90.1494406226185
 30
0.0
 11
52.0980594884611
 21
90.64944062261849
 31
0.0
  0
LINE
  5
229
330
1F
100
AcDbEntity
  8
0
  6
Continuous
 62
     7
100
AcDbLine
 10
48.5980594884611
 20
85.1494406226185
 30
0.0
 11
49.0980594884611
 21
85.64944062261849
 31
0.0
  0
LINE
  5
22A
330
1F
100
AcDbEntity
  8
0
  6
Continuous
 62
     7
100
AcDbLine
 10
48.5980594884611
 20
165.1494406226185
 30
0.0
 11
49.0980594884611
 21
164.6494406226185
 31
0.0
  0
LINE
  5
22B
330
1F
100
AcDbEntity
  8
0
  6
Continuous
 62
     7
100
AcDbLine
 10
41.0980594884611
 20
99.1494406226185
 30
0.0
 11
41.0980594884611
 21
85.1494406226185
 31
0.0
  0
LINE
  5
22C
330
1F
100
AcDbEntity
  8
0
  6
Continuous
 62
     7
100
AcDbLine
 10
39.29805948846183
 20
99.1494406226185
 30
0.0
 11
41.0980594884611
 21
99.1494406226185
 31
0.0
  0
LINE
  5
22D
330
1F
100
AcDbEntity
  8
0
  6
Continuous
 62
     7
100
AcDbLine
 10
41.0980594884611
 20
151.1494406226185
 30
0.0
 11
41.0980594884611
 21
165.1494406226185
 31
0.0
  0
LINE
  5
22E
330
1F
100
AcDbEntity
  8
0
  6
Continuous
 62
     7
100
AcDbLine
 10
39.29805948846183
 20
151.1494406226185
 30
0.0
 11
41.0980594884611
 21
151.1494406226185
 31
0.0
  0
LINE
  5
22F
330
1F
100
AcDbEntity
  8
0
  6
Continuous
 62
     7
100
AcDbLine
 10
-32.60194051153781
 20
151.1494406226185
 30
0.0
 11
39.29805948846183
 21
151.1494406226185
 31
0.0
  0
LINE
  5
230
330
1F
100
AcDbEntity
  8
0
  6
Continuous
 62
     7
100
AcDbLine
 10
-32.60194051153781
 20
99.1494406226185
 30
0.0
 11
39.29805948846183
 21
99.1494406226185
 31
0.0
  0
LINE
  5
231
330
1F
100
AcDbEntity
  8
0
  6
Continuous
 62
     7
100
AcDbLine
 10
39.29805948846183
 20
165.1494406226185
 30
0.0
 11
39.29805948846183
 21
85.1494406226185
 31
0.0
  0
LINE
  5
232
330
1F
100
AcDbEntity
  8
0
  6
Continuous
 62
     7
100
AcDbLine
 10
-32.60194051153781
 20
165.1494406226185
 30
0.0
 11
-32.60194051153781
 21
85.1494406226185
 31
0.0
  0
LINE
  5
233
330
1F
100
AcDbEntity
  8
0
  6
Continuous
 62
     7
100
AcDbLine
 10
49.0980594884611
 20
164.6494406226185
 30
0.0
 11
49.0980594884611
 21
85.64944062261849
 31
0.0
  0
LINE
  5
234
330
1F
100
AcDbEntity
  8
0
  6
Continuous
 62
     7
100
AcDbLine
 10
49.0980594884611
 20
160.1494406226185
 30
0.0
 11
51.5980594884611
 21
160.1494406226185
 31
0.0
  0
LINE
  5
235
330
1F
100
AcDbEntity
  8
0
  6
Continuous
 62
     7
100
AcDbLine
 10
52.0980594884611
 20
159.6494406226185
 30
0.0
 11
52.0980594884611
 21
90.64944062261849
 31
0.0
  0
LINE
  5
236
330
1F
100
AcDbEntity
  8
0
  6
Continuous
 62
     7
100
AcDbLine
 10
51.5980594884611
 20
90.1494406226185
 30
0.0
 11
49.0980594884611
 21
90.1494406226185
 31
0.0
  0
LINE
  5
237
330
1F
100
AcDbEntity
  8
0
  6
Continuous
 62
     7
100
AcDbLine
 10
84.09805948846109
 20
116.1494406226185
 30
0.0
 11
84.09805948846109
 21
134.1494406226185
 31
0.0
  0
LINE
  5
238
330
1F
100
AcDbEntity
  8
0
  6
Continuous
 62
     7
100
AcDbLine
 10
84.09805948846109
 20
134.1494406226185
 30
0.0
 11
83.59805948846108
 21
134.6494406226185
 31
0.0
  0
LINE
  5
239
330
1F
100
AcDbEntity
  8
0
  6
Continuous
 62
     7
100
AcDbLine
 10
83.59805948846108
 20
115.6494406226185
 30
0.0
 11
84.09805948846109
 21
116.1494406226185
 31
0.0
  0
LINE
  5
23A
330
1F
100
AcDbEntity
  8
0
  6
Continuous
 62
     7
100
AcDbLine
 10
84.09805948846109
 20
116.1494406226185
 30
0.0
 11
84.09805948846109
 21
134.1494406226185
 31
0.0
  0
LINE
  5
23B
330
1F
100
AcDbEntity
  8
0
  6
Continuous
 62
     7
100
AcDbLine
 10
84.09805948846109
 20
134.1494406226185
 30
0.0
 11
83.59805948846108
 21
134.6494406226185
 31
0.0
  0
LINE
  5
23C
330
1F
100
AcDbEntity
  8
0
  6
Continuous
 62
     7
100
AcDbLine
 10
84.09805948846109
 20
116.1494406226185
 30
0.0
 11
84.09805948846109
 21
134.1494406226185
 31
0.0
  0
LINE
  5
23D
330
1F
100
AcDbEntity
  8
0
  6
Continuous
 62
     7
100
AcDbLine
 10
83.59805948846108
 20
115.6494406226185
 30
0.0
 11
84.09805948846109
 21
116.1494406226185
 31
0.0
  0
LINE
  5
23E
330
1F
100
AcDbEntity
  8
0
  6
Continuous
 62
     7
100
AcDbLine
 10
84.09805948846109
 20
116.1494406226185
 30
0.0
 11
84.09805948846109
 21
134.1494406226185
 31
0.0
  0
LINE
  5
23F
330
1F
100
AcDbEntity
  8
0
  6
Continuous
 62
     7
100
AcDbLine
 10
84.09805948846109
 20
134.1494406226185
 30
0.0
 11
83.59805948846108
 21
134.6494406226185
 31
0.0
  0
LINE
  5
240
330
1F
100
AcDbEntity
  8
0
  6
Continuous
 62
     7
100
AcDbLine
 10
83.59805948846108
 20
115.6494406226185
 30
0.0
 11
84.09805948846109
 21
116.1494406226185
 31
0.0
  0
LINE
  5
241
330
1F
100
AcDbEntity
  8
0
  6
Continuous
 62
     7
100
AcDbLine
 10
52.0980594884611
 20
115.6494406226185
 30
0.0
 11
83.59805948846108
 21
115.6494406226185
 31
0.0
  0
LINE
  5
242
330
1F
100
AcDbEntity
  8
0
  6
Continuous
 62
     7
100
AcDbLine
 10
83.59805948846108
 20
134.6494406226185
 30
0.0
 11
52.0980594884611
 21
134.6494406226185
 31
0.0
  0
LINE
  5
243
330
1F
100
AcDbEntity
  8
0
  6
Continuous
 62
     7
100
AcDbLine
 10
84.09805948846109
 20
116.1494406226185
 30
0.0
 11
84.09805948846109
 21
134.1494406226185
 31
0.0
  0
LINE
  5
244
330
1F
100
AcDbEntity
  8
0
  6
Continuous
 62
     2
100
AcDbLine
 10
-20.80194051466356
 20
134.503796695849
 30
0.0
 11
-20.80194051466356
 21
133.9911282274289
 31
0.0
  0
LINE
  5
245
330
1F
100
AcDbEntity
  8
0
  6
Continuous
 62
     2
100
AcDbLine
 10
-20.90194051121057
 20
134.3068684688898
 30
0.0
 11
-20.90194051122057
 21
133.8494406272094
 31
0.0
  0
LINE
  5
246
330
1F
100
AcDbEntity
  8
0
  6
Continuous
 62
     2
100
AcDbLine
 10
-25.70194051121257
 20
134.3068684687688
 30
0.0
 11
-25.70194051121985
 21
133.849440618019
 31
0.0
  0
LINE
  5
24F
330
1F
100
AcDbEntity
  8
0
  6
Continuous
 62
     2
100
AcDbLine
 10
-23.37694051100812
 20
129.7494406224788
 30
0.0
 11
-23.39194051127493
 21
129.7494406224788
 31
0.0
  0
LINE
  5
250
330
1F
100
AcDbEntity
  8
0
  6
Continuous
 62
     2
100
AcDbLine
 10
-23.37694051100084
 20
130.1494406224812
 30
0.0
 11
-23.39194051127493
 21
130.1494406224812
 31
0.0
  0
LINE
  5
251
330
1F
100
AcDbEntity
  8
0
  6
Continuous
 62
     2
100
AcDbLine
 10
-22.1769405115549
 20
129.7494406224597
 30
0.0
 11
-22.16194051127536
 21
129.7494406224597
 31
0.0
  0
LINE
  5
252
330
1F
100
AcDbEntity
  8
0
  6
Continuous
 62
     2
100
AcDbLine
 10
-23.07694051127805
 20
129.6494406224812
 30
0.0
 11
-23.37694051101357
 21
129.3494406224692
 31
0.0
  0
LINE
  5
253
330
1F
100
AcDbEntity
  8
0
  6
Continuous
 62
     2
100
AcDbLine
 10
-23.07694051127623
 20
130.2494406224597
 30
0.0
 11
-23.37694051099356
 21
130.5494406226991
 31
0.0
  0
LINE
  5
254
330
1F
100
AcDbEntity
  8
0
  6
Continuous
 62
     2
100
AcDbLine
 10
-23.07694051127805
 20
129.6494406224812
 30
0.0
 11
-23.07694051127623
 21
130.2494406224597
 31
0.0
  0
LINE
  5
255
330
1F
100
AcDbEntity
  8
0
  6
Continuous
 62
     2
100
AcDbLine
 10
-22.47694051127678
 20
129.6494406224812
 30
0.0
 11
-22.17694051156036
 21
129.3494406224491
 31
0.0
  0
LINE
  5
256
330
1F
100
AcDbEntity
  8
0
  6
Continuous
 62
     2
100
AcDbLine
 10
-22.47694051127678
 20
129.6494406224812
 30
0.0
 11
-23.07694051127805
 21
129.6494406224812
 31
0.0
  0
LINE
  5
257
330
1F
100
AcDbEntity
  8
0
  6
Continuous
 62
     2
100
AcDbLine
 10
-22.47694051127678
 20
129.6494406224812
 30
0.0
 11
-22.47694051127588
 21
130.2494406224597
 31
0.0
  0
LINE
  5
258
330
1F
100
AcDbEntity
  8
0
  6
Continuous
 62
     2
100
AcDbLine
 10
-22.47694051127588
 20
130.2494406224597
 30
0.0
 11
-22.17694051154035
 21
130.5494406226991
 31
0.0
  0
LINE
  5
259
330
1F
100
AcDbEntity
  8
0
  6
Continuous
 62
     2
100
AcDbLine
 10
-22.47694051127588
 20
130.2494406224597
 30
0.0
 11
-23.07694051127623
 21
130.2494406224597
 31
0.0
  0
LINE
  5
25A
330
1F
100
AcDbEntity
  8
0
  6
Continuous
 62
     2
100
AcDbLine
 10
-22.17694051154035
 20
130.5494406226991
 30
0.0
 11
-23.37694051099356
 21
130.5494406226991
 31
0.0
  0
LINE
  5
25B
330
1F
100
AcDbEntity
  8
0
  6
Continuous
 62
     2
100
AcDbLine
 10
-23.37694051101357
 20
129.3494406224692
 30
0.0
 11
-23.37694051099356
 21
130.5644406225311
 31
0.0
  0
LINE
  5
25C
330
1F
100
AcDbEntity
  8
0
  6
Continuous
 62
     2
100
AcDbLine
 10
-22.17694051156036
 20
129.3494406224491
 30
0.0
 11
-22.17694051154035
 21
130.5644406225175
 31
0.0
  0
LINE
  5
25D
330
1F
100
AcDbEntity
  8
0
  6
Continuous
 62
     2
100
AcDbLine
 10
-23.37694051101357
 20
129.3494406224692
 30
0.0
 11
-22.17694051156036
 21
129.3494406224491
 31
0.0
  0
LINE
  5
25E
330
1F
100
AcDbEntity
  8
0
  6
Continuous
 62
     2
100
AcDbLine
 10
-22.17694051154581
 20
120.5494406226882
 30
0.0
 11
-22.16194051127354
 21
120.5494406226882
 31
0.0
  0
LINE
  5
25F
330
1F
100
AcDbEntity
  8
0
  6
Continuous
 62
     2
100
AcDbLine
 10
-22.17694051155127
 20
120.1494406226885
 30
0.0
 11
-22.16194051127354
 21
120.1494406226885
 31
0.0
  0
LINE
  5
260
330
1F
100
AcDbEntity
  8
0
  6
Continuous
 62
     2
100
AcDbLine
 10
-23.37694051099902
 20
120.5494406227082
 30
0.0
 11
-23.39194051127311
 21
120.5494406227082
 31
0.0
  0
LINE
  5
261
330
1F
100
AcDbEntity
  8
0
  6
Continuous
 62
     2
100
AcDbLine
 10
-23.3769405110063
 20
120.1494406227103
 30
0.0
 11
-23.39194051127311
 21
120.1494406227103
 31
0.0
  0
LINE
  5
262
330
1F
100
AcDbEntity
  8
0
  6
Continuous
 62
     2
100
AcDbLine
 10
-22.47694051127588
 20
120.6494406226885
 30
0.0
 11
-22.17694051153853
 21
120.9494406226887
 31
0.0
  0
LINE
  5
263
330
1F
100
AcDbEntity
  8
0
  6
Continuous
 62
     2
100
AcDbLine
 10
-22.47694051127588
 20
120.0494406226982
 30
0.0
 11
-22.17694051156036
 21
119.7494406224597
 31
0.0
  0
LINE
  5
264
330
1F
100
AcDbEntity
  8
0
  6
Continuous
 62
     2
100
AcDbLine
 10
-22.47694051127588
 20
120.6494406226885
 30
0.0
 11
-22.47694051127588
 21
120.0494406226982
 31
0.0
  0
LINE
  5
265
330
1F
100
AcDbEntity
  8
0
  6
Continuous
 62
     2
100
AcDbLine
 10
-23.07694051127623
 20
120.6494406226885
 30
0.0
 11
-23.37694051099084
 21
120.9494406227087
 31
0.0
  0
LINE
  5
266
330
1F
100
AcDbEntity
  8
0
  6
Continuous
 62
     2
100
AcDbLine
 10
-23.07694051127623
 20
120.6494406226885
 30
0.0
 11
-22.47694051127588
 21
120.6494406226885
 31
0.0
  0
LINE
  5
267
330
1F
100
AcDbEntity
  8
0
  6
Continuous
 62
     2
100
AcDbLine
 10
-23.07694051127623
 20
120.6494406226885
 30
0.0
 11
-23.07694051127623
 21
120.0494406226982
 31
0.0
  0
LINE
  5
268
330
1F
100
AcDbEntity
  8
0
  6
Continuous
 62
     2
100
AcDbLine
 10
-23.07694051127623
 20
120.0494406226982
 30
0.0
 11
-23.37694051101357
 21
119.7494406224597
 31
0.0
  0
LINE
  5
269
330
1F
100
AcDbEntity
  8
0
  6
Continuous
 62
     2
100
AcDbLine
 10
-23.07694051127623
 20
120.0494406226982
 30
0.0
 11
-22.47694051127588
 21
120.0494406226982
 31
0.0
  0
LINE
  5
26A
330
1F
100
AcDbEntity
  8
0
  6
Continuous
 62
     2
100
AcDbLine
 10
-23.37694051101357
 20
119.7494406224597
 30
0.0
 11
-22.17694051156036
 21
119.7494406224597
 31
0.0
  0
LINE
  5
26B
330
1F
100
AcDbEntity
  8
0
  6
Continuous
 62
     2
100
AcDbLine
 10
-22.17694051153853
 20
120.9494406226887
 30
0.0
 11
-22.17694051156036
 21
119.7494406224597
 31
0.0
  0
LINE
  5
26C
330
1F
100
AcDbEntity
  8
0
  6
Continuous
 62
     2
100
AcDbLine
 10
-23.37694051099084
 20
120.9494406227087
 30
0.0
 11
-23.37694051101357
 21
119.7494406224597
 31
0.0
  0
LINE
  5
26D
330
1F
100
AcDbEntity
  8
0
  6
Continuous
 62
     2
100
AcDbLine
 10
-22.17694051153853
 20
120.9494406226887
 30
0.0
 11
-23.37694051099084
 21
120.9494406227087
 31
0.0
  0
LINE
  5
26E
330
1F
100
AcDbEntity
  8
0
  6
Continuous
 62
     2
100
AcDbLine
 10
-22.17694051154581
 20
123.7494406226898
 30
0.0
 11
-22.16194051127536
 21
123.7494406226898
 31
0.0
  0
LINE
  5
26F
330
1F
100
AcDbEntity
  8
0
  6
Continuous
 62
     2
100
AcDbLine
 10
-22.17694051155308
 20
123.3494406226802
 30
0.0
 11
-22.16194051127536
 21
123.3494406226802
 31
0.0
  0
LINE
  5
270
330
1F
100
AcDbEntity
  8
0
  6
Continuous
 62
     2
100
AcDbLine
 10
-23.37694051099902
 20
123.749440622708
 30
0.0
 11
-23.39194051127311
 21
123.749440622708
 31
0.0
  0
LINE
  5
271
330
1F
100
AcDbEntity
  8
0
  6
Continuous
 62
     2
100
AcDbLine
 10
-23.3769405110063
 20
123.3494406227093
 30
0.0
 11
-23.39194051127311
 21
123.3494406227093
 31
0.0
  0
LINE
  5
272
330
1F
100
AcDbEntity
  8
0
  6
Continuous
 62
     2
100
AcDbLine
 10
-22.47694051127588
 20
123.8494406226892
 30
0.0
 11
-22.17694051154035
 21
124.1494406226885
 31
0.0
  0
LINE
  5
273
330
1F
100
AcDbEntity
  8
0
  6
Continuous
 62
     2
100
AcDbLine
 10
-22.47694051127588
 20
123.2494406226989
 30
0.0
 11
-22.17694051156036
 21
122.9494406224577
 31
0.0
  0
LINE
  5
274
330
1F
100
AcDbEntity
  8
0
  6
Continuous
 62
     2
100
AcDbLine
 10
-22.47694051127588
 20
123.8494406226892
 30
0.0
 11
-22.47694051127588
 21
123.2494406226989
 31
0.0
  0
LINE
  5
275
330
1F
100
AcDbEntity
  8
0
  6
Continuous
 62
     2
100
AcDbLine
 10
-23.07694051127623
 20
123.8494406226892
 30
0.0
 11
-23.37694051099084
 21
124.1494406227103
 31
0.0
  0
LINE
  5
276
330
1F
100
AcDbEntity
  8
0
  6
Continuous
 62
     2
100
AcDbLine
 10
-23.07694051127623
 20
123.8494406226892
 30
0.0
 11
-22.47694051127588
 21
123.8494406226892
 31
0.0
  0
LINE
  5
277
330
1F
100
AcDbEntity
  8
0
  6
Continuous
 62
     2
100
AcDbLine
 10
-23.07694051127623
 20
123.8494406226892
 30
0.0
 11
-23.07694051127623
 21
123.2494406226989
 31
0.0
  0
LINE
  5
278
330
1F
100
AcDbEntity
  8
0
  6
Continuous
 62
     2
100
AcDbLine
 10
-23.07694051127623
 20
123.2494406226989
 30
0.0
 11
-23.37694051101357
 21
122.9494406224577
 31
0.0
  0
LINE
  5
279
330
1F
100
AcDbEntity
  8
0
  6
Continuous
 62
     2
100
AcDbLine
 10
-23.07694051127623
 20
123.2494406226989
 30
0.0
 11
-22.47694051127588
 21
123.2494406226989
 31
0.0
  0
LINE
  5
27A
330
1F
100
AcDbEntity
  8
0
  6
Continuous
 62
     2
100
AcDbLine
 10
-23.37694051101357
 20
122.9494406224577
 30
0.0
 11
-22.17694051156036
 21
122.9494406224577
 31
0.0
  0
LINE
  5
27B
330
1F
100
AcDbEntity
  8
0
  6
Continuous
 62
     2
100
AcDbLine
 10
-22.17694051154035
 20
124.1494406226885
 30
0.0
 11
-22.17694051156036
 21
122.9494406224577
 31
0.0
  0
LINE
  5
27C
330
1F
100
AcDbEntity
  8
0
  6
Continuous
 62
     2
100
AcDbLine
 10
-23.37694051099084
 20
124.1494406227103
 30
0.0
 11
-23.37694051101357
 21
122.9494406224577
 31
0.0
  0
LINE
  5
27D
330
1F
100
AcDbEntity
  8
0
  6
Continuous
 62
     2
100
AcDbLine
 10
-22.17694051154035
 20
124.1494406226885
 30
0.0
 11
-23.37694051099084
 21
124.1494406227103
 31
0.0
  0
LINE
  5
27E
330
1F
100
AcDbEntity
  8
0
  6
Continuous
 62
     2
100
AcDbLine
 10
-22.17694051154581
 20
126.9494406225295
 30
0.0
 11
-22.16194051127536
 21
126.9494406225295
 31
0.0
  0
LINE
  5
27F
330
1F
100
AcDbEntity
  8
0
  6
Continuous
 62
     2
100
AcDbLine
 10
-22.17694051155308
 20
126.549440622509
 30
0.0
 11
-22.16194051127536
 21
126.549440622509
 31
0.0
  0
LINE
  5
280
330
1F
100
AcDbEntity
  8
0
  6
Continuous
 62
     2
100
AcDbLine
 10
-23.37694051100084
 20
126.9494406225496
 30
0.0
 11
-23.39194051127311
 21
126.9494406225496
 31
0.0
  0
LINE
  5
281
330
1F
100
AcDbEntity
  8
0
  6
Continuous
 62
     2
100
AcDbLine
 10
-23.3769405110063
 20
126.549440622549
 30
0.0
 11
-23.39194051127493
 21
126.549440622549
 31
0.0
  0
LINE
  5
282
330
1F
100
AcDbEntity
  8
0
  6
Continuous
 62
     2
100
AcDbLine
 10
-22.47694051127588
 20
127.049440622529
 30
0.0
 11
-22.17694051154035
 21
127.3494406225083
 31
0.0
  0
LINE
  5
283
330
1F
100
AcDbEntity
  8
0
  6
Continuous
 62
     2
100
AcDbLine
 10
-22.47694051127588
 20
126.4494406225295
 30
0.0
 11
-22.17694051156036
 21
126.1494406222993
 31
0.0
  0
LINE
  5
284
330
1F
100
AcDbEntity
  8
0
  6
Continuous
 62
     2
100
AcDbLine
 10
-22.47694051127588
 20
127.049440622529
 30
0.0
 11
-22.47694051127588
 21
126.4494406225295
 31
0.0
  0
LINE
  5
285
330
1F
100
AcDbEntity
  8
0
  6
Continuous
 62
     2
100
AcDbLine
 10
-23.07694051127623
 20
127.049440622529
 30
0.0
 11
-23.37694051099356
 21
127.3494406225301
 31
0.0
  0
LINE
  5
286
330
1F
100
AcDbEntity
  8
0
  6
Continuous
 62
     2
100
AcDbLine
 10
-23.07694051127623
 20
127.049440622529
 30
0.0
 11
-22.47694051127588
 21
127.049440622529
 31
0.0
  0
LINE
  5
287
330
1F
100
AcDbEntity
  8
0
  6
Continuous
 62
     2
100
AcDbLine
 10
-23.07694051127623
 20
127.049440622529
 30
0.0
 11
-23.07694051127623
 21
126.4494406225295
 31
0.0
  0
LINE
  5
288
330
1F
100
AcDbEntity
  8
0
  6
Continuous
 62
     2
100
AcDbLine
 10
-23.07694051127623
 20
126.4494406225295
 30
0.0
 11
-23.37694051101357
 21
126.1494406222993
 31
0.0
  0
LINE
  5
289
330
1F
100
AcDbEntity
  8
0
  6
Continuous
 62
     2
100
AcDbLine
 10
-23.07694051127623
 20
126.4494406225295
 30
0.0
 11
-22.47694051127588
 21
126.4494406225295
 31
0.0
  0
LINE
  5
28A
330
1F
100
AcDbEntity
  8
0
  6
Continuous
 62
     2
100
AcDbLine
 10
-23.37694051101357
 20
126.1494406222993
 30
0.0
 11
-22.17694051156036
 21
126.1494406222993
 31
0.0
  0
LINE
  5
28B
330
1F
100
AcDbEntity
  8
0
  6
Continuous
 62
     2
100
AcDbLine
 10
-22.17694051154035
 20
127.3494406225083
 30
0.0
 11
-22.17694051156036
 21
126.1494406222993
 31
0.0
  0
LINE
  5
28C
330
1F
100
AcDbEntity
  8
0
  6
Continuous
 62
     2
100
AcDbLine
 10
-23.37694051099356
 20
127.3494406225301
 30
0.0
 11
-23.37694051101357
 21
126.1494406222993
 31
0.0
  0
LINE
  5
28D
330
1F
100
AcDbEntity
  8
0
  6
Continuous
 62
     2
100
AcDbLine
 10
-22.17694051154035
 20
127.3494406225083
 30
0.0
 11
-23.37694051099356
 21
127.3494406225301
 31
0.0
  0
LINE
  5
28E
330
1F
100
AcDbEntity
  8
0
  6
Continuous
 62
     7
100
AcDbLine
 10
-28.76796592183314
 20
118.6173898151493
 30
0.0
 11
-27.86174813918411
 21
117.0477745728705
 31
0.0
  0
LINE
  5
28F
330
1F
100
AcDbEntity
  8
0
  6
Continuous
 62
     7
100
AcDbLine
 10
-28.90194051804724
 20
125.1494406226185
 30
0.0
 11
-28.90194051804724
 21
119.1173898151493
 31
0.0
  0
LINE
  5
290
330
1F
100
AcDbEntity
  8
0
  6
Continuous
 62
     7
100
AcDbLine
 10
-27.30194051804688
 20
125.1494406226185
 30
0.0
 11
-27.30194051804688
 21
117.1977745728592
 31
0.0
  0
LINE
  5
291
330
1F
100
AcDbEntity
  8
0
  6
Continuous
 62
     7
100
AcDbLine
 10
-27.30194051804688
 20
125.1494406226185
 30
0.0
 11
-27.30194051804688
 21
133.1011066723687
 31
0.0
  0
LINE
  5
292
330
1F
100
AcDbEntity
  8
0
  6
Continuous
 62
     7
100
AcDbLine
 10
-28.76796592183314
 20
131.6814914300795
 30
0.0
 11
-27.86174813918411
 21
133.2511066723692
 31
0.0
  0
LINE
  5
293
330
1F
100
AcDbEntity
  8
0
  6
Continuous
 62
     7
100
AcDbLine
 10
-28.90194051804724
 20
125.1494406226185
 30
0.0
 11
-28.90194051804724
 21
131.1814914300795
 31
0.0
  0
LINE
  5
294
330
1F
100
AcDbEntity
  8
0
  6
Continuous
 62
     7
100
AcDbLine
 10
-19.30194051128024
 20
125.1494406226185
 30
0.0
 11
-19.30194051128024
 21
133.1011066723687
 31
0.0
  0
LINE
  5
295
330
1F
100
AcDbEntity
  8
0
  6
Continuous
 62
     7
100
AcDbLine
 10
-17.83591510749216
 20
131.6814914300795
 30
0.0
 11
-18.74213289014301
 21
133.2511066723692
 31
0.0
  0
LINE
  5
296
330
1F
100
AcDbEntity
  8
0
  6
Continuous
 62
     7
100
AcDbLine
 10
-17.70194051127987
 20
125.1494406226185
 30
0.0
 11
-17.70194051127987
 21
131.1814914300795
 31
0.0
  0
LINE
  5
297
330
1F
100
AcDbEntity
  8
0
  6
Continuous
 62
     7
100
AcDbLine
 10
-17.83591510749216
 20
118.6173898151493
 30
0.0
 11
-18.74213289014301
 21
117.0477745728705
 31
0.0
  0
LINE
  5
298
330
1F
100
AcDbEntity
  8
0
  6
Continuous
 62
     7
100
AcDbLine
 10
-17.70194051127987
 20
125.1494406226185
 30
0.0
 11
-17.70194051127987
 21
119.1173898151493
 31
0.0
  0
LINE
  5
299
330
1F
100
AcDbEntity
  8
0
  6
Continuous
 62
     7
100
AcDbLine
 10
-19.30194051128024
 20
125.1494406226185
 30
0.0
 11
-19.30194051128024
 21
117.1977745728592
 31
0.0
  0
LINE
  5
29A
330
1F
100
AcDbEntity
  8
0
  6
Continuous
 62
     7
100
AcDbLine
 10
-20.87694051127915
 20
131.5994406226083
 30
0.0
 11
-20.57694051127987
 21
131.2994406226099
 31
0.0
  0
LINE
  5
29B
330
1F
100
AcDbEntity
  8
0
  6
Continuous
 62
     7
100
AcDbLine
 10
-20.57694051127987
 20
131.2994406226099
 30
0.0
 11
-20.57694051127987
 21
125.1494406226185
 31
0.0
  0
LINE
  5
29C
330
1F
100
AcDbEntity
  8
0
  6
Continuous
 62
     7
100
AcDbLine
 10
-26.02694051127878
 20
131.2994406226099
 30
0.0
 11
-25.7269405112786
 21
131.5994406226083
 31
0.0
  0
LINE
  5
29D
330
1F
100
AcDbEntity
  8
0
  6
Continuous
 62
     7
100
AcDbLine
 10
-25.7269405112786
 20
131.5994406226083
 30
0.0
 11
-20.87694051127915
 21
131.5994406226083
 31
0.0
  0
LINE
  5
29E
330
1F
100
AcDbEntity
  8
0
  6
Continuous
 62
     7
100
AcDbLine
 10
-26.02694051127878
 20
125.1494406226185
 30
0.0
 11
-26.02694051127878
 21
131.2994406226099
 31
0.0
  0
LINE
  5
29F
330
1F
100
AcDbEntity
  8
0
  6
Continuous
 62
     2
100
AcDbLine
 10
-23.39194051127311
 20
124.1644406227598
 30
0.0
 11
-23.39194051127311
 21
122.9344406227611
 31
0.0
  0
LINE
  5
2A0
330
1F
100
AcDbEntity
  8
0
  6
Continuous
 62
     2
100
AcDbLine
 10
-22.16194051127536
 20
124.1644406227598
 30
0.0
 11
-23.39194051127311
 21
124.1644406227598
 31
0.0
  0
LINE
  5
2A1
330
1F
100
AcDbEntity
  8
0
  6
Continuous
 62
     2
100
AcDbLine
 10
-22.16194051127536
 20
122.9344406227611
 30
0.0
 11
-23.39194051127311
 21
122.9344406227611
 31
0.0
  0
LINE
  5
2A2
330
1F
100
AcDbEntity
  8
0
  6
Continuous
 62
     2
100
AcDbLine
 10
-22.16194051127536
 20
124.1644406227598
 30
0.0
 11
-22.16194051127536
 21
122.9344406227611
 31
0.0
  0
LINE
  5
2A3
330
1F
100
AcDbEntity
  8
0
  6
Continuous
 62
     2
100
AcDbLine
 10
-22.16194051127536
 20
126.1344406226682
 30
0.0
 11
-23.39194051127493
 21
126.1344406226682
 31
0.0
  0
LINE
  5
2A4
330
1F
100
AcDbEntity
  8
0
  6
Continuous
 62
     2
100
AcDbLine
 10
-23.39194051127311
 20
127.3644406226787
 30
0.0
 11
-23.39194051127493
 21
126.1344406226682
 31
0.0
  0
LINE
  5
2A5
330
1F
100
AcDbEntity
  8
0
  6
Continuous
 62
     2
100
AcDbLine
 10
-22.16194051127536
 20
127.3644406226787
 30
0.0
 11
-23.39194051127311
 21
127.3644406226787
 31
0.0
  0
LINE
  5
2A6
330
1F
100
AcDbEntity
  8
0
  6
Continuous
 62
     2
100
AcDbLine
 10
-22.16194051127536
 20
127.3644406226787
 30
0.0
 11
-22.16194051127536
 21
126.1344406226682
 31
0.0
  0
LINE
  5
2A7
330
1F
100
AcDbEntity
  8
0
  6
Continuous
 62
     2
100
AcDbLine
 10
-22.16194051127536
 20
130.5644406225175
 30
0.0
 11
-23.39194051127493
 21
130.5644406225311
 31
0.0
  0
LINE
  5
2A8
330
1F
100
AcDbEntity
  8
0
  6
Continuous
 62
     2
100
AcDbLine
 10
-23.39194051127493
 20
130.5644406225311
 30
0.0
 11
-23.39194051127493
 21
129.3344406225298
 31
0.0
  0
LINE
  5
2A9
330
1F
100
AcDbEntity
  8
0
  6
Continuous
 62
     2
100
AcDbLine
 10
-22.16194051127536
 20
129.3344406225298
 30
0.0
 11
-23.39194051127493
 21
129.3344406225298
 31
0.0
  0
LINE
  5
2AA
330
1F
100
AcDbEntity
  8
0
  6
Continuous
 62
     2
100
AcDbLine
 10
-22.16194051127536
 20
130.5644406225175
 30
0.0
 11
-22.16194051127536
 21
129.3344406225298
 31
0.0
  0
LINE
  5
2AB
330
1F
100
AcDbEntity
  8
0
  6
Continuous
 62
     2
100
AcDbLine
 10
-22.16194051127536
 20
119.7344406226995
 30
0.0
 11
-22.16194051127536
 21
120.9644406226999
 31
0.0
  0
LINE
  5
2AC
330
1F
100
AcDbEntity
  8
0
  6
Continuous
 62
     2
100
AcDbLine
 10
-23.39194051127493
 20
119.7344406226995
 30
0.0
 11
-23.39194051127493
 21
120.9644406226999
 31
0.0
  0
LINE
  5
2AD
330
1F
100
AcDbEntity
  8
0
  6
Continuous
 62
     2
100
AcDbLine
 10
-22.16194051127536
 20
120.9644406226999
 30
0.0
 11
-23.39194051127493
 21
120.9644406226999
 31
0.0
  0
LINE
  5
2AE
330
1F
100
AcDbEntity
  8
0
  6
Continuous
 62
     2
100
AcDbLine
 10
-22.16194051127536
 20
119.7344406226995
 30
0.0
 11
-23.39194051127493
 21
119.7344406226995
 31
0.0
  0
LINE
  5
2AF
330
1F
100
AcDbEntity
  8
0
  6
Continuous
 62
     2
100
AcDbLine
 10
-25.80194051466356
 20
133.9911282274289
 30
0.0
 11
-25.80194051466356
 21
134.5037967107493
 31
0.0
  0
LINE
  5
2B0
330
1F
100
AcDbEntity
  8
0
  6
CENTER2
 62
     1
100
AcDbLine
 10
-29.30194051804688
 20
134.4994406226198
 30
0.0
 11
-29.30194051804688
 21
137.7994406226099
 31
0.0
  0
LINE
  5
2B1
330
1F
100
AcDbEntity
  8
0
  6
CENTER2
 62
     1
100
AcDbLine
 10
-27.65194051804724
 20
136.1494406226185
 30
0.0
 11
-30.9519405180456
 21
136.1494406226185
 31
0.0
  0
LINE
  5
2B2
330
1F
100
AcDbEntity
  8
0
  6
CENTER2
 62
     1
100
AcDbLine
 10
-29.30194051804688
 20
115.7994406226099
 30
0.0
 11
-29.30194051804688
 21
112.4994406226179
 31
0.0
  0
LINE
  5
2B3
330
1F
100
AcDbEntity
  8
0
  6
CENTER2
 62
     1
100
AcDbLine
 10
-27.65194051804724
 20
114.1494406226185
 30
0.0
 11
-30.9519405180456
 21
114.1494406226185
 31
0.0
  0
LINE
  5
2B4
330
1F
100
AcDbEntity
  8
0
  6
CENTER2
 62
     1
100
AcDbLine
 10
-17.30194051128024
 20
115.7994406226099
 30
0.0
 11
-17.30194051128024
 21
112.4994406226179
 31
0.0
  0
LINE
  5
2B5
330
1F
100
AcDbEntity
  8
0
  6
CENTER2
 62
     1
100
AcDbLine
 10
-18.95194051127987
 20
114.1494406226185
 30
0.0
 11
-15.65194051127878
 21
114.1494406226185
 31
0.0
  0
LINE
  5
2B6
330
1F
100
AcDbEntity
  8
0
  6
CENTER2
 62
     1
100
AcDbLine
 10
-17.30194051128024
 20
134.4994406226198
 30
0.0
 11
-17.30194051128024
 21
137.7994406226099
 31
0.0
  0
LINE
  5
2B7
330
1F
100
AcDbEntity
  8
0
  6
CENTER2
 62
     1
100
AcDbLine
 10
-18.95194051127987
 20
136.1494406226185
 30
0.0
 11
-15.65194051127878
 21
136.1494406226185
 31
0.0
  0
LINE
  5
2B8
330
1F
100
AcDbEntity
  8
0
  6
CENTER2
 62
     1
100
AcDbLine
 10
-26.6019405112786
 20
114.6494406226185
 30
0.0
 11
-20.00194051127915
 21
114.6494406226185
 31
0.0
  0
LINE
  5
2B9
330
1F
100
AcDbEntity
  8
0
  6
CENTER2
 62
     1
100
AcDbLine
 10
-26.6019405112786
 20
135.6494406226185
 30
0.0
 11
-20.00194051127915
 21
135.6494406226185
 31
0.0
  0
LINE
  5
2BA
330
1F
100
AcDbEntity
  8
0
  6
Continuous
 62
     7
100
AcDbLine
 10
-21.92694051137119
 20
121.6994406226178
 30
0.0
 11
-23.62694051137009
 21
121.6994406226178
 31
0.0
  0
LINE
  5
2BB
330
1F
100
AcDbEntity
  8
0
  6
Continuous
 62
     7
100
AcDbLine
 10
-21.77694051127878
 20
122.0494406226099
 30
0.0
 11
-21.77694051127878
 21
121.8494406226183
 31
0.0
  0
LINE
  5
2BC
330
1F
100
AcDbEntity
  8
0
  6
Continuous
 62
     7
100
AcDbLine
 10
-23.77694051127878
 20
121.8494406226183
 30
0.0
 11
-23.77694051127878
 21
122.0494406226791
 31
0.0
  0
LINE
  5
2BD
330
1F
100
AcDbEntity
  8
0
  6
Continuous
 62
     7
100
AcDbLine
 10
-23.62694051124822
 20
122.1994406226178
 30
0.0
 11
-21.92694051124931
 21
122.1994406226178
 31
0.0
  0
LINE
  5
2BE
330
1F
100
AcDbEntity
  8
0
  6
Continuous
 62
     7
100
AcDbLine
 10
-21.92694051137119
 20
124.8994406226185
 30
0.0
 11
-23.62694051127915
 21
124.8994406226185
 31
0.0
  0
LINE
  5
2BF
330
1F
100
AcDbEntity
  8
0
  6
Continuous
 62
     7
100
AcDbLine
 10
-23.77694051127878
 20
125.0494406226099
 30
0.0
 11
-23.77694051127878
 21
125.2494406226798
 31
0.0
  0
LINE
  5
2C0
330
1F
100
AcDbEntity
  8
0
  6
Continuous
 62
     7
100
AcDbLine
 10
-21.77694051127878
 20
125.2494406226198
 30
0.0
 11
-21.77694051127878
 21
125.0494406226099
 31
0.0
  0
LINE
  5
2C1
330
1F
100
AcDbEntity
  8
0
  6
Continuous
 62
     7
100
AcDbLine
 10
-23.62694051127915
 20
125.3994406226185
 30
0.0
 11
-21.92694051128023
 21
125.3994406226185
 31
0.0
  0
LINE
  5
2C2
330
1F
100
AcDbEntity
  8
0
  6
Continuous
 62
     7
100
AcDbLine
 10
-21.92694051128023
 20
128.0994406226083
 30
0.0
 11
-23.62694051137009
 21
128.0994406226083
 31
0.0
  0
LINE
  5
2C3
330
1F
100
AcDbEntity
  8
0
  6
Continuous
 62
     7
100
AcDbLine
 10
-23.77694051127878
 20
128.2494406226198
 30
0.0
 11
-23.77694051127878
 21
128.4494406226687
 31
0.0
  0
LINE
  5
2C4
330
1F
100
AcDbEntity
  8
0
  6
Continuous
 62
     7
100
AcDbLine
 10
-21.77694051127878
 20
128.4494406226105
 30
0.0
 11
-21.77694051127878
 21
128.2494406226198
 31
0.0
  0
LINE
  5
2C5
330
1F
100
AcDbEntity
  8
0
  6
Continuous
 62
     7
100
AcDbLine
 10
-23.62694051124822
 20
128.5994406226083
 30
0.0
 11
-21.92694051124931
 21
128.5994406226083
 31
0.0
  0
LINE
  5
2C6
330
1F
100
AcDbEntity
  8
0
  6
Continuous
 62
     7
100
AcDbLine
 10
-27.70194051127987
 20
138.9494406226105
 30
0.0
 11
-30.10194051135409
 21
138.9494406225496
 31
0.0
  0
LINE
  5
2C7
330
1F
100
AcDbEntity
  8
0
  6
Continuous
 62
     7
100
AcDbLine
 10
-32.1019405112786
 20
136.9494406226105
 30
0.0
 11
-32.1019405112213
 21
113.3494406225792
 31
0.0
  0
LINE
  5
2C8
330
1F
100
AcDbEntity
  8
0
  6
Continuous
 62
     7
100
AcDbLine
 10
-30.10194051119584
 20
111.3494406225992
 30
0.0
 11
-27.70194051127987
 21
111.3494406226183
 31
0.0
  0
LINE
  5
2C9
330
1F
100
AcDbEntity
  8
0
  6
Continuous
 62
     7
100
AcDbLine
 10
-18.90194051127878
 20
111.3494406226183
 30
0.0
 11
-16.50194051127915
 21
111.3494406226183
 31
0.0
  0
LINE
  5
2CA
330
1F
100
AcDbEntity
  8
0
  6
Continuous
 62
     7
100
AcDbLine
 10
-14.50194051122094
 20
113.3494406226802
 30
0.0
 11
-14.50194051127915
 21
136.9494406226105
 31
0.0
  0
LINE
  5
2CB
330
1F
100
AcDbEntity
  8
0
  6
Continuous
 62
     7
100
AcDbLine
 10
-16.50194051127915
 20
138.9494406226105
 30
0.0
 11
-18.90194051127878
 21
138.9494406226105
 31
0.0
  0
LINE
  5
2CC
330
1F
100
AcDbEntity
  8
0
  6
Continuous
 62
     7
100
AcDbLine
 10
-20.57694051127987
 20
121.4494406226178
 30
0.0
 11
-20.92694051128024
 21
121.4494406226178
 31
0.0
  0
LINE
  5
2CD
330
1F
100
AcDbEntity
  8
0
  6
Continuous
 62
     7
100
AcDbLine
 10
-21.12694051127915
 20
121.6494406226185
 30
0.0
 11
-21.12694051127915
 21
122.2494406226989
 31
0.0
  0
LINE
  5
2CE
330
1F
100
AcDbEntity
  8
0
  6
Continuous
 62
     7
100
AcDbLine
 10
-20.92694051128024
 20
122.4494406226178
 30
0.0
 11
-20.57694051127987
 21
122.4494406226178
 31
0.0
  0
LINE
  5
2CF
330
1F
100
AcDbEntity
  8
0
  6
Continuous
 62
     7
100
AcDbLine
 10
-25.67694051128024
 20
124.6494406226185
 30
0.0
 11
-26.02694051127878
 21
124.6494406226185
 31
0.0
  0
LINE
  5
2D0
330
1F
100
AcDbEntity
  8
0
  6
Continuous
 62
     7
100
AcDbLine
 10
-25.4769405112786
 20
125.4494406226178
 30
0.0
 11
-25.4769405112786
 21
124.8494406226183
 31
0.0
  0
LINE
  5
2D1
330
1F
100
AcDbEntity
  8
0
  6
Continuous
 62
     7
100
AcDbLine
 10
-26.02694051127878
 20
125.6494406226185
 30
0.0
 11
-25.67694051128024
 21
125.6494406226185
 31
0.0
  0
LINE
  5
2D2
330
1F
100
AcDbEntity
  8
0
  6
Continuous
 62
     7
100
AcDbLine
 10
-20.57694051127987
 20
127.8494406226083
 30
0.0
 11
-20.92694051128024
 21
127.8494406226083
 31
0.0
  0
LINE
  5
2D3
330
1F
100
AcDbEntity
  8
0
  6
Continuous
 62
     7
100
AcDbLine
 10
-21.12694051127915
 20
128.0494406226099
 30
0.0
 11
-21.12694051127915
 21
128.6494406227003
 31
0.0
  0
LINE
  5
2D4
330
1F
100
AcDbEntity
  8
0
  6
Continuous
 62
     7
100
AcDbLine
 10
-20.9269405112384
 20
128.8494406226083
 30
0.0
 11
-20.57694051127987
 21
128.8494406226083
 31
0.0
  0
LINE
  5
2D5
330
1F
100
AcDbEntity
  8
0
  6
Continuous
 62
     7
100
AcDbLine
 10
-20.37694051127915
 20
117.8494406226183
 30
0.0
 11
-26.2269405112786
 21
117.8494406226183
 31
0.0
  0
LINE
  5
2D6
330
1F
100
AcDbEntity
  8
0
  6
Continuous
 62
     7
100
AcDbLine
 10
-26.2269405112786
 20
117.8494406226183
 30
0.0
 11
-27.02694051127878
 21
118.6494406226185
 31
0.0
  0
LINE
  5
2D7
330
1F
100
AcDbEntity
  8
0
  6
Continuous
 62
     7
100
AcDbLine
 10
-19.57694051127987
 20
118.6494406226185
 30
0.0
 11
-20.37694051127915
 21
117.8494406226183
 31
0.0
  0
LINE
  5
2D8
330
1F
100
AcDbEntity
  8
0
  6
Continuous
 62
     7
100
AcDbLine
 10
-25.7269405112786
 20
118.6994406226178
 30
0.0
 11
-20.87694051127915
 21
118.6994406226178
 31
0.0
  0
LINE
  5
2D9
330
1F
100
AcDbEntity
  8
0
  6
Continuous
 62
     7
100
AcDbLine
 10
-20.87694051127915
 20
118.6994406226178
 30
0.0
 11
-20.57694051127987
 21
118.9994406226198
 31
0.0
  0
LINE
  5
2DA
330
1F
100
AcDbEntity
  8
0
  6
Continuous
 62
     7
100
AcDbLine
 10
-26.02694051127878
 20
118.9994406226198
 30
0.0
 11
-25.7269405112786
 21
118.6994406226178
 31
0.0
  0
LINE
  5
2DB
330
1F
100
AcDbEntity
  8
0
  6
Continuous
 62
     7
100
AcDbLine
 10
-19.57694051127987
 20
131.6494406226185
 30
0.0
 11
-19.57694051127987
 21
118.6494406226185
 31
0.0
  0
LINE
  5
2DC
330
1F
100
AcDbEntity
  8
0
  6
Continuous
 62
     7
100
AcDbLine
 10
-27.02694051127878
 20
118.6494406226185
 30
0.0
 11
-27.02694051127878
 21
131.6494406226185
 31
0.0
  0
LINE
  5
2DD
330
1F
100
AcDbEntity
  8
0
  6
Continuous
 62
     7
100
AcDbLine
 10
-26.02694051127878
 20
125.1494406226185
 30
0.0
 11
-26.02694051127878
 21
118.9994406226198
 31
0.0
  0
LINE
  5
2DE
330
1F
100
AcDbEntity
  8
0
  6
Continuous
 62
     7
100
AcDbLine
 10
-20.57694051127987
 20
118.9994406226198
 30
0.0
 11
-20.57694051127987
 21
125.1494406226185
 31
0.0
  0
LINE
  5
2DF
330
1F
100
AcDbEntity
  8
0
  6
Continuous
 62
     7
100
AcDbLine
 10
-26.2269405112786
 20
132.4494406226105
 30
0.0
 11
-20.37694051127915
 21
132.4494406226105
 31
0.0
  0
LINE
  5
2E0
330
1F
100
AcDbEntity
  8
0
  6
Continuous
 62
     7
100
AcDbLine
 10
-27.02694051127878
 20
131.6494406226185
 30
0.0
 11
-26.2269405112786
 21
132.4494406226105
 31
0.0
  0
LINE
  5
2E1
330
1F
100
AcDbEntity
  8
0
  6
Continuous
 62
     7
100
AcDbLine
 10
-20.37694051127915
 20
132.4494406226105
 30
0.0
 11
-19.57694051127987
 21
131.6494406226185
 31
0.0
  0
LINE
  5
2E2
330
1F
100
AcDbEntity
  8
0
  6
Continuous
 62
     7
100
AcDbLine
 10
-57.30189802831706
 20
124.8690037384778
 30
0.0
 11
-70.30189802831886
 21
124.8692438610288
 31
0.0
  0
LINE
  5
2E3
330
1F
100
AcDbEntity
  8
0
  6
Continuous
 62
     7
100
AcDbLine
 10
-55.00194051153926
 20
107.5687652189264
 30
0.0
 11
-55.00194051153926
 21
122.5690037388687
 31
0.0
  0
LINE
  5
2E4
330
1F
100
AcDbEntity
  8
0
  6
Continuous
 62
     7
100
AcDbLine
 10
-70.30198299476001
 20
105.2690053418684
 30
0.0
 11
-57.30198299475818
 21
105.2687652193191
 31
0.0
  0
LINE
  5
2E5
330
1F
100
AcDbEntity
  8
0
  6
CENTER2
 62
     1
100
AcDbLine
 10
-69.68709181852614
 20
115.1495493270387
 30
0.0
 11
-57.63624971567629
 21
115.1493267363495
 31
0.0
  0
LINE
  5
2E6
330
1F
100
AcDbEntity
  8
0
  6
CENTER2
 62
     1
100
AcDbLine
 10
-67.78761468132803
 20
107.919042283069
 30
0.0
 11
-66.90761468132882
 21
107.919042283069
 31
0.0
  0
LINE
  5
2E7
330
1F
100
AcDbEntity
  8
0
  6
CENTER2
 62
     1
100
AcDbLine
 10
-63.64273035118753
 20
104.4690393423035
 30
0.0
 11
-63.64273035118753
 21
125.6690393423051
 31
0.0
  0
LINE
  5
2E8
330
1F
100
AcDbEntity
  8
0
  6
Continuous
 62
     7
100
AcDbLine
 10
-61.03766484879384
 20
115.3972336961289
 30
0.0
 11
-60.8630288488141
 21
115.3972336961289
 31
0.0
  0
LINE
  5
2E9
330
1F
100
AcDbEntity
  8
0
  6
Continuous
 62
     7
100
AcDbLine
 10
-61.13745684881292
 20
114.9980656961289
 30
0.0
 11
-61.13745684881292
 21
115.2974416961689
 31
0.0
  0
LINE
  5
2EA
330
1F
100
AcDbEntity
  8
0
  6
Continuous
 62
     7
100
AcDbLine
 10
-60.8630288488141
 20
114.898273696119
 30
0.0
 11
-61.03766484881568
 21
114.898273696119
 31
0.0
  0
LINE
  5
2EB
330
1F
100
AcDbEntity
  8
0
  6
Continuous
 62
     7
100
AcDbLine
 10
-65.57074081061296
 20
118.9398911222389
 30
0.0
 11
-66.45151499422286
 21
118.058929372498
 31
0.0
  0
LINE
  5
2EC
330
1F
100
AcDbEntity
  8
0
  6
Continuous
 62
     7
100
AcDbLine
 10
-66.45151499422286
 20
118.058929372498
 30
0.0
 11
-66.45089512431354
 21
112.2367313134401
 31
0.0
  0
LINE
  5
2ED
330
1F
100
AcDbEntity
  8
0
  6
Continuous
 62
     7
100
AcDbLine
 10
-66.45089512431354
 20
112.2367313134401
 30
0.0
 11
-65.56966325586859
 21
111.3556870686308
 31
0.0
  0
LINE
  5
2EE
330
1F
100
AcDbEntity
  8
0
  6
Continuous
 62
     7
100
AcDbLine
 10
-65.56966325586859
 20
111.3556870686308
 30
0.0
 11
-61.7447201764146
 21
111.3556283078579
 31
0.0
  0
LINE
  5
2EF
330
1F
100
AcDbEntity
  8
0
  6
Continuous
 62
     7
100
AcDbLine
 10
-61.7447201764146
 20
111.3556283078579
 30
0.0
 11
-60.86354152898753
 21
112.2367798814477
 31
0.0
  0
LINE
  5
2F0
330
1F
100
AcDbEntity
  8
0
  6
Continuous
 62
     7
100
AcDbLine
 10
-60.86354152898753
 20
112.2367798814477
 30
0.0
 11
-60.86259709504997
 21
118.0588108456278
 31
0.0
  0
LINE
  5
2F1
330
1F
100
AcDbEntity
  8
0
  6
Continuous
 62
     7
100
AcDbLine
 10
-61.74330871946882
 20
118.9398082496683
 30
0.0
 11
-65.57074081061296
 21
118.9398911222389
 31
0.0
  0
LINE
  5
2F2
330
1F
100
AcDbEntity
  8
0
  6
Continuous
 62
     7
100
AcDbLine
 10
-66.17519560403093
 20
109.7395491498684
 30
0.0
 11
-61.11030335368582
 21
109.7394713403593
 31
0.0
  0
LINE
  5
2F3
330
1F
100
AcDbEntity
  8
0
  6
Continuous
 62
     7
100
AcDbLine
 10
-60.96917525584217
 20
109.7979259724608
 30
0.0
 11
-59.21122218778805
 21
111.5558250281602
 31
0.0
  0
LINE
  5
2F4
330
1F
100
AcDbEntity
  8
0
  6
Continuous
 62
     7
100
AcDbLine
 10
-59.15276322214254
 20
111.6969220200582
 30
0.0
 11
-59.15161765060588
 21
118.7588801964695
 31
0.0
  0
LINE
  5
2F5
330
1F
100
AcDbEntity
  8
0
  6
Continuous
 62
     7
100
AcDbLine
 10
-61.10870584427289
 20
120.7463193790883
 30
0.0
 11
-66.17642953221116
 21
120.7166851067687
 31
0.0
  0
LINE
  5
2F6
330
1F
100
AcDbEntity
  8
0
  6
Continuous
 62
     7
100
AcDbLine
 10
-66.31757607801342
 20
120.6582132804898
 30
0.0
 11
-68.07518833487961
 21
118.9002267296201
 31
0.0
  0
LINE
  5
2F7
330
1F
100
AcDbEntity
  8
0
  6
Continuous
 62
     7
100
AcDbLine
 10
-68.13363010939179
 20
118.7590933068988
 30
0.0
 11
-68.13287821487688
 21
111.6968392603677
 31
0.0
  0
LINE
  5
2F8
330
1F
100
AcDbEntity
  8
0
  6
Continuous
 62
     7
100
AcDbLine
 10
-68.07440638968478
 20
111.555718285049
 30
0.0
 11
-66.31630471159337
 21
109.7979909254892
 31
0.0
  0
LINE
  5
2F9
330
1F
100
AcDbEntity
  8
0
  6
Continuous
 62
     7
100
AcDbLine
 10
-72.30194051154035
 20
107.5690053414784
 30
0.0
 11
-72.30194051154035
 21
122.5692438614179
 31
0.0
  0
LINE
  5
2FA
330
1F
100
AcDbEntity
  8
0
  6
Continuous
 62
     7
100
AcDbLine
 10
-70.30190356960815
 20
124.5692438610805
 30
0.0
 11
-57.30190356960815
 21
124.5690037385285
 31
0.0
  0
LINE
  5
2FB
330
1F
100
AcDbEntity
  8
0
  6
Continuous
 62
     7
100
AcDbLine
 10
-55.30194051153853
 20
122.5690037388687
 30
0.0
 11
-55.30194051153853
 21
107.5687652189264
 31
0.0
  0
LINE
  5
2FC
330
1F
100
AcDbEntity
  8
0
  6
Continuous
 62
     7
100
AcDbLine
 10
-57.30197745346981
 20
105.5687652192683
 30
0.0
 11
-70.30197745346981
 21
105.5690053418185
 31
0.0
  0
LINE
  5
2FD
330
1F
100
AcDbEntity
  8
0
  6
Continuous
 62
     7
100
AcDbLine
 10
-67.60194051153963
 20
107.9689554703283
 30
0.0
 11
-67.60194051153963
 21
105.5689554695283
 31
0.0
  0
LINE
  5
2FE
330
1F
100
AcDbEntity
  8
0
  6
Continuous
 62
     7
100
AcDbLine
 10
-69.90194051153979
 20
110.2689554703267
 30
0.0
 11
-72.30194051154035
 21
110.2689554703267
 31
0.0
  0
LINE
  5
2FF
330
1F
100
AcDbEntity
  8
0
  6
Continuous
 62
     7
100
AcDbLine
 10
-60.86259709504997
 20
118.0588108456278
 30
0.0
 11
-61.74330871946882
 21
118.9398082496683
 31
0.0
  0
LINE
  5
300
330
1F
100
AcDbEntity
  8
0
  6
Continuous
 62
     7
100
AcDbLine
 10
-59.23214446827956
 20
118.9518609575354
 30
0.0
 11
-60.96756007449153
 21
120.6878396838375
 31
0.0
  0
LINE
  5
301
330
1F
100
AcDbEntity
  8
0
  6
Continuous
 62
     7
100
AcDbLine
 10
-60.00194051153653
 20
124.5690536108206
 30
0.0
 11
-60.00194051153653
 21
122.1690111271893
 31
0.0
  0
LINE
  5
302
330
1F
100
AcDbEntity
  8
0
  6
Continuous
 62
     7
100
AcDbLine
 10
-57.70198299475783
 20
119.8690111275792
 30
0.0
 11
-55.30194051153853
 21
119.8689667964801
 31
0.0
  0
LINE
  5
303
330
1F
100
AcDbEntity
  8
0
  6
CENTER2
 62
     1
100
AcDbLine
 10
-57.68761468132858
 20
125.2990422830682
 30
0.0
 11
-57.68761468132858
 21
119.1390422830683
 31
0.0
  0
LINE
  5
304
330
1F
100
AcDbEntity
  8
0
  6
CENTER2
 62
     1
100
AcDbLine
 10
-60.7676146813294
 20
122.2190422830673
 30
0.0
 11
-55.48761468132784
 21
122.2190422830673
 31
0.0
  0
LINE
  5
309
330
1F
100
AcDbEntity
  8
0
  6
CENTER2
 62
     1
100
AcDbLine
 10
-55.48761468132784
 20
122.2190422830673
 30
0.0
 11
-54.60761468132681
 21
122.2190422830673
 31
0.0
  0
LINE
  5
30E
330
1F
100
AcDbEntity
  8
0
  6
CENTER2
 62
     1
100
AcDbLine
 10
-69.98761468132785
 20
110.9990422830698
 30
0.0
 11
-69.98761468132785
 21
104.8390422830681
 31
0.0
  0
LINE
  5
30F
330
1F
100
AcDbEntity
  8
0
  6
CENTER2
 62
     1
100
AcDbLine
 10
-73.06761468132686
 20
107.919042283069
 30
0.0
 11
-67.78761468132803
 21
107.919042283069
 31
0.0
  0
LINE
  5
310
330
1F
100
AcDbEntity
  8
0
  6
Continuous
 62
     7
100
AcDbLine
 10
-92.10194051153962
 20
152.6494406226185
 30
0.0
 11
-83.60194051153781
 21
152.6494406226185
 31
0.0
  0
LINE
  5
311
330
1F
100
AcDbEntity
  8
0
  6
CENTER2
 62
     1
100
AcDbLine
 10
-95.30867483732913
 20
142.1494406226185
 30
0.0
 11
-80.69816895279588
 21
142.1494406226185
 31
0.0
  0
LINE
  5
312
330
1F
100
AcDbEntity
  8
0
  6
CENTER2
 62
     1
100
AcDbLine
 10
-87.85194051153963
 20
135.049440622619
 30
0.0
 11
-87.85194051153963
 21
149.2494406226198
 31
0.0
  0
LINE
  5
313
330
1F
100
AcDbEntity
  8
0
  6
Continuous
 62
     7
100
AcDbLine
 10
-83.60194051153781
 20
131.6494406226185
 30
0.0
 11
-92.10194051154051
 21
131.6494406226185
 31
0.0
  0
LINE
  5
315
330
1F
100
AcDbEntity
  8
0
  6
Continuous
 62
     7
100
AcDbLine
 10
-78.6019405115378
 20
142.1494406226185
 30
0.0
 11
-73.1019405115378
 21
142.1494406226185
 31
0.0
  0
LINE
  5
316
330
1F
100
AcDbEntity
  8
0
  6
Continuous
 62
     7
100
AcDbLine
 10
-76.98194051153881
 20
143.4994406226198
 30
0.0
 11
-76.63194051154302
 21
143.1494406226185
 31
0.0
  0
LINE
  5
317
330
1F
100
AcDbEntity
  8
0
  6
Continuous
 62
     7
100
AcDbLine
 10
-72.98194051153881
 20
143.1494406226185
 30
0.0
 11
-76.63194051154302
 21
143.1494406226185
 31
0.0
  0
LINE
  5
318
330
1F
100
AcDbEntity
  8
0
  6
Continuous
 62
     7
100
AcDbLine
 10
-72.60194051153781
 20
142.6494406226185
 30
0.0
 11
-72.98194051153881
 21
142.6494406226185
 31
0.0
  0
LINE
  5
319
330
1F
100
AcDbEntity
  8
0
  6
Continuous
 62
     7
100
AcDbLine
 10
-72.98194051153881
 20
142.6494406226185
 30
0.0
 11
-72.98194051153881
 21
150.6494406226185
 31
0.0
  0
LINE
  5
31A
330
1F
100
AcDbEntity
  8
0
  6
Continuous
 62
     7
100
AcDbLine
 10
-76.63194051154302
 20
150.1494406226185
 30
0.0
 11
-76.63194051154302
 21
143.1494406226185
 31
0.0
  0
LINE
  5
31B
330
1F
100
AcDbEntity
  8
0
  6
Continuous
 62
     7
100
AcDbLine
 10
-76.98194051153881
 20
143.4994406226198
 30
0.0
 11
-76.98194051153881
 21
149.799440622619
 31
0.0
  0
LINE
  5
31C
330
1F
100
AcDbEntity
  8
0
  6
Continuous
 62
     7
100
AcDbLine
 10
-76.63194051154302
 20
150.1494406226185
 30
0.0
 11
-76.98194051153881
 21
149.799440622619
 31
0.0
  0
LINE
  5
31D
330
1F
100
AcDbEntity
  8
0
  6
Continuous
 62
     7
100
AcDbLine
 10
-76.63194051154302
 20
150.1494406226185
 30
0.0
 11
-72.98194051153881
 21
150.1494406226185
 31
0.0
  0
LINE
  5
31E
330
1F
100
AcDbEntity
  8
0
  6
Continuous
 62
     7
100
AcDbLine
 10
-81.60194051154233
 20
152.6494406226185
 30
0.0
 11
-73.1019405115378
 21
152.6494406226185
 31
0.0
  0
LINE
  5
31F
330
1F
100
AcDbEntity
  8
0
  6
Continuous
 62
     7
100
AcDbLine
 10
-72.98194051153881
 20
150.6494406226185
 30
0.0
 11
-72.60194051153781
 21
150.6494406226185
 31
0.0
  0
LINE
  5
322
330
1F
100
AcDbEntity
  8
0
  6
CENTER2
 62
     1
100
AcDbLine
 10
-57.68761468132858
 20
109.1190422830715
 30
0.0
 11
-57.68761468132858
 21
106.7190422830673
 31
0.0
  0
LINE
  5
323
330
1F
100
AcDbEntity
  8
0
  6
CENTER2
 62
     1
100
AcDbLine
 10
-58.88761468133021
 20
107.919042283069
 30
0.0
 11
-56.48761468132785
 21
107.919042283069
 31
0.0
  0
LINE
  5
324
330
1F
100
AcDbEntity
  8
0
  6
CENTER2
 62
     1
100
AcDbLine
 10
-69.98761468132785
 20
123.419042283069
 30
0.0
 11
-69.98761468132785
 21
121.0190422830693
 31
0.0
  0
LINE
  5
325
330
1F
100
AcDbEntity
  8
0
  6
CENTER2
 62
     1
100
AcDbLine
 10
-71.18761468132584
 20
122.2190422830673
 30
0.0
 11
-68.78761468132802
 21
122.2190422830673
 31
0.0
  0
LINE
  5
326
330
1F
100
AcDbEntity
  8
0
  6
CENTER2
 62
     1
100
AcDbLine
 10
-91.8533936262686
 20
151.6341706164977
 30
0.0
 11
-91.85339362626677
 21
149.2341706164999
 31
0.0
  0
LINE
  5
327
330
1F
100
AcDbEntity
  8
0
  6
CENTER2
 62
     1
100
AcDbLine
 10
-93.05339362626844
 20
150.4341706164988
 30
0.0
 11
-90.65339362626877
 21
150.4341706164988
 31
0.0
  0
LINE
  5
328
330
1F
100
AcDbEntity
  8
0
  6
CENTER2
 62
     1
100
AcDbLine
 10
-83.84959556452235
 20
151.6775826609092
 30
0.0
 11
-83.84959556452235
 21
149.2775826609187
 31
0.0
  0
LINE
  5
329
330
1F
100
AcDbEntity
  8
0
  6
CENTER2
 62
     1
100
AcDbLine
 10
-85.04959556452126
 20
150.4775826609185
 30
0.0
 11
-82.64959556452254
 21
150.4775826609185
 31
0.0
  0
LINE
  5
32A
330
1F
100
AcDbEntity
  8
0
  6
CENTER2
 62
     1
100
AcDbLine
 10
-91.84977226516934
 20
135.0330288057295
 30
0.0
 11
-91.84977226516934
 21
132.633028805728
 31
0.0
  0
LINE
  5
32B
330
1F
100
AcDbEntity
  8
0
  6
CENTER2
 62
     1
100
AcDbLine
 10
-93.04977226517008
 20
133.8330288057297
 30
0.0
 11
-90.64977226516862
 21
133.8330288057297
 31
0.0
  0
LINE
  5
32C
330
1F
100
AcDbEntity
  8
0
  6
CENTER2
 62
     1
100
AcDbLine
 10
-83.84597420342402
 20
135.0764408501492
 30
0.0
 11
-83.84597420342402
 21
132.6764408501496
 31
0.0
  0
LINE
  5
32D
330
1F
100
AcDbEntity
  8
0
  6
CENTER2
 62
     1
100
AcDbLine
 10
-85.04597420342383
 20
133.8764408501485
 30
0.0
 11
-82.6459742034233
 21
133.8764408501485
 31
0.0
  0
LINE
  5
32F
330
1F
100
AcDbEntity
  8
0
  6
CENTER2
 62
     1
100
AcDbLine
 10
-177.7668890018295
 20
-82.49451399143424
 30
0.0
 11
-189.0806449220118
 21
-71.18085291384421
 31
0.0
  0
LINE
  5
330
330
1F
100
AcDbEntity
  8
0
  6
CENTER2
 62
     1
100
AcDbLine
 10
-177.7671557454988
 20
-7.541509352966269
 30
0.0
 11
-189.0809116656838
 21
-18.85517043055085
 31
0.0
  0
LINE
  5
331
330
1F
100
AcDbEntity
  8
0
  6
CENTER2
 62
     1
100
AcDbLine
 10
-252.720521972472
 20
-7.54150935296354
 30
0.0
 11
-241.4067660522889
 21
-18.85517043055358
 31
0.0
  0
LINE
  5
332
330
1F
100
AcDbEntity
  8
0
  6
CENTER2
 62
     1
100
AcDbLine
 10
-252.7207887161749
 20
-82.49451399140331
 30
0.0
 11
-241.4070327959882
 21
-71.18085291381873
 31
0.0
  0
LINE
  5
333
330
1F
100
AcDbEntity
  8
0
  6
CENTER2
 62
     1
100
AcDbLine
 10
-171.2438388589498
 20
-45.01787830147804
 30
0.0
 11
-259.2438388590346
 21
-45.01787830146702
 31
0.0
  0
LINE
  5
334
330
1F
100
AcDbEntity
  8
0
  6
CENTER2
 62
     1
100
AcDbLine
 10
-215.243838859001
 20
-89.01814504514904
 30
0.0
 11
-215.243838859001
 21
14.28212169853226
 31
0.0
  0
LINE
  5
339
330
1F
100
AcDbEntity
  8
0
  6
Continuous
 62
     7
100
AcDbLine
 10
-201.3338388589901
 20
10.28212169853226
 30
0.0
 11
-201.3338388589901
 21
4.782121698532249
 31
0.0
  0
LINE
  5
33A
330
1F
100
AcDbEntity
  8
0
  6
Continuous
 62
     7
100
AcDbLine
 10
-209.3138388590007
 20
10.28212169853226
 30
0.0
 11
-201.3338388589901
 21
10.28212169853226
 31
0.0
  0
LINE
  5
33B
330
1F
100
AcDbEntity
  8
0
  6
Continuous
 62
     7
100
AcDbLine
 10
-209.3138388590007
 20
4.782121698532249
 30
0.0
 11
-209.3138388590007
 21
10.28212169853226
 31
0.0
  0
LINE
  5
33C
330
1F
100
AcDbEntity
  8
0
  6
Continuous
 62
     7
100
AcDbLine
 10
-195.7438388590001
 20
4.782121698532249
 30
0.0
 11
-195.743838859001
 21
1.48212169853298
 31
0.0
  0
LINE
  5
33D
330
1F
100
AcDbEntity
  8
0
  6
Continuous
 62
     7
100
AcDbLine
 10
-214.7438388590002
 20
4.782121698532249
 30
0.0
 11
-195.7438388590001
 21
4.782121698532249
 31
0.0
  0
LINE
  5
33E
330
1F
100
AcDbEntity
  8
0
  6
Continuous
 62
     7
100
AcDbLine
 10
-214.7438388590009
 20
1.48212169853298
 30
0.0
 11
-214.7438388590002
 21
4.782121698532249
 31
0.0
  0
LINE
  5
33F
330
1F
100
AcDbEntity
  8
0
  6
Continuous
 62
     7
100
AcDbLine
 10
-195.4438388589899
 20
1.48212169853298
 30
0.0
 11
-195.4438388589899
 21
-5.017878301467018
 31
0.0
  0
LINE
  5
340
330
1F
100
AcDbEntity
  8
0
  6
Continuous
 62
     7
100
AcDbLine
 10
-215.0438388589929
 20
1.48212169853298
 30
0.0
 11
-195.4438388589899
 21
1.48212169853298
 31
0.0
  0
LINE
  5
341
330
1F
100
AcDbEntity
  8
0
  6
Continuous
 62
     7
100
AcDbLine
 10
-215.0438388589929
 20
-5.017878301467018
 30
0.0
 11
-215.0438388589929
 21
1.48212169853298
 31
0.0
  0
LINE
  5
342
330
1F
100
AcDbEntity
  8
0
  6
Continuous
 62
     7
100
AcDbLine
 10
-222.5438388589929
 20
3.582121698531529
 30
0.0
 11
-222.5438388589929
 21
1.982121698522069
 31
0.0
  0
LINE
  5
343
330
1F
100
AcDbEntity
  8
0
  6
Continuous
 62
     7
100
AcDbLine
 10
-227.3438388590012
 20
7.282121698521339
 30
0.0
 11
-227.3438388590012
 21
1.982121698522069
 31
0.0
  0
LINE
  5
344
330
1F
100
AcDbEntity
  8
0
  6
Continuous
 62
     7
100
AcDbLine
 10
-237.1438388590005
 20
7.282121698521339
 30
0.0
 11
-227.3438388590012
 21
7.282121698521339
 31
0.0
  0
LINE
  5
345
330
1F
100
AcDbEntity
  8
0
  6
Continuous
 62
     7
100
AcDbLine
 10
-237.1438388590005
 20
1.982121698522069
 30
0.0
 11
-237.1438388590005
 21
7.282121698521339
 31
0.0
  0
LINE
  5
346
330
1F
100
AcDbEntity
  8
0
  6
Continuous
 62
     7
100
AcDbLine
 10
-249.7438388589819
 20
-19.01787830147793
 30
0.0
 11
-246.7438388589819
 21
-19.01787830147793
 31
0.0
  0
LINE
  5
347
330
1F
100
AcDbEntity
  8
0
  6
Continuous
 62
     7
100
AcDbLine
 10
-221.7438388589819
 20
1.882121698523519
 30
0.0
 11
-221.7438388589819
 21
-4.91787830147848
 31
0.0
  0
LINE
  5
348
330
1F
100
AcDbEntity
  8
0
  6
Continuous
 62
     7
100
AcDbLine
 10
-242.6438388589905
 20
1.982121698522069
 30
0.0
 11
-221.8438388589922
 21
1.982121698522069
 31
0.0
  0
LINE
  5
349
330
1F
100
AcDbEntity
  8
0
  6
Continuous
 62
     7
100
AcDbLine
 10
-242.7438388589818
 20
-15.01787830147793
 30
0.0
 11
-242.7438388589818
 21
1.882121698523519
 31
0.0
  0
LINE
  5
34A
330
1F
100
AcDbEntity
  8
0
  6
Continuous
 62
     7
100
AcDbLine
 10
-215.7438388590009
 20
-0.5181450451490201
 30
0.0
 11
-221.7438388589819
 21
-0.5181450451490201
 31
0.0
  0
LINE
  5
34B
330
1F
100
AcDbEntity
  8
0
  6
Continuous
 62
     7
100
AcDbLine
 10
-222.5438388589929
 20
3.582121698531529
 30
0.0
 11
-214.7438388590009
 21
3.58185495485316
 31
0.0
  0
LINE
  5
34C
330
1F
100
AcDbEntity
  8
0
  6
Continuous
 62
     7
100
AcDbLine
 10
-193.743838859001
 20
-14.01787830146703
 30
0.0
 11
-189.4898055514123
 21
-14.01787830146703
 31
0.0
  0
LINE
  5
34D
330
1F
100
AcDbEntity
  8
0
  6
Continuous
 62
     7
100
AcDbLine
 10
-198.243838859001
 20
-6.017878301467018
 30
0.0
 11
-198.243838859001
 21
-9.517878301467019
 31
0.0
  0
LINE
  5
34E
330
1F
100
AcDbEntity
  8
0
  6
Continuous
 62
     7
100
AcDbLine
 10
-198.243838859001
 20
-6.017878301467018
 30
0.0
 11
-198.243838859001
 21
-9.517878301467019
 31
0.0
  0
LINE
  5
34F
330
1F
100
AcDbEntity
  8
0
  6
Continuous
 62
     7
100
AcDbLine
 10
-241.2438388590009
 20
-78.51787830146702
 30
0.0
 11
-241.2438388590009
 21
-81.01787830146703
 31
0.0
  0
LINE
  5
350
330
1F
100
AcDbEntity
  8
0
  6
Continuous
 62
     7
100
AcDbLine
 10
-179.243838859001
 20
-71.01787830146702
 30
0.0
 11
-181.743838859001
 21
-71.01787830146702
 31
0.0
  0
LINE
  5
351
330
1F
100
AcDbEntity
  8
0
  6
Continuous
 62
     7
100
AcDbLine
 10
-189.2438388589819
 20
-11.51814504514902
 30
0.0
 11
-189.2438388589819
 21
-9.018145045149019
 31
0.0
  0
LINE
  5
352
330
1F
100
AcDbEntity
  8
0
  6
Continuous
 62
     7
100
AcDbLine
 10
-248.7438388589819
 20
-71.01787830147793
 30
0.0
 11
-251.2438388589818
 21
-71.01787830147793
 31
0.0
  0
LINE
  5
353
330
1F
100
AcDbEntity
  8
0
  6
Continuous
 62
     7
100
AcDbLine
 10
-189.2438388589819
 20
-81.01787830147793
 30
0.0
 11
-189.2438388589819
 21
-78.51787830147793
 31
0.0
  0
LINE
  5
354
330
1F
100
AcDbEntity
  8
0
  6
Continuous
 62
     7
100
AcDbLine
 10
-179.2438388589819
 20
-19.01814504514902
 30
0.0
 11
-181.7438388589819
 21
-19.01814504514902
 31
0.0
  0
LINE
  5
355
330
1F
100
AcDbEntity
  8
0
  6
Continuous
 62
     7
100
AcDbLine
 10
-193.7435721153099
 20
-80.51814504516721
 30
0.0
 11
-191.9935721153099
 21
-80.51814504516721
 31
0.0
  0
LINE
  5
356
330
1F
100
AcDbEntity
  8
0
  6
Continuous
 62
     7
100
AcDbLine
 10
-193.7435721153099
 20
-80.51814504516721
 30
0.0
 11
-195.4935721153099
 21
-80.51814504516721
 31
0.0
  0
LINE
  5
357
330
1F
100
AcDbEntity
  8
0
  6
Continuous
 62
     7
100
AcDbLine
 10
-193.7435721153099
 20
-80.51814504516721
 30
0.0
 11
-193.7435721153099
 21
-82.26814504516722
 31
0.0
  0
LINE
  5
358
330
1F
100
AcDbEntity
  8
0
  6
Continuous
 62
     7
100
AcDbLine
 10
-193.7435721153099
 20
-80.51814504516721
 30
0.0
 11
-193.7435721153099
 21
-78.76814504516722
 31
0.0
  0
LINE
  5
359
330
1F
100
AcDbEntity
  8
0
  6
Continuous
 62
     7
100
AcDbLine
 10
-179.7435721153225
 20
-66.51814504514902
 30
0.0
 11
-179.7435721153225
 21
-64.76814504514902
 31
0.0
  0
LINE
  5
35A
330
1F
100
AcDbEntity
  8
0
  6
Continuous
 62
     7
100
AcDbLine
 10
-179.7435721153225
 20
-66.51814504514902
 30
0.0
 11
-179.7435721153225
 21
-68.26814504514903
 31
0.0
  0
LINE
  5
35B
330
1F
100
AcDbEntity
  8
0
  6
Continuous
 62
     7
100
AcDbLine
 10
-179.7435721153225
 20
-66.51814504514902
 30
0.0
 11
-181.4935721153225
 21
-66.51814504514902
 31
0.0
  0
LINE
  5
35C
330
1F
100
AcDbEntity
  8
0
  6
Continuous
 62
     7
100
AcDbLine
 10
-179.7435721153225
 20
-66.51814504514902
 30
0.0
 11
-177.9935721153225
 21
-66.51814504514902
 31
0.0
  0
LINE
  5
35D
330
1F
100
AcDbEntity
  8
0
  6
Continuous
 62
     7
100
AcDbLine
 10
-236.7438388590009
 20
-80.51841178882648
 30
0.0
 11
-236.7438388590009
 21
-82.26841178882649
 31
0.0
  0
LINE
  5
35E
330
1F
100
AcDbEntity
  8
0
  6
Continuous
 62
     7
100
AcDbLine
 10
-236.7438388590009
 20
-80.51841178882648
 30
0.0
 11
-236.7438388590009
 21
-78.76841178882648
 31
0.0
  0
LINE
  5
35F
330
1F
100
AcDbEntity
  8
0
  6
Continuous
 62
     7
100
AcDbLine
 10
-236.7438388590009
 20
-80.51841178882648
 30
0.0
 11
-238.4938388590009
 21
-80.51841178882648
 31
0.0
  0
LINE
  5
360
330
1F
100
AcDbEntity
  8
0
  6
Continuous
 62
     7
100
AcDbLine
 10
-236.7438388590009
 20
-80.51841178882648
 30
0.0
 11
-234.9938388590009
 21
-80.51841178882648
 31
0.0
  0
LINE
  5
361
330
1F
100
AcDbEntity
  8
0
  6
Continuous
 62
     7
100
AcDbLine
 10
-250.7438388590118
 20
-66.51841178882647
 30
0.0
 11
-248.9938388590118
 21
-66.51841178882647
 31
0.0
  0
LINE
  5
362
330
1F
100
AcDbEntity
  8
0
  6
Continuous
 62
     7
100
AcDbLine
 10
-250.7438388590118
 20
-66.51841178882647
 30
0.0
 11
-252.4938388590118
 21
-66.51841178882647
 31
0.0
  0
LINE
  5
363
330
1F
100
AcDbEntity
  8
0
  6
Continuous
 62
     7
100
AcDbLine
 10
-250.7438388590118
 20
-66.51841178882647
 30
0.0
 11
-250.7438388590118
 21
-64.76841178882647
 31
0.0
  0
LINE
  5
364
330
1F
100
AcDbEntity
  8
0
  6
Continuous
 62
     7
100
AcDbLine
 10
-250.7438388590118
 20
-66.51841178882647
 30
0.0
 11
-250.7438388590118
 21
-68.26841178882647
 31
0.0
  0
LINE
  5
365
330
1F
100
AcDbEntity
  8
0
  6
Continuous
 62
     7
100
AcDbLine
 10
-250.7441056026721
 20
-23.51814504514902
 30
0.0
 11
-250.7441056026721
 21
-25.26814504514903
 31
0.0
  0
LINE
  5
366
330
1F
100
AcDbEntity
  8
0
  6
Continuous
 62
     7
100
AcDbLine
 10
-250.7441056026721
 20
-23.51814504514902
 30
0.0
 11
-250.7441056026721
 21
-21.76814504514902
 31
0.0
  0
LINE
  5
367
330
1F
100
AcDbEntity
  8
0
  6
Continuous
 62
     7
100
AcDbLine
 10
-250.7441056026721
 20
-23.51814504514902
 30
0.0
 11
-248.9941056026721
 21
-23.51814504514902
 31
0.0
  0
LINE
  5
368
330
1F
100
AcDbEntity
  8
0
  6
Continuous
 62
     7
100
AcDbLine
 10
-250.7441056026721
 20
-23.51814504514902
 30
0.0
 11
-252.4941056026721
 21
-23.51814504514902
 31
0.0
  0
LINE
  5
369
330
1F
100
AcDbEntity
  8
0
  6
Continuous
 62
     7
100
AcDbLine
 10
-216.7438388589819
 20
-8.26787830147793
 30
0.0
 11
-218.4938388589819
 21
-8.26787830147793
 31
0.0
  0
LINE
  5
36A
330
1F
100
AcDbEntity
  8
0
  6
Continuous
 62
     7
100
AcDbLine
 10
-216.7438388589819
 20
-8.26787830147793
 30
0.0
 11
-214.9938388589819
 21
-8.26787830147793
 31
0.0
  0
LINE
  5
36B
330
1F
100
AcDbEntity
  8
0
  6
Continuous
 62
     7
100
AcDbLine
 10
-216.7438388589819
 20
-8.26787830147793
 30
0.0
 11
-216.7438388589819
 21
-6.517878301477929
 31
0.0
  0
LINE
  5
36C
330
1F
100
AcDbEntity
  8
0
  6
Continuous
 62
     7
100
AcDbLine
 10
-216.7438388589819
 20
-8.26787830147793
 30
0.0
 11
-216.7438388589819
 21
-10.01787830147793
 31
0.0
  0
LINE
  5
36D
330
1F
100
AcDbEntity
  8
0
  6
Continuous
 62
     7
100
AcDbLine
 10
-193.743838859001
 20
-9.517878301467019
 30
0.0
 11
-193.743838859001
 21
-7.767878301467018
 31
0.0
  0
LINE
  5
36E
330
1F
100
AcDbEntity
  8
0
  6
Continuous
 62
     7
100
AcDbLine
 10
-193.743838859001
 20
-9.517878301467019
 30
0.0
 11
-193.743838859001
 21
-11.26787830146703
 31
0.0
  0
LINE
  5
36F
330
1F
100
AcDbEntity
  8
0
  6
Continuous
 62
     7
100
AcDbLine
 10
-193.743838859001
 20
-9.517878301467019
 30
0.0
 11
-191.993838859001
 21
-9.517878301467019
 31
0.0
  0
LINE
  5
370
330
1F
100
AcDbEntity
  8
0
  6
Continuous
 62
     7
100
AcDbLine
 10
-193.743838859001
 20
-9.517878301467019
 30
0.0
 11
-195.493838859001
 21
-9.517878301467019
 31
0.0
  0
LINE
  5
371
330
1F
100
AcDbEntity
  8
0
  6
Continuous
 62
     7
100
AcDbLine
 10
-179.7438388589819
 20
-23.51787830146702
 30
0.0
 11
-181.4938388589819
 21
-23.51787830146702
 31
0.0
  0
LINE
  5
372
330
1F
100
AcDbEntity
  8
0
  6
Continuous
 62
     7
100
AcDbLine
 10
-179.7438388589819
 20
-23.51787830146702
 30
0.0
 11
-177.9938388589819
 21
-23.51787830146702
 31
0.0
  0
LINE
  5
373
330
1F
100
AcDbEntity
  8
0
  6
Continuous
 62
     7
100
AcDbLine
 10
-179.7438388589819
 20
-23.51787830146702
 30
0.0
 11
-179.7438388589819
 21
-25.26787830146702
 31
0.0
  0
LINE
  5
374
330
1F
100
AcDbEntity
  8
0
  6
Continuous
 62
     7
100
AcDbLine
 10
-179.7438388589819
 20
-23.51787830146702
 30
0.0
 11
-179.7438388589819
 21
-21.76787830146702
 31
0.0
  0
LINE
  5
375
330
1F
100
AcDbEntity
  8
0
  6
Continuous
 62
     7
100
AcDbLine
 10
-181.243838859001
 20
-5.018145045149019
 30
0.0
 11
-193.2438388589819
 21
-5.018145045149019
 31
0.0
  0
LINE
  5
376
330
1F
100
AcDbEntity
  8
0
  6
Continuous
 62
     7
100
AcDbLine
 10
-175.243838859001
 20
-79.01814504514902
 30
0.0
 11
-175.243838859001
 21
-67.01787830146702
 31
0.0
  0
LINE
  5
377
330
1F
100
AcDbEntity
  8
0
  6
Continuous
 62
     7
100
AcDbLine
 10
-181.243838859001
 20
-85.01814504514902
 30
0.0
 11
-249.24383885899
 21
-85.01814504514902
 31
0.0
  0
LINE
  5
378
330
1F
100
AcDbEntity
  8
0
  6
Continuous
 62
     7
100
AcDbLine
 10
-175.2438388589817
 20
-23.01814504514914
 30
0.0
 11
-175.2438388590008
 21
-11.01814504514914
 31
0.0
  0
LINE
  5
379
330
1F
100
AcDbEntity
  8
0
  6
Continuous
 62
     7
100
AcDbLine
 10
-175.243838859001
 20
-67.01787830146702
 30
0.0
 11
-175.2438388589817
 21
-23.01814504514914
 31
0.0
  0
LINE
  5
37A
330
1F
100
AcDbEntity
  8
0
  6
Continuous
 62
     7
100
AcDbLine
 10
-181.743838859001
 20
-19.01787830146702
 30
0.0
 11
-179.243838859001
 21
-19.01787830147793
 31
0.0
  0
LINE
  5
37B
330
1F
100
AcDbEntity
  8
0
  6
Continuous
 62
     7
100
AcDbLine
 10
-237.2438388590009
 20
-5.017878301467018
 30
0.0
 11
-199.243838859001
 21
-5.017878301467018
 31
0.0
  0
LINE
  5
37C
330
1F
100
AcDbEntity
  8
0
  6
Continuous
 62
     7
100
AcDbLine
 10
-189.243838859001
 20
-78.51787830147793
 30
0.0
 11
-189.243838859001
 21
-81.01787830147793
 31
0.0
  0
LINE
  5
37D
330
1F
100
AcDbEntity
  8
0
  6
Continuous
 62
     7
100
AcDbLine
 10
-176.243838859001
 20
-62.01787830147793
 30
0.0
 11
-179.743838859001
 21
-62.01787830147793
 31
0.0
  0
LINE
  5
37E
330
1F
100
AcDbEntity
  8
0
  6
Continuous
 62
     7
100
AcDbLine
 10
-184.243838859001
 20
-66.51787830147793
 30
0.0
 11
-184.243838859001
 21
-70.7719116090592
 31
0.0
  0
LINE
  5
37F
330
1F
100
AcDbEntity
  8
0
  6
Continuous
 62
     7
100
AcDbLine
 10
-248.7438388590009
 20
-71.01787830147793
 30
0.0
 11
-251.2438388590009
 21
-71.01787830147793
 31
0.0
  0
LINE
  5
380
330
1F
100
AcDbEntity
  8
0
  6
Continuous
 62
     7
100
AcDbLine
 10
-232.2438388590009
 20
-84.01787830147794
 30
0.0
 11
-232.2438388590009
 21
-80.51787830147793
 31
0.0
  0
LINE
  5
381
330
1F
100
AcDbEntity
  8
0
  6
Continuous
 62
     7
100
AcDbLine
 10
-232.2438388590009
 20
-84.01787830147794
 30
0.0
 11
-232.2438388590009
 21
-80.51787830147793
 31
0.0
  0
LINE
  5
382
330
1F
100
AcDbEntity
  8
0
  6
Continuous
 62
     7
100
AcDbLine
 10
-236.7438388590009
 20
-76.01787830147793
 30
0.0
 11
-240.9978721665821
 21
-76.01787830147793
 31
0.0
  0
LINE
  5
383
330
1F
100
AcDbEntity
  8
0
  6
Continuous
 62
     7
100
AcDbLine
 10
-175.243838859001
 20
-23.01787830147793
 30
0.0
 11
-175.243838859001
 21
-61.01787830147793
 31
0.0
  0
LINE
  5
384
330
1F
100
AcDbEntity
  8
0
  6
Continuous
 62
     7
100
AcDbLine
 10
-255.2438388590009
 20
-29.01787830146702
 30
0.0
 11
-255.2438388590009
 21
-67.01787830147793
 31
0.0
  0
LINE
  5
385
330
1F
100
AcDbEntity
  8
0
  6
Continuous
 62
     7
100
AcDbLine
 10
-231.2438388590009
 20
-85.01787830147794
 30
0.0
 11
-193.243838859001
 21
-85.01787830147794
 31
0.0
  0
LINE
  5
386
330
1F
100
AcDbEntity
  8
0
  6
Continuous
 62
     7
100
AcDbLine
 10
-193.2438388589819
 20
-5.018145045149019
 30
0.0
 11
-199.2438388598813
 21
-5.018145045149019
 31
0.0
  0
LINE
  5
387
330
1F
100
AcDbEntity
  8
0
  6
Continuous
 62
     7
100
AcDbLine
 10
-237.2438388590009
 20
-5.018145045149019
 30
0.0
 11
-249.2438388589818
 21
-5.018145045149019
 31
0.0
  0
LINE
  5
388
330
1F
100
AcDbEntity
  8
0
  6
Continuous
 62
     7
100
AcDbLine
 10
-255.2438388589818
 20
-11.01814504514902
 30
0.0
 11
-255.2438388590009
 21
-23.01814504514902
 31
0.0
  0
LINE
  5
389
330
1F
100
AcDbEntity
  8
0
  6
Continuous
 62
     7
100
AcDbLine
 10
-251.243838858971
 20
-19.01787830147793
 30
0.0
 11
-248.7438388589819
 21
-19.01787830146702
 31
0.0
  0
LINE
  5
38A
330
1F
100
AcDbEntity
  8
0
  6
Continuous
 62
     7
100
AcDbLine
 10
-255.2438388590009
 20
-23.01814504514902
 30
0.0
 11
-255.2438388590009
 21
-29.01787830146702
 31
0.0
  0
LINE
  5
38B
330
1F
100
AcDbEntity
  8
0
  6
Continuous
 62
     7
100
AcDbLine
 10
-255.24383885899
 20
-79.01814504514902
 30
0.0
 11
-255.2438388590009
 21
-67.01787830147793
 31
0.0
  0
LINE
  5
38C
330
1F
100
AcDbEntity
  8
0
  6
Continuous
 62
     7
100
AcDbLine
 10
-229.7438388590009
 20
-84.76787830146703
 30
0.0
 11
-193.243838859001
 21
-84.76787830146703
 31
0.0
  0
LINE
  5
38D
330
1F
100
AcDbEntity
  8
0
  6
Continuous
 62
     7
100
AcDbLine
 10
-175.493838859001
 20
-23.01787830146702
 30
0.0
 11
-175.493838859001
 21
-59.51787830146702
 31
0.0
  0
LINE
  5
38E
330
1F
100
AcDbEntity
  8
0
  6
Continuous
 62
     7
100
AcDbLine
 10
-239.4938388590009
 20
-5.267878301467018
 30
0.0
 11
-200.743838859001
 21
-5.267878301467018
 31
0.0
  0
LINE
  5
38F
330
1F
100
AcDbEntity
  8
0
  6
Continuous
 62
     7
100
AcDbLine
 10
-181.243838859001
 20
-61.76787830146703
 30
0.0
 11
-177.743838859001
 21
-61.76787830146703
 31
0.0
  0
LINE
  5
390
330
1F
100
AcDbEntity
  8
0
  6
Continuous
 62
     7
100
AcDbLine
 10
-184.493838859001
 20
-65.01787830146702
 30
0.0
 11
-184.493838859001
 21
-69.85762426362623
 31
0.0
  0
LINE
  5
391
330
1F
100
AcDbEntity
  8
0
  6
Continuous
 62
     7
100
AcDbLine
 10
-189.493838859001
 20
-78.51787830146702
 30
0.0
 11
-189.493838859001
 21
-81.01787830146703
 31
0.0
  0
LINE
  5
392
330
1F
100
AcDbEntity
  8
0
  6
Continuous
 62
     7
100
AcDbLine
 10
-181.743838859001
 20
-19.26787830146702
 30
0.0
 11
-179.243838859001
 21
-19.26787830146702
 31
0.0
  0
LINE
  5
393
330
1F
100
AcDbEntity
  8
0
  6
Continuous
 62
     7
100
AcDbLine
 10
-195.243838859001
 20
-14.26787830146703
 30
0.0
 11
-190.4040928968398
 21
-14.26787830146703
 31
0.0
  0
LINE
  5
394
330
1F
100
AcDbEntity
  8
0
  6
Continuous
 62
     7
100
AcDbLine
 10
-198.493838859001
 20
-11.01787830146703
 30
0.0
 11
-198.493838859001
 21
-7.517878301467018
 31
0.0
  0
LINE
  5
395
330
1F
100
AcDbEntity
  8
0
  6
Continuous
 62
     7
100
AcDbLine
 10
-235.2438388590009
 20
-75.76787830146702
 30
0.0
 11
-240.0835848211528
 21
-75.76787830146702
 31
0.0
  0
LINE
  5
396
330
1F
100
AcDbEntity
  8
0
  6
Continuous
 62
     7
100
AcDbLine
 10
-231.993838859001
 20
-79.01787830146702
 30
0.0
 11
-231.993838859001
 21
-82.51787830146701
 31
0.0
  0
LINE
  5
397
330
1F
100
AcDbEntity
  8
0
  6
Continuous
 62
     7
100
AcDbLine
 10
-242.4938388590009
 20
-15.01787830146703
 30
0.0
 11
-242.4938388590009
 21
-8.267878301467019
 31
0.0
  0
LINE
  5
398
330
1F
100
AcDbEntity
  8
0
  6
Continuous
 62
     7
100
AcDbLine
 10
-254.9938388590009
 20
-67.01787830146702
 30
0.0
 11
-254.9938388590009
 21
-23.01787830146702
 31
0.0
  0
LINE
  5
399
330
1F
100
AcDbEntity
  8
0
  6
Continuous
 62
     7
100
AcDbLine
 10
-248.7438388590009
 20
-70.76787830146702
 30
0.0
 11
-251.2438388590009
 21
-70.76787830146702
 31
0.0
  0
LINE
  5
39A
330
1F
100
AcDbEntity
  8
0
  6
Continuous
 62
     7
100
AcDbLine
 10
-251.2438388590009
 20
-19.26787830146702
 30
0.0
 11
-246.7438388590009
 21
-19.26787830146702
 31
0.0
  0
LINE
  5
39B
330
1F
100
AcDbEntity
  8
0
  6
Continuous
 62
     7
100
AcDbLine
 10
-200.4538388589919
 20
4.782121698521339
 30
0.0
 11
-200.4538388589919
 21
2.282121698521339
 31
0.0
  0
LINE
  5
39C
330
1F
100
AcDbEntity
  8
0
  6
Continuous
 62
     7
100
AcDbLine
 10
-200.4538388589919
 20
2.282121698521339
 30
0.0
 11
-195.753838858992
 21
2.282121698521339
 31
0.0
  0
LINE
  5
39D
330
1F
100
AcDbEntity
  8
0
  6
Continuous
 62
     7
100
AcDbLine
 10
-200.253838858992
 20
2.68212169852279
 30
0.0
 11
-200.3038388589913
 21
2.68212169852279
 31
0.0
  0
LINE
  5
39E
330
1F
100
AcDbEntity
  8
0
  6
Continuous
 62
     7
100
AcDbLine
 10
-200.253838858992
 20
2.282121698521339
 30
0.0
 11
-200.253838858992
 21
2.68212169852279
 31
0.0
  0
LINE
  5
39F
330
1F
100
AcDbEntity
  8
0
  6
Continuous
 62
     7
100
AcDbLine
 10
-195.9538388589918
 20
2.282121698521339
 30
0.0
 11
-200.253838858992
 21
2.282121698521339
 31
0.0
  0
LINE
  5
3A0
330
1F
100
AcDbEntity
  8
0
  6
Continuous
 62
     7
100
AcDbLine
 10
-195.9538388589918
 20
2.68212169852279
 30
0.0
 11
-195.9538388589918
 21
2.282121698521339
 31
0.0
  0
LINE
  5
3A1
330
1F
100
AcDbEntity
  8
0
  6
Continuous
 62
     7
100
AcDbLine
 10
-195.9038388589998
 20
2.68212169852279
 30
0.0
 11
-195.9538388589918
 21
2.68212169852279
 31
0.0
  0
LINE
  5
3A2
330
1F
100
AcDbEntity
  8
0
  6
Continuous
 62
     7
100
AcDbLine
 10
-200.3038388589913
 20
3.18212169852279
 30
0.0
 11
-199.8538388589905
 21
3.18212169852279
 31
0.0
  0
LINE
  5
3A3
330
1F
100
AcDbEntity
  8
0
  6
Continuous
 62
     7
100
AcDbLine
 10
-200.3038388589913
 20
2.68212169852279
 30
0.0
 11
-200.3038388589913
 21
3.18212169852279
 31
0.0
  0
LINE
  5
3A4
330
1F
100
AcDbEntity
  8
0
  6
Continuous
 62
     7
100
AcDbLine
 10
-195.9038388589998
 20
2.68212169852279
 30
0.0
 11
-200.3038388589913
 21
2.68212169852279
 31
0.0
  0
LINE
  5
3A5
330
1F
100
AcDbEntity
  8
0
  6
Continuous
 62
     7
100
AcDbLine
 10
-195.9038388589998
 20
3.18212169852279
 30
0.0
 11
-195.9038388589998
 21
2.68212169852279
 31
0.0
  0
LINE
  5
3A6
330
1F
100
AcDbEntity
  8
0
  6
Continuous
 62
     7
100
AcDbLine
 10
-196.3538388589905
 20
3.18212169852279
 30
0.0
 11
-195.9038388589998
 21
3.18212169852279
 31
0.0
  0
LINE
  5
3A7
330
1F
100
AcDbEntity
  8
0
  6
Continuous
 62
     7
100
AcDbLine
 10
-196.3538388589905
 20
3.18212169852279
 30
0.0
 11
-196.4057943949402
 21
3.775976191813359
 31
0.0
  0
LINE
  5
3A8
330
1F
100
AcDbEntity
  8
0
  6
Continuous
 62
     7
100
AcDbLine
 10
-196.3538388589905
 20
3.18212169852279
 30
0.0
 11
-199.8538388589905
 21
3.18212169852279
 31
0.0
  0
LINE
  5
3A9
330
1F
100
AcDbEntity
  8
0
  6
Continuous
 62
     7
100
AcDbLine
 10
-199.8018833230519
 20
3.775976191813359
 30
0.0
 11
-199.8538388589905
 21
3.18212169852279
 31
0.0
  0
LINE
  5
3AA
330
1F
100
AcDbEntity
  8
0
  6
Continuous
 62
     7
100
AcDbLine
 10
-195.8438388589921
 20
4.782121698521339
 30
0.0
 11
-195.743838859001
 21
4.6821216985228
 31
0.0
  0
LINE
  5
3AB
330
1F
100
AcDbEntity
  8
0
  6
Continuous
 62
     7
100
AcDbLine
 10
-195.8438388589921
 20
4.782121698521339
 30
0.0
 11
-195.743838859001
 21
4.6821216985228
 31
0.0
  0
LINE
  5
3B0
330
1F
100
AcDbEntity
  8
0
  6
Continuous
 62
     7
100
AcDbLine
 10
62.09805948846121
 20
-192.3345692430682
 30
0.0
 11
52.09805948846133
 21
-192.3345692430683
 31
0.0
  0
LINE
  5
3B1
330
1F
100
AcDbEntity
  8
0
  6
Continuous
 62
     7
100
AcDbLine
 10
-96.9491893943988
 20
-169.0104445706381
 30
0.0
 11
-96.10194051152769
 21
-169.0845692430682
 31
0.0
  0
LINE
  5
3B2
330
1F
100
AcDbEntity
  8
0
  6
Continuous
 62
     7
100
AcDbLine
 10
-96.10194051152769
 20
-163.5845692430682
 30
0.0
 11
-96.9491893943988
 21
-163.6586939155165
 31
0.0
  0
LINE
  5
3B3
330
1F
100
AcDbEntity
  8
0
  6
Continuous
 62
     7
100
AcDbLine
 10
-96.10194051152769
 20
-163.0845692430682
 30
0.0
 11
-96.10194051152769
 21
-161.9882522582081
 31
0.0
  0
LINE
  5
3B4
330
1F
100
AcDbEntity
  8
0
  6
Continuous
 62
     7
100
AcDbLine
 10
-79.10193988797903
 20
-161.8345692430682
 30
0.0
 11
-73.10194051152769
 21
-161.8345692430682
 31
0.0
  0
LINE
  5
3B5
330
1F
100
AcDbEntity
  8
0
  6
Continuous
 62
     7
100
AcDbLine
 10
84.09805948846132
 20
-210.8345692430683
 30
0.0
 11
84.09805948846132
 21
-192.8345692430683
 31
0.0
  0
LINE
  5
3B6
330
1F
100
AcDbEntity
  8
0
  6
Continuous
 62
     7
100
AcDbLine
 10
83.59805948846133
 20
-192.3345692430683
 30
0.0
 11
62.09805948846121
 21
-192.3345692430682
 31
0.0
  0
LINE
  5
3B7
330
1F
100
AcDbEntity
  8
0
  6
Continuous
 62
     7
100
AcDbLine
 10
52.09805948846121
 20
-211.3345692430682
 30
0.0
 11
83.59805948846121
 21
-211.3345692430682
 31
0.0
  0
LINE
  5
3B8
330
1F
100
AcDbEntity
  8
0
  6
Continuous
 62
     7
100
AcDbLine
 10
83.59805948846121
 20
-211.3345692430682
 30
0.0
 11
84.09805948846132
 21
-210.8345692430683
 31
0.0
  0
LINE
  5
3B9
330
1F
100
AcDbEntity
  8
0
  6
Continuous
 62
     7
100
AcDbLine
 10
84.09805948846132
 20
-192.8345692430683
 30
0.0
 11
83.59805948846133
 21
-192.3345692430683
 31
0.0
  0
LINE
  5
3BA
330
1F
100
AcDbEntity
  8
0
  6
Continuous
 62
     7
100
AcDbLine
 10
84.09805948846132
 20
-210.8345692430683
 30
0.0
 11
84.09805948846132
 21
-192.8345692430683
 31
0.0
  0
LINE
  5
3BB
330
1F
100
AcDbEntity
  8
0
  6
Continuous
 62
     7
100
AcDbLine
 10
83.59805948846121
 20
-211.3345692430682
 30
0.0
 11
84.09805948846132
 21
-210.8345692430683
 31
0.0
  0
LINE
  5
3BC
330
1F
100
AcDbEntity
  8
0
  6
Continuous
 62
     7
100
AcDbLine
 10
84.09805948846132
 20
-210.8345692430683
 30
0.0
 11
84.09805948846132
 21
-192.8345692430683
 31
0.0
  0
LINE
  5
3BD
330
1F
100
AcDbEntity
  8
0
  6
Continuous
 62
     7
100
AcDbLine
 10
84.09805948846132
 20
-192.8345692430683
 30
0.0
 11
83.59805948846133
 21
-192.3345692430683
 31
0.0
  0
LINE
  5
3BE
330
1F
100
AcDbEntity
  8
0
  6
Continuous
 62
     7
100
AcDbLine
 10
84.09805948846132
 20
-210.8345692430683
 30
0.0
 11
84.09805948846132
 21
-192.8345692430683
 31
0.0
  0
LINE
  5
3BF
330
1F
100
AcDbEntity
  8
0
  6
Continuous
 62
     7
100
AcDbLine
 10
83.59805948846121
 20
-211.3345692430682
 30
0.0
 11
84.09805948846132
 21
-210.8345692430683
 31
0.0
  0
LINE
  5
3C0
330
1F
100
AcDbEntity
  8
0
  6
Continuous
 62
     7
100
AcDbLine
 10
84.09805948846132
 20
-192.8345692430683
 30
0.0
 11
83.59805948846133
 21
-192.3345692430683
 31
0.0
  0
LINE
  5
3C1
330
1F
100
AcDbEntity
  8
0
  6
Continuous
 62
     7
100
AcDbLine
 10
84.09805948846132
 20
-210.8345692430683
 30
0.0
 11
84.09805948846132
 21
-192.8345692430683
 31
0.0
  0
LINE
  5
3C2
330
1F
100
AcDbEntity
  8
0
  6
Continuous
 62
     7
100
AcDbLine
 10
51.59805948846122
 20
-236.8345692430682
 30
0.0
 11
49.09805948846122
 21
-236.8345692430682
 31
0.0
  0
LINE
  5
3C3
330
1F
100
AcDbEntity
  8
0
  6
Continuous
 62
     7
100
AcDbLine
 10
52.09805948846133
 20
-167.3345692430683
 30
0.0
 11
52.09805948846121
 21
-236.3345692430682
 31
0.0
  0
LINE
  5
3C4
330
1F
100
AcDbEntity
  8
0
  6
Continuous
 62
     7
100
AcDbLine
 10
49.09805948846122
 20
-166.8345692430682
 30
0.0
 11
51.59805948846122
 21
-166.8345692430682
 31
0.0
  0
LINE
  5
3C5
330
1F
100
AcDbEntity
  8
0
  6
Continuous
 62
     7
100
AcDbLine
 10
49.09805948846122
 20
-162.3345692430682
 30
0.0
 11
49.09805948846122
 21
-241.3345692430682
 31
0.0
  0
LINE
  5
3C6
330
1F
100
AcDbEntity
  8
0
  6
Continuous
 62
     7
100
AcDbLine
 10
-32.60194051152769
 20
-161.8345692430682
 30
0.0
 11
-32.60194051152769
 21
-241.8345692430682
 31
0.0
  0
LINE
  5
3C7
330
1F
100
AcDbEntity
  8
0
  6
Continuous
 62
     7
100
AcDbLine
 10
-32.60194051152769
 20
-227.8345692430682
 30
0.0
 11
39.29805948847104
 21
-227.8345692430682
 31
0.0
  0
LINE
  5
3C8
330
1F
100
AcDbEntity
  8
0
  6
Continuous
 62
     7
100
AcDbLine
 10
-32.60194051152769
 20
-175.8345692430682
 30
0.0
 11
39.29805948847104
 21
-175.8345692430682
 31
0.0
  0
LINE
  5
3C9
330
1F
100
AcDbEntity
  8
0
  6
Continuous
 62
     7
100
AcDbLine
 10
39.29805948847104
 20
-175.8345692430682
 30
0.0
 11
41.09805948848122
 21
-175.8345692430682
 31
0.0
  0
LINE
  5
3CA
330
1F
100
AcDbEntity
  8
0
  6
Continuous
 62
     7
100
AcDbLine
 10
41.09805948848122
 20
-175.8345692430682
 30
0.0
 11
41.09805948848122
 21
-161.8345692430682
 31
0.0
  0
LINE
  5
3CB
330
1F
100
AcDbEntity
  8
0
  6
Continuous
 62
     7
100
AcDbLine
 10
39.29805948847104
 20
-227.8345692430682
 30
0.0
 11
41.09805948848122
 21
-227.8345692430682
 31
0.0
  0
LINE
  5
3CC
330
1F
100
AcDbEntity
  8
0
  6
Continuous
 62
     7
100
AcDbLine
 10
41.09805948848122
 20
-227.8345692430682
 30
0.0
 11
41.09805948848122
 21
-241.8345692430682
 31
0.0
  0
LINE
  5
3CD
330
1F
100
AcDbEntity
  8
0
  6
Continuous
 62
     7
100
AcDbLine
 10
48.59805948846122
 20
-161.8345692430682
 30
0.0
 11
49.09805948846122
 21
-162.3345692430682
 31
0.0
  0
LINE
  5
3CE
330
1F
100
AcDbEntity
  8
0
  6
Continuous
 62
     7
100
AcDbLine
 10
48.59805948846122
 20
-241.8345692430682
 30
0.0
 11
49.09805948846122
 21
-241.3345692430682
 31
0.0
  0
LINE
  5
3CF
330
1F
100
AcDbEntity
  8
0
  6
Continuous
 62
     7
100
AcDbLine
 10
51.59805948846122
 20
-236.8345692430682
 30
0.0
 11
52.09805948846121
 21
-236.3345692430682
 31
0.0
  0
LINE
  5
3D0
330
1F
100
AcDbEntity
  8
0
  6
Continuous
 62
     7
100
AcDbLine
 10
51.59805948846122
 20
-166.8345692430682
 30
0.0
 11
52.09805948846133
 21
-167.3345692430683
 31
0.0
  0
LINE
  5
3D1
330
1F
100
AcDbEntity
  8
0
  6
Continuous
 62
     7
100
AcDbLine
 10
49.09805948846122
 20
-176.0845692430682
 30
0.0
 11
43.99805948846085
 21
-176.0845692430682
 31
0.0
  0
LINE
  5
3D2
330
1F
100
AcDbEntity
  8
0
  6
Continuous
 62
     7
100
AcDbLine
 10
43.99805948846085
 20
-176.0845692430682
 30
0.0
 11
43.99805948846085
 21
-184.5845692430682
 31
0.0
  0
LINE
  5
3D3
330
1F
100
AcDbEntity
  8
0
  6
Continuous
 62
     7
100
AcDbLine
 10
43.99805948846085
 20
-184.5845692430682
 30
0.0
 11
49.09805948846133
 21
-184.5845692430683
 31
0.0
  0
LINE
  5
3D4
330
1F
100
AcDbEntity
  8
0
  6
Continuous
 62
     7
100
AcDbLine
 10
43.99805948846085
 20
-176.3345692430682
 30
0.0
 11
44.37805948846186
 21
-176.3345692430682
 31
0.0
  0
LINE
  5
3D5
330
1F
100
AcDbEntity
  8
0
  6
Continuous
 62
     7
100
AcDbLine
 10
44.37805948846186
 20
-176.3345692430682
 30
0.0
 11
44.37805948846186
 21
-184.3345692430682
 31
0.0
  0
LINE
  5
3D6
330
1F
100
AcDbEntity
  8
0
  6
Continuous
 62
     7
100
AcDbLine
 10
44.37805948846186
 20
-184.3345692430682
 30
0.0
 11
43.99805948846085
 21
-184.3345692430682
 31
0.0
  0
LINE
  5
3D7
330
1F
100
AcDbEntity
  8
0
  6
Continuous
 62
     7
100
AcDbLine
 10
44.37805948846186
 20
-176.8345692430682
 30
0.0
 11
44.37805948846186
 21
-180.3345692430682
 31
0.0
  0
LINE
  5
3D8
330
1F
100
AcDbEntity
  8
0
  6
Continuous
 62
     7
100
AcDbLine
 10
48.0280594884615
 20
-183.8345692430682
 30
0.0
 11
44.37805948846186
 21
-183.8345692430682
 31
0.0
  0
LINE
  5
3D9
330
1F
100
AcDbEntity
  8
0
  6
Continuous
 62
     7
100
AcDbLine
 10
44.37805948846186
 20
-176.8345692430682
 30
0.0
 11
48.02805948846161
 21
-176.8345692430683
 31
0.0
  0
LINE
  5
3DA
330
1F
100
AcDbEntity
  8
0
  6
Continuous
 62
     7
100
AcDbLine
 10
48.37805948846186
 20
-177.1845692430777
 30
0.0
 11
48.37805948846186
 21
-183.4845692430679
 31
0.0
  0
LINE
  5
3DB
330
1F
100
AcDbEntity
  8
0
  6
Continuous
 62
     7
100
AcDbLine
 10
48.0280594884615
 20
-183.8345692430682
 30
0.0
 11
48.02805948846161
 21
-176.8345692430683
 31
0.0
  0
LINE
  5
3DC
330
1F
100
AcDbEntity
  8
0
  6
Continuous
 62
     7
100
AcDbLine
 10
48.37805948846186
 20
-177.1845692430777
 30
0.0
 11
48.02805948846161
 21
-176.8345692430683
 31
0.0
  0
LINE
  5
3DD
330
1F
100
AcDbEntity
  8
0
  6
Continuous
 62
     7
100
AcDbLine
 10
48.0280594884615
 20
-183.8345692430682
 30
0.0
 11
48.37805948846186
 21
-183.4845692430679
 31
0.0
  0
LINE
  5
3DE
330
1F
100
AcDbEntity
  8
0
  6
Continuous
 62
     7
100
AcDbLine
 10
44.37805948846186
 20
-180.3345692430682
 30
0.0
 11
44.37805948846186
 21
-183.8345692430682
 31
0.0
  0
LINE
  5
3DF
330
1F
100
AcDbEntity
  8
0
  6
Continuous
 62
     7
100
AcDbLine
 10
-32.60194051152769
 20
-161.8345692430682
 30
0.0
 11
-28.79995095689912
 21
-161.8345692430682
 31
0.0
  0
LINE
  5
3E0
330
1F
100
AcDbEntity
  8
0
  6
Continuous
 62
     7
100
AcDbLine
 10
48.59805948846122
 20
-241.8345692430682
 30
0.0
 11
-32.60194051152769
 21
-241.8345692430682
 31
0.0
  0
LINE
  5
3E1
330
1F
100
AcDbEntity
  8
0
  6
Continuous
 62
     7
100
AcDbLine
 10
-72.60194051152769
 20
-241.8345692430682
 30
0.0
 11
-72.60194051152769
 21
-161.8345692430682
 31
0.0
  0
LINE
  5
3E2
330
1F
100
AcDbEntity
  8
0
  6
Continuous
 62
     7
100
AcDbLine
 10
-72.60194051152769
 20
-161.8345692430682
 30
0.0
 11
-32.60194051152769
 21
-161.8345692430682
 31
0.0
  0
LINE
  5
3E3
330
1F
100
AcDbEntity
  8
0
  6
Continuous
 62
     7
100
AcDbLine
 10
-72.60194051152769
 20
-227.8345692430682
 30
0.0
 11
-32.60194051152769
 21
-227.8345692430682
 31
0.0
  0
LINE
  5
3E4
330
1F
100
AcDbEntity
  8
0
  6
Continuous
 62
     7
100
AcDbLine
 10
-72.60194051152769
 20
-175.8345692430682
 30
0.0
 11
-32.60194051152769
 21
-175.8345692430682
 31
0.0
  0
LINE
  5
3E5
330
1F
100
AcDbEntity
  8
0
  6
Continuous
 62
     7
100
AcDbLine
 10
-32.60194051152769
 20
-161.8345692430682
 30
0.0
 11
-32.60194051152769
 21
-241.8345692430682
 31
0.0
  0
LINE
  5
3E6
330
1F
100
AcDbEntity
  8
0
  6
Continuous
 62
     7
100
AcDbLine
 10
-32.60194051152769
 20
-241.8345692430682
 30
0.0
 11
-72.60194051152769
 21
-241.8345692430682
 31
0.0
  0
LINE
  5
3E7
330
1F
100
AcDbEntity
  8
0
  6
Continuous
 62
     7
100
AcDbLine
 10
-72.9819405115387
 20
-233.3345692430682
 30
0.0
 11
-72.60194051152769
 21
-233.3345692430682
 31
0.0
  0
LINE
  5
3E8
330
1F
100
AcDbEntity
  8
0
  6
Continuous
 62
     7
100
AcDbLine
 10
-72.9819405115387
 20
-241.3345692430682
 30
0.0
 11
-72.9819405115387
 21
-233.3345692430682
 31
0.0
  0
LINE
  5
3E9
330
1F
100
AcDbEntity
  8
0
  6
Continuous
 62
     7
100
AcDbLine
 10
-72.60194051152769
 20
-241.3345692430682
 30
0.0
 11
-72.9819405115387
 21
-241.3345692430682
 31
0.0
  0
LINE
  5
3EA
330
1F
100
AcDbEntity
  8
0
  6
Continuous
 62
     7
100
AcDbLine
 10
-72.9819405115387
 20
-237.3345692430682
 30
0.0
 11
-72.9819405115387
 21
-233.8345692430682
 31
0.0
  0
LINE
  5
3EB
330
1F
100
AcDbEntity
  8
0
  6
Continuous
 62
     7
100
AcDbLine
 10
-72.9819405115387
 20
-240.8345692430682
 30
0.0
 11
-76.63194051152743
 21
-240.8345692430682
 31
0.0
  0
LINE
  5
3EC
330
1F
100
AcDbEntity
  8
0
  6
Continuous
 62
     7
100
AcDbLine
 10
-76.63194051152743
 20
-233.8345692430682
 30
0.0
 11
-72.9819405115387
 21
-233.8345692430682
 31
0.0
  0
LINE
  5
3ED
330
1F
100
AcDbEntity
  8
0
  6
Continuous
 62
     7
100
AcDbLine
 10
-76.98194051153871
 20
-240.4845692430679
 30
0.0
 11
-76.98194051153871
 21
-234.1845692430668
 31
0.0
  0
LINE
  5
3EE
330
1F
100
AcDbEntity
  8
0
  6
Continuous
 62
     7
100
AcDbLine
 10
-76.63194051152743
 20
-233.8345692430682
 30
0.0
 11
-76.63194051152743
 21
-240.8345692430682
 31
0.0
  0
LINE
  5
3EF
330
1F
100
AcDbEntity
  8
0
  6
Continuous
 62
     7
100
AcDbLine
 10
-76.63194051152743
 20
-233.8345692430682
 30
0.0
 11
-76.98194051153871
 21
-234.1845692430668
 31
0.0
  0
LINE
  5
3F0
330
1F
100
AcDbEntity
  8
0
  6
Continuous
 62
     7
100
AcDbLine
 10
-76.98194051153871
 20
-240.4845692430679
 30
0.0
 11
-76.63194051152743
 21
-240.8345692430682
 31
0.0
  0
LINE
  5
3F1
330
1F
100
AcDbEntity
  8
0
  6
Continuous
 62
     7
100
AcDbLine
 10
-72.9819405115387
 20
-240.8345692430682
 30
0.0
 11
-72.9819405115387
 21
-237.3345692430682
 31
0.0
  0
LINE
  5
3F2
330
1F
100
AcDbEntity
  8
0
  6
Continuous
 62
     7
100
AcDbLine
 10
-78.60194051152769
 20
-167.8345692430682
 30
0.0
 11
-78.60194051152769
 21
-164.8345692430682
 31
0.0
  0
LINE
  5
3F3
330
1F
100
AcDbEntity
  8
0
  6
Continuous
 62
     7
100
AcDbLine
 10
-78.60194051152769
 20
-169.0845692430682
 30
0.0
 11
-78.60194051152769
 21
-167.8345692430682
 31
0.0
  0
LINE
  5
3F4
330
1F
100
AcDbEntity
  8
0
  6
Continuous
 62
     7
100
AcDbLine
 10
-78.60194051152769
 20
-164.8345692430682
 30
0.0
 11
-78.60194051152769
 21
-163.5845692430682
 31
0.0
  0
LINE
  5
3F5
330
1F
100
AcDbEntity
  8
0
  6
Continuous
 62
     7
100
AcDbLine
 10
-78.60194051152769
 20
-163.3345692430682
 30
0.0
 11
-78.60194051152769
 21
-169.3345692430682
 31
0.0
  0
LINE
  5
3F6
330
1F
100
AcDbEntity
  8
0
  6
Continuous
 62
     7
100
AcDbLine
 10
-79.10194051152768
 20
-163.3845692430766
 30
0.0
 11
-79.10194051152768
 21
-163.3345692430682
 31
0.0
  0
LINE
  5
3F7
330
1F
100
AcDbEntity
  8
0
  6
Continuous
 62
     7
100
AcDbLine
 10
-79.10194051152768
 20
-163.3345692430682
 30
0.0
 11
-78.60194051152769
 21
-163.3345692430682
 31
0.0
  0
LINE
  5
3F8
330
1F
100
AcDbEntity
  8
0
  6
Continuous
 62
     7
100
AcDbLine
 10
-78.60194051152769
 20
-163.3345692430682
 30
0.0
 11
-78.60194051152769
 21
-169.3345692430682
 31
0.0
  0
LINE
  5
3F9
330
1F
100
AcDbEntity
  8
0
  6
Continuous
 62
     7
100
AcDbLine
 10
-78.60194051152769
 20
-169.3345692430682
 30
0.0
 11
-79.10194051152768
 21
-169.3345692430682
 31
0.0
  0
LINE
  5
3FA
330
1F
100
AcDbEntity
  8
0
  6
Continuous
 62
     7
100
AcDbLine
 10
-79.10194051152768
 20
-169.3345692430682
 30
0.0
 11
-79.10194051152768
 21
-169.2845692430781
 31
0.0
  0
LINE
  5
3FB
330
1F
100
AcDbEntity
  8
0
  6
Continuous
 62
     7
100
AcDbLine
 10
-79.8019405115275
 20
-163.5845692430682
 30
0.0
 11
-79.8019405115275
 21
-163.3845692430766
 31
0.0
  0
LINE
  5
3FC
330
1F
100
AcDbEntity
  8
0
  6
Continuous
 62
     7
100
AcDbLine
 10
-79.8019405115275
 20
-163.3845692430766
 30
0.0
 11
-79.10194051152768
 21
-163.3845692430766
 31
0.0
  0
LINE
  5
3FD
330
1F
100
AcDbEntity
  8
0
  6
Continuous
 62
     7
100
AcDbLine
 10
-79.10194051152768
 20
-163.3845692430766
 30
0.0
 11
-79.10194051152768
 21
-169.2845692430781
 31
0.0
  0
LINE
  5
3FE
330
1F
100
AcDbEntity
  8
0
  6
Continuous
 62
     7
100
AcDbLine
 10
-79.10194051152768
 20
-169.2845692430781
 30
0.0
 11
-79.8019405115275
 21
-169.2845692430781
 31
0.0
  0
LINE
  5
3FF
330
1F
100
AcDbEntity
  8
0
  6
Continuous
 62
     7
100
AcDbLine
 10
-79.8019405115275
 20
-169.2845692430781
 30
0.0
 11
-79.8019405115275
 21
-169.0845692430682
 31
0.0
  0
LINE
  5
400
330
1F
100
AcDbEntity
  8
0
  6
Continuous
 62
     7
100
AcDbLine
 10
-80.6491893944077
 20
-169.0104445706381
 30
0.0
 11
-79.8019405115275
 21
-169.0845692430682
 31
0.0
  0
LINE
  5
401
330
1F
100
AcDbEntity
  8
0
  6
Continuous
 62
     7
100
AcDbLine
 10
-79.8019405115275
 20
-163.5845692430682
 30
0.0
 11
-79.8019405115275
 21
-169.0845692430682
 31
0.0
  0
LINE
  5
402
330
1F
100
AcDbEntity
  8
0
  6
Continuous
 62
     7
100
AcDbLine
 10
-79.8019405115275
 20
-163.5845692430682
 30
0.0
 11
-80.6491893944077
 21
-163.6586939155165
 31
0.0
  0
LINE
  5
403
330
1F
100
AcDbEntity
  8
0
  6
Continuous
 62
     7
100
AcDbLine
 10
-96.95117894903809
 20
-240.0104445706381
 30
0.0
 11
-96.10393006615879
 21
-240.0845692430682
 31
0.0
  0
LINE
  5
404
330
1F
100
AcDbEntity
  8
0
  6
Continuous
 62
     7
100
AcDbLine
 10
-96.10393006615879
 20
-234.5845692430682
 30
0.0
 11
-96.95117894903809
 21
-234.6586939155165
 31
0.0
  0
LINE
  5
405
330
1F
100
AcDbEntity
  8
0
  6
Continuous
 62
     7
100
AcDbLine
 10
-94.10194051152769
 20
-241.6345692430766
 30
0.0
 11
-94.60194051152768
 21
-241.6345692430766
 31
0.0
  0
LINE
  5
406
330
1F
100
AcDbEntity
  8
0
  6
Continuous
 62
     7
100
AcDbLine
 10
-94.10194051152769
 20
-162.0345692430781
 30
0.0
 11
-94.60194051152768
 21
-162.0345692430781
 31
0.0
  0
LINE
  5
407
330
1F
100
AcDbEntity
  8
0
  6
Continuous
 62
     7
100
AcDbLine
 10
-96.10194051152769
 20
-173.5428426666874
 30
0.0
 11
-96.10194051152769
 21
-230.1262958194582
 31
0.0
  0
LINE
  5
408
330
1F
100
AcDbEntity
  8
0
  6
Continuous
 62
     7
100
AcDbLine
 10
-94.60194051152768
 20
-229.7108198720377
 30
0.0
 11
-94.60194051152768
 21
-173.9583186141169
 31
0.0
  0
LINE
  5
409
330
1F
100
AcDbEntity
  8
0
  6
Continuous
 62
     7
100
AcDbLine
 10
-94.60194051152768
 20
-173.9583186141169
 30
0.0
 11
-94.60194051152768
 21
-171.2345692430679
 31
0.0
  0
LINE
  5
40A
330
1F
100
AcDbEntity
  8
0
  6
Continuous
 62
     7
100
AcDbLine
 10
-96.10194051152769
 20
-230.1262958194582
 30
0.0
 11
-96.10194051152769
 21
-241.4882522582081
 31
0.0
  0
LINE
  5
40B
330
1F
100
AcDbEntity
  8
0
  6
Continuous
 62
     7
100
AcDbLine
 10
-98.96013360215796
 20
-178.5974928620269
 30
0.0
 11
-96.24374742090832
 21
-174.0561696766979
 31
0.0
  0
LINE
  5
40C
330
1F
100
AcDbEntity
  8
0
  6
Continuous
 62
     7
100
AcDbLine
 10
-99.10194051152769
 20
-179.1108198720283
 30
0.0
 11
-99.10194051152769
 21
-224.5583186141173
 31
0.0
  0
LINE
  5
40D
330
1F
100
AcDbEntity
  8
0
  6
Continuous
 62
     7
100
AcDbLine
 10
-96.24374742090832
 20
-229.6129688094368
 30
0.0
 11
-98.96013360215796
 21
-225.0716456241278
 31
0.0
  0
LINE
  5
40E
330
1F
100
AcDbEntity
  8
0
  6
Continuous
 62
     7
100
AcDbLine
 10
-94.60194051152768
 20
-171.2345692430679
 30
0.0
 11
-94.60194051152768
 21
-161.9882522582081
 31
0.0
  0
LINE
  5
40F
330
1F
100
AcDbEntity
  8
0
  6
Continuous
 62
     7
100
AcDbLine
 10
-94.60194051152768
 20
-231.2345692430679
 30
0.0
 11
-94.60194051152768
 21
-229.7108198720377
 31
0.0
  0
LINE
  5
410
330
1F
100
AcDbEntity
  8
0
  6
Continuous
 62
     7
100
AcDbLine
 10
-94.60194051152768
 20
-161.9882522582081
 30
0.0
 11
-96.10194051152769
 21
-161.9882522582081
 31
0.0
  0
LINE
  5
411
330
1F
100
AcDbEntity
  8
0
  6
Continuous
 62
     7
100
AcDbLine
 10
-94.60194051152768
 20
-241.4882522582081
 30
0.0
 11
-94.60194051152768
 21
-231.2345692430679
 31
0.0
  0
LINE
  5
412
330
1F
100
AcDbEntity
  8
0
  6
Continuous
 62
     7
100
AcDbLine
 10
-96.10194051152769
 20
-241.4882522582081
 30
0.0
 11
-94.60194051152768
 21
-241.4882522582081
 31
0.0
  0
LINE
  5
413
330
1F
100
AcDbEntity
  8
0
  6
Continuous
 62
     7
100
AcDbLine
 10
-96.10194051152769
 20
-161.9882522582081
 30
0.0
 11
-96.10194051152769
 21
-173.5428426666874
 31
0.0
  0
LINE
  5
414
330
1F
100
AcDbEntity
  8
0
  6
Continuous
 62
     7
100
AcDbLine
 10
-94.10194051152769
 20
-193.3345692430682
 30
0.0
 11
-94.10194051152769
 21
-176.3345692430682
 31
0.0
  0
LINE
  5
415
330
1F
100
AcDbEntity
  8
0
  6
Continuous
 62
     7
100
AcDbLine
 10
-73.10194051152769
 20
-175.8345692430682
 30
0.0
 11
-73.10194051152769
 21
-183.8345692430682
 31
0.0
  0
LINE
  5
416
330
1F
100
AcDbEntity
  8
0
  6
Continuous
 62
     7
100
AcDbLine
 10
-73.10194051152769
 20
-184.8345692430682
 30
0.0
 11
-73.10194051152769
 21
-183.8345692430682
 31
0.0
  0
LINE
  5
417
330
1F
100
AcDbEntity
  8
0
  6
Continuous
 62
     7
100
AcDbLine
 10
-73.10194051152769
 20
-232.8345692430682
 30
0.0
 11
-73.10194051152769
 21
-233.8345692430682
 31
0.0
  0
LINE
  5
418
330
1F
100
AcDbEntity
  8
0
  6
Continuous
 62
     7
100
AcDbLine
 10
-73.10194051152769
 20
-241.8345692430682
 30
0.0
 11
-73.10194051152769
 21
-240.8345692430682
 31
0.0
  0
LINE
  5
419
330
1F
100
AcDbEntity
  8
0
  6
Continuous
 62
     7
100
AcDbLine
 10
-73.10194051152769
 20
-232.8345692430682
 30
0.0
 11
-73.10194051152769
 21
-184.8345692430682
 31
0.0
  0
LINE
  5
41A
330
1F
100
AcDbEntity
  8
0
  6
Continuous
 62
     7
100
AcDbLine
 10
-73.10194051152769
 20
-175.8345692430682
 30
0.0
 11
-73.10194051152769
 21
-161.8345692430682
 31
0.0
  0
LINE
  5
41B
330
1F
100
AcDbEntity
  8
0
  6
Continuous
 62
     7
100
AcDbLine
 10
-73.10194051152769
 20
-162.0345692430781
 30
0.0
 11
-72.60194051152769
 21
-162.0345692430781
 31
0.0
  0
LINE
  5
41C
330
1F
100
AcDbEntity
  8
0
  6
Continuous
 62
     7
100
AcDbLine
 10
-73.10194051152769
 20
-241.6345692430766
 30
0.0
 11
-72.60194051152769
 21
-241.6345692430766
 31
0.0
  0
LINE
  5
41D
330
1F
100
AcDbEntity
  8
0
  6
Continuous
 62
     7
100
AcDbLine
 10
-94.10194051152769
 20
-241.8345692430682
 30
0.0
 11
-94.10194051152769
 21
-161.8345692430682
 31
0.0
  0
LINE
  5
41E
330
1F
100
AcDbEntity
  8
0
  6
Continuous
 62
     7
100
AcDbLine
 10
-94.10194051152769
 20
-241.8345692430682
 30
0.0
 11
-73.10194051152769
 21
-241.8345692430682
 31
0.0
  0
LINE
  5
41F
330
1F
100
AcDbEntity
  8
0
  6
Continuous
 62
     7
100
AcDbLine
 10
-94.10194051152769
 20
-161.8345692430682
 30
0.0
 11
-79.10193988797903
 21
-161.8345692430682
 31
0.0
  0
LINE
  5
420
330
1F
100
AcDbEntity
  8
0
  6
Continuous
 62
     7
100
AcDbLine
 10
-78.60194051152769
 20
-232.8345692430682
 30
0.0
 11
-73.10194051152769
 21
-232.8345692430682
 31
0.0
  0
LINE
  5
421
330
1F
100
AcDbEntity
  8
0
  6
Continuous
 62
     7
100
AcDbLine
 10
-78.60194051152769
 20
-232.8345692430682
 30
0.0
 11
-78.60194051152769
 21
-241.8345692430682
 31
0.0
  0
LINE
  5
422
330
1F
100
AcDbEntity
  8
0
  6
Continuous
 62
     7
100
AcDbLine
 10
-78.60194051152769
 20
-169.8345692430682
 30
0.0
 11
-78.60194051152769
 21
-161.8345692430682
 31
0.0
  0
LINE
  5
423
330
1F
100
AcDbEntity
  8
0
  6
Continuous
 62
     7
100
AcDbLine
 10
-94.10194051152769
 20
-169.8345692430682
 30
0.0
 11
-78.60194051152769
 21
-169.8345692430682
 31
0.0
  0
LINE
  5
424
330
1F
100
AcDbEntity
  8
0
  6
CENTER2
 62
     1
100
AcDbLine
 10
-104.1019405115277
 20
-201.8345692430682
 30
0.0
 11
89.09805948846132
 21
-201.8345692430683
 31
0.0
  0
LINE
  5
425
330
1F
100
AcDbEntity
  8
0
  6
Continuous
 62
     7
100
AcDbLine
 10
-73.10194051152769
 20
-175.8345692430682
 30
0.0
 11
-94.10194051152769
 21
-175.8345692430682
 31
0.0
  0
LINE
  5
426
330
1F
100
AcDbEntity
  8
0
  6
Continuous
 62
     7
100
AcDbLine
 10
-96.10194051152769
 20
-177.5845692430682
 30
0.0
 11
-96.94918939440789
 21
-177.6586939155165
 31
0.0
  0
LINE
  5
427
330
1F
100
AcDbEntity
  8
0
  6
Continuous
 62
     7
100
AcDbLine
 10
-96.94918939440789
 20
-183.0104445706381
 30
0.0
 11
-96.10194051152769
 21
-183.0845692430682
 31
0.0
  0
LINE
  5
428
330
1F
100
AcDbEntity
  8
0
  6
Continuous
 62
     7
100
AcDbLine
 10
-73.10194051152769
 20
-227.8345692430682
 30
0.0
 11
-94.10194051152769
 21
-227.8345692430682
 31
0.0
  0
LINE
  5
429
330
1F
100
AcDbEntity
  8
0
  6
Continuous
 62
     7
100
AcDbLine
 10
-78.59995095690748
 20
-227.8345692430682
 30
0.0
 11
-78.59995095690748
 21
-219.8345692430682
 31
0.0
  0
LINE
  5
42A
330
1F
100
AcDbEntity
  8
0
  6
Continuous
 62
     7
100
AcDbLine
 10
-78.59995095690748
 20
-219.8345692430682
 30
0.0
 11
-94.09995095690748
 21
-219.8345692430682
 31
0.0
  0
LINE
  5
42B
330
1F
100
AcDbEntity
  8
0
  6
Continuous
 62
     7
100
AcDbLine
 10
-78.59995095690748
 20
-224.8345692430682
 30
0.0
 11
-78.59995095690748
 21
-221.8345692430682
 31
0.0
  0
LINE
  5
42C
330
1F
100
AcDbEntity
  8
0
  6
Continuous
 62
     7
100
AcDbLine
 10
-78.59995095690748
 20
-221.8345692430682
 30
0.0
 11
-78.59995095690748
 21
-220.5845692430682
 31
0.0
  0
LINE
  5
42D
330
1F
100
AcDbEntity
  8
0
  6
Continuous
 62
     7
100
AcDbLine
 10
-78.59995095690748
 20
-226.0845692430682
 30
0.0
 11
-78.59995095690748
 21
-224.8345692430682
 31
0.0
  0
LINE
  5
42E
330
1F
100
AcDbEntity
  8
0
  6
Continuous
 62
     7
100
AcDbLine
 10
-78.59995095690748
 20
-220.3345692430682
 30
0.0
 11
-78.59995095690748
 21
-226.3345692430682
 31
0.0
  0
LINE
  5
42F
330
1F
100
AcDbEntity
  8
0
  6
Continuous
 62
     7
100
AcDbLine
 10
-79.09995095690748
 20
-226.3345692430682
 30
0.0
 11
-79.09995095690748
 21
-226.2845692430781
 31
0.0
  0
LINE
  5
430
330
1F
100
AcDbEntity
  8
0
  6
Continuous
 62
     7
100
AcDbLine
 10
-78.59995095690748
 20
-226.3345692430682
 30
0.0
 11
-79.09995095690748
 21
-226.3345692430682
 31
0.0
  0
LINE
  5
431
330
1F
100
AcDbEntity
  8
0
  6
Continuous
 62
     7
100
AcDbLine
 10
-78.59995095690748
 20
-220.3345692430682
 30
0.0
 11
-78.59995095690748
 21
-226.3345692430682
 31
0.0
  0
LINE
  5
432
330
1F
100
AcDbEntity
  8
0
  6
Continuous
 62
     7
100
AcDbLine
 10
-79.09995095690748
 20
-220.3345692430682
 30
0.0
 11
-78.59995095690748
 21
-220.3345692430682
 31
0.0
  0
LINE
  5
433
330
1F
100
AcDbEntity
  8
0
  6
Continuous
 62
     7
100
AcDbLine
 10
-79.09995095690748
 20
-220.3845692430766
 30
0.0
 11
-79.09995095690748
 21
-220.3345692430682
 31
0.0
  0
LINE
  5
434
330
1F
100
AcDbEntity
  8
0
  6
Continuous
 62
     7
100
AcDbLine
 10
-79.79995095692823
 20
-226.2845692430781
 30
0.0
 11
-79.79995095692823
 21
-226.0845692430682
 31
0.0
  0
LINE
  5
435
330
1F
100
AcDbEntity
  8
0
  6
Continuous
 62
     7
100
AcDbLine
 10
-79.09995095690748
 20
-226.2845692430781
 30
0.0
 11
-79.79995095692823
 21
-226.2845692430781
 31
0.0
  0
LINE
  5
436
330
1F
100
AcDbEntity
  8
0
  6
Continuous
 62
     7
100
AcDbLine
 10
-79.09995095690748
 20
-220.3845692430766
 30
0.0
 11
-79.09995095690748
 21
-226.2845692430781
 31
0.0
  0
LINE
  5
437
330
1F
100
AcDbEntity
  8
0
  6
Continuous
 62
     7
100
AcDbLine
 10
-79.79995095692823
 20
-220.3845692430766
 30
0.0
 11
-79.09995095690748
 21
-220.3845692430766
 31
0.0
  0
LINE
  5
438
330
1F
100
AcDbEntity
  8
0
  6
Continuous
 62
     7
100
AcDbLine
 10
-79.79995095692823
 20
-220.5845692430682
 30
0.0
 11
-79.79995095692823
 21
-220.3845692430766
 31
0.0
  0
LINE
  5
439
330
1F
100
AcDbEntity
  8
0
  6
Continuous
 62
     7
100
AcDbLine
 10
-79.79995095692823
 20
-220.5845692430682
 30
0.0
 11
-80.64719983979841
 21
-220.6586939155165
 31
0.0
  0
LINE
  5
43A
330
1F
100
AcDbEntity
  8
0
  6
Continuous
 62
     7
100
AcDbLine
 10
-79.79995095692823
 20
-220.5845692430682
 30
0.0
 11
-79.79995095692823
 21
-226.0845692430682
 31
0.0
  0
LINE
  5
43B
330
1F
100
AcDbEntity
  8
0
  6
Continuous
 62
     7
100
AcDbLine
 10
-80.64719983979841
 20
-226.0104445706381
 30
0.0
 11
-79.79995095692823
 21
-226.0845692430682
 31
0.0
  0
LINE
  5
43C
330
1F
100
AcDbEntity
  8
0
  6
Continuous
 62
     7
100
AcDbLine
 10
-78.60194051152769
 20
-175.8345692430682
 30
0.0
 11
-78.60194051152769
 21
-184.8345692430682
 31
0.0
  0
LINE
  5
43D
330
1F
100
AcDbEntity
  8
0
  6
Continuous
 62
     7
100
AcDbLine
 10
-76.63194051152743
 20
-176.8345692430682
 30
0.0
 11
-76.63194051152743
 21
-183.8345692430682
 31
0.0
  0
LINE
  5
43E
330
1F
100
AcDbEntity
  8
0
  6
Continuous
 62
     7
100
AcDbLine
 10
-76.98194051153871
 20
-183.4845692430679
 30
0.0
 11
-76.98194051153871
 21
-177.1845692430668
 31
0.0
  0
LINE
  5
43F
330
1F
100
AcDbEntity
  8
0
  6
Continuous
 62
     7
100
AcDbLine
 10
-76.63194051152743
 20
-176.8345692430682
 30
0.0
 11
-76.98194051153871
 21
-177.1845692430668
 31
0.0
  0
LINE
  5
440
330
1F
100
AcDbEntity
  8
0
  6
Continuous
 62
     7
100
AcDbLine
 10
-76.98194051153871
 20
-183.4845692430679
 30
0.0
 11
-76.98194051153871
 21
-177.1845692430668
 31
0.0
  0
LINE
  5
441
330
1F
100
AcDbEntity
  8
0
  6
Continuous
 62
     7
100
AcDbLine
 10
-76.98194051153871
 20
-183.4845692430679
 30
0.0
 11
-76.63194051152743
 21
-183.8345692430682
 31
0.0
  0
LINE
  5
442
330
1F
100
AcDbEntity
  8
0
  6
Continuous
 62
     7
100
AcDbLine
 10
-76.63194051152743
 20
-176.8345692430682
 30
0.0
 11
-76.63194051152743
 21
-183.8345692430682
 31
0.0
  0
LINE
  5
443
330
1F
100
AcDbEntity
  8
0
  6
Continuous
 62
     7
100
AcDbLine
 10
-72.9819405115387
 20
-183.8345692430682
 30
0.0
 11
-76.63194051152743
 21
-183.8345692430682
 31
0.0
  0
LINE
  5
444
330
1F
100
AcDbEntity
  8
0
  6
Continuous
 62
     7
100
AcDbLine
 10
-72.9819405115387
 20
-183.8345692430682
 30
0.0
 11
-76.63194051152743
 21
-183.8345692430682
 31
0.0
  0
LINE
  5
445
330
1F
100
AcDbEntity
  8
0
  6
Continuous
 62
     7
100
AcDbLine
 10
-76.63194051152743
 20
-176.8345692430682
 30
0.0
 11
-72.9819405115387
 21
-176.8345692430682
 31
0.0
  0
LINE
  5
446
330
1F
100
AcDbEntity
  8
0
  6
Continuous
 62
     7
100
AcDbLine
 10
-72.9819405115387
 20
-184.3345692430682
 30
0.0
 11
-72.9819405115387
 21
-176.3345692430682
 31
0.0
  0
LINE
  5
447
330
1F
100
AcDbEntity
  8
0
  6
Continuous
 62
     7
100
AcDbLine
 10
-72.9819405115387
 20
-184.3345692430682
 30
0.0
 11
-72.9819405115387
 21
-176.3345692430682
 31
0.0
  0
LINE
  5
448
330
1F
100
AcDbEntity
  8
0
  6
Continuous
 62
     7
100
AcDbLine
 10
-72.9819405115387
 20
-176.3345692430682
 30
0.0
 11
-72.60194051152769
 21
-176.3345692430682
 31
0.0
  0
LINE
  5
449
330
1F
100
AcDbEntity
  8
0
  6
Continuous
 62
     7
100
AcDbLine
 10
-72.60194051152769
 20
-184.3345692430682
 30
0.0
 11
-72.9819405115387
 21
-184.3345692430682
 31
0.0
  0
LINE
  5
44A
330
1F
100
AcDbEntity
  8
0
  6
Continuous
 62
     7
100
AcDbLine
 10
-78.60194051152769
 20
-184.8345692430682
 30
0.0
 11
-73.10194051152769
 21
-184.8345692430682
 31
0.0
  0
LINE
  5
44B
330
1F
100
AcDbEntity
  8
0
  6
Continuous
 62
     7
100
AcDbLine
 10
-28.79995095689912
 20
-161.8345692430682
 30
0.0
 11
-17.89995095690767
 21
-161.8345692430682
 31
0.0
  0
LINE
  5
44C
330
1F
100
AcDbEntity
  8
0
  6
Continuous
 62
     7
100
AcDbLine
 10
-17.89995095690767
 20
-161.8345692430682
 30
0.0
 11
48.59805948846122
 21
-161.8345692430682
 31
0.0
  0
LINE
  5
44D
330
1F
100
AcDbEntity
  8
0
  6
Continuous
 62
     7
100
AcDbLine
 10
-96.55194051153843
 20
-240.0453734079581
 30
0.0
 11
-96.55194051153843
 21
-240.5845692430682
 31
0.0
  0
LINE
  5
44E
330
1F
100
AcDbEntity
  8
0
  6
Continuous
 62
     7
100
AcDbLine
 10
-96.10194051152769
 20
-234.0845692430682
 30
0.0
 11
-96.10194051152769
 21
-240.5845692430682
 31
0.0
  0
LINE
  5
44F
330
1F
100
AcDbEntity
  8
0
  6
Continuous
 62
     7
100
AcDbLine
 10
-96.55194051153843
 20
-240.5845692430682
 30
0.0
 11
-96.10194051152769
 21
-240.5845692430682
 31
0.0
  0
LINE
  5
450
330
1F
100
AcDbEntity
  8
0
  6
Continuous
 62
     7
100
AcDbLine
 10
-96.55194051153843
 20
-234.6237650781875
 30
0.0
 11
-96.55194051153843
 21
-234.0845692430682
 31
0.0
  0
LINE
  5
451
330
1F
100
AcDbEntity
  8
0
  6
Continuous
 62
     7
100
AcDbLine
 10
-96.55194051153843
 20
-234.0845692430682
 30
0.0
 11
-96.10194051152769
 21
-234.0845692430682
 31
0.0
  0
LINE
  5
452
330
1F
100
AcDbEntity
  8
0
  6
Continuous
 62
     7
100
AcDbLine
 10
-97.05194051153844
 20
-240.3345692430682
 30
0.0
 11
-97.05194051153844
 21
-239.9964347260172
 31
0.0
  0
LINE
  5
453
330
1F
100
AcDbEntity
  8
0
  6
Continuous
 62
     7
100
AcDbLine
 10
-96.55194051153843
 20
-240.3345692430682
 30
0.0
 11
-97.05194051153844
 21
-240.3345692430682
 31
0.0
  0
LINE
  5
454
330
1F
100
AcDbEntity
  8
0
  6
Continuous
 62
     7
100
AcDbLine
 10
-97.05194051153844
 20
-234.3345692430682
 30
0.0
 11
-96.55194051153843
 21
-234.3345692430682
 31
0.0
  0
LINE
  5
455
330
1F
100
AcDbEntity
  8
0
  6
Continuous
 62
     7
100
AcDbLine
 10
-97.05194051153844
 20
-234.6727037601465
 30
0.0
 11
-97.05194051153844
 21
-234.3345692430682
 31
0.0
  0
LINE
  5
456
330
1F
100
AcDbEntity
  8
0
  6
Continuous
 62
     7
100
AcDbLine
 10
-97.75194051152823
 20
-240.2845692430781
 30
0.0
 11
-97.75194051152823
 21
-239.4742529801967
 31
0.0
  0
LINE
  5
457
330
1F
100
AcDbEntity
  8
0
  6
Continuous
 62
     7
100
AcDbLine
 10
-97.05194051153844
 20
-240.2845692430781
 30
0.0
 11
-97.75194051152823
 21
-240.2845692430781
 31
0.0
  0
LINE
  5
458
330
1F
100
AcDbEntity
  8
0
  6
Continuous
 62
     7
100
AcDbLine
 10
-97.75194051152823
 20
-234.3845692430766
 30
0.0
 11
-97.05194051153844
 21
-234.3845692430766
 31
0.0
  0
LINE
  5
459
330
1F
100
AcDbEntity
  8
0
  6
Continuous
 62
     7
100
AcDbLine
 10
-97.75194051152823
 20
-235.194885505958
 30
0.0
 11
-97.75194051152823
 21
-234.3845692430766
 31
0.0
  0
LINE
  5
45A
330
1F
100
AcDbEntity
  8
0
  6
Continuous
 62
     7
100
AcDbLine
 10
-97.75194051152823
 20
-234.5845692430682
 30
0.0
 11
-98.59918939439843
 21
-234.6586939155165
 31
0.0
  0
LINE
  5
45B
330
1F
100
AcDbEntity
  8
0
  6
Continuous
 62
     7
100
AcDbLine
 10
-98.59918939439843
 20
-240.0104445706381
 30
0.0
 11
-97.75194051152823
 21
-240.0845692430682
 31
0.0
  0
LINE
  5
46C
330
1F
100
AcDbEntity
  8
0
  6
Continuous
 62
     7
100
AcDbLine
 10
39.29805948847104
 20
-161.8345692430682
 30
0.0
 11
39.29805948847104
 21
-241.8345692430682
 31
0.0
  0
LINE
  5
46D
330
1F
100
AcDbEntity
  8
0
  6
Continuous
 62
     7
100
AcDbLine
 10
-94.10194051152677
 20
-79.01787830147613
 30
0.0
 11
-94.10194051152677
 21
-25.71787830147684
 31
0.0
  0
LINE
  5
470
330
1F
100
AcDbEntity
  8
0
  6
Continuous
 62
     7
100
AcDbLine
 10
-73.10194051152679
 20
-65.01787830147612
 30
0.0
 11
-72.60194051152679
 21
-65.01787830147612
 31
0.0
  0
LINE
  5
471
330
1F
100
AcDbEntity
  8
0
  6
Continuous
 62
     7
100
AcDbLine
 10
-73.10194051152679
 20
-28.01787830147612
 30
0.0
 11
-73.10194051152679
 21
-65.01787830147612
 31
0.0
  0
LINE
  5
472
330
1F
100
AcDbEntity
  8
0
  6
Continuous
 62
     7
100
AcDbLine
 10
-73.10194051152679
 20
-11.71787830147684
 30
0.0
 11
-73.10194051152679
 21
-19.01787830147611
 31
0.0
  0
LINE
  5
473
330
1F
100
AcDbEntity
  8
0
  6
Continuous
 62
     7
100
AcDbLine
 10
-72.60194051152679
 20
-11.71787830147684
 30
0.0
 11
-73.10194051152679
 21
-11.71787830147684
 31
0.0
  0
LINE
  5
474
330
1F
100
AcDbEntity
  8
0
  6
Continuous
 62
     7
100
AcDbLine
 10
-94.60194051152678
 20
-5.01787830147611
 30
0.0
 11
-94.60194051152678
 21
-5.17156131662057
 31
0.0
  0
LINE
  5
475
330
1F
100
AcDbEntity
  8
0
  6
Continuous
 62
     7
100
AcDbLine
 10
-94.10194051152677
 20
-5.01787830147611
 30
0.0
 11
-94.60194051152678
 21
-5.01787830147611
 31
0.0
  0
LINE
  5
476
330
1F
100
AcDbEntity
  8
0
  6
Continuous
 62
     7
100
AcDbLine
 10
-94.60194051152678
 20
-5.717878301476839
 30
0.0
 11
-94.10194051152677
 21
-5.717878301476839
 31
0.0
  0
LINE
  5
477
330
1F
100
AcDbEntity
  8
0
  6
Continuous
 62
     7
100
AcDbLine
 10
-94.10194051152677
 20
-19.01787830147611
 30
0.0
 11
-94.10194051152677
 21
-5.01787830147611
 31
0.0
  0
LINE
  5
478
330
1F
100
AcDbEntity
  8
0
  6
Continuous
 62
     7
100
AcDbLine
 10
-94.10194051152677
 20
-19.01787830147611
 30
0.0
 11
-94.60194051152678
 21
-19.01787830147611
 31
0.0
  0
LINE
  5
479
330
1F
100
AcDbEntity
  8
0
  6
Continuous
 62
     7
100
AcDbLine
 10
-94.10194051152677
 20
-25.71787830147684
 30
0.0
 11
-94.60194051152678
 21
-25.71787830147684
 31
0.0
  0
LINE
  5
47A
330
1F
100
AcDbEntity
  8
0
  6
Continuous
 62
     7
100
AcDbLine
 10
-94.60194051152678
 20
-79.01787830147613
 30
0.0
 11
-94.10194051152677
 21
-79.01787830147613
 31
0.0
  0
LINE
  5
47B
330
1F
100
AcDbEntity
  8
0
  6
Continuous
 62
     7
100
AcDbLine
 10
-18.9039300659025
 20
-0.51787830147611
 30
0.0
 11
-18.9039300659025
 21
-5.01787830147611
 31
0.0
  0
LINE
  5
47C
330
1F
100
AcDbEntity
  8
0
  6
Continuous
 62
     7
100
AcDbLine
 10
-27.70393006590268
 20
-0.51787830147611
 30
0.0
 11
-27.70393006590268
 21
-5.01787830147611
 31
0.0
  0
LINE
  5
47D
330
1F
100
AcDbEntity
  8
0
  6
Continuous
 62
     7
100
AcDbLine
 10
-78.60194051152679
 20
-3.01787830148612
 30
0.0
 11
-78.60194051152679
 21
-5.01787830147611
 31
0.0
  0
LINE
  5
47E
330
1F
100
AcDbEntity
  8
0
  6
Continuous
 62
     7
100
AcDbLine
 10
-81.59995095618169
 20
1.98212169851843
 30
0.0
 11
-78.60194051152679
 21
-3.01787830148612
 31
0.0
  0
LINE
  5
483
330
1F
100
AcDbEntity
  8
0
  6
Continuous
 62
     7
100
AcDbLine
 10
-78.60194051152679
 20
-28.01787830147612
 30
0.0
 11
-73.10194051152679
 21
-28.01787830147612
 31
0.0
  0
LINE
  5
484
330
1F
100
AcDbEntity
  8
0
  6
Continuous
 62
     7
100
AcDbLine
 10
-72.60194051152679
 20
-27.51787830147611
 30
0.0
 11
-72.98194051153416
 21
-27.51787830147611
 31
0.0
  0
LINE
  5
485
330
1F
100
AcDbEntity
  8
0
  6
Continuous
 62
     7
100
AcDbLine
 10
-72.98194051153416
 20
-19.51787830147611
 30
0.0
 11
-72.60194051152679
 21
-19.51787830147611
 31
0.0
  0
LINE
  5
486
330
1F
100
AcDbEntity
  8
0
  6
Continuous
 62
     7
100
AcDbLine
 10
-72.98194051153416
 20
-27.51787830147611
 30
0.0
 11
-72.98194051153416
 21
-19.51787830147611
 31
0.0
  0
LINE
  5
487
330
1F
100
AcDbEntity
  8
0
  6
Continuous
 62
     7
100
AcDbLine
 10
-72.98194051153416
 20
-27.51787830147611
 30
0.0
 11
-72.98194051153416
 21
-19.51787830147611
 31
0.0
  0
LINE
  5
488
330
1F
100
AcDbEntity
  8
0
  6
Continuous
 62
     7
100
AcDbLine
 10
-76.6319405115247
 20
-20.01787830147611
 30
0.0
 11
-72.98194051153416
 21
-20.01787830147611
 31
0.0
  0
LINE
  5
489
330
1F
100
AcDbEntity
  8
0
  6
Continuous
 62
     7
100
AcDbLine
 10
-72.98194051153416
 20
-27.01787830147611
 30
0.0
 11
-76.6319405115247
 21
-27.01787830147611
 31
0.0
  0
LINE
  5
48A
330
1F
100
AcDbEntity
  8
0
  6
Continuous
 62
     7
100
AcDbLine
 10
-72.98194051153416
 20
-27.01787830147611
 30
0.0
 11
-76.6319405115247
 21
-27.01787830147611
 31
0.0
  0
LINE
  5
48B
330
1F
100
AcDbEntity
  8
0
  6
Continuous
 62
     7
100
AcDbLine
 10
-76.6319405115247
 20
-20.01787830147611
 30
0.0
 11
-76.6319405115247
 21
-27.01787830147611
 31
0.0
  0
LINE
  5
48C
330
1F
100
AcDbEntity
  8
0
  6
Continuous
 62
     7
100
AcDbLine
 10
-76.98194051153416
 20
-26.66787830148029
 30
0.0
 11
-76.6319405115247
 21
-27.01787830147611
 31
0.0
  0
LINE
  5
48D
330
1F
100
AcDbEntity
  8
0
  6
Continuous
 62
     7
100
AcDbLine
 10
-76.98194051153416
 20
-26.66787830148029
 30
0.0
 11
-76.98194051153416
 21
-20.36787830147647
 31
0.0
  0
LINE
  5
48E
330
1F
100
AcDbEntity
  8
0
  6
Continuous
 62
     7
100
AcDbLine
 10
-76.6319405115247
 20
-20.01787830147611
 30
0.0
 11
-76.98194051153416
 21
-20.36787830147647
 31
0.0
  0
LINE
  5
48F
330
1F
100
AcDbEntity
  8
0
  6
Continuous
 62
     7
100
AcDbLine
 10
-76.98194051153416
 20
-26.66787830148029
 30
0.0
 11
-76.98194051153416
 21
-20.36787830147647
 31
0.0
  0
LINE
  5
490
330
1F
100
AcDbEntity
  8
0
  6
Continuous
 62
     7
100
AcDbLine
 10
-76.6319405115247
 20
-20.01787830147611
 30
0.0
 11
-76.6319405115247
 21
-27.01787830147611
 31
0.0
  0
LINE
  5
491
330
1F
100
AcDbEntity
  8
0
  6
Continuous
 62
     7
100
AcDbLine
 10
-78.60194051152679
 20
-19.01787830147611
 30
0.0
 11
-78.60194051152679
 21
-28.01787830147612
 31
0.0
  0
LINE
  5
492
330
1F
100
AcDbEntity
  8
0
  6
Continuous
 62
     7
100
AcDbLine
 10
-27.02694051130584
 20
-0.5178783014762299
 30
0.0
 11
-19.57694051130522
 21
-0.51787830147611
 31
0.0
  0
LINE
  5
493
330
1F
100
AcDbEntity
  8
0
  6
Continuous
 62
     7
100
AcDbLine
 10
-14.50194051131541
 20
-5.01787830147611
 30
0.0
 11
-14.5753431737968
 21
-0.8126425795497899
 31
0.0
  0
LINE
  5
494
330
1F
100
AcDbEntity
  8
0
  6
Continuous
 62
     7
100
AcDbLine
 10
-14.87529748233567
 20
-0.51787830147611
 30
0.0
 11
-19.57694051130522
 21
-0.51787830147611
 31
0.0
  0
LINE
  5
495
330
1F
100
AcDbEntity
  8
0
  6
Continuous
 62
     7
100
AcDbLine
 10
-19.57694051130522
 20
-0.51787830147611
 30
0.0
 11
-19.64501579621549
 21
3.38215215949288
 31
0.0
  0
LINE
  5
496
330
1F
100
AcDbEntity
  8
0
  6
Continuous
 62
     7
100
AcDbLine
 10
-19.84850627750541
 20
3.5821216985197
 30
0.0
 11
-19.64501579621549
 21
3.38215215949288
 31
0.0
  0
LINE
  5
497
330
1F
100
AcDbEntity
  8
0
  6
Continuous
 62
     7
100
AcDbLine
 10
-19.84850627750541
 20
3.5821216985197
 30
0.0
 11
-26.75537474510486
 21
3.5821216985197
 31
0.0
  0
LINE
  5
498
330
1F
100
AcDbEntity
  8
0
  6
Continuous
 62
     7
100
AcDbLine
 10
-26.75537474510486
 20
3.5821216985197
 30
0.0
 11
-26.95886522639478
 21
3.38215215949288
 31
0.0
  0
LINE
  5
499
330
1F
100
AcDbEntity
  8
0
  6
Continuous
 62
     7
100
AcDbLine
 10
-27.02694051130584
 20
-0.5178783014762299
 30
0.0
 11
-31.72858354027551
 21
-0.51787830147611
 31
0.0
  0
LINE
  5
49A
330
1F
100
AcDbEntity
  8
0
  6
Continuous
 62
     7
100
AcDbLine
 10
-32.10194051130668
 20
-5.01787830147611
 30
0.0
 11
-32.0285378488253
 21
-0.8126425795497899
 31
0.0
  0
LINE
  5
49B
330
1F
100
AcDbEntity
  8
0
  6
Continuous
 62
     7
100
AcDbLine
 10
-27.02694051130584
 20
-0.5178783014762299
 30
0.0
 11
-26.95886522639478
 21
3.38215215949288
 31
0.0
  0
LINE
  5
49C
330
1F
100
AcDbEntity
  8
0
  6
Continuous
 62
     7
100
AcDbLine
 10
-55.0004712353267
 20
1.282121698520429
 30
0.0
 11
-55.0004712353267
 21
-4.51787830147611
 31
0.0
  0
LINE
  5
49D
330
1F
100
AcDbEntity
  8
0
  6
Continuous
 62
     7
100
AcDbLine
 10
-55.30047123532597
 20
4.78212169852043
 30
0.0
 11
-55.30047123532597
 21
1.482121698523889
 31
0.0
  0
LINE
  5
49E
330
1F
100
AcDbEntity
  8
0
  6
Continuous
 62
     7
100
AcDbLine
 10
-72.30047123532597
 20
4.78212169852043
 30
0.0
 11
-55.30047123532597
 21
4.78212169852043
 31
0.0
  0
LINE
  5
49F
330
1F
100
AcDbEntity
  8
0
  6
Continuous
 62
     7
100
AcDbLine
 10
-72.60047123532523
 20
1.282121698520429
 30
0.0
 11
-72.59995095690567
 21
-14.51787830147611
 31
0.0
  0
LINE
  5
4A0
330
1F
100
AcDbEntity
  8
0
  6
Continuous
 62
     7
100
AcDbLine
 10
-72.30047123532597
 20
1.482121698523889
 30
0.0
 11
-72.30047123532597
 21
4.78212169852043
 31
0.0
  0
LINE
  5
4A1
330
1F
100
AcDbEntity
  8
0
  6
Continuous
 62
     7
100
AcDbLine
 10
-72.4004712353227
 20
1.482121698523889
 30
0.0
 11
-55.20047123532368
 21
1.482121698523769
 31
0.0
  0
LINE
  5
4A2
330
1F
100
AcDbEntity
  8
0
  6
Continuous
 62
     7
100
AcDbLine
 10
-84.14995095690496
 20
7.282121698509518
 30
0.0
 11
-84.14995095690496
 21
1.98212169851024
 31
0.0
  0
LINE
  5
4A3
330
1F
100
AcDbEntity
  8
0
  6
Continuous
 62
     7
100
AcDbLine
 10
-91.54995095690548
 20
7.282121698509518
 30
0.0
 11
-84.14995095690496
 21
7.282121698509518
 31
0.0
  0
LINE
  5
4A4
330
1F
100
AcDbEntity
  8
0
  6
Continuous
 62
     7
100
AcDbLine
 10
-91.54995095690548
 20
1.98212169851024
 30
0.0
 11
-91.54995095690548
 21
7.282121698509518
 31
0.0
  0
LINE
  5
4A5
330
1F
100
AcDbEntity
  8
0
  6
Continuous
 62
     7
100
AcDbLine
 10
-73.09995095690567
 20
-5.01787830147611
 30
0.0
 11
-73.10194051152679
 21
-5.01787830147611
 31
0.0
  0
LINE
  5
4A6
330
1F
100
AcDbEntity
  8
0
  6
Continuous
 62
     7
100
AcDbLine
 10
-93.99995095690348
 20
1.982121698523889
 30
0.0
 11
-81.5999509561808
 21
1.982121698515699
 31
0.0
  0
LINE
  5
4A7
330
1F
100
AcDbEntity
  8
0
  6
Continuous
 62
     7
100
AcDbLine
 10
-94.10194051152677
 20
-5.01787830147611
 30
0.0
 11
-94.09995095690568
 21
1.882121698523519
 31
0.0
  0
LINE
  5
4A8
330
1F
100
AcDbEntity
  8
0
  6
Continuous
 62
     7
100
AcDbLine
 10
-78.59995095690567
 20
-63.01787830147612
 30
0.0
 11
-94.09995095690568
 21
-63.01787830147612
 31
0.0
  0
LINE
  5
4A9
330
1F
100
AcDbEntity
  8
0
  6
Continuous
 62
     7
100
AcDbLine
 10
-78.59995095690567
 20
-71.01787830147613
 30
0.0
 11
-78.59995095690567
 21
-63.01787830147612
 31
0.0
  0
LINE
  5
4AA
330
1F
100
AcDbEntity
  8
0
  6
Continuous
 62
     7
100
AcDbLine
 10
-72.60194051152679
 20
-71.01787830147613
 30
0.0
 11
-94.10194051152677
 21
-71.01787830147613
 31
0.0
  0
LINE
  5
4AB
330
1F
100
AcDbEntity
  8
0
  6
Continuous
 62
     7
100
AcDbLine
 10
-73.10194051152679
 20
-19.01787830147611
 30
0.0
 11
-94.10194051152677
 21
-19.01787830147611
 31
0.0
  0
LINE
  5
4AC
330
1F
100
AcDbEntity
  8
0
  6
CENTER2
 62
     1
100
AcDbLine
 10
-104.1019405115268
 20
-45.01787830147612
 30
0.0
 11
89.09805948846132
 21
-45.01787830147622
 31
0.0
  0
LINE
  5
4AD
330
1F
100
AcDbEntity
  8
0
  6
Continuous
 62
     7
100
AcDbLine
 10
-94.10194051152677
 20
-13.01787830147611
 30
0.0
 11
-78.60194051152679
 21
-13.01787830147611
 31
0.0
  0
LINE
  5
4AE
330
1F
100
AcDbEntity
  8
0
  6
Continuous
 62
     7
100
AcDbLine
 10
-78.60194051152679
 20
-13.01787830147611
 30
0.0
 11
-78.60194051152679
 21
-5.01787830147611
 31
0.0
  0
LINE
  5
4AF
330
1F
100
AcDbEntity
  8
0
  6
Continuous
 62
     7
100
AcDbLine
 10
-78.60194051152679
 20
-76.01787830147613
 30
0.0
 11
-78.60194051152679
 21
-85.01787830147613
 31
0.0
  0
LINE
  5
4B0
330
1F
100
AcDbEntity
  8
0
  6
Continuous
 62
     7
100
AcDbLine
 10
-78.60194051152679
 20
-76.01787830147613
 30
0.0
 11
-73.10194051152679
 21
-76.01787830147613
 31
0.0
  0
LINE
  5
4B1
330
1F
100
AcDbEntity
  8
0
  6
Continuous
 62
     7
100
AcDbLine
 10
-94.10194051152677
 20
-5.01787830147611
 30
0.0
 11
-73.10194051152679
 21
-5.01787830147611
 31
0.0
  0
LINE
  5
4B2
330
1F
100
AcDbEntity
  8
0
  6
Continuous
 62
     7
100
AcDbLine
 10
-94.10194051152677
 20
-85.01787830147613
 30
0.0
 11
-73.10194051152679
 21
-85.01787830147613
 31
0.0
  0
LINE
  5
4B3
330
1F
100
AcDbEntity
  8
0
  6
Continuous
 62
     7
100
AcDbLine
 10
-73.10194051152679
 20
-85.01787830147613
 30
0.0
 11
-72.60194051152679
 21
-85.01787830147613
 31
0.0
  0
LINE
  5
4B4
330
1F
100
AcDbEntity
  8
0
  6
Continuous
 62
     7
100
AcDbLine
 10
-73.09995095690567
 20
-5.01787830147611
 30
0.0
 11
-72.59995095690567
 21
-5.01787830147611
 31
0.0
  0
LINE
  5
4B5
330
1F
100
AcDbEntity
  8
0
  6
Continuous
 62
     7
100
AcDbLine
 10
-73.10194051152679
 20
-85.01787830147613
 30
0.0
 11
-73.10194051152679
 21
-84.01787830147613
 31
0.0
  0
LINE
  5
4B6
330
1F
100
AcDbEntity
  8
0
  6
Continuous
 62
     7
100
AcDbLine
 10
-73.10194051152679
 20
-71.01787830147613
 30
0.0
 11
-73.10194051152679
 21
-77.01787830147613
 31
0.0
  0
LINE
  5
4B7
330
1F
100
AcDbEntity
  8
0
  6
Continuous
 62
     7
100
AcDbLine
 10
-73.10194051152679
 20
-28.01787830147612
 30
0.0
 11
-73.10194051152679
 21
-27.01787830147611
 31
0.0
  0
LINE
  5
4B8
330
1F
100
AcDbEntity
  8
0
  6
Continuous
 62
     7
100
AcDbLine
 10
-73.10194051152679
 20
-19.01787830147611
 30
0.0
 11
-73.10194051152679
 21
-27.01787830147611
 31
0.0
  0
LINE
  5
4B9
330
1F
100
AcDbEntity
  8
0
  6
Continuous
 62
     7
100
AcDbLine
 10
-95.80194051153751
 20
-5.17156131662057
 30
0.0
 11
-95.80194051153751
 21
-16.72615172509892
 31
0.0
  0
LINE
  5
4BA
330
1F
100
AcDbEntity
  8
0
  6
Continuous
 62
     7
100
AcDbLine
 10
-95.80194051153751
 20
-84.67156131662056
 30
0.0
 11
-94.60194051152678
 21
-84.67156131662056
 31
0.0
  0
LINE
  5
4BB
330
1F
100
AcDbEntity
  8
0
  6
Continuous
 62
     7
100
AcDbLine
 10
-94.60194051152678
 20
-85.01787830147613
 30
0.0
 11
-94.60194051152678
 21
-74.41787830147848
 31
0.0
  0
LINE
  5
4BC
330
1F
100
AcDbEntity
  8
0
  6
Continuous
 62
     7
100
AcDbLine
 10
-94.60194051152678
 20
-5.17156131662057
 30
0.0
 11
-95.80194051153751
 21
-5.17156131662057
 31
0.0
  0
LINE
  5
4BD
330
1F
100
AcDbEntity
  8
0
  6
Continuous
 62
     7
100
AcDbLine
 10
-94.60194051152678
 20
-74.41787830147848
 30
0.0
 11
-94.60194051152678
 21
-72.89412893043745
 31
0.0
  0
LINE
  5
4BE
330
1F
100
AcDbEntity
  8
0
  6
Continuous
 62
     7
100
AcDbLine
 10
-94.60194051152678
 20
-14.41787830148029
 30
0.0
 11
-94.60194051152678
 21
-5.17156131662057
 31
0.0
  0
LINE
  5
4BF
330
1F
100
AcDbEntity
  8
0
  6
Continuous
 62
     7
100
AcDbLine
 10
-95.9437474209127
 20
-73.2978254625749
 30
0.0
 11
-98.96013360215523
 21
-68.25495468252928
 31
0.0
  0
LINE
  5
4C0
330
1F
100
AcDbEntity
  8
0
  6
Continuous
 62
     7
100
AcDbLine
 10
-99.10194051152679
 20
-22.29412893043524
 30
0.0
 11
-99.10194051152679
 21
-67.74162767251697
 31
0.0
  0
LINE
  5
4C1
330
1F
100
AcDbEntity
  8
0
  6
Continuous
 62
     7
100
AcDbLine
 10
-98.96013360215523
 20
-21.7808019204275
 30
0.0
 11
-95.9437474209127
 21
-16.73793114038187
 31
0.0
  0
LINE
  5
4C2
330
1F
100
AcDbEntity
  8
0
  6
Continuous
 62
     7
100
AcDbLine
 10
-95.80194051153751
 20
-73.30960487785512
 30
0.0
 11
-95.80194051153751
 21
-84.67156131662056
 31
0.0
  0
LINE
  5
4C3
330
1F
100
AcDbEntity
  8
0
  6
Continuous
 62
     7
100
AcDbLine
 10
-94.60194051152678
 20
-17.14162767251752
 30
0.0
 11
-94.60194051152678
 21
-14.41787830148029
 31
0.0
  0
LINE
  5
4C4
330
1F
100
AcDbEntity
  8
0
  6
Continuous
 62
     7
100
AcDbLine
 10
-94.60194051152678
 20
-72.89412893043745
 30
0.0
 11
-94.60194051152678
 21
-17.14162767251752
 31
0.0
  0
LINE
  5
4C5
330
1F
100
AcDbEntity
  8
0
  6
Continuous
 62
     7
100
AcDbLine
 10
-95.80194051153751
 20
-16.72615172509892
 30
0.0
 11
-95.80194051153751
 21
-73.30960487785512
 31
0.0
  0
LINE
  5
4C6
330
1F
100
AcDbEntity
  8
0
  6
Continuous
 62
     7
100
AcDbLine
 10
-94.10194051152677
 20
-85.01787830147613
 30
0.0
 11
-94.60194051152678
 21
-85.01787830147613
 31
0.0
  0
LINE
  5
4C7
330
1F
100
AcDbEntity
  8
0
  6
Continuous
 62
     7
100
AcDbLine
 10
-72.98194051153416
 20
-84.01787830147613
 30
0.0
 11
-72.98194051153416
 21
-80.51787830147613
 31
0.0
  0
LINE
  5
4C8
330
1F
100
AcDbEntity
  8
0
  6
Continuous
 62
     7
100
AcDbLine
 10
-76.98194051153416
 20
-83.66787830147847
 30
0.0
 11
-76.6319405115247
 21
-84.01787830147613
 31
0.0
  0
LINE
  5
4C9
330
1F
100
AcDbEntity
  8
0
  6
Continuous
 62
     7
100
AcDbLine
 10
-76.6319405115247
 20
-77.01787830147613
 30
0.0
 11
-76.98194051153416
 21
-77.36787830147649
 31
0.0
  0
LINE
  5
4CA
330
1F
100
AcDbEntity
  8
0
  6
Continuous
 62
     7
100
AcDbLine
 10
-76.6319405115247
 20
-77.01787830147613
 30
0.0
 11
-76.6319405115247
 21
-84.01787830147613
 31
0.0
  0
LINE
  5
4CB
330
1F
100
AcDbEntity
  8
0
  6
Continuous
 62
     7
100
AcDbLine
 10
-76.98194051153416
 20
-83.66787830147847
 30
0.0
 11
-76.98194051153416
 21
-77.36787830147649
 31
0.0
  0
LINE
  5
4CC
330
1F
100
AcDbEntity
  8
0
  6
Continuous
 62
     7
100
AcDbLine
 10
-76.6319405115247
 20
-77.01787830147613
 30
0.0
 11
-72.98194051153416
 21
-77.01787830147613
 31
0.0
  0
LINE
  5
4CD
330
1F
100
AcDbEntity
  8
0
  6
Continuous
 62
     7
100
AcDbLine
 10
-72.98194051153416
 20
-84.01787830147613
 30
0.0
 11
-76.6319405115247
 21
-84.01787830147613
 31
0.0
  0
LINE
  5
4CE
330
1F
100
AcDbEntity
  8
0
  6
Continuous
 62
     7
100
AcDbLine
 10
-72.98194051153416
 20
-80.51787830147613
 30
0.0
 11
-72.98194051153416
 21
-77.01787830147613
 31
0.0
  0
LINE
  5
4CF
330
1F
100
AcDbEntity
  8
0
  6
Continuous
 62
     7
100
AcDbLine
 10
-72.60194051152679
 20
-84.51787830147614
 30
0.0
 11
-72.98194051153416
 21
-84.51787830147614
 31
0.0
  0
LINE
  5
4D0
330
1F
100
AcDbEntity
  8
0
  6
Continuous
 62
     7
100
AcDbLine
 10
-72.98194051153416
 20
-84.51787830147614
 30
0.0
 11
-72.98194051153416
 21
-76.51787830147613
 31
0.0
  0
LINE
  5
4D1
330
1F
100
AcDbEntity
  8
0
  6
Continuous
 62
     7
100
AcDbLine
 10
-72.98194051153416
 20
-76.51787830147613
 30
0.0
 11
-72.60194051152679
 21
-76.51787830147613
 31
0.0
  0
LINE
  5
4D2
330
1F
100
AcDbEntity
  8
0
  6
Continuous
 62
     7
100
AcDbLine
 10
-32.60194051152678
 20
-85.01787830147613
 30
0.0
 11
-72.60194051152679
 21
-85.01787830147613
 31
0.0
  0
LINE
  5
4D3
330
1F
100
AcDbEntity
  8
0
  6
Continuous
 62
     7
100
AcDbLine
 10
-32.60194051152678
 20
-5.01787830147611
 30
0.0
 11
-32.60194051152678
 21
-85.01787830147613
 31
0.0
  0
LINE
  5
4D4
330
1F
100
AcDbEntity
  8
0
  6
Continuous
 62
     7
100
AcDbLine
 10
-72.60194051152679
 20
-19.01787830147611
 30
0.0
 11
-32.60194051152678
 21
-19.01787830147611
 31
0.0
  0
LINE
  5
4D5
330
1F
100
AcDbEntity
  8
0
  6
Continuous
 62
     7
100
AcDbLine
 10
-72.60194051152679
 20
-71.01787830147613
 30
0.0
 11
-32.60194051152678
 21
-71.01787830147613
 31
0.0
  0
LINE
  5
4D6
330
1F
100
AcDbEntity
  8
0
  6
Continuous
 62
     7
100
AcDbLine
 10
-72.60194051152666
 20
-5.01787830147623
 30
0.0
 11
-32.60194051152678
 21
-5.01787830147611
 31
0.0
  0
LINE
  5
4D7
330
1F
100
AcDbEntity
  8
0
  6
Continuous
 62
     7
100
AcDbLine
 10
-72.60194051152679
 20
-85.01787830147613
 30
0.0
 11
-72.60194051152666
 21
-5.01787830147623
 31
0.0
  0
LINE
  5
4D8
330
1F
100
AcDbEntity
  8
0
  6
Continuous
 62
     7
100
AcDbLine
 10
48.59805948846122
 20
-85.01787830147613
 30
0.0
 11
-32.60194051152678
 21
-85.01787830147613
 31
0.0
  0
LINE
  5
4D9
330
1F
100
AcDbEntity
  8
0
  6
Continuous
 62
     7
100
AcDbLine
 10
-32.60194051152678
 20
-5.01787830147611
 30
0.0
 11
48.59805948846122
 21
-5.01787830147611
 31
0.0
  0
LINE
  5
4DA
330
1F
100
AcDbEntity
  8
0
  6
Continuous
 62
     7
100
AcDbLine
 10
44.37805948846369
 20
-23.51787830147611
 30
0.0
 11
44.37805948846369
 21
-27.01787830147611
 31
0.0
  0
LINE
  5
4DB
330
1F
100
AcDbEntity
  8
0
  6
Continuous
 62
     7
100
AcDbLine
 10
48.0280594884615
 20
-27.01787830147611
 30
0.0
 11
48.37805948846369
 21
-26.66787830148029
 31
0.0
  0
LINE
  5
4DC
330
1F
100
AcDbEntity
  8
0
  6
Continuous
 62
     7
100
AcDbLine
 10
48.37805948846369
 20
-20.36787830147647
 30
0.0
 11
48.0280594884615
 21
-20.01787830147611
 31
0.0
  0
LINE
  5
4DD
330
1F
100
AcDbEntity
  8
0
  6
Continuous
 62
     7
100
AcDbLine
 10
48.0280594884615
 20
-27.01787830147611
 30
0.0
 11
48.0280594884615
 21
-20.01787830147611
 31
0.0
  0
LINE
  5
4DE
330
1F
100
AcDbEntity
  8
0
  6
Continuous
 62
     7
100
AcDbLine
 10
48.37805948846369
 20
-20.36787830147647
 30
0.0
 11
48.37805948846369
 21
-26.66787830148029
 31
0.0
  0
LINE
  5
4DF
330
1F
100
AcDbEntity
  8
0
  6
Continuous
 62
     7
100
AcDbLine
 10
44.37805948846369
 20
-20.01787830147611
 30
0.0
 11
48.0280594884615
 21
-20.01787830147611
 31
0.0
  0
LINE
  5
4E0
330
1F
100
AcDbEntity
  8
0
  6
Continuous
 62
     7
100
AcDbLine
 10
48.0280594884615
 20
-27.01787830147611
 30
0.0
 11
44.37805948846369
 21
-27.01787830147611
 31
0.0
  0
LINE
  5
4E1
330
1F
100
AcDbEntity
  8
0
  6
Continuous
 62
     7
100
AcDbLine
 10
44.37805948846369
 20
-20.01787830147611
 30
0.0
 11
44.37805948846369
 21
-23.51787830147611
 31
0.0
  0
LINE
  5
4E2
330
1F
100
AcDbEntity
  8
0
  6
Continuous
 62
     7
100
AcDbLine
 10
44.37805948846369
 20
-27.51787830147611
 30
0.0
 11
43.99805948846357
 21
-27.51787830147611
 31
0.0
  0
LINE
  5
4E3
330
1F
100
AcDbEntity
  8
0
  6
Continuous
 62
     7
100
AcDbLine
 10
44.37805948846369
 20
-19.51787830147611
 30
0.0
 11
44.37805948846369
 21
-27.51787830147611
 31
0.0
  0
LINE
  5
4E4
330
1F
100
AcDbEntity
  8
0
  6
Continuous
 62
     7
100
AcDbLine
 10
43.99805948846357
 20
-19.51787830147611
 30
0.0
 11
44.37805948846369
 21
-19.51787830147611
 31
0.0
  0
LINE
  5
4E5
330
1F
100
AcDbEntity
  8
0
  6
Continuous
 62
     7
100
AcDbLine
 10
43.99805948846357
 20
-27.76787830147612
 30
0.0
 11
49.09805948846122
 21
-27.76787830147612
 31
0.0
  0
LINE
  5
4E6
330
1F
100
AcDbEntity
  8
0
  6
Continuous
 62
     7
100
AcDbLine
 10
43.99805948846357
 20
-19.26787830147611
 30
0.0
 11
43.99805948846357
 21
-27.76787830147612
 31
0.0
  0
LINE
  5
4E7
330
1F
100
AcDbEntity
  8
0
  6
Continuous
 62
     7
100
AcDbLine
 10
49.09805948846122
 20
-19.26787830147611
 30
0.0
 11
43.99805948846357
 21
-19.26787830147611
 31
0.0
  0
LINE
  5
4E8
330
1F
100
AcDbEntity
  8
0
  6
Continuous
 62
     7
100
AcDbLine
 10
51.59805948846122
 20
-10.01787830147611
 30
0.0
 11
52.09805948846121
 21
-10.51787830147611
 31
0.0
  0
LINE
  5
4E9
330
1F
100
AcDbEntity
  8
0
  6
Continuous
 62
     7
100
AcDbLine
 10
51.59805948846122
 20
-80.01787830147613
 30
0.0
 11
52.09805948846121
 21
-79.51787830147613
 31
0.0
  0
LINE
  5
4EA
330
1F
100
AcDbEntity
  8
0
  6
Continuous
 62
     7
100
AcDbLine
 10
48.59805948846122
 20
-85.01787830147613
 30
0.0
 11
49.09805948846122
 21
-84.51787830147614
 31
0.0
  0
LINE
  5
4EB
330
1F
100
AcDbEntity
  8
0
  6
Continuous
 62
     7
100
AcDbLine
 10
48.59805948846122
 20
-5.01787830147611
 30
0.0
 11
49.09805948846133
 21
-5.51787830147623
 31
0.0
  0
LINE
  5
4EC
330
1F
100
AcDbEntity
  8
0
  6
Continuous
 62
     7
100
AcDbLine
 10
41.09805948847212
 20
-71.01787830147613
 30
0.0
 11
41.09805948847212
 21
-85.01787830147613
 31
0.0
  0
LINE
  5
4ED
330
1F
100
AcDbEntity
  8
0
  6
Continuous
 62
     7
100
AcDbLine
 10
39.29805948847377
 20
-71.01787830147613
 30
0.0
 11
41.09805948847212
 21
-71.01787830147613
 31
0.0
  0
LINE
  5
4EE
330
1F
100
AcDbEntity
  8
0
  6
Continuous
 62
     7
100
AcDbLine
 10
41.09805948847212
 20
-19.01787830147611
 30
0.0
 11
41.09805948847212
 21
-5.01787830147611
 31
0.0
  0
LINE
  5
4EF
330
1F
100
AcDbEntity
  8
0
  6
Continuous
 62
     7
100
AcDbLine
 10
39.29805948847286
 20
-19.01787830147611
 30
0.0
 11
41.09805948847212
 21
-19.01787830147611
 31
0.0
  0
LINE
  5
4F0
330
1F
100
AcDbEntity
  8
0
  6
Continuous
 62
     7
100
AcDbLine
 10
-32.60194051152678
 20
-19.01787830147611
 30
0.0
 11
39.29805948847286
 21
-19.01787830147611
 31
0.0
  0
LINE
  5
4F1
330
1F
100
AcDbEntity
  8
0
  6
Continuous
 62
     7
100
AcDbLine
 10
-32.60194051152678
 20
-71.01787830147613
 30
0.0
 11
39.29805948847377
 21
-71.01787830147613
 31
0.0
  0
LINE
  5
4F2
330
1F
100
AcDbEntity
  8
0
  6
Continuous
 62
     7
100
AcDbLine
 10
39.29805948847377
 20
-5.01787830147611
 30
0.0
 11
39.29805948847377
 21
-85.01787830147613
 31
0.0
  0
LINE
  5
4F3
330
1F
100
AcDbEntity
  8
0
  6
Continuous
 62
     7
100
AcDbLine
 10
-32.60194051152678
 20
-5.01787830147611
 30
0.0
 11
-32.60194051152678
 21
-85.01787830147613
 31
0.0
  0
LINE
  5
4F4
330
1F
100
AcDbEntity
  8
0
  6
Continuous
 62
     7
100
AcDbLine
 10
49.09805948846133
 20
-5.51787830147623
 30
0.0
 11
49.09805948846122
 21
-84.51787830147614
 31
0.0
  0
LINE
  5
4F5
330
1F
100
AcDbEntity
  8
0
  6
Continuous
 62
     7
100
AcDbLine
 10
49.09805948846122
 20
-10.01787830147611
 30
0.0
 11
51.59805948846122
 21
-10.01787830147611
 31
0.0
  0
LINE
  5
4F6
330
1F
100
AcDbEntity
  8
0
  6
Continuous
 62
     7
100
AcDbLine
 10
51.59805948846122
 20
-80.01787830147613
 30
0.0
 11
49.09805948846122
 21
-80.01787830147613
 31
0.0
  0
LINE
  5
4F7
330
1F
100
AcDbEntity
  8
0
  6
Continuous
 62
     7
100
AcDbLine
 10
84.09805948846122
 20
-54.01787830147611
 30
0.0
 11
84.09805948846132
 21
-36.01787830147622
 31
0.0
  0
LINE
  5
4F8
330
1F
100
AcDbEntity
  8
0
  6
Continuous
 62
     7
100
AcDbLine
 10
84.09805948846132
 20
-36.01787830147622
 30
0.0
 11
83.59805948846121
 21
-35.51787830147612
 31
0.0
  0
LINE
  5
4F9
330
1F
100
AcDbEntity
  8
0
  6
Continuous
 62
     7
100
AcDbLine
 10
83.59805948846121
 20
-54.51787830147612
 30
0.0
 11
84.09805948846122
 21
-54.01787830147611
 31
0.0
  0
LINE
  5
4FA
330
1F
100
AcDbEntity
  8
0
  6
Continuous
 62
     7
100
AcDbLine
 10
84.09805948846122
 20
-54.01787830147611
 30
0.0
 11
84.09805948846132
 21
-36.01787830147622
 31
0.0
  0
LINE
  5
4FB
330
1F
100
AcDbEntity
  8
0
  6
Continuous
 62
     7
100
AcDbLine
 10
84.09805948846132
 20
-36.01787830147622
 30
0.0
 11
83.59805948846121
 21
-35.51787830147612
 31
0.0
  0
LINE
  5
4FC
330
1F
100
AcDbEntity
  8
0
  6
Continuous
 62
     7
100
AcDbLine
 10
84.09805948846122
 20
-54.01787830147611
 30
0.0
 11
84.09805948846132
 21
-36.01787830147622
 31
0.0
  0
LINE
  5
4FD
330
1F
100
AcDbEntity
  8
0
  6
Continuous
 62
     7
100
AcDbLine
 10
83.59805948846121
 20
-54.51787830147612
 30
0.0
 11
84.09805948846122
 21
-54.01787830147611
 31
0.0
  0
LINE
  5
4FE
330
1F
100
AcDbEntity
  8
0
  6
Continuous
 62
     7
100
AcDbLine
 10
84.09805948846122
 20
-54.01787830147611
 30
0.0
 11
84.09805948846132
 21
-36.01787830147622
 31
0.0
  0
LINE
  5
4FF
330
1F
100
AcDbEntity
  8
0
  6
Continuous
 62
     7
100
AcDbLine
 10
84.09805948846132
 20
-36.01787830147622
 30
0.0
 11
83.59805948846121
 21
-35.51787830147612
 31
0.0
  0
LINE
  5
500
330
1F
100
AcDbEntity
  8
0
  6
Continuous
 62
     7
100
AcDbLine
 10
83.59805948846121
 20
-54.51787830147612
 30
0.0
 11
84.09805948846122
 21
-54.01787830147611
 31
0.0
  0
LINE
  5
501
330
1F
100
AcDbEntity
  8
0
  6
Continuous
 62
     7
100
AcDbLine
 10
52.09805948846121
 20
-54.51787830147612
 30
0.0
 11
83.59805948846121
 21
-54.51787830147612
 31
0.0
  0
LINE
  5
502
330
1F
100
AcDbEntity
  8
0
  6
Continuous
 62
     7
100
AcDbLine
 10
83.59805948846121
 20
-35.51787830147612
 30
0.0
 11
52.09805948846121
 21
-35.51787830147612
 31
0.0
  0
LINE
  5
503
330
1F
100
AcDbEntity
  8
0
  6
Continuous
 62
     7
100
AcDbLine
 10
84.09805948846122
 20
-54.01787830147611
 30
0.0
 11
84.09805948846132
 21
-36.01787830147622
 31
0.0
  0
LINE
  5
507
330
1F
100
AcDbEntity
  8
0
  6
CENTER2
 62
     1
100
AcDbLine
 10
-23.30194051131093
 20
6.582121698519589
 30
0.0
 11
-23.30194051131105
 21
-8.017878301476109
 31
0.0
  0
LINE
  5
508
330
1F
100
AcDbEntity
  8
0
  6
CENTER2
 62
     1
100
AcDbLine
 10
-63.80047123532586
 20
13.28212169852122
 30
0.0
 11
-63.80047123532586
 21
-8.01787830147623
 31
0.0
  0
LINE
  5
509
330
1F
100
AcDbEntity
  8
0
  6
CENTER2
 62
     1
100
AcDbLine
 10
-87.84995095690566
 20
10.28212169850952
 30
0.0
 11
-87.84995095690566
 21
-8.017878301476109
 31
0.0
  0
LINE
  5
50A
330
1F
100
AcDbEntity
  8
0
  6
Continuous
 62
     7
100
AcDbLine
 10
52.09805948846121
 20
-10.51787830147611
 30
0.0
 11
52.09805948846121
 21
-79.51787830147613
 31
0.0
  0
LINE
  5
50C
330
1F
100
AcDbEntity
  8
0
  6
Continuous
 62
     7
100
AcDbLine
 10
-96.65117894903609
 20
-83.19375362904875
 30
0.0
 11
-95.8039300661577
 21
-83.26787830147614
 31
0.0
  0
LINE
  5
50D
330
1F
100
AcDbEntity
  8
0
  6
Continuous
 62
     7
100
AcDbLine
 10
-95.8039300661577
 20
-77.76787830147613
 30
0.0
 11
-96.65117894903609
 21
-77.84200297392715
 31
0.0
  0
LINE
  5
50E
330
1F
100
AcDbEntity
  8
0
  6
Continuous
 62
     7
100
AcDbLine
 10
-78.59995095690567
 20
-68.01787830147612
 30
0.0
 11
-78.59995095690567
 21
-65.01787830147612
 31
0.0
  0
LINE
  5
50F
330
1F
100
AcDbEntity
  8
0
  6
Continuous
 62
     7
100
AcDbLine
 10
-78.59995095690567
 20
-65.01787830147612
 30
0.0
 11
-78.59995095690567
 21
-63.76787830147612
 31
0.0
  0
LINE
  5
510
330
1F
100
AcDbEntity
  8
0
  6
Continuous
 62
     7
100
AcDbLine
 10
-78.59995095690567
 20
-69.26787830147612
 30
0.0
 11
-78.59995095690567
 21
-68.01787830147612
 31
0.0
  0
LINE
  5
511
330
1F
100
AcDbEntity
  8
0
  6
Continuous
 62
     7
100
AcDbLine
 10
-78.59995095690567
 20
-63.51787830147611
 30
0.0
 11
-78.59995095690567
 21
-69.51787830147612
 31
0.0
  0
LINE
  5
512
330
1F
100
AcDbEntity
  8
0
  6
Continuous
 62
     7
100
AcDbLine
 10
-79.09995095690567
 20
-69.51787830147612
 30
0.0
 11
-79.09995095690567
 21
-69.46787830148868
 31
0.0
  0
LINE
  5
513
330
1F
100
AcDbEntity
  8
0
  6
Continuous
 62
     7
100
AcDbLine
 10
-78.59995095690567
 20
-69.51787830147612
 30
0.0
 11
-79.09995095690567
 21
-69.51787830147612
 31
0.0
  0
LINE
  5
514
330
1F
100
AcDbEntity
  8
0
  6
Continuous
 62
     7
100
AcDbLine
 10
-78.59995095690567
 20
-63.51787830147611
 30
0.0
 11
-78.59995095690567
 21
-69.51787830147612
 31
0.0
  0
LINE
  5
515
330
1F
100
AcDbEntity
  8
0
  6
Continuous
 62
     7
100
AcDbLine
 10
-79.09995095690567
 20
-63.51787830147611
 30
0.0
 11
-78.59995095690567
 21
-63.51787830147611
 31
0.0
  0
LINE
  5
516
330
1F
100
AcDbEntity
  8
0
  6
Continuous
 62
     7
100
AcDbLine
 10
-79.09995095690567
 20
-63.5678783014863
 30
0.0
 11
-79.09995095690567
 21
-63.51787830147611
 31
0.0
  0
LINE
  5
517
330
1F
100
AcDbEntity
  8
0
  6
Continuous
 62
     7
100
AcDbLine
 10
-79.79995095691731
 20
-69.46787830148868
 30
0.0
 11
-79.79995095691731
 21
-69.26787830147612
 31
0.0
  0
LINE
  5
518
330
1F
100
AcDbEntity
  8
0
  6
Continuous
 62
     7
100
AcDbLine
 10
-79.09995095690567
 20
-69.46787830148868
 30
0.0
 11
-79.79995095691731
 21
-69.46787830148868
 31
0.0
  0
LINE
  5
519
330
1F
100
AcDbEntity
  8
0
  6
Continuous
 62
     7
100
AcDbLine
 10
-79.09995095690567
 20
-63.5678783014863
 30
0.0
 11
-79.09995095690567
 21
-69.46787830148868
 31
0.0
  0
LINE
  5
51A
330
1F
100
AcDbEntity
  8
0
  6
Continuous
 62
     7
100
AcDbLine
 10
-79.79995095691731
 20
-63.5678783014863
 30
0.0
 11
-79.09995095690567
 21
-63.5678783014863
 31
0.0
  0
LINE
  5
51B
330
1F
100
AcDbEntity
  8
0
  6
Continuous
 62
     7
100
AcDbLine
 10
-79.79995095691731
 20
-63.76787830147612
 30
0.0
 11
-79.79995095691731
 21
-63.5678783014863
 31
0.0
  0
LINE
  5
51C
330
1F
100
AcDbEntity
  8
0
  6
Continuous
 62
     7
100
AcDbLine
 10
-79.79995095691731
 20
-63.76787830147612
 30
0.0
 11
-80.64719983978751
 21
-63.84200297392715
 31
0.0
  0
LINE
  5
51D
330
1F
100
AcDbEntity
  8
0
  6
Continuous
 62
     7
100
AcDbLine
 10
-79.79995095691731
 20
-63.76787830147612
 30
0.0
 11
-79.79995095691731
 21
-69.26787830147612
 31
0.0
  0
LINE
  5
51E
330
1F
100
AcDbEntity
  8
0
  6
Continuous
 62
     7
100
AcDbLine
 10
-80.64719983978751
 20
-69.19375362904872
 30
0.0
 11
-79.79995095691731
 21
-69.26787830147612
 31
0.0
  0
LINE
  5
51F
330
1F
100
AcDbEntity
  8
0
  6
Continuous
 62
     7
100
AcDbLine
 10
-95.80194051153751
 20
-20.76787830147611
 30
0.0
 11
-96.64918939440772
 21
-20.84200297392715
 31
0.0
  0
LINE
  5
520
330
1F
100
AcDbEntity
  8
0
  6
Continuous
 62
     7
100
AcDbLine
 10
-96.64918939440772
 20
-26.19375362904872
 30
0.0
 11
-95.80194051153751
 21
-26.26787830147611
 31
0.0
  0
LINE
  5
521
330
1F
100
AcDbEntity
  8
0
  6
Continuous
 62
     7
100
AcDbLine
 10
-96.64918939440772
 20
-12.19375362904873
 30
0.0
 11
-95.80194051153751
 21
-12.26787830147611
 31
0.0
  0
LINE
  5
522
330
1F
100
AcDbEntity
  8
0
  6
Continuous
 62
     7
100
AcDbLine
 10
-95.80194051153751
 20
-6.76787830147611
 30
0.0
 11
-96.64918939440772
 21
-6.842002973927151
 31
0.0
  0
LINE
  5
523
330
1F
100
AcDbEntity
  8
0
  6
Continuous
 62
     7
100
AcDbLine
 10
-78.60194051152679
 20
-11.01787830147611
 30
0.0
 11
-78.60194051152679
 21
-8.017878301476109
 31
0.0
  0
LINE
  5
524
330
1F
100
AcDbEntity
  8
0
  6
Continuous
 62
     7
100
AcDbLine
 10
-78.60194051152679
 20
-12.26787830147611
 30
0.0
 11
-78.60194051152679
 21
-11.01787830147611
 31
0.0
  0
LINE
  5
525
330
1F
100
AcDbEntity
  8
0
  6
Continuous
 62
     7
100
AcDbLine
 10
-78.60194051152679
 20
-8.017878301476109
 30
0.0
 11
-78.60194051152679
 21
-6.76787830147611
 31
0.0
  0
LINE
  5
526
330
1F
100
AcDbEntity
  8
0
  6
Continuous
 62
     7
100
AcDbLine
 10
-78.60194051152679
 20
-6.51787830147611
 30
0.0
 11
-78.60194051152679
 21
-12.51787830147611
 31
0.0
  0
LINE
  5
527
330
1F
100
AcDbEntity
  8
0
  6
Continuous
 62
     7
100
AcDbLine
 10
-79.10194051152679
 20
-6.5678783014863
 30
0.0
 11
-79.10194051152679
 21
-6.51787830147611
 31
0.0
  0
LINE
  5
528
330
1F
100
AcDbEntity
  8
0
  6
Continuous
 62
     7
100
AcDbLine
 10
-79.10194051152679
 20
-6.51787830147611
 30
0.0
 11
-78.60194051152679
 21
-6.51787830147611
 31
0.0
  0
LINE
  5
529
330
1F
100
AcDbEntity
  8
0
  6
Continuous
 62
     7
100
AcDbLine
 10
-78.60194051152679
 20
-6.51787830147611
 30
0.0
 11
-78.60194051152679
 21
-12.51787830147611
 31
0.0
  0
LINE
  5
52A
330
1F
100
AcDbEntity
  8
0
  6
Continuous
 62
     7
100
AcDbLine
 10
-78.60194051152679
 20
-12.51787830147611
 30
0.0
 11
-79.10194051152679
 21
-12.51787830147611
 31
0.0
  0
LINE
  5
52B
330
1F
100
AcDbEntity
  8
0
  6
Continuous
 62
     7
100
AcDbLine
 10
-79.10194051152679
 20
-12.51787830147611
 30
0.0
 11
-79.10194051152679
 21
-12.46787830148866
 31
0.0
  0
LINE
  5
52C
330
1F
100
AcDbEntity
  8
0
  6
Continuous
 62
     7
100
AcDbLine
 10
-79.80194051151568
 20
-6.76787830147611
 30
0.0
 11
-79.80194051151568
 21
-6.5678783014863
 31
0.0
  0
LINE
  5
52D
330
1F
100
AcDbEntity
  8
0
  6
Continuous
 62
     7
100
AcDbLine
 10
-79.80194051151568
 20
-6.5678783014863
 30
0.0
 11
-79.10194051152679
 21
-6.5678783014863
 31
0.0
  0
LINE
  5
52E
330
1F
100
AcDbEntity
  8
0
  6
Continuous
 62
     7
100
AcDbLine
 10
-79.10194051152679
 20
-6.5678783014863
 30
0.0
 11
-79.10194051152679
 21
-12.46787830148866
 31
0.0
  0
LINE
  5
52F
330
1F
100
AcDbEntity
  8
0
  6
Continuous
 62
     7
100
AcDbLine
 10
-79.10194051152679
 20
-12.46787830148866
 30
0.0
 11
-79.80194051151568
 21
-12.46787830148866
 31
0.0
  0
LINE
  5
530
330
1F
100
AcDbEntity
  8
0
  6
Continuous
 62
     7
100
AcDbLine
 10
-79.80194051151568
 20
-12.46787830148866
 30
0.0
 11
-79.80194051151568
 21
-12.26787830147611
 31
0.0
  0
LINE
  5
531
330
1F
100
AcDbEntity
  8
0
  6
Continuous
 62
     7
100
AcDbLine
 10
-80.6491893943977
 20
-12.19375362904873
 30
0.0
 11
-79.80194051151568
 21
-12.26787830147611
 31
0.0
  0
LINE
  5
532
330
1F
100
AcDbEntity
  8
0
  6
Continuous
 62
     7
100
AcDbLine
 10
-79.80194051151568
 20
-6.76787830147611
 30
0.0
 11
-79.80194051151568
 21
-12.26787830147611
 31
0.0
  0
LINE
  5
533
330
1F
100
AcDbEntity
  8
0
  6
Continuous
 62
     7
100
AcDbLine
 10
-79.80194051151568
 20
-6.76787830147611
 30
0.0
 11
-80.6491893943977
 21
-6.842002973927151
 31
0.0
  0
LINE
  5
534
330
1F
100
AcDbEntity
  8
0
  6
Continuous
 62
     7
100
AcDbLine
 10
-67.52547123532543
 20
9.98212169852389
 30
0.0
 11
-67.22547123532615
 21
10.28212169852225
 31
0.0
  0
LINE
  5
535
330
1F
100
AcDbEntity
  8
0
  6
Continuous
 62
     7
100
AcDbLine
 10
-60.37547123532578
 20
10.28212169852225
 30
0.0
 11
-60.07547123532459
 21
9.982121698523769
 31
0.0
  0
LINE
  5
536
330
1F
100
AcDbEntity
  8
0
  6
Continuous
 62
     7
100
AcDbLine
 10
-60.07547123532471
 20
4.782121698522249
 30
0.0
 11
-60.07547123532459
 21
9.982121698523769
 31
0.0
  0
LINE
  5
537
330
1F
100
AcDbEntity
  8
0
  6
Continuous
 62
     7
100
AcDbLine
 10
-67.52547123532543
 20
9.98212169852389
 30
0.0
 11
-67.52547123532543
 21
4.782121698522249
 31
0.0
  0
LINE
  5
538
330
1F
100
AcDbEntity
  8
0
  6
Continuous
 62
     7
100
AcDbLine
 10
-60.37547123532578
 20
10.28212169852225
 30
0.0
 11
-67.22547123532615
 21
10.28212169852225
 31
0.0
  0
LINE
  5
539
330
1F
100
AcDbEntity
  8
0
  6
Continuous
 62
     7
100
AcDbLine
 10
-72.10047123532615
 20
2.982121698520249
 30
0.0
 11
-72.15047123532544
 21
2.982121698520249
 31
0.0
  0
LINE
  5
53A
330
1F
100
AcDbEntity
  8
0
  6
Continuous
 62
     7
100
AcDbLine
 10
-72.10047123532615
 20
2.58212169852243
 30
0.0
 11
-72.10047123532615
 21
2.982121698520249
 31
0.0
  0
LINE
  5
53B
330
1F
100
AcDbEntity
  8
0
  6
Continuous
 62
     7
100
AcDbLine
 10
-67.80047123532688
 20
2.982121698520249
 30
0.0
 11
-67.80047123532688
 21
2.58212169852243
 31
0.0
  0
LINE
  5
53C
330
1F
100
AcDbEntity
  8
0
  6
Continuous
 62
     7
100
AcDbLine
 10
-67.7504712353267
 20
2.982121698520249
 30
0.0
 11
-67.80047123532688
 21
2.982121698520249
 31
0.0
  0
LINE
  5
53D
330
1F
100
AcDbEntity
  8
0
  6
Continuous
 62
     7
100
AcDbLine
 10
-72.15047123532544
 20
3.482121698520249
 30
0.0
 11
-71.70047123532744
 21
3.482121698520249
 31
0.0
  0
LINE
  5
53E
330
1F
100
AcDbEntity
  8
0
  6
Continuous
 62
     7
100
AcDbLine
 10
-72.15047123532544
 20
2.982121698520249
 30
0.0
 11
-72.15047123532544
 21
3.482121698520249
 31
0.0
  0
LINE
  5
53F
330
1F
100
AcDbEntity
  8
0
  6
Continuous
 62
     7
100
AcDbLine
 10
-67.7504712353267
 20
2.982121698520249
 30
0.0
 11
-72.15047123532544
 21
2.982121698520249
 31
0.0
  0
LINE
  5
540
330
1F
100
AcDbEntity
  8
0
  6
Continuous
 62
     7
100
AcDbLine
 10
-67.7504712353267
 20
3.482121698520249
 30
0.0
 11
-67.7504712353267
 21
2.982121698520249
 31
0.0
  0
LINE
  5
541
330
1F
100
AcDbEntity
  8
0
  6
Continuous
 62
     7
100
AcDbLine
 10
-68.20047123532742
 20
3.482121698520249
 30
0.0
 11
-67.7504712353267
 21
3.482121698520249
 31
0.0
  0
LINE
  5
542
330
1F
100
AcDbEntity
  8
0
  6
Continuous
 62
     7
100
AcDbLine
 10
-68.20047123532742
 20
3.482121698520249
 30
0.0
 11
-71.70047123532744
 21
3.482121698520249
 31
0.0
  0
LINE
  5
543
330
1F
100
AcDbEntity
  8
0
  6
Continuous
 62
     7
100
AcDbLine
 10
-67.70047123532457
 20
2.58212169852231
 30
0.0
 11
-70.30047123532597
 21
2.58212169852243
 31
0.0
  0
LINE
  5
544
330
1F
100
AcDbEntity
  8
0
  6
Continuous
 62
     7
100
AcDbLine
 10
-70.30047123532597
 20
2.58212169852243
 30
0.0
 11
-72.30047123532597
 21
2.58212169852243
 31
0.0
  0
LINE
  5
545
330
1F
100
AcDbEntity
  8
0
  6
Continuous
 62
     7
100
AcDbLine
 10
-68.20047123532742
 20
3.482121698520249
 30
0.0
 11
-68.25242677127801
 21
4.0759761917999
 31
0.0
  0
LINE
  5
546
330
1F
100
AcDbEntity
  8
0
  6
Continuous
 62
     7
100
AcDbLine
 10
-71.64851569937503
 20
4.0759761917999
 30
0.0
 11
-71.70047123532744
 21
3.482121698520249
 31
0.0
  0
LINE
  5
547
330
1F
100
AcDbEntity
  8
0
  6
Continuous
 62
     7
100
AcDbLine
 10
-67.70047123532471
 20
4.782121698522249
 30
0.0
 11
-67.70047123532457
 21
2.58212169852231
 31
0.0
  0
LINE
  5
54B
330
1F
100
AcDbEntity
  8
0
  6
Continuous
 62
     7
100
AcDbLine
 10
187.3103276382697
 20
4.782121698522249
 30
0.0
 11
187.3103276382697
 21
3.58212169852152
 31
0.0
  0
LINE
  5
54C
330
1F
100
AcDbEntity
  8
0
  6
Continuous
 62
     7
100
AcDbLine
 10
186.5903276382694
 20
10.28212169852225
 30
0.0
 11
186.5903276382694
 21
4.782121698522249
 31
0.0
  0
LINE
  5
54D
330
1F
100
AcDbEntity
  8
0
  6
Continuous
 62
     7
100
AcDbLine
 10
178.6103276382708
 20
10.28212169852225
 30
0.0
 11
186.5903276382694
 21
10.28212169852225
 31
0.0
  0
LINE
  5
54E
330
1F
100
AcDbEntity
  8
0
  6
Continuous
 62
     7
100
AcDbLine
 10
178.6103276382708
 20
4.782121698522249
 30
0.0
 11
178.6103276382708
 21
10.28212169852225
 31
0.0
  0
LINE
  5
54F
330
1F
100
AcDbEntity
  8
0
  6
Continuous
 62
     7
100
AcDbLine
 10
192.0203276382697
 20
4.782121698522249
 30
0.0
 11
192.0203276382697
 21
3.58212169852152
 31
0.0
  0
LINE
  5
550
330
1F
100
AcDbEntity
  8
0
  6
Continuous
 62
     7
100
AcDbLine
 10
173.0203276382697
 20
4.782121698522249
 30
0.0
 11
192.0203276382697
 21
4.782121698522249
 31
0.0
  0
LINE
  5
551
330
1F
100
AcDbEntity
  8
0
  6
Continuous
 62
     7
100
AcDbLine
 10
173.0203276382697
 20
1.482121698523889
 30
0.0
 11
173.0203276382697
 21
4.782121698522249
 31
0.0
  0
LINE
  5
552
330
1F
100
AcDbEntity
  8
0
  6
Continuous
 62
     7
100
AcDbLine
 10
172.7203276382705
 20
1.482121698523889
 30
0.0
 11
185.2203276382705
 21
1.482121698523889
 31
0.0
  0
LINE
  5
553
330
1F
100
AcDbEntity
  8
0
  6
Continuous
 62
     7
100
AcDbLine
 10
172.7203276382705
 20
-5.01787830147611
 30
0.0
 11
172.7203276382705
 21
1.482121698523889
 31
0.0
  0
LINE
  5
554
330
1F
100
AcDbEntity
  8
0
  6
Continuous
 62
     7
100
AcDbLine
 10
185.2203276382705
 20
-0.51787830147611
 30
0.0
 11
199.8203276382681
 21
-0.51787830147611
 31
0.0
  0
LINE
  5
555
330
1F
100
AcDbEntity
  8
0
  6
Continuous
 62
     7
100
AcDbLine
 10
208.5203276382697
 20
-0.51787830147611
 30
0.0
 11
208.5203276373902
 21
-5.01787830147611
 31
0.0
  0
LINE
  5
556
330
1F
100
AcDbEntity
  8
0
  6
Continuous
 62
     7
100
AcDbLine
 10
199.8203276382681
 20
-0.51787830147611
 30
0.0
 11
208.5203276382697
 21
-0.51787830147611
 31
0.0
  0
LINE
  5
557
330
1F
100
AcDbEntity
  8
0
  6
Continuous
 62
     7
100
AcDbLine
 10
199.8203276382681
 20
3.58212169852152
 30
0.0
 11
199.8203276382681
 21
-0.51787830147611
 31
0.0
  0
LINE
  5
558
330
1F
100
AcDbEntity
  8
0
  6
Continuous
 62
     7
100
AcDbLine
 10
185.2203276382705
 20
3.58212169852152
 30
0.0
 11
199.8203276382681
 21
3.58212169852152
 31
0.0
  0
LINE
  5
559
330
1F
100
AcDbEntity
  8
0
  6
Continuous
 62
     7
100
AcDbLine
 10
185.2203276382705
 20
-0.51787830147611
 30
0.0
 11
185.2203276382705
 21
3.58212169852152
 31
0.0
  0
LINE
  5
55A
330
1F
100
AcDbEntity
  8
0
  6
Continuous
 62
     7
100
AcDbLine
 10
176.5203276382697
 20
-0.51787830147611
 30
0.0
 11
185.2203276382705
 21
-0.51787830147611
 31
0.0
  0
LINE
  5
55B
330
1F
100
AcDbEntity
  8
0
  6
Continuous
 62
     7
100
AcDbLine
 10
176.5203276373902
 20
-5.01787830147611
 30
0.0
 11
176.5203276382697
 21
-0.51787830147611
 31
0.0
  0
LINE
  5
55C
330
1F
100
AcDbEntity
  8
0
  6
CENTER2
 62
     1
100
AcDbLine
 10
192.5203276382697
 20
14.78238844219152
 30
0.0
 11
192.5203276382697
 21
-90.01787830148249
 31
0.0
  0
LINE
  5
55D
330
1F
100
AcDbEntity
  8
0
  6
Continuous
 62
     7
100
AcDbLine
 10
152.5203276382697
 20
-11.01787830147611
 30
0.0
 11
152.5203276382697
 21
-79.01787830148613
 31
0.0
  0
LINE
  5
55E
330
1F
100
AcDbEntity
  8
0
  6
Continuous
 62
     7
100
AcDbLine
 10
232.5203276382697
 20
-79.01787830148613
 30
0.0
 11
232.5203276382697
 21
-11.01787830147611
 31
0.0
  0
LINE
  5
55F
330
1F
100
AcDbEntity
  8
0
  6
Continuous
 62
     7
100
AcDbLine
 10
158.5203276382697
 20
-85.01787830148613
 30
0.0
 11
226.5203276382697
 21
-85.01787830148613
 31
0.0
  0
LINE
  5
560
330
1F
100
AcDbEntity
  8
0
  6
Continuous
 62
     7
100
AcDbLine
 10
152.5203276382697
 20
-15.01787830147611
 30
0.0
 11
152.5203276382697
 21
-75.01787830148884
 31
0.0
  0
LINE
  5
561
330
1F
100
AcDbEntity
  8
0
  6
Continuous
 62
     7
100
AcDbLine
 10
222.5203276382697
 20
-85.01787830148884
 30
0.0
 11
162.5203276382697
 21
-85.01787830148613
 31
0.0
  0
LINE
  5
562
330
1F
100
AcDbEntity
  8
0
  6
Continuous
 62
     7
100
AcDbLine
 10
232.5203276382697
 20
-15.01787830147611
 30
0.0
 11
232.5203276382697
 21
-75.01787830148884
 31
0.0
  0
LINE
  5
563
330
1F
100
AcDbEntity
  8
0
  6
Continuous
 62
     7
100
AcDbLine
 10
228.0203276382697
 20
-62.26787830147793
 30
0.0
 11
232.0203276382697
 21
-62.26787830147611
 31
0.0
  0
LINE
  5
564
330
1F
100
AcDbEntity
  8
0
  6
Continuous
 62
     7
100
AcDbLine
 10
228.0203276382697
 20
-70.76787830148885
 30
0.0
 11
232.0203276382697
 21
-70.76787830148885
 31
0.0
  0
LINE
  5
565
330
1F
100
AcDbEntity
  8
0
  6
CENTER2
 62
     1
100
AcDbLine
 10
218.7935752872097
 20
-71.29112595042887
 30
0.0
 11
229.8866902961297
 21
-82.38424095934247
 31
0.0
  0
LINE
  5
566
330
1F
100
AcDbEntity
  8
0
  6
Continuous
 62
     7
100
AcDbLine
 10
175.2703276382697
 20
-80.51787830148613
 30
0.0
 11
175.2703276382697
 21
-84.51787830148614
 31
0.0
  0
LINE
  5
567
330
1F
100
AcDbEntity
  8
0
  6
Continuous
 62
     7
100
AcDbLine
 10
166.7703276382697
 20
-80.51787830148613
 30
0.0
 11
166.7703276382697
 21
-84.51787830148614
 31
0.0
  0
LINE
  5
568
330
1F
100
AcDbEntity
  8
0
  6
CENTER2
 62
     1
100
AcDbLine
 10
166.2470799893406
 20
-71.29112595042795
 30
0.0
 11
155.1539649804206
 21
-82.38424095934247
 31
0.0
  0
LINE
  5
569
330
1F
100
AcDbEntity
  8
0
  6
Continuous
 62
     7
100
AcDbLine
 10
157.0203276382697
 20
-27.76787830147612
 30
0.0
 11
153.0203276382697
 21
-27.76787830147612
 31
0.0
  0
LINE
  5
56A
330
1F
100
AcDbEntity
  8
0
  6
Continuous
 62
     7
100
AcDbLine
 10
157.0203276382697
 20
-19.26787830147611
 30
0.0
 11
153.0203276382697
 21
-19.26787830147611
 31
0.0
  0
LINE
  5
56B
330
1F
100
AcDbEntity
  8
0
  6
CENTER2
 62
     1
100
AcDbLine
 10
166.2470799893406
 20
-18.74463065254792
 30
0.0
 11
155.1539649804206
 21
-7.651515643627929
 31
0.0
  0
LINE
  5
56C
330
1F
100
AcDbEntity
  8
0
  6
Continuous
 62
     7
100
AcDbLine
 10
209.7703276382697
 20
-9.517878301476109
 30
0.0
 11
209.7703276382697
 21
-5.51787830147611
 31
0.0
  0
LINE
  5
56D
330
1F
100
AcDbEntity
  8
0
  6
Continuous
 62
     7
100
AcDbLine
 10
218.2703276382697
 20
-9.517878301476109
 30
0.0
 11
218.2703276382697
 21
-5.51787830147611
 31
0.0
  0
LINE
  5
56E
330
1F
100
AcDbEntity
  8
0
  6
CENTER2
 62
     1
100
AcDbLine
 10
218.7935752872097
 20
-18.7446306525461
 30
0.0
 11
229.8866902961297
 21
-7.651515643627929
 31
0.0
  0
LINE
  5
56F
330
1F
100
AcDbEntity
  8
0
  6
CENTER2
 62
     1
100
AcDbLine
 10
214.0203276382697
 20
-9.517878301476109
 30
0.0
 11
208.70032763827
 21
-9.517878301476109
 31
0.0
  0
LINE
  5
570
330
1F
100
AcDbEntity
  8
0
  6
CENTER2
 62
     1
100
AcDbLine
 10
214.0203276382697
 20
-9.517878301476109
 30
0.0
 11
214.0203276382697
 21
-14.83787830147855
 31
0.0
  0
LINE
  5
571
330
1F
100
AcDbEntity
  8
0
  6
Continuous
 62
     7
100
AcDbLine
 10
214.0203276382697
 20
-7.785827493906139
 30
0.0
 11
212.5203276382697
 21
-8.651852897697491
 31
0.0
  0
LINE
  5
572
330
1F
100
AcDbEntity
  8
0
  6
Continuous
 62
     7
100
AcDbLine
 10
215.5203276382697
 20
-8.651852897697491
 30
0.0
 11
214.0203276382697
 21
-7.785827493906139
 31
0.0
  0
LINE
  5
573
330
1F
100
AcDbEntity
  8
0
  6
Continuous
 62
     7
100
AcDbLine
 10
215.5203276382697
 20
-10.38390370526748
 30
0.0
 11
215.5203276382697
 21
-8.651852897697491
 31
0.0
  0
LINE
  5
574
330
1F
100
AcDbEntity
  8
0
  6
Continuous
 62
     7
100
AcDbLine
 10
214.0203276382697
 20
-11.24992910904609
 30
0.0
 11
215.5203276382697
 21
-10.38390370526748
 31
0.0
  0
LINE
  5
575
330
1F
100
AcDbEntity
  8
0
  6
Continuous
 62
     7
100
AcDbLine
 10
212.5203276382697
 20
-10.38390370526748
 30
0.0
 11
214.0203276382697
 21
-11.24992910904609
 31
0.0
  0
LINE
  5
576
330
1F
100
AcDbEntity
  8
0
  6
Continuous
 62
     7
100
AcDbLine
 10
212.5203276382697
 20
-8.651852897697491
 30
0.0
 11
212.5203276382697
 21
-10.38390370526748
 31
0.0
  0
LINE
  5
577
330
1F
100
AcDbEntity
  8
0
  6
CENTER2
 62
     1
100
AcDbLine
 10
219.3403276382694
 20
-9.517878301476109
 30
0.0
 11
214.0203276382697
 21
-9.517878301476109
 31
0.0
  0
LINE
  5
578
330
1F
100
AcDbEntity
  8
0
  6
CENTER2
 62
     1
100
AcDbLine
 10
214.0203276382697
 20
-4.19787830147731
 30
0.0
 11
214.0203276382697
 21
-9.517878301476109
 31
0.0
  0
LINE
  5
579
330
1F
100
AcDbEntity
  8
0
  6
CENTER2
 62
     1
100
AcDbLine
 10
151.70032763827
 20
-23.51787830147611
 30
0.0
 11
157.0203276382697
 21
-23.51787830147611
 31
0.0
  0
LINE
  5
57A
330
1F
100
AcDbEntity
  8
0
  6
CENTER2
 62
     1
100
AcDbLine
 10
157.0203276382697
 20
-18.19787830147731
 30
0.0
 11
157.0203276382697
 21
-23.51787830147611
 31
0.0
  0
LINE
  5
57B
330
1F
100
AcDbEntity
  8
0
  6
Continuous
 62
     7
100
AcDbLine
 10
156.1543022344902
 20
-25.01787830147611
 30
0.0
 11
157.8863530420593
 21
-25.01787830147611
 31
0.0
  0
LINE
  5
57C
330
1F
100
AcDbEntity
  8
0
  6
Continuous
 62
     7
100
AcDbLine
 10
157.8863530420593
 20
-25.01787830147611
 30
0.0
 11
158.7523784458388
 21
-23.51787830147611
 31
0.0
  0
LINE
  5
57D
330
1F
100
AcDbEntity
  8
0
  6
Continuous
 62
     7
100
AcDbLine
 10
158.7523784458388
 20
-23.51787830147611
 30
0.0
 11
157.8863530420593
 21
-22.01787830147611
 31
0.0
  0
LINE
  5
57E
330
1F
100
AcDbEntity
  8
0
  6
Continuous
 62
     7
100
AcDbLine
 10
157.8863530420593
 20
-22.01787830147611
 30
0.0
 11
156.1543022344902
 21
-22.01787830147611
 31
0.0
  0
LINE
  5
57F
330
1F
100
AcDbEntity
  8
0
  6
Continuous
 62
     7
100
AcDbLine
 10
156.1543022344902
 20
-22.01787830147611
 30
0.0
 11
155.2882768306997
 21
-23.51787830147611
 31
0.0
  0
LINE
  5
580
330
1F
100
AcDbEntity
  8
0
  6
Continuous
 62
     7
100
AcDbLine
 10
155.2882768306997
 20
-23.51787830147611
 30
0.0
 11
156.1543022344902
 21
-25.01787830147611
 31
0.0
  0
LINE
  5
581
330
1F
100
AcDbEntity
  8
0
  6
CENTER2
 62
     1
100
AcDbLine
 10
157.0203276382697
 20
-23.51787830147611
 30
0.0
 11
162.3403276382694
 21
-23.51787830147611
 31
0.0
  0
LINE
  5
582
330
1F
100
AcDbEntity
  8
0
  6
CENTER2
 62
     1
100
AcDbLine
 10
157.0203276382697
 20
-23.51787830147611
 30
0.0
 11
157.0203276382697
 21
-28.83787830147856
 31
0.0
  0
LINE
  5
583
330
1F
100
AcDbEntity
  8
0
  6
CENTER2
 62
     1
100
AcDbLine
 10
171.0203276382697
 20
-85.83787830148764
 30
0.0
 11
171.0203276382697
 21
-80.51787830148613
 31
0.0
  0
LINE
  5
584
330
1F
100
AcDbEntity
  8
0
  6
CENTER2
 62
     1
100
AcDbLine
 10
165.70032763827
 20
-80.51787830148613
 30
0.0
 11
171.0203276382697
 21
-80.51787830148613
 31
0.0
  0
LINE
  5
585
330
1F
100
AcDbEntity
  8
0
  6
Continuous
 62
     7
100
AcDbLine
 10
172.5203276382697
 20
-81.3839037052711
 30
0.0
 11
172.5203276382697
 21
-79.65185289770386
 31
0.0
  0
LINE
  5
586
330
1F
100
AcDbEntity
  8
0
  6
Continuous
 62
     7
100
AcDbLine
 10
172.5203276382697
 20
-79.65185289770386
 30
0.0
 11
171.0203276382697
 21
-78.78582749391795
 31
0.0
  0
LINE
  5
587
330
1F
100
AcDbEntity
  8
0
  6
Continuous
 62
     7
100
AcDbLine
 10
171.0203276382697
 20
-78.78582749391795
 30
0.0
 11
169.5203276382697
 21
-79.65185289770386
 31
0.0
  0
LINE
  5
588
330
1F
100
AcDbEntity
  8
0
  6
Continuous
 62
     7
100
AcDbLine
 10
169.5203276382697
 20
-79.65185289770386
 30
0.0
 11
169.5203276382697
 21
-81.3839037052711
 31
0.0
  0
LINE
  5
589
330
1F
100
AcDbEntity
  8
0
  6
Continuous
 62
     7
100
AcDbLine
 10
169.5203276382697
 20
-81.3839037052711
 30
0.0
 11
171.0203276382697
 21
-82.2499291090561
 31
0.0
  0
LINE
  5
58A
330
1F
100
AcDbEntity
  8
0
  6
Continuous
 62
     7
100
AcDbLine
 10
171.0203276382697
 20
-82.2499291090561
 30
0.0
 11
172.5203276382697
 21
-81.3839037052711
 31
0.0
  0
LINE
  5
58B
330
1F
100
AcDbEntity
  8
0
  6
CENTER2
 62
     1
100
AcDbLine
 10
171.0203276382697
 20
-80.51787830148613
 30
0.0
 11
171.0203276382697
 21
-75.19787830148731
 31
0.0
  0
LINE
  5
58C
330
1F
100
AcDbEntity
  8
0
  6
CENTER2
 62
     1
100
AcDbLine
 10
171.0203276382697
 20
-80.51787830148613
 30
0.0
 11
176.3403276382694
 21
-80.51787830148613
 31
0.0
  0
LINE
  5
58D
330
1F
100
AcDbEntity
  8
0
  6
CENTER2
 62
     1
100
AcDbLine
 10
233.3403276382694
 20
-66.51787830148794
 30
0.0
 11
228.0203276382697
 21
-66.51787830148794
 31
0.0
  0
LINE
  5
58E
330
1F
100
AcDbEntity
  8
0
  6
CENTER2
 62
     1
100
AcDbLine
 10
228.0203276382697
 20
-71.83787830148765
 30
0.0
 11
228.0203276382697
 21
-66.51787830148794
 31
0.0
  0
LINE
  5
58F
330
1F
100
AcDbEntity
  8
0
  6
Continuous
 62
     7
100
AcDbLine
 10
228.8863530420593
 20
-65.01787830147612
 30
0.0
 11
227.1543022344902
 21
-65.01787830147612
 31
0.0
  0
LINE
  5
590
330
1F
100
AcDbEntity
  8
0
  6
Continuous
 62
     7
100
AcDbLine
 10
227.1543022344902
 20
-65.01787830147612
 30
0.0
 11
226.2882768306997
 21
-66.51787830148794
 31
0.0
  0
LINE
  5
591
330
1F
100
AcDbEntity
  8
0
  6
Continuous
 62
     7
100
AcDbLine
 10
226.2882768306997
 20
-66.51787830148794
 30
0.0
 11
227.1543022344902
 21
-68.01787830148794
 31
0.0
  0
LINE
  5
592
330
1F
100
AcDbEntity
  8
0
  6
Continuous
 62
     7
100
AcDbLine
 10
227.1543022344902
 20
-68.01787830148794
 30
0.0
 11
228.8863530420601
 21
-68.01787830148794
 31
0.0
  0
LINE
  5
593
330
1F
100
AcDbEntity
  8
0
  6
Continuous
 62
     7
100
AcDbLine
 10
228.8863530420601
 20
-68.01787830148794
 30
0.0
 11
229.7523784458388
 21
-66.51787830148794
 31
0.0
  0
LINE
  5
594
330
1F
100
AcDbEntity
  8
0
  6
Continuous
 62
     7
100
AcDbLine
 10
229.7523784458388
 20
-66.51787830148794
 30
0.0
 11
228.8863530420593
 21
-65.01787830147612
 31
0.0
  0
LINE
  5
595
330
1F
100
AcDbEntity
  8
0
  6
CENTER2
 62
     1
100
AcDbLine
 10
228.0203276382697
 20
-66.51787830148794
 30
0.0
 11
222.7003276382701
 21
-66.51787830148794
 31
0.0
  0
LINE
  5
596
330
1F
100
AcDbEntity
  8
0
  6
CENTER2
 62
     1
100
AcDbLine
 10
228.0203276382697
 20
-66.51787830148794
 30
0.0
 11
228.0203276382697
 21
-61.19787830147732
 31
0.0
  0
LINE
  5
597
330
1F
100
AcDbEntity
  8
0
  6
CENTER2
 62
     1
100
AcDbLine
 10
237.5203276382697
 20
-45.01787830147612
 30
0.0
 11
147.5203276382697
 21
-45.01787830147612
 31
0.0
  0
LINE
  5
598
330
1F
100
AcDbEntity
  8
0
  6
Continuous
 62
     7
100
AcDbLine
 10
226.5203276382697
 20
-5.01787830147611
 30
0.0
 11
218.7703276382697
 21
-5.01787830147611
 31
0.0
  0
LINE
  5
599
330
1F
100
AcDbEntity
  8
0
  6
Continuous
 62
     7
100
AcDbLine
 10
218.7703276382697
 20
-5.01787830147611
 30
0.0
 11
209.2703276382697
 21
-5.01787830147611
 31
0.0
  0
LINE
  5
59A
330
1F
100
AcDbEntity
  8
0
  6
Continuous
 62
     7
100
AcDbLine
 10
209.2703276382697
 20
-5.01787830147611
 30
0.0
 11
208.5203276373902
 21
-5.01787830147611
 31
0.0
  0
LINE
  5
59B
330
1F
100
AcDbEntity
  8
0
  6
Continuous
 62
     7
100
AcDbLine
 10
208.5203276373902
 20
-5.01787830147611
 30
0.0
 11
176.5203276373902
 21
-5.01787830147611
 31
0.0
  0
LINE
  5
59C
330
1F
100
AcDbEntity
  8
0
  6
Continuous
 62
     7
100
AcDbLine
 10
176.5203276373902
 20
-5.01787830147611
 30
0.0
 11
158.5203276382697
 21
-5.01787830147611
 31
0.0
  0
LINE
  5
59D
330
1F
100
AcDbEntity
  8
0
  6
Continuous
 62
     7
100
AcDbLine
 10
199.8203276382681
 20
1.982121698523889
 30
0.0
 11
220.0203276382697
 21
1.982121698523889
 31
0.0
  0
LINE
  5
59E
330
1F
100
AcDbEntity
  8
0
  6
Continuous
 62
     7
100
AcDbLine
 10
220.0203276382697
 20
1.982121698523889
 30
0.0
 11
220.0203276382697
 21
-5.01787830147611
 31
0.0
  0
LINE
  5
59F
330
1F
100
AcDbEntity
  8
0
  6
Continuous
 62
     7
100
AcDbLine
 10
204.6203276382701
 20
7.282121698522249
 30
0.0
 11
204.6203276382701
 21
1.982121698523889
 31
0.0
  0
LINE
  5
5A0
330
1F
100
AcDbEntity
  8
0
  6
Continuous
 62
     7
100
AcDbLine
 10
204.6203276382701
 20
7.282121698522249
 30
0.0
 11
214.4203276382694
 21
7.282121698522249
 31
0.0
  0
LINE
  5
5A1
330
1F
100
AcDbEntity
  8
0
  6
Continuous
 62
     7
100
AcDbLine
 10
214.4203276382694
 20
7.282121698522249
 30
0.0
 11
214.4203276382694
 21
1.982121698523889
 31
0.0
  0
LINE
  5
5A2
330
1F
100
AcDbEntity
  8
0
  6
Continuous
 62
     7
100
AcDbLine
 10
178.7203276382695
 20
-0.51787830147611
 30
0.0
 11
178.7203276382695
 21
-5.01787830147611
 31
0.0
  0
LINE
  5
5A3
330
1F
100
AcDbEntity
  8
0
  6
Continuous
 62
     7
100
AcDbLine
 10
206.3203276382708
 20
-0.51787830147611
 30
0.0
 11
206.3203276382708
 21
-5.01787830147611
 31
0.0
  0
LINE
  5
5A5
330
1F
100
AcDbEntity
  8
0
  6
Continuous
 62
     4
100
AcDbLine
 10
206.8203276381036
 20
14.98212169844762
 30
0.0
 11
212.2203276381049
 21
14.98212169867214
 31
0.0
  0
LINE
  5
5A6
330
1F
100
AcDbEntity
  8
0
  6
Continuous
 62
     4
100
AcDbLine
 10
184.286303082228
 20
12.98212169852389
 30
0.0
 11
200.754352192406
 21
12.98212169852389
 31
0.0
  0
LINE
  5
5A7
330
1F
100
AcDbEntity
  8
0
  6
Continuous
 62
     4
100
AcDbLine
 10
177.2203511929908
 20
16.58212169824503
 30
0.0
 11
187.820327638228
 21
16.58212169868523
 31
0.0
  0
LINE
  5
5A8
330
1F
100
AcDbEntity
  8
0
  6
Continuous
 62
     4
100
AcDbLine
 10
176.5203276373165
 20
-0.51787830147611
 30
0.0
 11
176.5675477024849
 21
2.18735742045567
 31
0.0
  0
LINE
  5
5A9
330
1F
100
AcDbEntity
  8
0
  6
Continuous
 62
     4
100
AcDbLine
 10
208.5203276373165
 20
-0.51787830147611
 30
0.0
 11
208.47310757215
 21
2.18735742045567
 31
0.0
  0
LINE
  5
5AA
330
1F
100
AcDbEntity
  8
0
  6
Continuous
 62
     4
100
AcDbLine
 10
176.5203276382697
 20
-0.51787830147611
 30
0.0
 11
192.5203276382697
 21
-0.51787830147611
 31
0.0
  0
LINE
  5
5AB
330
1F
100
AcDbEntity
  8
0
  6
Continuous
 62
     4
100
AcDbLine
 10
192.5203276382697
 20
-0.51787830147611
 30
0.0
 11
208.5203276382697
 21
-0.51787830147611
 31
0.0
  0
LINE
  5
5AC
330
1F
100
AcDbEntity
  8
0
  6
Continuous
 62
     4
100
AcDbLine
 10
176.8675020110302
 20
2.48212169852389
 30
0.0
 11
183.1203276377584
 21
2.48212169852389
 31
0.0
  0
LINE
  5
5AD
330
1F
100
AcDbEntity
  8
0
  6
Continuous
 62
     4
100
AcDbLine
 10
201.9203276368749
 20
2.48212169826213
 30
0.0
 11
208.1731532636029
 21
2.48212169852389
 31
0.0
  0
LINE
  5
5AE
330
1F
100
AcDbEntity
  8
0
  6
Continuous
 62
     4
100
AcDbLine
 10
220.0203276369028
 20
4.18212169854553
 30
0.0
 11
220.0203276369028
 21
1.982121698523889
 31
0.0
  0
LINE
  5
5AF
330
1F
100
AcDbEntity
  8
0
  6
Continuous
 62
     4
100
AcDbLine
 10
209.5203276382697
 20
1.982121698523889
 30
0.0
 11
220.0203276369028
 21
1.982121698523889
 31
0.0
  0
LINE
  5
5B0
330
1F
100
AcDbEntity
  8
0
  6
Continuous
 62
     4
100
AcDbLine
 10
209.5203276382697
 20
1.982121698523889
 30
0.0
 11
208.4766899750009
 21
1.982121698523889
 31
0.0
  0
LINE
  5
5B1
330
1F
100
AcDbEntity
  8
0
  6
Continuous
 62
     4
100
AcDbLine
 10
216.2203276384629
 20
4.18212169841457
 30
0.0
 11
220.0203276369028
 21
4.18212169857009
 31
0.0
  0
LINE
  5
5B2
330
1F
100
AcDbEntity
  8
0
  6
Continuous
 62
     4
100
AcDbLine
 10
201.8906540268752
 20
4.182121698531889
 30
0.0
 11
202.8203276369029
 21
4.18212169857009
 31
0.0
  0
LINE
  5
5B3
330
1F
100
AcDbEntity
  8
0
  6
Continuous
 62
     4
100
AcDbLine
 10
202.8203276384673
 20
4.18212169857009
 30
0.0
 11
202.8203276381817
 21
10.9821216984484
 31
0.0
  0
LINE
  5
5B4
330
1F
100
AcDbEntity
  8
0
  6
Continuous
 62
     4
100
AcDbLine
 10
216.2203276384629
 20
4.18212169841457
 30
0.0
 11
216.2203276381831
 21
10.98212169878127
 31
0.0
  0
LINE
  5
5B5
330
1F
100
AcDbEntity
  8
0
  6
Continuous
 62
     4
100
AcDbLine
 10
176.2203276382695
 20
7.282121698522249
 30
0.0
 11
176.2203276382695
 21
15.55507074674291
 31
0.0
  0
LINE
  5
5B6
330
1F
100
AcDbEntity
  8
0
  6
Continuous
 62
     4
100
AcDbLine
 10
188.8203276382699
 20
12.98212169852389
 30
0.0
 11
188.8203276382699
 21
15.58212169852244
 31
0.0
  0
LINE
  5
5B7
330
1F
100
AcDbEntity
  8
0
  6
Continuous
 62
     4
100
AcDbLine
 10
173.0203276382697
 20
7.282121698522249
 30
0.0
 11
176.2203276382695
 21
7.282121698522249
 31
0.0
  0
LINE
  5
5B8
330
1F
100
AcDbEntity
  8
0
  6
Continuous
 62
     4
100
AcDbLine
 10
173.0203276382697
 20
4.782121698522249
 30
0.0
 11
173.0203276382697
 21
7.282121698522249
 31
0.0
  0
LINE
  5
5B9
330
1F
100
AcDbEntity
  8
0
  6
Continuous
 62
     4
100
AcDbLine
 10
183.1604742867128
 20
4.782121698522249
 30
0.0
 11
173.0203276382697
 21
4.782121698522249
 31
0.0
  0
LINE
  5
5BA
330
1F
100
AcDbEntity
  8
0
  6
Continuous
 62
     4
100
AcDbLine
 10
183.1203276377584
 20
2.48212169852389
 30
0.0
 11
183.2864553870702
 21
11.99957410495893
 31
0.0
  0
LINE
  5
5BB
330
1F
100
AcDbEntity
  8
0
  6
Continuous
 62
     4
100
AcDbLine
 10
201.7541998875629
 20
11.99957410495893
 30
0.0
 11
201.9203276368717
 21
2.48212169844749
 31
0.0
  0
LINE
  5
5BC
330
1F
100
AcDbEntity
  8
0
  6
Continuous
 62
     4
100
AcDbLine
 10
-223.4778634150473
 20
12.9818549548437
 30
0.0
 11
-211.5438388590004
 21
12.9818549548437
 31
0.0
  0
LINE
  5
5BD
330
1F
100
AcDbEntity
  8
0
  6
Continuous
 62
     4
100
AcDbLine
 10
-210.5438154616801
 20
16.58212169825781
 30
0.0
 11
-199.9438388590417
 21
16.58212169869888
 31
0.0
  0
LINE
  5
5BE
330
1F
100
AcDbEntity
  8
0
  6
Continuous
 62
     4
100
AcDbLine
 10
-221.7438388603579
 20
4.18212169854371
 30
0.0
 11
-221.7438388603579
 21
1.982121698522069
 31
0.0
  0
LINE
  5
5BF
330
1F
100
AcDbEntity
  8
0
  6
Continuous
 62
     4
100
AcDbLine
 10
-232.243838858991
 20
1.982121698522069
 30
0.0
 11
-221.7438388603579
 21
1.982121698522069
 31
0.0
  0
LINE
  5
5C0
330
1F
100
AcDbEntity
  8
0
  6
Continuous
 62
     4
100
AcDbLine
 10
-232.243838858991
 20
1.982121698522069
 30
0.0
 11
-242.7438388576249
 21
1.982121698522069
 31
0.0
  0
LINE
  5
5C1
330
1F
100
AcDbEntity
  8
0
  6
Continuous
 62
     4
100
AcDbLine
 10
-242.7438388576249
 20
4.18212169854371
 30
0.0
 11
-242.7438388576249
 21
1.982121698522069
 31
0.0
  0
LINE
  5
5C2
330
1F
100
AcDbEntity
  8
0
  6
Continuous
 62
     4
100
AcDbLine
 10
-225.5438388587969
 20
4.182121698407899
 30
0.0
 11
-221.7438388603579
 21
4.18212169856918
 31
0.0
  0
LINE
  5
5C3
330
1F
100
AcDbEntity
  8
0
  6
Continuous
 62
     4
100
AcDbLine
 10
-242.743838858991
 20
4.18212169854371
 30
0.0
 11
-238.9438388587926
 21
4.18212169854371
 31
0.0
  0
LINE
  5
5C4
330
1F
100
AcDbEntity
  8
0
  6
Continuous
 62
     4
100
AcDbLine
 10
-234.9438388591563
 20
14.9821216984467
 30
0.0
 11
-229.5438388591549
 21
14.98212169867123
 31
0.0
  0
LINE
  5
5C5
330
1F
100
AcDbEntity
  8
0
  6
Continuous
 62
     4
100
AcDbLine
 10
-238.9438388587926
 20
4.18212169854371
 30
0.0
 11
-238.9438388590781
 21
10.98212169844749
 31
0.0
  0
LINE
  5
5C6
330
1F
100
AcDbEntity
  8
0
  6
Continuous
 62
     4
100
AcDbLine
 10
-225.5438388587969
 20
4.182121698407899
 30
0.0
 11
-225.5438388590766
 21
10.98212169877946
 31
0.0
  0
LINE
  5
5C7
330
1F
100
AcDbEntity
  8
0
  6
Continuous
 62
     4
100
AcDbLine
 10
-221.7438388589946
 20
-0.5181450451563001
 30
0.0
 11
-215.0438388589922
 21
-0.5181450451563001
 31
0.0
  0
LINE
  5
5C8
330
1F
100
AcDbEntity
  8
0
  6
Continuous
 62
     4
100
AcDbLine
 10
-211.5438388590004
 20
7.282121698532249
 30
0.0
 11
-211.5438388590004
 21
15.555070746752
 31
0.0
  0
LINE
  5
5C9
330
1F
100
AcDbEntity
  8
0
  6
Continuous
 62
     4
100
AcDbLine
 10
-198.943838859
 20
7.282121698532249
 30
0.0
 11
-198.943838859
 21
15.58212169853153
 31
0.0
  0
LINE
  5
5CA
330
1F
100
AcDbEntity
  8
0
  6
Continuous
 62
     4
100
AcDbLine
 10
-195.7438388590001
 20
7.282121698532249
 30
0.0
 11
-195.7438388590001
 21
4.782121698532249
 31
0.0
  0
LINE
  5
5CB
330
1F
100
AcDbEntity
  8
0
  6
Continuous
 62
     4
100
AcDbLine
 10
-198.943838859
 20
7.282121698532249
 30
0.0
 11
-195.7438388590001
 21
7.282121698532249
 31
0.0
  0
LINE
  5
5CC
330
1F
100
AcDbEntity
  8
0
  6
Continuous
 62
     4
100
AcDbLine
 10
-214.7438388590002
 20
7.282121698532249
 30
0.0
 11
-211.5438388590004
 21
7.282121698532249
 31
0.0
  0
LINE
  5
5CD
330
1F
100
AcDbEntity
  8
0
  6
Continuous
 62
     4
100
AcDbLine
 10
-214.7438388590002
 20
4.782121698532249
 30
0.0
 11
-214.7438388590002
 21
7.282121698532249
 31
0.0
  0
LINE
  5
5CE
330
1F
100
AcDbEntity
  8
0
  6
Continuous
 62
     4
100
AcDbLine
 10
-195.7438388590001
 20
4.782121698532249
 30
0.0
 11
-214.7438388590002
 21
4.782121698532249
 31
0.0
  0
LINE
  5
5CF
330
1F
100
AcDbEntity
  8
0
  6
Continuous
 62
     4
100
AcDbLine
 10
-94.09995095662385
 20
1.98212169852025
 30
0.0
 11
-94.09995095662385
 21
4.182121698520069
 31
0.0
  0
LINE
  5
5D0
330
1F
100
AcDbEntity
  8
0
  6
Continuous
 62
     4
100
AcDbLine
 10
-92.84995095355794
 20
4.182121698520069
 30
0.0
 11
-94.09995095662385
 21
4.182121698520069
 31
0.0
  0
LINE
  5
5D1
330
1F
100
AcDbEntity
  8
0
  6
Continuous
 62
     4
100
AcDbLine
 10
-72.89995095668678
 20
13.98212169833653
 30
0.0
 11
-74.59995095668933
 21
13.98212169833653
 31
0.0
  0
LINE
  5
5D2
330
1F
100
AcDbEntity
  8
0
  6
Continuous
 62
     4
100
AcDbLine
 10
-72.89995095655308
 20
2.98212169799547
 30
0.0
 11
-74.59995095655017
 21
2.98212169793908
 31
0.0
  0
LINE
  5
5D3
330
1F
100
AcDbEntity
  8
0
  6
Continuous
 62
     4
100
AcDbLine
 10
-81.09995095648832
 20
1.98212169805004
 30
0.0
 11
-75.09995095654289
 21
1.982121698125529
 31
0.0
  0
LINE
  5
5D4
330
1F
100
AcDbEntity
  8
0
  6
Continuous
 62
     4
100
AcDbLine
 10
-81.59995095596718
 20
1.982121698532069
 30
0.0
 11
-81.5999509566393
 21
2.482121698050039
 31
0.0
  0
LINE
  5
5D5
330
1F
100
AcDbEntity
  8
0
  6
Continuous
 62
     4
100
AcDbLine
 10
-74.5999509566966
 20
14.48212169814281
 30
0.0
 11
-74.59995095668933
 21
13.98212169833653
 31
0.0
  0
LINE
  5
5D6
330
1F
100
AcDbEntity
  8
0
  6
Continuous
 62
     4
100
AcDbLine
 10
-74.59995095654289
 20
2.48212169813008
 30
0.0
 11
-74.59995095655017
 21
2.98212169793908
 31
0.0
  0
LINE
  5
5D7
330
1F
100
AcDbEntity
  8
0
  6
Continuous
 62
     4
100
AcDbLine
 10
-94.09995095662385
 20
1.98212169852025
 30
0.0
 11
-87.84995095669023
 21
1.98212169852025
 31
0.0
  0
LINE
  5
5D8
330
1F
100
AcDbEntity
  8
0
  6
Continuous
 62
     4
100
AcDbLine
 10
-87.84995095669023
 20
1.98212169852025
 30
0.0
 11
-81.59995095596718
 21
1.98212169852025
 31
0.0
  0
LINE
  5
5D9
330
1F
100
AcDbEntity
  8
0
  6
Continuous
 62
     4
100
AcDbLine
 10
-81.10194051450912
 20
14.98212169788923
 30
0.0
 11
-75.09995095671752
 21
14.98212169813735
 31
0.0
  0
LINE
  5
5DA
330
1F
100
AcDbEntity
  8
0
  6
Continuous
 62
     4
100
AcDbLine
 10
-72.59995095668478
 20
13.68212169833908
 30
0.0
 11
-72.5999509565611
 21
3.28212169799838
 31
0.0
  0
LINE
  5
5DB
330
1F
100
AcDbEntity
  8
0
  6
Continuous
 62
     4
100
AcDbLine
 10
-88.84995095355794
 20
14.9821216986112
 30
0.0
 11
-82.09995095706586
 21
14.9821216986112
 31
0.0
  0
LINE
  5
5DC
330
1F
100
AcDbEntity
  8
0
  6
Continuous
 62
     4
100
AcDbLine
 10
-92.84995095336253
 20
4.182121698520069
 30
0.0
 11
-92.84995095364523
 21
10.98212169875672
 31
0.0
  0
LINE
  5
5DD
330
1F
100
AcDbEntity
  8
0
  6
Continuous
 62
     4
100
AcDbLine
 10
-72.59995095665569
 20
11.23212169874581
 30
0.0
 11
-70.16515898885632
 21
11.23212169876854
 31
0.0
  0
LINE
  5
5DE
330
1F
100
AcDbEntity
  8
0
  6
Continuous
 62
     4
100
AcDbLine
 10
-72.30047123511055
 20
5.73212169874853
 30
0.0
 11
-72.59995095657564
 21
5.7321216987458
 31
0.0
  0
LINE
  5
5DF
330
1F
100
AcDbEntity
  8
0
  6
Continuous
 62
     4
100
AcDbLine
 10
-45.70047123495904
 20
8.282121698250039
 30
0.0
 11
-39.20047123511108
 21
8.282121698522249
 31
0.0
  0
LINE
  5
5E0
330
1F
100
AcDbEntity
  8
0
  6
Continuous
 62
     4
100
AcDbLine
 10
-45.70047123515627
 20
13.08212169824747
 30
0.0
 11
-39.20047123511108
 21
13.08212169852244
 31
0.0
  0
LINE
  5
5E1
330
1F
100
AcDbEntity
  8
0
  6
Continuous
 62
     4
100
AcDbLine
 10
-64.20047123511108
 20
16.58212169852244
 30
0.0
 11
-56.30047123511054
 21
16.58212169852244
 31
0.0
  0
LINE
  5
5E2
330
1F
100
AcDbEntity
  8
0
  6
Continuous
 62
     4
100
AcDbLine
 10
-55.30047123511054
 20
4.8821216981713
 30
0.0
 11
-49.20047123522113
 21
4.88212169842348
 31
0.0
  0
LINE
  5
5E3
330
1F
100
AcDbEntity
  8
0
  6
Continuous
 62
     4
100
AcDbLine
 10
-55.30047123511054
 20
16.48212169831174
 30
0.0
 11
-49.20047123526479
 21
16.48212169856391
 31
0.0
  0
LINE
  5
5E4
330
1F
100
AcDbEntity
  8
0
  6
Continuous
 62
     4
100
AcDbLine
 10
-49.20047123550247
 20
16.48212169856391
 30
0.0
 11
-45.70047123511107
 21
14.46139575635801
 31
0.0
  0
LINE
  5
5E5
330
1F
100
AcDbEntity
  8
0
  6
Continuous
 62
     4
100
AcDbLine
 10
-49.20047123494287
 20
4.88212169842348
 30
0.0
 11
-45.70047123511107
 21
6.902847640685769
 31
0.0
  0
LINE
  5
5E6
330
1F
100
AcDbEntity
  8
0
  6
Continuous
 62
     4
100
AcDbLine
 10
-45.70047123490238
 20
6.90284764080626
 30
0.0
 11
-45.70047123521296
 21
14.46139575641804
 31
0.0
  0
LINE
  5
5E7
330
1F
100
AcDbEntity
  8
0
  6
Continuous
 62
     4
100
AcDbLine
 10
-72.30047123511055
 20
4.782121698522249
 30
0.0
 11
-72.30047123511055
 21
7.282121698522249
 31
0.0
  0
LINE
  5
5E8
330
1F
100
AcDbEntity
  8
0
  6
Continuous
 62
     4
100
AcDbLine
 10
-72.30047123511055
 20
7.282121698522249
 30
0.0
 11
-70.20047123511108
 21
7.282121698522249
 31
0.0
  0
LINE
  5
5E9
330
1F
100
AcDbEntity
  8
0
  6
Continuous
 62
     4
100
AcDbLine
 10
-70.20047123511108
 20
10.58212169852244
 30
0.0
 11
-70.20047123511108
 21
7.282121698522249
 31
0.0
  0
LINE
  5
5EA
330
1F
100
AcDbEntity
  8
0
  6
Continuous
 62
     4
100
AcDbLine
 10
-55.30047123511054
 20
15.58212169852244
 30
0.0
 11
-55.30047123511054
 21
16.48212169852207
 31
0.0
  0
LINE
  5
5EB
330
1F
100
AcDbEntity
  8
0
  6
Continuous
 62
     4
100
AcDbLine
 10
-55.30047123511054
 20
4.882121698521699
 30
0.0
 11
-55.30047123511054
 21
4.782121698522249
 31
0.0
  0
LINE
  5
634
330
1F
100
AcDbEntity
  8
0
  6
Continuous
 62
     4
100
AcDbLine
 10
-30.35300208020112
 20
9.269480469094679
 30
0.0
 11
-26.76046079208413
 21
12.69537214803416
 31
0.0
  0
LINE
  5
635
330
1F
100
AcDbEntity
  8
0
  6
Continuous
 62
     4
100
AcDbLine
 10
-32.10194051106032
 20
-0.51787830147611
 30
0.0
 11
-32.05472044589284
 21
2.18735742080674
 31
0.0
  0
LINE
  5
636
330
1F
100
AcDbEntity
  8
0
  6
Continuous
 62
     4
100
AcDbLine
 10
-12.40194051106141
 20
0.43212169784522
 30
0.0
 11
-12.40194051106141
 21
-0.51787830112323
 31
0.0
  0
LINE
  5
637
330
1F
100
AcDbEntity
  8
0
  6
Continuous
 62
     4
100
AcDbLine
 10
-31.75476613734486
 20
2.48212169887677
 30
0.0
 11
-30.65194051189451
 21
2.48212169887677
 31
0.0
  0
LINE
  5
638
330
1F
100
AcDbEntity
  8
0
  6
Continuous
 62
     4
100
AcDbLine
 10
-5.301940511024669
 20
0.93212169773881
 30
0.0
 11
-5.301940511018299
 21
0.43212169731499
 31
0.0
  0
LINE
  5
639
330
1F
100
AcDbEntity
  8
0
  6
Continuous
 62
     4
100
AcDbLine
 10
-3.601940511029399
 20
0.9321216971803799
 30
0.0
 11
-5.30194051102558
 21
0.9321216971230798
 31
0.0
  0
LINE
  5
63A
330
1F
100
AcDbEntity
  8
0
  6
Continuous
 62
     4
100
AcDbLine
 10
-5.301940511165639
 20
11.93212169829997
 30
0.0
 11
-5.301940511171099
 21
12.43212169732681
 31
0.0
  0
LINE
  5
63B
330
1F
100
AcDbEntity
  8
0
  6
Continuous
 62
     4
100
AcDbLine
 10
-3.60194051116127
 20
11.93212169752054
 30
0.0
 11
-5.301940511163819
 21
11.93212169752054
 31
0.0
  0
LINE
  5
63C
330
1F
100
AcDbEntity
  8
0
  6
Continuous
 62
     4
100
AcDbLine
 10
-3.701940511324439
 20
0.9321216977770101
 30
0.0
 11
-5.10194051133226
 21
0.93212169774427
 31
0.0
  0
LINE
  5
63D
330
1F
100
AcDbEntity
  8
0
  6
Continuous
 62
     4
100
AcDbLine
 10
-3.70194051145631
 20
11.93212169829997
 30
0.0
 11
-5.101940511463229
 21
11.93212169829997
 31
0.0
  0
LINE
  5
63E
330
1F
100
AcDbEntity
  8
0
  6
Continuous
 62
     4
100
AcDbLine
 10
-12.40194051139883
 20
11.98212170546788
 30
0.0
 11
-12.40194051139883
 21
12.48212169794909
 31
0.0
  0
LINE
  5
63F
330
1F
100
AcDbEntity
  8
0
  6
Continuous
 62
     4
100
AcDbLine
 10
-26.05955152778756
 20
12.98212169887677
 30
0.0
 11
-13.40194051106141
 21
12.98212169887677
 31
0.0
  0
LINE
  5
640
330
1F
100
AcDbEntity
  8
0
  6
Continuous
 62
     4
100
AcDbLine
 10
-32.10194051106032
 20
-0.51787830147611
 30
0.0
 11
-23.30194051131116
 21
-0.51787830147611
 31
0.0
  0
LINE
  5
641
330
1F
100
AcDbEntity
  8
0
  6
Continuous
 62
     4
100
AcDbLine
 10
-23.30194051131116
 20
-0.51787830147611
 30
0.0
 11
-12.40194051106141
 21
-0.51787830112323
 31
0.0
  0
LINE
  5
642
330
1F
100
AcDbEntity
  8
0
  6
Continuous
 62
     4
100
AcDbLine
 10
-3.30194050777141
 20
9.682121698314288
 30
0.0
 11
3.198059492247689
 21
9.682121698580999
 31
0.0
  0
LINE
  5
643
330
1F
100
AcDbEntity
  8
0
  6
Continuous
 62
     4
100
AcDbLine
 10
-3.301940507501589
 20
3.182121698312439
 30
0.0
 11
3.198059492327729
 21
3.18212169858191
 31
0.0
  0
LINE
  5
644
330
1F
100
AcDbEntity
  8
0
  6
Continuous
 62
     4
100
AcDbLine
 10
-11.90194051090134
 20
12.93212169707319
 30
0.0
 11
-5.801940511178369
 21
12.93212169732681
 31
0.0
  0
LINE
  5
645
330
1F
100
AcDbEntity
  8
0
  6
Continuous
 62
     4
100
AcDbLine
 10
-11.90194051090134
 20
-0.06787830294409
 30
0.0
 11
-5.801940511018299
 21
-0.06787830269047
 31
0.0
  0
LINE
  5
646
330
1F
100
AcDbEntity
  8
0
  6
Continuous
 62
     4
100
AcDbLine
 10
-30.65194051170097
 20
2.48212169887677
 30
0.0
 11
-30.65194051195181
 21
8.573682375348768
 31
0.0
  0
LINE
  5
647
330
1F
100
AcDbEntity
  8
0
  6
Continuous
 62
     4
100
AcDbLine
 10
-3.301940507420639
 20
1.23212169718329
 30
0.0
 11
-3.30194050785235
 21
11.63211260026231
 31
0.0
  0
LINE
  5
648
330
1F
100
AcDbEntity
  8
0
  6
Continuous
 62
     4
100
AcDbLine
 10
-72.60194051451108
 20
139.3994406233759
 30
0.0
 11
-66.10194051467283
 21
139.3994406236453
 31
0.0
  0
LINE
  5
649
330
1F
100
AcDbEntity
  8
0
  6
Continuous
 62
     4
100
AcDbLine
 10
-72.60194051473937
 20
144.8994406233759
 30
0.0
 11
-66.10194051474104
 21
144.8994406236453
 31
0.0
  0
LINE
  5
64A
330
1F
100
AcDbEntity
  8
0
  6
Continuous
 62
     4
100
AcDbLine
 10
-81.10194051450912
 20
135.6494406231881
 30
0.0
 11
-75.10194051454188
 21
135.6494406234361
 31
0.0
  0
LINE
  5
64B
330
1F
100
AcDbEntity
  8
0
  6
Continuous
 62
     4
100
AcDbLine
 10
-81.10192468123768
 20
148.6494406232064
 30
0.0
 11
-75.10194051473831
 21
148.6494406234543
 31
0.0
  0
LINE
  5
654
330
1F
100
AcDbEntity
  8
0
  6
Continuous
 62
     4
100
AcDbLine
 10
-72.90194051470667
 20
147.6494406236535
 30
0.0
 11
-74.60194051471103
 21
147.6494406236535
 31
0.0
  0
LINE
  5
655
330
1F
100
AcDbEntity
  8
0
  6
Continuous
 62
     4
100
AcDbLine
 10
-72.90194051457479
 20
136.6494406233115
 30
0.0
 11
-74.60194051457097
 21
136.6494406232551
 31
0.0
  0
LINE
  5
657
330
1F
100
AcDbEntity
  8
0
  6
Continuous
 62
     4
100
AcDbLine
 10
-74.60194051471741
 20
148.1494406234598
 30
0.0
 11
-74.60194051471103
 21
147.6494406236535
 31
0.0
  0
LINE
  5
658
330
1F
100
AcDbEntity
  8
0
  6
Continuous
 62
     4
100
AcDbLine
 10
-74.60194051457097
 20
136.6494406232551
 30
0.0
 11
-74.60194051456278
 21
136.1494406234479
 31
0.0
  0
LINE
  5
659
330
1F
100
AcDbEntity
  8
0
  6
Continuous
 62
     4
100
AcDbLine
 10
-72.60194051440937
 20
136.9494406233135
 30
0.0
 11
-72.60194051484109
 21
147.3494495722208
 31
0.0
  0
LINE
  5
65A
330
1F
100
AcDbEntity
  8
0
  6
Continuous
 62
     4
100
AcDbLine
 10
-49.20194051511651
 20
120.8691246015197
 30
0.0
 11
-45.7019405147014
 21
118.8483986593102
 31
0.0
  0
LINE
  5
65B
330
1F
100
AcDbEntity
  8
0
  6
Continuous
 62
     4
100
AcDbLine
 10
-49.2019405145559
 20
109.2691246015212
 30
0.0
 11
-45.7019405147314
 21
111.2898505437826
 31
0.0
  0
LINE
  5
661
330
1F
100
AcDbEntity
  8
0
  6
Continuous
 62
     4
100
AcDbLine
 10
-45.70194051465501
 20
117.4691246011779
 30
0.0
 11
-39.20194051471685
 21
117.4691246014473
 31
0.0
  0
LINE
  5
662
330
1F
100
AcDbEntity
  8
0
  6
Continuous
 62
     4
100
AcDbLine
 10
-45.70194051465501
 20
112.6691246011757
 30
0.0
 11
-39.20194051471685
 21
112.6691246014481
 31
0.0
  0
LINE
  5
663
330
1F
100
AcDbEntity
  8
0
  6
Continuous
 62
     4
100
AcDbLine
 10
-55.30194051471995
 20
120.8691246012694
 30
0.0
 11
-49.20194051484235
 21
120.8691246015197
 31
0.0
  0
LINE
  5
664
330
1F
100
AcDbEntity
  8
0
  6
Continuous
 62
     4
100
AcDbLine
 10
-55.30194051471995
 20
109.2691246012643
 30
0.0
 11
-49.20194051484235
 21
109.2691246015212
 31
0.0
  0
LINE
  5
665
330
1F
100
AcDbEntity
  8
0
  6
Continuous
 62
     4
100
AcDbLine
 10
-45.70194051465501
 20
111.2898505437926
 30
0.0
 11
-45.70194051465501
 21
118.8483986592834
 31
0.0
  0
LINE
  5
666
330
1F
100
AcDbEntity
  8
0
  6
Continuous
 62
     4
100
AcDbLine
 10
-55.30047123511054
 20
4.782121698522249
 30
0.0
 11
-72.30047123511055
 21
4.782121698522249
 31
0.0
  0
LINE
  5
667
330
1F
100
AcDbEntity
  8
0
  6
Continuous
 62
     4
100
AcDbLine
 10
-3.601940511100339
 20
130.6494406226112
 30
0.0
 11
-5.301940511103789
 21
130.6494406226112
 31
0.0
  0
LINE
  5
668
330
1F
100
AcDbEntity
  8
0
  6
Continuous
 62
     4
100
AcDbLine
 10
-5.301940511103789
 20
130.6494406226112
 30
0.0
 11
-5.301940511108339
 21
131.1494406224184
 31
0.0
  0
LINE
  5
669
330
1F
100
AcDbEntity
  8
0
  6
Continuous
 62
     4
100
AcDbLine
 10
-3.601940510967549
 20
119.6494406222702
 30
0.0
 11
-5.301940510962819
 21
119.6494406222138
 31
0.0
  0
LINE
  5
66A
330
1F
100
AcDbEntity
  8
0
  6
Continuous
 62
     4
100
AcDbLine
 10
-5.301940510962819
 20
119.6494406222138
 30
0.0
 11
-5.30194051095646
 21
119.1494406224057
 31
0.0
  0
LINE
  5
66B
330
1F
100
AcDbEntity
  8
0
  6
Continuous
 62
     4
100
AcDbLine
 10
-12.40194051105232
 20
119.1494406223265
 30
0.0
 11
-12.40194051105141
 21
120.1994406226178
 31
0.0
  0
LINE
  5
673
330
1F
100
AcDbEntity
  8
0
  6
Continuous
 62
     4
100
AcDbLine
 10
-12.40194051105141
 20
120.1994406226178
 30
0.0
 11
-14.00194051124731
 21
120.1994406226178
 31
0.0
  0
LINE
  5
674
330
1F
100
AcDbEntity
  8
0
  6
Continuous
 62
     4
100
AcDbLine
 10
-12.40194051104231
 20
130.0994406226183
 30
0.0
 11
-14.00194051124731
 21
130.0994406226183
 31
0.0
  0
LINE
  5
675
330
1F
100
AcDbEntity
  8
0
  6
Continuous
 62
     4
100
AcDbLine
 10
-12.40194051104231
 20
130.0994406226183
 30
0.0
 11
-12.40194051104231
 21
131.1494406223447
 31
0.0
  0
LINE
  5
676
330
1F
100
AcDbEntity
  8
0
  6
Continuous
 62
     4
100
AcDbLine
 10
-11.90194051090134
 20
131.6494406221615
 30
0.0
 11
-5.801940511116529
 21
131.6494406224184
 31
0.0
  0
LINE
  5
677
330
1F
100
AcDbEntity
  8
0
  6
Continuous
 62
     4
100
AcDbLine
 10
-11.90194051090134
 20
118.6494406222193
 30
0.0
 11
-5.801940511116529
 21
118.649440622473
 31
0.0
  0
LINE
  5
678
330
1F
100
AcDbEntity
  8
0
  6
Continuous
 62
     4
100
AcDbLine
 10
-3.30194051115745
 20
128.3994406216375
 30
0.0
 11
3.198059488861649
 21
128.3994406219073
 31
0.0
  0
LINE
  5
679
330
1F
100
AcDbEntity
  8
0
  6
Continuous
 62
     4
100
AcDbLine
 10
-3.30194051088764
 20
121.8994406216376
 30
0.0
 11
3.198059488861649
 21
121.8994406219073
 31
0.0
  0
LINE
  5
67A
330
1F
100
AcDbEntity
  8
0
  6
Continuous
 62
     4
100
AcDbLine
 10
-3.301940510806689
 20
119.9494406222731
 30
0.0
 11
-3.301940511238399
 21
130.3494315234994
 31
0.0
  0
LINE
  5
67B
330
1F
100
AcDbEntity
  8
0
  6
Continuous
 62
     4
100
AcDbLine
 10
-224.614160593179
 20
4.18212169844735
 30
0.0
 11
-224.477711110205
 21
11.99930736127875
 31
0.0
  0
LINE
  5
853
330
1F
100
AcDbEntity
  8
0
  6
CENTER2
 62
     1
100
AcDbLine
 10
236.7785290695965
 20
136.54944062262
 30
0.0
 11
236.7785290695965
 21
113.7494406226188
 31
0.0
  0
LINE
  5
854
330
1F
100
AcDbEntity
  8
0
  6
CENTER2
 62
     1
100
AcDbLine
 10
248.1785290695961
 20
125.1494406226185
 30
0.0
 11
225.3785290695969
 21
125.1494406226185
 31
0.0
  0
LINE
  5
855
330
1F
100
AcDbEntity
  8
0
  6
Continuous
 62
     7
100
AcDbLine
 10
239.7785290695965
 20
137.1494406226185
 30
0.0
 11
233.7785290695965
 21
137.1494406226185
 31
0.0
  0
LINE
  5
856
330
1F
100
AcDbEntity
  8
0
  6
Continuous
 62
     7
100
AcDbLine
 10
239.7785290695965
 20
131.1494406226185
 30
0.0
 11
239.7785290695965
 21
137.1494406226185
 31
0.0
  0
LINE
  5
857
330
1F
100
AcDbEntity
  8
0
  6
Continuous
 62
     7
100
AcDbLine
 10
233.7785290695965
 20
131.1494406226185
 30
0.0
 11
239.7785290695965
 21
131.1494406226185
 31
0.0
  0
LINE
  5
858
330
1F
100
AcDbEntity
  8
0
  6
Continuous
 62
     7
100
AcDbLine
 10
233.7785290695965
 20
137.1494406226185
 30
0.0
 11
233.7785290695965
 21
131.1494406226185
 31
0.0
  0
LINE
  5
859
330
1F
100
AcDbEntity
  8
0
  6
Continuous
 62
     7
100
AcDbLine
 10
147.5139634192488
 20
165.1494406226185
 30
0.0
 11
167.5139634192488
 21
165.1494406226185
 31
0.0
  0
LINE
  5
85A
330
1F
100
AcDbEntity
  8
0
  6
Continuous
 62
     7
100
AcDbLine
 10
167.5139634192488
 20
165.1494406226185
 30
0.0
 11
167.5139634192488
 21
85.14944062261848
 31
0.0
  0
LINE
  5
85B
330
1F
100
AcDbEntity
  8
0
  6
Continuous
 62
     7
100
AcDbLine
 10
167.5139634192488
 20
160.1494406226185
 30
0.0
 11
170.5139634192488
 21
160.1494406226185
 31
0.0
  0
LINE
  5
85C
330
1F
100
AcDbEntity
  8
0
  6
Continuous
 62
     7
100
AcDbLine
 10
170.5139634192488
 20
160.1494406226185
 30
0.0
 11
170.5139634192488
 21
90.1494406226185
 31
0.0
  0
LINE
  5
85D
330
1F
100
AcDbEntity
  8
0
  6
Continuous
 62
     7
100
AcDbLine
 10
170.5139634192488
 20
134.6494406226185
 30
0.0
 11
202.5139634192488
 21
134.6494406226185
 31
0.0
  0
LINE
  5
85E
330
1F
100
AcDbEntity
  8
0
  6
Continuous
 62
     7
100
AcDbLine
 10
202.5139634192488
 20
134.6494406226185
 30
0.0
 11
202.5139634192488
 21
115.6494406226185
 31
0.0
  0
LINE
  5
85F
330
1F
100
AcDbEntity
  8
0
  6
Continuous
 62
     7
100
AcDbLine
 10
202.5139634192488
 20
115.6494406226185
 30
0.0
 11
170.5139634192488
 21
115.6494406226185
 31
0.0
  0
LINE
  5
860
330
1F
100
AcDbEntity
  8
0
  6
Continuous
 62
     7
100
AcDbLine
 10
170.5139634192488
 20
90.1494406226185
 30
0.0
 11
167.5139634192488
 21
90.1494406226185
 31
0.0
  0
LINE
  5
861
330
1F
100
AcDbEntity
  8
0
  6
Continuous
 62
     7
100
AcDbLine
 10
167.5139634192488
 20
85.14944062261848
 30
0.0
 11
147.5139634192488
 21
85.14944062261848
 31
0.0
  0
LINE
  5
862
330
1F
100
AcDbEntity
  8
0
  6
Continuous
 62
     7
100
AcDbLine
 10
157.7139634192494
 20
165.1494406226185
 30
0.0
 11
157.7139634192494
 21
85.14944062261848
 31
0.0
  0
LINE
  5
863
330
1F
100
AcDbEntity
  8
0
  6
Continuous
 62
     7
100
AcDbLine
 10
180.5139634192488
 20
134.6494406226185
 30
0.0
 11
180.5139634192488
 21
137.1494406226185
 31
0.0
  0
LINE
  5
864
330
1F
100
AcDbEntity
  8
0
  6
Continuous
 62
     7
100
AcDbLine
 10
180.5139634192488
 20
137.1494406226185
 30
0.0
 11
202.5139634192488
 21
137.1494406226185
 31
0.0
  0
LINE
  5
865
330
1F
100
AcDbEntity
  8
0
  6
Continuous
 62
     7
100
AcDbLine
 10
202.5139634192488
 20
137.1494406226185
 30
0.0
 11
202.5139634192488
 21
134.6494406226185
 31
0.0
  0
LINE
  5
866
330
1F
100
AcDbEntity
  8
0
  6
Continuous
 62
     7
100
AcDbLine
 10
180.5139634192488
 20
153.1494406226185
 30
0.0
 11
202.5139634192488
 21
153.1494406226185
 31
0.0
  0
LINE
  5
867
330
1F
100
AcDbEntity
  8
0
  6
Continuous
 62
     7
100
AcDbLine
 10
202.5139634192488
 20
153.1494406226185
 30
0.0
 11
202.5139634192488
 21
147.1494406226185
 31
0.0
  0
LINE
  5
868
330
1F
100
AcDbEntity
  8
0
  6
Continuous
 62
     7
100
AcDbLine
 10
202.5139634192488
 20
147.1494406226185
 30
0.0
 11
180.5139634192488
 21
147.1494406226185
 31
0.0
  0
LINE
  5
869
330
1F
100
AcDbEntity
  8
0
  6
CENTER2
 62
     1
100
AcDbLine
 10
175.5139634192488
 20
150.1494406226185
 30
0.0
 11
204.5139634192488
 21
150.1494406226185
 31
0.0
  0
LINE
  5
86A
330
1F
100
AcDbEntity
  8
0
  6
CENTER2
 62
     1
100
AcDbLine
 10
140.5139634192488
 20
125.1494406226185
 30
0.0
 11
209.5139634192488
 21
125.1494406226185
 31
0.0
  0
ARC
  5
86D
330
1F
100
AcDbEntity
  8
0
  6
Continuous
 62
     7
100
AcDbCircle
 10
-96.80194051152035
 20
153.9427147937423
 30
0.0
 40
0.9999999999807863
100
AcDbArc
 50
329.1143045682985
 51
0.00000000031429
  0
ARC
  5
86E
330
1F
100
AcDbEntity
  8
0
  6
Continuous
 62
     7
100
AcDbCircle
 10
-96.80194051162585
 20
96.35616645146376
 30
0.0
 40
1.00000000008822
100
AcDbArc
 50
0.00000000213652
 51
30.88569543093235
  0
ARC
  5
86F
330
1F
100
AcDbEntity
  8
0
  6
Continuous
 62
     7
100
AcDbCircle
 10
-92.45194051153816
 20
160.6494406226185
 30
0.0
 40
7.000000000001191
100
AcDbArc
 50
163.7429721033991
 51
180.0
  0
ARC
  5
870
330
1F
100
AcDbEntity
  8
0
  6
Continuous
 62
     7
100
AcDbCircle
 10
-98.21203365167022
 20
158.9697599931497
 30
0.0
 40
0.9999999999999042
100
AcDbArc
 50
196.257027896655
 51
265.0000000000792
  0
ARC
  5
871
330
1F
100
AcDbEntity
  8
0
  6
Continuous
 62
     7
100
AcDbCircle
 10
-92.45194051153816
 20
160.6494406226185
 30
0.0
 40
7.0
100
AcDbArc
 50
180.0
 51
196.2570278965869
  0
ARC
  5
872
330
1F
100
AcDbEntity
  8
0
  6
Continuous
 62
     7
100
AcDbCircle
 10
-98.21203365167022
 20
162.3291212520891
 30
0.0
 40
1.000000000000146
100
AcDbArc
 50
94.99999999992061
 51
163.742972103345
  0
ARC
  5
873
330
1F
100
AcDbEntity
  8
0
  6
Continuous
 62
     7
100
AcDbCircle
 10
-96.56203365166881
 20
124.9697599931497
 30
0.0
 40
0.9999999999999001
100
AcDbArc
 50
196.2570278966543
 51
264.9999999999235
  0
ARC
  5
874
330
1F
100
AcDbEntity
  8
0
  6
Continuous
 62
     7
100
AcDbCircle
 10
-90.80194051153851
 20
126.6494406226185
 30
0.0
 40
7.0
100
AcDbArc
 50
180.0
 51
196.257027896591
  0
ARC
  5
875
330
1F
100
AcDbEntity
  8
0
  6
Continuous
 62
     7
100
AcDbCircle
 10
-96.56203365166881
 20
128.3291212520891
 30
0.0
 40
0.9999999999994777
100
AcDbArc
 50
95.00000000008087
 51
163.742972103345
  0
ARC
  5
876
330
1F
100
AcDbEntity
  8
0
  6
Continuous
 62
     7
100
AcDbCircle
 10
-90.80194051153851
 20
126.6494406226185
 30
0.0
 40
6.999999999999445
100
AcDbArc
 50
163.7429721033949
 51
180.0
  0
ARC
  5
877
330
1F
100
AcDbEntity
  8
0
  6
Continuous
 62
     7
100
AcDbCircle
 10
-96.56203365166881
 20
87.96975999314975
 30
0.0
 40
0.9999999999996735
100
AcDbArc
 50
196.2570278966096
 51
264.9999999999238
  0
ARC
  5
878
330
1F
100
AcDbEntity
  8
0
  6
Continuous
 62
     7
100
AcDbCircle
 10
-90.80194051153851
 20
89.64944062261849
 30
0.0
 40
7.0
100
AcDbArc
 50
180.0
 51
196.2570278965841
  0
ARC
  5
879
330
1F
100
AcDbEntity
  8
0
  6
Continuous
 62
     7
100
AcDbCircle
 10
-96.56203365166881
 20
91.32912125208909
 30
0.0
 40
1.000000000000412
100
AcDbArc
 50
95.0000000000762
 51
163.7429721033402
  0
ARC
  5
87A
330
1F
100
AcDbEntity
  8
0
  6
Continuous
 62
     7
100
AcDbCircle
 10
-90.80194051153851
 20
89.64944062261849
 30
0.0
 40
6.99999999999946
100
AcDbArc
 50
163.7429721033944
 51
180.0
  0
ARC
  5
87B
330
1F
100
AcDbEntity
  8
0
  6
Continuous
 62
     7
100
AcDbCircle
 10
-80.56203365167062
 20
105.3291212520891
 30
0.0
 40
1.000000000000224
100
AcDbArc
 50
94.99999999997251
 51
163.742972103345
  0
ARC
  5
87C
330
1F
100
AcDbEntity
  8
0
  6
Continuous
 62
     7
100
AcDbCircle
 10
-74.80194051154035
 20
103.6494406226185
 30
0.0
 40
7.0
100
AcDbArc
 50
180.0
 51
196.257027896591
  0
ARC
  5
87D
330
1F
100
AcDbEntity
  8
0
  6
Continuous
 62
     7
100
AcDbCircle
 10
-80.56203365167062
 20
101.9697599931497
 30
0.0
 40
0.9999999999999001
100
AcDbArc
 50
196.2570278966543
 51
265.0000000000274
  0
ARC
  5
87E
330
1F
100
AcDbEntity
  8
0
  6
Continuous
 62
     7
100
AcDbCircle
 10
-74.80194051154035
 20
103.6494406226185
 30
0.0
 40
6.999999999999445
100
AcDbArc
 50
163.7429721033949
 51
180.0
  0
ARC
  5
87F
330
1F
100
AcDbEntity
  8
0
  6
Continuous
 62
     7
100
AcDbCircle
 10
-90.70194051153817
 20
147.1494406226185
 30
0.0
 40
0.5
100
AcDbArc
 50
89.99999997655041
 51
180.0
  0
ARC
  5
880
330
1F
100
AcDbEntity
  8
0
  6
Continuous
 62
     7
100
AcDbCircle
 10
-85.00194051153927
 20
147.1494406226185
 30
0.0
 40
0.5
100
AcDbArc
 50
359.9999999873828
 51
90.0
  0
ARC
  5
881
330
1F
100
AcDbEntity
  8
0
  6
Continuous
 62
     7
100
AcDbCircle
 10
-84.10194051153963
 20
144.8494406226183
 30
0.0
 40
0.500000000001819
100
AcDbArc
 50
0.0
 51
90.0
  0
ARC
  5
882
330
1F
100
AcDbEntity
  8
0
  6
Continuous
 62
     7
100
AcDbCircle
 10
-91.6019405115378
 20
144.8494406226183
 30
0.0
 40
0.5
100
AcDbArc
 50
90.0
 51
180.0
  0
ARC
  5
883
330
1F
100
AcDbEntity
  8
0
  6
Continuous
 62
     7
100
AcDbCircle
 10
-84.10194051153963
 20
139.4494406226187
 30
0.0
 40
0.5
100
AcDbArc
 50
270.0
 51
0.0
  0
ARC
  5
884
330
1F
100
AcDbEntity
  8
0
  6
Continuous
 62
     7
100
AcDbCircle
 10
-85.00194051153927
 20
137.1494406226185
 30
0.0
 40
0.5
100
AcDbArc
 50
270.0
 51
359.9999999873828
  0
ARC
  5
885
330
1F
100
AcDbEntity
  8
0
  6
Continuous
 62
     7
100
AcDbCircle
 10
-90.70194051153817
 20
137.1494406226185
 30
0.0
 40
0.5
100
AcDbArc
 50
179.9999999655063
 51
269.9999999528924
  0
ARC
  5
886
330
1F
100
AcDbEntity
  8
0
  6
Continuous
 62
     7
100
AcDbCircle
 10
-91.6019405115378
 20
139.4494406226187
 30
0.0
 40
0.5
100
AcDbArc
 50
180.0
 51
270.0
  0
ARC
  5
887
330
1F
100
AcDbEntity
  8
0
  6
Continuous
 62
     7
100
AcDbCircle
 10
-23.3019405111612
 20
114.649440622559
 30
0.0
 40
5.500000000059686
100
AcDbArc
 50
216.8698976163468
 51
269.9999999993664
  0
ARC
  5
888
330
1F
100
AcDbEntity
  8
0
  6
Continuous
 62
     7
100
AcDbCircle
 10
-23.30194051128024
 20
135.6494406226185
 30
0.0
 40
5.499999999996365
100
AcDbArc
 50
36.86989764576821
 51
90.00000000056848
  0
ARC
  5
889
330
1F
100
AcDbEntity
  8
0
  6
Continuous
 62
     7
100
AcDbCircle
 10
-27.60194051804615
 20
117.1977745728592
 30
0.0
 40
0.2999999999966234
100
AcDbArc
 50
209.9999999978821
 51
0.0
  0
ARC
  5
88A
330
1F
100
AcDbEntity
  8
0
  6
Continuous
 62
     7
100
AcDbCircle
 10
-27.90194051804724
 20
119.1173898151493
 30
0.0
 40
1.0
100
AcDbArc
 50
180.0
 51
209.9999999999581
  0
ARC
  5
88B
330
1F
100
AcDbEntity
  8
0
  6
Continuous
 62
     7
100
AcDbCircle
 10
-27.60194051804615
 20
133.1011066723687
 30
0.0
 40
0.2999999999992689
100
AcDbArc
 50
0.0
 51
150.0000000001694
  0
ARC
  5
88C
330
1F
100
AcDbEntity
  8
0
  6
Continuous
 62
     7
100
AcDbCircle
 10
-27.90194051804724
 20
131.1814914300795
 30
0.0
 40
1.000000000001266
100
AcDbArc
 50
150.0000000000419
 51
180.0
  0
ARC
  5
88D
330
1F
100
AcDbEntity
  8
0
  6
Continuous
 62
     7
100
AcDbCircle
 10
-19.00194051127915
 20
133.1011066723687
 30
0.0
 40
0.3000000000009447
100
AcDbArc
 50
30.00000000000364
 51
180.0
  0
ARC
  5
88E
330
1F
100
AcDbEntity
  8
0
  6
Continuous
 62
     7
100
AcDbCircle
 10
-18.70194051127987
 20
131.1814914300795
 30
0.0
 40
1.0
100
AcDbArc
 50
0.0
 51
29.9999999999063
  0
ARC
  5
88F
330
1F
100
AcDbEntity
  8
0
  6
Continuous
 62
     7
100
AcDbCircle
 10
-18.70194051127987
 20
119.1173898151493
 30
0.0
 40
1.000000000002833
100
AcDbArc
 50
330.0000000000937
 51
0.0
  0
ARC
  5
890
330
1F
100
AcDbEntity
  8
0
  6
Continuous
 62
     7
100
AcDbCircle
 10
-19.00194051127915
 20
117.1977745728592
 30
0.0
 40
0.3000000000010878
100
AcDbArc
 50
180.0
 51
330.0000000019449
  0
ARC
  5
891
330
1F
100
AcDbEntity
  8
0
  6
Continuous
 62
     7
100
AcDbCircle
 10
-21.92694051128023
 20
121.8494406226183
 30
0.0
 40
0.1500000000005031
100
AcDbArc
 50
269.9999999652598
 51
0.0
  0
ARC
  5
892
330
1F
100
AcDbEntity
  8
0
  6
Continuous
 62
     7
100
AcDbCircle
 10
-23.62694051127915
 20
121.8494406226183
 30
0.0
 40
0.1499999999996291
100
AcDbArc
 50
180.0
 51
269.9999999652639
  0
ARC
  5
893
330
1F
100
AcDbEntity
  8
0
  6
Continuous
 62
     7
100
AcDbCircle
 10
-23.62694051127915
 20
122.0494406226099
 30
0.0
 40
0.1500000000079069
100
AcDbArc
 50
89.99999998818429
 51
179.9999999735649
  0
ARC
  5
894
330
1F
100
AcDbEntity
  8
0
  6
Continuous
 62
     7
100
AcDbCircle
 10
-21.92694051128023
 20
122.0494406226099
 30
0.0
 40
0.1500000000014587
100
AcDbArc
 50
0.0
 51
89.99999998818564
  0
ARC
  5
895
330
1F
100
AcDbEntity
  8
0
  6
Continuous
 62
     7
100
AcDbCircle
 10
-23.62694051127915
 20
125.0494406226099
 30
0.0
 40
0.1499999999996291
100
AcDbArc
 50
180.0
 51
270.0
  0
ARC
  5
896
330
1F
100
AcDbEntity
  8
0
  6
Continuous
 62
     7
100
AcDbCircle
 10
-21.92694051128023
 20
125.0494406226099
 30
0.0
 40
0.1499999999913939
100
AcDbArc
 50
269.9999999652598
 51
0.0
  0
ARC
  5
897
330
1F
100
AcDbEntity
  8
0
  6
Continuous
 62
     7
100
AcDbCircle
 10
-23.62694051127915
 20
125.2494406226198
 30
0.0
 40
0.1499999999986983
100
AcDbArc
 50
90.0
 51
179.9999999770824
  0
ARC
  5
898
330
1F
100
AcDbEntity
  8
0
  6
Continuous
 62
     7
100
AcDbCircle
 10
-21.92694051128023
 20
125.2494406226198
 30
0.0
 40
0.1500000000014587
100
AcDbArc
 50
0.0
 51
90.0
  0
ARC
  5
899
330
1F
100
AcDbEntity
  8
0
  6
Continuous
 62
     7
100
AcDbCircle
 10
-21.92694051128023
 20
128.2494406226198
 30
0.0
 40
0.1500000000114881
100
AcDbArc
 50
270.0
 51
0.0
  0
ARC
  5
89A
330
1F
100
AcDbEntity
  8
0
  6
Continuous
 62
     7
100
AcDbCircle
 10
-23.62694051127915
 20
128.2494406226198
 30
0.0
 40
0.1499999999996291
100
AcDbArc
 50
180.0
 51
269.9999999652639
  0
ARC
  5
89B
330
1F
100
AcDbEntity
  8
0
  6
Continuous
 62
     7
100
AcDbCircle
 10
-21.92694051128023
 20
128.4494406226105
 30
0.0
 40
0.1500000000014587
100
AcDbArc
 50
0.0
 51
89.99999998818564
  0
ARC
  5
89C
330
1F
100
AcDbEntity
  8
0
  6
Continuous
 62
     7
100
AcDbCircle
 10
-23.62694051127915
 20
128.4494406226105
 30
0.0
 40
0.1499999999978172
100
AcDbArc
 50
89.99999998818429
 51
179.9999999777663
  0
ARC
  5
89D
330
1F
100
AcDbEntity
  8
0
  6
Continuous
 62
     7
100
AcDbCircle
 10
-23.30194051128024
 20
135.6494406226185
 30
0.0
 40
5.500000000120991
100
AcDbArc
 50
90.00000000056848
 51
143.1301023355706
  0
ARC
  5
89E
330
1F
100
AcDbEntity
  8
0
  6
Continuous
 62
     7
100
AcDbCircle
 10
-30.1019405112786
 20
136.9494406226105
 30
0.0
 40
1.999999999939091
100
AcDbArc
 50
90.00000000216266
 51
179.9999999762654
  0
ARC
  5
89F
330
1F
100
AcDbEntity
  8
0
  6
Continuous
 62
     7
100
AcDbCircle
 10
-30.1019405112786
 20
113.3494406226183
 30
0.0
 40
2.0
100
AcDbArc
 50
179.9999999765488
 51
269.9999999647474
  0
ARC
  5
8A0
330
1F
100
AcDbEntity
  8
0
  6
Continuous
 62
     7
100
AcDbCircle
 10
-23.30194051139961
 20
114.6494406225588
 30
0.0
 40
5.500000000059515
100
AcDbArc
 50
270.0000000018499
 51
323.1301023132337
  0
ARC
  5
8A1
330
1F
100
AcDbEntity
  8
0
  6
Continuous
 62
     7
100
AcDbCircle
 10
-16.50194051127915
 20
113.3494406226183
 30
0.0
 40
2.0
100
AcDbArc
 50
269.9999999647737
 51
359.9999999530231
  0
ARC
  5
8A2
330
1F
100
AcDbEntity
  8
0
  6
Continuous
 62
     7
100
AcDbCircle
 10
-16.50194051127915
 20
136.9494406226105
 30
0.0
 40
2.000000000000002
100
AcDbArc
 50
0.0
 51
90.0
  0
ARC
  5
8A3
330
1F
100
AcDbEntity
  8
0
  6
Continuous
 62
     7
100
AcDbCircle
 10
-20.92694051128024
 20
121.6494406226185
 30
0.0
 40
0.1999999999989122
100
AcDbArc
 50
180.0
 51
270.0
  0
ARC
  5
8A4
330
1F
100
AcDbEntity
  8
0
  6
Continuous
 62
     7
100
AcDbCircle
 10
-20.92694051128024
 20
122.2494406226198
 30
0.0
 40
0.1999999999979991
100
AcDbArc
 50
90.0
 51
179.9999999773402
  0
ARC
  5
8A5
330
1F
100
AcDbEntity
  8
0
  6
Continuous
 62
     7
100
AcDbCircle
 10
-25.67694051128024
 20
124.8494406226183
 30
0.0
 40
0.1999999999998039
100
AcDbArc
 50
270.0
 51
0.0
  0
ARC
  5
8A6
330
1F
100
AcDbEntity
  8
0
  6
Continuous
 62
     7
100
AcDbCircle
 10
-25.67694051128024
 20
125.4494406226178
 30
0.0
 40
0.2000000000016406
100
AcDbArc
 50
0.0
 51
90.0
  0
ARC
  5
8A7
330
1F
100
AcDbEntity
  8
0
  6
Continuous
 62
     7
100
AcDbCircle
 10
-20.92694051128024
 20
128.0494406226099
 30
0.0
 40
0.1999999999989122
100
AcDbArc
 50
180.0
 51
270.0
  0
ARC
  5
8A8
330
1F
100
AcDbEntity
  8
0
  6
Continuous
 62
     7
100
AcDbCircle
 10
-20.92694051128024
 20
128.6494406226185
 30
0.0
 40
0.1999999999898137
100
AcDbArc
 50
89.99999998801365
 51
179.9999999765667
  0
ARC
  5
8A9
330
1F
100
AcDbEntity
  8
0
  6
Continuous
 62
     7
100
AcDbCircle
 10
-57.30194051154036
 20
107.5687652189264
 30
0.0
 40
2.299999999999648
100
AcDbArc
 50
269.9989416917033
 51
0.0
  0
ARC
  5
8AA
330
1F
100
AcDbEntity
  8
0
  6
Continuous
 62
     7
100
AcDbCircle
 10
-57.3019405115349
 20
122.5690037388805
 30
0.0
 40
2.299999999995641
100
AcDbArc
 50
359.9999999997062
 51
89.99894169170326
  0
ARC
  5
8AB
330
1F
100
AcDbEntity
  8
0
  6
Continuous
 62
     7
100
AcDbCircle
 10
-61.03766484881568
 20
115.297441696118
 30
0.0
 40
0.0997920000108934
100
AcDbArc
 50
89.99999998746339
 51
179.9999999707738
  0
ARC
  5
8AC
330
1F
100
AcDbEntity
  8
0
  6
Continuous
 62
     7
100
AcDbCircle
 10
-61.03766484881568
 20
114.9980656961289
 30
0.0
 40
0.0997919999972439
100
AcDbArc
 50
180.0
 51
270.0
  0
ARC
  5
8AD
330
1F
100
AcDbEntity
  8
0
  6
Continuous
 62
     7
100
AcDbCircle
 10
-70.30194051154035
 20
122.5692438614179
 30
0.0
 40
2.300000000003256
100
AcDbArc
 50
89.99894169161263
 51
180.0
  0
ARC
  5
8AE
330
1F
100
AcDbEntity
  8
0
  6
Continuous
 62
     7
100
AcDbCircle
 10
-70.30194051153853
 20
107.5690053414784
 30
0.0
 40
2.30000000000109
100
AcDbArc
 50
180.0
 51
269.9989416916126
  0
ARC
  5
8AF
330
1F
100
AcDbEntity
  8
0
  6
CENTER2
 62
     1
100
AcDbCircle
 10
-215.243838859
 20
-45.01787830146521
 30
0.0
 40
44.99981138413885
100
AcDbArc
 50
214.7593681389257
 51
235.2401515516512
  0
ARC
  5
8B0
330
1F
100
AcDbEntity
  8
0
  6
CENTER2
 62
     1
100
AcDbCircle
 10
-215.2438388589972
 20
-45.01787830147157
 30
0.0
 40
44.99981138413107
100
AcDbArc
 50
304.7598484483231
 51
325.2406318610516
  0
ARC
  5
8B1
330
1F
100
AcDbEntity
  8
0
  6
CENTER2
 62
     1
100
AcDbCircle
 10
-215.243838859001
 20
-45.01787830146702
 30
0.0
 40
44.99981138413581
100
AcDbArc
 50
34.75936813892414
 51
55.24015155165163
  0
ARC
  5
8B2
330
1F
100
AcDbEntity
  8
0
  6
CENTER2
 62
     1
100
AcDbCircle
 10
-215.2438388590145
 20
-45.01787830145154
 30
0.0
 40
44.99981138411588
100
AcDbArc
 50
124.7598484483195
 51
145.2406318610552
  0
ARC
  5
8B3
330
1F
100
AcDbEntity
  8
0
  6
Continuous
 62
     7
100
AcDbCircle
 10
-221.8438388589922
 20
1.882121698523519
 30
0.0
 40
0.1000000000103114
100
AcDbArc
 50
0.0
 51
90.0
  0
ARC
  5
8B4
330
1F
100
AcDbEntity
  8
0
  6
Continuous
 62
     7
100
AcDbCircle
 10
-242.6438388589805
 20
1.882121698523519
 30
0.0
 40
0.099999999998545
100
AcDbArc
 50
90.0000000057321
 51
180.0
  0
ARC
  5
8B5
330
1F
100
AcDbEntity
  8
0
  6
Continuous
 62
     7
100
AcDbCircle
 10
-193.743838859001
 20
-9.517878301467019
 30
0.0
 40
4.5
100
AcDbArc
 50
180.0
 51
270.0
  0
ARC
  5
8B6
330
1F
100
AcDbEntity
  8
0
  6
Continuous
 62
     7
100
AcDbCircle
 10
-193.743838859001
 20
-9.517878301467019
 30
0.0
 40
4.5
100
AcDbArc
 50
180.0
 51
270.0
  0
ARC
  5
8B7
330
1F
100
AcDbEntity
  8
0
  6
Continuous
 62
     7
100
AcDbCircle
 10
-199.243838859001
 20
-6.017878301467018
 30
0.0
 40
1.0
100
AcDbArc
 50
0.0
 51
90.0
  0
ARC
  5
8B8
330
1F
100
AcDbEntity
  8
0
  6
Continuous
 62
     7
100
AcDbCircle
 10
-189.4898055514123
 20
-15.01787830146703
 30
0.0
 40
1.000000000000324
100
AcDbArc
 50
24.31573917085986
 51
90.0
  0
ARC
  5
8B9
330
1F
100
AcDbEntity
  8
0
  6
Continuous
 62
     7
100
AcDbCircle
 10
-176.243838859001
 20
-61.01787830147793
 30
0.0
 40
1.0
100
AcDbArc
 50
270.0
 51
0.0
  0
ARC
  5
8BA
330
1F
100
AcDbEntity
  8
0
  6
Continuous
 62
     7
100
AcDbCircle
 10
-179.743838859001
 20
-66.51787830147793
 30
0.0
 40
4.499999999999993
100
AcDbArc
 50
90.0
 51
180.0
  0
ARC
  5
8BB
330
1F
100
AcDbEntity
  8
0
  6
Continuous
 62
     7
100
AcDbCircle
 10
-185.243838859001
 20
-70.7719116090592
 30
0.0
 40
1.000000000001069
100
AcDbArc
 50
294.315739171077
 51
0.0
  0
ARC
  5
8BC
330
1F
100
AcDbEntity
  8
0
  6
Continuous
 62
     7
100
AcDbCircle
 10
-240.9978721665821
 20
-75.01787830147794
 30
0.0
 40
1.000000000000181
100
AcDbArc
 50
204.315739171091
 51
270.0
  0
ARC
  5
8BD
330
1F
100
AcDbEntity
  8
0
  6
Continuous
 62
     7
100
AcDbCircle
 10
-231.2438388590009
 20
-84.01787830147794
 30
0.0
 40
1.0
100
AcDbArc
 50
180.0
 51
270.0
  0
ARC
  5
8BE
330
1F
100
AcDbEntity
  8
0
  6
Continuous
 62
     7
100
AcDbCircle
 10
-236.7438388590009
 20
-80.51787830147793
 30
0.0
 40
4.5
100
AcDbArc
 50
0.0
 51
90.0
  0
ARC
  5
8BF
330
1F
100
AcDbEntity
  8
0
  6
Continuous
 62
     7
100
AcDbCircle
 10
-236.7438388590009
 20
-80.51787830147793
 30
0.0
 40
4.5
100
AcDbArc
 50
0.0
 51
90.0
  0
ARC
  5
8C0
330
1F
100
AcDbEntity
  8
0
  6
Continuous
 62
     7
100
AcDbCircle
 10
-181.743838859001
 20
-78.51787830146702
 30
0.0
 40
7.750000000001127
100
AcDbArc
 50
119.9999999999953
 51
180.0
  0
ARC
  5
8C1
330
1F
100
AcDbEntity
  8
0
  6
Continuous
 62
     7
100
AcDbCircle
 10
-181.743838859001
 20
-11.51787830146703
 30
0.0
 40
7.750000000001127
100
AcDbArc
 50
209.9999999999952
 51
270.0
  0
ARC
  5
8C2
330
1F
100
AcDbEntity
  8
0
  6
Continuous
 62
     7
100
AcDbCircle
 10
-248.7438388590009
 20
-78.51787830146702
 30
0.0
 40
7.750000000010653
100
AcDbArc
 50
29.99999999995454
 51
90.0
  0
ARC
  5
8C3
330
1F
100
AcDbEntity
  8
0
  6
Continuous
 62
     7
100
AcDbCircle
 10
-198.1038388589905
 20
-0.01787830147793
 30
0.0
 40
4.499999999999308
100
AcDbArc
 50
73.61231286969479
 51
90.0
  0
ARC
  5
8C4
330
1F
100
AcDbEntity
  8
0
  6
Continuous
 62
     7
100
AcDbCircle
 10
-199.2041665041898
 20
3.723682746160309
 30
0.0
 40
0.6000000000006613
100
AcDbArc
 50
106.3876871301183
 51
174.9999999996348
  0
ARC
  5
8C5
330
1F
100
AcDbEntity
  8
0
  6
Continuous
 62
     7
100
AcDbCircle
 10
-198.1038388589905
 20
-0.01787830147793
 30
0.0
 40
4.5
100
AcDbArc
 50
90.0
 51
106.3876871303285
  0
ARC
  5
8C6
330
1F
100
AcDbEntity
  8
0
  6
Continuous
 62
     7
100
AcDbCircle
 10
-197.0035112138022
 20
3.723682746160309
 30
0.0
 40
0.6000000000073258
100
AcDbArc
 50
5.000000000365957
 51
73.61231286904594
  0
ARC
  5
8C7
330
1F
100
AcDbEntity
  8
0
  6
Continuous
 62
     7
100
AcDbCircle
 10
-96.86203365164795
 20
-164.6548886136077
 30
0.0
 40
0.9999999999997355
100
AcDbArc
 50
95.00000000018422
 51
163.7429721034271
  0
ARC
  5
8C8
330
1F
100
AcDbEntity
  8
0
  6
Continuous
 62
     7
100
AcDbCircle
 10
-91.10194051152769
 20
-166.3345692430682
 30
0.0
 40
7.0
100
AcDbArc
 50
180.0
 51
196.2570278966806
  0
ARC
  5
8C9
330
1F
100
AcDbEntity
  8
0
  6
Continuous
 62
     7
100
AcDbCircle
 10
-96.86203365164795
 20
-168.0142498725461
 30
0.0
 40
1.00000000000542
100
AcDbArc
 50
196.2570278966225
 51
264.9999999998197
  0
ARC
  5
8CA
330
1F
100
AcDbEntity
  8
0
  6
Continuous
 62
     7
100
AcDbCircle
 10
-91.10194051152769
 20
-166.3345692430682
 30
0.0
 40
6.999999999992282
100
AcDbArc
 50
163.7429721034631
 51
180.0
  0
ARC
  5
8CB
330
1F
100
AcDbEntity
  8
0
  6
Continuous
 62
     7
100
AcDbCircle
 10
-74.8019405115275
 20
-166.3345692430682
 30
0.0
 40
7.0
100
AcDbArc
 50
180.0
 51
196.2570278966072
  0
ARC
  5
8CC
330
1F
100
AcDbEntity
  8
0
  6
Continuous
 62
     7
100
AcDbCircle
 10
-80.56203365165776
 20
-164.6548886136077
 30
0.0
 40
0.999999999999656
100
AcDbArc
 50
95.00000000013228
 51
163.7429721032812
  0
ARC
  5
8CD
330
1F
100
AcDbEntity
  8
0
  6
Continuous
 62
     7
100
AcDbCircle
 10
-74.8019405115275
 20
-166.3345692430682
 30
0.0
 40
6.999999999993156
100
AcDbArc
 50
163.7429721034652
 51
180.0
  0
ARC
  5
8CE
330
1F
100
AcDbEntity
  8
0
  6
Continuous
 62
     7
100
AcDbCircle
 10
-80.56203365165776
 20
-168.0142498725461
 30
0.0
 40
0.999999999994144
100
AcDbArc
 50
196.2570278962679
 51
264.9999999998716
  0
ARC
  5
8CF
330
1F
100
AcDbEntity
  8
0
  6
Continuous
 62
     7
100
AcDbCircle
 10
-91.10393006615879
 20
-237.3345692430682
 30
0.0
 40
6.999999999991405
100
AcDbArc
 50
163.742972103461
 51
180.0
  0
ARC
  5
8D0
330
1F
100
AcDbEntity
  8
0
  6
Continuous
 62
     7
100
AcDbCircle
 10
-96.86402320628907
 20
-235.6548886136077
 30
0.0
 40
0.999999999999591
100
AcDbArc
 50
95.00000000008032
 51
163.7429721032511
  0
ARC
  5
8D1
330
1F
100
AcDbEntity
  8
0
  6
Continuous
 62
     7
100
AcDbCircle
 10
-91.10393006615879
 20
-237.3345692430682
 30
0.0
 40
7.0
100
AcDbArc
 50
180.0
 51
196.2570278966115
  0
ARC
  5
8D2
330
1F
100
AcDbEntity
  8
0
  6
Continuous
 62
     7
100
AcDbCircle
 10
-96.86402320628907
 20
-239.0142498725461
 30
0.0
 40
0.9999999999923975
100
AcDbArc
 50
196.2570278962972
 51
264.9999999999237
  0
ARC
  5
8D3
330
1F
100
AcDbEntity
  8
0
  6
Continuous
 62
     7
100
AcDbCircle
 10
-96.86203365166797
 20
-178.6548886136077
 30
0.0
 40
0.9999999999987842
100
AcDbArc
 50
94.99999999956131
 51
163.7429721034271
  0
ARC
  5
8D4
330
1F
100
AcDbEntity
  8
0
  6
Continuous
 62
     7
100
AcDbCircle
 10
-91.10194051152769
 20
-180.3345692430682
 30
0.0
 40
7.000000000011492
100
AcDbArc
 50
163.7429721035089
 51
180.0
  0
ARC
  5
8D5
330
1F
100
AcDbEntity
  8
0
  6
Continuous
 62
     7
100
AcDbCircle
 10
-96.86203365166797
 20
-182.0142498725461
 30
0.0
 40
1.000000000002871
100
AcDbArc
 50
196.2570278961212
 51
265.0000000004428
  0
ARC
  5
8D6
330
1F
100
AcDbEntity
  8
0
  6
Continuous
 62
     7
100
AcDbCircle
 10
-91.10194051152769
 20
-180.3345692430682
 30
0.0
 40
7.0
100
AcDbArc
 50
180.0
 51
196.2570278965631
  0
ARC
  5
8D7
330
1F
100
AcDbEntity
  8
0
  6
Continuous
 62
     7
100
AcDbCircle
 10
-74.79995095692823
 20
-223.3345692430682
 30
0.0
 40
6.999999999991405
100
AcDbArc
 50
163.742972103461
 51
180.0
  0
ARC
  5
8D8
330
1F
100
AcDbEntity
  8
0
  6
Continuous
 62
     7
100
AcDbCircle
 10
-80.56004409705849
 20
-225.0142498725461
 30
0.0
 40
0.9999999999923975
100
AcDbArc
 50
196.2570278962972
 51
265.0000000004428
  0
ARC
  5
8D9
330
1F
100
AcDbEntity
  8
0
  6
Continuous
 62
     7
100
AcDbCircle
 10
-74.79995095692823
 20
-223.3345692430682
 30
0.0
 40
7.0
100
AcDbArc
 50
180.0
 51
196.2570278966115
  0
ARC
  5
8DA
330
1F
100
AcDbEntity
  8
0
  6
Continuous
 62
     7
100
AcDbCircle
 10
-80.56004409705849
 20
-221.6548886136077
 30
0.0
 40
0.9999999999987984
100
AcDbArc
 50
94.99999999956122
 51
163.7429721032511
  0
ARC
  5
8DB
330
1F
100
AcDbEntity
  8
0
  6
Continuous
 62
     7
100
AcDbCircle
 10
-92.75194051152821
 20
-237.3345692430682
 30
0.0
 40
6.999999999991405
100
AcDbArc
 50
163.742972103461
 51
180.0
  0
ARC
  5
8DC
330
1F
100
AcDbEntity
  8
0
  6
Continuous
 62
     7
100
AcDbCircle
 10
-98.51203365164669
 20
-239.0142498725461
 30
0.0
 40
1.000000000006294
100
AcDbArc
 50
196.2570278966076
 51
264.9999999997679
  0
ARC
  5
8DD
330
1F
100
AcDbEntity
  8
0
  6
Continuous
 62
     7
100
AcDbCircle
 10
-92.75194051152821
 20
-237.3345692430682
 30
0.0
 40
7.0
100
AcDbArc
 50
180.0
 51
196.2570278966827
  0
ARC
  5
8DE
330
1F
100
AcDbEntity
  8
0
  6
Continuous
 62
     7
100
AcDbCircle
 10
-98.51203365164669
 20
-235.6548886136077
 30
0.0
 40
0.9999999999998287
100
AcDbArc
 50
95.00000000023602
 51
163.7429721034407
  0
ARC
  5
8DF
330
1F
100
AcDbEntity
  8
0
  6
Continuous
 62
     7
100
AcDbCircle
 10
-14.87529748233567
 20
-0.81787830147811
 30
0.0
 40
0.2999999999919045
100
AcDbArc
 50
0.9999999994815201
 51
90.0
  0
ARC
  5
8E0
330
1F
100
AcDbEntity
  8
0
  6
Continuous
 62
     7
100
AcDbCircle
 10
-31.7285835402754
 20
-0.8178783014782299
 30
0.0
 40
0.3000000000021172
100
AcDbArc
 50
90.00000000002035
 51
179.000000000533
  0
ARC
  5
8E1
330
1F
100
AcDbEntity
  8
0
  6
Continuous
 62
     7
100
AcDbCircle
 10
-72.4004712353227
 20
1.282121698520429
 30
0.0
 40
0.2000000000034552
100
AcDbArc
 50
90.0
 51
180.0
  0
ARC
  5
8E2
330
1F
100
AcDbEntity
  8
0
  6
Continuous
 62
     7
100
AcDbCircle
 10
-93.99995095690348
 20
1.882121698523519
 30
0.0
 40
0.100000000000364
100
AcDbArc
 50
90.0
 51
180.0
  0
ARC
  5
8E3
330
1F
100
AcDbEntity
  8
0
  6
Continuous
 62
     7
100
AcDbCircle
 10
-90.8039300661577
 20
-80.51787830147613
 30
0.0
 40
7.00000000000077
100
AcDbArc
 50
163.7429721034906
 51
180.0
  0
ARC
  5
8E4
330
1F
100
AcDbEntity
  8
0
  6
Continuous
 62
     7
100
AcDbCircle
 10
-96.56402320628707
 20
-78.83819767201645
 30
0.0
 40
0.9999999999976939
100
AcDbArc
 50
95.00000000008984
 51
163.7429721034277
  0
ARC
  5
8E5
330
1F
100
AcDbEntity
  8
0
  6
Continuous
 62
     7
100
AcDbCircle
 10
-90.8039300661577
 20
-80.51787830147613
 30
0.0
 40
7.0
100
AcDbArc
 50
180.0
 51
196.2570278966952
  0
ARC
  5
8E6
330
1F
100
AcDbEntity
  8
0
  6
Continuous
 62
     7
100
AcDbCircle
 10
-96.56402320628707
 20
-82.1975589309576
 30
0.0
 40
1.000000000005675
100
AcDbArc
 50
196.2570278966723
 51
264.9999999999192
  0
ARC
  5
8E7
330
1F
100
AcDbEntity
  8
0
  6
Continuous
 62
     7
100
AcDbCircle
 10
-74.79995095691731
 20
-66.51787830147611
 30
0.0
 40
6.99999999998942
100
AcDbArc
 50
163.7429721034635
 51
180.0
  0
ARC
  5
8E8
330
1F
100
AcDbEntity
  8
0
  6
Continuous
 62
     7
100
AcDbCircle
 10
-80.56004409704575
 20
-68.19755893095759
 30
0.0
 40
0.9999999999951983
100
AcDbArc
 50
196.2570278968473
 51
265.0000000003345
  0
ARC
  5
8E9
330
1F
100
AcDbEntity
  8
0
  6
Continuous
 62
     7
100
AcDbCircle
 10
-74.79995095691731
 20
-66.51787830147611
 30
0.0
 40
7.0
100
AcDbArc
 50
180.0
 51
196.2570278967223
  0
ARC
  5
8EA
330
1F
100
AcDbEntity
  8
0
  6
Continuous
 62
     7
100
AcDbCircle
 10
-80.56004409704575
 20
-64.83819767201646
 30
0.0
 40
0.9999999999970528
100
AcDbArc
 50
94.99999999967457
 51
163.7429721032527
  0
ARC
  5
8EB
330
1F
100
AcDbEntity
  8
0
  6
Continuous
 62
     7
100
AcDbCircle
 10
-96.56203365166504
 20
-21.83819767201646
 30
0.0
 40
0.9999999999971356
100
AcDbArc
 50
94.99999999972644
 51
163.7429721034424
  0
ARC
  5
8EC
330
1F
100
AcDbEntity
  8
0
  6
Continuous
 62
     7
100
AcDbCircle
 10
-90.80194051153751
 20
-23.51787830147611
 30
0.0
 40
6.999999999999896
100
AcDbArc
 50
163.7429721034886
 51
180.0
  0
ARC
  5
8ED
330
1F
100
AcDbEntity
  8
0
  6
Continuous
 62
     7
100
AcDbCircle
 10
-96.56203365166504
 20
-25.19755893095759
 30
0.0
 40
1.000000000006548
100
AcDbArc
 50
196.2570278966577
 51
265.0000000002826
  0
ARC
  5
8EE
330
1F
100
AcDbEntity
  8
0
  6
Continuous
 62
     7
100
AcDbCircle
 10
-90.80194051153751
 20
-23.51787830147611
 30
0.0
 40
7.0
100
AcDbArc
 50
180.0
 51
196.2570278966973
  0
ARC
  5
8EF
330
1F
100
AcDbEntity
  8
0
  6
Continuous
 62
     7
100
AcDbCircle
 10
-90.80194051153751
 20
-9.517878301476109
 30
0.0
 40
7.0
100
AcDbArc
 50
180.0
 51
196.2570278966973
  0
ARC
  5
8F0
330
1F
100
AcDbEntity
  8
0
  6
Continuous
 62
     7
100
AcDbCircle
 10
-96.56203365166504
 20
-11.19755893095759
 30
0.0
 40
1.00000000000655
100
AcDbArc
 50
196.2570278966579
 51
265.0000000002827
  0
ARC
  5
8F1
330
1F
100
AcDbEntity
  8
0
  6
Continuous
 62
     7
100
AcDbCircle
 10
-90.80194051153751
 20
-9.517878301476109
 30
0.0
 40
6.999999999999897
100
AcDbArc
 50
163.7429721034885
 51
180.0
  0
ARC
  5
8F2
330
1F
100
AcDbEntity
  8
0
  6
Continuous
 62
     7
100
AcDbCircle
 10
-96.56203365166504
 20
-7.838197672016459
 30
0.0
 40
0.9999999999971391
100
AcDbArc
 50
94.99999999972642
 51
163.7429721034424
  0
ARC
  5
8F3
330
1F
100
AcDbEntity
  8
0
  6
Continuous
 62
     7
100
AcDbCircle
 10
-98.21203365164469
 20
-25.19755893095759
 30
0.0
 40
1.000000000017027
100
AcDbArc
 50
196.2570278964826
 51
207.1384547273497
  0
ARC
  5
8F4
330
1F
100
AcDbEntity
  8
0
  6
Continuous
 62
     7
100
AcDbCircle
 10
-92.45194051152806
 20
-23.51787830147611
 30
0.0
 40
7.0
100
AcDbArc
 50
180.0
 51
196.2570278966973
  0
ARC
  5
8F5
330
1F
100
AcDbEntity
  8
0
  6
Continuous
 62
     7
100
AcDbCircle
 10
-92.45194051152806
 20
-23.51787830147611
 30
0.0
 40
6.999999999999896
100
AcDbArc
 50
163.7429721034886
 51
180.0
  0
ARC
  5
8F6
330
1F
100
AcDbEntity
  8
0
  6
Continuous
 62
     7
100
AcDbCircle
 10
-98.21203365164469
 20
-21.83819767201646
 30
0.0
 40
1.0000000000149
100
AcDbArc
 50
101.2954673938733
 51
163.7429721036174
  0
ARC
  5
8F7
330
1F
100
AcDbEntity
  8
0
  6
Continuous
 62
     7
100
AcDbCircle
 10
-74.80194051151568
 20
-9.517878301476109
 30
0.0
 40
7.0
100
AcDbArc
 50
180.0
 51
196.2570278966994
  0
ARC
  5
8F8
330
1F
100
AcDbEntity
  8
0
  6
Continuous
 62
     7
100
AcDbCircle
 10
-80.56203365165595
 20
-7.838197672016459
 30
0.0
 40
0.9999999999970599
100
AcDbArc
 50
94.99999999967451
 51
163.7429721032235
  0
ARC
  5
8F9
330
1F
100
AcDbEntity
  8
0
  6
Continuous
 62
     7
100
AcDbCircle
 10
-74.80194051151568
 20
-9.517878301476109
 30
0.0
 40
6.999999999999024
100
AcDbArc
 50
163.7429721034865
 51
180.0
  0
ARC
  5
8FA
330
1F
100
AcDbEntity
  8
0
  6
Continuous
 62
     7
100
AcDbCircle
 10
-80.56203365165595
 20
-11.19755893095759
 30
0.0
 40
0.9999999999934532
100
AcDbArc
 50
196.2570278968767
 51
265.0000000003346
  0
ARC
  5
8FB
330
1F
100
AcDbEntity
  8
0
  6
Continuous
 62
     7
100
AcDbCircle
 10
-68.85014359012541
 20
4.0236827461614
 30
0.0
 40
0.5999999999915043
100
AcDbArc
 50
4.999999999103049
 51
73.61231286992354
  0
ARC
  5
8FC
330
1F
100
AcDbEntity
  8
0
  6
Continuous
 62
     7
100
AcDbCircle
 10
-69.95047123532742
 20
0.28212169851952
 30
0.0
 40
4.499999999992592
100
AcDbArc
 50
73.61231286965722
 51
90.0
  0
ARC
  5
8FD
330
1F
100
AcDbEntity
  8
0
  6
Continuous
 62
     7
100
AcDbCircle
 10
-69.95047123532742
 20
0.28212169851952
 30
0.0
 40
4.5
100
AcDbArc
 50
90.0
 51
106.3876871303206
  0
ARC
  5
8FE
330
1F
100
AcDbEntity
  8
0
  6
Continuous
 62
     7
100
AcDbCircle
 10
-71.0507988805267
 20
4.0236827461614
 30
0.0
 40
0.5999999999894112
100
AcDbArc
 50
106.3876871301598
 51
175.0000000009045
  0
ARC
  5
8FF
330
1F
100
AcDbEntity
  8
0
  6
Continuous
 62
     7
100
AcDbCircle
 10
-96.80194051153751
 20
-73.81115247258446
 30
0.0
 40
1.0
100
AcDbArc
 50
0.0
 51
30.88569543138131
  0
ARC
  5
900
330
1F
100
AcDbEntity
  8
0
  6
Continuous
 62
     7
100
AcDbCircle
 10
-96.80194051153751
 20
-16.22460413037049
 30
0.0
 40
1.000000000001692
100
AcDbArc
 50
329.1143045685292
 51
0.0
  0
ARC
  5
901
330
1F
100
AcDbEntity
  8
0
  6
Continuous
 62
     7
100
AcDbCircle
 10
232.0203276382697
 20
-61.76787830147612
 30
0.0
 40
0.5
100
AcDbArc
 50
270.0
 51
0.0
  0
ARC
  5
902
330
1F
100
AcDbEntity
  8
0
  6
Continuous
 62
     7
100
AcDbCircle
 10
232.0203276382697
 20
-71.26787830148884
 30
0.0
 40
0.5
100
AcDbArc
 50
0.0
 51
90.0
  0
ARC
  5
903
330
1F
100
AcDbEntity
  8
0
  6
Continuous
 62
     7
100
AcDbCircle
 10
228.0203276382697
 20
-66.51787830148794
 30
0.0
 40
4.250000000009996
100
AcDbArc
 50
90.0
 51
270.0
  0
ARC
  5
904
330
1F
100
AcDbEntity
  8
0
  6
CENTER2
 62
     1
100
AcDbCircle
 10
192.5203276382697
 20
-45.01787830147612
 30
0.0
 40
45.00000000001315
100
AcDbArc
 50
304.9999999999922
 51
324.9999999999884
  0
ARC
  5
905
330
1F
100
AcDbEntity
  8
0
  6
Continuous
 62
     7
100
AcDbCircle
 10
175.7703276382697
 20
-84.51787830148614
 30
0.0
 40
0.5
100
AcDbArc
 50
180.0
 51
270.0
  0
ARC
  5
906
330
1F
100
AcDbEntity
  8
0
  6
Continuous
 62
     7
100
AcDbCircle
 10
166.2703276382697
 20
-84.51787830148614
 30
0.0
 40
0.5
100
AcDbArc
 50
270.0
 51
0.0
  0
ARC
  5
907
330
1F
100
AcDbEntity
  8
0
  6
Continuous
 62
     7
100
AcDbCircle
 10
171.0203276382697
 20
-80.51787830148613
 30
0.0
 40
4.25
100
AcDbArc
 50
0.0
 51
180.0
  0
ARC
  5
908
330
1F
100
AcDbEntity
  8
0
  6
CENTER2
 62
     1
100
AcDbCircle
 10
192.5203276382697
 20
-45.01787830147612
 30
0.0
 40
45.00000000000349
100
AcDbArc
 50
215.0000000000191
 51
235.0000000000151
  0
ARC
  5
909
330
1F
100
AcDbEntity
  8
0
  6
Continuous
 62
     7
100
AcDbCircle
 10
153.0203276382697
 20
-28.26787830147612
 30
0.0
 40
0.5
100
AcDbArc
 50
90.0
 51
180.0
  0
ARC
  5
90A
330
1F
100
AcDbEntity
  8
0
  6
Continuous
 62
     7
100
AcDbCircle
 10
153.0203276382697
 20
-18.76787830147611
 30
0.0
 40
0.5
100
AcDbArc
 50
180.0
 51
270.0
  0
ARC
  5
90B
330
1F
100
AcDbEntity
  8
0
  6
Continuous
 62
     7
100
AcDbCircle
 10
157.0203276382697
 20
-23.51787830147611
 30
0.0
 40
4.25
100
AcDbArc
 50
270.0
 51
90.0
  0
ARC
  5
90C
330
1F
100
AcDbEntity
  8
0
  6
CENTER2
 62
     1
100
AcDbCircle
 10
192.5203276382697
 20
-45.01787830147612
 30
0.0
 40
44.99999999999278
100
AcDbArc
 50
124.9999999999975
 51
145.0000000000046
  0
ARC
  5
90D
330
1F
100
AcDbEntity
  8
0
  6
Continuous
 62
     7
100
AcDbCircle
 10
209.2703276382697
 20
-5.51787830147611
 30
0.0
 40
0.5
100
AcDbArc
 50
0.0
 51
90.0
  0
ARC
  5
90E
330
1F
100
AcDbEntity
  8
0
  6
Continuous
 62
     7
100
AcDbCircle
 10
218.7703276382697
 20
-5.51787830147611
 30
0.0
 40
0.5
100
AcDbArc
 50
90.0
 51
180.0
  0
ARC
  5
90F
330
1F
100
AcDbEntity
  8
0
  6
Continuous
 62
     7
100
AcDbCircle
 10
214.0203276382697
 20
-9.517878301476109
 30
0.0
 40
4.25
100
AcDbArc
 50
180.0
 51
0.0
  0
ARC
  5
910
330
1F
100
AcDbEntity
  8
0
  6
CENTER2
 62
     1
100
AcDbCircle
 10
192.5203276382697
 20
-45.01787830147612
 30
0.0
 40
44.99999999999874
100
AcDbArc
 50
34.99999999998796
 51
54.99999999999397
  0
ARC
  5
911
330
1F
100
AcDbEntity
  8
0
  6
Continuous
 62
     4
100
AcDbCircle
 10
176.8675020110302
 20
2.18212169852552
 30
0.0
 40
0.2999999999983638
100
AcDbArc
 50
90.0
 51
179.0000000001926
  0
ARC
  5
912
330
1F
100
AcDbEntity
  8
0
  6
Continuous
 62
     4
100
AcDbCircle
 10
184.286303082228
 20
11.98212169852389
 30
0.0
 40
1.0
100
AcDbArc
 50
90.0
 51
179.00000000013
  0
ARC
  5
913
330
1F
100
AcDbEntity
  8
0
  6
Continuous
 62
     4
100
AcDbCircle
 10
200.754352192406
 20
11.98212169852389
 30
0.0
 40
1.000000000000456
100
AcDbArc
 50
0.9999999998709199
 51
90.0
  0
ARC
  5
914
330
1F
100
AcDbEntity
  8
0
  6
Continuous
 62
     4
100
AcDbCircle
 10
208.1731532636029
 20
2.18212169852552
 30
0.0
 40
0.3000000000001791
100
AcDbArc
 50
0.9999999998013098
 51
90.0
  0
ARC
  5
915
330
1F
100
AcDbEntity
  8
0
  6
Continuous
 62
     4
100
AcDbCircle
 10
206.8203276382699
 20
10.98212169861393
 30
0.0
 40
4.0
100
AcDbArc
 50
90.0
 51
180.0
  0
ARC
  5
916
330
1F
100
AcDbEntity
  8
0
  6
Continuous
 62
     4
100
AcDbCircle
 10
212.2203276382695
 20
10.98212169861393
 30
0.0
 40
4.0
100
AcDbArc
 50
0.0
 51
90.0
  0
ARC
  5
917
330
1F
100
AcDbEntity
  8
0
  6
Continuous
 62
     4
100
AcDbCircle
 10
177.2203276382695
 20
15.58212169852244
 30
0.0
 40
0.9999999999999982
100
AcDbArc
 50
90.0
 51
180.0
  0
ARC
  5
918
330
1F
100
AcDbEntity
  8
0
  6
Continuous
 62
     4
100
AcDbCircle
 10
187.820327638269
 20
15.58212169852244
 30
0.0
 40
1.000000000000909
100
AcDbArc
 50
0.0
 51
89.99999999994789
  0
ARC
  5
919
330
1F
100
AcDbEntity
  8
0
  6
Continuous
 62
     4
100
AcDbCircle
 10
-234.9438388589899
 20
10.98212169861302
 30
0.0
 40
4.0
100
AcDbArc
 50
90.0
 51
180.0
  0
ARC
  5
91A
330
1F
100
AcDbEntity
  8
0
  6
Continuous
 62
     4
100
AcDbCircle
 10
-229.5438388589903
 20
10.98212169861302
 30
0.0
 40
4.0
100
AcDbArc
 50
0.0
 51
90.0
  0
ARC
  5
91B
330
1F
100
AcDbEntity
  8
0
  6
Continuous
 62
     4
100
AcDbCircle
 10
-223.4778634150473
 20
11.9818549548437
 30
0.0
 40
1.0
100
AcDbArc
 50
90.0
 51
179.0000000001291
  0
ARC
  5
91C
330
1F
100
AcDbEntity
  8
0
  6
Continuous
 62
     4
100
AcDbCircle
 10
-210.5438388590004
 20
15.58212169853153
 30
0.0
 40
1.0
100
AcDbArc
 50
90.0
 51
180.0
  0
ARC
  5
91D
330
1F
100
AcDbEntity
  8
0
  6
Continuous
 62
     4
100
AcDbCircle
 10
-199.943838859
 20
15.58212169853153
 30
0.0
 40
1.0
100
AcDbArc
 50
0.0
 51
90.0
  0
ARC
  5
91E
330
1F
100
AcDbEntity
  8
0
  6
Continuous
 62
     4
100
AcDbCircle
 10
-82.09995095706586
 20
14.4821216986112
 30
0.0
 40
0.5
100
AcDbArc
 50
0.0
 51
90.0
  0
ARC
  5
91F
330
1F
100
AcDbEntity
  8
0
  6
Continuous
 62
     4
100
AcDbCircle
 10
-81.09995095684713
 20
14.48212169785132
 30
0.0
 40
0.5000000002187335
100
AcDbArc
 50
89.99999997576876
 51
179.9999999129236
  0
ARC
  5
920
330
1F
100
AcDbEntity
  8
0
  6
Continuous
 62
     4
100
AcDbCircle
 10
-75.0999509566966
 20
14.48212169814281
 30
0.0
 40
0.5
100
AcDbArc
 50
0.0
 51
90.00000000062531
  0
ARC
  5
921
330
1F
100
AcDbEntity
  8
0
  6
Continuous
 62
     4
100
AcDbCircle
 10
-72.89995095668678
 20
13.68212169833544
 30
0.0
 40
0.3000000000001819
100
AcDbArc
 50
0.0
 51
90.0
  0
ARC
  5
922
330
1F
100
AcDbEntity
  8
0
  6
Continuous
 62
     4
100
AcDbCircle
 10
-72.89995095656127
 20
3.282121697994739
 30
0.0
 40
0.2999999999992742
100
AcDbArc
 50
270.0000000015633
 51
0.0000000006948
  0
ARC
  5
923
330
1F
100
AcDbEntity
  8
0
  6
Continuous
 62
     4
100
AcDbCircle
 10
-75.09995095654289
 20
2.48212169812553
 30
0.0
 40
0.5
100
AcDbArc
 50
270.0
 51
0.00000000052131
  0
ARC
  5
924
330
1F
100
AcDbEntity
  8
0
  6
Continuous
 62
     4
100
AcDbCircle
 10
-81.09995095663931
 20
2.482121698050039
 30
0.0
 40
0.5
100
AcDbArc
 50
180.0
 51
270.0000000173006
  0
ARC
  5
925
330
1F
100
AcDbEntity
  8
0
  6
Continuous
 62
     4
100
AcDbCircle
 10
-88.84995095355794
 20
10.9821216986112
 30
0.0
 40
4.0
100
AcDbArc
 50
90.0
 51
180.000000000013
  0
ARC
  5
926
330
1F
100
AcDbEntity
  8
0
  6
Continuous
 62
     4
100
AcDbCircle
 10
-64.20047123511108
 20
10.58212169852244
 30
0.0
 40
5.999999999999997
100
AcDbArc
 50
90.0
 51
180.0
  0
ARC
  5
927
330
1F
100
AcDbEntity
  8
0
  6
Continuous
 62
     4
100
AcDbCircle
 10
-56.30047123511054
 20
15.58212169852244
 30
0.0
 40
1.0
100
AcDbArc
 50
0.0
 51
90.0
  0
ARC
  5
928
330
1F
100
AcDbEntity
  8
0
  6
Continuous
 62
     4
100
AcDbCircle
 10
-41.45047123511199
 20
9.482121698522981
 30
0.0
 40
2.550000000001145
100
AcDbArc
 50
331.9275130641422
 51
28.07248693582178
  0
ARC
  5
929
330
1F
100
AcDbEntity
  8
0
  6
Continuous
 62
     4
100
AcDbCircle
 10
-36.95047123510926
 20
9.482121698522981
 30
0.0
 40
2.550000000001093
100
AcDbArc
 50
151.9275130641878
 51
208.0724869358481
  0
ARC
  5
92A
330
1F
100
AcDbEntity
  8
0
  6
Continuous
 62
     4
100
AcDbCircle
 10
-41.45047123511199
 20
11.88212169852171
 30
0.0
 40
2.550000000000718
100
AcDbArc
 50
331.9275130641602
 51
28.07248693585784
  0
ARC
  5
92B
330
1F
100
AcDbEntity
  8
0
  6
Continuous
 62
     4
100
AcDbCircle
 10
-26.05955152778756
 20
11.98212169887677
 30
0.0
 40
1.0
100
AcDbArc
 50
90.0
 51
134.4999999997372
  0
ARC
  5
92C
330
1F
100
AcDbEntity
  8
0
  6
Continuous
 62
     4
100
AcDbCircle
 10
-29.65209281590364
 20
8.556230019938201
 30
0.0
 40
0.999999999999974
100
AcDbArc
 50
134.4999999998109
 51
178.9999999996089
  0
ARC
  5
92D
330
1F
100
AcDbEntity
  8
0
  6
Continuous
 62
     4
100
AcDbCircle
 10
-31.75476613734486
 20
2.182121698877499
 30
0.0
 40
0.2999999999992737
100
AcDbArc
 50
90.0
 51
179.000000000375
  0
ARC
  5
92E
330
1F
100
AcDbEntity
  8
0
  6
Continuous
 62
     4
100
AcDbCircle
 10
-11.90194051111507
 20
0.4321216972349501
 30
0.0
 40
0.5
100
AcDbArc
 50
180.0
 51
270.0000000174041
  0
ARC
  5
92F
330
1F
100
AcDbEntity
  8
0
  6
Continuous
 62
     4
100
AcDbCircle
 10
-5.801940511018299
 20
0.4321216973104401
 30
0.0
 40
0.5000000000009095
100
AcDbArc
 50
270.0
 51
0.00000000052109
  0
ARC
  5
930
330
1F
100
AcDbEntity
  8
0
  6
Continuous
 62
     4
100
AcDbCircle
 10
-3.601940511034849
 20
1.232121697177839
 30
0.0
 40
0.2999999999974545
100
AcDbArc
 50
270.0000000010422
 51
0.0000000010422
  0
ARC
  5
931
330
1F
100
AcDbEntity
  8
0
  6
Continuous
 62
     4
100
AcDbCircle
 10
-3.60194051116127
 20
11.63212169752035
 30
0.0
 40
0.3000000000001819
100
AcDbArc
 50
0.0
 51
90.0
  0
ARC
  5
932
330
1F
100
AcDbEntity
  8
0
  6
Continuous
 62
     4
100
AcDbCircle
 10
-5.8019405111711
 20
12.43212169732681
 30
0.0
 40
0.5
100
AcDbArc
 50
0.0
 51
90.00000000083378
  0
ARC
  5
933
330
1F
100
AcDbEntity
  8
0
  6
Continuous
 62
     4
100
AcDbCircle
 10
-11.90194051110507
 20
12.43212169725405
 30
0.0
 40
0.5
100
AcDbArc
 50
90.00000000072892
 51
180.0
  0
ARC
  5
934
330
1F
100
AcDbEntity
  8
0
  6
Continuous
 62
     4
100
AcDbCircle
 10
-11.90194051125513
 20
0.43212169784522
 30
0.0
 40
0.5
100
AcDbArc
 50
180.0000000013548
 51
270.0000000008332
  0
ARC
  5
935
330
1F
100
AcDbEntity
  8
0
  6
Continuous
 62
     4
100
AcDbCircle
 10
-11.90194051139883
 20
12.4321216980344
 30
0.0
 40
0.5
100
AcDbArc
 50
90.00000000072995
 51
180.0
  0
ARC
  5
936
330
1F
100
AcDbEntity
  8
0
  6
Continuous
 62
     4
100
AcDbCircle
 10
0.80743449205579
 20
4.8071216985228
 30
0.0
 40
2.890625000191667
100
AcDbArc
 50
325.7945420658945
 51
34.2054579369206
  0
ARC
  5
937
330
1F
100
AcDbEntity
  8
0
  6
Continuous
 62
     4
100
AcDbCircle
 10
5.58868449205579
 20
4.807121698641029
 30
0.0
 40
2.890624999807546
100
AcDbArc
 50
145.794542060741
 51
214.205457942104
  0
ARC
  5
938
330
1F
100
AcDbEntity
  8
0
  6
Continuous
 62
     4
100
AcDbCircle
 10
0.80743449224769
 20
8.057121698580999
 30
0.0
 40
2.890625
100
AcDbArc
 50
325.7945420618952
 51
34.20545793810475
  0
ARC
  5
939
330
1F
100
AcDbEntity
  8
0
  6
Continuous
 62
     4
100
AcDbCircle
 10
-67.7425655147374
 20
140.7744406235562
 30
0.0
 40
2.1406250000711
100
AcDbArc
 50
320.033786957795
 51
39.96621304220503
  0
ARC
  5
93A
330
1F
100
AcDbEntity
  8
0
  6
Continuous
 62
     4
100
AcDbCircle
 10
-64.46131551455187
 20
140.7744406235562
 30
0.0
 40
2.1406250000711
100
AcDbArc
 50
140.033786957795
 51
219.966213042205
  0
ARC
  5
93B
330
1F
100
AcDbEntity
  8
0
  6
Continuous
 62
     4
100
AcDbCircle
 10
-67.7425655147374
 20
143.5244406235562
 30
0.0
 40
2.1406250000711
100
AcDbArc
 50
320.033786957795
 51
39.96621304220503
  0
ARC
  5
93C
330
1F
100
AcDbEntity
  8
0
  6
Continuous
 62
     4
100
AcDbCircle
 10
-91.90194051471941
 20
150.4494406228251
 30
0.0
 40
2.19999999999888
100
AcDbArc
 50
90.0
 51
180.0
  0
ARC
  5
93D
330
1F
100
AcDbEntity
  8
0
  6
Continuous
 62
     4
100
AcDbCircle
 10
-83.80194051471905
 20
150.4494406228251
 30
0.0
 40
2.199999999998909
100
AcDbArc
 50
0.0
 51
90.0
  0
ARC
  5
93E
330
1F
100
AcDbEntity
  8
0
  6
Continuous
 62
     4
100
AcDbCircle
 10
-91.90194051405091
 20
133.8494406224228
 30
0.0
 40
2.199999999998909
100
AcDbArc
 50
180.000000004644
 51
270.0000000046425
  0
ARC
  5
93F
330
1F
100
AcDbEntity
  8
0
  6
Continuous
 62
     4
100
AcDbCircle
 10
-83.80194051405146
 20
133.8494406230785
 30
0.0
 40
2.20000000000158
100
AcDbArc
 50
270.0000000046425
 51
0.00000000454706
  0
ARC
  5
940
330
1F
100
AcDbEntity
  8
0
  6
Continuous
 62
     4
100
AcDbCircle
 10
-81.10194051464919
 20
148.1494406233861
 30
0.0
 40
0.5
100
AcDbArc
 50
90.00000000062531
 51
180.0000000001043
  0
ARC
  5
941
330
1F
100
AcDbEntity
  8
0
  6
Continuous
 62
     4
100
AcDbCircle
 10
-75.10194051471741
 20
148.1494406234598
 30
0.0
 40
0.5
100
AcDbArc
 50
0.0
 51
90.00000000062531
  0
ARC
  5
942
330
1F
100
AcDbEntity
  8
0
  6
Continuous
 62
     4
100
AcDbCircle
 10
-72.90194051470667
 20
147.3494406236533
 30
0.0
 40
0.2999999999992724
100
AcDbArc
 50
359.9999999998317
 51
90.0
  0
ARC
  5
943
330
1F
100
AcDbEntity
  8
0
  6
Continuous
 62
     4
100
AcDbCircle
 10
-72.90194051458207
 20
136.9494406233108
 30
0.0
 40
0.2999999999993008
100
AcDbArc
 50
270.0000000013896
 51
0.00000000051567
  0
ARC
  5
944
330
1F
100
AcDbEntity
  8
0
  6
Continuous
 62
     4
100
AcDbCircle
 10
-75.10194051456278
 20
136.1494406234407
 30
0.0
 40
0.5
100
AcDbArc
 50
270.0
 51
0.00000000082399
  0
ARC
  5
945
330
1F
100
AcDbEntity
  8
0
  6
Continuous
 62
     4
100
AcDbCircle
 10
-81.101940514661
 20
136.1494406233679
 30
0.0
 40
0.4999999999989866
100
AcDbArc
 50
180.0023613374936
 51
270.0000000174048
  0
LINE
  5
946
330
1F
100
AcDbEntity
  8
0
  6
Continuous
 62
     4
100
AcDbLine
 10
-81.60194051466101
 20
136.1494406233679
 30
0.0
 11
-81.60194051423536
 21
136.1494200168109
 31
0.0
  0
ARC
  5
947
330
1F
100
AcDbEntity
  8
0
  6
Continuous
 62
     4
100
AcDbCircle
 10
-70.30194051471993
 20
122.5691246014477
 30
0.0
 40
2.0
100
AcDbArc
 50
90.0
 51
180.0
  0
ARC
  5
948
330
1F
100
AcDbEntity
  8
0
  6
Continuous
 62
     4
100
AcDbCircle
 10
-57.30194051471995
 20
122.5691246014477
 30
0.0
 40
2.0
100
AcDbArc
 50
0.0
 51
90.0
  0
ARC
  5
949
330
1F
100
AcDbEntity
  8
0
  6
Continuous
 62
     4
100
AcDbCircle
 10
-70.30194051471993
 20
107.5691246014477
 30
0.0
 40
2.0
100
AcDbArc
 50
180.0
 51
270.0
  0
ARC
  5
94A
330
1F
100
AcDbEntity
  8
0
  6
Continuous
 62
     4
100
AcDbCircle
 10
-57.30194051471995
 20
107.5691246014477
 30
0.0
 40
2.0
100
AcDbArc
 50
270.0
 51
0.0
  0
ARC
  5
94B
330
1F
100
AcDbEntity
  8
0
  6
Continuous
 62
     4
100
AcDbCircle
 10
-41.45194051471685
 20
116.2691246014475
 30
0.0
 40
2.549999999999908
100
AcDbArc
 50
331.927513064151
 51
28.07248693584907
  0
ARC
  5
94C
330
1F
100
AcDbEntity
  8
0
  6
Continuous
 62
     4
100
AcDbCircle
 10
-36.95194051471503
 20
113.8691246014479
 30
0.0
 40
2.550000000001519
100
AcDbArc
 50
151.9275130641702
 51
208.0724869358295
  0
ARC
  5
94D
330
1F
100
AcDbEntity
  8
0
  6
Continuous
 62
     4
100
AcDbCircle
 10
-41.45194051471685
 20
113.8691246014479
 30
0.0
 40
2.5499999999999
100
AcDbArc
 50
331.9275130641512
 51
28.07248693584907
  0
ARC
  5
94E
330
1F
100
AcDbEntity
  8
0
  6
Continuous
 62
     4
100
AcDbCircle
 10
-11.90194051104231
 20
131.1494406223447
 30
0.0
 40
0.5
100
AcDbArc
 50
90.00000000083417
 51
180.0
  0
ARC
  5
94F
330
1F
100
AcDbEntity
  8
0
  6
Continuous
 62
     4
100
AcDbCircle
 10
-3.601940511100339
 20
130.349440622611
 30
0.0
 40
0.3000000000020009
100
AcDbArc
 50
0.0
 51
90.0
  0
ARC
  5
950
330
1F
100
AcDbEntity
  8
0
  6
Continuous
 62
     4
100
AcDbCircle
 10
-3.601940510974829
 20
119.9494406222694
 30
0.0
 40
0.2999999999992013
100
AcDbArc
 50
270.0000000013896
 51
0.00000000070566
  0
ARC
  5
951
330
1F
100
AcDbEntity
  8
0
  6
Continuous
 62
     4
100
AcDbCircle
 10
-5.80194051095646
 20
119.1494406224002
 30
0.0
 40
0.5
100
AcDbArc
 50
270.0
 51
0.00000000063021
  0
ARC
  5
952
330
1F
100
AcDbEntity
  8
0
  6
Continuous
 62
     4
100
AcDbCircle
 10
-11.90194051105232
 20
119.1494406223265
 30
0.0
 40
0.5
100
AcDbArc
 50
180.0
 51
270.000000017301
  0
ARC
  5
953
330
1F
100
AcDbEntity
  8
0
  6
Continuous
 62
     4
100
AcDbCircle
 10
-14.00194051124731
 20
130.5994406226183
 30
0.0
 40
0.5
100
AcDbArc
 50
179.9999999765537
 51
269.9999999644606
  0
ARC
  5
954
330
1F
100
AcDbEntity
  8
0
  6
Continuous
 62
     4
100
AcDbCircle
 10
-14.00194051124731
 20
119.6994406226178
 30
0.0
 40
0.5
100
AcDbArc
 50
89.99999998843192
 51
179.9999999764511
  0
ARC
  5
95B
330
1F
100
AcDbEntity
  8
0
  6
Continuous
 62
     4
100
AcDbCircle
 10
-5.801940511108339
 20
131.1494406224184
 30
0.0
 40
0.5
100
AcDbArc
 50
0.0
 51
90.00000000093789
  0
ARC
  5
95C
330
1F
100
AcDbEntity
  8
0
  6
Continuous
 62
     4
100
AcDbCircle
 10
0.8074344889225798
 20
126.7744406218181
 30
0.0
 40
2.890625
100
AcDbArc
 50
325.7945420618952
 51
34.20545793810453
  0
ARC
  5
95D
330
1F
100
AcDbEntity
  8
0
  6
Continuous
 62
     4
100
AcDbCircle
 10
5.588684488730679
 20
123.5244406218773
 30
0.0
 40
2.890624999808009
100
AcDbArc
 50
145.7945420607274
 51
214.2054579421054
  0
ARC
  5
95E
330
1F
100
AcDbEntity
  8
0
  6
Continuous
 62
     4
100
AcDbCircle
 10
0.80743448873068
 20
123.524440621759
 30
0.0
 40
2.890625000191676
100
AcDbArc
 50
325.7945420658942
 51
34.20545793693528
  0
ARC
  5
989
330
1F
100
AcDbEntity
  8
0
  6
Continuous
 62
     7
100
AcDbCircle
 10
236.7785290695965
 20
125.1494406226185
 30
0.0
 40
9.5
100
AcDbArc
 50
0.0
 51
71.59151982941363
  0
ARC
  5
98A
330
1F
100
AcDbEntity
  8
0
  6
Continuous
 62
     7
100
AcDbCircle
 10
236.7785290695965
 20
125.1494406226185
 30
0.0
 40
9.499999999999932
100
AcDbArc
 50
108.4084801705864
 51
270.0
  0
ARC
  5
98B
330
1F
100
AcDbEntity
  8
0
  6
Continuous
 62
     7
100
AcDbCircle
 10
236.7785290695965
 20
125.1494406226185
 30
0.0
 40
9.5
100
AcDbArc
 50
270.0
 51
0.0
  0
ARC
  5
98C
330
1F
100
AcDbEntity
  8
0
  6
Continuous
 62
     7
100
AcDbCircle
 10
180.5139634192488
 20
150.1494406226185
 30
0.0
 40
3.0
100
AcDbArc
 50
180.0
 51
270.0
  0
ARC
  5
98D
330
1F
100
AcDbEntity
  8
0
  6
Continuous
 62
     7
100
AcDbCircle
 10
180.5139634192488
 20
150.1494406226185
 30
0.0
 40
3.0
100
AcDbArc
 50
90.0
 51
180.0
  0
CIRCLE
  5
98E
330
1F
100
AcDbEntity
  8
0
  6
Continuous
 62
     2
100
AcDbCircle
 10
-17.30194051128024
 20
136.1494406226185
 30
0.0
 40
1.0
  0
CIRCLE
  5
98F
330
1F
100
AcDbEntity
  8
0
  6
Continuous
 62
     7
100
AcDbCircle
 10
-17.30194051128024
 20
136.1494406226185
 30
0.0
 40
0.8000000000010878
  0
CIRCLE
  5
990
330
1F
100
AcDbEntity
  8
0
  6
Continuous
 62
     2
100
AcDbCircle
 10
-17.30194051128024
 20
114.1494406226185
 30
0.0
 40
1.0
  0
CIRCLE
  5
991
330
1F
100
AcDbEntity
  8
0
  6
Continuous
 62
     7
100
AcDbCircle
 10
-17.30194051128024
 20
114.1494406226185
 30
0.0
 40
0.8000000000010878
  0
CIRCLE
  5
992
330
1F
100
AcDbEntity
  8
0
  6
Continuous
 62
     2
100
AcDbCircle
 10
-29.30194051804688
 20
114.1494406226185
 30
0.0
 40
1.0
  0
CIRCLE
  5
993
330
1F
100
AcDbEntity
  8
0
  6
Continuous
 62
     7
100
AcDbCircle
 10
-29.30194051804688
 20
114.1494406226185
 30
0.0
 40
0.7999999999992795
  0
CIRCLE
  5
994
330
1F
100
AcDbEntity
  8
0
  6
Continuous
 62
     7
100
AcDbCircle
 10
-29.30194051804688
 20
136.1494406226185
 30
0.0
 40
0.7999999999992795
  0
CIRCLE
  5
995
330
1F
100
AcDbEntity
  8
0
  6
Continuous
 62
     2
100
AcDbCircle
 10
-29.30194051804688
 20
136.1494406226185
 30
0.0
 40
1.0
  0
CIRCLE
  5
996
330
1F
100
AcDbEntity
  8
0
  6
Continuous
 62
     7
100
AcDbCircle
 10
-23.30194051124931
 20
135.6494406270395
 30
0.0
 40
3.0
  0
CIRCLE
  5
997
330
1F
100
AcDbEntity
  8
0
  6
Continuous
 62
     7
100
AcDbCircle
 10
-23.30194051124931
 20
135.6494406270395
 30
0.0
 40
2.75
  0
CIRCLE
  5
998
330
1F
100
AcDbEntity
  8
0
  6
Continuous
 62
     7
100
AcDbCircle
 10
-23.30194051124931
 20
114.6494406270495
 30
0.0
 40
2.75
  0
CIRCLE
  5
999
330
1F
100
AcDbEntity
  8
0
  6
Continuous
 62
     7
100
AcDbCircle
 10
-23.30194051124931
 20
114.6494406270495
 30
0.0
 40
3.0
  0
CIRCLE
  5
99A
330
1F
100
AcDbEntity
  8
0
  6
Continuous
 62
     7
100
AcDbCircle
 10
-23.30194051466356
 20
135.6494406226185
 30
0.0
 40
3.0
  0
CIRCLE
  5
99B
330
1F
100
AcDbEntity
  8
0
  6
Continuous
 62
     7
100
AcDbCircle
 10
-23.30194051466356
 20
114.6494406226185
 30
0.0
 40
3.0
  0
CIRCLE
  5
99C
330
1F
100
AcDbEntity
  8
0
  6
Continuous
 62
     7
100
AcDbCircle
 10
-29.30194051804688
 20
136.1494406226185
 30
0.0
 40
1.149999999999639
  0
CIRCLE
  5
99D
330
1F
100
AcDbEntity
  8
0
  6
Continuous
 62
     7
100
AcDbCircle
 10
-29.30194051804688
 20
114.1494406226185
 30
0.0
 40
1.149999999999639
  0
CIRCLE
  5
99E
330
1F
100
AcDbEntity
  8
0
  6
Continuous
 62
     7
100
AcDbCircle
 10
-17.30194051128024
 20
114.1494406226185
 30
0.0
 40
1.150000000001458
  0
CIRCLE
  5
99F
330
1F
100
AcDbEntity
  8
0
  6
Continuous
 62
     7
100
AcDbCircle
 10
-17.30194051128024
 20
136.1494406226185
 30
0.0
 40
1.150000000001458
  0
CIRCLE
  5
9A0
330
1F
100
AcDbEntity
  8
0
  6
Continuous
 62
     7
100
AcDbCircle
 10
-57.68761468132858
 20
107.919042283069
 30
0.0
 40
0.7999999999982919
  0
CIRCLE
  5
9A1
330
1F
100
AcDbEntity
  8
0
  6
Continuous
 62
     2
100
AcDbCircle
 10
-57.68761468132858
 20
107.919042283069
 30
0.0
 40
1.0
  0
CIRCLE
  5
9A2
330
1F
100
AcDbEntity
  8
0
  6
Continuous
 62
     7
100
AcDbCircle
 10
-69.98761468132785
 20
122.2190422830673
 30
0.0
 40
0.8000000000020008
  0
CIRCLE
  5
9A3
330
1F
100
AcDbEntity
  8
0
  6
Continuous
 62
     2
100
AcDbCircle
 10
-69.98761468132785
 20
122.2190422830673
 30
0.0
 40
1.0
  0
CIRCLE
  5
9A4
330
1F
100
AcDbEntity
  8
0
  6
Continuous
 62
     2
100
AcDbCircle
 10
-63.64282980794929
 20
113.2322302444191
 30
0.0
 40
0.7484400000012102
  0
CIRCLE
  5
9A5
330
1F
100
AcDbEntity
  8
0
  6
Continuous
 62
     2
100
AcDbCircle
 10
-63.64273035118753
 20
117.2239102431887
 30
0.0
 40
0.7484399999993912
  0
CIRCLE
  5
9A6
330
1F
100
AcDbEntity
  8
0
  6
Continuous
 62
     7
100
AcDbCircle
 10
-69.98761468132785
 20
122.2190422830673
 30
0.0
 40
1.047816000000239
  0
CIRCLE
  5
9A7
330
1F
100
AcDbEntity
  8
0
  6
Continuous
 62
     7
100
AcDbCircle
 10
-57.68761468132858
 20
107.919042283069
 30
0.0
 40
1.047815999999329
  0
CIRCLE
  5
9A8
330
1F
100
AcDbEntity
  8
0
  6
Continuous
 62
     7
100
AcDbCircle
 10
-57.68761468132858
 20
122.2190422830673
 30
0.0
 40
1.750000000002728
  0
CIRCLE
  5
9A9
330
1F
100
AcDbEntity
  8
0
  6
Continuous
 62
     7
100
AcDbCircle
 10
-57.68761468132858
 20
122.2190422830673
 30
0.0
 40
2.200000000000728
  0
CIRCLE
  5
9AA
330
1F
100
AcDbEntity
  8
0
  6
Continuous
 62
     7
100
AcDbCircle
 10
-69.98761468132785
 20
107.919042283069
 30
0.0
 40
2.199999999999818
  0
CIRCLE
  5
9AB
330
1F
100
AcDbEntity
  8
0
  6
Continuous
 62
     7
100
AcDbCircle
 10
-69.98761468132785
 20
107.919042283069
 30
0.0
 40
1.75
  0
CIRCLE
  5
9AC
102
{ACAD_REACTORS
330
D15
102
}
330
1F
100
AcDbEntity
  8
0
  6
Continuous
 62
     2
100
AcDbCircle
 10
-91.8533936262686
 20
150.4341706164988
 30
0.0
 40
1.0
  0
CIRCLE
  5
9AD
102
{ACAD_REACTORS
330
D15
102
}
330
1F
100
AcDbEntity
  8
0
  6
Continuous
 62
     4
100
AcDbCircle
 10
-91.8533936262686
 20
150.4341706164988
 30
0.0
 40
1.34999999999202
  0
CIRCLE
  5
9AE
102
{ACAD_REACTORS
330
D16
102
}
330
1F
100
AcDbEntity
  8
0
  6
Continuous
 62
     2
100
AcDbCircle
 10
-83.84959556452235
 20
150.4775826609185
 30
0.0
 40
1.0
  0
CIRCLE
  5
9AF
330
1F
100
AcDbEntity
  8
0
  6
Continuous
 62
     7
100
AcDbCircle
 10
-83.84959556452235
 20
150.4775826609185
 30
0.0
 40
0.8000000000002103
  0
CIRCLE
  5
9B0
330
1F
100
AcDbEntity
  8
0
  6
Continuous
 62
     7
100
AcDbCircle
 10
-91.8533936262686
 20
150.4341706164988
 30
0.0
 40
0.8000000000011198
  0
CIRCLE
  5
9B1
102
{ACAD_REACTORS
330
D16
102
}
330
1F
100
AcDbEntity
  8
0
  6
Continuous
 62
     4
100
AcDbCircle
 10
-83.84959556452235
 20
150.4775826609185
 30
0.0
 40
1.350000000002654
  0
CIRCLE
  5
9B2
102
{ACAD_REACTORS
330
D17
102
}
330
1F
100
AcDbEntity
  8
0
  6
Continuous
 62
     2
100
AcDbCircle
 10
-91.84977226517117
 20
133.8330288057297
 30
0.0
 40
1.0
  0
CIRCLE
  5
9B3
330
1F
100
AcDbEntity
  8
0
  6
Continuous
 62
     7
100
AcDbCircle
 10
-91.84977226517117
 20
133.8330288057297
 30
0.0
 40
0.7999999999983061
  0
CIRCLE
  5
9B4
330
1F
100
AcDbEntity
  8
0
  6
Continuous
 62
     7
100
AcDbCircle
 10
-83.84597420342402
 20
133.8764408501485
 30
0.0
 40
0.8000000000010913
  0
CIRCLE
  5
9B5
102
{ACAD_REACTORS
330
D17
102
}
330
1F
100
AcDbEntity
  8
0
  6
Continuous
 62
     4
100
AcDbCircle
 10
-91.84977226517117
 20
133.8330288057297
 30
0.0
 40
1.35000000000095
  0
CIRCLE
  5
9B6
102
{ACAD_REACTORS
330
D18
102
}
330
1F
100
AcDbEntity
  8
0
  6
Continuous
 62
     2
100
AcDbCircle
 10
-83.84597420342402
 20
133.8764408501485
 30
0.0
 40
1.0
  0
CIRCLE
  5
9B7
102
{ACAD_REACTORS
330
D18
102
}
330
1F
100
AcDbEntity
  8
0
  6
Continuous
 62
     4
100
AcDbCircle
 10
-83.84597420342402
 20
133.8764408501485
 30
0.0
 40
1.350000000003822
  0
CIRCLE
  5
9B8
330
1F
100
AcDbEntity
  8
0
  6
Continuous
 62
     7
100
AcDbCircle
 10
-250.7441056026721
 20
-23.51814504514902
 30
0.0
 40
3.25
  0
CIRCLE
  5
9B9
330
1F
100
AcDbEntity
  8
0
  6
Continuous
 62
     7
100
AcDbCircle
 10
-179.743838859001
 20
-66.51787830146702
 30
0.0
 40
2.650000000008902
  0
CIRCLE
  5
9BA
330
1F
100
AcDbEntity
  8
0
  6
Continuous
 62
     7
100
AcDbCircle
 10
-193.7435721153099
 20
-80.51814504516721
 30
0.0
 40
2.649999999988892
  0
CIRCLE
  5
9BB
330
1F
100
AcDbEntity
  8
0
  6
Continuous
 62
     7
100
AcDbCircle
 10
-236.7438388590009
 20
-80.51787830146702
 30
0.0
 40
2.650000000008787
  0
CIRCLE
  5
9BC
330
1F
100
AcDbEntity
  8
0
  6
Continuous
 62
     7
100
AcDbCircle
 10
-250.7438388590118
 20
-66.51841178882647
 30
0.0
 40
2.650000000001511
  0
CIRCLE
  5
9BD
330
1F
100
AcDbEntity
  8
0
  6
Continuous
 62
     7
100
AcDbCircle
 10
-250.7441056026721
 20
-23.51814504514902
 30
0.0
 40
2.650000000001511
  0
CIRCLE
  5
9BE
330
1F
100
AcDbEntity
  8
0
  6
Continuous
 62
     7
100
AcDbCircle
 10
-216.7438388589819
 20
-8.26787830147793
 30
0.0
 40
2.649999999989689
  0
CIRCLE
  5
9BF
330
1F
100
AcDbEntity
  8
0
  6
Continuous
 62
     7
100
AcDbCircle
 10
-193.743838859001
 20
-9.517878301467019
 30
0.0
 40
2.650000000008902
  0
CIRCLE
  5
9C0
330
1F
100
AcDbEntity
  8
0
  6
Continuous
 62
     7
100
AcDbCircle
 10
-179.7438388589819
 20
-23.51787830146702
 30
0.0
 40
2.650000000000715
  0
CIRCLE
  5
9C1
330
1F
100
AcDbEntity
  8
0
  6
Continuous
 62
     7
100
AcDbCircle
 10
-247.0636440123809
 20
-76.83795019854722
 30
0.0
 40
2.999999999989086
  0
CIRCLE
  5
9C2
330
1F
100
AcDbEntity
  8
0
  6
Continuous
 62
     7
100
AcDbCircle
 10
-183.4240337055908
 20
-76.83795019854722
 30
0.0
 40
3.0
  0
CIRCLE
  5
9C3
330
1F
100
AcDbEntity
  8
0
  6
Continuous
 62
     7
100
AcDbCircle
 10
-183.4240337055908
 20
-13.19833989175719
 30
0.0
 40
3.0
  0
CIRCLE
  5
9C4
330
1F
100
AcDbEntity
  8
0
  6
Continuous
 62
     7
100
AcDbCircle
 10
-247.0636440123809
 20
-13.19833989175719
 30
0.0
 40
3.0
  0
CIRCLE
  5
9C5
330
1F
100
AcDbEntity
  8
0
  6
Continuous
 62
     7
100
AcDbCircle
 10
-215.243838859001
 20
-45.01787830146702
 30
0.0
 40
27.6000000000104
  0
CIRCLE
  5
9C6
330
1F
100
AcDbEntity
  8
0
  6
Continuous
 62
     7
100
AcDbCircle
 10
-215.243838859001
 20
-45.01787830146702
 30
0.0
 40
23.0
  0
CIRCLE
  5
9C7
330
1F
100
AcDbEntity
  8
0
  6
Continuous
 62
     7
100
AcDbCircle
 10
-250.7441056026721
 20
-23.51814504514902
 30
0.0
 40
3.0
  0
CIRCLE
  5
9C8
330
1F
100
AcDbEntity
  8
0
  6
Continuous
 62
     7
100
AcDbCircle
 10
-193.743838859001
 20
-9.517878301467019
 30
0.0
 40
3.0
  0
CIRCLE
  5
9C9
330
1F
100
AcDbEntity
  8
0
  6
Continuous
 62
     7
100
AcDbCircle
 10
-179.743838859001
 20
-66.51787830147793
 30
0.0
 40
3.0
  0
CIRCLE
  5
9CA
330
1F
100
AcDbEntity
  8
0
  6
Continuous
 62
     7
100
AcDbCircle
 10
-236.7438388590009
 20
-80.51841178882648
 30
0.0
 40
3.0
  0
CIRCLE
  5
9CB
330
1F
100
AcDbEntity
  8
0
  6
Continuous
 62
     7
100
AcDbCircle
 10
192.5203276382697
 20
-45.01787830147612
 30
0.0
 40
9.900000000011516
  0
CIRCLE
  5
9CC
330
1F
100
AcDbEntity
  8
0
  6
Continuous
 62
     7
100
AcDbCircle
 10
192.5203276382697
 20
-45.01787830147612
 30
0.0
 40
9.5
  0
CIRCLE
  5
9CD
330
1F
100
AcDbEntity
  8
0
  6
Continuous
 62
     7
100
AcDbCircle
 10
160.7005224848806
 20
-76.83768345488431
 30
0.0
 40
3.0
  0
CIRCLE
  5
9CE
330
1F
100
AcDbEntity
  8
0
  6
Continuous
 62
     7
100
AcDbCircle
 10
224.3401327916697
 20
-76.8376834548825
 30
0.0
 40
3.0
  0
CIRCLE
  5
9CF
330
1F
100
AcDbEntity
  8
0
  6
Continuous
 62
     7
100
AcDbCircle
 10
160.7005224848806
 20
-13.19807314808793
 30
0.0
 40
3.0
  0
CIRCLE
  5
9D0
330
1F
100
AcDbEntity
  8
0
  6
Continuous
 62
     7
100
AcDbCircle
 10
224.3401327916697
 20
-13.19807314808793
 30
0.0
 40
3.0
  0
CIRCLE
  5
9D1
330
1F
100
AcDbEntity
  8
0
  6
Continuous
 62
     7
100
AcDbCircle
 10
192.5203276382697
 20
-45.01787830147612
 30
0.0
 40
35.0
  0
CIRCLE
  5
9D2
330
1F
100
AcDbEntity
  8
0
  6
Continuous
 62
     7
100
AcDbCircle
 10
192.5203276382697
 20
-45.01787830147612
 30
0.0
 40
15.56602540379211
  0
CIRCLE
  5
9D3
330
1F
100
AcDbEntity
  8
0
  6
Continuous
 62
     7
100
AcDbCircle
 10
192.5203276382697
 20
-45.01787830147612
 30
0.0
 40
14.70000000000081
  0
CIRCLE
  5
9D4
330
1F
100
AcDbEntity
  8
0
  6
Continuous
 62
     7
100
AcDbCircle
 10
192.5203276382697
 20
-45.01787830147612
 30
0.0
 40
15.56602540379211
  0
CIRCLE
  5
9D5
330
1F
100
AcDbEntity
  8
0
  6
Continuous
 62
     7
100
AcDbCircle
 10
192.5203276382697
 20
-45.01787830147612
 30
0.0
 40
14.70000000000081
  0
CIRCLE
  5
9D6
330
1F
100
AcDbEntity
  8
0
  6
Continuous
 62
     7
100
AcDbCircle
 10
192.5203276382697
 20
-45.01787830147612
 30
0.0
 40
14.70000000000081
  0
CIRCLE
  5
9D7
330
1F
100
AcDbEntity
  8
0
  6
Continuous
 62
     7
100
AcDbCircle
 10
192.5203276382697
 20
-45.01787830147612
 30
0.0
 40
15.56602540379211
  0
CIRCLE
  5
9D8
330
1F
100
AcDbEntity
  8
0
  6
Continuous
 62
     7
100
AcDbCircle
 10
214.0203276382697
 20
-9.517878301476109
 30
0.0
 40
3.799999999998362
  0
CIRCLE
  5
9D9
330
1F
100
AcDbEntity
  8
0
  6
Continuous
 62
     7
100
AcDbCircle
 10
214.0203276382697
 20
-9.517878301476109
 30
0.0
 40
3.149999999999578
  0
CIRCLE
  5
9DA
330
1F
100
AcDbEntity
  8
0
  6
Continuous
 62
     7
100
AcDbCircle
 10
214.0203276382697
 20
-9.517878301476109
 30
0.0
 40
3.5
  0
CIRCLE
  5
9DB
330
1F
100
AcDbEntity
  8
0
  6
Continuous
 62
     7
100
AcDbCircle
 10
157.0203276382697
 20
-23.51787830147611
 30
0.0
 40
3.5
  0
CIRCLE
  5
9DC
330
1F
100
AcDbEntity
  8
0
  6
Continuous
 62
     7
100
AcDbCircle
 10
157.0203276382697
 20
-23.51787830147611
 30
0.0
 40
3.150000000002372
  0
CIRCLE
  5
9DD
330
1F
100
AcDbEntity
  8
0
  6
Continuous
 62
     7
100
AcDbCircle
 10
157.0203276382697
 20
-23.51787830147611
 30
0.0
 40
3.799999999999187
  0
CIRCLE
  5
9DE
330
1F
100
AcDbEntity
  8
0
  6
Continuous
 62
     7
100
AcDbCircle
 10
171.0203276382697
 20
-80.51787830148613
 30
0.0
 40
3.5
  0
CIRCLE
  5
9DF
330
1F
100
AcDbEntity
  8
0
  6
Continuous
 62
     7
100
AcDbCircle
 10
171.0203276382697
 20
-80.51787830148613
 30
0.0
 40
3.149999999998811
  0
CIRCLE
  5
9E0
330
1F
100
AcDbEntity
  8
0
  6
Continuous
 62
     7
100
AcDbCircle
 10
171.0203276382697
 20
-80.51787830148613
 30
0.0
 40
3.800000000000181
  0
CIRCLE
  5
9E1
330
1F
100
AcDbEntity
  8
0
  6
Continuous
 62
     7
100
AcDbCircle
 10
228.0203276382697
 20
-66.51787830148794
 30
0.0
 40
3.500000000011822
  0
CIRCLE
  5
9E2
330
1F
100
AcDbEntity
  8
0
  6
Continuous
 62
     7
100
AcDbCircle
 10
228.0203276382697
 20
-66.51787830148794
 30
0.0
 40
3.150000000011466
  0
CIRCLE
  5
9E3
330
1F
100
AcDbEntity
  8
0
  6
Continuous
 62
     7
100
AcDbCircle
 10
228.0203276382697
 20
-66.51787830148794
 30
0.0
 40
3.799999999998419
  0
CIRCLE
  5
9E4
330
1F
100
AcDbEntity
  8
0
  6
Continuous
 62
     7
100
AcDbCircle
 10
192.5203276382697
 20
-45.01787830147612
 30
0.0
 40
14.70000000000081
  0
CIRCLE
  5
9F0
330
1F
100
AcDbEntity
  8
0
  6
Continuous
 62
     2
100
AcDbCircle
 10
236.7785290695965
 20
125.1494406226185
 30
0.0
 40
2.5
  0
CIRCLE
  5
9F1
330
1F
100
AcDbEntity
  8
0
  6
Continuous
 62
     7
100
AcDbCircle
 10
236.7785290695965
 20
125.1494406226185
 30
0.0
 40
2.25
  0
SPLINE
  5
9FA
330
1F
100
AcDbEntity
  8
0
  6
Continuous
 62
     2
100
AcDbSpline
210
0.0
220
0.0
230
1.0
 70
    40
 71
     3
 72
    11
 73
     7
 74
     5
 42
0.0000000001
 43
0.0000000001
 44
0.00000001
 40
0.0
 40
0.0
 40
0.0
 40
0.0
 40
20.22374841467032
 40
40.44749682934564
 40
60.67124524402079
 40
80.89499365869219
 40
80.89499365869219
 40
80.89499365869219
 40
80.89499365869219
 10
147.5139634192488
 20
165.1494406226185
 30
0.0
 10
149.0139634191377
 20
158.4827739564418
 30
0.0
 10
152.0139634021504
 20
145.1494406224101
 30
0.0
 10
147.5139634192488
 20
125.149440622619
 30
0.0
 10
143.0139634363469
 20
105.1494406228276
 30
0.0
 10
146.0139634193597
 20
91.8161072887956
 30
0.0
 10
147.5139634192488
 20
85.14944062261848
 30
0.0
 11
147.5139634192488
 21
165.1494406226185
 31
0.0
 11
150.513963419247
 21
145.1494406226213
 31
0.0
 11
147.5139634192488
 21
125.1494406226189
 31
0.0
 11
144.5139634192504
 21
105.1494406226168
 31
0.0
 11
147.5139634192488
 21
85.14944062261848
 31
0.0
  0
ARC
  5
9FB
330
1F
100
AcDbEntity
  8
0
  6
Continuous
 62
     7
100
AcDbCircle
 10
-80.60194051153235
 20
150.6494406226185
 30
0.0
 40
2.0
100
AcDbArc
 50
0.0
 51
90.0
  0
ARC
  5
9FC
330
1F
100
AcDbEntity
  8
0
  6
Continuous
 62
     7
100
AcDbCircle
 10
-80.60194051153235
 20
133.6494406226185
 30
0.0
 40
2.0
100
AcDbArc
 50
270.0
 51
0.0
  0
ARC
  5
9FD
330
1F
100
AcDbEntity
  8
0
  6
Continuous
 62
     7
100
AcDbCircle
 10
-83.60194051153781
 20
133.6494406226185
 30
0.0
 40
2.0
100
AcDbArc
 50
270.0
 51
0.0
  0
ARC
  5
9FE
330
1F
100
AcDbEntity
  8
0
  6
Continuous
 62
     7
100
AcDbCircle
 10
-83.60194051153781
 20
150.6494406226185
 30
0.0
 40
2.0
100
AcDbArc
 50
0.0
 51
90.0
  0
ARC
  5
9FF
330
1F
100
AcDbEntity
  8
0
  6
Continuous
 62
     7
100
AcDbCircle
 10
-98.10194051153963
 20
147.8731899936594
 30
0.0
 40
1.000000000004632
100
AcDbArc
 50
149.1143045687552
 51
180.0
  0
ARC
  5
A00
330
1F
100
AcDbEntity
  8
0
  6
Continuous
 62
     7
100
AcDbCircle
 10
-98.1019405115378
 20
102.4256912515804
 30
0.0
 40
1.000000000001819
100
AcDbArc
 50
180.0
 51
210.8856954313729
  0
ARC
  5
A01
330
1F
100
AcDbEntity
  8
0
  6
Continuous
 62
     7
100
AcDbCircle
 10
-61.11030028757182
 20
109.9390553403292
 30
0.0
 40
0.1995839999934546
100
AcDbArc
 50
269.9991197922079
 51
314.9991197924632
  0
ARC
  5
A02
330
1F
100
AcDbEntity
  8
0
  6
Continuous
 62
     7
100
AcDbCircle
 10
-59.3523472195168
 20
111.6969543960278
 30
0.0
 40
0.1995839999978612
100
AcDbArc
 50
314.9991197924387
 51
359.9907056355999
  0
ARC
  5
A03
330
1F
100
AcDbEntity
  8
0
  6
Continuous
 62
     7
100
AcDbCircle
 10
-66.17519253791693
 20
109.9391331498483
 30
0.0
 40
0.1995840000018199
100
AcDbArc
 50
225.0061000901775
 51
269.999119792208
  0
ARC
  5
A04
330
1F
100
AcDbEntity
  8
0
  6
Continuous
 62
     7
100
AcDbCircle
 10
-67.93329421600834
 20
111.696860509409
 30
0.0
 40
0.1995839999997047
100
AcDbArc
 50
180.0061000901279
 51
225.0061000903621
  0
ARC
  5
A05
330
1F
100
AcDbEntity
  8
0
  6
Continuous
 62
     7
100
AcDbCircle
 10
-67.93404611052324
 20
118.7591145559382
 30
0.0
 40
0.1995840000037486
100
AcDbArc
 50
135.0061000885159
 51
180.0061000895771
  0
ARC
  5
A06
330
1F
100
AcDbEntity
  8
0
  6
Continuous
 62
     7
100
AcDbCircle
 10
-66.17643385365703
 20
120.5171011068279
 30
0.0
 40
0.1995839999875837
100
AcDbArc
 50
89.99875941653302
 51
135.006100092575
  0
ARC
  5
A07
330
1F
100
AcDbEntity
  8
0
  6
Continuous
 62
     7
100
AcDbCircle
 10
-70.30194051154035
 20
107.5690053414784
 30
0.0
 40
2.0
100
AcDbArc
 50
180.0
 51
269.9989416916771
  0
ARC
  5
A08
330
1F
100
AcDbEntity
  8
0
  6
Continuous
 62
     7
100
AcDbCircle
 10
-70.30194051154035
 20
122.5692438614179
 30
0.0
 40
2.000000000003768
100
AcDbArc
 50
89.99894169159906
 51
180.0
  0
ARC
  5
A09
330
1F
100
AcDbEntity
  8
0
  6
Continuous
 62
     7
100
AcDbCircle
 10
-57.30194051153853
 20
107.5687652189264
 30
0.0
 40
1.999999999999277
100
AcDbArc
 50
269.9989416916251
 51
0.0
  0
ARC
  5
A0A
330
1F
100
AcDbEntity
  8
0
  6
Continuous
 62
     7
100
AcDbCircle
 10
-69.90194051153979
 20
107.9689554703283
 30
0.0
 40
2.300000000000181
100
AcDbArc
 50
0.0
 51
90.0
  0
ARC
  5
A0B
330
1F
100
AcDbEntity
  8
0
  6
Continuous
 62
     7
100
AcDbCircle
 10
-61.10871016571786
 20
120.5467353791492
 30
0.0
 40
0.1995839999969264
100
AcDbArc
 50
44.99070563504598
 51
89.99875941679208
  0
ARC
  5
A0C
330
1F
100
AcDbEntity
  8
0
  6
Continuous
 62
     7
100
AcDbCircle
 10
-59.4248294447691
 20
118.7581661093083
 30
0.0
 40
0.2732127273579213
100
AcDbArc
 50
0.14975227369366
 51
45.1497522721275
  0
ARC
  5
A0D
330
1F
100
AcDbEntity
  8
0
  6
Continuous
 62
     7
100
AcDbCircle
 10
-57.30194051153853
 20
122.5690037388687
 30
0.0
 40
2.0
100
AcDbArc
 50
0.0
 51
89.99894169165116
  0
ARC
  5
A0E
330
1F
100
AcDbEntity
  8
0
  6
Continuous
 62
     7
100
AcDbCircle
 10
-57.70194051153817
 20
122.1690111271893
 30
0.0
 40
2.299999999998363
100
AcDbArc
 50
180.0
 51
269.9989416916579
  0
ARC
  5
A0F
330
1F
100
AcDbEntity
  8
0
  6
Continuous
 62
     7
100
AcDbCircle
 10
-92.10194051153962
 20
150.6494406226185
 30
0.0
 40
2.0
100
AcDbArc
 50
90.0
 51
180.0
  0
ARC
  5
A10
330
1F
100
AcDbEntity
  8
0
  6
Continuous
 62
     7
100
AcDbCircle
 10
-92.10194051153962
 20
133.6494406226185
 30
0.0
 40
1.99999999999818
100
AcDbArc
 50
180.0
 51
269.9999999999739
  0
ARC
  5
A12
330
1F
100
AcDbEntity
  8
0
  6
Continuous
 62
     7
100
AcDbCircle
 10
-246.7438388589819
 20
-15.01787830147793
 30
0.0
 40
3.999999999999998
100
AcDbArc
 50
270.0
 51
0.0
  0
ARC
  5
A13
330
1F
100
AcDbEntity
  8
0
  6
Continuous
 62
     7
100
AcDbCircle
 10
-181.743838859001
 20
-11.51787830146703
 30
0.0
 40
7.499999999996442
100
AcDbArc
 50
204.3157391712298
 51
270.0
  0
ARC
  5
A14
330
1F
100
AcDbEntity
  8
0
  6
Continuous
 62
     7
100
AcDbCircle
 10
-179.243838859001
 20
-67.01787830146702
 30
0.0
 40
4.0
100
AcDbArc
 50
270.0
 51
0.0
  0
ARC
  5
A15
330
1F
100
AcDbEntity
  8
0
  6
Continuous
 62
     7
100
AcDbCircle
 10
-181.243838859001
 20
-11.01814504514902
 30
0.0
 40
6.000000000000198
100
AcDbArc
 50
359.9999999999988
 51
90.0
  0
ARC
  5
A16
330
1F
100
AcDbEntity
  8
0
  6
Continuous
 62
     7
100
AcDbCircle
 10
-181.243838859001
 20
-79.01814504514902
 30
0.0
 40
6.0
100
AcDbArc
 50
270.0
 51
0.0
  0
ARC
  5
A17
330
1F
100
AcDbEntity
  8
0
  6
Continuous
 62
     7
100
AcDbCircle
 10
-249.24383885899
 20
-79.01814504514902
 30
0.0
 40
6.0
100
AcDbArc
 50
180.0
 51
270.0
  0
ARC
  5
A18
330
1F
100
AcDbEntity
  8
0
  6
Continuous
 62
     7
100
AcDbCircle
 10
-181.7438388589819
 20
-11.51814504514902
 30
0.0
 40
7.500000000007227
100
AcDbArc
 50
197.1046351766217
 51
270.0
  0
ARC
  5
A19
330
1F
100
AcDbEntity
  8
0
  6
Continuous
 62
     7
100
AcDbCircle
 10
-181.7438388589819
 20
-78.51787830147793
 30
0.0
 40
7.50000000000365
100
AcDbArc
 50
107.1046351766946
 51
180.0
  0
ARC
  5
A1A
330
1F
100
AcDbEntity
  8
0
  6
Continuous
 62
     7
100
AcDbCircle
 10
-248.7438388589819
 20
-78.51787830147793
 30
0.0
 40
7.5
100
AcDbArc
 50
0.0
 51
90.0
  0
ARC
  5
A1B
330
1F
100
AcDbEntity
  8
0
  6
Continuous
 62
     7
100
AcDbCircle
 10
-179.243838859001
 20
-23.01787830147793
 30
0.0
 40
4.0
100
AcDbArc
 50
0.0
 51
90.0
  0
ARC
  5
A1C
330
1F
100
AcDbEntity
  8
0
  6
Continuous
 62
     7
100
AcDbCircle
 10
-251.2438388589818
 20
-67.01787830147793
 30
0.0
 40
4.0
100
AcDbArc
 50
180.0
 51
270.0
  0
ARC
  5
A1D
330
1F
100
AcDbEntity
  8
0
  6
Continuous
 62
     7
100
AcDbCircle
 10
-179.2438388589819
 20
-23.01814504514902
 30
0.0
 40
4.000000000000198
100
AcDbArc
 50
359.9999999999983
 51
90.0
  0
ARC
  5
A1E
330
1F
100
AcDbEntity
  8
0
  6
Continuous
 62
     7
100
AcDbCircle
 10
-193.2438388589819
 20
-9.018145045149019
 30
0.0
 40
4.0
100
AcDbArc
 50
0.0
 51
90.0
  0
ARC
  5
A1F
330
1F
100
AcDbEntity
  8
0
  6
Continuous
 62
     7
100
AcDbCircle
 10
-237.2438388589819
 20
-81.01787830147793
 30
0.0
 40
4.0
100
AcDbArc
 50
180.0
 51
270.0
  0
ARC
  5
A20
330
1F
100
AcDbEntity
  8
0
  6
Continuous
 62
     7
100
AcDbCircle
 10
-193.2438388589819
 20
-81.01787830147793
 30
0.0
 40
4.0
100
AcDbArc
 50
270.0
 51
0.0
  0
ARC
  5
A21
330
1F
100
AcDbEntity
  8
0
  6
Continuous
 62
     7
100
AcDbCircle
 10
-181.7438388589819
 20
-78.51787830147793
 30
0.0
 40
7.5
100
AcDbArc
 50
90.0
 51
107.1046351766946
  0
ARC
  5
A22
330
1F
100
AcDbEntity
  8
0
  6
Continuous
 62
     7
100
AcDbCircle
 10
-181.7438388589819
 20
-11.51814504514902
 30
0.0
 40
7.5
100
AcDbArc
 50
180.0
 51
197.1046351766217
  0
ARC
  5
A23
330
1F
100
AcDbEntity
  8
0
  6
Continuous
 62
     7
100
AcDbCircle
 10
-181.743838859001
 20
-78.51787830147793
 30
0.0
 40
7.500000000002483
100
AcDbArc
 50
114.3157391711775
 51
180.0
  0
ARC
  5
A24
330
1F
100
AcDbEntity
  8
0
  6
Continuous
 62
     7
100
AcDbCircle
 10
-193.243838859001
 20
-81.01787830147793
 30
0.0
 40
4.0
100
AcDbArc
 50
270.0
 51
0.0
  0
ARC
  5
A25
330
1F
100
AcDbEntity
  8
0
  6
Continuous
 62
     7
100
AcDbCircle
 10
-251.2438388590009
 20
-67.01787830147793
 30
0.0
 40
4.0
100
AcDbArc
 50
180.0
 51
270.0
  0
ARC
  5
A26
330
1F
100
AcDbEntity
  8
0
  6
Continuous
 62
     7
100
AcDbCircle
 10
-248.7438388590009
 20
-78.51787830147793
 30
0.0
 40
7.500000000003423
100
AcDbArc
 50
24.3157391711754
 51
90.0
  0
ARC
  5
A27
330
1F
100
AcDbEntity
  8
0
  6
Continuous
 62
     7
100
AcDbCircle
 10
-249.2438388589818
 20
-11.01814504514902
 30
0.0
 40
5.999999999999996
100
AcDbArc
 50
90.0
 51
180.0
  0
ARC
  5
A28
330
1F
100
AcDbEntity
  8
0
  6
Continuous
 62
     7
100
AcDbCircle
 10
-251.243838858971
 20
-23.01787830147793
 30
0.0
 40
4.0
100
AcDbArc
 50
90.0
 51
180.0
  0
ARC
  5
A29
330
1F
100
AcDbEntity
  8
0
  6
Continuous
 62
     7
100
AcDbCircle
 10
-177.743838859001
 20
-59.51787830146702
 30
0.0
 40
2.25
100
AcDbArc
 50
270.0
 51
0.0
  0
ARC
  5
A2A
330
1F
100
AcDbEntity
  8
0
  6
Continuous
 62
     7
100
AcDbCircle
 10
-181.243838859001
 20
-65.01787830146702
 30
0.0
 40
3.249999999999993
100
AcDbArc
 50
90.0
 51
180.0
  0
ARC
  5
A2B
330
1F
100
AcDbEntity
  8
0
  6
Continuous
 62
     7
100
AcDbCircle
 10
-193.243838859001
 20
-81.01787830146703
 30
0.0
 40
3.75
100
AcDbArc
 50
270.0
 51
0.0
  0
ARC
  5
A2C
330
1F
100
AcDbEntity
  8
0
  6
Continuous
 62
     7
100
AcDbCircle
 10
-186.743838859001
 20
-69.85762426362623
 30
0.0
 40
2.249999999995753
100
AcDbArc
 50
300.0000000000623
 51
0.0
  0
ARC
  5
A2D
330
1F
100
AcDbEntity
  8
0
  6
Continuous
 62
     7
100
AcDbCircle
 10
-190.4040928968398
 20
-16.51787830146702
 30
0.0
 40
2.249999999994026
100
AcDbArc
 50
30.00000000008759
 51
90.0
  0
ARC
  5
A2E
330
1F
100
AcDbEntity
  8
0
  6
Continuous
 62
     7
100
AcDbCircle
 10
-179.243838859001
 20
-23.01787830146702
 30
0.0
 40
3.75
100
AcDbArc
 50
0.0
 51
90.0
  0
ARC
  5
A2F
330
1F
100
AcDbEntity
  8
0
  6
Continuous
 62
     7
100
AcDbCircle
 10
-195.243838859001
 20
-11.01787830146703
 30
0.0
 40
3.25
100
AcDbArc
 50
180.0
 51
270.0
  0
ARC
  5
A30
330
1F
100
AcDbEntity
  8
0
  6
Continuous
 62
     7
100
AcDbCircle
 10
-200.743838859001
 20
-7.517878301467018
 30
0.0
 40
2.25
100
AcDbArc
 50
0.0
 51
90.0
  0
ARC
  5
A31
330
1F
100
AcDbEntity
  8
0
  6
Continuous
 62
     7
100
AcDbCircle
 10
-240.0835848211528
 20
-73.51787830146702
 30
0.0
 40
2.249999999992554
100
AcDbArc
 50
210.0000000001095
 51
270.0
  0
ARC
  5
A32
330
1F
100
AcDbEntity
  8
0
  6
Continuous
 62
     7
100
AcDbCircle
 10
-235.2438388590009
 20
-79.01787830146702
 30
0.0
 40
3.25
100
AcDbArc
 50
0.0
 51
90.0
  0
ARC
  5
A33
330
1F
100
AcDbEntity
  8
0
  6
Continuous
 62
     7
100
AcDbCircle
 10
-229.7438388590009
 20
-82.51787830146701
 30
0.0
 40
2.25
100
AcDbArc
 50
180.0
 51
270.0
  0
ARC
  5
A34
330
1F
100
AcDbEntity
  8
0
  6
Continuous
 62
     7
100
AcDbCircle
 10
-239.4938388590009
 20
-8.267878301467019
 30
0.0
 40
2.999999999999998
100
AcDbArc
 50
90.0
 51
180.0
  0
ARC
  5
A35
330
1F
100
AcDbEntity
  8
0
  6
Continuous
 62
     7
100
AcDbCircle
 10
-246.7438388590009
 20
-15.01787830146703
 30
0.0
 40
4.249999999999991
100
AcDbArc
 50
270.0
 51
0.0
  0
ARC
  5
A36
330
1F
100
AcDbEntity
  8
0
  6
Continuous
 62
     7
100
AcDbCircle
 10
-251.2438388590009
 20
-67.01787830146702
 30
0.0
 40
3.75
100
AcDbArc
 50
180.0
 51
270.0
  0
ARC
  5
A37
330
1F
100
AcDbEntity
  8
0
  6
Continuous
 62
     7
100
AcDbCircle
 10
-251.2438388590009
 20
-23.01787830146702
 30
0.0
 40
3.75
100
AcDbArc
 50
90.0
 51
180.0
  0
ARC
  5
A38
330
1F
100
AcDbEntity
  8
0
  6
Continuous
 62
     7
100
AcDbCircle
 10
-97.10194051152768
 20
-230.1262958194582
 30
0.0
 40
1.0
100
AcDbArc
 50
0.0
 51
30.88569543212316
  0
ARC
  5
A39
330
1F
100
AcDbEntity
  8
0
  6
Continuous
 62
     7
100
AcDbCircle
 10
-98.1019405115277
 20
-224.5583186141173
 30
0.0
 40
1.0
100
AcDbArc
 50
180.0
 51
210.8856954312669
  0
ARC
  5
A3A
330
1F
100
AcDbEntity
  8
0
  6
Continuous
 62
     7
100
AcDbCircle
 10
-98.1019405115277
 20
-179.1108198720283
 30
0.0
 40
1.000000000001254
100
AcDbArc
 50
149.1143045691804
 51
180.0
  0
ARC
  5
A3B
330
1F
100
AcDbEntity
  8
0
  6
Continuous
 62
     7
100
AcDbCircle
 10
-97.10194051152768
 20
-173.5428426666874
 30
0.0
 40
0.9999999999965572
100
AcDbArc
 50
329.114304568412
 51
0.0
  0
ARC
  5
A3C
330
1F
100
AcDbEntity
  8
0
  6
Continuous
 62
     7
100
AcDbCircle
 10
-54.50047123532669
 20
-4.51787830147611
 30
0.0
 40
0.5
100
AcDbArc
 50
180.0
 51
270.0
  0
ARC
  5
A3D
330
1F
100
AcDbEntity
  8
0
  6
Continuous
 62
     7
100
AcDbCircle
 10
-55.20047123532378
 20
1.282121698520429
 30
0.0
 40
0.1999999999970896
100
AcDbArc
 50
0.0
 51
89.99999999996944
  0
ARC
  5
A3E
330
1F
100
AcDbEntity
  8
0
  6
Continuous
 62
     7
100
AcDbCircle
 10
-98.10194051152677
 20
-22.29412893043524
 30
0.0
 40
1.000000000002944
100
AcDbArc
 50
149.1143045688153
 51
180.0
  0
ARC
  5
A3F
330
1F
100
AcDbEntity
  8
0
  6
Continuous
 62
     7
100
AcDbCircle
 10
-98.10194051152677
 20
-67.74162767251697
 30
0.0
 40
1.0
100
AcDbArc
 50
180.0
 51
210.8856954314085
  0
ARC
  5
A43
330
1F
100
AcDbEntity
  8
0
  6
Continuous
 62
     7
100
AcDbCircle
 10
158.5203276382697
 20
-79.01787830148613
 30
0.0
 40
6.0
100
AcDbArc
 50
180.0
 51
270.0
  0
ARC
  5
A44
330
1F
100
AcDbEntity
  8
0
  6
Continuous
 62
     7
100
AcDbCircle
 10
226.5203276382697
 20
-79.01787830148613
 30
0.0
 40
6.0
100
AcDbArc
 50
270.0
 51
0.0
  0
ARC
  5
A45
330
1F
100
AcDbEntity
  8
0
  6
Continuous
 62
     7
100
AcDbCircle
 10
226.5203276382697
 20
-11.01787830147611
 30
0.0
 40
6.0
100
AcDbArc
 50
0.0
 51
90.0
  0
ARC
  5
A46
330
1F
100
AcDbEntity
  8
0
  6
Continuous
 62
     7
100
AcDbCircle
 10
158.5203276382697
 20
-11.01787830147611
 30
0.0
 40
5.999999999999996
100
AcDbArc
 50
90.0
 51
180.0
  0
LWPOLYLINE
  5
A51
330
1F
100
AcDbEntity
  8
0
  6
Continuous
 62
     4
100
AcDbPolyline
 90
       73
 70
     0
 43
0.0
 10
-13.40194051106141
 20
12.98212169887677
 10
-13.38012574999107
 20
12.9810072585234
 10
-13.35832134500311
 20
12.9798180952613
 10
-13.33653765218082
 20
12.97847948618631
 10
-13.31478502760206
 20
12.97691670839243
 10
-13.29307382735283
 20
12.97505503897276
 10
-13.27141440751279
 20
12.9728197550204
 10
-13.24981712416525
 20
12.97013613362845
 10
-13.22829233338985
 20
12.96692945188909
 10
-13.20685034029179
 20
12.96314126666869
 10
-13.18550124604758
 20
12.95877825391938
 10
-13.16425510085924
 20
12.95386336935838
 10
-13.14312195492516
 20
12.94841956870835
 10
-13.12211185844558
 20
12.94246980769288
 10
-13.10123486161979
 20
12.936037042031
 10
-13.0805010146471
 20
12.9291442274481
 10
-13.05992036772955
 20
12.9218143196614
 10
-13.03950286186978
 20
12.91406627578829
 10
-13.01925800130289
 20
12.90590305852232
 10
-12.99919518106003
 20
12.89732363195538
 10
-12.97932379618328
 20
12.8883269601721
 10
-12.95965324170743
 20
12.87891200726074
 10
-12.94019291266909
 20
12.86907773731321
 10
-12.92095220410579
 20
12.85882311441504
 10
-12.90194051105414
 20
12.8481471026554
 10
-12.88316709958986
 20
12.83705007519087
 10
-12.86464071994419
 20
12.82553804143857
 10
-12.84636999338659
 20
12.81361841988122
 10
-12.82836354118831
 20
12.80129862900424
 10
-12.81062998461607
 20
12.78858608729218
 10
-12.79317794494205
 20
12.77548821322774
 10
-12.77601604343568
 20
12.76201242529908
 10
-12.75915290136732
 20
12.74816614198529
 10
-12.74259686346181
 20
12.73395670569892
 10
-12.72635516829018
 20
12.71939115453836
 10
-12.71043477787157
 20
12.70447645052639
 10
-12.69484265423057
 20
12.6892195556867
 10
-12.67958575939178
 20
12.6736274320457
 10
-12.66467105538163
 20
12.65770704162708
 10
-12.65010550422107
 20
12.64146534645273
 10
-12.6358960679338
 20
12.6249093085545
 10
-12.62204978462182
 20
12.60804616648432
 10
-12.60857399669226
 20
12.59088426497704
 10
-12.59547612262782
 20
12.57343222530302
 10
-12.58276358091757
 20
12.55569866873078
 10
-12.57044379004242
 20
12.5376922165325
 10
-12.55852416848506
 20
12.51942148997399
 10
-12.54701213473186
 20
12.50089511032832
 10
-12.53591510726733
 20
12.48212169887041
 10
-12.5252390955086
 20
12.46311000581785
 10
-12.51498447261224
 20
12.44386929725636
 10
-12.5051502026638
 20
12.42440896821621
 10
-12.49573524975426
 20
12.40473841374126
 10
-12.48673857797098
 20
12.38486702886269
 10
-12.47815915140313
 20
12.36480420862257
 10
-12.46999593413807
 20
12.34455934805204
 10
-12.46224789026678
 20
12.32414184219227
 10
-12.45491798248008
 20
12.3035611952729
 10
-12.44802516789628
 20
12.28282734830112
 10
-12.44159240223621
 20
12.26195035147533
 10
-12.43564264121983
 20
12.24094025499756
 10
-12.43019884057344
 20
12.2198071090644
 10
-12.42528395601244
 20
12.19856096387424
 10
-12.42092094326131
 20
12.17721186963002
 10
-12.4171327580591
 20
12.15576987655016
 10
-12.41392607632156
 20
12.13424508577567
 10
-12.41124245492961
 20
12.11264780242903
 10
-12.40900717097725
 20
12.09098838258991
 10
-12.40714550155758
 20
12.06927718234068
 10
-12.40558272376279
 20
12.04752455776282
 10
-12.40424411469144
 20
12.02574086494236
 10
-12.40305495143116
 20
12.0039364599544
 10
-12.40194051106141
 20
11.98212169885313
  0
HATCH
  5
D15
330
1F
100
AcDbEntity
  8
0
  6
Continuous
 62
     4
100
AcDbHatch
 10
0.0
 20
0.0
 30
0.0
210
0.0
220
0.0
230
1.0
  2
CUSTOM0
 70
     0
 71
     1
 91
        2
 92
        1
 93
        1
 72
     2
 10
-91.8533936262686
 20
150.4341706164988
 40
1.34999999999202
 50
0.0
 51
360.0
 73
     1
 97
        1
330
9AD
 92
       17
 93
        1
 72
     2
 10
-91.8533936262686
 20
150.4341706164988
 40
1.0
 50
0.0
 51
360.0
 73
     1
 97
        1
330
9AC
 75
     1
 76
     2
 52
45.0
 41
0.5
 77
     0
 78
     1
 53
45.0
 43
-353.5677559787298
 44
303.8560491761382
 45
-0.7071067811865475
 46
0.0000000000000001
 79
     0
 98
        1
 10
0.0
 20
0.0
  0
HATCH
  5
D16
330
1F
100
AcDbEntity
  8
0
  6
Continuous
 62
     4
100
AcDbHatch
 10
0.0
 20
0.0
 30
0.0
210
0.0
220
0.0
230
1.0
  2
CUSTOM1
 70
     0
 71
     1
 91
        2
 92
        1
 93
        1
 72
     2
 10
-83.84959556452235
 20
150.4775826609185
 40
1.350000000002654
 50
0.0
 51
360.0
 73
     1
 97
        1
330
9B1
 92
       17
 93
        1
 72
     2
 10
-83.84959556452235
 20
150.4775826609185
 40
1.0
 50
0.0
 51
360.0
 73
     1
 97
        1
330
9AE
 75
     1
 76
     2
 52
45.0
 41
0.5
 77
     0
 78
     1
 53
45.0
 43
-353.5677559787298
 44
303.8560491761382
 45
-0.7071067811865475
 46
0.0000000000000001
 79
     0
 98
        1
 10
0.0
 20
0.0
  0
HATCH
  5
D17
330
1F
100
AcDbEntity
  8
0
  6
Continuous
 62
     4
100
AcDbHatch
 10
0.0
 20
0.0
 30
0.0
210
0.0
220
0.0
230
1.0
  2
CUSTOM2
 70
     0
 71
     1
 91
        2
 92
        1
 93
        1
 72
     2
 10
-91.84977226517117
 20
133.8330288057297
 40
1.35000000000095
 50
0.0
 51
360.0
 73
     1
 97
        1
330
9B5
 92
       17
 93
        1
 72
     2
 10
-91.84977226517117
 20
133.8330288057297
 40
1.0
 50
0.0
 51
360.0
 73
     1
 97
        1
330
9B2
 75
     1
 76
     2
 52
45.0
 41
0.5
 77
     0
 78
     1
 53
45.0
 43
-353.5677559787298
 44
303.8560491761382
 45
-0.7071067811865475
 46
0.0000000000000001
 79
     0
 98
        1
 10
0.0
 20
0.0
  0
HATCH
  5
D18
330
1F
100
AcDbEntity
  8
0
  6
Continuous
 62
     4
100
AcDbHatch
 10
0.0
 20
0.0
 30
0.0
210
0.0
220
0.0
230
1.0
  2
CUSTOM3
 70
     0
 71
     1
 91
        2
 92
        1
 93
        1
 72
     2
 10
-83.84597420342402
 20
133.8764408501485
 40
1.350000000003822
 50
0.0
 51
360.0
 73
     1
 97
        1
330
9B7
 92
       17
 93
        1
 72
     2
 10
-83.84597420342402
 20
133.8764408501485
 40
1.0
 50
0.0
 51
360.0
 73
     1
 97
        1
330
9B6
 75
     1
 76
     2
 52
45.0
 41
0.5
 77
     0
 78
     1
 53
45.0
 43
-353.5677559787298
 44
303.8560491761382
 45
-0.7071067811865475
 46
0.0000000000000001
 79
     0
 98
        1
 10
0.0
 20
0.0
  0
LINE
  5
1514
330
1F
100
AcDbEntity
  8
0
  6
Continuous
 62
     4
100
AcDbLine
 10
-18.90194051124786
 20
138.9494406226178
 30
0.0
 11
-16.50194051124731
 21
138.9494406226178
 31
0.0
  0
LINE
  5
1515
330
1F
100
AcDbEntity
  8
0
  6
Continuous
 62
     4
100
AcDbLine
 10
-30.1019405112495
 20
138.9494406226178
 30
0.0
 11
-27.70194051124895
 21
138.9494406226178
 31
0.0
  0
LINE
  5
1516
330
1F
100
AcDbEntity
  8
0
  6
Continuous
 62
     4
100
AcDbLine
 10
-32.1019405112495
 20
113.3494406226183
 30
0.0
 11
-32.1019405112495
 21
136.9494406226178
 31
0.0
  0
LINE
  5
1517
330
1F
100
AcDbEntity
  8
0
  6
Continuous
 62
     4
100
AcDbLine
 10
-14.50194051124731
 20
136.9494406226178
 30
0.0
 11
-14.50194051124731
 21
130.5994406228229
 31
0.0
  0
LINE
  5
1518
330
1F
100
AcDbEntity
  8
0
  6
Continuous
 62
     4
100
AcDbLine
 10
-14.50194051124731
 20
119.6994406228233
 30
0.0
 11
-14.50194051124731
 21
113.3494406226183
 31
0.0
  0
LINE
  5
1519
330
1F
100
AcDbEntity
  8
0
  6
Continuous
 62
     4
100
AcDbLine
 10
-27.70194051124895
 20
111.3494406226183
 30
0.0
 11
-30.1019405112495
 21
111.3494406226183
 31
0.0
  0
LINE
  5
151A
330
1F
100
AcDbEntity
  8
0
  6
Continuous
 62
     4
100
AcDbLine
 10
-16.50194051124731
 20
111.3494406226183
 30
0.0
 11
-18.90194051124786
 21
111.3494406226183
 31
0.0
  0
ARC
  5
151B
330
1F
100
AcDbEntity
  8
0
  6
Continuous
 62
     4
100
AcDbCircle
 10
-23.30194051124931
 20
135.6494406226185
 30
0.0
 40
5.500000000000343
100
AcDbArc
 50
36.86989764102253
 51
143.1301023354736
  0
ARC
  5
151C
330
1F
100
AcDbEntity
  8
0
  6
Continuous
 62
     4
100
AcDbCircle
 10
-16.50194051124731
 20
136.9494406226178
 30
0.0
 40
1.999999999999998
100
AcDbArc
 50
0.0
 51
89.99999998830125
  0
ARC
  5
151D
330
1F
100
AcDbEntity
  8
0
  6
Continuous
 62
     4
100
AcDbCircle
 10
-30.1019405112495
 20
136.9494406226178
 30
0.0
 40
2.0
100
AcDbArc
 50
89.99999998824915
 51
179.9999999764999
  0
ARC
  5
151E
330
1F
100
AcDbEntity
  8
0
  6
Continuous
 62
     4
100
AcDbCircle
 10
-30.1019405112495
 20
113.3494406226183
 30
0.0
 40
2.000000000000003
100
AcDbArc
 50
179.9999999764975
 51
269.9999999647474
  0
ARC
  5
151F
330
1F
100
AcDbEntity
  8
0
  6
Continuous
 62
     4
100
AcDbCircle
 10
-16.50194051124731
 20
113.3494406226183
 30
0.0
 40
2.0
100
AcDbArc
 50
269.9999999646693
 51
359.9999999529714
  0
ARC
  5
1520
330
1F
100
AcDbEntity
  8
0
  6
Continuous
 62
     4
100
AcDbCircle
 10
-23.30194051124931
 20
114.6494406226185
 30
0.0
 40
5.500000000000916
100
AcDbArc
 50
216.8698976175347
 51
323.1301023119621
  0
LINE
  5
1521
330
1F
100
AcDbEntity
  8
0
  6
Continuous
 62
     4
100
AcDbLine
 10
-72.30194051471994
 20
122.5691246014477
 30
0.0
 11
-72.30194051471994
 21
107.5691246014477
 31
0.0
  0
LINE
  5
1522
330
1F
100
AcDbEntity
  8
0
  6
Continuous
 62
     4
100
AcDbLine
 10
-70.30194051471994
 20
124.5691246014477
 30
0.0
 11
-57.30194051471994
 21
124.5691246014477
 31
0.0
  0
LINE
  5
1523
330
1F
100
AcDbEntity
  8
0
  6
Continuous
 62
     4
100
AcDbLine
 10
-70.30194051471994
 20
105.5691246014477
 30
0.0
 11
-57.30194051471994
 21
105.5691246014477
 31
0.0
  0
LINE
  5
1524
330
1F
100
AcDbEntity
  8
0
  6
Continuous
 62
     4
100
AcDbLine
 10
-55.30194051471994
 20
122.5691246014477
 30
0.0
 11
-55.30194051471994
 21
120.8691246014479
 31
0.0
  0
LINE
  5
1525
330
1F
100
AcDbEntity
  8
0
  6
Continuous
 62
     4
100
AcDbLine
 10
-55.30194051471994
 20
109.2691246014475
 30
0.0
 11
-55.30194051471994
 21
107.5691246014477
 31
0.0
  0
LINE
  5
152A
330
1F
100
AcDbEntity
  8
0
  6
Continuous
 62
     4
100
AcDbLine
 10
-91.90197208788402
 20
152.6494406225993
 30
0.0
 11
-83.80194051481089
 21
152.6494406229395
 31
0.0
  0
LINE
  5
152B
330
1F
100
AcDbEntity
  8
0
  6
Continuous
 62
     4
100
AcDbLine
 10
-94.10194051472013
 20
150.4494406228251
 30
0.0
 11
-94.10194051471831
 21
142.1494406226185
 31
0.0
  0
LINE
  5
152C
330
1F
100
AcDbEntity
  8
0
  6
Continuous
 62
     4
100
AcDbLine
 10
-81.60194051472013
 20
150.4494406228251
 30
0.0
 11
-81.60194051472013
 21
148.1494406233851
 31
0.0
  0
LINE
  5
152D
330
1F
100
AcDbEntity
  8
0
  6
Continuous
 62
     4
100
AcDbLine
 10
-94.10194051404983
 20
133.8494406222445
 30
0.0
 11
-94.10194051471831
 21
142.1494406226185
 31
0.0
  0
LINE
  5
152E
330
1F
100
AcDbEntity
  8
0
  6
Continuous
 62
     4
100
AcDbLine
 10
-91.90194051387265
 20
131.6494406224229
 30
0.0
 11
-86.70194051387284
 21
131.6494406228431
 31
0.0
  0
LINE
  5
152F
330
1F
100
AcDbEntity
  8
0
  6
Continuous
 62
     4
100
AcDbLine
 10
-83.8019405138732
 20
131.6494406230769
 30
0.0
 11
-88.00194051387302
 21
131.6494406226567
 31
0.0
  0
LINE
  5
1530
330
1F
100
AcDbEntity
  8
0
  6
Continuous
 62
     4
100
AcDbLine
 10
-81.60194051404983
 20
133.8494406232531
 30
0.0
 11
-81.60194051423536
 21
136.1494200168109
 31
0.0
  0
ENDSEC
  0
SECTION
  2
OBJECTS
  0
DICTIONARY
  5
C
330
0
100
AcDbDictionary
281
     1
  3
ACAD_COLOR
350
D5C
  3
ACAD_GROUP
350
D
  3
ACAD_LAYOUT
350
1A
  3
ACAD_MATERIAL
350
3B
  3
ACAD_MLEADERSTYLE
350
D26
  3
ACAD_MLINESTYLE
350
17
  3
ACAD_PLOTSETTINGS
350
19
  3
ACAD_PLOTSTYLENAME
350
E
  3
ACAD_SCALELIST
350
D5F
  3
ACAD_TABLESTYLE
350
D5D
  3
ACAD_VISUALSTYLE
350
2A
  3
ACDB_RECOMPOSE_DATA
350
1543
  3
AcDbVariableDictionary
350
D24
  3
DWGPROPS
350
1544
  0
DICTIONARY
  5
E5B
330
2
100
AcDbDictionary
280
     1
281
     1
  3
ACAD_LAYERSTATES
360
E5C
  0
DICTIONARY
  5
D78
330
10
100
AcDbDictionary
280
     1
281
     1
  3
ADSK_XREC_LAYER_RECONCILED
360
D79
  0
DICTIONARY
  5
D5C
102
{ACAD_REACTORS
330
C
102
}
330
C
100
AcDbDictionary
281
     1
  0
DICTIONARY
  5
D
102
{ACAD_REACTORS
330
C
102
}
330
C
100
AcDbDictionary
281
     1
  0
DICTIONARY
  5
1A
102
{ACAD_REACTORS
330
C
102
}
330
C
100
AcDbDictionary
281
     1
  3
Layout1
350
1E
  3
Layout2
350
26
  3
Model
350
22
  0
DICTIONARY
  5
3B
102
{ACAD_REACTORS
330
C
102
}
330
C
100
AcDbDictionary
281
     1
  3
ByBlock
350
3D
  3
ByLayer
350
3C
  3
Global
350
3E
  0
DICTIONARY
  5
D26
102
{ACAD_REACTORS
330
C
102
}
330
C
100
AcDbDictionary
281
     1
  3
Standard
350
D71
  0
DICTIONARY
  5
17
102
{ACAD_REACTORS
330
C
102
}
330
C
100
AcDbDictionary
281
     1
  3
Standard
350
18
  0
DICTIONARY
  5
19
102
{ACAD_REACTORS
330
C
102
}
330
C
100
AcDbDictionary
281
     1
  0
ACDBDICTIONARYWDFLT
  5
E
102
{ACAD_REACTORS
330
C
102
}
330
C
100
AcDbDictionary
281
     1
  3
Normal
350
F
100
AcDbDictionaryWithDefault
340
F
  0
DICTIONARY
  5
D5F
102
{ACAD_REACTORS
330
C
102
}
330
C
100
AcDbDictionary
281
     1
  3
A0
350
D60
  3
A1
350
D61
  3
A2
350
D62
  3
A3
350
D63
  3
A4
350
D64
  3
A5
350
D65
  3
A6
350
D66
  3
A7
350
D67
  3
A8
350
D68
  3
A9
350
D69
  3
B0
350
D6A
  3
B1
350
D6B
  3
B2
350
D6C
  3
B3
350
D6D
  3
B4
350
D6E
  3
B5
350
D6F
  3
B6
350
D70
  0
DICTIONARY
  5
D5D
102
{ACAD_REACTORS
330
C
102
}
330
C
100
AcDbDictionary
281
     1
  3
Standard
350
D5E
  0
DICTIONARY
  5
2A
102
{ACAD_REACTORS
330
C
102
}
330
C
100
AcDbDictionary
281
     1
  3
2dWireframe
350
2F
  3
3D Hidden
350
31
  3
3dWireframe
350
30
  3
Basic
350
32
  3
Brighten
350
36
  3
ColorChange
350
3A
  3
Conceptual
350
34
  3
Dim
350
35
  3
EdgeColorOff
350
D5B
  3
Facepattern
350
39
  3
Flat
350
2B
  3
FlatWithEdges
350
2C
  3
Gouraud
350
2D
  3
GouraudWithEdges
350
2E
  3
Hidden
350
D53
  3
JitterOff
350
D59
  3
Linepattern
350
38
  3
OverhangOff
350
D5A
  3
Realistic
350
33
  3
Shaded
350
D58
  3
Shaded with edges
350
D57
  3
Shades of Gray
350
D54
  3
Sketchy
350
D55
  3
Thicken
350
37
  3
Wireframe
350
D52
  3
X-Ray
350
D56
  0
XRECORD
  5
1543
102
{ACAD_REACTORS
330
C
102
}
330
C
100
AcDbXrecord
280
     1
 90
        1
330
D5E
  0
DICTIONARY
  5
D24
102
{ACAD_REACTORS
330
C
102
}
330
C
100
AcDbDictionary
281
     1
  3
CANNOSCALE
350
E66
  3
CMLEADERSTYLE
350
E64
  3
CTABLESTYLE
350
E63
  3
DIMASSOC
350
D27
  3
HIDETEXT
350
D28
  3
INDEXCTL
350
153F
  3
LAYEREVAL
350
E68
  3
LAYERNOTIFY
350
E69
  3
LIGHTINGUNITS
350
E67
  3
MSLTSCALE
350
E65
  3
SORTENTS
350
153E
  3
XCLIPFRAME
350
1540
  0
XRECORD
  5
1544
102
{ACAD_REACTORS
330
C
102
}
330
C
100
AcDbXrecord
280
     1
  1
DWGPROPS COOKIE
  2

  3

  4

  6

  7

  8
nabe
  9

300
=
301
=
302
=
303
=
304
=
305
=
306
=
307
=
308
=
309
=
 40
0.0129185416666667
 41
2457917.543108125
 42
2457935.378393901
  1

 90
        0
  0
DICTIONARY
  5
E5C
102
{ACAD_REACTORS
330
E5B
102
}
330
E5B
100
AcDbDictionary
281
     1
  0
XRECORD
  5
D79
102
{ACAD_REACTORS
330
D78
102
}
330
D78
100
AcDbXrecord
280
     1
290
     1
  0
LAYOUT
  5
1E
102
{ACAD_XDICTIONARY
360
1545
102
}
102
{ACAD_REACTORS
330
1A
102
}
330
1A
100
AcDbPlotSettings
  1

  2
none_device
  4

  6

 40
0.0
 41
0.0
 42
0.0
 43
0.0
 44
0.0
 45
0.0
 46
0.0
 47
0.0
 48
0.0
 49
0.0
140
0.0
141
0.0
142
1.0
143
1.0
 70
   688
 72
     0
 73
     0
 74
     5
  7

 75
    16
147
1.0
148
0.0
149
0.0
100
AcDbLayout
  1
Layout1
 70
     1
 71
     1
 10
0.0
 20
0.0
 11
12.0
 21
9.0
 12
0.0
 22
0.0
 32
0.0
 14
1.000000000000000E+20
 24
1.000000000000000E+20
 34
1.000000000000000E+20
 15
-1.000000000000000E+20
 25
-1.000000000000000E+20
 35
-1.000000000000000E+20
146
0.0
 13
0.0
 23
0.0
 33
0.0
 16
1.0
 26
0.0
 36
0.0
 17
0.0
 27
1.0
 37
0.0
 76
     0
330
1B
  0
LAYOUT
  5
26
102
{ACAD_XDICTIONARY
360
1548
102
}
102
{ACAD_REACTORS
330
1A
102
}
330
1A
100
AcDbPlotSettings
  1

  2
none_device
  4

  6

 40
0.0
 41
0.0
 42
0.0
 43
0.0
 44
0.0
 45
0.0
 46
0.0
 47
0.0
 48
0.0
 49
0.0
140
0.0
141
0.0
142
1.0
143
1.0
 70
   688
 72
     0
 73
     0
 74
     5
  7

 75
    16
147
1.0
148
0.0
149
0.0
100
AcDbLayout
  1
Layout2
 70
     1
 71
     2
 10
0.0
 20
0.0
 11
0.0
 21
0.0
 12
0.0
 22
0.0
 32
0.0
 14
0.0
 24
0.0
 34
0.0
 15
0.0
 25
0.0
 35
0.0
146
0.0
 13
0.0
 23
0.0
 33
0.0
 16
1.0
 26
0.0
 36
0.0
 17
0.0
 27
1.0
 37
0.0
 76
     0
330
23
  0
LAYOUT
  5
22
102
{ACAD_XDICTIONARY
360
E61
102
}
102
{ACAD_REACTORS
330
1A
102
}
330
1A
100
AcDbPlotSettings
  1

  2
none_device
  4

  6

 40
0.0
 41
0.0
 42
0.0
 43
0.0
 44
0.0
 45
0.0
 46
0.0
 47
0.0
 48
0.0
 49
0.0
140
0.0
141
0.0
142
1.0
143
1.0
 70
  1712
 72
     0
 73
     0
 74
     0
  7

 75
     0
147
1.0
148
0.0
149
0.0
100
AcDbLayout
  1
Model
 70
     1
 71
     0
 10
0.0
 20
0.0
 11
12.0
 21
9.0
 12
0.0
 22
0.0
 32
0.0
 14
-305.9995
 24
-209.0
 34
0.0
 15
286.0002
 25
208.9995
 35
0.0
146
0.0
 13
0.0
 23
0.0
 33
0.0
 16
1.0
 26
0.0
 36
0.0
 17
0.0
 27
1.0
 37
0.0
 76
     0
330
1F
331
29
  0
MATERIAL
  5
3D
102
{ACAD_XDICTIONARY
360
D4B
102
}
102
{ACAD_REACTORS
330
3B
102
}
330
3B
100
AcDbMaterial
  1
ByBlock
  0
MATERIAL
  5
3C
102
{ACAD_XDICTIONARY
360
D49
102
}
102
{ACAD_REACTORS
330
3B
102
}
330
3B
100
AcDbMaterial
  1
ByLayer
  0
MATERIAL
  5
3E
102
{ACAD_XDICTIONARY
360
D4D
102
}
102
{ACAD_REACTORS
330
3B
102
}
330
3B
100
AcDbMaterial
  1
Global
  0
MLEADERSTYLE
  5
D71
102
{ACAD_REACTORS
330
D26
102
}
330
D26
100
AcDbMLeaderStyle
170
     2
171
     1
172
     0
 90
        2
 40
0.0
 41
0.0
173
     1
 91
-1056964608
340
14
 92
       -2
290
     1
 42
2.0
291
     1
 43
0.36
  3
Standard
 44
4.0
300

342
11
174
     1
178
     6
175
     1
176
     0
 93
-1056964608
 45
4.0
292
     0
297
     0
 46
4.0
 94
-1056964608
 47
1.0
 49
1.0
140
1.0
293
     1
141
0.0
294
     1
177
     0
142
1.0
295
     0
296
     0
143
0.125
1001
ACAD_MLEADERVER
1070
     2
  0
MLINESTYLE
  5
18
102
{ACAD_REACTORS
330
17
102
}
330
17
100
AcDbMlineStyle
  2
STANDARD
 70
     0
  3

 62
   256
 51
90.0
 52
90.0
 71
     2
 49
0.5
 62
   256
  6
BYLAYER
 49
-0.5
 62
   256
  6
BYLAYER
  0
ACDBPLACEHOLDER
  5
F
102
{ACAD_REACTORS
330
E
102
}
330
E
  0
SCALE
  5
D60
102
{ACAD_REACTORS
330
D5F
102
}
330
D5F
100
AcDbScale
 70
     0
300
1:1
140
1.0
141
1.0
290
     1
  0
SCALE
  5
D61
102
{ACAD_REACTORS
330
D5F
102
}
330
D5F
100
AcDbScale
 70
     0
300
1:2
140
1.0
141
2.0
290
     0
  0
SCALE
  5
D62
102
{ACAD_REACTORS
330
D5F
102
}
330
D5F
100
AcDbScale
 70
     0
300
1:4
140
1.0
141
4.0
290
     0
  0
SCALE
  5
D63
102
{ACAD_REACTORS
330
D5F
102
}
330
D5F
100
AcDbScale
 70
     0
300
1:5
140
1.0
141
5.0
290
     0
  0
SCALE
  5
D64
102
{ACAD_REACTORS
330
D5F
102
}
330
D5F
100
AcDbScale
 70
     0
300
1:8
140
1.0
141
8.0
290
     0
  0
SCALE
  5
D65
102
{ACAD_REACTORS
330
D5F
102
}
330
D5F
100
AcDbScale
 70
     0
300
1:10
140
1.0
141
10.0
290
     0
  0
SCALE
  5
D66
102
{ACAD_REACTORS
330
D5F
102
}
330
D5F
100
AcDbScale
 70
     0
300
1:16
140
1.0
141
16.0
290
     0
  0
SCALE
  5
D67
102
{ACAD_REACTORS
330
D5F
102
}
330
D5F
100
AcDbScale
 70
     0
300
1:20
140
1.0
141
20.0
290
     0
  0
SCALE
  5
D68
102
{ACAD_REACTORS
330
D5F
102
}
330
D5F
100
AcDbScale
 70
     0
300
1:30
140
1.0
141
30.0
290
     0
  0
SCALE
  5
D69
102
{ACAD_REACTORS
330
D5F
102
}
330
D5F
100
AcDbScale
 70
     0
300
1:40
140
1.0
141
40.0
290
     0
  0
SCALE
  5
D6A
102
{ACAD_REACTORS
330
D5F
102
}
330
D5F
100
AcDbScale
 70
     0
300
1:50
140
1.0
141
50.0
290
     0
  0
SCALE
  5
D6B
102
{ACAD_REACTORS
330
D5F
102
}
330
D5F
100
AcDbScale
 70
     0
300
1:100
140
1.0
141
100.0
290
     0
  0
SCALE
  5
D6C
102
{ACAD_REACTORS
330
D5F
102
}
330
D5F
100
AcDbScale
 70
     0
300
2:1
140
2.0
141
1.0
290
     0
  0
SCALE
  5
D6D
102
{ACAD_REACTORS
330
D5F
102
}
330
D5F
100
AcDbScale
 70
     0
300
4:1
140
4.0
141
1.0
290
     0
  0
SCALE
  5
D6E
102
{ACAD_REACTORS
330
D5F
102
}
330
D5F
100
AcDbScale
 70
     0
300
8:1
140
8.0
141
1.0
290
     0
  0
SCALE
  5
D6F
102
{ACAD_REACTORS
330
D5F
102
}
330
D5F
100
AcDbScale
 70
     0
300
10:1
140
10.0
141
1.0
290
     0
  0
SCALE
  5
D70
102
{ACAD_REACTORS
330
D5F
102
}
330
D5F
100
AcDbScale
 70
     0
300
100:1
140
100.0
141
1.0
290
     0
  0
TABLESTYLE
  5
D5E
102
{ACAD_XDICTIONARY
360
1541
102
}
102
{ACAD_REACTORS
330
D5D
102
}
330
D5D
100
AcDbTableStyle
  3
Standard
 70
     0
 71
     0
 40
1.5
 41
1.5
280
     0
281
     0
  7
Standard
140
4.5
170
     2
 62
     0
 63
     7
283
     0
274
    -2
284
     1
 64
     0
275
    -2
285
     1
 65
     0
276
    -2
286
     1
 66
     0
277
    -2
287
     1
 67
     0
278
    -2
288
     1
 68
     0
279
    -2
289
     1
 69
     0
  7
Standard
140
6.0
170
     5
 62
     0
 63
     7
283
     0
274
    -2
284
     1
 64
     0
275
    -2
285
     1
 65
     0
276
    -2
286
     1
 66
     0
277
    -2
287
     1
 67
     0
278
    -2
288
     1
 68
     0
279
    -2
289
     1
 69
     0
  7
Standard
140
4.5
170
     5
 62
     0
 63
     7
283
     0
274
    -2
284
     1
 64
     0
275
    -2
285
     1
 65
     0
276
    -2
286
     1
 66
     0
277
    -2
287
     1
 67
     0
278
    -2
288
     1
 68
     0
279
    -2
289
     1
 69
     0
  0
VISUALSTYLE
  5
2F
102
{ACAD_XDICTIONARY
360
1552
102
}
102
{ACAD_REACTORS
330
2A
102
}
330
2A
100
AcDbVisualStyle
  2

 70
     4
 71
     0
 72
     2
 73
     0
 90
        0
 40
-0.6
 41
-30.0
 62
     5
 63
     7
 74
     1
 91
        4
 64
     7
 65
   257
 75
     1
175
     1
 42
1.0
 92
        0
 66
   257
 43
1.0
 76
     1
 77
     6
 78
     2
 67
     7
 79
     5
170
     0
171
     0
290
     0
174
     0
 93
        1
 44
0.0
173
     0
291
     0
 45
0.0
1001
ACAD
1000
AcDbSavedByObjectVersion
1070
     0
  0
VISUALSTYLE
  5
31
102
{ACAD_XDICTIONARY
360
1556
102
}
102
{ACAD_REACTORS
330
2A
102
}
330
2A
100
AcDbVisualStyle
  2

 70
     6
 71
     1
 72
     2
 73
     2
 90
        0
 40
-0.6
 41
-30.0
 62
     5
 63
     7
 74
     2
 91
        2
 64
     7
 65
   257
 75
     2
175
     1
 42
40.0
 92
        0
 66
   257
 43
1.0
 76
     1
 77
     6
 78
     2
 67
     7
 79
     3
170
     0
171
     0
290
     0
174
     0
 93
        1
 44
0.0
173
     0
291
     0
 45
0.0
1001
ACAD
1000
AcDbSavedByObjectVersion
1070
     0
  0
VISUALSTYLE
  5
30
102
{ACAD_XDICTIONARY
360
1554
102
}
102
{ACAD_REACTORS
330
2A
102
}
330
2A
100
AcDbVisualStyle
  2

 70
     5
 71
     0
 72
     2
 73
     0
 90
        0
 40
-0.6
 41
-30.0
 62
     5
 63
     7
 74
     1
 91
        4
 64
     7
 65
   257
 75
     1
175
     1
 42
1.0
 92
        0
 66
   257
 43
1.0
 76
     1
 77
     6
 78
     2
 67
     7
 79
     5
170
     0
171
     0
290
     0
174
     0
 93
        1
 44
0.0
173
     0
291
     0
 45
0.0
1001
ACAD
1000
AcDbSavedByObjectVersion
1070
     0
  0
VISUALSTYLE
  5
32
102
{ACAD_XDICTIONARY
360
1558
102
}
102
{ACAD_REACTORS
330
2A
102
}
330
2A
100
AcDbVisualStyle
  2

 70
     7
 71
     1
 72
     0
 73
     1
 90
        0
 40
-0.6
 41
-30.0
 62
     5
 63
     7
 74
     0
 91
        4
 64
     7
 65
   257
 75
     1
175
     1
 42
1.0
 92
        8
 66
     7
 43
1.0
 76
     1
 77
     6
 78
     2
 67
     7
 79
     5
170
     0
171
     0
290
     0
174
     0
 93
        1
 44
0.0
173
     0
291
     1
 45
0.0
1001
ACAD
1000
AcDbSavedByObjectVersion
1070
     0
  0
VISUALSTYLE
  5
36
102
{ACAD_XDICTIONARY
360
1560
102
}
102
{ACAD_REACTORS
330
2A
102
}
330
2A
100
AcDbVisualStyle
  2

 70
    12
 71
     2
 72
     2
 73
     0
 90
        0
 40
-0.6
 41
-30.0
 62
     5
 63
     7
 74
     1
 91
        4
 64
     7
 65
   257
 75
     1
175
     1
 42
1.0
 92
        8
 66
     7
 43
1.0
 76
     1
 77
     6
 78
     2
 67
     7
 79
     5
170
     0
171
     0
290
     0
174
     0
 93
        1
 44
50.0
173
     0
291
     1
 45
0.0
1001
ACAD
1000
AcDbSavedByObjectVersion
1070
     0
  0
VISUALSTYLE
  5
3A
102
{ACAD_XDICTIONARY
360
1568
102
}
102
{ACAD_REACTORS
330
2A
102
}
330
2A
100
AcDbVisualStyle
  2

 70
    16
 71
     2
 72
     2
 73
     3
 90
        0
 40
-0.6
 41
-30.0
 62
     5
 63
     8
 74
     1
 91
        4
 64
     7
 65
   257
 75
     1
175
     1
 42
1.0
 92
        8
 66
     8
 43
1.0
 76
     1
 77
     6
 78
     2
 67
     7
 79
     5
170
     0
171
     0
290
     0
174
     0
 93
        1
 44
0.0
173
     0
291
     1
 45
0.0
1001
ACAD
1000
AcDbSavedByObjectVersion
1070
     0
  0
VISUALSTYLE
  5
34
102
{ACAD_XDICTIONARY
360
155C
102
}
102
{ACAD_REACTORS
330
2A
102
}
330
2A
100
AcDbVisualStyle
  2

 70
     9
 71
     3
 72
     2
 73
     0
 90
        0
 40
-0.6
 41
-30.0
 62
     5
 63
     7
 74
     2
 91
        2
 64
     7
 65
   257
 75
     1
175
     1
 42
40.0
 92
        8
 66
     7
 43
1.0
 76
     1
 77
     6
 78
     2
 67
     7
 79
     3
170
     0
171
     0
290
     0
174
     0
 93
        1
 44
0.0
173
     0
291
     0
 45
0.0
1001
ACAD
1000
AcDbSavedByObjectVersion
1070
     0
  0
VISUALSTYLE
  5
35
102
{ACAD_XDICTIONARY
360
155E
102
}
102
{ACAD_REACTORS
330
2A
102
}
330
2A
100
AcDbVisualStyle
  2

 70
    11
 71
     2
 72
     2
 73
     0
 90
        0
 40
-0.6
 41
-30.0
 62
     5
 63
     7
 74
     1
 91
        4
 64
     7
 65
   257
 75
     1
175
     1
 42
1.0
 92
        8
 66
     7
 43
1.0
 76
     1
 77
     6
 78
     2
 67
     7
 79
     5
170
     0
171
     0
290
     0
174
     0
 93
        1
 44
-50.0
173
     0
291
     1
 45
0.0
1001
ACAD
1000
AcDbSavedByObjectVersion
1070
     0
  0
VISUALSTYLE
  5
D5B
102
{ACAD_XDICTIONARY
360
157C
102
}
102
{ACAD_REACTORS
330
2A
102
}
330
2A
100
AcDbVisualStyle
  2
EdgeColorOff
 70
    22
 71
     2
 72
     2
 73
     0
 90
        0
 40
-0.6
 41
-30.0
 62
     5
 63
     7
 74
     1
 91
        4
 64
     7
 65
   257
 75
     1
175
     1
 42
1.0
 92
        8
 66
     7
 43
1.0
 76
     1
 77
     6
 78
     2
 67
     7
 79
     5
170
     0
171
     0
290
     0
174
     0
 93
        1
 44
0.0
173
     0
291
     1
 45
0.0
1001
ACAD
1000
AcDbSavedByObjectVersion
1070
     0
  0
VISUALSTYLE
  5
39
102
{ACAD_XDICTIONARY
360
1566
102
}
102
{ACAD_REACTORS
330
2A
102
}
330
2A
100
AcDbVisualStyle
  2

 70
    15
 71
     2
 72
     2
 73
     0
 90
        0
 40
-0.6
 41
-30.0
 62
     5
 63
     7
 74
     1
 91
        4
 64
     7
 65
   257
 75
     1
175
     1
 42
1.0
 92
        8
 66
     7
 43
1.0
 76
     1
 77
     6
 78
     2
 67
     7
 79
     5
170
     0
171
     0
290
     0
174
     0
 93
        1
 44
0.0
173
     0
291
     1
 45
0.0
1001
ACAD
1000
AcDbSavedByObjectVersion
1070
     0
  0
VISUALSTYLE
  5
2B
102
{ACAD_XDICTIONARY
360
154A
102
}
102
{ACAD_REACTORS
330
2A
102
}
330
2A
100
AcDbVisualStyle
  2

 70
     0
 71
     2
 72
     1
 73
     1
 90
        2
 40
-0.6
 41
30.0
 62
     5
 63
     7
 74
     0
 91
        4
 64
     7
 65
   257
 75
     1
175
     1
 42
1.0
 92
        8
 66
     7
 43
1.0
 76
     1
 77
     6
 78
     2
 67
     7
 79
     5
170
     0
171
     0
290
     0
174
     0
 93
       13
 44
0.0
173
     0
291
     1
 45
0.0
1001
ACAD
1000
AcDbSavedByObjectVersion
1070
     0
  0
VISUALSTYLE
  5
2C
102
{ACAD_XDICTIONARY
360
154C
102
}
102
{ACAD_REACTORS
330
2A
102
}
330
2A
100
AcDbVisualStyle
  2

 70
     1
 71
     2
 72
     1
 73
     1
 90
        2
 40
-0.6
 41
30.0
 62
     5
 63
     7
 74
     1
 91
        4
 64
     7
 65
   257
 75
     1
175
     1
 42
1.0
 92
        0
 66
   257
 43
1.0
 76
     1
 77
     6
 78
     2
 67
     7
 79
     5
170
     0
171
     0
290
     0
174
     0
 93
       13
 44
0.0
173
     0
291
     1
 45
0.0
1001
ACAD
1000
AcDbSavedByObjectVersion
1070
     0
  0
VISUALSTYLE
  5
2D
102
{ACAD_XDICTIONARY
360
154E
102
}
102
{ACAD_REACTORS
330
2A
102
}
330
2A
100
AcDbVisualStyle
  2

 70
     2
 71
     2
 72
     2
 73
     1
 90
        2
 40
-0.6
 41
30.0
 62
     5
 63
     7
 74
     0
 91
        4
 64
     7
 65
   257
 75
     1
175
     1
 42
1.0
 92
        0
 66
     7
 43
1.0
 76
     1
 77
     6
 78
     2
 67
     7
 79
     5
170
     0
171
     0
290
     0
174
     0
 93
       13
 44
0.0
173
     0
291
     1
 45
0.0
1001
ACAD
1000
AcDbSavedByObjectVersion
1070
     0
  0
VISUALSTYLE
  5
2E
102
{ACAD_XDICTIONARY
360
1550
102
}
102
{ACAD_REACTORS
330
2A
102
}
330
2A
100
AcDbVisualStyle
  2

 70
     3
 71
     2
 72
     2
 73
     1
 90
        2
 40
-0.6
 41
30.0
 62
     5
 63
     7
 74
     1
 91
        4
 64
     7
 65
   257
 75
     1
175
     1
 42
1.0
 92
        0
 66
   257
 43
1.0
 76
     1
 77
     6
 78
     2
 67
     7
 79
     5
170
     0
171
     0
290
     0
174
     0
 93
       13
 44
0.0
173
     0
291
     1
 45
0.0
1001
ACAD
1000
AcDbSavedByObjectVersion
1070
     0
  0
VISUALSTYLE
  5
D53
102
{ACAD_XDICTIONARY
360
156C
102
}
102
{ACAD_REACTORS
330
2A
102
}
330
2A
100
AcDbVisualStyle
  2
Hidden
 70
     6
 71
     1
 72
     2
 73
     2
 90
        0
 40
-0.6
 41
-30.0
 62
     5
 63
     7
 74
     2
 91
        2
 64
     7
 65
   257
 75
     2
175
     1
 42
40.0
 92
        0
 66
   257
 43
1.0
 76
     1
 77
     6
 78
     2
 67
     7
 79
     3
170
     0
171
     0
290
     0
174
     0
 93
        1
 44
0.0
173
     0
291
     0
 45
0.0
1001
ACAD
1000
AcDbSavedByObjectVersion
1070
     0
  0
VISUALSTYLE
  5
D59
102
{ACAD_XDICTIONARY
360
1578
102
}
102
{ACAD_REACTORS
330
2A
102
}
330
2A
100
AcDbVisualStyle
  2
JitterOff
 70
    20
 71
     2
 72
     2
 73
     0
 90
        0
 40
-0.6
 41
-30.0
 62
     5
 63
     7
 74
     1
 91
        4
 64
     7
 65
   257
 75
     1
175
     1
 42
1.0
 92
       10
 66
     7
 43
1.0
 76
     1
 77
     6
 78
     2
 67
     7
 79
     5
170
     0
171
     0
290
     0
174
     0
 93
        1
 44
0.0
173
     0
291
     1
 45
0.0
1001
ACAD
1000
AcDbSavedByObjectVersion
1070
     0
  0
VISUALSTYLE
  5
38
102
{ACAD_XDICTIONARY
360
1564
102
}
102
{ACAD_REACTORS
330
2A
102
}
330
2A
100
AcDbVisualStyle
  2

 70
    14
 71
     2
 72
     2
 73
     0
 90
        0
 40
-0.6
 41
-30.0
 62
     5
 63
     7
 74
     1
 91
        4
 64
     7
 65
   257
 75
     7
175
     7
 42
1.0
 92
        8
 66
     7
 43
1.0
 76
     1
 77
     6
 78
     2
 67
     7
 79
     5
170
     0
171
     0
290
     0
174
     0
 93
        1
 44
0.0
173
     0
291
     1
 45
0.0
1001
ACAD
1000
AcDbSavedByObjectVersion
1070
     0
  0
VISUALSTYLE
  5
D5A
102
{ACAD_XDICTIONARY
360
157A
102
}
102
{ACAD_REACTORS
330
2A
102
}
330
2A
100
AcDbVisualStyle
  2
OverhangOff
 70
    21
 71
     2
 72
     2
 73
     0
 90
        0
 40
-0.6
 41
-30.0
 62
     5
 63
     7
 74
     1
 91
        4
 64
     7
 65
   257
 75
     1
175
     1
 42
1.0
 92
        9
 66
     7
 43
1.0
 76
     1
 77
     6
 78
     2
 67
     7
 79
     5
170
     0
171
     0
290
     0
174
     0
 93
        1
 44
0.0
173
     0
291
     1
 45
0.0
1001
ACAD
1000
AcDbSavedByObjectVersion
1070
     0
  0
VISUALSTYLE
  5
33
102
{ACAD_XDICTIONARY
360
155A
102
}
102
{ACAD_REACTORS
330
2A
102
}
330
2A
100
AcDbVisualStyle
  2

 70
     8
 71
     2
 72
     2
 73
     0
 90
        0
 40
-0.6
 41
-30.0
 62
     5
 63
     7
 74
     1
 91
        0
 64
     7
 65
   257
 75
     1
175
     1
 42
1.0
 92
        8
 66
     8
 43
1.0
 76
     1
 77
     6
 78
     2
 67
     7
 79
     5
170
     0
171
     0
290
     0
174
     0
 93
       13
 44
0.0
173
     0
291
     0
 45
0.0
1001
ACAD
1000
AcDbSavedByObjectVersion
1070
     0
  0
VISUALSTYLE
  5
D58
102
{ACAD_XDICTIONARY
360
1576
102
}
102
{ACAD_REACTORS
330
2A
102
}
330
2A
100
AcDbVisualStyle
  2
Shaded
 70
    27
 71
     2
 72
     2
 73
     1
 90
        2
 40
-0.6
 41
30.0
 62
     5
 63
     7
 74
     0
 91
        4
 64
     7
 65
   257
 75
     1
175
     1
 42
1.0
 92
        8
 66
   257
 43
1.0
 76
     1
 77
     6
 78
     2
 67
     8
 79
     3
170
     0
171
     0
290
     0
174
     0
 93
        5
 44
0.0
173
     0
291
     0
 45
0.0
1001
ACAD
1000
AcDbSavedByObjectVersion
1070
     0
  0
VISUALSTYLE
  5
D57
102
{ACAD_XDICTIONARY
360
1574
102
}
102
{ACAD_REACTORS
330
2A
102
}
330
2A
100
AcDbVisualStyle
  2
Shaded with edges
 70
    26
 71
     2
 72
     2
 73
     1
 90
        2
 40
-0.6
 41
30.0
 62
     5
 63
     7
 74
     1
 91
       10
 64
     7
 65
   257
 75
     2
175
     1
 42
1.0
 92
        8
 66
   257
 43
1.0
 76
     1
 77
     6
 78
     2
 67
     7
 79
     3
170
     0
171
     0
290
     0
174
     0
 93
        5
 44
0.0
173
     0
291
     0
 45
0.0
1001
ACAD
1000
AcDbSavedByObjectVersion
1070
     0
  0
VISUALSTYLE
  5
D54
102
{ACAD_XDICTIONARY
360
156E
102
}
102
{ACAD_REACTORS
330
2A
102
}
330
2A
100
AcDbVisualStyle
  2
Shades of Gray
 70
    23
 71
     2
 72
     2
 73
     3
 90
        0
 40
-0.6
 41
-30.0
 62
     5
 63
     7
 74
     2
 91
        2
 64
     7
 65
     7
 75
     1
175
     1
 42
40.0
 92
        8
 66
     7
 43
1.0
 76
     1
 77
     6
 78
     2
 67
     7
 79
     3
170
     0
171
     0
290
     0
174
     0
 93
        1
 44
0.0
173
     0
291
     0
 45
0.0
1001
ACAD
1000
AcDbSavedByObjectVersion
1070
     0
  0
VISUALSTYLE
  5
D55
102
{ACAD_XDICTIONARY
360
1570
102
}
102
{ACAD_REACTORS
330
2A
102
}
330
2A
100
AcDbVisualStyle
  2
Sketchy
 70
    24
 71
     1
 72
     2
 73
     2
 90
        0
 40
-0.6
 41
-30.0
 62
     5
 63
     7
 74
     2
 91
        2
 64
     7
 65
     7
 75
     1
175
     1
 42
40.0
 92
       11
 66
     7
 43
1.0
 76
     1
 77
     6
 78
     2
 67
     7
 79
     6
170
     0
171
     0
290
     0
174
     0
 93
        1
 44
0.0
173
     0
291
     0
 45
0.0
1001
ACAD
1000
AcDbSavedByObjectVersion
1070
     0
  0
VISUALSTYLE
  5
37
102
{ACAD_XDICTIONARY
360
1562
102
}
102
{ACAD_REACTORS
330
2A
102
}
330
2A
100
AcDbVisualStyle
  2

 70
    13
 71
     2
 72
     2
 73
     0
 90
        0
 40
-0.6
 41
-30.0
 62
     5
 63
     7
 74
     1
 91
        4
 64
     7
 65
   257
 75
     1
175
     1
 42
1.0
 92
       12
 66
     7
 43
1.0
 76
     1
 77
     6
 78
     2
 67
     7
 79
     5
170
     0
171
     0
290
     0
174
     0
 93
        1
 44
0.0
173
     0
291
     1
 45
0.0
1001
ACAD
1000
AcDbSavedByObjectVersion
1070
     0
  0
VISUALSTYLE
  5
D52
102
{ACAD_XDICTIONARY
360
156A
102
}
102
{ACAD_REACTORS
330
2A
102
}
330
2A
100
AcDbVisualStyle
  2
Wireframe
 70
     5
 71
     0
 72
     2
 73
     0
 90
        0
 40
-0.6
 41
-30.0
 62
     5
 63
     7
 74
     1
 91
        4
 64
     7
 65
   257
 75
     1
175
     1
 42
1.0
 92
        0
 66
   257
 43
1.0
 76
     1
 77
     6
 78
     2
 67
     7
 79
     3
170
     0
171
     0
290
     0
174
     0
 93
        1
 44
0.0
173
     0
291
     0
 45
0.0
1001
ACAD
1000
AcDbSavedByObjectVersion
1070
     0
  0
VISUALSTYLE
  5
D56
102
{ACAD_XDICTIONARY
360
1572
102
}
102
{ACAD_REACTORS
330
2A
102
}
330
2A
100
AcDbVisualStyle
  2
X-Ray
 70
    25
 71
     2
 72
     2
 73
     1
 90
        1
 40
0.5
 41
-30.0
 62
     5
 63
     7
 74
     1
 91
        0
 64
     7
 65
   257
 75
     1
175
     1
 42
1.0
 92
        8
 66
     7
 43
1.0
 76
     1
 77
     6
 78
     2
 67
     7
 79
     3
170
     0
171
     0
290
     0
174
     0
 93
       13
 44
0.0
173
     0
291
     0
 45
0.0
1001
ACAD
1000
AcDbSavedByObjectVersion
1070
     0
  0
DICTIONARYVAR
  5
E66
102
{ACAD_REACTORS
330
D24
102
}
330
D24
100
DictionaryVariables
280
     0
  1
1:1
  0
DICTIONARYVAR
  5
E64
102
{ACAD_REACTORS
330
D24
102
}
330
D24
100
DictionaryVariables
280
     0
  1
STANDARD
  0
DICTIONARYVAR
  5
E63
102
{ACAD_REACTORS
330
D24
102
}
330
D24
100
DictionaryVariables
280
     0
  1
STANDARD
  0
DICTIONARYVAR
  5
D27
102
{ACAD_REACTORS
330
D24
102
}
330
D24
100
DictionaryVariables
280
     0
  1
2
  0
DICTIONARYVAR
  5
D28
102
{ACAD_REACTORS
330
D24
102
}
330
D24
100
DictionaryVariables
280
     0
  1
1
  0
DICTIONARYVAR
  5
153F
102
{ACAD_REACTORS
330
D24
102
}
330
D24
100
DictionaryVariables
280
     0
  1
0
  0
DICTIONARYVAR
  5
E68
102
{ACAD_REACTORS
330
D24
102
}
330
D24
100
DictionaryVariables
280
     0
  1
1
  0
DICTIONARYVAR
  5
E69
102
{ACAD_REACTORS
330
D24
102
}
330
D24
100
DictionaryVariables
280
     0
  1
15
  0
DICTIONARYVAR
  5
E67
102
{ACAD_REACTORS
330
D24
102
}
330
D24
100
DictionaryVariables
280
     0
  1
0
  0
DICTIONARYVAR
  5
E65
102
{ACAD_REACTORS
330
D24
102
}
330
D24
100
DictionaryVariables
280
     0
  1
0
  0
DICTIONARYVAR
  5
153E
102
{ACAD_REACTORS
330
D24
102
}
330
D24
100
DictionaryVariables
280
     0
  1
127
  0
DICTIONARYVAR
  5
1540
102
{ACAD_REACTORS
330
D24
102
}
330
D24
100
DictionaryVariables
280
     0
  1
2
  0
DICTIONARY
  5
1545
330
1E
100
AcDbDictionary
280
     1
281
     1
  3
ACAD_XREC_ROUNDTRIP
360
1546
  0
DICTIONARY
  5
1548
330
26
100
AcDbDictionary
280
     1
281
     1
  3
ACAD_XREC_ROUNDTRIP
360
1549
  0
DICTIONARY
  5
E61
330
22
100
AcDbDictionary
280
     1
281
     1
  3
ACAD_XREC_ROUNDTRIP
360
1547
  3
ADSK_XREC_LAYOUTTHUMBNAIL
360
E62
  0
DICTIONARY
  5
D4B
330
3D
100
AcDbDictionary
280
     1
281
     1
  3
ACAD_XREC_ROUNDTRIP
360
D4C
  0
DICTIONARY
  5
D49
330
3C
100
AcDbDictionary
280
     1
281
     1
  3
ACAD_XREC_ROUNDTRIP
360
D4A
  0
DICTIONARY
  5
D4D
330
3E
100
AcDbDictionary
280
     1
281
     1
  3
ACAD_XREC_ROUNDTRIP
360
D4E
  0
DICTIONARY
  5
1541
330
D5E
100
AcDbDictionary
280
     1
281
     1
  3
ACAD_ROUNDTRIP_2008_TABLESTYLE_CELLSTYLEMAP
360
1542
  3
ACAD_XREC_ROUNDTRIP
360
157E
  0
DICTIONARY
  5
1552
330
2F
100
AcDbDictionary
280
     1
281
     1
  3
ACAD_XREC_ROUNDTRIP
360
1553
  0
DICTIONARY
  5
1556
330
31
100
AcDbDictionary
280
     1
281
     1
  3
ACAD_XREC_ROUNDTRIP
360
1557
  0
DICTIONARY
  5
1554
330
30
100
AcDbDictionary
280
     1
281
     1
  3
ACAD_XREC_ROUNDTRIP
360
1555
  0
DICTIONARY
  5
1558
330
32
100
AcDbDictionary
280
     1
281
     1
  3
ACAD_XREC_ROUNDTRIP
360
1559
  0
DICTIONARY
  5
1560
330
36
100
AcDbDictionary
280
     1
281
     1
  3
ACAD_XREC_ROUNDTRIP
360
1561
  0
DICTIONARY
  5
1568
330
3A
100
AcDbDictionary
280
     1
281
     1
  3
ACAD_XREC_ROUNDTRIP
360
1569
  0
DICTIONARY
  5
155C
330
34
100
AcDbDictionary
280
     1
281
     1
  3
ACAD_XREC_ROUNDTRIP
360
155D
  0
DICTIONARY
  5
155E
330
35
100
AcDbDictionary
280
     1
281
     1
  3
ACAD_XREC_ROUNDTRIP
360
155F
  0
DICTIONARY
  5
157C
330
D5B
100
AcDbDictionary
280
     1
281
     1
  3
ACAD_XREC_ROUNDTRIP
360
157D
  0
DICTIONARY
  5
1566
330
39
100
AcDbDictionary
280
     1
281
     1
  3
ACAD_XREC_ROUNDTRIP
360
1567
  0
DICTIONARY
  5
154A
330
2B
100
AcDbDictionary
280
     1
281
     1
  3
ACAD_XREC_ROUNDTRIP
360
154B
  0
DICTIONARY
  5
154C
330
2C
100
AcDbDictionary
280
     1
281
     1
  3
ACAD_XREC_ROUNDTRIP
360
154D
  0
DICTIONARY
  5
154E
330
2D
100
AcDbDictionary
280
     1
281
     1
  3
ACAD_XREC_ROUNDTRIP
360
154F
  0
DICTIONARY
  5
1550
330
2E
100
AcDbDictionary
280
     1
281
     1
  3
ACAD_XREC_ROUNDTRIP
360
1551
  0
DICTIONARY
  5
156C
330
D53
100
AcDbDictionary
280
     1
281
     1
  3
ACAD_XREC_ROUNDTRIP
360
156D
  0
DICTIONARY
  5
1578
330
D59
100
AcDbDictionary
280
     1
281
     1
  3
ACAD_XREC_ROUNDTRIP
360
1579
  0
DICTIONARY
  5
1564
330
38
100
AcDbDictionary
280
     1
281
     1
  3
ACAD_XREC_ROUNDTRIP
360
1565
  0
DICTIONARY
  5
157A
330
D5A
100
AcDbDictionary
280
     1
281
     1
  3
ACAD_XREC_ROUNDTRIP
360
157B
  0
DICTIONARY
  5
155A
330
33
100
AcDbDictionary
280
     1
281
     1
  3
ACAD_XREC_ROUNDTRIP
360
155B
  0
DICTIONARY
  5
1576
330
D58
100
AcDbDictionary
280
     1
281
     1
  3
ACAD_XREC_ROUNDTRIP
360
1577
  0
DICTIONARY
  5
1574
330
D57
100
AcDbDictionary
280
     1
281
     1
  3
ACAD_XREC_ROUNDTRIP
360
1575
  0
DICTIONARY
  5
156E
330
D54
100
AcDbDictionary
280
     1
281
     1
  3
ACAD_XREC_ROUNDTRIP
360
156F
  0
DICTIONARY
  5
1570
330
D55
100
AcDbDictionary
280
     1
281
     1
  3
ACAD_XREC_ROUNDTRIP
360
1571
  0
DICTIONARY
  5
1562
330
37
100
AcDbDictionary
280
     1
281
     1
  3
ACAD_XREC_ROUNDTRIP
360
1563
  0
DICTIONARY
  5
156A
330
D52
100
AcDbDictionary
280
     1
281
     1
  3
ACAD_XREC_ROUNDTRIP
360
156B
  0
DICTIONARY
  5
1572
330
D56
100
AcDbDictionary
280
     1
281
     1
  3
ACAD_XREC_ROUNDTRIP
360
1573
  0
XRECORD
  5
1546
102
{ACAD_REACTORS
330
1545
102
}
330
1545
100
AcDbXrecord
280
     1
102
SHADEPLOT
 70
     0
102
SHADEPLOTRESLEVEL
 70
     2
102
SHADEPLOTCUSTOMDPI
 70
   300
  0
XRECORD
  5
1549
102
{ACAD_REACTORS
330
1548
102
}
330
1548
100
AcDbXrecord
280
     1
102
SHADEPLOT
 70
     0
102
SHADEPLOTRESLEVEL
 70
     2
102
SHADEPLOTCUSTOMDPI
 70
   300
  0
XRECORD
  5
1547
102
{ACAD_REACTORS
330
E61
102
}
330
E61
100
AcDbXrecord
280
     1
102
SHADEPLOT
 70
     0
102
SHADEPLOTRESLEVEL
 70
     2
102
SHADEPLOTCUSTOMDPI
 70
   300
  0
XRECORD
  5
E62
102
{ACAD_REACTORS
330
E61
102
}
330
E61
100
AcDbXrecord
280
     1
310
28000000000100007A0000000100080000000000007A0000000000000000000000010000000000003028210000000000FFFFFF000000000000000000000000000000000000000000000000000000000000000000330000006600000099000000CC000000FF00000000330000333300006633000099330000CC330000FF3300
310
0000660000336600006666000099660000CC660000FF66000000990000339900006699000099990000CC990000FF99000000CC000033CC000066CC000099CC0000CCCC0000FFCC000000FF000033FF000066FF000099FF0000CCFF0000FFFF000000003300330033006600330099003300CC003300FF003300003333003333
310
33006633330099333300CC333300FF33330000663300336633006666330099663300CC663300FF66330000993300339933006699330099993300CC993300FF99330000CC330033CC330066CC330099CC3300CCCC3300FFCC330000FF330033FF330066FF330099FF3300CCFF3300FFFF330000006600330066006600660099
310
006600CC006600FF00660000336600333366006633660099336600CC336600FF33660000666600336666006666660099666600CC666600FF66660000996600339966006699660099996600CC996600FF99660000CC660033CC660066CC660099CC6600CCCC6600FFCC660000FF660033FF660066FF660099FF6600CCFF6600
310
FFFF660000009900330099006600990099009900CC009900FF00990000339900333399006633990099339900CC339900FF33990000669900336699006666990099669900CC669900FF66990000999900339999006699990099999900CC999900FF99990000CC990033CC990066CC990099CC9900CCCC9900FFCC990000FF99
310
0033FF990066FF990099FF9900CCFF9900FFFF99000000CC003300CC006600CC009900CC00CC00CC00FF00CC000033CC003333CC006633CC009933CC00CC33CC00FF33CC000066CC003366CC006666CC009966CC00CC66CC00FF66CC000099CC003399CC006699CC009999CC00CC99CC00FF99CC0000CCCC0033CCCC0066CC
310
CC0099CCCC00CCCCCC00FFCCCC0000FFCC0033FFCC0066FFCC0099FFCC00CCFFCC00FFFFCC000000FF003300FF006600FF009900FF00CC00FF00FF00FF000033FF003333FF006633FF009933FF00CC33FF00FF33FF000066FF003366FF006666FF009966FF00CC66FF00FF66FF000099FF003399FF006699FF009999FF00CC
310
99FF00FF99FF0000CCFF0033CCFF0066CCFF0099CCFF00CCCCFF00FFCCFF0000FFFF0033FFFF0066FFFF0099FFFF00CCFFFF00FFFFFF00000000000D0D0D001A1A1A00282828003535350043434300505050005D5D5D006B6B6B00787878008686860093939300A1A1A100AEAEAE00BBBBBB00C9C9C900D6D6D600E4E4E400
310
F1F1F100FFFFFF000000000000000000000000000000000000000000000000000000000000000000000000000000000000000000000000000000000000000000000000000000000000000000000000000000000000000000000000000000000000000000000000000000000000000000000000000000000000000000000000
310
00000000000000000000000000000000000000000000F5F5F5F5F5F5F5F5F5F5F5F5F5F5F5F5F5F5F5F5F5F5F5F5F5F5F5F5F5F5F5F5F5F5F5F5F5F5F5F5F5F5F5F500000000000000000000000000000000000000000000000000000000000000000000000000000000000000000000000000000000000000000000000000
310
00000000000000000000000000000000000000000000000000000000000000000000000000000000000000000000000000000000000000000000000000000000000000000000000000000000000000000000000000000000000000000000000000000000000000000000000000000000000000000000000000000000000000
310
00000000000000000000000000000000000000000000F5F5F500000000F5F50000000000000000000000F5000000000000000000000000000000000000000000F50000F50000000000000000000000000000000000000000000000000000000000000000000000000000000000000000000000000000000000000000000000
310
00000000000000000000000000000000000000000000000000000000000000000000000000000000000000000000000000000000000000000000000000000000000000000000000000000000000000000000000000000000000000000000000000000000000000000000000000000000000000000000000000000000000000
310
000000000000000000000000000000000000000000000000F5F5F500000000F5F50000000000000000000000F5000000000000000000000000000000000000000000F50000F5F50000000000000000000000000000000000000000000000000000000000000000000000000000000000000000000000000000000000000000
310
00000000000000000000000000000000000000000000000000000000000000000000000000000000000000000000000000000000000000000000000000000000000000000000000000000000000000000000000000000000000000000000000000000000000000000000000000000000000000000000000000000000000000
310
000000000000000000000000000000000000000000000000000000F5F500000000F5F50000000000000000000000F5000000000000000000000000000000000000000000F50000F5F5000000000000000000000000000000000000000000000000000000000000000000000000000000000000000000000000000000000000
310
00000000000000000000000000000000000000000000000000000000000000000000000000000000000000000000000000000000000000000000000000000000000000000000000000000000000000000000000000000000000000000000000000000000000000000000000000000000000000000000000000000000000000
310
0000000000000000000000000000000000000000000000000000000000F5F50000000000F50000000000000000000000F5000000000000000000000000000000000000000000F50000F5F500000000000000000000000000000000000000000000000000000000000000000000000000000000000000000000000000000000
310
00000000000000000000000000000000000000000000000000000000000000000000000000000000000000000000000000000000000000000000000000000000000000000000000000000000000000000000000000000000000000000000000000000000000000000000000000000000000000000000000000000000000000
310
00000000000000000000000000000000000000000000000000000000000000F5F5F5F5F5F5F5F5F5F5F5F5F5F5F5F5F5F5F5F5F5F5F5F5F5F5F5F5F5F5F5F5F5F5F5F5F5F5F5F5F5F50000F5F50000000000000000000000000000000000000000000000000000000000000000000000000000000000000000000000000000
310
00000000000000000000000000000000000000000000000000000000000000000000000000000000000000000000000000000000000000000000000000000000000000000000000000000000000000000000000000000000000000000000000000000000000000000000000000000000000000000000000000000000000000
310
000000000000000000000000000000000000000000000000000000000000000000F5F5000000F5F5F50000000000000000000000F5000000000000000000000000000000000000000000F50000F5F5000000000000000000000000000000000000000000000000000000000000000000000000000000000000000000000000
310
00000000000000000000000000000000000000000000000000000000000000000000000000000000000000000000000000000000000000000000000000000000000000000000000000000000000000000000000000000000000000000000000000000000000000000000000000000000000000000000000000000000000000
310
0000000000000000000000000000000000000000000000000000000000000000000000F5F5F5F5F5F5F5F50000000000000000000000F5000000000000000000000000000000000000000000F50000F5F500000000000000000000000000000000000000000000000000000000000000000000000000000000000000000000
310
00000000000000000000000000000000000000000000000000000000000000000000000000000000000000000000000000000000000000000000000000000000000000000000000000000000000000000000000000000000000000000000000000000000000000000000000000000000000000000000000000000000000000
310
00000000000000000000000000000000000000000000000000000000000000000000000000F5F50000000000F50000000000000000000000F5000000000000000000000000000000000000000000F50000F5F50000000000000000000000000000000000000000000000000000000000000000000000000000000000000000
310
00000000000000000000000000000000000000000000000000000000000000000000000000000000000000000000000000000000000000000000000000000000000000000000000000000000000000000000000000000000000000000000000000000000000000000000000000000000000000000000000000000000000000
310
000000000000000000000000000000000000000000000000000000000000000000000000000000F5F50000000000F50000000000000000000000F5000000000000000000000000000000000000000000F50000F5F5F5F5F5F5F5F5F5F5F5000000000000000000000000000000000000000000000000000000000000000000
310
00000000000000000000000000000000000000000000000000000000000000000000000000000000000000000000000000000000000000000000000000000000000000000000000000000000000000000000000000000000000000000000000000000000000000000000000000000000000000000000000000000000000000
310
0000000000000000000000000000000000000000000000000000000000000000000000000000000000F5F50000000000F50000000000000000000000F5000000000000000000000000000000000000000000F50000F5F50000000000000000F500000000000000000000000000000000000000000000000000000000000000
310
00000000000000000000000000000000000000000000000000000000000000000000000000000000000000000000000000000000000000000000000000000000000000000000000000000000000000000000000000000000000000000000000000000000000000000000000000000000000000000000000000000000000000
310
00000000000000000000000000000000000000000000000000000000000000000000000000000000000000F5F50000000000F50000000000000000000000F5000000000000000000000000000000000000000000F50000F5F50000000000000000F50000000000000000000000000000000000000000000000000000000000
310
00000000000000000000000000000000000000000000000000000000000000000000000000000000000000000000000000000000000000000000000000000000000000000000000000000000000000000000000000000000000000000000000000000000000000000000000000000000000000000000000000000000000000
310
00000000000000000000000000000000000000000000000000000000000000000000000000000000000000BEBEBEBEBEBEBEBEBEBEBEBEBEBEBEBEBEBEBEBEBEBEBEBEBEBEBEBEBEBEBEBEBEBEBEBEBEBEBEBEBEBEBEF5BEBEBEBEBEBEBEBEBEBEBEBEBEBEBE00000000000000000000000000000000000000000000000000
310
00000000000000000000000000000000000000000000000000000000000000000000000000000000000000000000000000000000000000000000000000000000000000000000000000000000000000000000000000000000000000000000000000000000000000000000000000000000000000000000000000000000000000
310
0000000000000000000000000000000000000000000000000000000000000000000000000000000000000000000000F5F50000000000F50000000000000000000000F5000000000000000000000000000000000000000000F50000F5F50000000000000000F500000000000000000000000000000000000000000000000000
310
00000000000000000000000000000000000000000000000000000000000000000000000000000000000000000000000000000000000000000000000000000000000000000000000000000000000000000000000000000000000000000000000000000000000000000000000000000000000000000000000000000000000000
310
00000000000000000000000000000000000000000000000000000000000000000000000000000000000000000000000000F5F50000000000F50000000000000000000000F5000000000000000000000000000000000000000000F50000F5F50000000000000000F50000000000000000000000000000000000000000000000
310
00000000000000000000000000000000000000000000000000000000000000000000000000000000000000000000000000000000000000000000000000000000000000000000000000000000000000000000000000000000000000000000000000000000000000000000000000000000000000000000000000000000000000
310
000000000000000000000000000000000000000000000000000000000000000000000000000000000000000000000000000000F5F50000000000F50000000000000000000000F5000000000000000000000000000000000000000000F50000F5F5F5F5F5F5F5F5F5F5F5000000000000000000000000000000000000000000
310
00000000000000000000000000000000000000000000000000000000000000000000000000000000000000000000000000000000000000000000000000000000000000000000000000000000000000000000000000000000000000000000000000000000000000000000000000000000000000000000000000000000000000
310
0000000000000000000000000000000000000000000000000000000000000000000000000000000000000000000000000000000000F5F50000000000F50000000000000000000000F5000000000000000000000000000000000000000000F50000F5F500000000000000000000000000000000000000000000000000000000
310
00000000000000000000000000000000000000000000000000000000000000000000000000000000000000000000000000000000000000000000000000000000000000000000000000000000000000000000000000000000000000000000000000000000000000000000000000000000000000000000000000000000000000
310
00000000000000000000000000000000000000000000000000000000000000000000000000000000000000000000000000000000000000F5F500000000F5F50000000000000000000000F5000000000000000000000000000000000000000000F5F5F5F5F50000000000000000000000000000000000000000000000000000
310
00000000000000000000000000000000000000000000000000000000000000000000000000000000000000000000000000000000000000000000000000000000000000000000000000000000000000000000000000000000000000000000000000000000000000000000000000000000000000000000000000000000000000
310
000000000000000000000000000000000000000000000000000000000000000000000000000000000000000000000000000000000000000000F5F500000000F5F50000000000000000000000F5000000000000000000000000000000000000000000F5F5F5F5F5000000000000000000000000000000000000000000000000
310
00000000000000000000000000000000000000000000000000000000000000000000000000000000000000000000000000000000000000000000000000000000000000000000000000000000000000000000000000000000000000000000000000000000000000000000000000000000000000000000000000000000000000
310
0000000000000000000000000000000000000000000000000000000000000000000000000000000000000000000000000000000000000000000000F5F500000000F5F50000000000000000000000F5000000000000000000000000000000000000000000F5F5F5F5F500000000000000000000000000000000000000000000
310
00000000000000000000000000000000000000000000000000000000000000000000000000000000000000000000000000000000000000000000000000000000000000000000000000000000000000000000000000000000000000000000000000000000000000000000000000000000000000000000000000000000000000
310
00000000000000000000000000000000000000000000000000000000000000000000000000000000000000000000000000000000000000000000000000F5F5F5F5F5F5F5F5F5F5F5F5F5F5F5F5F5F5F5F5F5F5F5F5F5F5F5F5F5F5F5F5F5F5F5F5F5F5F5F5F5F5F5F5F5F50000000000000000000000000000000000000000
310
00000000000000000000000000000000000000000000000000000000000000000000000000000000000000000000000000000000000000000000000000000000000000000000000000000000000000000000000000000000000000000000000000000000000000000000000000000000000000000000000000000000000000
310
000000000000000000000000000000000000000000000000000000000000000000000000000000000000000000000000000000000000000000000000000000F5F50000000000F50000000000000000000000F5000000000000000000000000000000000000000000F50000F5F5000000000000000000000000000000000000
310
00000000000000000000000000000000000000000000000000000000000000000000000000000000000000000000000000000000000000000000000000000000000000000000000000000000000000000000000000000000000000000000000000000000000000000000000000000000000000000000000000000000000000
310
0000000000000000000000000000000000000000000000000000000000000000000000000000000000000000000000000000000000000000000000000000000000F5F5F5F5F5F5F5F50000000000000000000000F5000000000000000000000000000000000000000000F50000F5F500000000000000000000000000000000
310
00000000000000000000000000000000000000000000000000000000000000000000000000000000000000000000000000000000000000000000000000000000000000000000000000000000000000000000000000000000000000000000000000000000000000000000000000000000000000000000000000000000000000
310
00000000000000000000000000000000000000000000000000000000000000000000000000000000000000000000000000000000000000000000000000000000000000F5F5000000F5F5F50000000000000000000000F5000000000000000000000000000000000000000000F50000F5F50000000000000000000000000000
310
00000000000000000000000000000000000000000000000000000000000000000000000000000000000000000000000000000000000000000000000000000000000000000000000000000000000000000000000000000000000000000000000000000000000000000000000000000000000000000000000000000000000000
310
000000000000000000000000000000000000000000000000000000000000000000000000000000000000000000000000000000000000000000000000000000000000000000F5F5F5F5F5F5F5F5F5F5F5F5F5F5F5F5F5F5F5F5F5F5F5F5F5F5F5F5F5F5F5F5F5F5F5F5F5F5F5F5F5F5F5F5F500000000000000000000000000
310
00000000000000000000000000000000000000000000000000000000000000000000000000000000000000000000000000000000000000000000000000000000000000000000000000000000000000000000000000000000000000000000000000000000000000000000000000000000000000000000000000000000000000
310
00000000000000000000000000000000000000000000000000000000000000000000000000000000000000000000000000000000000000000000000000000000000000000000000000000000000000000000000000000000000000000000000000000000000000000000000000000000000000000000000000000000000000
310
00000000000000000000000000000000000000000000000000000000000000000000000000000000000000000000000000000000000000000000000000000000000000000000000000000000000000000000000000000000000000000000000000000000000000000000000000000000000000000000000000000000000000
310
00000000000000000000000000000000000000000000000000000000000000000000000000000000000000000000000000000000000000000000000000000000000000000000000000000000000000000000000000000000000000000000000000000000000000000000000000000000000000000000000000000000000000
310
00000000000000000000000000000000000000000000000000000000000000000000000000000000000000000000000000000000000000000000000000000000000000000000000000000000000000000000000000000000000000000000000000000000000000000000000000000000000000000000000000000000000000
310
00000000000000000000000000000000000000000000000000000000000000000000000000000000000000000000000000000000000000000000000000000000000000000000000000000000000000000000000000000000000000000000000000000000000000000000000000000000000000000000000000000000000000
310
00000000000000000000000000000000000000000000000000000000000000000000000000000000000000000000000000000000000000000000000000000000000000000000000000000000000000000000000000000000000000000000000000000000000000000000000000000000000000000000000000000000000000
310
00000000000000000000000000000000000000000000000000000000000000000000000000000000000000000000000000000000000000000000000000000000000000000000000000000000000000000000000000000000000000000000000000000000000000000000000000000000000000000000000000000000000000
310
00000000000000000000000000000000000000000000000000000000000000000000000000000000000000000000000000000000000000000000000000000000000000000000000000000000000000000000000000000000000000000000000000000000000000000000000000000000000000000000000000000000000000
310
00000000000000000000000000000000000000000000000000000000000000000000000000000000000000000000000000000000000000000000000000000000000000000000000000000000000000000000000000000000000000000000000000000000000000000000000000000000000000000000000000000000000000
310
00000000000000000000000000000000000000000000000000000000000000000000000000000000000000000000000000000000000000000000000000000000000000000000000000000000000000000000000000000000000000000000000000000000000000000000000000000000000000000000000000000000000000
310
00000000000000000000000000000000000000000000000000000000000000000000000000000000000000000000000000000000000000000000000000000000000000000000000000000000000000000000000000000000000000000000000000000000000000000000000000000000000000000000000000000000000000
310
00000000000000000000000000000000000000000000000000000000000000000000000000000000000000000000000000000000000000000000000000000000000000000000000000000000000000000000000000000000000000000000000000000000000000000000000000000000000000000000000000000000000000
310
00000000000000000000000000000000000000000000000000000000000000000000000000000000000000000000000000000000000000000000000000000000000000000000000000000000000000000000000000000000000000000000000000000000000000000000000000000000000000000000000000000000000000
310
00000000000000000000000000000000000000000000000000000000000000000000000000000000000000000000000000000000000000000000000000000000000000000000000000000000000000000000000000000000000000000000000000000000000000000000000000000000000000000000000000000000000000
310
00000000000000000000000000000000000000000000000000000000000000000000000000000000000000000000000000000000000000000000000000000000000000000000000000000000000000000000000000000000000000000000000000000000000000000000000000000000000000000000000000000000000000
310
00000000000000000000000000000000000000000000000000000000000000000000000000000000000000000000000000000000000000000000000000000000000000000000000000000000000000000000000000000000000000000000000000000000000000000000000000000000000000000000000000000000000000
310
00000000000000000000000000000000000000000000000000000000000000000000000000000000000000000000000000000000000000000000000000000000000000000000000000000000000000000000000000000000000000000000000000000000000000000000000000000000000000000000000000000000000000
310
00000000000000000000000000000000000000000000000000000000000000000000000000000000000000000000000000000000000000000000000000000000000000000000000000000000000000000000000000000000000000000000000000000000000000000000000000000000000000000000000000000000000000
310
00000000000000000000000000000000000000000000000000000000000000000000000000000000000000000000000000000000000000000000000000000000000000000000000000000000000000000000000000000000000000000000000000000000000000000000000000000000000000000000000000000000000000
310
00000000000000000000000000000000000000000000000000000000000000000000000000000000000000000000000000000000000000000000000000000000000000000000000000000000000000000000000000000000000000000000000000000000000000000000000000000000000000000000000000000000000000
310
00000000000000000000000000000000000000000000000000000000000000000000000000000000000000000000000000000000000000000000000000000000000000000000000000000000000000000000000000000000000000000000000000000000000000000000000000000000000000000000000000000000000000
310
00000000000000000000000000000000000000000000000000000000000000000000000000000000000000000000000000000000000000000000000000000000000000000000000000000000000000000000000000000000000000000000000000000000000000000000000000000000000000000000000000000000000000
310
00000000000000000000000000000000000000000000000000000000000000000000000000000000000000000000000000000000000000000000000000000000000000000000000000000000000000000000000000000000000000000000000000000000000000000000000000000000000000000000000000000000000000
310
00000000000000000000000000000000000000000000000000000000000000000000000000000000000000000000000000000000000000000000000000000000000000000000000000000000000000000000000000000000000000000000000000000000000000000000000000000000000000000000000000000000000000
310
00000000000000000000000000000000000000000000000000000000000000000000000000000000000000000000000000000000000000000000000000000000000000000000000000000000000000000000000000000000000000000000000000000000000000000000000000000000000000000000000000000000000000
310
00000000000000000000000000000000000000000000000000000000000000000000000000000000000000000000000000000000000000000000000000000000000000000000000000000000000000000000000000000000000000000000000000000000000000000000000000000000000000000000000000000000000000
310
00000000000000000000000000000000000000000000000000000000000000000000000000000000000000000000000000000000000000000000000000000000000000000000000000000000000000000000000000000000000000000000000000000000000000000000000000000000000000000000000000000000000000
310
00000000000000000000000000000000000000000000000000000000000000000000000000000000000000000000000000000000000000000000000000000000000000000000000000000000000000000000000000000000000000000000000000000000000000000000000000000000000000000000000000000000000000
310
00000000000000000000000000000000000000000000000000000000000000000000000000000000000000000000000000000000000000000000000000000000000000000000000000000000000000000000000000000000000000000000000000000000000000000000000000000000000000000000000000000000000000
310
00000000000000000000000000000000000000000000000000000000000000000000000000000000000000000000000000000000000000000000000000000000000000000000000000000000000000000000000000000000000000000000000000000000000000000000000000000000000000000000000000000000000000
310
00000000000000000000000000000000000000000000000000000000000000000000000000000000000000000000000000000000000000000000000000000000000000000000000000000000000000000000000000000000000000000000000000000000000000000000000000000000000000000000000000000000000000
310
00000000000000000000000000000000000000000000000000000000000000000000000000000000000000000000000000000000000000000000000000000000000000000000000000000000000000000000000000000000000000000000000000000000000000000000000000000000000000000000000000000000000000
310
00000000000000000000000000000000000000000000000000000000000000000000000000000000000000000000000000000000000000000000000000000000000000000000000000000000000000000000000000000000000000000000000000000000000000000000000000000000000000000000000000000000000000
310
00000000000000000000000000000000000000000000000000000000000000000000000000000000000000000000000000000000000000000000000000000000000000000000000000000000000000000000000000000000000000000000000000000000000000000000000000000000000000000000000000000000000000
310
00000000000000000000000000000000000000000000000000000000000000000000000000000000000000000000000000000000000000000000000000000000000000000000000000000000000000000000000000000000000000000000000000000000000000000000000000000000000000000000000000000000000000
310
00000000000000000000000000000000000000000000000000000000000000000000000000000000000000000000000000000000000000000000000000000000000000000000000000000000000000000000000000000000000000000000000000000000000000000000000000000000000000000000000000000000000000
310
00000000000000000000000000000000000000000000000000000000000000000000000000000000000000000000000000000000000000000000000000000000000000000000000000000000000000000000000000000000000000000000000000000000000000000000000000000000000000000000000000000000000000
310
00000000000000000000000000000000000000000000000000000000000000000000000000000000000000000000000000000000000000000000000000000000000000000000000000000000000000000000000000000000000000000000000000000000000000000000000000000000000000000000000000000000000000
310
00000000000000000000000000000000000000000000000000000000000000000000000000000000000000000000000000000000000000000000000000000000000000000000000000000000000000000000000000000000000000000000000000000000000000000000000000000000000000000000000000000000000000
310
00000000000000000000000000000000000000000000000000000000000000000000000000000000000000000000000000000000000000000000000000000000000000000000000000000000000000000000000000000000000000000000000000000000000000000000000000000000000000000000000000000000000000
310
00000000000000000000000000000000000000000000000000000000000000000000000000000000000000000000000000000000000000000000000000000000000000000000000000000000000000000000000000000000000000000000000000000000000000000000000000000000000000000000000000000000000000
310
0000000000000000000000000000000000000000000000000000000000000000000000000000000000000000000000000000000000000000000000000000000000000000000000BE00000000000000000000000000000000000000000000000000000000000000000000000000000000000000000000000000000000000000
310
000000000000000000000000000000000000000000000000000000000000000000000000000000000000000000000000000000000000000000000000000000000000000000000000000000000000BE000000000000000000000000000000000000000000000000000000000000000000000000000000000000000000000000
310
000000000000000000000000000000000000000000000000000000000000000000000000000000000000000000000000000000000000000000000000000000000000BE000000000000BE0000000000000000000000000000000000000000000000000000000000000000000000000000000000000000000000000000000000
310
0000000000000000000000000000000000000000000000000000000000000000000000000000000000000000000000000000000000000000000000000000000000000000F5F5F5F5F5F5F5F5F5F5F5F5F5F5F5F5F5F5F5F5F5F5F5F5F500000000000000000000000000000000000000000000F5F5F5F5F5F5F5F5F5F5F5F5
310
F5F5F5F5F5F5F5F5F5F5F5F5F5F5F5F5F5F5F5F5F5F5F5F5F5F5F5F5F5F5F5F5F5000000000000000000000000000000000000000000000000000000000000F5F5F5F5F5F5F5F5F5F5F5F5F5F5F5F5F5F5F5F5F5F5F5F500000000000000000000000000000000000000000000000000000000000000000000000000000000
310
00000000000000000000000000000000000000000000000000000000000000000000000000000000000000000000000000000000000000000000000000000000000000000000F500F5F5F5F5F5F500000000BE0000000000F5F5F5F5F500F500000000000000000000000000000000000000000000F5F500000000F5F50000
310
000000000000000000F5000000000000000000000000000000000000000000F50000F5F50000000000000000000000000000000000000000000000000000000000F500F5F5F5BEF5BE00F5F5F5F5F5F500000000BEBEF5F5F5F500000000000000000000000000000000000000000000000000000000000000000000000000
310
000000000000000000000000000000000000000000000000000000000000000000000000000000000000000000000000000000000000000000000000000000000000000000000000F500F5F5F5F5F5F500000000BE0000000000F5F5F5F5F500F500000000000000000000000000000000000000000000F5F500000000F5F5
310
0000000000000000000000F5000000000000000000000000000000000000000000F50000F5F50000000000000000000000000000000000000000000000000000000000F5F5BEF5F5F5F5F5F5F50000BE00F5F5F5000000F5BEF500F50000000000000000000000000000000000000000000000000000000000000000000000
310
0000000000000000000000000000000000000000000000000000000000000000000000000000000000000000000000000000000000000000000000000000000000000000000000000000F5BEF5F5F5000000000000F5F5F5000000000000F5F5F5BEF50000000000000000000000000000000000000000000000F500000000
310
00F50000000000000000000000F5000000000000000000000000000000000000000000F50000F5F50000000000000000000000000000000000000000000000000000000000F5F5F5F500F5F5F500000000BE00000000F5F500F5F5F500F5000000000000000000000000000000000000000000000000000000000000000000
310
00000000000000000000000000000000000000000000000000000000000000000000000000000000000000000000000000000000000000000000000000000000000000000000000000000000F5F5F5F5BE000000F5F5F5F5BEF5F5F5F5000000BEF5F5F5F50000000000000000000000000000000000000000000000F5F5F5
310
F5F5F5F5F5F5F5F5F5F5F5F5F5F5F5F5F5F5F5F5F5F5F5F5F5F5F5F5F5F5F5F5F5F5F5F5F5F50000F5F50000000000000000000000000000000000000000000000000000000000F5BE0000F5F5000000000000BE0000000000F5F500F5F5F5F500000000000000000000000000000000000000000000000000000000000000
310
000000000000000000000000000000000000000000000000000000000000000000000000000000000000000000000000000000000000000000000000000000000000000000000000000000000000F5F5F500000000F5F5F5F5F5F5F5F5F5F5F5000000F5F5F5F500000000000000000000000000000000000000000000F5F5
310
000000F5F5F50000000000000000000000F5000000000000000000000000000000000000000000F50000F5F50000000000000000000000000000000000000000000000000000000000F50000F5F500000000000000BE000000000000F5F5F5F5F5BE0000000000000000000000000000000000000000000000000000000000
310
0000000000000000000000000000000000000000000000000000000000000000000000000000000000000000000000000000000000000000000000000000000000000000000000000000000000000000F5F5F5000000F5F5F5F50000BE0000F5F5F5F50000F5F5F5F500000000000000000000000000000000000000000000
310
F5F5F5F5F5F5F5F50000000000000000000000F5000000000000000000000000000000000000000000F50000F5F50000000000000000000000000000000000000000000000000000000000F50000F50000000000000000BE00000000000000F5F5F5F5F5000000000000000000000000000000000000000000000000000000
310
00000000000000000000000000000000000000000000000000000000000000000000000000000000000000000000000000000000000000000000000000000000000000000000000000000000000000000000F500000000F5F5F500000000BE00000000F5F5F50000F5F5F50000000000000000000000000000000000000000
310
0000F5F50000000000F50000000000000000000000F5000000000000000000000000000000000000000000F50000F5F50000000000000000000000000000000000000000000000000000000000F500F5000000000000F5F5F5F5F5F5000000000000F5BE00F500000000000000000000000000000000000000000000000000
310
000000000000000000000000000000000000000000000000000000000000000000000000000000000000000000000000000000000000000000000000000000000000000000000000000000000000000000000000F5000000F5F5F50000000000BE0000000000F5F500000000F5000000000000000000000000000000000000
310
00000000F5F50000000000F50000000000000000000000F5000000000000000000000000000000000000000000F50000F5F50000000000000000000000000000000000000000000000000000000000F500F50000000000F5F5F500BEF5F5F50000000000F5F500F50000000000000000000000000000000000000000000000
310
0000000000000000000000000000000000000000000000000000000000000000000000000000000000000000000000000000000000000000000000000000000000000000000000000000000000000000000000000000F5000000F5F5F50000000000BE0000000000F500F5000000F500000000000000000000000000000000
310
000000000000F5F50000000000F50000000000000000000000F5000000000000000000000000000000000000000000F50000F5F5F5F5F5F5F5F5F5F5F50000000000000000000000000000000000000000F5F5F50000000000F500F5F5F5F5F5F5F50000000000F500F5000000000000000000000000000000000000000000
310
00000000000000000000000000000000000000000000000000000000000000000000000000000000000000000000000000000000000000000000000000000000000000000000000000000000000000000000000000000000F5000000F5F5000000000000BE000000000000F5F5000000F50000000000000000000000000000
310
0000000000000000F5F50000000000F50000000000000000000000F5000000000000000000000000000000000000000000F50000F5F50000000000000000F50000000000000000000000000000000000000000F5F50000000000F5F5F5F500BE00F500F50000000000F500F500000000000000000000000000000000000000
310
000000000000000000000000000000000000000000000000000000000000000000000000000000000000000000000000000000000000000000000000000000000000000000000000000000000000000000000000000000000000F5000000F5F5000000000000BE000000000000F5F5000000F5000000000000000000000000
310
00000000000000000000F5F50000000000F50000000000000000000000F5000000000000000000000000000000000000000000F50000F5F50000000000000000F50000000000000000000000000000000000000000F5F50000000000F500F50000BE00F5F5F50000000000F500F50000000000000000000000000000000000
310
00000000000000000000000000000000000000000000000000000000000000000000000000000000000000000000000000000000000000000000000000000000000000000000000000000000000000000000000000000000000000BEF5BEBEBEF5F5BEBEBEBEBEBEBEBEBEBEBEBEBEF5F5BEBEBEF5BE000000000000000000
310
00000000000000000000BEBEF5F5BEBEBEBEBEF5BEBEBEBEBEBEBEBEBEBEBEF5BEBEBEBEBEBEBEBEBEBEBEBEBEBEBEBEBEBEBEBEBEF5BEBEF5F5BEBEBEBEBEBEBEBEF5BEBE00000000000000000000000000000000BEBEBEF5BEBEBEBEBEF5BEF5BEBEBEBEF5F5F5BEBEBEBEBEF5BEBEBE0000000000000000000000000000
310
00000000000000000000000000000000000000000000000000000000000000000000000000000000000000000000000000000000000000000000000000000000000000000000000000000000000000000000000000000000000000000000F5000000F5F5000000000000BE000000000000F5F5000000F50000000000000000
310
0000000000000000000000000000F5F50000000000F50000000000000000000000F5000000000000000000000000000000000000000000F50000F5F50000000000000000F50000000000000000000000000000000000000000F5F50000000000F5F5F5F500BE00F500F50000000000F500F500000000000000000000000000
310
000000000000000000000000000000000000000000000000000000000000000000000000000000000000000000000000000000000000000000000000000000000000000000000000000000000000000000000000000000000000000000000000F5000000F5F5F50000000000BE0000000000F500F5000000F5000000000000
310
00000000000000000000000000000000F5F50000000000F50000000000000000000000F5000000000000000000000000000000000000000000F50000F5F5F5F5F5F5F5F5F5F5F50000000000000000000000000000000000000000F5F5F500000000F5F5F5F5F5F5F5F5F5F50000000000F500F50000000000000000000000
310
0000000000000000000000000000000000000000000000000000000000000000000000000000000000000000000000000000000000000000000000000000000000000000000000000000000000000000000000000000000000000000000000000000F5000000F5F5F50000000000BE0000000000F5F500000000F500000000
310
000000000000000000000000000000000000F5F50000000000F50000000000000000000000F5000000000000000000000000000000000000000000F50000F5F50000000000000000000000000000000000000000000000000000000000F500F50000000000F5F5F500BEF5F5F50000000000F5F500F5000000000000000000
310
00000000000000000000000000000000000000000000000000000000000000000000000000000000000000000000000000000000000000000000000000000000000000000000000000000000000000000000000000000000000000000000000000000000F500000000F5F5F500000000BE00000000F500F500000000F50000
310
0000000000000000000000000000000000000000F5F50000000000F50000000000000000000000F5000000000000000000000000000000000000000000F50000F5F50000000000000000000000000000000000000000000000000000000000F5BEF5000000000000F5F5F5F5F5F5000000000000F50000F500000000000000
310
000000000000000000000000000000000000000000000000000000000000000000000000000000000000000000000000000000000000000000000000000000000000000000000000000000000000000000000000000000000000000000000000000000000000F5F5F50000F5F5F5F5000000BE0000F5F5F5F5000000F5F5F5
310
00000000000000000000000000000000000000000000F5F500000000F5F50000000000000000000000F5000000000000000000000000000000000000000000F5F5F5F5F50000000000000000000000000000000000000000000000000000000000F5F5F5F50000000000000000BE00000000000000F5F50000F50000000000
310
0000000000000000000000000000000000000000000000000000000000000000000000000000000000000000000000000000000000000000000000000000000000000000000000000000000000000000000000000000000000000000000000000000000000000000F5F5F5000000F5F500F5F5F5F5F5F5F5F5F500000000F5
310
F5F5000000000000000000000000000000000000000000F5F5F500000000F5F50000000000000000000000F5000000000000000000000000000000000000000000F5F5F5F5F500000000000000000000000000000000000000000000000000000000BEF5BEF5F5F500000000000000BE000000000000F5F5000000F5000000
310
00000000000000000000000000000000000000000000000000000000000000000000000000000000000000000000000000000000000000000000000000000000000000000000000000000000000000000000000000000000000000000000000000000000000000000000F5F5F5F5BE000000F5F5F500BE00F5F5F5000000BE
310
F5F5F5F500000000000000000000000000000000000000000000F5F5F5F5F5F5F5F5F5F5F5F5F5F5F5F5F5F5F5F5F5F5F5F5F5F5F5F5F5F5F5F5F5F5F5F5F5F5F5F5F5F5F5F5F5F50000000000000000000000000000000000000000000000000000000000F5F5F500F5F5000000000000BE0000000000F5F50000BEBEF500
310
000000000000000000000000000000000000000000000000000000000000000000000000000000000000000000000000000000000000000000000000000000000000000000000000000000000000000000000000000000000000000000000000000000000000000000000000F5BEF5F5F50000000000F5F5F5F5F500000000
310
00F5F5F5BEF50000000000000000000000000000000000000000000000F50000000000F50000000000000000000000F5000000000000000000000000000000000000000000F50000F5F50000000000000000000000000000000000000000000000000000000000F5F5F5F500F5F50000000000BE00000000F5F500F5F5F500
310
F500000000000000000000000000000000000000000000000000000000000000000000000000000000000000000000000000000000000000000000000000000000000000000000000000000000000000000000000000000000000000000000000000000000000000000000000000F500F5F5F500000000000000BE00000000
310
F5F5F5F5F5F500F500000000000000000000000000000000000000000000F5F5F5F5F5F5F5F50000000000000000000000F5000000000000000000000000000000000000000000F50000F5F50000000000000000000000000000000000000000000000000000000000F5F5BEF5000000F5F5F50000BE00F5F5F5F5F5F5F5BE
310
F500F500000000000000000000000000000000000000000000000000000000000000000000000000000000000000000000000000000000000000000000000000000000000000000000000000000000000000000000000000000000000000000000000000000000000000000000000000F500F5F5F5000000000000F5F50000
310
0000F5F5F5F5F5F500F500000000000000000000000000000000000000000000F5F500BE00F5F5F50000BE0000000000000000F50000BE000000000000000000000000000000000000F50000F5F50000000000000000000000000000000000000000000000000000000000F5F5F5F5BE00000000F5F5F5F5F5F500BEF5BEF5
310
F5F5F5F5F500000000000000000000000000000000000000000000000000000000000000000000000000000000000000000000000000000000000000000000000000000000000000000000000000000000000000000000000000000000000000000000000000000000000000000000000000F5F5F5F5F5F5F5F5F5F5F5F5F5
310
F5F5F5F5F5F5F5F5F5F5F5F500000000000000000000000000000000000000000000F5F5F5BEF5F5F5F5F5F5BEF5F5F5F5F5F5F5F5F5F5F5BEF5F5F5F5F5F5F5F5F5F5F5F5F5F5F5F5F5F5F5F5F5F5000000000000000000000000000000000000000000000000000000000000F5F5F5F5F5F5F5F5F5F5F5F5F5F5F5F5F5F5
310
F5F5F5F5F5F5000000000000000000000000000000000000000000000000000000000000000000000000000000000000000000000000000000000000000000000000000000000000000000000000000000000000000000000000000000000000000000000000000000000000000000000000000000000000F50000000000F5
310
00F50000000000F50000000000000000000000000000000000000000000000000000000000F500BE0000F5F50000BE0000F5000000000000F5F5BE00F5F500000000000000000000000000000000000000000000000000000000000000000000000000000000000000000000000000000000000000F5F500000000BE000000
310
F500BE00F5000000000000000000000000000000000000000000000000000000000000000000000000000000000000000000000000000000000000000000000000000000000000000000000000000000000000000000000000000000000000000000000000000000000000000000000000000000000000000000F52D2D2D2D
310
2DF52D2DF5F5F5F5F5F50000000000000000000000000000000000000000000000000000000000F52D2D2D2D2D2DF5F5BEF5F5F50000000000002D2D2D2D2D2D2D2D2D00000000000000000000000000000000000000000000000000000000000000000000000000000000000000000000000000000000F52D2D2D2D2D2D2D
310
2D2D2D2D2D2D2D0000000000000000000000000000000000000000000000000000000000000000000000000000000000000000000000000000000000000000000000000000000000000000000000000000000000000000000000000000000000000000000000000000000000000000000000000000000000000000002D2D00
310
00F52D2DF52D2D2D2D2DF5F500000000000000000000000000000000000000000000000000000000002DF5BEF52D002DF5F52D2D2D2D2D00000000002DF5BEF5000000002D2D2D00000000000000000000000000000000000000000000000000000000000000000000000000000000000000000000000000002D2D2D2DF5F5
310
BEF52D2D2D00F52D2D00000000000000000000000000000000000000000000000000000000000000000000000000000000000000000000000000000000000000000000000000000000000000000000000000000000000000000000000000000000000000000000000000000000000000000000000000000000000000000000
310
2DF5F5F52D00002D2DF500F52D2D00000000000000000000000000000000000000000000000000000000002DF5BEF500002D2DF5BEF50000002D2D2D2D002D00BE00000000002D002D00000000000000000000000000000000000000000000000000000000000000000000000000000000000000000000000000002D2D002D
310
F500BE002D2DF5F5F52D000000000000000000000000000000000000000000000000000000000000000000000000000000000000000000000000000000000000000000000000000000000000000000000000000000000000000000000000000000000000000000000000000000000000000000000000000000000000000000
310
00002D0000002D0000BE2DF5F5F52D0000000000000000000000000000000000000000000000000000000000002D2DBE0000002D2DF5F5F5000000002D2D2D002D000000002D00002D2D2D0000000000000000000000000000000000000000000000000000000000000000000000000000000000000000000000000000002D
310
F52DF500BE002D2D0000002D00000000000000000000000000000000000000000000000000000000000000000000000000000000000000000000000000000000000000000000000000000000000000000000000000000000000000000000000000000000000000000000000000000000000000000000000000000000000000
310
000000002D2D2D2D2D2D2D2D2D0000002D000000000000000000000000000000000000000000000000000000000000002D2D2D2D2D2D2D2DBE00002D00002D2D2D00002D2D2D2D2D2D2D2D00000000000000000000000000000000000000000000000000000000000000000000000000000000000000000000000000000000
310
002D002D2D2D2D2D2D2D2D2D2D2D0000000000000000000000000000000000000000000000000000000000000000000000000000000000000000000000000000000000000000000000000000000000000000000000000000000000000000000000000000000000000000000000000000000000000000000000000000000000
310
00000000000000000000000000002D2D2D2D2D00000000000000000000000000000000000000000000000000000000000000000000000000002D2D2D2D2D2D2D000000000000000000000000000000000000000000000000000000000000000000000000000000000000000000000000000000000000000000000000000000
310
0000002D2D2D2D000000000000000000000000000000000000000000000000000000000000000000000000000000000000000000000000000000000000000000000000000000000000000000000000000000000000000000000000000000000000000000000000000000000000000000000000000000000000000000000000
310
00000000000000000000000000000000000000000000000000000000000000000000000000000000000000000000000000000000000000000000000000000000000000000000000000000000000000000000000000000000000000000000000000000000000000000000000000000000000000000000000000000000000000
310
00000000000000000000000000000000000000000000000000000000000000000000000000000000000000000000000000000000000000000000000000000000000000000000000000000000000000000000000000000000000000000000000000000000000000000000000000000000000000000000000000000000000000
310
00000000000000000000000000000000000000000000000000000000000000000000000000000000000000000000000000000000000000000000000000000000000000000000000000000000000000000000000000000000000000000000000000000000000000000000000000000000000000000000000000000000000000
310
00000000000000000000000000000000000000000000000000000000000000000000000000000000000000000000000000000000000000000000000000000000000000000000000000000000000000000000000000000000000000000000000000000000000000000000000000000000000000000000000000000000000000
310
00000000000000000000000000000000000000000000000000000000000000000000000000000000000000000000000000000000000000000000000000000000000000000000000000000000000000000000000000000000000000000000000000000000000000000000000000000000000000000000000000000000000000
310
00000000000000000000000000000000000000000000000000000000000000000000000000000000000000000000000000000000000000000000000000000000000000000000000000000000000000000000000000000000000000000000000000000000000000000000000000000000000000000000000000000000000000
310
00000000000000000000000000000000000000000000000000000000000000000000000000000000000000000000000000000000000000000000000000000000000000000000000000000000000000000000000000000000000000000000000000000000000000000000000000000000000000000000000000000000000000
310
00000000000000000000000000000000000000000000000000000000000000000000000000000000000000000000000000000000000000000000000000000000000000000000000000000000000000000000000000000000000000000000000000000000000000000000000000000000000000000000000000000000000000
310
00000000000000000000000000000000000000000000000000000000000000000000000000000000000000000000000000000000000000000000000000000000000000000000000000000000000000000000000000000000000000000000000000000000000000000000000000000000000000000000000000000000000000
310
00000000000000000000000000000000000000000000000000000000000000000000000000000000000000000000000000000000000000000000000000000000000000000000000000000000000000000000000000000000000000000000000000000000000000000000000000000000000000000000000000000000000000
310
00000000000000000000000000000000000000000000000000000000000000000000000000000000000000000000000000000000000000000000000000000000000000000000000000000000000000000000000000000000000000000000000000000000000000000000000000000000000000000000000000000000000000
310
00000000000000000000000000000000000000000000000000000000000000000000000000000000000000000000000000000000000000000000000000000000000000000000000000000000000000000000000000000000000000000000000000000000000000000000000000000000000000000000000000000000000000
310
00000000000000000000000000000000000000000000000000000000000000000000000000000000000000000000000000000000000000000000000000000000000000000000000000000000000000000000000000000000000000000000000000000000000000000000000000000000000000000000000000000000000000
310
00000000000000000000000000000000000000000000000000000000000000000000000000000000000000000000000000000000000000000000000000000000000000000000000000000000000000000000000000000000000000000000000000000000000000000000000000000000000000000000000000000000000000
310
00000000000000000000000000000000000000000000000000000000000000000000000000000000000000000000000000000000000000000000000000000000000000000000000000000000000000000000000000000000000000000000000000000000000000000000000000000000000000000000000000000000000000
310
00000000000000000000000000000000000000000000000000000000000000000000000000000000000000000000000000000000000000000000000000000000000000000000000000000000000000000000000000000000000000000000000000000000000000000000000000000000000000000000000000000000000000
310
00000000000000000000000000000000000000000000000000000000000000000000000000000000000000000000000000000000000000000000000000000000000000000000000000000000000000000000000000000000000000000000000000000000000000000000000000000000000000000000000000000000000000
310
00000000000000000000000000000000000000000000000000000000000000000000000000000000000000000000000000000000000000000000000000000000000000000000000000000000000000000000000000000000000000000000000000000000000000000000000000000000000000000000000000000000000000
310
00000000000000000000000000000000000000000000000000000000000000000000000000000000000000000000000000000000000000000000000000000000000000000000000000000000000000000000000000000000000000000000000000000000000000000000000000000000000000000000000000000000000000
310
00000000000000000000000000000000000000000000000000000000000000000000000000000000000000000000000000000000000000000000000000000000000000000000000000000000000000000000000000000000000000000000000000000000000000000000000000000000000000000000000000000000000000
310
00000000000000000000000000000000000000000000000000000000000000000000000000000000000000000000000000000000000000000000000000000000000000000000000000000000000000000000000000000000000000000000000000000000000000000000000000000000000000000000000000000000000000
310
00000000000000000000000000000000000000000000000000000000000000000000000000000000000000000000000000000000000000000000000000000000000000000000000000000000000000000000000000000000000000000000000000000000000000000000000000000000000000000000000000000000000000
310
00000000000000000000000000000000000000000000000000000000000000000000000000000000000000000000000000000000000000000000000000000000000000000000000000000000000000000000000000000000000000000000000000000000000000000000000000000000000000000000000000000000000000
310
00000000000000000000000000000000000000000000000000000000000000000000000000000000000000000000000000000000000000000000000000000000000000000000000000000000000000000000000000000000000000000000000000000000000000000000000000000000000000000000000000000000000000
310
00000000000000000000000000000000000000000000000000000000000000000000000000000000000000000000000000000000000000000000000000000000000000000000000000000000000000000000000000000000000000000000000000000000000000000000000000000000000000000000000000000000000000
310
00000000000000000000000000000000000000000000000000000000000000000000000000000000000000000000000000000000000000000000000000000000000000000000000000000000000000000000000000000000000000000000000000000000000000000000000000000000000000000000000000000000000000
310
00000000000000000000000000000000000000000000000000000000000000000000000000000000000000000000000000000000000000000000000000000000000000000000000000000000000000000000000000000000000000000000000000000000000000000000000000000000000000000000000000000000000000
310
00000000000000000000000000000000000000000000000000000000000000000000000000000000000000000000000000000000000000000000000000000000000000000000000000000000000000000000000000000000000000000000000000000000000000000000000000000000000000000000000000000000000000
310
00000000000000000000000000000000000000000000000000000000000000000000000000000000000000000000000000000000000000000000000000000000000000000000000000000000000000000000000000000000000000000000000000000000000000000000000000000000000000000000000000000000000000
310
00000000000000000000000000000000000000000000000000000000000000000000000000000000000000000000000000000000000000000000000000000000000000000000000000000000000000000000000000000000000000000000000000000000000000000000000000000000000000000000000000000000000000
310
00000000000000000000000000000000000000000000000000000000000000000000000000000000000000000000000000000000000000000000000000000000000000000000000000000000000000000000000000000000000000000000000000000000000000000000000000000000000000000000000000000000000000
310
00000000000000000000000000000000000000000000000000000000000000000000000000000000000000000000000000000000000000000000000000000000000000000000000000000000000000000000000000000000000000000000000000000000000000000000000000000000000000000000000000000000000000
310
00000000000000000000000000000000000000000000000000000000000000000000000000000000000000000000000000000000000000000000000000000000000000000000000000000000000000000000000000000000000000000000000000000000000000000000000000000000000000000000000000000000000000
310
00000000000000000000000000000000000000000000000000000000000000000000000000000000000000000000000000000000000000000000000000000000000000000000000000000000000000000000000000000000000000000000000000000000000000000000000000000000000000000000000000000000000000
310
00000000000000000000000000000000000000000000000000000000000000000000000000000000000000000000000000000000000000000000000000000000000000000000000000000000000000000000000000000000000000000000000000000000000000000000000000000000000000000000000000000000000000
310
00000000000000000000000000000000000000000000000000000000000000000000000000000000000000000000000000000000000000000000000000000000000000000000000000000000000000000000000000000000000000000000000000000000000000000000000000000000000000000000000000000000000000
310
00000000000000000000000000000000000000000000000000000000000000000000000000000000000000000000000000000000000000000000000000000000000000000000000000000000000000000000000000000000000000000000000000000000000000000000000000000000000000000000000000000000000000
310
00000000000000000000000000000000000000000000000000000000000000000000000000000000000000000000000000000000000000000000000000000000000000000000000000000000000000000000000000000000000000000000000000000000000000000000000000000000000000000000000000000000000000
310
00000000000000000000000000000000000000000000000000000000000000000000000000000000000000000000000000000000000000000000000000000000000000000000000000000000000000000000000000000000F5F5F5F5F5F5F5F5F5F5F5F5F5F5F5F5F5F5F5F5F5F5F5F5F5F5F5F5F5F5F5F5F5F5F5F5F5F5F5
310
F5F5F5F5F5F500000000000000000000000000000000000000000000000000000000DCF5F5F5F5F5F50000000000000000000000000000000000000000000000000000000000000000000000000000000000000000000000000000000000000000000000000000000000000000000000000000000000000000000000000000
310
000000000000000000000000000000000000000000000000000000000000000000000000000000000000000000000000000000000000000000000000000000000000000000000000000000000000000000000000000000000000F5F500000000F5F50000000000000000000000F50000000000000000000000000000000000
310
00000000F50000F5F5000000000000000000000000000000000000000000000000000000DC0000F50000F5F50000000000000000000000000000000000000000000000000000000000000000000000000000000000000000000000000000000000000000000000000000000000000000000000000000000000000000000000
310
0000000000000000000000000000000000000000000000000000000000000000000000000000000000000000000000000000000000000000000000000000000000000000000000000000000000000000000000000000000000000000F5F500000000F5F50000000000000000000000F5000000000000000000000000000000
310
000000000000F50000F5F5000000000000000000000000000000000000000000000000000000DC0000F50000F5F5000000000000000000000000000000000000000000000000000000000000000000000000000000000000000000000000000000000000000000000000000000000000000000000000000000000000000000
310
0000000000000000000000000000000000000000000000000000000000000000000000000000000000000000000000000000000000000000000000000000000000000000000000000000000000000000000000000000000000000000000000F500000000F5F50000000000000000000000F500000000000000000000000000
310
0000000000000000F50000F5F5000000000000000000000000000000000000000000000000000000DC0000F50000F5F500000000000000000000000000000000000000000000000000000000000000000000000000000000000000000000000000000000000000000000000000000000000000000000000000000000000000
310
00000000000000000000000000000000000000000000000000000000000000000000000000000000000000000000000000000000000000000000000000000000000000000000000000000000000000000000000000000000000000000000000000F5F5F5F5F5F5F5F5F5F5F5F5F5F5F5F5F5F5F5F5F5F5F5F5F5F5F5F5F5F5
310
F5F5F5F5F5F5F5F5F5F5F50000F5F50000000000000000000000000000000000000000000000000000DC000000F50000F5F50000000000000000000000000000000000000000000000000000000000000000000000000000000000000000000000000000000000000000000000000000000000000000000000000000000000
310
0000000000000000000000000000000000000000000000000000000000000000000000000000000000000000000000000000000000000000000000000000000000000000000000000000000000000000000000000000000000000000000000000000F5F5000000F5F5F50000000000000000000000F5000000000000000000
310
000000000000000000000000F50000F5F50000000000000000000000000000000000000000000000000000DC000000F50000F5F5000000000000000000000000000000000000000000000000000000000000000000000000000000000000000000000000000000000000000000000000000000000000000000000000000000
310
00000000000000000000000000000000000000000000000000000000000000000000000000000000000000000000000000000000000000000000000000000000000000000000000000000000000000000000000000000000000000000000000000000000F5F5F5F5F5F5F5F52D2D2D2D2DF50000000000F500000000000000
310
0000000000000000000000000000F50000F5F50000000000000000000000000000000000000000000000000000DC000000F50000F5F500000000000000000000000000000000000000000000000000000000000000000000000000000000000000000000000000000000000000000000000000000000000000000000000000
310
000000000000000000000000000000000000000000000000000000000000000000000000000000000000000000000000000000000000000000000000000000000000000000000000000000000000000000000000000000000000000000000000000000000000F5F50000000000F52DF5F5F5F52D2D00000000F5002D2D2D00
310
00000000000000000000000000000000F50000F5F50000000000000000000000000000000000000000000000000000DC000000F50000F5F50000000000000000000000000000000000000000000000000000000000000000000000000000000000000000000000000000000000000000000000000000000000000000000000
310
0000000000000000000000000000000000000000000000000000000000000000000000000000000000000000000000000000000000000000000000000000000000000000000000000000000000000000000000000000000000000000000000000000000000000000F5F50000000000F52DF5DCF500F5002D2D2D2DF52D2DF5
310
2D2D2D000000000000000000000000000000F50000F5F50000000000000000000000000000000000000000000000000000DCDC0000F50000F5F500000000000000000000000000000000000000BE00000000000000000000000000000000000000000000000000000000000000000000000000000000000000000000000000
310
00000000000000000000000000000000000000000000000000000000000000000000000000000000000000000000000000000000000000000000000000000000000000000000000000000000000000000000000000000000000000000000000000000000000000000000F5F50000000000F52DF5DCF5BEF500002D2D2DF52D
310
F5F5F5F52D000000000000000000000000000000F50000F5F5F5F5F5F5F5F5F5F5F5000000000000000000000000000000000000DC0000F50000F5F5F5F5F5F5F5F5F5F5F5F500000000000000F5F5F5F500000000000000000000000000000000000000000000000000000000000000000000000000000000000000000000
310
000000000000000000000000000000000000000000000000000000000000000000000000000000000000000000000000000000000000000000000000000000000000000000000000000000000000000000000000000000000000000000000000000000000000000000000000F5F50000000000F52DF5DCF5F52D2D2D2D0000
310
F52DF5F5F5F52D2D2D2D000000000000000000000000F50000F5F50000000000000000F5000000000000000000000000000000000000DC0000F50000F5F5000000000000000000F5000000000000F5F500BE00F500000000000000000000000000000000000000000000000000000000000000000000000000000000000000
310
0000000000000000000000000000000000000000000000000000000000000000000000000000000000000000000000000000000000000000000000000000000000000000000000000000000000000000000000000000000000000000000000000000000000000000000000000000F5F50000000000F52DF5BEF5F52D000000
310
0000F52DF5F5F5F5F500002D2D2D00000000000000000000F50000F5F50000000000000000F5000000000000000000000000000000000000DC0000F50000F5F5000000000000000000F5000000000000F500F5F5DCF5F500000000000000000000000000000000000000000000000000000000000000000000000000000000
310
0000000000000000000000000000000000000000000000000000000000000000000000000000000000000000000000000000000000000000000000000000000000000000000000000000000000000000000000000000000000000000000000000000000000000000000000000000BEBEF5F5BEBEBEBEBEF52D2D2D2D2DBEBE
310
BEBEBEBEF52DF5F5F5F5F5BEBE2DBE2DBEBEBEBEBEBEBEBEBEBEF5BEBEF5F5BEBEBEBEBEBEBEBEF5BEBE0000000000000000000000000000BEBEDCBEBEBEBEBEBEBEBEBEBEBEBEBEBEBEBEBEBEBE000000BEF5BEF5F5DCBEF50000000000000000000000000000000000000000000000000000000000000000000000000000
310
000000000000000000000000000000000000000000000000000000000000000000000000000000000000000000000000000000000000000000000000000000000000000000000000000000000000000000000000000000000000000000000000000000000000000000000000000000000000F5F50000000000F50000000000
310
000000000000F52DF5F5F5F52D00002D2D2D00000000000000000000F50000F5F50000000000000000F5000000000000000000000000000000000000DCDC00F50000F5F5000000000000000000F5000000000000F5F500BE00F5F5000000000000000000000000000000000000000000000000000000000000000000000000
310
0000000000000000000000000000000000000000000000000000000000000000000000000000000000000000000000000000000000000000000000000000000000000000000000000000000000000000000000000000000000000000000000000000000000000000000000000000000000000000F52D2D2D2D2DF5F5000000
310
0000000000000000F52DF5F5F5F52D2D2D2D000000000000000000000000F50000F5F50000000000000000F500000000000000000000000000000000000000DC00F50000F5F5000000000000000000F500000000000000F5F5F5F5F50000000000000000000000000000000000000000000000000000000000000000000000
310
00000000000000000000000000000000000000000000000000000000000000000000000000000000000000000000000000000000000000000000000000000000000000000000000000000000000000000000000000000000000000000000000000000000000000000000000000000000000000000000F52D2DBE2D2D2D2D00
310
00000000000000000000F52DF5F5F5F52D000000000000000000000000000000F50000F5F5F5F5F5F5F5F5F5F5F500000000000000000000000000000000000000DC00F50000F5F5F5F5F5F5F5F5F5F5F5F50000000000000000F5F5F500000000000000000000000000000000000000000000000000000000000000000000
310
000000000000000000000000000000000000000000000000000000000000000000000000000000000000000000000000000000000000000000000000000000000000000000000000000000000000000000000000000000000000000000000000000000000000000000000000000000000000000000000000F52DF5BEF5F5F5
310
2D2D2D2D0000000000000000F52D2D2D2D2D2D000000000000000000000000000000F50000F5F500000000000000000000000000000000000000000000000000000000DC00F50000F5F50000000000000000000000000000000000000000000000000000000000000000000000000000000000000000000000000000000000
310
0000000000000000000000000000000000000000000000000000000000000000000000000000000000000000000000000000000000000000000000000000000000000000000000000000000000000000000000000000000000000000000000000000000000000000000000000000000000000000000000000000F52DBEBEBE
310
BEF52D002D2D0000000000000000F50000BE000000000000000000000000000000000000F5F5F5F5F500000000000000000000000000000000000000000000000000000000DC00F50000F5F5000000000000000000000000000000000000000000000000000000000000000000000000000000000000000000000000000000
310
00000000000000000000000000000000000000000000000000000000000000000000000000000000000000000000000000000000000000000000000000000000000000000000000000000000000000000000000000000000000000000000000000000000000000000000000000000000000000000000000000000000F52DF5
310
BEF5F5F52D2D2D000000000000000000F5000000000000000000000000000000000000000000F5F5F5F5F500000000000000000000000000000000000000000000000000000000DC00F50000F5F500F5F5F5F5F5F5F5F5F5000000000000000000000000000000000000000000000000000000000000000000000000000000
310
000000000000000000000000000000000000000000000000000000000000000000000000000000000000000000000000000000000000000000000000000000000000000000000000000000000000000000000000000000000000000000000000000000000000000000000000000000000000000000000000000000000000F5
310
2D2DBE2D2DF52DF5F5F5F5F5F5F5F5F5F5F5F5F5F5F5F5F5F5F5F5F5F5F5F5F5F5F5F5F5F5F5F5F5F5F5F5F5F500000000000000000000000000000000000000000000000000000000DC00F50000F5F500F5BEBEBEBEBEBEBEBE00000000000000000000000000000000000000000000000000000000000000000000000000
310
00000000000000000000000000000000000000000000000000000000000000000000000000000000000000000000000000000000000000000000000000000000000000000000000000000000000000000000000000000000000000000000000000000000000000000000000000000000000000000000000000000000000000
310
0000F52D2D2DF5F5F50000000000000000000000F5000000000000000000000000000000000000000000F50000F5F500000000000000000000000000000000000000000000000000000000DC00F50000F5F500F5F5F5F5F5F5F5F5F50000000000000000000000000000000000000000000000000000000000000000000000
310
00000000000000000000000000000000000000000000000000000000000000000000000000000000000000000000000000000000000000000000000000000000000000000000000000000000000000000000000000000000000000000000000000000000000000000000000000000000000000000000000000000000000000
310
000000F5F50000000000F50000000000000000000000F5000000000000000000000000000000000000000000F50000F5F500000000000000000000000000000000000000000000000000000000DC00F50000F5F500000000000000000000000000000000000000000000000000000000000000000000000000000000000000
310
00000000000000000000000000000000000000000000000000000000000000000000000000000000000000000000000000000000000000000000000000000000000000000000000000000000000000000000000000000000000000000000000000000000000000000000000000000000000000000000000000000000000000
310
00000000F5F5F50000000000F50000000000000000000000F5000000000000000000000000000000000000000000F50000F5F5000000000000000000000000000000000000000000000000000000DCDC00F50000F5F50000000000000000000000000000000000000000000000000000000000000000000000000000000000
310
00000000000000000000000000000000000000000000000000000000000000000000000000000000000000000000000000000000000000000000000000000000000000000000000000000000000000000000000000000000000000000000000000000000000000000000000000000000000000000000000000000000000000
310
000000000000F5F5F50000000000F50000000000000000000000F5000000000000000000000000000000000000000000F50000F500000000000000000000000000000000000000000000000000000000DC0000F50000F500000000000000000000000000000000000000000000000000000000000000000000000000000000
310
00000000000000000000000000000000000000000000000000000000000000000000000000000000000000000000000000000000000000000000000000000000000000000000000000000000000000000000000000000000000000000000000000000000000000000000000000000000000000000000000000000000000000
310
00000000000000000000F5F5F5F5F5F5F5F5F5F5F5F5F5F5F5F5F5F5F5F5F5F5F5F5F5F5F5F5F5F5F5F5F5F5F5F5F5F5F5F5F5F5F5F500000000000000000000000000000000000000000000000000000000DCF5F5F5F5F5F50000000000000000000000000000000000000000000000000000000000000000000000000000
310
0000000000000000000000000000000000000000000000000000000000000000000000000000
  0
XRECORD
  5
D4C
102
{ACAD_REACTORS
330
D4B
102
}
330
D4B
100
AcDbXrecord
280
     1
102
MATERIAL
148
0.0
149
0.0
149
0.0
 93
        0
 94
      127
282
     0
 72
     1
 77
     1
171
     1
175
     1
179
     1
273
     0
  0
XRECORD
  5
D4A
102
{ACAD_REACTORS
330
D49
102
}
330
D49
100
AcDbXrecord
280
     1
102
MATERIAL
148
0.0
149
0.0
149
0.0
 93
        0
 94
      127
282
     0
 72
     1
 77
     1
171
     1
175
     1
179
     1
273
     0
  0
XRECORD
  5
D4E
102
{ACAD_REACTORS
330
D4D
102
}
330
D4D
100
AcDbXrecord
280
     1
102
MATERIAL
148
0.0
149
0.0
149
0.0
 93
        0
 94
      127
282
     0
 72
     1
 77
     1
171
     1
175
     1
179
     1
273
     0
  0
CELLSTYLEMAP
  5
1542
102
{ACAD_REACTORS
330
1541
102
}
330
1541
100
AcDbCellStyleMap
 90
        3
300
CELLSTYLE
  1
TABLEFORMAT_BEGIN
 90
        5
170
     1
 91
        0
 92
    32768
 62
   257
 93
        1
300
CONTENTFORMAT
  1
CONTENTFORMAT_BEGIN
 90
        0
 91
        0
 92
      512
 93
        0
300

 40
0.0
140
1.0
 94
        5
 62
     0
340
11
144
6.0
309
CONTENTFORMAT_END
171
     1
301
MARGIN
  1
CELLMARGIN_BEGIN
 40
1.5
 40
1.5
 40
1.5
 40
1.5
 40
4.5
 40
4.5
309
CELLMARGIN_END
 94
        6
 95
        1
302
GRIDFORMAT
  1
GRIDFORMAT_BEGIN
 90
        0
 91
        1
 62
     0
 92
       -2
340
0
 93
        0
 40
1.125
309
GRIDFORMAT_END
 95
        2
302
GRIDFORMAT
  1
GRIDFORMAT_BEGIN
 90
        0
 91
        1
 62
     0
 92
       -2
340
0
 93
        0
 40
1.125
309
GRIDFORMAT_END
 95
        4
302
GRIDFORMAT
  1
GRIDFORMAT_BEGIN
 90
        0
 91
        1
 62
     0
 92
       -2
340
0
 93
        0
 40
1.125
309
GRIDFORMAT_END
 95
        8
302
GRIDFORMAT
  1
GRIDFORMAT_BEGIN
 90
        0
 91
        1
 62
     0
 92
       -2
340
0
 93
        0
 40
1.125
309
GRIDFORMAT_END
 95
       16
302
GRIDFORMAT
  1
GRIDFORMAT_BEGIN
 90
        0
 91
        1
 62
     0
 92
       -2
340
0
 93
        0
 40
1.125
309
GRIDFORMAT_END
 95
       32
302
GRIDFORMAT
  1
GRIDFORMAT_BEGIN
 90
        0
 91
        1
 62
     0
 92
       -2
340
0
 93
        0
 40
1.125
309
GRIDFORMAT_END
309
TABLEFORMAT_END
  1
CELLSTYLE_BEGIN
 90
        1
 91
        1
300
_TITLE
309
CELLSTYLE_END
300
CELLSTYLE
  1
TABLEFORMAT_BEGIN
 90
        5
170
     1
 91
        0
 92
        0
 62
   257
 93
        1
300
CONTENTFORMAT
  1
CONTENTFORMAT_BEGIN
 90
        0
 91
        0
 92
      512
 93
        0
300

 40
0.0
140
1.0
 94
        5
 62
     0
340
11
144
4.5
309
CONTENTFORMAT_END
171
     1
301
MARGIN
  1
CELLMARGIN_BEGIN
 40
1.5
 40
1.5
 40
1.5
 40
1.5
 40
4.5
 40
4.5
309
CELLMARGIN_END
 94
        6
 95
        1
302
GRIDFORMAT
  1
GRIDFORMAT_BEGIN
 90
        0
 91
        1
 62
     0
 92
       -2
340
0
 93
        0
 40
1.125
309
GRIDFORMAT_END
 95
        2
302
GRIDFORMAT
  1
GRIDFORMAT_BEGIN
 90
        0
 91
        1
 62
     0
 92
       -2
340
0
 93
        0
 40
1.125
309
GRIDFORMAT_END
 95
        4
302
GRIDFORMAT
  1
GRIDFORMAT_BEGIN
 90
        0
 91
        1
 62
     0
 92
       -2
340
0
 93
        0
 40
1.125
309
GRIDFORMAT_END
 95
        8
302
GRIDFORMAT
  1
GRIDFORMAT_BEGIN
 90
        0
 91
        1
 62
     0
 92
       -2
340
0
 93
        0
 40
1.125
309
GRIDFORMAT_END
 95
       16
302
GRIDFORMAT
  1
GRIDFORMAT_BEGIN
 90
        0
 91
        1
 62
     0
 92
       -2
340
0
 93
        0
 40
1.125
309
GRIDFORMAT_END
 95
       32
302
GRIDFORMAT
  1
GRIDFORMAT_BEGIN
 90
        0
 91
        1
 62
     0
 92
       -2
340
0
 93
        0
 40
1.125
309
GRIDFORMAT_END
309
TABLEFORMAT_END
  1
CELLSTYLE_BEGIN
 90
        2
 91
        1
300
_HEADER
309
CELLSTYLE_END
300
CELLSTYLE
  1
TABLEFORMAT_BEGIN
 90
        5
170
     1
 91
        0
 92
        0
 62
   257
 93
        1
300
CONTENTFORMAT
  1
CONTENTFORMAT_BEGIN
 90
        0
 91
        0
 92
      512
 93
        0
300

 40
0.0
140
1.0
 94
        2
 62
     0
340
11
144
4.5
309
CONTENTFORMAT_END
171
     1
301
MARGIN
  1
CELLMARGIN_BEGIN
 40
1.5
 40
1.5
 40
1.5
 40
1.5
 40
4.5
 40
4.5
309
CELLMARGIN_END
 94
        6
 95
        1
302
GRIDFORMAT
  1
GRIDFORMAT_BEGIN
 90
        0
 91
        1
 62
     0
 92
       -2
340
0
 93
        0
 40
1.125
309
GRIDFORMAT_END
 95
        2
302
GRIDFORMAT
  1
GRIDFORMAT_BEGIN
 90
        0
 91
        1
 62
     0
 92
       -2
340
0
 93
        0
 40
1.125
309
GRIDFORMAT_END
 95
        4
302
GRIDFORMAT
  1
GRIDFORMAT_BEGIN
 90
        0
 91
        1
 62
     0
 92
       -2
340
0
 93
        0
 40
1.125
309
GRIDFORMAT_END
 95
        8
302
GRIDFORMAT
  1
GRIDFORMAT_BEGIN
 90
        0
 91
        1
 62
     0
 92
       -2
340
0
 93
        0
 40
1.125
309
GRIDFORMAT_END
 95
       16
302
GRIDFORMAT
  1
GRIDFORMAT_BEGIN
 90
        0
 91
        1
 62
     0
 92
       -2
340
0
 93
        0
 40
1.125
309
GRIDFORMAT_END
 95
       32
302
GRIDFORMAT
  1
GRIDFORMAT_BEGIN
 90
        0
 91
        1
 62
     0
 92
       -2
340
0
 93
        0
 40
1.125
309
GRIDFORMAT_END
309
TABLEFORMAT_END
  1
CELLSTYLE_BEGIN
 90
        3
 91
        2
300
_DATA
309
CELLSTYLE_END
  0
XRECORD
  5
157E
102
{ACAD_REACTORS
330
1541
102
}
330
1541
100
AcDbXrecord
280
     1
102
ACAD_ROUNDTRIP_PRE2007_TABLESTYLE
 90
      512
 91
        0
  1

 92
      512
 93
        0
  2

 94
      512
 95
        0
  3

  0
XRECORD
  5
1553
102
{ACAD_REACTORS
330
1552
102
}
330
1552
100
AcDbXrecord
280
     1
102
RTVSPropertyOp0
 70
     1
102
RTVSPropertyOp1
 70
     1
102
RTVSPropertyOp2
 70
     1
102
RTVSPropertyOp3
 70
     1
102
RTVSPropertyOp4
 70
     1
102
RTVSPropertyOp5
 70
     1
102
RTVSPropertyOp6
 70
     1
102
RTVSPropertyOp7
 70
     1
102
RTVSPropertyOp8
 70
     1
102
RTVSPropertyOp9
 70
     1
102
RTVSPropertyOp10
 70
     1
102
RTVSPropertyOp11
 70
     1
102
RTVSPropertyOp12
 70
     1
102
RTVSPropertyOp13
 70
     1
102
RTVSPropertyOp14
 70
     1
102
RTVSPropertyOp15
 70
     1
102
RTVSPropertyOp16
 70
     1
102
RTVSPropertyOp17
 70
     1
102
RTVSPropertyOp18
 70
     1
102
RTVSPropertyOp19
 70
     1
102
RTVSPropertyOp20
 70
     1
102
RTVSPropertyOp21
 70
     1
102
RTVSPropertyOp22
 70
     1
102
RTVSPropertyOp23
 70
     1
102
RTVSPropertyOp24
 70
     1
102
RTVSPropertyOp25
 70
     1
102
RTVSPropertyOp26
 70
     1
102
RTVSPropertyOp27
 70
     1
102
RTVSPropertyOp28
 70
     1
102
RTVSPropertyOp29
 70
     1
102
RTVSPropertyOp30
 70
     1
102
RTVSPropertyOp31
 70
     1
102
RTVSPropertyOp32
 70
     1
  0
XRECORD
  5
1557
102
{ACAD_REACTORS
330
1556
102
}
330
1556
100
AcDbXrecord
280
     1
102
RTVSPropertyOp0
 70
     1
102
RTVSPropertyOp1
 70
     1
102
RTVSPropertyOp2
 70
     1
102
RTVSPropertyOp3
 70
     1
102
RTVSPropertyOp4
 70
     1
102
RTVSPropertyOp5
 70
     1
102
RTVSPropertyOp6
 70
     1
102
RTVSPropertyOp7
 70
     1
102
RTVSPropertyOp8
 70
     1
102
RTVSPropertyOp9
 70
     1
102
RTVSPropertyOp10
 70
     1
102
RTVSPropertyOp11
 70
     1
102
RTVSPropertyOp12
 70
     1
102
RTVSPropertyOp13
 70
     1
102
RTVSPropertyOp14
 70
     1
102
RTVSPropertyOp15
 70
     1
102
RTVSPropertyOp16
 70
     1
102
RTVSPropertyOp17
 70
     1
102
RTVSPropertyOp18
 70
     1
102
RTVSPropertyOp19
 70
     1
102
RTVSPropertyOp20
 70
     1
102
RTVSPropertyOp21
 70
     1
102
RTVSPropertyOp22
 70
     1
102
RTVSPropertyOp23
 70
     1
102
RTVSPropertyOp24
 70
     1
102
RTVSPropertyOp25
 70
     1
102
RTVSPropertyOp26
 70
     1
102
RTVSPropertyOp27
 70
     1
102
RTVSPropertyOp28
 70
     1
102
RTVSPropertyOp29
 70
     1
102
RTVSPropertyOp30
 70
     1
102
RTVSPropertyOp31
 70
     1
102
RTVSPropertyOp32
 70
     1
  0
XRECORD
  5
1555
102
{ACAD_REACTORS
330
1554
102
}
330
1554
100
AcDbXrecord
280
     1
102
RTVSPropertyOp0
 70
     1
102
RTVSPropertyOp1
 70
     1
102
RTVSPropertyOp2
 70
     1
102
RTVSPropertyOp3
 70
     1
102
RTVSPropertyOp4
 70
     1
102
RTVSPropertyOp5
 70
     1
102
RTVSPropertyOp6
 70
     1
102
RTVSPropertyOp7
 70
     1
102
RTVSPropertyOp8
 70
     1
102
RTVSPropertyOp9
 70
     1
102
RTVSPropertyOp10
 70
     1
102
RTVSPropertyOp11
 70
     1
102
RTVSPropertyOp12
 70
     1
102
RTVSPropertyOp13
 70
     1
102
RTVSPropertyOp14
 70
     1
102
RTVSPropertyOp15
 70
     1
102
RTVSPropertyOp16
 70
     1
102
RTVSPropertyOp17
 70
     1
102
RTVSPropertyOp18
 70
     1
102
RTVSPropertyOp19
 70
     1
102
RTVSPropertyOp20
 70
     1
102
RTVSPropertyOp21
 70
     1
102
RTVSPropertyOp22
 70
     1
102
RTVSPropertyOp23
 70
     1
102
RTVSPropertyOp24
 70
     1
102
RTVSPropertyOp25
 70
     1
102
RTVSPropertyOp26
 70
     1
102
RTVSPropertyOp27
 70
     1
102
RTVSPropertyOp28
 70
     1
102
RTVSPropertyOp29
 70
     1
102
RTVSPropertyOp30
 70
     1
102
RTVSPropertyOp31
 70
     1
102
RTVSPropertyOp32
 70
     1
  0
XRECORD
  5
1559
102
{ACAD_REACTORS
330
1558
102
}
330
1558
100
AcDbXrecord
280
     1
102
RTVSPropertyOp0
 70
     1
102
RTVSPropertyOp1
 70
     1
102
RTVSPropertyOp2
 70
     1
102
RTVSPropertyOp3
 70
     1
102
RTVSPropertyOp4
 70
     1
102
RTVSPropertyOp5
 70
     1
102
RTVSPropertyOp6
 70
     1
102
RTVSPropertyOp7
 70
     1
102
RTVSPropertyOp8
 70
     1
102
RTVSPropertyOp9
 70
     1
102
RTVSPropertyOp10
 70
     1
102
RTVSPropertyOp11
 70
     1
102
RTVSPropertyOp12
 70
     1
102
RTVSPropertyOp13
 70
     1
102
RTVSPropertyOp14
 70
     1
102
RTVSPropertyOp15
 70
     1
102
RTVSPropertyOp16
 70
     1
102
RTVSPropertyOp17
 70
     1
102
RTVSPropertyOp18
 70
     1
102
RTVSPropertyOp19
 70
     1
102
RTVSPropertyOp20
 70
     1
102
RTVSPropertyOp21
 70
     1
102
RTVSPropertyOp22
 70
     1
102
RTVSPropertyOp23
 70
     1
102
RTVSPropertyOp24
 70
     1
102
RTVSPropertyOp25
 70
     1
102
RTVSPropertyOp26
 70
     1
102
RTVSPropertyOp27
 70
     1
102
RTVSPropertyOp28
 70
     1
102
RTVSPropertyOp29
 70
     1
102
RTVSPropertyOp30
 70
     1
102
RTVSPropertyOp31
 70
     1
102
RTVSPropertyOp32
 70
     1
  0
XRECORD
  5
1561
102
{ACAD_REACTORS
330
1560
102
}
330
1560
100
AcDbXrecord
280
     1
102
RTVSPropertyOp0
 70
     1
102
RTVSPropertyOp1
 70
     1
102
RTVSPropertyOp2
 70
     1
102
RTVSPropertyOp3
 70
     1
102
RTVSPropertyOp4
 70
     1
102
RTVSPropertyOp5
 70
     1
102
RTVSPropertyOp6
 70
     1
102
RTVSPropertyOp7
 70
     1
102
RTVSPropertyOp8
 70
     1
102
RTVSPropertyOp9
 70
     1
102
RTVSPropertyOp10
 70
     1
102
RTVSPropertyOp11
 70
     1
102
RTVSPropertyOp12
 70
     1
102
RTVSPropertyOp13
 70
     1
102
RTVSPropertyOp14
 70
     1
102
RTVSPropertyOp15
 70
     1
102
RTVSPropertyOp16
 70
     1
102
RTVSPropertyOp17
 70
     1
102
RTVSPropertyOp18
 70
     1
102
RTVSPropertyOp19
 70
     1
102
RTVSPropertyOp20
 70
     1
102
RTVSPropertyOp21
 70
     1
102
RTVSPropertyOp22
 70
     1
102
RTVSPropertyOp23
 70
     1
102
RTVSPropertyOp24
 70
     1
102
RTVSPropertyOp25
 70
     1
102
RTVSPropertyOp26
 70
     1
102
RTVSPropertyOp27
 70
     1
102
RTVSPropertyOp28
 70
     1
102
RTVSPropertyOp29
 70
     1
102
RTVSPropertyOp30
 70
     1
102
RTVSPropertyOp31
 70
     1
102
RTVSPropertyOp32
 70
     1
  0
XRECORD
  5
1569
102
{ACAD_REACTORS
330
1568
102
}
330
1568
100
AcDbXrecord
280
     1
102
RTVSPropertyOp0
 70
     1
102
RTVSPropertyOp1
 70
     1
102
RTVSPropertyOp2
 70
     1
102
RTVSPropertyOp3
 70
     1
102
RTVSPropertyOp4
 70
     1
102
RTVSPropertyOp5
 70
     1
102
RTVSPropertyOp6
 70
     1
102
RTVSPropertyOp7
 70
     1
102
RTVSPropertyOp8
 70
     1
102
RTVSPropertyOp9
 70
     1
102
RTVSPropertyOp10
 70
     1
102
RTVSPropertyOp11
 70
     1
102
RTVSPropertyOp12
 70
     1
102
RTVSPropertyOp13
 70
     1
102
RTVSPropertyOp14
 70
     1
102
RTVSPropertyOp15
 70
     1
102
RTVSPropertyOp16
 70
     1
102
RTVSPropertyOp17
 70
     1
102
RTVSPropertyOp18
 70
     1
102
RTVSPropertyOp19
 70
     1
102
RTVSPropertyOp20
 70
     1
102
RTVSPropertyOp21
 70
     1
102
RTVSPropertyOp22
 70
     1
102
RTVSPropertyOp23
 70
     1
102
RTVSPropertyOp24
 70
     1
102
RTVSPropertyOp25
 70
     1
102
RTVSPropertyOp26
 70
     1
102
RTVSPropertyOp27
 70
     1
102
RTVSPropertyOp28
 70
     1
102
RTVSPropertyOp29
 70
     1
102
RTVSPropertyOp30
 70
     1
102
RTVSPropertyOp31
 70
     1
102
RTVSPropertyOp32
 70
     1
  0
XRECORD
  5
155D
102
{ACAD_REACTORS
330
155C
102
}
330
155C
100
AcDbXrecord
280
     1
102
RTVSPropertyOp0
 70
     1
102
RTVSPropertyOp1
 70
     1
102
RTVSPropertyOp2
 70
     1
102
RTVSPropertyOp3
 70
     1
102
RTVSPropertyOp4
 70
     1
102
RTVSPropertyOp5
 70
     1
102
RTVSPropertyOp6
 70
     1
102
RTVSPropertyOp7
 70
     1
102
RTVSPropertyOp8
 70
     1
102
RTVSPropertyOp9
 70
     1
102
RTVSPropertyOp10
 70
     1
102
RTVSPropertyOp11
 70
     1
102
RTVSPropertyOp12
 70
     1
102
RTVSPropertyOp13
 70
     1
102
RTVSPropertyOp14
 70
     1
102
RTVSPropertyOp15
 70
     1
102
RTVSPropertyOp16
 70
     1
102
RTVSPropertyOp17
 70
     1
102
RTVSPropertyOp18
 70
     1
102
RTVSPropertyOp19
 70
     1
102
RTVSPropertyOp20
 70
     1
102
RTVSPropertyOp21
 70
     1
102
RTVSPropertyOp22
 70
     1
102
RTVSPropertyOp23
 70
     1
102
RTVSPropertyOp24
 70
     1
102
RTVSPropertyOp25
 70
     1
102
RTVSPropertyOp26
 70
     1
102
RTVSPropertyOp27
 70
     1
102
RTVSPropertyOp28
 70
     1
102
RTVSPropertyOp29
 70
     1
102
RTVSPropertyOp30
 70
     1
102
RTVSPropertyOp31
 70
     1
102
RTVSPropertyOp32
 70
     1
  0
XRECORD
  5
155F
102
{ACAD_REACTORS
330
155E
102
}
330
155E
100
AcDbXrecord
280
     1
102
RTVSPropertyOp0
 70
     1
102
RTVSPropertyOp1
 70
     1
102
RTVSPropertyOp2
 70
     1
102
RTVSPropertyOp3
 70
     1
102
RTVSPropertyOp4
 70
     1
102
RTVSPropertyOp5
 70
     1
102
RTVSPropertyOp6
 70
     1
102
RTVSPropertyOp7
 70
     1
102
RTVSPropertyOp8
 70
     1
102
RTVSPropertyOp9
 70
     1
102
RTVSPropertyOp10
 70
     1
102
RTVSPropertyOp11
 70
     1
102
RTVSPropertyOp12
 70
     1
102
RTVSPropertyOp13
 70
     1
102
RTVSPropertyOp14
 70
     1
102
RTVSPropertyOp15
 70
     1
102
RTVSPropertyOp16
 70
     1
102
RTVSPropertyOp17
 70
     1
102
RTVSPropertyOp18
 70
     1
102
RTVSPropertyOp19
 70
     1
102
RTVSPropertyOp20
 70
     1
102
RTVSPropertyOp21
 70
     1
102
RTVSPropertyOp22
 70
     1
102
RTVSPropertyOp23
 70
     1
102
RTVSPropertyOp24
 70
     1
102
RTVSPropertyOp25
 70
     1
102
RTVSPropertyOp26
 70
     1
102
RTVSPropertyOp27
 70
     1
102
RTVSPropertyOp28
 70
     1
102
RTVSPropertyOp29
 70
     1
102
RTVSPropertyOp30
 70
     1
102
RTVSPropertyOp31
 70
     1
102
RTVSPropertyOp32
 70
     1
  0
XRECORD
  5
157D
102
{ACAD_REACTORS
330
157C
102
}
330
157C
100
AcDbXrecord
280
     1
102
RTVSPropertyOp0
 70
     0
102
RTVSPropertyOp1
 70
     0
102
RTVSPropertyOp2
 70
     0
102
RTVSPropertyOp3
 70
     0
102
RTVSPropertyOp4
 70
     0
102
RTVSPropertyOp5
 70
     0
102
RTVSPropertyOp6
 70
     0
102
RTVSPropertyOp7
 70
     0
102
RTVSPropertyOp8
 70
     0
102
RTVSPropertyOp9
 70
     0
102
RTVSPropertyOp10
 70
     0
102
RTVSPropertyOp11
 70
     0
102
RTVSPropertyOp12
 70
     0
102
RTVSPropertyOp13
 70
     0
102
RTVSPropertyOp14
 70
     2
102
RTVSPropertyOp15
 70
     0
102
RTVSPropertyOp16
 70
     0
102
RTVSPropertyOp17
 70
     0
102
RTVSPropertyOp18
 70
     0
102
RTVSPropertyOp19
 70
     0
102
RTVSPropertyOp20
 70
     0
102
RTVSPropertyOp21
 70
     0
102
RTVSPropertyOp22
 70
     0
102
RTVSPropertyOp23
 70
     0
102
RTVSPropertyOp24
 70
     0
102
RTVSPropertyOp25
 70
     0
102
RTVSPropertyOp26
 70
     0
102
RTVSPropertyOp27
 70
     0
102
RTVSPropertyOp28
 70
     1
102
RTVSPropertyOp29
 70
     1
102
RTVSPropertyOp30
 70
     1
102
RTVSPropertyOp31
 70
     1
102
RTVSPropertyOp32
 70
     1
  0
XRECORD
  5
1567
102
{ACAD_REACTORS
330
1566
102
}
330
1566
100
AcDbXrecord
280
     1
102
RTVSPropertyOp0
 70
     1
102
RTVSPropertyOp1
 70
     1
102
RTVSPropertyOp2
 70
     1
102
RTVSPropertyOp3
 70
     1
102
RTVSPropertyOp4
 70
     1
102
RTVSPropertyOp5
 70
     1
102
RTVSPropertyOp6
 70
     1
102
RTVSPropertyOp7
 70
     1
102
RTVSPropertyOp8
 70
     1
102
RTVSPropertyOp9
 70
     1
102
RTVSPropertyOp10
 70
     1
102
RTVSPropertyOp11
 70
     1
102
RTVSPropertyOp12
 70
     1
102
RTVSPropertyOp13
 70
     1
102
RTVSPropertyOp14
 70
     1
102
RTVSPropertyOp15
 70
     1
102
RTVSPropertyOp16
 70
     1
102
RTVSPropertyOp17
 70
     1
102
RTVSPropertyOp18
 70
     1
102
RTVSPropertyOp19
 70
     1
102
RTVSPropertyOp20
 70
     1
102
RTVSPropertyOp21
 70
     1
102
RTVSPropertyOp22
 70
     1
102
RTVSPropertyOp23
 70
     1
102
RTVSPropertyOp24
 70
     1
102
RTVSPropertyOp25
 70
     1
102
RTVSPropertyOp26
 70
     1
102
RTVSPropertyOp27
 70
     1
102
RTVSPropertyOp28
 70
     1
102
RTVSPropertyOp29
 70
     1
102
RTVSPropertyOp30
 70
     1
102
RTVSPropertyOp31
 70
     1
102
RTVSPropertyOp32
 70
     1
  0
XRECORD
  5
154B
102
{ACAD_REACTORS
330
154A
102
}
330
154A
100
AcDbXrecord
280
     1
102
RTVSPropertyOp0
 70
     1
102
RTVSPropertyOp1
 70
     1
102
RTVSPropertyOp2
 70
     1
102
RTVSPropertyOp3
 70
     1
102
RTVSPropertyOp4
 70
     1
102
RTVSPropertyOp5
 70
     1
102
RTVSPropertyOp6
 70
     1
102
RTVSPropertyOp7
 70
     1
102
RTVSPropertyOp8
 70
     1
102
RTVSPropertyOp9
 70
     1
102
RTVSPropertyOp10
 70
     1
102
RTVSPropertyOp11
 70
     1
102
RTVSPropertyOp12
 70
     1
102
RTVSPropertyOp13
 70
     1
102
RTVSPropertyOp14
 70
     1
102
RTVSPropertyOp15
 70
     1
102
RTVSPropertyOp16
 70
     1
102
RTVSPropertyOp17
 70
     1
102
RTVSPropertyOp18
 70
     1
102
RTVSPropertyOp19
 70
     1
102
RTVSPropertyOp20
 70
     1
102
RTVSPropertyOp21
 70
     1
102
RTVSPropertyOp22
 70
     1
102
RTVSPropertyOp23
 70
     1
102
RTVSPropertyOp24
 70
     1
102
RTVSPropertyOp25
 70
     1
102
RTVSPropertyOp26
 70
     1
102
RTVSPropertyOp27
 70
     1
102
RTVSPropertyOp28
 70
     1
102
RTVSPropertyOp29
 70
     1
102
RTVSPropertyOp30
 70
     1
102
RTVSPropertyOp31
 70
     1
102
RTVSPropertyOp32
 70
     1
  0
XRECORD
  5
154D
102
{ACAD_REACTORS
330
154C
102
}
330
154C
100
AcDbXrecord
280
     1
102
RTVSPropertyOp0
 70
     1
102
RTVSPropertyOp1
 70
     1
102
RTVSPropertyOp2
 70
     1
102
RTVSPropertyOp3
 70
     1
102
RTVSPropertyOp4
 70
     1
102
RTVSPropertyOp5
 70
     1
102
RTVSPropertyOp6
 70
     1
102
RTVSPropertyOp7
 70
     1
102
RTVSPropertyOp8
 70
     1
102
RTVSPropertyOp9
 70
     1
102
RTVSPropertyOp10
 70
     1
102
RTVSPropertyOp11
 70
     1
102
RTVSPropertyOp12
 70
     1
102
RTVSPropertyOp13
 70
     1
102
RTVSPropertyOp14
 70
     1
102
RTVSPropertyOp15
 70
     1
102
RTVSPropertyOp16
 70
     1
102
RTVSPropertyOp17
 70
     1
102
RTVSPropertyOp18
 70
     1
102
RTVSPropertyOp19
 70
     1
102
RTVSPropertyOp20
 70
     1
102
RTVSPropertyOp21
 70
     1
102
RTVSPropertyOp22
 70
     1
102
RTVSPropertyOp23
 70
     1
102
RTVSPropertyOp24
 70
     1
102
RTVSPropertyOp25
 70
     1
102
RTVSPropertyOp26
 70
     1
102
RTVSPropertyOp27
 70
     1
102
RTVSPropertyOp28
 70
     1
102
RTVSPropertyOp29
 70
     1
102
RTVSPropertyOp30
 70
     1
102
RTVSPropertyOp31
 70
     1
102
RTVSPropertyOp32
 70
     1
  0
XRECORD
  5
154F
102
{ACAD_REACTORS
330
154E
102
}
330
154E
100
AcDbXrecord
280
     1
102
RTVSPropertyOp0
 70
     1
102
RTVSPropertyOp1
 70
     1
102
RTVSPropertyOp2
 70
     1
102
RTVSPropertyOp3
 70
     1
102
RTVSPropertyOp4
 70
     1
102
RTVSPropertyOp5
 70
     1
102
RTVSPropertyOp6
 70
     1
102
RTVSPropertyOp7
 70
     1
102
RTVSPropertyOp8
 70
     1
102
RTVSPropertyOp9
 70
     1
102
RTVSPropertyOp10
 70
     1
102
RTVSPropertyOp11
 70
     1
102
RTVSPropertyOp12
 70
     1
102
RTVSPropertyOp13
 70
     1
102
RTVSPropertyOp14
 70
     1
102
RTVSPropertyOp15
 70
     1
102
RTVSPropertyOp16
 70
     1
102
RTVSPropertyOp17
 70
     1
102
RTVSPropertyOp18
 70
     1
102
RTVSPropertyOp19
 70
     1
102
RTVSPropertyOp20
 70
     1
102
RTVSPropertyOp21
 70
     1
102
RTVSPropertyOp22
 70
     1
102
RTVSPropertyOp23
 70
     1
102
RTVSPropertyOp24
 70
     1
102
RTVSPropertyOp25
 70
     1
102
RTVSPropertyOp26
 70
     1
102
RTVSPropertyOp27
 70
     1
102
RTVSPropertyOp28
 70
     1
102
RTVSPropertyOp29
 70
     1
102
RTVSPropertyOp30
 70
     1
102
RTVSPropertyOp31
 70
     1
102
RTVSPropertyOp32
 70
     1
  0
XRECORD
  5
1551
102
{ACAD_REACTORS
330
1550
102
}
330
1550
100
AcDbXrecord
280
     1
102
RTVSPropertyOp0
 70
     1
102
RTVSPropertyOp1
 70
     1
102
RTVSPropertyOp2
 70
     1
102
RTVSPropertyOp3
 70
     1
102
RTVSPropertyOp4
 70
     1
102
RTVSPropertyOp5
 70
     1
102
RTVSPropertyOp6
 70
     1
102
RTVSPropertyOp7
 70
     1
102
RTVSPropertyOp8
 70
     1
102
RTVSPropertyOp9
 70
     1
102
RTVSPropertyOp10
 70
     1
102
RTVSPropertyOp11
 70
     1
102
RTVSPropertyOp12
 70
     1
102
RTVSPropertyOp13
 70
     1
102
RTVSPropertyOp14
 70
     1
102
RTVSPropertyOp15
 70
     1
102
RTVSPropertyOp16
 70
     1
102
RTVSPropertyOp17
 70
     1
102
RTVSPropertyOp18
 70
     1
102
RTVSPropertyOp19
 70
     1
102
RTVSPropertyOp20
 70
     1
102
RTVSPropertyOp21
 70
     1
102
RTVSPropertyOp22
 70
     1
102
RTVSPropertyOp23
 70
     1
102
RTVSPropertyOp24
 70
     1
102
RTVSPropertyOp25
 70
     1
102
RTVSPropertyOp26
 70
     1
102
RTVSPropertyOp27
 70
     1
102
RTVSPropertyOp28
 70
     1
102
RTVSPropertyOp29
 70
     1
102
RTVSPropertyOp30
 70
     1
102
RTVSPropertyOp31
 70
     1
102
RTVSPropertyOp32
 70
     1
  0
XRECORD
  5
156D
102
{ACAD_REACTORS
330
156C
102
}
330
156C
100
AcDbXrecord
280
     1
102
RTVSPropertyOp0
 70
     1
102
RTVSPropertyOp1
 70
     1
102
RTVSPropertyOp2
 70
     1
102
RTVSPropertyOp3
 70
     1
102
RTVSPropertyOp4
 70
     1
102
RTVSPropertyOp5
 70
     1
102
RTVSPropertyOp6
 70
     1
102
RTVSPropertyOp7
 70
     1
102
RTVSPropertyOp8
 70
     1
102
RTVSPropertyOp9
 70
     1
102
RTVSPropertyOp10
 70
     1
102
RTVSPropertyOp11
 70
     1
102
RTVSPropertyOp12
 70
     1
102
RTVSPropertyOp13
 70
     1
102
RTVSPropertyOp14
 70
     1
102
RTVSPropertyOp15
 70
     1
102
RTVSPropertyOp16
 70
     1
102
RTVSPropertyOp17
 70
     1
102
RTVSPropertyOp18
 70
     1
102
RTVSPropertyOp19
 70
     1
102
RTVSPropertyOp20
 70
     1
102
RTVSPropertyOp21
 70
     1
102
RTVSPropertyOp22
 70
     1
102
RTVSPropertyOp23
 70
     1
102
RTVSPropertyOp24
 70
     1
102
RTVSPropertyOp25
 70
     1
102
RTVSPropertyOp26
 70
     1
102
RTVSPropertyOp27
 70
     1
102
RTVSPropertyOp28
 70
     1
102
RTVSPropertyOp29
 70
     1
102
RTVSPropertyOp30
 70
     1
102
RTVSPropertyOp31
 70
     1
102
RTVSPropertyOp32
 70
     1
  0
XRECORD
  5
1579
102
{ACAD_REACTORS
330
1578
102
}
330
1578
100
AcDbXrecord
280
     1
102
RTVSPropertyOp0
 70
     0
102
RTVSPropertyOp1
 70
     0
102
RTVSPropertyOp2
 70
     0
102
RTVSPropertyOp3
 70
     0
102
RTVSPropertyOp4
 70
     0
102
RTVSPropertyOp5
 70
     0
102
RTVSPropertyOp6
 70
     0
102
RTVSPropertyOp7
 70
     0
102
RTVSPropertyOp8
 70
     0
102
RTVSPropertyOp9
 70
     0
102
RTVSPropertyOp10
 70
     0
102
RTVSPropertyOp11
 70
     0
102
RTVSPropertyOp12
 70
     0
102
RTVSPropertyOp13
 70
     0
102
RTVSPropertyOp14
 70
     2
102
RTVSPropertyOp15
 70
     0
102
RTVSPropertyOp16
 70
     0
102
RTVSPropertyOp17
 70
     0
102
RTVSPropertyOp18
 70
     0
102
RTVSPropertyOp19
 70
     0
102
RTVSPropertyOp20
 70
     0
102
RTVSPropertyOp21
 70
     0
102
RTVSPropertyOp22
 70
     0
102
RTVSPropertyOp23
 70
     0
102
RTVSPropertyOp24
 70
     0
102
RTVSPropertyOp25
 70
     0
102
RTVSPropertyOp26
 70
     0
102
RTVSPropertyOp27
 70
     0
102
RTVSPropertyOp28
 70
     1
102
RTVSPropertyOp29
 70
     1
102
RTVSPropertyOp30
 70
     1
102
RTVSPropertyOp31
 70
     1
102
RTVSPropertyOp32
 70
     1
  0
XRECORD
  5
1565
102
{ACAD_REACTORS
330
1564
102
}
330
1564
100
AcDbXrecord
280
     1
102
RTVSPropertyOp0
 70
     1
102
RTVSPropertyOp1
 70
     1
102
RTVSPropertyOp2
 70
     1
102
RTVSPropertyOp3
 70
     1
102
RTVSPropertyOp4
 70
     1
102
RTVSPropertyOp5
 70
     1
102
RTVSPropertyOp6
 70
     1
102
RTVSPropertyOp7
 70
     1
102
RTVSPropertyOp8
 70
     1
102
RTVSPropertyOp9
 70
     1
102
RTVSPropertyOp10
 70
     1
102
RTVSPropertyOp11
 70
     1
102
RTVSPropertyOp12
 70
     1
102
RTVSPropertyOp13
 70
     1
102
RTVSPropertyOp14
 70
     1
102
RTVSPropertyOp15
 70
     1
102
RTVSPropertyOp16
 70
     1
102
RTVSPropertyOp17
 70
     1
102
RTVSPropertyOp18
 70
     1
102
RTVSPropertyOp19
 70
     1
102
RTVSPropertyOp20
 70
     1
102
RTVSPropertyOp21
 70
     1
102
RTVSPropertyOp22
 70
     1
102
RTVSPropertyOp23
 70
     1
102
RTVSPropertyOp24
 70
     1
102
RTVSPropertyOp25
 70
     1
102
RTVSPropertyOp26
 70
     1
102
RTVSPropertyOp27
 70
     1
102
RTVSPropertyOp28
 70
     1
102
RTVSPropertyOp29
 70
     1
102
RTVSPropertyOp30
 70
     1
102
RTVSPropertyOp31
 70
     1
102
RTVSPropertyOp32
 70
     1
  0
XRECORD
  5
157B
102
{ACAD_REACTORS
330
157A
102
}
330
157A
100
AcDbXrecord
280
     1
102
RTVSPropertyOp0
 70
     0
102
RTVSPropertyOp1
 70
     0
102
RTVSPropertyOp2
 70
     0
102
RTVSPropertyOp3
 70
     0
102
RTVSPropertyOp4
 70
     0
102
RTVSPropertyOp5
 70
     0
102
RTVSPropertyOp6
 70
     0
102
RTVSPropertyOp7
 70
     0
102
RTVSPropertyOp8
 70
     0
102
RTVSPropertyOp9
 70
     0
102
RTVSPropertyOp10
 70
     0
102
RTVSPropertyOp11
 70
     0
102
RTVSPropertyOp12
 70
     0
102
RTVSPropertyOp13
 70
     0
102
RTVSPropertyOp14
 70
     2
102
RTVSPropertyOp15
 70
     0
102
RTVSPropertyOp16
 70
     0
102
RTVSPropertyOp17
 70
     0
102
RTVSPropertyOp18
 70
     0
102
RTVSPropertyOp19
 70
     0
102
RTVSPropertyOp20
 70
     0
102
RTVSPropertyOp21
 70
     0
102
RTVSPropertyOp22
 70
     0
102
RTVSPropertyOp23
 70
     0
102
RTVSPropertyOp24
 70
     0
102
RTVSPropertyOp25
 70
     0
102
RTVSPropertyOp26
 70
     0
102
RTVSPropertyOp27
 70
     0
102
RTVSPropertyOp28
 70
     1
102
RTVSPropertyOp29
 70
     1
102
RTVSPropertyOp30
 70
     1
102
RTVSPropertyOp31
 70
     1
102
RTVSPropertyOp32
 70
     1
  0
XRECORD
  5
155B
102
{ACAD_REACTORS
330
155A
102
}
330
155A
100
AcDbXrecord
280
     1
102
RTVSPropertyOp0
 70
     1
102
RTVSPropertyOp1
 70
     1
102
RTVSPropertyOp2
 70
     1
102
RTVSPropertyOp3
 70
     1
102
RTVSPropertyOp4
 70
     1
102
RTVSPropertyOp5
 70
     1
102
RTVSPropertyOp6
 70
     1
102
RTVSPropertyOp7
 70
     1
102
RTVSPropertyOp8
 70
     1
102
RTVSPropertyOp9
 70
     1
102
RTVSPropertyOp10
 70
     1
102
RTVSPropertyOp11
 70
     1
102
RTVSPropertyOp12
 70
     1
102
RTVSPropertyOp13
 70
     1
102
RTVSPropertyOp14
 70
     1
102
RTVSPropertyOp15
 70
     1
102
RTVSPropertyOp16
 70
     1
102
RTVSPropertyOp17
 70
     1
102
RTVSPropertyOp18
 70
     1
102
RTVSPropertyOp19
 70
     1
102
RTVSPropertyOp20
 70
     1
102
RTVSPropertyOp21
 70
     1
102
RTVSPropertyOp22
 70
     1
102
RTVSPropertyOp23
 70
     1
102
RTVSPropertyOp24
 70
     1
102
RTVSPropertyOp25
 70
     1
102
RTVSPropertyOp26
 70
     1
102
RTVSPropertyOp27
 70
     1
102
RTVSPropertyOp28
 70
     1
102
RTVSPropertyOp29
 70
     1
102
RTVSPropertyOp30
 70
     1
102
RTVSPropertyOp31
 70
     1
102
RTVSPropertyOp32
 70
     1
  0
XRECORD
  5
1577
102
{ACAD_REACTORS
330
1576
102
}
330
1576
100
AcDbXrecord
280
     1
102
RTVSPropertyOp0
 70
     1
102
RTVSPropertyOp1
 70
     1
102
RTVSPropertyOp2
 70
     1
102
RTVSPropertyOp3
 70
     1
102
RTVSPropertyOp4
 70
     1
102
RTVSPropertyOp5
 70
     1
102
RTVSPropertyOp6
 70
     1
102
RTVSPropertyOp7
 70
     1
102
RTVSPropertyOp8
 70
     1
102
RTVSPropertyOp9
 70
     1
102
RTVSPropertyOp10
 70
     1
102
RTVSPropertyOp11
 70
     1
102
RTVSPropertyOp12
 70
     1
102
RTVSPropertyOp13
 70
     1
102
RTVSPropertyOp14
 70
     1
102
RTVSPropertyOp15
 70
     1
102
RTVSPropertyOp16
 70
     1
102
RTVSPropertyOp17
 70
     1
102
RTVSPropertyOp18
 70
     1
102
RTVSPropertyOp19
 70
     1
102
RTVSPropertyOp20
 70
     1
102
RTVSPropertyOp21
 70
     1
102
RTVSPropertyOp22
 70
     1
102
RTVSPropertyOp23
 70
     1
102
RTVSPropertyOp24
 70
     1
102
RTVSPropertyOp25
 70
     1
102
RTVSPropertyOp26
 70
     1
102
RTVSPropertyOp27
 70
     1
102
RTVSPropertyOp28
 70
     1
102
RTVSPropertyOp29
 70
     1
102
RTVSPropertyOp30
 70
     1
102
RTVSPropertyOp31
 70
     1
102
RTVSPropertyOp32
 70
     1
  0
XRECORD
  5
1575
102
{ACAD_REACTORS
330
1574
102
}
330
1574
100
AcDbXrecord
280
     1
102
RTVSPropertyOp0
 70
     1
102
RTVSPropertyOp1
 70
     1
102
RTVSPropertyOp2
 70
     1
102
RTVSPropertyOp3
 70
     1
102
RTVSPropertyOp4
 70
     1
102
RTVSPropertyOp5
 70
     1
102
RTVSPropertyOp6
 70
     1
102
RTVSPropertyOp7
 70
     1
102
RTVSPropertyOp8
 70
     1
102
RTVSPropertyOp9
 70
     1
102
RTVSPropertyOp10
 70
     1
102
RTVSPropertyOp11
 70
     1
102
RTVSPropertyOp12
 70
     1
102
RTVSPropertyOp13
 70
     1
102
RTVSPropertyOp14
 70
     1
102
RTVSPropertyOp15
 70
     1
102
RTVSPropertyOp16
 70
     1
102
RTVSPropertyOp17
 70
     1
102
RTVSPropertyOp18
 70
     1
102
RTVSPropertyOp19
 70
     1
102
RTVSPropertyOp20
 70
     1
102
RTVSPropertyOp21
 70
     1
102
RTVSPropertyOp22
 70
     1
102
RTVSPropertyOp23
 70
     1
102
RTVSPropertyOp24
 70
     1
102
RTVSPropertyOp25
 70
     1
102
RTVSPropertyOp26
 70
     1
102
RTVSPropertyOp27
 70
     1
102
RTVSPropertyOp28
 70
     1
102
RTVSPropertyOp29
 70
     1
102
RTVSPropertyOp30
 70
     1
102
RTVSPropertyOp31
 70
     1
102
RTVSPropertyOp32
 70
     1
  0
XRECORD
  5
156F
102
{ACAD_REACTORS
330
156E
102
}
330
156E
100
AcDbXrecord
280
     1
102
RTVSPropertyOp0
 70
     1
102
RTVSPropertyOp1
 70
     1
102
RTVSPropertyOp2
 70
     1
102
RTVSPropertyOp3
 70
     1
102
RTVSPropertyOp4
 70
     1
102
RTVSPropertyOp5
 70
     1
102
RTVSPropertyOp6
 70
     1
102
RTVSPropertyOp7
 70
     1
102
RTVSPropertyOp8
 70
     1
102
RTVSPropertyOp9
 70
     1
102
RTVSPropertyOp10
 70
     1
102
RTVSPropertyOp11
 70
     1
102
RTVSPropertyOp12
 70
     1
102
RTVSPropertyOp13
 70
     1
102
RTVSPropertyOp14
 70
     1
102
RTVSPropertyOp15
 70
     1
102
RTVSPropertyOp16
 70
     1
102
RTVSPropertyOp17
 70
     1
102
RTVSPropertyOp18
 70
     1
102
RTVSPropertyOp19
 70
     1
102
RTVSPropertyOp20
 70
     1
102
RTVSPropertyOp21
 70
     1
102
RTVSPropertyOp22
 70
     1
102
RTVSPropertyOp23
 70
     1
102
RTVSPropertyOp24
 70
     1
102
RTVSPropertyOp25
 70
     1
102
RTVSPropertyOp26
 70
     1
102
RTVSPropertyOp27
 70
     1
102
RTVSPropertyOp28
 70
     1
102
RTVSPropertyOp29
 70
     1
102
RTVSPropertyOp30
 70
     1
102
RTVSPropertyOp31
 70
     1
102
RTVSPropertyOp32
 70
     1
  0
XRECORD
  5
1571
102
{ACAD_REACTORS
330
1570
102
}
330
1570
100
AcDbXrecord
280
     1
102
RTVSPropertyOp0
 70
     1
102
RTVSPropertyOp1
 70
     1
102
RTVSPropertyOp2
 70
     1
102
RTVSPropertyOp3
 70
     1
102
RTVSPropertyOp4
 70
     1
102
RTVSPropertyOp5
 70
     1
102
RTVSPropertyOp6
 70
     1
102
RTVSPropertyOp7
 70
     1
102
RTVSPropertyOp8
 70
     1
102
RTVSPropertyOp9
 70
     1
102
RTVSPropertyOp10
 70
     1
102
RTVSPropertyOp11
 70
     1
102
RTVSPropertyOp12
 70
     1
102
RTVSPropertyOp13
 70
     1
102
RTVSPropertyOp14
 70
     1
102
RTVSPropertyOp15
 70
     1
102
RTVSPropertyOp16
 70
     1
102
RTVSPropertyOp17
 70
     1
102
RTVSPropertyOp18
 70
     1
102
RTVSPropertyOp19
 70
     1
102
RTVSPropertyOp20
 70
     1
102
RTVSPropertyOp21
 70
     1
102
RTVSPropertyOp22
 70
     1
102
RTVSPropertyOp23
 70
     1
102
RTVSPropertyOp24
 70
     1
102
RTVSPropertyOp25
 70
     1
102
RTVSPropertyOp26
 70
     1
102
RTVSPropertyOp27
 70
     1
102
RTVSPropertyOp28
 70
     1
102
RTVSPropertyOp29
 70
     1
102
RTVSPropertyOp30
 70
     1
102
RTVSPropertyOp31
 70
     1
102
RTVSPropertyOp32
 70
     1
  0
XRECORD
  5
1563
102
{ACAD_REACTORS
330
1562
102
}
330
1562
100
AcDbXrecord
280
     1
102
RTVSPropertyOp0
 70
     1
102
RTVSPropertyOp1
 70
     1
102
RTVSPropertyOp2
 70
     1
102
RTVSPropertyOp3
 70
     1
102
RTVSPropertyOp4
 70
     1
102
RTVSPropertyOp5
 70
     1
102
RTVSPropertyOp6
 70
     1
102
RTVSPropertyOp7
 70
     1
102
RTVSPropertyOp8
 70
     1
102
RTVSPropertyOp9
 70
     1
102
RTVSPropertyOp10
 70
     1
102
RTVSPropertyOp11
 70
     1
102
RTVSPropertyOp12
 70
     1
102
RTVSPropertyOp13
 70
     1
102
RTVSPropertyOp14
 70
     1
102
RTVSPropertyOp15
 70
     1
102
RTVSPropertyOp16
 70
     1
102
RTVSPropertyOp17
 70
     1
102
RTVSPropertyOp18
 70
     1
102
RTVSPropertyOp19
 70
     1
102
RTVSPropertyOp20
 70
     1
102
RTVSPropertyOp21
 70
     1
102
RTVSPropertyOp22
 70
     1
102
RTVSPropertyOp23
 70
     1
102
RTVSPropertyOp24
 70
     1
102
RTVSPropertyOp25
 70
     1
102
RTVSPropertyOp26
 70
     1
102
RTVSPropertyOp27
 70
     1
102
RTVSPropertyOp28
 70
     1
102
RTVSPropertyOp29
 70
     1
102
RTVSPropertyOp30
 70
     1
102
RTVSPropertyOp31
 70
     1
102
RTVSPropertyOp32
 70
     1
  0
XRECORD
  5
156B
102
{ACAD_REACTORS
330
156A
102
}
330
156A
100
AcDbXrecord
280
     1
102
RTVSPropertyOp0
 70
     1
102
RTVSPropertyOp1
 70
     1
102
RTVSPropertyOp2
 70
     1
102
RTVSPropertyOp3
 70
     1
102
RTVSPropertyOp4
 70
     1
102
RTVSPropertyOp5
 70
     1
102
RTVSPropertyOp6
 70
     1
102
RTVSPropertyOp7
 70
     1
102
RTVSPropertyOp8
 70
     1
102
RTVSPropertyOp9
 70
     1
102
RTVSPropertyOp10
 70
     1
102
RTVSPropertyOp11
 70
     1
102
RTVSPropertyOp12
 70
     1
102
RTVSPropertyOp13
 70
     1
102
RTVSPropertyOp14
 70
     1
102
RTVSPropertyOp15
 70
     1
102
RTVSPropertyOp16
 70
     1
102
RTVSPropertyOp17
 70
     1
102
RTVSPropertyOp18
 70
     1
102
RTVSPropertyOp19
 70
     1
102
RTVSPropertyOp20
 70
     1
102
RTVSPropertyOp21
 70
     1
102
RTVSPropertyOp22
 70
     1
102
RTVSPropertyOp23
 70
     1
102
RTVSPropertyOp24
 70
     1
102
RTVSPropertyOp25
 70
     1
102
RTVSPropertyOp26
 70
     1
102
RTVSPropertyOp27
 70
     1
102
RTVSPropertyOp28
 70
     1
102
RTVSPropertyOp29
 70
     1
102
RTVSPropertyOp30
 70
     1
102
RTVSPropertyOp31
 70
     1
102
RTVSPropertyOp32
 70
     1
  0
XRECORD
  5
1573
102
{ACAD_REACTORS
330
1572
102
}
330
1572
100
AcDbXrecord
280
     1
102
RTVSPropertyOp0
 70
     1
102
RTVSPropertyOp1
 70
     1
102
RTVSPropertyOp2
 70
     1
102
RTVSPropertyOp3
 70
     1
102
RTVSPropertyOp4
 70
     1
102
RTVSPropertyOp5
 70
     1
102
RTVSPropertyOp6
 70
     1
102
RTVSPropertyOp7
 70
     1
102
RTVSPropertyOp8
 70
     1
102
RTVSPropertyOp9
 70
     1
102
RTVSPropertyOp10
 70
     1
102
RTVSPropertyOp11
 70
     1
102
RTVSPropertyOp12
 70
     1
102
RTVSPropertyOp13
 70
     1
102
RTVSPropertyOp14
 70
     1
102
RTVSPropertyOp15
 70
     1
102
RTVSPropertyOp16
 70
     1
102
RTVSPropertyOp17
 70
     1
102
RTVSPropertyOp18
 70
     1
102
RTVSPropertyOp19
 70
     1
102
RTVSPropertyOp20
 70
     1
102
RTVSPropertyOp21
 70
     1
102
RTVSPropertyOp22
 70
     1
102
RTVSPropertyOp23
 70
     1
102
RTVSPropertyOp24
 70
     1
102
RTVSPropertyOp25
 70
     1
102
RTVSPropertyOp26
 70
     1
102
RTVSPropertyOp27
 70
     1
102
RTVSPropertyOp28
 70
     1
102
RTVSPropertyOp29
 70
     1
102
RTVSPropertyOp30
 70
     1
102
RTVSPropertyOp31
 70
     1
102
RTVSPropertyOp32
 70
     1
  0
ENDSEC
  0
EOF
