  0
SECTION
  2
HEADER
  9
$ACADVER
  1
AC1015
  9
$ACADMAINTVER
 70
    20
  9
$DWGCODEPAGE
  3
ANSI_932
  9
$INSBASE
 10
0.0
 20
0.0
 30
0.0
  9
$EXTMIN
 10
-144.5612425694363
 20
-154.7791129854847
 30
0.0
  9
$EXTMAX
 10
127.6984144929984
 20
114.1546444349444
 30
0.0
  9
$LIMMIN
 10
0.0
 20
0.0
  9
$LIMMAX
 10
12.0
 20
9.0
  9
$ORTHOMODE
 70
     0
  9
$REGENMODE
 70
     1
  9
$FILLMODE
 70
     1
  9
$QTEXTMODE
 70
     0
  9
$MIRRTEXT
 70
     1
  9
$LTSCALE
 40
1.0
  9
$ATTMODE
 70
     1
  9
$TEXTSIZE
 40
0.2
  9
$TRACEWID
 40
0.05
  9
$TEXTSTYLE
  7
Standard
  9
$CLAYER
  8
0
  9
$CELTYPE
  6
ByLayer
  9
$CECOLOR
 62
   256
  9
$CELTSCALE
 40
1.0
  9
$DISPSILH
 70
     0
  9
$DIMSCALE
 40
1.0
  9
$DIMASZ
 40
0.18
  9
$DIMEXO
 40
0.0625
  9
$DIMDLI
 40
0.38
  9
$DIMRND
 40
0.0
  9
$DIMDLE
 40
0.0
  9
$DIMEXE
 40
0.18
  9
$DIMTP
 40
0.0
  9
$DIMTM
 40
0.0
  9
$DIMTXT
 40
0.18
  9
$DIMCEN
 40
0.09
  9
$DIMTSZ
 40
0.0
  9
$DIMTOL
 70
     0
  9
$DIMLIM
 70
     0
  9
$DIMTIH
 70
     1
  9
$DIMTOH
 70
     1
  9
$DIMSE1
 70
     0
  9
$DIMSE2
 70
     0
  9
$DIMTAD
 70
     0
  9
$DIMZIN
 70
     0
  9
$DIMBLK
  1

  9
$DIMASO
 70
     1
  9
$DIMSHO
 70
     1
  9
$DIMPOST
  1

  9
$DIMAPOST
  1

  9
$DIMALT
 70
     0
  9
$DIMALTD
 70
     2
  9
$DIMALTF
 40
25.4
  9
$DIMLFAC
 40
1.0
  9
$DIMTOFL
 70
     0
  9
$DIMTVP
 40
0.0
  9
$DIMTIX
 70
     0
  9
$DIMSOXD
 70
     0
  9
$DIMSAH
 70
     0
  9
$DIMBLK1
  1

  9
$DIMBLK2
  1

  9
$DIMSTYLE
  2
Standard
  9
$DIMCLRD
 70
     0
  9
$DIMCLRE
 70
     0
  9
$DIMCLRT
 70
     0
  9
$DIMTFAC
 40
1.0
  9
$DIMGAP
 40
0.09
  9
$DIMJUST
 70
     0
  9
$DIMSD1
 70
     0
  9
$DIMSD2
 70
     0
  9
$DIMTOLJ
 70
     1
  9
$DIMTZIN
 70
     0
  9
$DIMALTZ
 70
     0
  9
$DIMALTTZ
 70
     0
  9
$DIMUPT
 70
     0
  9
$DIMDEC
 70
     4
  9
$DIMTDEC
 70
     4
  9
$DIMALTU
 70
     2
  9
$DIMALTTD
 70
     2
  9
$DIMTXSTY
  7
Standard
  9
$DIMAUNIT
 70
     0
  9
$DIMADEC
 70
     0
  9
$DIMALTRND
 40
0.0
  9
$DIMAZIN
 70
     0
  9
$DIMDSEP
 70
    46
  9
$DIMATFIT
 70
     3
  9
$DIMFRAC
 70
     0
  9
$DIMLDRBLK
  1

  9
$DIMLUNIT
 70
     2
  9
$DIMLWD
 70
    -2
  9
$DIMLWE
 70
    -2
  9
$DIMTMOVE
 70
     0
  9
$LUNITS
 70
     2
  9
$LUPREC
 70
     4
  9
$SKETCHINC
 40
0.1
  9
$FILLETRAD
 40
0.5
  9
$AUNITS
 70
     0
  9
$AUPREC
 70
     0
  9
$MENU
  1
.
  9
$ELEVATION
 40
0.0
  9
$PELEVATION
 40
0.0
  9
$THICKNESS
 40
0.0
  9
$LIMCHECK
 70
     0
  9
$CHAMFERA
 40
0.5
  9
$CHAMFERB
 40
0.5
  9
$CHAMFERC
 40
1.0
  9
$CHAMFERD
 40
0.0
  9
$SKPOLY
 70
     0
  9
$TDCREATE
 40
2457917.542911899
  9
$TDUCREATE
 40
2457917.167911899
  9
$TDUPDATE
 40
2457935.378577384
  9
$TDUUPDATE
 40
2457935.003577384
  9
$TDINDWG
 40
0.0287106713
  9
$TDUSRTIMER
 40
0.0287106713
  9
$USRTIMER
 70
     1
  9
$ANGBASE
 50
0.0
  9
$ANGDIR
 70
     0
  9
$PDMODE
 70
     0
  9
$PDSIZE
 40
0.0
  9
$PLINEWID
 40
0.0
  9
$SPLFRAME
 70
     0
  9
$SPLINETYPE
 70
     6
  9
$SPLINESEGS
 70
     8
  9
$HANDSEED
  5
13DD
  9
$SURFTAB1
 70
     6
  9
$SURFTAB2
 70
     6
  9
$SURFTYPE
 70
     6
  9
$SURFU
 70
     6
  9
$SURFV
 70
     6
  9
$UCSBASE
  2

  9
$UCSNAME
  2

  9
$UCSORG
 10
0.0
 20
0.0
 30
0.0
  9
$UCSXDIR
 10
1.0
 20
0.0
 30
0.0
  9
$UCSYDIR
 10
0.0
 20
1.0
 30
0.0
  9
$UCSORTHOREF
  2

  9
$UCSORTHOVIEW
 70
     0
  9
$UCSORGTOP
 10
0.0
 20
0.0
 30
0.0
  9
$UCSORGBOTTOM
 10
0.0
 20
0.0
 30
0.0
  9
$UCSORGLEFT
 10
0.0
 20
0.0
 30
0.0
  9
$UCSORGRIGHT
 10
0.0
 20
0.0
 30
0.0
  9
$UCSORGFRONT
 10
0.0
 20
0.0
 30
0.0
  9
$UCSORGBACK
 10
0.0
 20
0.0
 30
0.0
  9
$PUCSBASE
  2

  9
$PUCSNAME
  2

  9
$PUCSORG
 10
0.0
 20
0.0
 30
0.0
  9
$PUCSXDIR
 10
1.0
 20
0.0
 30
0.0
  9
$PUCSYDIR
 10
0.0
 20
1.0
 30
0.0
  9
$PUCSORTHOREF
  2

  9
$PUCSORTHOVIEW
 70
     0
  9
$PUCSORGTOP
 10
0.0
 20
0.0
 30
0.0
  9
$PUCSORGBOTTOM
 10
0.0
 20
0.0
 30
0.0
  9
$PUCSORGLEFT
 10
0.0
 20
0.0
 30
0.0
  9
$PUCSORGRIGHT
 10
0.0
 20
0.0
 30
0.0
  9
$PUCSORGFRONT
 10
0.0
 20
0.0
 30
0.0
  9
$PUCSORGBACK
 10
0.0
 20
0.0
 30
0.0
  9
$USERI1
 70
     0
  9
$USERI2
 70
     0
  9
$USERI3
 70
     0
  9
$USERI4
 70
     0
  9
$USERI5
 70
     0
  9
$USERR1
 40
18.1
  9
$USERR2
 40
0.0
  9
$USERR3
 40
0.0
  9
$USERR4
 40
0.0
  9
$USERR5
 40
0.0
  9
$WORLDVIEW
 70
     1
  9
$SHADEDGE
 70
     3
  9
$SHADEDIF
 70
    70
  9
$TILEMODE
 70
     1
  9
$MAXACTVP
 70
    64
  9
$PINSBASE
 10
0.0
 20
0.0
 30
0.0
  9
$PLIMCHECK
 70
     0
  9
$PEXTMIN
 10
1.000000000000000E+20
 20
1.000000000000000E+20
 30
1.000000000000000E+20
  9
$PEXTMAX
 10
-1.000000000000000E+20
 20
-1.000000000000000E+20
 30
-1.000000000000000E+20
  9
$PLIMMIN
 10
0.0
 20
0.0
  9
$PLIMMAX
 10
12.0
 20
9.0
  9
$UNITMODE
 70
     0
  9
$VISRETAIN
 70
     1
  9
$PLINEGEN
 70
     0
  9
$PSLTSCALE
 70
     1
  9
$TREEDEPTH
 70
  3020
  9
$CMLSTYLE
  2
Standard
  9
$CMLJUST
 70
     0
  9
$CMLSCALE
 40
1.0
  9
$PROXYGRAPHICS
 70
     1
  9
$MEASUREMENT
 70
     1
  9
$CELWEIGHT
370
    -1
  9
$ENDCAPS
280
     0
  9
$JOINSTYLE
280
     0
  9
$LWDISPLAY
290
     0
  9
$INSUNITS
 70
     4
  9
$HYPERLINKBASE
  1

  9
$STYLESHEET
  1

  9
$XEDIT
290
     1
  9
$CEPSNTYPE
380
     0
  9
$PSTYLEMODE
290
     1
  9
$FINGERPRINTGUID
  2
{CBE55548-E33D-41C5-82D0-09B653A4583A}
  9
$VERSIONGUID
  2
{7CC70BAD-73ED-46B2-B954-F2C97F78EB48}
  9
$EXTNAMES
290
     1
  9
$PSVPSCALE
 40
0.0
  9
$OLESTARTUP
290
     0
  0
ENDSEC
  0
SECTION
  2
CLASSES
  0
CLASS
  1
ACDBDICTIONARYWDFLT
  2
AcDbDictionaryWithDefault
  3
ObjectDBX Classes
 90
        0
280
     0
281
     0
  0
CLASS
  1
VISUALSTYLE
  2
AcDbVisualStyle
  3
ObjectDBX Classes
 90
     4095
280
     0
281
     0
  0
CLASS
  1
MATERIAL
  2
AcDbMaterial
  3
ObjectDBX Classes
 90
     1153
280
     0
281
     0
  0
CLASS
  1
DICTIONARYVAR
  2
AcDbDictionaryVar
  3
ObjectDBX Classes
 90
        0
280
     0
281
     0
  0
CLASS
  1
ACDBPLACEHOLDER
  2
AcDbPlaceHolder
  3
ObjectDBX Classes
 90
        0
280
     0
281
     0
  0
CLASS
  1
LAYOUT
  2
AcDbLayout
  3
ObjectDBX Classes
 90
        0
280
     0
281
     0
  0
CLASS
  1
TABLESTYLE
  2
AcDbTableStyle
  3
ObjectDBX Classes
 90
     4095
280
     0
281
     0
  0
CLASS
  1
SCALE
  2
AcDbScale
  3
ObjectDBX Classes
 90
     1153
280
     0
281
     0
  0
CLASS
  1
MLEADERSTYLE
  2
AcDbMLeaderStyle
  3
ACDB_MLEADERSTYLE_CLASS
 90
     4095
280
     0
281
     0
  0
CLASS
  1
EXACXREFPANELOBJECT
  2
ExAcXREFPanelObject
  3
EXAC_ESW
 90
     1025
280
     0
281
     0
  0
CLASS
  1
NPOCOLLECTION
  2
AcDbImpNonPersistentObjectsCollection
  3
ObjectDBX Classes
 90
     1153
280
     0
281
     0
  0
CLASS
  1
DIMASSOC
  2
AcDbDimAssoc
  3
"AcDbDimAssoc|Product Desc:     AcDim ARX App For Dimension|Company:          Autodesk, Inc.|WEB Address:      www.autodesk.com"
 90
    32768
280
     0
281
     0
  0
CLASS
  1
CELLSTYLEMAP
  2
AcDbCellStyleMap
  3
ObjectDBX Classes
 90
     1152
280
     0
281
     0
  0
ENDSEC
  0
SECTION
  2
TABLES
  0
TABLE
  2
VPORT
  5
8
330
0
100
AcDbSymbolTable
 70
     1
  0
VPORT
  5
29
330
8
100
AcDbSymbolTableRecord
100
AcDbViewportTableRecord
  2
*Active
 70
     0
 10
0.0
 20
0.0
 11
1.0
 21
1.0
 12
-8.77359266201131
 22
-20.66467116674741
 13
0.0
 23
0.0
 14
0.5
 24
0.5
 15
0.5
 25
0.5
 16
0.0
 26
0.0
 36
1.0
 17
0.0
 27
0.0
 37
0.0
 40
271.1324117527673
 41
2.083333333333333
 42
50.0
 43
0.0
 44
0.0
 50
0.0
 51
0.0
 71
     0
 72
   100
 73
     1
 74
     2
 75
     0
 76
     0
 77
     0
 78
     0
281
     0
 65
     1
110
0.0
120
0.0
130
0.0
111
1.0
121
0.0
131
0.0
112
0.0
122
1.0
132
0.0
 79
     0
146
0.0
  0
ENDTAB
  0
TABLE
  2
LTYPE
  5
5
330
0
100
AcDbSymbolTable
 70
     2
  0
LTYPE
  5
14
330
5
100
AcDbSymbolTableRecord
100
AcDbLinetypeTableRecord
  2
ByBlock
 70
     0
  3

 72
    65
 73
     0
 40
0.0
  0
LTYPE
  5
15
330
5
100
AcDbSymbolTableRecord
100
AcDbLinetypeTableRecord
  2
ByLayer
 70
     0
  3

 72
    65
 73
     0
 40
0.0
  0
LTYPE
  5
16
330
5
100
AcDbSymbolTableRecord
100
AcDbLinetypeTableRecord
  2
Continuous
 70
     0
  3
Solid line
 72
    65
 73
     0
 40
0.0
  0
LTYPE
  5
1171
330
5
100
AcDbSymbolTableRecord
100
AcDbLinetypeTableRecord
  2
CENTER2
 70
     0
  3
Center (.5x) ___ _ ___ _ ___ _ ___ _ ___ _ ___
 72
    65
 73
     4
 40
28.575
 49
19.05
 74
     0
 49
-3.174999999999999
 74
     0
 49
3.174999999999999
 74
     0
 49
-3.174999999999999
 74
     0
  0
ENDTAB
  0
TABLE
  2
LAYER
  5
2
102
{ACAD_XDICTIONARY
360
1177
102
}
330
0
100
AcDbSymbolTable
 70
     2
  0
LAYER
  5
10
102
{ACAD_XDICTIONARY
360
1172
102
}
330
2
100
AcDbSymbolTableRecord
100
AcDbLayerTableRecord
  2
0
 70
     0
 62
     7
  6
Continuous
370
    -3
390
F
  0
LAYER
  5
102D
330
2
100
AcDbSymbolTableRecord
100
AcDbLayerTableRecord
  2
Defpoints
 70
     0
 62
     7
  6
Continuous
290
     0
370
    -3
390
F
  0
ENDTAB
  0
TABLE
  2
STYLE
  5
3
330
0
100
AcDbSymbolTable
 70
     1
  0
STYLE
  5
11
330
3
100
AcDbSymbolTableRecord
100
AcDbTextStyleTableRecord
  2
Standard
 70
     0
 40
0.0
 41
1.0
 50
0.0
 71
     0
 42
0.2
  3
txt
  4

  0
ENDTAB
  0
TABLE
  2
VIEW
  5
6
330
0
100
AcDbSymbolTable
 70
     0
  0
ENDTAB
  0
TABLE
  2
UCS
  5
7
330
0
100
AcDbSymbolTable
 70
     0
  0
ENDTAB
  0
TABLE
  2
APPID
  5
9
330
0
100
AcDbSymbolTable
 70
     3
  0
APPID
  5
12
330
9
100
AcDbSymbolTableRecord
100
AcDbRegAppTableRecord
  2
ACAD
 70
     0
  0
APPID
  5
10A2
330
9
100
AcDbSymbolTableRecord
100
AcDbRegAppTableRecord
  2
ACAD_DSTYLE_DIMRADIAL_EXTENSION
 70
     0
  0
APPID
  5
13DC
330
9
100
AcDbSymbolTableRecord
100
AcDbRegAppTableRecord
  2
ACAD_MLEADERVER
 70
     0
  0
ENDTAB
  0
TABLE
  2
DIMSTYLE
  5
A
330
0
100
AcDbSymbolTable
 70
     1
100
AcDbDimStyleTable
 71
     1
340
27
  0
DIMSTYLE
105
27
330
A
100
AcDbSymbolTableRecord
100
AcDbDimStyleTableRecord
  2
Standard
 70
     0
340
11
  0
ENDTAB
  0
TABLE
  2
BLOCK_RECORD
  5
1
330
0
100
AcDbSymbolTable
 70
     1
  0
BLOCK_RECORD
  5
1F
330
1
100
AcDbSymbolTableRecord
100
AcDbBlockTableRecord
  2
*Model_Space
340
22
  0
BLOCK_RECORD
  5
1B
330
1
100
AcDbSymbolTableRecord
100
AcDbBlockTableRecord
  2
*Paper_Space
340
1E
  0
BLOCK_RECORD
  5
23
330
1
100
AcDbSymbolTableRecord
100
AcDbBlockTableRecord
  2
*Paper_Space0
340
26
  0
ENDTAB
  0
ENDSEC
  0
SECTION
  2
BLOCKS
  0
BLOCK
  5
20
330
1F
100
AcDbEntity
  8
0
100
AcDbBlockBegin
  2
*Model_Space
 70
     0
 10
0.0
 20
0.0
 30
0.0
  3
*Model_Space
  1

  0
ENDBLK
  5
21
330
1F
100
AcDbEntity
  8
0
100
AcDbBlockEnd
  0
BLOCK
  5
1C
330
1B
100
AcDbEntity
 67
     1
  8
0
100
AcDbBlockBegin
  2
*Paper_Space
 70
     0
 10
0.0
 20
0.0
 30
0.0
  3
*Paper_Space
  1

  0
ENDBLK
  5
1D
330
1B
100
AcDbEntity
 67
     1
  8
0
100
AcDbBlockEnd
  0
BLOCK
  5
24
330
23
100
AcDbEntity
 67
     1
  8
0
100
AcDbBlockBegin
  2
*Paper_Space0
 70
     0
 10
0.0
 20
0.0
 30
0.0
  3
*Paper_Space0
  1

  0
ENDBLK
  5
25
330
23
100
AcDbEntity
 67
     1
  8
0
100
AcDbBlockEnd
  0
ENDSEC
  0
SECTION
  2
ENTITIES
  0
LINE
  5
583
330
1F
100
AcDbEntity
  8
0
  6
Continuous
 62
     7
100
AcDbLine
 10
81.67910029962275
 20
108.6546444349444
 30
0.0
 11
81.67910029962275
 21
98.60464443493421
 31
0.0
  0
LINE
  5
584
330
1F
100
AcDbEntity
  8
0
  6
Continuous
 62
     7
100
AcDbLine
 10
81.67910029962275
 20
108.6546444349444
 30
0.0
 11
81.17910029962274
 21
109.1546444349444
 31
0.0
  0
LINE
  5
585
330
1F
100
AcDbEntity
  8
0
  6
Continuous
 62
     7
100
AcDbLine
 10
81.17910029962274
 20
79.15464443494437
 30
0.0
 11
81.67910029962275
 21
79.65464443494437
 31
0.0
  0
LINE
  5
586
330
1F
100
AcDbEntity
  8
0
  6
Continuous
 62
     7
100
AcDbLine
 10
81.67910029962275
 20
89.70464443493455
 30
0.0
 11
81.67910029962275
 21
79.65464443494437
 31
0.0
  0
LINE
  5
587
330
1F
100
AcDbEntity
  8
0
  6
Continuous
 62
     7
100
AcDbLine
 10
78.67910029962274
 20
113.6546444349444
 30
0.0
 11
78.67910029962274
 21
109.4546444349345
 31
0.0
  0
LINE
  5
588
330
1F
100
AcDbEntity
  8
0
  6
Continuous
 62
     7
100
AcDbLine
 10
103.6791002996227
 20
90.65464443494439
 30
0.0
 11
103.1791002996227
 21
90.1546444349444
 31
0.0
  0
LINE
  5
589
330
1F
100
AcDbEntity
  8
0
  6
Continuous
 62
     7
100
AcDbLine
 10
78.97910029962213
 20
109.1546444349444
 30
0.0
 11
81.17910029962274
 21
109.1546444349444
 31
0.0
  0
LINE
  5
58A
330
1F
100
AcDbEntity
  8
0
  6
Continuous
 62
     7
100
AcDbLine
 10
81.17910029962274
 20
79.15464443494437
 30
0.0
 11
78.97910029962213
 21
79.15464443494437
 31
0.0
  0
LINE
  5
58B
330
1F
100
AcDbEntity
  8
0
  6
Continuous
 62
     7
100
AcDbLine
 10
71.67910029962275
 20
114.1546444349444
 30
0.0
 11
78.17910029962274
 21
114.1546444349444
 31
0.0
  0
LINE
  5
58C
330
1F
100
AcDbEntity
  8
0
  6
Continuous
 62
     7
100
AcDbLine
 10
78.67910029962274
 20
113.6546444349444
 30
0.0
 11
78.17910029962274
 21
114.1546444349444
 31
0.0
  0
LINE
  5
58D
330
1F
100
AcDbEntity
  8
0
  6
Continuous
 62
     7
100
AcDbLine
 10
103.1791002996227
 20
98.15464443494441
 30
0.0
 11
103.6791002996227
 21
97.6546444349444
 31
0.0
  0
LINE
  5
58E
330
1F
100
AcDbEntity
  8
0
  6
Continuous
 62
     7
100
AcDbLine
 10
103.1791002996227
 20
98.15464443494441
 30
0.0
 11
81.67910029962275
 21
98.15464443494441
 31
0.0
  0
LINE
  5
58F
330
1F
100
AcDbEntity
  8
0
  6
Continuous
 62
     7
100
AcDbLine
 10
81.67910029962275
 20
89.70464443493455
 30
0.0
 11
81.67910029962275
 21
98.60464443493421
 31
0.0
  0
LINE
  5
590
330
1F
100
AcDbEntity
  8
0
  6
Continuous
 62
     7
100
AcDbLine
 10
81.67910029962275
 20
90.1546444349444
 30
0.0
 11
103.1791002996227
 21
90.1546444349444
 31
0.0
  0
LINE
  5
591
330
1F
100
AcDbEntity
  8
0
  6
Continuous
 62
     7
100
AcDbLine
 10
103.6791002996227
 20
90.65464443494439
 30
0.0
 11
103.6791002996227
 21
97.6546444349444
 31
0.0
  0
LINE
  5
592
330
1F
100
AcDbEntity
  8
0
  6
Continuous
 62
     7
100
AcDbLine
 10
78.67910029962274
 20
109.4546444349345
 30
0.0
 11
78.67910029962274
 21
78.85464443494507
 31
0.0
  0
LINE
  5
593
330
1F
100
AcDbEntity
  8
0
  6
CENTER2
 62
     1
100
AcDbLine
 10
62.77910029961955
 20
94.15464443494441
 30
0.0
 11
108.6791002996227
 21
94.15464443494441
 31
0.0
  0
LINE
  5
594
330
1F
100
AcDbEntity
  8
0
  6
CENTER2
 62
     1
100
AcDbLine
 10
87.56031350481277
 20
106.2907037813149
 30
0.0
 11
106.3871297958225
 21
106.2907037813149
 31
0.0
  0
LINE
  5
595
330
1F
100
AcDbEntity
  8
0
  6
Continuous
 62
     7
100
AcDbLine
 10
91.17910029962274
 20
107.7907037813149
 30
0.0
 11
103.6791002996227
 21
107.7907037813149
 31
0.0
  0
LINE
  5
596
330
1F
100
AcDbEntity
  8
0
  6
Continuous
 62
     7
100
AcDbLine
 10
103.6791002996227
 20
104.7907037813149
 30
0.0
 11
91.17910029962274
 21
104.7907037813149
 31
0.0
  0
LINE
  5
597
330
1F
100
AcDbEntity
  8
0
  6
Continuous
 62
     7
100
AcDbLine
 10
103.6791002996227
 20
107.7907037813149
 30
0.0
 11
103.6791002996227
 21
104.7907037813149
 31
0.0
  0
LINE
  5
598
330
1F
100
AcDbEntity
  8
0
  6
Continuous
 62
     7
100
AcDbLine
 10
91.17910029962274
 20
107.7907037813149
 30
0.0
 11
91.17910029962274
 21
104.7907037813149
 31
0.0
  0
LINE
  5
599
330
1F
100
AcDbEntity
  8
0
  6
Continuous
 62
     7
100
AcDbLine
 10
91.17910029962274
 20
99.35464443494513
 30
0.0
 11
91.17910029962274
 21
98.15464443494441
 31
0.0
  0
LINE
  5
59A
330
1F
100
AcDbEntity
  8
0
  6
Continuous
 62
     7
100
AcDbLine
 10
103.6791002996227
 20
99.35464443494513
 30
0.0
 11
103.6791002996227
 21
97.6546444349444
 31
0.0
  0
LINE
  5
59B
330
1F
100
AcDbEntity
  8
0
  6
Continuous
 62
     7
100
AcDbLine
 10
103.6791002996227
 20
99.35464443494513
 30
0.0
 11
91.17910029962274
 21
99.35464443494513
 31
0.0
  0
LINE
  5
59C
330
1F
100
AcDbEntity
  8
0
  6
Continuous
 62
     7
100
AcDbLine
 10
78.17910029962274
 20
74.15464443494439
 30
0.0
 11
71.67910029962275
 21
74.15464443494439
 31
0.0
  0
LINE
  5
59D
330
1F
100
AcDbEntity
  8
0
  6
Continuous
 62
     7
100
AcDbLine
 10
78.17910029962274
 20
74.15464443494439
 30
0.0
 11
78.67910029962274
 21
74.65464443494439
 31
0.0
  0
LINE
  5
59E
330
1F
100
AcDbEntity
  8
0
  6
Continuous
 62
     7
100
AcDbLine
 10
78.67910029962274
 20
74.65464443494439
 30
0.0
 11
78.67910029962274
 21
78.85464443494507
 31
0.0
  0
LINE
  5
59F
330
1F
100
AcDbEntity
  8
0
  6
CENTER2
 62
     1
100
AcDbLine
 10
122.098414492998
 20
90.1546444349444
 30
0.0
 11
122.098414492998
 21
88.55464443493493
 31
0.0
  0
LINE
  5
5A0
330
1F
100
AcDbEntity
  8
0
  6
Continuous
 62
     7
100
AcDbLine
 10
123.598414492998
 20
97.86274367848475
 30
0.0
 11
123.598414492998
 21
99.35464443494513
 31
0.0
  0
LINE
  5
5A1
330
1F
100
AcDbEntity
  8
0
  6
Continuous
 62
     7
100
AcDbLine
 10
120.598414492998
 20
97.86274367848475
 30
0.0
 11
120.598414492998
 21
96.35464443494512
 31
0.0
  0
LINE
  5
5A2
330
1F
100
AcDbEntity
  8
0
  6
CENTER2
 62
     1
100
AcDbLine
 10
122.098414492998
 20
101.006238993965
 30
0.0
 11
122.098414492998
 21
90.1546444349444
 31
0.0
  0
LINE
  5
5A3
330
1F
100
AcDbEntity
  8
0
  6
Continuous
 62
     7
100
AcDbLine
 10
120.598414492998
 20
99.35464443494513
 30
0.0
 11
120.598414492998
 21
97.86274367848475
 31
0.0
  0
LINE
  5
5A4
330
1F
100
AcDbEntity
  8
0
  6
Continuous
 62
     7
100
AcDbLine
 10
123.598414492998
 20
99.35464443494513
 30
0.0
 11
120.598414492998
 21
99.35464443494513
 31
0.0
  0
LINE
  5
5A5
330
1F
100
AcDbEntity
  8
0
  6
Continuous
 62
     7
100
AcDbLine
 10
123.598414492998
 20
96.35464443494512
 30
0.0
 11
123.598414492998
 21
97.86274367848475
 31
0.0
  0
LINE
  5
5A6
330
1F
100
AcDbEntity
  8
0
  6
Continuous
 62
     7
100
AcDbLine
 10
120.598414492998
 20
96.35464443494512
 30
0.0
 11
123.598414492998
 21
96.35464443494512
 31
0.0
  0
LINE
  5
5A7
330
1F
100
AcDbEntity
  8
0
  6
CENTER2
 62
     1
100
AcDbLine
 10
127.6984144929984
 20
94.15464443494441
 30
0.0
 11
116.4984144929975
 21
94.15464443494441
 31
0.0
  0
LINE
  5
5A8
330
1F
100
AcDbEntity
  8
0
  6
Continuous
 62
     4
100
AcDbLine
 10
-46.85181556433088
 20
103.1588095600351
 30
0.0
 11
-41.65566314140614
 21
106.1588095604459
 31
0.0
  0
LINE
  5
5A9
330
1F
100
AcDbEntity
  8
0
  6
Continuous
 62
     4
100
AcDbLine
 10
-133.2782126894701
 20
26.31132254468341
 30
0.0
 11
-133.2782126894701
 21
27.35325302737349
 31
0.0
  0
LINE
  5
5AA
330
1F
100
AcDbEntity
  8
0
  6
Continuous
 62
     4
100
AcDbLine
 10
-133.2782126894701
 20
26.31132254468341
 30
0.0
 11
-110.3739379656838
 21
26.31132254468341
 31
0.0
  0
LINE
  5
5AB
330
1F
100
AcDbEntity
  8
0
  6
Continuous
 62
     4
100
AcDbLine
 10
-137.5885386907332
 20
19.51132254467595
 30
0.0
 11
-133.3122912597266
 21
19.51132254467595
 31
0.0
  0
LINE
  5
5AC
330
1F
100
AcDbEntity
  8
0
  6
Continuous
 62
     4
100
AcDbLine
 10
-137.7782126887844
 20
19.31158928834631
 30
0.0
 11
-137.7782126887844
 21
16.71132254467486
 31
0.0
  0
LINE
  5
5AD
330
1F
100
AcDbEntity
  8
0
  6
Continuous
 62
     4
100
AcDbLine
 10
-114.131581667586
 20
28.31132254467613
 30
0.0
 11
-114.1315816678755
 21
35.31132254484258
 31
0.0
  0
LINE
  5
5AE
330
1F
100
AcDbEntity
  8
0
  6
Continuous
 62
     4
100
AcDbLine
 10
-110.3739379656838
 20
28.31132254467613
 30
0.0
 11
-110.3739379656838
 21
26.31132254468341
 31
0.0
  0
LINE
  5
5AF
330
1F
100
AcDbEntity
  8
0
  6
Continuous
 62
     4
100
AcDbLine
 10
-114.1315816677845
 20
28.31132254467613
 30
0.0
 11
-110.3739379656838
 21
28.31132254467613
 31
0.0
  0
LINE
  5
5B0
330
1F
100
AcDbEntity
  8
0
  6
Continuous
 62
     4
100
AcDbLine
 10
-129.7484142328578
 20
39.31132254467613
 30
0.0
 11
-118.1315816677845
 21
39.31132254467613
 31
0.0
  0
LINE
  5
5B1
330
1F
100
AcDbEntity
  8
0
  6
Continuous
 62
     4
100
AcDbLine
 10
-110.3398593953773
 20
19.52158928833725
 30
0.0
 11
-105.9782126887851
 21
19.52158928833725
 31
0.0
  0
LINE
  5
5B2
330
1F
100
AcDbEntity
  8
0
  6
Continuous
 62
     4
100
AcDbLine
 10
-105.7782126887844
 20
19.32158928834562
 30
0.0
 11
-105.7782126887844
 21
16.71132254466758
 31
0.0
  0
LINE
  5
5B3
330
1F
100
AcDbEntity
  8
0
  6
Continuous
 62
     4
100
AcDbLine
 10
-32.29748703991424
 20
19.50000000034399
 30
0.0
 11
-32.29748704016873
 21
25.59156067597561
 31
0.0
  0
LINE
  5
5B8
330
1F
100
AcDbEntity
  8
0
  6
Continuous
 62
     4
100
AcDbLine
 10
-16.14748703923596
 20
88.70464443594958
 30
0.0
 11
-16.14748703923596
 21
82.35464443574548
 31
0.0
  0
LINE
  5
5B9
330
1F
100
AcDbEntity
  8
0
  6
Continuous
 62
     4
100
AcDbLine
 10
-33.74748703926633
 20
105.9546444349446
 30
0.0
 11
-33.7474870392054
 21
82.35464443491602
 31
0.0
  0
LINE
  5
5BA
330
1F
100
AcDbEntity
  8
0
  6
Continuous
 62
     4
100
AcDbLine
 10
-31.74748703918539
 20
80.35464443493603
 30
0.0
 11
-29.34748703926579
 21
80.35464443495603
 31
0.0
  0
LINE
  5
5BB
330
1F
100
AcDbEntity
  8
0
  6
Continuous
 62
     4
100
AcDbLine
 10
-13.54748703888998
 20
87.65464443527605
 30
0.0
 11
-7.44748703894419
 21
87.6546444355265
 31
0.0
  0
LINE
  5
5BC
330
1F
100
AcDbEntity
  8
0
  6
Continuous
 62
     4
100
AcDbLine
 10
-13.54747350294431
 20
100.6546444352887
 30
0.0
 11
-7.447487039319809
 21
100.6546444355456
 31
0.0
  0
LINE
  5
5BD
330
1F
100
AcDbEntity
  8
0
  6
Continuous
 62
     4
100
AcDbLine
 10
-4.94748703906379
 20
97.40464443475552
 30
0.0
 11
1.55251296088119
 21
97.40464443502537
 31
0.0
  0
LINE
  5
5BE
330
1F
100
AcDbEntity
  8
0
  6
Continuous
 62
     4
100
AcDbLine
 10
-4.94748703898591
 20
90.90464443475552
 30
0.0
 11
1.552512961071269
 21
90.90464443502536
 31
0.0
  0
LINE
  5
5BF
330
1F
100
AcDbEntity
  8
0
  6
Continuous
 62
     4
100
AcDbLine
 10
-14.04748703903096
 20
99.10464443574548
 30
0.0
 11
-14.04748703903096
 21
100.1546444354719
 31
0.0
  0
LINE
  5
5C0
330
1F
100
AcDbEntity
  8
0
  6
Continuous
 62
     4
100
AcDbLine
 10
-14.04748703903096
 20
99.10464443574548
 30
0.0
 11
-15.64748703923596
 21
99.10464443574548
 31
0.0
  0
LINE
  5
5C1
330
1F
100
AcDbEntity
  8
0
  6
Continuous
 62
     4
100
AcDbLine
 10
-14.04748703904096
 20
89.20464443574404
 30
0.0
 11
-15.64748703923596
 21
89.20464443574404
 31
0.0
  0
LINE
  5
5C2
330
1F
100
AcDbEntity
  8
0
  6
Continuous
 62
     4
100
AcDbLine
 10
-16.14748703923596
 20
105.954644435744
 30
0.0
 11
-16.14748703923596
 21
99.60464443595105
 31
0.0
  0
LINE
  5
5C3
330
1F
100
AcDbEntity
  8
0
  6
Continuous
 62
     4
100
AcDbLine
 10
-14.04748703904096
 20
88.15464443545192
 30
0.0
 11
-14.04748703903914
 21
89.20464443574404
 31
0.0
  0
LINE
  5
5C4
330
1F
100
AcDbEntity
  8
0
  6
Continuous
 62
     4
100
AcDbLine
 10
-6.947487038948739
 20
88.65464443534001
 30
0.0
 11
-6.94748703894419
 21
88.15464443553194
 31
0.0
  0
LINE
  5
5C5
330
1F
100
AcDbEntity
  8
0
  6
Continuous
 62
     4
100
AcDbLine
 10
-5.247487038954379
 20
88.65464443539641
 30
0.0
 11
-6.947487038948739
 21
88.65464443534001
 31
0.0
  0
LINE
  5
5C6
330
1F
100
AcDbEntity
  8
0
  6
Continuous
 62
     4
100
AcDbLine
 10
-4.947487039025129
 20
94.15464443557103
 30
0.0
 11
-4.947487038962379
 21
88.95464443539932
 31
0.0
  0
LINE
  5
5C7
330
1F
100
AcDbEntity
  8
0
  6
Continuous
 62
     4
100
AcDbLine
 10
-4.947487039025129
 20
94.15464443557103
 30
0.0
 11
-4.94748703908698
 21
99.3546444357382
 31
0.0
  0
LINE
  5
5C8
330
1F
100
AcDbEntity
  8
0
  6
Continuous
 62
     4
100
AcDbLine
 10
-6.94748703909062
 20
99.65464443573749
 30
0.0
 11
-6.94748703909698
 21
100.1546444355456
 31
0.0
  0
LINE
  5
5C9
330
1F
100
AcDbEntity
  8
0
  6
Continuous
 62
     4
100
AcDbLine
 10
-5.24748703908716
 20
99.65464443573749
 30
0.0
 11
-6.94748703909062
 21
99.65464443573749
 31
0.0
  0
LINE
  5
5CA
330
1F
100
AcDbEntity
  8
0
  6
Continuous
 62
     4
100
AcDbLine
 10
-4.94748703925433
 20
94.15464443494441
 30
0.0
 11
-4.94748703925433
 21
94.87463107674939
 31
0.0
  0
LINE
  5
5CB
330
1F
100
AcDbEntity
  8
0
  6
Continuous
 62
     4
100
AcDbLine
 10
-20.54748703926742
 20
80.35464443495603
 30
0.0
 11
-18.14748703926596
 21
80.35464443495603
 31
0.0
  0
LINE
  5
5CC
330
1F
100
AcDbEntity
  8
0
  6
Continuous
 62
     4
100
AcDbLine
 10
-29.34748703926579
 20
107.9546444349446
 30
0.0
 11
-31.74748703934637
 21
107.9546444349046
 31
0.0
  0
LINE
  5
5CD
330
1F
100
AcDbEntity
  8
0
  6
Continuous
 62
     4
100
AcDbLine
 10
-4.94748703925433
 20
90.70464443494641
 30
0.0
 11
-4.94748703925433
 21
88.95464443539932
 31
0.0
  0
LINE
  5
5CE
330
1F
100
AcDbEntity
  8
0
  6
Continuous
 62
     4
100
AcDbLine
 10
-18.14748703926596
 20
107.9546444349446
 30
0.0
 11
-20.54748703926742
 21
107.9546444349446
 31
0.0
  0
LINE
  5
5CF
330
1F
100
AcDbEntity
  8
0
  6
Continuous
 62
     4
100
AcDbLine
 10
-59.01014581305044
 20
98.21765528667784
 30
0.0
 11
-50.71014581218078
 21
83.84163358368935
 31
0.0
  0
LINE
  5
5D0
330
1F
100
AcDbEntity
  8
0
  6
Continuous
 62
     4
100
AcDbLine
 10
-47.70488992315098
 20
83.03637769450087
 30
0.0
 11
-40.6900841534636
 21
87.08637769617345
 31
0.0
  0
LINE
  5
5D1
330
1F
100
AcDbEntity
  8
0
  6
Continuous
 62
     4
100
AcDbLine
 10
-48.1848282657449
 20
104.4676552866779
 30
0.0
 11
-47.03482826602539
 21
102.4757968584611
 31
0.0
  0
LINE
  5
5D2
330
1F
100
AcDbEntity
  8
0
  6
Continuous
 62
     4
100
AcDbLine
 10
-58.20488992832485
 20
101.2229111729188
 30
0.0
 11
-51.19008415406932
 21
105.2729111750052
 31
0.0
  0
LINE
  5
5D3
330
1F
100
AcDbEntity
  8
0
  6
Continuous
 62
     4
100
AcDbLine
 10
-40.35181556385146
 20
91.90047931108972
 30
0.0
 11
-35.15566314127062
 21
94.90047931130559
 31
0.0
  0
LINE
  5
5D4
330
1F
100
AcDbEntity
  8
0
  6
Continuous
 62
     4
100
AcDbLine
 10
-34.86559963187955
 20
99.39807457542993
 30
0.0
 11
-33.64059963180915
 21
97.2763123360821
 31
0.0
  0
LINE
  5
5D5
330
1F
100
AcDbEntity
  8
0
  6
Continuous
 62
     4
100
AcDbLine
 10
-34.86559963187955
 20
99.39807457542993
 30
0.0
 11
-32.53476909498676
 21
100.7437802133402
 31
0.0
  0
LINE
  5
5D6
330
1F
100
AcDbEntity
  8
0
  6
Continuous
 62
     4
100
AcDbLine
 10
-37.6155996319505
 20
104.1612142962042
 30
0.0
 11
-38.84059963208819
 21
106.2829765356712
 31
0.0
  0
LINE
  5
5D7
330
1F
100
AcDbEntity
  8
0
  6
Continuous
 62
     4
100
AcDbLine
 10
-37.6155996319505
 20
104.1612142962042
 30
0.0
 11
-34.40129318375438
 21
106.01699498933
 31
0.0
  0
LINE
  5
5D8
330
1F
100
AcDbEntity
  8
0
  6
Continuous
 62
     4
100
AcDbLine
 10
-39.88482826538001
 20
90.09163358456246
 30
0.0
 11
-41.03481796231897
 21
92.08347416747093
 31
0.0
  0
LINE
  5
5D9
330
1F
100
AcDbEntity
  8
0
  6
Continuous
 62
     4
100
AcDbLine
 10
-35.22265043934039
 20
96.01650471490142
 30
0.0
 11
-34.97265043943043
 21
95.58349201317943
 31
0.0
  0
LINE
  5
5DA
330
1F
100
AcDbEntity
  8
0
  6
Continuous
 62
     4
100
AcDbLine
 10
-33.75040725293838
 20
96.86650471494907
 30
0.0
 11
-35.22265043934039
 21
96.01650471490142
 31
0.0
  0
LINE
  5
5DB
330
1F
100
AcDbEntity
  8
0
  6
Continuous
 62
     4
100
AcDbLine
 10
-36.2405996319514
 20
101.7796444358775
 30
0.0
 11
-34.86559963187955
 21
99.39807457542993
 31
0.0
  0
LINE
  5
5DC
330
1F
100
AcDbEntity
  8
0
  6
Continuous
 62
     4
100
AcDbLine
 10
-36.2405996319514
 20
101.7796444358775
 30
0.0
 11
-37.6155996319505
 21
104.1612142962042
 31
0.0
  0
LINE
  5
5DD
330
1F
100
AcDbEntity
  8
0
  6
Continuous
 62
     4
100
AcDbLine
 10
-39.25040725322396
 20
106.3927841568049
 30
0.0
 11
-40.72265043966053
 21
105.5427841568046
 31
0.0
  0
LINE
  5
5DE
330
1F
100
AcDbEntity
  8
0
  6
Continuous
 62
     4
100
AcDbLine
 10
-40.72265043966053
 20
105.5427841568046
 30
0.0
 11
-40.97265043956958
 21
105.9757968585256
 31
0.0
  0
LINE
  5
5E1
330
1F
100
AcDbEntity
  8
0
  6
Continuous
 62
     4
100
AcDbLine
 10
-4.947487039559919
 20
20.25000000004931
 30
0.0
 11
0.9024627944634699
 21
20.24999999998565
 31
0.0
  0
LINE
  5
5E2
330
1F
100
AcDbEntity
  8
0
  6
Continuous
 62
     4
100
AcDbLine
 10
-4.947487039559919
 20
26.75000000004931
 30
0.0
 11
1.25397009432328
 21
26.74999999998565
 31
0.0
  0
LINE
  5
62B
330
1F
100
AcDbEntity
  8
0
  6
Continuous
 62
     4
100
AcDbLine
 10
-31.9985486084035
 20
26.2873587705619
 30
0.0
 11
-28.40600732028651
 21
29.71325044950228
 31
0.0
  0
LINE
  5
62C
330
1F
100
AcDbEntity
  8
0
  6
Continuous
 62
     4
100
AcDbLine
 10
-33.74748703926179
 20
16.4999999999911
 30
0.0
 11
-33.70026697409429
 21
19.20523572227305
 31
0.0
  0
LINE
  5
62D
330
1F
100
AcDbEntity
  8
0
  6
Continuous
 62
     4
100
AcDbLine
 10
-14.04748703926379
 20
17.44999999931335
 30
0.0
 11
-14.04748703926379
 21
16.50000000034399
 31
0.0
  0
LINE
  5
62E
330
1F
100
AcDbEntity
  8
0
  6
Continuous
 62
     4
100
AcDbLine
 10
-33.40031266554632
 20
19.50000000034399
 30
0.0
 11
-32.29748704009597
 21
19.50000000034399
 31
0.0
  0
LINE
  5
62F
330
1F
100
AcDbEntity
  8
0
  6
Continuous
 62
     4
100
AcDbLine
 10
-6.94748703922704
 20
17.94999999920603
 30
0.0
 11
-6.947487039219769
 21
17.4499999987822
 31
0.0
  0
LINE
  5
630
330
1F
100
AcDbEntity
  8
0
  6
Continuous
 62
     4
100
AcDbLine
 10
-6.947487039368009
 20
28.94999999976719
 30
0.0
 11
-6.94748703937256
 21
29.44999999879403
 31
0.0
  0
LINE
  5
631
330
1F
100
AcDbEntity
  8
0
  6
Continuous
 62
     4
100
AcDbLine
 10
-5.24748703936274
 20
28.94999999898775
 30
0.0
 11
-6.9474870393671
 21
28.94999999898775
 31
0.0
  0
LINE
  5
632
330
1F
100
AcDbEntity
  8
0
  6
Continuous
 62
     4
100
AcDbLine
 10
-5.247505996568349
 20
17.94999999924605
 30
0.0
 11
-6.94748703922704
 21
17.94999999920603
 31
0.0
  0
LINE
  5
633
330
1F
100
AcDbEntity
  8
0
  6
Continuous
 62
     4
100
AcDbLine
 10
-5.34748703965778
 20
28.94999999976719
 30
0.0
 11
-6.747487039663779
 21
28.94999999976719
 31
0.0
  0
LINE
  5
634
330
1F
100
AcDbEntity
  8
0
  6
Continuous
 62
     4
100
AcDbLine
 10
-14.0474870396003
 20
29.0000000069351
 30
0.0
 11
-14.0474870396003
 21
29.4999999994163
 31
0.0
  0
LINE
  5
635
330
1F
100
AcDbEntity
  8
0
  6
Continuous
 62
     4
100
AcDbLine
 10
-33.74748703926724
 20
16.49999999970734
 30
0.0
 11
-14.04748703926379
 21
16.50000000034399
 31
0.0
  0
LINE
  5
636
330
1F
100
AcDbEntity
  8
0
  6
Continuous
 62
     4
100
AcDbLine
 10
-27.70509805598994
 20
30.00000000034399
 30
0.0
 11
-15.04748703926379
 21
30.00000000034399
 31
0.0
  0
LINE
  5
637
330
1F
100
AcDbEntity
  8
0
  6
Continuous
 62
     4
100
AcDbLine
 10
-13.54748703916374
 20
29.94999999853724
 30
0.0
 11
-7.447487039380749
 21
29.94999999879403
 31
0.0
  0
LINE
  5
638
330
1F
100
AcDbEntity
  8
0
  6
Continuous
 62
     4
100
AcDbLine
 10
-13.54748703916374
 20
16.94999999852039
 30
0.0
 11
-7.447487039380749
 21
16.94999999877402
 31
0.0
  0
LINE
  5
639
330
1F
100
AcDbEntity
  8
0
  6
Continuous
 62
     4
100
AcDbLine
 10
-33.60040725246398
 20
35.54382005025329
 30
0.0
 11
-28.69416157449376
 21
35.54382005025329
 31
0.0
  0
LINE
  5
63A
330
1F
100
AcDbEntity
  8
0
  6
Continuous
 62
     4
100
AcDbLine
 10
-59.30488992424415
 20
26.30335163014954
 30
0.0
 11
-59.30488992424415
 21
28.50335163014936
 31
0.0
  0
LINE
  5
63B
330
1F
100
AcDbEntity
  8
0
  6
Continuous
 62
     4
100
AcDbLine
 10
-59.30488992424415
 20
28.50335163014936
 30
0.0
 11
-56.31158865408378
 21
28.50335163014936
 31
0.0
  0
LINE
  5
63C
330
1F
100
AcDbEntity
  8
0
  6
Continuous
 62
     4
100
AcDbLine
 10
-34.86547076197275
 20
38.30335163014954
 30
0.0
 11
-33.60040725246398
 21
38.30335163014954
 31
0.0
  0
LINE
  5
63D
330
1F
100
AcDbEntity
  8
0
  6
Continuous
 62
     4
100
AcDbLine
 10
-34.86547076197275
 20
26.30335163014954
 30
0.0
 11
-59.30488992424415
 21
26.30335163014954
 31
0.0
  0
LINE
  5
63E
330
1F
100
AcDbEntity
  8
0
  6
Continuous
 62
     4
100
AcDbLine
 10
-34.86547076197275
 20
27.30335163014955
 30
0.0
 11
-33.60040725246398
 21
27.30335163014955
 31
0.0
  0
LINE
  5
63F
330
1F
100
AcDbEntity
  8
0
  6
Continuous
 62
     4
100
AcDbLine
 10
-34.86547076197275
 20
26.30335163014954
 30
0.0
 11
-34.86547076197275
 21
27.30335163014955
 31
0.0
  0
LINE
  5
640
330
1F
100
AcDbEntity
  8
0
  6
Continuous
 62
     4
100
AcDbLine
 10
-34.86547076197275
 20
39.30335163014954
 30
0.0
 11
-34.86547076197275
 21
38.30335163014954
 31
0.0
  0
LINE
  5
641
330
1F
100
AcDbEntity
  8
0
  6
Continuous
 62
     4
100
AcDbLine
 10
-33.60040725246398
 20
30.04382005025329
 30
0.0
 11
-28.93333025599458
 21
30.04382005025329
 31
0.0
  0
LINE
  5
642
330
1F
100
AcDbEntity
  8
0
  6
Continuous
 62
     4
100
AcDbLine
 10
-33.60040725246398
 20
38.30335163014954
 30
0.0
 11
-33.60040725246398
 21
27.30335163014955
 31
0.0
  0
LINE
  5
643
330
1F
100
AcDbEntity
  8
0
  6
Continuous
 62
     4
100
AcDbLine
 10
-56.32158865405215
 20
31.90335163015081
 30
0.0
 11
-56.30158865405172
 21
31.90335163015081
 31
0.0
  0
LINE
  5
644
330
1F
100
AcDbEntity
  8
0
  6
Continuous
 62
     4
100
AcDbLine
 10
-56.31158865398072
 20
28.50335163014936
 30
0.0
 11
-56.31158865408378
 21
35.30335163014954
 31
0.0
  0
LINE
  5
645
330
1F
100
AcDbEntity
  8
0
  6
Continuous
 62
     4
100
AcDbLine
 10
-52.31158865408378
 20
39.30335163014954
 30
0.0
 11
-34.86547076197275
 21
39.30335163014954
 31
0.0
  0
LINE
  5
646
330
1F
100
AcDbEntity
  8
0
  6
Continuous
 62
     4
100
AcDbLine
 10
-4.947487039239769
 20
18.24999999865142
 30
0.0
 11
-4.947487039362559
 21
28.64999999898757
 31
0.0
  0
LINE
  5
648
330
1F
100
AcDbEntity
  8
0
  6
Continuous
 62
     4
100
AcDbLine
 10
84.98489676719264
 20
24.02655984218595
 30
0.0
 11
84.98489676689336
 21
31.32655984176139
 31
0.0
  0
LINE
  5
649
330
1F
100
AcDbEntity
  8
0
  6
Continuous
 62
     4
100
AcDbLine
 10
101.5553220614977
 20
23.02655984218595
 30
0.0
 11
101.5553220614977
 21
13.53682658549437
 31
0.0
  0
LINE
  5
64A
330
1F
100
AcDbEntity
  8
0
  6
Continuous
 62
     4
100
AcDbLine
 10
101.5553220614977
 20
13.53682658549437
 30
0.0
 11
108.3553220621363
 21
13.53682658549437
 31
0.0
  0
LINE
  5
64B
330
1F
100
AcDbEntity
  8
0
  6
Continuous
 62
     4
100
AcDbLine
 10
81.15532206149717
 20
22.32655984163862
 30
0.0
 11
83.55532206149778
 21
22.32655984163862
 31
0.0
  0
LINE
  5
64C
330
1F
100
AcDbEntity
  8
0
  6
Continuous
 62
     4
100
AcDbLine
 10
81.15532206149717
 20
20.32655984184506
 30
0.0
 11
81.15532206149717
 21
22.32655984163862
 31
0.0
  0
LINE
  5
64D
330
1F
100
AcDbEntity
  8
0
  6
Continuous
 62
     4
100
AcDbLine
 10
86.98489676693716
 20
33.32655984184507
 30
0.0
 11
100.192908694765
 21
33.32655984184507
 31
0.0
  0
LINE
  5
64E
330
1F
100
AcDbEntity
  8
0
  6
Continuous
 62
     4
100
AcDbLine
 10
76.74499606018928
 20
13.52655984183307
 30
0.0
 11
83.55532206149778
 21
13.52655984183307
 31
0.0
  0
LINE
  5
64F
330
1F
100
AcDbEntity
  8
0
  6
Continuous
 62
     4
100
AcDbLine
 10
76.55532206213706
 20
13.32682658550434
 30
0.0
 11
76.55532206213706
 21
10.72655984183287
 31
0.0
  0
LINE
  5
650
330
1F
100
AcDbEntity
  8
0
  6
Continuous
 62
     4
100
AcDbLine
 10
108.555322062137
 20
13.33682658550183
 30
0.0
 11
108.555322062137
 21
10.72655984182287
 31
0.0
  0
LINE
  5
651
330
1F
100
AcDbEntity
  8
0
  6
Continuous
 62
     4
100
AcDbLine
 10
84.55532206149777
 20
24.02655984218595
 30
0.0
 11
84.98489676693717
 21
24.02655984218595
 31
0.0
  0
LINE
  5
652
330
1F
100
AcDbEntity
  8
0
  6
Continuous
 62
     4
100
AcDbLine
 10
83.55532206149778
 20
13.52655984183307
 30
0.0
 11
83.55532206149778
 21
23.02655984218595
 31
0.0
  0
LINE
  5
653
330
1F
100
AcDbEntity
  8
0
  6
Continuous
 62
     4
100
AcDbLine
 10
104.0453220614984
 20
21.32682395597689
 30
0.0
 11
104.0453220614984
 21
20.32655984184506
 31
0.0
  0
LINE
  5
654
330
1F
100
AcDbEntity
  8
0
  6
Continuous
 62
     4
100
AcDbLine
 10
84.98489676693717
 20
24.02655984218595
 30
0.0
 11
100.5553220614977
 21
24.02655984218595
 31
0.0
  0
LINE
  5
655
330
1F
100
AcDbEntity
  8
0
  6
Continuous
 62
     4
100
AcDbLine
 10
76.75532206213887
 20
10.52655984183306
 30
0.0
 11
108.3553220621363
 21
10.52655984183306
 31
0.0
  0
LINE
  5
658
330
1F
100
AcDbEntity
  8
0
  6
Continuous
 62
     7
100
AcDbLine
 10
-27.39071813156096
 20
-152.1891063717133
 30
0.0
 11
-27.39071813156096
 21
-143.1471621125159
 31
0.0
  0
LINE
  5
659
330
1F
100
AcDbEntity
  8
0
  6
Continuous
 62
     7
100
AcDbLine
 10
-35.89431813156006
 20
-151.6544205688745
 30
0.0
 11
-35.89431813156006
 21
-142.1098621125168
 31
0.0
  0
LINE
  5
65A
330
1F
100
AcDbEntity
  8
0
  6
Continuous
 62
     7
100
AcDbLine
 10
-39.01765796538639
 20
-148.9126480043163
 30
0.0
 11
-39.01765796538639
 21
-139.1098621125168
 31
0.0
  0
LINE
  5
65B
330
1F
100
AcDbEntity
  8
0
  6
Continuous
 62
     7
100
AcDbLine
 10
-39.01765796538639
 20
-139.1098621125168
 30
0.0
 11
-35.89431813156006
 21
-142.1098621125168
 31
0.0
  0
LINE
  5
65C
330
1F
100
AcDbEntity
  8
0
  6
Continuous
 62
     7
100
AcDbLine
 10
-39.01765796538639
 20
-139.1098621125168
 30
0.0
 11
-44.18811813156042
 21
-139.1098621125168
 31
0.0
  0
LINE
  5
65D
330
1F
100
AcDbEntity
  8
0
  6
Continuous
 62
     7
100
AcDbLine
 10
-29.25021813155962
 20
-145.1862621125158
 30
0.0
 11
-27.39071813156096
 21
-143.1471621125159
 31
0.0
  0
LINE
  5
65E
330
1F
100
AcDbEntity
  8
0
  6
Continuous
 62
     7
100
AcDbLine
 10
-19.71461813156037
 20
-143.1471621125159
 30
0.0
 11
-27.39071813156096
 21
-143.1471621125159
 31
0.0
  0
LINE
  5
65F
330
1F
100
AcDbEntity
  8
0
  6
Continuous
 62
     7
100
AcDbLine
 10
-29.25021813155962
 20
-145.1862621125158
 30
0.0
 11
-29.25021813155962
 21
-151.5056621125152
 31
0.0
  0
LINE
  5
660
330
1F
100
AcDbEntity
  8
0
  6
Continuous
 62
     7
100
AcDbLine
 10
-33.89431813156006
 20
-145.1862621125158
 30
0.0
 11
-29.25021813155962
 21
-145.1862621125158
 31
0.0
  0
LINE
  5
661
330
1F
100
AcDbEntity
  8
0
  6
CENTER2
 62
     1
100
AcDbLine
 10
-58.10290170125261
 20
98.74626239013851
 30
0.0
 11
-56.02444073216901
 21
99.94626239013834
 31
0.0
  0
LINE
  5
662
330
1F
100
AcDbEntity
  8
0
  6
CENTER2
 62
     1
100
AcDbLine
 10
-57.66367121671209
 20
100.3854928746816
 30
0.0
 11
-56.46367121671136
 21
98.30703190559617
 31
0.0
  0
LINE
  5
663
330
1F
100
AcDbEntity
  8
0
  6
CENTER2
 62
     1
100
AcDbLine
 10
-51.19311527522875
 20
102.7857573543081
 30
0.0
 11
-49.11465430614424
 21
103.9857573543061
 31
0.0
  0
LINE
  5
664
330
1F
100
AcDbEntity
  8
0
  6
CENTER2
 62
     1
100
AcDbLine
 10
-50.7538847906864
 20
104.4249878388475
 30
0.0
 11
-49.55388479068659
 21
102.3465268697666
 31
0.0
  0
LINE
  5
665
330
1F
100
AcDbEntity
  8
0
  6
CENTER2
 62
     1
100
AcDbLine
 10
-42.89311527522676
 20
88.40973565148416
 30
0.0
 11
-40.81465430614496
 21
89.60973565148398
 31
0.0
  0
LINE
  5
666
330
1F
100
AcDbEntity
  8
0
  6
CENTER2
 62
     1
100
AcDbLine
 10
-42.45388479068805
 20
90.04896613602635
 30
0.0
 11
-41.25388479068822
 21
87.97050516694364
 31
0.0
  0
LINE
  5
667
330
1F
100
AcDbEntity
  8
0
  6
CENTER2
 62
     1
100
AcDbLine
 10
-49.80290170125335
 20
84.37024068731645
 30
0.0
 11
-47.72444073216973
 21
85.57024068731719
 31
0.0
  0
LINE
  5
668
330
1F
100
AcDbEntity
  8
0
  6
CENTER2
 62
     1
100
AcDbLine
 10
-49.363671216711
 20
86.00947117185862
 30
0.0
 11
-48.16367121671027
 21
83.93101020277592
 31
0.0
  0
LINE
  5
669
330
1F
100
AcDbEntity
  8
0
  6
Continuous
 62
     7
100
AcDbLine
 10
-54.91697348431461
 20
96.82807284913289
 30
0.0
 11
-54.84195608148382
 21
96.69813889597865
 31
0.0
  0
LINE
  5
66A
330
1F
100
AcDbEntity
  8
0
  6
Continuous
 62
     7
100
AcDbLine
 10
-54.36506587888125
 20
95.07003898981951
 30
0.0
 11
-54.27753151865289
 21
95.12052687611159
 31
0.0
  0
LINE
  5
66B
330
1F
100
AcDbEntity
  8
0
  6
Continuous
 62
     7
100
AcDbLine
 10
-38.94748703923523
 20
76.05968133354437
 30
0.0
 11
-38.94748703923523
 21
74.65461441743555
 31
0.0
  0
LINE
  5
66C
330
1F
100
AcDbEntity
  8
0
  6
Continuous
 62
     7
100
AcDbLine
 10
-41.19748703923522
 20
81.55968133354438
 30
0.0
 11
-38.44748703923523
 21
81.55968133354438
 31
0.0
  0
LINE
  5
66D
330
1F
100
AcDbEntity
  8
0
  6
Continuous
 62
     7
100
AcDbLine
 10
-41.19748703923522
 20
76.05968133354437
 30
0.0
 11
-38.44748703923523
 21
76.05968133354437
 31
0.0
  0
LINE
  5
66E
330
1F
100
AcDbEntity
  8
0
  6
Continuous
 62
     7
100
AcDbLine
 10
-41.44748703923522
 20
76.30968133354437
 30
0.0
 11
-41.19748703923522
 21
76.05968133354437
 31
0.0
  0
LINE
  5
66F
330
1F
100
AcDbEntity
  8
0
  6
Continuous
 62
     7
100
AcDbLine
 10
-41.44748703923522
 20
76.30968133354437
 30
0.0
 11
-41.44748703923522
 21
81.30968133354437
 31
0.0
  0
LINE
  5
670
330
1F
100
AcDbEntity
  8
0
  6
Continuous
 62
     7
100
AcDbLine
 10
-41.19748703923522
 20
81.55968133354438
 30
0.0
 11
-41.44748703923522
 21
81.30968133354437
 31
0.0
  0
LINE
  5
671
330
1F
100
AcDbEntity
  8
0
  6
Continuous
 62
     7
100
AcDbLine
 10
-41.19748703923522
 20
81.55968133354438
 30
0.0
 11
-41.19748703923522
 21
76.05968133354437
 31
0.0
  0
LINE
  5
672
330
1F
100
AcDbEntity
  8
0
  6
Continuous
 62
     7
100
AcDbLine
 10
-38.44748703923523
 20
76.00968133354328
 30
0.0
 11
-37.94748703923523
 21
76.00968133354328
 31
0.0
  0
LINE
  5
673
330
1F
100
AcDbEntity
  8
0
  6
Continuous
 62
     7
100
AcDbLine
 10
-38.44748703923523
 20
81.60968133354456
 30
0.0
 11
-37.94748703923523
 21
81.60968133354456
 31
0.0
  0
LINE
  5
674
330
1F
100
AcDbEntity
  8
0
  6
Continuous
 62
     7
100
AcDbLine
 10
-38.44748703923523
 20
81.60968133354456
 30
0.0
 11
-38.44748703923523
 21
76.00968133354328
 31
0.0
  0
LINE
  5
675
330
1F
100
AcDbEntity
  8
0
  6
Continuous
 62
     7
100
AcDbLine
 10
-39.44748703923523
 20
100.354644434946
 30
0.0
 11
-38.94748703923523
 21
100.354644434946
 31
0.0
  0
LINE
  5
676
330
1F
100
AcDbEntity
  8
0
  6
Continuous
 62
     7
100
AcDbLine
 10
-39.44748703923523
 20
103.454644434951
 30
0.0
 11
-39.44748703923523
 21
81.55968133354438
 31
0.0
  0
LINE
  5
677
330
1F
100
AcDbEntity
  8
0
  6
Continuous
 62
     7
100
AcDbLine
 10
-38.94748703923523
 20
109.1546144174356
 30
0.0
 11
-38.94748703923523
 21
81.55968133354438
 31
0.0
  0
LINE
  5
678
330
1F
100
AcDbEntity
  8
0
  6
Continuous
 62
     7
100
AcDbLine
 10
-37.94748703923523
 20
109.1546144174356
 30
0.0
 11
-48.44748703923523
 21
109.1546144174356
 31
0.0
  0
LINE
  5
679
330
1F
100
AcDbEntity
  8
0
  6
Continuous
 62
     7
100
AcDbLine
 10
-41.19748703923522
 20
113.3601027213447
 30
0.0
 11
-38.44748703923523
 21
113.3601027213447
 31
0.0
  0
LINE
  5
67A
330
1F
100
AcDbEntity
  8
0
  6
Continuous
 62
     7
100
AcDbLine
 10
-41.19748703923522
 20
113.3601027213447
 30
0.0
 11
-41.44748703923522
 21
113.1101027213447
 31
0.0
  0
LINE
  5
67B
330
1F
100
AcDbEntity
  8
0
  6
Continuous
 62
     7
100
AcDbLine
 10
-41.19748703923522
 20
113.3601027213447
 30
0.0
 11
-41.19748703923522
 21
109.1546444349444
 31
0.0
  0
LINE
  5
67C
330
1F
100
AcDbEntity
  8
0
  6
Continuous
 62
     7
100
AcDbLine
 10
-41.44748703923522
 20
109.1546444349444
 30
0.0
 11
-41.44748703923522
 21
113.1101027213447
 31
0.0
  0
LINE
  5
67D
330
1F
100
AcDbEntity
  8
0
  6
Continuous
 62
     7
100
AcDbLine
 10
-37.94748703923523
 20
109.1546444349444
 30
0.0
 11
-38.94748703923523
 21
109.1546444349444
 31
0.0
  0
LINE
  5
67E
330
1F
100
AcDbEntity
  8
0
  6
Continuous
 62
     7
100
AcDbLine
 10
-38.44748703923523
 20
113.4101027213467
 30
0.0
 11
-38.44748703923523
 21
109.1546444349444
 31
0.0
  0
LINE
  5
67F
330
1F
100
AcDbEntity
  8
0
  6
Continuous
 62
     7
100
AcDbLine
 10
-38.44748703923523
 20
113.4101027213467
 30
0.0
 11
-37.94748703923523
 21
113.4101027213467
 31
0.0
  0
LINE
  5
680
330
1F
100
AcDbEntity
  8
0
  6
Continuous
 62
     7
100
AcDbLine
 10
-37.94748703923523
 20
113.6546144174356
 30
0.0
 11
-37.94748703923523
 21
109.1546444349444
 31
0.0
  0
LINE
  5
681
330
1F
100
AcDbEntity
  8
0
  6
Continuous
 62
     7
100
AcDbLine
 10
-38.94748703923523
 20
113.6546144174356
 30
0.0
 11
-38.94748703923523
 21
113.3601027213447
 31
0.0
  0
LINE
  5
682
330
1F
100
AcDbEntity
  8
0
  6
Continuous
 62
     7
100
AcDbLine
 10
-39.44748703923523
 20
113.3601027213447
 30
0.0
 11
-39.44748703923523
 21
113.6546444349444
 31
0.0
  0
LINE
  5
683
330
1F
100
AcDbEntity
  8
0
  6
Continuous
 62
     7
100
AcDbLine
 10
-38.94748703923523
 20
113.6546444349444
 30
0.0
 11
-39.44748703923523
 21
113.6546444349444
 31
0.0
  0
LINE
  5
684
330
1F
100
AcDbEntity
  8
0
  6
Continuous
 62
     7
100
AcDbLine
 10
-59.14748703923504
 20
82.40464443494442
 30
0.0
 11
-59.64748703923504
 21
82.40464443494442
 31
0.0
  0
LINE
  5
685
330
1F
100
AcDbEntity
  8
0
  6
Continuous
 62
     7
100
AcDbLine
 10
-59.14748703923504
 20
82.40464443494442
 30
0.0
 11
-59.14748703923504
 21
87.9046444349526
 31
0.0
  0
LINE
  5
686
330
1F
100
AcDbEntity
  8
0
  6
Continuous
 62
     7
100
AcDbLine
 10
-59.64748703923504
 20
87.9046444349526
 30
0.0
 11
-59.64748703923504
 21
74.65464443494441
 31
0.0
  0
LINE
  5
687
330
1F
100
AcDbEntity
  8
0
  6
Continuous
 62
     7
100
AcDbLine
 10
-59.64748703923504
 20
103.454644434951
 30
0.0
 11
-59.64748703923504
 21
100.3900273422016
 31
0.0
  0
LINE
  5
68B
330
1F
100
AcDbEntity
  8
0
  6
Continuous
 62
     7
100
AcDbLine
 10
2.552512960764769
 20
80.35461441744356
 30
0.0
 11
2.552512960764769
 21
75.15461441743555
 31
0.0
  0
LINE
  5
68C
330
1F
100
AcDbEntity
  8
0
  6
Continuous
 62
     7
100
AcDbLine
 10
-17.14748703923596
 20
80.35115845014317
 30
0.0
 11
2.552512960764769
 21
80.35461441744356
 31
0.0
  0
LINE
  5
68D
330
1F
100
AcDbEntity
  8
0
  6
Continuous
 62
     7
100
AcDbLine
 10
2.552512960764769
 20
107.9546444349446
 30
0.0
 11
2.552512960764943
 21
113.1546144174354
 31
0.0
  0
LINE
  5
68E
330
1F
100
AcDbEntity
  8
0
  6
Continuous
 62
     7
100
AcDbLine
 10
-17.14748703923596
 20
107.9581304197456
 30
0.0
 11
2.552512960764769
 21
107.9546444349446
 31
0.0
  0
LINE
  5
68F
330
1F
100
AcDbEntity
  8
0
  6
Continuous
 62
     7
100
AcDbLine
 10
-20.44748703926524
 20
108.4733370988454
 30
0.0
 11
-20.44748703926524
 21
113.1546744524542
 31
0.0
  0
LINE
  5
690
330
1F
100
AcDbEntity
  8
0
  6
Continuous
 62
     7
100
AcDbLine
 10
-33.94748703923523
 20
110.1546744524542
 30
0.0
 11
-21.44748703923523
 21
110.1546744524542
 31
0.0
  0
LINE
  5
691
330
1F
100
AcDbEntity
  8
0
  6
Continuous
 62
     7
100
AcDbLine
 10
-17.14748703923596
 20
107.9581304197456
 30
0.0
 11
-20.44748703923523
 21
107.9581304197456
 31
0.0
  0
LINE
  5
692
330
1F
100
AcDbEntity
  8
0
  6
Continuous
 62
     7
100
AcDbLine
 10
-16.14748703923596
 20
106.9581304197456
 30
0.0
 11
-16.14748703923596
 21
81.35115845014317
 31
0.0
  0
LINE
  5
693
330
1F
100
AcDbEntity
  8
0
  6
Continuous
 62
     7
100
AcDbLine
 10
-20.44748703923523
 20
107.9581304197456
 30
0.0
 11
-20.44748703923523
 21
112.1546744524542
 31
0.0
  0
LINE
  5
694
330
1F
100
AcDbEntity
  8
0
  6
Continuous
 62
     7
100
AcDbLine
 10
8.552512960764769
 20
113.1546144174356
 30
0.0
 11
2.552512960764943
 21
113.1546144174354
 31
0.0
  0
LINE
  5
695
330
1F
100
AcDbEntity
  8
0
  6
Continuous
 62
     7
100
AcDbLine
 10
8.552512960764769
 20
75.15461441743555
 30
0.0
 11
2.552512960764769
 21
75.15461441743555
 31
0.0
  0
LINE
  5
696
330
1F
100
AcDbEntity
  8
0
  6
Continuous
 62
     7
100
AcDbLine
 10
-38.94748703923523
 20
81.81461441743358
 30
0.0
 11
-37.94748703923523
 21
81.81461441743358
 31
0.0
  0
LINE
  5
697
330
1F
100
AcDbEntity
  8
0
  6
Continuous
 62
     7
100
AcDbLine
 10
-35.94748703923523
 20
75.15461441743555
 30
0.0
 11
-33.94748703926524
 21
75.15461441743555
 31
0.0
  0
LINE
  5
698
330
1F
100
AcDbEntity
  8
0
  6
Continuous
 62
     7
100
AcDbLine
 10
-35.94748703923523
 20
113.1546144174356
 30
0.0
 11
-33.94748703926524
 21
113.1546144174356
 31
0.0
  0
LINE
  5
699
330
1F
100
AcDbEntity
  8
0
  6
Continuous
 62
     7
100
AcDbLine
 10
-35.94748703923523
 20
74.65461441743555
 30
0.0
 11
-35.94748703923523
 21
113.6546144174356
 31
0.0
  0
LINE
  5
69A
330
1F
100
AcDbEntity
  8
0
  6
Continuous
 62
     7
100
AcDbLine
 10
-22.02248703926324
 20
101.4546144174339
 30
0.0
 11
-21.22248703926579
 21
100.6546144174356
 31
0.0
  0
LINE
  5
69B
330
1F
100
AcDbEntity
  8
0
  6
Continuous
 62
     7
100
AcDbLine
 10
-28.6724870392656
 20
100.6546144174356
 30
0.0
 11
-27.87248703926542
 21
101.4546144174339
 31
0.0
  0
LINE
  5
69C
330
1F
100
AcDbEntity
  8
0
  6
Continuous
 62
     7
100
AcDbLine
 10
-27.87248703926542
 20
101.4546144174339
 30
0.0
 11
-22.02248703926324
 21
101.4546144174339
 31
0.0
  0
LINE
  5
69D
330
1F
100
AcDbEntity
  8
0
  6
Continuous
 62
     7
100
AcDbLine
 10
-22.22248703926579
 20
88.00461441743593
 30
0.0
 11
-22.22248703926579
 21
94.15461441743557
 31
0.0
  0
LINE
  5
69E
330
1F
100
AcDbEntity
  8
0
  6
Continuous
 62
     7
100
AcDbLine
 10
-27.6724870392656
 20
94.15461441743557
 30
0.0
 11
-27.6724870392656
 21
88.00461441743593
 31
0.0
  0
LINE
  5
69F
330
1F
100
AcDbEntity
  8
0
  6
Continuous
 62
     7
100
AcDbLine
 10
-28.6724870392656
 20
87.65461441743557
 30
0.0
 11
-28.6724870392656
 21
100.6546144174356
 31
0.0
  0
LINE
  5
6A0
330
1F
100
AcDbEntity
  8
0
  6
Continuous
 62
     7
100
AcDbLine
 10
-21.22248703926579
 20
100.6546144174356
 30
0.0
 11
-21.22248703926579
 21
87.65461441743557
 31
0.0
  0
LINE
  5
6A1
330
1F
100
AcDbEntity
  8
0
  6
Continuous
 62
     7
100
AcDbLine
 10
-27.6724870392656
 20
88.00461441743593
 30
0.0
 11
-27.37248703926542
 21
87.70461441743302
 31
0.0
  0
LINE
  5
6A2
330
1F
100
AcDbEntity
  8
0
  6
Continuous
 62
     7
100
AcDbLine
 10
-22.52248703926324
 20
87.70461441743302
 30
0.0
 11
-22.22248703926579
 21
88.00461441743593
 31
0.0
  0
LINE
  5
6A3
330
1F
100
AcDbEntity
  8
0
  6
Continuous
 62
     7
100
AcDbLine
 10
-27.37248703926542
 20
87.70461441743302
 30
0.0
 11
-22.52248703926324
 21
87.70461441743302
 31
0.0
  0
LINE
  5
6A4
330
1F
100
AcDbEntity
  8
0
  6
Continuous
 62
     7
100
AcDbLine
 10
-21.22248703926579
 20
87.65461441743557
 30
0.0
 11
-22.02248703926324
 21
86.85461441744356
 31
0.0
  0
LINE
  5
6A5
330
1F
100
AcDbEntity
  8
0
  6
Continuous
 62
     7
100
AcDbLine
 10
-27.87248703926542
 20
86.85461441744356
 30
0.0
 11
-28.6724870392656
 21
87.65461441743557
 31
0.0
  0
LINE
  5
6A6
330
1F
100
AcDbEntity
  8
0
  6
Continuous
 62
     7
100
AcDbLine
 10
-22.02248703926324
 20
86.85461441744356
 30
0.0
 11
-27.87248703926542
 21
86.85461441744356
 31
0.0
  0
LINE
  5
6A7
330
1F
100
AcDbEntity
  8
0
  6
Continuous
 62
     7
100
AcDbLine
 10
-22.57248703922522
 20
97.85461441744356
 30
0.0
 11
-22.22248703926579
 21
97.85461441744356
 31
0.0
  0
LINE
  5
6A8
330
1F
100
AcDbEntity
  8
0
  6
Continuous
 62
     7
100
AcDbLine
 10
-22.77248703926324
 20
97.05461441743338
 30
0.0
 11
-22.77248703926324
 21
97.65461441752286
 31
0.0
  0
LINE
  5
6A9
330
1F
100
AcDbEntity
  8
0
  6
Continuous
 62
     7
100
AcDbLine
 10
-22.22248703926579
 20
96.85461441744356
 30
0.0
 11
-22.57248703926524
 21
96.85461441744356
 31
0.0
  0
LINE
  5
6AA
330
1F
100
AcDbEntity
  8
0
  6
Continuous
 62
     7
100
AcDbLine
 10
-27.6724870392656
 20
94.65461441743556
 30
0.0
 11
-27.32248703926524
 21
94.65461441743556
 31
0.0
  0
LINE
  5
6AB
330
1F
100
AcDbEntity
  8
0
  6
Continuous
 62
     7
100
AcDbLine
 10
-27.12248703926543
 20
94.45461441743303
 30
0.0
 11
-27.12248703926543
 21
93.85461441744356
 31
0.0
  0
LINE
  5
6AC
330
1F
100
AcDbEntity
  8
0
  6
Continuous
 62
     7
100
AcDbLine
 10
-27.32248703926524
 20
93.65461441743557
 30
0.0
 11
-27.6724870392656
 21
93.65461441743557
 31
0.0
  0
LINE
  5
6AD
330
1F
100
AcDbEntity
  8
0
  6
Continuous
 62
     7
100
AcDbLine
 10
-22.57248703926524
 20
91.45461441743302
 30
0.0
 11
-22.22248703926579
 21
91.45461441743302
 31
0.0
  0
LINE
  5
6AE
330
1F
100
AcDbEntity
  8
0
  6
Continuous
 62
     7
100
AcDbLine
 10
-22.77248703926324
 20
90.65461441743556
 30
0.0
 11
-22.77248703926324
 21
91.25461441751507
 31
0.0
  0
LINE
  5
6AF
330
1F
100
AcDbEntity
  8
0
  6
Continuous
 62
     7
100
AcDbLine
 10
-22.22248703926579
 20
90.45461441743302
 30
0.0
 11
-22.57248703926524
 21
90.45461441743302
 31
0.0
  0
LINE
  5
6B0
330
1F
100
AcDbEntity
  8
0
  6
Continuous
 62
     7
100
AcDbLine
 10
-18.14748703926324
 20
107.9546144174339
 30
0.0
 11
-20.5474870392656
 21
107.9546144174339
 31
0.0
  0
LINE
  5
6B1
330
1F
100
AcDbEntity
  8
0
  6
Continuous
 62
     7
100
AcDbLine
 10
-16.14748703920412
 20
82.35461441750359
 30
0.0
 11
-16.14748703926324
 21
105.9546144174339
 31
0.0
  0
LINE
  5
6B2
330
1F
100
AcDbEntity
  8
0
  6
Continuous
 62
     7
100
AcDbLine
 10
-20.5474870392656
 20
80.35461441744356
 30
0.0
 11
-18.14748703926324
 21
80.35461441744356
 31
0.0
  0
LINE
  5
6B3
330
1F
100
AcDbEntity
  8
0
  6
Continuous
 62
     7
100
AcDbLine
 10
-31.74748703918539
 20
80.35461441742356
 30
0.0
 11
-29.34748703926579
 21
80.35461441744356
 31
0.0
  0
LINE
  5
6B4
330
1F
100
AcDbEntity
  8
0
  6
Continuous
 62
     7
100
AcDbLine
 10
-33.74748703926542
 20
105.9546144174339
 30
0.0
 11
-33.7474870392054
 21
82.35461441740353
 31
0.0
  0
LINE
  5
6B5
330
1F
100
AcDbEntity
  8
0
  6
Continuous
 62
     7
100
AcDbLine
 10
-29.34748703926579
 20
107.9546144174339
 30
0.0
 11
-31.74748703934546
 21
107.9546144173848
 31
0.0
  0
LINE
  5
6B6
330
1F
100
AcDbEntity
  8
0
  6
Continuous
 62
     7
100
AcDbLine
 10
-25.27248703923596
 20
97.60461441744356
 30
0.0
 11
-23.57248703923523
 21
97.60461441744356
 31
0.0
  0
LINE
  5
6B7
330
1F
100
AcDbEntity
  8
0
  6
Continuous
 62
     7
100
AcDbLine
 10
-23.4224870392656
 20
97.45461441743302
 30
0.0
 11
-23.4224870392656
 21
97.25461441743592
 31
0.0
  0
LINE
  5
6B8
330
1F
100
AcDbEntity
  8
0
  6
Continuous
 62
     7
100
AcDbLine
 10
-25.4224870392656
 20
97.25461441743592
 30
0.0
 11
-25.4224870392656
 21
97.45461441750395
 31
0.0
  0
LINE
  5
6B9
330
1F
100
AcDbEntity
  8
0
  6
Continuous
 62
     7
100
AcDbLine
 10
-23.57248703926524
 20
97.10461441744357
 30
0.0
 11
-25.2724870393551
 21
97.10461441744357
 31
0.0
  0
LINE
  5
6BA
330
1F
100
AcDbEntity
  8
0
  6
Continuous
 62
     7
100
AcDbLine
 10
-25.27248703926324
 20
94.40461441743556
 30
0.0
 11
-23.57248703926524
 21
94.40461441743556
 31
0.0
  0
LINE
  5
6BB
330
1F
100
AcDbEntity
  8
0
  6
Continuous
 62
     7
100
AcDbLine
 10
-23.4224870392656
 20
94.25461441743591
 30
0.0
 11
-23.4224870392656
 21
94.05461441743337
 31
0.0
  0
LINE
  5
6BC
330
1F
100
AcDbEntity
  8
0
  6
Continuous
 62
     7
100
AcDbLine
 10
-25.4224870392656
 20
94.05461441743337
 30
0.0
 11
-25.4224870392656
 21
94.25461441749503
 31
0.0
  0
LINE
  5
6BD
330
1F
100
AcDbEntity
  8
0
  6
Continuous
 62
     7
100
AcDbLine
 10
-23.57248703935528
 20
93.90461441743557
 30
0.0
 11
-25.27248703926324
 21
93.90461441743557
 31
0.0
  0
LINE
  5
6BE
330
1F
100
AcDbEntity
  8
0
  6
Continuous
 62
     7
100
AcDbLine
 10
-25.27248703923596
 20
91.20461441743302
 30
0.0
 11
-23.57248703923523
 21
91.20461441743302
 31
0.0
  0
LINE
  5
6BF
330
1F
100
AcDbEntity
  8
0
  6
Continuous
 62
     7
100
AcDbLine
 10
-25.4224870392656
 20
90.85461441744355
 30
0.0
 11
-25.4224870392656
 21
91.05461441750431
 31
0.0
  0
LINE
  5
6C0
330
1F
100
AcDbEntity
  8
0
  6
Continuous
 62
     7
100
AcDbLine
 10
-23.4224870392656
 20
91.05461441743337
 30
0.0
 11
-23.4224870392656
 21
90.85461441744355
 31
0.0
  0
LINE
  5
6C1
330
1F
100
AcDbEntity
  8
0
  6
Continuous
 62
     7
100
AcDbLine
 10
-23.57248703935528
 20
90.70461441743303
 30
0.0
 11
-25.2724870393551
 21
90.70461441743303
 31
0.0
  0
LINE
  5
6C2
330
1F
100
AcDbEntity
  8
0
  6
CENTER2
 62
     1
100
AcDbLine
 10
-28.24748703926542
 20
104.6546144174356
 30
0.0
 11
-21.64748703926324
 21
104.6546144174356
 31
0.0
  0
LINE
  5
6C3
330
1F
100
AcDbEntity
  8
0
  6
CENTER2
 62
     1
100
AcDbLine
 10
-28.24748703926542
 20
83.65461441743555
 30
0.0
 11
-21.64748703926324
 21
83.65461441743555
 31
0.0
  0
LINE
  5
6C4
330
1F
100
AcDbEntity
  8
0
  6
CENTER2
 62
     1
100
AcDbLine
 10
-20.59748703926579
 20
105.1546144174356
 30
0.0
 11
-17.2974870392656
 21
105.1546144174356
 31
0.0
  0
LINE
  5
6C5
330
1F
100
AcDbEntity
  8
0
  6
CENTER2
 62
     1
100
AcDbLine
 10
-18.94748703926524
 20
103.5046144174359
 30
0.0
 11
-18.94748703926524
 21
106.8046144174334
 31
0.0
  0
LINE
  5
6CC
330
1F
100
AcDbEntity
  8
0
  6
CENTER2
 62
     1
100
AcDbLine
 10
-20.59748703926579
 20
83.15461441743556
 30
0.0
 11
-17.2974870392656
 21
83.15461441743556
 31
0.0
  0
LINE
  5
6CD
330
1F
100
AcDbEntity
  8
0
  6
CENTER2
 62
     1
100
AcDbLine
 10
-18.94748703926524
 20
84.80461441743337
 30
0.0
 11
-18.94748703926524
 21
81.50461441743594
 31
0.0
  0
LINE
  5
6CE
330
1F
100
AcDbEntity
  8
0
  6
CENTER2
 62
     1
100
AcDbLine
 10
-29.29748704603497
 20
83.15461441743556
 30
0.0
 11
-32.59748704603425
 21
83.15461441743556
 31
0.0
  0
LINE
  5
6CF
330
1F
100
AcDbEntity
  8
0
  6
CENTER2
 62
     1
100
AcDbLine
 10
-30.94748704603643
 20
84.80461441743337
 30
0.0
 11
-30.94748704603643
 21
81.50461441743594
 31
0.0
  0
LINE
  5
6D0
330
1F
100
AcDbEntity
  8
0
  6
CENTER2
 62
     1
100
AcDbLine
 10
-29.29748704603497
 20
105.1546144174356
 30
0.0
 11
-32.59748704603425
 21
105.1546144174356
 31
0.0
  0
LINE
  5
6D1
330
1F
100
AcDbEntity
  8
0
  6
CENTER2
 62
     1
100
AcDbLine
 10
-30.94748704603643
 20
103.5046144174359
 30
0.0
 11
-30.94748704603643
 21
106.8046144174334
 31
0.0
  0
LINE
  5
6D2
330
1F
100
AcDbEntity
  8
0
  6
Continuous
 62
     2
100
AcDbLine
 10
-27.44748704265493
 20
102.9963020222642
 30
0.0
 11
-27.44748704265493
 21
103.5089705055736
 31
0.0
  0
LINE
  5
6D4
330
1F
100
AcDbEntity
  8
0
  6
Continuous
 62
     2
100
AcDbLine
 10
-23.807487039264
 20
88.73961441752562
 30
0.0
 11
-25.0374870392663
 21
88.73961441751381
 31
0.0
  0
LINE
  5
6D5
330
1F
100
AcDbEntity
  8
0
  6
Continuous
 62
     2
100
AcDbLine
 10
-23.807487039264
 20
89.9696144175143
 30
0.0
 11
-25.0374870392663
 21
89.9696144175143
 31
0.0
  0
LINE
  5
6D6
330
1F
100
AcDbEntity
  8
0
  6
Continuous
 62
     2
100
AcDbLine
 10
-25.0374870392663
 20
88.73961441751381
 30
0.0
 11
-25.0374870392663
 21
89.9696144175143
 31
0.0
  0
LINE
  5
6D7
330
1F
100
AcDbEntity
  8
0
  6
Continuous
 62
     2
100
AcDbLine
 10
-23.807487039264
 20
88.73961441752562
 30
0.0
 11
-23.807487039264
 21
89.9696144175143
 31
0.0
  0
LINE
  5
6D8
330
1F
100
AcDbEntity
  8
0
  6
Continuous
 62
     2
100
AcDbLine
 10
-23.807487039264
 20
99.5696144173546
 30
0.0
 11
-23.807487039264
 21
98.3396144173532
 31
0.0
  0
LINE
  5
6D9
330
1F
100
AcDbEntity
  8
0
  6
Continuous
 62
     2
100
AcDbLine
 10
-23.807487039264
 20
98.3396144173532
 30
0.0
 11
-25.0374870392663
 21
98.3396144173532
 31
0.0
  0
LINE
  5
6DA
330
1F
100
AcDbEntity
  8
0
  6
Continuous
 62
     2
100
AcDbLine
 10
-25.0374870392663
 20
99.5696144173646
 30
0.0
 11
-25.0374870392663
 21
98.3396144173532
 31
0.0
  0
LINE
  5
6DB
330
1F
100
AcDbEntity
  8
0
  6
Continuous
 62
     2
100
AcDbLine
 10
-23.807487039264
 20
99.5696144173546
 30
0.0
 11
-25.0374870392663
 21
99.5696144173646
 31
0.0
  0
LINE
  5
6DC
330
1F
100
AcDbEntity
  8
0
  6
Continuous
 62
     2
100
AcDbLine
 10
-23.807487039264
 20
96.36961441749392
 30
0.0
 11
-23.807487039264
 21
95.13961441749254
 31
0.0
  0
LINE
  5
6DD
330
1F
100
AcDbEntity
  8
0
  6
Continuous
 62
     2
100
AcDbLine
 10
-23.807487039264
 20
96.36961441749392
 30
0.0
 11
-25.0374870392663
 21
96.36961441749392
 31
0.0
  0
LINE
  5
6DE
330
1F
100
AcDbEntity
  8
0
  6
Continuous
 62
     2
100
AcDbLine
 10
-25.0374870392663
 20
96.36961441749392
 30
0.0
 11
-25.0374870392663
 21
95.13961441749254
 31
0.0
  0
LINE
  5
6DF
330
1F
100
AcDbEntity
  8
0
  6
Continuous
 62
     2
100
AcDbLine
 10
-23.807487039264
 20
95.13961441749254
 30
0.0
 11
-25.0374870392663
 21
95.13961441749254
 31
0.0
  0
LINE
  5
6E0
330
1F
100
AcDbEntity
  8
0
  6
Continuous
 62
     2
100
AcDbLine
 10
-23.807487039264
 20
93.16961441758506
 30
0.0
 11
-23.807487039264
 21
91.93961441758457
 31
0.0
  0
LINE
  5
6E1
330
1F
100
AcDbEntity
  8
0
  6
Continuous
 62
     2
100
AcDbLine
 10
-23.807487039264
 20
91.93961441758457
 30
0.0
 11
-25.0374870392663
 21
91.93961441758457
 31
0.0
  0
LINE
  5
6E2
330
1F
100
AcDbEntity
  8
0
  6
Continuous
 62
     2
100
AcDbLine
 10
-23.807487039264
 20
93.16961441758506
 30
0.0
 11
-25.0374870392663
 21
93.16961441758506
 31
0.0
  0
LINE
  5
6E3
330
1F
100
AcDbEntity
  8
0
  6
Continuous
 62
     2
100
AcDbLine
 10
-25.0374870392663
 20
93.16961441758506
 30
0.0
 11
-25.0374870392663
 21
91.93961441758457
 31
0.0
  0
LINE
  5
6E7
330
1F
100
AcDbEntity
  8
0
  6
Continuous
 62
     7
100
AcDbLine
 10
-27.6724870392656
 20
94.15461441743557
 30
0.0
 11
-27.6724870392656
 21
100.3046144174334
 31
0.0
  0
LINE
  5
6E8
330
1F
100
AcDbEntity
  8
0
  6
Continuous
 62
     7
100
AcDbLine
 10
-27.37248703926542
 20
100.6046144174436
 30
0.0
 11
-22.52248703926324
 21
100.6046144174436
 31
0.0
  0
LINE
  5
6E9
330
1F
100
AcDbEntity
  8
0
  6
Continuous
 62
     7
100
AcDbLine
 10
-27.6724870392656
 20
100.3046144174334
 30
0.0
 11
-27.37248703926542
 21
100.6046144174436
 31
0.0
  0
LINE
  5
6EA
330
1F
100
AcDbEntity
  8
0
  6
Continuous
 62
     7
100
AcDbLine
 10
-22.22248703926579
 20
100.3046144174334
 30
0.0
 11
-22.22248703926579
 21
94.15461441743557
 31
0.0
  0
LINE
  5
6EB
330
1F
100
AcDbEntity
  8
0
  6
Continuous
 62
     7
100
AcDbLine
 10
-22.52248703926324
 20
100.6046144174436
 30
0.0
 11
-22.22248703926579
 21
100.3046144174334
 31
0.0
  0
LINE
  5
6EC
330
1F
100
AcDbEntity
  8
0
  6
Continuous
 62
     7
100
AcDbLine
 10
-20.94748703926524
 20
94.15461441743557
 30
0.0
 11
-20.94748703926524
 21
86.20294836768355
 31
0.0
  0
LINE
  5
6ED
330
1F
100
AcDbEntity
  8
0
  6
Continuous
 62
     7
100
AcDbLine
 10
-19.34748703926579
 20
94.15461441743557
 30
0.0
 11
-19.34748703926579
 21
88.12256360997364
 31
0.0
  0
LINE
  5
6EE
330
1F
100
AcDbEntity
  8
0
  6
Continuous
 62
     7
100
AcDbLine
 10
-19.48146163548535
 20
87.62256360997364
 30
0.0
 11
-20.38767941812529
 21
86.0529483676848
 31
0.0
  0
LINE
  5
6EF
330
1F
100
AcDbEntity
  8
0
  6
Continuous
 62
     7
100
AcDbLine
 10
-19.34748703926579
 20
94.15461441743557
 30
0.0
 11
-19.34748703926579
 21
100.186665224903
 31
0.0
  0
LINE
  5
6F0
330
1F
100
AcDbEntity
  8
0
  6
Continuous
 62
     7
100
AcDbLine
 10
-19.48146163548535
 20
100.686665224903
 30
0.0
 11
-20.38767941812529
 21
102.2562804671936
 31
0.0
  0
LINE
  5
6F1
330
1F
100
AcDbEntity
  8
0
  6
Continuous
 62
     7
100
AcDbLine
 10
-20.94748703926524
 20
94.15461441743557
 30
0.0
 11
-20.94748703926524
 21
102.106280467194
 31
0.0
  0
LINE
  5
6F2
330
1F
100
AcDbEntity
  8
0
  6
Continuous
 62
     7
100
AcDbLine
 10
-30.54748704603497
 20
94.15461441743557
 30
0.0
 11
-30.54748704603497
 21
100.186665224903
 31
0.0
  0
LINE
  5
6F3
330
1F
100
AcDbEntity
  8
0
  6
Continuous
 62
     7
100
AcDbLine
 10
-30.41351244982633
 20
100.686665224903
 30
0.0
 11
-29.50729466717547
 21
102.2562804671936
 31
0.0
  0
LINE
  5
6F4
330
1F
100
AcDbEntity
  8
0
  6
Continuous
 62
     7
100
AcDbLine
 10
-28.94748704603643
 20
94.15461441743557
 30
0.0
 11
-28.94748704603643
 21
102.106280467194
 31
0.0
  0
LINE
  5
6F5
330
1F
100
AcDbEntity
  8
0
  6
Continuous
 62
     7
100
AcDbLine
 10
-28.94748704603643
 20
94.15461441743557
 30
0.0
 11
-28.94748704603643
 21
86.20294836768355
 31
0.0
  0
LINE
  5
6F6
330
1F
100
AcDbEntity
  8
0
  6
Continuous
 62
     7
100
AcDbLine
 10
-30.54748704603497
 20
94.15461441743557
 30
0.0
 11
-30.54748704603497
 21
88.12256360997364
 31
0.0
  0
LINE
  5
6F7
330
1F
100
AcDbEntity
  8
0
  6
Continuous
 62
     7
100
AcDbLine
 10
-30.41351244982633
 20
87.62256360997364
 30
0.0
 11
-29.50729466717547
 21
86.0529483676848
 31
0.0
  0
LINE
  5
6F8
330
1F
100
AcDbEntity
  8
0
  6
Continuous
 62
     2
100
AcDbLine
 10
-23.82248703952627
 20
96.35461441734353
 30
0.0
 11
-25.02248703898493
 21
96.35461441736355
 31
0.0
  0
LINE
  5
6F9
330
1F
100
AcDbEntity
  8
0
  6
Continuous
 62
     2
100
AcDbLine
 10
-25.02248703898493
 20
96.35461441736355
 30
0.0
 11
-25.02248703900494
 21
95.15461441711453
 31
0.0
  0
LINE
  5
6FA
330
1F
100
AcDbEntity
  8
0
  6
Continuous
 62
     2
100
AcDbLine
 10
-23.82248703952627
 20
96.35461441734353
 30
0.0
 11
-23.82248703954627
 21
95.15461441711453
 31
0.0
  0
LINE
  5
6FB
330
1F
100
AcDbEntity
  8
0
  6
Continuous
 62
     2
100
AcDbLine
 10
-25.02248703900494
 20
95.15461441711453
 30
0.0
 11
-23.82248703954627
 21
95.15461441711453
 31
0.0
  0
LINE
  5
6FC
330
1F
100
AcDbEntity
  8
0
  6
Continuous
 62
     2
100
AcDbLine
 10
-24.72248703926579
 20
95.454614417353
 30
0.0
 11
-24.12248703926542
 21
95.454614417353
 31
0.0
  0
LINE
  5
6FD
330
1F
100
AcDbEntity
  8
0
  6
Continuous
 62
     2
100
AcDbLine
 10
-24.72248703926579
 20
95.454614417353
 30
0.0
 11
-25.02248703900494
 21
95.15461441711453
 31
0.0
  0
LINE
  5
6FE
330
1F
100
AcDbEntity
  8
0
  6
Continuous
 62
     2
100
AcDbLine
 10
-24.72248703926579
 20
96.05461441735336
 30
0.0
 11
-24.72248703926579
 21
95.454614417353
 31
0.0
  0
LINE
  5
6FF
330
1F
100
AcDbEntity
  8
0
  6
Continuous
 62
     2
100
AcDbLine
 10
-24.72248703926579
 20
96.05461441735336
 30
0.0
 11
-24.12248703926542
 21
96.05461441735336
 31
0.0
  0
LINE
  5
700
330
1F
100
AcDbEntity
  8
0
  6
Continuous
 62
     2
100
AcDbLine
 10
-24.72248703926579
 20
96.05461441735336
 30
0.0
 11
-25.02248703898493
 21
96.35461441736355
 31
0.0
  0
LINE
  5
701
330
1F
100
AcDbEntity
  8
0
  6
Continuous
 62
     2
100
AcDbLine
 10
-24.12248703926542
 20
96.05461441735336
 30
0.0
 11
-24.12248703926542
 21
95.454614417353
 31
0.0
  0
LINE
  5
702
330
1F
100
AcDbEntity
  8
0
  6
Continuous
 62
     2
100
AcDbLine
 10
-24.12248703926542
 20
95.454614417353
 30
0.0
 11
-23.82248703954627
 21
95.15461441711453
 31
0.0
  0
LINE
  5
703
330
1F
100
AcDbEntity
  8
0
  6
Continuous
 62
     2
100
AcDbLine
 10
-24.12248703926542
 20
96.05461441735336
 30
0.0
 11
-23.82248703952627
 21
96.35461441734353
 31
0.0
  0
LINE
  5
704
330
1F
100
AcDbEntity
  8
0
  6
Continuous
 62
     2
100
AcDbLine
 10
-25.02248703899494
 20
95.55461441736428
 30
0.0
 11
-25.0374870392663
 21
95.55461441736428
 31
0.0
  0
LINE
  5
705
330
1F
100
AcDbEntity
  8
0
  6
Continuous
 62
     2
100
AcDbLine
 10
-25.02248703898493
 20
95.95461441736391
 30
0.0
 11
-25.0374870392663
 21
95.95461441736391
 31
0.0
  0
LINE
  5
706
330
1F
100
AcDbEntity
  8
0
  6
Continuous
 62
     2
100
AcDbLine
 10
-23.82248703953536
 20
95.55461441734422
 30
0.0
 11
-23.807487039264
 21
95.55461441734422
 31
0.0
  0
LINE
  5
707
330
1F
100
AcDbEntity
  8
0
  6
Continuous
 62
     2
100
AcDbLine
 10
-23.82248703953536
 20
95.95461441734389
 30
0.0
 11
-23.807487039264
 21
95.95461441734389
 31
0.0
  0
LINE
  5
708
330
1F
100
AcDbEntity
  8
0
  6
Continuous
 62
     2
100
AcDbLine
 10
-23.82248703952627
 20
93.15461441750288
 30
0.0
 11
-25.02248703898493
 21
93.1546144175356
 31
0.0
  0
LINE
  5
709
330
1F
100
AcDbEntity
  8
0
  6
Continuous
 62
     2
100
AcDbLine
 10
-25.02248703898493
 20
93.1546144175356
 30
0.0
 11
-25.02248703900494
 21
91.95461441728387
 31
0.0
  0
LINE
  5
70A
330
1F
100
AcDbEntity
  8
0
  6
Continuous
 62
     2
100
AcDbLine
 10
-23.82248703952627
 20
93.15461441750288
 30
0.0
 11
-23.82248703954627
 21
91.95461441728387
 31
0.0
  0
LINE
  5
70B
330
1F
100
AcDbEntity
  8
0
  6
Continuous
 62
     2
100
AcDbLine
 10
-25.02248703900494
 20
91.95461441728387
 30
0.0
 11
-23.82248703954627
 21
91.95461441728387
 31
0.0
  0
LINE
  5
70C
330
1F
100
AcDbEntity
  8
0
  6
Continuous
 62
     2
100
AcDbLine
 10
-24.72248703926579
 20
92.25461441751507
 30
0.0
 11
-24.12248703926542
 21
92.25461441751507
 31
0.0
  0
LINE
  5
70D
330
1F
100
AcDbEntity
  8
0
  6
Continuous
 62
     2
100
AcDbLine
 10
-24.72248703926579
 20
92.25461441751507
 30
0.0
 11
-25.02248703900494
 21
91.95461441728387
 31
0.0
  0
LINE
  5
70E
330
1F
100
AcDbEntity
  8
0
  6
Continuous
 62
     2
100
AcDbLine
 10
-24.72248703926579
 20
92.8546144175136
 30
0.0
 11
-24.72248703926579
 21
92.25461441751507
 31
0.0
  0
LINE
  5
70F
330
1F
100
AcDbEntity
  8
0
  6
Continuous
 62
     2
100
AcDbLine
 10
-24.72248703926579
 20
92.8546144175136
 30
0.0
 11
-24.12248703926542
 21
92.8546144175136
 31
0.0
  0
LINE
  5
710
330
1F
100
AcDbEntity
  8
0
  6
Continuous
 62
     2
100
AcDbLine
 10
-24.72248703926579
 20
92.8546144175136
 30
0.0
 11
-25.02248703898493
 21
93.1546144175356
 31
0.0
  0
LINE
  5
711
330
1F
100
AcDbEntity
  8
0
  6
Continuous
 62
     2
100
AcDbLine
 10
-24.12248703926542
 20
92.8546144175136
 30
0.0
 11
-24.12248703926542
 21
92.25461441751507
 31
0.0
  0
LINE
  5
712
330
1F
100
AcDbEntity
  8
0
  6
Continuous
 62
     2
100
AcDbLine
 10
-24.12248703926542
 20
92.25461441751507
 30
0.0
 11
-23.82248703954627
 21
91.95461441728387
 31
0.0
  0
LINE
  5
713
330
1F
100
AcDbEntity
  8
0
  6
Continuous
 62
     2
100
AcDbLine
 10
-24.12248703926542
 20
92.8546144175136
 30
0.0
 11
-23.82248703952627
 21
93.15461441750288
 31
0.0
  0
LINE
  5
714
330
1F
100
AcDbEntity
  8
0
  6
Continuous
 62
     2
100
AcDbLine
 10
-25.02248703899494
 20
92.35461441753358
 30
0.0
 11
-25.0374870392663
 21
92.35461441753358
 31
0.0
  0
LINE
  5
715
330
1F
100
AcDbEntity
  8
0
  6
Continuous
 62
     2
100
AcDbLine
 10
-25.02248703898493
 20
92.75461441753508
 30
0.0
 11
-25.0374870392663
 21
92.75461441753508
 31
0.0
  0
LINE
  5
716
330
1F
100
AcDbEntity
  8
0
  6
Continuous
 62
     2
100
AcDbLine
 10
-23.82248703953536
 20
92.35461441750357
 30
0.0
 11
-23.807487039264
 21
92.35461441750357
 31
0.0
  0
LINE
  5
717
330
1F
100
AcDbEntity
  8
0
  6
Continuous
 62
     2
100
AcDbLine
 10
-23.82248703953536
 20
92.75461441750325
 30
0.0
 11
-23.807487039264
 21
92.75461441750325
 31
0.0
  0
LINE
  5
718
330
1F
100
AcDbEntity
  8
0
  6
Continuous
 62
     2
100
AcDbLine
 10
-23.82248703952627
 20
89.95461441750395
 30
0.0
 11
-25.02248703897493
 21
89.95461441752397
 31
0.0
  0
LINE
  5
719
330
1F
100
AcDbEntity
  8
0
  6
Continuous
 62
     2
100
AcDbLine
 10
-25.02248703897493
 20
89.95461441752397
 30
0.0
 11
-25.02248703900494
 21
88.75461441727495
 31
0.0
  0
LINE
  5
71A
330
1F
100
AcDbEntity
  8
0
  6
Continuous
 62
     2
100
AcDbLine
 10
-23.82248703952627
 20
89.95461441750395
 30
0.0
 11
-23.82248703954627
 21
88.75461441727495
 31
0.0
  0
LINE
  5
71B
330
1F
100
AcDbEntity
  8
0
  6
Continuous
 62
     2
100
AcDbLine
 10
-25.02248703900494
 20
88.75461441727495
 30
0.0
 11
-23.82248703954627
 21
88.75461441727495
 31
0.0
  0
LINE
  5
71C
330
1F
100
AcDbEntity
  8
0
  6
Continuous
 62
     2
100
AcDbLine
 10
-24.72248703926579
 20
89.05461441752432
 30
0.0
 11
-24.12248703926542
 21
89.05461441752432
 31
0.0
  0
LINE
  5
71D
330
1F
100
AcDbEntity
  8
0
  6
Continuous
 62
     2
100
AcDbLine
 10
-24.72248703926579
 20
89.05461441752432
 30
0.0
 11
-25.02248703900494
 21
88.75461441727495
 31
0.0
  0
LINE
  5
71E
330
1F
100
AcDbEntity
  8
0
  6
Continuous
 62
     2
100
AcDbLine
 10
-24.72248703926579
 20
89.65461441751561
 30
0.0
 11
-24.72248703926579
 21
89.05461441752432
 31
0.0
  0
LINE
  5
71F
330
1F
100
AcDbEntity
  8
0
  6
Continuous
 62
     2
100
AcDbLine
 10
-24.72248703926579
 20
89.65461441751561
 30
0.0
 11
-24.12248703926542
 21
89.65461441751561
 31
0.0
  0
LINE
  5
720
330
1F
100
AcDbEntity
  8
0
  6
Continuous
 62
     2
100
AcDbLine
 10
-24.72248703926579
 20
89.65461441751561
 30
0.0
 11
-25.02248703897493
 21
89.95461441752397
 31
0.0
  0
LINE
  5
721
330
1F
100
AcDbEntity
  8
0
  6
Continuous
 62
     2
100
AcDbLine
 10
-24.12248703926542
 20
89.65461441751561
 30
0.0
 11
-24.12248703926542
 21
89.05461441752432
 31
0.0
  0
LINE
  5
722
330
1F
100
AcDbEntity
  8
0
  6
Continuous
 62
     2
100
AcDbLine
 10
-24.12248703926542
 20
89.05461441752432
 30
0.0
 11
-23.82248703954627
 21
88.75461441727495
 31
0.0
  0
LINE
  5
723
330
1F
100
AcDbEntity
  8
0
  6
Continuous
 62
     2
100
AcDbLine
 10
-24.12248703926542
 20
89.65461441751561
 30
0.0
 11
-23.82248703952627
 21
89.95461441750395
 31
0.0
  0
LINE
  5
724
330
1F
100
AcDbEntity
  8
0
  6
Continuous
 62
     2
100
AcDbLine
 10
-25.02248703899494
 20
89.15461441753562
 30
0.0
 11
-25.0374870392663
 21
89.15461441753562
 31
0.0
  0
LINE
  5
725
330
1F
100
AcDbEntity
  8
0
  6
Continuous
 62
     2
100
AcDbLine
 10
-25.02248703898493
 20
89.55461441753342
 30
0.0
 11
-25.0374870392663
 21
89.55461441753342
 31
0.0
  0
LINE
  5
726
330
1F
100
AcDbEntity
  8
0
  6
Continuous
 62
     2
100
AcDbLine
 10
-23.82248703953536
 20
89.15461441750288
 30
0.0
 11
-23.807487039264
 21
89.15461441750288
 31
0.0
  0
LINE
  5
727
330
1F
100
AcDbEntity
  8
0
  6
Continuous
 62
     2
100
AcDbLine
 10
-23.82248703953536
 20
89.55461441751344
 30
0.0
 11
-23.807487039264
 21
89.55461441751344
 31
0.0
  0
LINE
  5
728
330
1F
100
AcDbEntity
  8
0
  6
Continuous
 62
     2
100
AcDbLine
 10
-25.02248703900494
 20
98.35461441730442
 30
0.0
 11
-23.82248703954627
 21
98.3546144172835
 31
0.0
  0
LINE
  5
729
330
1F
100
AcDbEntity
  8
0
  6
Continuous
 62
     2
100
AcDbLine
 10
-23.82248703954627
 20
98.3546144172835
 30
0.0
 11
-23.82248703952627
 21
99.5696144173546
 31
0.0
  0
LINE
  5
72A
330
1F
100
AcDbEntity
  8
0
  6
Continuous
 62
     2
100
AcDbLine
 10
-25.02248703900494
 20
98.35461441730442
 30
0.0
 11
-25.02248703898493
 21
99.5696144173646
 31
0.0
  0
LINE
  5
72B
330
1F
100
AcDbEntity
  8
0
  6
CENTER2
 62
     1
100
AcDbLine
 10
-24.94748703918612
 20
112.6497614528546
 30
0.0
 11
-24.94748703932527
 21
110.1546144175629
 31
0.0
  0
LINE
  5
72C
330
1F
100
AcDbEntity
  8
0
  6
Continuous
 62
     2
100
AcDbLine
 10
-23.82248703952627
 20
99.55461441753342
 30
0.0
 11
-25.02248703898493
 21
99.55461441753342
 31
0.0
  0
LINE
  5
72D
330
1F
100
AcDbEntity
  8
0
  6
Continuous
 62
     2
100
AcDbLine
 10
-24.12248703926542
 20
99.25461441729495
 30
0.0
 11
-24.72248703926579
 21
99.25461441729495
 31
0.0
  0
LINE
  5
72E
330
1F
100
AcDbEntity
  8
0
  6
Continuous
 62
     2
100
AcDbLine
 10
-24.12248703926542
 20
99.25461441729495
 30
0.0
 11
-23.82248703952627
 21
99.55461441753342
 31
0.0
  0
LINE
  5
72F
330
1F
100
AcDbEntity
  8
0
  6
Continuous
 62
     2
100
AcDbLine
 10
-24.12248703926542
 20
98.65461441729459
 30
0.0
 11
-24.12248703926542
 21
99.25461441729495
 31
0.0
  0
LINE
  5
730
330
1F
100
AcDbEntity
  8
0
  6
Continuous
 62
     2
100
AcDbLine
 10
-24.12248703926542
 20
98.65461441729459
 30
0.0
 11
-24.72248703926579
 21
98.65461441729459
 31
0.0
  0
LINE
  5
731
330
1F
100
AcDbEntity
  8
0
  6
Continuous
 62
     2
100
AcDbLine
 10
-24.12248703926542
 20
98.65461441729459
 30
0.0
 11
-23.82248703954627
 21
98.3546144172835
 31
0.0
  0
LINE
  5
732
330
1F
100
AcDbEntity
  8
0
  6
Continuous
 62
     2
100
AcDbLine
 10
-24.72248703926579
 20
98.65461441729459
 30
0.0
 11
-24.72248703926579
 21
99.25461441729495
 31
0.0
  0
LINE
  5
733
330
1F
100
AcDbEntity
  8
0
  6
Continuous
 62
     2
100
AcDbLine
 10
-24.72248703926579
 20
99.25461441729495
 30
0.0
 11
-25.02248703898493
 21
99.55461441753342
 31
0.0
  0
LINE
  5
734
330
1F
100
AcDbEntity
  8
0
  6
Continuous
 62
     2
100
AcDbLine
 10
-24.72248703926579
 20
98.65461441729459
 30
0.0
 11
-25.02248703900494
 21
98.35461441730442
 31
0.0
  0
LINE
  5
735
330
1F
100
AcDbEntity
  8
0
  6
Continuous
 62
     2
100
AcDbLine
 10
-23.82248703954627
 20
98.75461441728495
 30
0.0
 11
-23.807487039264
 21
98.75461441728495
 31
0.0
  0
LINE
  5
736
330
1F
100
AcDbEntity
  8
0
  6
Continuous
 62
     2
100
AcDbLine
 10
-25.02248703898493
 20
99.15461441730458
 30
0.0
 11
-25.0374870392663
 21
99.15461441730458
 31
0.0
  0
LINE
  5
737
330
1F
100
AcDbEntity
  8
0
  6
Continuous
 62
     2
100
AcDbLine
 10
-25.02248703899494
 20
98.75461441730404
 30
0.0
 11
-25.0374870392663
 21
98.75461441730404
 31
0.0
  0
LINE
  5
740
330
1F
100
AcDbEntity
  8
0
  6
Continuous
 62
     2
100
AcDbLine
 10
-27.34748703919394
 20
103.3120422635941
 30
0.0
 11
-27.34748703920576
 21
102.8546144128434
 31
0.0
  0
LINE
  5
741
330
1F
100
AcDbEntity
  8
0
  6
Continuous
 62
     2
100
AcDbLine
 10
-22.54748703919375
 20
103.3120422637259
 30
0.0
 11
-22.54748703920649
 21
102.8546144220256
 31
0.0
  0
LINE
  5
742
330
1F
100
AcDbEntity
  8
0
  6
Continuous
 62
     2
100
AcDbLine
 10
-22.44748704265493
 20
103.5089704906734
 30
0.0
 11
-22.44748704265493
 21
102.9963020222642
 31
0.0
  0
LINE
  5
743
330
1F
100
AcDbEntity
  8
0
  6
Continuous
 62
     7
100
AcDbLine
 10
-33.94748703926524
 20
113.1546144174356
 30
0.0
 11
-33.94748703926524
 21
75.15461441743555
 31
0.0
  0
LINE
  5
744
330
1F
100
AcDbEntity
  8
0
  6
CENTER2
 62
     1
100
AcDbLine
 10
-24.94748703926524
 20
106.3594446917634
 30
0.0
 11
-24.94748703926524
 21
74.10901502914495
 31
0.0
  0
LINE
  5
745
330
1F
100
AcDbEntity
  8
0
  6
Continuous
 62
     7
100
AcDbLine
 10
8.552512960764769
 20
113.1546144174356
 30
0.0
 11
8.552512960764769
 21
75.15461441743555
 31
0.0
  0
LINE
  5
746
330
1F
100
AcDbEntity
  8
0
  6
Continuous
 62
     7
100
AcDbLine
 10
-33.94748703926524
 20
75.15461441743555
 30
0.0
 11
2.552512960764769
 21
75.15461441743555
 31
0.0
  0
LINE
  5
747
330
1F
100
AcDbEntity
  8
0
  6
Continuous
 62
     7
100
AcDbLine
 10
-33.94748703926524
 20
113.1546144174356
 30
0.0
 11
2.552512960764943
 21
113.1546144174354
 31
0.0
  0
LINE
  5
748
330
1F
100
AcDbEntity
  8
0
  6
Continuous
 62
     7
100
AcDbLine
 10
-20.44748703926524
 20
75.15461441743555
 30
0.0
 11
-20.44748703926524
 21
79.83595177104345
 31
0.0
  0
LINE
  5
749
330
1F
100
AcDbEntity
  8
0
  6
CENTER2
 62
     1
100
AcDbLine
 10
-24.94748703926524
 20
113.0515049661546
 30
0.0
 11
-24.94748703926524
 21
98.19659951215564
 31
0.0
  0
LINE
  5
74A
330
1F
100
AcDbEntity
  8
0
  6
Continuous
 62
     7
100
AcDbLine
 10
8.552512960764769
 20
109.1546144174356
 30
0.0
 11
11.05251296076477
 21
109.1546144174356
 31
0.0
  0
LINE
  5
74B
330
1F
100
AcDbEntity
  8
0
  6
Continuous
 62
     7
100
AcDbLine
 10
11.05251296076477
 20
109.1546144174356
 30
0.0
 11
11.55251296076477
 21
108.6546144174356
 31
0.0
  0
LINE
  5
74C
330
1F
100
AcDbEntity
  8
0
  6
Continuous
 62
     7
100
AcDbLine
 10
11.55251296076477
 20
108.6546144174356
 30
0.0
 11
11.55251296076477
 21
79.65461441743555
 31
0.0
  0
LINE
  5
74D
330
1F
100
AcDbEntity
  8
0
  6
Continuous
 62
     7
100
AcDbLine
 10
11.55251296076477
 20
79.65461441743555
 30
0.0
 11
11.05251296076477
 21
79.15461441743556
 31
0.0
  0
LINE
  5
74E
330
1F
100
AcDbEntity
  8
0
  6
Continuous
 62
     7
100
AcDbLine
 10
11.05251296076477
 20
79.15461441743556
 30
0.0
 11
8.552512960764769
 21
79.15461441743556
 31
0.0
  0
LINE
  5
74F
330
1F
100
AcDbEntity
  8
0
  6
Continuous
 62
     7
100
AcDbLine
 10
11.55251296076477
 20
98.15461441743558
 30
0.0
 11
33.05251296076477
 21
98.15461441743558
 31
0.0
  0
LINE
  5
750
330
1F
100
AcDbEntity
  8
0
  6
Continuous
 62
     7
100
AcDbLine
 10
33.05251296076477
 20
98.15461441743558
 30
0.0
 11
33.55251296076477
 21
97.65461441743557
 31
0.0
  0
LINE
  5
751
330
1F
100
AcDbEntity
  8
0
  6
Continuous
 62
     7
100
AcDbLine
 10
33.55251296076477
 20
97.65461441743557
 30
0.0
 11
33.55251296076477
 21
90.65461441743556
 31
0.0
  0
LINE
  5
752
330
1F
100
AcDbEntity
  8
0
  6
Continuous
 62
     7
100
AcDbLine
 10
33.55251296076477
 20
90.65461441743556
 30
0.0
 11
33.05251296076477
 21
90.15461441743557
 31
0.0
  0
LINE
  5
753
330
1F
100
AcDbEntity
  8
0
  6
Continuous
 62
     7
100
AcDbLine
 10
33.05251296076477
 20
90.15461441743557
 30
0.0
 11
11.55251296076477
 21
90.15461441743557
 31
0.0
  0
LINE
  5
754
330
1F
100
AcDbEntity
  8
0
  6
Continuous
 62
     7
100
AcDbLine
 10
-35.94748703923523
 20
113.6546144174356
 30
0.0
 11
-38.94748703923523
 21
113.6546144174356
 31
0.0
  0
LINE
  5
755
330
1F
100
AcDbEntity
  8
0
  6
Continuous
 62
     7
100
AcDbLine
 10
-33.94748703923523
 20
113.1546144174356
 30
0.0
 11
-33.94748703923523
 21
111.4546144174339
 31
0.0
  0
LINE
  5
756
330
1F
100
AcDbEntity
  8
0
  6
Continuous
 62
     7
100
AcDbLine
 10
-33.94748703923523
 20
94.15461441743557
 30
0.0
 11
-33.94748703923523
 21
111.4546144174339
 31
0.0
  0
LINE
  5
757
330
1F
100
AcDbEntity
  8
0
  6
Continuous
 62
     7
100
AcDbLine
 10
-33.94748703923523
 20
76.85461441743356
 30
0.0
 11
-33.94748703923523
 21
94.15461441743557
 31
0.0
  0
LINE
  5
758
330
1F
100
AcDbEntity
  8
0
  6
Continuous
 62
     7
100
AcDbLine
 10
-38.94748703923523
 20
74.65461441743555
 30
0.0
 11
-35.94748703923523
 21
74.65461441743555
 31
0.0
  0
LINE
  5
759
330
1F
100
AcDbEntity
  8
0
  6
Continuous
 62
     7
100
AcDbLine
 10
-33.94748703923523
 20
76.85461441743356
 30
0.0
 11
-33.94748703923523
 21
75.15461441743555
 31
0.0
  0
LINE
  5
75A
330
1F
100
AcDbEntity
  8
0
  6
Continuous
 62
     7
100
AcDbLine
 10
-37.94748703923523
 20
81.81461441743358
 30
0.0
 11
-37.94748703923523
 21
74.65461441743555
 31
0.0
  0
LINE
  5
75B
330
1F
100
AcDbEntity
  8
0
  6
Continuous
 62
     7
100
AcDbLine
 10
-20.44748703923523
 20
80.35115845014317
 30
0.0
 11
-17.14748703923596
 21
80.35115845014317
 31
0.0
  0
LINE
  5
75C
330
1F
100
AcDbEntity
  8
0
  6
Continuous
 62
     7
100
AcDbLine
 10
-20.44748703923523
 20
76.15461441743555
 30
0.0
 11
-20.44748703923523
 21
80.35115845014317
 31
0.0
  0
LINE
  5
75D
330
1F
100
AcDbEntity
  8
0
  6
Continuous
 62
     7
100
AcDbLine
 10
-21.44748703923523
 20
78.15461441743555
 30
0.0
 11
-33.94748703923523
 21
78.15461441743555
 31
0.0
  0
LINE
  5
75E
330
1F
100
AcDbEntity
  8
0
  6
Continuous
 62
     7
100
AcDbLine
 10
-59.64748703923504
 20
103.454644434951
 30
0.0
 11
-59.14748703923504
 21
103.454644434951
 31
0.0
  0
LINE
  5
75F
330
1F
100
AcDbEntity
  8
0
  6
Continuous
 62
     7
100
AcDbLine
 10
-59.14748703923504
 20
102.454644434951
 30
0.0
 11
-59.14748703923504
 21
103.454644434951
 31
0.0
  0
LINE
  5
760
330
1F
100
AcDbEntity
  8
0
  6
Continuous
 62
     7
100
AcDbLine
 10
-59.14748703923504
 20
100.6787024768011
 30
0.0
 11
-59.14748703923504
 21
102.454644434951
 31
0.0
  0
LINE
  5
761
330
1F
100
AcDbEntity
  8
0
  6
Continuous
 62
     7
100
AcDbLine
 10
-59.64748703923504
 20
87.9046444349526
 30
0.0
 11
-59.64748703923504
 21
88.90464443495259
 31
0.0
  0
LINE
  5
762
330
1F
100
AcDbEntity
  8
0
  6
Continuous
 62
     7
100
AcDbLine
 10
-59.64748703923504
 20
100.3900273422016
 30
0.0
 11
-59.64748703923504
 21
88.90464443495259
 31
0.0
  0
LINE
  5
763
330
1F
100
AcDbEntity
  8
0
  6
Continuous
 62
     7
100
AcDbLine
 10
-59.64748703923504
 20
103.454644434951
 30
0.0
 11
-59.64748703923504
 21
110.6546444349526
 31
0.0
  0
LINE
  5
764
330
1F
100
AcDbEntity
  8
0
  6
Continuous
 62
     7
100
AcDbLine
 10
-59.64748703923504
 20
110.6546444349526
 30
0.0
 11
-59.64748703923504
 21
113.6546444349526
 31
0.0
  0
LINE
  5
765
330
1F
100
AcDbEntity
  8
0
  6
Continuous
 62
     7
100
AcDbLine
 10
-59.14748703923504
 20
103.454644434951
 30
0.0
 11
-54.33941452883499
 21
103.454644434951
 31
0.0
  0
LINE
  5
766
330
1F
100
AcDbEntity
  8
0
  6
Continuous
 62
     7
100
AcDbLine
 10
-53.05592622168497
 20
87.9046444349526
 30
0.0
 11
-59.64748703923504
 21
87.9046444349526
 31
0.0
  0
LINE
  5
767
330
1F
100
AcDbEntity
  8
0
  6
Continuous
 62
     7
100
AcDbLine
 10
-59.14748703923504
 20
85.85842850275023
 30
0.0
 11
-51.87454290243493
 21
85.85842850275023
 31
0.0
  0
LINE
  5
768
330
1F
100
AcDbEntity
  8
0
  6
Continuous
 62
     7
100
AcDbLine
 10
-47.59996617783525
 20
103.454644434951
 30
0.0
 11
-39.44748703923523
 21
103.454644434951
 31
0.0
  0
LINE
  5
769
330
1F
100
AcDbEntity
  8
0
  6
Continuous
 62
     7
100
AcDbLine
 10
-42.81695454433537
 20
85.85842850275023
 30
0.0
 11
-39.44748703923523
 21
85.85842850275023
 31
0.0
  0
LINE
  5
76A
330
1F
100
AcDbEntity
  8
0
  6
Continuous
 62
     7
100
AcDbLine
 10
-39.44748703923523
 20
81.80968133355255
 30
0.0
 11
-48.44748703923523
 21
81.80968133355255
 31
0.0
  0
LINE
  5
76B
330
1F
100
AcDbEntity
  8
0
  6
Continuous
 62
     7
100
AcDbLine
 10
-48.44748703923523
 20
77.65464443495258
 30
0.0
 11
-48.44748703923523
 21
81.80968133355255
 31
0.0
  0
LINE
  5
76C
330
1F
100
AcDbEntity
  8
0
  6
Continuous
 62
     7
100
AcDbLine
 10
-58.37809500533529
 20
101.12291117467
 30
0.0
 11
-59.64748703923504
 21
100.3900273422016
 31
0.0
  0
LINE
  5
76D
330
1F
100
AcDbEntity
  8
0
  6
Continuous
 62
     7
100
AcDbLine
 10
-58.37809500533529
 20
101.12291117467
 30
0.0
 11
-51.01687907313425
 21
105.37291117467
 31
0.0
  0
LINE
  5
76E
330
1F
100
AcDbEntity
  8
0
  6
Continuous
 62
     7
100
AcDbLine
 10
-48.28482826556609
 20
104.6408603671009
 30
0.0
 11
-39.78482826558428
 21
89.91842850275153
 31
0.0
  0
LINE
  5
76F
330
1F
100
AcDbEntity
  8
0
  6
Continuous
 62
     7
100
AcDbLine
 10
-40.51687907313424
 20
87.18637769518156
 30
0.0
 11
-47.87809500533529
 21
82.93637769520156
 31
0.0
  0
LINE
  5
770
330
1F
100
AcDbEntity
  8
0
  6
Continuous
 62
     7
100
AcDbLine
 10
-50.61014581290436
 20
83.66842850275155
 30
0.0
 11
-59.11014581288526
 21
98.39086036710087
 31
0.0
  0
LINE
  5
771
330
1F
100
AcDbEntity
  8
0
  6
Continuous
 62
     7
100
AcDbLine
 10
-49.71101344047309
 20
100.4110855510255
 30
0.0
 11
-54.73396078242348
 21
97.51108555102492
 31
0.0
  0
LINE
  5
772
330
1F
100
AcDbEntity
  8
0
  6
Continuous
 62
     7
100
AcDbLine
 10
-44.16101332028774
 20
90.79820336085159
 30
0.0
 11
-49.18396066223812
 21
87.89820336085105
 31
0.0
  0
LINE
  5
773
330
1F
100
AcDbEntity
  8
0
  6
Continuous
 62
     7
100
AcDbLine
 10
-59.64748703923504
 20
113.6546444349526
 30
0.0
 11
-59.14748703923504
 21
113.6546444349444
 31
0.0
  0
LINE
  5
774
330
1F
100
AcDbEntity
  8
0
  6
Continuous
 62
     7
100
AcDbLine
 10
-59.14748703923504
 20
74.65464443493893
 30
0.0
 11
-59.64748703923504
 21
74.65464443494441
 31
0.0
  0
LINE
  5
775
330
1F
100
AcDbEntity
  8
0
  6
Continuous
 62
     7
100
AcDbLine
 10
-39.44748703923523
 20
74.65464443493893
 30
0.0
 11
-38.94748703923523
 21
74.65464443493893
 31
0.0
  0
LINE
  5
776
330
1F
100
AcDbEntity
  8
0
  6
Continuous
 62
     7
100
AcDbLine
 10
-48.44748703923523
 20
113.6546444349444
 30
0.0
 11
-59.14748703923504
 21
113.6546444349444
 31
0.0
  0
LINE
  5
777
330
1F
100
AcDbEntity
  8
0
  6
Continuous
 62
     7
100
AcDbLine
 10
-48.44748703923523
 20
74.65464443493893
 30
0.0
 11
-59.14748703923504
 21
74.65464443493893
 31
0.0
  0
LINE
  5
778
330
1F
100
AcDbEntity
  8
0
  6
Continuous
 62
     7
100
AcDbLine
 10
-43.9780006183966
 20
91.48121606274363
 30
0.0
 11
-44.05298333574973
 21
91.61108993888793
 31
0.0
  0
LINE
  5
779
330
1F
100
AcDbEntity
  8
0
  6
Continuous
 62
     7
100
AcDbLine
 10
-39.44748703923523
 20
113.6546444349444
 30
0.0
 11
-48.44748703923523
 21
113.6546444349444
 31
0.0
  0
LINE
  5
77A
330
1F
100
AcDbEntity
  8
0
  6
Continuous
 62
     7
100
AcDbLine
 10
-48.44748703923523
 20
79.65464443494441
 30
0.0
 11
-48.44748703923523
 21
74.65464443493893
 31
0.0
  0
LINE
  5
77B
330
1F
100
AcDbEntity
  8
0
  6
CENTER2
 62
     1
100
AcDbLine
 10
38.55251296076477
 20
94.15464443494441
 30
0.0
 11
-68.44748703923523
 21
94.15464443494441
 31
0.0
  0
LINE
  5
77C
330
1F
100
AcDbEntity
  8
0
  6
Continuous
 62
     7
100
AcDbLine
 10
-39.44748703923523
 20
74.65464443493893
 30
0.0
 11
-48.44748703923523
 21
74.65464443493893
 31
0.0
  0
LINE
  5
77D
330
1F
100
AcDbEntity
  8
0
  6
Continuous
 62
     7
100
AcDbLine
 10
-39.44748703923523
 20
109.1546144174356
 30
0.0
 11
-48.44748703923523
 21
109.1546144174356
 31
0.0
  0
LINE
  5
77E
330
1F
100
AcDbEntity
  8
0
  6
Continuous
 62
     7
100
AcDbLine
 10
-48.44748703923523
 20
109.1546144174356
 30
0.0
 11
-48.44748703923523
 21
113.6546444349444
 31
0.0
  0
LINE
  5
77F
330
1F
100
AcDbEntity
  8
0
  6
Continuous
 62
     7
100
AcDbLine
 10
-44.52702462716223
 20
93.2387011789453
 30
0.0
 11
-44.61672988490789
 21
93.18752760462324
 31
0.0
  0
LINE
  5
780
330
1F
100
AcDbEntity
  8
0
  6
Continuous
 62
     7
100
AcDbLine
 10
-51.79596872225574
 20
89.62484003502343
 30
0.0
 11
-54.548139384394
 21
94.38672820788289
 31
0.0
  0
LINE
  5
781
330
1F
100
AcDbEntity
  8
0
  6
Continuous
 62
     7
100
AcDbLine
 10
-44.34404560353703
 20
93.92217536507564
 30
0.0
 11
-47.09801480183359
 21
98.68302611998501
 31
0.0
  0
LINE
  5
782
330
1F
100
AcDbEntity
  8
0
  6
Continuous
 62
     7
100
AcDbLine
 10
-47.86672264735643
 20
98.81668019341324
 30
0.0
 11
-47.78064434456536
 21
98.8657790165282
 31
0.0
  0
LINE
  5
783
330
1F
100
AcDbEntity
  8
0
  6
Continuous
 62
     7
100
AcDbLine
 10
-51.02753127452996
 20
89.49136132868099
 30
0.0
 11
-51.1132446976364
 21
89.44192373428652
 31
0.0
  0
LINE
  5
784
330
1F
100
AcDbEntity
  8
0
  6
Continuous
 62
     7
100
AcDbLine
 10
-48.95298333574936
 20
100.0981388959765
 30
0.0
 11
-49.02800073858106
 21
100.2280728491334
 31
0.0
  0
LINE
  5
785
330
1F
100
AcDbEntity
  8
0
  6
Continuous
 62
     7
100
AcDbLine
 10
-49.94195608148327
 20
88.21108993888831
 30
0.0
 11
-49.86697336412925
 21
88.0812160627422
 31
0.0
  0
LINE
  5
786
330
1F
100
AcDbEntity
  8
0
  6
CENTER2
 62
     1
100
AcDbLine
 10
-45.89746970861704
 20
88.00583405056862
 30
0.0
 11
-52.99746970861742
 21
100.3033947842989
 31
0.0
  0
LINE
  5
787
330
1F
100
AcDbEntity
  8
0
  6
Continuous
 62
     7
100
AcDbLine
 10
-46.62964938558906
 20
90.87400645134787
 30
0.0
 11
-46.08061127991203
 21
92.92304455702762
 31
0.0
  0
LINE
  5
788
330
1F
100
AcDbEntity
  8
0
  6
Continuous
 62
     2
100
AcDbLine
 10
-46.14891255010224
 20
92.94134582721763
 30
0.0
 11
-46.69795065577927
 21
90.89230772153788
 31
0.0
  0
LINE
  5
789
330
1F
100
AcDbEntity
  8
0
  6
Continuous
 62
     2
100
AcDbLine
 10
-49.29602686713059
 20
89.3923077215379
 30
0.0
 11
-53.49602686713222
 21
96.66692111332961
 31
0.0
  0
LINE
  5
78A
330
1F
100
AcDbEntity
  8
0
  6
Continuous
 62
     7
100
AcDbLine
 10
-53.56432813732062
 20
96.68522238351965
 30
0.0
 11
-49.31432813732062
 21
89.3240064513486
 31
0.0
  0
LINE
  5
78B
330
1F
100
AcDbEntity
  8
0
  6
Continuous
 62
     7
100
AcDbLine
 10
-51.77807767470148
 20
89.69134582721766
 30
0.0
 11
-54.47807767470039
 21
94.36788300764984
 31
0.0
  0
LINE
  5
78C
330
1F
100
AcDbEntity
  8
0
  6
Continuous
 62
     7
100
AcDbLine
 10
-51.09506497280762
 20
89.50833312532834
 30
0.0
 11
-51.05176370261978
 21
89.53333312532889
 31
0.0
  0
LINE
  5
78D
330
1F
100
AcDbEntity
  8
0
  6
Continuous
 62
     7
100
AcDbLine
 10
-50.30176370261978
 20
88.23429501964822
 30
0.0
 11
-55.0017637026196
 21
96.37493381521764
 31
0.0
  0
LINE
  5
78E
330
1F
100
AcDbEntity
  8
0
  6
Continuous
 62
     7
100
AcDbLine
 10
-44.09628460593847
 20
91.58608993888922
 30
0.0
 11
-44.04628460588646
 21
91.49948739841896
 31
0.0
  0
LINE
  5
78F
330
1F
100
AcDbEntity
  8
0
  6
Continuous
 62
     7
100
AcDbLine
 10
-49.84865481144805
 20
88.14948739877875
 30
0.0
 11
-49.8986548112918
 21
88.23608993888884
 31
0.0
  0
LINE
  5
790
330
1F
100
AcDbEntity
  8
0
  6
Continuous
 62
     7
100
AcDbLine
 10
-44.22929730783034
 20
90.81647469661785
 30
0.0
 11
-49.16564210939959
 21
87.96647469661751
 31
0.0
  0
LINE
  5
791
330
1F
100
AcDbEntity
  8
0
  6
Continuous
 62
     7
100
AcDbLine
 10
-50.30176370261978
 20
88.23429501964822
 30
0.0
 11
-50.0285586218626
 21
88.16108993888812
 31
0.0
  0
LINE
  5
792
330
1F
100
AcDbEntity
  8
0
  6
Continuous
 62
     7
100
AcDbLine
 10
-49.31432813732062
 20
89.3240064513486
 30
0.0
 11
-46.62964938558906
 21
90.87400645134787
 31
0.0
  0
LINE
  5
793
330
1F
100
AcDbEntity
  8
0
  6
Continuous
 62
     7
100
AcDbLine
 10
-43.9663807953704
 20
91.66108993888812
 30
0.0
 11
-43.89317571461578
 21
91.93429501964985
 31
0.0
  0
LINE
  5
794
330
1F
100
AcDbEntity
  8
0
  6
Continuous
 62
     2
100
AcDbLine
 10
-46.69795065577927
 20
90.89230772153788
 30
0.0
 11
-49.29602686713059
 21
89.3923077215379
 31
0.0
  0
LINE
  5
795
330
1F
100
AcDbEntity
  8
0
  6
Continuous
 62
     7
100
AcDbLine
 10
-43.9663807953704
 20
91.66108993888812
 30
0.0
 11
-50.0285586218626
 21
88.16108993888812
 31
0.0
  0
LINE
  5
796
330
1F
100
AcDbEntity
  8
0
  6
Continuous
 62
     2
100
AcDbLine
 10
-48.17743795388577
 20
94.45485489100994
 30
0.0
 11
-48.55243795388577
 21
95.10437394384664
 31
0.0
  0
LINE
  5
797
330
1F
100
AcDbEntity
  8
0
  6
Continuous
 62
     2
100
AcDbLine
 10
-48.55243795388577
 20
95.10437394384664
 30
0.0
 11
-48.98545065577781
 21
94.85437394384664
 31
0.0
  0
LINE
  5
798
330
1F
100
AcDbEntity
  8
0
  6
Continuous
 62
     2
100
AcDbLine
 10
-48.98545065577781
 20
94.85437394384664
 30
0.0
 11
-48.61045065577782
 21
94.20485489100995
 31
0.0
  0
LINE
  5
799
330
1F
100
AcDbEntity
  8
0
  6
Continuous
 62
     2
100
AcDbLine
 10
-48.61045065577782
 20
94.20485489100995
 30
0.0
 11
-48.17743795388577
 21
94.45485489100994
 31
0.0
  0
LINE
  5
79A
330
1F
100
AcDbEntity
  8
0
  6
Continuous
 62
     2
100
AcDbLine
 10
-47.17743795388395
 20
92.72280408344723
 30
0.0
 11
-47.55243795388577
 21
93.37232313628758
 31
0.0
  0
LINE
  5
79B
330
1F
100
AcDbEntity
  8
0
  6
Continuous
 62
     2
100
AcDbLine
 10
-47.55243795388577
 20
93.37232313628758
 30
0.0
 11
-47.98545065577782
 21
93.12232313628758
 31
0.0
  0
LINE
  5
79C
330
1F
100
AcDbEntity
  8
0
  6
Continuous
 62
     2
100
AcDbLine
 10
-47.98545065577782
 20
93.12232313628758
 30
0.0
 11
-47.61045065577781
 21
92.47280408344723
 31
0.0
  0
LINE
  5
79D
330
1F
100
AcDbEntity
  8
0
  6
Continuous
 62
     2
100
AcDbLine
 10
-47.61045065577781
 20
92.47280408344723
 30
0.0
 11
-47.17743795388395
 21
92.72280408344723
 31
0.0
  0
LINE
  5
79E
330
1F
100
AcDbEntity
  8
0
  6
Continuous
 62
     2
100
AcDbLine
 10
-48.40948876145393
 20
90.85677867965861
 30
0.0
 11
-48.78448876145394
 21
91.50629773249894
 31
0.0
  0
LINE
  5
79F
330
1F
100
AcDbEntity
  8
0
  6
Continuous
 62
     2
100
AcDbLine
 10
-48.78448876145394
 20
91.50629773249894
 30
0.0
 11
-49.21750146334597
 21
91.25629773249896
 31
0.0
  0
LINE
  5
7A0
330
1F
100
AcDbEntity
  8
0
  6
Continuous
 62
     2
100
AcDbLine
 10
-49.21750146334597
 20
91.25629773249896
 30
0.0
 11
-48.84250146334597
 21
90.60677867965862
 31
0.0
  0
LINE
  5
7A1
330
1F
100
AcDbEntity
  8
0
  6
Continuous
 62
     2
100
AcDbLine
 10
-48.84250146334597
 20
90.60677867965862
 30
0.0
 11
-48.40948876145393
 21
90.85677867965861
 31
0.0
  0
LINE
  5
7A2
330
1F
100
AcDbEntity
  8
0
  6
Continuous
 62
     2
100
AcDbLine
 10
-49.40948876145394
 20
92.58882948722858
 30
0.0
 11
-49.78448876145393
 21
93.23834854006985
 31
0.0
  0
LINE
  5
7A3
330
1F
100
AcDbEntity
  8
0
  6
Continuous
 62
     2
100
AcDbLine
 10
-49.78448876145393
 20
93.23834854006985
 30
0.0
 11
-50.21750146334778
 21
92.98834854006985
 31
0.0
  0
LINE
  5
7A4
330
1F
100
AcDbEntity
  8
0
  6
Continuous
 62
     2
100
AcDbLine
 10
-50.21750146334778
 20
92.98834854006985
 30
0.0
 11
-49.84250146334779
 21
92.33882948722857
 31
0.0
  0
LINE
  5
7A5
330
1F
100
AcDbEntity
  8
0
  6
Continuous
 62
     2
100
AcDbLine
 10
-49.84250146334779
 20
92.33882948722857
 30
0.0
 11
-49.40948876145394
 21
92.58882948722858
 31
0.0
  0
LINE
  5
7A6
330
1F
100
AcDbEntity
  8
0
  6
Continuous
 62
     2
100
AcDbLine
 10
-50.40948876145393
 20
94.32088029479857
 30
0.0
 11
-50.78448876145394
 21
94.97039934763892
 31
0.0
  0
LINE
  5
7A7
330
1F
100
AcDbEntity
  8
0
  6
Continuous
 62
     2
100
AcDbLine
 10
-50.78448876145394
 20
94.97039934763892
 30
0.0
 11
-51.21750146334779
 21
94.72039934763891
 31
0.0
  0
LINE
  5
7A8
330
1F
100
AcDbEntity
  8
0
  6
Continuous
 62
     2
100
AcDbLine
 10
-51.21750146334779
 20
94.72039934763891
 30
0.0
 11
-50.84250146334778
 21
94.07088029479856
 31
0.0
  0
LINE
  5
7A9
330
1F
100
AcDbEntity
  8
0
  6
Continuous
 62
     2
100
AcDbLine
 10
-50.84250146334778
 20
94.07088029479856
 30
0.0
 11
-50.40948876145393
 21
94.32088029479857
 31
0.0
  0
LINE
  5
7AA
330
1F
100
AcDbEntity
  8
0
  6
Continuous
 62
     2
100
AcDbLine
 10
-49.98545065577782
 20
96.58642475142752
 30
0.0
 11
-49.61045065577781
 21
95.93690569857992
 31
0.0
  0
LINE
  5
7AB
330
1F
100
AcDbEntity
  8
0
  6
Continuous
 62
     2
100
AcDbLine
 10
-49.61045065577781
 20
95.93690569857992
 30
0.0
 11
-49.17743795388577
 21
96.18690569857992
 31
0.0
  0
LINE
  5
7AC
330
1F
100
AcDbEntity
  8
0
  6
Continuous
 62
     2
100
AcDbLine
 10
-49.17743795388577
 20
96.18690569857992
 30
0.0
 11
-49.55243795388577
 21
96.83642475142752
 31
0.0
  0
LINE
  5
7AD
330
1F
100
AcDbEntity
  8
0
  6
Continuous
 62
     7
100
AcDbLine
 10
-46.08061127991203
 20
92.92304455702762
 30
0.0
 11
-48.83061127991203
 21
97.68618427783824
 31
0.0
  0
LINE
  5
7AE
330
1F
100
AcDbEntity
  8
0
  6
Continuous
 62
     2
100
AcDbLine
 10
-48.84891255010024
 20
97.61788300764983
 30
0.0
 11
-46.14891255010224
 21
92.94134582721763
 31
0.0
  0
LINE
  5
7AF
330
1F
100
AcDbEntity
  8
0
  6
Continuous
 62
     7
100
AcDbLine
 10
-44.41686174253225
 20
93.94134582721763
 30
0.0
 11
-47.11686174253299
 21
98.61788300764985
 31
0.0
  0
LINE
  5
7B0
330
1F
100
AcDbEntity
  8
0
  6
Continuous
 62
     7
100
AcDbLine
 10
-48.59317571461378
 20
100.0749338152184
 30
0.0
 11
-43.89317571461578
 21
91.93429501964985
 31
0.0
  0
LINE
  5
7B1
330
1F
100
AcDbEntity
  8
0
  6
Continuous
 62
     7
100
AcDbLine
 10
-54.29506497280744
 20
95.05089570954826
 30
0.0
 11
-54.2517637026196
 21
95.07589570955062
 31
0.0
  0
LINE
  5
7B2
330
1F
100
AcDbEntity
  8
0
  6
Continuous
 62
     7
100
AcDbLine
 10
-47.79987444442594
 20
98.80089570954826
 30
0.0
 11
-47.84317571461378
 21
98.77589570953864
 31
0.0
  0
LINE
  5
7B3
330
1F
100
AcDbEntity
  8
0
  6
Continuous
 62
     7
100
AcDbLine
 10
-48.99628460593812
 20
100.0731388959796
 30
0.0
 11
-49.04628460588646
 21
100.1597414362707
 31
0.0
  0
LINE
  5
7B4
330
1F
100
AcDbEntity
  8
0
  6
Continuous
 62
     7
100
AcDbLine
 10
-49.72929730783034
 20
100.3427541382482
 30
0.0
 11
-54.6656421093996
 21
97.49275413824966
 31
0.0
  0
LINE
  5
7B5
330
1F
100
AcDbEntity
  8
0
  6
Continuous
 62
     7
100
AcDbLine
 10
-54.84865481129344
 20
96.8097414363576
 30
0.0
 11
-54.79865481129235
 21
96.72313889597736
 31
0.0
  0
LINE
  5
7B6
330
1F
100
AcDbEntity
  8
0
  6
Continuous
 62
     7
100
AcDbLine
 10
-55.0017637026196
 20
96.37493381521764
 30
0.0
 11
-54.92855862186224
 21
96.64813889597665
 31
0.0
  0
LINE
  5
7B7
330
1F
100
AcDbEntity
  8
0
  6
Continuous
 62
     7
100
AcDbLine
 10
-50.87964938558907
 20
98.23522238351801
 30
0.0
 11
-53.56432813732062
 21
96.68522238351965
 31
0.0
  0
LINE
  5
7B8
330
1F
100
AcDbEntity
  8
0
  6
Continuous
 62
     7
100
AcDbLine
 10
-48.83061127991203
 20
97.68618427783824
 30
0.0
 11
-50.87964938558907
 21
98.23522238351801
 31
0.0
  0
LINE
  5
7B9
330
1F
100
AcDbEntity
  8
0
  6
Continuous
 62
     7
100
AcDbLine
 10
-54.92855862186224
 20
96.64813889597665
 30
0.0
 11
-48.86638079537004
 21
100.1481388959766
 31
0.0
  0
LINE
  5
7BA
330
1F
100
AcDbEntity
  8
0
  6
Continuous
 62
     7
100
AcDbLine
 10
-48.59317571461378
 20
100.0749338152184
 30
0.0
 11
-48.86638079537004
 21
100.1481388959766
 31
0.0
  0
LINE
  5
7BB
330
1F
100
AcDbEntity
  8
0
  6
Continuous
 62
     2
100
AcDbLine
 10
-53.49602686713222
 20
96.66692111332961
 30
0.0
 11
-50.89795065577727
 21
98.16692111332962
 31
0.0
  0
LINE
  5
7BC
330
1F
100
AcDbEntity
  8
0
  6
Continuous
 62
     2
100
AcDbLine
 10
-49.55243795388577
 20
96.83642475142752
 30
0.0
 11
-49.98545065577782
 21
96.58642475142752
 31
0.0
  0
LINE
  5
7BD
330
1F
100
AcDbEntity
  8
0
  6
Continuous
 62
     2
100
AcDbLine
 10
-51.40948876145394
 20
96.05293110236765
 30
0.0
 11
-51.78448876145393
 21
96.70245015520888
 31
0.0
  0
LINE
  5
7BE
330
1F
100
AcDbEntity
  8
0
  6
Continuous
 62
     2
100
AcDbLine
 10
-51.78448876145393
 20
96.70245015520888
 30
0.0
 11
-52.21750146334779
 21
96.45245015520888
 31
0.0
  0
LINE
  5
7BF
330
1F
100
AcDbEntity
  8
0
  6
Continuous
 62
     2
100
AcDbLine
 10
-52.21750146334779
 20
96.45245015520888
 30
0.0
 11
-51.84250146334779
 21
95.80293110236764
 31
0.0
  0
LINE
  5
7C0
330
1F
100
AcDbEntity
  8
0
  6
Continuous
 62
     2
100
AcDbLine
 10
-51.84250146334779
 20
95.80293110236764
 30
0.0
 11
-51.40948876145394
 21
96.05293110236765
 31
0.0
  0
LINE
  5
7C1
330
1F
100
AcDbEntity
  8
0
  6
Continuous
 62
     2
100
AcDbLine
 10
-50.89795065577727
 20
98.16692111332962
 30
0.0
 11
-48.84891255010024
 21
97.61788300764983
 31
0.0
  0
LINE
  5
7C2
330
1F
100
AcDbEntity
  8
0
  6
CENTER2
 62
     1
100
AcDbLine
 10
-55.77400433768997
 20
90.50198794629816
 30
0.0
 11
-32.10838109654577
 21
104.165341895123
 31
0.0
  0
LINE
  5
7C3
330
1F
100
AcDbEntity
  8
0
  6
Continuous
 62
     7
100
AcDbLine
 10
-44.59987444442339
 20
93.25833312531742
 30
0.0
 11
-44.64317571461395
 21
93.23333312531959
 31
0.0
  0
LINE
  5
7C4
330
1F
100
AcDbEntity
  8
0
  6
Continuous
 62
     7
100
AcDbLine
 10
-59.64748703923504
 20
74.90464443491257
 30
0.0
 11
-60.84748703923395
 21
74.90464443491257
 31
0.0
  0
LINE
  5
7C5
330
1F
100
AcDbEntity
  8
0
  6
Continuous
 62
     7
100
AcDbLine
 10
-60.84748703923395
 20
74.90464443491257
 30
0.0
 11
-60.84748703923395
 21
77.35464443492055
 31
0.0
  0
LINE
  5
7C6
330
1F
100
AcDbEntity
  8
0
  6
Continuous
 62
     7
100
AcDbLine
 10
-61.70388559576275
 20
78.84694335231801
 30
0.0
 11
-62.76748703924494
 21
79.6446444349442
 31
0.0
  0
LINE
  5
7C7
330
1F
100
AcDbEntity
  8
0
  6
Continuous
 62
     7
100
AcDbLine
 10
-63.44748703923523
 20
81.00464443493658
 30
0.0
 11
-63.44748703923523
 21
107.3046444349195
 31
0.0
  0
LINE
  5
7C8
330
1F
100
AcDbEntity
  8
0
  6
Continuous
 62
     7
100
AcDbLine
 10
-62.7674870392313
 20
108.6646444349246
 30
0.0
 11
-62.19995863384446
 21
109.0902907389602
 31
0.0
  0
LINE
  5
7C9
330
1F
100
AcDbEntity
  8
0
  6
Continuous
 62
     7
100
AcDbLine
 10
-60.84748703923395
 20
110.9546444349146
 30
0.0
 11
-60.84748703923395
 21
113.4046444349126
 31
0.0
  0
LINE
  5
7CA
330
1F
100
AcDbEntity
  8
0
  6
Continuous
 62
     7
100
AcDbLine
 10
-60.84748703923395
 20
113.4046444349126
 30
0.0
 11
-59.64748703923504
 21
113.4046444349126
 31
0.0
  0
LINE
  5
7CB
330
1F
100
AcDbEntity
  8
0
  6
Continuous
 62
     7
100
AcDbLine
 10
-60.84748703923395
 20
77.35464443492055
 30
0.0
 11
-60.84748703923395
 21
110.9546444349146
 31
0.0
  0
LINE
  5
7CC
330
1F
100
AcDbEntity
  8
0
  6
Continuous
 62
     7
100
AcDbLine
 10
-60.84748703923395
 20
113.2046444349146
 30
0.0
 11
-60.84748703923395
 21
108.7046444349146
 31
0.0
  0
LINE
  5
7CD
330
1F
100
AcDbEntity
  8
0
  6
Continuous
 62
     7
100
AcDbLine
 10
-61.629476843502
 20
108.773059677784
 30
0.0
 11
-61.14748703923504
 21
108.7308910339745
 31
0.0
  0
LINE
  5
7CE
330
1F
100
AcDbEntity
  8
0
  6
Continuous
 62
     7
100
AcDbLine
 10
-60.84748703923395
 20
113.2046444349146
 30
0.0
 11
-61.629476843502
 21
113.1362291920552
 31
0.0
  0
LINE
  5
7CF
330
1F
100
AcDbEntity
  8
0
  6
Continuous
 62
     7
100
AcDbLine
 10
-60.84748703923395
 20
93.40464443491256
 30
0.0
 11
-60.84748703923395
 21
88.90464443491257
 31
0.0
  0
LINE
  5
7D0
330
1F
100
AcDbEntity
  8
0
  6
Continuous
 62
     7
100
AcDbLine
 10
-61.629476843502
 20
88.97305967778105
 30
0.0
 11
-60.84748703923395
 21
88.90464443491257
 31
0.0
  0
LINE
  5
7D1
330
1F
100
AcDbEntity
  8
0
  6
Continuous
 62
     7
100
AcDbLine
 10
-60.84748703923395
 20
93.40464443491256
 30
0.0
 11
-61.629476843502
 21
93.33622919205138
 31
0.0
  0
LINE
  5
7D2
330
1F
100
AcDbEntity
  8
0
  6
Continuous
 62
     7
100
AcDbLine
 10
-60.84748703923395
 20
83.40464443491256
 30
0.0
 11
-60.84748703923395
 21
78.90464443491257
 31
0.0
  0
LINE
  5
7D3
330
1F
100
AcDbEntity
  8
0
  6
Continuous
 62
     7
100
AcDbLine
 10
-61.629476843502
 20
78.97305967778105
 30
0.0
 11
-60.84748703923395
 21
78.90464443491257
 31
0.0
  0
LINE
  5
7D4
330
1F
100
AcDbEntity
  8
0
  6
Continuous
 62
     7
100
AcDbLine
 10
-60.84748703923395
 20
83.40464443491256
 30
0.0
 11
-61.629476843502
 21
83.33622919205138
 31
0.0
  0
LINE
  5
7D5
330
1F
100
AcDbEntity
  8
0
  6
Continuous
 62
     7
100
AcDbLine
 10
-59.64748703923504
 20
74.75464442530141
 30
0.0
 11
-60.24748703923359
 21
74.75464442530141
 31
0.0
  0
LINE
  5
7D6
330
1F
100
AcDbEntity
  8
0
  6
Continuous
 62
     7
100
AcDbLine
 10
-60.24748703923359
 20
74.75464442530141
 30
0.0
 11
-60.24748703923359
 21
74.90464443491257
 31
0.0
  0
LINE
  5
7D7
330
1F
100
AcDbEntity
  8
0
  6
Continuous
 62
     7
100
AcDbLine
 10
-61.02947684350073
 20
74.97305966817132
 30
0.0
 11
-60.34748703923395
 21
74.91339329165495
 31
0.0
  0
LINE
  5
7D8
330
1F
100
AcDbEntity
  8
0
  6
Continuous
 62
     7
100
AcDbLine
 10
-60.84748703923395
 20
109.0046443627946
 30
0.0
 11
-61.14748703923504
 21
109.0046443627946
 31
0.0
  0
LINE
  5
7D9
330
1F
100
AcDbEntity
  8
0
  6
Continuous
 62
     7
100
AcDbLine
 10
-61.14748703923504
 20
109.0046443627946
 30
0.0
 11
-61.14748703923504
 21
103.304644362792
 31
0.0
  0
LINE
  5
7DA
330
1F
100
AcDbEntity
  8
0
  6
Continuous
 62
     7
100
AcDbLine
 10
-61.14748703923504
 20
103.304644362792
 30
0.0
 11
-60.84748703923395
 21
103.304644362792
 31
0.0
  0
LINE
  5
7DB
330
1F
100
AcDbEntity
  8
0
  6
Continuous
 62
     7
100
AcDbLine
 10
-61.14748703923504
 20
108.554644362792
 30
0.0
 11
-61.74748703923359
 21
108.554644362792
 31
0.0
  0
LINE
  5
7DC
330
1F
100
AcDbEntity
  8
0
  6
Continuous
 62
     7
100
AcDbLine
 10
-61.74748703923359
 20
108.554644362792
 30
0.0
 11
-61.74748703923359
 21
103.7546443627946
 31
0.0
  0
LINE
  5
7DD
330
1F
100
AcDbEntity
  8
0
  6
Continuous
 62
     7
100
AcDbLine
 10
-61.74748703923359
 20
103.7546443627946
 30
0.0
 11
-61.14748703923504
 21
103.7546443627946
 31
0.0
  0
LINE
  5
7DE
330
1F
100
AcDbEntity
  8
0
  6
Continuous
 62
     7
100
AcDbLine
 10
-62.52947684350073
 20
103.9290058679801
 30
0.0
 11
-61.74748703923359
 21
103.8605906251116
 31
0.0
  0
LINE
  5
7DF
330
1F
100
AcDbEntity
  8
0
  6
Continuous
 62
     7
100
AcDbLine
 10
-61.74748703923359
 20
108.3605906251116
 30
0.0
 11
-62.52947684350073
 21
108.2921753822513
 31
0.0
  0
LINE
  5
7E1
330
1F
100
AcDbEntity
  8
0
  6
Continuous
 62
     7
100
AcDbLine
 10
99.3557473566984
 20
14.62655984183342
 30
0.0
 11
99.55574735669816
 21
14.4265598418327
 31
0.0
  0
LINE
  5
7E2
330
1F
100
AcDbEntity
  8
0
  6
Continuous
 62
     7
100
AcDbLine
 10
85.75574735669878
 20
14.62655984183342
 30
0.0
 11
99.3557473566984
 21
14.62655984183342
 31
0.0
  0
LINE
  5
7E3
330
1F
100
AcDbEntity
  8
0
  6
Continuous
 62
     7
100
AcDbLine
 10
85.55574735669816
 20
14.4265598418327
 30
0.0
 11
85.75574735669878
 21
14.62655984183342
 31
0.0
  0
LINE
  5
7E4
330
1F
100
AcDbEntity
  8
0
  6
Continuous
 62
     7
100
AcDbLine
 10
85.58705532237437
 20
12.12655984184433
 30
0.0
 11
84.25910612993666
 21
12.12655984184433
 31
0.0
  0
LINE
  5
7E5
330
1F
100
AcDbEntity
  8
0
  6
Continuous
 62
     7
100
AcDbLine
 10
83.25910612993666
 20
10.52655984183306
 30
0.0
 11
83.25910612993666
 21
11.12655984184433
 31
0.0
  0
LINE
  5
7E6
330
1F
100
AcDbEntity
  8
0
  6
Continuous
 62
     2
100
AcDbLine
 10
81.33705532239346
 20
20.32655984184415
 30
0.0
 11
81.33705532239346
 21
10.52655984183306
 31
0.0
  0
LINE
  5
7E7
330
1F
100
AcDbEntity
  8
0
  6
Continuous
 62
     7
100
AcDbLine
 10
81.06910612993706
 20
20.22655984184471
 30
0.0
 11
81.06910612993706
 21
10.52655984183306
 31
0.0
  0
LINE
  5
7E8
330
1F
100
AcDbEntity
  8
0
  6
Continuous
 62
     2
100
AcDbLine
 10
85.58705532237437
 20
20.32655984184415
 30
0.0
 11
85.58705532237437
 21
14.4578678075089
 31
0.0
  0
LINE
  5
7E9
330
1F
100
AcDbEntity
  8
0
  6
Continuous
 62
     2
100
AcDbLine
 10
88.31910626754256
 20
14.62655984183342
 30
0.0
 11
88.31910612993707
 21
20.32655984184415
 31
0.0
  0
LINE
  5
7EA
330
1F
100
AcDbEntity
  8
0
  6
Continuous
 62
     7
100
AcDbLine
 10
100.8553220621372
 20
12.12655984184433
 30
0.0
 11
99.55574735669816
 21
12.12655984184433
 31
0.0
  0
LINE
  5
7EB
330
1F
100
AcDbEntity
  8
0
  6
Continuous
 62
     7
100
AcDbLine
 10
101.8553220621372
 20
10.52655984183306
 30
0.0
 11
101.8553220621372
 21
11.12655984184433
 31
0.0
  0
LINE
  5
7EC
330
1F
100
AcDbEntity
  8
0
  6
Continuous
 62
     7
100
AcDbLine
 10
104.0415379942871
 20
10.52655984183306
 30
0.0
 11
104.0415379942871
 21
20.22655984184471
 31
0.0
  0
LINE
  5
7ED
330
1F
100
AcDbEntity
  8
0
  6
Continuous
 62
     2
100
AcDbLine
 10
103.0415379942936
 20
10.52655984183306
 30
0.0
 11
103.0415379942936
 21
20.32655984184415
 31
0.0
  0
LINE
  5
7EE
330
1F
100
AcDbEntity
  8
0
  6
Continuous
 62
     7
100
AcDbLine
 10
108.5557473566981
 20
6.026559841843978
 30
0.0
 11
108.5554316534073
 21
5.726589228163307
 31
0.0
  0
LINE
  5
7EF
330
1F
100
AcDbEntity
  8
0
  6
Continuous
 62
     7
100
AcDbLine
 10
76.55574735669816
 20
6.026559841843978
 30
0.0
 11
108.5557473566981
 21
6.026559841843978
 31
0.0
  0
LINE
  5
7F0
330
1F
100
AcDbEntity
  8
0
  6
Continuous
 62
     7
100
AcDbLine
 10
108.5557473566981
 20
6.226559841843796
 30
0.0
 11
109.055322062137
 21
6.226559841843796
 31
0.0
  0
LINE
  5
7F1
330
1F
100
AcDbEntity
  8
0
  6
Continuous
 62
     7
100
AcDbLine
 10
106.055322062137
 20
10.52655984183306
 30
0.0
 11
108.3557473566984
 21
10.52655984183306
 31
0.0
  0
LINE
  5
7F2
330
1F
100
AcDbEntity
  8
0
  6
Continuous
 62
     7
100
AcDbLine
 10
76.55574735669816
 20
5.726559841843796
 30
0.0
 11
76.55574735669816
 21
10.32655984183234
 31
0.0
  0
LINE
  5
7F3
330
1F
100
AcDbEntity
  8
0
  6
Continuous
 62
     7
100
AcDbLine
 10
73.05532206213706
 20
-29.7734401581562
 30
0.0
 11
73.05532206213706
 21
3.226559841843796
 31
0.0
  0
LINE
  5
7F4
330
1F
100
AcDbEntity
  8
0
  6
Continuous
 62
     7
100
AcDbLine
 10
109.055322062137
 20
-32.77344015815621
 30
0.0
 11
76.05532206213706
 21
-32.77344015815621
 31
0.0
  0
LINE
  5
7F5
330
1F
100
AcDbEntity
  8
0
  6
Continuous
 62
     7
100
AcDbLine
 10
112.055322062137
 20
3.226559841843796
 30
0.0
 11
112.055322062137
 21
-29.7734401581562
 31
0.0
  0
LINE
  5
7F6
330
1F
100
AcDbEntity
  8
0
  6
CENTER2
 62
     1
100
AcDbLine
 10
74.14595520172797
 20
5.135926702243839
 30
0.0
 11
79.96144746624707
 21
-0.679565562276963
 31
0.0
  0
LINE
  5
7F7
330
1F
100
AcDbEntity
  8
0
  6
CENTER2
 62
     1
100
AcDbLine
 10
92.55532206213706
 20
-9.273440158156201
 30
0.0
 11
92.55532206213706
 21
-34.77160747730673
 31
0.0
  0
LINE
  5
7F8
330
1F
100
AcDbEntity
  8
0
  6
CENTER2
 62
     1
100
AcDbLine
 10
114.4995089744172
 20
-13.2734401581562
 30
0.0
 11
70.48007388142676
 21
-13.2734401581562
 31
0.0
  0
LINE
  5
7F9
330
1F
100
AcDbEntity
  8
0
  6
CENTER2
 62
     1
100
AcDbLine
 10
75.39235253321786
 20
-23.18248523577645
 30
0.0
 11
85.60500626770798
 21
-17.28620685302635
 31
0.0
  0
LINE
  5
7FA
330
1F
100
AcDbEntity
  8
0
  6
CENTER2
 62
     1
100
AcDbLine
 10
109.7182915910582
 20
-23.18248523577645
 30
0.0
 11
99.50563785656806
 21
-17.28620685302635
 31
0.0
  0
LINE
  5
7FB
330
1F
100
AcDbEntity
  8
0
  6
CENTER2
 62
     1
100
AcDbLine
 10
74.14595520172797
 20
-31.68280701856535
 30
0.0
 11
79.96144746624707
 21
-25.86731475404636
 31
0.0
  0
LINE
  5
7FC
330
1F
100
AcDbEntity
  8
0
  6
CENTER2
 62
     1
100
AcDbLine
 10
110.9646889225481
 20
-31.68280701856535
 30
0.0
 11
105.149196658019
 21
-25.86731475403544
 31
0.0
  0
LINE
  5
7FD
330
1F
100
AcDbEntity
  8
0
  6
CENTER2
 62
     1
100
AcDbLine
 10
110.9646889225381
 20
5.135926702243839
 30
0.0
 11
105.149196658019
 21
-0.679565562276963
 31
0.0
  0
LINE
  5
7FE
330
1F
100
AcDbEntity
  8
0
  6
Continuous
 62
     7
100
AcDbLine
 10
91.47279030740756
 20
1.633796778493286
 30
0.0
 11
91.47279030740756
 21
0.383796778493287
 31
0.0
  0
LINE
  5
7FF
330
1F
100
AcDbEntity
  8
0
  6
Continuous
 62
     7
100
AcDbLine
 10
91.47279030740756
 20
0.383796778493287
 30
0.0
 11
92.55532206213706
 21
-0.241203221506713
 31
0.0
  0
LINE
  5
800
330
1F
100
AcDbEntity
  8
0
  6
Continuous
 62
     7
100
AcDbLine
 10
92.55532206213706
 20
-0.241203221506713
 30
0.0
 11
93.63785381686687
 21
0.383796778493287
 31
0.0
  0
LINE
  5
801
330
1F
100
AcDbEntity
  8
0
  6
Continuous
 62
     7
100
AcDbLine
 10
93.63785381686687
 20
0.383796778493287
 30
0.0
 11
93.63785381686687
 21
1.633796778493286
 31
0.0
  0
LINE
  5
802
330
1F
100
AcDbEntity
  8
0
  6
Continuous
 62
     7
100
AcDbLine
 10
93.63785381686687
 20
1.633796778493286
 30
0.0
 11
92.55532206213706
 21
2.258796778493287
 31
0.0
  0
LINE
  5
803
330
1F
100
AcDbEntity
  8
0
  6
Continuous
 62
     7
100
AcDbLine
 10
92.55532206213706
 20
2.258796778493287
 30
0.0
 11
91.47279030740756
 21
1.633796778493286
 31
0.0
  0
LINE
  5
804
330
1F
100
AcDbEntity
  8
0
  6
Continuous
 62
     7
100
AcDbLine
 10
79.10401029739787
 20
-21.03955862648459
 30
0.0
 11
80.18654205212836
 21
-21.66455862648459
 31
0.0
  0
LINE
  5
805
330
1F
100
AcDbEntity
  8
0
  6
Continuous
 62
     7
100
AcDbLine
 10
79.10401029739787
 20
-19.78955862648459
 30
0.0
 11
79.10401029739787
 21
-21.03955862648459
 31
0.0
  0
LINE
  5
806
330
1F
100
AcDbEntity
  8
0
  6
Continuous
 62
     7
100
AcDbLine
 10
80.18654205212836
 20
-19.16455862648459
 30
0.0
 11
79.10401029739787
 21
-19.78955862648459
 31
0.0
  0
LINE
  5
807
330
1F
100
AcDbEntity
  8
0
  6
Continuous
 62
     7
100
AcDbLine
 10
81.26907380685807
 20
-19.78955862648459
 30
0.0
 11
80.18654205212836
 21
-19.16455862648459
 31
0.0
  0
LINE
  5
808
330
1F
100
AcDbEntity
  8
0
  6
Continuous
 62
     7
100
AcDbLine
 10
81.26907380685807
 20
-21.03955862648459
 30
0.0
 11
81.26907380685807
 21
-19.78955862648459
 31
0.0
  0
LINE
  5
809
330
1F
100
AcDbEntity
  8
0
  6
Continuous
 62
     7
100
AcDbLine
 10
80.18654205212836
 20
-21.66455862648459
 30
0.0
 11
81.26907380685807
 21
-21.03955862648459
 31
0.0
  0
LINE
  5
80A
330
1F
100
AcDbEntity
  8
0
  6
Continuous
 62
     7
100
AcDbLine
 10
106.0066338268774
 20
-21.03955862648459
 30
0.0
 11
106.0066338268774
 21
-19.78955862648459
 31
0.0
  0
LINE
  5
80B
330
1F
100
AcDbEntity
  8
0
  6
Continuous
 62
     7
100
AcDbLine
 10
104.9241020721476
 20
-21.66455862648459
 30
0.0
 11
106.0066338268774
 21
-21.03955862648459
 31
0.0
  0
LINE
  5
80C
330
1F
100
AcDbEntity
  8
0
  6
Continuous
 62
     7
100
AcDbLine
 10
103.8415703174181
 20
-21.03955862648459
 30
0.0
 11
104.9241020721476
 21
-21.66455862648459
 31
0.0
  0
LINE
  5
80D
330
1F
100
AcDbEntity
  8
0
  6
Continuous
 62
     7
100
AcDbLine
 10
103.8415703174181
 20
-19.78955862648459
 30
0.0
 11
103.8415703174181
 21
-21.03955862648459
 31
0.0
  0
LINE
  5
80E
330
1F
100
AcDbEntity
  8
0
  6
Continuous
 62
     7
100
AcDbLine
 10
104.9241020721476
 20
-19.16455862648459
 30
0.0
 11
103.8415703174181
 21
-19.78955862648459
 31
0.0
  0
LINE
  5
80F
330
1F
100
AcDbEntity
  8
0
  6
Continuous
 62
     7
100
AcDbLine
 10
106.0066338268774
 20
-19.78955862648459
 30
0.0
 11
104.9241020721476
 21
-19.16455862648459
 31
0.0
  0
LINE
  5
810
330
1F
100
AcDbEntity
  8
0
  6
CENTER2
 62
     1
100
AcDbLine
 10
92.55543165340737
 20
-27.52341077177666
 30
0.0
 11
92.55543165339828
 21
-27.52341077177666
 31
0.0
  0
LINE
  5
811
330
1F
100
AcDbEntity
  8
0
  6
CENTER2
 62
     1
100
AcDbLine
 10
92.55543165339828
 20
-27.52341077177666
 30
0.0
 11
92.55543165340737
 21
-27.52341077177666
 31
0.0
  0
LINE
  5
812
330
1F
100
AcDbEntity
  8
0
  6
CENTER2
 62
     1
100
AcDbLine
 10
92.55543165340737
 20
-27.52341077177666
 30
0.0
 11
92.55543165339828
 21
-27.52341077177666
 31
0.0
  0
LINE
  5
813
330
1F
100
AcDbEntity
  8
0
  6
CENTER2
 62
     1
100
AcDbLine
 10
92.55543165339828
 20
-27.52341077177666
 30
0.0
 11
92.55543165340737
 21
-27.52341077177666
 31
0.0
  0
LINE
  5
814
330
1F
100
AcDbEntity
  8
0
  6
CENTER2
 62
     1
100
AcDbLine
 10
92.55532206213706
 20
27.62655984184434
 30
0.0
 11
92.55532206213706
 21
-9.273440158156201
 31
0.0
  0
LINE
  5
815
330
1F
100
AcDbEntity
  8
0
  6
Continuous
 62
     7
100
AcDbLine
 10
108.5557473566981
 20
10.32655984183234
 30
0.0
 11
108.5557473566981
 21
6.026559841843978
 31
0.0
  0
LINE
  5
816
330
1F
100
AcDbEntity
  8
0
  6
Continuous
 62
     7
100
AcDbLine
 10
85.55574735669816
 20
10.52655984183306
 30
0.0
 11
85.55574735669816
 21
14.4265598418327
 31
0.0
  0
LINE
  5
817
330
1F
100
AcDbEntity
  8
0
  6
Continuous
 62
     7
100
AcDbLine
 10
76.75574735669878
 20
10.52655984183306
 30
0.0
 11
99.55574735669816
 21
10.52655984183306
 31
0.0
  0
LINE
  5
818
330
1F
100
AcDbEntity
  8
0
  6
Continuous
 62
     7
100
AcDbLine
 10
99.55574735669816
 20
14.4265598418327
 30
0.0
 11
99.55574735669816
 21
10.52655984183306
 31
0.0
  0
LINE
  5
819
330
1F
100
AcDbEntity
  8
0
  6
Continuous
 62
     7
100
AcDbLine
 10
99.55574735669816
 20
10.52655984183306
 30
0.0
 11
106.055322062137
 21
10.52655984183306
 31
0.0
  0
LINE
  5
81A
330
1F
100
AcDbEntity
  8
0
  6
Continuous
 62
     7
100
AcDbLine
 10
109.055322062148
 20
6.226559841843796
 30
0.0
 11
108.5557473566981
 21
6.226559841843796
 31
0.0
  0
LINE
  5
81B
330
1F
100
AcDbEntity
  8
0
  6
Continuous
 62
     7
100
AcDbLine
 10
81.16910612993738
 20
20.32655984184415
 30
0.0
 11
103.9415379942879
 21
20.32655984184415
 31
0.0
  0
LINE
  5
81C
330
1F
100
AcDbEntity
  8
0
  6
Continuous
 62
     7
100
AcDbLine
 10
98.53532206213678
 20
25.62655984184434
 30
0.0
 11
98.53532206213678
 21
20.32655984184415
 31
0.0
  0
LINE
  5
81D
330
1F
100
AcDbEntity
  8
0
  6
Continuous
 62
     7
100
AcDbLine
 10
86.57532206213767
 20
25.62655984184434
 30
0.0
 11
98.53532206213678
 21
25.62655984184434
 31
0.0
  0
LINE
  5
81E
330
1F
100
AcDbEntity
  8
0
  6
Continuous
 62
     7
100
AcDbLine
 10
86.57532206213767
 20
20.32655984184415
 30
0.0
 11
86.57532206213767
 21
25.62655984184434
 31
0.0
  0
LINE
  5
81F
330
1F
100
AcDbEntity
  8
0
  6
Continuous
 62
     7
100
AcDbLine
 10
76.05532206213706
 20
6.226559841854706
 30
0.0
 11
76.55574735669816
 21
6.226559841854706
 31
0.0
  0
LINE
  5
820
330
1F
100
AcDbEntity
  8
0
  6
Continuous
 62
     7
100
AcDbLine
 10
76.55532206213706
 20
5.726559841843796
 30
0.0
 11
108.555322062137
 21
5.726559841843796
 31
0.0
  0
LINE
  5
821
330
1F
100
AcDbEntity
  8
0
  6
Continuous
 62
     7
100
AcDbLine
 10
111.555322062137
 20
2.726559841843796
 30
0.0
 11
111.555322062137
 21
-29.2734401581562
 31
0.0
  0
LINE
  5
822
330
1F
100
AcDbEntity
  8
0
  6
Continuous
 62
     7
100
AcDbLine
 10
108.555322062137
 20
-32.27344015815621
 30
0.0
 11
76.55532206213706
 21
-32.27344015815621
 31
0.0
  0
LINE
  5
823
330
1F
100
AcDbEntity
  8
0
  6
Continuous
 62
     7
100
AcDbLine
 10
73.55532206213706
 20
-29.2734401581562
 30
0.0
 11
73.55532206213706
 21
2.726559841843796
 31
0.0
  0
LINE
  5
824
330
1F
100
AcDbEntity
  8
0
  6
Continuous
 62
     7
100
AcDbLine
 10
90.06532206213728
 20
25.62655984184434
 30
0.0
 11
90.06532206213728
 21
20.32655984184415
 31
0.0
  0
LINE
  5
825
330
1F
100
AcDbEntity
  8
0
  6
Continuous
 62
     7
100
AcDbLine
 10
78.75532206213787
 20
10.52655984183306
 30
0.0
 11
78.75532206213787
 21
6.026559841843978
 31
0.0
  0
LINE
  5
826
330
1F
100
AcDbEntity
  8
0
  6
Continuous
 62
     7
100
AcDbLine
 10
106.3553220621372
 20
10.52655984183306
 30
0.0
 11
106.3553220621372
 21
6.026559841843978
 31
0.0
  0
LINE
  5
828
330
1F
100
AcDbEntity
  8
0
  6
Continuous
 62
     7
100
AcDbLine
 10
-39.4474870391943
 20
-1.09999999968912
 30
0.0
 11
-38.9474870391943
 21
-1.09999999968912
 31
0.0
  0
LINE
  5
829
330
1F
100
AcDbEntity
  8
0
  6
Continuous
 62
     7
100
AcDbLine
 10
-38.9474870391943
 20
-19.5449631010886
 30
0.0
 11
-39.4474870391943
 21
-19.5449631010886
 31
0.0
  0
LINE
  5
82A
330
1F
100
AcDbEntity
  8
0
  6
Continuous
 62
     7
100
AcDbLine
 10
-39.44748703923523
 20
-19.6399999997009
 30
0.0
 11
-39.44748703921431
 21
-1.09999999968912
 31
0.0
  0
LINE
  5
82B
330
1F
100
AcDbEntity
  8
0
  6
Continuous
 62
     7
100
AcDbLine
 10
-59.14748703919594
 20
18.30000000031598
 30
0.0
 11
-59.14748703919594
 21
12.20000000031016
 31
0.0
  0
LINE
  5
82C
330
1F
100
AcDbEntity
  8
0
  6
Continuous
 62
     7
100
AcDbLine
 10
-60.2474870391963
 20
6.949999928589219
 30
0.0
 11
-61.02947684345526
 21
6.88158468572712
 31
0.0
  0
LINE
  5
82D
330
1F
100
AcDbEntity
  8
0
  6
Continuous
 62
     7
100
AcDbLine
 10
-61.02947684345526
 20
2.5184151714586
 30
0.0
 11
-60.2474870391963
 21
2.44999992858922
 31
0.0
  0
LINE
  5
82E
330
1F
100
AcDbEntity
  8
0
  6
Continuous
 62
     7
100
AcDbLine
 10
-60.2474870391963
 20
2.29999992858958
 30
0.0
 11
-59.64748703919685
 21
2.29999992858958
 31
0.0
  0
LINE
  5
82F
330
1F
100
AcDbEntity
  8
0
  6
Continuous
 62
     7
100
AcDbLine
 10
-60.2474870391963
 20
2.29999992858958
 30
0.0
 11
-60.2474870391963
 21
7.099999928591589
 31
0.0
  0
LINE
  5
830
330
1F
100
AcDbEntity
  8
0
  6
Continuous
 62
     7
100
AcDbLine
 10
-59.64748703919685
 20
7.099999928591589
 30
0.0
 11
-60.2474870391963
 21
7.099999928591589
 31
0.0
  0
LINE
  5
831
330
1F
100
AcDbEntity
  8
0
  6
Continuous
 62
     7
100
AcDbLine
 10
-59.14748703919685
 20
7.199999928589219
 30
0.0
 11
-59.64748703919593
 21
7.199999928589219
 31
0.0
  0
LINE
  5
832
330
1F
100
AcDbEntity
  8
0
  6
Continuous
 62
     7
100
AcDbLine
 10
-59.64748703919593
 20
2.19999992858922
 30
0.0
 11
-59.14748703919685
 21
2.19999992858922
 31
0.0
  0
LINE
  5
833
330
1F
100
AcDbEntity
  8
0
  6
Continuous
 62
     7
100
AcDbLine
 10
-59.64748703919685
 20
1.90000000031816
 30
0.0
 11
-59.14748703919685
 21
1.90000000031816
 31
0.0
  0
LINE
  5
834
330
1F
100
AcDbEntity
  8
0
  6
Continuous
 62
     7
100
AcDbLine
 10
-59.64748703919685
 20
-18.6999999996822
 30
0.0
 11
-59.14748703919685
 21
-18.6999999996822
 31
0.0
  0
LINE
  5
835
330
1F
100
AcDbEntity
  8
0
  6
Continuous
 62
     7
100
AcDbLine
 10
-59.14748703919685
 20
7.199999928589219
 30
0.0
 11
-59.14748703919685
 21
-18.6999999996822
 31
0.0
  0
LINE
  5
836
330
1F
100
AcDbEntity
  8
0
  6
Continuous
 62
     7
100
AcDbLine
 10
-60.9294768434949
 20
-26.48158476642837
 30
0.0
 11
-60.14748703923596
 21
-26.55000000929775
 31
0.0
  0
LINE
  5
837
330
1F
100
AcDbEntity
  8
0
  6
Continuous
 62
     7
100
AcDbLine
 10
-60.14748703923596
 20
-26.70000000929738
 30
0.0
 11
-60.14748703923596
 21
-26.55000000929775
 31
0.0
  0
LINE
  5
838
330
1F
100
AcDbEntity
  8
0
  6
Continuous
 62
     7
100
AcDbLine
 10
-59.64748703923596
 20
-26.70000000929738
 30
0.0
 11
-60.14748703923596
 21
-26.70000000929738
 31
0.0
  0
LINE
  5
839
330
1F
100
AcDbEntity
  8
0
  6
Continuous
 62
     7
100
AcDbLine
 10
-20.58434272749599
 20
16.20523572231124
 30
0.0
 11
-20.54748703919375
 21
12.00000000031125
 31
0.0
  0
LINE
  5
83E
330
1F
100
AcDbEntity
  8
0
  6
CENTER2
 62
     1
100
AcDbLine
 10
-66.4474870391943
 20
-7.299999999689849
 30
0.0
 11
36.55251296076477
 21
-7.299999999689849
 31
0.0
  0
LINE
  5
83F
330
1F
100
AcDbEntity
  8
0
  6
Continuous
 62
     7
100
AcDbLine
 10
2.552512960764769
 20
5.40990257700034
 30
0.0
 11
-20.44748703926433
 21
5.40990257700034
 31
0.0
  0
LINE
  5
840
330
1F
100
AcDbEntity
  8
0
  6
Continuous
 62
     7
100
AcDbLine
 10
-20.44748703926433
 20
11.7000000003811
 30
0.0
 11
-20.44748703926433
 21
5.40990257700034
 31
0.0
  0
LINE
  5
841
330
1F
100
AcDbEntity
  8
0
  6
Continuous
 62
     7
100
AcDbLine
 10
33.05251296076477
 20
-3.299999999689839
 30
0.0
 11
33.55251296076477
 21
-3.799999999689839
 31
0.0
  0
LINE
  5
842
330
1F
100
AcDbEntity
  8
0
  6
Continuous
 62
     7
100
AcDbLine
 10
33.55251296076477
 20
-3.799999999689839
 30
0.0
 11
33.05251296076477
 21
-3.299999999689839
 31
0.0
  0
LINE
  5
844
330
1F
100
AcDbEntity
  8
0
  6
Continuous
 62
     7
100
AcDbLine
 10
-16.14748703921578
 20
12.00000000030104
 30
0.0
 11
-16.2208897016946
 21
16.20523572222393
 31
0.0
  0
LINE
  5
845
330
1F
100
AcDbEntity
  8
0
  6
Continuous
 62
     7
100
AcDbLine
 10
-21.22248703921486
 20
16.50000000030123
 30
0.0
 11
-21.29056232412603
 21
20.40003046126932
 31
0.0
  0
LINE
  5
846
330
1F
100
AcDbEntity
  8
0
  6
Continuous
 62
     7
100
AcDbLine
 10
-21.49405280541595
 20
20.60000000029888
 30
0.0
 11
-21.29056232412603
 21
20.40003046126932
 31
0.0
  0
LINE
  5
847
330
1F
100
AcDbEntity
  8
0
  6
Continuous
 62
     7
100
AcDbLine
 10
-28.40092127301614
 20
20.60000000029868
 30
0.0
 11
-21.49405280541595
 21
20.60000000029888
 31
0.0
  0
LINE
  5
848
330
1F
100
AcDbEntity
  8
0
  6
Continuous
 62
     7
100
AcDbLine
 10
-28.40092127301614
 20
20.60000000029868
 30
0.0
 11
-28.60441175430623
 21
20.40003046126932
 31
0.0
  0
LINE
  5
849
330
1F
100
AcDbEntity
  8
0
  6
Continuous
 62
     7
100
AcDbLine
 10
-28.67248703921376
 20
16.50000000030123
 30
0.0
 11
-28.60441175430623
 21
20.40003046126932
 31
0.0
  0
LINE
  5
84A
330
1F
100
AcDbEntity
  8
0
  6
Continuous
 62
     7
100
AcDbLine
 10
-33.74748703921631
 20
12.00000000030124
 30
0.0
 11
-33.67408437673493
 21
16.20523572222393
 31
0.0
  0
LINE
  5
84B
330
1F
100
AcDbEntity
  8
0
  6
Continuous
 62
     7
100
AcDbLine
 10
-16.5208440102453
 20
16.50000000030123
 30
0.0
 11
-33.37413006818424
 21
16.50000000030123
 31
0.0
  0
LINE
  5
84C
330
1F
100
AcDbEntity
  8
0
  6
Continuous
 62
     7
100
AcDbLine
 10
8.052512960764769
 20
-26.29999999970076
 30
0.0
 11
2.552512960764769
 21
-26.29999999970076
 31
0.0
  0
LINE
  5
84D
330
1F
100
AcDbEntity
  8
0
  6
Continuous
 62
     7
100
AcDbLine
 10
8.052512960764769
 20
-26.29999999970076
 30
0.0
 11
8.552512960764769
 21
-25.79999999970076
 31
0.0
  0
LINE
  5
84E
330
1F
100
AcDbEntity
  8
0
  6
Continuous
 62
     7
100
AcDbLine
 10
8.552512960764943
 20
11.20000000062009
 30
0.0
 11
8.552512960764769
 21
-25.79999999970076
 31
0.0
  0
LINE
  5
84F
330
1F
100
AcDbEntity
  8
0
  6
Continuous
 62
     7
100
AcDbLine
 10
8.052512960764769
 20
11.70000000062029
 30
0.0
 11
2.552512960764769
 21
11.70000000062029
 31
0.0
  0
LINE
  5
850
330
1F
100
AcDbEntity
  8
0
  6
Continuous
 62
     7
100
AcDbLine
 10
8.052512960764769
 20
11.70000000062029
 30
0.0
 11
8.552512960764943
 21
11.20000000062009
 31
0.0
  0
LINE
  5
851
330
1F
100
AcDbEntity
  8
0
  6
Continuous
 62
     7
100
AcDbLine
 10
-60.84748703919485
 20
21.95000000031016
 30
0.0
 11
-61.6294768434538
 21
21.88158475744805
 31
0.0
  0
LINE
  5
852
330
1F
100
AcDbEntity
  8
0
  6
Continuous
 62
     7
100
AcDbLine
 10
-61.6294768434538
 20
17.51841524318044
 30
0.0
 11
-60.84748703919485
 21
17.45000000031016
 31
0.0
  0
LINE
  5
853
330
1F
100
AcDbEntity
  8
0
  6
Continuous
 62
     7
100
AcDbLine
 10
-62.28644955205544
 20
-22.05051685934794
 30
0.0
 11
-62.84558884968483
 21
-21.57739899211973
 31
0.0
  0
LINE
  5
854
330
1F
100
AcDbEntity
  8
0
  6
Continuous
 62
     7
100
AcDbLine
 10
-61.60576872079872
 20
-22.62647756271943
 30
0.0
 11
-61.82824556950635
 21
-22.43822792150402
 31
0.0
  0
LINE
  5
855
330
1F
100
AcDbEntity
  8
0
  6
Continuous
 62
     7
100
AcDbLine
 10
-60.84748703919485
 20
23.00000000030943
 30
0.0
 11
-59.64748703919593
 21
23.00000000030943
 31
0.0
  0
LINE
  5
856
330
1F
100
AcDbEntity
  8
0
  6
Continuous
 62
     7
100
AcDbLine
 10
-59.14748703919594
 20
26.30000000032689
 30
0.0
 11
-40.69008415298611
 21
26.30000000032689
 31
0.0
  0
LINE
  5
857
330
1F
100
AcDbEntity
  8
0
  6
Continuous
 62
     7
100
AcDbLine
 10
-60.84748703919485
 20
16.85000000031525
 30
0.0
 11
-60.84748703919485
 21
6.9010063487369
 31
0.0
  0
LINE
  5
858
330
1F
100
AcDbEntity
  8
0
  6
Continuous
 62
     7
100
AcDbLine
 10
-60.84748703919485
 20
23.00000000030943
 30
0.0
 11
-60.84748703919485
 21
16.85000000031525
 31
0.0
  0
LINE
  5
859
330
1F
100
AcDbEntity
  8
0
  6
Continuous
 62
     7
100
AcDbLine
 10
-39.51687907314607
 20
26.30000000032689
 30
0.0
 11
-39.51687907314607
 21
18.10000000031161
 31
0.0
  0
LINE
  5
85A
330
1F
100
AcDbEntity
  8
0
  6
Continuous
 62
     7
100
AcDbLine
 10
-16.14748703926506
 20
12.00000000030124
 30
0.0
 11
-16.14748703923596
 21
11.70000000040928
 31
0.0
  0
LINE
  5
85B
330
1F
100
AcDbEntity
  8
0
  6
Continuous
 62
     7
100
AcDbLine
 10
-16.14748703926506
 20
12.00000000030124
 30
0.0
 11
-33.94748703923523
 21
12.00000000030124
 31
0.0
  0
LINE
  5
85C
330
1F
100
AcDbEntity
  8
0
  6
Continuous
 62
     7
100
AcDbLine
 10
-38.9474870391943
 20
12.20000000031016
 30
0.0
 11
-38.94748703923523
 21
11.90000000030725
 31
0.0
  0
LINE
  5
85D
330
1F
100
AcDbEntity
  8
0
  6
Continuous
 62
     7
100
AcDbLine
 10
-37.94748703923523
 20
12.20000000031016
 30
0.0
 11
-35.94748703923523
 21
12.20000000031016
 31
0.0
  0
LINE
  5
85E
330
1F
100
AcDbEntity
  8
0
  6
Continuous
 62
     7
100
AcDbLine
 10
-38.44748703923523
 20
11.95000000031016
 30
0.0
 11
-38.44748703923523
 21
7.70000000031015
 31
0.0
  0
LINE
  5
85F
330
1F
100
AcDbEntity
  8
0
  6
Continuous
 62
     7
100
AcDbLine
 10
-38.44748703923523
 20
-19.83999999970072
 30
0.0
 11
-38.44748703923523
 21
-25.4399999996929
 31
0.0
  0
LINE
  5
860
330
1F
100
AcDbEntity
  8
0
  6
Continuous
 62
     7
100
AcDbLine
 10
-39.44748703923523
 20
12.20000000031016
 30
0.0
 11
-39.4474870391943
 21
18.09934181048831
 31
0.0
  0
LINE
  5
861
330
1F
100
AcDbEntity
  8
0
  6
Continuous
 62
     7
100
AcDbLine
 10
-39.44748703923523
 20
11.95000000031016
 30
0.0
 11
-39.44748703923523
 21
12.20000000031016
 31
0.0
  0
LINE
  5
863
330
1F
100
AcDbEntity
  8
0
  6
CENTER2
 62
     1
100
AcDbLine
 10
-24.94748703921414
 20
23.92509161873568
 30
0.0
 11
-24.94748703921431
 21
9.70000000029924
 31
0.0
  0
LINE
  5
864
330
1F
100
AcDbEntity
  8
0
  6
Continuous
 62
     7
100
AcDbLine
 10
-59.64748703919593
 20
12.20000000031016
 30
0.0
 11
-50.710145811696
 21
12.20000000031016
 31
0.0
  0
LINE
  5
865
330
1F
100
AcDbEntity
  8
0
  6
Continuous
 62
     7
100
AcDbLine
 10
-39.44748703923523
 20
11.95000000031016
 30
0.0
 11
-39.44748703923523
 21
12.20000000031016
 31
0.0
  0
LINE
  5
866
330
1F
100
AcDbEntity
  8
0
  6
Continuous
 62
     7
100
AcDbLine
 10
-41.19748703923522
 20
11.90000000030725
 30
0.0
 11
-38.44748703923523
 21
11.90000000030725
 31
0.0
  0
LINE
  5
867
330
1F
100
AcDbEntity
  8
0
  6
Continuous
 62
     7
100
AcDbLine
 10
-41.44748703923522
 20
7.70000000031015
 30
0.0
 11
-41.44748703923522
 21
11.65000000030725
 31
0.0
  0
LINE
  5
868
330
1F
100
AcDbEntity
  8
0
  6
Continuous
 62
     7
100
AcDbLine
 10
-41.19748703923522
 20
11.90000000030725
 30
0.0
 11
-41.19748703923522
 21
7.70000000031015
 31
0.0
  0
LINE
  5
869
330
1F
100
AcDbEntity
  8
0
  6
Continuous
 62
     7
100
AcDbLine
 10
-41.19748703923522
 20
11.90000000030725
 30
0.0
 11
-41.44748703923522
 21
11.65000000030725
 31
0.0
  0
LINE
  5
86A
330
1F
100
AcDbEntity
  8
0
  6
Continuous
 62
     7
100
AcDbLine
 10
-39.44748703923523
 20
11.90000000028906
 30
0.0
 11
-39.15048703922474
 21
11.90000000028906
 31
0.0
  0
LINE
  5
86B
330
1F
100
AcDbEntity
  8
0
  6
Continuous
 62
     7
100
AcDbLine
 10
-38.44748703923523
 20
11.95000000031016
 30
0.0
 11
-37.94748703923523
 21
11.95000000031016
 31
0.0
  0
LINE
  5
86C
330
1F
100
AcDbEntity
  8
0
  6
Continuous
 62
     7
100
AcDbLine
 10
-37.94748703923523
 20
7.70000000031015
 30
0.0
 11
-37.94748703923523
 21
11.95000000031016
 31
0.0
  0
LINE
  5
86D
330
1F
100
AcDbEntity
  8
0
  6
Continuous
 62
     7
100
AcDbLine
 10
-37.94748703923523
 20
12.20000000031016
 30
0.0
 11
-37.94748703923523
 21
7.70000000031015
 31
0.0
  0
LINE
  5
86E
330
1F
100
AcDbEntity
  8
0
  6
Continuous
 62
     7
100
AcDbLine
 10
-48.44748703923523
 20
7.70000000031015
 30
0.0
 11
-48.44748703923523
 21
12.20000000031016
 31
0.0
  0
LINE
  5
86F
330
1F
100
AcDbEntity
  8
0
  6
Continuous
 62
     7
100
AcDbLine
 10
-39.44748703923523
 20
12.20000000031016
 30
0.0
 11
-38.9474870391943
 21
12.20000000031016
 31
0.0
  0
LINE
  5
870
330
1F
100
AcDbEntity
  8
0
  6
Continuous
 62
     7
100
AcDbLine
 10
-38.94748703923523
 20
7.70000000031015
 30
0.0
 11
-37.94748703923523
 21
7.70000000031015
 31
0.0
  0
LINE
  5
871
330
1F
100
AcDbEntity
  8
0
  6
Continuous
 62
     7
100
AcDbLine
 10
-48.44748703923523
 20
7.70000000031015
 30
0.0
 11
-38.94748703923523
 21
7.70000000031015
 31
0.0
  0
LINE
  5
872
330
1F
100
AcDbEntity
  8
0
  6
Continuous
 62
     7
100
AcDbLine
 10
-38.94748703923523
 20
-19.8899999997009
 30
0.0
 11
-38.94748703923523
 21
7.70000000031015
 31
0.0
  0
LINE
  5
873
330
1F
100
AcDbEntity
  8
0
  6
Continuous
 62
     7
100
AcDbLine
 10
-38.94748703923523
 20
-26.69999999970221
 30
0.0
 11
-38.84748703923486
 21
-26.79999999968984
 31
0.0
  0
LINE
  5
874
330
1F
100
AcDbEntity
  8
0
  6
Continuous
 62
     7
100
AcDbLine
 10
-37.94748703923523
 20
-20.42499999968984
 30
0.0
 11
-37.94748703923523
 21
-26.79999999968984
 31
0.0
  0
LINE
  5
875
330
1F
100
AcDbEntity
  8
0
  6
Continuous
 62
     7
100
AcDbLine
 10
-41.44748703923522
 20
-25.1399999997009
 30
0.0
 11
-41.19748703923522
 21
-25.3899999997009
 31
0.0
  0
LINE
  5
876
330
1F
100
AcDbEntity
  8
0
  6
Continuous
 62
     7
100
AcDbLine
 10
-41.19748703923522
 20
-25.3899999997009
 30
0.0
 11
-38.44748703923523
 21
-25.3899999997009
 31
0.0
  0
LINE
  5
877
330
1F
100
AcDbEntity
  8
0
  6
Continuous
 62
     7
100
AcDbLine
 10
-38.44748703923523
 20
-25.4399999996929
 30
0.0
 11
-37.94748703923523
 21
-25.4399999996929
 31
0.0
  0
LINE
  5
878
330
1F
100
AcDbEntity
  8
0
  6
Continuous
 62
     7
100
AcDbLine
 10
-37.94748703923523
 20
-25.4399999996929
 30
0.0
 11
-37.94748703923523
 21
-19.83999999970072
 31
0.0
  0
LINE
  5
879
330
1F
100
AcDbEntity
  8
0
  6
Continuous
 62
     7
100
AcDbLine
 10
-38.44748703923523
 20
-19.83999999970072
 30
0.0
 11
-37.94748703923523
 21
-19.83999999970072
 31
0.0
  0
LINE
  5
87A
330
1F
100
AcDbEntity
  8
0
  6
Continuous
 62
     7
100
AcDbLine
 10
-39.44748703923523
 20
-19.88999999971182
 30
0.0
 11
-39.15048703922474
 21
-19.88999999971182
 31
0.0
  0
LINE
  5
87B
330
1F
100
AcDbEntity
  8
0
  6
Continuous
 62
     7
100
AcDbLine
 10
-41.19748703923522
 20
-19.8899999997009
 30
0.0
 11
-41.44748703923522
 21
-20.1399999997009
 31
0.0
  0
LINE
  5
87C
330
1F
100
AcDbEntity
  8
0
  6
Continuous
 62
     7
100
AcDbLine
 10
-41.19748703923522
 20
-19.8899999997009
 30
0.0
 11
-41.19748703923522
 21
-25.3899999997009
 31
0.0
  0
LINE
  5
87D
330
1F
100
AcDbEntity
  8
0
  6
Continuous
 62
     7
100
AcDbLine
 10
-41.44748703923522
 20
-25.1399999997009
 30
0.0
 11
-41.44748703923522
 21
-20.1399999997009
 31
0.0
  0
LINE
  5
87E
330
1F
100
AcDbEntity
  8
0
  6
Continuous
 62
     7
100
AcDbLine
 10
-41.19748703923522
 20
-19.8899999997009
 30
0.0
 11
-38.44748703923523
 21
-19.8899999997009
 31
0.0
  0
LINE
  5
87F
330
1F
100
AcDbEntity
  8
0
  6
Continuous
 62
     7
100
AcDbLine
 10
-38.94748703923523
 20
-25.3899999997009
 30
0.0
 11
-38.94748703923523
 21
-26.79999999968257
 31
0.0
  0
LINE
  5
880
330
1F
100
AcDbEntity
  8
0
  6
Continuous
 62
     7
100
AcDbLine
 10
-38.94748703923523
 20
-26.69999999970221
 30
0.0
 11
-38.84748703923486
 21
-26.79999999968984
 31
0.0
  0
LINE
  5
881
330
1F
100
AcDbEntity
  8
0
  6
Continuous
 62
     7
100
AcDbLine
 10
-48.44748703925524
 20
-19.6399999997009
 30
0.0
 11
-37.94748703923523
 21
-19.6399999997009
 31
0.0
  0
LINE
  5
882
330
1F
100
AcDbEntity
  8
0
  6
Continuous
 62
     7
100
AcDbLine
 10
-48.44748703925524
 20
-26.79999999968984
 30
0.0
 11
-48.44748703925524
 21
-19.6399999997009
 31
0.0
  0
LINE
  5
883
330
1F
100
AcDbEntity
  8
0
  6
Continuous
 62
     7
100
AcDbLine
 10
-37.94748703923523
 20
-19.6399999997009
 30
0.0
 11
-37.94748703923523
 21
-26.79999999968984
 31
0.0
  0
LINE
  5
884
330
1F
100
AcDbEntity
  8
0
  6
Continuous
 62
     7
100
AcDbLine
 10
-35.94748703923523
 20
11.70000000029924
 30
0.0
 11
2.552512960764769
 21
11.70000000062029
 31
0.0
  0
LINE
  5
885
330
1F
100
AcDbEntity
  8
0
  6
Continuous
 62
     7
100
AcDbLine
 10
-35.94748703923523
 20
-26.29999999968984
 30
0.0
 11
-33.94748703925524
 21
-26.29999999968984
 31
0.0
  0
LINE
  5
886
330
1F
100
AcDbEntity
  8
0
  6
Continuous
 62
     7
100
AcDbLine
 10
-35.94748703923523
 20
12.20000000031016
 30
0.0
 11
-35.94748703923523
 21
-26.79999999968984
 31
0.0
  0
LINE
  5
887
330
1F
100
AcDbEntity
  8
0
  6
Continuous
 62
     7
100
AcDbLine
 10
-35.94748703923523
 20
-26.79999999968984
 30
0.0
 11
-38.84748703922578
 21
-26.79999999968984
 31
0.0
  0
LINE
  5
888
330
1F
100
AcDbEntity
  8
0
  6
Continuous
 62
     7
100
AcDbLine
 10
-63.4474870391943
 20
14.25000000031489
 30
0.0
 11
-63.4474870391943
 21
-20.27964230699379
 31
0.0
  0
LINE
  5
889
330
1F
100
AcDbEntity
  8
0
  6
Continuous
 62
     7
100
AcDbLine
 10
-59.64748703919593
 20
-26.54999999968984
 30
0.0
 11
-60.84748703919485
 21
-26.54999999968984
 31
0.0
  0
LINE
  5
88A
330
1F
100
AcDbEntity
  8
0
  6
Continuous
 62
     7
100
AcDbLine
 10
-60.84748703919485
 20
-23.73189947530025
 30
0.0
 11
-60.84748703919485
 21
-26.54999999968984
 31
0.0
  0
LINE
  5
88B
330
1F
100
AcDbEntity
  8
0
  6
Continuous
 62
     7
100
AcDbLine
 10
-59.64748703919593
 20
-23.73189947530025
 30
0.0
 11
-59.64748703919593
 21
-26.54999999968984
 31
0.0
  0
LINE
  5
88C
330
1F
100
AcDbEntity
  8
0
  6
Continuous
 62
     7
100
AcDbLine
 10
-59.64748703919593
 20
-26.79999999968984
 30
0.0
 11
-59.14748703919594
 21
-26.79999999968984
 31
0.0
  0
LINE
  5
88D
330
1F
100
AcDbEntity
  8
0
  6
Continuous
 62
     7
100
AcDbLine
 10
-59.64748703919593
 20
23.30000000031143
 30
0.0
 11
-59.64748703919593
 21
-26.79999999968984
 31
0.0
  0
LINE
  5
88E
330
1F
100
AcDbEntity
  8
0
  6
Continuous
 62
     7
100
AcDbLine
 10
-59.14748703919594
 20
26.30000000032689
 30
0.0
 11
-59.14748703919594
 21
23.30000000031143
 31
0.0
  0
LINE
  5
88F
330
1F
100
AcDbEntity
  8
0
  6
Continuous
 62
     7
100
AcDbLine
 10
-39.4474870391943
 20
16.80000003617917
 30
0.0
 11
-39.4474870391943
 21
18.09934181048831
 31
0.0
  0
LINE
  5
890
330
1F
100
AcDbEntity
  8
0
  6
Continuous
 62
     7
100
AcDbLine
 10
-38.94748703923523
 20
-26.79999999968257
 30
0.0
 11
-59.14748703919594
 21
-26.79999999968257
 31
0.0
  0
LINE
  5
891
330
1F
100
AcDbEntity
  8
0
  6
Continuous
 62
     7
100
AcDbLine
 10
-59.64748703919593
 20
23.30000000031143
 30
0.0
 11
-59.14748703919594
 21
23.30000000031143
 31
0.0
  0
LINE
  5
892
330
1F
100
AcDbEntity
  8
0
  6
Continuous
 62
     7
100
AcDbLine
 10
33.55251296076477
 20
-3.799999999689839
 30
0.0
 11
33.05251296076477
 21
-3.299999999689839
 31
0.0
  0
LINE
  5
895
330
1F
100
AcDbEntity
  8
0
  6
Continuous
 62
     7
100
AcDbLine
 10
33.05251296076477
 20
-3.299999999689839
 30
0.0
 11
33.55251296076477
 21
-3.799999999689839
 31
0.0
  0
LINE
  5
896
330
1F
100
AcDbEntity
  8
0
  6
Continuous
 62
     7
100
AcDbLine
 10
33.05251296076477
 20
-3.299999999689839
 30
0.0
 11
11.55251296076477
 21
-3.299999999689839
 31
0.0
  0
LINE
  5
897
330
1F
100
AcDbEntity
  8
0
  6
Continuous
 62
     7
100
AcDbLine
 10
11.55251296076477
 20
-11.29999999968984
 30
0.0
 11
33.05251296076477
 21
-11.29999999968984
 31
0.0
  0
LINE
  5
898
330
1F
100
AcDbEntity
  8
0
  6
Continuous
 62
     7
100
AcDbLine
 10
33.55251296076477
 20
-10.79999999968983
 30
0.0
 11
33.05251296076477
 21
-11.29999999968984
 31
0.0
  0
LINE
  5
899
330
1F
100
AcDbEntity
  8
0
  6
Continuous
 62
     7
100
AcDbLine
 10
33.55251296076477
 20
-10.79999999968983
 30
0.0
 11
33.55251296076477
 21
-3.799999999689839
 31
0.0
  0
LINE
  5
89A
330
1F
100
AcDbEntity
  8
0
  6
Continuous
 62
     7
100
AcDbLine
 10
-33.94748703925524
 20
-26.29664836975988
 30
0.0
 11
-33.94748703925524
 21
-26.29999999968984
 31
0.0
  0
LINE
  5
89B
330
1F
100
AcDbEntity
  8
0
  6
Continuous
 62
     7
100
AcDbLine
 10
-33.94748703925524
 20
-26.29999999968984
 30
0.0
 11
2.552512960764769
 21
-26.29999999968984
 31
0.0
  0
LINE
  5
89C
330
1F
100
AcDbEntity
  8
0
  6
Continuous
 62
     7
100
AcDbLine
 10
-33.94748703924523
 20
-25.69999999969039
 30
0.0
 11
-33.94748703925524
 21
-26.29664836975988
 31
0.0
  0
LINE
  5
89D
330
1F
100
AcDbEntity
  8
0
  6
Continuous
 62
     7
100
AcDbLine
 10
-33.94748703923523
 20
11.10000000030797
 30
0.0
 11
-33.94748703925524
 21
11.69664837038928
 31
0.0
  0
LINE
  5
89E
330
1F
100
AcDbEntity
  8
0
  6
Continuous
 62
     7
100
AcDbLine
 10
-33.94748703923523
 20
12.00000000030124
 30
0.0
 11
-33.94748703923523
 21
-26.29999999968984
 31
0.0
  0
LINE
  5
89F
330
1F
100
AcDbEntity
  8
0
  6
Continuous
 62
     7
100
AcDbLine
 10
-33.94748703923523
 20
11.70000000031016
 30
0.0
 11
-33.94748703923523
 21
10.00000000030943
 31
0.0
  0
LINE
  5
8A0
330
1F
100
AcDbEntity
  8
0
  6
Continuous
 62
     7
100
AcDbLine
 10
11.55251296076477
 20
7.20000000031015
 30
0.0
 11
11.55251296076477
 21
-21.79999999968984
 31
0.0
  0
LINE
  5
8A1
330
1F
100
AcDbEntity
  8
0
  6
Continuous
 62
     7
100
AcDbLine
 10
9.552512960764769
 20
7.70000000031015
 30
0.0
 11
11.05251296076477
 21
7.70000000031015
 31
0.0
  0
LINE
  5
8A2
330
1F
100
AcDbEntity
  8
0
  6
Continuous
 62
     7
100
AcDbLine
 10
11.55251296076477
 20
7.20000000031015
 30
0.0
 11
11.05251296076477
 21
7.70000000031015
 31
0.0
  0
LINE
  5
8A3
330
1F
100
AcDbEntity
  8
0
  6
Continuous
 62
     7
100
AcDbLine
 10
11.55251296076477
 20
7.20000000031015
 30
0.0
 11
11.55251296076477
 21
2.066025404088779
 31
0.0
  0
LINE
  5
8A4
330
1F
100
AcDbEntity
  8
0
  6
Continuous
 62
     7
100
AcDbLine
 10
9.552512960764769
 20
7.70000000031015
 30
0.0
 11
11.05251296076477
 21
7.70000000031015
 31
0.0
  0
LINE
  5
8A5
330
1F
100
AcDbEntity
  8
0
  6
Continuous
 62
     7
100
AcDbLine
 10
11.55251296076477
 20
7.20000000031015
 30
0.0
 11
11.05251296076477
 21
7.70000000031015
 31
0.0
  0
LINE
  5
8A6
330
1F
100
AcDbEntity
  8
0
  6
Continuous
 62
     7
100
AcDbLine
 10
11.05251296076477
 20
-22.29999999968984
 30
0.0
 11
9.552512960764769
 21
-22.29999999968984
 31
0.0
  0
LINE
  5
8A7
330
1F
100
AcDbEntity
  8
0
  6
Continuous
 62
     7
100
AcDbLine
 10
11.05251296076477
 20
-22.29999999968984
 30
0.0
 11
11.55251296076477
 21
-21.79999999968984
 31
0.0
  0
LINE
  5
8A8
330
1F
100
AcDbEntity
  8
0
  6
Continuous
 62
     7
100
AcDbLine
 10
8.552512960764769
 20
-22.29999999968984
 30
0.0
 11
11.05251296076477
 21
-22.29999999968984
 31
0.0
  0
LINE
  5
8A9
330
1F
100
AcDbEntity
  8
0
  6
Continuous
 62
     7
100
AcDbLine
 10
8.552512960764769
 20
7.70000000031015
 30
0.0
 11
9.552512960764769
 21
7.70000000031015
 31
0.0
  0
LINE
  5
8AA
330
1F
100
AcDbEntity
  8
0
  6
Continuous
 62
     7
100
AcDbLine
 10
-60.84748703919485
 20
-23.73189947530025
 30
0.0
 11
-60.84748703919485
 21
2.498993651887049
 31
0.0
  0
LINE
  5
8AB
330
1F
100
AcDbEntity
  8
0
  6
Continuous
 62
     7
100
AcDbLine
 10
2.552512960764769
 20
5.40990257700034
 30
0.0
 11
2.552512960764769
 21
11.70000000062029
 31
0.0
  0
LINE
  5
8AC
330
1F
100
AcDbEntity
  8
0
  6
Continuous
 62
     7
100
AcDbLine
 10
-60.84748703919485
 20
11.75000000030943
 30
0.0
 11
-61.62947684346563
 21
11.68158475744733
 31
0.0
  0
LINE
  5
8AD
330
1F
100
AcDbEntity
  8
0
  6
Continuous
 62
     7
100
AcDbLine
 10
-61.62947684346563
 20
7.31841524318062
 30
0.0
 11
-60.84748703919485
 21
7.250000000309428
 31
0.0
  0
LINE
  5
8AE
330
1F
100
AcDbEntity
  8
0
  6
Continuous
 62
     7
100
AcDbLine
 10
-60.84748703919485
 20
-18.04999999968984
 30
0.0
 11
-61.62947684346563
 21
-18.11841524255195
 31
0.0
  0
LINE
  5
8AF
330
1F
100
AcDbEntity
  8
0
  6
Continuous
 62
     7
100
AcDbLine
 10
-61.62947684346563
 20
-22.48158475681956
 30
0.0
 11
-60.84748703919485
 21
-22.54999999968984
 31
0.0
  0
LINE
  5
8B0
330
1F
100
AcDbEntity
  8
0
  6
Continuous
 62
     7
100
AcDbLine
 10
-59.64748703919593
 20
-21.79999999968984
 30
0.0
 11
-59.64748703919593
 21
-26.79999999968984
 31
0.0
  0
LINE
  5
8B1
330
1F
100
AcDbEntity
  8
0
  6
Continuous
 62
     7
100
AcDbLine
 10
-60.84748703919485
 20
7.30000000031961
 30
0.0
 11
-59.64748703919593
 21
7.30000000031961
 31
0.0
  0
LINE
  5
8B2
330
1F
100
AcDbEntity
  8
0
  6
Continuous
 62
     7
100
AcDbLine
 10
-60.84748703919485
 20
2.10000000030797
 30
0.0
 11
-59.64748703919593
 21
2.10000000030797
 31
0.0
  0
LINE
  5
8B3
330
1F
100
AcDbEntity
  8
0
  6
Continuous
 62
     7
100
AcDbLine
 10
-55.01748703919492
 20
26.30000000032689
 30
0.0
 11
-55.01748703919492
 21
31.60000000031889
 31
0.0
  0
LINE
  5
8B4
330
1F
100
AcDbEntity
  8
0
  6
Continuous
 62
     7
100
AcDbLine
 10
-55.01748703919492
 20
31.60000000031889
 30
0.0
 11
-43.95748703918632
 21
31.60000000031889
 31
0.0
  0
LINE
  5
8B5
330
1F
100
AcDbEntity
  8
0
  6
Continuous
 62
     7
100
AcDbLine
 10
-43.95748703918632
 20
31.60000000031889
 30
0.0
 11
-43.95748703918632
 21
26.30000000032689
 31
0.0
  0
LINE
  5
8B6
330
1F
100
AcDbEntity
  8
0
  6
Continuous
 62
     7
100
AcDbLine
 10
-50.34748703918575
 20
31.60000000031889
 30
0.0
 11
-50.34748703918575
 21
26.30000000032689
 31
0.0
  0
LINE
  5
8B7
330
1F
100
AcDbEntity
  8
0
  6
Continuous
 62
     7
100
AcDbLine
 10
-59.14748703919594
 20
23.30000000031143
 30
0.0
 11
-53.17139627549494
 21
23.30000000031143
 31
0.0
  0
LINE
  5
8B8
330
1F
100
AcDbEntity
  8
0
  6
Continuous
 62
     2
100
AcDbLine
 10
-50.61014581289526
 20
26.30000000037055
 30
0.0
 11
-50.61014581289526
 21
12.20000000035381
 31
0.0
  0
LINE
  5
8B9
330
1F
100
AcDbEntity
  8
0
  6
Continuous
 62
     2
100
AcDbLine
 10
-47.87809500529528
 20
26.30000000032689
 30
0.0
 11
-47.87809500529528
 21
12.20000000031016
 31
0.0
  0
LINE
  5
8BA
330
1F
100
AcDbEntity
  8
0
  6
Continuous
 62
     7
100
AcDbLine
 10
-47.70488992330427
 20
12.20000000031016
 30
0.0
 11
-42.81695454433628
 21
12.20000000031016
 31
0.0
  0
LINE
  5
8BB
330
1F
100
AcDbEntity
  8
0
  6
Continuous
 62
     7
100
AcDbLine
 10
-50.710145811696
 20
12.20000000031016
 30
0.0
 11
-47.70488992330427
 21
12.20000000031016
 31
0.0
  0
LINE
  5
8BC
330
1F
100
AcDbEntity
  8
0
  6
Continuous
 62
     7
100
AcDbLine
 10
-44.50196971110579
 20
12.20000000032562
 30
0.0
 11
-44.50196971110579
 21
18.10000000032525
 31
0.0
  0
LINE
  5
8BD
330
1F
100
AcDbEntity
  8
0
  6
Continuous
 62
     7
100
AcDbLine
 10
-42.81695454433628
 20
12.20000000031016
 30
0.0
 11
-39.44748703923523
 21
12.20000000031016
 31
0.0
  0
LINE
  5
8BE
330
1F
100
AcDbEntity
  8
0
  6
Continuous
 62
     7
100
AcDbLine
 10
-44.50196971110579
 20
18.10000000031161
 30
0.0
 11
-40.69008415298611
 21
18.10000000031161
 31
0.0
  0
LINE
  5
8BF
330
1F
100
AcDbEntity
  8
0
  6
Continuous
 62
     2
100
AcDbLine
 10
-40.51687907309422
 20
26.30000000032689
 30
0.0
 11
-40.51687907309422
 21
18.10000000031161
 31
0.0
  0
LINE
  5
8C0
330
1F
100
AcDbEntity
  8
0
  6
Continuous
 62
     7
100
AcDbLine
 10
-40.69008415298611
 20
26.30000000032689
 30
0.0
 11
-39.4474870391943
 21
26.30000000032689
 31
0.0
  0
LINE
  5
8C1
330
1F
100
AcDbEntity
  8
0
  6
Continuous
 62
     7
100
AcDbLine
 10
-40.69008415298611
 20
18.10000000031161
 30
0.0
 11
-39.4474870391943
 21
18.10000000031161
 31
0.0
  0
LINE
  5
8C2
330
1F
100
AcDbEntity
  8
0
  6
Continuous
 62
     7
100
AcDbLine
 10
-39.44748703923523
 20
12.20000000031016
 30
0.0
 11
-39.4474870391943
 21
18.09934181048831
 31
0.0
  0
LINE
  5
8C3
330
1F
100
AcDbEntity
  8
0
  6
Continuous
 62
     7
100
AcDbLine
 10
-59.64748703919593
 20
18.30000000031598
 30
0.0
 11
-51.29500790059427
 21
18.30000000031598
 31
0.0
  0
LINE
  5
8C7
330
1F
100
AcDbEntity
  8
0
  6
Continuous
 62
     7
100
AcDbLine
 10
-29.31063135089624
 20
16.20523572231124
 30
0.0
 11
-29.34748703919485
 21
12.00000000031125
 31
0.0
  0
LINE
  5
8C8
330
1F
100
AcDbEntity
  8
0
  6
Continuous
 62
     2
100
AcDbLine
 10
-44.50196971110579
 20
17.10000000035163
 30
0.0
 11
-39.4474870391943
 21
17.10000000031161
 31
0.0
  0
LINE
  5
8C9
330
1F
100
AcDbEntity
  8
0
  6
Continuous
 62
     2
100
AcDbLine
 10
-44.5019697111149
 20
13.20000000033744
 30
0.0
 11
-39.4474870391943
 21
13.20000000031016
 31
0.0
  0
LINE
  5
8CA
330
1F
100
AcDbEntity
  8
0
  6
Continuous
 62
     7
100
AcDbLine
 10
-53.17139627549494
 20
23.30000000031143
 30
0.0
 11
-53.17139627549494
 21
18.30000000031598
 31
0.0
  0
LINE
  5
8CB
330
1F
100
AcDbEntity
  8
0
  6
Continuous
 62
     7
100
AcDbLine
 10
-51.29500790059427
 20
18.30000000031598
 30
0.0
 11
-51.29500790059427
 21
12.20000000031016
 31
0.0
  0
LINE
  5
8CC
330
1F
100
AcDbEntity
  8
0
  6
Continuous
 62
     2
100
AcDbLine
 10
-53.17139627549494
 20
22.30000000031143
 30
0.0
 11
-59.64748703919593
 21
22.30000000031143
 31
0.0
  0
LINE
  5
8CD
330
1F
100
AcDbEntity
  8
0
  6
Continuous
 62
     2
100
AcDbLine
 10
-59.64748703919593
 20
19.30000000031142
 30
0.0
 11
-53.17139627549494
 21
19.30000000031142
 31
0.0
  0
LINE
  5
8CE
330
1F
100
AcDbEntity
  8
0
  6
Continuous
 62
     2
100
AcDbLine
 10
-51.29500790059427
 20
16.80000000031142
 30
0.0
 11
-59.14748703919594
 21
16.80000000031142
 31
0.0
  0
LINE
  5
8CF
330
1F
100
AcDbEntity
  8
0
  6
Continuous
 62
     2
100
AcDbLine
 10
-59.14748703919594
 20
13.20000000031016
 30
0.0
 11
-51.29500790061428
 21
13.20000000037928
 31
0.0
  0
LINE
  5
8D0
330
1F
100
AcDbEntity
  8
0
  6
Continuous
 62
     7
100
AcDbLine
 10
-20.44748703926433
 20
-20.00990257638912
 30
0.0
 11
2.552512960764769
 21
-20.00990257638912
 31
0.0
  0
LINE
  5
8D1
330
1F
100
AcDbEntity
  8
0
  6
Continuous
 62
     7
100
AcDbLine
 10
-20.44748703926433
 20
-26.29999999970076
 30
0.0
 11
-20.44748703926433
 21
-20.00990257638912
 31
0.0
  0
LINE
  5
8D2
330
1F
100
AcDbEntity
  8
0
  6
Continuous
 62
     7
100
AcDbLine
 10
2.552512960764769
 20
-20.00990257638912
 30
0.0
 11
2.552512960764769
 21
-26.29999999970076
 31
0.0
  0
LINE
  5
9F7
330
1F
100
AcDbEntity
  8
0
  6
Continuous
 62
     7
100
AcDbLine
 10
-34.66324152027119
 20
-107.2680086609922
 30
0.0
 11
-37.56324152023007
 21
-107.268008660992
 31
0.0
  0
LINE
  5
9F8
330
1F
100
AcDbEntity
  8
0
  6
Continuous
 62
     7
100
AcDbLine
 10
-35.66324152027136
 20
-107.268008660992
 30
0.0
 11
-37.56324152023007
 21
-107.268008660992
 31
0.0
  0
LINE
  5
9F9
330
1F
100
AcDbEntity
  8
0
  6
Continuous
 62
     7
100
AcDbLine
 10
-59.56324152020096
 20
-68.51800866098475
 30
0.0
 11
-59.56324152020096
 21
-73.56700231256528
 31
0.0
  0
LINE
  5
9FA
330
1F
100
AcDbEntity
  8
0
  6
Continuous
 62
     7
100
AcDbLine
 10
-58.36324152020022
 20
-68.26800866099201
 30
0.0
 11
-58.36324152020022
 21
-107.268008660992
 31
0.0
  0
LINE
  5
9FB
330
1F
100
AcDbEntity
  8
0
  6
Continuous
 62
     7
100
AcDbLine
 10
-59.56324152020096
 20
-68.51800866098475
 30
0.0
 11
-58.36324152020022
 21
-68.51800866098475
 31
0.0
  0
LINE
  5
9FC
330
1F
100
AcDbEntity
  8
0
  6
Continuous
 62
     7
100
AcDbLine
 10
-62.16324152019041
 20
-74.7883663536808
 30
0.0
 11
-62.16324152019041
 21
-100.7476509682887
 31
0.0
  0
LINE
  5
9FD
330
1F
100
AcDbEntity
  8
0
  6
Continuous
 62
     7
100
AcDbLine
 10
-61.56134333068093
 20
-73.49060966855304
 30
0.0
 11
-61.00220403304974
 21
-73.01749180132666
 31
0.0
  0
LINE
  5
9FE
330
1F
100
AcDbEntity
  8
0
  6
Continuous
 62
     7
100
AcDbLine
 10
-37.66324152023134
 20
-100.108008660994
 30
0.0
 11
-36.66324152023135
 21
-100.108008660994
 31
0.0
  0
LINE
  5
9FF
330
1F
100
AcDbEntity
  8
0
  6
Continuous
 62
     7
100
AcDbLine
 10
-37.6632415201904
 20
-100.0129717623835
 30
0.0
 11
-38.16324152019041
 21
-100.0129717623835
 31
0.0
  0
LINE
  5
A00
330
1F
100
AcDbEntity
  8
0
  6
Continuous
 62
     7
100
AcDbLine
 10
-38.16324152023135
 20
-100.108008660994
 30
0.0
 11
-38.16324152021043
 21
-81.56800866098402
 31
0.0
  0
LINE
  5
A01
330
1F
100
AcDbEntity
  8
0
  6
Continuous
 62
     7
100
AcDbLine
 10
-47.16324152023134
 20
-72.76800866098475
 30
0.0
 11
-37.66324152023134
 21
-72.76800866098475
 31
0.0
  0
LINE
  5
A02
330
1F
100
AcDbEntity
  8
0
  6
Continuous
 62
     7
100
AcDbLine
 10
-38.16324152019041
 20
-81.56800866098402
 30
0.0
 11
-37.6632415201904
 21
-81.56800866098402
 31
0.0
  0
LINE
  5
A03
330
1F
100
AcDbEntity
  8
0
  6
Continuous
 62
     7
100
AcDbLine
 10
-58.36324152019205
 20
-78.56800866097675
 30
0.0
 11
-57.86324152019204
 21
-78.56800866097675
 31
0.0
  0
LINE
  5
A04
330
1F
100
AcDbEntity
  8
0
  6
Continuous
 62
     7
100
AcDbLine
 10
-58.36324152019205
 20
-78.26800873270386
 30
0.0
 11
-57.86324152019204
 21
-78.26800873270386
 31
0.0
  0
LINE
  5
A05
330
1F
100
AcDbEntity
  8
0
  6
Continuous
 62
     7
100
AcDbLine
 10
-58.9632415201915
 20
-78.16800873270532
 30
0.0
 11
-58.36324152019205
 21
-78.16800873270532
 31
0.0
  0
LINE
  5
A06
330
1F
100
AcDbEntity
  8
0
  6
Continuous
 62
     7
100
AcDbLine
 10
-57.86324152019204
 20
-73.26800873270386
 30
0.0
 11
-58.36324152019205
 21
-73.26800873270386
 31
0.0
  0
LINE
  5
A07
330
1F
100
AcDbEntity
  8
0
  6
Continuous
 62
     7
100
AcDbLine
 10
-58.36324152019205
 20
-73.36800873270423
 30
0.0
 11
-58.9632415201915
 21
-73.36800873270423
 31
0.0
  0
LINE
  5
A08
330
1F
100
AcDbEntity
  8
0
  6
Continuous
 62
     7
100
AcDbLine
 10
-58.9632415201915
 20
-78.16800873270532
 30
0.0
 11
-58.9632415201915
 21
-73.36800873270423
 31
0.0
  0
LINE
  5
A09
330
1F
100
AcDbEntity
  8
0
  6
Continuous
 62
     7
100
AcDbLine
 10
-58.9632415201915
 20
-73.51800873270386
 30
0.0
 11
-59.74523132445137
 21
-73.58642397556778
 31
0.0
  0
LINE
  5
A0A
330
1F
100
AcDbEntity
  8
0
  6
Continuous
 62
     7
100
AcDbLine
 10
-59.74523132445137
 20
-77.9495934898363
 30
0.0
 11
-58.9632415201915
 21
-78.01800873270386
 31
0.0
  0
LINE
  5
A0B
330
1F
100
AcDbEntity
  8
0
  6
Continuous
 62
     7
100
AcDbLine
 10
-58.36324152020022
 20
-73.06800873270494
 30
0.0
 11
-57.86324152019204
 21
-73.06800873270494
 31
0.0
  0
LINE
  5
A0C
330
1F
100
AcDbEntity
  8
0
  6
Continuous
 62
     7
100
AcDbLine
 10
-58.86324152023115
 20
-107.1680086705923
 30
0.0
 11
-58.86324152023115
 21
-107.0180086705908
 31
0.0
  0
LINE
  5
A0D
330
1F
100
AcDbEntity
  8
0
  6
Continuous
 62
     7
100
AcDbLine
 10
-58.36324152023115
 20
-107.1680086705923
 30
0.0
 11
-58.86324152023115
 21
-107.1680086705923
 31
0.0
  0
LINE
  5
A0E
330
1F
100
AcDbEntity
  8
0
  6
Continuous
 62
     7
100
AcDbLine
 10
-59.64523132449193
 20
-106.9495934277232
 30
0.0
 11
-58.86324152023115
 21
-107.0180086705908
 31
0.0
  0
LINE
  5
A0F
330
1F
100
AcDbEntity
  8
0
  6
Continuous
 62
     7
100
AcDbLine
 10
-57.86324152019204
 20
-73.06800873270494
 30
0.0
 11
-57.86324152019204
 21
-99.16800866097711
 31
0.0
  0
LINE
  5
A10
330
1F
100
AcDbEntity
  8
0
  6
Continuous
 62
     7
100
AcDbLine
 10
-58.36324152019205
 20
-99.16800866097711
 30
0.0
 11
-57.86324152019204
 21
-99.16800866097711
 31
0.0
  0
LINE
  5
A11
330
1F
100
AcDbEntity
  8
0
  6
Continuous
 62
     7
100
AcDbLine
 10
34.33675847976866
 20
-83.76800866098475
 30
0.0
 11
12.83675847976866
 21
-83.76800866098475
 31
0.0
  0
LINE
  5
A12
330
1F
100
AcDbEntity
  8
0
  6
Continuous
 62
     7
100
AcDbLine
 10
12.83675847976866
 20
-91.76800866098474
 30
0.0
 11
34.33675847976866
 21
-91.76800866098474
 31
0.0
  0
LINE
  5
A13
330
1F
100
AcDbEntity
  8
0
  6
Continuous
 62
     7
100
AcDbLine
 10
12.83675847976866
 20
-78.69065839180748
 30
0.0
 11
12.83675847976866
 21
-73.26800866098475
 31
0.0
  0
LINE
  5
A14
330
1F
100
AcDbEntity
  8
0
  6
Continuous
 62
     7
100
AcDbLine
 10
12.83675847976866
 20
-77.26800866098475
 30
0.0
 11
12.83675847976866
 21
-78.69065839180748
 31
0.0
  0
LINE
  5
A15
330
1F
100
AcDbEntity
  8
0
  6
Continuous
 62
     7
100
AcDbLine
 10
12.83675847976866
 20
-73.26800866098475
 30
0.0
 11
12.83675847976866
 21
-78.40198325721704
 31
0.0
  0
LINE
  5
A16
330
1F
100
AcDbEntity
  8
0
  6
Continuous
 62
     7
100
AcDbLine
 10
12.83675847976866
 20
-96.84535893018747
 30
0.0
 11
12.83675847976866
 21
-98.26800866098475
 31
0.0
  0
LINE
  5
A17
330
1F
100
AcDbEntity
  8
0
  6
Continuous
 62
     7
100
AcDbLine
 10
12.83675847976866
 20
-73.26800866098475
 30
0.0
 11
12.83675847976866
 21
-78.40198325721704
 31
0.0
  0
LINE
  5
A18
330
1F
100
AcDbEntity
  8
0
  6
Continuous
 62
     7
100
AcDbLine
 10
12.83675847976866
 20
-78.69065839180748
 30
0.0
 11
12.83675847976866
 21
-102.2680086609847
 31
0.0
  0
LINE
  5
A19
330
1F
100
AcDbEntity
  8
0
  6
Continuous
 62
     7
100
AcDbLine
 10
12.83675847976866
 20
-73.26800866098475
 30
0.0
 11
12.83675847976866
 21
-78.40198325720613
 31
0.0
  0
LINE
  5
A1A
330
1F
100
AcDbEntity
  8
0
  6
Continuous
 62
     7
100
AcDbLine
 10
12.83675847976866
 20
-73.26800866098475
 30
0.0
 11
12.83675847976866
 21
-102.2680086609847
 31
0.0
  0
LINE
  5
A1B
330
1F
100
AcDbEntity
  8
0
  6
Continuous
 62
     7
100
AcDbLine
 10
-38.16324152023135
 20
-68.26800866099201
 30
0.0
 11
-34.66324152027136
 21
-68.26800866099201
 31
0.0
  0
LINE
  5
A1C
330
1F
100
AcDbEntity
  8
0
  6
Continuous
 62
     7
100
AcDbLine
 10
-36.66324152023117
 20
-100.1080086610014
 30
0.0
 11
-36.66324152023117
 21
-107.2680086609922
 31
0.0
  0
LINE
  5
A1D
330
1F
100
AcDbEntity
  8
0
  6
Continuous
 62
     7
100
AcDbLine
 10
-36.66324152023135
 20
-100.8930086609902
 30
0.0
 11
-36.66324152023117
 21
-107.2680086609922
 31
0.0
  0
LINE
  5
A1E
330
1F
100
AcDbEntity
  8
0
  6
Continuous
 62
     7
100
AcDbLine
 10
-37.66324152023134
 20
-100.1580086610132
 30
0.0
 11
-37.66324152023134
 21
-73.26800866099202
 31
0.0
  0
LINE
  5
A1F
330
1F
100
AcDbEntity
  8
0
  6
Continuous
 62
     7
100
AcDbLine
 10
-58.36324152020022
 20
-68.26800866099201
 30
0.0
 11
-38.16324152023135
 21
-68.26800866099201
 31
0.0
  0
LINE
  5
A20
330
1F
100
AcDbEntity
  8
0
  6
Continuous
 62
     7
100
AcDbLine
 10
-41.53270902533149
 20
-68.26800866099201
 30
0.0
 11
-38.16324152023135
 21
-68.26800866099201
 31
0.0
  0
LINE
  5
A21
330
1F
100
AcDbEntity
  8
0
  6
Continuous
 62
     7
100
AcDbLine
 10
-49.42590029270031
 20
-68.26800866099201
 30
0.0
 11
-46.4206444043113
 21
-68.26800866099201
 31
0.0
  0
LINE
  5
A22
330
1F
100
AcDbEntity
  8
0
  6
Continuous
 62
     7
100
AcDbLine
 10
-46.4206444043113
 20
-68.26800866099201
 30
0.0
 11
-41.53270902533149
 21
-68.26800866099201
 31
0.0
  0
LINE
  5
A23
330
1F
100
AcDbEntity
  8
0
  6
Continuous
 62
     7
100
AcDbLine
 10
-59.56324152020096
 20
-78.36800866099238
 30
0.0
 11
-58.36324152020022
 21
-78.36800866099238
 31
0.0
  0
LINE
  5
A24
330
1F
100
AcDbEntity
  8
0
  6
Continuous
 62
     7
100
AcDbLine
 10
-59.56324152020096
 20
-73.16800866098166
 30
0.0
 11
-58.36324152020022
 21
-73.16800866098166
 31
0.0
  0
LINE
  5
A25
330
1F
100
AcDbEntity
  8
0
  6
Continuous
 62
     7
100
AcDbLine
 10
-58.36324152020022
 20
-102.2680086609902
 30
0.0
 11
-58.36324152020022
 21
-107.268008660992
 31
0.0
  0
LINE
  5
A26
330
1F
100
AcDbEntity
  8
0
  6
Continuous
 62
     7
100
AcDbLine
 10
-59.56324152020096
 20
-98.26800866099022
 30
0.0
 11
-59.56324152020096
 21
-103.268008660992
 31
0.0
  0
LINE
  5
A27
330
1F
100
AcDbEntity
  8
0
  6
Continuous
 62
     7
100
AcDbLine
 10
-58.36324152020022
 20
-73.26800866099202
 30
0.0
 11
-58.36324152020022
 21
-78.26800866099202
 31
0.0
  0
LINE
  5
A28
330
1F
100
AcDbEntity
  8
0
  6
Continuous
 62
     7
100
AcDbLine
 10
-59.56324152020096
 20
-104.1999081366024
 30
0.0
 11
-59.56324152020096
 21
-77.96901500941513
 31
0.0
  0
LINE
  5
A29
330
1F
100
AcDbEntity
  8
0
  6
Continuous
 62
     7
100
AcDbLine
 10
-37.66324152023134
 20
-107.2680086609847
 30
0.0
 11
-57.86324152020022
 21
-107.2680086609847
 31
0.0
  0
LINE
  5
A2A
330
1F
100
AcDbEntity
  8
0
  6
Continuous
 62
     7
100
AcDbLine
 10
-58.36324152020022
 20
-107.268008660992
 30
0.0
 11
-57.86324152020022
 21
-107.268008660992
 31
0.0
  0
LINE
  5
A2B
330
1F
100
AcDbEntity
  8
0
  6
Continuous
 62
     7
100
AcDbLine
 10
-58.36324152020022
 20
-104.1999081366024
 30
0.0
 11
-58.36324152020022
 21
-107.018008660992
 31
0.0
  0
LINE
  5
A2C
330
1F
100
AcDbEntity
  8
0
  6
Continuous
 62
     7
100
AcDbLine
 10
-59.56324152020096
 20
-104.1999081366024
 30
0.0
 11
-59.56324152020096
 21
-107.018008660992
 31
0.0
  0
LINE
  5
A2D
330
1F
100
AcDbEntity
  8
0
  6
Continuous
 62
     7
100
AcDbLine
 10
-58.36324152020022
 20
-107.018008660992
 30
0.0
 11
-59.56324152020096
 21
-107.018008660992
 31
0.0
  0
LINE
  5
A2E
330
1F
100
AcDbEntity
  8
0
  6
Continuous
 62
     7
100
AcDbLine
 10
-36.66324152023117
 20
-100.1080086610014
 30
0.0
 11
-36.66324152023117
 21
-107.2680086609922
 31
0.0
  0
LINE
  5
A2F
330
1F
100
AcDbEntity
  8
0
  6
Continuous
 62
     7
100
AcDbLine
 10
-47.16324152025044
 20
-107.268008660992
 30
0.0
 11
-47.16324152025044
 21
-100.1080086610012
 31
0.0
  0
LINE
  5
A30
330
1F
100
AcDbEntity
  8
0
  6
Continuous
 62
     7
100
AcDbLine
 10
-47.16324152025044
 20
-100.1080086610012
 30
0.0
 11
-38.16324152023135
 21
-100.1080086610012
 31
0.0
  0
LINE
  5
A31
330
1F
100
AcDbEntity
  8
0
  6
Continuous
 62
     7
100
AcDbLine
 10
-37.66324152023134
 20
-107.1680086610016
 30
0.0
 11
-37.56324152024097
 21
-107.268008660992
 31
0.0
  0
LINE
  5
A32
330
1F
100
AcDbEntity
  8
0
  6
Continuous
 62
     7
100
AcDbLine
 10
-37.66324152023134
 20
-105.8580086610012
 30
0.0
 11
-37.66324152023134
 21
-107.2680086609847
 31
0.0
  0
LINE
  5
A33
330
1F
100
AcDbEntity
  8
0
  6
Continuous
 62
     7
100
AcDbLine
 10
-39.91324152023135
 20
-100.3580086610012
 30
0.0
 11
-37.16324152023117
 21
-100.3580086610014
 31
0.0
  0
LINE
  5
A34
330
1F
100
AcDbEntity
  8
0
  6
Continuous
 62
     7
100
AcDbLine
 10
-40.16324152023134
 20
-105.6080086610012
 30
0.0
 11
-40.16324152023134
 21
-100.6080086610012
 31
0.0
  0
LINE
  5
A35
330
1F
100
AcDbEntity
  8
0
  6
Continuous
 62
     7
100
AcDbLine
 10
-39.91324152023135
 20
-100.3580086610012
 30
0.0
 11
-39.91324152023135
 21
-105.8580086610012
 31
0.0
  0
LINE
  5
A36
330
1F
100
AcDbEntity
  8
0
  6
Continuous
 62
     7
100
AcDbLine
 10
-39.91324152023135
 20
-100.3580086610012
 30
0.0
 11
-40.16324152023134
 21
-100.6080086610012
 31
0.0
  0
LINE
  5
A37
330
1F
100
AcDbEntity
  8
0
  6
Continuous
 62
     7
100
AcDbLine
 10
-38.16324152023135
 20
-100.3580086610122
 30
0.0
 11
-37.86624152022996
 21
-100.3580086610122
 31
0.0
  0
LINE
  5
A38
330
1F
100
AcDbEntity
  8
0
  6
Continuous
 62
     7
100
AcDbLine
 10
-37.16324152023117
 20
-100.3080086610022
 30
0.0
 11
-36.66324152023135
 21
-100.308008661002
 31
0.0
  0
LINE
  5
A39
330
1F
100
AcDbEntity
  8
0
  6
Continuous
 62
     7
100
AcDbLine
 10
-36.66324152023135
 20
-105.9080086609951
 30
0.0
 11
-36.66324152023135
 21
-100.308008661002
 31
0.0
  0
LINE
  5
A3A
330
1F
100
AcDbEntity
  8
0
  6
Continuous
 62
     7
100
AcDbLine
 10
-37.16324152023117
 20
-105.9080086609952
 30
0.0
 11
-36.66324152023135
 21
-105.9080086609951
 31
0.0
  0
LINE
  5
A3B
330
1F
100
AcDbEntity
  8
0
  6
Continuous
 62
     7
100
AcDbLine
 10
-39.91324152023135
 20
-105.8580086610012
 30
0.0
 11
-37.16324152023135
 21
-105.8580086610012
 31
0.0
  0
LINE
  5
A3C
330
1F
100
AcDbEntity
  8
0
  6
Continuous
 62
     7
100
AcDbLine
 10
-40.16324152023134
 20
-105.6080086610012
 30
0.0
 11
-39.91324152023135
 21
-105.8580086610012
 31
0.0
  0
LINE
  5
A3D
330
1F
100
AcDbEntity
  8
0
  6
Continuous
 62
     7
100
AcDbLine
 10
-36.66324152023135
 20
-100.8930086609902
 30
0.0
 11
-36.66324152023117
 21
-107.2680086609922
 31
0.0
  0
LINE
  5
A3E
330
1F
100
AcDbEntity
  8
0
  6
Continuous
 62
     7
100
AcDbLine
 10
-37.66324152023134
 20
-107.1680086610016
 30
0.0
 11
-37.56324152024097
 21
-107.268008660992
 31
0.0
  0
LINE
  5
A3F
330
1F
100
AcDbEntity
  8
0
  6
Continuous
 62
     7
100
AcDbLine
 10
-37.66324152023134
 20
-100.3580086610012
 30
0.0
 11
-37.66324152023134
 21
-72.76800866099202
 31
0.0
  0
LINE
  5
A40
330
1F
100
AcDbEntity
  8
0
  6
Continuous
 62
     7
100
AcDbLine
 10
-47.16324152023134
 20
-72.76800866099202
 30
0.0
 11
-38.16324152021043
 21
-72.76800866099202
 31
0.0
  0
LINE
  5
A41
330
1F
100
AcDbEntity
  8
0
  6
Continuous
 62
     7
100
AcDbLine
 10
-37.66324152023134
 20
-72.76800866099202
 30
0.0
 11
-36.66324152023117
 21
-72.76800866099222
 31
0.0
  0
LINE
  5
A42
330
1F
100
AcDbEntity
  8
0
  6
Continuous
 62
     7
100
AcDbLine
 10
-38.66324152027046
 20
-68.26800866099201
 30
0.0
 11
-38.16324152023135
 21
-68.26800866099201
 31
0.0
  0
LINE
  5
A43
330
1F
100
AcDbEntity
  8
0
  6
Continuous
 62
     7
100
AcDbLine
 10
-47.16324152023134
 20
-72.76800866099202
 30
0.0
 11
-47.16324152023134
 21
-68.26800866099201
 31
0.0
  0
LINE
  5
A44
330
1F
100
AcDbEntity
  8
0
  6
Continuous
 62
     7
100
AcDbLine
 10
-36.66324152023135
 20
-68.26800866099201
 30
0.0
 11
-36.66324152023117
 21
-72.76800866099222
 31
0.0
  0
LINE
  5
A45
330
1F
100
AcDbEntity
  8
0
  6
Continuous
 62
     7
100
AcDbLine
 10
-36.66324152023117
 20
-72.76800866099222
 30
0.0
 11
-36.66324152023135
 21
-68.51800866099201
 31
0.0
  0
LINE
  5
A46
330
1F
100
AcDbEntity
  8
0
  6
Continuous
 62
     7
100
AcDbLine
 10
-37.16324152023135
 20
-68.51800866099201
 30
0.0
 11
-36.66324152023135
 21
-68.51800866099201
 31
0.0
  0
LINE
  5
A47
330
1F
100
AcDbEntity
  8
0
  6
Continuous
 62
     7
100
AcDbLine
 10
-38.16324152023135
 20
-68.56800866101313
 30
0.0
 11
-37.86624152022996
 21
-68.56800866101313
 31
0.0
  0
LINE
  5
A48
330
1F
100
AcDbEntity
  8
0
  6
Continuous
 62
     7
100
AcDbLine
 10
-39.91324152023135
 20
-68.56800866099494
 30
0.0
 11
-40.16324152023134
 21
-68.81800866099493
 31
0.0
  0
LINE
  5
A49
330
1F
100
AcDbEntity
  8
0
  6
Continuous
 62
     7
100
AcDbLine
 10
-39.91324152023135
 20
-68.56800866099494
 30
0.0
 11
-39.91324152023135
 21
-72.76800866099202
 31
0.0
  0
LINE
  5
A4A
330
1F
100
AcDbEntity
  8
0
  6
Continuous
 62
     7
100
AcDbLine
 10
-40.16324152023134
 20
-72.76800866099202
 30
0.0
 11
-40.16324152023134
 21
-68.81800866099493
 31
0.0
  0
LINE
  5
A4B
330
1F
100
AcDbEntity
  8
0
  6
Continuous
 62
     7
100
AcDbLine
 10
-39.91324152023135
 20
-68.56800866099494
 30
0.0
 11
-37.16324152023135
 21
-68.56800866099494
 31
0.0
  0
LINE
  5
A4C
330
1F
100
AcDbEntity
  8
0
  6
Continuous
 62
     7
100
AcDbLine
 10
-38.16324152023135
 20
-68.51800866099201
 30
0.0
 11
-38.16324152023135
 21
-68.26800866099201
 31
0.0
  0
LINE
  5
A4D
330
1F
100
AcDbEntity
  8
0
  6
Continuous
 62
     7
100
AcDbLine
 10
-57.86324152020022
 20
-68.26800866099201
 30
0.0
 11
-49.42590029270031
 21
-68.26800866099201
 31
0.0
  0
LINE
  5
A4E
330
1F
100
AcDbEntity
  8
0
  6
Continuous
 62
     7
100
AcDbLine
 10
-38.16324152023135
 20
-68.51800866099201
 30
0.0
 11
-38.16324152023135
 21
-68.26800866099201
 31
0.0
  0
LINE
  5
A4F
330
1F
100
AcDbEntity
  8
0
  6
Continuous
 62
     7
100
AcDbLine
 10
-37.16324152023117
 20
-100.3080086610022
 30
0.0
 11
-37.16324152023117
 21
-105.9080086609952
 31
0.0
  0
LINE
  5
A50
330
1F
100
AcDbEntity
  8
0
  6
Continuous
 62
     7
100
AcDbLine
 10
-37.16324152023135
 20
-68.51800866099201
 30
0.0
 11
-37.16324152023135
 21
-72.76800866099202
 31
0.0
  0
LINE
  5
A51
330
1F
100
AcDbEntity
  8
0
  6
Continuous
 62
     7
100
AcDbLine
 10
-38.16324152023135
 20
-68.26800866099201
 30
0.0
 11
-38.16324152027045
 21
-68.56800866099494
 31
0.0
  0
LINE
  5
A52
330
1F
100
AcDbEntity
  8
0
  6
Continuous
 62
     7
100
AcDbLine
 10
9.336758479768661
 20
-68.77136029091471
 30
0.0
 11
9.836758479768661
 21
-69.27136029091471
 31
0.0
  0
LINE
  5
A53
330
1F
100
AcDbEntity
  8
0
  6
Continuous
 62
     7
100
AcDbLine
 10
9.336758479768661
 20
-106.7680086610047
 30
0.0
 11
9.836758479768661
 21
-106.2680086610047
 31
0.0
  0
LINE
  5
A54
330
1F
100
AcDbEntity
  8
0
  6
Continuous
 62
     7
100
AcDbLine
 10
10.83675847976866
 20
-72.76800866098475
 30
0.0
 11
12.33675847976883
 21
-72.76800866098494
 31
0.0
  0
LINE
  5
A55
330
1F
100
AcDbEntity
  8
0
  6
Continuous
 62
     7
100
AcDbLine
 10
12.83675847976866
 20
-73.26800866098475
 30
0.0
 11
12.33675847976883
 21
-72.76800866098494
 31
0.0
  0
LINE
  5
A56
330
1F
100
AcDbEntity
  8
0
  6
Continuous
 62
     7
100
AcDbLine
 10
10.83675847976866
 20
-72.76800866098475
 30
0.0
 11
12.33675847976883
 21
-72.76800866098494
 31
0.0
  0
LINE
  5
A57
330
1F
100
AcDbEntity
  8
0
  6
Continuous
 62
     7
100
AcDbLine
 10
12.83675847976866
 20
-73.26800866098475
 30
0.0
 11
12.33675847976883
 21
-72.76800866098494
 31
0.0
  0
LINE
  5
A58
330
1F
100
AcDbEntity
  8
0
  6
Continuous
 62
     7
100
AcDbLine
 10
12.33675847976866
 20
-102.7680086609847
 30
0.0
 11
10.83675847976866
 21
-102.7680086609847
 31
0.0
  0
LINE
  5
A59
330
1F
100
AcDbEntity
  8
0
  6
Continuous
 62
     7
100
AcDbLine
 10
12.33675847976866
 20
-102.7680086609847
 30
0.0
 11
12.83675847976866
 21
-102.2680086609847
 31
0.0
  0
LINE
  5
A5A
330
1F
100
AcDbEntity
  8
0
  6
Continuous
 62
     7
100
AcDbLine
 10
9.836758479768661
 20
-102.7680086609847
 30
0.0
 11
12.33675847976866
 21
-102.7680086609847
 31
0.0
  0
LINE
  5
A5B
330
1F
100
AcDbEntity
  8
0
  6
Continuous
 62
     7
100
AcDbLine
 10
9.836758479768661
 20
-72.76800866098475
 30
0.0
 11
10.83675847976866
 21
-72.76800866098475
 31
0.0
  0
LINE
  5
A5C
330
1F
100
AcDbEntity
  8
0
  6
Continuous
 62
     7
100
AcDbLine
 10
9.336758479768661
 20
-68.77136029091471
 30
0.0
 11
-32.66324152027136
 21
-68.77136029091471
 31
0.0
  0
LINE
  5
A5D
330
1F
100
AcDbEntity
  8
0
  6
Continuous
 62
     7
100
AcDbLine
 10
9.836758479768661
 20
-72.76800866098475
 30
0.0
 11
10.83675847976866
 21
-72.76800866098475
 31
0.0
  0
LINE
  5
A5E
330
1F
100
AcDbEntity
  8
0
  6
Continuous
 62
     7
100
AcDbLine
 10
9.836758479768661
 20
-102.7680086609847
 30
0.0
 11
12.33675847976866
 21
-102.7680086609847
 31
0.0
  0
LINE
  5
A5F
330
1F
100
AcDbEntity
  8
0
  6
Continuous
 62
     7
100
AcDbLine
 10
12.33675847976866
 20
-102.7680086609847
 30
0.0
 11
12.83675847976866
 21
-102.2680086609847
 31
0.0
  0
LINE
  5
A60
330
1F
100
AcDbEntity
  8
0
  6
Continuous
 62
     7
100
AcDbLine
 10
12.33675847976866
 20
-102.7680086609847
 30
0.0
 11
10.83675847976866
 21
-102.7680086609847
 31
0.0
  0
LINE
  5
A61
330
1F
100
AcDbEntity
  8
0
  6
Continuous
 62
     7
100
AcDbLine
 10
12.83675847976866
 20
-73.26800866098475
 30
0.0
 11
12.33675847976883
 21
-72.76800866098494
 31
0.0
  0
LINE
  5
A62
330
1F
100
AcDbEntity
  8
0
  6
Continuous
 62
     7
100
AcDbLine
 10
10.83675847976866
 20
-72.76800866098475
 30
0.0
 11
12.33675847976883
 21
-72.76800866098494
 31
0.0
  0
LINE
  5
A63
330
1F
100
AcDbEntity
  8
0
  6
Continuous
 62
     7
100
AcDbLine
 10
12.83675847976866
 20
-73.26800866098475
 30
0.0
 11
12.33675847976883
 21
-72.76800866098494
 31
0.0
  0
LINE
  5
A64
330
1F
100
AcDbEntity
  8
0
  6
Continuous
 62
     7
100
AcDbLine
 10
10.83675847976866
 20
-72.76800866098475
 30
0.0
 11
12.33675847976883
 21
-72.76800866098494
 31
0.0
  0
LINE
  5
A65
330
1F
100
AcDbEntity
  8
0
  6
Continuous
 62
     7
100
AcDbLine
 10
-32.66324152027136
 20
-68.77136029091471
 30
0.0
 11
-32.66324152027119
 21
-106.7680086609849
 31
0.0
  0
LINE
  5
A66
330
1F
100
AcDbEntity
  8
0
  6
Continuous
 62
     7
100
AcDbLine
 10
-32.66324152029119
 20
-106.1680086609973
 30
0.0
 11
-32.6632415203112
 21
-106.7646570310549
 31
0.0
  0
LINE
  5
A67
330
1F
100
AcDbEntity
  8
0
  6
Continuous
 62
     7
100
AcDbLine
 10
-32.6632415203112
 20
-106.7680086609849
 30
0.0
 11
9.336758479768661
 21
-106.7680086610047
 31
0.0
  0
LINE
  5
A68
330
1F
100
AcDbEntity
  8
0
  6
Continuous
 62
     7
100
AcDbLine
 10
-32.6632415203112
 20
-106.7646570310549
 30
0.0
 11
-32.6632415203112
 21
-106.7680086609849
 31
0.0
  0
LINE
  5
A69
330
1F
100
AcDbEntity
  8
0
  6
Continuous
 62
     7
100
AcDbLine
 10
34.83675847976865
 20
-91.26800866098475
 30
0.0
 11
34.83675847976865
 21
-84.26800866098474
 31
0.0
  0
LINE
  5
A6A
330
1F
100
AcDbEntity
  8
0
  6
Continuous
 62
     7
100
AcDbLine
 10
34.83675847976865
 20
-91.26800866098475
 30
0.0
 11
34.33675847976866
 21
-91.76800866098474
 31
0.0
  0
LINE
  5
A6B
330
1F
100
AcDbEntity
  8
0
  6
Continuous
 62
     7
100
AcDbLine
 10
34.33675847976866
 20
-83.76800866098475
 30
0.0
 11
34.83675847976865
 21
-84.26800866098474
 31
0.0
  0
LINE
  5
A6E
330
1F
100
AcDbEntity
  8
0
  6
Continuous
 62
     7
100
AcDbLine
 10
34.83675847976865
 20
-84.26800866098474
 30
0.0
 11
34.33675847976866
 21
-83.76800866098475
 31
0.0
  0
LINE
  5
A6F
330
1F
100
AcDbEntity
  8
0
  6
Continuous
 62
     7
100
AcDbLine
 10
-34.66324152027119
 20
-106.7680086609849
 30
0.0
 11
-32.6632415203112
 21
-106.7680086609849
 31
0.0
  0
LINE
  5
A70
330
1F
100
AcDbEntity
  8
0
  6
Continuous
 62
     7
100
AcDbLine
 10
-34.66324152027136
 20
-68.76800866098474
 30
0.0
 11
-32.66324152031137
 21
-68.76800866098474
 31
0.0
  0
LINE
  5
A71
330
1F
100
AcDbEntity
  8
0
  6
Continuous
 62
     7
100
AcDbLine
 10
-34.66324152027136
 20
-68.26800866098475
 30
0.0
 11
-34.66324152027136
 21
-107.2680086609847
 31
0.0
  0
LINE
  5
A72
330
1F
100
AcDbEntity
  8
0
  6
CENTER2
 62
     1
100
AcDbLine
 10
-66.16324152019041
 20
-87.76800866098474
 30
0.0
 11
38.83675847976866
 21
-87.76800866098474
 31
0.0
  0
LINE
  5
A73
330
1F
100
AcDbEntity
  8
0
  6
Continuous
 62
     7
100
AcDbLine
 10
-59.56324152019004
 20
-68.71800866098547
 30
0.0
 11
-60.34523132446174
 21
-68.78642390384666
 31
0.0
  0
LINE
  5
A74
330
1F
100
AcDbEntity
  8
0
  6
Continuous
 62
     7
100
AcDbLine
 10
-60.34523132446174
 20
-73.14959341811428
 30
0.0
 11
-59.56324152019004
 21
-73.21800866098548
 31
0.0
  0
LINE
  5
A75
330
1F
100
AcDbEntity
  8
0
  6
Continuous
 62
     7
100
AcDbLine
 10
-59.56324152019004
 20
-98.51800866098475
 30
0.0
 11
-60.34523132446174
 21
-98.58642390384686
 31
0.0
  0
LINE
  5
A76
330
1F
100
AcDbEntity
  8
0
  6
Continuous
 62
     7
100
AcDbLine
 10
-60.34523132446174
 20
-102.9495934181126
 30
0.0
 11
-59.56324152019004
 21
-103.0180086609847
 31
0.0
  0
LINE
  5
A77
330
1F
100
AcDbEntity
  8
0
  6
Continuous
 62
     7
100
AcDbLine
 10
-60.32441547808975
 20
-103.0920389133074
 30
0.0
 11
-60.54400005050155
 21
-102.9062365827971
 31
0.0
  0
LINE
  5
A78
330
1F
100
AcDbEntity
  8
0
  6
Continuous
 62
     7
100
AcDbLine
 10
-61.00220403304974
 20
-102.5185255206428
 30
0.0
 11
-61.56134333068093
 21
-102.0454076534164
 31
0.0
  0
LINE
  5
A79
330
1F
100
AcDbEntity
  8
0
  6
Continuous
 62
     7
100
AcDbLine
 10
3.836758479768661
 20
-75.06136029091377
 30
0.0
 11
-19.16324152027136
 21
-75.06136029091377
 31
0.0
  0
LINE
  5
A7A
330
1F
100
AcDbEntity
  8
0
  6
Continuous
 62
     7
100
AcDbLine
 10
-19.16324152027136
 20
-68.77136029091471
 30
0.0
 11
-19.16324152027136
 21
-75.06136029091377
 31
0.0
  0
LINE
  5
A7B
330
1F
100
AcDbEntity
  8
0
  6
Continuous
 62
     7
100
AcDbLine
 10
9.836758479768661
 20
-106.2680086610047
 30
0.0
 11
9.836758479768661
 21
-69.27136029091471
 31
0.0
  0
LINE
  5
A7C
330
1F
100
AcDbEntity
  8
0
  6
Continuous
 62
     7
100
AcDbLine
 10
3.836758479768661
 20
-75.06136029091377
 30
0.0
 11
3.836758479768661
 21
-68.77136029091471
 31
0.0
  0
LINE
  5
A7D
330
1F
100
AcDbEntity
  8
0
  6
Continuous
 62
     7
100
AcDbLine
 10
-19.16324152027136
 20
-106.7680086609902
 30
0.0
 11
-19.16324152027136
 21
-100.4780086610039
 31
0.0
  0
LINE
  5
A7E
330
1F
100
AcDbEntity
  8
0
  6
Continuous
 62
     7
100
AcDbLine
 10
-19.16324152027136
 20
-100.4780086610039
 30
0.0
 11
3.836758479768661
 21
-100.4780086610039
 31
0.0
  0
LINE
  5
A7F
330
1F
100
AcDbEntity
  8
0
  6
Continuous
 62
     7
100
AcDbLine
 10
3.836758479768661
 20
-100.4780086610039
 30
0.0
 11
3.836758479768661
 21
-106.7680086610056
 31
0.0
  0
LINE
  5
A90
330
1F
100
AcDbEntity
  8
0
  6
CENTER2
 62
     1
100
AcDbLine
 10
-109.8260753992965
 20
-21.04867746492235
 30
0.0
 11
-109.8260753992965
 21
-27.52867746492282
 31
0.0
  0
LINE
  5
A91
330
1F
100
AcDbEntity
  8
0
  6
CENTER2
 62
     1
100
AcDbLine
 10
-106.5860753992957
 20
-24.28867746492486
 30
0.0
 11
-113.0660753992963
 21
-24.28867746492486
 31
0.0
  0
LINE
  5
A92
330
1F
100
AcDbEntity
  8
0
  6
CENTER2
 62
     1
100
AcDbLine
 10
-108.0660753179675
 20
4.71132247296211
 30
0.0
 11
-101.5860753179661
 21
4.71132247296211
 31
0.0
  0
LINE
  5
A93
330
1F
100
AcDbEntity
  8
0
  6
CENTER2
 62
     1
100
AcDbLine
 10
-104.8260753179659
 20
7.95132247296462
 30
0.0
 11
-104.8260753179659
 21
1.47132247296415
 31
0.0
  0
LINE
  5
A94
330
1F
100
AcDbEntity
  8
0
  6
CENTER2
 62
     1
100
AcDbLine
 10
-135.5860753371873
 20
-19.28867738358693
 30
0.0
 11
-142.066075337186
 21
-19.28867738358693
 31
0.0
  0
LINE
  5
A95
330
1F
100
AcDbEntity
  8
0
  6
CENTER2
 62
     1
100
AcDbLine
 10
-138.826075337187
 20
-22.52867738358671
 30
0.0
 11
-138.826075337187
 21
-16.04867738358897
 31
0.0
  0
LINE
  5
A99
330
1F
100
AcDbEntity
  8
0
  6
Continuous
 62
     7
100
AcDbLine
 10
-135.194468491347
 20
12.21132254468304
 30
0.0
 11
-138.3260753275774
 21
12.21132254468304
 31
0.0
  0
LINE
  5
AB0
330
1F
100
AcDbEntity
  8
0
  6
Continuous
 62
     7
100
AcDbLine
 10
-133.8260752554563
 20
9.71132255429276
 30
0.0
 11
-135.1260752554574
 21
9.71132255429276
 31
0.0
  0
LINE
  5
AB1
330
1F
100
AcDbEntity
  8
0
  6
Continuous
 62
     7
100
AcDbLine
 10
-133.8260752554563
 20
9.71132255429276
 30
0.0
 11
-135.1260752554574
 21
9.71132255429276
 31
0.0
  0
LINE
  5
AB2
330
1F
100
AcDbEntity
  8
0
  6
Continuous
 62
     7
100
AcDbLine
 10
-133.8260752554563
 20
9.71132255429276
 30
0.0
 11
-135.1260752554574
 21
9.71132255429276
 31
0.0
  0
LINE
  5
AB3
330
1F
100
AcDbEntity
  8
0
  6
Continuous
 62
     7
100
AcDbLine
 10
-133.8260752554563
 20
9.71132255429276
 30
0.0
 11
-132.5260752554569
 21
9.71132255429276
 31
0.0
  0
LINE
  5
AB4
330
1F
100
AcDbEntity
  8
0
  6
Continuous
 62
     7
100
AcDbLine
 10
-133.8260752554563
 20
9.71132255429276
 30
0.0
 11
-132.5260752554569
 21
9.71132255429276
 31
0.0
  0
LINE
  5
AB5
330
1F
100
AcDbEntity
  8
0
  6
Continuous
 62
     7
100
AcDbLine
 10
-133.8260752554563
 20
9.71132255429276
 30
0.0
 11
-133.8260752554563
 21
8.411322554293491
 31
0.0
  0
LINE
  5
AB6
330
1F
100
AcDbEntity
  8
0
  6
Continuous
 62
     7
100
AcDbLine
 10
-133.8260752554563
 20
9.71132255429276
 30
0.0
 11
-132.5260752554569
 21
9.71132255429276
 31
0.0
  0
LINE
  5
AB7
330
1F
100
AcDbEntity
  8
0
  6
Continuous
 62
     7
100
AcDbLine
 10
-133.8260752554563
 20
9.71132255429276
 30
0.0
 11
-133.8260752554563
 21
11.01132255429386
 31
0.0
  0
LINE
  5
AB8
330
1F
100
AcDbEntity
  8
0
  6
Continuous
 62
     7
100
AcDbLine
 10
-133.8260752554563
 20
9.71132255429276
 30
0.0
 11
-133.8260752554563
 21
11.01132255429386
 31
0.0
  0
LINE
  5
AB9
330
1F
100
AcDbEntity
  8
0
  6
Continuous
 62
     7
100
AcDbLine
 10
-133.8260752554563
 20
9.71132255429276
 30
0.0
 11
-132.5260752554569
 21
9.71132255429276
 31
0.0
  0
LINE
  5
ABA
330
1F
100
AcDbEntity
  8
0
  6
Continuous
 62
     7
100
AcDbLine
 10
-133.8260752554563
 20
9.71132255429276
 30
0.0
 11
-133.8260752554563
 21
8.411322554293491
 31
0.0
  0
LINE
  5
AC6
330
1F
100
AcDbEntity
  8
0
  6
Continuous
 62
     7
100
AcDbLine
 10
-138.6260753275849
 20
5.71132254468304
 30
0.0
 11
-138.6260753275849
 21
4.411322544683769
 31
0.0
  0
LINE
  5
AC7
330
1F
100
AcDbEntity
  8
0
  6
Continuous
 62
     7
100
AcDbLine
 10
-138.6260753275849
 20
5.71132254468304
 30
0.0
 11
-137.3260753275865
 21
5.71132254468304
 31
0.0
  0
LINE
  5
AC8
330
1F
100
AcDbEntity
  8
0
  6
Continuous
 62
     7
100
AcDbLine
 10
-138.6260753275849
 20
5.71132254468304
 30
0.0
 11
-138.6260753275849
 21
7.011322544684129
 31
0.0
  0
LINE
  5
AC9
330
1F
100
AcDbEntity
  8
0
  6
Continuous
 62
     7
100
AcDbLine
 10
-138.6260753275849
 20
5.71132254468304
 30
0.0
 11
-138.6260753275849
 21
7.011322544684129
 31
0.0
  0
LINE
  5
ACA
330
1F
100
AcDbEntity
  8
0
  6
Continuous
 62
     7
100
AcDbLine
 10
-138.6260753275849
 20
5.71132254468304
 30
0.0
 11
-137.3260753275865
 21
5.71132254468304
 31
0.0
  0
LINE
  5
ACB
330
1F
100
AcDbEntity
  8
0
  6
Continuous
 62
     7
100
AcDbLine
 10
-138.6260753275849
 20
5.71132254468304
 30
0.0
 11
-138.6260753275849
 21
4.411322544683769
 31
0.0
  0
LINE
  5
ACC
330
1F
100
AcDbEntity
  8
0
  6
Continuous
 62
     7
100
AcDbLine
 10
-138.6260753275849
 20
5.71132254468304
 30
0.0
 11
-137.3260753275865
 21
5.71132254468304
 31
0.0
  0
LINE
  5
ACD
330
1F
100
AcDbEntity
  8
0
  6
Continuous
 62
     7
100
AcDbLine
 10
-138.6260753275849
 20
5.71132254468304
 30
0.0
 11
-137.3260753275865
 21
5.71132254468304
 31
0.0
  0
LINE
  5
ACE
330
1F
100
AcDbEntity
  8
0
  6
Continuous
 62
     7
100
AcDbLine
 10
-138.6260753275849
 20
5.71132254468304
 30
0.0
 11
-139.9260753275869
 21
5.71132254468304
 31
0.0
  0
LINE
  5
ACF
330
1F
100
AcDbEntity
  8
0
  6
Continuous
 62
     7
100
AcDbLine
 10
-138.6260753275849
 20
5.71132254468304
 30
0.0
 11
-139.9260753275869
 21
5.71132254468304
 31
0.0
  0
LINE
  5
AD0
330
1F
100
AcDbEntity
  8
0
  6
Continuous
 62
     7
100
AcDbLine
 10
-138.6260753275849
 20
5.71132254468304
 30
0.0
 11
-139.9260753275869
 21
5.71132254468304
 31
0.0
  0
LINE
  5
AD1
330
1F
100
AcDbEntity
  8
0
  6
Continuous
 62
     7
100
AcDbLine
 10
-134.8260753275774
 20
-24.08867745531987
 30
0.0
 11
-134.8260753275774
 21
-25.38867745531915
 31
0.0
  0
LINE
  5
AD2
330
1F
100
AcDbEntity
  8
0
  6
Continuous
 62
     7
100
AcDbLine
 10
-134.8260753275774
 20
-24.08867745531987
 30
0.0
 11
-133.5260753275763
 21
-24.08867745531987
 31
0.0
  0
LINE
  5
AD3
330
1F
100
AcDbEntity
  8
0
  6
Continuous
 62
     7
100
AcDbLine
 10
-134.8260753275774
 20
-24.08867745531987
 30
0.0
 11
-134.8260753275774
 21
-22.78867745531787
 31
0.0
  0
LINE
  5
AD4
330
1F
100
AcDbEntity
  8
0
  6
Continuous
 62
     7
100
AcDbLine
 10
-134.8260753275774
 20
-24.08867745531987
 30
0.0
 11
-134.8260753275774
 21
-22.78867745531787
 31
0.0
  0
LINE
  5
AD5
330
1F
100
AcDbEntity
  8
0
  6
Continuous
 62
     7
100
AcDbLine
 10
-134.8260753275774
 20
-24.08867745531987
 30
0.0
 11
-133.5260753275763
 21
-24.08867745531987
 31
0.0
  0
LINE
  5
AD6
330
1F
100
AcDbEntity
  8
0
  6
Continuous
 62
     7
100
AcDbLine
 10
-134.8260753275774
 20
-24.08867745531987
 30
0.0
 11
-134.8260753275774
 21
-25.38867745531915
 31
0.0
  0
LINE
  5
AD7
330
1F
100
AcDbEntity
  8
0
  6
Continuous
 62
     7
100
AcDbLine
 10
-134.8260753275774
 20
-24.08867745531987
 30
0.0
 11
-133.5260753275763
 21
-24.08867745531987
 31
0.0
  0
LINE
  5
AD8
330
1F
100
AcDbEntity
  8
0
  6
Continuous
 62
     7
100
AcDbLine
 10
-134.8260753275774
 20
-24.08867745531987
 30
0.0
 11
-133.5260753275763
 21
-24.08867745531987
 31
0.0
  0
LINE
  5
AD9
330
1F
100
AcDbEntity
  8
0
  6
Continuous
 62
     7
100
AcDbLine
 10
-134.8260753275774
 20
-24.08867745531987
 30
0.0
 11
-136.1260753275758
 21
-24.08867745531987
 31
0.0
  0
LINE
  5
ADA
330
1F
100
AcDbEntity
  8
0
  6
Continuous
 62
     7
100
AcDbLine
 10
-134.8260753275774
 20
-24.08867745531987
 30
0.0
 11
-136.1260753275758
 21
-24.08867745531987
 31
0.0
  0
LINE
  5
ADB
330
1F
100
AcDbEntity
  8
0
  6
Continuous
 62
     7
100
AcDbLine
 10
-134.8260753275774
 20
-24.08867745531987
 30
0.0
 11
-136.1260753275758
 21
-24.08867745531987
 31
0.0
  0
LINE
  5
ADC
330
1F
100
AcDbEntity
  8
0
  6
Continuous
 62
     7
100
AcDbLine
 10
-105.0260753275672
 20
-20.28867745531241
 30
0.0
 11
-105.0260753275672
 21
-21.58867745531259
 31
0.0
  0
LINE
  5
ADD
330
1F
100
AcDbEntity
  8
0
  6
Continuous
 62
     7
100
AcDbLine
 10
-105.0260753275672
 20
-20.28867745531241
 30
0.0
 11
-103.726075327566
 21
-20.28867745531241
 31
0.0
  0
LINE
  5
ADE
330
1F
100
AcDbEntity
  8
0
  6
Continuous
 62
     7
100
AcDbLine
 10
-105.0260753275672
 20
-20.28867745531241
 30
0.0
 11
-105.0260753275672
 21
-18.98867745531223
 31
0.0
  0
LINE
  5
ADF
330
1F
100
AcDbEntity
  8
0
  6
Continuous
 62
     7
100
AcDbLine
 10
-105.0260753275672
 20
-20.28867745531241
 30
0.0
 11
-105.0260753275672
 21
-18.98867745531223
 31
0.0
  0
LINE
  5
AE0
330
1F
100
AcDbEntity
  8
0
  6
Continuous
 62
     7
100
AcDbLine
 10
-105.0260753275672
 20
-20.28867745531241
 30
0.0
 11
-103.726075327566
 21
-20.28867745531241
 31
0.0
  0
LINE
  5
AE1
330
1F
100
AcDbEntity
  8
0
  6
Continuous
 62
     7
100
AcDbLine
 10
-105.0260753275672
 20
-20.28867745531241
 30
0.0
 11
-105.0260753275672
 21
-21.58867745531259
 31
0.0
  0
LINE
  5
AE2
330
1F
100
AcDbEntity
  8
0
  6
Continuous
 62
     7
100
AcDbLine
 10
-105.0260753275672
 20
-20.28867745531241
 30
0.0
 11
-103.726075327566
 21
-20.28867745531241
 31
0.0
  0
LINE
  5
AE3
330
1F
100
AcDbEntity
  8
0
  6
Continuous
 62
     7
100
AcDbLine
 10
-105.0260753275672
 20
-20.28867745531241
 30
0.0
 11
-103.726075327566
 21
-20.28867745531241
 31
0.0
  0
LINE
  5
AE4
330
1F
100
AcDbEntity
  8
0
  6
Continuous
 62
     7
100
AcDbLine
 10
-105.0260753275672
 20
-20.28867745531241
 30
0.0
 11
-106.3260753275665
 21
-20.28867745531241
 31
0.0
  0
LINE
  5
AE5
330
1F
100
AcDbEntity
  8
0
  6
Continuous
 62
     7
100
AcDbLine
 10
-105.0260753275672
 20
-20.28867745531241
 30
0.0
 11
-106.3260753275665
 21
-20.28867745531241
 31
0.0
  0
LINE
  5
AE6
330
1F
100
AcDbEntity
  8
0
  6
Continuous
 62
     7
100
AcDbLine
 10
-105.0260753275672
 20
-20.28867745531241
 30
0.0
 11
-106.3260753275665
 21
-20.28867745531241
 31
0.0
  0
LINE
  5
AE7
330
1F
100
AcDbEntity
  8
0
  6
Continuous
 62
     7
100
AcDbLine
 10
-108.8260753275774
 20
9.51132254469414
 30
0.0
 11
-108.8260753275774
 21
8.21132254469396
 31
0.0
  0
LINE
  5
AE8
330
1F
100
AcDbEntity
  8
0
  6
Continuous
 62
     7
100
AcDbLine
 10
-108.8260753275774
 20
9.51132254469414
 30
0.0
 11
-107.5260753275763
 21
9.51132254469414
 31
0.0
  0
LINE
  5
AE9
330
1F
100
AcDbEntity
  8
0
  6
Continuous
 62
     7
100
AcDbLine
 10
-108.8260753275774
 20
9.51132254469414
 30
0.0
 11
-108.8260753275774
 21
10.81132254469614
 31
0.0
  0
LINE
  5
AEA
330
1F
100
AcDbEntity
  8
0
  6
Continuous
 62
     7
100
AcDbLine
 10
-108.8260753275774
 20
9.51132254469414
 30
0.0
 11
-108.8260753275774
 21
10.81132254469614
 31
0.0
  0
LINE
  5
AEB
330
1F
100
AcDbEntity
  8
0
  6
Continuous
 62
     7
100
AcDbLine
 10
-108.8260753275774
 20
9.51132254469414
 30
0.0
 11
-107.5260753275763
 21
9.51132254469414
 31
0.0
  0
LINE
  5
AEC
330
1F
100
AcDbEntity
  8
0
  6
Continuous
 62
     7
100
AcDbLine
 10
-108.8260753275774
 20
9.51132254469414
 30
0.0
 11
-108.8260753275774
 21
8.21132254469396
 31
0.0
  0
LINE
  5
AED
330
1F
100
AcDbEntity
  8
0
  6
Continuous
 62
     7
100
AcDbLine
 10
-108.8260753275774
 20
9.51132254469414
 30
0.0
 11
-107.5260753275763
 21
9.51132254469414
 31
0.0
  0
LINE
  5
AEE
330
1F
100
AcDbEntity
  8
0
  6
Continuous
 62
     7
100
AcDbLine
 10
-108.8260753275774
 20
9.51132254469414
 30
0.0
 11
-107.5260753275763
 21
9.51132254469414
 31
0.0
  0
LINE
  5
AEF
330
1F
100
AcDbEntity
  8
0
  6
Continuous
 62
     7
100
AcDbLine
 10
-108.8260753275774
 20
9.51132254469414
 30
0.0
 11
-110.1260753275758
 21
9.51132254469414
 31
0.0
  0
LINE
  5
AF0
330
1F
100
AcDbEntity
  8
0
  6
Continuous
 62
     7
100
AcDbLine
 10
-108.8260753275774
 20
9.51132254469414
 30
0.0
 11
-110.1260753275758
 21
9.51132254469414
 31
0.0
  0
LINE
  5
AF1
330
1F
100
AcDbEntity
  8
0
  6
Continuous
 62
     7
100
AcDbLine
 10
-108.8260753275774
 20
9.51132254469414
 30
0.0
 11
-110.1260753275758
 21
9.51132254469414
 31
0.0
  0
LINE
  5
AF2
330
1F
100
AcDbEntity
  8
0
  6
Continuous
 62
     7
100
AcDbLine
 10
-118.8260753275774
 20
19.71132254468304
 30
0.0
 11
-118.8260753275774
 21
18.41132254468377
 31
0.0
  0
LINE
  5
AF3
330
1F
100
AcDbEntity
  8
0
  6
Continuous
 62
     7
100
AcDbLine
 10
-118.8260753275774
 20
19.71132254468304
 30
0.0
 11
-117.5260753275763
 21
19.71132254468304
 31
0.0
  0
LINE
  5
AF4
330
1F
100
AcDbEntity
  8
0
  6
Continuous
 62
     7
100
AcDbLine
 10
-118.8260753275774
 20
19.71132254468304
 30
0.0
 11
-118.8260753275774
 21
21.01132254468413
 31
0.0
  0
LINE
  5
AF5
330
1F
100
AcDbEntity
  8
0
  6
Continuous
 62
     7
100
AcDbLine
 10
-118.8260753275774
 20
19.71132254468304
 30
0.0
 11
-118.8260753275774
 21
21.01132254468413
 31
0.0
  0
LINE
  5
AF6
330
1F
100
AcDbEntity
  8
0
  6
Continuous
 62
     7
100
AcDbLine
 10
-118.8260753275774
 20
19.71132254468304
 30
0.0
 11
-117.5260753275763
 21
19.71132254468304
 31
0.0
  0
LINE
  5
AF7
330
1F
100
AcDbEntity
  8
0
  6
Continuous
 62
     7
100
AcDbLine
 10
-118.8260753275774
 20
19.71132254468304
 30
0.0
 11
-118.8260753275774
 21
18.41132254468377
 31
0.0
  0
LINE
  5
AF8
330
1F
100
AcDbEntity
  8
0
  6
Continuous
 62
     7
100
AcDbLine
 10
-118.8260753275774
 20
19.71132254468304
 30
0.0
 11
-117.5260753275763
 21
19.71132254468304
 31
0.0
  0
LINE
  5
AF9
330
1F
100
AcDbEntity
  8
0
  6
Continuous
 62
     7
100
AcDbLine
 10
-118.8260753275774
 20
19.71132254468304
 30
0.0
 11
-117.5260753275763
 21
19.71132254468304
 31
0.0
  0
LINE
  5
AFA
330
1F
100
AcDbEntity
  8
0
  6
Continuous
 62
     7
100
AcDbLine
 10
-118.8260753275774
 20
19.71132254468304
 30
0.0
 11
-120.1260753275758
 21
19.71132254468304
 31
0.0
  0
LINE
  5
AFB
330
1F
100
AcDbEntity
  8
0
  6
Continuous
 62
     7
100
AcDbLine
 10
-118.8260753275774
 20
19.71132254468304
 30
0.0
 11
-120.1260753275758
 21
19.71132254468304
 31
0.0
  0
LINE
  5
AFC
330
1F
100
AcDbEntity
  8
0
  6
Continuous
 62
     7
100
AcDbLine
 10
-118.8260753275774
 20
19.71132254468304
 30
0.0
 11
-120.1260753275758
 21
19.71132254468304
 31
0.0
  0
LINE
  5
AFD
330
1F
100
AcDbEntity
  8
0
  6
Continuous
 62
     7
100
AcDbLine
 10
-128.0714582348265
 20
18.31132254468704
 30
0.0
 11
-127.867817758077
 21
18.31132254468704
 31
0.0
  0
LINE
  5
AFE
330
1F
100
AcDbEntity
  8
0
  6
Continuous
 62
     2
100
AcDbLine
 10
-133.0422912597262
 20
12.4514288748662
 30
0.0
 11
-133.0422912597262
 21
26.31132254468341
 31
0.0
  0
LINE
  5
AFF
330
1F
100
AcDbEntity
  8
0
  6
Continuous
 62
     2
100
AcDbLine
 10
-111.3398593953773
 20
26.31132254468341
 30
0.0
 11
-111.3398593953773
 21
12.21132254468304
 31
0.0
  0
LINE
  5
B00
330
1F
100
AcDbEntity
  8
0
  6
Continuous
 62
     2
100
AcDbLine
 10
-126.7943420672766
 20
26.31132254468341
 30
0.0
 11
-126.7943420672766
 21
23.31132254468341
 31
0.0
  0
LINE
  5
B01
330
1F
100
AcDbEntity
  8
0
  6
CENTER2
 62
     1
100
AcDbLine
 10
-100.201322180955
 20
-7.288677455316959
 30
0.0
 11
-144.5612425694363
 21
-7.288677455316959
 31
0.0
  0
LINE
  5
B02
330
1F
100
AcDbEntity
  8
0
  6
CENTER2
 62
     1
100
AcDbLine
 10
-121.8260753275774
 20
-28.15360695181496
 30
0.0
 11
-121.8260753275774
 21
34.61132254468359
 31
0.0
  0
LINE
  5
B03
330
1F
100
AcDbEntity
  8
0
  6
Continuous
 62
     7
100
AcDbLine
 10
-141.3260753275774
 20
-22.48867738359038
 30
0.0
 11
-141.3260753275774
 21
-7.288677419451939
 31
0.0
  0
LINE
  5
B04
330
1F
100
AcDbEntity
  8
0
  6
Continuous
 62
     7
100
AcDbLine
 10
-134.3260753275774
 20
-26.78867745532241
 30
0.0
 11
-121.8260753275774
 21
-26.78867745532241
 31
0.0
  0
LINE
  5
B05
330
1F
100
AcDbEntity
  8
0
  6
Continuous
 62
     7
100
AcDbLine
 10
-141.3260753275774
 20
-23.78867745532241
 30
0.0
 11
-141.3260753275774
 21
-22.48867738359038
 31
0.0
  0
LINE
  5
B06
330
1F
100
AcDbEntity
  8
0
  6
Continuous
 62
     7
100
AcDbLine
 10
-138.3260753275774
 20
-26.78867745532241
 30
0.0
 11
-134.3260753275774
 21
-26.78867745532241
 31
0.0
  0
LINE
  5
B07
330
1F
100
AcDbEntity
  8
0
  6
Continuous
 62
     7
100
AcDbLine
 10
-140.8260753275774
 20
-21.98867738359038
 30
0.0
 11
-140.5760753275774
 21
-21.98867738359038
 31
0.0
  0
LINE
  5
B08
330
1F
100
AcDbEntity
  8
0
  6
Continuous
 62
     7
100
AcDbLine
 10
-107.126075399294
 20
-26.28867745531696
 30
0.0
 11
-107.126075399294
 21
-26.03867745531241
 31
0.0
  0
LINE
  5
B09
330
1F
100
AcDbEntity
  8
0
  6
Continuous
 62
     7
100
AcDbLine
 10
-102.3260753275665
 20
-23.78867745531696
 30
0.0
 11
-102.3260753275665
 21
-19.78867745531696
 31
0.0
  0
LINE
  5
B0A
330
1F
100
AcDbEntity
  8
0
  6
Continuous
 62
     7
100
AcDbLine
 10
-105.3260753275665
 20
-26.78867745531697
 30
0.0
 11
-106.626075399294
 21
-26.78867745531697
 31
0.0
  0
LINE
  5
B0B
330
1F
100
AcDbEntity
  8
0
  6
Continuous
 62
     7
100
AcDbLine
 10
-102.3260753275665
 20
-19.78867745531696
 30
0.0
 11
-102.3260753275665
 21
-7.288677455316959
 31
0.0
  0
LINE
  5
B0C
330
1F
100
AcDbEntity
  8
0
  6
Continuous
 62
     7
100
AcDbLine
 10
-106.626075399294
 20
-26.78867745531697
 30
0.0
 11
-121.826075363437
 21
-26.78867745531697
 31
0.0
  0
LINE
  5
B0D
330
1F
100
AcDbEntity
  8
0
  6
Continuous
 62
     7
100
AcDbLine
 10
-102.8260753275774
 20
7.41132247295829
 30
0.0
 11
-103.0760753275774
 21
7.41132247295829
 31
0.0
  0
LINE
  5
B0E
330
1F
100
AcDbEntity
  8
0
  6
Continuous
 62
     7
100
AcDbLine
 10
-105.3260753275774
 20
12.2113225446885
 30
0.0
 11
-106.3260753275774
 21
12.2113225446885
 31
0.0
  0
LINE
  5
B0F
330
1F
100
AcDbEntity
  8
0
  6
Continuous
 62
     7
100
AcDbLine
 10
-102.3260753275772
 20
9.2113225446883
 30
0.0
 11
-102.3260753275774
 21
7.91132247295829
 31
0.0
  0
LINE
  5
B10
330
1F
100
AcDbEntity
  8
0
  6
Continuous
 62
     7
100
AcDbLine
 10
-102.3260753275774
 20
7.91132247295829
 30
0.0
 11
-102.3260753275774
 21
-7.288677491181969
 31
0.0
  0
LINE
  5
B11
330
1F
100
AcDbEntity
  8
0
  6
Continuous
 62
     7
100
AcDbLine
 10
-114.5760753275774
 20
18.31132254468704
 30
0.0
 11
-113.8260753275774
 21
18.31132254468704
 31
0.0
  0
LINE
  5
B12
330
1F
100
AcDbEntity
  8
0
  6
Continuous
 62
     7
100
AcDbLine
 10
-105.3260753275774
 20
12.21132254468304
 30
0.0
 11
-109.3260753275774
 21
12.21132254468304
 31
0.0
  0
LINE
  5
B13
330
1F
100
AcDbEntity
  8
0
  6
Continuous
 62
     7
100
AcDbLine
 10
-110.3398593953773
 20
12.21132254468304
 30
0.0
 11
-110.3398593953773
 21
26.31132254468341
 31
0.0
  0
LINE
  5
B14
330
1F
100
AcDbEntity
  8
0
  6
Continuous
 62
     7
100
AcDbLine
 10
-111.3398593953773
 20
26.31132254468341
 30
0.0
 11
-126.0622912597266
 21
26.31132254468341
 31
0.0
  0
LINE
  5
B15
330
1F
100
AcDbEntity
  8
0
  6
Continuous
 62
     7
100
AcDbLine
 10
-111.3398593953773
 20
26.31132254468341
 30
0.0
 11
-110.3398593953773
 21
26.31132254468341
 31
0.0
  0
LINE
  5
B16
330
1F
100
AcDbEntity
  8
0
  6
Continuous
 62
     7
100
AcDbLine
 10
-126.0622912597266
 20
26.31132254468341
 30
0.0
 11
-128.7943420672766
 21
26.31132254468341
 31
0.0
  0
LINE
  5
B17
330
1F
100
AcDbEntity
  8
0
  6
Continuous
 62
     7
100
AcDbLine
 10
-128.7943420672766
 20
26.31132254468341
 30
0.0
 11
-133.0443420672766
 21
26.31132254468341
 31
0.0
  0
LINE
  5
B18
330
1F
100
AcDbEntity
  8
0
  6
Continuous
 62
     7
100
AcDbLine
 10
-128.0714582348265
 20
18.31132254468704
 30
0.0
 11
-128.0714582348265
 21
23.31132254468341
 31
0.0
  0
LINE
  5
B19
330
1F
100
AcDbEntity
  8
0
  6
Continuous
 62
     7
100
AcDbLine
 10
-133.3122912597266
 20
26.31132254468341
 30
0.0
 11
-133.0443420672766
 21
26.31132254468341
 31
0.0
  0
LINE
  5
B1A
330
1F
100
AcDbEntity
  8
0
  6
Continuous
 62
     7
100
AcDbLine
 10
-133.3122912597266
 20
26.31132254468341
 30
0.0
 11
-133.3122912597266
 21
12.51462881757218
 31
0.0
  0
LINE
  5
B1B
330
1F
100
AcDbEntity
  8
0
  6
Continuous
 62
     7
100
AcDbLine
 10
-131.826269205025
 20
12.21132254468304
 30
0.0
 11
-132.4576820195564
 21
12.21132254468304
 31
0.0
  0
LINE
  5
B1C
330
1F
100
AcDbEntity
  8
0
  6
Continuous
 62
     7
100
AcDbLine
 10
-110.8260753275774
 20
12.21132254468304
 30
0.0
 11
-111.329859395377
 21
12.21132254468304
 31
0.0
  0
LINE
  5
B1D
330
1F
100
AcDbEntity
  8
0
  6
Continuous
 62
     7
100
AcDbLine
 10
-112.3260753275774
 20
16.81132254468704
 30
0.0
 11
-112.3260753275774
 21
13.12440985037412
 31
0.0
  0
LINE
  5
B1E
330
1F
100
AcDbEntity
  8
0
  6
Continuous
 62
     7
100
AcDbLine
 10
-109.3260753275774
 20
12.21132254468304
 30
0.0
 11
-110.8260753275774
 21
12.21132254468304
 31
0.0
  0
LINE
  5
B1F
330
1F
100
AcDbEntity
  8
0
  6
Continuous
 62
     7
100
AcDbLine
 10
-115.5760753275774
 20
18.81132254468704
 30
0.0
 11
-115.5760753275774
 21
22.31132254468341
 31
0.0
  0
LINE
  5
B20
330
1F
100
AcDbEntity
  8
0
  6
Continuous
 62
     7
100
AcDbLine
 10
-131.3260753275774
 20
13.21132254468304
 30
0.0
 11
-131.3260753275774
 21
16.81132254468704
 31
0.0
  0
LINE
  5
B21
330
1F
100
AcDbEntity
  8
0
  6
Continuous
 62
     7
100
AcDbLine
 10
-141.3260753275774
 20
5.21132254468304
 30
0.0
 11
-141.3260753275774
 21
9.211322544683039
 31
0.0
  0
LINE
  5
B22
330
1F
100
AcDbEntity
  8
0
  6
Continuous
 62
     7
100
AcDbLine
 10
-141.3260753275774
 20
5.21132254468304
 30
0.0
 11
-141.3260753275774
 21
-7.288677455316959
 31
0.0
  0
LINE
  5
B23
330
1F
100
AcDbEntity
  8
0
  6
Continuous
 62
     7
100
AcDbLine
 10
-128.0714582348265
 20
23.31132254468341
 30
0.0
 11
-116.5760753275772
 21
23.31132254468322
 31
0.0
  0
LINE
  5
B24
330
1F
100
AcDbEntity
  8
0
  6
Continuous
 62
     2
100
AcDbLine
 10
-128.7943420672766
 20
23.31132254468341
 30
0.0
 11
-128.7943420672766
 21
26.31132254468341
 31
0.0
  0
LINE
  5
B25
330
1F
100
AcDbEntity
  8
0
  6
Continuous
 62
     7
100
AcDbLine
 10
-129.8260753275774
 20
18.31132254468704
 30
0.0
 11
-128.0714582348265
 21
18.31132254468704
 31
0.0
  0
LINE
  5
B26
330
1F
100
AcDbEntity
  8
0
  6
Continuous
 62
     7
100
AcDbLine
 10
-128.0714582348265
 20
23.31132254468341
 30
0.0
 11
-128.7943420672766
 21
23.31132254468341
 31
0.0
  0
LINE
  5
B27
330
1F
100
AcDbEntity
  8
0
  6
Continuous
 62
     7
100
AcDbLine
 10
-105.8285946724666
 20
12.20953698879313
 30
0.0
 11
-105.898552550807
 21
16.21742115888102
 31
0.0
  0
LINE
  5
B28
330
1F
100
AcDbEntity
  8
0
  6
Continuous
 62
     7
100
AcDbLine
 10
-108.0285946724764
 20
12.20953698879313
 30
0.0
 11
-108.098552550806
 21
16.21742115888102
 31
0.0
  0
LINE
  5
B29
330
1F
100
AcDbEntity
  8
0
  6
Continuous
 62
     7
100
AcDbLine
 10
-110.3398593953773
 20
16.51218543695561
 30
0.0
 11
-106.198506859356
 21
16.51218543695561
 31
0.0
  0
LINE
  5
B2A
330
1F
100
AcDbEntity
  8
0
  6
Continuous
 62
     7
100
AcDbLine
 10
-137.8217051041739
 20
12.20953698879313
 30
0.0
 11
-137.7517472258462
 21
16.21742115888102
 31
0.0
  0
LINE
  5
B2B
330
1F
100
AcDbEntity
  8
0
  6
Continuous
 62
     7
100
AcDbLine
 10
-135.6217051041759
 20
12.20953698879313
 30
0.0
 11
-135.5517472258473
 21
16.21742115888102
 31
0.0
  0
LINE
  5
B2C
330
1F
100
AcDbEntity
  8
0
  6
Continuous
 62
     7
100
AcDbLine
 10
-133.3122912597266
 20
16.51218543695561
 30
0.0
 11
-137.4517929172964
 21
16.51218543695561
 31
0.0
  0
LINE
  5
B2D
330
1F
100
AcDbEntity
  8
0
  6
Continuous
 62
     7
100
AcDbLine
 10
-128.5260753275763
 20
7.811405325912549
 30
0.0
 11
-128.5260753275763
 21
7.831720535663611
 31
0.0
  0
LINE
  5
B2E
330
1F
100
AcDbEntity
  8
0
  6
Continuous
 62
     7
100
AcDbLine
 10
-115.1260753275758
 20
7.205812337602959
 30
0.0
 11
-115.1260753275758
 21
7.12707557412361
 31
0.0
  0
LINE
  5
B2F
330
1F
100
AcDbEntity
  8
0
  6
Continuous
 62
     7
100
AcDbLine
 10
-111.5760753275774
 20
11.96132254469214
 30
0.0
 11
-105.3260753275774
 21
11.96132254469214
 31
0.0
  0
LINE
  5
B30
330
1F
100
AcDbEntity
  8
0
  6
Continuous
 62
     7
100
AcDbLine
 10
-115.1260753275758
 20
14.0613225446925
 30
0.0
 11
-115.1260753275758
 21
7.83172053567361
 31
0.0
  0
LINE
  5
B31
330
1F
100
AcDbEntity
  8
0
  6
Continuous
 62
     7
100
AcDbLine
 10
-126.5260753275763
 20
16.06132254469249
 30
0.0
 11
-117.1260753275758
 21
16.06132254469249
 31
0.0
  0
LINE
  5
B32
330
1F
100
AcDbEntity
  8
0
  6
Continuous
 62
     7
100
AcDbLine
 10
-128.5260753275763
 20
7.831720535663611
 30
0.0
 11
-128.5260753275763
 21
14.0613225446925
 31
0.0
  0
LINE
  5
B33
330
1F
100
AcDbEntity
  8
0
  6
Continuous
 62
     7
100
AcDbLine
 10
-138.3260753275774
 20
-26.53867745531241
 30
0.0
 11
-113.0260753992972
 21
-26.53867745531241
 31
0.0
  0
LINE
  5
B34
330
1F
100
AcDbEntity
  8
0
  6
Continuous
 62
     7
100
AcDbLine
 10
-102.5760753275774
 20
1.51132247296411
 30
0.0
 11
-102.5760753275774
 21
-23.78867745531241
 31
0.0
  0
LINE
  5
B35
330
1F
100
AcDbEntity
  8
0
  6
Continuous
 62
     7
100
AcDbLine
 10
-106.626075399294
 20
-26.53867745531241
 30
0.0
 11
-105.3260753275774
 21
-26.53867745531241
 31
0.0
  0
LINE
  5
B36
330
1F
100
AcDbEntity
  8
0
  6
Continuous
 62
     7
100
AcDbLine
 10
-112.5260753992972
 20
-24.28867746492486
 30
0.0
 11
-112.5260753992972
 21
-26.03867745531241
 31
0.0
  0
LINE
  5
B37
330
1F
100
AcDbEntity
  8
0
  6
Continuous
 62
     7
100
AcDbLine
 10
-107.126075399294
 20
-24.28867746492486
 30
0.0
 11
-107.126075399294
 21
-26.03867745531241
 31
0.0
  0
LINE
  5
B38
330
1F
100
AcDbEntity
  8
0
  6
Continuous
 62
     7
100
AcDbLine
 10
-104.8260753179659
 20
7.411322472962839
 30
0.0
 11
-103.0760753275774
 21
7.411322472962839
 31
0.0
  0
LINE
  5
B39
330
1F
100
AcDbEntity
  8
0
  6
Continuous
 62
     7
100
AcDbLine
 10
-104.8260753179659
 20
2.011322472964109
 30
0.0
 11
-103.0760753275774
 21
2.011322472964109
 31
0.0
  0
LINE
  5
B3A
330
1F
100
AcDbEntity
  8
0
  6
Continuous
 62
     7
100
AcDbLine
 10
-102.5760753275774
 20
7.911322472962839
 30
0.0
 11
-102.5760753275774
 21
9.211322544692141
 31
0.0
  0
LINE
  5
B3B
330
1F
100
AcDbEntity
  8
0
  6
Continuous
 62
     7
100
AcDbLine
 10
-135.5753608362668
 20
11.96132254468304
 30
0.0
 11
-138.2760753275763
 21
11.96132254468304
 31
0.0
  0
LINE
  5
B3C
330
1F
100
AcDbEntity
  8
0
  6
Continuous
 62
     7
100
AcDbLine
 10
-141.0760753275774
 20
-16.08867738358801
 30
0.0
 11
-141.0760753275774
 21
9.161322544692868
 31
0.0
  0
LINE
  5
B3D
330
1F
100
AcDbEntity
  8
0
  6
Continuous
 62
     7
100
AcDbLine
 10
-138.826075337187
 20
-21.98867738358584
 30
0.0
 11
-140.5760753275774
 21
-21.98867738358584
 31
0.0
  0
LINE
  5
B3E
330
1F
100
AcDbEntity
  8
0
  6
Continuous
 62
     7
100
AcDbLine
 10
-138.826075337187
 20
-16.58867738358801
 30
0.0
 11
-140.5760753275774
 21
-16.58867738358801
 31
0.0
  0
LINE
  5
B3F
330
1F
100
AcDbEntity
  8
0
  6
Continuous
 62
     7
100
AcDbLine
 10
-141.0760753275774
 20
-22.48867738358584
 30
0.0
 11
-141.0760753275774
 21
-23.78867745531241
 31
0.0
  0
LINE
  5
B40
330
1F
100
AcDbEntity
  8
0
  6
Continuous
 62
     7
100
AcDbLine
 10
-112.5760753275774
 20
12.96132254469214
 30
0.0
 11
-112.5760753275774
 21
16.71132254468304
 31
0.0
  0
LINE
  5
B41
330
1F
100
AcDbEntity
  8
0
  6
Continuous
 62
     7
100
AcDbLine
 10
-131.076269205025
 20
16.76132254468413
 30
0.0
 11
-131.076269205025
 21
12.96132254468304
 31
0.0
  0
LINE
  5
B42
330
1F
100
AcDbEntity
  8
0
  6
Continuous
 62
     7
100
AcDbLine
 10
-129.826269205025
 20
18.01132254468413
 30
0.0
 11
-128.3260753275774
 21
18.01132254468413
 31
0.0
  0
LINE
  5
B43
330
1F
100
AcDbEntity
  8
0
  6
Continuous
 62
     7
100
AcDbLine
 10
-127.0760753275774
 20
23.01132254468413
 30
0.0
 11
-116.6260753275758
 21
23.01132254468413
 31
0.0
  0
LINE
  5
B44
330
1F
100
AcDbEntity
  8
0
  6
Continuous
 62
     7
100
AcDbLine
 10
-127.8260753275774
 20
18.51132254468413
 30
0.0
 11
-127.8260753275774
 21
22.26132254468413
 31
0.0
  0
LINE
  5
B45
330
1F
100
AcDbEntity
  8
0
  6
Continuous
 62
     7
100
AcDbLine
 10
-114.5260753275763
 20
18.01132254468413
 30
0.0
 11
-113.8760753275758
 21
18.01132254468413
 31
0.0
  0
LINE
  5
B46
330
1F
100
AcDbEntity
  8
0
  6
Continuous
 62
     7
100
AcDbLine
 10
-115.8260753275774
 20
22.21132254468304
 30
0.0
 11
-115.8260753275772
 21
19.31132254468321
 31
0.0
  0
LINE
  5
B47
330
1F
100
AcDbEntity
  8
0
  6
Continuous
 62
     7
100
AcDbLine
 10
-115.1260753275758
 20
7.83172053567361
 30
0.0
 11
-115.1260753275758
 21
7.811405325912549
 31
0.0
  0
LINE
  5
B48
330
1F
100
AcDbEntity
  8
0
  6
Continuous
 62
     7
100
AcDbLine
 10
-128.5260753275763
 20
6.247570178353469
 30
0.0
 11
-128.5260753275763
 21
7.831720535663611
 31
0.0
  0
LINE
  5
B49
330
1F
100
AcDbEntity
  8
0
  6
Continuous
 62
     7
100
AcDbLine
 10
-115.1260753275758
 20
7.83172053567361
 30
0.0
 11
-115.1260753275758
 21
6.247570178353469
 31
0.0
  0
LINE
  5
B4A
330
1F
100
AcDbEntity
  8
0
  6
Continuous
 62
     7
100
AcDbLine
 10
-115.726075327577
 20
31.61132254468359
 30
0.0
 11
-115.726075327577
 21
26.31132254468341
 31
0.0
  0
LINE
  5
B4B
330
1F
100
AcDbEntity
  8
0
  6
Continuous
 62
     7
100
AcDbLine
 10
-127.9160753275748
 20
31.61132254468359
 30
0.0
 11
-115.726075327577
 21
31.61132254468359
 31
0.0
  0
LINE
  5
B4C
330
1F
100
AcDbEntity
  8
0
  6
Continuous
 62
     7
100
AcDbLine
 10
-127.9160753275748
 20
26.31132254468341
 30
0.0
 11
-127.9160753275748
 21
31.61132254468359
 31
0.0
  0
LINE
  5
B4D
330
1F
100
AcDbEntity
  8
0
  6
Continuous
 62
     7
100
AcDbLine
 10
-124.216075327575
 20
26.31132254468341
 30
0.0
 11
-124.216075327575
 21
31.61132254468359
 31
0.0
  0
ARC
  5
BBE
330
1F
100
AcDbEntity
  8
0
  6
Continuous
 62
     7
100
AcDbCircle
 10
91.17910029962274
 20
106.2907037813149
 30
0.0
 40
1.5
100
AcDbArc
 50
180.0
 51
270.0
  0
ARC
  5
BBF
330
1F
100
AcDbEntity
  8
0
  6
Continuous
 62
     7
100
AcDbCircle
 10
91.17910029962274
 20
106.2907037813149
 30
0.0
 40
1.5
100
AcDbArc
 50
90.0
 51
180.0
  0
ARC
  5
BC0
330
1F
100
AcDbEntity
  8
0
  6
Continuous
 62
     7
100
AcDbCircle
 10
122.098414492998
 20
94.15464443494441
 30
0.0
 40
4.0
100
AcDbArc
 50
270.0
 51
280.2188919101581
  0
ARC
  5
BC1
330
1F
100
AcDbEntity
  8
0
  6
Continuous
 62
     7
100
AcDbCircle
 10
122.098414492998
 20
94.15464443494441
 30
0.0
 40
4.000000000008491
100
AcDbArc
 50
280.2188919101581
 51
67.97568716291744
  0
ARC
  5
BC2
330
1F
100
AcDbEntity
  8
0
  6
Continuous
 62
     7
100
AcDbCircle
 10
122.098414492998
 20
94.15464443494441
 30
0.0
 40
3.99999999999306
100
AcDbArc
 50
112.0243128370825
 51
270.0
  0
ARC
  5
BC3
330
1F
100
AcDbEntity
  8
0
  6
Continuous
 62
     4
100
AcDbCircle
 10
-48.80488992394402
 20
84.9416335838425
 30
0.0
 40
2.199999999999491
100
AcDbArc
 50
210.0000000046135
 51
300.0000000046577
  0
ARC
  5
BC4
330
1F
100
AcDbEntity
  8
0
  6
Continuous
 62
     4
100
AcDbCircle
 10
-129.7484142328578
 20
32.81132254467613
 30
0.0
 40
6.5
100
AcDbArc
 50
90.0
 51
237.1087707134873
  0
ARC
  5
BC5
330
1F
100
AcDbEntity
  8
0
  6
Continuous
 62
     4
100
AcDbCircle
 10
-24.94748703926615
 20
104.6546444352464
 30
0.0
 40
5.499999999817905
100
AcDbArc
 50
36.86989764333679
 51
143.1301023566689
  0
ARC
  5
BC6
330
1F
100
AcDbEntity
  8
0
  6
Continuous
 62
     4
100
AcDbCircle
 10
-24.94748703926615
 20
83.65464443462791
 30
0.0
 40
5.499999999802824
100
AcDbArc
 50
216.8698976431115
 51
323.1301023568827
  0
ARC
  5
BC7
330
1F
100
AcDbEntity
  8
0
  6
Continuous
 62
     4
100
AcDbCircle
 10
-0.88252491779639
 20
92.52964443491348
 30
0.0
 40
2.927462121215171
100
AcDbArc
 50
326.2832024652909
 51
33.71679753616058
  0
ARC
  5
BC8
330
1F
100
AcDbEntity
  8
0
  6
Continuous
 62
     4
100
AcDbCircle
 10
3.98755083981524
 20
92.52964443497532
 30
0.0
 40
2.927462121238623
100
AcDbArc
 50
146.2832024655972
 51
213.7167975358543
  0
ARC
  5
BC9
330
1F
100
AcDbEntity
  8
0
  6
Continuous
 62
     4
100
AcDbCircle
 10
-0.88252491780639
 20
95.77964443491348
 30
0.0
 40
2.927462121189449
100
AcDbArc
 50
326.2832024649549
 51
33.71679753648666
  0
ARC
  5
BCA
330
1F
100
AcDbEntity
  8
0
  6
Continuous
 62
     4
100
AcDbCircle
 10
-7.44748703909698
 20
100.1546444355456
 30
0.0
 40
0.5
100
AcDbArc
 50
0.0
 51
90.00000000072963
  0
ARC
  5
BCB
330
1F
100
AcDbEntity
  8
0
  6
Continuous
 62
     4
100
AcDbCircle
 10
-15.64748703923596
 20
88.70464443574404
 30
0.0
 40
0.5
100
AcDbArc
 50
89.99999998843073
 51
179.9999999764462
  0
ARC
  5
BCC
330
1F
100
AcDbEntity
  8
0
  6
Continuous
 62
     4
100
AcDbCircle
 10
-15.64748703923596
 20
99.60464443574549
 30
0.0
 40
0.4999999999999983
100
AcDbArc
 50
179.9999999764462
 51
269.9999999645661
  0
ARC
  5
BCD
330
1F
100
AcDbEntity
  8
0
  6
Continuous
 62
     4
100
AcDbCircle
 10
-13.54748703904096
 20
88.15464443545192
 30
0.0
 40
0.5
100
AcDbArc
 50
180.0
 51
270.000000017301
  0
ARC
  5
BCE
330
1F
100
AcDbEntity
  8
0
  6
Continuous
 62
     4
100
AcDbCircle
 10
-7.44748703894419
 20
88.15464443552649
 30
0.0
 40
0.5
100
AcDbArc
 50
270.0
 51
0.00000000062532
  0
ARC
  5
BCF
330
1F
100
AcDbEntity
  8
0
  6
Continuous
 62
     4
100
AcDbCircle
 10
-5.247487038962559
 20
88.95464443539658
 30
0.0
 40
0.3000000000001819
100
AcDbArc
 50
270.0000000015633
 51
0.0000000005211
  0
ARC
  5
BD0
330
1F
100
AcDbEntity
  8
0
  6
Continuous
 62
     4
100
AcDbCircle
 10
-5.24748703908716
 20
99.3546444357382
 30
0.0
 40
0.3000000000001828
100
AcDbArc
 50
0.0
 51
90.0
  0
ARC
  5
BD1
330
1F
100
AcDbEntity
  8
0
  6
Continuous
 62
     4
100
AcDbCircle
 10
-13.54748703903096
 20
100.1546444354719
 30
0.0
 40
0.5
100
AcDbArc
 50
90.00000000062451
 51
180.0
  0
ARC
  5
BD2
330
1F
100
AcDbEntity
  8
0
  6
Continuous
 62
     4
100
AcDbCircle
 10
-18.14748703926596
 20
82.35464443495605
 30
0.0
 40
2.0
100
AcDbArc
 50
269.9999999647216
 51
359.9999999526839
  0
ARC
  5
BD3
330
1F
100
AcDbEntity
  8
0
  6
Continuous
 62
     4
100
AcDbCircle
 10
-31.74748703926633
 20
82.35464443495605
 30
0.0
 40
2.000000000000003
100
AcDbArc
 50
179.999999976837
 51
269.9999999647734
  0
ARC
  5
BD4
330
1F
100
AcDbEntity
  8
0
  6
Continuous
 62
     4
100
AcDbCircle
 10
-31.74748703926633
 20
105.9546444349446
 30
0.0
 40
1.999999999959995
100
AcDbArc
 50
90.00000000229304
 51
179.999999976526
  0
ARC
  5
BD5
330
1F
100
AcDbEntity
  8
0
  6
Continuous
 62
     4
100
AcDbCircle
 10
-18.14748703926596
 20
105.9546444349446
 30
0.0
 40
2.0
100
AcDbArc
 50
0.0
 51
90.0
  0
ARC
  5
BD6
330
1F
100
AcDbEntity
  8
0
  6
Continuous
 62
     4
100
AcDbCircle
 10
-50.09008415406987
 20
103.3676552866793
 30
0.0
 40
2.199999999998615
100
AcDbArc
 50
29.99999999997878
 51
119.9999999999859
  0
LINE
  5
BD7
330
1F
100
AcDbEntity
  8
0
  6
Continuous
 62
     4
100
AcDbLine
 10
-41.03482826596535
 20
92.0834920130612
 30
0.0
 11
-41.03481796231897
 21
92.08347416747093
 31
0.0
  0
ARC
  5
BD8
330
1F
100
AcDbEntity
  8
0
  6
Continuous
 62
     4
100
AcDbCircle
 10
-39.1004072532234
 20
106.1329765356705
 30
0.0
 40
0.3000000000002016
100
AcDbArc
 50
30.00000000011065
 51
120.0000000001899
  0
ARC
  5
BD9
330
1F
100
AcDbEntity
  8
0
  6
Continuous
 62
     4
100
AcDbCircle
 10
-41.79008415361676
 20
88.9916335844102
 30
0.0
 40
2.199999999999491
100
AcDbArc
 50
300.0000000046135
 51
30.000000004593
  0
ARC
  5
BDA
330
1F
100
AcDbEntity
  8
0
  6
Continuous
 62
     4
100
AcDbCircle
 10
-40.6018155640724
 20
92.3334920130612
 30
0.0
 40
0.50000000000088
100
AcDbArc
 50
210.0023613375322
 51
300.0000000173847
  0
ARC
  5
BDB
330
1F
100
AcDbEntity
  8
0
  6
Continuous
 62
     4
100
AcDbCircle
 10
-33.90040725294438
 20
97.12631233607792
 30
0.0
 40
0.2999999999973978
100
AcDbArc
 50
300.0000000016123
 51
30.00000000070161
  0
ARC
  5
BDC
330
1F
100
AcDbEntity
  8
0
  6
Continuous
 62
     4
100
AcDbCircle
 10
-35.40566314131883
 20
95.33349201317214
 30
0.0
 40
0.4999999999990565
100
AcDbArc
 50
300.0000000000623
 51
30.00000000093999
  0
ARC
  5
BDD
330
1F
100
AcDbEntity
  8
0
  6
Continuous
 62
     4
100
AcDbCircle
 10
-41.40566314146162
 20
105.7257968585256
 30
0.0
 40
0.4999999999998503
100
AcDbArc
 50
30.00000000000991
 51
120.0000000006686
  0
ARC
  5
BDE
330
1F
100
AcDbEntity
  8
0
  6
Continuous
 62
     4
100
AcDbCircle
 10
-46.6018155640724
 20
102.7257968584956
 30
0.0
 40
0.4999999999994221
100
AcDbArc
 50
120.0000000007603
 51
209.9999999999426
  0
ARC
  5
BDF
330
1F
100
AcDbEntity
  8
0
  6
Continuous
 62
     4
100
AcDbCircle
 10
-57.10488992472273
 20
99.31765528668005
 30
0.0
 40
2.199999999999938
100
AcDbArc
 50
120.0000000000392
 51
210.000000000024
  0
ARC
  5
BE0
330
1F
100
AcDbEntity
  8
0
  6
Continuous
 62
     4
100
AcDbCircle
 10
-27.70509805598994
 20
29.00000000034399
 30
0.0
 40
1.0
100
AcDbArc
 50
90.0
 51
134.499999999701
  0
ARC
  5
BE1
330
1F
100
AcDbEntity
  8
0
  6
Continuous
 62
     4
100
AcDbCircle
 10
-31.29763934410602
 20
25.57410832140542
 30
0.0
 40
0.9999999999999792
100
AcDbArc
 50
134.4999999998107
 51
178.9999999996091
  0
ARC
  5
BE2
330
1F
100
AcDbEntity
  8
0
  6
Continuous
 62
     4
100
AcDbCircle
 10
-33.40031266554632
 20
19.20000000034563
 30
0.0
 40
0.2999999999983629
100
AcDbArc
 50
90.0
 51
179.0000000007225
  0
ARC
  5
BE3
330
1F
100
AcDbEntity
  8
0
  6
Continuous
 62
     4
100
AcDbCircle
 10
-13.54748703931654
 20
17.44999999870126
 30
0.0
 40
0.5
100
AcDbArc
 50
180.0
 51
270.0000000175096
  0
ARC
  5
BE4
330
1F
100
AcDbEntity
  8
0
  6
Continuous
 62
     4
100
AcDbCircle
 10
-7.447487039219769
 20
17.44999999877675
 30
0.0
 40
0.5
100
AcDbArc
 50
270.0
 51
0.00000000062451
  0
ARC
  5
BE5
330
1F
100
AcDbEntity
  8
0
  6
Continuous
 62
     4
100
AcDbCircle
 10
-5.247487039238139
 20
18.24999999864505
 30
0.0
 40
0.2999999999974499
100
AcDbArc
 50
270.0000000012159
 51
0.00000000121658
  0
ARC
  5
BE6
330
1F
100
AcDbEntity
  8
0
  6
Continuous
 62
     4
100
AcDbCircle
 10
-5.24748703936274
 20
28.64999999898757
 30
0.0
 40
0.300000000000181
100
AcDbArc
 50
0.0
 51
90.0
  0
ARC
  5
BE7
330
1F
100
AcDbEntity
  8
0
  6
Continuous
 62
     4
100
AcDbCircle
 10
-7.44748703937256
 20
29.44999999879403
 30
0.0
 40
0.5
100
AcDbArc
 50
0.0
 51
90.00000000093796
  0
ARC
  5
BE8
330
1F
100
AcDbEntity
  8
0
  6
Continuous
 62
     4
100
AcDbCircle
 10
-13.54748703930653
 20
29.44999999872036
 30
0.0
 40
0.5
100
AcDbArc
 50
90.00000000083417
 51
180.0
  0
ARC
  5
BE9
330
1F
100
AcDbEntity
  8
0
  6
Continuous
 62
     4
100
AcDbCircle
 10
-13.54748703945751
 20
17.44999999931335
 30
0.0
 40
0.5
100
AcDbArc
 50
180.0000000012498
 51
270.0000000009384
  0
ARC
  5
BEA
330
1F
100
AcDbEntity
  8
0
  6
Continuous
 62
     4
100
AcDbCircle
 10
-13.5474870396003
 20
29.44999999950161
 30
0.0
 40
0.5000000000027285
100
AcDbArc
 50
90.00000000062575
 51
180.0
  0
ARC
  5
BEB
330
1F
100
AcDbEntity
  8
0
  6
Continuous
 62
     7
100
AcDbCircle
 10
-33.89431813156006
 20
-143.1862621125158
 30
0.0
 40
2.0
100
AcDbArc
 50
180.0
 51
270.0
  0
ARC
  5
BEC
330
1F
100
AcDbEntity
  8
0
  6
Continuous
 62
     7
100
AcDbCircle
 10
-17.14748703923596
 20
106.9581304197456
 30
0.0
 40
1.0
100
AcDbArc
 50
0.0
 51
90.0
  0
ARC
  5
BED
330
1F
100
AcDbEntity
  8
0
  6
Continuous
 62
     7
100
AcDbCircle
 10
-22.57248703926524
 20
97.65461441743557
 30
0.0
 40
0.2000000000080036
100
AcDbArc
 50
89.99999998853473
 51
179.9999999749871
  0
ARC
  5
BEE
330
1F
100
AcDbEntity
  8
0
  6
Continuous
 62
     7
100
AcDbCircle
 10
-22.57248703926524
 20
97.05461441743338
 30
0.0
 40
0.1999999999979991
100
AcDbArc
 50
180.0
 51
270.0
  0
ARC
  5
BEF
330
1F
100
AcDbEntity
  8
0
  6
Continuous
 62
     7
100
AcDbCircle
 10
-27.32248703926524
 20
94.45461441743303
 30
0.0
 40
0.1999999999998217
100
AcDbArc
 50
0.0
 51
90.0
  0
ARC
  5
BF0
330
1F
100
AcDbEntity
  8
0
  6
Continuous
 62
     7
100
AcDbCircle
 10
-27.32248703926524
 20
93.85461441744356
 30
0.0
 40
0.2000000000080036
100
AcDbArc
 50
270.0
 51
0.0
  0
ARC
  5
BF1
330
1F
100
AcDbEntity
  8
0
  6
Continuous
 62
     7
100
AcDbCircle
 10
-22.57248703926524
 20
91.25461441743592
 30
0.0
 40
0.1999999999970896
100
AcDbArc
 50
90.0
 51
179.999999977332
  0
ARC
  5
BF2
330
1F
100
AcDbEntity
  8
0
  6
Continuous
 62
     7
100
AcDbCircle
 10
-22.57248703926524
 20
90.65461441743556
 30
0.0
 40
0.1999999999979991
100
AcDbArc
 50
180.0
 51
270.0
  0
ARC
  5
BF3
330
1F
100
AcDbEntity
  8
0
  6
Continuous
 62
     7
100
AcDbCircle
 10
-18.14748703926324
 20
105.9546144174339
 30
0.0
 40
2.0
100
AcDbArc
 50
0.0
 51
90.0
  0
ARC
  5
BF4
330
1F
100
AcDbEntity
  8
0
  6
Continuous
 62
     7
100
AcDbCircle
 10
-18.14748703926324
 20
82.35461441744355
 30
0.0
 40
2.0
100
AcDbArc
 50
269.9999999646952
 51
359.9999999527882
  0
ARC
  5
BF5
330
1F
100
AcDbEntity
  8
0
  6
Continuous
 62
     7
100
AcDbCircle
 10
-24.94748703938366
 20
83.65461441737638
 30
0.0
 40
5.50000000006176
100
AcDbArc
 50
270.0000000018495
 51
323.1301023131859
  0
ARC
  5
BF6
330
1F
100
AcDbEntity
  8
0
  6
Continuous
 62
     7
100
AcDbCircle
 10
-31.74748703926542
 20
82.35461441744355
 30
0.0
 40
2.000000000000003
100
AcDbArc
 50
179.9999999768109
 51
269.9999999648255
  0
ARC
  5
BF7
330
1F
100
AcDbEntity
  8
0
  6
Continuous
 62
     7
100
AcDbCircle
 10
-31.74748703926542
 20
105.9546144174339
 30
0.0
 40
1.999999999950901
100
AcDbArc
 50
90.00000000229304
 51
179.9999999765231
  0
ARC
  5
BF8
330
1F
100
AcDbEntity
  8
0
  6
Continuous
 62
     7
100
AcDbCircle
 10
-24.9474870391374
 20
104.6546144174995
 30
0.0
 40
5.50000000006338
100
AcDbArc
 50
90.00000000195718
 51
143.1301023367452
  0
ARC
  5
BF9
330
1F
100
AcDbEntity
  8
0
  6
Continuous
 62
     7
100
AcDbCircle
 10
-25.27248703926324
 20
97.45461441743302
 30
0.0
 40
0.1500000000105501
100
AcDbArc
 50
89.9999999895793
 51
179.9999999729027
  0
ARC
  5
BFA
330
1F
100
AcDbEntity
  8
0
  6
Continuous
 62
     7
100
AcDbCircle
 10
-23.57248703926524
 20
97.45461441743302
 30
0.0
 40
0.1499999999996398
100
AcDbArc
 50
0.0
 51
89.99999998853709
  0
ARC
  5
BFB
330
1F
100
AcDbEntity
  8
0
  6
Continuous
 62
     7
100
AcDbCircle
 10
-25.27248703926324
 20
97.25461441743592
 30
0.0
 40
0.1500000000023611
100
AcDbArc
 50
180.0
 51
269.9999999649124
  0
ARC
  5
BFC
330
1F
100
AcDbEntity
  8
0
  6
Continuous
 62
     7
100
AcDbCircle
 10
-23.57248703926524
 20
97.25461441743592
 30
0.0
 40
0.1499999999923602
100
AcDbArc
 50
270.0
 51
0.0
  0
ARC
  5
BFD
330
1F
100
AcDbEntity
  8
0
  6
Continuous
 62
     7
100
AcDbCircle
 10
-23.57248703926524
 20
94.25461441743591
 30
0.0
 40
0.1499999999996398
100
AcDbArc
 50
0.0
 51
90.0
  0
ARC
  5
BFE
330
1F
100
AcDbEntity
  8
0
  6
Continuous
 62
     7
100
AcDbCircle
 10
-25.27248703926324
 20
94.25461441743591
 30
0.0
 40
0.1499999999996362
100
AcDbArc
 50
90.0
 51
179.9999999774189
  0
ARC
  5
BFF
330
1F
100
AcDbEntity
  8
0
  6
Continuous
 62
     7
100
AcDbCircle
 10
-23.57248703926524
 20
94.05461441743337
 30
0.0
 40
0.1499999999978172
100
AcDbArc
 50
269.9999999656073
 51
0.0
  0
ARC
  5
C00
330
1F
100
AcDbEntity
  8
0
  6
Continuous
 62
     7
100
AcDbCircle
 10
-25.27248703926324
 20
94.05461441743337
 30
0.0
 40
0.1500000000023611
100
AcDbArc
 50
180.0
 51
270.0
  0
ARC
  5
C01
330
1F
100
AcDbEntity
  8
0
  6
Continuous
 62
     7
100
AcDbCircle
 10
-23.57248703926524
 20
91.05461441743337
 30
0.0
 40
0.1499999999996398
100
AcDbArc
 50
0.0
 51
89.99999998853709
  0
ARC
  5
C02
330
1F
100
AcDbEntity
  8
0
  6
Continuous
 62
     7
100
AcDbCircle
 10
-25.27248703926324
 20
91.05461441743337
 30
0.0
 40
0.1499999999996362
100
AcDbArc
 50
89.9999999895793
 51
179.9999999729027
  0
ARC
  5
C03
330
1F
100
AcDbEntity
  8
0
  6
Continuous
 62
     7
100
AcDbCircle
 10
-25.27248703926324
 20
90.85461441744355
 30
0.0
 40
0.1500000000023611
100
AcDbArc
 50
180.0
 51
269.9999999649124
  0
ARC
  5
C04
330
1F
100
AcDbEntity
  8
0
  6
Continuous
 62
     7
100
AcDbCircle
 10
-23.57248703926524
 20
90.85461441744355
 30
0.0
 40
0.1500000000105501
100
AcDbArc
 50
269.9999999656073
 51
0.0
  0
ARC
  5
C05
330
1F
100
AcDbEntity
  8
0
  6
Continuous
 62
     7
100
AcDbCircle
 10
-20.64748703926324
 20
86.20294836768355
 30
0.0
 40
0.3000000000020009
100
AcDbArc
 50
180.0
 51
330.0000000004604
  0
ARC
  5
C06
330
1F
100
AcDbEntity
  8
0
  6
Continuous
 62
     7
100
AcDbCircle
 10
-20.34748703926579
 20
88.12256360997364
 30
0.0
 40
0.9999999999965375
100
AcDbArc
 50
329.9999999998854
 51
0.0
  0
ARC
  5
C07
330
1F
100
AcDbEntity
  8
0
  6
Continuous
 62
     7
100
AcDbCircle
 10
-20.34748703926579
 20
100.186665224903
 30
0.0
 40
1.0
100
AcDbArc
 50
0.0
 51
30.00000000011454
  0
ARC
  5
C08
330
1F
100
AcDbEntity
  8
0
  6
Continuous
 62
     7
100
AcDbCircle
 10
-20.64748703926324
 20
102.106280467194
 30
0.0
 40
0.3000000000020702
100
AcDbArc
 50
29.99999999968523
 51
180.0
  0
ARC
  5
C09
330
1F
100
AcDbEntity
  8
0
  6
Continuous
 62
     7
100
AcDbCircle
 10
-29.54748704603497
 20
100.186665224903
 30
0.0
 40
1.000000000005994
100
AcDbArc
 50
150.0000000001984
 51
180.0
  0
ARC
  5
C0A
330
1F
100
AcDbEntity
  8
0
  6
Continuous
 62
     7
100
AcDbCircle
 10
-29.24748704603479
 20
102.106280467194
 30
0.0
 40
0.2999999999983629
100
AcDbArc
 50
0.0
 51
150.0000000005753
  0
ARC
  5
C0B
330
1F
100
AcDbEntity
  8
0
  6
Continuous
 62
     7
100
AcDbCircle
 10
-29.54748704603497
 20
88.12256360997364
 30
0.0
 40
1.0
100
AcDbArc
 50
180.0
 51
209.9999999998016
  0
ARC
  5
C0C
330
1F
100
AcDbEntity
  8
0
  6
Continuous
 62
     7
100
AcDbCircle
 10
-29.24748704603479
 20
86.20294836768355
 30
0.0
 40
0.3000000000039926
100
AcDbArc
 50
209.9999999992789
 51
0.0
  0
ARC
  5
C0D
330
1F
100
AcDbEntity
  8
0
  6
Continuous
 62
     7
100
AcDbCircle
 10
-24.94748703939385
 20
104.6546144174999
 30
0.0
 40
5.500000000062997
100
AcDbArc
 50
36.8698976444924
 51
89.99999999928562
  0
ARC
  5
C0E
330
1F
100
AcDbEntity
  8
0
  6
Continuous
 62
     7
100
AcDbCircle
 10
-24.94748703914173
 20
83.6546144173738
 30
0.0
 40
5.500000000059201
100
AcDbArc
 50
216.869897616215
 51
269.9999999993293
  0
ARC
  5
C0F
330
1F
100
AcDbEntity
  8
0
  6
Continuous
 62
     7
100
AcDbCircle
 10
-17.14748703923596
 20
81.35115845014317
 30
0.0
 40
1.0
100
AcDbArc
 50
270.0
 51
0.0
  0
ARC
  5
C10
330
1F
100
AcDbEntity
  8
0
  6
Continuous
 62
     7
100
AcDbCircle
 10
-57.37809500533529
 20
99.39086036710087
 30
0.0
 40
2.0000000000002
100
AcDbArc
 50
119.9999999999967
 51
210.0000000002709
  0
ARC
  5
C11
330
1F
100
AcDbEntity
  8
0
  6
Continuous
 62
     7
100
AcDbCircle
 10
-50.01687907313424
 20
103.6408603671009
 30
0.0
 40
1.999999999999375
100
AcDbArc
 50
30.00000000001031
 51
119.9999999999969
  0
ARC
  5
C12
330
1F
100
AcDbEntity
  8
0
  6
Continuous
 62
     7
100
AcDbCircle
 10
-41.51687907313425
 20
88.91842850275153
 30
0.0
 40
2.000000000000951
100
AcDbArc
 50
299.9999999999841
 51
30.00000000027088
  0
ARC
  5
C13
330
1F
100
AcDbEntity
  8
0
  6
Continuous
 62
     7
100
AcDbCircle
 10
-48.87809500533529
 20
84.66842850275154
 30
0.0
 40
2.000000000000164
100
AcDbArc
 50
209.9999999999972
 51
300.0000000002708
  0
ARC
  5
C14
330
1F
100
AcDbEntity
  8
0
  6
Continuous
 62
     7
100
AcDbCircle
 10
-51.34506497280762
 20
89.94134582721766
 30
0.0
 40
0.5000000000014194
100
AcDbArc
 50
209.9999999999061
 51
300.0000000001667
  0
ARC
  5
C15
330
1F
100
AcDbEntity
  8
0
  6
Continuous
 62
     7
100
AcDbCircle
 10
-49.4156421093996
 20
88.39948739850862
 30
0.0
 40
0.5000000000002531
100
AcDbArc
 50
209.9999999642413
 51
299.999999952658
  0
ARC
  5
C16
330
1F
100
AcDbEntity
  8
0
  6
Continuous
 62
     7
100
AcDbCircle
 10
-44.47929730783034
 20
91.24948739850715
 30
0.0
 40
0.4999999999974813
100
AcDbArc
 50
300.0000000001667
 51
29.99999998828505
  0
ARC
  5
C17
330
1F
100
AcDbEntity
  8
0
  6
Continuous
 62
     7
100
AcDbCircle
 10
-44.84987444442429
 20
93.69134582721763
 30
0.0
 40
0.4999999999974813
100
AcDbArc
 50
300.0000000001667
 51
30.00000000001031
  0
ARC
  5
C18
330
1F
100
AcDbEntity
  8
0
  6
Continuous
 62
     7
100
AcDbCircle
 10
-54.04506497280744
 20
94.61788300764984
 30
0.0
 40
0.5000000000053576
100
AcDbArc
 50
119.9999999996456
 51
209.9999999999582
  0
ARC
  5
C19
330
1F
100
AcDbEntity
  8
0
  6
Continuous
 62
     7
100
AcDbCircle
 10
-47.54987444442593
 20
98.36788300764984
 30
0.0
 40
0.5000000000006317
100
AcDbArc
 50
29.99999999995822
 51
119.9999999996456
  0
ARC
  5
C1A
330
1F
100
AcDbEntity
  8
0
  6
Continuous
 62
     7
100
AcDbCircle
 10
-49.47929730783034
 20
99.90974143635796
 30
0.0
 40
0.5000000000011126
100
AcDbArc
 50
29.99999998838095
 51
120.0000000001137
  0
ARC
  5
C1B
330
1F
100
AcDbEntity
  8
0
  6
Continuous
 62
     7
100
AcDbCircle
 10
-54.4156421093996
 20
97.0597414363576
 30
0.0
 40
0.49999999999714
100
AcDbArc
 50
119.999999976962
 51
209.9999999999065
  0
ARC
  5
C1C
330
1F
100
AcDbEntity
  8
0
  6
Continuous
 62
     7
100
AcDbCircle
 10
-61.74748703923359
 20
107.3046444349195
 30
0.0
 40
1.700000000002706
100
AcDbArc
 50
126.8698976456791
 51
180.0
  0
ARC
  5
C1D
330
1F
100
AcDbEntity
  8
0
  6
Continuous
 62
     7
100
AcDbCircle
 10
-61.74748703923359
 20
81.00464443493658
 30
0.0
 40
1.700000000001637
100
AcDbArc
 50
180.0
 51
233.1301023536961
  0
ARC
  5
C1E
330
1F
100
AcDbEntity
  8
0
  6
Continuous
 62
     7
100
AcDbCircle
 10
-56.54748703923377
 20
110.9546444349146
 30
0.0
 40
6.000000000001017
100
AcDbArc
 50
164.5572841724
 51
180.0
  0
ARC
  5
C1F
330
1F
100
AcDbEntity
  8
0
  6
Continuous
 62
     7
100
AcDbCircle
 10
-61.55975224930279
 20
112.3392734335859
 30
0.0
 40
0.7999999999960097
100
AcDbArc
 50
95.00000000010379
 51
164.5572841730261
  0
ARC
  5
C20
330
1F
100
AcDbEntity
  8
0
  6
Continuous
 62
     7
100
AcDbCircle
 10
-56.54748703923377
 20
110.9546444349146
 30
0.0
 40
6.0
100
AcDbArc
 50
180.0
 51
195.4427158275078
  0
ARC
  5
C21
330
1F
100
AcDbEntity
  8
0
  6
Continuous
 62
     7
100
AcDbCircle
 10
-61.55975224930279
 20
109.570015436266
 30
0.0
 40
0.8000000000015436
100
AcDbArc
 50
195.4427158278508
 51
264.9999999999755
  0
ARC
  5
C22
330
1F
100
AcDbEntity
  8
0
  6
Continuous
 62
     7
100
AcDbCircle
 10
-56.54748703923377
 20
91.15464443491257
 30
0.0
 40
6.000000000000525
100
AcDbArc
 50
164.5572841724171
 51
180.0
  0
ARC
  5
C23
330
1F
100
AcDbEntity
  8
0
  6
Continuous
 62
     7
100
AcDbCircle
 10
-61.55975224930279
 20
92.53927343358027
 30
0.0
 40
0.7999999999977935
100
AcDbArc
 50
95.0000000000926
 51
164.5572841729065
  0
ARC
  5
C24
330
1F
100
AcDbEntity
  8
0
  6
Continuous
 62
     7
100
AcDbCircle
 10
-56.54748703923377
 20
91.15464443491257
 30
0.0
 40
6.0
100
AcDbArc
 50
180.0
 51
195.4427158275244
  0
ARC
  5
C25
330
1F
100
AcDbEntity
  8
0
  6
Continuous
 62
     7
100
AcDbCircle
 10
-61.55975224930279
 20
89.77001543626121
 30
0.0
 40
0.8000000000012864
100
AcDbArc
 50
195.4427158277841
 51
264.9999999999642
  0
ARC
  5
C26
330
1F
100
AcDbEntity
  8
0
  6
Continuous
 62
     7
100
AcDbCircle
 10
-56.54748703923377
 20
81.15464443491257
 30
0.0
 40
6.000000000000525
100
AcDbArc
 50
164.5572841724171
 51
180.0
  0
ARC
  5
C27
330
1F
100
AcDbEntity
  8
0
  6
Continuous
 62
     7
100
AcDbCircle
 10
-61.55975224930279
 20
82.53927343358029
 30
0.0
 40
0.7999999999977935
100
AcDbArc
 50
95.0000000000926
 51
164.5572841729065
  0
ARC
  5
C28
330
1F
100
AcDbEntity
  8
0
  6
Continuous
 62
     7
100
AcDbCircle
 10
-56.54748703923377
 20
81.15464443491257
 30
0.0
 40
6.0
100
AcDbArc
 50
180.0
 51
195.4427158275244
  0
ARC
  5
C29
330
1F
100
AcDbEntity
  8
0
  6
Continuous
 62
     7
100
AcDbCircle
 10
-61.55975224930279
 20
79.77001543626122
 30
0.0
 40
0.8000000000012864
100
AcDbArc
 50
195.4427158277841
 51
264.9999999999642
  0
ARC
  5
C2A
330
1F
100
AcDbEntity
  8
0
  6
Continuous
 62
     7
100
AcDbCircle
 10
-55.94748703923341
 20
77.15464442530194
 30
0.0
 40
6.000000000002277
100
AcDbArc
 50
164.5572841724217
 51
180.0
  0
ARC
  5
C2B
330
1F
100
AcDbEntity
  8
0
  6
Continuous
 62
     7
100
AcDbCircle
 10
-60.95975224930334
 20
78.53927342397057
 30
0.0
 40
0.7999999999998532
100
AcDbArc
 50
147.1468815802924
 51
164.5572841729865
  0
ARC
  5
C2C
330
1F
100
AcDbEntity
  8
0
  6
Continuous
 62
     7
100
AcDbCircle
 10
-55.94748703923341
 20
77.15464442530194
 30
0.0
 40
6.0
100
AcDbArc
 50
180.0
 51
195.442715827503
  0
ARC
  5
C2D
330
1F
100
AcDbEntity
  8
0
  6
Continuous
 62
     7
100
AcDbCircle
 10
-60.95975224930334
 20
75.7700154266515
 30
0.0
 40
0.800000000001914
100
AcDbArc
 50
195.4427158277041
 51
265.000000000095
  0
ARC
  5
C2E
330
1F
100
AcDbEntity
  8
0
  6
Continuous
 62
     7
100
AcDbCircle
 10
-57.44748703923341
 20
106.1105906251116
 30
0.0
 40
6.000000000002052
100
AcDbArc
 50
164.5572841724295
 51
180.0
  0
ARC
  5
C2F
330
1F
100
AcDbEntity
  8
0
  6
Continuous
 62
     7
100
AcDbCircle
 10
-62.45975224930334
 20
107.4952196237802
 30
0.0
 40
0.7999999999976479
100
AcDbArc
 50
94.99999999996171
 51
164.5572841730434
  0
ARC
  5
C30
330
1F
100
AcDbEntity
  8
0
  6
Continuous
 62
     7
100
AcDbCircle
 10
-57.44748703923341
 20
106.1105906251116
 30
0.0
 40
6.0
100
AcDbArc
 50
180.0
 51
195.4427158275115
  0
ARC
  5
C31
330
1F
100
AcDbEntity
  8
0
  6
Continuous
 62
     7
100
AcDbCircle
 10
-62.45975224930334
 20
104.7259616264603
 30
0.0
 40
0.800000000001933
100
AcDbArc
 50
195.442715827709
 51
265.0000000000952
  0
ARC
  5
C33
330
1F
100
AcDbEntity
  8
0
  6
Continuous
 62
     7
100
AcDbCircle
 10
84.25910612993666
 20
11.12655984184433
 30
0.0
 40
1.0
100
AcDbArc
 50
90.0
 51
180.0
  0
ARC
  5
C34
330
1F
100
AcDbEntity
  8
0
  6
Continuous
 62
     7
100
AcDbCircle
 10
100.8553220621372
 20
11.12655984184433
 30
0.0
 40
1.0
100
AcDbArc
 50
0.0
 51
90.0
  0
ARC
  5
C37
330
1F
100
AcDbEntity
  8
0
  6
CENTER2
 62
     1
100
AcDbCircle
 10
92.55532206213706
 20
-13.2734401581562
 30
0.0
 40
22.50000000000313
100
AcDbArc
 50
122.3875385331051
 51
147.6124614669143
  0
ARC
  5
C38
330
1F
100
AcDbEntity
  8
0
  6
CENTER2
 62
     1
100
AcDbCircle
 10
92.55532206213706
 20
-13.2734401581562
 30
0.0
 40
22.50000000000317
100
AcDbArc
 50
212.3875385331052
 51
237.6124614668949
  0
ARC
  5
C39
330
1F
100
AcDbEntity
  8
0
  6
CENTER2
 62
     1
100
AcDbCircle
 10
92.55532206213706
 20
-13.2734401581562
 30
0.0
 40
22.4999999999988
100
AcDbArc
 50
302.3875385330875
 51
327.6124614668946
  0
ARC
  5
C3A
330
1F
100
AcDbEntity
  8
0
  6
CENTER2
 62
     1
100
AcDbCircle
 10
92.55532206213706
 20
-13.2734401581562
 30
0.0
 40
22.4999999999983
100
AcDbArc
 50
32.38753853308566
 51
57.61246146691228
  0
ARC
  5
C3B
330
1F
100
AcDbEntity
  8
0
  6
Continuous
 62
     7
100
AcDbCircle
 10
92.55532206213706
 20
-13.2734401581562
 30
0.0
 40
15.00000000000398
100
AcDbArc
 50
340.3827639925997
 51
79.61723600740789
  0
ARC
  5
C3C
330
1F
100
AcDbEntity
  8
0
  6
Continuous
 62
     7
100
AcDbCircle
 10
92.55532206213706
 20
-13.2734401581562
 30
0.0
 40
15.00000000000816
100
AcDbArc
 50
220.3827639925993
 51
319.6172360073742
  0
ARC
  5
C3D
330
1F
100
AcDbEntity
  8
0
  6
Continuous
 62
     7
100
AcDbCircle
 10
92.55532206213706
 20
-13.2734401581562
 30
0.0
 40
14.99999999999897
100
AcDbArc
 50
100.3827639926322
 51
199.6172360074003
  0
ARC
  5
C3E
330
1F
100
AcDbEntity
  8
0
  6
Continuous
 62
     7
100
AcDbCircle
 10
92.55532206213706
 20
0.9765598418437964
 30
0.0
 40
2.249999999999857
100
AcDbArc
 50
315.000000000003
 51
134.9999999999975
  0
ARC
  5
C3F
330
1F
100
AcDbEntity
  8
0
  6
Continuous
 62
     7
100
AcDbCircle
 10
92.55532206213706
 20
0.9765598418437964
 30
0.0
 40
2.249999999999635
100
AcDbArc
 50
134.9999999999975
 51
315.000000000003
  0
ARC
  5
C40
330
1F
100
AcDbEntity
  8
0
  6
Continuous
 62
     7
100
AcDbCircle
 10
80.21446005820818
 20
-20.39844015815621
 30
0.0
 40
2.249999999998725
100
AcDbArc
 50
254.9999999999931
 51
75.00000000005674
  0
ARC
  5
C41
330
1F
100
AcDbEntity
  8
0
  6
Continuous
 62
     7
100
AcDbCircle
 10
80.21446005820818
 20
-20.39844015815621
 30
0.0
 40
2.249999999999926
100
AcDbArc
 50
75.00000000005674
 51
254.9999999999931
  0
ARC
  5
C42
330
1F
100
AcDbEntity
  8
0
  6
Continuous
 62
     7
100
AcDbCircle
 10
104.8961840660671
 20
-20.39844015815621
 30
0.0
 40
2.250000000000178
100
AcDbArc
 50
14.99999999996917
 51
194.999999999981
  0
ARC
  5
C43
330
1F
100
AcDbEntity
  8
0
  6
Continuous
 62
     7
100
AcDbCircle
 10
104.8961840660671
 20
-20.39844015815621
 30
0.0
 40
2.249999999998449
100
AcDbArc
 50
194.999999999981
 51
14.99999999996917
  0
ARC
  5
C44
330
1F
100
AcDbEntity
  8
0
  6
Continuous
 62
     7
100
AcDbCircle
 10
-60.95975224926696
 20
6.084628927248759
 30
0.0
 40
0.8000000000040891
100
AcDbArc
 50
94.99999999926748
 51
164.5572841723108
  0
ARC
  5
C45
330
1F
100
AcDbEntity
  8
0
  6
Continuous
 62
     7
100
AcDbCircle
 10
-55.9474870391943
 20
4.699999928589219
 30
0.0
 40
5.999999999995656
100
AcDbArc
 50
164.5572841724223
 51
180.0
  0
ARC
  5
C46
330
1F
100
AcDbEntity
  8
0
  6
Continuous
 62
     7
100
AcDbCircle
 10
-55.9474870391943
 20
4.699999928589219
 30
0.0
 40
6.0
100
AcDbArc
 50
180.0
 51
195.4427158276112
  0
ARC
  5
C47
330
1F
100
AcDbEntity
  8
0
  6
Continuous
 62
     7
100
AcDbCircle
 10
-60.95975224926696
 20
3.31537092993059
 30
0.0
 40
0.7999999999936318
100
AcDbArc
 50
195.4427158280031
 51
265.0000000006928
  0
ARC
  5
C48
330
1F
100
AcDbEntity
  8
0
  6
Continuous
 62
     7
100
AcDbCircle
 10
-60.85975224930479
 20
-22.91537101063822
 30
0.0
 40
0.799999999993835
100
AcDbArc
 50
147.8506137438983
 51
164.5572841723457
  0
ARC
  5
C49
330
1F
100
AcDbEntity
  8
0
  6
Continuous
 62
     7
100
AcDbCircle
 10
-55.84748703923395
 20
-24.30000000929775
 30
0.0
 40
5.999999999995672
100
AcDbArc
 50
164.5572841724222
 51
180.0
  0
ARC
  5
C4A
330
1F
100
AcDbEntity
  8
0
  6
Continuous
 62
     7
100
AcDbCircle
 10
-55.84748703923395
 20
-24.30000000929775
 30
0.0
 40
6.0
100
AcDbArc
 50
180.0
 51
195.4427158276112
  0
ARC
  5
C4B
330
1F
100
AcDbEntity
  8
0
  6
Continuous
 62
     7
100
AcDbCircle
 10
-60.85975224930479
 20
-25.68462900795637
 30
0.0
 40
0.7999999999953989
100
AcDbArc
 50
195.4427158279682
 51
265.0000000005625
  0
ARC
  5
C4C
330
1F
100
AcDbEntity
  8
0
  6
Continuous
 62
     7
100
AcDbCircle
 10
-16.5208440102453
 20
16.20000000029924
 30
0.0
 40
0.3000000000036679
100
AcDbArc
 50
0.99999999874672
 51
90.0
  0
ARC
  5
C4D
330
1F
100
AcDbEntity
  8
0
  6
Continuous
 62
     7
100
AcDbCircle
 10
-33.37413006818424
 20
16.20000000029924
 30
0.0
 40
0.3000000000020009
100
AcDbArc
 50
90.0
 51
179.0000000012533
  0
ARC
  5
C4E
330
1F
100
AcDbEntity
  8
0
  6
Continuous
 62
     7
100
AcDbCircle
 10
-61.5597522492664
 20
18.31537100165062
 30
0.0
 40
0.7999999999925207
100
AcDbArc
 50
195.4427158279578
 51
265.0000000007458
  0
ARC
  5
C4F
330
1F
100
AcDbEntity
  8
0
  6
Continuous
 62
     7
100
AcDbCircle
 10
-56.54748703919375
 20
19.70000000031016
 30
0.0
 40
6.0
100
AcDbArc
 50
180.0
 51
195.4427158276135
  0
ARC
  5
C50
330
1F
100
AcDbEntity
  8
0
  6
Continuous
 62
     7
100
AcDbCircle
 10
-61.5597522492664
 20
21.0846289989706
 30
0.0
 40
0.8000000000031008
100
AcDbArc
 50
94.99999999920879
 51
164.5572841723566
  0
ARC
  5
C51
330
1F
100
AcDbEntity
  8
0
  6
Continuous
 62
     7
100
AcDbCircle
 10
-56.54748703919375
 20
19.70000000031016
 30
0.0
 40
5.999999999994785
100
AcDbArc
 50
164.55728417242
 51
180.0
  0
ARC
  5
C52
330
1F
100
AcDbEntity
  8
0
  6
Continuous
 62
     7
100
AcDbCircle
 10
-61.64748703919594
 20
14.25000000031489
 30
0.0
 40
1.799999999999271
100
AcDbArc
 50
90.00000000028951
 51
180.0
  0
ARC
  5
C53
330
1F
100
AcDbEntity
  8
0
  6
Continuous
 62
     7
100
AcDbCircle
 10
-61.5597522492664
 20
8.115371001648071
 30
0.0
 40
0.7999999999920356
100
AcDbArc
 50
195.442715827832
 51
264.9999999998847
  0
ARC
  5
C54
330
1F
100
AcDbEntity
  8
0
  6
Continuous
 62
     7
100
AcDbCircle
 10
-56.54748703919375
 20
9.500000000309428
 30
0.0
 40
6.0
100
AcDbArc
 50
180.0
 51
195.4427158276135
  0
ARC
  5
C55
330
1F
100
AcDbEntity
  8
0
  6
Continuous
 62
     7
100
AcDbCircle
 10
-61.5597522492664
 20
10.88462899896715
 30
0.0
 40
0.8000000000068537
100
AcDbArc
 50
95.00000000003584
 51
164.5572841717918
  0
ARC
  5
C56
330
1F
100
AcDbEntity
  8
0
  6
Continuous
 62
     7
100
AcDbCircle
 10
-56.54748703919375
 20
9.500000000309428
 30
0.0
 40
5.99999999999624
100
AcDbArc
 50
164.5572841723697
 51
180.0
  0
ARC
  5
C57
330
1F
100
AcDbEntity
  8
0
  6
Continuous
 62
     7
100
AcDbCircle
 10
-61.5597522492664
 20
-21.68462899834938
 30
0.0
 40
0.7999999999925207
100
AcDbArc
 50
195.4427158279578
 51
264.9999999999018
  0
ARC
  5
C58
330
1F
100
AcDbEntity
  8
0
  6
Continuous
 62
     7
100
AcDbCircle
 10
-56.54748703919375
 20
-20.29999999968984
 30
0.0
 40
6.0
100
AcDbArc
 50
180.0
 51
195.4427158276135
  0
ARC
  5
C59
330
1F
100
AcDbEntity
  8
0
  6
Continuous
 62
     7
100
AcDbCircle
 10
-61.5597522492664
 20
-18.9153710010294
 30
0.0
 40
0.8000000000041321
100
AcDbArc
 50
95.00000000005288
 51
164.5572841723566
  0
ARC
  5
C5A
330
1F
100
AcDbEntity
  8
0
  6
Continuous
 62
     7
100
AcDbCircle
 10
-56.54748703919375
 20
-20.29999999968984
 30
0.0
 40
5.999999999994785
100
AcDbArc
 50
164.55728417242
 51
180.0
  0
ARC
  5
C5B
330
1F
100
AcDbEntity
  8
0
  6
Continuous
 62
     7
100
AcDbCircle
 10
-29.02584080717448
 20
16.24407498795047
 30
0.0
 40
0.2874267599732707
100
AcDbArc
 50
117.0763475314236
 51
187.7659938912803
  0
ARC
  5
C5C
330
1F
100
AcDbEntity
  8
0
  6
Continuous
 62
     7
100
AcDbCircle
 10
-20.86912026538153
 20
16.24408178108888
 30
0.0
 40
0.2874147914890732
100
AcDbArc
 50
352.2323139807834
 51
62.92534461309061
  0
ARC
  5
C8D
330
1F
100
AcDbEntity
  8
0
  6
Continuous
 62
     7
100
AcDbCircle
 10
-59.67550673026124
 20
-74.38337973404614
 30
0.0
 40
0.8000000000042625
100
AcDbArc
 50
94.99999999939765
 51
164.5572841723446
  0
ARC
  5
C8E
330
1F
100
AcDbEntity
  8
0
  6
Continuous
 62
     7
100
AcDbCircle
 10
-54.66324152019041
 20
-75.76800873270386
 30
0.0
 40
5.999999999995174
100
AcDbArc
 50
164.557284172439
 51
180.0
  0
ARC
  5
C8F
330
1F
100
AcDbEntity
  8
0
  6
Continuous
 62
     7
100
AcDbCircle
 10
-54.66324152019041
 20
-75.76800873270386
 30
0.0
 40
6.0
100
AcDbArc
 50
180.0
 51
195.4427158276281
  0
ARC
  5
C90
330
1F
100
AcDbEntity
  8
0
  6
Continuous
 62
     7
100
AcDbCircle
 10
-59.67550673026124
 20
-77.15263773136522
 30
0.0
 40
0.7999999999951499
100
AcDbArc
 50
195.4427158279054
 51
265.0000000005568
  0
ARC
  5
C91
330
1F
100
AcDbEntity
  8
0
  6
Continuous
 62
     7
100
AcDbCircle
 10
-59.57550673030089
 20
-106.1526376692522
 30
0.0
 40
0.7999999999960265
100
AcDbArc
 50
195.4427158278881
 51
265.0000000004919
  0
ARC
  5
C92
330
1F
100
AcDbEntity
  8
0
  6
Continuous
 62
     7
100
AcDbCircle
 10
-54.56324152023007
 20
-104.7680086705908
 30
0.0
 40
6.0
100
AcDbArc
 50
180.0
 51
195.4427158276256
  0
ARC
  5
C93
330
1F
100
AcDbEntity
  8
0
  6
Continuous
 62
     7
100
AcDbCircle
 10
-54.56324152023007
 20
-104.7680086705908
 30
0.0
 40
5.999999999996043
100
AcDbArc
 50
164.5572841724413
 51
180.0
  0
ARC
  5
C94
330
1F
100
AcDbEntity
  8
0
  6
Continuous
 62
     7
100
AcDbCircle
 10
-59.57550673030089
 20
-103.3833796719331
 30
0.0
 40
0.7999999999943191
100
AcDbArc
 50
147.850613743843
 51
164.5572841723629
  0
ARC
  5
C95
330
1F
100
AcDbEntity
  8
0
  6
Continuous
 62
     7
100
AcDbCircle
 10
-60.27550673026161
 20
-69.58337966232775
 30
0.0
 40
0.800000000007839
100
AcDbArc
 50
95.00000000009503
 51
164.5572841718259
  0
ARC
  5
C96
330
1F
100
AcDbEntity
  8
0
  6
Continuous
 62
     7
100
AcDbCircle
 10
-55.26324152019078
 20
-70.96800866098547
 30
0.0
 40
5.999999999996227
100
AcDbArc
 50
164.5572841723697
 51
180.0
  0
ARC
  5
C97
330
1F
100
AcDbEntity
  8
0
  6
Continuous
 62
     7
100
AcDbCircle
 10
-55.26324152019078
 20
-70.96800866098547
 30
0.0
 40
6.0
100
AcDbArc
 50
180.0
 51
195.4427158276136
  0
ARC
  5
C98
330
1F
100
AcDbEntity
  8
0
  6
Continuous
 62
     7
100
AcDbCircle
 10
-60.27550673026161
 20
-72.35263765964683
 30
0.0
 40
0.7999999999937888
100
AcDbArc
 50
195.4427158277973
 51
264.9999999998198
  0
ARC
  5
C99
330
1F
100
AcDbEntity
  8
0
  6
Continuous
 62
     7
100
AcDbCircle
 10
-55.26324152019078
 20
-100.7680086609847
 30
0.0
 40
5.999999999995258
100
AcDbArc
 50
164.5572841724031
 51
180.0
  0
ARC
  5
C9A
330
1F
100
AcDbEntity
  8
0
  6
Continuous
 62
     7
100
AcDbCircle
 10
-60.27550673026161
 20
-99.38337966232339
 30
0.0
 40
0.8000000000033088
100
AcDbArc
 50
95.0000000001234
 51
164.5572841723283
  0
ARC
  5
C9B
330
1F
100
AcDbEntity
  8
0
  6
Continuous
 62
     7
100
AcDbCircle
 10
-55.26324152019078
 20
-100.7680086609847
 30
0.0
 40
6.0
100
AcDbArc
 50
180.0
 51
195.4427158275967
  0
ARC
  5
C9C
330
1F
100
AcDbEntity
  8
0
  6
Continuous
 62
     7
100
AcDbCircle
 10
-60.27550673026161
 20
-102.1526376596443
 30
0.0
 40
0.7999999999937888
100
AcDbArc
 50
195.4427158277973
 51
264.9999999998254
  0
ARC
  5
C9D
330
1F
100
AcDbEntity
  8
0
  6
Continuous
 62
     7
100
AcDbCircle
 10
-116.5760753275774
 20
22.31132254468341
 30
0.0
 40
1.0
100
AcDbArc
 50
0.0
 51
89.99999999998859
  0
ARC
  5
C9E
330
1F
100
AcDbEntity
  8
0
  6
Continuous
 62
     7
100
AcDbCircle
 10
-111.329859395377
 20
13.21132254468304
 30
0.0
 40
1.0
100
AcDbArc
 50
180.0
 51
270.0
  0
ARC
  5
C9F
330
1F
100
AcDbEntity
  8
0
  6
Continuous
 62
     7
100
AcDbCircle
 10
-108.398506859354
 20
16.21218543695451
 30
0.0
 40
0.3000000000009965
100
AcDbArc
 50
0.9999999991037601
 51
90.0
  0
ARC
  5
CA0
330
1F
100
AcDbEntity
  8
0
  6
Continuous
 62
     7
100
AcDbCircle
 10
-106.198506859356
 20
16.21218543695451
 30
0.0
 40
0.3000000000020054
100
AcDbArc
 50
0.9999999991003999
 51
90.0
  0
ARC
  5
CA1
330
1F
100
AcDbEntity
  8
0
  6
Continuous
 62
     7
100
AcDbCircle
 10
-137.4517929172964
 20
16.21218543695451
 30
0.0
 40
0.3000000000010985
100
AcDbArc
 50
90.0
 51
179.0000000009023
  0
ARC
  5
CA2
330
1F
100
AcDbEntity
  8
0
  6
Continuous
 62
     7
100
AcDbCircle
 10
-135.2517929172948
 20
16.21218543695451
 30
0.0
 40
0.3000000000010985
100
AcDbArc
 50
90.0
 51
179.0000000009112
  0
ARC
  5
CA3
330
1F
100
AcDbEntity
  8
0
  6
Continuous
 62
     7
100
AcDbCircle
 10
-109.8260753992965
 20
-24.28867746492486
 30
0.0
 40
2.700000000002503
100
AcDbArc
 50
0.0
 51
180.0
  0
ARC
  5
CA4
330
1F
100
AcDbEntity
  8
0
  6
Continuous
 62
     7
100
AcDbCircle
 10
-104.8260753179659
 20
4.71132247296211
 30
0.0
 40
2.700000000000727
100
AcDbArc
 50
90.0
 51
270.0
  0
ARC
  5
CA5
330
1F
100
AcDbEntity
  8
0
  6
Continuous
 62
     7
100
AcDbCircle
 10
-138.826075337187
 20
-19.28867738358693
 30
0.0
 40
2.699999999998912
100
AcDbArc
 50
270.0
 51
90.0
  0
ARC
  5
CA6
330
1F
100
AcDbEntity
  8
0
  6
Continuous
 62
     7
100
AcDbCircle
 10
-121.8260753275774
 20
-7.288677455316959
 30
0.0
 40
14.00000000000485
100
AcDbArc
 50
123.3246750125338
 51
56.67532498742904
  0
ARC
  5
CA7
330
1F
100
AcDbEntity
  8
0
  6
Continuous
 62
     7
100
AcDbCircle
 10
-121.8260753275774
 20
-7.288677455316959
 30
0.0
 40
15.95000000000159
100
AcDbArc
 50
0.0
 51
62.98155681514678
  0
ARC
  5
CA8
330
1F
100
AcDbEntity
  8
0
  6
Continuous
 62
     7
100
AcDbCircle
 10
-121.8260753275774
 20
-7.288677455316959
 30
0.0
 40
15.95000000000171
100
AcDbArc
 50
117.0184431848068
 51
0.0
  0
CIRCLE
  5
CAB
330
1F
100
AcDbEntity
  8
0
  6
Continuous
 62
     2
100
AcDbCircle
 10
122.098414492998
 20
94.15464443494441
 30
0.0
 40
1.5
  0
CIRCLE
  5
CAC
330
1F
100
AcDbEntity
  8
0
  6
Continuous
 62
     7
100
AcDbCircle
 10
122.098414492998
 20
94.15464443494441
 30
0.0
 40
1.0
  0
CIRCLE
  5
CAD
330
1F
100
AcDbEntity
  8
0
  6
Continuous
 62
     7
100
AcDbCircle
 10
-18.94748703926524
 20
105.1546144174356
 30
0.0
 40
1.149999999999639
  0
CIRCLE
  5
CAE
330
1F
100
AcDbEntity
  8
0
  6
Continuous
 62
     7
100
AcDbCircle
 10
-18.94748703926524
 20
83.15461441743556
 30
0.0
 40
1.149999999999639
  0
CIRCLE
  5
CAF
330
1F
100
AcDbEntity
  8
0
  6
Continuous
 62
     7
100
AcDbCircle
 10
-30.94748704603643
 20
83.15461441743556
 30
0.0
 40
1.150000000001458
  0
CIRCLE
  5
CB0
330
1F
100
AcDbEntity
  8
0
  6
Continuous
 62
     7
100
AcDbCircle
 10
-30.94748704603643
 20
105.1546144174356
 30
0.0
 40
1.150000000001458
  0
CIRCLE
  5
CB1
330
1F
100
AcDbEntity
  8
0
  6
Continuous
 62
     7
100
AcDbCircle
 10
-24.94748704265493
 20
83.65461441743555
 30
0.0
 40
3.0
  0
CIRCLE
  5
CB2
330
1F
100
AcDbEntity
  8
0
  6
Continuous
 62
     7
100
AcDbCircle
 10
-24.94748704265493
 20
104.6546144174356
 30
0.0
 40
3.0
  0
CIRCLE
  5
CB3
330
1F
100
AcDbEntity
  8
0
  6
Continuous
 62
     7
100
AcDbCircle
 10
-24.94748703923523
 20
83.65461442186299
 30
0.0
 40
3.0
  0
CIRCLE
  5
CB4
330
1F
100
AcDbEntity
  8
0
  6
Continuous
 62
     7
100
AcDbCircle
 10
-24.94748703923523
 20
83.65461442186299
 30
0.0
 40
2.75
  0
CIRCLE
  5
CB5
330
1F
100
AcDbEntity
  8
0
  6
Continuous
 62
     7
100
AcDbCircle
 10
-24.94748703923523
 20
104.654614421863
 30
0.0
 40
2.75
  0
CIRCLE
  5
CB6
330
1F
100
AcDbEntity
  8
0
  6
Continuous
 62
     7
100
AcDbCircle
 10
-24.94748703923523
 20
104.654614421863
 30
0.0
 40
3.0
  0
CIRCLE
  5
CB7
330
1F
100
AcDbEntity
  8
0
  6
Continuous
 62
     2
100
AcDbCircle
 10
-30.94748704603643
 20
105.1546144174356
 30
0.0
 40
1.0
  0
CIRCLE
  5
CB8
330
1F
100
AcDbEntity
  8
0
  6
Continuous
 62
     7
100
AcDbCircle
 10
-30.94748704603643
 20
105.1546144174356
 30
0.0
 40
0.8000000000010878
  0
CIRCLE
  5
CB9
330
1F
100
AcDbEntity
  8
0
  6
Continuous
 62
     7
100
AcDbCircle
 10
-30.94748704603643
 20
83.15461441743556
 30
0.0
 40
0.8000000000010878
  0
CIRCLE
  5
CBA
330
1F
100
AcDbEntity
  8
0
  6
Continuous
 62
     2
100
AcDbCircle
 10
-30.94748704603643
 20
83.15461441743556
 30
0.0
 40
1.0
  0
CIRCLE
  5
CBB
330
1F
100
AcDbEntity
  8
0
  6
Continuous
 62
     7
100
AcDbCircle
 10
-18.94748703926524
 20
83.15461441743556
 30
0.0
 40
0.8000000000020008
  0
CIRCLE
  5
CBC
330
1F
100
AcDbEntity
  8
0
  6
Continuous
 62
     2
100
AcDbCircle
 10
-18.94748703926524
 20
83.15461441743556
 30
0.0
 40
1.0
  0
CIRCLE
  5
CBD
330
1F
100
AcDbEntity
  8
0
  6
Continuous
 62
     7
100
AcDbCircle
 10
-18.94748703926524
 20
105.1546144174356
 30
0.0
 40
0.8000000000020008
  0
CIRCLE
  5
CBE
330
1F
100
AcDbEntity
  8
0
  6
Continuous
 62
     2
100
AcDbCircle
 10
-18.94748703926524
 20
105.1546144174356
 30
0.0
 40
1.0
  0
CIRCLE
  5
CBF
102
{ACAD_REACTORS
330
FF1
102
}
330
1F
100
AcDbEntity
  8
0
  6
Continuous
 62
     4
100
AcDbCircle
 10
-57.06367121671173
 20
99.34626239013798
 30
0.0
 40
1.350000000000477
  0
CIRCLE
  5
CC0
102
{ACAD_REACTORS
330
FF2
102
}
330
1F
100
AcDbEntity
  8
0
  6
Continuous
 62
     4
100
AcDbCircle
 10
-50.15388479068878
 20
103.3857573543075
 30
0.0
 40
1.349999999998859
  0
CIRCLE
  5
CC1
102
{ACAD_REACTORS
330
FF3
102
}
330
1F
100
AcDbEntity
  8
0
  6
Continuous
 62
     4
100
AcDbCircle
 10
-41.8538847906886
 20
89.00973565148364
 30
0.0
 40
1.35000000000006
  0
CIRCLE
  5
CC2
102
{ACAD_REACTORS
330
FF4
102
}
330
1F
100
AcDbEntity
  8
0
  6
Continuous
 62
     4
100
AcDbCircle
 10
-48.76367121670972
 20
84.97024068731864
 30
0.0
 40
1.350000000000981
  0
CIRCLE
  5
CC3
102
{ACAD_REACTORS
330
FF1
102
}
330
1F
100
AcDbEntity
  8
0
  6
Continuous
 62
     2
100
AcDbCircle
 10
-57.06367121671173
 20
99.34626239013798
 30
0.0
 40
0.9999999999997251
  0
CIRCLE
  5
CC4
330
1F
100
AcDbEntity
  8
0
  6
Continuous
 62
     7
100
AcDbCircle
 10
-57.06367121671173
 20
99.34626239013798
 30
0.0
 40
0.8000000000011773
  0
CIRCLE
  5
CC5
330
1F
100
AcDbEntity
  8
0
  6
Continuous
 62
     7
100
AcDbCircle
 10
-50.15388479068696
 20
103.3857573543084
 30
0.0
 40
0.8000000000003845
  0
CIRCLE
  5
CC6
102
{ACAD_REACTORS
330
FF2
102
}
330
1F
100
AcDbEntity
  8
0
  6
Continuous
 62
     2
100
AcDbCircle
 10
-50.15388479068696
 20
103.3857573543084
 30
0.0
 40
0.9999999999989251
  0
CIRCLE
  5
CC7
102
{ACAD_REACTORS
330
FF3
102
}
330
1F
100
AcDbEntity
  8
0
  6
Continuous
 62
     2
100
AcDbCircle
 10
-41.8538847906886
 20
89.00973565148364
 30
0.0
 40
1.000000000000349
  0
CIRCLE
  5
CC8
330
1F
100
AcDbEntity
  8
0
  6
Continuous
 62
     7
100
AcDbCircle
 10
-41.8538847906886
 20
89.00973565148364
 30
0.0
 40
0.8000000000022609
  0
CIRCLE
  5
CC9
330
1F
100
AcDbEntity
  8
0
  6
Continuous
 62
     7
100
AcDbCircle
 10
-48.76367121670972
 20
84.97024068731864
 30
0.0
 40
0.7999999999976641
  0
CIRCLE
  5
CCA
102
{ACAD_REACTORS
330
FF4
102
}
330
1F
100
AcDbEntity
  8
0
  6
Continuous
 62
     2
100
AcDbCircle
 10
-48.76367121670972
 20
84.97024068731864
 30
0.0
 40
1.000000000000475
  0
CIRCLE
  5
CCB
330
1F
100
AcDbEntity
  8
0
  6
Continuous
 62
     7
100
AcDbCircle
 10
104.8961840660671
 20
-20.39844015815621
 30
0.0
 40
2.750000000001898
  0
CIRCLE
  5
CCC
330
1F
100
AcDbEntity
  8
0
  6
Continuous
 62
     7
100
AcDbCircle
 10
80.21446005820818
 20
-20.39844015815621
 30
0.0
 40
2.750000000002687
  0
CIRCLE
  5
CCD
330
1F
100
AcDbEntity
  8
0
  6
Continuous
 62
     7
100
AcDbCircle
 10
92.55532206213706
 20
0.9765598418437964
 30
0.0
 40
2.75
  0
CIRCLE
  5
CCE
330
1F
100
AcDbEntity
  8
0
  6
Continuous
 62
     7
100
AcDbCircle
 10
92.55532206213706
 20
-13.2734401581562
 30
0.0
 40
18.0
  0
CIRCLE
  5
CCF
330
1F
100
AcDbEntity
  8
0
  6
Continuous
 62
     7
100
AcDbCircle
 10
92.55532206213706
 20
-13.2734401581562
 30
0.0
 40
8.5
  0
CIRCLE
  5
CD0
330
1F
100
AcDbEntity
  8
0
  6
Continuous
 62
     7
100
AcDbCircle
 10
92.55532206213706
 20
-13.2734401581562
 30
0.0
 40
5.25
  0
CIRCLE
  5
CD1
330
1F
100
AcDbEntity
  8
0
  6
Continuous
 62
     7
100
AcDbCircle
 10
92.55532206213706
 20
-13.2734401581562
 30
0.0
 40
4.450000000000813
  0
CIRCLE
  5
CD2
330
1F
100
AcDbEntity
  8
0
  6
Continuous
 62
     7
100
AcDbCircle
 10
92.55532206213706
 20
-13.2734401581562
 30
0.0
 40
4.0
  0
CIRCLE
  5
CD3
330
1F
100
AcDbEntity
  8
0
  6
Continuous
 62
     7
100
AcDbCircle
 10
76.64541948543798
 20
2.636462418533797
 30
0.0
 40
1.700000000000698
  0
CIRCLE
  5
CD4
330
1F
100
AcDbEntity
  8
0
  6
Continuous
 62
     7
100
AcDbCircle
 10
76.64541948543798
 20
-29.1833427348553
 30
0.0
 40
1.700000000000698
  0
CIRCLE
  5
CD5
330
1F
100
AcDbEntity
  8
0
  6
Continuous
 62
     7
100
AcDbCircle
 10
76.64541948543798
 20
-29.1833427348553
 30
0.0
 40
1.700000000000698
  0
CIRCLE
  5
CD6
330
1F
100
AcDbEntity
  8
0
  6
Continuous
 62
     7
100
AcDbCircle
 10
108.465224638838
 20
-29.1833427348553
 30
0.0
 40
1.699999999998994
  0
CIRCLE
  5
CD7
330
1F
100
AcDbEntity
  8
0
  6
Continuous
 62
     7
100
AcDbCircle
 10
108.465224638838
 20
2.636462418533797
 30
0.0
 40
1.699999999999723
  0
CIRCLE
  5
CD8
330
1F
100
AcDbEntity
  8
0
  6
Continuous
 62
     7
100
AcDbCircle
 10
92.55532206213706
 20
-13.2734401581562
 30
0.0
 40
9.366025403780612
  0
CIRCLE
  5
CD9
330
1F
100
AcDbEntity
  8
0
  6
Continuous
 62
     7
100
AcDbCircle
 10
92.55532206213706
 20
0.9765598418437964
 30
0.0
 40
2.49999999999785
  0
CIRCLE
  5
CDA
330
1F
100
AcDbEntity
  8
0
  6
Continuous
 62
     7
100
AcDbCircle
 10
80.21446005820818
 20
-20.39844015815621
 30
0.0
 40
2.49999999999572
  0
CIRCLE
  5
CDB
330
1F
100
AcDbEntity
  8
0
  6
Continuous
 62
     7
100
AcDbCircle
 10
104.8961840660671
 20
-20.39844015815621
 30
0.0
 40
2.500000000007095
  0
CIRCLE
  5
CE2
330
1F
100
AcDbEntity
  8
0
  6
Continuous
 62
     7
100
AcDbCircle
 10
-133.8260752554563
 20
9.71132255429276
 30
0.0
 40
2.850000000001386
  0
CIRCLE
  5
CE3
330
1F
100
AcDbEntity
  8
0
  6
Continuous
 62
     7
100
AcDbCircle
 10
-138.826075337187
 20
-19.28867738358693
 30
0.0
 40
2.25
  0
CIRCLE
  5
CE4
330
1F
100
AcDbEntity
  8
0
  6
Continuous
 62
     7
100
AcDbCircle
 10
-138.826075337187
 20
-19.28867738358693
 30
0.0
 40
2.400000000002193
  0
CIRCLE
  5
CE5
330
1F
100
AcDbEntity
  8
0
  6
Continuous
 62
     7
100
AcDbCircle
 10
-138.826075337187
 20
-19.28867738358693
 30
0.0
 40
2.5
  0
CIRCLE
  5
CE6
330
1F
100
AcDbEntity
  8
0
  6
Continuous
 62
     7
100
AcDbCircle
 10
-109.8260753992965
 20
-24.28867746492486
 30
0.0
 40
2.25
  0
CIRCLE
  5
CE7
330
1F
100
AcDbEntity
  8
0
  6
Continuous
 62
     7
100
AcDbCircle
 10
-109.8260753992965
 20
-24.28867746492486
 30
0.0
 40
2.400000000000503
  0
CIRCLE
  5
CE8
330
1F
100
AcDbEntity
  8
0
  6
Continuous
 62
     7
100
AcDbCircle
 10
-109.8260753992965
 20
-24.28867746492486
 30
0.0
 40
2.5
  0
CIRCLE
  5
CE9
330
1F
100
AcDbEntity
  8
0
  6
Continuous
 62
     7
100
AcDbCircle
 10
-133.8260752554563
 20
9.71132255429276
 30
0.0
 40
2.5
  0
CIRCLE
  5
CEA
330
1F
100
AcDbEntity
  8
0
  6
Continuous
 62
     7
100
AcDbCircle
 10
-133.8260752554563
 20
9.71132255429276
 30
0.0
 40
2.399999999999579
  0
CIRCLE
  5
CEB
330
1F
100
AcDbEntity
  8
0
  6
Continuous
 62
     7
100
AcDbCircle
 10
-133.8260752554563
 20
9.71132255429276
 30
0.0
 40
2.25
  0
CIRCLE
  5
CEC
330
1F
100
AcDbEntity
  8
0
  6
Continuous
 62
     7
100
AcDbCircle
 10
-104.8260753179659
 20
4.71132247296211
 30
0.0
 40
2.25
  0
CIRCLE
  5
CED
330
1F
100
AcDbEntity
  8
0
  6
Continuous
 62
     7
100
AcDbCircle
 10
-104.8260753179659
 20
4.71132247296211
 30
0.0
 40
2.399999999999806
  0
CIRCLE
  5
CEE
330
1F
100
AcDbEntity
  8
0
  6
Continuous
 62
     7
100
AcDbCircle
 10
-104.8260753179659
 20
4.71132247296211
 30
0.0
 40
2.5
  0
CIRCLE
  5
CEF
330
1F
100
AcDbEntity
  8
0
  6
Continuous
 62
     7
100
AcDbCircle
 10
-138.6260753275849
 20
5.71132254468304
 30
0.0
 40
2.25
  0
CIRCLE
  5
CF0
330
1F
100
AcDbEntity
  8
0
  6
Continuous
 62
     7
100
AcDbCircle
 10
-134.8260753275774
 20
-24.08867745531987
 30
0.0
 40
2.25
  0
CIRCLE
  5
CF1
330
1F
100
AcDbEntity
  8
0
  6
Continuous
 62
     7
100
AcDbCircle
 10
-105.0260753275672
 20
-20.28867745531241
 30
0.0
 40
2.25
  0
CIRCLE
  5
CF2
330
1F
100
AcDbEntity
  8
0
  6
Continuous
 62
     7
100
AcDbCircle
 10
-108.8260753275774
 20
9.51132254469414
 30
0.0
 40
2.25
  0
CIRCLE
  5
CF3
330
1F
100
AcDbEntity
  8
0
  6
Continuous
 62
     7
100
AcDbCircle
 10
-118.8260753275774
 20
19.71132254468304
 30
0.0
 40
2.25
  0
SPLINE
  5
CF6
330
1F
100
AcDbEntity
  8
0
  6
Continuous
 62
     2
100
AcDbSpline
210
0.0
220
0.0
230
1.0
 70
    40
 71
     3
 72
    11
 73
     7
 74
     5
 42
0.0000000001
 43
0.0000000001
 44
0.00000001
 40
0.0
 40
0.0
 40
0.0
 40
0.0
 40
10.11187420659711
 40
20.22374841319297
 40
30.33562261978957
 40
40.44749682638136
 40
40.44749682638136
 40
40.44749682638136
 40
40.44749682638136
 10
71.67910029962275
 20
114.1546444349444
 30
0.0
 10
72.42910029951358
 20
110.8213111020994
 30
0.0
 10
73.92910028253021
 20
104.1546444347331
 30
0.0
 10
71.67910029961994
 20
94.15464443494199
 30
0.0
 10
69.4291003167135
 20
84.15464443515167
 30
0.0
 10
70.92910029973102
 20
77.48797776778745
 30
0.0
 10
71.67910029962275
 20
74.15464443494439
 30
0.0
 11
71.67910029962275
 21
114.1546444349444
 31
0.0
 11
73.17910029962433
 21
104.1546444349424
 31
0.0
 11
71.67910029962195
 21
94.1546444349421
 31
0.0
 11
70.17910029961893
 21
84.15464443494064
 31
0.0
 11
71.67910029962275
 21
74.15464443494439
 31
0.0
  0
SPLINE
  5
CF7
330
1F
100
AcDbEntity
  8
0
  6
Continuous
 62
     4
100
AcDbSpline
210
0.0
220
0.0
230
1.0
 70
    40
 71
     3
 72
     9
 73
     5
 74
     3
 42
0.0000000001
 43
0.0000000001
 44
0.00000001
 40
0.0
 40
0.0
 40
0.0
 40
0.0
 40
1.722622361382652
 40
3.674173145583814
 40
3.674173145583814
 40
3.674173145583814
 40
3.674173145583814
 10
-34.40129318375438
 20
106.01699498933
 30
0.0
 10
-33.8501933986486
 20
105.7006346142766
 30
0.0
 10
-32.67475526778568
 20
105.0258710451237
 30
0.0
 10
-32.97401434700281
 20
103.6835493776216
 30
0.0
 10
-33.13296693280353
 20
102.9705702103676
 30
0.0
 11
-34.40129318375438
 21
106.01699498933
 31
0.0
 11
-33.07215708488838
 21
104.9211733588601
 31
0.0
 11
-33.13296693280353
 21
102.9705702103676
 31
0.0
  0
SPLINE
  5
CF8
330
1F
100
AcDbEntity
  8
0
  6
Continuous
 62
     4
100
AcDbSpline
210
0.0
220
0.0
230
1.0
 70
    40
 71
     3
 72
    12
 73
     8
 74
     6
 42
0.0000000001
 43
0.0000000001
 44
0.00000001
 40
0.0
 40
0.0
 40
0.0
 40
0.0
 40
0.9242443829240361
 40
2.116367326899417
 40
3.391494772704727
 40
4.556564061770929
 40
6.201528887909225
 40
6.201528887909225
 40
6.201528887909225
 40
6.201528887909225
 10
-32.53476909498676
 20
100.7437802133402
 30
0.0
 10
-32.3775224262263
 20
101.0341310097221
 30
0.0
 10
-32.01745348170026
 20
101.6989864882589
 30
0.0
 10
-32.80604079044913
 20
102.76384523361
 30
0.0
 10
-33.75731061585518
 20
103.3969940796308
 30
0.0
 10
-34.81311153952822
 20
104.4570048044469
 30
0.0
 10
-34.55335309217501
 20
105.4409838578544
 30
0.0
 10
-34.40129318375438
 20
106.01699498933
 30
0.0
 11
-32.53476909498676
 21
100.7437802133402
 31
0.0
 11
-32.22555219915179
 21
101.6147639118803
 31
0.0
 11
-32.80365881010425
 21
102.6573327997765
 31
0.0
 11
-33.78383988813464
 21
103.4729277047221
 31
0.0
 11
-34.51958753036074
 21
104.3762891237489
 31
0.0
 11
-34.40129318375438
 21
106.01699498933
 31
0.0
  0
SPLINE
  5
CF9
330
1F
100
AcDbEntity
  8
0
  6
Continuous
 62
     4
100
AcDbSpline
210
0.0
220
0.0
230
1.0
 70
    40
 71
     3
 72
    11
 73
     7
 74
     5
 42
0.0000000001
 43
0.0000000001
 44
0.00000001
 40
0.0
 40
0.0
 40
0.0
 40
0.0
 40
0.9626065802025451
 40
1.907567315004423
 40
3.106484073266907
 40
4.345103231612361
 40
4.345103231612361
 40
4.345103231612361
 40
4.345103231612361
 10
1.363909755484939
 20
24.17950764060899
 30
0.0
 10
1.192973263679131
 20
23.90980028185726
 30
0.0
 10
0.8542337832693597
 20
23.37532964733554
 30
0.0
 10
0.2097521203969028
 20
22.52926699923486
 30
0.0
 10
0.2645304223041267
 20
21.30241750069177
 30
0.0
 10
0.6875221140574213
 20
20.60459452759892
 30
0.0
 10
0.9024627944634744
 20
20.24999999998565
 30
0.0
 11
1.363909755484939
 21
24.17950764060899
 31
0.0
 11
0.8365826589445468
 21
23.37418934089602
 31
0.0
 11
0.3555949377362878
 21
22.56080037821393
 31
0.0
 11
0.3566687086988488
 21
21.36188409774412
 31
0.0
 11
0.9024627944634744
 21
20.24999999998565
 31
0.0
  0
SPLINE
  5
CFA
330
1F
100
AcDbEntity
  8
0
  6
Continuous
 62
     4
100
AcDbSpline
210
0.0
220
0.0
230
1.0
 70
    40
 71
     3
 72
    11
 73
     7
 74
     5
 42
0.0000000001
 43
0.0000000001
 44
0.00000001
 40
0.0
 40
0.0
 40
0.0
 40
0.0
 40
1.277456031046047
 40
2.51821418408593
 40
3.47991668338026
 40
4.444070064370665
 40
4.444070064370665
 40
4.444070064370665
 40
4.444070064370665
 10
0.9024627944634744
 20
20.24999999998565
 30
0.0
 10
1.194772866390735
 20
20.56690256152946
 30
0.0
 10
1.77099571615596
 20
21.19160393432076
 30
0.0
 10
2.10576793011317
 20
22.33628489119995
 30
0.0
 10
2.023488005350652
 20
23.44266037877006
 30
0.0
 10
1.583955628356445
 20
23.93368359399525
 30
0.0
 10
1.363909755484939
 20
24.17950764060899
 30
0.0
 11
0.9024627944634744
 21
20.24999999998565
 31
0.0
 11
1.693449927498738
 21
21.253111790835
 31
0.0
 11
2.047208445232701
 21
22.44237026358083
 31
0.0
 11
1.926426434076605
 21
23.39645800229333
 31
0.0
 11
1.363909755484939
 21
24.17950764060899
 31
0.0
  0
SPLINE
  5
CFB
330
1F
100
AcDbEntity
  8
0
  6
Continuous
 62
     4
100
AcDbSpline
210
0.0
220
0.0
230
1.0
 70
    40
 71
     3
 72
     9
 73
     5
 74
     3
 42
0.0000000001
 43
0.0000000001
 44
0.00000001
 40
0.0
 40
0.0
 40
0.0
 40
0.0
 40
1.397264802157884
 40
2.804726527304643
 40
2.804726527304643
 40
2.804726527304643
 40
2.804726527304643
 10
1.253970094323279
 20
26.74999999998565
 30
0.0
 10
1.550447122072595
 20
26.33548147181066
 30
0.0
 10
2.145564783314638
 20
25.50341934842967
 30
0.0
 10
1.625092184163122
 20
24.62187985678383
 30
0.0
 10
1.363909755484939
 20
24.17950764060899
 30
0.0
 11
1.253970094323279
 21
26.74999999998565
 31
0.0
 11
1.866527851228681
 21
25.49416484642026
 31
0.0
 11
1.363909755484939
 21
24.17950764060899
 31
0.0
  0
SPLINE
  5
CFC
330
1F
100
AcDbEntity
  8
0
  6
Continuous
 62
     4
100
AcDbSpline
210
0.0
220
0.0
230
1.0
 70
    40
 71
     3
 72
     9
 73
     5
 74
     3
 42
0.0000000001
 43
0.0000000001
 44
0.00000001
 40
0.0
 40
0.0
 40
0.0
 40
0.0
 40
1.682296055309918
 40
3.380356848347353
 40
3.380356848347353
 40
3.380356848347353
 40
3.380356848347353
 10
-28.93333025599458
 20
30.04382005025329
 30
0.0
 10
-28.6149747585501
 20
30.55908084613024
 30
0.0
 10
-27.97528048263225
 20
31.59443093265374
 30
0.0
 10
-28.57283295982321
 20
32.6557839936514
 30
0.0
 10
-28.87300258934482
 20
33.18893540227256
 30
0.0
 11
-28.93333025599458
 21
30.04382005025329
 31
0.0
 11
-28.28469715517673
 21
31.59604269232247
 31
0.0
 11
-28.87300258934482
 21
33.18893540227256
 31
0.0
  0
SPLINE
  5
CFD
330
1F
100
AcDbEntity
  8
0
  6
Continuous
 62
     4
100
AcDbSpline
210
0.0
220
0.0
230
1.0
 70
    40
 71
     3
 72
    11
 73
     7
 74
     5
 42
0.0000000001
 43
0.0000000001
 44
0.00000001
 40
0.0
 40
0.0
 40
0.0
 40
0.0
 40
1.129862605733206
 40
2.337731492674529
 40
4.003609840418506
 40
5.805509819134484
 40
5.805509819134484
 40
5.805509819134484
 40
5.805509819134484
 10
-28.69416157449376
 20
35.54382005025329
 30
0.0
 10
-28.50623824932008
 20
35.18535779658887
 30
0.0
 10
-28.11741729725229
 20
34.44368487338413
 30
0.0
 10
-28.89944109650485
 20
33.22145234309217
 30
0.0
 10
-29.60469871185143
 20
31.7632050714357
 30
0.0
 10
-29.16289622826586
 20
30.63174205340964
 30
0.0
 10
-28.93333025599458
 20
30.04382005025329
 30
0.0
 11
-28.69416157449376
 21
35.54382005025329
 31
0.0
 11
-28.32788363728647
 21
34.4749748846394
 31
0.0
 11
-28.78738985416782
 21
33.35792461662089
 31
0.0
 11
-29.36151642929325
 21
31.79410578254057
 31
0.0
 11
-28.93333025599458
 21
30.04382005025329
 31
0.0
  0
SPLINE
  5
CFE
330
1F
100
AcDbEntity
  8
0
  6
Continuous
 62
     4
100
AcDbSpline
210
0.0
220
0.0
230
1.0
 70
    40
 71
     3
 72
     9
 73
     5
 74
     3
 42
0.0000000001
 43
0.0000000001
 44
0.00000001
 40
0.0
 40
0.0
 40
0.0
 40
0.0
 40
0.7991862969699266
 40
1.543605750179216
 40
1.543605750179216
 40
1.543605750179216
 40
1.543605750179216
 10
100.192908694765
 20
33.32655984184507
 30
0.0
 10
100.462192967175
 20
33.32697176509944
 30
0.0
 10
100.9823079276081
 20
33.32776736367783
 30
0.0
 10
101.4639477678159
 20
33.13264734318155
 30
0.0
 10
101.6962234396454
 20
33.03854873468694
 30
0.0
 11
100.192908694765
 21
33.32655984184507
 31
0.0
 11
100.9904480778221
 21
33.2752795161359
 31
0.0
 11
101.6962234396454
 21
33.03854873468694
 31
0.0
  0
SPLINE
  5
CFF
330
1F
100
AcDbEntity
  8
0
  6
Continuous
 62
     4
100
AcDbSpline
210
0.0
220
0.0
230
1.0
 70
    40
 71
     3
 72
    29
 73
    25
 74
    23
 42
0.0000000001
 43
0.0000000001
 44
0.00000001
 40
0.0
 40
0.0
 40
0.0
 40
0.0
 40
0.3275507137339871
 40
0.730228915568855
 40
1.210484976800081
 40
1.690561195725726
 40
2.190708082075222
 40
2.690689496257468
 40
3.211189044995375
 40
3.731554130278747
 40
4.27049576907015
 40
4.809338664434993
 40
5.362868726080675
 40
5.916334922687616
 40
6.479182733541724
 40
7.04199935684387
 40
7.60803813099642
 40
8.174076905197182
 40
8.736893528636292
 40
9.299741339705756
 40
9.853207536579059
 40
10.40673759852829
 40
11.07245167225644
 40
12.40400573511456
 40
12.40400573511456
 40
12.40400573511456
 40
12.40400573511456
 10
101.6962234396454
 20
33.03854873468694
 30
0.0
 10
101.7974531260149
 20
32.99738673601054
 30
0.0
 10
102.0231306744852
 20
32.90562175149212
 30
0.0
 10
102.3749522007402
 20
32.70627068691076
 30
0.0
 10
102.7556148158619
 20
32.45751398605245
 30
0.0
 10
103.1335632035374
 20
32.14925692191045
 30
0.0
 10
103.4869730991841
 20
31.8040741124338
 30
0.0
 10
103.8169912635195
 20
31.41850646421024
 30
0.0
 10
104.1172589632325
 20
31.00107106675157
 30
0.0
 10
104.3892464675438
 20
30.54950693128502
 30
0.0
 10
104.6277888877019
 20
30.07258183848283
 30
0.0
 10
104.8337623675608
 20
29.56879604658283
 30
0.0
 10
105.0036177084567
 20
29.0466242139582
 30
0.0
 10
105.1376060043185
 20
28.50590197730819
 30
0.0
 10
105.2337249342205
 20
27.95404152443092
 30
0.0
 10
105.2919075904759
 20
27.39270075823935
 30
0.0
 10
105.3113341365342
 20
26.82763368300577
 30
0.0
 10
105.2921876777118
 20
26.26252409688606
 30
0.0
 10
105.2340166267403
 20
25.70126193782152
 30
0.0
 10
105.1389664857061
 20
25.1489871058325
 30
0.0
 10
105.0021188128373
 20
24.60958220740112
 30
0.0
 10
104.8316531980587
 20
24.04163056247514
 30
0.0
 10
104.4288389885702
 20
23.28929427279242
 30
0.0
 10
104.0991208135029
 20
22.71166089495306
 30
0.0
 10
103.8793017608254
 20
22.32655984163862
 30
0.0
 11
101.6962234396454
 21
33.03854873468694
 31
0.0
 11
101.9972082862869
 21
32.90932955609746
 31
0.0
 11
102.3503175402209
 21
32.71577441447981
 31
0.0
 11
102.750742238275
 21
32.45062173102987
 31
0.0
 11
103.1236605875625
 21
32.148288999211
 31
0.0
 11
103.4815776418737
 21
31.79894348233506
 31
0.0
 11
103.8071109377538
 21
31.41945766202164
 31
0.0
 11
104.1113749524985
 21
30.99715067700439
 31
0.0
 11
104.380193658883
 21
30.55159896832709
 31
0.0
 11
104.6216054073074
 21
30.06974996940424
 31
0.0
 11
104.8257787763692
 21
29.57108685542005
 31
0.0
 11
104.9972686183581
 21
29.04479153603414
 31
0.0
 11
105.1305427561059
 21
28.50761108690934
 31
0.0
 11
105.2272959201714
 21
27.95314153562276
 31
0.0
 11
105.2853621836847
 21
27.39332829861494
 31
0.0
 11
105.3048930876981
 21
26.82762657739024
 31
0.0
 11
105.2855978474917
 21
26.26191676899625
 31
0.0
 11
105.227764798084
 21
25.70207939110549
 31
0.0
 11
105.1312426253919
 21
25.14756958213907
 31
0.0
 11
104.9981922798274
 21
24.61033365979252
 31
0.0
 11
104.8269216987656
 21
24.08396694620313
 31
0.0
 11
104.5323959645614
 21
23.48694950924078
 31
0.0
 11
103.8793017608254
 21
22.32655984163862
 31
0.0
  0
SPLINE
  5
D00
330
1F
100
AcDbEntity
  8
0
  6
Continuous
 62
     4
100
AcDbSpline
210
0.0
220
0.0
230
1.0
 70
    40
 71
     3
 72
    15
 73
    11
 74
     9
 42
0.0000000001
 43
0.0000000001
 44
0.00000001
 40
0.0
 40
0.0
 40
0.0
 40
0.0
 40
0.0576237285455808
 40
0.1152865387029659
 40
0.6152679515496135
 40
1.11541483711206
 40
1.595491055236674
 40
2.075747115605881
 40
2.516754028597114
 40
2.957688445427994
 40
2.957688445427994
 40
2.957688445427994
 40
2.957688445427994
 10
103.8793017608254
 20
22.32655984163862
 30
0.0
 10
103.8676887511817
 20
22.31125985651421
 30
0.0
 10
103.8444548442862
 20
22.28064951820067
 30
0.0
 10
103.7186798308034
 20
22.1186555236895
 30
0.0
 10
103.488950934459
 20
21.85049021387166
 30
0.0
 10
103.1358707877179
 20
21.50495597007266
 30
0.0
 10
102.7577019860181
 20
21.19713528325357
 30
0.0
 10
102.36761514754
 20
20.9391185928103
 30
0.0
 10
101.9671020851261
 20
20.72289414088015
 30
0.0
 10
101.6925745491124
 20
20.61702190901708
 30
0.0
 10
101.5553220614977
 20
20.56409015123276
 30
0.0
 11
103.8793017608254
 21
22.32655984163862
 31
0.0
 11
103.8443794521785
 21
22.28072397723621
 31
0.0
 11
103.8090239496866
 21
22.23517193957369
 31
0.0
 11
103.483648769657
 21
21.85555054032265
 31
0.0
 11
103.1258772780487
 21
21.50605595134817
 31
0.0
 11
102.753084908008
 21
21.20356789405718
 31
0.0
 11
102.3527707029875
 21
20.93824842321345
 31
0.0
 11
101.9632753271952
 21
20.73141406852908
 31
0.0
 11
101.5553220614977
 21
20.56409015123276
 31
0.0
  0
SPLINE
  5
D01
330
1F
100
AcDbEntity
  8
0
  6
Continuous
 62
     2
100
AcDbSpline
210
0.0
220
0.0
230
1.0
 70
    40
 71
     3
 72
    35
 73
    31
 74
    29
 42
0.0000000001
 43
0.0000000001
 44
0.00000001
 40
0.0
 40
0.0
 40
0.0
 40
0.0
 40
2.136521188501769
 40
4.206533266224821
 40
6.214448649576755
 40
8.397381422635856
 40
10.62503838585986
 40
11.33098859384305
 40
12.01705102135371
 40
13.96012517535731
 40
16.19401273218931
 40
17.56439354648811
 40
18.94899181422171
 40
20.17074308379031
 40
21.12327472133502
 40
21.98705631548308
 40
22.81990712197344
 40
23.79127251550181
 40
24.7120348235801
 40
25.39731584972865
 40
25.85141600134237
 40
26.28257082578869
 40
26.76677597133039
 40
27.55093114183879
 40
28.45714073734282
 40
29.46744548283305
 40
31.97511547237112
 40
34.19451867134005
 40
37.08614851849896
 40
40.14492403914431
 40
40.14492403914431
 40
40.14492403914431
 40
40.14492403914431
 10
-44.18811813156042
 20
-139.1098621125168
 30
0.0
 10
-44.20111604493652
 20
-139.821994055034
 30
0.0
 10
-44.22670723936331
 20
-141.2240895372962
 30
0.0
 10
-44.06319282127091
 20
-143.2961490357732
 30
0.0
 10
-43.43267950786796
 20
-145.3181640321199
 30
0.0
 10
-42.11704363600086
 20
-147.0549308916023
 30
0.0
 10
-40.7274326164187
 20
-148.0851032395986
 30
0.0
 10
-39.64026284535321
 20
-148.6090348900473
 30
0.0
 10
-38.63297008058644
 20
-149.0802339648559
 30
0.0
 10
-37.30093803589095
 20
-150.0392581388318
 30
0.0
 10
-36.07475839044243
 20
-151.4318786191205
 30
0.0
 10
-35.00960044901187
 20
-152.7050697754151
 30
0.0
 10
-34.11400613821053
 20
-153.69258885233
 30
0.0
 10
-33.23114852939637
 20
-154.4626071866263
 30
0.0
 10
-32.25504205072728
 20
-154.9486774811579
 30
0.0
 10
-31.35662325417857
 20
-154.5304269950133
 30
0.0
 10
-30.91988589613894
 20
-153.7402991830999
 30
0.0
 10
-30.53587744000135
 20
-152.9134968713267
 30
0.0
 10
-30.1584001658246
 20
-152.1681023145555
 30
0.0
 10
-29.83881872090416
 20
-151.4908616522913
 30
0.0
 10
-29.21583249184627
 20
-151.4304977990557
 30
0.0
 10
-28.92827608935612
 20
-151.8249493506285
 30
0.0
 10
-28.54103323931371
 20
-152.2391110659466
 30
0.0
 10
-27.7564468561421
 20
-152.3951287015441
 30
0.0
 10
-26.9240069693129
 20
-151.9893317230544
 30
0.0
 10
-25.70253733961725
 20
-151.1773856985523
 30
0.0
 10
-24.14351206303365
 20
-150.0571796575549
 30
0.0
 10
-22.32675893632675
 20
-148.2573247298198
 30
0.0
 10
-20.93677344197723
 20
-145.8878289922013
 30
0.0
 10
-20.12956137186414
 20
-144.0776667701934
 30
0.0
 10
-19.71461813156037
 20
-143.1471621125159
 30
0.0
 11
-44.18811813156042
 21
-139.1098621125168
 31
0.0
 11
-44.1919576996571
 21
-141.246379856792
 31
0.0
 11
-43.98338698893311
 21
-143.3058575252738
 31
0.0
 11
-43.34999572056785
 21
-145.2112550421682
 31
0.0
 11
-42.05423860610603
 21
-146.9680159843816
 31
0.0
 11
-40.26550158544178
 21
-148.2957491772943
 31
0.0
 11
-39.63368863580416
 21
-148.6106747141857
 31
0.0
 11
-39.01765796538639
 21
-148.9126480043163
 31
0.0
 11
-37.42838476243747
 21
-150.0305692244128
 31
0.0
 11
-35.89431813156006
 21
-151.6544205688745
 31
0.0
 11
-35.00465944799059
 21
-152.6967501721898
 31
0.0
 11
-34.06051461502218
 21
-153.709520084848
 31
0.0
 11
-33.11409581715782
 21
-154.4821568837154
 31
0.0
 11
-32.21761523890054
 21
-154.8040871456583
 31
0.0
 11
-31.42328506475332
 21
-154.4647374475428
 31
0.0
 11
-30.95131526912043
 21
-153.7785268546212
 31
0.0
 11
-30.52598648293497
 21
-152.9052307132071
 31
0.0
 11
-30.11933590124658
 21
-152.079132334751
 31
0.0
 11
-29.70340071910491
 21
-151.5345150307035
 31
0.0
 11
-29.25021813155962
 21
-151.5056621125152
 31
0.0
 11
-28.93578496930508
 21
-151.8006642630664
 31
0.0
 11
-28.58480347437688
 21
-152.1342307676698
 31
0.0
 11
-27.81960599778891
 21
-152.3056138307858
 31
0.0
 11
-26.96986683033282
 21
-151.990718325253
 31
0.0
 11
-26.11720816627638
 21
-151.4487876265323
 31
0.0
 11
-24.1094421523598
 21
-149.9463614497028
 31
0.0
 11
-22.55290383235496
 21
-148.3642934914062
 31
0.0
 11
-21.01366272722572
 21
-145.9163841790726
 31
0.0
 11
-19.71461813156037
 21
-143.1471621125159
 31
0.0
  0
ARC
  5
D0A
330
1F
100
AcDbEntity
  8
0
  6
Continuous
 62
     7
100
AcDbCircle
 10
78.97910029962213
 20
109.4546444349345
 30
0.0
 40
0.299999999999386
100
AcDbArc
 50
180.0
 51
270.0
  0
ARC
  5
D0B
330
1F
100
AcDbEntity
  8
0
  6
Continuous
 62
     7
100
AcDbCircle
 10
78.97910029962213
 20
78.85464443494507
 30
0.0
 40
0.2999999999993008
100
AcDbArc
 50
90.0
 51
180.0
  0
ARC
  5
D0C
330
1F
100
AcDbEntity
  8
0
  6
Continuous
 62
     4
100
AcDbCircle
 10
-137.5782126887834
 20
19.31158928834631
 30
0.0
 40
0.2000000000007672
100
AcDbArc
 50
92.95949748385728
 51
180.0
  0
ARC
  5
D0D
330
1F
100
AcDbEntity
  8
0
  6
Continuous
 62
     4
100
AcDbCircle
 10
-137.5782126887834
 20
16.71132254467486
 30
0.0
 40
0.2000000000008981
100
AcDbArc
 50
180.0
 51
270.0
  0
ARC
  5
D0E
330
1F
100
AcDbEntity
  8
0
  6
Continuous
 62
     4
100
AcDbCircle
 10
-118.1315816677845
 20
35.31132254467613
 30
0.0
 40
4.0
100
AcDbArc
 50
0.0
 51
90.0
  0
ARC
  5
D0F
330
1F
100
AcDbEntity
  8
0
  6
Continuous
 62
     4
100
AcDbCircle
 10
-105.9782126887851
 20
16.71132254466758
 30
0.0
 40
0.1999999999916326
100
AcDbArc
 50
270.0
 51
0.0
  0
ARC
  5
D10
330
1F
100
AcDbEntity
  8
0
  6
Continuous
 62
     4
100
AcDbCircle
 10
-105.9782126887851
 20
19.32158928834562
 30
0.0
 40
0.2000000000007134
100
AcDbArc
 50
0.0
 51
90.0
  0
ARC
  5
D11
330
1F
100
AcDbEntity
  8
0
  6
Continuous
 62
     4
100
AcDbCircle
 10
-52.31158865408378
 20
35.30335163014954
 30
0.0
 40
4.0
100
AcDbArc
 50
90.0
 51
180.0
  0
ARC
  5
D13
330
1F
100
AcDbEntity
  8
0
  6
Continuous
 62
     4
100
AcDbCircle
 10
86.98489676693716
 20
31.32655984184507
 30
0.0
 40
2.0
100
AcDbArc
 50
90.0
 51
180.0
  0
ARC
  5
D14
330
1F
100
AcDbEntity
  8
0
  6
Continuous
 62
     4
100
AcDbCircle
 10
100.5553220614977
 20
23.02655984218595
 30
0.0
 40
1.0
100
AcDbArc
 50
0.0
 51
90.0
  0
ARC
  5
D15
330
1F
100
AcDbEntity
  8
0
  6
Continuous
 62
     4
100
AcDbCircle
 10
108.3553220621363
 20
10.72655984182287
 30
0.0
 40
0.1999999999898101
100
AcDbArc
 50
270.0
 51
0.0
  0
ARC
  5
D16
330
1F
100
AcDbEntity
  8
0
  6
Continuous
 62
     4
100
AcDbCircle
 10
108.3553220621363
 20
13.33682658550183
 30
0.0
 40
0.2000000000006992
100
AcDbArc
 50
0.0
 51
90.0
  0
ARC
  5
D17
330
1F
100
AcDbEntity
  8
0
  6
Continuous
 62
     4
100
AcDbCircle
 10
76.75532206213887
 20
13.32682658550434
 30
0.0
 40
0.199999999999851
100
AcDbArc
 50
92.95949748384646
 51
180.0
  0
ARC
  5
D18
330
1F
100
AcDbEntity
  8
0
  6
Continuous
 62
     4
100
AcDbCircle
 10
76.75532206213887
 20
10.72655984183287
 30
0.0
 40
0.2000000000018076
100
AcDbArc
 50
180.0
 51
270.0
  0
ARC
  5
D19
330
1F
100
AcDbEntity
  8
0
  6
Continuous
 62
     4
100
AcDbCircle
 10
103.0453220963785
 20
21.32655984163862
 30
0.0
 40
0.9999999999979905
100
AcDbArc
 50
0.0151326370678475
 51
49.75943880372806
  0
ARC
  5
D1A
330
1F
100
AcDbEntity
  8
0
  6
Continuous
 62
     4
100
AcDbCircle
 10
84.55532206149777
 20
23.02655984218595
 30
0.0
 40
1.0
100
AcDbArc
 50
90.0
 51
180.0
  0
ARC
  5
D1B
330
1F
100
AcDbEntity
  8
0
  6
Continuous
 62
     7
100
AcDbCircle
 10
-21.44748703923523
 20
112.1546744524542
 30
0.0
 40
1.0
100
AcDbArc
 50
0.0
 51
90.0
  0
ARC
  5
D1C
330
1F
100
AcDbEntity
  8
0
  6
Continuous
 62
     7
100
AcDbCircle
 10
-21.44748703923523
 20
109.1546744524542
 30
0.0
 40
1.0
100
AcDbArc
 50
0.0
 51
90.0
  0
ARC
  5
D1D
330
1F
100
AcDbEntity
  8
0
  6
Continuous
 62
     7
100
AcDbCircle
 10
-21.44748703923523
 20
79.15461441743556
 30
0.0
 40
1.0
100
AcDbArc
 50
270.0
 51
0.0
  0
ARC
  5
D1E
330
1F
100
AcDbEntity
  8
0
  6
Continuous
 62
     7
100
AcDbCircle
 10
-21.44748703923523
 20
76.15461441743555
 30
0.0
 40
1.0
100
AcDbArc
 50
270.0
 51
0.0
  0
ARC
  5
D1F
330
1F
100
AcDbEntity
  8
0
  6
Continuous
 62
     7
100
AcDbCircle
 10
-54.48396078242348
 20
97.0780728491329
 30
0.0
 40
0.4999999999998442
100
AcDbArc
 50
120.0000000000103
 51
210.0000000000624
  0
ARC
  5
D20
330
1F
100
AcDbEntity
  8
0
  6
Continuous
 62
     7
100
AcDbCircle
 10
-49.4610134404731
 20
99.97807284913344
 30
0.0
 40
0.4999999999998228
100
AcDbArc
 50
30.00000000000608
 51
120.0000000000094
  0
ARC
  5
D21
330
1F
100
AcDbEntity
  8
0
  6
Continuous
 62
     7
100
AcDbCircle
 10
-44.41101332028774
 20
91.23121606274457
 30
0.0
 40
0.5000000000006317
100
AcDbArc
 50
299.9999999999582
 51
29.99999999997176
  0
ARC
  5
D22
330
1F
100
AcDbEntity
  8
0
  6
Continuous
 62
     7
100
AcDbCircle
 10
-49.43396066223812
 20
88.3312160627422
 30
0.0
 40
0.4999999999990565
100
AcDbArc
 50
210.0000000000624
 51
300.0000000000623
  0
ARC
  5
D23
330
1F
100
AcDbEntity
  8
0
  6
Continuous
 62
     7
100
AcDbCircle
 10
-51.36306995719059
 20
89.87503727562236
 30
0.0
 40
0.4999999999982576
100
AcDbArc
 50
210.0261020997028
 51
299.9768812225903
  0
ARC
  5
D24
330
1F
100
AcDbEntity
  8
0
  6
Continuous
 62
     7
100
AcDbCircle
 10
-54.11524061932795
 20
94.63692544848456
 30
0.0
 40
0.4999999999985557
100
AcDbArc
 50
119.9768812225521
 51
210.0261020999214
  0
ARC
  5
D25
330
1F
100
AcDbEntity
  8
0
  6
Continuous
 62
     7
100
AcDbCircle
 10
-44.77684988671643
 20
93.67181472028116
 30
0.0
 40
0.4999999999997978
100
AcDbArc
 50
299.9768812225903
 51
30.04773161944785
  0
ARC
  5
D26
330
1F
100
AcDbEntity
  8
0
  6
Continuous
 62
     7
100
AcDbCircle
 10
-47.53081908501207
 20
98.43266547519144
 30
0.0
 40
0.4999999999990753
100
AcDbArc
 50
30.04773161940982
 51
119.9768812224479
  0
ARC
  5
D27
330
1F
100
AcDbEntity
  8
0
  6
Continuous
 62
     7
100
AcDbCircle
 10
103.9415379942879
 20
20.22655984184471
 30
0.0
 40
0.0999999999993122
100
AcDbArc
 50
0.0
 51
90.0
  0
ARC
  5
D28
330
1F
100
AcDbEntity
  8
0
  6
Continuous
 62
     7
100
AcDbCircle
 10
81.16910612993738
 20
20.22655984184471
 30
0.0
 40
0.0999999999994508
100
AcDbArc
 50
90.0
 51
180.0
  0
ARC
  5
D29
330
1F
100
AcDbEntity
  8
0
  6
Continuous
 62
     7
100
AcDbCircle
 10
76.05532206213706
 20
3.226559841843796
 30
0.0
 40
3.000000000000003
100
AcDbArc
 50
90.0
 51
180.0
  0
ARC
  5
D2A
330
1F
100
AcDbEntity
  8
0
  6
Continuous
 62
     7
100
AcDbCircle
 10
76.05532206213706
 20
-29.7734401581562
 30
0.0
 40
3.0
100
AcDbArc
 50
180.0
 51
270.0
  0
ARC
  5
D2B
330
1F
100
AcDbEntity
  8
0
  6
Continuous
 62
     7
100
AcDbCircle
 10
109.055322062137
 20
-29.7734401581562
 30
0.0
 40
3.0
100
AcDbArc
 50
270.0
 51
0.0
  0
ARC
  5
D2C
330
1F
100
AcDbEntity
  8
0
  6
Continuous
 62
     7
100
AcDbCircle
 10
109.055322062137
 20
3.226559841843796
 30
0.0
 40
3.0
100
AcDbArc
 50
0.0
 51
90.0
  0
ARC
  5
D2D
330
1F
100
AcDbEntity
  8
0
  6
Continuous
 62
     7
100
AcDbCircle
 10
76.05532206213706
 20
3.226559841843796
 30
0.0
 40
3.000000000000003
100
AcDbArc
 50
90.0
 51
180.0
  0
ARC
  5
D2E
330
1F
100
AcDbEntity
  8
0
  6
Continuous
 62
     7
100
AcDbCircle
 10
76.75574735669878
 20
10.32655984183234
 30
0.0
 40
0.2000000000007276
100
AcDbArc
 50
90.0
 51
180.0
  0
ARC
  5
D2F
330
1F
100
AcDbEntity
  8
0
  6
Continuous
 62
     7
100
AcDbCircle
 10
76.75574735669878
 20
10.32655984183234
 30
0.0
 40
0.2000000000007276
100
AcDbArc
 50
90.0
 51
180.0
  0
ARC
  5
D30
330
1F
100
AcDbEntity
  8
0
  6
Continuous
 62
     7
100
AcDbCircle
 10
108.3557473566984
 20
10.32655984183234
 30
0.0
 40
0.1999999999997897
100
AcDbArc
 50
0.0
 51
90.0
  0
ARC
  5
D34
330
1F
100
AcDbEntity
  8
0
  6
Continuous
 62
     7
100
AcDbCircle
 10
108.555322062137
 20
2.726559841843796
 30
0.0
 40
3.0
100
AcDbArc
 50
0.0
 51
90.0
  0
ARC
  5
D35
330
1F
100
AcDbEntity
  8
0
  6
Continuous
 62
     7
100
AcDbCircle
 10
108.555322062137
 20
-29.2734401581562
 30
0.0
 40
3.0
100
AcDbArc
 50
270.0
 51
0.0
  0
ARC
  5
D36
330
1F
100
AcDbEntity
  8
0
  6
Continuous
 62
     7
100
AcDbCircle
 10
76.55532206213706
 20
-29.2734401581562
 30
0.0
 40
3.0
100
AcDbArc
 50
180.0
 51
270.0
  0
ARC
  5
D37
330
1F
100
AcDbEntity
  8
0
  6
Continuous
 62
     7
100
AcDbCircle
 10
76.55532206213706
 20
2.726559841843796
 30
0.0
 40
3.000000000000003
100
AcDbArc
 50
90.0
 51
180.0
  0
ARC
  5
D38
330
1F
100
AcDbEntity
  8
0
  6
Continuous
 62
     7
100
AcDbCircle
 10
-61.7474870391963
 20
-20.27964230699379
 30
0.0
 40
1.699999999997999
100
AcDbArc
 50
180.0
 51
229.7636416907946
  0
ARC
  5
D39
330
1F
100
AcDbEntity
  8
0
  6
Continuous
 62
     7
100
AcDbCircle
 10
-61.64748703920502
 20
16.85000000031525
 30
0.0
 40
0.8000000000010913
100
AcDbArc
 50
270.0
 51
0.0
  0
ARC
  5
D3D
330
1F
100
AcDbEntity
  8
0
  6
Continuous
 62
     7
100
AcDbCircle
 10
-60.46324152019149
 20
-74.7883663536808
 30
0.0
 40
1.699999999998211
100
AcDbArc
 50
130.2363583091892
 51
180.0
  0
ARC
  5
D3E
330
1F
100
AcDbEntity
  8
0
  6
Continuous
 62
     7
100
AcDbCircle
 10
-60.46324152019149
 20
-100.7476509682887
 30
0.0
 40
1.699999999998909
100
AcDbArc
 50
180.0
 51
229.7636416908107
  0
ARC
  5
D3F
330
1F
100
AcDbEntity
  8
0
  6
Continuous
 62
     7
100
AcDbCircle
 10
-134.3260753275774
 20
-26.28867745532241
 30
0.0
 40
0.5
100
AcDbArc
 50
270.0
 51
330.0000000014496
  0
ARC
  5
D40
330
1F
100
AcDbEntity
  8
0
  6
Continuous
 62
     7
100
AcDbCircle
 10
-138.3260753275774
 20
-23.78867745532241
 30
0.0
 40
3.0
100
AcDbArc
 50
180.0
 51
270.0
  0
ARC
  5
D41
330
1F
100
AcDbEntity
  8
0
  6
Continuous
 62
     7
100
AcDbCircle
 10
-140.8260753275774
 20
-22.48867738359038
 30
0.0
 40
0.5
100
AcDbArc
 50
90.0
 51
180.0
  0
ARC
  5
D42
330
1F
100
AcDbEntity
  8
0
  6
Continuous
 62
     7
100
AcDbCircle
 10
-106.626075399294
 20
-26.28867745531696
 30
0.0
 40
0.5
100
AcDbArc
 50
180.0
 51
270.0
  0
ARC
  5
D43
330
1F
100
AcDbEntity
  8
0
  6
Continuous
 62
     7
100
AcDbCircle
 10
-105.3260753275665
 20
-23.78867745531696
 30
0.0
 40
3.0
100
AcDbArc
 50
270.0
 51
0.0
  0
ARC
  5
D44
330
1F
100
AcDbEntity
  8
0
  6
Continuous
 62
     7
100
AcDbCircle
 10
-102.8260753275665
 20
-19.78867745531696
 30
0.0
 40
0.5
100
AcDbArc
 50
0.0
 51
60.00000000133212
  0
ARC
  5
D45
330
1F
100
AcDbEntity
  8
0
  6
Continuous
 62
     7
100
AcDbCircle
 10
-102.8260753275774
 20
7.91132247295829
 30
0.0
 40
0.5
100
AcDbArc
 50
270.0
 51
0.0
  0
ARC
  5
D46
330
1F
100
AcDbEntity
  8
0
  6
Continuous
 62
     7
100
AcDbCircle
 10
-105.3260753275774
 20
9.211322544688499
 30
0.0
 40
3.000000000000198
100
AcDbArc
 50
359.9999999999962
 51
90.0
  0
ARC
  5
D47
330
1F
100
AcDbEntity
  8
0
  6
Continuous
 62
     7
100
AcDbCircle
 10
-140.8260753275774
 20
5.21132254468304
 30
0.0
 40
0.5
100
AcDbArc
 50
180.0
 51
240.000000000094
  0
ARC
  5
D48
330
1F
100
AcDbEntity
  8
0
  6
Continuous
 62
     7
100
AcDbCircle
 10
-113.8260753275774
 20
16.81132254468704
 30
0.0
 40
1.5
100
AcDbArc
 50
0.0
 51
90.0
  0
ARC
  5
D49
330
1F
100
AcDbEntity
  8
0
  6
Continuous
 62
     7
100
AcDbCircle
 10
-109.3260753275774
 20
11.71132254468304
 30
0.0
 40
0.5
100
AcDbArc
 50
90.0
 51
149.9999999982023
  0
ARC
  5
D4A
330
1F
100
AcDbEntity
  8
0
  6
Continuous
 62
     7
100
AcDbCircle
 10
-131.826269205025
 20
11.71132254468304
 30
0.0
 40
0.4999999999991947
100
AcDbArc
 50
54.6562513842736
 51
90.0
  0
ARC
  5
D4B
330
1F
100
AcDbEntity
  8
0
  6
Continuous
 62
     7
100
AcDbCircle
 10
-114.5760753275774
 20
19.31132254468704
 30
0.0
 40
1.0
100
AcDbArc
 50
180.0
 51
270.0
  0
ARC
  5
D4C
330
1F
100
AcDbEntity
  8
0
  6
Continuous
 62
     7
100
AcDbCircle
 10
-116.0760753275772
 20
18.81132254468685
 30
0.0
 40
0.5000000000054142
100
AcDbArc
 50
335.9933003240233
 51
0.00000000002198
  0
ARC
  5
D4D
330
1F
100
AcDbEntity
  8
0
  6
Continuous
 62
     7
100
AcDbCircle
 10
-129.8260753275774
 20
16.81132254468704
 30
0.0
 40
1.5
100
AcDbArc
 50
90.0
 51
180.0
  0
ARC
  5
D4E
330
1F
100
AcDbEntity
  8
0
  6
Continuous
 62
     7
100
AcDbCircle
 10
-132.3260753275774
 20
13.21132254468304
 30
0.0
 40
1.0
100
AcDbArc
 50
270.0
 51
0.0
  0
ARC
  5
D4F
330
1F
100
AcDbEntity
  8
0
  6
Continuous
 62
     7
100
AcDbCircle
 10
-138.3260753275774
 20
9.211322544683039
 30
0.0
 40
2.999999999999996
100
AcDbArc
 50
90.0
 51
180.0
  0
ARC
  5
D50
330
1F
100
AcDbEntity
  8
0
  6
Continuous
 62
     7
100
AcDbCircle
 10
-105.3260753275774
 20
9.211322544692141
 30
0.0
 40
2.75
100
AcDbArc
 50
0.0
 51
90.0
  0
ARC
  5
D51
330
1F
100
AcDbEntity
  8
0
  6
Continuous
 62
     7
100
AcDbCircle
 10
-117.1260753275758
 20
14.0613225446925
 30
0.0
 40
2.0
100
AcDbArc
 50
0.0
 51
90.0
  0
ARC
  5
D52
330
1F
100
AcDbEntity
  8
0
  6
Continuous
 62
     7
100
AcDbCircle
 10
-126.5260753275763
 20
14.0613225446925
 30
0.0
 40
2.000000000000002
100
AcDbArc
 50
90.0
 51
180.0
  0
ARC
  5
D53
330
1F
100
AcDbEntity
  8
0
  6
Continuous
 62
     7
100
AcDbCircle
 10
-106.626075399294
 20
-26.03867745531241
 30
0.0
 40
0.5
100
AcDbArc
 50
180.0
 51
270.0
  0
ARC
  5
D54
330
1F
100
AcDbEntity
  8
0
  6
Continuous
 62
     7
100
AcDbCircle
 10
-113.0260753992972
 20
-26.03867745531241
 30
0.0
 40
0.5
100
AcDbArc
 50
270.0
 51
0.0
  0
ARC
  5
D55
330
1F
100
AcDbEntity
  8
0
  6
Continuous
 62
     7
100
AcDbCircle
 10
-105.3260753275774
 20
-23.78867745531241
 30
0.0
 40
2.75
100
AcDbArc
 50
270.0
 51
0.0
  0
ARC
  5
D56
330
1F
100
AcDbEntity
  8
0
  6
Continuous
 62
     7
100
AcDbCircle
 10
-103.0760753275774
 20
1.51132247296411
 30
0.0
 40
0.5
100
AcDbArc
 50
0.0
 51
90.0
  0
ARC
  5
D57
330
1F
100
AcDbEntity
  8
0
  6
Continuous
 62
     7
100
AcDbCircle
 10
-103.0760753275774
 20
7.911322472962839
 30
0.0
 40
0.5
100
AcDbArc
 50
270.0
 51
0.0
  0
ARC
  5
D58
330
1F
100
AcDbEntity
  8
0
  6
Continuous
 62
     7
100
AcDbCircle
 10
-138.3260753275774
 20
-23.78867745531241
 30
0.0
 40
2.75
100
AcDbArc
 50
180.0
 51
270.0
  0
ARC
  5
D59
330
1F
100
AcDbEntity
  8
0
  6
Continuous
 62
     7
100
AcDbCircle
 10
-140.5760753275774
 20
-16.08867738358801
 30
0.0
 40
0.5
100
AcDbArc
 50
180.0
 51
270.0
  0
ARC
  5
D5A
330
1F
100
AcDbEntity
  8
0
  6
Continuous
 62
     7
100
AcDbCircle
 10
-140.5760753275774
 20
-22.48867738358584
 30
0.0
 40
0.5
100
AcDbArc
 50
90.0
 51
180.0
  0
ARC
  5
D5B
330
1F
100
AcDbEntity
  8
0
  6
Continuous
 62
     7
100
AcDbCircle
 10
-129.826269205025
 20
16.76132254468413
 30
0.0
 40
1.25
100
AcDbArc
 50
90.0
 51
180.0
  0
ARC
  5
D5C
330
1F
100
AcDbEntity
  8
0
  6
Continuous
 62
     7
100
AcDbCircle
 10
-111.5760753275774
 20
12.96132254469214
 30
0.0
 40
1.0
100
AcDbArc
 50
180.0
 51
270.0
  0
ARC
  5
D5D
330
1F
100
AcDbEntity
  8
0
  6
Continuous
 62
     7
100
AcDbCircle
 10
-132.076269205025
 20
12.96132254468304
 30
0.0
 40
1.000000000000345
100
AcDbArc
 50
269.9701692981517
 51
0.0
  0
ARC
  5
D5E
330
1F
100
AcDbEntity
  8
0
  6
Continuous
 62
     7
100
AcDbCircle
 10
-127.0760753275774
 20
22.26132254468413
 30
0.0
 40
0.75
100
AcDbArc
 50
90.0
 51
180.0
  0
ARC
  5
D5F
330
1F
100
AcDbEntity
  8
0
  6
Continuous
 62
     7
100
AcDbCircle
 10
-128.3260753275774
 20
18.51132254468413
 30
0.0
 40
0.5
100
AcDbArc
 50
270.0
 51
0.0
  0
ARC
  5
D60
330
1F
100
AcDbEntity
  8
0
  6
Continuous
 62
     7
100
AcDbCircle
 10
-114.5260753275763
 20
19.31132254468341
 30
0.0
 40
1.300000000000907
100
AcDbArc
 50
180.0000000000088
 51
270.0
  0
ARC
  5
D61
330
1F
100
AcDbEntity
  8
0
  6
Continuous
 62
     7
100
AcDbCircle
 10
-113.8760753275758
 20
16.71132254468304
 30
0.0
 40
1.299999999998405
100
AcDbArc
 50
0.0
 51
90.0
  0
ARC
  5
D62
330
1F
100
AcDbEntity
  8
0
  6
Continuous
 62
     7
100
AcDbCircle
 10
-116.6260753275758
 20
22.21132254468304
 30
0.0
 40
0.7999999999984056
100
AcDbArc
 50
0.0
 51
90.0
  0
ARC
  5
D63
330
1F
100
AcDbEntity
  8
0
  6
Continuous
 62
     7
100
AcDbCircle
 10
-138.2760753275763
 20
9.161322544692868
 30
0.0
 40
2.799999999990173
100
AcDbArc
 50
90.0
 51
180.0
  0
ARC
  5
D64
330
1F
100
AcDbEntity
  8
0
  6
Continuous
 62
     7
100
AcDbCircle
 10
-130.726075327577
 20
6.247570178353469
 30
0.0
 40
2.19999999999642
100
AcDbArc
 50
303.3246750126734
 51
0.0
  0
ARC
  5
D65
330
1F
100
AcDbEntity
  8
0
  6
Continuous
 62
     7
100
AcDbCircle
 10
-112.926075327575
 20
6.247570178353469
 30
0.0
 40
2.200000000000798
100
AcDbArc
 50
180.0
 51
236.6753249875028
  0
ARC
  5
D66
330
1F
100
AcDbEntity
  8
0
  6
Continuous
 62
     7
100
AcDbCircle
 10
-129.5260753275763
 20
7.811405325912549
 30
0.0
 40
0.9999999999973161
100
AcDbArc
 50
297.0184431853453
 51
0.0
  0
ARC
  5
D67
330
1F
100
AcDbEntity
  8
0
  6
Continuous
 62
     7
100
AcDbCircle
 10
-114.1260753275758
 20
7.811405325912549
 30
0.0
 40
1.0
100
AcDbArc
 50
180.0
 51
242.9815568152582
  0
LWPOLYLINE
  5
D68
330
1F
100
AcDbEntity
  8
0
  6
Continuous
 62
     4
100
AcDbPolyline
 90
       73
 70
     0
 43
0.0
 10
-15.04748703926379
 20
30.00000000034399
 10
-15.02567227819253
 20
29.99888555999061
 10
-15.00386787320457
 20
29.99769639672942
 10
-14.98208418038229
 20
29.99635778765534
 10
-14.96033155580352
 20
29.99479500986055
 10
-14.93862035555429
 20
29.99293334043998
 10
-14.91696093571426
 20
29.99069805648762
 10
-14.89536365236762
 20
29.98801443509476
 10
-14.87383886159313
 20
29.9848077533554
 10
-14.85239686849326
 20
29.981019568135
 10
-14.83104777424995
 20
29.9766565553866
 10
-14.80980162905979
 20
29.97174167082559
 10
-14.78866848312572
 20
29.96629787017557
 10
-14.76765838664795
 20
29.96034810916009
 10
-14.74678138982125
 20
29.95391534349912
 10
-14.72604754284856
 20
29.94702252891531
 10
-14.70546689593101
 20
29.93969262112861
 10
-14.68504939007306
 20
29.93194457725643
 10
-14.66480452950526
 20
29.92378135999044
 10
-14.64474170926332
 20
29.91520193342259
 10
-14.62487032438474
 20
29.90620526163932
 10
-14.6051997699098
 20
29.89679030872705
 10
-14.58573944087056
 20
29.88695603878134
 10
-14.56649873230725
 20
29.87670141588225
 10
-14.54748703925651
 20
29.86602540412443
 10
-14.52871362779132
 20
29.85492837665899
 10
-14.51018724814475
 20
29.84341634290396
 10
-14.49191652158896
 20
29.83149672134934
 10
-14.47391006938977
 20
29.81917693047055
 10
-14.45617651281754
 20
29.8064643887594
 10
-14.43872447314533
 20
29.79336651469495
 10
-14.42156257163805
 20
29.7798907267663
 10
-14.40469942956878
 20
29.76604444345432
 10
-14.38814339166509
 20
29.75183500716523
 10
-14.37190169649074
 20
29.73726945600558
 10
-14.35598130607394
 20
29.72235475199361
 10
-14.34038918243294
 20
29.70709785715391
 10
-14.32513228759507
 20
29.691505733512
 10
-14.31021758358401
 20
29.6755853430943
 10
-14.29565203242254
 20
29.65934364791994
 10
-14.28144259613526
 20
29.64278761002262
 10
-14.26759631282329
 20
29.62592446795154
 10
-14.25412052489372
 20
29.60876256644335
 10
-14.2410226508311
 20
29.59131052677023
 10
-14.22831010911995
 20
29.57357697019799
 10
-14.21599031824479
 20
29.55557051800062
 10
-14.20407069668653
 20
29.53729979144119
 10
-14.19255866293332
 20
29.51877341179554
 10
-14.18146163546879
 20
29.50000000033944
 10
-14.17078562371097
 20
29.48098830728506
 10
-14.16053100081462
 20
29.46174759872358
 10
-14.15069673086526
 20
29.44228726968433
 10
-14.14128177795573
 20
29.4226167152103
 10
-14.13228510617427
 20
29.402745330329
 10
-14.12370567960551
 20
29.38268251008797
 10
-14.11554246233953
 20
29.36243764951925
 10
-14.10779441846825
 20
29.3420201436613
 10
-14.10046451068155
 20
29.32143949674193
 10
-14.09357169609774
 20
29.30070564976924
 10
-14.08713893043677
 20
29.27982865294345
 10
-14.08118916942311
 20
29.25881855646296
 10
-14.07574536877581
 20
29.23768541053161
 10
-14.07083048421481
 20
29.21643926534145
 10
-14.06646747146277
 20
29.19509017109724
 10
-14.06267928626056
 20
29.17364817801828
 10
-14.05947260452393
 20
29.15212338724288
 10
-14.05678898313198
 20
29.13052610389624
 10
-14.05455369917962
 20
29.10886668405712
 10
-14.05269202975994
 20
29.0871554838079
 10
-14.05112925196607
 20
29.06540285923095
 10
-14.04979064289381
 20
29.04361916640957
 10
-14.04860147963262
 20
29.02181476142343
 10
-14.04748703926379
 20
29.00000000032125
  0
HATCH
  5
FF1
330
1F
100
AcDbEntity
  8
0
  6
Continuous
 62
     4
100
AcDbHatch
 10
0.0
 20
0.0
 30
0.0
210
0.0
220
0.0
230
1.0
  2
CUSTOM0
 70
     0
 71
     1
 91
        2
 92
        1
 93
        1
 72
     2
 10
-57.06367121671173
 20
99.34626239013798
 40
1.350000000000477
 50
0.0
 51
360.0
 73
     1
 97
        1
330
CBF
 92
       17
 93
        1
 72
     2
 10
-57.06367121671173
 20
99.34626239013798
 40
0.9999999999997251
 50
0.0
 51
360.0
 73
     1
 97
        1
330
CC3
 75
     1
 76
     2
 52
45.0
 41
0.5
 77
     0
 78
     1
 53
45.0
 43
-262.7390336639717
 44
1502.526127085437
 45
-0.7071067811865475
 46
0.0000000000000001
 79
     0
 98
        1
 10
0.0
 20
0.0
  0
HATCH
  5
FF2
330
1F
100
AcDbEntity
  8
0
  6
Continuous
 62
     4
100
AcDbHatch
 10
0.0
 20
0.0
 30
0.0
210
0.0
220
0.0
230
1.0
  2
CUSTOM1
 70
     0
 71
     1
 91
        2
 92
        1
 93
        1
 72
     2
 10
-50.15388479068878
 20
103.3857573543075
 40
1.349999999998859
 50
0.0
 51
360.0
 73
     1
 97
        1
330
CC0
 92
       17
 93
        1
 72
     2
 10
-50.15388479068696
 20
103.3857573543084
 40
0.9999999999989251
 50
0.0
 51
360.0
 73
     1
 97
        1
330
CC6
 75
     1
 76
     2
 52
45.0
 41
0.5
 77
     0
 78
     1
 53
45.0
 43
-262.7390336639717
 44
1502.526127085437
 45
-0.7071067811865475
 46
0.0000000000000001
 79
     0
 98
        1
 10
0.0
 20
0.0
  0
HATCH
  5
FF3
330
1F
100
AcDbEntity
  8
0
  6
Continuous
 62
     4
100
AcDbHatch
 10
0.0
 20
0.0
 30
0.0
210
0.0
220
0.0
230
1.0
  2
CUSTOM2
 70
     0
 71
     1
 91
        2
 92
        1
 93
        1
 72
     2
 10
-41.8538847906886
 20
89.00973565148364
 40
1.35000000000006
 50
0.0
 51
360.0
 73
     1
 97
        1
330
CC1
 92
       17
 93
        1
 72
     2
 10
-41.8538847906886
 20
89.00973565148364
 40
1.000000000000349
 50
0.0
 51
360.0
 73
     1
 97
        1
330
CC7
 75
     1
 76
     2
 52
45.0
 41
0.5
 77
     0
 78
     1
 53
45.0
 43
-262.7390336639717
 44
1502.526127085437
 45
-0.7071067811865475
 46
0.0000000000000001
 79
     0
 98
        1
 10
0.0
 20
0.0
  0
HATCH
  5
FF4
330
1F
100
AcDbEntity
  8
0
  6
Continuous
 62
     4
100
AcDbHatch
 10
0.0
 20
0.0
 30
0.0
210
0.0
220
0.0
230
1.0
  2
CUSTOM3
 70
     0
 71
     1
 91
        2
 92
        1
 93
        1
 72
     2
 10
-48.76367121670972
 20
84.97024068731864
 40
1.350000000000981
 50
0.0
 51
360.0
 73
     1
 97
        1
330
CC2
 92
       17
 93
        1
 72
     2
 10
-48.76367121670972
 20
84.97024068731864
 40
1.000000000000475
 50
0.0
 51
360.0
 73
     1
 97
        1
330
CCA
 75
     1
 76
     2
 52
45.0
 41
0.5
 77
     0
 78
     1
 53
45.0
 43
-262.7390336639717
 44
1502.526127085437
 45
-0.7071067811865475
 46
0.0000000000000001
 79
     0
 98
        1
 10
0.0
 20
0.0
  0
LINE
  5
138C
330
1F
100
AcDbEntity
  8
0
  6
Continuous
 62
     4
100
AcDbLine
 10
-105.9782126887851
 20
16.51132254467595
 30
0.0
 11
-106.1757694279871
 21
16.51132254467595
 31
0.0
  0
LINE
  5
138D
330
1F
100
AcDbEntity
  8
0
  6
Continuous
 62
     4
100
AcDbLine
 10
-137.5782126887834
 20
16.51132254467396
 30
0.0
 11
-137.4745303486795
 21
16.51132254467396
 31
0.0
  0
ENDSEC
  0
SECTION
  2
OBJECTS
  0
DICTIONARY
  5
C
330
0
100
AcDbDictionary
281
     1
  3
ACAD_COLOR
350
1042
  3
ACAD_GROUP
350
D
  3
ACAD_LAYOUT
350
1A
  3
ACAD_MATERIAL
350
3B
  3
ACAD_MLEADERSTYLE
350
1001
  3
ACAD_MLINESTYLE
350
17
  3
ACAD_PLOTSETTINGS
350
19
  3
ACAD_PLOTSTYLENAME
350
E
  3
ACAD_SCALELIST
350
1045
  3
ACAD_TABLESTYLE
350
1043
  3
ACAD_VISUALSTYLE
350
2A
  3
ACDB_RECOMPOSE_DATA
350
13A0
  3
AcDbVariableDictionary
350
FFF
  3
DWGPROPS
350
13A1
  0
DICTIONARY
  5
1177
330
2
100
AcDbDictionary
280
     1
281
     1
  3
ACAD_LAYERSTATES
360
1178
  0
DICTIONARY
  5
1172
330
10
100
AcDbDictionary
280
     1
281
     1
  3
ADSK_XREC_LAYER_RECONCILED
360
1173
  0
DICTIONARY
  5
1042
102
{ACAD_REACTORS
330
C
102
}
330
C
100
AcDbDictionary
281
     1
  0
DICTIONARY
  5
D
102
{ACAD_REACTORS
330
C
102
}
330
C
100
AcDbDictionary
281
     1
  0
DICTIONARY
  5
1A
102
{ACAD_REACTORS
330
C
102
}
330
C
100
AcDbDictionary
281
     1
  3
Layout1
350
1E
  3
Layout2
350
26
  3
Model
350
22
  0
DICTIONARY
  5
3B
102
{ACAD_REACTORS
330
C
102
}
330
C
100
AcDbDictionary
281
     1
  3
ByBlock
350
3D
  3
ByLayer
350
3C
  3
Global
350
3E
  0
DICTIONARY
  5
1001
102
{ACAD_REACTORS
330
C
102
}
330
C
100
AcDbDictionary
281
     1
  3
Standard
350
1057
  0
DICTIONARY
  5
17
102
{ACAD_REACTORS
330
C
102
}
330
C
100
AcDbDictionary
281
     1
  3
Standard
350
18
  0
DICTIONARY
  5
19
102
{ACAD_REACTORS
330
C
102
}
330
C
100
AcDbDictionary
281
     1
  0
ACDBDICTIONARYWDFLT
  5
E
102
{ACAD_REACTORS
330
C
102
}
330
C
100
AcDbDictionary
281
     1
  3
Normal
350
F
100
AcDbDictionaryWithDefault
340
F
  0
DICTIONARY
  5
1045
102
{ACAD_REACTORS
330
C
102
}
330
C
100
AcDbDictionary
281
     1
  3
A0
350
1046
  3
A1
350
1047
  3
A2
350
1048
  3
A3
350
1049
  3
A4
350
104A
  3
A5
350
104B
  3
A6
350
104C
  3
A7
350
104D
  3
A8
350
104E
  3
A9
350
104F
  3
B0
350
1050
  3
B1
350
1051
  3
B2
350
1052
  3
B3
350
1053
  3
B4
350
1054
  3
B5
350
1055
  3
B6
350
1056
  0
DICTIONARY
  5
1043
102
{ACAD_REACTORS
330
C
102
}
330
C
100
AcDbDictionary
281
     1
  3
Standard
350
1044
  0
DICTIONARY
  5
2A
102
{ACAD_REACTORS
330
C
102
}
330
C
100
AcDbDictionary
281
     1
  3
2dWireframe
350
2F
  3
3D Hidden
350
31
  3
3dWireframe
350
30
  3
Basic
350
32
  3
Brighten
350
36
  3
ColorChange
350
3A
  3
Conceptual
350
34
  3
Dim
350
35
  3
EdgeColorOff
350
1041
  3
Facepattern
350
39
  3
Flat
350
2B
  3
FlatWithEdges
350
2C
  3
Gouraud
350
2D
  3
GouraudWithEdges
350
2E
  3
Hidden
350
1039
  3
JitterOff
350
103F
  3
Linepattern
350
38
  3
OverhangOff
350
1040
  3
Realistic
350
33
  3
Shaded
350
103E
  3
Shaded with edges
350
103D
  3
Shades of Gray
350
103A
  3
Sketchy
350
103B
  3
Thicken
350
37
  3
Wireframe
350
1038
  3
X-Ray
350
103C
  0
XRECORD
  5
13A0
102
{ACAD_REACTORS
330
C
102
}
330
C
100
AcDbXrecord
280
     1
 90
        1
330
1044
  0
DICTIONARY
  5
FFF
102
{ACAD_REACTORS
330
C
102
}
330
C
100
AcDbDictionary
281
     1
  3
CANNOSCALE
350
1061
  3
CMLEADERSTYLE
350
105F
  3
CTABLESTYLE
350
105E
  3
DIMASSOC
350
1002
  3
HIDETEXT
350
1003
  3
INDEXCTL
350
139C
  3
LAYEREVAL
350
1063
  3
LAYERNOTIFY
350
1064
  3
LIGHTINGUNITS
350
1062
  3
MSLTSCALE
350
1060
  3
SORTENTS
350
139B
  3
XCLIPFRAME
350
139D
  0
XRECORD
  5
13A1
102
{ACAD_REACTORS
330
C
102
}
330
C
100
AcDbXrecord
280
     1
  1
DWGPROPS COOKIE
  2

  3

  4

  6

  7

  8
nabe
  9

300
=
301
=
302
=
303
=
304
=
305
=
306
=
307
=
308
=
309
=
 40
0.0287104976851852
 41
2457917.542911899
 42
2457935.378577384
  1

 90
        0
  0
DICTIONARY
  5
1178
102
{ACAD_REACTORS
330
1177
102
}
330
1177
100
AcDbDictionary
281
     1
  0
XRECORD
  5
1173
102
{ACAD_REACTORS
330
1172
102
}
330
1172
100
AcDbXrecord
280
     1
290
     1
  0
LAYOUT
  5
1E
102
{ACAD_XDICTIONARY
360
13A2
102
}
102
{ACAD_REACTORS
330
1A
102
}
330
1A
100
AcDbPlotSettings
  1

  2
none_device
  4

  6

 40
0.0
 41
0.0
 42
0.0
 43
0.0
 44
0.0
 45
0.0
 46
0.0
 47
0.0
 48
0.0
 49
0.0
140
0.0
141
0.0
142
1.0
143
1.0
 70
   688
 72
     0
 73
     0
 74
     5
  7

 75
    16
147
1.0
148
0.0
149
0.0
100
AcDbLayout
  1
Layout1
 70
     1
 71
     1
 10
0.0
 20
0.0
 11
12.0
 21
9.0
 12
0.0
 22
0.0
 32
0.0
 14
1.000000000000000E+20
 24
1.000000000000000E+20
 34
1.000000000000000E+20
 15
-1.000000000000000E+20
 25
-1.000000000000000E+20
 35
-1.000000000000000E+20
146
0.0
 13
0.0
 23
0.0
 33
0.0
 16
1.0
 26
0.0
 36
0.0
 17
0.0
 27
1.0
 37
0.0
 76
     0
330
1B
  0
LAYOUT
  5
26
102
{ACAD_XDICTIONARY
360
13A5
102
}
102
{ACAD_REACTORS
330
1A
102
}
330
1A
100
AcDbPlotSettings
  1

  2
none_device
  4

  6

 40
0.0
 41
0.0
 42
0.0
 43
0.0
 44
0.0
 45
0.0
 46
0.0
 47
0.0
 48
0.0
 49
0.0
140
0.0
141
0.0
142
1.0
143
1.0
 70
   688
 72
     0
 73
     0
 74
     5
  7

 75
    16
147
1.0
148
0.0
149
0.0
100
AcDbLayout
  1
Layout2
 70
     1
 71
     2
 10
0.0
 20
0.0
 11
0.0
 21
0.0
 12
0.0
 22
0.0
 32
0.0
 14
0.0
 24
0.0
 34
0.0
 15
0.0
 25
0.0
 35
0.0
146
0.0
 13
0.0
 23
0.0
 33
0.0
 16
1.0
 26
0.0
 36
0.0
 17
0.0
 27
1.0
 37
0.0
 76
     0
330
23
  0
LAYOUT
  5
22
102
{ACAD_XDICTIONARY
360
117D
102
}
102
{ACAD_REACTORS
330
1A
102
}
330
1A
100
AcDbPlotSettings
  1

  2
none_device
  4

  6

 40
0.0
 41
0.0
 42
0.0
 43
0.0
 44
0.0
 45
0.0
 46
0.0
 47
0.0
 48
0.0
 49
0.0
140
0.0
141
0.0
142
1.0
143
1.0
 70
  1712
 72
     0
 73
     0
 74
     0
  7

 75
     0
147
1.0
148
0.0
149
0.0
100
AcDbLayout
  1
Model
 70
     1
 71
     0
 10
0.0
 20
0.0
 11
12.0
 21
9.0
 12
0.0
 22
0.0
 32
0.0
 14
-213.9999
 24
-143.0001
 34
0.0
 15
195.4999
 25
142.9999
 35
0.0
146
0.0
 13
0.0
 23
0.0
 33
0.0
 16
1.0
 26
0.0
 36
0.0
 17
0.0
 27
1.0
 37
0.0
 76
     0
330
1F
331
29
  0
MATERIAL
  5
3D
102
{ACAD_XDICTIONARY
360
1026
102
}
102
{ACAD_REACTORS
330
3B
102
}
330
3B
100
AcDbMaterial
  1
ByBlock
  0
MATERIAL
  5
3C
102
{ACAD_XDICTIONARY
360
1024
102
}
102
{ACAD_REACTORS
330
3B
102
}
330
3B
100
AcDbMaterial
  1
ByLayer
  0
MATERIAL
  5
3E
102
{ACAD_XDICTIONARY
360
1028
102
}
102
{ACAD_REACTORS
330
3B
102
}
330
3B
100
AcDbMaterial
  1
Global
  0
MLEADERSTYLE
  5
1057
102
{ACAD_REACTORS
330
1001
102
}
330
1001
100
AcDbMLeaderStyle
170
     2
171
     1
172
     0
 90
        2
 40
0.0
 41
0.0
173
     1
 91
-1056964608
340
14
 92
       -2
290
     1
 42
2.0
291
     1
 43
0.36
  3
Standard
 44
4.0
300

342
11
174
     1
178
     6
175
     1
176
     0
 93
-1056964608
 45
4.0
292
     0
297
     0
 46
4.0
 94
-1056964608
 47
1.0
 49
1.0
140
1.0
293
     1
141
0.0
294
     1
177
     0
142
1.0
295
     0
296
     0
143
0.125
1001
ACAD_MLEADERVER
1070
     2
  0
MLINESTYLE
  5
18
102
{ACAD_REACTORS
330
17
102
}
330
17
100
AcDbMlineStyle
  2
STANDARD
 70
     0
  3

 62
   256
 51
90.0
 52
90.0
 71
     2
 49
0.5
 62
   256
  6
BYLAYER
 49
-0.5
 62
   256
  6
BYLAYER
  0
ACDBPLACEHOLDER
  5
F
102
{ACAD_REACTORS
330
E
102
}
330
E
  0
SCALE
  5
1046
102
{ACAD_REACTORS
330
1045
102
}
330
1045
100
AcDbScale
 70
     0
300
1:1
140
1.0
141
1.0
290
     1
  0
SCALE
  5
1047
102
{ACAD_REACTORS
330
1045
102
}
330
1045
100
AcDbScale
 70
     0
300
1:2
140
1.0
141
2.0
290
     0
  0
SCALE
  5
1048
102
{ACAD_REACTORS
330
1045
102
}
330
1045
100
AcDbScale
 70
     0
300
1:4
140
1.0
141
4.0
290
     0
  0
SCALE
  5
1049
102
{ACAD_REACTORS
330
1045
102
}
330
1045
100
AcDbScale
 70
     0
300
1:5
140
1.0
141
5.0
290
     0
  0
SCALE
  5
104A
102
{ACAD_REACTORS
330
1045
102
}
330
1045
100
AcDbScale
 70
     0
300
1:8
140
1.0
141
8.0
290
     0
  0
SCALE
  5
104B
102
{ACAD_REACTORS
330
1045
102
}
330
1045
100
AcDbScale
 70
     0
300
1:10
140
1.0
141
10.0
290
     0
  0
SCALE
  5
104C
102
{ACAD_REACTORS
330
1045
102
}
330
1045
100
AcDbScale
 70
     0
300
1:16
140
1.0
141
16.0
290
     0
  0
SCALE
  5
104D
102
{ACAD_REACTORS
330
1045
102
}
330
1045
100
AcDbScale
 70
     0
300
1:20
140
1.0
141
20.0
290
     0
  0
SCALE
  5
104E
102
{ACAD_REACTORS
330
1045
102
}
330
1045
100
AcDbScale
 70
     0
300
1:30
140
1.0
141
30.0
290
     0
  0
SCALE
  5
104F
102
{ACAD_REACTORS
330
1045
102
}
330
1045
100
AcDbScale
 70
     0
300
1:40
140
1.0
141
40.0
290
     0
  0
SCALE
  5
1050
102
{ACAD_REACTORS
330
1045
102
}
330
1045
100
AcDbScale
 70
     0
300
1:50
140
1.0
141
50.0
290
     0
  0
SCALE
  5
1051
102
{ACAD_REACTORS
330
1045
102
}
330
1045
100
AcDbScale
 70
     0
300
1:100
140
1.0
141
100.0
290
     0
  0
SCALE
  5
1052
102
{ACAD_REACTORS
330
1045
102
}
330
1045
100
AcDbScale
 70
     0
300
2:1
140
2.0
141
1.0
290
     0
  0
SCALE
  5
1053
102
{ACAD_REACTORS
330
1045
102
}
330
1045
100
AcDbScale
 70
     0
300
4:1
140
4.0
141
1.0
290
     0
  0
SCALE
  5
1054
102
{ACAD_REACTORS
330
1045
102
}
330
1045
100
AcDbScale
 70
     0
300
8:1
140
8.0
141
1.0
290
     0
  0
SCALE
  5
1055
102
{ACAD_REACTORS
330
1045
102
}
330
1045
100
AcDbScale
 70
     0
300
10:1
140
10.0
141
1.0
290
     0
  0
SCALE
  5
1056
102
{ACAD_REACTORS
330
1045
102
}
330
1045
100
AcDbScale
 70
     0
300
100:1
140
100.0
141
1.0
290
     0
  0
TABLESTYLE
  5
1044
102
{ACAD_XDICTIONARY
360
139E
102
}
102
{ACAD_REACTORS
330
1043
102
}
330
1043
100
AcDbTableStyle
  3
Standard
 70
     0
 71
     0
 40
1.5
 41
1.5
280
     0
281
     0
  7
Standard
140
4.5
170
     2
 62
     0
 63
     7
283
     0
274
    -2
284
     1
 64
     0
275
    -2
285
     1
 65
     0
276
    -2
286
     1
 66
     0
277
    -2
287
     1
 67
     0
278
    -2
288
     1
 68
     0
279
    -2
289
     1
 69
     0
  7
Standard
140
6.0
170
     5
 62
     0
 63
     7
283
     0
274
    -2
284
     1
 64
     0
275
    -2
285
     1
 65
     0
276
    -2
286
     1
 66
     0
277
    -2
287
     1
 67
     0
278
    -2
288
     1
 68
     0
279
    -2
289
     1
 69
     0
  7
Standard
140
4.5
170
     5
 62
     0
 63
     7
283
     0
274
    -2
284
     1
 64
     0
275
    -2
285
     1
 65
     0
276
    -2
286
     1
 66
     0
277
    -2
287
     1
 67
     0
278
    -2
288
     1
 68
     0
279
    -2
289
     1
 69
     0
  0
VISUALSTYLE
  5
2F
102
{ACAD_XDICTIONARY
360
13AF
102
}
102
{ACAD_REACTORS
330
2A
102
}
330
2A
100
AcDbVisualStyle
  2

 70
     4
 71
     0
 72
     2
 73
     0
 90
        0
 40
-0.6
 41
-30.0
 62
     5
 63
     7
 74
     1
 91
        4
 64
     7
 65
   257
 75
     1
175
     1
 42
1.0
 92
        0
 66
   257
 43
1.0
 76
     1
 77
     6
 78
     2
 67
     7
 79
     5
170
     0
171
     0
290
     0
174
     0
 93
        1
 44
0.0
173
     0
291
     0
 45
0.0
1001
ACAD
1000
AcDbSavedByObjectVersion
1070
     0
  0
VISUALSTYLE
  5
31
102
{ACAD_XDICTIONARY
360
13B3
102
}
102
{ACAD_REACTORS
330
2A
102
}
330
2A
100
AcDbVisualStyle
  2

 70
     6
 71
     1
 72
     2
 73
     2
 90
        0
 40
-0.6
 41
-30.0
 62
     5
 63
     7
 74
     2
 91
        2
 64
     7
 65
   257
 75
     2
175
     1
 42
40.0
 92
        0
 66
   257
 43
1.0
 76
     1
 77
     6
 78
     2
 67
     7
 79
     3
170
     0
171
     0
290
     0
174
     0
 93
        1
 44
0.0
173
     0
291
     0
 45
0.0
1001
ACAD
1000
AcDbSavedByObjectVersion
1070
     0
  0
VISUALSTYLE
  5
30
102
{ACAD_XDICTIONARY
360
13B1
102
}
102
{ACAD_REACTORS
330
2A
102
}
330
2A
100
AcDbVisualStyle
  2

 70
     5
 71
     0
 72
     2
 73
     0
 90
        0
 40
-0.6
 41
-30.0
 62
     5
 63
     7
 74
     1
 91
        4
 64
     7
 65
   257
 75
     1
175
     1
 42
1.0
 92
        0
 66
   257
 43
1.0
 76
     1
 77
     6
 78
     2
 67
     7
 79
     5
170
     0
171
     0
290
     0
174
     0
 93
        1
 44
0.0
173
     0
291
     0
 45
0.0
1001
ACAD
1000
AcDbSavedByObjectVersion
1070
     0
  0
VISUALSTYLE
  5
32
102
{ACAD_XDICTIONARY
360
13B5
102
}
102
{ACAD_REACTORS
330
2A
102
}
330
2A
100
AcDbVisualStyle
  2

 70
     7
 71
     1
 72
     0
 73
     1
 90
        0
 40
-0.6
 41
-30.0
 62
     5
 63
     7
 74
     0
 91
        4
 64
     7
 65
   257
 75
     1
175
     1
 42
1.0
 92
        8
 66
     7
 43
1.0
 76
     1
 77
     6
 78
     2
 67
     7
 79
     5
170
     0
171
     0
290
     0
174
     0
 93
        1
 44
0.0
173
     0
291
     1
 45
0.0
1001
ACAD
1000
AcDbSavedByObjectVersion
1070
     0
  0
VISUALSTYLE
  5
36
102
{ACAD_XDICTIONARY
360
13BD
102
}
102
{ACAD_REACTORS
330
2A
102
}
330
2A
100
AcDbVisualStyle
  2

 70
    12
 71
     2
 72
     2
 73
     0
 90
        0
 40
-0.6
 41
-30.0
 62
     5
 63
     7
 74
     1
 91
        4
 64
     7
 65
   257
 75
     1
175
     1
 42
1.0
 92
        8
 66
     7
 43
1.0
 76
     1
 77
     6
 78
     2
 67
     7
 79
     5
170
     0
171
     0
290
     0
174
     0
 93
        1
 44
50.0
173
     0
291
     1
 45
0.0
1001
ACAD
1000
AcDbSavedByObjectVersion
1070
     0
  0
VISUALSTYLE
  5
3A
102
{ACAD_XDICTIONARY
360
13C5
102
}
102
{ACAD_REACTORS
330
2A
102
}
330
2A
100
AcDbVisualStyle
  2

 70
    16
 71
     2
 72
     2
 73
     3
 90
        0
 40
-0.6
 41
-30.0
 62
     5
 63
     8
 74
     1
 91
        4
 64
     7
 65
   257
 75
     1
175
     1
 42
1.0
 92
        8
 66
     8
 43
1.0
 76
     1
 77
     6
 78
     2
 67
     7
 79
     5
170
     0
171
     0
290
     0
174
     0
 93
        1
 44
0.0
173
     0
291
     1
 45
0.0
1001
ACAD
1000
AcDbSavedByObjectVersion
1070
     0
  0
VISUALSTYLE
  5
34
102
{ACAD_XDICTIONARY
360
13B9
102
}
102
{ACAD_REACTORS
330
2A
102
}
330
2A
100
AcDbVisualStyle
  2

 70
     9
 71
     3
 72
     2
 73
     0
 90
        0
 40
-0.6
 41
-30.0
 62
     5
 63
     7
 74
     2
 91
        2
 64
     7
 65
   257
 75
     1
175
     1
 42
40.0
 92
        8
 66
     7
 43
1.0
 76
     1
 77
     6
 78
     2
 67
     7
 79
     3
170
     0
171
     0
290
     0
174
     0
 93
        1
 44
0.0
173
     0
291
     0
 45
0.0
1001
ACAD
1000
AcDbSavedByObjectVersion
1070
     0
  0
VISUALSTYLE
  5
35
102
{ACAD_XDICTIONARY
360
13BB
102
}
102
{ACAD_REACTORS
330
2A
102
}
330
2A
100
AcDbVisualStyle
  2

 70
    11
 71
     2
 72
     2
 73
     0
 90
        0
 40
-0.6
 41
-30.0
 62
     5
 63
     7
 74
     1
 91
        4
 64
     7
 65
   257
 75
     1
175
     1
 42
1.0
 92
        8
 66
     7
 43
1.0
 76
     1
 77
     6
 78
     2
 67
     7
 79
     5
170
     0
171
     0
290
     0
174
     0
 93
        1
 44
-50.0
173
     0
291
     1
 45
0.0
1001
ACAD
1000
AcDbSavedByObjectVersion
1070
     0
  0
VISUALSTYLE
  5
1041
102
{ACAD_XDICTIONARY
360
13D9
102
}
102
{ACAD_REACTORS
330
2A
102
}
330
2A
100
AcDbVisualStyle
  2
EdgeColorOff
 70
    22
 71
     2
 72
     2
 73
     0
 90
        0
 40
-0.6
 41
-30.0
 62
     5
 63
     7
 74
     1
 91
        4
 64
     7
 65
   257
 75
     1
175
     1
 42
1.0
 92
        8
 66
     7
 43
1.0
 76
     1
 77
     6
 78
     2
 67
     7
 79
     5
170
     0
171
     0
290
     0
174
     0
 93
        1
 44
0.0
173
     0
291
     1
 45
0.0
1001
ACAD
1000
AcDbSavedByObjectVersion
1070
     0
  0
VISUALSTYLE
  5
39
102
{ACAD_XDICTIONARY
360
13C3
102
}
102
{ACAD_REACTORS
330
2A
102
}
330
2A
100
AcDbVisualStyle
  2

 70
    15
 71
     2
 72
     2
 73
     0
 90
        0
 40
-0.6
 41
-30.0
 62
     5
 63
     7
 74
     1
 91
        4
 64
     7
 65
   257
 75
     1
175
     1
 42
1.0
 92
        8
 66
     7
 43
1.0
 76
     1
 77
     6
 78
     2
 67
     7
 79
     5
170
     0
171
     0
290
     0
174
     0
 93
        1
 44
0.0
173
     0
291
     1
 45
0.0
1001
ACAD
1000
AcDbSavedByObjectVersion
1070
     0
  0
VISUALSTYLE
  5
2B
102
{ACAD_XDICTIONARY
360
13A7
102
}
102
{ACAD_REACTORS
330
2A
102
}
330
2A
100
AcDbVisualStyle
  2

 70
     0
 71
     2
 72
     1
 73
     1
 90
        2
 40
-0.6
 41
30.0
 62
     5
 63
     7
 74
     0
 91
        4
 64
     7
 65
   257
 75
     1
175
     1
 42
1.0
 92
        8
 66
     7
 43
1.0
 76
     1
 77
     6
 78
     2
 67
     7
 79
     5
170
     0
171
     0
290
     0
174
     0
 93
       13
 44
0.0
173
     0
291
     1
 45
0.0
1001
ACAD
1000
AcDbSavedByObjectVersion
1070
     0
  0
VISUALSTYLE
  5
2C
102
{ACAD_XDICTIONARY
360
13A9
102
}
102
{ACAD_REACTORS
330
2A
102
}
330
2A
100
AcDbVisualStyle
  2

 70
     1
 71
     2
 72
     1
 73
     1
 90
        2
 40
-0.6
 41
30.0
 62
     5
 63
     7
 74
     1
 91
        4
 64
     7
 65
   257
 75
     1
175
     1
 42
1.0
 92
        0
 66
   257
 43
1.0
 76
     1
 77
     6
 78
     2
 67
     7
 79
     5
170
     0
171
     0
290
     0
174
     0
 93
       13
 44
0.0
173
     0
291
     1
 45
0.0
1001
ACAD
1000
AcDbSavedByObjectVersion
1070
     0
  0
VISUALSTYLE
  5
2D
102
{ACAD_XDICTIONARY
360
13AB
102
}
102
{ACAD_REACTORS
330
2A
102
}
330
2A
100
AcDbVisualStyle
  2

 70
     2
 71
     2
 72
     2
 73
     1
 90
        2
 40
-0.6
 41
30.0
 62
     5
 63
     7
 74
     0
 91
        4
 64
     7
 65
   257
 75
     1
175
     1
 42
1.0
 92
        0
 66
     7
 43
1.0
 76
     1
 77
     6
 78
     2
 67
     7
 79
     5
170
     0
171
     0
290
     0
174
     0
 93
       13
 44
0.0
173
     0
291
     1
 45
0.0
1001
ACAD
1000
AcDbSavedByObjectVersion
1070
     0
  0
VISUALSTYLE
  5
2E
102
{ACAD_XDICTIONARY
360
13AD
102
}
102
{ACAD_REACTORS
330
2A
102
}
330
2A
100
AcDbVisualStyle
  2

 70
     3
 71
     2
 72
     2
 73
     1
 90
        2
 40
-0.6
 41
30.0
 62
     5
 63
     7
 74
     1
 91
        4
 64
     7
 65
   257
 75
     1
175
     1
 42
1.0
 92
        0
 66
   257
 43
1.0
 76
     1
 77
     6
 78
     2
 67
     7
 79
     5
170
     0
171
     0
290
     0
174
     0
 93
       13
 44
0.0
173
     0
291
     1
 45
0.0
1001
ACAD
1000
AcDbSavedByObjectVersion
1070
     0
  0
VISUALSTYLE
  5
1039
102
{ACAD_XDICTIONARY
360
13C9
102
}
102
{ACAD_REACTORS
330
2A
102
}
330
2A
100
AcDbVisualStyle
  2
Hidden
 70
     6
 71
     1
 72
     2
 73
     2
 90
        0
 40
-0.6
 41
-30.0
 62
     5
 63
     7
 74
     2
 91
        2
 64
     7
 65
   257
 75
     2
175
     1
 42
40.0
 92
        0
 66
   257
 43
1.0
 76
     1
 77
     6
 78
     2
 67
     7
 79
     3
170
     0
171
     0
290
     0
174
     0
 93
        1
 44
0.0
173
     0
291
     0
 45
0.0
1001
ACAD
1000
AcDbSavedByObjectVersion
1070
     0
  0
VISUALSTYLE
  5
103F
102
{ACAD_XDICTIONARY
360
13D5
102
}
102
{ACAD_REACTORS
330
2A
102
}
330
2A
100
AcDbVisualStyle
  2
JitterOff
 70
    20
 71
     2
 72
     2
 73
     0
 90
        0
 40
-0.6
 41
-30.0
 62
     5
 63
     7
 74
     1
 91
        4
 64
     7
 65
   257
 75
     1
175
     1
 42
1.0
 92
       10
 66
     7
 43
1.0
 76
     1
 77
     6
 78
     2
 67
     7
 79
     5
170
     0
171
     0
290
     0
174
     0
 93
        1
 44
0.0
173
     0
291
     1
 45
0.0
1001
ACAD
1000
AcDbSavedByObjectVersion
1070
     0
  0
VISUALSTYLE
  5
38
102
{ACAD_XDICTIONARY
360
13C1
102
}
102
{ACAD_REACTORS
330
2A
102
}
330
2A
100
AcDbVisualStyle
  2

 70
    14
 71
     2
 72
     2
 73
     0
 90
        0
 40
-0.6
 41
-30.0
 62
     5
 63
     7
 74
     1
 91
        4
 64
     7
 65
   257
 75
     7
175
     7
 42
1.0
 92
        8
 66
     7
 43
1.0
 76
     1
 77
     6
 78
     2
 67
     7
 79
     5
170
     0
171
     0
290
     0
174
     0
 93
        1
 44
0.0
173
     0
291
     1
 45
0.0
1001
ACAD
1000
AcDbSavedByObjectVersion
1070
     0
  0
VISUALSTYLE
  5
1040
102
{ACAD_XDICTIONARY
360
13D7
102
}
102
{ACAD_REACTORS
330
2A
102
}
330
2A
100
AcDbVisualStyle
  2
OverhangOff
 70
    21
 71
     2
 72
     2
 73
     0
 90
        0
 40
-0.6
 41
-30.0
 62
     5
 63
     7
 74
     1
 91
        4
 64
     7
 65
   257
 75
     1
175
     1
 42
1.0
 92
        9
 66
     7
 43
1.0
 76
     1
 77
     6
 78
     2
 67
     7
 79
     5
170
     0
171
     0
290
     0
174
     0
 93
        1
 44
0.0
173
     0
291
     1
 45
0.0
1001
ACAD
1000
AcDbSavedByObjectVersion
1070
     0
  0
VISUALSTYLE
  5
33
102
{ACAD_XDICTIONARY
360
13B7
102
}
102
{ACAD_REACTORS
330
2A
102
}
330
2A
100
AcDbVisualStyle
  2

 70
     8
 71
     2
 72
     2
 73
     0
 90
        0
 40
-0.6
 41
-30.0
 62
     5
 63
     7
 74
     1
 91
        0
 64
     7
 65
   257
 75
     1
175
     1
 42
1.0
 92
        8
 66
     8
 43
1.0
 76
     1
 77
     6
 78
     2
 67
     7
 79
     5
170
     0
171
     0
290
     0
174
     0
 93
       13
 44
0.0
173
     0
291
     0
 45
0.0
1001
ACAD
1000
AcDbSavedByObjectVersion
1070
     0
  0
VISUALSTYLE
  5
103E
102
{ACAD_XDICTIONARY
360
13D3
102
}
102
{ACAD_REACTORS
330
2A
102
}
330
2A
100
AcDbVisualStyle
  2
Shaded
 70
    27
 71
     2
 72
     2
 73
     1
 90
        2
 40
-0.6
 41
30.0
 62
     5
 63
     7
 74
     0
 91
        4
 64
     7
 65
   257
 75
     1
175
     1
 42
1.0
 92
        8
 66
   257
 43
1.0
 76
     1
 77
     6
 78
     2
 67
     8
 79
     3
170
     0
171
     0
290
     0
174
     0
 93
        5
 44
0.0
173
     0
291
     0
 45
0.0
1001
ACAD
1000
AcDbSavedByObjectVersion
1070
     0
  0
VISUALSTYLE
  5
103D
102
{ACAD_XDICTIONARY
360
13D1
102
}
102
{ACAD_REACTORS
330
2A
102
}
330
2A
100
AcDbVisualStyle
  2
Shaded with edges
 70
    26
 71
     2
 72
     2
 73
     1
 90
        2
 40
-0.6
 41
30.0
 62
     5
 63
     7
 74
     1
 91
       10
 64
     7
 65
   257
 75
     2
175
     1
 42
1.0
 92
        8
 66
   257
 43
1.0
 76
     1
 77
     6
 78
     2
 67
     7
 79
     3
170
     0
171
     0
290
     0
174
     0
 93
        5
 44
0.0
173
     0
291
     0
 45
0.0
1001
ACAD
1000
AcDbSavedByObjectVersion
1070
     0
  0
VISUALSTYLE
  5
103A
102
{ACAD_XDICTIONARY
360
13CB
102
}
102
{ACAD_REACTORS
330
2A
102
}
330
2A
100
AcDbVisualStyle
  2
Shades of Gray
 70
    23
 71
     2
 72
     2
 73
     3
 90
        0
 40
-0.6
 41
-30.0
 62
     5
 63
     7
 74
     2
 91
        2
 64
     7
 65
     7
 75
     1
175
     1
 42
40.0
 92
        8
 66
     7
 43
1.0
 76
     1
 77
     6
 78
     2
 67
     7
 79
     3
170
     0
171
     0
290
     0
174
     0
 93
        1
 44
0.0
173
     0
291
     0
 45
0.0
1001
ACAD
1000
AcDbSavedByObjectVersion
1070
     0
  0
VISUALSTYLE
  5
103B
102
{ACAD_XDICTIONARY
360
13CD
102
}
102
{ACAD_REACTORS
330
2A
102
}
330
2A
100
AcDbVisualStyle
  2
Sketchy
 70
    24
 71
     1
 72
     2
 73
     2
 90
        0
 40
-0.6
 41
-30.0
 62
     5
 63
     7
 74
     2
 91
        2
 64
     7
 65
     7
 75
     1
175
     1
 42
40.0
 92
       11
 66
     7
 43
1.0
 76
     1
 77
     6
 78
     2
 67
     7
 79
     6
170
     0
171
     0
290
     0
174
     0
 93
        1
 44
0.0
173
     0
291
     0
 45
0.0
1001
ACAD
1000
AcDbSavedByObjectVersion
1070
     0
  0
VISUALSTYLE
  5
37
102
{ACAD_XDICTIONARY
360
13BF
102
}
102
{ACAD_REACTORS
330
2A
102
}
330
2A
100
AcDbVisualStyle
  2

 70
    13
 71
     2
 72
     2
 73
     0
 90
        0
 40
-0.6
 41
-30.0
 62
     5
 63
     7
 74
     1
 91
        4
 64
     7
 65
   257
 75
     1
175
     1
 42
1.0
 92
       12
 66
     7
 43
1.0
 76
     1
 77
     6
 78
     2
 67
     7
 79
     5
170
     0
171
     0
290
     0
174
     0
 93
        1
 44
0.0
173
     0
291
     1
 45
0.0
1001
ACAD
1000
AcDbSavedByObjectVersion
1070
     0
  0
VISUALSTYLE
  5
1038
102
{ACAD_XDICTIONARY
360
13C7
102
}
102
{ACAD_REACTORS
330
2A
102
}
330
2A
100
AcDbVisualStyle
  2
Wireframe
 70
     5
 71
     0
 72
     2
 73
     0
 90
        0
 40
-0.6
 41
-30.0
 62
     5
 63
     7
 74
     1
 91
        4
 64
     7
 65
   257
 75
     1
175
     1
 42
1.0
 92
        0
 66
   257
 43
1.0
 76
     1
 77
     6
 78
     2
 67
     7
 79
     3
170
     0
171
     0
290
     0
174
     0
 93
        1
 44
0.0
173
     0
291
     0
 45
0.0
1001
ACAD
1000
AcDbSavedByObjectVersion
1070
     0
  0
VISUALSTYLE
  5
103C
102
{ACAD_XDICTIONARY
360
13CF
102
}
102
{ACAD_REACTORS
330
2A
102
}
330
2A
100
AcDbVisualStyle
  2
X-Ray
 70
    25
 71
     2
 72
     2
 73
     1
 90
        1
 40
0.5
 41
-30.0
 62
     5
 63
     7
 74
     1
 91
        0
 64
     7
 65
   257
 75
     1
175
     1
 42
1.0
 92
        8
 66
     7
 43
1.0
 76
     1
 77
     6
 78
     2
 67
     7
 79
     3
170
     0
171
     0
290
     0
174
     0
 93
       13
 44
0.0
173
     0
291
     0
 45
0.0
1001
ACAD
1000
AcDbSavedByObjectVersion
1070
     0
  0
DICTIONARYVAR
  5
1061
102
{ACAD_REACTORS
330
FFF
102
}
330
FFF
100
DictionaryVariables
280
     0
  1
1:1
  0
DICTIONARYVAR
  5
105F
102
{ACAD_REACTORS
330
FFF
102
}
330
FFF
100
DictionaryVariables
280
     0
  1
STANDARD
  0
DICTIONARYVAR
  5
105E
102
{ACAD_REACTORS
330
FFF
102
}
330
FFF
100
DictionaryVariables
280
     0
  1
STANDARD
  0
DICTIONARYVAR
  5
1002
102
{ACAD_REACTORS
330
FFF
102
}
330
FFF
100
DictionaryVariables
280
     0
  1
2
  0
DICTIONARYVAR
  5
1003
102
{ACAD_REACTORS
330
FFF
102
}
330
FFF
100
DictionaryVariables
280
     0
  1
1
  0
DICTIONARYVAR
  5
139C
102
{ACAD_REACTORS
330
FFF
102
}
330
FFF
100
DictionaryVariables
280
     0
  1
0
  0
DICTIONARYVAR
  5
1063
102
{ACAD_REACTORS
330
FFF
102
}
330
FFF
100
DictionaryVariables
280
     0
  1
1
  0
DICTIONARYVAR
  5
1064
102
{ACAD_REACTORS
330
FFF
102
}
330
FFF
100
DictionaryVariables
280
     0
  1
15
  0
DICTIONARYVAR
  5
1062
102
{ACAD_REACTORS
330
FFF
102
}
330
FFF
100
DictionaryVariables
280
     0
  1
0
  0
DICTIONARYVAR
  5
1060
102
{ACAD_REACTORS
330
FFF
102
}
330
FFF
100
DictionaryVariables
280
     0
  1
0
  0
DICTIONARYVAR
  5
139B
102
{ACAD_REACTORS
330
FFF
102
}
330
FFF
100
DictionaryVariables
280
     0
  1
127
  0
DICTIONARYVAR
  5
139D
102
{ACAD_REACTORS
330
FFF
102
}
330
FFF
100
DictionaryVariables
280
     0
  1
2
  0
DICTIONARY
  5
13A2
330
1E
100
AcDbDictionary
280
     1
281
     1
  3
ACAD_XREC_ROUNDTRIP
360
13A3
  0
DICTIONARY
  5
13A5
330
26
100
AcDbDictionary
280
     1
281
     1
  3
ACAD_XREC_ROUNDTRIP
360
13A6
  0
DICTIONARY
  5
117D
330
22
100
AcDbDictionary
280
     1
281
     1
  3
ACAD_XREC_ROUNDTRIP
360
13A4
  3
ADSK_XREC_LAYOUTTHUMBNAIL
360
117E
  0
DICTIONARY
  5
1026
330
3D
100
AcDbDictionary
280
     1
281
     1
  3
ACAD_XREC_ROUNDTRIP
360
1027
  0
DICTIONARY
  5
1024
330
3C
100
AcDbDictionary
280
     1
281
     1
  3
ACAD_XREC_ROUNDTRIP
360
1025
  0
DICTIONARY
  5
1028
330
3E
100
AcDbDictionary
280
     1
281
     1
  3
ACAD_XREC_ROUNDTRIP
360
1029
  0
DICTIONARY
  5
139E
330
1044
100
AcDbDictionary
280
     1
281
     1
  3
ACAD_ROUNDTRIP_2008_TABLESTYLE_CELLSTYLEMAP
360
139F
  3
ACAD_XREC_ROUNDTRIP
360
13DB
  0
DICTIONARY
  5
13AF
330
2F
100
AcDbDictionary
280
     1
281
     1
  3
ACAD_XREC_ROUNDTRIP
360
13B0
  0
DICTIONARY
  5
13B3
330
31
100
AcDbDictionary
280
     1
281
     1
  3
ACAD_XREC_ROUNDTRIP
360
13B4
  0
DICTIONARY
  5
13B1
330
30
100
AcDbDictionary
280
     1
281
     1
  3
ACAD_XREC_ROUNDTRIP
360
13B2
  0
DICTIONARY
  5
13B5
330
32
100
AcDbDictionary
280
     1
281
     1
  3
ACAD_XREC_ROUNDTRIP
360
13B6
  0
DICTIONARY
  5
13BD
330
36
100
AcDbDictionary
280
     1
281
     1
  3
ACAD_XREC_ROUNDTRIP
360
13BE
  0
DICTIONARY
  5
13C5
330
3A
100
AcDbDictionary
280
     1
281
     1
  3
ACAD_XREC_ROUNDTRIP
360
13C6
  0
DICTIONARY
  5
13B9
330
34
100
AcDbDictionary
280
     1
281
     1
  3
ACAD_XREC_ROUNDTRIP
360
13BA
  0
DICTIONARY
  5
13BB
330
35
100
AcDbDictionary
280
     1
281
     1
  3
ACAD_XREC_ROUNDTRIP
360
13BC
  0
DICTIONARY
  5
13D9
330
1041
100
AcDbDictionary
280
     1
281
     1
  3
ACAD_XREC_ROUNDTRIP
360
13DA
  0
DICTIONARY
  5
13C3
330
39
100
AcDbDictionary
280
     1
281
     1
  3
ACAD_XREC_ROUNDTRIP
360
13C4
  0
DICTIONARY
  5
13A7
330
2B
100
AcDbDictionary
280
     1
281
     1
  3
ACAD_XREC_ROUNDTRIP
360
13A8
  0
DICTIONARY
  5
13A9
330
2C
100
AcDbDictionary
280
     1
281
     1
  3
ACAD_XREC_ROUNDTRIP
360
13AA
  0
DICTIONARY
  5
13AB
330
2D
100
AcDbDictionary
280
     1
281
     1
  3
ACAD_XREC_ROUNDTRIP
360
13AC
  0
DICTIONARY
  5
13AD
330
2E
100
AcDbDictionary
280
     1
281
     1
  3
ACAD_XREC_ROUNDTRIP
360
13AE
  0
DICTIONARY
  5
13C9
330
1039
100
AcDbDictionary
280
     1
281
     1
  3
ACAD_XREC_ROUNDTRIP
360
13CA
  0
DICTIONARY
  5
13D5
330
103F
100
AcDbDictionary
280
     1
281
     1
  3
ACAD_XREC_ROUNDTRIP
360
13D6
  0
DICTIONARY
  5
13C1
330
38
100
AcDbDictionary
280
     1
281
     1
  3
ACAD_XREC_ROUNDTRIP
360
13C2
  0
DICTIONARY
  5
13D7
330
1040
100
AcDbDictionary
280
     1
281
     1
  3
ACAD_XREC_ROUNDTRIP
360
13D8
  0
DICTIONARY
  5
13B7
330
33
100
AcDbDictionary
280
     1
281
     1
  3
ACAD_XREC_ROUNDTRIP
360
13B8
  0
DICTIONARY
  5
13D3
330
103E
100
AcDbDictionary
280
     1
281
     1
  3
ACAD_XREC_ROUNDTRIP
360
13D4
  0
DICTIONARY
  5
13D1
330
103D
100
AcDbDictionary
280
     1
281
     1
  3
ACAD_XREC_ROUNDTRIP
360
13D2
  0
DICTIONARY
  5
13CB
330
103A
100
AcDbDictionary
280
     1
281
     1
  3
ACAD_XREC_ROUNDTRIP
360
13CC
  0
DICTIONARY
  5
13CD
330
103B
100
AcDbDictionary
280
     1
281
     1
  3
ACAD_XREC_ROUNDTRIP
360
13CE
  0
DICTIONARY
  5
13BF
330
37
100
AcDbDictionary
280
     1
281
     1
  3
ACAD_XREC_ROUNDTRIP
360
13C0
  0
DICTIONARY
  5
13C7
330
1038
100
AcDbDictionary
280
     1
281
     1
  3
ACAD_XREC_ROUNDTRIP
360
13C8
  0
DICTIONARY
  5
13CF
330
103C
100
AcDbDictionary
280
     1
281
     1
  3
ACAD_XREC_ROUNDTRIP
360
13D0
  0
XRECORD
  5
13A3
102
{ACAD_REACTORS
330
13A2
102
}
330
13A2
100
AcDbXrecord
280
     1
102
SHADEPLOT
 70
     0
102
SHADEPLOTRESLEVEL
 70
     2
102
SHADEPLOTCUSTOMDPI
 70
   300
  0
XRECORD
  5
13A6
102
{ACAD_REACTORS
330
13A5
102
}
330
13A5
100
AcDbXrecord
280
     1
102
SHADEPLOT
 70
     0
102
SHADEPLOTRESLEVEL
 70
     2
102
SHADEPLOTCUSTOMDPI
 70
   300
  0
XRECORD
  5
13A4
102
{ACAD_REACTORS
330
117D
102
}
330
117D
100
AcDbXrecord
280
     1
102
SHADEPLOT
 70
     0
102
SHADEPLOTRESLEVEL
 70
     2
102
SHADEPLOTCUSTOMDPI
 70
   300
  0
XRECORD
  5
117E
102
{ACAD_REACTORS
330
117D
102
}
330
117D
100
AcDbXrecord
280
     1
310
28000000000100007A0000000100080000000000007A0000000000000000000000010000000000003028210000000000FFFFFF000000000000000000000000000000000000000000000000000000000000000000330000006600000099000000CC000000FF00000000330000333300006633000099330000CC330000FF3300
310
0000660000336600006666000099660000CC660000FF66000000990000339900006699000099990000CC990000FF99000000CC000033CC000066CC000099CC0000CCCC0000FFCC000000FF000033FF000066FF000099FF0000CCFF0000FFFF000000003300330033006600330099003300CC003300FF003300003333003333
310
33006633330099333300CC333300FF33330000663300336633006666330099663300CC663300FF66330000993300339933006699330099993300CC993300FF99330000CC330033CC330066CC330099CC3300CCCC3300FFCC330000FF330033FF330066FF330099FF3300CCFF3300FFFF330000006600330066006600660099
310
006600CC006600FF00660000336600333366006633660099336600CC336600FF33660000666600336666006666660099666600CC666600FF66660000996600339966006699660099996600CC996600FF99660000CC660033CC660066CC660099CC6600CCCC6600FFCC660000FF660033FF660066FF660099FF6600CCFF6600
310
FFFF660000009900330099006600990099009900CC009900FF00990000339900333399006633990099339900CC339900FF33990000669900336699006666990099669900CC669900FF66990000999900339999006699990099999900CC999900FF99990000CC990033CC990066CC990099CC9900CCCC9900FFCC990000FF99
310
0033FF990066FF990099FF9900CCFF9900FFFF99000000CC003300CC006600CC009900CC00CC00CC00FF00CC000033CC003333CC006633CC009933CC00CC33CC00FF33CC000066CC003366CC006666CC009966CC00CC66CC00FF66CC000099CC003399CC006699CC009999CC00CC99CC00FF99CC0000CCCC0033CCCC0066CC
310
CC0099CCCC00CCCCCC00FFCCCC0000FFCC0033FFCC0066FFCC0099FFCC00CCFFCC00FFFFCC000000FF003300FF006600FF009900FF00CC00FF00FF00FF000033FF003333FF006633FF009933FF00CC33FF00FF33FF000066FF003366FF006666FF009966FF00CC66FF00FF66FF000099FF003399FF006699FF009999FF00CC
310
99FF00FF99FF0000CCFF0033CCFF0066CCFF0099CCFF00CCCCFF00FFCCFF0000FFFF0033FFFF0066FFFF0099FFFF00CCFFFF00FFFFFF00000000000D0D0D001A1A1A00282828003535350043434300505050005D5D5D006B6B6B00787878008686860093939300A1A1A100AEAEAE00BBBBBB00C9C9C900D6D6D600E4E4E400
310
F1F1F100FFFFFF000000000000000000000000000000000000000000000000000000000000000000000000000000000000000000000000000000000000000000000000000000000000000000000000000000000000000000000000000000000000000000000000000000000000000000000000000000000000000000000000
310
00000000000000000000000000000000000000000000000000000000000000000000000000000000000000000000000000000000000000000000000000000000000000000000000000000000000000000000000000000000000000000000000000000000000000000000000000000000000000000000000000000000000000
310
00000000000000000000000000000000000000000000000000000000000000000000000000000000000000000000000000000000000000000000000000000000000000000000000000000000000000000000000000000000000000000000000000000000000000000000000000000000000000000000000000000000000000
310
000000000000000000000000000000000000000000000000000000000000000000000000000000DCDCDC00000000000000000000000000000000000000000000000000000000000000000000000000000000000000000000000000000000000000000000000000000000000000000000000000000000000000000000000000
310
00000000000000000000000000000000000000000000000000000000000000000000000000000000000000000000000000000000000000000000000000000000000000000000000000000000000000000000000000000000000000000000000000000000000000000000000000000000000000000000000000000000000000
310
00000000000000000000000000000000000000000000000000000000000000000000000000000000DCDC00DCDCDC000000000000000000000000000000000000000000000000000000000000000000000000000000000000000000000000000000000000000000000000000000000000000000000000000000000000000000
310
00000000000000000000000000000000000000000000000000000000000000000000000000000000000000000000000000000000000000000000000000000000000000000000000000000000000000000000000000000000000000000000000000000000000000000000000000000000000000000000000000000000000000
310
00000000000000000000000000000000000000000000000000000000000000000000000000000000DCDCDC0000F5F5DCDC000000000000000000000000000000000000000000000000000000000000000000000000000000000000000000000000000000000000000000000000000000000000000000000000000000000000
310
00000000000000000000000000000000000000000000000000000000000000000000000000000000000000000000000000000000000000000000000000000000000000000000000000000000000000000000000000000000000000000000000000000000000000000000000000000000000000000000000000000000000000
310
0000000000000000000000000000000000000000000000000000000000000000000000000000000000DCDCF5F50000F5F500DCDC000000000000000000000000000000000000000000000000000000000000000000000000000000000000000000000000000000000000000000000000000000000000000000000000000000
310
00000000000000000000000000000000000000000000000000000000000000000000000000000000000000000000000000000000000000000000000000000000000000000000000000000000000000000000000000000000000000000000000000000000000000000000000000000000000000000000000000000000000000
310
00000000000000000000000000000000000000000000000000000000000000000000000000000000000000DC00F5F5F5F5F5F50000DC00000000000000000000000000000000000000000000000000000000000000000000000000000000000000000000000000000000000000000000000000000000000000000000000000
310
00000000000000000000000000000000000000000000000000000000000000000000000000000000000000000000000000000000000000000000000000000000000000000000000000000000000000000000000000000000000000000000000000000000000000000000000000000000000000000000000000000000000000
310
000000000000000000000000000000000000000000000000000000000000000000000000000000000000000000DC00F5F5000000F5F5F5DCDC00000000000000000000000000000000000000000000000000000000000000000000000000000000000000000000000000000000000000000000000000000000000000000000
310
00000000000000000000000000000000000000000000000000000000000000000000000000000000000000000000000000000000000000000000000000000000000000000000000000000000000000000000000000000000000000000000000000000000000000000000000000000000000000000000000000000000000000
310
00000000000000000000000000000000000000000000000000000000000000000000000000000000000000000000DCDC00F5F500000000000000000000000000000000000000000000000000000000000000000000000000000000000000000000000000000000000000000000000000000000000000000000000000000000
310
00000000000000000000000000000000000000000000000000000000000000000000000000000000000000000000000000000000000000000000000000000000000000000000000000000000000000000000000000000000000000000000000000000000000000000000000000000000000000000000000000000000000000
310
00000000000000000000000000000000000000000000000000000000000000000000000000000000000000000000000000DCF5F5000000000000000000000000000000000000000000000000000000000000000000000000000000000000000000000000000000000000000000000000000000000000000000000000000000
310
00000000000000000000000000000000000000000000000000000000000000000000000000000000000000000000000000000000000000000000000000000000000000000000000000000000000000000000000000000000000000000000000000000000000000000000000000000000000000000000000000000000000000
310
00000000000000000000000000000000000000000000000000000000000000000000000000000000000000000000000000000000000000000000000000000000000000000000000000000000000000000000000000000000000000000000000000000000000000000000000000000000000000000000000000000000000000
310
00000000000000000000000000000000000000000000000000000000000000000000000000000000000000000000000000000000000000000000000000000000000000000000000000000000000000000000000000000000000000000000000000000000000000000000000000000000000000000000000000000000000000
310
00000000000000000000000000000000000000000000000000000000000000000000000000000000000000000000000000000000000000000000000000000000000000000000000000000000000000000000000000000000000000000000000000000000000000000000000000000000000000000000000000000000000000
310
00000000000000000000000000000000000000000000000000000000000000000000000000000000000000000000000000000000000000000000000000000000000000000000000000000000000000000000000000000000000000000000000000000000000000000000000000000000000000000000000000000000000000
310
00000000000000000000000000000000000000000000000000000000000000000000000000000000000000000000000000000000000000000000000000000000000000000000000000000000000000000000000000000000000000000000000000000000000000000000000000000000000000000000000000000000000000
310
00000000000000000000000000000000000000000000000000000000000000000000000000000000000000000000000000000000000000000000000000000000000000000000000000000000000000000000000000000000000000000000000000000000000000000000000000000000000000000000000000000000000000
310
00000000000000000000000000000000000000000000000000000000000000000000000000000000000000000000000000000000000000000000000000000000000000000000000000000000000000000000000000000000000000000000000000000000000000000000000000000000000000000000000000000000000000
310
00000000000000000000000000000000000000000000000000000000000000000000000000000000000000000000000000000000000000000000000000000000000000000000000000000000000000000000000000000000000000000000000000000000000000000000000000000000000000000000000000000000000000
310
00000000000000000000000000000000000000000000000000000000000000000000000000000000000000000000000000000000000000000000000000000000000000000000000000000000000000000000000000000000000000000000000000000000000000000000000000000000000000000000000000000000000000
310
00000000000000000000000000000000000000000000000000000000000000000000000000000000000000000000000000000000000000000000000000000000000000000000000000000000000000000000000000000000000000000000000000000000000000000000000000000000000000000000000000000000000000
310
00000000000000000000000000000000000000000000000000000000000000000000000000000000000000000000000000000000000000000000000000000000000000000000000000000000000000000000000000000000000000000000000000000000000000000000000000000000000000000000000000000000000000
310
00000000000000000000000000000000000000000000000000000000000000000000000000000000000000000000000000000000000000000000000000000000000000000000000000000000000000000000000000000000000000000000000000000000000000000000000000000000000000000000000000000000000000
310
00000000000000000000000000000000000000000000000000000000000000000000000000000000000000000000000000000000000000000000000000000000000000000000000000000000000000000000000000000000000000000000000000000000000000000000000000000000000000000000000000000000000000
310
00000000000000000000000000000000000000000000000000000000000000000000000000000000000000000000000000000000000000000000000000000000000000000000000000000000000000000000000000000000000000000000000000000000000000000000000000000000000000000000000000000000000000
310
00000000000000000000000000000000000000000000000000000000000000000000000000000000000000000000000000000000000000000000000000000000000000000000000000000000000000000000000000000000000000000000000000000000000000000000000000000000000000000000000000000000000000
310
00000000000000000000000000000000000000000000000000000000000000000000000000000000000000000000000000000000000000000000000000000000000000000000000000000000000000000000000000000000000000000000000000000000000000000000000000000000000000000000000000000000000000
310
00000000000000000000000000000000000000000000000000000000000000000000000000000000000000000000000000000000000000000000000000000000000000000000000000000000000000000000000000000000000000000000000000000000000000000000000000000000000000000000000000000000000000
310
00000000000000000000000000000000000000000000000000000000000000000000000000000000000000000000000000000000000000000000000000000000000000000000000000000000000000000000000000000000000000000000000000000000000000000000000000000000000000000000000000000000000000
310
00000000000000000000000000000000000000000000000000000000000000000000000000000000000000000000000000000000000000000000000000000000000000000000000000000000000000000000000000000000000000000000000000000000000000000000000000000000000000000000000000000000000000
310
00000000000000000000000000000000000000000000000000000000000000000000000000000000000000000000000000000000000000000000000000000000000000000000000000000000000000000000000000000000000000000000000000000000000000000000000000000000000000000000000000000000000000
310
00000000000000000000000000000000000000000000000000000000000000000000000000000000000000000000000000000000000000000000000000000000000000000000000000000000000000000000000000000000000000000000000000000000000000000000000000000000000000000000000000000000000000
310
00000000000000000000000000000000000000000000000000000000000000000000000000000000000000000000000000000000000000000000000000000000000000000000000000000000000000000000000000000000000000000000000000000000000000000000000000000000000000000000000000000000000000
310
00000000000000000000000000000000000000000000000000000000000000000000000000000000000000000000000000000000000000000000000000000000000000000000000000000000000000000000000000000000000000000000000000000000000000000000000000000000000000000000000000000000000000
310
00000000000000000000000000000000000000000000000000000000000000000000000000000000000000000000000000000000000000000000000000000000000000000000000000000000000000000000000000000000000000000000000000000000000000000000000000000000000000000000000000000000000000
310
00000000000000000000000000000000000000000000000000000000000000000000000000000000000000000000000000000000000000000000000000000000000000000000000000000000000000000000000000000000000000000000000000000000000000000000000000000000000000000000000000000000000000
310
00000000000000000000000000000000000000000000000000000000000000000000000000000000000000000000000000000000000000000000000000000000000000000000000000000000000000000000000000000000000000000000000000000000000000000000000000000000000000000000000000000000000000
310
000000000000000000000000000000000000000000000000000000000000000000000000000000000000000000000000000000000000000000000000000000000000000000F5F5F5F5F5F5F5F5F5F5F5F5F5F5F5F5F5F5F5F5F5F5F5F5F5F5F5F5F5F5F5F5F500000000000000000000000000000000000000000000000000
310
00000000000000000000000000000000000000000000000000000000000000000000000000000000000000000000000000000000000000000000000000000000000000000000000000000000000000000000000000000000000000000000000000000000000000000000000000000000000000000000000000000000000000
310
0000000000000000000000000000000000000000000000000000000000000000000000000000000000000000000000000000000000000000000000000000000000000000000000F5F500000000F50000F500F5F5F50000000000F5000000000000000000F50000F50000000000000000000000000000000000000000000000
310
00000000000000000000000000000000000000000000000000000000000000000000000000000000000000000000000000000000000000000000000000000000000000000000000000000000000000000000000000000000000000000000000000000000000000000000000000000000000000000000000000000000000000
310
00000000000000000000000000000000000000000000000000000000000000000000000000000000000000000000000000000000000000000000000000000000000000000000000000F5F500000000F50000F500F5F5F50000000000F5000000000000000000F50000F5F50000000000000000000000000000000000000000
310
00000000000000000000000000000000000000000000000000000000000000000000000000000000000000000000000000000000000000000000000000000000000000000000000000000000000000000000000000000000000000000000000000000000000000000000000000000000000000000000000000000000000000
310
0000000000000000000000000000000000000000000000000000000000000000000000000000000000000000000000000000000000000000000000000000000000000000000000000000F5F5F500000000F5F5F5F5F5F5F5F50000000000F5F5F5F5F5F5F5F5F5F5F50000F5F5000000000000000000000000000000000000
310
00000000000000000000000000000000000000000000000000000000000000000000000000000000000000000000000000000000000000000000000000000000000000000000000000000000000000000000000000000000000000000000000000000000000000000000000000000000000000000000000000000000000000
310
00000000000000000000000000000000000000000000000000000000000000000000000000000000000000000000000000000000000000000000000000000000000000000000000000000000F5F5F50000000000000000F500F5F5000000000000000000000000000000000000F5F500000000000000000000000000000000
310
00000000000000000000000000000000000000000000000000000000000000000000000000000000000000000000000000000000000000000000000000000000000000000000000000000000000000000000000000000000000000000000000000000000000000000000000000000000000000000000000000000000000000
310
000000000000000000000000000000000000000000000000000000000000000000000000000000000000000000000000000000000000000000000000000000000000000000000000000000000000F500F50000000000000000F500F5F5000000000000000000000000000000000000F5F50000000000000000000000000000
310
00000000000000000000000000000000000000000000000000000000000000000000000000000000000000000000000000000000000000000000000000000000000000000000000000000000000000000000000000000000000000000000000000000000000000000000000000000000000000000000000000000000000000
310
0000000000000000000000000000000000000000000000000000000000000000000000000000000000000000000000000000000000000000000000000000000000000000000000000000000000000000F500F50000000000000000F500F5F5000000000000000000000000000000000000F5F5000000000000000000000000
310
00000000000000000000000000000000000000000000000000000000000000000000000000000000000000000000000000000000000000000000000000000000000000000000000000000000000000000000000000000000000000000000000000000000000000000000000000000000000000000000000000000000000000
310
00000000000000000000000000000000000000000000000000000000000000000000000000000000000000000000000000000000000000000000000000000000000000000000000000000000000000000000F500F50000000000000000F500F5F5000000000000000000000000000000000000F5F5F5F5F5F5F5F5F5F5F5F5
310
00000000000000000000000000000000000000000000000000000000000000000000000000000000000000000000000000000000000000000000000000000000000000000000000000000000000000000000000000000000000000000000000000000000000000000000000000000000000000000000000000000000000000
310
000000000000000000000000000000000000000000000000000000000000000000000000000000000000000000000000000000000000000000000000000000000000000000000000000000000000000000000000F500F50000000000000000F500F5F5000000000000000000000000000000000000F5F50000000000000000
310
00F50000000000000000000000000000000000000000000000000000000000000000000000000000000000000000000000000000000000000000000000000000000000000000000000000000000000000000000000000000000000000000000000000000000000000000000000000000000000000000000000000000000000
310
00000000000000000000000000000000000000000000000000000000000000000000000000000000000000000000000000000000000000000000000000000000000000000000000000000000000000000000000000BEBEBEBEBEBEBEBEBE00BEBEF5BEBEBEBEBEBEBEBEBE00BEBEBEBEBEBEBEBEBEBEBEF5BEBEBEBEBEBEBE
310
BEBEBEBEBEBE00000000000000000000000000000000000000000000000000000000000000000000000000000000000000000000000000000000000000000000000000000000000000000000000000000000000000000000000000000000000000000000000000000000000000000000000000000000000000000000000000
310
00000000000000000000000000000000000000000000000000000000000000000000000000000000000000000000000000000000000000000000000000000000000000000000000000000000000000000000000000000000F500F50000000000000000F500F5F5000000000000000000000000000000000000F5F5F5F5F5F5
310
F5F5F5F5F5F500000000000000000000000000000000000000000000000000000000000000000000000000000000000000000000000000000000000000000000000000000000000000000000000000000000000000000000000000000000000000000000000000000000000000000000000000000000000000000000000000
310
000000000000000000000000000000000000000000000000000000000000000000000000000000000000000000000000000000000000000000000000000000000000000000000000000000000000000000000000000000000000F500F50000000000000000F500F5F5000000000000000000000000000000000000F5F50000
310
00000000000000000000000000000000000000000000000000000000000000000000000000000000000000000000000000000000000000000000000000000000000000000000000000000000000000000000000000000000000000000000000000000000000000000000000000000000000000000000000000000000000000
310
0000000000000000000000000000000000000000000000000000000000000000000000000000000000000000000000000000000000000000000000000000000000000000000000000000000000000000000000000000000000000000F500F50000000000000000F500F5F5000000000000000000000000000000000000F5F5
310
00000000000000000000000000000000000000000000000000000000000000000000000000000000000000000000000000000000000000000000000000000000000000000000000000000000000000000000000000000000000000000000000000000000000000000000000000000000000000000000000000000000000000
310
00000000000000000000000000000000000000000000000000000000000000000000000000000000000000000000000000000000000000000000000000000000000000000000000000000000000000000000000000000000000000000000F5F5F50000000000000000F500F5F5000000000000000000000000000000000000
310
F5F50000000000000000000000000000000000000000000000000000000000000000000000000000000000000000000000000000000000000000000000000000000000000000000000000000000000000000000000000000000000000000000000000000000000000000000000000000000000000000000000000000000000
310
000000000000000000000000000000000000000000000000000000000000000000000000000000000000000000000000000000000000000000000000000000000000000000000000000000000000000000000000000000000000000000000000F5F5F50000000000000000F500F5F50000000000F5F5F5F5F5F5F5F5F5F5F5
310
0000F5F5000000000000000000000000000000000000000000000000000000000000000000000000000000000000000000000000000000000000000000000000000000000000000000000000000000000000000000000000000000000000000000000000000000000000000000000000000000000000000000000000000000
310
000000000000000000000000000000000000000000000000000000000000000000000000000000000000000000000000000000000000000000000000000000000000000000000000000000000000000000000000000000000000000000000000000000F5F500000000F5F5F5F5F5F5F5F50000000000F50000000000000000
310
00F50000F5F500000000000000000000000000000000000000000000000000000000000000000000000000000000000000000000000000000000000000000000000000000000000000000000000000000000000000000000000000000000000000000000000000000000000000000000000000000000000000000000000000
310
0000000000000000000000000000000000000000000000000000000000000000000000000000000000000000000000000000000000000000000000000000000000000000000000000000000000000000000000000000000000000000000000000000000000F5F500000000F50000F500F5F5F50000000000F5000000000000
310
000000F50000F5000000000000000000000000000000000000000000000000000000000000000000000000000000000000000000000000000000000000000000000000000000000000000000000000000000000000000000000000000000000000000000000000000000000000000000000000000000000000000000000000
310
00000000000000000000000000000000000000000000000000000000000000000000000000000000000000000000000000000000000000000000000000000000000000000000000000000000000000000000000000000000000000000000000000000000000000F5F5F5F5F5F5F5F5F5F5F5F5F5F5F5F5F5F5F5F5F5F5F5F5
310
F5F5F5F5F5F5F5F5F500000000000000000000000000000000000000000000000000000000000000000000000000000000000000000000000000000000000000000000000000000000000000000000000000000000000000000000000000000000000000000000000000000000000000000000000000000000000000000000
310
00000000000000000000000000000000000000000000000000000000000000000000000000000000000000000000000000000000000000000000000000000000000000000000000000000000000000000000000000000000000000000000000000000000000000000000000000000000000000000000000000000000000000
310
00000000000000000000000000000000000000000000000000000000000000000000000000000000000000000000000000000000000000000000000000000000000000000000000000000000000000000000000000000000000000000000000000000000000000000000000000000000000000000000000000000000000000
310
00000000000000000000000000000000000000000000000000000000000000000000000000000000000000000000000000000000000000000000000000000000000000000000000000000000000000000000000000000000000000000000000000000000000000000000000000000000000000000000000000000000000000
310
00000000000000000000000000000000000000000000000000000000000000000000000000000000000000000000000000000000000000000000000000000000000000000000000000000000000000000000000000000000000000000000000000000000000000000000000000000000000000000000000000000000000000
310
00000000000000000000000000000000000000000000000000000000000000000000000000000000000000000000000000000000000000000000000000000000000000000000000000000000000000000000000000000000000000000000000000000000000000000000000000000000000000000000000000000000000000
310
00000000000000000000000000000000000000000000000000000000000000000000000000000000000000000000000000000000000000000000000000000000000000000000000000000000000000000000000000000000000000000000000000000000000000000000000000000000000000000000000000000000000000
310
00000000000000000000000000000000000000000000000000000000000000000000000000000000000000000000000000000000000000000000000000000000000000000000000000000000000000000000000000000000000000000000000000000000000000000000000000000000000000000000000000000000000000
310
00000000000000000000000000000000000000000000000000000000000000000000000000000000000000000000000000000000000000000000000000000000000000000000000000000000000000000000000000000000000000000000000000000000000000000000000000000000000000000000000000000000000000
310
00000000000000000000000000000000000000000000000000000000000000000000000000000000000000000000000000000000000000000000000000000000000000000000000000000000000000000000000000000000000000000000000000000000000000000000000000000000000000000000000000000000000000
310
00000000000000000000000000000000000000000000000000000000000000000000000000000000000000000000000000000000000000000000000000000000000000000000000000000000000000000000000000000000000000000000000000000000000000000000000000000000000000000000000000000000000000
310
00000000000000000000000000000000000000000000000000000000000000000000000000000000000000000000000000000000000000000000000000000000000000000000000000000000000000000000000000000000000000000000000000000000000000000000000000000000000000000000000000000000000000
310
00000000000000000000000000000000000000000000000000000000000000000000000000000000000000000000000000000000000000000000000000000000000000000000000000000000000000000000000000000000000000000000000000000000000000000000000000000000000000000000000000000000000000
310
00000000000000000000000000000000000000000000000000000000000000000000000000000000000000000000000000000000000000000000000000000000000000000000000000000000000000000000000000000000000000000000000000000000000000000000000000000000000000000000000000000000000000
310
00000000000000000000000000000000000000000000000000000000000000000000000000000000000000000000000000000000000000000000000000000000000000000000000000000000000000000000000000000000000000000000000000000000000000000000000000000000000000000000000000000000000000
310
00000000000000000000000000000000000000000000000000000000000000000000000000000000000000000000000000000000000000000000000000000000000000000000000000000000000000000000000000000000000000000000000000000000000000000000000000000000000000000000000000000000000000
310
00000000000000000000000000000000000000000000000000000000000000000000000000000000000000000000000000000000000000000000000000000000000000000000000000000000000000000000000000000000000000000000000000000000000000000000000000000000000000000000000000000000000000
310
00000000000000000000000000000000000000000000000000000000000000000000000000000000000000000000000000000000000000000000000000000000000000000000000000000000000000000000000000000000000000000000000000000000000000000000000000000000000000000000000000000000000000
310
00000000000000000000000000000000000000000000000000000000000000000000000000000000000000000000000000000000000000000000000000000000000000000000000000000000000000000000000000000000000000000000000000000000000000000000000000000000000000000000000000000000000000
310
00000000000000000000000000000000000000000000000000000000000000000000000000000000000000000000000000000000000000000000000000000000000000000000000000000000000000000000000000000000000000000000000000000000000000000000000000000000000000000000000000000000000000
310
00000000000000000000000000000000000000000000000000000000000000000000000000000000000000000000000000000000000000000000000000000000000000000000000000000000000000000000000000000000000000000000000000000000000000000000000000000000000000000000000000000000000000
310
00000000000000000000000000000000000000000000000000000000000000000000000000000000000000000000000000000000000000000000000000000000000000000000000000000000000000000000000000000000000000000000000000000000000000000000000000000000000000000000000000000000000000
310
00000000000000000000000000000000000000000000000000000000000000000000000000000000000000000000000000000000000000000000000000000000000000000000000000000000000000000000000000000000000000000000000000000000000000000000000000000000000000000000000000000000000000
310
00000000000000000000000000000000000000000000000000000000000000000000000000000000000000000000000000000000000000000000000000000000000000000000000000000000000000000000000000000000000000000000000000000000000000000000000000000000000000000000000000000000000000
310
00000000000000000000000000000000000000000000000000000000000000000000000000000000000000000000000000000000000000000000000000000000000000000000000000000000000000000000000000000000000000000000000000000000000000000000000000000000000000000000000000000000000000
310
00000000000000000000000000000000000000000000000000000000000000000000000000000000000000000000000000000000000000000000000000000000000000000000000000000000000000000000000000000000000000000000000000000000000000000000000000000000000000000000000000000000000000
310
00000000000000000000000000000000000000000000000000000000000000000000000000000000000000000000000000000000000000000000000000000000000000000000000000000000000000000000000000000000000000000000000000000000000000000000000000000000000000000000000000000000000000
310
00000000000000000000000000000000000000000000000000000000000000000000000000000000000000000000000000000000000000000000000000000000000000000000000000000000000000000000000000000000000000000000000000000000000000000000000000000000000000000000000000000000000000
310
00000000000000000000000000000000000000000000000000000000000000000000000000000000000000000000000000000000000000000000000000000000000000000000000000000000000000000000000000000000000000000000000000000000000000000000000000000000000000000000000000000000000000
310
00000000000000000000000000000000000000000000000000000000000000000000000000000000000000000000000000000000000000000000000000000000000000000000000000000000000000000000000000000000000000000000000000000000000000000000000000000000000000000000000000000000000000
310
000000000000000000000000000000000000000000000000000000000000000000000000000000000000000000000000000000000000000000000000000000000000000000000000000000BE000000000000000000000000000000000000000000000000000000000000000000000000000000000000000000000000000000
310
00000000000000000000000000000000000000000000000000000000000000000000000000000000000000000000000000000000000000000000000000000000000000000000000000000000000000000000000000000000000000000000000000000000000000000000000000000000000000000000000000000000000000
310
000000000000000000000000000000000000000000000000000000000000000000000000000000000000000000000000000000000000000000000000000000000000000000F5F5F5BEF5F5F5F5F5F5F5F5F5F5BEF5F50000000000000000000000000000000000000000000000000000000000000000000000000000000000
310
00000000000000000000000000000000000000000000000000000000000000000000000000000000000000000000000000000000000000000000000000000000000000000000000000000000000000000000000000000000000000000000000000000000000000000000000000000000000000000000000000000000000000
310
00000000000000000000000000000000000000000000000000000000000000000000000000000000000000000000000000000000000000000000000000000000000000000000F5F5F5F5000000F5F5F5F5F500000000F5F5F50000000000000000000000000000000000000000000000000000000000000000000000000000
310
000000000000000000000000000000000000000000000000000000000000000000000000000000000000000000000000000000000000000000000000000000000000000000000000000000000000000000000000000000000000000000000000000000000000000000000000000000BE0000000000BE000000000000000000
310
000000000000000000000000000000000000000000000000000000000000000000000000000000000000000000000000000000000000000000000000000000000000000000000000F5F5F5F500F5F5F5F5F5F5F5F5F50000F5F5F5000000000000000000000000000000000000000000000000000000000000000000000000
310
000000000000000000000000000000000000000000000000000000000000000000000000000000000000000000000000000000000000000000000000000000000000000000000000000000000000000000000000000000000000000000000000000000000000000000F5F5F5F5F5F5F5F5F5F5F5F5F5F5F5F5F5F500000000
310
0000000000000000000000000000F5F5F5F5F5F5F5F5F5F5F5F5F5F5F5F5F5F5F5F5F5F5F5F5F5F5F5F5F5F5F5F500000000000000000000000000000000000000000000000000000000F5BE0000F500F50000BE0000F5F5F5F500BEBE00000000000000000000000000000000000000000000000000000000000000000000
310
0000000000000000000000000000000000000000000000000000000000000000000000000000000000000000000000000000000000000000000000000000000000000000000000000000000000000000000000000000000000000000000000000000000000000000000000F500F5F5F5000000F5000000BEF5BEF500F50000
310
00000000000000000000000000000000F5F500000000F50000F5F5F5F50000000000F500000000000000000000F500F500000000000000000000000000000000000000000000000000000000F5F5BEF5F5F5000000BE00000000F5F5F5BEF50000000000000000000000000000000000000000000000000000000000000000
310
00000000000000000000000000000000000000000000000000000000000000000000000000000000000000000000000000000000000000000000000000000000000000000000000000000000000000000000000000000000000000000000000000000000000000000000000000F5F5F5F500F5F5F5F5F5F5F5F5F5F5F5F5F5
310
0000000000000000000000000000000000F5F5F500000000F50000F5F5F5F50000000000F500000000000000000000F500F5F5F50000000000000000000000000000000000000000000000000000F5F5F5F5F5F50000F5F5F5F50000F5F5F500F5000000000000000000000000000000000000000000000000000000000000
310
0000000000000000000000000000000000000000000000000000000000000000000000000000000000000000000000000000000000000000000000000000000000000000000000000000000000000000000000000000000000000000000000000000000000000000000000000000BEF5BEF500F5F5F5F5BEF5F5F5F5F500F5
310
F5F50000000000000000000000000000000000F5F5F500000000F5F5F5F5F5F5F50000000000F5F5F5F5F5F5F5F5F5F5F5F500F500F50000000000000000000000000000000000000000000000000000F5F5F5F5F5F5F5F500F50000F5BEF5F5F5F5F500000000000000000000000000000000000000000000000000000000
310
0000000000000000000000000000000000000000000000000000000000000000000000000000000000000000000000000000000000000000000000000000000000000000000000000000000000000000000000000000000000000000000000000000000000000000000000000000000000F5F5F5F5F5000000BE00000000F5
310
F500F5F50000000000000000000000000000000000F5F5F50000000000000000F5F5F5000000000000000000000000000000000000F500F50000000000000000000000000000000000000000000000000000F5F500F5F5F5F500F5F5F500BEF500F5F5F5F50000000000000000000000000000000000000000000000000000
310
00000000000000000000000000000000000000000000000000000000000000000000000000000000000000000000000000000000000000000000000000000000000000000000000000000000000000000000000000000000000000000000000000000000000000000000000000000000000000F5BEF5F500000000BE000000
310
0000F5F500F50000000000000000000000000000000000F5F5F50000000000000000F5F5F5000000000000000000000000000000000000F500F50000000000000000000000000000000000000000000000000000F5F500F500F5F5F5F5BE00F500F50000F5F5F5000000000000000000000000000000000000000000000000
310
000000000000000000000000000000000000000000000000000000000000000000000000000000000000000000000000000000000000000000000000000000000000000000000000000000000000000000000000000000000000000000000000000000000000000000000000000000000000000000F500F5F500000000BE00
310
00000000F5F500F50000000000000000000000000000000000F5F5F50000000000000000F5F5F5000000000000000000000000000000000000F500F500000000000000000000000000000000000000000000000000BEBEF5BEF5BEF5BEF500BEBEF5F5F5BEBEF5F5F5BE000000000000000000000000000000000000000000
310
0000000000000000000000000000000000000000000000000000000000000000000000000000000000000000000000000000000000000000000000000000000000000000000000000000000000000000000000000000000000000000000000000000000000000000000000000000000000000000000000F5F5F50000000000
310
BE0000000000F5F500F50000000000000000000000000000000000F5F5F50000000000000000F5F5F5000000000000000000000000000000000000F500F5F5F5F5F5F5F5F5F5F5F500000000000000000000000000000000F5F500F500F5F5F5F5BEF5F500F50000F5F5F50000000000000000000000000000000000000000
310
0000000000000000000000000000000000000000000000000000000000000000000000000000000000000000000000000000000000000000000000000000000000000000000000000000000000000000000000000000000000000000000000000000000000000000000000000000000000000000000000BEBEF5F5F5BEBEBE
310
BEBEBEBEBEBEBEBEBEF5F5F5BE0000000000000000000000000000BEBEF5F5F5BEBEBEBEBEBEBEBEF5F5F5BEBEBEBEBEBEBEBEBE00BEBEBEBEBEBEBEBEF500F5BE00BEBEBEBEBEBEBEF5BE000000000000000000000000000000F5F500F50000F5F5F5F5F500F5F50000F5F5F5000000000000000000000000000000000000
310
000000000000000000000000000000000000000000000000000000000000000000000000000000000000000000000000000000000000000000000000000000000000000000000000000000000000000000000000000000000000000000000000000000000000000000000000000000000000000000000000000000F5F5F500
310
00000000BE000000000000F5F5F50000000000000000000000000000000000F5F5F50000000000000000F5F5F5000000000000000000000000000000000000F500F5000000000000000000F500000000000000000000000000000000F5F5F5F50000F500F5BE00F5F50000F500F5F500000000000000000000000000000000
310
0000000000000000000000000000000000000000000000000000000000000000000000000000000000000000000000000000000000000000000000000000000000000000000000000000000000000000000000000000000000000000000000000000000000000000000000000000000000000000000000000000000000F500
310
F50000000000BE000000000000F500F50000000000000000000000000000000000F5F5F50000000000000000F5F5F5000000000000000000000000000000000000F500F5F5F5F5F5F5F5F5F5F5F500000000000000000000000000000000F5F5F500F50000F5F5F5F5F5000000F5F500F50000000000000000000000000000
310
00000000000000000000000000000000000000000000000000000000000000000000000000000000000000000000000000000000000000000000000000000000000000000000000000000000000000000000000000000000000000000000000000000000000000000000000000000000000000000000000000000000000000
310
F500F50000000000BE0000000000F5F500F50000000000000000000000000000000000F5F5F50000000000000000F5F5F5000000000000000000000000000000000000F500F50000000000000000000000000000000000000000000000000000F5BE00F5F5F50000F5F5F5000000F5F50000BE000000000000000000000000
310
00000000000000000000000000000000000000000000000000000000000000000000000000000000000000000000000000000000000000000000000000000000000000000000000000000000000000000000000000000000000000000000000000000000000000000000000000000000000000000000000000000000000000
310
0000F500F5F500000000BE00000000F500F5BEF50000000000000000000000000000000000F5F5F50000000000000000F5F5F5000000000000000000000000000000000000F500F50000000000000000000000000000000000000000000000000000F5F5F5F500F5F5F5F5BEF5F5F5F5F500F5F5F500000000000000000000
310
00000000000000000000000000000000000000000000000000000000000000000000000000000000000000000000000000000000000000000000000000000000000000000000000000000000000000000000000000000000000000000000000000000000000000000000000000000000000000000000000000000000000000
310
00000000F5F500F5F5000000BE00000000F5F5F5F5F50000000000000000000000000000000000F5F5F50000000000000000F5F5F5000000000000000000000000000000000000F500F50000000000000000000000000000000000000000000000000000F5F5F5F500F50000F5F5F50000F50000F5F5F50000000000000000
310
00000000000000000000000000000000000000000000000000000000000000000000000000000000000000000000000000000000000000000000000000000000000000000000000000000000000000000000000000000000000000000000000000000000000000000000000000000000000000000000000000000000000000
310
000000000000F5F5F500F5F50000BE000000F5F500F5BEF5BE00000000000000000000000000000000F5F5F50000000000000000F5F5F50000000000F5F5F5F5F5F5F5F5F5F5F5F500F500F5000000000000000000000000000000000000000000000000000000F5F5BEBEF5F5F5F5F5F5F5F5F5F5BEF5F5F5000000000000
310
00000000000000000000000000000000000000000000000000000000000000000000000000000000000000000000000000000000000000000000000000000000000000000000000000000000000000000000000000000000000000000000000000000000000000000000000000000000000000000000000000000000000000
310
0000000000000000F5F5F5F5F5F50000BE0000F5F500F5F5F5F50000000000000000000000000000000000F5F5F500000000F5F5F5F5F5F5F50000000000F500000000000000000000F500F5F5F500000000000000000000000000000000000000000000000000000000F5F50000000000BE0000000000F5F5F50000000000
310
00000000000000000000000000000000000000000000000000000000000000000000000000000000000000000000000000000000000000000000000000000000000000000000000000000000000000000000000000000000000000000000000000000000000000000000000000000000000000000000000000000000000000
310
00000000000000000000F500F5F5F5F50000BE0000F500F5F5F500F50000000000000000000000000000000000F5F5F500000000F50000F5F5F5F5000000BE00F500000000000000000000F500F5000000000000000000000000000000000000000000000000000000000000F5F5F5F5F5F5F5F5F5F5F5F5F5F5F500000000
310
00000000000000000000000000000000000000000000000000000000000000000000000000000000000000000000000000000000000000000000000000000000000000000000000000000000000000000000000000000000000000000000000000000000000000000000000000000000000000000000000000000000000000
310
000000000000000000000000F5F5F5F5F5F50000BE0000F500F5F5F5F5F50000000000000000000000000000000000F5F5F5F5F5F5F5F5F5F5F5F5F5F5F5F5F5F5F5F5F5F5F5F5F5F5F5F5F5F5F5F5F50000000000000000000000000000000000000000000000000000000000002D00F5F5F50000BE0000F5F5DC002D0000
310
00000000000000000000000000000000000000000000000000000000000000000000000000000000000000000000000000000000000000000000000000000000000000000000000000000000000000000000000000000000000000000000000000000000000000000000000000000000000000000000000000000000000000
310
000000000000000000000000000000F5F5F5F5F50000000000F500F5F5F5F5000000000000000000000000000000000000F5F5DCDCDCDCDCDCDCDCDCDC00F500F500BE00F500F500000000000000000000000000000000000000000000000000000000000000000000000000000000002D2DF52DF5DCF5BEF5F5F52DDC2D2D
310
00000000000000000000000000000000000000000000000000000000000000000000000000000000000000000000000000000000000000000000000000000000000000000000000000000000000000000000000000000000000000000000000000000000000000000000000000000000000000000000000000000000000000
310
00000000000000000000000000000000002DF5F5F500F5F5F5F5F5F500F5F5F52D000000000000000000000000000000000000F5F5DCDCDCDCDCDCDCDCDCDC00F5F5F5F5BEF5F5F5F52D2D2D2D000000000000000000000000000000000000000000000000000000000000000000000000000000F52DDCDC00BE0000002DDC
310
00000000000000000000000000000000000000000000000000000000000000000000000000000000000000000000000000000000000000000000000000000000000000000000000000000000000000000000000000000000000000000000000000000000000000000000000000000000000000000000000000000000000000
310
000000000000000000000000000000000000002D2DF5F5F5F500BEF5F5F5F5F5F52D2D000000000000000000000000000000000000F5F5DCDCDCF5DCDCF5F5F5F5002D2D00F5BE00F500002D00002D2D0000000000000000000000000000000000000000000000000000000000000000000000000000F52DDCDC00BE000000
310
2DDC0000000000000000000000000000000000000000000000000000000000000000000000000000000000000000000000000000000000000000000000000000000000000000000000000000000000000000000000000000000000000000000000000000000000000000000000000000000000000000000000000000000000
310
0000000000000000000000000000000000000000000000F50000F50000F5F5F500DCF50000000000000000000000000000000000000000F5F5F500F500DCDC0000DCF500002D00F5BEF5F50000000000002D2D2D2D0000000000000000000000000000000000000000000000000000000000000000000000F5F5F5F5F5F5F5
310
F5F52DF5000000000000000000000000000000000000000000000000000000000000000000000000000000000000000000000000000000000000000000000000000000000000000000000000000000000000000000000000000000000000000000000000000000000000000000000000000000000000000000000000000000
310
00000000000000000000000000000000000000000000000000F500F5F5F5F5F5F5F500DCF5000000000000000000000000000000000000000000F5DCDCDC00DCDC0000DCF500002D0000BE00000000000000002D00002D00000000000000000000000000000000000000000000000000000000000000000000002D2D2DF5F5
310
BE2D2DF52D2D2D000000000000000000000000000000000000000000000000000000000000000000000000000000000000000000000000000000000000000000000000000000000000000000000000000000000000000000000000000000000000000000000000000000000000000000000000000000000000000000000000
310
000000000000000000000000000000000000000000000000000000F5F5DCF5F5F5F5F5F5F5F5F500000000000000000000000000000000000000000000F5F5F5F5DCDCF5F5F5F52D2D2D00000000000000000000002D00002D000000000000000000000000000000000000000000000000000000000000000000000000002D
310
F5F5F5F5F5F500002D00000000000000000000000000000000000000000000000000000000000000000000000000000000000000000000000000000000000000000000000000000000000000000000000000000000000000000000000000000000000000000000000000000000000000000000000000000000000000000000
310
00000000000000000000000000000000000000000000000000000000002D0000F5F5BE0000F52D2D2D000000000000000000000000000000000000000000002D2DF500F50000F50000002D002D000000000000000000002D2D2D2D000000000000000000000000000000000000000000000000000000000000000000000000
310
002D0000BE00000000002D0000000000000000000000000000000000000000000000000000000000000000000000000000000000000000000000000000000000000000000000000000000000000000000000000000000000000000000000000000000000000000000000000000000000000000000000000000000000000000
310
0000000000000000000000000000000000000000000000000000000000002D000000F5F5BE0000F52D000000000000000000000000000000000000000000000000002DF500F50000F50000002D2D2D2D2D2D2D2D2D2D2D2D2D2D00000000000000000000000000000000000000000000000000000000000000000000000000
310
0000002D00000000000000002D000000000000000000000000000000000000000000000000000000000000000000000000000000000000000000000000000000000000000000000000000000000000000000000000000000000000000000000000000000000000000000000000000000000000000000000000000000000000
310
00000000000000000000000000000000000000000000000000000000000000002D000000F5F5F5F5F5F52D000000000000000000000000000000000000000000000000002DF5F5F5F5F5F50000002D002D2D000000000000000000000000000000000000000000000000000000000000000000000000000000000000000000
310
00000000002D0000000000002D2D2D00000000000000000000000000000000000000000000000000000000000000000000000000000000000000000000000000000000000000000000000000000000000000000000000000000000000000000000000000000000000000000000000000000000000000000000000000000000
310
000000000000000000000000000000000000000000000000000000000000000000002D0000000000BE0000002D000000000000000000000000000000000000000000000000002D0000000000000000002D002D2D00000000000000000000000000000000000000000000000000000000000000000000000000000000000000
310
00000000000000002D2D2D2D2D2D2D00000000000000000000000000000000000000000000000000000000000000000000000000000000000000000000000000000000000000000000000000000000000000000000000000000000000000000000000000000000000000000000000000000000000000000000000000000000
310
0000000000000000000000000000000000000000000000000000000000000000000000002D0000000000000000002D000000000000000000000000000000000000000000000000002D0000000000000000002D2D2D2D0000000000000000000000000000000000000000000000000000000000000000000000000000000000
310
00000000000000000000000000000000000000000000000000000000000000000000000000000000000000000000000000000000000000000000000000000000000000000000000000000000000000000000000000000000000000000000000000000000000000000000000000000000000000000000000000000000000000
310
0000000000000000000000000000000000000000000000000000000000000000000000000000002D2D2D2D2D2D2D2D2D0000000000000000000000000000000000000000000000000000002D2D2D2D2D2D2D2D2D2D000000000000000000000000000000000000000000000000000000000000000000000000000000000000
310
00000000000000000000000000000000000000000000000000000000000000000000000000000000000000000000000000000000000000000000000000000000000000000000000000000000000000000000000000000000000000000000000000000000000000000000000000000000000000000000000000000000000000
310
00000000000000000000000000000000000000000000000000000000000000000000000000000000000000000000000000000000000000000000000000000000000000000000000000000000000000000000000000000000000000000000000000000000000000000000000000000000000000000000000000000000000000
310
00000000000000000000000000000000000000000000000000000000000000000000000000000000000000000000000000000000000000000000000000000000000000000000000000000000000000000000000000000000000000000000000000000000000000000000000000000000000000000000000000000000000000
310
00000000000000000000000000000000000000000000000000000000000000000000000000000000000000000000000000000000000000000000000000000000000000000000000000000000000000000000000000000000000000000000000000000000000000000000000000000000000000000000000000000000000000
310
00000000000000000000000000000000000000000000000000000000000000000000000000000000000000000000000000000000000000000000000000000000000000000000000000000000000000000000000000000000000000000000000000000000000000000000000000000000000000000000000000000000000000
310
00000000000000000000000000000000000000000000000000000000000000000000000000000000000000000000000000000000000000000000000000000000000000000000000000000000000000000000000000000000000000000000000000000000000000000000000000000000000000000000000000000000000000
310
00000000000000000000000000000000000000000000000000000000000000000000000000000000000000000000000000000000000000000000000000000000000000000000000000000000000000000000000000000000000000000000000000000000000000000000000000000000000000000000000000000000000000
310
00000000000000000000000000000000000000000000000000000000000000000000000000000000000000000000000000000000000000000000000000000000000000000000000000000000000000000000000000000000000000000000000000000000000000000000000000000000000000000000000000000000000000
310
00000000000000000000000000000000000000000000000000000000000000000000000000000000000000000000000000000000000000000000000000000000000000000000000000000000000000000000000000000000000000000000000000000000000000000000000000000000000000000000000000000000000000
310
00000000000000000000000000000000000000000000000000000000000000000000000000000000000000000000000000000000000000000000000000000000000000000000000000000000000000000000000000000000000000000000000000000000000000000000000000000000000000000000000000000000000000
310
00000000000000000000000000000000000000000000000000000000000000000000000000000000000000000000000000000000000000000000000000000000000000000000000000000000000000000000000000000000000000000000000000000000000000000000000000000000000000000000000000000000000000
310
00000000000000000000000000000000000000000000000000000000000000000000000000000000000000000000000000000000000000000000000000000000000000000000000000000000000000000000000000000000000000000000000000000000000000000000000000000000000000000000000000000000000000
310
00000000000000000000000000000000000000000000000000000000000000000000000000000000000000000000000000000000000000000000000000000000000000000000000000000000000000000000000000000000000000000000000000000000000000000000000000000000000000000000000000000000000000
310
00000000000000000000000000000000000000000000000000000000000000000000000000000000000000000000000000000000000000000000000000000000000000000000000000000000000000000000000000000000000000000000000000000000000000000000000000000000000000000000000000000000000000
310
00000000000000000000000000000000000000000000000000000000000000000000000000000000000000000000000000000000000000000000000000000000000000000000000000000000000000000000000000000000000000000000000000000000000000000000000000000000000000000000000000000000000000
310
00000000000000000000000000000000000000000000000000000000000000000000000000000000000000000000000000000000000000000000000000000000000000000000000000000000000000000000000000000000000000000000000000000000000000000000000000000000000000000000000000000000000000
310
00000000000000000000000000000000000000000000000000000000000000000000000000000000000000000000000000000000000000000000000000000000000000000000000000000000000000000000000000000000000000000000000000000000000000000000000000000000000000000000000000000000000000
310
00000000000000000000000000000000000000000000000000000000000000000000000000000000000000000000000000000000000000000000000000000000000000000000000000000000000000000000000000000000000000000000000000000000000000000000000000000000000000000000000000000000000000
310
00000000000000000000000000000000000000000000000000000000000000000000000000000000000000000000000000000000000000000000000000000000000000000000000000000000000000000000000000000000000000000000000000000000000000000000000000000000000000000000000000000000000000
310
00000000000000000000000000000000000000000000000000000000000000000000000000000000000000000000000000000000000000000000000000000000000000000000000000000000000000000000000000000000000000000000000000000000000000000000000000000000000000000000000000000000000000
310
00000000000000000000000000000000000000000000000000000000000000000000000000000000000000000000000000000000000000000000000000000000000000000000000000000000000000000000000000000000000000000000000000000000000000000000000000000000000000000000000000000000000000
310
00000000000000000000000000000000000000000000000000000000000000000000000000000000000000000000000000000000000000000000000000000000000000000000000000000000000000000000000000000000000000000000000000000000000000000000000000000000000000000000000000000000000000
310
00000000000000000000000000000000000000000000000000000000000000000000000000000000000000000000000000000000000000000000000000000000000000000000000000000000000000000000000000000000000000000000000000000000000000000000000000000000000000000000000000000000000000
310
00000000000000000000000000000000000000000000000000000000000000000000000000000000000000000000000000000000000000000000000000000000000000000000000000000000000000000000000000000000000000000000000000000000000000000000000000000000000000000000000000000000000000
310
00000000000000000000000000000000000000000000000000000000000000000000000000000000000000000000000000000000000000000000000000000000000000000000000000000000000000000000000000000000000000000000000000000000000000000000000000000000000000000000000000000000000000
310
00000000000000000000000000000000000000000000000000000000000000000000000000000000000000000000000000000000000000000000000000000000000000000000000000000000000000000000000000000000000000000000000000000000000000000000000000000000000000000000000000000000000000
310
00000000000000000000000000000000000000000000000000000000000000000000000000000000000000000000000000000000000000000000000000000000000000000000000000000000000000000000000000000000000000000000000000000000000000000000000000000000000000000000000000000000000000
310
00000000000000000000000000000000000000000000000000000000000000000000000000000000000000000000000000000000000000000000000000000000000000000000000000000000000000000000000000000000000000000000000000000000000000000000000000000000000000000000000000000000000000
310
00000000000000000000000000000000000000000000000000000000000000000000000000000000000000000000000000000000000000000000000000000000000000000000000000000000000000000000000000000000000000000000000000000000000000000000000000000000000000000000000000000000000000
310
00000000000000000000000000000000000000000000000000000000000000000000000000000000000000000000000000000000000000000000000000000000000000000000000000000000000000000000000000000000000000000000000000000000000000000000000000000000000000000000000000000000000000
310
00000000000000000000000000000000000000000000000000000000000000000000000000000000000000000000000000000000000000000000000000000000000000000000000000000000000000000000000000000000000000000000000000000000000000000000000000000000000000000000000000000000000000
310
0000000000000000000000000000000000000000000000000000000000000000000000000000000000000000000000000000000000000000000000000000000000000000000000000000000000000000000000000000000000000000000000000000000000000000F5F5F5F5F5F5F5F5F5F5F5F5F5F5F5F5F5F5F5F5F5F5F5
310
F5F5F5F5F5F5F5F5F500000000000000000000000000000000000000000000000000000000DCF5F5F50000000000000000000000000000000000000000000000000000000000000000000000000000000000000000000000000000000000000000000000000000000000000000000000000000000000000000000000000000
310
000000000000000000000000000000000000000000000000000000000000000000000000000000000000000000000000000000000000000000000000000000000000000000000000000000000000000000000000000000000000000000000000000000000000000000F5F5F500000000F50000F5F5F5F5000000BE00F50000
310
0000000000000000F500F500000000000000000000000000000000000000000000000000000000DC0000F5000000000000000000000000000000000000000000000000000000000000000000000000000000000000000000000000000000000000000000000000000000000000000000000000000000000000000000000000
310
0000000000000000000000000000000000000000000000000000000000000000000000000000000000000000000000000000000000000000000000000000000000000000000000000000000000000000000000000000000000000000000000000000000000000000000000F5F5F500000000F50000F5F5F5F5F5F5F5F5F5F5
310
00000000000000000000F500F5F5F500000000000000000000000000000000000000000000000000DC000000F5F5000000000000000000000000000000000000000000000000000000000000000000000000000000000000000000000000000000000000000000000000000000000000000000000000000000000000000000
310
00000000000000000000000000000000000000000000000000000000000000000000000000000000000000000000000000000000000000000000000000000000000000000000000000000000000000000000000000000000000000000000000000000000000000000000000000F5F5F500000000F5F5F5F5F5F5F5DCF5F5F5
310
F5F5DCF5F5F5F5F5F5F5F5F5F500F500F500000000000000000000000000000000000000000000000000DC000000F5F500000000000000000000000000000000000000000000000000000000000000000000000000000000000000000000000000000000000000000000000000000000000000000000000000000000000000
310
000000000000000000000000000000000000000000000000000000000000000000000000000000000000000000000000000000000000000000000000000000000000000000000000000000000000000000000000000000000000000000000000000000000000000000000000000000F5F5F50000002D2D000000F5F5F5DCDC
310
F5BEF5DCDCBE00000000000000000000F500F500000000000000000000000000000000000000000000000000DC000000F5F50000000000000000000000000000000000000000000000000000000000000000000000000000000000000000000000000000000000000000000000000000000000000000000000000000000000
310
0000000000000000000000000000000000000000000000000000000000000000000000000000000000000000000000000000000000000000000000000000000000000000000000000000000000000000000000000000000000000000000000000000000000000000000000000000000000F5F5F5F5F5F52D2DF5F5F5F5F5F5
310
BEF5F5F5F5F5BEF500000000000000000000F500F500000000000000000000000000000000000000000000000000DC000000F5F5000000000000000000000000000000000000000000000000000000000000000000000000000000000000000000000000000000000000000000000000000000000000000000000000000000
310
00000000000000000000000000000000000000000000000000000000000000000000000000000000000000000000000000000000000000000000000000000000000000000000000000000000000000000000000000000000000000000000000000000000000000000000000000000000000000F5F5F5F5F5F5F5F5BE2D2DF5
310
F5F500F5F5BEDCF5F52D2D2D2D2D2D0000000000F500F500000000000000000000000000000000000000000000000000DC000000F5F5000000000000000000000000000000000000BE000000000000000000000000000000000000000000000000000000000000000000000000000000000000000000000000000000000000
310
000000000000000000000000000000000000000000000000000000000000000000000000000000000000000000000000000000000000000000000000000000000000000000000000000000000000000000000000000000000000000000000000000000000000000000000000000000000000000000F5F5F5BEF5F5DCDCF52D
310
2DF5F5F500F5F5F5F5F5F52D2D0000002D2D2D2D0000F500F5F5F5F5F5F5F5F5F5F5F5000000000000000000000000000000DCDC0000F5F5F5F5F5F5F5F5F5F5F5F500000000000000F5F5F5000000000000000000000000000000000000000000000000000000000000000000000000000000000000000000000000000000
310
0000000000000000000000000000000000000000000000000000000000000000000000000000000000000000000000000000000000000000000000000000000000000000000000000000000000000000000000000000000000000000000000000000000000000000000000000000000000000000000000F5F5F500BEBEDCDC
310
F5F52DF5F5F500F5F5BEF5F5F5F5000000002D00002D0000F500F5000000000000000000F500000000000000000000000000000000DC0000F5F5000000000000000000F5000000000000F5F5F5F500000000000000000000000000000000000000000000000000000000000000000000000000000000000000000000000000
310
0000000000000000000000000000000000000000000000000000000000000000000000000000000000000000000000000000000000000000000000000000000000000000000000000000000000000000000000000000000000000000000000000000000000000000000000000000000000000000000000BEBEF5F5BEBEF5DC
310
BEBEF5BEBEBEBE2DBEBEF5F5F5BEBEBEBE00BEBEBEBEBE2DBEBEBE00BEBE00BEBEBEBEBEBEBEBEBEBE00000000000000000000BEBEBEBEDCBEBEBEBEBEBEBEBEBEBEBEBEBEBEBEBEBE0000BEF5F5F5F5BE00000000000000000000000000000000000000000000000000000000000000000000000000000000000000000000
310
000000000000000000000000000000000000000000000000000000000000000000000000000000000000000000000000000000000000000000000000000000000000000000000000000000000000000000000000000000000000000000000000000000000000000000000000000000000000000000000000000000F5F5F52D
310
F5DCDC00BEBE00F5F52D00F5F5F5F5F5F5F5000000002D2D2D2D0000F500F5000000000000000000F500000000000000000000000000000000DC0000F5F5000000000000000000F5000000000000F5F5F5F5000000000000000000000000000000000000000000000000000000000000000000000000000000000000000000
310
0000000000000000000000000000000000000000000000000000000000000000000000000000000000000000000000000000000000000000000000000000000000000000000000000000000000000000000000000000000000000000000000000000000000000000000000000000000000000000000000000000000000F5F5
310
2D2D00DCF5F5F500BEBEF5F500F5F5BEDCF5F52D2D00002D2D0000000000F500F5F5F5F5F5F5F5F5F5F50000000000000000000000000000000000DC0000F5F5F5F5F5F5F5F5F5F5F5F500000000000000F5F50000000000000000000000000000000000000000000000000000000000000000000000000000000000000000
310
00000000000000000000000000000000000000000000000000000000000000000000000000000000000000000000000000000000000000000000000000000000000000000000000000000000000000000000000000000000000000000000000000000000000000000000000000000000000000000000000000000000000000
310
F5F52D2D002D2D2DF50000F5BEBE2DF5F5F5F5F5F5F52D2D2D2D000000000000F500F50000000000000000000000000000000000000000000000000000DC0000F5F5000000000000000000000000000000000000BE000000000000000000000000000000000000000000000000000000000000000000000000000000000000
310
00000000000000000000000000000000000000000000000000000000000000000000000000000000000000000000000000000000000000000000000000000000000000000000000000000000000000000000000000000000000000000000000000000000000000000000000000000000000000000000000000000000000000
310
0000F5F5F5F5F52D2DF5F5F5F5F5F52D2DF5F5BEF5F5DCF500000000000000000000F500F50000000000000000000000000000000000000000000000000000DCDC00F5F50000000000000000000000000000000000000000000000000000000000000000000000000000000000000000000000000000000000000000000000
310
00000000000000000000000000000000000000000000000000000000000000000000000000000000000000000000000000000000000000000000000000000000000000000000000000000000000000000000000000000000000000000000000000000000000000000000000000000000000000000000000000000000000000
310
00000000F5F5F50000F5F500002D2D2DF52D2DF5F5BEF5DCDCF500000000000000000000F500F50000000000000000000000000000000000000000000000000000DCDC00F5F50000BEF5F5F5F5F5F5F5BEBE000000000000000000000000000000000000000000000000000000000000000000000000000000000000000000
310
00000000000000000000000000000000000000000000000000000000000000000000000000000000000000000000000000000000000000000000000000000000000000000000000000000000000000000000000000000000000000000000000000000000000000000000000000000000000000000000000000000000000000
310
000000000000F5F5F500000000F5F5F5F5F5F5F5F5F500F5F5F5F5F5F5F5F5F5F5F5F5F5F500F5F5F50000000000000000000000000000000000000000000000000000DC0000F5F5000000F5F5F5F5F5F5F5000000000000000000000000000000000000000000000000000000000000000000000000000000000000000000
310
00000000000000000000000000000000000000000000000000000000000000000000000000000000000000000000000000000000000000000000000000000000000000000000000000000000000000000000000000000000000000000000000000000000000000000000000000000000000000000000000000000000000000
310
0000000000000000F5F5F500000000F50000F5F5F5F5F5F5F5F5F5F500000000000000000000F500F500000000000000000000000000000000000000000000000000000000DC0000F5000000000000000000000000000000000000000000000000000000000000000000000000000000000000000000000000000000000000
310
00000000000000000000000000000000000000000000000000000000000000000000000000000000000000000000000000000000000000000000000000000000000000000000000000000000000000000000000000000000000000000000000000000000000000000000000000000000000000000000000000000000000000
310
00000000000000000000F5F5F5F5F5F5F5F5F5F5F5F5F5F5F5F5F5BEF5F5F5F5F5F5F5F5F5F5F5F5F5F5F500000000000000000000000000000000000000000000000000000000DC0000F500000000000000000000000000000000000000000000000000000000000000000000000000000000000000000000000000000000
310
00000000000000000000000000000000000000000000000000000000000000000000000000000000000000000000000000000000000000000000000000000000000000000000000000000000000000000000000000000000000000000000000000000000000000000000000000000000000000000000000000000000000000
310
00000000000000000000000000000000000000000000000000000000000000000000000000000000000000000000000000000000000000000000000000000000000000000000000000DCF5F5F50000000000000000000000000000000000000000000000000000000000000000000000000000000000000000000000000000
310
0000000000000000000000000000000000000000000000000000000000000000000000000000
  0
XRECORD
  5
1027
102
{ACAD_REACTORS
330
1026
102
}
330
1026
100
AcDbXrecord
280
     1
102
MATERIAL
148
0.0
149
0.0
149
0.0
 93
        0
 94
      127
282
     0
 72
     1
 77
     1
171
     1
175
     1
179
     1
273
     0
  0
XRECORD
  5
1025
102
{ACAD_REACTORS
330
1024
102
}
330
1024
100
AcDbXrecord
280
     1
102
MATERIAL
148
0.0
149
0.0
149
0.0
 93
        0
 94
      127
282
     0
 72
     1
 77
     1
171
     1
175
     1
179
     1
273
     0
  0
XRECORD
  5
1029
102
{ACAD_REACTORS
330
1028
102
}
330
1028
100
AcDbXrecord
280
     1
102
MATERIAL
148
0.0
149
0.0
149
0.0
 93
        0
 94
      127
282
     0
 72
     1
 77
     1
171
     1
175
     1
179
     1
273
     0
  0
CELLSTYLEMAP
  5
139F
102
{ACAD_REACTORS
330
139E
102
}
330
139E
100
AcDbCellStyleMap
 90
        3
300
CELLSTYLE
  1
TABLEFORMAT_BEGIN
 90
        5
170
     1
 91
        0
 92
    32768
 62
   257
 93
        1
300
CONTENTFORMAT
  1
CONTENTFORMAT_BEGIN
 90
        0
 91
        0
 92
      512
 93
        0
300

 40
0.0
140
1.0
 94
        5
 62
     0
340
11
144
6.0
309
CONTENTFORMAT_END
171
     1
301
MARGIN
  1
CELLMARGIN_BEGIN
 40
1.5
 40
1.5
 40
1.5
 40
1.5
 40
4.5
 40
4.5
309
CELLMARGIN_END
 94
        6
 95
        1
302
GRIDFORMAT
  1
GRIDFORMAT_BEGIN
 90
        0
 91
        1
 62
     0
 92
       -2
340
0
 93
        0
 40
1.125
309
GRIDFORMAT_END
 95
        2
302
GRIDFORMAT
  1
GRIDFORMAT_BEGIN
 90
        0
 91
        1
 62
     0
 92
       -2
340
0
 93
        0
 40
1.125
309
GRIDFORMAT_END
 95
        4
302
GRIDFORMAT
  1
GRIDFORMAT_BEGIN
 90
        0
 91
        1
 62
     0
 92
       -2
340
0
 93
        0
 40
1.125
309
GRIDFORMAT_END
 95
        8
302
GRIDFORMAT
  1
GRIDFORMAT_BEGIN
 90
        0
 91
        1
 62
     0
 92
       -2
340
0
 93
        0
 40
1.125
309
GRIDFORMAT_END
 95
       16
302
GRIDFORMAT
  1
GRIDFORMAT_BEGIN
 90
        0
 91
        1
 62
     0
 92
       -2
340
0
 93
        0
 40
1.125
309
GRIDFORMAT_END
 95
       32
302
GRIDFORMAT
  1
GRIDFORMAT_BEGIN
 90
        0
 91
        1
 62
     0
 92
       -2
340
0
 93
        0
 40
1.125
309
GRIDFORMAT_END
309
TABLEFORMAT_END
  1
CELLSTYLE_BEGIN
 90
        1
 91
        1
300
_TITLE
309
CELLSTYLE_END
300
CELLSTYLE
  1
TABLEFORMAT_BEGIN
 90
        5
170
     1
 91
        0
 92
        0
 62
   257
 93
        1
300
CONTENTFORMAT
  1
CONTENTFORMAT_BEGIN
 90
        0
 91
        0
 92
      512
 93
        0
300

 40
0.0
140
1.0
 94
        5
 62
     0
340
11
144
4.5
309
CONTENTFORMAT_END
171
     1
301
MARGIN
  1
CELLMARGIN_BEGIN
 40
1.5
 40
1.5
 40
1.5
 40
1.5
 40
4.5
 40
4.5
309
CELLMARGIN_END
 94
        6
 95
        1
302
GRIDFORMAT
  1
GRIDFORMAT_BEGIN
 90
        0
 91
        1
 62
     0
 92
       -2
340
0
 93
        0
 40
1.125
309
GRIDFORMAT_END
 95
        2
302
GRIDFORMAT
  1
GRIDFORMAT_BEGIN
 90
        0
 91
        1
 62
     0
 92
       -2
340
0
 93
        0
 40
1.125
309
GRIDFORMAT_END
 95
        4
302
GRIDFORMAT
  1
GRIDFORMAT_BEGIN
 90
        0
 91
        1
 62
     0
 92
       -2
340
0
 93
        0
 40
1.125
309
GRIDFORMAT_END
 95
        8
302
GRIDFORMAT
  1
GRIDFORMAT_BEGIN
 90
        0
 91
        1
 62
     0
 92
       -2
340
0
 93
        0
 40
1.125
309
GRIDFORMAT_END
 95
       16
302
GRIDFORMAT
  1
GRIDFORMAT_BEGIN
 90
        0
 91
        1
 62
     0
 92
       -2
340
0
 93
        0
 40
1.125
309
GRIDFORMAT_END
 95
       32
302
GRIDFORMAT
  1
GRIDFORMAT_BEGIN
 90
        0
 91
        1
 62
     0
 92
       -2
340
0
 93
        0
 40
1.125
309
GRIDFORMAT_END
309
TABLEFORMAT_END
  1
CELLSTYLE_BEGIN
 90
        2
 91
        1
300
_HEADER
309
CELLSTYLE_END
300
CELLSTYLE
  1
TABLEFORMAT_BEGIN
 90
        5
170
     1
 91
        0
 92
        0
 62
   257
 93
        1
300
CONTENTFORMAT
  1
CONTENTFORMAT_BEGIN
 90
        0
 91
        0
 92
      512
 93
        0
300

 40
0.0
140
1.0
 94
        2
 62
     0
340
11
144
4.5
309
CONTENTFORMAT_END
171
     1
301
MARGIN
  1
CELLMARGIN_BEGIN
 40
1.5
 40
1.5
 40
1.5
 40
1.5
 40
4.5
 40
4.5
309
CELLMARGIN_END
 94
        6
 95
        1
302
GRIDFORMAT
  1
GRIDFORMAT_BEGIN
 90
        0
 91
        1
 62
     0
 92
       -2
340
0
 93
        0
 40
1.125
309
GRIDFORMAT_END
 95
        2
302
GRIDFORMAT
  1
GRIDFORMAT_BEGIN
 90
        0
 91
        1
 62
     0
 92
       -2
340
0
 93
        0
 40
1.125
309
GRIDFORMAT_END
 95
        4
302
GRIDFORMAT
  1
GRIDFORMAT_BEGIN
 90
        0
 91
        1
 62
     0
 92
       -2
340
0
 93
        0
 40
1.125
309
GRIDFORMAT_END
 95
        8
302
GRIDFORMAT
  1
GRIDFORMAT_BEGIN
 90
        0
 91
        1
 62
     0
 92
       -2
340
0
 93
        0
 40
1.125
309
GRIDFORMAT_END
 95
       16
302
GRIDFORMAT
  1
GRIDFORMAT_BEGIN
 90
        0
 91
        1
 62
     0
 92
       -2
340
0
 93
        0
 40
1.125
309
GRIDFORMAT_END
 95
       32
302
GRIDFORMAT
  1
GRIDFORMAT_BEGIN
 90
        0
 91
        1
 62
     0
 92
       -2
340
0
 93
        0
 40
1.125
309
GRIDFORMAT_END
309
TABLEFORMAT_END
  1
CELLSTYLE_BEGIN
 90
        3
 91
        2
300
_DATA
309
CELLSTYLE_END
  0
XRECORD
  5
13DB
102
{ACAD_REACTORS
330
139E
102
}
330
139E
100
AcDbXrecord
280
     1
102
ACAD_ROUNDTRIP_PRE2007_TABLESTYLE
 90
      512
 91
        0
  1

 92
      512
 93
        0
  2

 94
      512
 95
        0
  3

  0
XRECORD
  5
13B0
102
{ACAD_REACTORS
330
13AF
102
}
330
13AF
100
AcDbXrecord
280
     1
102
RTVSPropertyOp0
 70
     1
102
RTVSPropertyOp1
 70
     1
102
RTVSPropertyOp2
 70
     1
102
RTVSPropertyOp3
 70
     1
102
RTVSPropertyOp4
 70
     1
102
RTVSPropertyOp5
 70
     1
102
RTVSPropertyOp6
 70
     1
102
RTVSPropertyOp7
 70
     1
102
RTVSPropertyOp8
 70
     1
102
RTVSPropertyOp9
 70
     1
102
RTVSPropertyOp10
 70
     1
102
RTVSPropertyOp11
 70
     1
102
RTVSPropertyOp12
 70
     1
102
RTVSPropertyOp13
 70
     1
102
RTVSPropertyOp14
 70
     1
102
RTVSPropertyOp15
 70
     1
102
RTVSPropertyOp16
 70
     1
102
RTVSPropertyOp17
 70
     1
102
RTVSPropertyOp18
 70
     1
102
RTVSPropertyOp19
 70
     1
102
RTVSPropertyOp20
 70
     1
102
RTVSPropertyOp21
 70
     1
102
RTVSPropertyOp22
 70
     1
102
RTVSPropertyOp23
 70
     1
102
RTVSPropertyOp24
 70
     1
102
RTVSPropertyOp25
 70
     1
102
RTVSPropertyOp26
 70
     1
102
RTVSPropertyOp27
 70
     1
102
RTVSPropertyOp28
 70
     1
102
RTVSPropertyOp29
 70
     1
102
RTVSPropertyOp30
 70
     1
102
RTVSPropertyOp31
 70
     1
102
RTVSPropertyOp32
 70
     1
  0
XRECORD
  5
13B4
102
{ACAD_REACTORS
330
13B3
102
}
330
13B3
100
AcDbXrecord
280
     1
102
RTVSPropertyOp0
 70
     1
102
RTVSPropertyOp1
 70
     1
102
RTVSPropertyOp2
 70
     1
102
RTVSPropertyOp3
 70
     1
102
RTVSPropertyOp4
 70
     1
102
RTVSPropertyOp5
 70
     1
102
RTVSPropertyOp6
 70
     1
102
RTVSPropertyOp7
 70
     1
102
RTVSPropertyOp8
 70
     1
102
RTVSPropertyOp9
 70
     1
102
RTVSPropertyOp10
 70
     1
102
RTVSPropertyOp11
 70
     1
102
RTVSPropertyOp12
 70
     1
102
RTVSPropertyOp13
 70
     1
102
RTVSPropertyOp14
 70
     1
102
RTVSPropertyOp15
 70
     1
102
RTVSPropertyOp16
 70
     1
102
RTVSPropertyOp17
 70
     1
102
RTVSPropertyOp18
 70
     1
102
RTVSPropertyOp19
 70
     1
102
RTVSPropertyOp20
 70
     1
102
RTVSPropertyOp21
 70
     1
102
RTVSPropertyOp22
 70
     1
102
RTVSPropertyOp23
 70
     1
102
RTVSPropertyOp24
 70
     1
102
RTVSPropertyOp25
 70
     1
102
RTVSPropertyOp26
 70
     1
102
RTVSPropertyOp27
 70
     1
102
RTVSPropertyOp28
 70
     1
102
RTVSPropertyOp29
 70
     1
102
RTVSPropertyOp30
 70
     1
102
RTVSPropertyOp31
 70
     1
102
RTVSPropertyOp32
 70
     1
  0
XRECORD
  5
13B2
102
{ACAD_REACTORS
330
13B1
102
}
330
13B1
100
AcDbXrecord
280
     1
102
RTVSPropertyOp0
 70
     1
102
RTVSPropertyOp1
 70
     1
102
RTVSPropertyOp2
 70
     1
102
RTVSPropertyOp3
 70
     1
102
RTVSPropertyOp4
 70
     1
102
RTVSPropertyOp5
 70
     1
102
RTVSPropertyOp6
 70
     1
102
RTVSPropertyOp7
 70
     1
102
RTVSPropertyOp8
 70
     1
102
RTVSPropertyOp9
 70
     1
102
RTVSPropertyOp10
 70
     1
102
RTVSPropertyOp11
 70
     1
102
RTVSPropertyOp12
 70
     1
102
RTVSPropertyOp13
 70
     1
102
RTVSPropertyOp14
 70
     1
102
RTVSPropertyOp15
 70
     1
102
RTVSPropertyOp16
 70
     1
102
RTVSPropertyOp17
 70
     1
102
RTVSPropertyOp18
 70
     1
102
RTVSPropertyOp19
 70
     1
102
RTVSPropertyOp20
 70
     1
102
RTVSPropertyOp21
 70
     1
102
RTVSPropertyOp22
 70
     1
102
RTVSPropertyOp23
 70
     1
102
RTVSPropertyOp24
 70
     1
102
RTVSPropertyOp25
 70
     1
102
RTVSPropertyOp26
 70
     1
102
RTVSPropertyOp27
 70
     1
102
RTVSPropertyOp28
 70
     1
102
RTVSPropertyOp29
 70
     1
102
RTVSPropertyOp30
 70
     1
102
RTVSPropertyOp31
 70
     1
102
RTVSPropertyOp32
 70
     1
  0
XRECORD
  5
13B6
102
{ACAD_REACTORS
330
13B5
102
}
330
13B5
100
AcDbXrecord
280
     1
102
RTVSPropertyOp0
 70
     1
102
RTVSPropertyOp1
 70
     1
102
RTVSPropertyOp2
 70
     1
102
RTVSPropertyOp3
 70
     1
102
RTVSPropertyOp4
 70
     1
102
RTVSPropertyOp5
 70
     1
102
RTVSPropertyOp6
 70
     1
102
RTVSPropertyOp7
 70
     1
102
RTVSPropertyOp8
 70
     1
102
RTVSPropertyOp9
 70
     1
102
RTVSPropertyOp10
 70
     1
102
RTVSPropertyOp11
 70
     1
102
RTVSPropertyOp12
 70
     1
102
RTVSPropertyOp13
 70
     1
102
RTVSPropertyOp14
 70
     1
102
RTVSPropertyOp15
 70
     1
102
RTVSPropertyOp16
 70
     1
102
RTVSPropertyOp17
 70
     1
102
RTVSPropertyOp18
 70
     1
102
RTVSPropertyOp19
 70
     1
102
RTVSPropertyOp20
 70
     1
102
RTVSPropertyOp21
 70
     1
102
RTVSPropertyOp22
 70
     1
102
RTVSPropertyOp23
 70
     1
102
RTVSPropertyOp24
 70
     1
102
RTVSPropertyOp25
 70
     1
102
RTVSPropertyOp26
 70
     1
102
RTVSPropertyOp27
 70
     1
102
RTVSPropertyOp28
 70
     1
102
RTVSPropertyOp29
 70
     1
102
RTVSPropertyOp30
 70
     1
102
RTVSPropertyOp31
 70
     1
102
RTVSPropertyOp32
 70
     1
  0
XRECORD
  5
13BE
102
{ACAD_REACTORS
330
13BD
102
}
330
13BD
100
AcDbXrecord
280
     1
102
RTVSPropertyOp0
 70
     1
102
RTVSPropertyOp1
 70
     1
102
RTVSPropertyOp2
 70
     1
102
RTVSPropertyOp3
 70
     1
102
RTVSPropertyOp4
 70
     1
102
RTVSPropertyOp5
 70
     1
102
RTVSPropertyOp6
 70
     1
102
RTVSPropertyOp7
 70
     1
102
RTVSPropertyOp8
 70
     1
102
RTVSPropertyOp9
 70
     1
102
RTVSPropertyOp10
 70
     1
102
RTVSPropertyOp11
 70
     1
102
RTVSPropertyOp12
 70
     1
102
RTVSPropertyOp13
 70
     1
102
RTVSPropertyOp14
 70
     1
102
RTVSPropertyOp15
 70
     1
102
RTVSPropertyOp16
 70
     1
102
RTVSPropertyOp17
 70
     1
102
RTVSPropertyOp18
 70
     1
102
RTVSPropertyOp19
 70
     1
102
RTVSPropertyOp20
 70
     1
102
RTVSPropertyOp21
 70
     1
102
RTVSPropertyOp22
 70
     1
102
RTVSPropertyOp23
 70
     1
102
RTVSPropertyOp24
 70
     1
102
RTVSPropertyOp25
 70
     1
102
RTVSPropertyOp26
 70
     1
102
RTVSPropertyOp27
 70
     1
102
RTVSPropertyOp28
 70
     1
102
RTVSPropertyOp29
 70
     1
102
RTVSPropertyOp30
 70
     1
102
RTVSPropertyOp31
 70
     1
102
RTVSPropertyOp32
 70
     1
  0
XRECORD
  5
13C6
102
{ACAD_REACTORS
330
13C5
102
}
330
13C5
100
AcDbXrecord
280
     1
102
RTVSPropertyOp0
 70
     1
102
RTVSPropertyOp1
 70
     1
102
RTVSPropertyOp2
 70
     1
102
RTVSPropertyOp3
 70
     1
102
RTVSPropertyOp4
 70
     1
102
RTVSPropertyOp5
 70
     1
102
RTVSPropertyOp6
 70
     1
102
RTVSPropertyOp7
 70
     1
102
RTVSPropertyOp8
 70
     1
102
RTVSPropertyOp9
 70
     1
102
RTVSPropertyOp10
 70
     1
102
RTVSPropertyOp11
 70
     1
102
RTVSPropertyOp12
 70
     1
102
RTVSPropertyOp13
 70
     1
102
RTVSPropertyOp14
 70
     1
102
RTVSPropertyOp15
 70
     1
102
RTVSPropertyOp16
 70
     1
102
RTVSPropertyOp17
 70
     1
102
RTVSPropertyOp18
 70
     1
102
RTVSPropertyOp19
 70
     1
102
RTVSPropertyOp20
 70
     1
102
RTVSPropertyOp21
 70
     1
102
RTVSPropertyOp22
 70
     1
102
RTVSPropertyOp23
 70
     1
102
RTVSPropertyOp24
 70
     1
102
RTVSPropertyOp25
 70
     1
102
RTVSPropertyOp26
 70
     1
102
RTVSPropertyOp27
 70
     1
102
RTVSPropertyOp28
 70
     1
102
RTVSPropertyOp29
 70
     1
102
RTVSPropertyOp30
 70
     1
102
RTVSPropertyOp31
 70
     1
102
RTVSPropertyOp32
 70
     1
  0
XRECORD
  5
13BA
102
{ACAD_REACTORS
330
13B9
102
}
330
13B9
100
AcDbXrecord
280
     1
102
RTVSPropertyOp0
 70
     1
102
RTVSPropertyOp1
 70
     1
102
RTVSPropertyOp2
 70
     1
102
RTVSPropertyOp3
 70
     1
102
RTVSPropertyOp4
 70
     1
102
RTVSPropertyOp5
 70
     1
102
RTVSPropertyOp6
 70
     1
102
RTVSPropertyOp7
 70
     1
102
RTVSPropertyOp8
 70
     1
102
RTVSPropertyOp9
 70
     1
102
RTVSPropertyOp10
 70
     1
102
RTVSPropertyOp11
 70
     1
102
RTVSPropertyOp12
 70
     1
102
RTVSPropertyOp13
 70
     1
102
RTVSPropertyOp14
 70
     1
102
RTVSPropertyOp15
 70
     1
102
RTVSPropertyOp16
 70
     1
102
RTVSPropertyOp17
 70
     1
102
RTVSPropertyOp18
 70
     1
102
RTVSPropertyOp19
 70
     1
102
RTVSPropertyOp20
 70
     1
102
RTVSPropertyOp21
 70
     1
102
RTVSPropertyOp22
 70
     1
102
RTVSPropertyOp23
 70
     1
102
RTVSPropertyOp24
 70
     1
102
RTVSPropertyOp25
 70
     1
102
RTVSPropertyOp26
 70
     1
102
RTVSPropertyOp27
 70
     1
102
RTVSPropertyOp28
 70
     1
102
RTVSPropertyOp29
 70
     1
102
RTVSPropertyOp30
 70
     1
102
RTVSPropertyOp31
 70
     1
102
RTVSPropertyOp32
 70
     1
  0
XRECORD
  5
13BC
102
{ACAD_REACTORS
330
13BB
102
}
330
13BB
100
AcDbXrecord
280
     1
102
RTVSPropertyOp0
 70
     1
102
RTVSPropertyOp1
 70
     1
102
RTVSPropertyOp2
 70
     1
102
RTVSPropertyOp3
 70
     1
102
RTVSPropertyOp4
 70
     1
102
RTVSPropertyOp5
 70
     1
102
RTVSPropertyOp6
 70
     1
102
RTVSPropertyOp7
 70
     1
102
RTVSPropertyOp8
 70
     1
102
RTVSPropertyOp9
 70
     1
102
RTVSPropertyOp10
 70
     1
102
RTVSPropertyOp11
 70
     1
102
RTVSPropertyOp12
 70
     1
102
RTVSPropertyOp13
 70
     1
102
RTVSPropertyOp14
 70
     1
102
RTVSPropertyOp15
 70
     1
102
RTVSPropertyOp16
 70
     1
102
RTVSPropertyOp17
 70
     1
102
RTVSPropertyOp18
 70
     1
102
RTVSPropertyOp19
 70
     1
102
RTVSPropertyOp20
 70
     1
102
RTVSPropertyOp21
 70
     1
102
RTVSPropertyOp22
 70
     1
102
RTVSPropertyOp23
 70
     1
102
RTVSPropertyOp24
 70
     1
102
RTVSPropertyOp25
 70
     1
102
RTVSPropertyOp26
 70
     1
102
RTVSPropertyOp27
 70
     1
102
RTVSPropertyOp28
 70
     1
102
RTVSPropertyOp29
 70
     1
102
RTVSPropertyOp30
 70
     1
102
RTVSPropertyOp31
 70
     1
102
RTVSPropertyOp32
 70
     1
  0
XRECORD
  5
13DA
102
{ACAD_REACTORS
330
13D9
102
}
330
13D9
100
AcDbXrecord
280
     1
102
RTVSPropertyOp0
 70
     0
102
RTVSPropertyOp1
 70
     0
102
RTVSPropertyOp2
 70
     0
102
RTVSPropertyOp3
 70
     0
102
RTVSPropertyOp4
 70
     0
102
RTVSPropertyOp5
 70
     0
102
RTVSPropertyOp6
 70
     0
102
RTVSPropertyOp7
 70
     0
102
RTVSPropertyOp8
 70
     0
102
RTVSPropertyOp9
 70
     0
102
RTVSPropertyOp10
 70
     0
102
RTVSPropertyOp11
 70
     0
102
RTVSPropertyOp12
 70
     0
102
RTVSPropertyOp13
 70
     0
102
RTVSPropertyOp14
 70
     2
102
RTVSPropertyOp15
 70
     0
102
RTVSPropertyOp16
 70
     0
102
RTVSPropertyOp17
 70
     0
102
RTVSPropertyOp18
 70
     0
102
RTVSPropertyOp19
 70
     0
102
RTVSPropertyOp20
 70
     0
102
RTVSPropertyOp21
 70
     0
102
RTVSPropertyOp22
 70
     0
102
RTVSPropertyOp23
 70
     0
102
RTVSPropertyOp24
 70
     0
102
RTVSPropertyOp25
 70
     0
102
RTVSPropertyOp26
 70
     0
102
RTVSPropertyOp27
 70
     0
102
RTVSPropertyOp28
 70
     1
102
RTVSPropertyOp29
 70
     1
102
RTVSPropertyOp30
 70
     1
102
RTVSPropertyOp31
 70
     1
102
RTVSPropertyOp32
 70
     1
  0
XRECORD
  5
13C4
102
{ACAD_REACTORS
330
13C3
102
}
330
13C3
100
AcDbXrecord
280
     1
102
RTVSPropertyOp0
 70
     1
102
RTVSPropertyOp1
 70
     1
102
RTVSPropertyOp2
 70
     1
102
RTVSPropertyOp3
 70
     1
102
RTVSPropertyOp4
 70
     1
102
RTVSPropertyOp5
 70
     1
102
RTVSPropertyOp6
 70
     1
102
RTVSPropertyOp7
 70
     1
102
RTVSPropertyOp8
 70
     1
102
RTVSPropertyOp9
 70
     1
102
RTVSPropertyOp10
 70
     1
102
RTVSPropertyOp11
 70
     1
102
RTVSPropertyOp12
 70
     1
102
RTVSPropertyOp13
 70
     1
102
RTVSPropertyOp14
 70
     1
102
RTVSPropertyOp15
 70
     1
102
RTVSPropertyOp16
 70
     1
102
RTVSPropertyOp17
 70
     1
102
RTVSPropertyOp18
 70
     1
102
RTVSPropertyOp19
 70
     1
102
RTVSPropertyOp20
 70
     1
102
RTVSPropertyOp21
 70
     1
102
RTVSPropertyOp22
 70
     1
102
RTVSPropertyOp23
 70
     1
102
RTVSPropertyOp24
 70
     1
102
RTVSPropertyOp25
 70
     1
102
RTVSPropertyOp26
 70
     1
102
RTVSPropertyOp27
 70
     1
102
RTVSPropertyOp28
 70
     1
102
RTVSPropertyOp29
 70
     1
102
RTVSPropertyOp30
 70
     1
102
RTVSPropertyOp31
 70
     1
102
RTVSPropertyOp32
 70
     1
  0
XRECORD
  5
13A8
102
{ACAD_REACTORS
330
13A7
102
}
330
13A7
100
AcDbXrecord
280
     1
102
RTVSPropertyOp0
 70
     1
102
RTVSPropertyOp1
 70
     1
102
RTVSPropertyOp2
 70
     1
102
RTVSPropertyOp3
 70
     1
102
RTVSPropertyOp4
 70
     1
102
RTVSPropertyOp5
 70
     1
102
RTVSPropertyOp6
 70
     1
102
RTVSPropertyOp7
 70
     1
102
RTVSPropertyOp8
 70
     1
102
RTVSPropertyOp9
 70
     1
102
RTVSPropertyOp10
 70
     1
102
RTVSPropertyOp11
 70
     1
102
RTVSPropertyOp12
 70
     1
102
RTVSPropertyOp13
 70
     1
102
RTVSPropertyOp14
 70
     1
102
RTVSPropertyOp15
 70
     1
102
RTVSPropertyOp16
 70
     1
102
RTVSPropertyOp17
 70
     1
102
RTVSPropertyOp18
 70
     1
102
RTVSPropertyOp19
 70
     1
102
RTVSPropertyOp20
 70
     1
102
RTVSPropertyOp21
 70
     1
102
RTVSPropertyOp22
 70
     1
102
RTVSPropertyOp23
 70
     1
102
RTVSPropertyOp24
 70
     1
102
RTVSPropertyOp25
 70
     1
102
RTVSPropertyOp26
 70
     1
102
RTVSPropertyOp27
 70
     1
102
RTVSPropertyOp28
 70
     1
102
RTVSPropertyOp29
 70
     1
102
RTVSPropertyOp30
 70
     1
102
RTVSPropertyOp31
 70
     1
102
RTVSPropertyOp32
 70
     1
  0
XRECORD
  5
13AA
102
{ACAD_REACTORS
330
13A9
102
}
330
13A9
100
AcDbXrecord
280
     1
102
RTVSPropertyOp0
 70
     1
102
RTVSPropertyOp1
 70
     1
102
RTVSPropertyOp2
 70
     1
102
RTVSPropertyOp3
 70
     1
102
RTVSPropertyOp4
 70
     1
102
RTVSPropertyOp5
 70
     1
102
RTVSPropertyOp6
 70
     1
102
RTVSPropertyOp7
 70
     1
102
RTVSPropertyOp8
 70
     1
102
RTVSPropertyOp9
 70
     1
102
RTVSPropertyOp10
 70
     1
102
RTVSPropertyOp11
 70
     1
102
RTVSPropertyOp12
 70
     1
102
RTVSPropertyOp13
 70
     1
102
RTVSPropertyOp14
 70
     1
102
RTVSPropertyOp15
 70
     1
102
RTVSPropertyOp16
 70
     1
102
RTVSPropertyOp17
 70
     1
102
RTVSPropertyOp18
 70
     1
102
RTVSPropertyOp19
 70
     1
102
RTVSPropertyOp20
 70
     1
102
RTVSPropertyOp21
 70
     1
102
RTVSPropertyOp22
 70
     1
102
RTVSPropertyOp23
 70
     1
102
RTVSPropertyOp24
 70
     1
102
RTVSPropertyOp25
 70
     1
102
RTVSPropertyOp26
 70
     1
102
RTVSPropertyOp27
 70
     1
102
RTVSPropertyOp28
 70
     1
102
RTVSPropertyOp29
 70
     1
102
RTVSPropertyOp30
 70
     1
102
RTVSPropertyOp31
 70
     1
102
RTVSPropertyOp32
 70
     1
  0
XRECORD
  5
13AC
102
{ACAD_REACTORS
330
13AB
102
}
330
13AB
100
AcDbXrecord
280
     1
102
RTVSPropertyOp0
 70
     1
102
RTVSPropertyOp1
 70
     1
102
RTVSPropertyOp2
 70
     1
102
RTVSPropertyOp3
 70
     1
102
RTVSPropertyOp4
 70
     1
102
RTVSPropertyOp5
 70
     1
102
RTVSPropertyOp6
 70
     1
102
RTVSPropertyOp7
 70
     1
102
RTVSPropertyOp8
 70
     1
102
RTVSPropertyOp9
 70
     1
102
RTVSPropertyOp10
 70
     1
102
RTVSPropertyOp11
 70
     1
102
RTVSPropertyOp12
 70
     1
102
RTVSPropertyOp13
 70
     1
102
RTVSPropertyOp14
 70
     1
102
RTVSPropertyOp15
 70
     1
102
RTVSPropertyOp16
 70
     1
102
RTVSPropertyOp17
 70
     1
102
RTVSPropertyOp18
 70
     1
102
RTVSPropertyOp19
 70
     1
102
RTVSPropertyOp20
 70
     1
102
RTVSPropertyOp21
 70
     1
102
RTVSPropertyOp22
 70
     1
102
RTVSPropertyOp23
 70
     1
102
RTVSPropertyOp24
 70
     1
102
RTVSPropertyOp25
 70
     1
102
RTVSPropertyOp26
 70
     1
102
RTVSPropertyOp27
 70
     1
102
RTVSPropertyOp28
 70
     1
102
RTVSPropertyOp29
 70
     1
102
RTVSPropertyOp30
 70
     1
102
RTVSPropertyOp31
 70
     1
102
RTVSPropertyOp32
 70
     1
  0
XRECORD
  5
13AE
102
{ACAD_REACTORS
330
13AD
102
}
330
13AD
100
AcDbXrecord
280
     1
102
RTVSPropertyOp0
 70
     1
102
RTVSPropertyOp1
 70
     1
102
RTVSPropertyOp2
 70
     1
102
RTVSPropertyOp3
 70
     1
102
RTVSPropertyOp4
 70
     1
102
RTVSPropertyOp5
 70
     1
102
RTVSPropertyOp6
 70
     1
102
RTVSPropertyOp7
 70
     1
102
RTVSPropertyOp8
 70
     1
102
RTVSPropertyOp9
 70
     1
102
RTVSPropertyOp10
 70
     1
102
RTVSPropertyOp11
 70
     1
102
RTVSPropertyOp12
 70
     1
102
RTVSPropertyOp13
 70
     1
102
RTVSPropertyOp14
 70
     1
102
RTVSPropertyOp15
 70
     1
102
RTVSPropertyOp16
 70
     1
102
RTVSPropertyOp17
 70
     1
102
RTVSPropertyOp18
 70
     1
102
RTVSPropertyOp19
 70
     1
102
RTVSPropertyOp20
 70
     1
102
RTVSPropertyOp21
 70
     1
102
RTVSPropertyOp22
 70
     1
102
RTVSPropertyOp23
 70
     1
102
RTVSPropertyOp24
 70
     1
102
RTVSPropertyOp25
 70
     1
102
RTVSPropertyOp26
 70
     1
102
RTVSPropertyOp27
 70
     1
102
RTVSPropertyOp28
 70
     1
102
RTVSPropertyOp29
 70
     1
102
RTVSPropertyOp30
 70
     1
102
RTVSPropertyOp31
 70
     1
102
RTVSPropertyOp32
 70
     1
  0
XRECORD
  5
13CA
102
{ACAD_REACTORS
330
13C9
102
}
330
13C9
100
AcDbXrecord
280
     1
102
RTVSPropertyOp0
 70
     1
102
RTVSPropertyOp1
 70
     1
102
RTVSPropertyOp2
 70
     1
102
RTVSPropertyOp3
 70
     1
102
RTVSPropertyOp4
 70
     1
102
RTVSPropertyOp5
 70
     1
102
RTVSPropertyOp6
 70
     1
102
RTVSPropertyOp7
 70
     1
102
RTVSPropertyOp8
 70
     1
102
RTVSPropertyOp9
 70
     1
102
RTVSPropertyOp10
 70
     1
102
RTVSPropertyOp11
 70
     1
102
RTVSPropertyOp12
 70
     1
102
RTVSPropertyOp13
 70
     1
102
RTVSPropertyOp14
 70
     1
102
RTVSPropertyOp15
 70
     1
102
RTVSPropertyOp16
 70
     1
102
RTVSPropertyOp17
 70
     1
102
RTVSPropertyOp18
 70
     1
102
RTVSPropertyOp19
 70
     1
102
RTVSPropertyOp20
 70
     1
102
RTVSPropertyOp21
 70
     1
102
RTVSPropertyOp22
 70
     1
102
RTVSPropertyOp23
 70
     1
102
RTVSPropertyOp24
 70
     1
102
RTVSPropertyOp25
 70
     1
102
RTVSPropertyOp26
 70
     1
102
RTVSPropertyOp27
 70
     1
102
RTVSPropertyOp28
 70
     1
102
RTVSPropertyOp29
 70
     1
102
RTVSPropertyOp30
 70
     1
102
RTVSPropertyOp31
 70
     1
102
RTVSPropertyOp32
 70
     1
  0
XRECORD
  5
13D6
102
{ACAD_REACTORS
330
13D5
102
}
330
13D5
100
AcDbXrecord
280
     1
102
RTVSPropertyOp0
 70
     0
102
RTVSPropertyOp1
 70
     0
102
RTVSPropertyOp2
 70
     0
102
RTVSPropertyOp3
 70
     0
102
RTVSPropertyOp4
 70
     0
102
RTVSPropertyOp5
 70
     0
102
RTVSPropertyOp6
 70
     0
102
RTVSPropertyOp7
 70
     0
102
RTVSPropertyOp8
 70
     0
102
RTVSPropertyOp9
 70
     0
102
RTVSPropertyOp10
 70
     0
102
RTVSPropertyOp11
 70
     0
102
RTVSPropertyOp12
 70
     0
102
RTVSPropertyOp13
 70
     0
102
RTVSPropertyOp14
 70
     2
102
RTVSPropertyOp15
 70
     0
102
RTVSPropertyOp16
 70
     0
102
RTVSPropertyOp17
 70
     0
102
RTVSPropertyOp18
 70
     0
102
RTVSPropertyOp19
 70
     0
102
RTVSPropertyOp20
 70
     0
102
RTVSPropertyOp21
 70
     0
102
RTVSPropertyOp22
 70
     0
102
RTVSPropertyOp23
 70
     0
102
RTVSPropertyOp24
 70
     0
102
RTVSPropertyOp25
 70
     0
102
RTVSPropertyOp26
 70
     0
102
RTVSPropertyOp27
 70
     0
102
RTVSPropertyOp28
 70
     1
102
RTVSPropertyOp29
 70
     1
102
RTVSPropertyOp30
 70
     1
102
RTVSPropertyOp31
 70
     1
102
RTVSPropertyOp32
 70
     1
  0
XRECORD
  5
13C2
102
{ACAD_REACTORS
330
13C1
102
}
330
13C1
100
AcDbXrecord
280
     1
102
RTVSPropertyOp0
 70
     1
102
RTVSPropertyOp1
 70
     1
102
RTVSPropertyOp2
 70
     1
102
RTVSPropertyOp3
 70
     1
102
RTVSPropertyOp4
 70
     1
102
RTVSPropertyOp5
 70
     1
102
RTVSPropertyOp6
 70
     1
102
RTVSPropertyOp7
 70
     1
102
RTVSPropertyOp8
 70
     1
102
RTVSPropertyOp9
 70
     1
102
RTVSPropertyOp10
 70
     1
102
RTVSPropertyOp11
 70
     1
102
RTVSPropertyOp12
 70
     1
102
RTVSPropertyOp13
 70
     1
102
RTVSPropertyOp14
 70
     1
102
RTVSPropertyOp15
 70
     1
102
RTVSPropertyOp16
 70
     1
102
RTVSPropertyOp17
 70
     1
102
RTVSPropertyOp18
 70
     1
102
RTVSPropertyOp19
 70
     1
102
RTVSPropertyOp20
 70
     1
102
RTVSPropertyOp21
 70
     1
102
RTVSPropertyOp22
 70
     1
102
RTVSPropertyOp23
 70
     1
102
RTVSPropertyOp24
 70
     1
102
RTVSPropertyOp25
 70
     1
102
RTVSPropertyOp26
 70
     1
102
RTVSPropertyOp27
 70
     1
102
RTVSPropertyOp28
 70
     1
102
RTVSPropertyOp29
 70
     1
102
RTVSPropertyOp30
 70
     1
102
RTVSPropertyOp31
 70
     1
102
RTVSPropertyOp32
 70
     1
  0
XRECORD
  5
13D8
102
{ACAD_REACTORS
330
13D7
102
}
330
13D7
100
AcDbXrecord
280
     1
102
RTVSPropertyOp0
 70
     0
102
RTVSPropertyOp1
 70
     0
102
RTVSPropertyOp2
 70
     0
102
RTVSPropertyOp3
 70
     0
102
RTVSPropertyOp4
 70
     0
102
RTVSPropertyOp5
 70
     0
102
RTVSPropertyOp6
 70
     0
102
RTVSPropertyOp7
 70
     0
102
RTVSPropertyOp8
 70
     0
102
RTVSPropertyOp9
 70
     0
102
RTVSPropertyOp10
 70
     0
102
RTVSPropertyOp11
 70
     0
102
RTVSPropertyOp12
 70
     0
102
RTVSPropertyOp13
 70
     0
102
RTVSPropertyOp14
 70
     2
102
RTVSPropertyOp15
 70
     0
102
RTVSPropertyOp16
 70
     0
102
RTVSPropertyOp17
 70
     0
102
RTVSPropertyOp18
 70
     0
102
RTVSPropertyOp19
 70
     0
102
RTVSPropertyOp20
 70
     0
102
RTVSPropertyOp21
 70
     0
102
RTVSPropertyOp22
 70
     0
102
RTVSPropertyOp23
 70
     0
102
RTVSPropertyOp24
 70
     0
102
RTVSPropertyOp25
 70
     0
102
RTVSPropertyOp26
 70
     0
102
RTVSPropertyOp27
 70
     0
102
RTVSPropertyOp28
 70
     1
102
RTVSPropertyOp29
 70
     1
102
RTVSPropertyOp30
 70
     1
102
RTVSPropertyOp31
 70
     1
102
RTVSPropertyOp32
 70
     1
  0
XRECORD
  5
13B8
102
{ACAD_REACTORS
330
13B7
102
}
330
13B7
100
AcDbXrecord
280
     1
102
RTVSPropertyOp0
 70
     1
102
RTVSPropertyOp1
 70
     1
102
RTVSPropertyOp2
 70
     1
102
RTVSPropertyOp3
 70
     1
102
RTVSPropertyOp4
 70
     1
102
RTVSPropertyOp5
 70
     1
102
RTVSPropertyOp6
 70
     1
102
RTVSPropertyOp7
 70
     1
102
RTVSPropertyOp8
 70
     1
102
RTVSPropertyOp9
 70
     1
102
RTVSPropertyOp10
 70
     1
102
RTVSPropertyOp11
 70
     1
102
RTVSPropertyOp12
 70
     1
102
RTVSPropertyOp13
 70
     1
102
RTVSPropertyOp14
 70
     1
102
RTVSPropertyOp15
 70
     1
102
RTVSPropertyOp16
 70
     1
102
RTVSPropertyOp17
 70
     1
102
RTVSPropertyOp18
 70
     1
102
RTVSPropertyOp19
 70
     1
102
RTVSPropertyOp20
 70
     1
102
RTVSPropertyOp21
 70
     1
102
RTVSPropertyOp22
 70
     1
102
RTVSPropertyOp23
 70
     1
102
RTVSPropertyOp24
 70
     1
102
RTVSPropertyOp25
 70
     1
102
RTVSPropertyOp26
 70
     1
102
RTVSPropertyOp27
 70
     1
102
RTVSPropertyOp28
 70
     1
102
RTVSPropertyOp29
 70
     1
102
RTVSPropertyOp30
 70
     1
102
RTVSPropertyOp31
 70
     1
102
RTVSPropertyOp32
 70
     1
  0
XRECORD
  5
13D4
102
{ACAD_REACTORS
330
13D3
102
}
330
13D3
100
AcDbXrecord
280
     1
102
RTVSPropertyOp0
 70
     1
102
RTVSPropertyOp1
 70
     1
102
RTVSPropertyOp2
 70
     1
102
RTVSPropertyOp3
 70
     1
102
RTVSPropertyOp4
 70
     1
102
RTVSPropertyOp5
 70
     1
102
RTVSPropertyOp6
 70
     1
102
RTVSPropertyOp7
 70
     1
102
RTVSPropertyOp8
 70
     1
102
RTVSPropertyOp9
 70
     1
102
RTVSPropertyOp10
 70
     1
102
RTVSPropertyOp11
 70
     1
102
RTVSPropertyOp12
 70
     1
102
RTVSPropertyOp13
 70
     1
102
RTVSPropertyOp14
 70
     1
102
RTVSPropertyOp15
 70
     1
102
RTVSPropertyOp16
 70
     1
102
RTVSPropertyOp17
 70
     1
102
RTVSPropertyOp18
 70
     1
102
RTVSPropertyOp19
 70
     1
102
RTVSPropertyOp20
 70
     1
102
RTVSPropertyOp21
 70
     1
102
RTVSPropertyOp22
 70
     1
102
RTVSPropertyOp23
 70
     1
102
RTVSPropertyOp24
 70
     1
102
RTVSPropertyOp25
 70
     1
102
RTVSPropertyOp26
 70
     1
102
RTVSPropertyOp27
 70
     1
102
RTVSPropertyOp28
 70
     1
102
RTVSPropertyOp29
 70
     1
102
RTVSPropertyOp30
 70
     1
102
RTVSPropertyOp31
 70
     1
102
RTVSPropertyOp32
 70
     1
  0
XRECORD
  5
13D2
102
{ACAD_REACTORS
330
13D1
102
}
330
13D1
100
AcDbXrecord
280
     1
102
RTVSPropertyOp0
 70
     1
102
RTVSPropertyOp1
 70
     1
102
RTVSPropertyOp2
 70
     1
102
RTVSPropertyOp3
 70
     1
102
RTVSPropertyOp4
 70
     1
102
RTVSPropertyOp5
 70
     1
102
RTVSPropertyOp6
 70
     1
102
RTVSPropertyOp7
 70
     1
102
RTVSPropertyOp8
 70
     1
102
RTVSPropertyOp9
 70
     1
102
RTVSPropertyOp10
 70
     1
102
RTVSPropertyOp11
 70
     1
102
RTVSPropertyOp12
 70
     1
102
RTVSPropertyOp13
 70
     1
102
RTVSPropertyOp14
 70
     1
102
RTVSPropertyOp15
 70
     1
102
RTVSPropertyOp16
 70
     1
102
RTVSPropertyOp17
 70
     1
102
RTVSPropertyOp18
 70
     1
102
RTVSPropertyOp19
 70
     1
102
RTVSPropertyOp20
 70
     1
102
RTVSPropertyOp21
 70
     1
102
RTVSPropertyOp22
 70
     1
102
RTVSPropertyOp23
 70
     1
102
RTVSPropertyOp24
 70
     1
102
RTVSPropertyOp25
 70
     1
102
RTVSPropertyOp26
 70
     1
102
RTVSPropertyOp27
 70
     1
102
RTVSPropertyOp28
 70
     1
102
RTVSPropertyOp29
 70
     1
102
RTVSPropertyOp30
 70
     1
102
RTVSPropertyOp31
 70
     1
102
RTVSPropertyOp32
 70
     1
  0
XRECORD
  5
13CC
102
{ACAD_REACTORS
330
13CB
102
}
330
13CB
100
AcDbXrecord
280
     1
102
RTVSPropertyOp0
 70
     1
102
RTVSPropertyOp1
 70
     1
102
RTVSPropertyOp2
 70
     1
102
RTVSPropertyOp3
 70
     1
102
RTVSPropertyOp4
 70
     1
102
RTVSPropertyOp5
 70
     1
102
RTVSPropertyOp6
 70
     1
102
RTVSPropertyOp7
 70
     1
102
RTVSPropertyOp8
 70
     1
102
RTVSPropertyOp9
 70
     1
102
RTVSPropertyOp10
 70
     1
102
RTVSPropertyOp11
 70
     1
102
RTVSPropertyOp12
 70
     1
102
RTVSPropertyOp13
 70
     1
102
RTVSPropertyOp14
 70
     1
102
RTVSPropertyOp15
 70
     1
102
RTVSPropertyOp16
 70
     1
102
RTVSPropertyOp17
 70
     1
102
RTVSPropertyOp18
 70
     1
102
RTVSPropertyOp19
 70
     1
102
RTVSPropertyOp20
 70
     1
102
RTVSPropertyOp21
 70
     1
102
RTVSPropertyOp22
 70
     1
102
RTVSPropertyOp23
 70
     1
102
RTVSPropertyOp24
 70
     1
102
RTVSPropertyOp25
 70
     1
102
RTVSPropertyOp26
 70
     1
102
RTVSPropertyOp27
 70
     1
102
RTVSPropertyOp28
 70
     1
102
RTVSPropertyOp29
 70
     1
102
RTVSPropertyOp30
 70
     1
102
RTVSPropertyOp31
 70
     1
102
RTVSPropertyOp32
 70
     1
  0
XRECORD
  5
13CE
102
{ACAD_REACTORS
330
13CD
102
}
330
13CD
100
AcDbXrecord
280
     1
102
RTVSPropertyOp0
 70
     1
102
RTVSPropertyOp1
 70
     1
102
RTVSPropertyOp2
 70
     1
102
RTVSPropertyOp3
 70
     1
102
RTVSPropertyOp4
 70
     1
102
RTVSPropertyOp5
 70
     1
102
RTVSPropertyOp6
 70
     1
102
RTVSPropertyOp7
 70
     1
102
RTVSPropertyOp8
 70
     1
102
RTVSPropertyOp9
 70
     1
102
RTVSPropertyOp10
 70
     1
102
RTVSPropertyOp11
 70
     1
102
RTVSPropertyOp12
 70
     1
102
RTVSPropertyOp13
 70
     1
102
RTVSPropertyOp14
 70
     1
102
RTVSPropertyOp15
 70
     1
102
RTVSPropertyOp16
 70
     1
102
RTVSPropertyOp17
 70
     1
102
RTVSPropertyOp18
 70
     1
102
RTVSPropertyOp19
 70
     1
102
RTVSPropertyOp20
 70
     1
102
RTVSPropertyOp21
 70
     1
102
RTVSPropertyOp22
 70
     1
102
RTVSPropertyOp23
 70
     1
102
RTVSPropertyOp24
 70
     1
102
RTVSPropertyOp25
 70
     1
102
RTVSPropertyOp26
 70
     1
102
RTVSPropertyOp27
 70
     1
102
RTVSPropertyOp28
 70
     1
102
RTVSPropertyOp29
 70
     1
102
RTVSPropertyOp30
 70
     1
102
RTVSPropertyOp31
 70
     1
102
RTVSPropertyOp32
 70
     1
  0
XRECORD
  5
13C0
102
{ACAD_REACTORS
330
13BF
102
}
330
13BF
100
AcDbXrecord
280
     1
102
RTVSPropertyOp0
 70
     1
102
RTVSPropertyOp1
 70
     1
102
RTVSPropertyOp2
 70
     1
102
RTVSPropertyOp3
 70
     1
102
RTVSPropertyOp4
 70
     1
102
RTVSPropertyOp5
 70
     1
102
RTVSPropertyOp6
 70
     1
102
RTVSPropertyOp7
 70
     1
102
RTVSPropertyOp8
 70
     1
102
RTVSPropertyOp9
 70
     1
102
RTVSPropertyOp10
 70
     1
102
RTVSPropertyOp11
 70
     1
102
RTVSPropertyOp12
 70
     1
102
RTVSPropertyOp13
 70
     1
102
RTVSPropertyOp14
 70
     1
102
RTVSPropertyOp15
 70
     1
102
RTVSPropertyOp16
 70
     1
102
RTVSPropertyOp17
 70
     1
102
RTVSPropertyOp18
 70
     1
102
RTVSPropertyOp19
 70
     1
102
RTVSPropertyOp20
 70
     1
102
RTVSPropertyOp21
 70
     1
102
RTVSPropertyOp22
 70
     1
102
RTVSPropertyOp23
 70
     1
102
RTVSPropertyOp24
 70
     1
102
RTVSPropertyOp25
 70
     1
102
RTVSPropertyOp26
 70
     1
102
RTVSPropertyOp27
 70
     1
102
RTVSPropertyOp28
 70
     1
102
RTVSPropertyOp29
 70
     1
102
RTVSPropertyOp30
 70
     1
102
RTVSPropertyOp31
 70
     1
102
RTVSPropertyOp32
 70
     1
  0
XRECORD
  5
13C8
102
{ACAD_REACTORS
330
13C7
102
}
330
13C7
100
AcDbXrecord
280
     1
102
RTVSPropertyOp0
 70
     1
102
RTVSPropertyOp1
 70
     1
102
RTVSPropertyOp2
 70
     1
102
RTVSPropertyOp3
 70
     1
102
RTVSPropertyOp4
 70
     1
102
RTVSPropertyOp5
 70
     1
102
RTVSPropertyOp6
 70
     1
102
RTVSPropertyOp7
 70
     1
102
RTVSPropertyOp8
 70
     1
102
RTVSPropertyOp9
 70
     1
102
RTVSPropertyOp10
 70
     1
102
RTVSPropertyOp11
 70
     1
102
RTVSPropertyOp12
 70
     1
102
RTVSPropertyOp13
 70
     1
102
RTVSPropertyOp14
 70
     1
102
RTVSPropertyOp15
 70
     1
102
RTVSPropertyOp16
 70
     1
102
RTVSPropertyOp17
 70
     1
102
RTVSPropertyOp18
 70
     1
102
RTVSPropertyOp19
 70
     1
102
RTVSPropertyOp20
 70
     1
102
RTVSPropertyOp21
 70
     1
102
RTVSPropertyOp22
 70
     1
102
RTVSPropertyOp23
 70
     1
102
RTVSPropertyOp24
 70
     1
102
RTVSPropertyOp25
 70
     1
102
RTVSPropertyOp26
 70
     1
102
RTVSPropertyOp27
 70
     1
102
RTVSPropertyOp28
 70
     1
102
RTVSPropertyOp29
 70
     1
102
RTVSPropertyOp30
 70
     1
102
RTVSPropertyOp31
 70
     1
102
RTVSPropertyOp32
 70
     1
  0
XRECORD
  5
13D0
102
{ACAD_REACTORS
330
13CF
102
}
330
13CF
100
AcDbXrecord
280
     1
102
RTVSPropertyOp0
 70
     1
102
RTVSPropertyOp1
 70
     1
102
RTVSPropertyOp2
 70
     1
102
RTVSPropertyOp3
 70
     1
102
RTVSPropertyOp4
 70
     1
102
RTVSPropertyOp5
 70
     1
102
RTVSPropertyOp6
 70
     1
102
RTVSPropertyOp7
 70
     1
102
RTVSPropertyOp8
 70
     1
102
RTVSPropertyOp9
 70
     1
102
RTVSPropertyOp10
 70
     1
102
RTVSPropertyOp11
 70
     1
102
RTVSPropertyOp12
 70
     1
102
RTVSPropertyOp13
 70
     1
102
RTVSPropertyOp14
 70
     1
102
RTVSPropertyOp15
 70
     1
102
RTVSPropertyOp16
 70
     1
102
RTVSPropertyOp17
 70
     1
102
RTVSPropertyOp18
 70
     1
102
RTVSPropertyOp19
 70
     1
102
RTVSPropertyOp20
 70
     1
102
RTVSPropertyOp21
 70
     1
102
RTVSPropertyOp22
 70
     1
102
RTVSPropertyOp23
 70
     1
102
RTVSPropertyOp24
 70
     1
102
RTVSPropertyOp25
 70
     1
102
RTVSPropertyOp26
 70
     1
102
RTVSPropertyOp27
 70
     1
102
RTVSPropertyOp28
 70
     1
102
RTVSPropertyOp29
 70
     1
102
RTVSPropertyOp30
 70
     1
102
RTVSPropertyOp31
 70
     1
102
RTVSPropertyOp32
 70
     1
  0
ENDSEC
  0
EOF
